# Blender 4.5.9 LTS
# www.blender.org
mtllib cafe_lvl4.mtl
o Cafe
v -2.750000 4.130000 -1.380000
v -2.750000 4.880000 -1.380000
v -2.750000 4.130000 -2.280000
v -2.750000 4.880000 -2.280000
v -1.450000 4.130000 -1.380000
v -1.450000 4.880000 -1.380000
v -1.450000 4.130000 -2.280000
v -1.450000 4.880000 -2.280000
v -3.700000 0.005000 2.170000
v -3.700000 4.005000 2.170000
v -3.700000 0.005000 -3.430000
v -3.700000 4.005000 -3.430000
v 3.700000 0.005000 2.170000
v 3.700000 4.005000 2.170000
v 3.700000 0.005000 -3.430000
v 3.700000 4.005000 -3.430000
v -3.850000 0.000000 2.320000
v -3.850000 0.349999 2.320000
v -3.850000 0.000000 -3.580000
v -3.850000 0.349999 -3.580000
v 3.850000 0.000000 2.320000
v 3.850000 0.349999 2.320000
v 3.850000 0.000000 -3.580000
v 3.850000 0.349999 -3.580000
v -3.775000 3.995000 2.245000
v -3.775000 4.135000 2.245000
v -3.775000 3.995000 -3.505000
v -3.775000 4.135000 -3.505000
v 3.775000 3.995000 2.245000
v 3.775000 4.135000 2.245000
v 3.775000 3.995000 -3.505000
v 3.775000 4.135000 -3.505000
v -3.850000 4.075000 2.320001
v -3.850000 4.375000 2.320001
v -3.850000 4.075000 2.100000
v -3.850000 4.375000 2.100000
v 3.850000 4.075000 2.320001
v 3.850000 4.375000 2.320001
v 3.850000 4.075000 2.100000
v 3.850000 4.375000 2.100000
v -3.850000 4.075000 -3.360000
v -3.850000 4.375000 -3.360000
v -3.850000 4.075000 -3.580000
v -3.850000 4.375000 -3.580000
v 3.850000 4.075000 -3.360000
v 3.850000 4.375000 -3.360000
v 3.850000 4.075000 -3.580000
v 3.850000 4.375000 -3.580000
v -3.850000 4.075000 2.320000
v -3.850000 4.375000 2.320000
v -3.850000 4.075000 -3.580000
v -3.850000 4.375000 -3.580000
v -3.630000 4.075000 2.320000
v -3.630000 4.375000 2.320000
v -3.630000 4.075000 -3.580000
v -3.630000 4.375000 -3.580000
v 3.630000 4.075000 2.320000
v 3.630000 4.375000 2.320000
v 3.630000 4.075000 -3.580000
v 3.630000 4.375000 -3.580000
v 3.849999 4.075000 2.320000
v 3.849999 4.375000 2.320000
v 3.849999 4.075000 -3.580000
v 3.849999 4.375000 -3.580000
v -3.300000 4.375000 2.070000
v -3.300000 4.475000 2.070000
v -3.217710 4.375000 2.096738
v -3.217710 4.475000 2.096738
v -3.166852 4.375000 2.166738
v -3.166852 4.475000 2.166738
v -3.166852 4.375000 2.253263
v -3.166852 4.475000 2.253263
v -3.217710 4.375000 2.323262
v -3.217710 4.475000 2.323262
v -3.300000 4.375000 2.350000
v -3.300000 4.475000 2.350000
v -3.382290 4.375000 2.323262
v -3.382290 4.475000 2.323262
v -3.433148 4.375000 2.253263
v -3.433148 4.475000 2.253263
v -3.433148 4.375000 2.166738
v -3.433148 4.475000 2.166738
v -3.382290 4.375000 2.096738
v -3.382290 4.475000 2.096738
v -3.300000 4.375000 -3.610000
v -3.300000 4.475000 -3.610000
v -3.217710 4.375000 -3.583262
v -3.217710 4.475000 -3.583262
v -3.166852 4.375000 -3.513263
v -3.166852 4.475000 -3.513263
v -3.166852 4.375000 -3.426738
v -3.166852 4.475000 -3.426738
v -3.217710 4.375000 -3.356738
v -3.217710 4.475000 -3.356738
v -3.300000 4.375000 -3.330000
v -3.300000 4.475000 -3.330000
v -3.382290 4.375000 -3.356738
v -3.382290 4.475000 -3.356738
v -3.433148 4.375000 -3.426738
v -3.433148 4.475000 -3.426738
v -3.433148 4.375000 -3.513263
v -3.433148 4.475000 -3.513263
v -3.382290 4.375000 -3.583262
v -3.382290 4.475000 -3.583262
v -2.475000 4.375000 2.070000
v -2.475000 4.475000 2.070000
v -2.392710 4.375000 2.096738
v -2.392710 4.475000 2.096738
v -2.341852 4.375000 2.166738
v -2.341852 4.475000 2.166738
v -2.341852 4.375000 2.253263
v -2.341852 4.475000 2.253263
v -2.392710 4.375000 2.323262
v -2.392710 4.475000 2.323262
v -2.475000 4.375000 2.350000
v -2.475000 4.475000 2.350000
v -2.557290 4.375000 2.323262
v -2.557290 4.475000 2.323262
v -2.608148 4.375000 2.253263
v -2.608148 4.475000 2.253263
v -2.608148 4.375000 2.166738
v -2.608148 4.475000 2.166738
v -2.557290 4.375000 2.096738
v -2.557290 4.475000 2.096738
v -2.475000 4.375000 -3.610000
v -2.475000 4.475000 -3.610000
v -2.392710 4.375000 -3.583262
v -2.392710 4.475000 -3.583262
v -2.341852 4.375000 -3.513263
v -2.341852 4.475000 -3.513263
v -2.341852 4.375000 -3.426738
v -2.341852 4.475000 -3.426738
v -2.392710 4.375000 -3.356738
v -2.392710 4.475000 -3.356738
v -2.475000 4.375000 -3.330000
v -2.475000 4.475000 -3.330000
v -2.557290 4.375000 -3.356738
v -2.557290 4.475000 -3.356738
v -2.608148 4.375000 -3.426738
v -2.608148 4.475000 -3.426738
v -2.608148 4.375000 -3.513263
v -2.608148 4.475000 -3.513263
v -2.557290 4.375000 -3.583262
v -2.557290 4.475000 -3.583262
v -1.650000 4.375000 2.070000
v -1.650000 4.475000 2.070000
v -1.567710 4.375000 2.096738
v -1.567710 4.475000 2.096738
v -1.516852 4.375000 2.166738
v -1.516852 4.475000 2.166738
v -1.516852 4.375000 2.253263
v -1.516852 4.475000 2.253263
v -1.567710 4.375000 2.323262
v -1.567710 4.475000 2.323262
v -1.650000 4.375000 2.350000
v -1.650000 4.475000 2.350000
v -1.732290 4.375000 2.323262
v -1.732290 4.475000 2.323262
v -1.783148 4.375000 2.253263
v -1.783148 4.475000 2.253263
v -1.783148 4.375000 2.166738
v -1.783148 4.475000 2.166738
v -1.732290 4.375000 2.096738
v -1.732290 4.475000 2.096738
v -1.650000 4.375000 -3.610000
v -1.650000 4.475000 -3.610000
v -1.567710 4.375000 -3.583262
v -1.567710 4.475000 -3.583262
v -1.516852 4.375000 -3.513263
v -1.516852 4.475000 -3.513263
v -1.516852 4.375000 -3.426738
v -1.516852 4.475000 -3.426738
v -1.567710 4.375000 -3.356738
v -1.567710 4.475000 -3.356738
v -1.650000 4.375000 -3.330000
v -1.650000 4.475000 -3.330000
v -1.732290 4.375000 -3.356738
v -1.732290 4.475000 -3.356738
v -1.783148 4.375000 -3.426738
v -1.783148 4.475000 -3.426738
v -1.783148 4.375000 -3.513263
v -1.783148 4.475000 -3.513263
v -1.732290 4.375000 -3.583262
v -1.732290 4.475000 -3.583262
v -0.825000 4.375000 2.070000
v -0.825000 4.475000 2.070000
v -0.742710 4.375000 2.096738
v -0.742710 4.475000 2.096738
v -0.691852 4.375000 2.166738
v -0.691852 4.475000 2.166738
v -0.691852 4.375000 2.253263
v -0.691852 4.475000 2.253263
v -0.742710 4.375000 2.323262
v -0.742710 4.475000 2.323262
v -0.825000 4.375000 2.350000
v -0.825000 4.475000 2.350000
v -0.907290 4.375000 2.323262
v -0.907290 4.475000 2.323262
v -0.958148 4.375000 2.253263
v -0.958148 4.475000 2.253263
v -0.958148 4.375000 2.166738
v -0.958148 4.475000 2.166738
v -0.907290 4.375000 2.096738
v -0.907290 4.475000 2.096738
v -0.825000 4.375000 -3.610000
v -0.825000 4.475000 -3.610000
v -0.742710 4.375000 -3.583262
v -0.742710 4.475000 -3.583262
v -0.691852 4.375000 -3.513263
v -0.691852 4.475000 -3.513263
v -0.691852 4.375000 -3.426738
v -0.691852 4.475000 -3.426738
v -0.742710 4.375000 -3.356738
v -0.742710 4.475000 -3.356738
v -0.825000 4.375000 -3.330000
v -0.825000 4.475000 -3.330000
v -0.907290 4.375000 -3.356738
v -0.907290 4.475000 -3.356738
v -0.958148 4.375000 -3.426738
v -0.958148 4.475000 -3.426738
v -0.958148 4.375000 -3.513263
v -0.958148 4.475000 -3.513263
v -0.907290 4.375000 -3.583262
v -0.907290 4.475000 -3.583262
v -0.000000 4.375000 2.070000
v -0.000000 4.475000 2.070000
v 0.082290 4.375000 2.096738
v 0.082290 4.475000 2.096738
v 0.133148 4.375000 2.166738
v 0.133148 4.475000 2.166738
v 0.133148 4.375000 2.253263
v 0.133148 4.475000 2.253263
v 0.082290 4.375000 2.323262
v 0.082290 4.475000 2.323262
v -0.000000 4.375000 2.350000
v -0.000000 4.475000 2.350000
v -0.082290 4.375000 2.323262
v -0.082290 4.475000 2.323262
v -0.133148 4.375000 2.253263
v -0.133148 4.475000 2.253263
v -0.133148 4.375000 2.166738
v -0.133148 4.475000 2.166738
v -0.082290 4.375000 2.096738
v -0.082290 4.475000 2.096738
v -0.000000 4.375000 -3.610000
v -0.000000 4.475000 -3.610000
v 0.082290 4.375000 -3.583262
v 0.082290 4.475000 -3.583262
v 0.133148 4.375000 -3.513263
v 0.133148 4.475000 -3.513263
v 0.133148 4.375000 -3.426738
v 0.133148 4.475000 -3.426738
v 0.082290 4.375000 -3.356738
v 0.082290 4.475000 -3.356738
v -0.000000 4.375000 -3.330000
v -0.000000 4.475000 -3.330000
v -0.082290 4.375000 -3.356738
v -0.082290 4.475000 -3.356738
v -0.133148 4.375000 -3.426738
v -0.133148 4.475000 -3.426738
v -0.133148 4.375000 -3.513263
v -0.133148 4.475000 -3.513263
v -0.082290 4.375000 -3.583262
v -0.082290 4.475000 -3.583262
v 0.825000 4.375000 2.070000
v 0.825000 4.475000 2.070000
v 0.907290 4.375000 2.096738
v 0.907290 4.475000 2.096738
v 0.958148 4.375000 2.166738
v 0.958148 4.475000 2.166738
v 0.958148 4.375000 2.253263
v 0.958148 4.475000 2.253263
v 0.907290 4.375000 2.323262
v 0.907290 4.475000 2.323262
v 0.825000 4.375000 2.350000
v 0.825000 4.475000 2.350000
v 0.742710 4.375000 2.323262
v 0.742710 4.475000 2.323262
v 0.691852 4.375000 2.253263
v 0.691852 4.475000 2.253263
v 0.691852 4.375000 2.166738
v 0.691852 4.475000 2.166738
v 0.742710 4.375000 2.096738
v 0.742710 4.475000 2.096738
v 0.825000 4.375000 -3.610000
v 0.825000 4.475000 -3.610000
v 0.907290 4.375000 -3.583262
v 0.907290 4.475000 -3.583262
v 0.958148 4.375000 -3.513263
v 0.958148 4.475000 -3.513263
v 0.958148 4.375000 -3.426738
v 0.958148 4.475000 -3.426738
v 0.907290 4.375000 -3.356738
v 0.907290 4.475000 -3.356738
v 0.825000 4.375000 -3.330000
v 0.825000 4.475000 -3.330000
v 0.742710 4.375000 -3.356738
v 0.742710 4.475000 -3.356738
v 0.691852 4.375000 -3.426738
v 0.691852 4.475000 -3.426738
v 0.691852 4.375000 -3.513263
v 0.691852 4.475000 -3.513263
v 0.742710 4.375000 -3.583262
v 0.742710 4.475000 -3.583262
v 1.650000 4.375000 2.070000
v 1.650000 4.475000 2.070000
v 1.732290 4.375000 2.096738
v 1.732290 4.475000 2.096738
v 1.783148 4.375000 2.166738
v 1.783148 4.475000 2.166738
v 1.783148 4.375000 2.253263
v 1.783148 4.475000 2.253263
v 1.732290 4.375000 2.323262
v 1.732290 4.475000 2.323262
v 1.650000 4.375000 2.350000
v 1.650000 4.475000 2.350000
v 1.567710 4.375000 2.323262
v 1.567710 4.475000 2.323262
v 1.516852 4.375000 2.253263
v 1.516852 4.475000 2.253263
v 1.516852 4.375000 2.166738
v 1.516852 4.475000 2.166738
v 1.567710 4.375000 2.096738
v 1.567710 4.475000 2.096738
v 1.650000 4.375000 -3.610000
v 1.650000 4.475000 -3.610000
v 1.732290 4.375000 -3.583262
v 1.732290 4.475000 -3.583262
v 1.783148 4.375000 -3.513263
v 1.783148 4.475000 -3.513263
v 1.783148 4.375000 -3.426738
v 1.783148 4.475000 -3.426738
v 1.732290 4.375000 -3.356738
v 1.732290 4.475000 -3.356738
v 1.650000 4.375000 -3.330000
v 1.650000 4.475000 -3.330000
v 1.567710 4.375000 -3.356738
v 1.567710 4.475000 -3.356738
v 1.516852 4.375000 -3.426738
v 1.516852 4.475000 -3.426738
v 1.516852 4.375000 -3.513263
v 1.516852 4.475000 -3.513263
v 1.567710 4.375000 -3.583262
v 1.567710 4.475000 -3.583262
v 2.475000 4.375000 2.070000
v 2.475000 4.475000 2.070000
v 2.557290 4.375000 2.096738
v 2.557290 4.475000 2.096738
v 2.608148 4.375000 2.166738
v 2.608148 4.475000 2.166738
v 2.608148 4.375000 2.253263
v 2.608148 4.475000 2.253263
v 2.557290 4.375000 2.323262
v 2.557290 4.475000 2.323262
v 2.475000 4.375000 2.350000
v 2.475000 4.475000 2.350000
v 2.392710 4.375000 2.323262
v 2.392710 4.475000 2.323262
v 2.341852 4.375000 2.253263
v 2.341852 4.475000 2.253263
v 2.341852 4.375000 2.166738
v 2.341852 4.475000 2.166738
v 2.392710 4.375000 2.096738
v 2.392710 4.475000 2.096738
v 2.475000 4.375000 -3.610000
v 2.475000 4.475000 -3.610000
v 2.557290 4.375000 -3.583262
v 2.557290 4.475000 -3.583262
v 2.608148 4.375000 -3.513263
v 2.608148 4.475000 -3.513263
v 2.608148 4.375000 -3.426738
v 2.608148 4.475000 -3.426738
v 2.557290 4.375000 -3.356738
v 2.557290 4.475000 -3.356738
v 2.475000 4.375000 -3.330000
v 2.475000 4.475000 -3.330000
v 2.392710 4.375000 -3.356738
v 2.392710 4.475000 -3.356738
v 2.341852 4.375000 -3.426738
v 2.341852 4.475000 -3.426738
v 2.341852 4.375000 -3.513263
v 2.341852 4.475000 -3.513263
v 2.392710 4.375000 -3.583262
v 2.392710 4.475000 -3.583262
v 3.299999 4.375000 2.070000
v 3.299999 4.475000 2.070000
v 3.382289 4.375000 2.096738
v 3.382289 4.475000 2.096738
v 3.433147 4.375000 2.166738
v 3.433147 4.475000 2.166738
v 3.433147 4.375000 2.253263
v 3.433147 4.475000 2.253263
v 3.382289 4.375000 2.323262
v 3.382289 4.475000 2.323262
v 3.299999 4.375000 2.350000
v 3.299999 4.475000 2.350000
v 3.217709 4.375000 2.323262
v 3.217709 4.475000 2.323262
v 3.166851 4.375000 2.253263
v 3.166851 4.475000 2.253263
v 3.166851 4.375000 2.166738
v 3.166851 4.475000 2.166738
v 3.217709 4.375000 2.096738
v 3.217709 4.475000 2.096738
v 3.299999 4.375000 -3.610000
v 3.299999 4.475000 -3.610000
v 3.382289 4.375000 -3.583262
v 3.382289 4.475000 -3.583262
v 3.433147 4.375000 -3.513263
v 3.433147 4.475000 -3.513263
v 3.433147 4.375000 -3.426738
v 3.433147 4.475000 -3.426738
v 3.382289 4.375000 -3.356738
v 3.382289 4.475000 -3.356738
v 3.299999 4.375000 -3.330000
v 3.299999 4.475000 -3.330000
v 3.217709 4.375000 -3.356738
v 3.217709 4.475000 -3.356738
v 3.166851 4.375000 -3.426738
v 3.166851 4.475000 -3.426738
v 3.166851 4.375000 -3.513263
v 3.166851 4.475000 -3.513263
v 3.217709 4.375000 -3.583262
v 3.217709 4.475000 -3.583262
v -3.080000 0.750000 2.270000
v -3.080000 2.760000 2.270000
v -3.080000 0.750000 2.170000
v -3.080000 2.760000 2.170000
v -0.020000 0.750000 2.270000
v -0.020000 2.760000 2.270000
v -0.020000 0.750000 2.170000
v -0.020000 2.760000 2.170000
v -3.000000 0.830000 2.270000
v -3.000000 2.680000 2.270000
v -3.000000 0.830000 2.210000
v -3.000000 2.680000 2.210000
v -0.100000 0.830000 2.270000
v -0.100000 2.680000 2.270000
v -0.100000 0.830000 2.210000
v -0.100000 2.680000 2.210000
v -2.068333 0.830000 2.305000
v -2.068333 2.680000 2.305000
v -2.068333 0.830000 2.215000
v -2.068333 2.680000 2.215000
v -1.998333 0.830000 2.305000
v -1.998333 2.680000 2.305000
v -1.998333 0.830000 2.215000
v -1.998333 2.680000 2.215000
v -1.101667 0.830000 2.305000
v -1.101667 2.680000 2.305000
v -1.101667 0.830000 2.215000
v -1.101667 2.680000 2.215000
v -1.031667 0.830000 2.305000
v -1.031667 2.680000 2.305000
v -1.031667 0.830000 2.215000
v -1.031667 2.680000 2.215000
v -3.150000 0.690000 2.390000
v -3.150000 0.790000 2.390000
v -3.150000 0.690000 2.150000
v -3.150000 0.790000 2.150000
v 0.050000 0.690000 2.390000
v 0.050000 0.790000 2.390000
v 0.050000 0.690000 2.150000
v 0.050000 0.790000 2.150000
v 1.025000 0.059999 2.260000
v 1.025000 2.310000 2.260000
v 1.025000 0.059999 2.200000
v 1.025000 2.310000 2.200000
v 2.075000 0.059999 2.260000
v 2.075000 2.310000 2.260000
v 2.075000 0.059999 2.200000
v 2.075000 2.310000 2.200000
v 0.930000 0.054999 2.300000
v 0.930000 2.455000 2.300000
v 0.930000 0.054999 2.200001
v 0.930000 2.455000 2.200001
v 1.029999 0.054999 2.300000
v 1.029999 2.455000 2.300000
v 1.029999 0.054999 2.200001
v 1.029999 2.455000 2.200001
v 2.070000 0.054999 2.300000
v 2.070000 2.455000 2.300000
v 2.070000 0.054999 2.200001
v 2.070000 2.455000 2.200001
v 2.169999 0.054999 2.300000
v 2.169999 2.455000 2.300000
v 2.169999 0.054999 2.200001
v 2.169999 2.455000 2.200001
v 0.925000 2.375000 2.300000
v 0.925000 2.475000 2.300000
v 0.925000 2.375000 2.200001
v 0.925000 2.475000 2.200001
v 2.174999 2.375000 2.300000
v 2.174999 2.475000 2.300000
v 2.174999 2.375000 2.200001
v 2.174999 2.475000 2.200001
v 1.175000 0.905000 2.330000
v 1.175000 1.405000 2.330000
v 1.175000 0.905000 2.270000
v 1.175000 1.405000 2.270000
v 1.225000 0.905000 2.330000
v 1.225000 1.405000 2.330000
v 1.225000 0.905000 2.270000
v 1.225000 1.405000 2.270000
v 0.800000 0.005000 2.920000
v 0.800000 0.125000 2.920000
v 0.800000 0.005000 2.220000
v 0.800000 0.125000 2.220000
v 2.300000 0.005000 2.920000
v 2.300000 0.125000 2.920000
v 2.300000 0.005000 2.220000
v 2.300000 0.125000 2.220000
v -3.470001 2.687973 3.560924
v -3.470001 2.751921 3.589395
v -3.470001 3.298078 2.190606
v -3.470001 3.362026 2.219077
v -2.470000 2.687973 3.560924
v -2.470000 2.751921 3.589395
v -2.470000 3.298078 2.190606
v -2.470000 3.362026 2.219077
v -2.480000 2.687973 3.560924
v -2.480000 2.751921 3.589395
v -2.480000 3.298078 2.190606
v -2.480000 3.362026 2.219077
v -1.480000 2.687973 3.560924
v -1.480000 2.751921 3.589395
v -1.480000 3.298078 2.190606
v -1.480000 3.362026 2.219077
v -1.490000 2.687973 3.560924
v -1.490000 2.751921 3.589395
v -1.490000 3.298078 2.190606
v -1.490000 3.362026 2.219077
v -0.490000 2.687973 3.560924
v -0.490000 2.751921 3.589395
v -0.490000 3.298078 2.190606
v -0.490000 3.362026 2.219077
v -0.500000 2.687973 3.560924
v -0.500000 2.751921 3.589395
v -0.500000 3.298078 2.190606
v -0.500000 3.362026 2.219077
v 0.500000 2.687973 3.560924
v 0.500000 2.751921 3.589395
v 0.500000 3.298078 2.190606
v 0.500000 3.362026 2.219077
v 0.490000 2.687973 3.560924
v 0.490000 2.751921 3.589395
v 0.490000 3.298078 2.190606
v 0.490000 3.362026 2.219077
v 1.490000 2.687973 3.560924
v 1.490000 2.751921 3.589395
v 1.490000 3.298078 2.190606
v 1.490000 3.362026 2.219077
v 1.480000 2.687973 3.560924
v 1.480000 2.751921 3.589395
v 1.480000 3.298078 2.190606
v 1.480000 3.362026 2.219077
v 2.480000 2.687973 3.560924
v 2.480000 2.751921 3.589395
v 2.480000 3.298078 2.190606
v 2.480000 3.362026 2.219077
v 2.470000 2.687973 3.560924
v 2.470000 2.751921 3.589395
v 2.470000 3.298078 2.190606
v 2.470000 3.362026 2.219077
v 3.470000 2.687973 3.560924
v 3.470000 2.751921 3.589395
v 3.470000 3.298078 2.190606
v 3.470000 3.362026 2.219077
v -3.550000 2.685000 3.610000
v -3.550000 2.785000 3.610000
v -3.550000 2.685000 3.530000
v -3.550000 2.785000 3.530000
v 3.549999 2.685000 3.610000
v 3.549999 2.785000 3.610000
v 3.549999 2.685000 3.530000
v 3.549999 2.785000 3.530000
v -3.450000 3.225000 2.300000
v -3.450000 4.225000 2.300000
v -3.450000 3.225000 2.160000
v -3.450000 4.225000 2.160000
v 3.450000 3.225000 2.300000
v 3.450000 4.225000 2.300000
v 3.450000 3.225000 2.160000
v 3.450000 4.225000 2.160000
v -3.450000 4.215000 2.320001
v -3.450000 4.275000 2.320001
v -3.450000 4.215000 2.160000
v -3.450000 4.275000 2.160000
v 3.450000 4.215000 2.320001
v 3.450000 4.275000 2.320001
v 3.450000 4.215000 2.160000
v 3.450000 4.275000 2.160000
v -3.450000 3.175000 2.320001
v -3.450000 3.235000 2.320001
v -3.450000 3.175000 2.160000
v -3.450000 3.235000 2.160000
v 3.450000 3.175000 2.320001
v 3.450000 3.235000 2.320001
v 3.450000 3.175000 2.160000
v 3.450000 3.235000 2.160000
v -0.126740 3.848320 2.365000
v -0.126740 3.687640 2.365000
v 0.090879 3.687640 2.365000
v 0.090879 3.619000 2.365000
v -0.126740 3.619000 2.365000
v -0.126740 3.453640 2.365000
v 0.105700 3.453640 2.365000
v 0.105700 3.385000 2.365000
v -0.203180 3.385000 2.365000
v -0.203180 3.916960 2.365000
v 0.098680 3.916960 2.365000
v 0.098680 3.848320 2.365000
v -0.491780 3.848320 2.365000
v -0.491780 3.700900 2.365000
v -0.284300 3.700900 2.365000
v -0.284300 3.632260 2.365000
v -0.491780 3.632260 2.365000
v -0.491780 3.385000 2.365000
v -0.568220 3.385000 2.365000
v -0.568220 3.916960 2.365000
v -0.284300 3.916960 2.365000
v -0.284300 3.848320 2.365000
v -0.705500 3.385000 2.365000
v -0.776480 3.541780 2.365000
v -1.002680 3.541780 2.365000
v -1.069760 3.385000 2.365000
v -1.147760 3.385000 2.365000
v -0.919220 3.920080 2.365000
v -0.865400 3.920080 2.365000
v -0.627500 3.385000 2.365000
v -0.807680 3.610420 2.365000
v -0.893480 3.803080 2.365000
v -0.973040 3.610420 2.365000
v -1.204514 3.807519 2.365000
v -1.220369 3.815773 2.365000
v -1.235937 3.823177 2.365000
v -1.251269 3.829745 2.365000
v -1.266417 3.835489 2.365000
v -1.281433 3.840423 2.365000
v -1.296367 3.844561 2.365000
v -1.311271 3.847916 2.365000
v -1.326197 3.850502 2.365000
v -1.341197 3.852332 2.365000
v -1.356321 3.853420 2.365000
v -1.371620 3.853780 2.365000
v -1.401356 3.852009 2.365000
v -1.429586 3.846825 2.365000
v -1.456104 3.838424 2.365000
v -1.480705 3.827000 2.365000
v -1.503182 3.812749 2.365000
v -1.523330 3.795865 2.365000
v -1.540944 3.776544 2.365000
v -1.555816 3.754980 2.365000
v -1.567742 3.731369 2.365000
v -1.576515 3.705905 2.365000
v -1.581930 3.678784 2.365000
v -1.583780 3.650200 2.365000
v -1.581987 3.621156 2.365000
v -1.576717 3.593798 2.365000
v -1.568132 3.568288 2.365000
v -1.556394 3.544785 2.365000
v -1.541666 3.523448 2.365000
v -1.524110 3.504438 2.365000
v -1.503890 3.487914 2.365000
v -1.481167 3.474036 2.365000
v -1.456104 3.462964 2.365000
v -1.428864 3.454857 2.365000
v -1.399608 3.449876 2.365000
v -1.368500 3.448180 2.365000
v -1.353378 3.448617 2.365000
v -1.338066 3.449921 2.365000
v -1.322602 3.452080 2.365000
v -1.307025 3.455085 2.365000
v -1.291372 3.458923 2.365000
v -1.275680 3.463585 2.365000
v -1.259989 3.469059 2.365000
v -1.244336 3.475336 2.365000
v -1.228758 3.482403 2.365000
v -1.213295 3.490250 2.365000
v -1.197983 3.498866 2.365000
v -1.182860 3.508240 2.365000
v -1.182860 3.424780 2.365000
v -1.196036 3.418124 2.365000
v -1.209481 3.411834 2.365000
v -1.223274 3.405951 2.365000
v -1.237489 3.400513 2.365000
v -1.252203 3.395564 2.365000
v -1.267490 3.391143 2.365000
v -1.283428 3.387290 2.365000
v -1.300092 3.384047 2.365000
v -1.317557 3.381454 2.365000
v -1.335899 3.379551 2.365000
v -1.355195 3.378380 2.365000
v -1.375520 3.377980 2.365000
v -1.423115 3.381068 2.365000
v -1.466116 3.389879 2.365000
v -1.504610 3.403732 2.365000
v -1.538685 3.421949 2.365000
v -1.568426 3.443849 2.365000
v -1.593920 3.468753 2.365000
v -1.615255 3.495980 2.365000
v -1.632516 3.524851 2.365000
v -1.645790 3.554687 2.365000
v -1.655165 3.584806 2.365000
v -1.660726 3.614531 2.365000
v -1.662560 3.643180 2.365000
v -1.660053 3.682787 2.365000
v -1.652706 3.720314 2.365000
v -1.640781 3.755500 2.365000
v -1.624543 3.788087 2.365000
v -1.604252 3.817813 2.365000
v -1.580173 3.844420 2.365000
v -1.552567 3.867647 2.365000
v -1.521698 3.887233 2.365000
v -1.487828 3.902920 2.365000
v -1.451220 3.914447 2.365000
v -1.412137 3.921553 2.365000
v -1.370840 3.923980 2.365000
v -1.357165 3.923702 2.365000
v -1.343400 3.922857 2.365000
v -1.329488 3.921433 2.365000
v -1.315374 3.919416 2.365000
v -1.300999 3.916792 2.365000
v -1.286308 3.913548 2.365000
v -1.271243 3.909670 2.365000
v -1.255747 3.905145 2.365000
v -1.239764 3.899959 2.365000
v -1.223236 3.894098 2.365000
v -1.206107 3.887550 2.365000
v -1.188320 3.880300 2.365000
v -1.188320 3.798400 2.365000
v -0.126740 3.848320 2.275000
v -0.126740 3.687640 2.275000
v 0.090879 3.687640 2.275000
v 0.090879 3.619000 2.275000
v -0.126740 3.619000 2.275000
v -0.126740 3.453640 2.275000
v 0.105700 3.453640 2.275000
v 0.105700 3.385000 2.275000
v -0.203180 3.385000 2.275000
v -0.203180 3.916960 2.275000
v 0.098680 3.916960 2.275000
v 0.098680 3.848320 2.275000
v -0.491780 3.848320 2.275000
v -0.491780 3.700900 2.275000
v -0.284300 3.700900 2.275000
v -0.284300 3.632260 2.275000
v -0.491780 3.632260 2.275000
v -0.491780 3.385000 2.275000
v -0.568220 3.385000 2.275000
v -0.568220 3.916960 2.275000
v -0.284300 3.916960 2.275000
v -0.284300 3.848320 2.275000
v -0.705500 3.385000 2.275000
v -0.776480 3.541780 2.275000
v -1.002680 3.541780 2.275000
v -1.069760 3.385000 2.275000
v -1.147760 3.385000 2.275000
v -0.919220 3.920080 2.275000
v -0.865400 3.920080 2.275000
v -0.627500 3.385000 2.275000
v -0.807680 3.610420 2.275000
v -0.893480 3.803080 2.275000
v -0.973040 3.610420 2.275000
v -1.204514 3.807519 2.275000
v -1.220369 3.815773 2.275000
v -1.235937 3.823177 2.275000
v -1.251269 3.829745 2.275000
v -1.266417 3.835489 2.275000
v -1.281433 3.840423 2.275000
v -1.296367 3.844561 2.275000
v -1.311271 3.847916 2.275000
v -1.326197 3.850502 2.275000
v -1.341197 3.852332 2.275000
v -1.356321 3.853420 2.275000
v -1.371620 3.853780 2.275000
v -1.401356 3.852009 2.275000
v -1.429586 3.846825 2.275000
v -1.456104 3.838424 2.275000
v -1.480705 3.827000 2.275000
v -1.503182 3.812749 2.275000
v -1.523330 3.795865 2.275000
v -1.540944 3.776544 2.275000
v -1.555816 3.754980 2.275000
v -1.567742 3.731369 2.275000
v -1.576515 3.705905 2.275000
v -1.581930 3.678784 2.275000
v -1.583780 3.650200 2.275000
v -1.581987 3.621156 2.275000
v -1.576717 3.593798 2.275000
v -1.568132 3.568288 2.275000
v -1.556394 3.544785 2.275000
v -1.541666 3.523448 2.275000
v -1.524110 3.504438 2.275000
v -1.503890 3.487914 2.275000
v -1.481167 3.474036 2.275000
v -1.456104 3.462964 2.275000
v -1.428864 3.454857 2.275000
v -1.399608 3.449876 2.275000
v -1.368500 3.448180 2.275000
v -1.353378 3.448617 2.275000
v -1.338066 3.449921 2.275000
v -1.322602 3.452080 2.275000
v -1.307025 3.455085 2.275000
v -1.291372 3.458923 2.275000
v -1.275680 3.463585 2.275000
v -1.259989 3.469059 2.275000
v -1.244336 3.475336 2.275000
v -1.228758 3.482403 2.275000
v -1.213295 3.490250 2.275000
v -1.197983 3.498866 2.275000
v -1.182860 3.508240 2.275000
v -1.182860 3.424780 2.275000
v -1.196036 3.418124 2.275000
v -1.209481 3.411834 2.275000
v -1.223274 3.405951 2.275000
v -1.237489 3.400513 2.275000
v -1.252203 3.395564 2.275000
v -1.267490 3.391143 2.275000
v -1.283428 3.387290 2.275000
v -1.300092 3.384047 2.275000
v -1.317557 3.381454 2.275000
v -1.335899 3.379551 2.275000
v -1.355195 3.378380 2.275000
v -1.375520 3.377980 2.275000
v -1.423115 3.381068 2.275000
v -1.466116 3.389879 2.275000
v -1.504610 3.403732 2.275000
v -1.538685 3.421949 2.275000
v -1.568426 3.443849 2.275000
v -1.593920 3.468753 2.275000
v -1.615255 3.495980 2.275000
v -1.632516 3.524851 2.275000
v -1.645790 3.554687 2.275000
v -1.655165 3.584806 2.275000
v -1.660726 3.614531 2.275000
v -1.662560 3.643180 2.275000
v -1.660053 3.682787 2.275000
v -1.652706 3.720314 2.275000
v -1.640781 3.755500 2.275000
v -1.624543 3.788087 2.275000
v -1.604252 3.817813 2.275000
v -1.580173 3.844420 2.275000
v -1.552567 3.867647 2.275000
v -1.521698 3.887233 2.275000
v -1.487828 3.902920 2.275000
v -1.451220 3.914447 2.275000
v -1.412137 3.921553 2.275000
v -1.370840 3.923980 2.275000
v -1.357165 3.923702 2.275000
v -1.343400 3.922857 2.275000
v -1.329488 3.921433 2.275000
v -1.315374 3.919416 2.275000
v -1.300999 3.916792 2.275000
v -1.286308 3.913548 2.275000
v -1.271243 3.909670 2.275000
v -1.255747 3.905145 2.275000
v -1.239764 3.899959 2.275000
v -1.223236 3.894098 2.275000
v -1.206107 3.887550 2.275000
v -1.188320 3.880300 2.275000
v -1.188320 3.798400 2.275000
v -1.204514 3.807519 2.275000
v -1.204514 3.807519 2.365000
v -1.220369 3.815773 2.275000
v -1.220369 3.815773 2.365000
v -1.235937 3.823177 2.275000
v -1.235937 3.823177 2.365000
v -1.251269 3.829745 2.275000
v -1.251269 3.829745 2.365000
v -1.266417 3.835489 2.275000
v -1.266417 3.835489 2.365000
v -1.281433 3.840423 2.275000
v -1.281433 3.840423 2.365000
v -1.296367 3.844561 2.275000
v -1.296367 3.844561 2.365000
v -1.311271 3.847916 2.275000
v -1.311271 3.847916 2.365000
v -1.326197 3.850502 2.275000
v -1.326197 3.850502 2.365000
v -1.341197 3.852332 2.275000
v -1.341197 3.852332 2.365000
v -1.356321 3.853420 2.275000
v -1.356321 3.853420 2.365000
v -1.371620 3.853780 2.275000
v -1.371620 3.853780 2.365000
v -1.401356 3.852009 2.275000
v -1.401356 3.852009 2.365000
v -1.429586 3.846825 2.275000
v -1.429586 3.846825 2.365000
v -1.456104 3.838424 2.275000
v -1.456104 3.838424 2.365000
v -1.480705 3.827000 2.275000
v -1.480705 3.827000 2.365000
v -1.503182 3.812749 2.275000
v -1.503182 3.812749 2.365000
v -1.523330 3.795865 2.275000
v -1.523330 3.795865 2.365000
v -1.540944 3.776544 2.275000
v -1.540944 3.776544 2.365000
v -1.555816 3.754980 2.275000
v -1.555816 3.754980 2.365000
v -1.567742 3.731369 2.275000
v -1.567742 3.731369 2.365000
v -1.576515 3.705905 2.275000
v -1.576515 3.705905 2.365000
v -1.581930 3.678784 2.275000
v -1.581930 3.678784 2.365000
v -1.583780 3.650200 2.275000
v -1.583780 3.650200 2.365000
v -1.581987 3.621156 2.275000
v -1.581987 3.621156 2.365000
v -1.576717 3.593798 2.275000
v -1.576717 3.593798 2.365000
v -1.568132 3.568288 2.275000
v -1.568132 3.568288 2.365000
v -1.556394 3.544785 2.275000
v -1.556394 3.544785 2.365000
v -1.541666 3.523448 2.275000
v -1.541666 3.523448 2.365000
v -1.524110 3.504438 2.275000
v -1.524110 3.504438 2.365000
v -1.503890 3.487914 2.275000
v -1.503890 3.487914 2.365000
v -1.481167 3.474036 2.275000
v -1.481167 3.474036 2.365000
v -1.456104 3.462964 2.275000
v -1.456104 3.462964 2.365000
v -1.428864 3.454857 2.275000
v -1.428864 3.454857 2.365000
v -1.399608 3.449876 2.275000
v -1.399608 3.449876 2.365000
v -1.368500 3.448180 2.275000
v -1.368500 3.448180 2.365000
v -1.353378 3.448617 2.275000
v -1.353378 3.448617 2.365000
v -1.338066 3.449921 2.275000
v -1.338066 3.449921 2.365000
v -1.322602 3.452080 2.275000
v -1.322602 3.452080 2.365000
v -1.307025 3.455085 2.275000
v -1.307025 3.455085 2.365000
v -1.291372 3.458923 2.275000
v -1.291372 3.458923 2.365000
v -1.275680 3.463585 2.275000
v -1.275680 3.463585 2.365000
v -1.259989 3.469059 2.275000
v -1.259989 3.469059 2.365000
v -1.244336 3.475336 2.275000
v -1.244336 3.475336 2.365000
v -1.228758 3.482403 2.275000
v -1.228758 3.482403 2.365000
v -1.213295 3.490250 2.275000
v -1.213295 3.490250 2.365000
v -1.197983 3.498866 2.275000
v -1.197983 3.498866 2.365000
v -1.182860 3.508240 2.275000
v -1.182860 3.508240 2.365000
v -1.182860 3.424780 2.275000
v -1.182860 3.424780 2.365000
v -1.196036 3.418124 2.275000
v -1.196036 3.418124 2.365000
v -1.209481 3.411834 2.275000
v -1.209481 3.411834 2.365000
v -1.223274 3.405951 2.275000
v -1.223274 3.405951 2.365000
v -1.237489 3.400513 2.275000
v -1.237489 3.400513 2.365000
v -1.252203 3.395564 2.275000
v -1.252203 3.395564 2.365000
v -1.267490 3.391143 2.275000
v -1.267490 3.391143 2.365000
v -1.283428 3.387290 2.275000
v -1.283428 3.387290 2.365000
v -1.300092 3.384047 2.275000
v -1.300092 3.384047 2.365000
v -1.317557 3.381454 2.275000
v -1.317557 3.381454 2.365000
v -1.335899 3.379551 2.275000
v -1.335899 3.379551 2.365000
v -1.355195 3.378380 2.275000
v -1.355195 3.378380 2.365000
v -1.375520 3.377980 2.275000
v -1.375520 3.377980 2.365000
v -1.423115 3.381068 2.275000
v -1.423115 3.381068 2.365000
v -1.466116 3.389879 2.275000
v -1.466116 3.389879 2.365000
v -1.504610 3.403732 2.275000
v -1.504610 3.403732 2.365000
v -1.538685 3.421949 2.275000
v -1.538685 3.421949 2.365000
v -1.568426 3.443849 2.275000
v -1.568426 3.443849 2.365000
v -1.593920 3.468753 2.275000
v -1.593920 3.468753 2.365000
v -1.615255 3.495980 2.275000
v -1.615255 3.495980 2.365000
v -1.632516 3.524851 2.275000
v -1.632516 3.524851 2.365000
v -1.645790 3.554687 2.275000
v -1.645790 3.554687 2.365000
v -1.655165 3.584806 2.275000
v -1.655165 3.584806 2.365000
v -1.660726 3.614531 2.275000
v -1.660726 3.614531 2.365000
v -1.662560 3.643180 2.275000
v -1.662560 3.643180 2.365000
v -1.660053 3.682787 2.275000
v -1.660053 3.682787 2.365000
v -1.652706 3.720314 2.275000
v -1.652706 3.720314 2.365000
v -1.640781 3.755500 2.275000
v -1.640781 3.755500 2.365000
v -1.624543 3.788087 2.275000
v -1.624543 3.788087 2.365000
v -1.604252 3.817813 2.275000
v -1.604252 3.817813 2.365000
v -1.580173 3.844420 2.275000
v -1.580173 3.844420 2.365000
v -1.552567 3.867647 2.275000
v -1.552567 3.867647 2.365000
v -1.521698 3.887233 2.275000
v -1.521698 3.887233 2.365000
v -1.487828 3.902920 2.275000
v -1.487828 3.902920 2.365000
v -1.451220 3.914447 2.275000
v -1.451220 3.914447 2.365000
v -1.412137 3.921553 2.275000
v -1.412137 3.921553 2.365000
v -1.370840 3.923980 2.275000
v -1.370840 3.923980 2.365000
v -1.357165 3.923702 2.275000
v -1.357165 3.923702 2.365000
v -1.343400 3.922857 2.275000
v -1.343400 3.922857 2.365000
v -1.329488 3.921433 2.275000
v -1.329488 3.921433 2.365000
v -1.315374 3.919416 2.275000
v -1.315374 3.919416 2.365000
v -1.300999 3.916792 2.275000
v -1.300999 3.916792 2.365000
v -1.286308 3.913548 2.275000
v -1.286308 3.913548 2.365000
v -1.271243 3.909670 2.275000
v -1.271243 3.909670 2.365000
v -1.255747 3.905145 2.275000
v -1.255747 3.905145 2.365000
v -1.239764 3.899959 2.275000
v -1.239764 3.899959 2.365000
v -1.223236 3.894098 2.275000
v -1.223236 3.894098 2.365000
v -1.206107 3.887550 2.275000
v -1.206107 3.887550 2.365000
v -1.188320 3.880300 2.275000
v -1.188320 3.880300 2.365000
v -1.188320 3.798400 2.275000
v -1.188320 3.798400 2.365000
v -0.705500 3.385000 2.275000
v -0.705500 3.385000 2.365000
v -0.776480 3.541780 2.275000
v -0.776480 3.541780 2.365000
v -1.002680 3.541780 2.275000
v -1.002680 3.541780 2.365000
v -1.069760 3.385000 2.275000
v -1.069760 3.385000 2.365000
v -1.147760 3.385000 2.275000
v -1.147760 3.385000 2.365000
v -0.919220 3.920080 2.275000
v -0.919220 3.920080 2.365000
v -0.865400 3.920080 2.275000
v -0.865400 3.920080 2.365000
v -0.627500 3.385000 2.275000
v -0.627500 3.385000 2.365000
v -0.807680 3.610420 2.275000
v -0.807680 3.610420 2.365000
v -0.893480 3.803080 2.275000
v -0.893480 3.803080 2.365000
v -0.973040 3.610420 2.275000
v -0.973040 3.610420 2.365000
v -0.491780 3.848320 2.275000
v -0.491780 3.848320 2.365000
v -0.491780 3.700900 2.275000
v -0.491780 3.700900 2.365000
v -0.284300 3.700900 2.275000
v -0.284300 3.700900 2.365000
v -0.284300 3.632260 2.275000
v -0.284300 3.632260 2.365000
v -0.491780 3.632260 2.275000
v -0.491780 3.632260 2.365000
v -0.491780 3.385000 2.275000
v -0.491780 3.385000 2.365000
v -0.568220 3.385000 2.275000
v -0.568220 3.385000 2.365000
v -0.568220 3.916960 2.275000
v -0.568220 3.916960 2.365000
v -0.284300 3.916960 2.275000
v -0.284300 3.916960 2.365000
v -0.284300 3.848320 2.275000
v -0.284300 3.848320 2.365000
v -0.126740 3.848320 2.275000
v -0.126740 3.848320 2.365000
v -0.126740 3.687640 2.275000
v -0.126740 3.687640 2.365000
v 0.090879 3.687640 2.275000
v 0.090879 3.687640 2.365000
v 0.090879 3.619000 2.275000
v 0.090879 3.619000 2.365000
v -0.126740 3.619000 2.275000
v -0.126740 3.619000 2.365000
v -0.126740 3.453640 2.275000
v -0.126740 3.453640 2.365000
v 0.105700 3.453640 2.275000
v 0.105700 3.453640 2.365000
v 0.105700 3.385000 2.275000
v 0.105700 3.385000 2.365000
v -0.203180 3.385000 2.275000
v -0.203180 3.385000 2.365000
v -0.203180 3.916960 2.275000
v -0.203180 3.916960 2.365000
v 0.098680 3.916960 2.275000
v 0.098680 3.916960 2.365000
v 0.098680 3.848320 2.275000
v 0.098680 3.848320 2.365000
v 2.150000 3.585000 2.110000
v 2.150000 3.925000 2.110000
v 2.249498 3.585000 2.129791
v 2.249498 3.925000 2.129791
v 2.333847 3.585000 2.186152
v 2.333847 3.925000 2.186152
v 2.390208 3.585000 2.270503
v 2.390208 3.925000 2.270503
v 2.410000 3.585000 2.370000
v 2.410000 3.925000 2.370000
v 2.390208 3.585000 2.469498
v 2.390208 3.925000 2.469498
v 2.333847 3.585000 2.553848
v 2.333847 3.925000 2.553848
v 2.249498 3.585000 2.610209
v 2.249498 3.925000 2.610209
v 2.150000 3.585000 2.630000
v 2.150000 3.925000 2.630000
v 2.050502 3.585000 2.610209
v 2.050502 3.925000 2.610209
v 1.966152 3.585000 2.553848
v 1.966152 3.925000 2.553848
v 1.909791 3.585000 2.469498
v 1.909791 3.925000 2.469498
v 1.890000 3.585000 2.370000
v 1.890000 3.925000 2.370000
v 1.909791 3.585000 2.270503
v 1.909791 3.925000 2.270503
v 1.966152 3.585000 2.186152
v 1.966152 3.925000 2.186152
v 2.050502 3.585000 2.129791
v 2.050502 3.925000 2.129791
v 2.655000 3.755000 2.370000
v 2.641819 3.755000 2.401820
v 2.610000 3.755000 2.415000
v 2.578180 3.755000 2.401820
v 2.565000 3.755000 2.370000
v 2.578180 3.755000 2.338180
v 2.610000 3.755000 2.325000
v 2.641819 3.755000 2.338180
v 2.643240 3.821694 2.370000
v 2.630854 3.817186 2.401820
v 2.600954 3.806303 2.415000
v 2.571053 3.795420 2.401820
v 2.558667 3.790912 2.370000
v 2.571053 3.795420 2.338180
v 2.600954 3.806303 2.325000
v 2.630854 3.817186 2.338180
v 2.609378 3.880343 2.370000
v 2.599282 3.871871 2.401820
v 2.574906 3.851418 2.415000
v 2.550531 3.830965 2.401820
v 2.540434 3.822493 2.370000
v 2.550531 3.830965 2.338180
v 2.574906 3.851418 2.325000
v 2.599282 3.871871 2.338180
v 2.557500 3.923875 2.370000
v 2.550910 3.912460 2.401820
v 2.535000 3.884904 2.415000
v 2.519090 3.857347 2.401820
v 2.512500 3.845932 2.370000
v 2.519090 3.857347 2.338180
v 2.535000 3.884904 2.325000
v 2.550910 3.912460 2.338180
v 2.493861 3.947037 2.370000
v 2.491573 3.934057 2.401820
v 2.486047 3.902721 2.415000
v 2.480521 3.871385 2.401820
v 2.478233 3.858405 2.370000
v 2.480521 3.871385 2.338180
v 2.486047 3.902721 2.325000
v 2.491573 3.934057 2.338180
v 2.426138 3.947037 2.370000
v 2.428427 3.934057 2.401820
v 2.433953 3.902721 2.415000
v 2.439478 3.871385 2.401820
v 2.441767 3.858405 2.370000
v 2.439478 3.871385 2.338180
v 2.433953 3.902721 2.325000
v 2.428427 3.934057 2.338180
v 2.362499 3.923875 2.370000
v 2.369090 3.912460 2.401820
v 2.385000 3.884904 2.415000
v 2.400910 3.857347 2.401820
v 2.407500 3.845932 2.370000
v 2.400910 3.857347 2.338180
v 2.385000 3.884904 2.325000
v 2.369090 3.912460 2.338180
v 2.310621 3.880343 2.370000
v 2.320718 3.871871 2.401820
v 2.345093 3.851418 2.415000
v 2.369468 3.830965 2.401820
v 2.379565 3.822493 2.370000
v 2.369468 3.830965 2.338180
v 2.345093 3.851418 2.325000
v 2.320718 3.871871 2.338180
v 2.276760 3.821694 2.370000
v 2.289145 3.817186 2.401820
v 2.319046 3.806303 2.415000
v 2.348947 3.795420 2.401820
v 2.361332 3.790912 2.370000
v 2.348947 3.795420 2.338180
v 2.319046 3.806303 2.325000
v 2.289145 3.817186 2.338180
v 2.265000 3.755000 2.370000
v 2.278180 3.755000 2.401820
v 2.310000 3.755000 2.415000
v 2.341820 3.755000 2.401820
v 2.355000 3.755000 2.370000
v 2.341820 3.755000 2.338180
v 2.310000 3.755000 2.325000
v 2.278180 3.755000 2.338180
v 2.276759 3.688306 2.370000
v 2.289145 3.692814 2.401820
v 2.319046 3.703697 2.415000
v 2.348947 3.714580 2.401820
v 2.361332 3.719088 2.370000
v 2.348947 3.714580 2.338180
v 2.319046 3.703697 2.325000
v 2.289145 3.692814 2.338180
v 2.310621 3.629656 2.370000
v 2.320718 3.638128 2.401820
v 2.345093 3.658582 2.415000
v 2.369468 3.679035 2.401820
v 2.379565 3.687507 2.370000
v 2.369468 3.679035 2.338180
v 2.345093 3.658582 2.325000
v 2.320718 3.638128 2.338180
v 2.362499 3.586125 2.370000
v 2.369090 3.597539 2.401820
v 2.385000 3.625096 2.415000
v 2.400910 3.652653 2.401820
v 2.407500 3.664067 2.370000
v 2.400910 3.652653 2.338180
v 2.385000 3.625096 2.325000
v 2.369090 3.597539 2.338180
v 2.426138 3.562962 2.370000
v 2.428427 3.575942 2.401820
v 2.433953 3.607279 2.415000
v 2.439478 3.638615 2.401820
v 2.441767 3.651595 2.370000
v 2.439478 3.638615 2.338180
v 2.433953 3.607279 2.325000
v 2.428427 3.575942 2.338180
v 2.493861 3.562962 2.370000
v 2.491573 3.575942 2.401820
v 2.486047 3.607279 2.415000
v 2.480521 3.638615 2.401820
v 2.478233 3.651595 2.370000
v 2.480521 3.638615 2.338180
v 2.486047 3.607279 2.325000
v 2.491573 3.575942 2.338180
v 2.557500 3.586125 2.370000
v 2.550910 3.597539 2.401820
v 2.535000 3.625096 2.415000
v 2.519090 3.652653 2.401820
v 2.512500 3.664067 2.370000
v 2.519090 3.652653 2.338180
v 2.535000 3.625096 2.325000
v 2.550910 3.597539 2.338180
v 2.609378 3.629656 2.370000
v 2.599282 3.638128 2.401820
v 2.574906 3.658582 2.415000
v 2.550531 3.679035 2.401820
v 2.540434 3.687507 2.370000
v 2.550531 3.679035 2.338180
v 2.574906 3.658582 2.325000
v 2.599282 3.638128 2.338180
v 2.643240 3.688306 2.370000
v 2.630854 3.692814 2.401820
v 2.600954 3.703697 2.415000
v 2.571053 3.714580 2.401820
v 2.558667 3.719088 2.370000
v 2.571053 3.714580 2.338180
v 2.600954 3.703697 2.325000
v 2.630854 3.692814 2.338180
v 2.150000 3.530000 2.010000
v 2.150000 3.580000 2.010000
v 2.287766 3.530000 2.037404
v 2.287766 3.580000 2.037404
v 2.404558 3.530000 2.115442
v 2.404558 3.580000 2.115442
v 2.482597 3.530000 2.232234
v 2.482597 3.580000 2.232234
v 2.510000 3.530000 2.370000
v 2.510000 3.580000 2.370000
v 2.482597 3.530000 2.507766
v 2.482597 3.580000 2.507766
v 2.404558 3.530000 2.624558
v 2.404558 3.580000 2.624558
v 2.287766 3.530000 2.702597
v 2.287766 3.580000 2.702597
v 2.150000 3.530000 2.730000
v 2.150000 3.580000 2.730000
v 2.012233 3.530000 2.702597
v 2.012233 3.580000 2.702597
v 1.895442 3.530000 2.624558
v 1.895442 3.580000 2.624558
v 1.817403 3.530000 2.507766
v 1.817403 3.580000 2.507766
v 1.790000 3.530000 2.370000
v 1.790000 3.580000 2.370000
v 1.817403 3.530000 2.232234
v 1.817403 3.580000 2.232234
v 1.895442 3.530000 2.115442
v 1.895442 3.580000 2.115442
v 2.012233 3.530000 2.037404
v 2.012233 3.580000 2.037404
v 3.700000 1.775000 1.570000
v 3.700000 3.035000 1.570000
v 3.700000 1.775000 -0.030000
v 3.700000 3.035000 -0.030000
v 3.800000 1.775000 1.570000
v 3.800000 3.035000 1.570000
v 3.800000 1.775000 -0.030000
v 3.800000 3.035000 -0.030000
v 3.740000 1.855000 1.490000
v 3.740000 2.955000 1.490000
v 3.740000 1.855000 0.050000
v 3.740000 2.955000 0.050000
v 3.800000 1.855000 1.490000
v 3.800000 2.955000 1.490000
v 3.800000 1.855000 0.050000
v 3.800000 2.955000 0.050000
v -3.800000 1.775000 1.570000
v -3.800000 3.035000 1.570000
v -3.800000 1.775000 -0.030000
v -3.800000 3.035000 -0.030000
v -3.700000 1.775000 1.570000
v -3.700000 3.035000 1.570000
v -3.700000 1.775000 -0.030000
v -3.700000 3.035000 -0.030000
v -3.800000 1.855000 1.490000
v -3.800000 2.955000 1.490000
v -3.800000 1.855000 0.050000
v -3.800000 2.955000 0.050000
v -3.740000 1.855000 1.490000
v -3.740000 2.955000 1.490000
v -3.740000 1.855000 0.050000
v -3.740000 2.955000 0.050000
v 3.700000 1.775000 -1.230000
v 3.700000 3.035000 -1.230000
v 3.700000 1.775000 -2.830000
v 3.700000 3.035000 -2.830000
v 3.800000 1.775000 -1.230000
v 3.800000 3.035000 -1.230000
v 3.800000 1.775000 -2.830000
v 3.800000 3.035000 -2.830000
v 3.740000 1.855000 -1.310000
v 3.740000 2.955000 -1.310000
v 3.740000 1.855000 -2.750000
v 3.740000 2.955000 -2.750000
v 3.800000 1.855000 -1.310000
v 3.800000 2.955000 -1.310000
v 3.800000 1.855000 -2.750000
v 3.800000 2.955000 -2.750000
v -3.800000 1.775000 -1.230000
v -3.800000 3.035000 -1.230000
v -3.800000 1.775000 -2.830000
v -3.800000 3.035000 -2.830000
v -3.700000 1.775000 -1.230000
v -3.700000 3.035000 -1.230000
v -3.700000 1.775000 -2.830000
v -3.700000 3.035000 -2.830000
v -3.800000 1.855000 -1.310000
v -3.800000 2.955000 -1.310000
v -3.800000 1.855000 -2.750000
v -3.800000 2.955000 -2.750000
v -3.740000 1.855000 -1.310000
v -3.740000 2.955000 -1.310000
v -3.740000 1.855000 -2.750000
v -3.740000 2.955000 -2.750000
v -2.300000 0.055000 -3.430000
v -2.300000 2.155000 -3.430000
v -2.300000 0.055000 -3.510000
v -2.300000 2.155000 -3.510000
v -1.300000 0.055000 -3.430000
v -1.300000 2.155000 -3.430000
v -1.300000 0.055000 -3.510000
v -1.300000 2.155000 -3.510000
v 0.950000 2.055000 -3.430000
v 0.950000 2.955000 -3.430000
v 0.950000 2.055000 -3.530000
v 0.950000 2.955000 -3.530000
v 2.250000 2.055000 -3.430000
v 2.250000 2.955000 -3.430000
v 2.250000 2.055000 -3.530000
v 2.250000 2.955000 -3.530000
v 1.020000 2.125000 -3.470000
v 1.020000 2.885000 -3.470000
v 1.020000 2.125000 -3.530000
v 1.020000 2.885000 -3.530000
v 2.180000 2.125000 -3.470000
v 2.180000 2.885000 -3.470000
v 2.180000 2.125000 -3.530000
v 2.180000 2.885000 -3.530000
v -1.450000 4.230000 -1.480000
v -1.450000 4.780000 -1.480000
v -1.450000 4.230000 -2.180000
v -1.450000 4.780000 -2.180000
v -1.390000 4.230000 -1.480000
v -1.390000 4.780000 -1.480000
v -1.390000 4.230000 -2.180000
v -1.390000 4.780000 -2.180000
v 2.400000 4.055000 -2.590000
v 2.400000 5.555000 -2.590000
v 2.480000 4.055000 -2.568564
v 2.480000 5.555000 -2.568564
v 2.538564 4.055000 -2.510000
v 2.538564 5.555000 -2.510000
v 2.560000 4.055000 -2.430000
v 2.560000 5.555000 -2.430000
v 2.538564 4.055000 -2.350000
v 2.538564 5.555000 -2.350000
v 2.480000 4.055000 -2.291436
v 2.480000 5.555000 -2.291436
v 2.400000 4.055000 -2.270000
v 2.400000 5.555000 -2.270000
v 2.320000 4.055000 -2.291436
v 2.320000 5.555000 -2.291436
v 2.261436 4.055000 -2.350000
v 2.261436 5.555000 -2.350000
v 2.240000 4.055000 -2.430000
v 2.240000 5.555000 -2.430000
v 2.261436 4.055000 -2.510000
v 2.261436 5.555000 -2.510000
v 2.320000 4.055000 -2.568564
v 2.320000 5.555000 -2.568564
v 2.400000 5.525000 -2.690000
v 2.400000 5.645000 -2.690000
v 2.529999 5.525000 -2.655166
v 2.529999 5.645000 -2.655166
v 2.625167 5.525000 -2.560000
v 2.625167 5.645000 -2.560000
v 2.660000 5.525000 -2.430000
v 2.660000 5.645000 -2.430000
v 2.625167 5.525000 -2.300000
v 2.625167 5.645000 -2.300000
v 2.529999 5.525000 -2.204833
v 2.529999 5.645000 -2.204833
v 2.400000 5.525000 -2.170000
v 2.400000 5.645000 -2.170000
v 2.270000 5.525000 -2.204833
v 2.270000 5.645000 -2.204833
v 2.174833 5.525000 -2.300000
v 2.174833 5.645000 -2.300000
v 2.140000 5.525000 -2.430000
v 2.140000 5.645000 -2.430000
v 2.174833 5.525000 -2.560000
v 2.174833 5.645000 -2.560000
v 2.270000 5.525000 -2.655166
v 2.270000 5.645000 -2.655166
v -3.600000 0.010000 3.320001
v -3.600000 0.560000 3.320001
v -3.600000 0.010000 2.520000
v -3.600000 0.560000 2.520000
v -2.800000 0.010000 3.320001
v -2.800000 0.560000 3.320001
v -2.800000 0.010000 2.520000
v -2.800000 0.560000 2.520000
v -3.200000 0.834440 2.510530
v -3.200000 0.675560 2.510530
v -3.200000 0.433354 2.737769
v -3.108885 1.076646 2.762183
v -3.035816 0.977586 2.635624
v -2.995265 0.834440 2.565389
v -2.995265 0.675560 2.565389
v -3.035816 0.532414 2.635624
v -3.108885 0.433354 2.762183
v -3.042183 1.076646 2.828885
v -2.915624 0.977586 2.755816
v -2.845389 0.834440 2.715265
v -2.845389 0.675560 2.715265
v -2.915624 0.532414 2.755816
v -3.042183 0.433354 2.828885
v -3.017769 1.076646 2.920000
v -2.871631 0.977586 2.920000
v -2.790530 0.834440 2.920000
v -2.790530 0.675560 2.920000
v -2.871631 0.532414 2.920000
v -3.017769 0.433354 2.920000
v -3.042183 1.076646 3.011116
v -2.915624 0.977586 3.084185
v -2.845389 0.834440 3.124735
v -2.845389 0.675560 3.124735
v -2.915624 0.532414 3.084185
v -3.042183 0.433354 3.011116
v -3.108885 1.076646 3.077817
v -3.035816 0.977586 3.204376
v -2.995265 0.834440 3.274611
v -2.995265 0.675560 3.274611
v -3.035816 0.532414 3.204376
v -3.108885 0.433354 3.077817
v -3.200000 1.076646 3.102232
v -3.200000 0.977586 3.248370
v -3.200001 0.834440 3.329470
v -3.200001 0.675560 3.329470
v -3.200000 0.532414 3.248370
v -3.200000 0.433354 3.102232
v -3.291116 1.076646 3.077817
v -3.364185 0.977586 3.204376
v -3.404735 0.834440 3.274611
v -3.404735 0.675560 3.274611
v -3.364185 0.532414 3.204376
v -3.291116 0.433354 3.077817
v -3.200000 0.398000 2.920000
v -3.357817 1.076646 3.011116
v -3.484376 0.977586 3.084185
v -3.554611 0.834440 3.124735
v -3.554611 0.675560 3.124735
v -3.484376 0.532414 3.084185
v -3.357817 0.433354 3.011116
v -3.200000 1.112000 2.920000
v -3.382231 1.076646 2.920000
v -3.528369 0.977586 2.920000
v -3.609470 0.834440 2.920000
v -3.609470 0.675560 2.920000
v -3.528369 0.532414 2.920000
v -3.382231 0.433354 2.920000
v -3.357817 1.076646 2.828885
v -3.484376 0.977586 2.755816
v -3.554611 0.834440 2.715265
v -3.554611 0.675560 2.715265
v -3.484376 0.532414 2.755816
v -3.357817 0.433354 2.828885
v -3.291116 1.076646 2.762183
v -3.364185 0.977586 2.635624
v -3.404735 0.834440 2.565389
v -3.404735 0.675560 2.565389
v -3.364185 0.532414 2.635624
v -3.291116 0.433354 2.762183
v -3.200000 1.076646 2.737769
v -3.200000 0.977586 2.591631
v -3.200000 0.532414 2.591631
v -3.020000 0.975027 2.732257
v -3.000475 1.036087 2.786182
v -2.984818 1.011114 2.759063
v -2.976128 0.975027 2.744012
v -2.976128 0.934973 2.744012
v -2.984818 0.898886 2.759063
v -3.000475 0.873913 2.786182
v -2.986182 1.036087 2.800476
v -2.959062 1.011114 2.784818
v -2.944012 0.975027 2.776128
v -2.944012 0.934973 2.776128
v -2.959062 0.898886 2.784818
v -2.986182 0.873913 2.800476
v -2.980951 1.036087 2.820000
v -2.949635 1.011114 2.820000
v -2.932257 0.975027 2.820000
v -2.932257 0.934973 2.820000
v -2.949635 0.898886 2.820000
v -2.980951 0.873913 2.820000
v -2.986182 1.036087 2.839525
v -2.959062 1.011114 2.855183
v -2.944012 0.975027 2.863872
v -2.944012 0.934973 2.863872
v -2.959062 0.898886 2.855183
v -2.986182 0.873913 2.839525
v -3.000475 1.036087 2.853818
v -2.984818 1.011114 2.880938
v -2.976128 0.975027 2.895988
v -2.976128 0.934973 2.895988
v -2.984818 0.898886 2.880938
v -3.000475 0.873913 2.853818
v -3.020000 1.036087 2.859050
v -3.020000 1.011114 2.890365
v -3.020000 0.975027 2.907743
v -3.020000 0.934973 2.907743
v -3.020000 0.898886 2.890365
v -3.020000 0.873913 2.859050
v -3.020000 0.865000 2.820000
v -3.039525 1.036087 2.853818
v -3.055183 1.011114 2.880938
v -3.063872 0.975027 2.895988
v -3.063872 0.934973 2.895988
v -3.055183 0.898886 2.880938
v -3.039525 0.873913 2.853818
v -3.020000 1.045000 2.820000
v -3.053818 1.036087 2.839525
v -3.080938 1.011114 2.855183
v -3.095988 0.975027 2.863872
v -3.095988 0.934973 2.863872
v -3.080938 0.898886 2.855183
v -3.053818 0.873913 2.839525
v -3.059050 1.036087 2.820000
v -3.090365 1.011114 2.820000
v -3.107744 0.975027 2.820000
v -3.107744 0.934973 2.820000
v -3.090365 0.898886 2.820000
v -3.059050 0.873913 2.820000
v -3.053818 1.036087 2.800476
v -3.080938 1.011114 2.784818
v -3.095988 0.975027 2.776128
v -3.095988 0.934973 2.776128
v -3.080938 0.898886 2.784818
v -3.053818 0.873913 2.800476
v -3.039525 1.036087 2.786182
v -3.055183 1.011114 2.759063
v -3.063872 0.975027 2.744012
v -3.063872 0.934973 2.744012
v -3.055183 0.898886 2.759063
v -3.039525 0.873913 2.786182
v -3.020000 1.036087 2.780951
v -3.020000 1.011114 2.749635
v -3.020000 0.934973 2.732257
v -3.020000 0.898886 2.749635
v -3.020000 0.873913 2.780951
v -3.350000 0.975027 2.952257
v -3.330476 1.036087 3.006183
v -3.314818 1.011114 2.979063
v -3.306129 0.975027 2.964012
v -3.306129 0.934973 2.964012
v -3.314818 0.898886 2.979063
v -3.330476 0.873913 3.006183
v -3.316182 1.036087 3.020475
v -3.289062 1.011114 3.004818
v -3.274012 0.975027 2.996128
v -3.274012 0.934973 2.996128
v -3.289062 0.898886 3.004818
v -3.316182 0.873913 3.020475
v -3.310951 1.036087 3.040000
v -3.279635 1.011114 3.040000
v -3.262257 0.975027 3.040000
v -3.262257 0.934973 3.040000
v -3.279635 0.898886 3.040000
v -3.310951 0.873913 3.040000
v -3.316182 1.036087 3.059525
v -3.289062 1.011114 3.075182
v -3.274012 0.975027 3.083872
v -3.274012 0.934973 3.083872
v -3.289062 0.898886 3.075182
v -3.316182 0.873913 3.059525
v -3.330476 1.036087 3.073818
v -3.314818 1.011114 3.100938
v -3.306129 0.975027 3.115988
v -3.306129 0.934973 3.115988
v -3.314818 0.898886 3.100938
v -3.330476 0.873913 3.073818
v -3.350000 1.036087 3.079050
v -3.350000 1.011114 3.110365
v -3.350000 0.975027 3.127744
v -3.350000 0.934973 3.127744
v -3.350000 0.898886 3.110365
v -3.350000 0.873913 3.079050
v -3.350000 0.865000 3.040000
v -3.369525 1.036087 3.073818
v -3.385183 1.011114 3.100938
v -3.393872 0.975027 3.115988
v -3.393872 0.934973 3.115988
v -3.385183 0.898886 3.100938
v -3.369525 0.873913 3.073818
v -3.350000 1.045000 3.040000
v -3.383818 1.036087 3.059525
v -3.410938 1.011114 3.075182
v -3.425988 0.975027 3.083872
v -3.425988 0.934973 3.083872
v -3.410938 0.898886 3.075182
v -3.383818 0.873913 3.059525
v -3.389050 1.036087 3.040000
v -3.420365 1.011114 3.040000
v -3.437744 0.975027 3.040000
v -3.437744 0.934973 3.040000
v -3.420365 0.898886 3.040000
v -3.389050 0.873913 3.040000
v -3.383818 1.036087 3.020475
v -3.410938 1.011114 3.004818
v -3.425988 0.975027 2.996128
v -3.425988 0.934973 2.996128
v -3.410938 0.898886 3.004818
v -3.383818 0.873913 3.020475
v -3.369525 1.036087 3.006183
v -3.385183 1.011114 2.979063
v -3.393872 0.975027 2.964012
v -3.393872 0.934973 2.964012
v -3.385183 0.898886 2.979063
v -3.369525 0.873913 3.006183
v -3.350000 1.036087 3.000951
v -3.350000 1.011114 2.969635
v -3.350000 0.934973 2.952257
v -3.350000 0.898886 2.969635
v -3.350000 0.873913 3.000951
v -3.180000 0.975027 2.632257
v -3.160475 1.036087 2.686182
v -3.144818 1.011114 2.659062
v -3.136128 0.975027 2.644012
v -3.136128 0.934973 2.644012
v -3.144818 0.898886 2.659062
v -3.160475 0.873913 2.686182
v -3.146182 1.036087 2.700475
v -3.119062 1.011114 2.684818
v -3.104012 0.975027 2.676128
v -3.104012 0.934973 2.676128
v -3.119062 0.898886 2.684818
v -3.146182 0.873913 2.700475
v -3.140951 1.036087 2.720000
v -3.109635 1.011114 2.720000
v -3.092257 0.975027 2.720000
v -3.092257 0.934973 2.720000
v -3.109635 0.898886 2.720000
v -3.140951 0.873913 2.720000
v -3.146182 1.036087 2.739525
v -3.119062 1.011114 2.755183
v -3.104012 0.975027 2.763872
v -3.104012 0.934973 2.763872
v -3.119062 0.898886 2.755183
v -3.146182 0.873913 2.739525
v -3.160475 1.036087 2.753818
v -3.144818 1.011114 2.780938
v -3.136128 0.975027 2.795988
v -3.136128 0.934973 2.795988
v -3.144818 0.898886 2.780938
v -3.160475 0.873913 2.753818
v -3.180000 1.036087 2.759050
v -3.180000 1.011114 2.790365
v -3.180000 0.975027 2.807744
v -3.180000 0.934973 2.807744
v -3.180000 0.898886 2.790365
v -3.180000 0.873913 2.759050
v -3.180000 0.865000 2.720000
v -3.199525 1.036087 2.753818
v -3.215183 1.011114 2.780938
v -3.223872 0.975027 2.795988
v -3.223872 0.934973 2.795988
v -3.215183 0.898886 2.780938
v -3.199525 0.873913 2.753818
v -3.180000 1.045000 2.720000
v -3.213818 1.036087 2.739525
v -3.240938 1.011114 2.755183
v -3.255988 0.975027 2.763872
v -3.255988 0.934973 2.763872
v -3.240938 0.898886 2.755183
v -3.213818 0.873913 2.739525
v -3.219050 1.036087 2.720000
v -3.250365 1.011114 2.720000
v -3.267744 0.975027 2.720000
v -3.267744 0.934973 2.720000
v -3.250365 0.898886 2.720000
v -3.219050 0.873913 2.720000
v -3.213818 1.036087 2.700475
v -3.240938 1.011114 2.684818
v -3.255988 0.975027 2.676128
v -3.255988 0.934973 2.676128
v -3.240938 0.898886 2.684818
v -3.213818 0.873913 2.700475
v -3.199525 1.036087 2.686182
v -3.215183 1.011114 2.659062
v -3.223872 0.975027 2.644012
v -3.223872 0.934973 2.644012
v -3.215183 0.898886 2.659062
v -3.199525 0.873913 2.686182
v -3.180000 1.036087 2.680951
v -3.180000 1.011114 2.649635
v -3.180000 0.934973 2.632257
v -3.180000 0.898886 2.649635
v -3.180000 0.873913 2.680951
v 2.800000 0.010000 3.320001
v 2.800000 0.560000 3.320001
v 2.800000 0.010000 2.520000
v 2.800000 0.560000 2.520000
v 3.600000 0.010000 3.320001
v 3.600000 0.560000 3.320001
v 3.600000 0.010000 2.520000
v 3.600000 0.560000 2.520000
v 3.200000 0.834440 2.510530
v 3.200000 0.675560 2.510530
v 3.200000 0.433354 2.737769
v 3.291116 1.076646 2.762183
v 3.364185 0.977586 2.635624
v 3.404735 0.834440 2.565389
v 3.404735 0.675560 2.565389
v 3.364185 0.532414 2.635624
v 3.291116 0.433354 2.762183
v 3.357817 1.076646 2.828885
v 3.484376 0.977586 2.755816
v 3.554611 0.834440 2.715265
v 3.554611 0.675560 2.715265
v 3.484376 0.532414 2.755816
v 3.357817 0.433354 2.828885
v 3.382231 1.076646 2.920000
v 3.528369 0.977586 2.920000
v 3.609470 0.834440 2.920000
v 3.609470 0.675560 2.920000
v 3.528369 0.532414 2.920000
v 3.382231 0.433354 2.920000
v 3.357817 1.076646 3.011116
v 3.484376 0.977586 3.084185
v 3.554611 0.834440 3.124735
v 3.554611 0.675560 3.124735
v 3.484376 0.532414 3.084185
v 3.357817 0.433354 3.011116
v 3.291116 1.076646 3.077817
v 3.364185 0.977586 3.204376
v 3.404735 0.834440 3.274611
v 3.404735 0.675560 3.274611
v 3.364185 0.532414 3.204376
v 3.291116 0.433354 3.077817
v 3.200000 1.076646 3.102232
v 3.200000 0.977586 3.248370
v 3.200000 0.834440 3.329470
v 3.200000 0.675560 3.329470
v 3.200000 0.532414 3.248370
v 3.200000 0.433354 3.102232
v 3.108885 1.076646 3.077817
v 3.035815 0.977586 3.204376
v 2.995265 0.834440 3.274611
v 2.995265 0.675560 3.274611
v 3.035815 0.532414 3.204376
v 3.108885 0.433354 3.077817
v 3.200000 0.398000 2.920000
v 3.042183 1.076646 3.011116
v 2.915624 0.977586 3.084185
v 2.845389 0.834440 3.124735
v 2.845389 0.675560 3.124735
v 2.915624 0.532414 3.084185
v 3.042183 0.433354 3.011116
v 3.200000 1.112000 2.920000
v 3.017769 1.076646 2.920000
v 2.871631 0.977586 2.920000
v 2.790530 0.834440 2.920000
v 2.790530 0.675560 2.920000
v 2.871631 0.532414 2.920000
v 3.017769 0.433354 2.920000
v 3.042183 1.076646 2.828885
v 2.915624 0.977586 2.755816
v 2.845389 0.834440 2.715265
v 2.845389 0.675560 2.715265
v 2.915624 0.532414 2.755816
v 3.042183 0.433354 2.828885
v 3.108885 1.076646 2.762183
v 3.035815 0.977586 2.635624
v 2.995265 0.834440 2.565389
v 2.995265 0.675560 2.565389
v 3.035815 0.532414 2.635624
v 3.108885 0.433354 2.762183
v 3.200000 1.076646 2.737769
v 3.200000 0.977586 2.591631
v 3.200000 0.532414 2.591631
v 3.379999 0.975027 2.732257
v 3.399524 1.036087 2.786182
v 3.415182 1.011114 2.759063
v 3.423871 0.975027 2.744012
v 3.423871 0.934973 2.744012
v 3.415182 0.898886 2.759063
v 3.399524 0.873913 2.786182
v 3.413818 1.036087 2.800476
v 3.440937 1.011114 2.784818
v 3.455988 0.975027 2.776128
v 3.455988 0.934973 2.776128
v 3.440937 0.898886 2.784818
v 3.413818 0.873913 2.800476
v 3.419049 1.036087 2.820000
v 3.450364 1.011114 2.820000
v 3.467743 0.975027 2.820000
v 3.467743 0.934973 2.820000
v 3.450364 0.898886 2.820000
v 3.419049 0.873913 2.820000
v 3.413818 1.036087 2.839525
v 3.440937 1.011114 2.855183
v 3.455988 0.975027 2.863872
v 3.455988 0.934973 2.863872
v 3.440937 0.898886 2.855183
v 3.413818 0.873913 2.839525
v 3.399524 1.036087 2.853818
v 3.415182 1.011114 2.880938
v 3.423871 0.975027 2.895988
v 3.423871 0.934973 2.895988
v 3.415182 0.898886 2.880938
v 3.399524 0.873913 2.853818
v 3.379999 1.036087 2.859050
v 3.379999 1.011114 2.890365
v 3.379999 0.975027 2.907743
v 3.379999 0.934973 2.907743
v 3.379999 0.898886 2.890365
v 3.379999 0.873913 2.859050
v 3.379999 0.865000 2.820000
v 3.360475 1.036087 2.853818
v 3.344817 1.011114 2.880938
v 3.336128 0.975027 2.895988
v 3.336128 0.934973 2.895988
v 3.344817 0.898886 2.880938
v 3.360475 0.873913 2.853818
v 3.379999 1.045000 2.820000
v 3.346182 1.036087 2.839525
v 3.319062 1.011114 2.855183
v 3.304011 0.975027 2.863872
v 3.304011 0.934973 2.863872
v 3.319062 0.898886 2.855183
v 3.346182 0.873913 2.839525
v 3.340950 1.036087 2.820000
v 3.309635 1.011114 2.820000
v 3.292256 0.975027 2.820000
v 3.292256 0.934973 2.820000
v 3.309635 0.898886 2.820000
v 3.340950 0.873913 2.820000
v 3.346182 1.036087 2.800476
v 3.319062 1.011114 2.784818
v 3.304011 0.975027 2.776128
v 3.304011 0.934973 2.776128
v 3.319062 0.898886 2.784818
v 3.346182 0.873913 2.800476
v 3.360475 1.036087 2.786182
v 3.344817 1.011114 2.759063
v 3.336128 0.975027 2.744012
v 3.336128 0.934973 2.744012
v 3.344817 0.898886 2.759063
v 3.360475 0.873913 2.786182
v 3.379999 1.036087 2.780951
v 3.379999 1.011114 2.749635
v 3.379999 0.934973 2.732257
v 3.379999 0.898886 2.749635
v 3.379999 0.873913 2.780951
v 3.049999 0.975027 2.952257
v 3.069524 1.036087 3.006183
v 3.085182 1.011114 2.979063
v 3.093871 0.975027 2.964012
v 3.093871 0.934973 2.964012
v 3.085182 0.898886 2.979063
v 3.069524 0.873913 3.006183
v 3.083818 1.036087 3.020475
v 3.110937 1.011114 3.004818
v 3.125988 0.975027 2.996128
v 3.125988 0.934973 2.996128
v 3.110937 0.898886 3.004818
v 3.083818 0.873913 3.020475
v 3.089049 1.036087 3.040000
v 3.120364 1.011114 3.040000
v 3.137743 0.975027 3.040000
v 3.137743 0.934973 3.040000
v 3.120364 0.898886 3.040000
v 3.089049 0.873913 3.040000
v 3.083818 1.036087 3.059525
v 3.110937 1.011114 3.075182
v 3.125988 0.975027 3.083872
v 3.125988 0.934973 3.083872
v 3.110937 0.898886 3.075182
v 3.083818 0.873913 3.059525
v 3.069524 1.036087 3.073818
v 3.085182 1.011114 3.100938
v 3.093871 0.975027 3.115988
v 3.093871 0.934973 3.115988
v 3.085182 0.898886 3.100938
v 3.069524 0.873913 3.073818
v 3.049999 1.036087 3.079050
v 3.049999 1.011114 3.110365
v 3.049999 0.975027 3.127744
v 3.049999 0.934973 3.127744
v 3.049999 0.898886 3.110365
v 3.049999 0.873913 3.079050
v 3.049999 0.865000 3.040000
v 3.030475 1.036087 3.073818
v 3.014817 1.011114 3.100938
v 3.006128 0.975027 3.115988
v 3.006128 0.934973 3.115988
v 3.014817 0.898886 3.100938
v 3.030475 0.873913 3.073818
v 3.049999 1.045000 3.040000
v 3.016182 1.036087 3.059525
v 2.989062 1.011114 3.075182
v 2.974011 0.975027 3.083872
v 2.974011 0.934973 3.083872
v 2.989062 0.898886 3.075182
v 3.016182 0.873913 3.059525
v 3.010950 1.036087 3.040000
v 2.979635 1.011114 3.040000
v 2.962256 0.975027 3.040000
v 2.962256 0.934973 3.040000
v 2.979635 0.898886 3.040000
v 3.010950 0.873913 3.040000
v 3.016182 1.036087 3.020475
v 2.989062 1.011114 3.004818
v 2.974011 0.975027 2.996128
v 2.974011 0.934973 2.996128
v 2.989062 0.898886 3.004818
v 3.016182 0.873913 3.020475
v 3.030475 1.036087 3.006183
v 3.014817 1.011114 2.979063
v 3.006128 0.975027 2.964012
v 3.006128 0.934973 2.964012
v 3.014817 0.898886 2.979063
v 3.030475 0.873913 3.006183
v 3.049999 1.036087 3.000951
v 3.049999 1.011114 2.969635
v 3.049999 0.934973 2.952257
v 3.049999 0.898886 2.969635
v 3.049999 0.873913 3.000951
v 3.220000 0.975027 2.632257
v 3.239525 1.036087 2.686182
v 3.255183 1.011114 2.659062
v 3.263872 0.975027 2.644012
v 3.263872 0.934973 2.644012
v 3.255183 0.898886 2.659062
v 3.239525 0.873913 2.686182
v 3.253818 1.036087 2.700475
v 3.280937 1.011114 2.684818
v 3.295988 0.975027 2.676128
v 3.295988 0.934973 2.676128
v 3.280937 0.898886 2.684818
v 3.253818 0.873913 2.700475
v 3.259049 1.036087 2.720000
v 3.290365 1.011114 2.720000
v 3.307743 0.975027 2.720000
v 3.307743 0.934973 2.720000
v 3.290365 0.898886 2.720000
v 3.259049 0.873913 2.720000
v 3.253818 1.036087 2.739525
v 3.280937 1.011114 2.755183
v 3.295988 0.975027 2.763872
v 3.295988 0.934973 2.763872
v 3.280937 0.898886 2.755183
v 3.253818 0.873913 2.739525
v 3.239525 1.036087 2.753818
v 3.255183 1.011114 2.780938
v 3.263872 0.975027 2.795988
v 3.263872 0.934973 2.795988
v 3.255183 0.898886 2.780938
v 3.239525 0.873913 2.753818
v 3.220000 1.036087 2.759050
v 3.220000 1.011114 2.790365
v 3.220000 0.975027 2.807744
v 3.220000 0.934973 2.807744
v 3.220000 0.898886 2.790365
v 3.220000 0.873913 2.759050
v 3.220000 0.865000 2.720000
v 3.200475 1.036087 2.753818
v 3.184818 1.011114 2.780938
v 3.176128 0.975027 2.795988
v 3.176128 0.934973 2.795988
v 3.184818 0.898886 2.780938
v 3.200475 0.873913 2.753818
v 3.220000 1.045000 2.720000
v 3.186182 1.036087 2.739525
v 3.159063 1.011114 2.755183
v 3.144012 0.975027 2.763872
v 3.144012 0.934973 2.763872
v 3.159063 0.898886 2.755183
v 3.186182 0.873913 2.739525
v 3.180951 1.036087 2.720000
v 3.149636 1.011114 2.720000
v 3.132257 0.975027 2.720000
v 3.132257 0.934973 2.720000
v 3.149636 0.898886 2.720000
v 3.180951 0.873913 2.720000
v 3.186182 1.036087 2.700475
v 3.159063 1.011114 2.684818
v 3.144012 0.975027 2.676128
v 3.144012 0.934973 2.676128
v 3.159063 0.898886 2.684818
v 3.186182 0.873913 2.700475
v 3.200475 1.036087 2.686182
v 3.184818 1.011114 2.659062
v 3.176128 0.975027 2.644012
v 3.176128 0.934973 2.644012
v 3.184818 0.898886 2.659062
v 3.200475 0.873913 2.686182
v 3.220000 1.036087 2.680951
v 3.220000 1.011114 2.649635
v 3.220000 0.934973 2.632257
v 3.220000 0.898886 2.649635
v 3.220000 0.873913 2.680951
v 2.490000 0.050031 3.138014
v 2.490000 0.930364 2.950894
v 2.490000 0.039635 3.089107
v 2.490000 0.919968 2.901987
v 3.110000 0.050031 3.138014
v 3.110000 0.930364 2.950894
v 3.110000 0.039635 3.089107
v 3.110000 0.919968 2.901987
v 2.490000 0.039635 3.150893
v 2.490000 0.919968 3.338014
v 2.490000 0.050031 3.101986
v 2.490000 0.930364 3.289106
v 3.110000 0.039635 3.150893
v 3.110000 0.919968 3.338014
v 3.110000 0.050031 3.101986
v 3.110000 0.930364 3.289106
v 2.550000 0.184290 3.143392
v 2.550000 0.829867 3.006171
v 2.550000 0.180132 3.123829
v 2.550000 0.825709 2.986608
v 3.050000 0.184290 3.143392
v 3.050000 0.829867 3.006171
v 3.050000 0.180132 3.123829
v 3.050000 0.825709 2.986608
vn -1.0000 -0.0000 -0.0000
vn -0.0000 -0.0000 -1.0000
vn 1.0000 -0.0000 -0.0000
vn -0.0000 -0.0000 1.0000
vn -0.0000 -1.0000 -0.0000
vn -0.0000 1.0000 -0.0000
vn -0.0000 -0.6437 -0.7653
vn -0.0000 0.6437 -0.7653
vn 0.4498 0.6437 -0.6191
vn 0.4498 -0.6437 -0.6191
vn 0.7278 0.6437 -0.2365
vn 0.7278 -0.6437 -0.2365
vn 0.7278 0.6437 0.2365
vn 0.7278 -0.6437 0.2365
vn 0.4498 0.6437 0.6191
vn 0.4498 -0.6437 0.6191
vn -0.0000 0.6437 0.7653
vn -0.0000 -0.6437 0.7653
vn -0.4498 0.6437 0.6191
vn -0.4498 -0.6437 0.6191
vn -0.7278 0.6437 0.2365
vn -0.7278 -0.6437 0.2365
vn -0.7278 0.6437 -0.2365
vn -0.7278 -0.6437 -0.2365
vn -0.4498 0.6437 -0.6191
vn -0.4498 -0.6437 -0.6191
vn -0.0000 0.4067 -0.9135
vn -0.0000 -0.4067 0.9135
vn -0.0000 -0.9135 -0.4067
vn -0.0000 0.9135 0.4067
vn -0.0000 0.0002 1.0000
vn -0.0000 0.0001 1.0000
vn -0.0000 -0.0001 1.0000
vn -0.0000 -0.0002 1.0000
vn -0.0000 0.0001 -1.0000
vn -0.0000 -0.0001 -1.0000
vn -0.0000 0.0002 -1.0000
vn -0.0000 0.0003 -1.0000
vn -0.4763 -0.8793 -0.0000
vn -0.4457 -0.8952 -0.0000
vn -0.4117 -0.9113 -0.0000
vn -0.3742 -0.9273 -0.0000
vn -0.3334 -0.9428 -0.0000
vn -0.2897 -0.9571 -0.0000
vn -0.2434 -0.9699 -0.0000
vn -0.1952 -0.9808 -0.0000
vn -0.1460 -0.9893 -0.0000
vn -0.0965 -0.9953 -0.0000
vn -0.0476 -0.9989 -0.0000
vn 0.0180 -0.9998 -0.0000
vn 0.1203 -0.9927 -0.0000
vn 0.2418 -0.9703 -0.0000
vn 0.3623 -0.9320 -0.0000
vn 0.4793 -0.8776 -0.0000
vn 0.5902 -0.8073 -0.0000
vn 0.6922 -0.7217 -0.0000
vn 0.7829 -0.6221 -0.0000
vn 0.8599 -0.5105 -0.0000
vn 0.9212 -0.3892 -0.0000
vn 0.9652 -0.2614 -0.0000
vn 0.9915 -0.1305 -0.0000
vn 1.0000 -0.0015 -0.0000
vn 0.9921 0.1257 -0.0000
vn 0.9670 0.2546 -0.0000
vn 0.9234 0.3838 -0.0000
vn 0.8609 0.5087 -0.0000
vn 0.7808 0.6248 -0.0000
vn 0.6854 0.7282 -0.0000
vn 0.5784 0.8158 -0.0000
vn 0.4637 0.8860 -0.0000
vn 0.3454 0.9385 -0.0000
vn 0.2270 0.9739 -0.0000
vn 0.1113 0.9938 -0.0000
vn 0.0128 0.9999 -0.0000
vn -0.0569 0.9984 -0.0000
vn -0.1116 0.9938 -0.0000
vn -0.1639 0.9865 -0.0000
vn -0.2138 0.9769 -0.0000
vn -0.2616 0.9652 -0.0000
vn -0.3072 0.9516 -0.0000
vn -0.3509 0.9364 -0.0000
vn -0.3927 0.9196 -0.0000
vn -0.4329 0.9014 -0.0000
vn -0.4716 0.8818 -0.0000
vn -0.5088 0.8609 -0.0000
vn 0.4864 0.8738 -0.0000
vn 0.8517 -0.5240 -0.0000
vn 0.4374 -0.8993 -0.0000
vn 0.4081 -0.9129 -0.0000
vn 0.3749 -0.9271 -0.0000
vn 0.3381 -0.9411 -0.0000
vn 0.2984 -0.9544 -0.0000
vn 0.2565 -0.9666 -0.0000
vn 0.2131 -0.9770 -0.0000
vn 0.1690 -0.9856 -0.0000
vn 0.1251 -0.9921 -0.0000
vn 0.0819 -0.9966 -0.0000
vn 0.0401 -0.9992 -0.0000
vn -0.0226 -0.9997 -0.0000
vn -0.1330 -0.9911 -0.0000
vn -0.2704 -0.9628 -0.0000
vn -0.4061 -0.9138 -0.0000
vn -0.5336 -0.8457 -0.0000
vn -0.6474 -0.7621 -0.0000
vn -0.7446 -0.6675 -0.0000
vn -0.8244 -0.5661 -0.0000
vn -0.8876 -0.4607 -0.0000
vn -0.9358 -0.3524 -0.0000
vn -0.9705 -0.2409 -0.0000
vn -0.9923 -0.1241 -0.0000
vn -1.0000 -0.0004 -0.0000
vn -0.9918 0.1279 -0.0000
vn -0.9664 0.2571 -0.0000
vn -0.9232 0.3844 -0.0000
vn -0.8625 0.5061 -0.0000
vn -0.7855 0.6188 -0.0000
vn -0.6942 0.7198 -0.0000
vn -0.5911 0.8066 -0.0000
vn -0.4790 0.8778 -0.0000
vn -0.3610 0.9325 -0.0000
vn -0.2401 0.9708 -0.0000
vn -0.1190 0.9929 -0.0000
vn -0.0192 0.9998 -0.0000
vn 0.0408 0.9992 -0.0000
vn 0.0816 0.9967 -0.0000
vn 0.1217 0.9926 -0.0000
vn 0.1606 0.9870 -0.0000
vn 0.1976 0.9803 -0.0000
vn 0.2325 0.9726 -0.0000
vn 0.2648 0.9643 -0.0000
vn 0.2945 0.9556 -0.0000
vn 0.3214 0.9469 -0.0000
vn 0.3457 0.9384 -0.0000
vn 0.3673 0.9301 -0.0000
vn 0.8299 0.5579 -0.0000
vn 0.5047 -0.8633 -0.0000
vn -0.5420 -0.8404 -0.0000
vn 0.5507 -0.8347 -0.0000
vn -0.8345 -0.5510 -0.0000
vn -0.5510 0.8345 -0.0000
vn 0.5449 0.8385 -0.0000
vn 0.8385 -0.5449 -0.0000
vn -0.8387 0.5446 -0.0000
vn 0.0137 -0.9999 -0.0000
vn 0.8312 0.5560 -0.0000
vn 0.7071 -0.7071 -0.0000
vn 0.7071 0.7071 -0.0000
vn -0.7071 -0.7071 -0.0000
vn -0.7071 0.7071 -0.0000
vn -0.0000 -0.6657 -0.7462
vn -0.0000 0.6657 -0.7462
vn 0.2856 0.6657 -0.6894
vn 0.2856 -0.6657 -0.6894
vn 0.5276 0.6657 -0.5276
vn 0.5276 -0.6657 -0.5276
vn 0.6894 0.6657 -0.2856
vn 0.6894 -0.6657 -0.2856
vn 0.7462 0.6657 -0.0000
vn 0.7462 -0.6657 -0.0000
vn 0.6894 0.6657 0.2856
vn 0.6894 -0.6657 0.2856
vn 0.5276 0.6657 0.5276
vn 0.5276 -0.6657 0.5276
vn 0.2856 0.6657 0.6894
vn 0.2856 -0.6657 0.6894
vn -0.0000 0.6657 0.7462
vn -0.0000 -0.6657 0.7462
vn -0.2856 0.6657 0.6894
vn -0.2856 -0.6657 0.6894
vn -0.5276 0.6657 0.5276
vn -0.5276 -0.6657 0.5276
vn -0.6894 0.6657 0.2856
vn -0.6894 -0.6657 0.2856
vn -0.7462 0.6657 -0.0000
vn -0.7462 -0.6657 -0.0000
vn -0.6894 0.6657 -0.2856
vn -0.6894 -0.6657 -0.2856
vn -0.5276 0.6657 -0.5276
vn -0.5276 -0.6657 -0.5276
vn -0.2856 0.6657 -0.6894
vn -0.2856 -0.6657 -0.6894
vn 0.9397 0.3420 -0.0000
vn 0.6833 0.2487 0.6865
vn 0.7271 -0.0000 0.6865
vn 0.0399 0.0145 0.9991
vn 0.0424 -0.0000 0.9991
vn -0.6433 -0.2341 0.7289
vn -0.6846 -0.0000 0.7289
vn -0.9397 -0.3420 -0.0000
vn -0.6433 -0.2341 -0.7289
vn -0.6846 -0.0000 -0.7289
vn 0.0399 0.0145 -0.9991
vn 0.0424 -0.0000 -0.9991
vn 0.6833 0.2487 -0.6865
vn 0.7271 -0.0000 -0.6865
vn 0.7660 0.6428 -0.0000
vn 0.5570 0.4674 0.6865
vn 0.0325 0.0273 0.9991
vn -0.5244 -0.4400 0.7289
vn -0.7660 -0.6428 -0.0000
vn -0.5244 -0.4400 -0.7289
vn 0.0325 0.0273 -0.9991
vn 0.5570 0.4674 -0.6865
vn 0.5000 0.8660 -0.0000
vn 0.3636 0.6297 0.6865
vn 0.0212 0.0368 0.9991
vn -0.3423 -0.5929 0.7289
vn -0.5000 -0.8660 -0.0000
vn -0.3423 -0.5929 -0.7289
vn 0.0212 0.0368 -0.9991
vn 0.3636 0.6297 -0.6865
vn 0.1736 0.9848 -0.0000
vn 0.1263 0.7161 0.6865
vn 0.0074 0.0418 0.9991
vn -0.1189 -0.6742 0.7289
vn -0.1736 -0.9848 -0.0000
vn -0.1189 -0.6742 -0.7289
vn 0.0074 0.0418 -0.9991
vn 0.1263 0.7161 -0.6865
vn -0.1736 0.9848 -0.0000
vn -0.1263 0.7161 0.6865
vn -0.0074 0.0418 0.9991
vn 0.1189 -0.6742 0.7289
vn 0.1736 -0.9848 -0.0000
vn 0.1189 -0.6742 -0.7289
vn -0.0074 0.0418 -0.9991
vn -0.1263 0.7161 -0.6865
vn -0.5000 0.8660 -0.0000
vn -0.3636 0.6297 0.6865
vn -0.0212 0.0368 0.9991
vn 0.3423 -0.5929 0.7289
vn 0.5000 -0.8660 -0.0000
vn 0.3423 -0.5929 -0.7289
vn -0.0212 0.0368 -0.9991
vn -0.3636 0.6297 -0.6865
vn -0.7660 0.6428 -0.0000
vn -0.5570 0.4674 0.6865
vn -0.0325 0.0273 0.9991
vn 0.5244 -0.4401 0.7289
vn 0.7660 -0.6428 -0.0000
vn 0.5244 -0.4400 -0.7289
vn -0.0325 0.0273 -0.9991
vn -0.5570 0.4674 -0.6865
vn -0.9397 0.3420 -0.0000
vn -0.6833 0.2487 0.6865
vn -0.0399 0.0145 0.9991
vn 0.6433 -0.2341 0.7289
vn 0.9397 -0.3420 -0.0000
vn 0.6433 -0.2341 -0.7289
vn -0.0399 0.0145 -0.9991
vn -0.6833 0.2487 -0.6865
vn -0.7271 -0.0000 0.6865
vn -0.0424 -0.0000 0.9991
vn 0.6846 -0.0000 0.7289
vn 0.6846 -0.0000 -0.7289
vn -0.0424 -0.0000 -0.9991
vn -0.7271 -0.0000 -0.6865
vn -0.6833 -0.2487 0.6865
vn -0.0399 -0.0145 0.9991
vn 0.6433 0.2341 0.7289
vn 0.6433 0.2341 -0.7289
vn -0.0399 -0.0145 -0.9991
vn -0.6833 -0.2487 -0.6865
vn -0.5570 -0.4674 0.6865
vn -0.0325 -0.0273 0.9991
vn 0.5244 0.4401 0.7289
vn 0.5244 0.4401 -0.7289
vn -0.0325 -0.0273 -0.9991
vn -0.5570 -0.4674 -0.6865
vn -0.3636 -0.6297 0.6865
vn -0.0212 -0.0368 0.9991
vn 0.3423 0.5929 0.7289
vn 0.3423 0.5929 -0.7289
vn -0.0212 -0.0368 -0.9991
vn -0.3636 -0.6297 -0.6865
vn -0.1263 -0.7161 0.6865
vn -0.0074 -0.0418 0.9991
vn 0.1189 0.6742 0.7289
vn 0.1737 0.9848 -0.0000
vn 0.1189 0.6742 -0.7289
vn -0.0074 -0.0418 -0.9991
vn -0.1263 -0.7161 -0.6865
vn 0.1263 -0.7161 0.6865
vn 0.0074 -0.0418 0.9991
vn -0.1189 0.6742 0.7289
vn -0.1189 0.6742 -0.7289
vn 0.0074 -0.0418 -0.9991
vn 0.1263 -0.7161 -0.6865
vn 0.3636 -0.6297 0.6865
vn 0.0212 -0.0368 0.9991
vn -0.3423 0.5929 0.7289
vn -0.3423 0.5929 -0.7289
vn 0.0212 -0.0368 -0.9991
vn 0.3636 -0.6297 -0.6865
vn 0.5570 -0.4674 0.6865
vn 0.0325 -0.0273 0.9991
vn -0.5244 0.4401 0.7289
vn -0.5244 0.4400 -0.7289
vn 0.0325 -0.0273 -0.9991
vn 0.5570 -0.4674 -0.6865
vn 0.6833 -0.2487 0.6865
vn 0.0399 -0.0145 0.9991
vn -0.6433 0.2341 0.7289
vn -0.6433 0.2341 -0.7289
vn 0.0399 -0.0145 -0.9991
vn 0.6833 -0.2487 -0.6865
vn -0.0000 -0.6532 -0.7572
vn -0.0000 0.6532 -0.7572
vn 0.3786 0.6532 -0.6557
vn 0.3786 -0.6532 -0.6557
vn 0.6557 0.6532 -0.3786
vn 0.6557 -0.6532 -0.3786
vn 0.7572 0.6532 -0.0000
vn 0.7572 -0.6532 -0.0000
vn 0.6557 0.6532 0.3786
vn 0.6557 -0.6532 0.3786
vn 0.3786 0.6532 0.6557
vn 0.3786 -0.6532 0.6557
vn -0.0000 0.6532 0.7572
vn -0.0000 -0.6532 0.7572
vn -0.3786 0.6532 0.6557
vn -0.3786 -0.6532 0.6557
vn -0.6557 0.6532 0.3786
vn -0.6557 -0.6532 0.3786
vn -0.7572 0.6532 -0.0000
vn -0.7572 -0.6532 -0.0000
vn -0.6557 0.6532 -0.3786
vn -0.6557 -0.6532 -0.3786
vn -0.3786 0.6532 -0.6557
vn -0.3786 -0.6532 -0.6557
vn -0.0000 -0.9115 -0.4113
vn 0.2057 -0.9115 -0.3562
vn -0.0000 -0.6599 -0.7513
vn -0.0000 -0.2451 -0.9695
vn 0.4847 -0.2451 -0.8396
vn 0.3757 -0.6599 -0.6507
vn -0.0000 0.2451 -0.9695
vn -0.0000 0.6599 -0.7513
vn 0.3757 0.6599 -0.6507
vn 0.4847 0.2451 -0.8396
vn -0.0000 0.9115 -0.4113
vn 0.2057 0.9115 -0.3562
vn 0.3562 0.9115 -0.2057
vn 0.6507 0.6599 -0.3757
vn 0.3562 -0.9115 -0.2057
vn 0.8396 -0.2451 -0.4847
vn 0.6507 -0.6599 -0.3757
vn 0.8396 0.2451 -0.4847
vn 0.4113 -0.9115 -0.0000
vn 0.9695 -0.2451 -0.0000
vn 0.7513 -0.6599 -0.0000
vn 0.7513 0.6599 -0.0000
vn 0.9695 0.2451 -0.0000
vn 0.4113 0.9115 -0.0000
vn 0.8396 -0.2451 0.4847
vn 0.6507 -0.6599 0.3757
vn 0.6507 0.6599 0.3757
vn 0.8396 0.2451 0.4847
vn 0.3562 0.9115 0.2057
vn 0.3562 -0.9115 0.2057
vn 0.2057 0.9115 0.3562
vn 0.3757 -0.6599 0.6507
vn 0.2057 -0.9115 0.3562
vn 0.4847 0.2451 0.8396
vn 0.4847 -0.2451 0.8396
vn 0.3757 0.6599 0.6507
vn -0.0000 -0.6599 0.7513
vn -0.0000 -0.9115 0.4113
vn -0.0000 0.2451 0.9695
vn -0.0000 -0.2451 0.9695
vn -0.0000 0.9115 0.4113
vn -0.0000 0.6599 0.7513
vn -0.4847 0.2451 0.8396
vn -0.4847 -0.2451 0.8396
vn -0.2057 0.9115 0.3562
vn -0.3757 0.6599 0.6507
vn -0.2057 -0.9115 0.3562
vn -0.3757 -0.6599 0.6507
vn -0.3562 -0.9115 0.2057
vn -0.8396 -0.2451 0.4847
vn -0.6507 -0.6599 0.3757
vn -0.6507 0.6599 0.3757
vn -0.8396 0.2451 0.4847
vn -0.3562 0.9115 0.2057
vn -0.4113 -0.9115 -0.0000
vn -0.9695 -0.2451 -0.0000
vn -0.7513 -0.6599 -0.0000
vn -0.7513 0.6599 -0.0000
vn -0.9695 0.2451 -0.0000
vn -0.4113 0.9115 -0.0000
vn -0.6507 0.6599 -0.3757
vn -0.8396 0.2451 -0.4847
vn -0.3562 0.9115 -0.2057
vn -0.6507 -0.6599 -0.3757
vn -0.3562 -0.9115 -0.2057
vn -0.8396 -0.2451 -0.4847
vn -0.3757 -0.6599 -0.6507
vn -0.2057 -0.9115 -0.3562
vn -0.4847 0.2451 -0.8396
vn -0.4847 -0.2451 -0.8396
vn -0.2057 0.9115 -0.3562
vn -0.3757 0.6599 -0.6507
vn -0.0000 -0.8864 -0.4630
vn 0.2315 -0.8864 -0.4009
vn -0.0000 -0.6061 -0.7954
vn -0.0000 -0.2150 -0.9766
vn 0.4883 -0.2150 -0.8458
vn 0.3977 -0.6061 -0.6888
vn -0.0000 0.2150 -0.9766
vn -0.0000 0.6061 -0.7954
vn 0.3977 0.6061 -0.6888
vn 0.4883 0.2150 -0.8458
vn -0.0000 0.8864 -0.4630
vn 0.2315 0.8864 -0.4009
vn 0.4009 0.8864 -0.2315
vn 0.6888 0.6061 -0.3977
vn 0.4009 -0.8864 -0.2315
vn 0.8458 -0.2150 -0.4883
vn 0.6888 -0.6061 -0.3977
vn 0.8458 0.2150 -0.4883
vn 0.4630 -0.8864 -0.0000
vn 0.9766 -0.2150 -0.0000
vn 0.7954 -0.6061 -0.0000
vn 0.7954 0.6061 -0.0000
vn 0.9766 0.2150 -0.0000
vn 0.4630 0.8864 -0.0000
vn 0.8458 -0.2150 0.4883
vn 0.6888 -0.6061 0.3977
vn 0.6888 0.6061 0.3977
vn 0.8458 0.2150 0.4883
vn 0.4009 0.8864 0.2315
vn 0.4009 -0.8864 0.2315
vn 0.2315 0.8864 0.4009
vn 0.3977 -0.6061 0.6888
vn 0.2315 -0.8864 0.4009
vn 0.4883 0.2150 0.8458
vn 0.4883 -0.2150 0.8458
vn 0.3977 0.6061 0.6888
vn -0.0000 -0.6061 0.7954
vn -0.0000 -0.8864 0.4630
vn -0.0000 0.2150 0.9766
vn -0.0000 -0.2150 0.9766
vn -0.0000 0.8864 0.4630
vn -0.0000 0.6061 0.7954
vn -0.4883 0.2150 0.8458
vn -0.4883 -0.2150 0.8458
vn -0.2315 0.8864 0.4009
vn -0.3977 0.6061 0.6888
vn -0.2315 -0.8864 0.4009
vn -0.3977 -0.6061 0.6888
vn -0.4009 -0.8864 0.2315
vn -0.8458 -0.2150 0.4883
vn -0.6888 -0.6061 0.3977
vn -0.6888 0.6061 0.3977
vn -0.8458 0.2150 0.4883
vn -0.4009 0.8864 0.2315
vn -0.4630 -0.8864 -0.0000
vn -0.9766 -0.2150 -0.0000
vn -0.7954 -0.6061 -0.0000
vn -0.7954 0.6061 -0.0000
vn -0.9766 0.2150 -0.0000
vn -0.4630 0.8864 -0.0000
vn -0.6888 0.6061 -0.3977
vn -0.8458 0.2150 -0.4883
vn -0.4009 0.8864 -0.2315
vn -0.6888 -0.6061 -0.3977
vn -0.4009 -0.8864 -0.2315
vn -0.8458 -0.2150 -0.4883
vn -0.3977 -0.6061 -0.6888
vn -0.2315 -0.8864 -0.4009
vn -0.4883 0.2150 -0.8458
vn -0.4883 -0.2150 -0.8458
vn -0.2315 0.8864 -0.4009
vn -0.3977 0.6061 -0.6888
vn -0.0000 -0.2079 -0.9781
vn -0.0000 0.2079 0.9781
vn -0.0000 -0.9781 0.2079
vn -0.0000 0.9781 -0.2079
vn -0.0000 0.2079 -0.9781
vn -0.0000 -0.2079 0.9781
vn -0.0000 -0.9781 -0.2079
vn -0.0000 0.9781 0.2079
vt 0.433527 0.921315
vt 0.406219 0.921293
vt 0.406219 0.888809
vt 0.433527 0.888832
vt 0.848091 0.800328
vt 0.875398 0.800321
vt 0.875398 0.847636
vt 0.848091 0.847644
vt 0.467082 0.921332
vt 0.439774 0.921323
vt 0.439774 0.888809
vt 0.467082 0.888818
vt 0.320873 0.933273
vt 0.293565 0.933265
vt 0.293565 0.885950
vt 0.320873 0.885957
vt 0.088423 0.922255
vt 0.088423 0.874921
vt 0.121191 0.874921
vt 0.121191 0.922255
vt 0.078547 0.771256
vt 0.078547 0.818590
vt 0.045780 0.818588
vt 0.045780 0.771254
vt 0.737307 0.767675
vt 0.591665 0.767555
vt 0.591665 0.565435
vt 0.737307 0.565556
vt 0.655369 0.003164
vt 0.801007 0.003123
vt 0.801007 0.272456
vt 0.655369 0.272497
vt 0.585418 0.767793
vt 0.439774 0.767744
vt 0.439774 0.565435
vt 0.585418 0.565484
vt 0.795545 0.559111
vt 0.649908 0.559070
vt 0.649908 0.289737
vt 0.795545 0.289778
vt 0.445236 0.272567
vt 0.445236 0.003124
vt 0.649122 0.003123
vt 0.649122 0.272566
vt 0.643661 0.289749
vt 0.643661 0.559188
vt 0.439774 0.559177
vt 0.439774 0.289737
vt 0.400752 0.783855
vt 0.388008 0.783844
vt 0.388008 0.570897
vt 0.400752 0.570908
vt 0.807254 0.003127
vt 0.819997 0.003123
vt 0.819997 0.283375
vt 0.807254 0.283379
vt 0.381762 0.784049
vt 0.369018 0.784044
vt 0.369018 0.570897
vt 0.381762 0.570902
vt 0.814535 0.569992
vt 0.801792 0.569989
vt 0.801792 0.289737
vt 0.814535 0.289741
vt 0.224179 0.283490
vt 0.224179 0.003125
vt 0.438989 0.003123
vt 0.438989 0.283489
vt 0.217932 0.003136
vt 0.217932 0.283499
vt 0.003123 0.283486
vt 0.003123 0.003123
vt 0.922402 0.210661
vt 0.917304 0.210657
vt 0.917304 0.003123
vt 0.922402 0.003128
vt 0.857670 0.003125
vt 0.862767 0.003123
vt 0.862767 0.277916
vt 0.857670 0.277917
vt 0.197770 0.896267
vt 0.192673 0.896266
vt 0.192673 0.688537
vt 0.197770 0.688539
vt 0.860219 0.564531
vt 0.855122 0.564529
vt 0.855122 0.289737
vt 0.860219 0.289739
vt 0.003123 0.564651
vt 0.003123 0.289747
vt 0.212471 0.289746
vt 0.212471 0.564650
vt 0.433527 0.289749
vt 0.433527 0.564650
vt 0.224179 0.564638
vt 0.224179 0.289737
vt 0.473329 0.986711
vt 0.473329 0.975788
vt 0.481270 0.975781
vt 0.481270 0.986704
vt 0.820782 0.289740
vt 0.831705 0.289737
vt 0.831705 0.569989
vt 0.820782 0.569992
vt 0.499602 0.986690
vt 0.499602 0.975767
vt 0.507550 0.975764
vt 0.507550 0.986687
vt 0.848875 0.569992
vt 0.837952 0.569989
vt 0.837952 0.289737
vt 0.848875 0.289740
vt 0.787535 0.845723
vt 0.787535 0.565358
vt 0.795545 0.565358
vt 0.795545 0.845723
vt 0.429266 0.570898
vt 0.429266 0.851261
vt 0.421256 0.851260
vt 0.421256 0.570897
vt 0.204639 0.987099
vt 0.204639 0.976176
vt 0.212580 0.976169
vt 0.212580 0.987092
vt 0.351848 0.570901
vt 0.362771 0.570897
vt 0.362771 0.851149
vt 0.351848 0.851152
vt 0.553181 0.986690
vt 0.553181 0.975767
vt 0.561129 0.975764
vt 0.561129 0.986688
vt 0.837166 0.283378
vt 0.826244 0.283375
vt 0.826244 0.003123
vt 0.837166 0.003126
vt 0.406999 0.851263
vt 0.406999 0.570898
vt 0.415009 0.570898
vt 0.415009 0.851263
vt 0.851423 0.003124
vt 0.851423 0.283487
vt 0.843413 0.283486
vt 0.843413 0.003123
vt 0.847056 0.789196
vt 0.836133 0.789186
vt 0.836133 0.576239
vt 0.847056 0.576248
vt 0.661740 0.984933
vt 0.661740 0.974010
vt 0.669747 0.974013
vt 0.669747 0.984935
vt 0.812715 0.789390
vt 0.801792 0.789386
vt 0.801792 0.576239
vt 0.812715 0.576243
vt 0.336209 0.754514
vt 0.336209 0.743591
vt 0.344216 0.743589
vt 0.344216 0.754512
vt 0.866466 0.289737
vt 0.874476 0.289737
vt 0.874476 0.504546
vt 0.866466 0.504546
vt 0.870473 0.576240
vt 0.878483 0.576239
vt 0.878483 0.791048
vt 0.870473 0.791049
vt 0.864226 0.789196
vt 0.853303 0.789187
vt 0.853303 0.576239
vt 0.864226 0.576248
vt 0.143380 0.970943
vt 0.143380 0.960020
vt 0.151387 0.960022
vt 0.151387 0.970945
vt 0.829886 0.789390
vt 0.818962 0.789386
vt 0.818962 0.576239
vt 0.829886 0.576243
vt 0.265946 0.986520
vt 0.265946 0.975597
vt 0.273953 0.975595
vt 0.273953 0.986518
vt 0.869014 0.003123
vt 0.877025 0.003123
vt 0.877025 0.217933
vt 0.869014 0.217933
vt 0.880723 0.289738
vt 0.888734 0.289737
vt 0.888734 0.504546
vt 0.880723 0.504547
vt 0.991286 0.042806
vt 0.994927 0.042805
vt 0.994936 0.045828
vt 0.991295 0.045829
vt 0.994203 0.151604
vt 0.990561 0.151603
vt 0.990557 0.149305
vt 0.994198 0.149307
vt 0.990557 0.146179
vt 0.994198 0.146181
vt 0.990561 0.143420
vt 0.994203 0.143421
vt 0.994569 0.546540
vt 0.990928 0.546539
vt 0.990918 0.543571
vt 0.994559 0.543572
vt 0.990928 0.540549
vt 0.994569 0.540550
vt 0.990882 0.986322
vt 0.987241 0.986319
vt 0.987229 0.984037
vt 0.990870 0.984040
vt 0.987229 0.980914
vt 0.990870 0.980917
vt 0.918251 0.974348
vt 0.920102 0.971799
vt 0.923098 0.970825
vt 0.926094 0.971798
vt 0.927946 0.974347
vt 0.927946 0.977497
vt 0.926094 0.980046
vt 0.923098 0.981020
vt 0.920102 0.980047
vt 0.918251 0.977498
vt 0.987241 0.978144
vt 0.990882 0.978147
vt 0.991295 0.039839
vt 0.994936 0.039838
vt 0.653805 0.961091
vt 0.653805 0.964241
vt 0.651953 0.966790
vt 0.648957 0.967764
vt 0.645961 0.966790
vt 0.644110 0.964241
vt 0.644110 0.961091
vt 0.645961 0.958542
vt 0.648957 0.957568
vt 0.651953 0.958542
vt 0.992883 0.384378
vt 0.996524 0.384377
vt 0.996534 0.387399
vt 0.992893 0.387400
vt 0.329667 0.993358
vt 0.326026 0.993357
vt 0.326021 0.991059
vt 0.329662 0.991060
vt 0.326021 0.987933
vt 0.329662 0.987934
vt 0.326026 0.985173
vt 0.329667 0.985175
vt 0.996537 0.307966
vt 0.992896 0.307965
vt 0.992886 0.304998
vt 0.996527 0.304999
vt 0.992896 0.301975
vt 0.996537 0.301976
vt 0.709465 0.988561
vt 0.705824 0.988558
vt 0.705813 0.986276
vt 0.709454 0.986279
vt 0.705813 0.983153
vt 0.709454 0.983156
vt 0.973467 0.351211
vt 0.975319 0.353760
vt 0.975319 0.356910
vt 0.973467 0.359459
vt 0.970471 0.360432
vt 0.967475 0.359458
vt 0.965623 0.356909
vt 0.965623 0.353759
vt 0.967475 0.351210
vt 0.970471 0.350237
vt 0.705824 0.980382
vt 0.709465 0.980385
vt 0.992893 0.381410
vt 0.996534 0.381409
vt 0.466314 0.960447
vt 0.466314 0.963597
vt 0.464462 0.966146
vt 0.461466 0.967119
vt 0.458470 0.966145
vt 0.456618 0.963597
vt 0.456618 0.960446
vt 0.458470 0.957897
vt 0.461466 0.956924
vt 0.464462 0.957898
vt 0.991284 0.130978
vt 0.994925 0.130977
vt 0.994934 0.134000
vt 0.991293 0.134001
vt 0.994168 0.701327
vt 0.990527 0.701326
vt 0.990522 0.699028
vt 0.994163 0.699029
vt 0.990522 0.695902
vt 0.994163 0.695903
vt 0.990527 0.693142
vt 0.994168 0.693144
vt 0.996537 0.320204
vt 0.992896 0.320203
vt 0.992886 0.317236
vt 0.996527 0.317237
vt 0.992896 0.314213
vt 0.996537 0.314214
vt 0.297218 0.990914
vt 0.293577 0.990911
vt 0.293566 0.988629
vt 0.297207 0.988632
vt 0.293566 0.985506
vt 0.297207 0.985509
vt 0.461466 0.973366
vt 0.464463 0.974339
vt 0.466314 0.976888
vt 0.466314 0.980038
vt 0.464462 0.982587
vt 0.461466 0.983560
vt 0.458470 0.982587
vt 0.456618 0.980038
vt 0.456618 0.976888
vt 0.458470 0.974339
vt 0.293577 0.982735
vt 0.297218 0.982738
vt 0.991293 0.128011
vt 0.994934 0.128010
vt 0.555033 0.960297
vt 0.558029 0.959323
vt 0.561025 0.960296
vt 0.562877 0.962845
vt 0.562877 0.965995
vt 0.561025 0.968544
vt 0.558029 0.969517
vt 0.555033 0.968544
vt 0.553181 0.965996
vt 0.553181 0.962845
vt 0.991615 0.245114
vt 0.995255 0.245113
vt 0.995265 0.248135
vt 0.991624 0.248136
vt 0.492918 0.993420
vt 0.489277 0.993418
vt 0.489272 0.991121
vt 0.492913 0.991122
vt 0.489272 0.987995
vt 0.492913 0.987996
vt 0.489277 0.985235
vt 0.492918 0.985236
vt 0.994569 0.558778
vt 0.990928 0.558777
vt 0.990918 0.555809
vt 0.994559 0.555810
vt 0.990928 0.552786
vt 0.994569 0.552788
vt 0.162050 0.987547
vt 0.158409 0.987544
vt 0.158397 0.985262
vt 0.162039 0.985265
vt 0.158397 0.982139
vt 0.162039 0.982142
vt 0.811487 0.972566
vt 0.811487 0.975716
vt 0.809636 0.978265
vt 0.806640 0.979238
vt 0.803644 0.978265
vt 0.801792 0.975716
vt 0.801792 0.972566
vt 0.803644 0.970017
vt 0.806640 0.969043
vt 0.809636 0.970017
vt 0.158409 0.979369
vt 0.162050 0.979371
vt 0.991624 0.242146
vt 0.995265 0.242145
vt 0.677846 0.958542
vt 0.680842 0.957568
vt 0.683838 0.958542
vt 0.685690 0.961090
vt 0.685690 0.964240
vt 0.683838 0.966789
vt 0.680842 0.967763
vt 0.677846 0.966790
vt 0.675994 0.964241
vt 0.675994 0.961091
vt 0.992883 0.396616
vt 0.996524 0.396615
vt 0.996534 0.399638
vt 0.992893 0.399639
vt 0.994151 0.716707
vt 0.990510 0.716706
vt 0.990505 0.714408
vt 0.994146 0.714409
vt 0.990505 0.711282
vt 0.994146 0.711283
vt 0.990510 0.708522
vt 0.994151 0.708523
vt 0.994936 0.009115
vt 0.991295 0.009114
vt 0.991286 0.006146
vt 0.994927 0.006147
vt 0.991295 0.003123
vt 0.994936 0.003124
vt 0.779569 0.992808
vt 0.775928 0.992805
vt 0.775917 0.990523
vt 0.779558 0.990526
vt 0.775917 0.987400
vt 0.779558 0.987403
vt 0.625325 0.975314
vt 0.628322 0.976288
vt 0.630173 0.978837
vt 0.630173 0.981987
vt 0.628322 0.984535
vt 0.625325 0.985509
vt 0.622329 0.984535
vt 0.620477 0.981986
vt 0.620477 0.978836
vt 0.622329 0.976288
vt 0.775928 0.984629
vt 0.779569 0.984632
vt 0.992893 0.393648
vt 0.996534 0.393647
vt 0.475181 0.960313
vt 0.478177 0.959340
vt 0.481173 0.960313
vt 0.483025 0.962861
vt 0.483025 0.966012
vt 0.481173 0.968561
vt 0.478177 0.969534
vt 0.475181 0.968561
vt 0.473329 0.966013
vt 0.473329 0.962862
vt 0.991615 0.257352
vt 0.995255 0.257351
vt 0.995265 0.260373
vt 0.991624 0.260374
vt 0.519191 0.993426
vt 0.515550 0.993425
vt 0.515545 0.991127
vt 0.519186 0.991128
vt 0.515545 0.988001
vt 0.519186 0.988002
vt 0.515550 0.985241
vt 0.519191 0.985242
vt 0.994934 0.097287
vt 0.991293 0.097286
vt 0.991284 0.094319
vt 0.994924 0.094320
vt 0.991293 0.091296
vt 0.994934 0.091297
vt 0.016676 0.986775
vt 0.013035 0.986772
vt 0.013023 0.984489
vt 0.016664 0.984492
vt 0.013023 0.981367
vt 0.016664 0.981370
vt 0.943469 0.970969
vt 0.945321 0.973518
vt 0.945321 0.976668
vt 0.943469 0.979217
vt 0.940473 0.980190
vt 0.937477 0.979216
vt 0.935625 0.976667
vt 0.935625 0.973517
vt 0.937477 0.970968
vt 0.940473 0.969995
vt 0.013035 0.978596
vt 0.016676 0.978599
vt 0.991624 0.254384
vt 0.995265 0.254383
vt 0.669747 0.961091
vt 0.669747 0.964241
vt 0.667896 0.966790
vt 0.664900 0.967763
vt 0.661904 0.966790
vt 0.660052 0.964241
vt 0.660052 0.961090
vt 0.661904 0.958542
vt 0.664900 0.957568
vt 0.667896 0.958542
vt 0.990918 0.519041
vt 0.994559 0.519040
vt 0.994569 0.522063
vt 0.990928 0.522064
vt 0.994168 0.672464
vt 0.990527 0.672463
vt 0.990522 0.670165
vt 0.994163 0.670166
vt 0.990522 0.667039
vt 0.994163 0.667040
vt 0.990527 0.664279
vt 0.994168 0.664280
vt 0.994934 0.109525
vt 0.991293 0.109524
vt 0.991284 0.106557
vt 0.994924 0.106558
vt 0.991293 0.103534
vt 0.994934 0.103535
vt 0.769670 0.992825
vt 0.766029 0.992822
vt 0.766017 0.990540
vt 0.769658 0.990543
vt 0.766017 0.987417
vt 0.769658 0.987420
vt 0.093271 0.974763
vt 0.096267 0.975736
vt 0.098119 0.978285
vt 0.098119 0.981435
vt 0.096267 0.983984
vt 0.093271 0.984957
vt 0.090275 0.983984
vt 0.088423 0.981435
vt 0.088423 0.978285
vt 0.090275 0.975736
vt 0.766029 0.984646
vt 0.769670 0.984649
vt 0.990928 0.516073
vt 0.994569 0.516072
vt 0.135282 0.960994
vt 0.137133 0.963543
vt 0.137133 0.966693
vt 0.135282 0.969242
vt 0.132285 0.970215
vt 0.129289 0.969241
vt 0.127437 0.966692
vt 0.127437 0.963542
vt 0.129289 0.960994
vt 0.132285 0.960020
vt 0.992886 0.329419
vt 0.996527 0.329418
vt 0.996537 0.332441
vt 0.992896 0.332442
vt 0.224228 0.993531
vt 0.220587 0.993530
vt 0.220582 0.991232
vt 0.224223 0.991233
vt 0.220582 0.988106
vt 0.224223 0.988107
vt 0.220587 0.985346
vt 0.224228 0.985347
vt 0.995265 0.272612
vt 0.991624 0.272611
vt 0.991614 0.269644
vt 0.995255 0.269645
vt 0.991624 0.266621
vt 0.995265 0.266622
vt 0.171950 0.987547
vt 0.168309 0.987544
vt 0.168297 0.985262
vt 0.171938 0.985265
vt 0.168297 0.982139
vt 0.171938 0.982142
vt 0.833575 0.968862
vt 0.835427 0.971410
vt 0.835427 0.974561
vt 0.833575 0.977109
vt 0.830579 0.978082
vt 0.827583 0.977109
vt 0.825731 0.974560
vt 0.825731 0.971410
vt 0.827583 0.968861
vt 0.830579 0.967888
vt 0.168309 0.979369
vt 0.171950 0.979371
vt 0.992896 0.326452
vt 0.996537 0.326451
vt 0.007972 0.962154
vt 0.010968 0.963128
vt 0.012820 0.965676
vt 0.012820 0.968827
vt 0.010968 0.971375
vt 0.007972 0.972349
vt 0.004975 0.971375
vt 0.003123 0.968827
vt 0.003123 0.965676
vt 0.004975 0.963128
vt 0.991286 0.030568
vt 0.994927 0.030567
vt 0.994936 0.033590
vt 0.991295 0.033591
vt 0.994151 0.731139
vt 0.990510 0.731137
vt 0.990505 0.728840
vt 0.994146 0.728841
vt 0.990505 0.725714
vt 0.994146 0.725715
vt 0.990510 0.722954
vt 0.994151 0.722955
vt 0.996534 0.411877
vt 0.992893 0.411876
vt 0.992883 0.408908
vt 0.996524 0.408909
vt 0.992893 0.405885
vt 0.996534 0.405886
vt 0.307118 0.990914
vt 0.303477 0.990911
vt 0.303465 0.988629
vt 0.307106 0.988632
vt 0.303465 0.985506
vt 0.307106 0.985509
vt 0.644110 0.977533
vt 0.645961 0.974984
vt 0.648957 0.974010
vt 0.651953 0.974984
vt 0.653805 0.977532
vt 0.653805 0.980683
vt 0.651953 0.983231
vt 0.648957 0.984205
vt 0.645961 0.983232
vt 0.644110 0.980683
vt 0.303477 0.982735
vt 0.307118 0.982738
vt 0.991295 0.027601
vt 0.994936 0.027600
vt 0.577574 0.962230
vt 0.580570 0.961256
vt 0.583566 0.962229
vt 0.585418 0.964778
vt 0.585418 0.967928
vt 0.583566 0.970477
vt 0.580570 0.971451
vt 0.577574 0.970477
vt 0.575722 0.967929
vt 0.575722 0.964778
vt 0.992886 0.292705
vt 0.996527 0.292704
vt 0.996537 0.295727
vt 0.992896 0.295728
vt 0.846866 0.993670
vt 0.843225 0.993669
vt 0.843220 0.991371
vt 0.846861 0.991372
vt 0.843220 0.988245
vt 0.846861 0.988246
vt 0.843225 0.985485
vt 0.846866 0.985486
vt 0.994934 0.121763
vt 0.991293 0.121762
vt 0.991284 0.118795
vt 0.994924 0.118796
vt 0.991293 0.115772
vt 0.994934 0.115773
vt 0.957565 0.850886
vt 0.953924 0.850883
vt 0.953913 0.848601
vt 0.957554 0.848604
vt 0.953913 0.845478
vt 0.957554 0.845481
vt 0.843220 0.972566
vt 0.845072 0.970017
vt 0.848068 0.969043
vt 0.851064 0.970017
vt 0.852916 0.972565
vt 0.852916 0.975716
vt 0.851064 0.978265
vt 0.848068 0.979238
vt 0.845072 0.978265
vt 0.843220 0.975716
vt 0.953924 0.842707
vt 0.957565 0.842710
vt 0.992896 0.289738
vt 0.996537 0.289737
vt 0.596513 0.960031
vt 0.599509 0.961005
vt 0.601361 0.963553
vt 0.601361 0.966704
vt 0.599509 0.969252
vt 0.596513 0.970226
vt 0.593517 0.969252
vt 0.591665 0.966704
vt 0.591665 0.963553
vt 0.593517 0.961005
vt 0.414272 0.993819
vt 0.417913 0.993818
vt 0.417922 0.996840
vt 0.414281 0.996841
vt 0.994163 0.643099
vt 0.990522 0.643098
vt 0.990517 0.640800
vt 0.994158 0.640801
vt 0.990517 0.637674
vt 0.994158 0.637675
vt 0.990522 0.634914
vt 0.994163 0.634916
vt 0.996876 0.196376
vt 0.993236 0.196375
vt 0.993226 0.193407
vt 0.996867 0.193408
vt 0.993236 0.190384
vt 0.996876 0.190385
vt 0.319705 0.990356
vt 0.316063 0.990353
vt 0.316052 0.988071
vt 0.319693 0.988074
vt 0.316052 0.984948
vt 0.319693 0.984951
vt 0.675994 0.977533
vt 0.677846 0.974984
vt 0.680842 0.974010
vt 0.683838 0.974983
vt 0.685690 0.977532
vt 0.685690 0.980682
vt 0.683838 0.983231
vt 0.680842 0.984205
vt 0.677846 0.983231
vt 0.675994 0.980683
vt 0.316063 0.982177
vt 0.319705 0.982180
vt 0.414281 0.990851
vt 0.417922 0.990850
vt 0.703757 0.964914
vt 0.705609 0.967463
vt 0.705609 0.970613
vt 0.703757 0.973162
vt 0.700761 0.974135
vt 0.697765 0.973161
vt 0.695913 0.970613
vt 0.695913 0.967462
vt 0.697765 0.964914
vt 0.700761 0.963940
vt 0.644110 0.993420
vt 0.647750 0.993419
vt 0.647760 0.996442
vt 0.644119 0.996443
vt 0.805438 0.993670
vt 0.801797 0.993669
vt 0.801792 0.991371
vt 0.805433 0.991372
vt 0.801792 0.988245
vt 0.805433 0.988247
vt 0.801797 0.985485
vt 0.805438 0.985487
vt 0.679645 0.996443
vt 0.676004 0.996442
vt 0.675994 0.993474
vt 0.679635 0.993475
vt 0.676004 0.990452
vt 0.679645 0.990453
vt 0.984270 0.643093
vt 0.980629 0.643090
vt 0.980617 0.640808
vt 0.984258 0.640811
vt 0.980617 0.637685
vt 0.984258 0.637688
vt 0.531756 0.975357
vt 0.534752 0.976331
vt 0.536604 0.978879
vt 0.536604 0.982029
vt 0.534752 0.984578
vt 0.531756 0.985551
vt 0.528760 0.984578
vt 0.526908 0.982029
vt 0.526908 0.978879
vt 0.528760 0.976330
vt 0.980629 0.634914
vt 0.984270 0.634917
vt 0.644119 0.990453
vt 0.647760 0.990452
vt 0.625325 0.958873
vt 0.628322 0.959847
vt 0.630174 0.962395
vt 0.630174 0.965546
vt 0.628322 0.968094
vt 0.625325 0.969068
vt 0.622329 0.968094
vt 0.620477 0.965546
vt 0.620477 0.962395
vt 0.622329 0.959847
vt 0.054824 0.993239
vt 0.058465 0.993238
vt 0.058475 0.996261
vt 0.054834 0.996262
vt 0.994168 0.658032
vt 0.990527 0.658031
vt 0.990522 0.655733
vt 0.994163 0.655734
vt 0.990522 0.652607
vt 0.994163 0.652608
vt 0.990527 0.649847
vt 0.994168 0.649849
vt 0.073460 0.996263
vt 0.069819 0.996262
vt 0.069809 0.993295
vt 0.073450 0.993296
vt 0.069819 0.990272
vt 0.073460 0.990273
vt 0.116520 0.990262
vt 0.112879 0.990259
vt 0.112868 0.987977
vt 0.116509 0.987980
vt 0.112868 0.984854
vt 0.116509 0.984857
vt 0.247297 0.979105
vt 0.249149 0.976556
vt 0.252145 0.975582
vt 0.255141 0.976556
vt 0.256992 0.979104
vt 0.256992 0.982255
vt 0.255141 0.984803
vt 0.252145 0.985777
vt 0.249149 0.984804
vt 0.247297 0.982255
vt 0.112879 0.982083
vt 0.116520 0.982086
vt 0.054834 0.990272
vt 0.058475 0.990271
vt 0.166242 0.963901
vt 0.168093 0.966450
vt 0.168093 0.969600
vt 0.166242 0.972148
vt 0.163245 0.973122
vt 0.160249 0.972148
vt 0.158397 0.969599
vt 0.158397 0.966449
vt 0.160249 0.963900
vt 0.163245 0.962927
vt 0.685892 0.993420
vt 0.689533 0.993419
vt 0.689542 0.996442
vt 0.685901 0.996443
vt 0.856759 0.993670
vt 0.853118 0.993669
vt 0.853113 0.991371
vt 0.856754 0.991372
vt 0.853113 0.988245
vt 0.856754 0.988246
vt 0.853118 0.985485
vt 0.856759 0.985486
vt 0.996876 0.208614
vt 0.993236 0.208613
vt 0.993226 0.205645
vt 0.996867 0.205646
vt 0.993236 0.202622
vt 0.996876 0.202623
vt 0.722052 0.988007
vt 0.718411 0.988004
vt 0.718399 0.985721
vt 0.722040 0.985725
vt 0.718399 0.982599
vt 0.722040 0.982602
vt 0.883195 0.974818
vt 0.885047 0.972269
vt 0.888043 0.971296
vt 0.891039 0.972269
vt 0.892891 0.974817
vt 0.892891 0.977968
vt 0.891039 0.980517
vt 0.888043 0.981490
vt 0.885047 0.980517
vt 0.883195 0.977969
vt 0.718411 0.979828
vt 0.722052 0.979831
vt 0.685901 0.990453
vt 0.689542 0.990452
vt 0.096267 0.959295
vt 0.098119 0.961844
vt 0.098119 0.964994
vt 0.096267 0.967543
vt 0.093271 0.968516
vt 0.090275 0.967542
vt 0.088423 0.964993
vt 0.088423 0.961843
vt 0.090275 0.959295
vt 0.093271 0.958321
vt 0.991997 0.058216
vt 0.995638 0.058215
vt 0.995647 0.061237
vt 0.992007 0.061238
vt 0.994203 0.166036
vt 0.990561 0.166035
vt 0.990557 0.163737
vt 0.994198 0.163738
vt 0.990557 0.160611
vt 0.994198 0.160612
vt 0.990561 0.157851
vt 0.994202 0.157852
vt 0.460269 0.995798
vt 0.456628 0.995797
vt 0.456618 0.992830
vt 0.460259 0.992831
vt 0.456628 0.989807
vt 0.460269 0.989808
vt 0.903385 0.992878
vt 0.899744 0.992875
vt 0.899733 0.990593
vt 0.903374 0.990596
vt 0.899733 0.987470
vt 0.903374 0.987473
vt 0.414272 0.977931
vt 0.416124 0.975382
vt 0.419120 0.974409
vt 0.422116 0.975382
vt 0.423967 0.977930
vt 0.423967 0.981081
vt 0.422116 0.983630
vt 0.419120 0.984603
vt 0.416124 0.983630
vt 0.414272 0.981082
vt 0.899744 0.984699
vt 0.903385 0.984702
vt 0.992007 0.055248
vt 0.995647 0.055247
vt 0.967472 0.430645
vt 0.970468 0.429671
vt 0.973464 0.430644
vt 0.975316 0.433193
vt 0.975316 0.436343
vt 0.973464 0.438892
vt 0.970468 0.439866
vt 0.967472 0.438893
vt 0.965620 0.436344
vt 0.965620 0.433194
vt 0.439774 0.993813
vt 0.443415 0.993812
vt 0.443425 0.996835
vt 0.439784 0.996836
vt 0.815331 0.993670
vt 0.811690 0.993669
vt 0.811685 0.991371
vt 0.815326 0.991372
vt 0.811685 0.988245
vt 0.815326 0.988246
vt 0.811690 0.985485
vt 0.815331 0.985487
vt 0.996534 0.375163
vt 0.992893 0.375161
vt 0.992883 0.372194
vt 0.996524 0.372195
vt 0.992893 0.369171
vt 0.996534 0.369172
vt 0.699566 0.988561
vt 0.695925 0.988558
vt 0.695913 0.986276
vt 0.699554 0.986279
vt 0.695913 0.983153
vt 0.699554 0.983156
vt 0.953419 0.970969
vt 0.956416 0.969995
vt 0.959412 0.970969
vt 0.961264 0.973517
vt 0.961264 0.976667
vt 0.959412 0.979216
vt 0.956416 0.980190
vt 0.953419 0.979216
vt 0.951568 0.976668
vt 0.951568 0.973518
vt 0.695925 0.980382
vt 0.699566 0.980385
vt 0.439784 0.990846
vt 0.443425 0.990844
vt 0.501454 0.960296
vt 0.504450 0.959323
vt 0.507446 0.960296
vt 0.509298 0.962844
vt 0.509298 0.965995
vt 0.507446 0.968543
vt 0.504450 0.969517
vt 0.501454 0.968544
vt 0.499602 0.965995
vt 0.499602 0.962845
vt 0.990918 0.531279
vt 0.994559 0.531278
vt 0.994569 0.534301
vt 0.990928 0.534302
vt 0.994168 0.686895
vt 0.990527 0.686894
vt 0.990522 0.684596
vt 0.994163 0.684598
vt 0.990522 0.681471
vt 0.994163 0.681472
vt 0.990527 0.678711
vt 0.994168 0.678712
vt 0.994936 0.021353
vt 0.991295 0.021352
vt 0.991286 0.018384
vt 0.994927 0.018385
vt 0.991295 0.015361
vt 0.994936 0.015363
vt 0.829384 0.992508
vt 0.825743 0.992505
vt 0.825731 0.990223
vt 0.829372 0.990226
vt 0.825731 0.987100
vt 0.829372 0.987103
vt 0.873550 0.972272
vt 0.875402 0.974821
vt 0.875402 0.977971
vt 0.873550 0.980519
vt 0.870554 0.981493
vt 0.867558 0.980519
vt 0.865706 0.977970
vt 0.865706 0.974820
vt 0.867558 0.972271
vt 0.870554 0.971298
vt 0.825743 0.984329
vt 0.829384 0.984332
vt 0.990928 0.528311
vt 0.994569 0.528310
vt 0.206491 0.960701
vt 0.209487 0.959727
vt 0.212484 0.960701
vt 0.214335 0.963249
vt 0.214335 0.966400
vt 0.212484 0.968948
vt 0.209487 0.969922
vt 0.206491 0.968949
vt 0.204639 0.966400
vt 0.204639 0.963250
vt 0.990918 0.506803
vt 0.994559 0.506802
vt 0.994569 0.509825
vt 0.990928 0.509826
vt 0.993784 0.836619
vt 0.990143 0.836618
vt 0.990138 0.834320
vt 0.993779 0.834321
vt 0.990138 0.831194
vt 0.993779 0.831195
vt 0.990143 0.828434
vt 0.993784 0.828435
vt 0.994569 0.497588
vt 0.990928 0.497587
vt 0.990918 0.494619
vt 0.994559 0.494620
vt 0.990928 0.491596
vt 0.994569 0.491597
vt 0.006776 0.986774
vt 0.003135 0.986771
vt 0.003123 0.984489
vt 0.006764 0.984492
vt 0.003123 0.981366
vt 0.006764 0.981369
vt 0.301409 0.967267
vt 0.303261 0.969816
vt 0.303261 0.972967
vt 0.301409 0.975515
vt 0.298413 0.976488
vt 0.295417 0.975515
vt 0.293566 0.972966
vt 0.293566 0.969815
vt 0.295417 0.967267
vt 0.298413 0.966294
vt 0.003135 0.978596
vt 0.006776 0.978599
vt 0.990928 0.503835
vt 0.994569 0.503834
vt 0.748402 0.960046
vt 0.751398 0.961019
vt 0.753250 0.963568
vt 0.753250 0.966718
vt 0.751398 0.969267
vt 0.748402 0.970240
vt 0.745406 0.969267
vt 0.743554 0.966718
vt 0.743554 0.963568
vt 0.745406 0.961019
vt 0.945876 0.442359
vt 0.945876 0.369174
vt 0.949485 0.369171
vt 0.949485 0.442356
vt 0.045780 0.570918
vt 0.118963 0.570897
vt 0.118963 0.682270
vt 0.045780 0.682291
vt 0.945876 0.362924
vt 0.945876 0.289738
vt 0.949489 0.289737
vt 0.949489 0.362923
vt 0.198392 0.682291
vt 0.125210 0.682270
vt 0.125210 0.570897
vt 0.198392 0.570918
vt 0.935988 0.401155
vt 0.935988 0.289737
vt 0.939629 0.289737
vt 0.939629 0.401155
vt 0.939629 0.407402
vt 0.939629 0.518819
vt 0.935988 0.518819
vt 0.935988 0.407402
vt 0.963408 0.810843
vt 0.963408 0.743484
vt 0.965574 0.743482
vt 0.965574 0.810842
vt 0.204639 0.570916
vt 0.271997 0.570897
vt 0.271997 0.676447
vt 0.204639 0.676466
vt 0.963412 0.643600
vt 0.963412 0.576240
vt 0.965579 0.576239
vt 0.965579 0.643600
vt 0.345601 0.676466
vt 0.278244 0.676447
vt 0.278244 0.570897
vt 0.345601 0.570916
vt 0.336223 0.935055
vt 0.336223 0.829463
vt 0.338408 0.829463
vt 0.338408 0.935055
vt 0.937810 0.833622
vt 0.937810 0.939213
vt 0.935625 0.939213
vt 0.935625 0.833622
vt 0.953913 0.810844
vt 0.953913 0.743485
vt 0.957161 0.743482
vt 0.957161 0.810842
vt 0.955013 0.515964
vt 0.955013 0.448606
vt 0.957561 0.448607
vt 0.957561 0.515964
vt 0.729831 0.956053
vt 0.729831 0.888693
vt 0.733083 0.888692
vt 0.733083 0.956052
vt 0.327119 0.953308
vt 0.327119 0.885951
vt 0.329667 0.885950
vt 0.329667 0.953307
vt 0.991615 0.278859
vt 0.994163 0.278859
vt 0.994163 0.282136
vt 0.991615 0.282136
vt 0.991574 0.565956
vt 0.994122 0.565956
vt 0.994122 0.569233
vt 0.991574 0.569233
vt 0.953916 0.643601
vt 0.953916 0.576242
vt 0.957165 0.576239
vt 0.957165 0.643599
vt 0.955379 0.158653
vt 0.955379 0.091296
vt 0.957927 0.091297
vt 0.957927 0.158654
vt 0.953913 0.737235
vt 0.953913 0.669875
vt 0.957164 0.669874
vt 0.957164 0.737234
vt 0.955381 0.070482
vt 0.955381 0.003124
vt 0.957929 0.003123
vt 0.957929 0.070481
vt 0.729831 0.991122
vt 0.732380 0.991122
vt 0.732380 0.994399
vt 0.729831 0.994399
vt 0.045473 0.990103
vt 0.048022 0.990103
vt 0.048022 0.993380
vt 0.045473 0.993380
vt 0.959373 0.442337
vt 0.955732 0.442334
vt 0.955732 0.433672
vt 0.959373 0.433675
vt 0.581777 0.774041
vt 0.585418 0.774040
vt 0.585418 0.890508
vt 0.581777 0.890509
vt 0.959376 0.283490
vt 0.955735 0.283489
vt 0.955735 0.274819
vt 0.959376 0.274820
vt 0.184661 0.933136
vt 0.181020 0.933135
vt 0.181020 0.816667
vt 0.184661 0.816668
vt 0.069809 0.941353
vt 0.069809 0.824837
vt 0.078547 0.824837
vt 0.078547 0.941353
vt 0.063562 0.824838
vt 0.063562 0.941352
vt 0.054824 0.941351
vt 0.054824 0.824837
vt 0.946967 0.173221
vt 0.946967 0.091298
vt 0.949132 0.091296
vt 0.949132 0.173219
vt 0.249102 0.764634
vt 0.249102 0.682712
vt 0.287319 0.682723
vt 0.287319 0.764644
vt 0.946967 0.085049
vt 0.946967 0.003124
vt 0.949134 0.003123
vt 0.949134 0.085048
vt 0.204639 0.764644
vt 0.204639 0.682723
vt 0.242856 0.682713
vt 0.242856 0.764634
vt 0.909632 0.983911
vt 0.909632 0.945680
vt 0.911817 0.945680
vt 0.911817 0.983911
vt 0.039226 0.947431
vt 0.039226 0.985662
vt 0.037041 0.985662
vt 0.037041 0.947431
vt 0.944057 0.757262
vt 0.944057 0.669877
vt 0.947666 0.669874
vt 0.947666 0.757259
vt 0.686027 0.925338
vt 0.686027 0.837955
vt 0.689666 0.837956
vt 0.689666 0.925339
vt 0.944057 0.663627
vt 0.944057 0.576241
vt 0.947669 0.576239
vt 0.947669 0.663626
vt 0.787535 0.939354
vt 0.787535 0.851971
vt 0.791175 0.851970
vt 0.791175 0.939353
vt 0.713122 0.282455
vt 0.713122 0.278814
vt 0.716763 0.278814
vt 0.716763 0.282455
vt 0.696987 0.278814
vt 0.696987 0.282455
vt 0.693347 0.282455
vt 0.693346 0.278814
vt 0.944057 0.850897
vt 0.944057 0.763512
vt 0.947666 0.763509
vt 0.947666 0.850894
vt 0.937080 0.090506
vt 0.937080 0.003123
vt 0.940720 0.003124
vt 0.940720 0.090507
vt 0.937080 0.277772
vt 0.937080 0.190386
vt 0.940693 0.190384
vt 0.940693 0.277771
vt 0.937080 0.184138
vt 0.937080 0.096755
vt 0.940720 0.096754
vt 0.940720 0.184137
vt 0.723010 0.282455
vt 0.723010 0.278814
vt 0.726651 0.278814
vt 0.726651 0.282455
vt 0.706875 0.278814
vt 0.706875 0.282455
vt 0.703234 0.282455
vt 0.703234 0.278814
vt 0.742757 0.282458
vt 0.742757 0.278817
vt 0.746366 0.278814
vt 0.746366 0.282455
vt 0.025588 0.935018
vt 0.029229 0.935017
vt 0.029229 0.980513
vt 0.025588 0.980514
vt 0.732898 0.282456
vt 0.732898 0.278815
vt 0.736510 0.278814
vt 0.736510 0.282455
vt 0.779557 0.978382
vt 0.775917 0.978381
vt 0.775917 0.932886
vt 0.779557 0.932887
vt 0.974753 0.235898
vt 0.974753 0.190384
vt 0.978394 0.190384
vt 0.978394 0.235898
vt 0.769670 0.932886
vt 0.769670 0.978399
vt 0.766029 0.978399
vt 0.766029 0.932886
vt 0.983585 0.073454
vt 0.983585 0.055249
vt 0.985750 0.055247
vt 0.985750 0.073452
vt 0.989980 0.360430
vt 0.989980 0.342226
vt 0.991800 0.342226
vt 0.991800 0.360431
vt 0.981566 0.360432
vt 0.981566 0.342226
vt 0.983734 0.342226
vt 0.983734 0.360431
vt 0.990138 0.822187
vt 0.990138 0.803983
vt 0.991958 0.803982
vt 0.991958 0.822187
vt 0.567376 0.975764
vt 0.569196 0.975764
vt 0.569196 0.977949
vt 0.567376 0.977949
vt 0.927194 0.833622
vt 0.929014 0.833622
vt 0.929014 0.835806
vt 0.927194 0.835806
vt 0.237821 0.981181
vt 0.233452 0.981177
vt 0.233452 0.955912
vt 0.237821 0.955916
vt 0.869014 0.224181
vt 0.873384 0.224180
vt 0.873384 0.278774
vt 0.869014 0.278775
vt 0.977338 0.080537
vt 0.972968 0.080536
vt 0.972968 0.055247
vt 0.977338 0.055249
vt 0.921673 0.271504
vt 0.917304 0.271502
vt 0.917304 0.216908
vt 0.921673 0.216909
vt 0.369018 0.844913
vt 0.369018 0.790296
vt 0.394504 0.790296
vt 0.394504 0.844912
vt 0.282249 0.770893
vt 0.282249 0.825509
vt 0.256763 0.825507
vt 0.256763 0.770891
vt 0.968168 0.343990
vt 0.965623 0.343972
vt 0.965623 0.289737
vt 0.968168 0.289755
vt 0.045473 0.947431
vt 0.047811 0.947460
vt 0.047811 0.983856
vt 0.045473 0.983827
vt 0.963807 0.448620
vt 0.966353 0.448606
vt 0.966353 0.502860
vt 0.963807 0.502874
vt 0.080733 0.983996
vt 0.078395 0.984025
vt 0.078395 0.947628
vt 0.080733 0.947600
vt 0.247297 0.834931
vt 0.283708 0.834924
vt 0.283708 0.885091
vt 0.247297 0.885097
vt 0.743554 0.822827
vt 0.779964 0.822900
vt 0.779964 0.873067
vt 0.743554 0.872995
vt 0.968506 0.244637
vt 0.965962 0.244619
vt 0.965962 0.190384
vt 0.968506 0.190402
vt 0.378120 0.948974
vt 0.380459 0.949002
vt 0.380459 0.985399
vt 0.378120 0.985370
vt 0.918251 0.910324
vt 0.920796 0.910310
vt 0.920796 0.964564
vt 0.918251 0.964578
vt 0.389044 0.985370
vt 0.386705 0.985399
vt 0.386705 0.949002
vt 0.389044 0.948974
vt 0.801792 0.853897
vt 0.838203 0.853891
vt 0.838203 0.904057
vt 0.801792 0.904063
vt 0.439774 0.832322
vt 0.476185 0.832395
vt 0.476185 0.882562
vt 0.439774 0.882490
vt 0.968164 0.423424
vt 0.965620 0.423406
vt 0.965620 0.369171
vt 0.968164 0.369189
vt 0.395291 0.948973
vt 0.397629 0.949002
vt 0.397629 0.985399
vt 0.395291 0.985370
vt 0.963412 0.649862
vt 0.965957 0.649847
vt 0.965957 0.704101
vt 0.963412 0.704116
vt 0.354186 0.985584
vt 0.351848 0.985613
vt 0.351848 0.949217
vt 0.354186 0.949188
vt 0.591665 0.837962
vt 0.628076 0.837955
vt 0.628076 0.888122
vt 0.591665 0.888128
vt 0.482432 0.832322
vt 0.518842 0.832395
vt 0.518842 0.882562
vt 0.482432 0.882490
vt 0.970752 0.971897
vt 0.968207 0.971879
vt 0.968207 0.917644
vt 0.970752 0.917662
vt 0.360433 0.949188
vt 0.362772 0.949217
vt 0.362772 0.985613
vt 0.360433 0.985584
vt 0.964176 0.003138
vt 0.966721 0.003123
vt 0.966721 0.057377
vt 0.964176 0.057392
vt 0.987768 0.893540
vt 0.985430 0.893569
vt 0.985430 0.857173
vt 0.987768 0.857144
vt 0.844450 0.853897
vt 0.880861 0.853891
vt 0.880861 0.904057
vt 0.844450 0.904063
vt 0.525089 0.832322
vt 0.561500 0.832395
vt 0.561500 0.882562
vt 0.525089 0.882490
vt 0.974365 0.797735
vt 0.971820 0.797717
vt 0.971820 0.743482
vt 0.974365 0.743500
vt 0.369019 0.949188
vt 0.371357 0.949217
vt 0.371357 0.985613
vt 0.369019 0.985584
vt 0.963808 0.509136
vt 0.966353 0.509121
vt 0.966353 0.563375
vt 0.963808 0.563390
vt 0.986636 0.405568
vt 0.984298 0.405597
vt 0.984298 0.369200
vt 0.986636 0.369171
vt 0.351848 0.857405
vt 0.388259 0.857399
vt 0.388259 0.907566
vt 0.351848 0.907572
vt 0.204639 0.834924
vt 0.241050 0.834997
vt 0.241050 0.885165
vt 0.204639 0.885092
vt 0.974370 0.630492
vt 0.971826 0.630474
vt 0.971826 0.576239
vt 0.974370 0.576257
vt 0.984301 0.289737
vt 0.986640 0.289766
vt 0.986640 0.326162
vt 0.984301 0.326133
vt 0.394506 0.853318
vt 0.397052 0.853303
vt 0.397052 0.907557
vt 0.394506 0.907572
vt 0.986979 0.226781
vt 0.984641 0.226810
vt 0.984641 0.190413
vt 0.986979 0.190384
vt 0.887108 0.853897
vt 0.923519 0.853891
vt 0.923519 0.904057
vt 0.887108 0.904063
vt 0.695913 0.832205
vt 0.732324 0.832277
vt 0.732324 0.882445
vt 0.695913 0.882372
vt 0.970751 0.911397
vt 0.968207 0.911379
vt 0.968207 0.857144
vt 0.970751 0.857162
vt 0.054824 0.947599
vt 0.057163 0.947628
vt 0.057163 0.984024
vt 0.054824 0.983995
vt 0.964174 0.091310
vt 0.966719 0.091296
vt 0.966719 0.145550
vt 0.964174 0.145564
vt 0.072148 0.983996
vt 0.069809 0.984025
vt 0.069809 0.947628
vt 0.072148 0.947600
vt 0.634323 0.837962
vt 0.670734 0.837955
vt 0.670734 0.888122
vt 0.634323 0.888128
vt 0.293565 0.829463
vt 0.329976 0.829535
vt 0.329976 0.879703
vt 0.293565 0.879630
vt 0.761750 0.282457
vt 0.761750 0.278816
vt 0.764638 0.278814
vt 0.764638 0.282455
vt 0.908146 0.576240
vt 0.911787 0.576239
vt 0.911787 0.834653
vt 0.908146 0.834654
vt 0.752613 0.282456
vt 0.752613 0.278815
vt 0.755503 0.278814
vt 0.755503 0.282455
vt 0.911057 0.261538
vt 0.907416 0.261537
vt 0.907416 0.003123
vt 0.911057 0.003124
vt 0.918034 0.834758
vt 0.918034 0.576239
vt 0.920947 0.576239
vt 0.920947 0.834758
vt 0.921310 0.289737
vt 0.921310 0.548253
vt 0.918397 0.548253
vt 0.918397 0.289737
vt 0.718399 0.973581
vt 0.718399 0.937170
vt 0.723452 0.937166
vt 0.723452 0.973577
vt 0.003123 0.570908
vt 0.039533 0.570897
vt 0.039533 0.822032
vt 0.003123 0.822042
vt 0.952107 0.569992
vt 0.952107 0.533581
vt 0.957165 0.533580
vt 0.957165 0.569991
vt 0.779963 0.816580
vt 0.743554 0.816570
vt 0.743554 0.565435
vt 0.779963 0.565445
vt 0.896802 0.827476
vt 0.896802 0.576239
vt 0.901899 0.576239
vt 0.901899 0.827476
vt 0.912150 0.289737
vt 0.912150 0.540972
vt 0.907053 0.540971
vt 0.907053 0.289737
vt 0.995668 0.971592
vt 0.993484 0.971590
vt 0.993484 0.965815
vt 0.995668 0.965817
vt 0.935625 0.576240
vt 0.937810 0.576239
vt 0.937810 0.827374
vt 0.935625 0.827375
vt 0.106621 0.992924
vt 0.104436 0.992923
vt 0.104436 0.987143
vt 0.106621 0.987144
vt 0.930833 0.254259
vt 0.928648 0.254258
vt 0.928648 0.003123
vt 0.930833 0.003124
vt 0.883272 0.254360
vt 0.883272 0.003123
vt 0.889097 0.003123
vt 0.889097 0.254360
vt 0.900806 0.289737
vt 0.900806 0.540972
vt 0.894981 0.540971
vt 0.894981 0.289737
vt 0.995669 0.959569
vt 0.993484 0.959567
vt 0.993484 0.953792
vt 0.995669 0.953794
vt 0.927194 0.576240
vt 0.929378 0.576239
vt 0.929378 0.827374
vt 0.927194 0.827375
vt 0.995668 0.929837
vt 0.993484 0.929837
vt 0.993484 0.924056
vt 0.995668 0.924057
vt 0.929741 0.540872
vt 0.927557 0.540872
vt 0.927557 0.289737
vt 0.929741 0.289738
vt 0.884730 0.827476
vt 0.884730 0.576239
vt 0.890555 0.576239
vt 0.890555 0.827476
vt 0.901169 0.003124
vt 0.901169 0.254358
vt 0.895344 0.254358
vt 0.895344 0.003123
vt 0.876948 0.965048
vt 0.874166 0.948179
vt 0.876948 0.945680
vt 0.865962 0.945683
vt 0.865962 0.948182
vt 0.874166 0.954030
vt 0.874166 0.956529
vt 0.866246 0.954032
vt 0.866246 0.956531
vt 0.874166 0.962550
vt 0.865706 0.962552
vt 0.865706 0.965051
vt 0.893529 0.965048
vt 0.890747 0.948179
vt 0.893529 0.945680
vt 0.883195 0.945682
vt 0.883195 0.948182
vt 0.890747 0.953547
vt 0.890747 0.956046
vt 0.883195 0.953549
vt 0.883195 0.956048
vt 0.890747 0.965049
vt 0.911787 0.569992
vt 0.901516 0.550511
vt 0.903475 0.550511
vt 0.902537 0.554770
vt 0.892852 0.569992
vt 0.905430 0.561785
vt 0.899412 0.561785
vt 0.906508 0.564284
vt 0.898276 0.564284
vt 0.908948 0.569992
vt 0.895691 0.569992
vt 0.628600 0.932817
vt 0.626599 0.932769
vt 0.627096 0.932751
vt 0.626098 0.932807
vt 0.625593 0.932867
vt 0.630027 0.933055
vt 0.625080 0.932948
vt 0.624558 0.933051
vt 0.624026 0.933177
vt 0.631365 0.933454
vt 0.623479 0.933327
vt 0.622918 0.933500
vt 0.622339 0.933697
vt 0.632606 0.934007
vt 0.621741 0.933920
vt 0.621121 0.934167
vt 0.620477 0.934441
vt 0.633740 0.934703
vt 0.626056 0.935376
vt 0.625511 0.935451
vt 0.624969 0.935553
vt 0.624428 0.935683
vt 0.623887 0.935842
vt 0.623343 0.936030
vt 0.622795 0.936247
vt 0.622241 0.936495
vt 0.621678 0.936773
vt 0.621105 0.937082
vt 0.620521 0.937422
vt 0.634757 0.935534
vt 0.627162 0.935307
vt 0.626606 0.935328
vt 0.628245 0.935355
vt 0.629275 0.935528
vt 0.630245 0.935820
vt 0.635647 0.936489
vt 0.631146 0.936222
vt 0.631972 0.936729
vt 0.636402 0.937561
vt 0.632714 0.937333
vt 0.633365 0.938026
vt 0.637010 0.938738
vt 0.633918 0.938803
vt 0.637463 0.940013
vt 0.634365 0.939656
vt 0.634698 0.940579
vt 0.637750 0.941375
vt 0.634909 0.941563
vt 0.637863 0.942815
vt 0.634992 0.942603
vt 0.634942 0.943661
vt 0.637811 0.943859
vt 0.634765 0.944660
vt 0.637625 0.944945
vt 0.634466 0.945593
vt 0.637300 0.946046
vt 0.634052 0.946455
vt 0.636832 0.947140
vt 0.633527 0.947240
vt 0.636220 0.948200
vt 0.632898 0.947942
vt 0.621033 0.948322
vt 0.620522 0.951027
vt 0.620477 0.947989
vt 0.632171 0.948554
vt 0.621594 0.948627
vt 0.635458 0.949203
vt 0.622161 0.948905
vt 0.631352 0.949072
vt 0.622732 0.949153
vt 0.623305 0.949373
vt 0.630445 0.949489
vt 0.623879 0.949564
vt 0.634543 0.950123
vt 0.624453 0.949725
vt 0.629458 0.949798
vt 0.625024 0.949856
vt 0.625593 0.949957
vt 0.628396 0.949996
vt 0.626157 0.950028
vt 0.626715 0.950067
vt 0.627265 0.950074
vt 0.633473 0.950937
vt 0.621005 0.951262
vt 0.632242 0.951618
vt 0.621498 0.951484
vt 0.622003 0.951691
vt 0.622523 0.951881
vt 0.630849 0.952144
vt 0.623061 0.952053
vt 0.623620 0.952206
vt 0.624202 0.952337
vt 0.629289 0.952488
vt 0.624810 0.952446
vt 0.625447 0.952531
vt 0.626115 0.952591
vt 0.627558 0.952626
vt 0.626818 0.952623
vt 0.825731 0.961638
vt 0.825731 0.942269
vt 0.828513 0.944769
vt 0.836718 0.942272
vt 0.836718 0.944772
vt 0.828513 0.950619
vt 0.828513 0.953119
vt 0.836434 0.950622
vt 0.836434 0.953121
vt 0.828513 0.959139
vt 0.836973 0.959142
vt 0.836973 0.961641
vt 0.953913 0.836460
vt 0.953913 0.817091
vt 0.956695 0.819591
vt 0.964247 0.817094
vt 0.964247 0.819593
vt 0.956695 0.824959
vt 0.956695 0.827458
vt 0.964247 0.824961
vt 0.964247 0.827460
vt 0.956695 0.836460
vt 0.880723 0.283490
vt 0.889036 0.264008
vt 0.890995 0.264008
vt 0.889974 0.268268
vt 0.899659 0.283490
vt 0.887080 0.275283
vt 0.893099 0.275283
vt 0.886002 0.277782
vt 0.894235 0.277782
vt 0.883562 0.283490
vt 0.896820 0.283490
vt 0.936819 0.547185
vt 0.938323 0.547119
vt 0.938820 0.547137
vt 0.939321 0.547175
vt 0.939826 0.547234
vt 0.935393 0.547423
vt 0.940339 0.547316
vt 0.940861 0.547419
vt 0.941394 0.547545
vt 0.934054 0.547822
vt 0.941940 0.547694
vt 0.942501 0.547868
vt 0.943080 0.548065
vt 0.932813 0.548375
vt 0.943678 0.548287
vt 0.944298 0.548535
vt 0.944942 0.548809
vt 0.931679 0.549071
vt 0.939363 0.549744
vt 0.939908 0.549819
vt 0.940450 0.549921
vt 0.940991 0.550051
vt 0.941532 0.550210
vt 0.942076 0.550398
vt 0.942624 0.550615
vt 0.943178 0.550862
vt 0.943741 0.551140
vt 0.944314 0.551450
vt 0.944898 0.551790
vt 0.930662 0.549902
vt 0.938257 0.549675
vt 0.938814 0.549696
vt 0.937174 0.549723
vt 0.936144 0.549896
vt 0.935174 0.550188
vt 0.929772 0.550857
vt 0.934273 0.550590
vt 0.933447 0.551097
vt 0.929017 0.551929
vt 0.932705 0.551700
vt 0.932054 0.552394
vt 0.928409 0.553106
vt 0.931501 0.553171
vt 0.927956 0.554380
vt 0.931054 0.554024
vt 0.930721 0.554946
vt 0.927669 0.555743
vt 0.930510 0.555931
vt 0.927557 0.557183
vt 0.930427 0.556971
vt 0.930477 0.558029
vt 0.927608 0.558227
vt 0.930654 0.559028
vt 0.927794 0.559312
vt 0.930953 0.559961
vt 0.928120 0.560414
vt 0.931368 0.560823
vt 0.928587 0.561507
vt 0.931892 0.561608
vt 0.929199 0.562568
vt 0.932521 0.562310
vt 0.944386 0.562690
vt 0.944942 0.562357
vt 0.944897 0.565395
vt 0.933248 0.562922
vt 0.943825 0.562995
vt 0.929961 0.563571
vt 0.943258 0.563272
vt 0.934067 0.563440
vt 0.942687 0.563521
vt 0.942114 0.563741
vt 0.934974 0.563856
vt 0.941540 0.563932
vt 0.930876 0.564491
vt 0.940966 0.564093
vt 0.935961 0.564166
vt 0.940395 0.564224
vt 0.939826 0.564325
vt 0.937023 0.564364
vt 0.939262 0.564395
vt 0.938704 0.564435
vt 0.938154 0.564442
vt 0.931946 0.565305
vt 0.944414 0.565630
vt 0.933177 0.565986
vt 0.943922 0.565852
vt 0.943416 0.566059
vt 0.942896 0.566249
vt 0.934570 0.566512
vt 0.942358 0.566421
vt 0.941799 0.566574
vt 0.941217 0.566705
vt 0.936130 0.566856
vt 0.940609 0.566814
vt 0.939972 0.566899
vt 0.939304 0.566958
vt 0.937861 0.566994
vt 0.938601 0.566991
vt 0.746852 0.977077
vt 0.746848 0.977654
vt 0.743571 0.977654
vt 0.743575 0.977077
vt 0.746845 0.978221
vt 0.743568 0.978220
vt 0.746842 0.978779
vt 0.743565 0.978779
vt 0.746839 0.979330
vt 0.743562 0.979330
vt 0.746837 0.979877
vt 0.743560 0.979877
vt 0.746835 0.980421
vt 0.743558 0.980420
vt 0.746833 0.980963
vt 0.743557 0.980963
vt 0.746832 0.981507
vt 0.743555 0.981507
vt 0.746831 0.982053
vt 0.743555 0.982053
vt 0.746831 0.982604
vt 0.743554 0.982603
vt 0.746831 0.983161
vt 0.743554 0.983160
vt 0.746831 0.984243
vt 0.743554 0.984243
vt 0.746833 0.985271
vt 0.743557 0.985271
vt 0.746837 0.986237
vt 0.743560 0.986237
vt 0.746842 0.987133
vt 0.743565 0.987133
vt 0.746849 0.987952
vt 0.743572 0.987951
vt 0.746856 0.988685
vt 0.743579 0.988685
vt 0.146632 0.977192
vt 0.146711 0.977897
vt 0.143460 0.977897
vt 0.143380 0.977192
vt 0.146779 0.978684
vt 0.143527 0.978684
vt 0.146833 0.979545
vt 0.143581 0.979545
vt 0.146872 0.980473
vt 0.143621 0.980473
vt 0.146896 0.981461
vt 0.143645 0.981461
vt 0.146904 0.982502
vt 0.143653 0.982502
vt 0.146896 0.983559
vt 0.143645 0.983559
vt 0.146872 0.984555
vt 0.143620 0.984555
vt 0.146832 0.985483
vt 0.143581 0.985483
vt 0.146779 0.986337
vt 0.143527 0.986337
vt 0.146712 0.987113
vt 0.143460 0.987113
vt 0.146632 0.987803
vt 0.143380 0.987803
vt 0.542877 0.987783
vt 0.542870 0.987050
vt 0.546146 0.987050
vt 0.546154 0.987783
vt 0.542863 0.986225
vt 0.546140 0.986224
vt 0.542858 0.985314
vt 0.546135 0.985314
vt 0.542854 0.984324
vt 0.546131 0.984323
vt 0.542852 0.983259
vt 0.546129 0.983259
vt 0.542851 0.982127
vt 0.546128 0.982127
vt 0.542851 0.981576
vt 0.546128 0.981576
vt 0.542852 0.981018
vt 0.546128 0.981018
vt 0.542852 0.980455
vt 0.546129 0.980455
vt 0.542854 0.979887
vt 0.546130 0.979887
vt 0.542855 0.979317
vt 0.546132 0.979316
vt 0.542857 0.978745
vt 0.546134 0.978744
vt 0.542860 0.978172
vt 0.546137 0.978172
vt 0.542863 0.977601
vt 0.546139 0.977601
vt 0.542866 0.977033
vt 0.546142 0.977033
vt 0.542869 0.976469
vt 0.546146 0.976468
vt 0.542873 0.975910
vt 0.546150 0.975909
vt 0.542877 0.975357
vt 0.546154 0.975357
vt 0.770885 0.278814
vt 0.773923 0.278815
vt 0.773923 0.282066
vt 0.770885 0.282065
vt 0.939265 0.525066
vt 0.939269 0.525546
vt 0.935992 0.525550
vt 0.935988 0.525071
vt 0.939272 0.526036
vt 0.935995 0.526040
vt 0.939275 0.526538
vt 0.935999 0.526542
vt 0.939279 0.527056
vt 0.936002 0.527060
vt 0.939282 0.527591
vt 0.936005 0.527596
vt 0.939284 0.528148
vt 0.936007 0.528152
vt 0.939287 0.528728
vt 0.936010 0.528733
vt 0.939289 0.529335
vt 0.936012 0.529340
vt 0.939291 0.529971
vt 0.936014 0.529976
vt 0.939293 0.530639
vt 0.936016 0.530643
vt 0.939294 0.531342
vt 0.936017 0.531346
vt 0.939295 0.532082
vt 0.936019 0.532086
vt 0.939296 0.533815
vt 0.936020 0.533819
vt 0.939294 0.535380
vt 0.936018 0.535385
vt 0.939290 0.536782
vt 0.936013 0.536786
vt 0.939283 0.538022
vt 0.936007 0.538027
vt 0.939275 0.539105
vt 0.935998 0.539109
vt 0.939265 0.540033
vt 0.935988 0.540037
vt 0.972961 0.566547
vt 0.972853 0.565552
vt 0.976102 0.565533
vt 0.976209 0.566529
vt 0.972765 0.564497
vt 0.976014 0.564479
vt 0.972696 0.563408
vt 0.975945 0.563390
vt 0.972646 0.562310
vt 0.975894 0.562291
vt 0.972614 0.561226
vt 0.975862 0.561208
vt 0.972600 0.560183
vt 0.975848 0.560164
vt 0.972605 0.558741
vt 0.975854 0.558723
vt 0.972634 0.557376
vt 0.975882 0.557358
vt 0.972685 0.556097
vt 0.975933 0.556079
vt 0.972757 0.554914
vt 0.976006 0.554896
vt 0.972850 0.553836
vt 0.976098 0.553818
vt 0.972961 0.552872
vt 0.976209 0.552854
vt 0.430214 0.988686
vt 0.430224 0.987677
vt 0.433501 0.987673
vt 0.433491 0.988682
vt 0.430231 0.986550
vt 0.433508 0.986546
vt 0.430237 0.985314
vt 0.433514 0.985310
vt 0.430241 0.983979
vt 0.433518 0.983975
vt 0.430242 0.982554
vt 0.433519 0.982551
vt 0.430242 0.981050
vt 0.433519 0.981047
vt 0.430241 0.980553
vt 0.433518 0.980549
vt 0.430240 0.980052
vt 0.433517 0.980048
vt 0.430239 0.979545
vt 0.433516 0.979542
vt 0.430237 0.979032
vt 0.433514 0.979028
vt 0.430236 0.978509
vt 0.433512 0.978505
vt 0.430234 0.977974
vt 0.433510 0.977971
vt 0.430231 0.977426
vt 0.433508 0.977423
vt 0.430228 0.976863
vt 0.433505 0.976860
vt 0.430225 0.976282
vt 0.433502 0.976278
vt 0.430222 0.975681
vt 0.433499 0.975678
vt 0.430218 0.975059
vt 0.433495 0.975055
vt 0.430214 0.974412
vt 0.433491 0.974409
vt 0.780170 0.278814
vt 0.783152 0.278815
vt 0.783152 0.282066
vt 0.780170 0.282065
vt 0.746856 0.976487
vt 0.743579 0.976487
vt 0.991997 0.073220
vt 0.991997 0.067485
vt 0.995240 0.067676
vt 0.995240 0.073410
vt 0.993833 0.172283
vt 0.993833 0.180519
vt 0.990557 0.180519
vt 0.990557 0.172283
vt 0.996731 0.899988
vt 0.996731 0.905711
vt 0.993484 0.905539
vt 0.993484 0.899816
vt 0.985327 0.569233
vt 0.982487 0.569233
vt 0.982487 0.565956
vt 0.985327 0.565956
vt 0.489272 0.978988
vt 0.489272 0.959526
vt 0.492515 0.959340
vt 0.492515 0.978802
vt 0.948926 0.182745
vt 0.946966 0.182745
vt 0.946966 0.179468
vt 0.948926 0.179468
vt 0.518791 0.959323
vt 0.518791 0.978813
vt 0.515545 0.978994
vt 0.515545 0.959504
vt 0.792239 0.282091
vt 0.789399 0.282090
vt 0.789399 0.278814
vt 0.792239 0.278814
vt 0.025588 0.993807
vt 0.025588 0.986761
vt 0.028831 0.986948
vt 0.028831 0.993994
vt 0.994166 0.478318
vt 0.994166 0.485350
vt 0.990918 0.485184
vt 0.990918 0.478152
vt 0.993226 0.220881
vt 0.993226 0.214860
vt 0.996503 0.214861
vt 0.996503 0.220882
vt 0.994169 0.436788
vt 0.994169 0.442156
vt 0.990918 0.442157
vt 0.990918 0.436789
vt 0.951568 0.993991
vt 0.951568 0.986436
vt 0.954844 0.986437
vt 0.954844 0.993991
vt 0.088423 0.991204
vt 0.090922 0.991205
vt 0.090922 0.994456
vt 0.088423 0.994455
vt 0.195949 0.986526
vt 0.195949 0.994081
vt 0.192673 0.994081
vt 0.192673 0.986526
vt 0.980982 0.978144
vt 0.980982 0.987147
vt 0.977731 0.987148
vt 0.977731 0.978145
vt 0.991826 0.796314
vt 0.989043 0.796314
vt 0.989043 0.793037
vt 0.991826 0.793037
vt 0.220582 0.979099
vt 0.220582 0.959730
vt 0.223831 0.959728
vt 0.223831 0.979096
vt 0.968207 0.988481
vt 0.968207 0.978144
vt 0.971484 0.978144
vt 0.971484 0.988481
vt 0.798486 0.278814
vt 0.800986 0.278815
vt 0.800986 0.282066
vt 0.798486 0.282065
vt 0.938902 0.986437
vt 0.938902 0.993992
vt 0.935625 0.993992
vt 0.935625 0.986437
vt 0.996735 0.911958
vt 0.996735 0.917808
vt 0.993484 0.917810
vt 0.993484 0.911959
vt 0.990138 0.850790
vt 0.990138 0.842866
vt 0.993415 0.842866
vt 0.993415 0.850790
vt 0.661740 0.991182
vt 0.664239 0.991183
vt 0.664239 0.994435
vt 0.661740 0.994434
vt 0.994195 0.448606
vt 0.994195 0.456530
vt 0.990918 0.456530
vt 0.990918 0.448606
vt 0.996478 0.227128
vt 0.996478 0.233149
vt 0.993226 0.233150
vt 0.993226 0.227130
vt 0.955735 0.362701
vt 0.955735 0.354238
vt 0.959012 0.354238
vt 0.959012 0.362701
vt 0.378120 0.991646
vt 0.380619 0.991646
vt 0.380619 0.994898
vt 0.378120 0.994897
vt 0.756380 0.976487
vt 0.756380 0.987734
vt 0.753103 0.987734
vt 0.753103 0.976487
vt 0.326419 0.978926
vt 0.326419 0.959558
vt 0.329667 0.959555
vt 0.329667 0.978924
vt 0.575722 0.988688
vt 0.575722 0.977698
vt 0.578999 0.977698
vt 0.578999 0.988689
vt 0.955013 0.522211
vt 0.957512 0.522212
vt 0.957512 0.525463
vt 0.955013 0.525463
vt 0.994194 0.422334
vt 0.994194 0.430541
vt 0.990918 0.430541
vt 0.990918 0.422334
vt 0.956074 0.261497
vt 0.968453 0.261497
vt 0.968459 0.265139
vt 0.956080 0.265139
vt 0.968478 0.268267
vt 0.956099 0.268267
vt 0.265946 0.956064
vt 0.278326 0.956064
vt 0.278332 0.958856
vt 0.265952 0.958856
vt 0.278335 0.962360
vt 0.265955 0.962360
vt 0.278334 0.966045
vt 0.265955 0.966045
vt 0.278330 0.969348
vt 0.265950 0.969348
vt 0.526908 0.955727
vt 0.539287 0.955727
vt 0.539308 0.958739
vt 0.526929 0.958739
vt 0.539316 0.962340
vt 0.526937 0.962340
vt 0.539310 0.965982
vt 0.526931 0.965982
vt 0.539291 0.969110
vt 0.526912 0.969110
vt 0.247297 0.956064
vt 0.259677 0.956064
vt 0.259692 0.958838
vt 0.247312 0.958838
vt 0.259699 0.962334
vt 0.247320 0.962334
vt 0.259698 0.966020
vt 0.247318 0.966020
vt 0.259688 0.969335
vt 0.247308 0.969335
vt 0.687494 0.940190
vt 0.687494 0.943883
vt 0.686080 0.947296
vt 0.683469 0.949908
vt 0.680056 0.951321
vt 0.676363 0.951321
vt 0.672951 0.949908
vt 0.670339 0.947296
vt 0.668925 0.943883
vt 0.668925 0.940189
vt 0.670339 0.936777
vt 0.672950 0.934165
vt 0.676362 0.932751
vt 0.680056 0.932751
vt 0.683468 0.934165
vt 0.686080 0.936777
vt 0.956103 0.254885
vt 0.968482 0.254885
vt 0.968461 0.257896
vt 0.956082 0.257896
vt 0.662678 0.940190
vt 0.662678 0.943883
vt 0.661265 0.947296
vt 0.658653 0.949908
vt 0.655241 0.951321
vt 0.651547 0.951321
vt 0.648135 0.949908
vt 0.645523 0.947296
vt 0.644110 0.943883
vt 0.644110 0.940190
vt 0.645523 0.936777
vt 0.648135 0.934165
vt 0.651547 0.932751
vt 0.655240 0.932751
vt 0.658653 0.934165
vt 0.661265 0.936777
vt 0.992008 0.467336
vt 0.992061 0.464909
vt 0.993267 0.465074
vt 0.993217 0.467337
vt 0.881644 0.839877
vt 0.882431 0.837717
vt 0.883421 0.838288
vt 0.882772 0.840071
vt 0.884437 0.838874
vt 0.883926 0.840279
vt 0.965756 0.277593
vt 0.965722 0.276119
vt 0.966811 0.276280
vt 0.966841 0.277589
vt 0.968019 0.276117
vt 0.968053 0.277591
vt 0.954809 0.933340
vt 0.954809 0.931846
vt 0.955935 0.931647
vt 0.955935 0.933544
vt 0.957090 0.931444
vt 0.957090 0.933743
vt 0.990918 0.467338
vt 0.990968 0.465075
vt 0.992215 0.462777
vt 0.993411 0.463086
vt 0.883908 0.835955
vt 0.884640 0.836835
vt 0.885397 0.837729
vt 0.965623 0.274821
vt 0.966723 0.275126
vt 0.967920 0.274819
vt 0.954298 0.930442
vt 0.955287 0.929865
vt 0.956304 0.929283
vt 0.991112 0.463087
vt 0.919196 0.559115
vt 0.919216 0.560996
vt 0.918053 0.561238
vt 0.918034 0.559484
vt 0.885898 0.834805
vt 0.886282 0.835886
vt 0.886691 0.836982
vt 0.966509 0.151811
vt 0.966497 0.152955
vt 0.965344 0.153196
vt 0.965354 0.152179
vt 0.964180 0.152955
vt 0.964192 0.151811
vt 0.953338 0.929297
vt 0.954068 0.928411
vt 0.954827 0.927522
vt 0.920351 0.559484
vt 0.920370 0.561238
vt 0.919227 0.563309
vt 0.918062 0.563395
vt 0.888162 0.834405
vt 0.888149 0.835556
vt 0.888162 0.836721
vt 0.966491 0.154360
vt 0.965338 0.154443
vt 0.964174 0.154360
vt 0.952044 0.928549
vt 0.952426 0.927463
vt 0.952837 0.926372
vt 0.920379 0.563395
vt 0.919227 0.565775
vt 0.918062 0.565694
vt 0.890425 0.834803
vt 0.890017 0.835885
vt 0.889633 0.836980
vt 0.966491 0.155854
vt 0.965338 0.155771
vt 0.964174 0.155854
vt 0.950573 0.928290
vt 0.950559 0.927133
vt 0.950573 0.925972
vt 0.920379 0.565694
vt 0.919216 0.568096
vt 0.918053 0.567858
vt 0.892416 0.835952
vt 0.891659 0.836832
vt 0.890927 0.837727
vt 0.966497 0.157259
vt 0.965344 0.157019
vt 0.964180 0.157259
vt 0.949102 0.928549
vt 0.948692 0.927462
vt 0.948310 0.926371
vt 0.920370 0.567858
vt 0.919196 0.569992
vt 0.918034 0.569626
vt 0.893893 0.837712
vt 0.892878 0.838285
vt 0.891887 0.838871
vt 0.966509 0.158404
vt 0.965354 0.158036
vt 0.964192 0.158404
vt 0.947809 0.929296
vt 0.947050 0.928411
vt 0.946320 0.927521
vt 0.920351 0.569626
vt 0.948244 0.273096
vt 0.948081 0.275223
vt 0.946992 0.275391
vt 0.947144 0.273407
vt 0.894679 0.839872
vt 0.893526 0.840067
vt 0.892398 0.840275
vt 0.974125 0.636739
vt 0.974218 0.638036
vt 0.973013 0.638199
vt 0.972930 0.637047
vt 0.971919 0.638036
vt 0.971826 0.636740
vt 0.946848 0.930441
vt 0.945831 0.929863
vt 0.944843 0.929282
vt 0.949441 0.273405
vt 0.949289 0.275389
vt 0.948025 0.277649
vt 0.946940 0.277653
vt 0.894679 0.842171
vt 0.893526 0.841963
vt 0.892398 0.841770
vt 0.974251 0.639508
vt 0.973041 0.639507
vt 0.971952 0.639509
vt 0.946338 0.931845
vt 0.945183 0.931646
vt 0.944057 0.931442
vt 0.949237 0.277651
vt 0.948081 0.280080
vt 0.946992 0.279920
vt 0.893893 0.844332
vt 0.892878 0.843746
vt 0.891887 0.843174
vt 0.974218 0.640979
vt 0.973013 0.640814
vt 0.971919 0.640980
vt 0.946338 0.933339
vt 0.945183 0.933543
vt 0.944057 0.933741
vt 0.949289 0.279918
vt 0.948244 0.282223
vt 0.947144 0.281918
vt 0.892416 0.846093
vt 0.891659 0.845199
vt 0.890927 0.844319
vt 0.974125 0.642271
vt 0.972930 0.641962
vt 0.971826 0.642272
vt 0.946848 0.934744
vt 0.945831 0.935325
vt 0.944843 0.935902
vt 0.949441 0.281916
vt 0.955079 0.660726
vt 0.955098 0.658838
vt 0.956252 0.658598
vt 0.956233 0.660359
vt 0.890425 0.847244
vt 0.890017 0.846148
vt 0.889633 0.845067
vt 0.955399 0.083321
vt 0.955387 0.082181
vt 0.956551 0.081939
vt 0.956562 0.082952
vt 0.957704 0.082181
vt 0.957716 0.083321
vt 0.947809 0.935889
vt 0.947050 0.936778
vt 0.946320 0.937663
vt 0.953916 0.660359
vt 0.953935 0.658598
vt 0.955109 0.656521
vt 0.956261 0.656438
vt 0.888162 0.847644
vt 0.888149 0.846478
vt 0.888162 0.845327
vt 0.955381 0.080779
vt 0.956545 0.080693
vt 0.957698 0.080779
vt 0.949102 0.936636
vt 0.948692 0.937727
vt 0.948310 0.938813
vt 0.953944 0.656438
vt 0.955109 0.654055
vt 0.956261 0.654139
vt 0.885898 0.847245
vt 0.886282 0.846150
vt 0.886691 0.845068
vt 0.955381 0.079284
vt 0.956545 0.079366
vt 0.957698 0.079284
vt 0.950573 0.936896
vt 0.950559 0.938056
vt 0.950573 0.939213
vt 0.953944 0.654139
vt 0.955098 0.651738
vt 0.956252 0.651978
vt 0.883908 0.846097
vt 0.884640 0.845202
vt 0.885397 0.844321
vt 0.955387 0.077878
vt 0.956551 0.078116
vt 0.957704 0.077878
vt 0.952044 0.936636
vt 0.952426 0.937727
vt 0.952837 0.938814
vt 0.953935 0.651978
vt 0.955079 0.649848
vt 0.956233 0.650216
vt 0.882431 0.844336
vt 0.883421 0.843749
vt 0.884437 0.843177
vt 0.955399 0.076728
vt 0.956562 0.077095
vt 0.957716 0.076729
vt 0.953338 0.935889
vt 0.954068 0.936779
vt 0.954827 0.937665
vt 0.953916 0.650216
vt 0.992215 0.471905
vt 0.992061 0.469766
vt 0.993267 0.469603
vt 0.993411 0.471597
vt 0.881645 0.842176
vt 0.882772 0.841968
vt 0.883926 0.841773
vt 0.965623 0.280352
vt 0.965722 0.279063
vt 0.966811 0.278895
vt 0.966723 0.280041
vt 0.968019 0.279061
vt 0.967920 0.280350
vt 0.954298 0.934745
vt 0.955287 0.935326
vt 0.956304 0.935903
vt 0.991112 0.471598
vt 0.990968 0.469603
vt 0.989043 0.752638
vt 0.990864 0.752638
vt 0.990873 0.757680
vt 0.989053 0.757681
vt 0.990901 0.762012
vt 0.989081 0.762013
vt 0.990879 0.619256
vt 0.989059 0.619256
vt 0.989051 0.615391
vt 0.990872 0.615392
vt 0.989049 0.610538
vt 0.990869 0.610539
vt 0.989051 0.605437
vt 0.990872 0.605438
vt 0.989059 0.600863
vt 0.990879 0.600864
vt 0.990901 0.786790
vt 0.989081 0.786790
vt 0.989053 0.782620
vt 0.990873 0.782620
vt 0.989043 0.777634
vt 0.990864 0.777635
vt 0.989053 0.772591
vt 0.990873 0.772592
vt 0.989081 0.768260
vt 0.990901 0.768260
vt 0.990893 0.594616
vt 0.989073 0.594615
vt 0.989055 0.590774
vt 0.990875 0.590776
vt 0.989049 0.585934
vt 0.990869 0.585935
vt 0.989055 0.580830
vt 0.990875 0.580831
vt 0.989073 0.576239
vt 0.990893 0.576241
vt 0.859459 0.920609
vt 0.859459 0.925724
vt 0.857502 0.930449
vt 0.853886 0.934065
vt 0.849161 0.936022
vt 0.844047 0.936022
vt 0.839323 0.934065
vt 0.835706 0.930448
vt 0.833749 0.925723
vt 0.833749 0.920609
vt 0.835706 0.915884
vt 0.839323 0.912267
vt 0.844047 0.910310
vt 0.849161 0.910310
vt 0.853886 0.912268
vt 0.857502 0.915884
vt 0.989081 0.743483
vt 0.990901 0.743482
vt 0.990873 0.747652
vt 0.989053 0.747653
vt 0.827502 0.920609
vt 0.827502 0.925724
vt 0.825545 0.930449
vt 0.821929 0.934065
vt 0.817204 0.936022
vt 0.812090 0.936022
vt 0.807365 0.934065
vt 0.803749 0.930448
vt 0.801792 0.925723
vt 0.801792 0.920609
vt 0.803749 0.915883
vt 0.807365 0.912267
vt 0.812090 0.910310
vt 0.817204 0.910310
vt 0.821929 0.912267
vt 0.825545 0.915884
vt 0.637542 0.831708
vt 0.591665 0.831670
vt 0.591665 0.773922
vt 0.637542 0.773960
vt 0.971820 0.849858
vt 0.971820 0.803982
vt 0.975460 0.803983
vt 0.975460 0.849859
vt 0.134301 0.810420
vt 0.088423 0.810405
vt 0.088423 0.752602
vt 0.134301 0.752617
vt 0.972204 0.695724
vt 0.972204 0.649848
vt 0.975844 0.649847
vt 0.975844 0.695723
vt 0.282671 0.891344
vt 0.286312 0.891344
vt 0.286312 0.949597
vt 0.282671 0.949597
vt 0.955735 0.289737
vt 0.959377 0.289737
vt 0.959377 0.347990
vt 0.955735 0.347991
vt 0.841844 0.847644
vt 0.801792 0.847611
vt 0.801792 0.795637
vt 0.841844 0.795670
vt 0.982126 0.183470
vt 0.982126 0.143420
vt 0.984310 0.143420
vt 0.984310 0.183471
vt 0.572424 0.826075
vt 0.532372 0.826062
vt 0.532372 0.774039
vt 0.572424 0.774053
vt 0.974753 0.282196
vt 0.974753 0.242146
vt 0.976937 0.242145
vt 0.976937 0.282196
vt 0.927043 0.910310
vt 0.929228 0.910310
vt 0.929228 0.962738
vt 0.927043 0.962738
vt 0.980612 0.743482
vt 0.982796 0.743482
vt 0.982796 0.795910
vt 0.980612 0.795910
vt 0.339443 0.823216
vt 0.293565 0.823178
vt 0.293565 0.765429
vt 0.339443 0.765467
vt 0.974415 0.335613
vt 0.974415 0.289737
vt 0.978054 0.289738
vt 0.978054 0.335614
vt 0.186426 0.810420
vt 0.140548 0.810405
vt 0.140548 0.752602
vt 0.186426 0.752617
vt 0.972968 0.049000
vt 0.972968 0.003124
vt 0.976608 0.003123
vt 0.976608 0.048999
vt 0.581777 0.896756
vt 0.585418 0.896756
vt 0.585418 0.955009
vt 0.581777 0.955009
vt 0.192673 0.902514
vt 0.196314 0.902514
vt 0.196314 0.960767
vt 0.192673 0.960768
vt 0.128475 0.868674
vt 0.088423 0.868640
vt 0.088423 0.816667
vt 0.128474 0.816700
vt 0.787535 0.985651
vt 0.787535 0.945601
vt 0.789719 0.945601
vt 0.789719 0.985652
vt 0.479826 0.826075
vt 0.439774 0.826062
vt 0.439774 0.774039
vt 0.479826 0.774053
vt 0.982855 0.043174
vt 0.982855 0.003124
vt 0.985039 0.003123
vt 0.985039 0.043174
vt 0.980617 0.576239
vt 0.982802 0.576239
vt 0.982802 0.628667
vt 0.980617 0.628667
vt 0.982487 0.507281
vt 0.984671 0.507281
vt 0.984671 0.559709
vt 0.982487 0.559709
vt 0.689666 0.831708
vt 0.643789 0.831670
vt 0.643789 0.773922
vt 0.689666 0.773960
vt 0.972600 0.494482
vt 0.972600 0.448606
vt 0.976240 0.448607
vt 0.976240 0.494483
vt 0.134301 0.746355
vt 0.088423 0.746340
vt 0.088423 0.688537
vt 0.134301 0.688553
vt 0.972600 0.546607
vt 0.972600 0.500731
vt 0.976240 0.500730
vt 0.976240 0.546606
vt 0.955732 0.369171
vt 0.959373 0.369171
vt 0.959373 0.427425
vt 0.955732 0.427425
vt 0.233452 0.891412
vt 0.237093 0.891412
vt 0.237093 0.949665
vt 0.233452 0.949665
vt 0.043175 0.880296
vt 0.003123 0.880263
vt 0.003123 0.828289
vt 0.043175 0.828322
vt 0.336223 0.981352
vt 0.336223 0.941302
vt 0.338407 0.941302
vt 0.338407 0.981353
vt 0.735965 0.825958
vt 0.695913 0.825944
vt 0.695913 0.773922
vt 0.735965 0.773935
vt 0.981707 0.844033
vt 0.981707 0.803983
vt 0.983891 0.803982
vt 0.983891 0.844033
vt 0.976998 0.857144
vt 0.979183 0.857144
vt 0.979183 0.909572
vt 0.976998 0.909572
vt 0.976998 0.917644
vt 0.979183 0.917644
vt 0.979183 0.970072
vt 0.976998 0.970072
vt 0.250517 0.828678
vt 0.204639 0.828640
vt 0.204639 0.770891
vt 0.250517 0.770929
vt 0.972966 0.137172
vt 0.972966 0.091296
vt 0.976606 0.091297
vt 0.976606 0.137173
vt 0.186426 0.746355
vt 0.140548 0.746340
vt 0.140548 0.688537
vt 0.186426 0.688553
vt 0.974411 0.415048
vt 0.974411 0.369172
vt 0.978051 0.369171
vt 0.978051 0.415047
vt 0.956074 0.190384
vt 0.959715 0.190384
vt 0.959715 0.248638
vt 0.956074 0.248638
vt 0.958319 0.857144
vt 0.961960 0.857144
vt 0.961960 0.915397
vt 0.958319 0.915397
vt 0.174773 0.868674
vt 0.134721 0.868640
vt 0.134721 0.816667
vt 0.174773 0.816700
vt 0.982853 0.131346
vt 0.982853 0.091296
vt 0.985037 0.091296
vt 0.985037 0.131347
vt 0.526125 0.826075
vt 0.486073 0.826062
vt 0.486073 0.774040
vt 0.526125 0.774053
vt 0.983184 0.282196
vt 0.983184 0.242146
vt 0.985368 0.242145
vt 0.985368 0.282196
vt 0.982091 0.649847
vt 0.984275 0.649847
vt 0.984275 0.702275
vt 0.982091 0.702275
vt 0.982487 0.448606
vt 0.984671 0.448606
vt 0.984671 0.501034
vt 0.982487 0.501034
vt 0.946940 0.266849
vt 0.946940 0.190387
vt 0.949827 0.190384
vt 0.949827 0.266846
vt 0.293565 0.759172
vt 0.293565 0.682712
vt 0.329962 0.682723
vt 0.329962 0.759182
vt 0.945876 0.525070
vt 0.945876 0.448607
vt 0.948766 0.448606
vt 0.948766 0.525069
vt 0.045780 0.765007
vt 0.045780 0.688548
vt 0.082176 0.688537
vt 0.082176 0.764997
vt 0.972966 0.179831
vt 0.972966 0.143420
vt 0.975879 0.143420
vt 0.975879 0.179831
vt 0.318965 0.939520
vt 0.318965 0.975930
vt 0.316052 0.975930
vt 0.316052 0.939520
vt 0.899776 0.978452
vt 0.899776 0.945683
vt 0.903385 0.945680
vt 0.903385 0.978449
vt 0.127437 0.874930
vt 0.160206 0.874920
vt 0.160206 0.922236
vt 0.127437 0.922245
vt 0.972204 0.734742
vt 0.972204 0.701972
vt 0.975817 0.701971
vt 0.975817 0.734741
vt 0.776322 0.926639
vt 0.743554 0.926630
vt 0.743554 0.879314
vt 0.776322 0.879323
vt 0.567747 0.879657
vt 0.567747 0.832322
vt 0.571388 0.832322
vt 0.571388 0.879657
vt 0.116509 0.928502
vt 0.116509 0.975836
vt 0.112868 0.975836
vt 0.112868 0.928502
vt 0.439774 0.984598
vt 0.439774 0.956926
vt 0.441940 0.956924
vt 0.441940 0.984596
vt 0.695913 0.888700
vt 0.723584 0.888692
vt 0.723584 0.930912
vt 0.695913 0.930919
vt 0.982091 0.736195
vt 0.982091 0.708523
vt 0.984258 0.708522
vt 0.984258 0.736195
vt 0.030795 0.928770
vt 0.003123 0.928763
vt 0.003123 0.886543
vt 0.030795 0.886551
vt 0.676981 0.880192
vt 0.676981 0.837955
vt 0.679166 0.837955
vt 0.679166 0.880192
vt 0.183204 0.939383
vt 0.183204 0.981620
vt 0.181020 0.981620
vt 0.181020 0.939383
vt 0.147463 0.953773
vt 0.127437 0.953757
vt 0.127437 0.928492
vt 0.147463 0.928508
vt 0.964176 0.083664
vt 0.964176 0.063639
vt 0.966359 0.063639
vt 0.966359 0.083664
vt 0.546934 0.949480
vt 0.526908 0.949474
vt 0.526908 0.924185
vt 0.546934 0.924192
vt 0.982487 0.442359
vt 0.982487 0.422334
vt 0.984671 0.422334
vt 0.984671 0.442359
vt 0.963412 0.710363
vt 0.965596 0.710363
vt 0.965596 0.735848
vt 0.963412 0.735848
vt 0.448187 0.956924
vt 0.450371 0.956924
vt 0.450371 0.982410
vt 0.448187 0.982410
vt 0.946946 0.911785
vt 0.946946 0.857171
vt 0.949880 0.857164
vt 0.949880 0.911778
vt 0.952072 0.857144
vt 0.952072 0.911758
vt 0.166453 0.929540
vt 0.166453 0.874924
vt 0.169246 0.874920
vt 0.169246 0.929537
vt 0.172233 0.874922
vt 0.172233 0.929538
vt 0.174615 0.874926
vt 0.174615 0.929543
vt 0.037042 0.941165
vt 0.037042 0.886551
vt 0.039931 0.886543
vt 0.039931 0.941157
vt 0.042865 0.886550
vt 0.042865 0.941164
vt 0.045057 0.886570
vt 0.045057 0.941184
vt 0.336209 0.737335
vt 0.336209 0.682720
vt 0.338993 0.682712
vt 0.338993 0.737328
vt 0.341984 0.682715
vt 0.341984 0.737330
vt 0.425525 0.961027
vt 0.425525 0.964042
vt 0.424018 0.966654
vt 0.421406 0.968162
vt 0.418391 0.968162
vt 0.415780 0.966654
vt 0.414272 0.964042
vt 0.414272 0.961026
vt 0.415780 0.958415
vt 0.418391 0.956907
vt 0.421406 0.956907
vt 0.424018 0.958415
vt 0.344379 0.682726
vt 0.344379 0.737342
vt 0.944057 0.911777
vt 0.944057 0.857162
vt 0.966633 0.169020
vt 0.966633 0.172036
vt 0.965125 0.174648
vt 0.962514 0.176155
vt 0.959498 0.176155
vt 0.956887 0.174647
vt 0.955379 0.172036
vt 0.955379 0.169020
vt 0.956887 0.166409
vt 0.959498 0.164901
vt 0.962513 0.164901
vt 0.965125 0.166409
vt 0.131831 0.984802
vt 0.127462 0.984792
vt 0.127462 0.980024
vt 0.131831 0.980034
vt 0.127437 0.976462
vt 0.131807 0.976472
vt 0.192673 0.967016
vt 0.197042 0.967014
vt 0.197048 0.971553
vt 0.192679 0.971554
vt 0.197048 0.976407
vt 0.192679 0.976409
vt 0.197042 0.980278
vt 0.192673 0.980279
vt 0.591665 0.976483
vt 0.596034 0.976473
vt 0.596059 0.981168
vt 0.591690 0.981178
vt 0.596059 0.985936
vt 0.591690 0.985946
vt 0.596034 0.989498
vt 0.591665 0.989508
vt 0.905906 0.270214
vt 0.910275 0.270210
vt 0.910290 0.274735
vt 0.905921 0.274739
vt 0.910290 0.279595
vt 0.905921 0.279598
vt 0.953912 0.952154
vt 0.953912 0.957054
vt 0.951462 0.961298
vt 0.947219 0.963748
vt 0.942319 0.963748
vt 0.938075 0.961298
vt 0.935625 0.957054
vt 0.935625 0.952154
vt 0.938075 0.947910
vt 0.942318 0.945460
vt 0.947218 0.945460
vt 0.951462 0.947910
vt 0.910275 0.283487
vt 0.905906 0.283490
vt 0.131807 0.989497
vt 0.127437 0.989487
vt 0.884753 0.517567
vt 0.884753 0.522467
vt 0.882303 0.526711
vt 0.878060 0.529161
vt 0.873160 0.529161
vt 0.868916 0.526711
vt 0.866466 0.522467
vt 0.866466 0.517566
vt 0.868916 0.513323
vt 0.873160 0.510873
vt 0.878060 0.510873
vt 0.882303 0.513323
vt 0.573207 0.953076
vt 0.553181 0.953059
vt 0.553181 0.924185
vt 0.573207 0.924202
vt 0.891978 0.910316
vt 0.912004 0.910310
vt 0.912004 0.939427
vt 0.891978 0.939433
vt 0.493355 0.953093
vt 0.473329 0.953086
vt 0.473329 0.924185
vt 0.493355 0.924191
vt 0.371873 0.942941
vt 0.351848 0.942936
vt 0.351848 0.913819
vt 0.371873 0.913824
vt 0.247297 0.920473
vt 0.247297 0.891344
vt 0.276424 0.891344
vt 0.276424 0.920473
vt 0.537831 0.888809
vt 0.537833 0.917938
vt 0.508706 0.917938
vt 0.508705 0.888809
vt 0.258786 0.938282
vt 0.265210 0.936561
vt 0.265210 0.939996
vt 0.818032 0.955330
vt 0.812848 0.955402
vt 0.812848 0.947893
vt 0.818032 0.949308
vt 0.807064 0.955389
vt 0.801823 0.955292
vt 0.801823 0.949271
vt 0.807064 0.947880
vt 0.457778 0.940841
vt 0.451387 0.939122
vt 0.457778 0.937406
vt 0.270393 0.935174
vt 0.270393 0.941363
vt 0.462870 0.942223
vt 0.462870 0.936034
vt 0.456061 0.934432
vt 0.459776 0.930674
vt 0.263493 0.942971
vt 0.812810 0.942283
vt 0.818001 0.944809
vt 0.801792 0.944771
vt 0.807025 0.942269
vt 0.267299 0.946723
vt 0.260519 0.944688
vt 0.158397 0.937578
vt 0.163615 0.935792
vt 0.163625 0.942939
vt 0.158406 0.943309
vt 0.169400 0.935790
vt 0.174607 0.937572
vt 0.174615 0.943304
vt 0.169410 0.942937
vt 0.453087 0.932714
vt 0.261940 0.949817
vt 0.454416 0.927579
vt 0.163625 0.950585
vt 0.158406 0.949441
vt 0.174615 0.949435
vt 0.169410 0.950583
vt 0.449652 0.932714
vt 0.255751 0.949817
vt 0.257085 0.944688
vt 0.448228 0.927579
vt 0.446678 0.934432
vt 0.250392 0.946723
vt 0.254110 0.942971
vt 0.169400 0.956678
vt 0.163615 0.956680
vt 0.442868 0.930674
vt 0.158397 0.954329
vt 0.174607 0.954323
vt 0.247297 0.941363
vt 0.252393 0.939996
vt 0.848453 0.942283
vt 0.854238 0.942269
vt 0.854276 0.949664
vt 0.848492 0.949677
vt 0.444961 0.937406
vt 0.439774 0.936034
vt 0.843220 0.943844
vt 0.843251 0.949774
vt 0.859428 0.943806
vt 0.859459 0.949736
vt 0.854276 0.957173
vt 0.848492 0.957186
vt 0.444961 0.940841
vt 0.439774 0.942223
vt 0.252393 0.936561
vt 0.843251 0.955795
vt 0.859459 0.955758
vt 0.247297 0.935174
vt 0.254110 0.933587
vt 0.848453 0.962797
vt 0.843220 0.960294
vt 0.859428 0.960257
vt 0.854238 0.962783
vt 0.446678 0.943815
vt 0.250391 0.929814
vt 0.442869 0.947583
vt 0.257084 0.931870
vt 0.591665 0.934681
vt 0.596890 0.932876
vt 0.596914 0.940002
vt 0.591684 0.940396
vt 0.602675 0.932871
vt 0.607874 0.934668
vt 0.607893 0.940383
vt 0.602699 0.939997
vt 0.449653 0.945533
vt 0.255750 0.926720
vt 0.448228 0.950677
vt 0.607893 0.946520
vt 0.602699 0.947650
vt 0.453087 0.945533
vt 0.261939 0.926720
vt 0.260519 0.931870
vt 0.596914 0.947655
vt 0.454416 0.950677
vt 0.591684 0.946533
vt 0.267299 0.929814
vt 0.263493 0.933587
vt 0.602675 0.953780
vt 0.596890 0.953784
vt 0.456061 0.943815
vt 0.459776 0.947583
vt 0.591665 0.951449
vt 0.607874 0.951435
vt 0.812810 0.962797
vt 0.807025 0.962783
vt 0.818001 0.961260
vt 0.801792 0.961222
vt 0.914582 0.845173
vt 0.915959 0.844804
vt 0.915959 0.845540
vt 0.656080 0.281613
vt 0.654772 0.281628
vt 0.654772 0.280019
vt 0.656080 0.280323
vt 0.653314 0.281625
vt 0.651994 0.281604
vt 0.651994 0.280314
vt 0.653314 0.280016
vt 0.237311 0.990269
vt 0.235943 0.989901
vt 0.237311 0.989533
vt 0.917072 0.844506
vt 0.917072 0.845832
vt 0.238401 0.990565
vt 0.238401 0.989239
vt 0.236944 0.988896
vt 0.237738 0.988091
vt 0.915591 0.846177
vt 0.654764 0.278817
vt 0.656074 0.279359
vt 0.651987 0.279349
vt 0.653306 0.278814
vt 0.916409 0.846981
vt 0.914954 0.846545
vt 0.527930 0.279197
vt 0.529245 0.278814
vt 0.529247 0.280346
vt 0.527931 0.280425
vt 0.530703 0.278814
vt 0.532016 0.279196
vt 0.532018 0.280424
vt 0.530705 0.280345
vt 0.236306 0.988528
vt 0.915260 0.847644
vt 0.236589 0.987428
vt 0.529247 0.281984
vt 0.527931 0.281739
vt 0.532018 0.281738
vt 0.530705 0.281984
vt 0.235570 0.988528
vt 0.913934 0.847644
vt 0.914218 0.846545
vt 0.235263 0.987428
vt 0.234933 0.988896
vt 0.912786 0.846981
vt 0.913581 0.846177
vt 0.530703 0.283290
vt 0.529245 0.283290
vt 0.234115 0.988091
vt 0.527930 0.282786
vt 0.532016 0.282785
vt 0.912122 0.845832
vt 0.913213 0.845540
vt 0.580928 0.278817
vt 0.582386 0.278814
vt 0.582394 0.280398
vt 0.580936 0.280402
vt 0.234565 0.989533
vt 0.233452 0.989239
vt 0.579609 0.279152
vt 0.579616 0.280423
vt 0.583695 0.279143
vt 0.583702 0.280413
vt 0.582394 0.282007
vt 0.580936 0.282011
vt 0.234565 0.990269
vt 0.233452 0.990565
vt 0.913213 0.844804
vt 0.579616 0.281713
vt 0.583702 0.281704
vt 0.912122 0.844506
vt 0.913581 0.844166
vt 0.580928 0.283213
vt 0.579609 0.282677
vt 0.583695 0.282668
vt 0.582386 0.283210
vt 0.234933 0.990907
vt 0.912785 0.843357
vt 0.234115 0.991714
vt 0.914218 0.843798
vt 0.476248 0.279202
vt 0.477564 0.278815
vt 0.477569 0.280342
vt 0.476252 0.280427
vt 0.479023 0.278814
vt 0.480334 0.279199
vt 0.480338 0.280423
vt 0.479028 0.280341
vt 0.235570 0.991275
vt 0.913934 0.842694
vt 0.235263 0.992377
vt 0.480338 0.281738
vt 0.479028 0.281981
vt 0.236306 0.991275
vt 0.915260 0.842694
vt 0.914954 0.843798
vt 0.477569 0.281982
vt 0.236589 0.992377
vt 0.476252 0.281742
vt 0.916408 0.843357
vt 0.915591 0.844166
vt 0.479023 0.283294
vt 0.477564 0.283295
vt 0.236944 0.990907
vt 0.237738 0.991714
vt 0.476248 0.282795
vt 0.480334 0.282792
vt 0.654764 0.283213
vt 0.653306 0.283210
vt 0.656074 0.282884
vt 0.651987 0.282875
vt 0.185969 0.991004
vt 0.184880 0.990708
vt 0.184880 0.989972
vt 0.185969 0.989678
vt 0.920710 0.989745
vt 0.922087 0.989376
vt 0.922087 0.990112
vt 0.614721 0.281613
vt 0.613413 0.281628
vt 0.613413 0.280019
vt 0.614721 0.280323
vt 0.611955 0.281625
vt 0.610635 0.281604
vt 0.610635 0.280314
vt 0.611955 0.280016
vt 0.183511 0.990340
vt 0.923200 0.989079
vt 0.923200 0.990405
vt 0.922537 0.991553
vt 0.921719 0.990750
vt 0.611947 0.278814
vt 0.613405 0.278817
vt 0.184512 0.989335
vt 0.185306 0.988530
vt 0.614715 0.279359
vt 0.610628 0.279349
vt 0.183874 0.988967
vt 0.184157 0.987867
vt 0.921082 0.991118
vt 0.538265 0.279197
vt 0.539580 0.278814
vt 0.539582 0.280346
vt 0.538266 0.280425
vt 0.541038 0.278814
vt 0.542351 0.279196
vt 0.542353 0.280424
vt 0.541040 0.280345
vt 0.921388 0.992216
vt 0.920346 0.991118
vt 0.539582 0.281984
vt 0.538266 0.281739
vt 0.542353 0.281738
vt 0.541040 0.281984
vt 0.183138 0.988967
vt 0.920062 0.992216
vt 0.182831 0.987867
vt 0.539580 0.283290
vt 0.538265 0.282787
vt 0.542351 0.282785
vt 0.541038 0.283290
vt 0.182501 0.989335
vt 0.918914 0.991553
vt 0.919709 0.990750
vt 0.181683 0.988530
vt 0.182133 0.989972
vt 0.918251 0.990405
vt 0.919341 0.990112
vt 0.684325 0.278817
vt 0.685783 0.278814
vt 0.685792 0.280398
vt 0.684333 0.280402
vt 0.181020 0.989678
vt 0.683007 0.279152
vt 0.683013 0.280423
vt 0.687093 0.279143
vt 0.687099 0.280413
vt 0.918251 0.989079
vt 0.919341 0.989376
vt 0.685792 0.282007
vt 0.684333 0.282011
vt 0.182133 0.990708
vt 0.181020 0.991004
vt 0.683013 0.281713
vt 0.687099 0.281704
vt 0.685783 0.283210
vt 0.684325 0.283213
vt 0.182501 0.991346
vt 0.181683 0.992153
vt 0.919709 0.988739
vt 0.683007 0.282677
vt 0.687093 0.282668
vt 0.918914 0.987930
vt 0.920346 0.988371
vt 0.486585 0.279202
vt 0.487902 0.278815
vt 0.487907 0.280342
vt 0.486589 0.280426
vt 0.489360 0.278814
vt 0.490671 0.279199
vt 0.490675 0.280423
vt 0.489365 0.280341
vt 0.183138 0.991714
vt 0.920062 0.987267
vt 0.182831 0.992816
vt 0.921082 0.988371
vt 0.487907 0.281982
vt 0.486589 0.281742
vt 0.490675 0.281738
vt 0.489365 0.281981
vt 0.183874 0.991714
vt 0.921388 0.987267
vt 0.184157 0.992816
vt 0.490671 0.282792
vt 0.489360 0.283294
vt 0.184512 0.991346
vt 0.922537 0.987930
vt 0.921719 0.988739
vt 0.487902 0.283295
vt 0.185306 0.992153
vt 0.486585 0.282795
vt 0.613405 0.283213
vt 0.611947 0.283210
vt 0.614715 0.282884
vt 0.610628 0.282875
vt 0.622295 0.281625
vt 0.620975 0.281604
vt 0.620975 0.280314
vt 0.622295 0.280016
vt 0.340083 0.990441
vt 0.338714 0.990073
vt 0.340083 0.989705
vt 0.920374 0.280650
vt 0.921486 0.280352
vt 0.921486 0.281679
vt 0.920374 0.281386
vt 0.623753 0.281628
vt 0.623753 0.280019
vt 0.341172 0.990737
vt 0.341172 0.989411
vt 0.918997 0.281019
vt 0.625061 0.281613
vt 0.625061 0.280323
vt 0.920006 0.282023
vt 0.623745 0.278817
vt 0.625054 0.279359
vt 0.620968 0.279349
vt 0.622287 0.278814
vt 0.339715 0.989068
vt 0.920823 0.282827
vt 0.340509 0.988263
vt 0.551373 0.278814
vt 0.552686 0.279196
vt 0.552688 0.280424
vt 0.551375 0.280345
vt 0.339078 0.988700
vt 0.919675 0.283490
vt 0.919369 0.282391
vt 0.549915 0.278814
vt 0.549917 0.280346
vt 0.339361 0.987599
vt 0.548600 0.279197
vt 0.548601 0.280425
vt 0.918349 0.283490
vt 0.918633 0.282391
vt 0.551375 0.281984
vt 0.549917 0.281984
vt 0.338342 0.988700
vt 0.338035 0.987599
vt 0.548601 0.281739
vt 0.552688 0.281738
vt 0.917200 0.282827
vt 0.917996 0.282023
vt 0.551373 0.283290
vt 0.549915 0.283290
vt 0.337704 0.989068
vt 0.336886 0.988263
vt 0.548600 0.282787
vt 0.552686 0.282785
vt 0.337336 0.989705
vt 0.336223 0.989411
vt 0.917628 0.281386
vt 0.672667 0.279152
vt 0.673985 0.278817
vt 0.673994 0.280402
vt 0.672673 0.280423
vt 0.675444 0.278814
vt 0.676753 0.279143
vt 0.676760 0.280413
vt 0.675452 0.280398
vt 0.916537 0.281678
vt 0.917628 0.280650
vt 0.673994 0.282011
vt 0.672673 0.281713
vt 0.676760 0.281704
vt 0.675452 0.282007
vt 0.337336 0.990441
vt 0.916537 0.280352
vt 0.336223 0.990737
vt 0.673985 0.283213
vt 0.672667 0.282677
vt 0.676753 0.282668
vt 0.675444 0.283210
vt 0.337704 0.991078
vt 0.917200 0.279204
vt 0.917996 0.280013
vt 0.336886 0.991886
vt 0.338342 0.991446
vt 0.918349 0.278541
vt 0.918633 0.279645
vt 0.456890 0.278815
vt 0.458348 0.278814
vt 0.458353 0.280341
vt 0.456895 0.280342
vt 0.338035 0.992549
vt 0.455573 0.279202
vt 0.455577 0.280426
vt 0.459659 0.279199
vt 0.459663 0.280423
vt 0.919675 0.278541
vt 0.919369 0.279645
vt 0.458353 0.281981
vt 0.456895 0.281982
vt 0.339078 0.991446
vt 0.339361 0.992549
vt 0.455577 0.281742
vt 0.459663 0.281738
vt 0.458348 0.283294
vt 0.456890 0.283295
vt 0.339715 0.991078
vt 0.340509 0.991886
vt 0.920006 0.280013
vt 0.455573 0.282795
vt 0.459659 0.282792
vt 0.920823 0.279204
vt 0.625054 0.282884
vt 0.623745 0.283213
vt 0.622287 0.283210
vt 0.620968 0.282875
vt 0.519628 0.953076
vt 0.499602 0.953059
vt 0.499602 0.924185
vt 0.519628 0.924202
vt 0.866466 0.535414
vt 0.886491 0.535408
vt 0.886491 0.564525
vt 0.866466 0.564531
vt 0.398146 0.942726
vt 0.378120 0.942720
vt 0.378120 0.913819
vt 0.398146 0.913825
vt 0.885731 0.939433
vt 0.865706 0.939427
vt 0.865706 0.910310
vt 0.885731 0.910316
vt 0.544080 0.917938
vt 0.544080 0.888809
vt 0.573207 0.888809
vt 0.573206 0.917938
vt 0.502456 0.888809
vt 0.502458 0.917938
vt 0.473331 0.917938
vt 0.473329 0.888809
vt 0.429315 0.942206
vt 0.424224 0.940824
vt 0.424224 0.937389
vt 0.429315 0.936017
vt 0.418488 0.869073
vt 0.424912 0.867352
vt 0.424912 0.870786
vt 0.712153 0.950227
vt 0.706969 0.950299
vt 0.706969 0.942790
vt 0.712153 0.944205
vt 0.701185 0.950285
vt 0.695944 0.950189
vt 0.695944 0.944168
vt 0.701185 0.942777
vt 0.417832 0.939105
vt 0.430095 0.865964
vt 0.430095 0.872153
vt 0.427001 0.877513
vt 0.423195 0.873761
vt 0.701146 0.937166
vt 0.706931 0.937180
vt 0.422506 0.934415
vt 0.426221 0.930657
vt 0.712122 0.939706
vt 0.695913 0.939668
vt 0.419532 0.932698
vt 0.420862 0.927562
vt 0.420221 0.875478
vt 0.003123 0.936805
vt 0.008341 0.935019
vt 0.008351 0.942166
vt 0.003132 0.942537
vt 0.014126 0.935017
vt 0.019333 0.936799
vt 0.019341 0.942531
vt 0.014136 0.942164
vt 0.421642 0.880608
vt 0.416787 0.875478
vt 0.008351 0.949812
vt 0.003132 0.948668
vt 0.019341 0.948662
vt 0.014136 0.949810
vt 0.416098 0.932698
vt 0.415453 0.880608
vt 0.414673 0.927562
vt 0.008341 0.955907
vt 0.003123 0.953556
vt 0.019333 0.953550
vt 0.014126 0.955905
vt 0.413124 0.934415
vt 0.410094 0.877513
vt 0.413812 0.873761
vt 0.409314 0.930657
vt 0.411406 0.937389
vt 0.406999 0.872153
vt 0.412095 0.870786
vt 0.298798 0.939533
vt 0.304583 0.939520
vt 0.304622 0.946914
vt 0.298837 0.946928
vt 0.406219 0.936016
vt 0.293566 0.941094
vt 0.293597 0.947024
vt 0.309774 0.941056
vt 0.309805 0.946986
vt 0.406999 0.865964
vt 0.412095 0.867352
vt 0.304622 0.954423
vt 0.298837 0.954436
vt 0.411406 0.940824
vt 0.406219 0.942206
vt 0.293597 0.953045
vt 0.309805 0.953008
vt 0.304583 0.960033
vt 0.298798 0.960047
vt 0.413124 0.943798
vt 0.409314 0.947565
vt 0.413812 0.864377
vt 0.293566 0.957545
vt 0.309774 0.957507
vt 0.410093 0.860605
vt 0.416786 0.862660
vt 0.743554 0.934696
vt 0.748779 0.932890
vt 0.748803 0.940016
vt 0.743573 0.940410
vt 0.754564 0.932886
vt 0.759763 0.934683
vt 0.759782 0.940397
vt 0.754588 0.940012
vt 0.416098 0.945516
vt 0.415452 0.857510
vt 0.414673 0.950660
vt 0.420221 0.862660
vt 0.748803 0.947669
vt 0.743573 0.946547
vt 0.759782 0.946534
vt 0.754588 0.947665
vt 0.419532 0.945516
vt 0.421641 0.857510
vt 0.420862 0.950660
vt 0.759763 0.951450
vt 0.754564 0.953794
vt 0.422506 0.943799
vt 0.427001 0.860605
vt 0.423195 0.864377
vt 0.748779 0.953799
vt 0.426221 0.947566
vt 0.743554 0.951463
vt 0.706931 0.957694
vt 0.701146 0.957680
vt 0.712122 0.956157
vt 0.695913 0.956119
vt 0.665112 0.281628
vt 0.663654 0.281625
vt 0.663654 0.280016
vt 0.665112 0.280019
vt 0.888144 0.990875
vt 0.887055 0.990579
vt 0.887055 0.989843
vt 0.888144 0.989549
vt 0.925808 0.845173
vt 0.924431 0.844804
vt 0.924799 0.844167
vt 0.666420 0.281613
vt 0.666420 0.280323
vt 0.662334 0.281604
vt 0.662334 0.280314
vt 0.885686 0.990211
vt 0.923318 0.844506
vt 0.923982 0.843357
vt 0.925130 0.842694
vt 0.925436 0.843799
vt 0.663646 0.278814
vt 0.665104 0.278817
vt 0.886687 0.989206
vt 0.887481 0.988400
vt 0.666413 0.279359
vt 0.662327 0.279349
vt 0.508575 0.278814
vt 0.510033 0.278814
vt 0.510035 0.280345
vt 0.508577 0.280346
vt 0.886050 0.988838
vt 0.886333 0.987737
vt 0.926172 0.843799
vt 0.507259 0.279197
vt 0.507261 0.280425
vt 0.511346 0.279196
vt 0.511348 0.280424
vt 0.926456 0.842694
vt 0.926809 0.844167
vt 0.508577 0.281984
vt 0.507261 0.281739
vt 0.511348 0.281738
vt 0.510035 0.281984
vt 0.885314 0.988838
vt 0.927605 0.843357
vt 0.885007 0.987737
vt 0.927177 0.844804
vt 0.508575 0.283290
vt 0.507259 0.282787
vt 0.511346 0.282785
vt 0.510033 0.283290
vt 0.884677 0.989206
vt 0.928268 0.844506
vt 0.883858 0.988400
vt 0.572046 0.278814
vt 0.573356 0.279143
vt 0.573362 0.280413
vt 0.572055 0.280398
vt 0.884309 0.989843
vt 0.928268 0.845832
vt 0.927177 0.845540
vt 0.570588 0.278817
vt 0.570596 0.280402
vt 0.883195 0.989549
vt 0.569270 0.279152
vt 0.569276 0.280423
vt 0.927604 0.846981
vt 0.926809 0.846178
vt 0.572055 0.282007
vt 0.570596 0.282011
vt 0.884309 0.990579
vt 0.883195 0.990875
vt 0.569276 0.281713
vt 0.573362 0.281704
vt 0.926456 0.847644
vt 0.926172 0.846546
vt 0.572046 0.283210
vt 0.570588 0.283213
vt 0.884677 0.991216
vt 0.883858 0.992024
vt 0.569270 0.282677
vt 0.573356 0.282668
vt 0.885314 0.991584
vt 0.885007 0.992687
vt 0.925436 0.846546
vt 0.496922 0.279202
vt 0.498239 0.278815
vt 0.498244 0.280342
vt 0.496926 0.280426
vt 0.499697 0.278814
vt 0.501008 0.279199
vt 0.501013 0.280423
vt 0.499703 0.280341
vt 0.925130 0.847644
vt 0.924798 0.846178
vt 0.498244 0.281982
vt 0.496926 0.281742
vt 0.501013 0.281738
vt 0.499703 0.281981
vt 0.886050 0.991584
vt 0.923981 0.846981
vt 0.886333 0.992687
vt 0.498239 0.283295
vt 0.496922 0.282795
vt 0.501008 0.282792
vt 0.499697 0.283294
vt 0.886687 0.991216
vt 0.923318 0.845832
vt 0.924430 0.845540
vt 0.887481 0.992024
vt 0.665104 0.283213
vt 0.663646 0.283210
vt 0.666413 0.282884
vt 0.662327 0.282875
vt 0.592734 0.281628
vt 0.591276 0.281625
vt 0.591276 0.280016
vt 0.592734 0.280019
vt 0.612557 0.991993
vt 0.611468 0.991696
vt 0.611468 0.990960
vt 0.612557 0.990666
vt 0.903386 0.845172
vt 0.904763 0.844803
vt 0.904763 0.845539
vt 0.594042 0.281613
vt 0.594042 0.280323
vt 0.589956 0.281604
vt 0.589956 0.280314
vt 0.610099 0.991328
vt 0.905875 0.844506
vt 0.905875 0.845832
vt 0.905212 0.846981
vt 0.904395 0.846177
vt 0.591267 0.278814
vt 0.592726 0.278817
vt 0.611100 0.990323
vt 0.611894 0.989518
vt 0.594035 0.279359
vt 0.589949 0.279349
vt 0.518910 0.278814
vt 0.520368 0.278814
vt 0.520370 0.280345
vt 0.518912 0.280346
vt 0.610463 0.989955
vt 0.610746 0.988855
vt 0.903758 0.846545
vt 0.517595 0.279197
vt 0.517596 0.280425
vt 0.521681 0.279196
vt 0.521683 0.280424
vt 0.904064 0.847644
vt 0.903022 0.846545
vt 0.518912 0.281984
vt 0.517596 0.281739
vt 0.521683 0.281738
vt 0.520370 0.281984
vt 0.609727 0.989955
vt 0.902738 0.847644
vt 0.609420 0.988855
vt 0.902385 0.846177
vt 0.518910 0.283290
vt 0.517595 0.282787
vt 0.521681 0.282785
vt 0.520368 0.283290
vt 0.609089 0.990323
vt 0.901589 0.846981
vt 0.608271 0.989518
vt 0.644424 0.278814
vt 0.645734 0.279143
vt 0.645740 0.280413
vt 0.644433 0.280398
vt 0.608721 0.990960
vt 0.900926 0.845832
vt 0.902017 0.845539
vt 0.642966 0.278817
vt 0.642974 0.280402
vt 0.607608 0.990666
vt 0.641648 0.279152
vt 0.641654 0.280423
vt 0.900926 0.844506
vt 0.902017 0.844803
vt 0.644433 0.282007
vt 0.642974 0.282011
vt 0.608721 0.991696
vt 0.607608 0.991993
vt 0.641654 0.281713
vt 0.645740 0.281704
vt 0.901589 0.843357
vt 0.902384 0.844166
vt 0.644424 0.283210
vt 0.642966 0.283213
vt 0.609089 0.992334
vt 0.608271 0.993141
vt 0.641648 0.282677
vt 0.645734 0.282668
vt 0.609727 0.992702
vt 0.609420 0.993804
vt 0.903022 0.843798
vt 0.465910 0.279202
vt 0.467227 0.278815
vt 0.467232 0.280342
vt 0.465914 0.280426
vt 0.468685 0.278814
vt 0.469996 0.279199
vt 0.470001 0.280423
vt 0.468690 0.280341
vt 0.902738 0.842694
vt 0.903758 0.843798
vt 0.467232 0.281982
vt 0.465914 0.281742
vt 0.470001 0.281738
vt 0.468690 0.281981
vt 0.610463 0.992702
vt 0.904064 0.842694
vt 0.610746 0.993804
vt 0.467227 0.283295
vt 0.465910 0.282795
vt 0.469996 0.282792
vt 0.468685 0.283294
vt 0.611100 0.992334
vt 0.905212 0.843357
vt 0.904395 0.844166
vt 0.611894 0.993141
vt 0.592726 0.283213
vt 0.591267 0.283210
vt 0.594035 0.282884
vt 0.589949 0.282875
vt 0.869566 0.990581
vt 0.868197 0.990213
vt 0.869566 0.989845
vt 0.987421 0.081811
vt 0.988534 0.081513
vt 0.988534 0.082839
vt 0.987421 0.082547
vt 0.603074 0.281628
vt 0.601615 0.281625
vt 0.601615 0.280016
vt 0.603074 0.280019
vt 0.870655 0.990878
vt 0.870655 0.989551
vt 0.986044 0.082179
vt 0.604382 0.281613
vt 0.604382 0.280323
vt 0.600295 0.281604
vt 0.600295 0.280314
vt 0.603065 0.278817
vt 0.604375 0.279359
vt 0.600289 0.279349
vt 0.601607 0.278814
vt 0.869198 0.989208
vt 0.987871 0.083988
vt 0.987054 0.083184
vt 0.869992 0.988403
vt 0.868561 0.988840
vt 0.986722 0.084651
vt 0.986416 0.083552
vt 0.560250 0.278814
vt 0.561708 0.278814
vt 0.561710 0.280345
vt 0.560252 0.280346
vt 0.868844 0.987740
vt 0.558935 0.279197
vt 0.558936 0.280425
vt 0.563021 0.279196
vt 0.563023 0.280424
vt 0.985396 0.084651
vt 0.985680 0.083552
vt 0.561710 0.281984
vt 0.560252 0.281984
vt 0.867825 0.988840
vt 0.867518 0.987740
vt 0.558936 0.281739
vt 0.563023 0.281738
vt 0.561708 0.283290
vt 0.560250 0.283290
vt 0.867188 0.989208
vt 0.866369 0.988403
vt 0.985043 0.083184
vt 0.558935 0.282787
vt 0.563021 0.282785
vt 0.984248 0.083987
vt 0.984675 0.082546
vt 0.631308 0.279152
vt 0.632626 0.278817
vt 0.632635 0.280402
vt 0.631315 0.280423
vt 0.634085 0.278814
vt 0.635394 0.279143
vt 0.635401 0.280413
vt 0.634093 0.280398
vt 0.866820 0.989845
vt 0.983585 0.082839
vt 0.865706 0.989551
vt 0.984675 0.081810
vt 0.632635 0.282011
vt 0.631315 0.281713
vt 0.635401 0.281704
vt 0.634093 0.282007
vt 0.866820 0.990581
vt 0.983585 0.081513
vt 0.865706 0.990877
vt 0.635394 0.282668
vt 0.634085 0.283210
vt 0.867188 0.991219
vt 0.984248 0.080364
vt 0.985043 0.081173
vt 0.632626 0.283213
vt 0.866369 0.992026
vt 0.631308 0.282677
vt 0.985396 0.079701
vt 0.985680 0.080805
vt 0.446552 0.278815
vt 0.448011 0.278814
vt 0.448016 0.280341
vt 0.446557 0.280342
vt 0.867825 0.991587
vt 0.867518 0.992689
vt 0.445235 0.279202
vt 0.445240 0.280426
vt 0.449322 0.279199
vt 0.449326 0.280423
vt 0.986722 0.079701
vt 0.986416 0.080805
vt 0.448016 0.281981
vt 0.446557 0.281982
vt 0.868561 0.991587
vt 0.868844 0.992689
vt 0.445240 0.281742
vt 0.449326 0.281738
vt 0.869198 0.991219
vt 0.869992 0.992026
vt 0.987053 0.081173
vt 0.446552 0.283295
vt 0.445235 0.282795
vt 0.449322 0.282792
vt 0.448011 0.283294
vt 0.987871 0.080364
vt 0.604375 0.282884
vt 0.603065 0.283213
vt 0.601607 0.283210
vt 0.600289 0.282875
vt 0.284582 0.988827
vt 0.284582 0.956064
vt 0.286387 0.956069
vt 0.286387 0.988832
vt 0.649290 0.926361
vt 0.649290 0.894375
vt 0.671855 0.894518
vt 0.671855 0.926505
vt 0.985430 0.971592
vt 0.985430 0.938836
vt 0.987237 0.938829
vt 0.987237 0.971586
vt 0.620477 0.926505
vt 0.620477 0.894518
vt 0.643043 0.894375
vt 0.643043 0.926361
vt 0.729831 0.984875
vt 0.729831 0.962300
vt 0.731607 0.962300
vt 0.731607 0.984875
vt 0.609384 0.960033
vt 0.609384 0.982608
vt 0.607608 0.982606
vt 0.607608 0.960031
vt 0.406219 0.989667
vt 0.406219 0.956915
vt 0.408025 0.956907
vt 0.408025 0.989659
vt 0.591665 0.926624
vt 0.591665 0.894505
vt 0.614230 0.894375
vt 0.614230 0.926494
vt 0.985430 0.932577
vt 0.985430 0.899816
vt 0.987237 0.899821
vt 0.987237 0.932582
vt 0.204639 0.923531
vt 0.204639 0.891412
vt 0.227205 0.891542
vt 0.227205 0.923661
vt 0.104836 0.980896
vt 0.104836 0.958321
vt 0.106621 0.958322
vt 0.106621 0.980896
vt 0.930434 0.260506
vt 0.930434 0.283080
vt 0.928649 0.283082
vt 0.928649 0.260507
vt 0.344655 0.853488
vt 0.344655 0.829462
vt 0.345376 0.829464
vt 0.345376 0.853490
vt 0.088423 0.951959
vt 0.088423 0.928502
vt 0.106621 0.928618
vt 0.106621 0.952074
vt 0.344655 0.883761
vt 0.344654 0.859740
vt 0.345377 0.859737
vt 0.345377 0.883759
vt 0.204639 0.953481
vt 0.204639 0.930024
vt 0.222837 0.929908
vt 0.222837 0.953365
vt 0.344655 0.908214
vt 0.344655 0.890008
vt 0.345365 0.890008
vt 0.345365 0.908214
vt 0.679166 0.886440
vt 0.679166 0.904645
vt 0.678455 0.904644
vt 0.678455 0.886439
s 0
usemtl CafeBaked_lvl4
f 1/1/1 2/2/1 4/3/1 3/4/1
f 3/5/2 4/6/2 8/7/2 7/8/2
f 7/9/3 8/10/3 6/11/3 5/12/3
f 5/13/4 6/14/4 2/15/4 1/16/4
f 3/17/5 7/18/5 5/19/5 1/20/5
f 8/21/6 4/22/6 2/23/6 6/24/6
f 9/25/1 10/26/1 12/27/1 11/28/1
f 11/29/2 12/30/2 16/31/2 15/32/2
f 15/33/3 16/34/3 14/35/3 13/36/3
f 13/37/4 14/38/4 10/39/4 9/40/4
f 11/41/5 15/42/5 13/43/5 9/44/5
f 16/45/6 12/46/6 10/47/6 14/48/6
f 17/49/1 18/50/1 20/51/1 19/52/1
f 19/53/2 20/54/2 24/55/2 23/56/2
f 23/57/3 24/58/3 22/59/3 21/60/3
f 21/61/4 22/62/4 18/63/4 17/64/4
f 19/65/5 23/66/5 21/67/5 17/68/5
f 24/69/6 20/70/6 18/71/6 22/72/6
f 25/73/1 26/74/1 28/75/1 27/76/1
f 27/77/2 28/78/2 32/79/2 31/80/2
f 31/81/3 32/82/3 30/83/3 29/84/3
f 29/85/4 30/86/4 26/87/4 25/88/4
f 27/89/5 31/90/5 29/91/5 25/92/5
f 32/93/6 28/94/6 26/95/6 30/96/6
f 33/97/1 34/98/1 36/99/1 35/100/1
f 35/101/2 36/102/2 40/103/2 39/104/2
f 39/105/3 40/106/3 38/107/3 37/108/3
f 37/109/4 38/110/4 34/111/4 33/112/4
f 35/113/5 39/114/5 37/115/5 33/116/5
f 40/117/6 36/118/6 34/119/6 38/120/6
f 41/121/1 42/122/1 44/123/1 43/124/1
f 43/125/2 44/126/2 48/127/2 47/128/2
f 47/129/3 48/130/3 46/131/3 45/132/3
f 45/133/4 46/134/4 42/135/4 41/136/4
f 43/137/5 47/138/5 45/139/5 41/140/5
f 48/141/6 44/142/6 42/143/6 46/144/6
f 49/145/1 50/146/1 52/147/1 51/148/1
f 51/149/2 52/150/2 56/151/2 55/152/2
f 55/153/3 56/154/3 54/155/3 53/156/3
f 53/157/4 54/158/4 50/159/4 49/160/4
f 51/161/5 55/162/5 53/163/5 49/164/5
f 56/165/6 52/166/6 50/167/6 54/168/6
f 57/169/1 58/170/1 60/171/1 59/172/1
f 59/173/2 60/174/2 64/175/2 63/176/2
f 63/177/3 64/178/3 62/179/3 61/180/3
f 61/181/4 62/182/4 58/183/4 57/184/4
f 59/185/5 63/186/5 61/187/5 57/188/5
f 64/189/6 60/190/6 58/191/6 62/192/6
s 1
f 65/193/7 66/194/8 68/195/9 67/196/10
f 67/197/10 68/198/9 70/199/11 69/200/12
f 69/200/12 70/199/11 72/201/13 71/202/14
f 71/202/14 72/201/13 74/203/15 73/204/16
f 73/205/16 74/206/15 76/207/17 75/208/18
f 75/208/18 76/207/17 78/209/19 77/210/20
f 77/211/20 78/212/19 80/213/21 79/214/22
f 79/214/22 80/213/21 82/215/23 81/216/24
f 68/217/9 66/218/8 84/219/25 82/220/23 80/221/21 78/222/19 76/223/17 74/224/15 72/225/13 70/226/11
f 81/216/24 82/215/23 84/227/25 83/228/26
f 83/229/26 84/230/25 66/194/8 65/193/7
f 65/231/7 67/232/10 69/233/12 71/234/14 73/235/16 75/236/18 77/237/20 79/238/22 81/239/24 83/240/26
f 85/241/7 86/242/8 88/243/9 87/244/10
f 87/245/10 88/246/9 90/247/11 89/248/12
f 89/248/12 90/247/11 92/249/13 91/250/14
f 91/250/14 92/249/13 94/251/15 93/252/16
f 93/253/16 94/254/15 96/255/17 95/256/18
f 95/256/18 96/255/17 98/257/19 97/258/20
f 97/259/20 98/260/19 100/261/21 99/262/22
f 99/262/22 100/261/21 102/263/23 101/264/24
f 88/265/9 86/266/8 104/267/25 102/268/23 100/269/21 98/270/19 96/271/17 94/272/15 92/273/13 90/274/11
f 101/264/24 102/263/23 104/275/25 103/276/26
f 103/277/26 104/278/25 86/242/8 85/241/7
f 85/279/7 87/280/10 89/281/12 91/282/14 93/283/16 95/284/18 97/285/20 99/286/22 101/287/24 103/288/26
f 105/289/7 106/290/8 108/291/9 107/292/10
f 107/293/10 108/294/9 110/295/11 109/296/12
f 109/296/12 110/295/11 112/297/13 111/298/14
f 111/298/14 112/297/13 114/299/15 113/300/16
f 113/301/16 114/302/15 116/303/17 115/304/18
f 115/304/18 116/303/17 118/305/19 117/306/20
f 117/307/20 118/308/19 120/309/21 119/310/22
f 119/310/22 120/309/21 122/311/23 121/312/24
f 108/313/9 106/314/8 124/315/25 122/316/23 120/317/21 118/318/19 116/319/17 114/320/15 112/321/13 110/322/11
f 121/312/24 122/311/23 124/323/25 123/324/26
f 123/325/26 124/326/25 106/290/8 105/289/7
f 105/327/7 107/328/10 109/329/12 111/330/14 113/331/16 115/332/18 117/333/20 119/334/22 121/335/24 123/336/26
f 125/337/7 126/338/8 128/339/9 127/340/10
f 127/341/10 128/342/9 130/343/11 129/344/12
f 129/344/12 130/343/11 132/345/13 131/346/14
f 131/346/14 132/345/13 134/347/15 133/348/16
f 133/349/16 134/350/15 136/351/17 135/352/18
f 135/352/18 136/351/17 138/353/19 137/354/20
f 137/355/20 138/356/19 140/357/21 139/358/22
f 139/358/22 140/357/21 142/359/23 141/360/24
f 128/361/9 126/362/8 144/363/25 142/364/23 140/365/21 138/366/19 136/367/17 134/368/15 132/369/13 130/370/11
f 141/360/24 142/359/23 144/371/25 143/372/26
f 143/373/26 144/374/25 126/338/8 125/337/7
f 125/375/7 127/376/10 129/377/12 131/378/14 133/379/16 135/380/18 137/381/20 139/382/22 141/383/24 143/384/26
f 145/385/7 146/386/8 148/387/9 147/388/10
f 147/389/10 148/390/9 150/391/11 149/392/12
f 149/392/12 150/391/11 152/393/13 151/394/14
f 151/394/14 152/393/13 154/395/15 153/396/16
f 153/397/16 154/398/15 156/399/17 155/400/18
f 155/400/18 156/399/17 158/401/19 157/402/20
f 157/403/20 158/404/19 160/405/21 159/406/22
f 159/406/22 160/405/21 162/407/23 161/408/24
f 148/409/9 146/410/8 164/411/25 162/412/23 160/413/21 158/414/19 156/415/17 154/416/15 152/417/13 150/418/11
f 161/408/24 162/407/23 164/419/25 163/420/26
f 163/421/26 164/422/25 146/386/8 145/385/7
f 145/423/7 147/424/10 149/425/12 151/426/14 153/427/16 155/428/18 157/429/20 159/430/22 161/431/24 163/432/26
f 165/433/7 166/434/8 168/435/9 167/436/10
f 167/437/10 168/438/9 170/439/11 169/440/12
f 169/440/12 170/439/11 172/441/13 171/442/14
f 171/442/14 172/441/13 174/443/15 173/444/16
f 173/445/16 174/446/15 176/447/17 175/448/18
f 175/448/18 176/447/17 178/449/19 177/450/20
f 177/451/20 178/452/19 180/453/21 179/454/22
f 179/454/22 180/453/21 182/455/23 181/456/24
f 168/457/9 166/458/8 184/459/25 182/460/23 180/461/21 178/462/19 176/463/17 174/464/15 172/465/13 170/466/11
f 181/456/24 182/455/23 184/467/25 183/468/26
f 183/469/26 184/470/25 166/434/8 165/433/7
f 165/471/7 167/472/10 169/473/12 171/474/14 173/475/16 175/476/18 177/477/20 179/478/22 181/479/24 183/480/26
f 185/481/7 186/482/8 188/483/9 187/484/10
f 187/485/10 188/486/9 190/487/11 189/488/12
f 189/488/12 190/487/11 192/489/13 191/490/14
f 191/490/14 192/489/13 194/491/15 193/492/16
f 193/493/16 194/494/15 196/495/17 195/496/18
f 195/496/18 196/495/17 198/497/19 197/498/20
f 197/499/20 198/500/19 200/501/21 199/502/22
f 199/502/22 200/501/21 202/503/23 201/504/24
f 188/505/9 186/506/8 204/507/25 202/508/23 200/509/21 198/510/19 196/511/17 194/512/15 192/513/13 190/514/11
f 201/504/24 202/503/23 204/515/25 203/516/26
f 203/517/26 204/518/25 186/482/8 185/481/7
f 185/519/7 187/520/10 189/521/12 191/522/14 193/523/16 195/524/18 197/525/20 199/526/22 201/527/24 203/528/26
f 205/529/7 206/530/8 208/531/9 207/532/10
f 207/533/10 208/534/9 210/535/11 209/536/12
f 209/536/12 210/535/11 212/537/13 211/538/14
f 211/538/14 212/537/13 214/539/15 213/540/16
f 213/541/16 214/542/15 216/543/17 215/544/18
f 215/544/18 216/543/17 218/545/19 217/546/20
f 217/547/20 218/548/19 220/549/21 219/550/22
f 219/550/22 220/549/21 222/551/23 221/552/24
f 208/553/9 206/554/8 224/555/25 222/556/23 220/557/21 218/558/19 216/559/17 214/560/15 212/561/13 210/562/11
f 221/552/24 222/551/23 224/563/25 223/564/26
f 223/565/26 224/566/25 206/530/8 205/529/7
f 205/567/7 207/568/10 209/569/12 211/570/14 213/571/16 215/572/18 217/573/20 219/574/22 221/575/24 223/576/26
f 225/577/7 226/578/8 228/579/9 227/580/10
f 227/581/10 228/582/9 230/583/11 229/584/12
f 229/584/12 230/583/11 232/585/13 231/586/14
f 231/586/14 232/585/13 234/587/15 233/588/16
f 233/589/16 234/590/15 236/591/17 235/592/18
f 235/592/18 236/591/17 238/593/19 237/594/20
f 237/595/20 238/596/19 240/597/21 239/598/22
f 239/598/22 240/597/21 242/599/23 241/600/24
f 228/601/9 226/602/8 244/603/25 242/604/23 240/605/21 238/606/19 236/607/17 234/608/15 232/609/13 230/610/11
f 241/600/24 242/599/23 244/611/25 243/612/26
f 243/613/26 244/614/25 226/578/8 225/577/7
f 225/615/7 227/616/10 229/617/12 231/618/14 233/619/16 235/620/18 237/621/20 239/622/22 241/623/24 243/624/26
f 245/625/7 246/626/8 248/627/9 247/628/10
f 247/629/10 248/630/9 250/631/11 249/632/12
f 249/632/12 250/631/11 252/633/13 251/634/14
f 251/634/14 252/633/13 254/635/15 253/636/16
f 253/637/16 254/638/15 256/639/17 255/640/18
f 255/640/18 256/639/17 258/641/19 257/642/20
f 257/643/20 258/644/19 260/645/21 259/646/22
f 259/646/22 260/645/21 262/647/23 261/648/24
f 248/649/9 246/650/8 264/651/25 262/652/23 260/653/21 258/654/19 256/655/17 254/656/15 252/657/13 250/658/11
f 261/648/24 262/647/23 264/659/25 263/660/26
f 263/661/26 264/662/25 246/626/8 245/625/7
f 245/663/7 247/664/10 249/665/12 251/666/14 253/667/16 255/668/18 257/669/20 259/670/22 261/671/24 263/672/26
f 265/673/7 266/674/8 268/675/9 267/676/10
f 267/677/10 268/678/9 270/679/11 269/680/12
f 269/680/12 270/679/11 272/681/13 271/682/14
f 271/682/14 272/681/13 274/683/15 273/684/16
f 273/685/16 274/686/15 276/687/17 275/688/18
f 275/688/18 276/687/17 278/689/19 277/690/20
f 277/691/20 278/692/19 280/693/21 279/694/22
f 279/694/22 280/693/21 282/695/23 281/696/24
f 268/697/9 266/698/8 284/699/25 282/700/23 280/701/21 278/702/19 276/703/17 274/704/15 272/705/13 270/706/11
f 281/696/24 282/695/23 284/707/25 283/708/26
f 283/709/26 284/710/25 266/674/8 265/673/7
f 265/711/7 267/712/10 269/713/12 271/714/14 273/715/16 275/716/18 277/717/20 279/718/22 281/719/24 283/720/26
f 285/721/7 286/722/8 288/723/9 287/724/10
f 287/725/10 288/726/9 290/727/11 289/728/12
f 289/728/12 290/727/11 292/729/13 291/730/14
f 291/730/14 292/729/13 294/731/15 293/732/16
f 293/733/16 294/734/15 296/735/17 295/736/18
f 295/736/18 296/735/17 298/737/19 297/738/20
f 297/739/20 298/740/19 300/741/21 299/742/22
f 299/742/22 300/741/21 302/743/23 301/744/24
f 288/745/9 286/746/8 304/747/25 302/748/23 300/749/21 298/750/19 296/751/17 294/752/15 292/753/13 290/754/11
f 301/744/24 302/743/23 304/755/25 303/756/26
f 303/757/26 304/758/25 286/722/8 285/721/7
f 285/759/7 287/760/10 289/761/12 291/762/14 293/763/16 295/764/18 297/765/20 299/766/22 301/767/24 303/768/26
f 305/769/7 306/770/8 308/771/9 307/772/10
f 307/773/10 308/774/9 310/775/11 309/776/12
f 309/776/12 310/775/11 312/777/13 311/778/14
f 311/778/14 312/777/13 314/779/15 313/780/16
f 313/781/16 314/782/15 316/783/17 315/784/18
f 315/784/18 316/783/17 318/785/19 317/786/20
f 317/787/20 318/788/19 320/789/21 319/790/22
f 319/790/22 320/789/21 322/791/23 321/792/24
f 308/793/9 306/794/8 324/795/25 322/796/23 320/797/21 318/798/19 316/799/17 314/800/15 312/801/13 310/802/11
f 321/792/24 322/791/23 324/803/25 323/804/26
f 323/805/26 324/806/25 306/770/8 305/769/7
f 305/807/7 307/808/10 309/809/12 311/810/14 313/811/16 315/812/18 317/813/20 319/814/22 321/815/24 323/816/26
f 325/817/7 326/818/8 328/819/9 327/820/10
f 327/821/10 328/822/9 330/823/11 329/824/12
f 329/824/12 330/823/11 332/825/13 331/826/14
f 331/826/14 332/825/13 334/827/15 333/828/16
f 333/829/16 334/830/15 336/831/17 335/832/18
f 335/832/18 336/831/17 338/833/19 337/834/20
f 337/835/20 338/836/19 340/837/21 339/838/22
f 339/838/22 340/837/21 342/839/23 341/840/24
f 328/841/9 326/842/8 344/843/25 342/844/23 340/845/21 338/846/19 336/847/17 334/848/15 332/849/13 330/850/11
f 341/840/24 342/839/23 344/851/25 343/852/26
f 343/853/26 344/854/25 326/818/8 325/817/7
f 325/855/7 327/856/10 329/857/12 331/858/14 333/859/16 335/860/18 337/861/20 339/862/22 341/863/24 343/864/26
f 345/865/7 346/866/8 348/867/9 347/868/10
f 347/869/10 348/870/9 350/871/11 349/872/12
f 349/872/12 350/871/11 352/873/13 351/874/14
f 351/874/14 352/873/13 354/875/15 353/876/16
f 353/877/16 354/878/15 356/879/17 355/880/18
f 355/880/18 356/879/17 358/881/19 357/882/20
f 357/883/20 358/884/19 360/885/21 359/886/22
f 359/886/22 360/885/21 362/887/23 361/888/24
f 348/889/9 346/890/8 364/891/25 362/892/23 360/893/21 358/894/19 356/895/17 354/896/15 352/897/13 350/898/11
f 361/888/24 362/887/23 364/899/25 363/900/26
f 363/901/26 364/902/25 346/866/8 345/865/7
f 345/903/7 347/904/10 349/905/12 351/906/14 353/907/16 355/908/18 357/909/20 359/910/22 361/911/24 363/912/26
f 365/913/7 366/914/8 368/915/9 367/916/10
f 367/917/10 368/918/9 370/919/11 369/920/12
f 369/920/12 370/919/11 372/921/13 371/922/14
f 371/922/14 372/921/13 374/923/15 373/924/16
f 373/925/16 374/926/15 376/927/17 375/928/18
f 375/928/18 376/927/17 378/929/19 377/930/20
f 377/931/20 378/932/19 380/933/21 379/934/22
f 379/934/22 380/933/21 382/935/23 381/936/24
f 368/937/9 366/938/8 384/939/25 382/940/23 380/941/21 378/942/19 376/943/17 374/944/15 372/945/13 370/946/11
f 381/936/24 382/935/23 384/947/25 383/948/26
f 383/949/26 384/950/25 366/914/8 365/913/7
f 365/951/7 367/952/10 369/953/12 371/954/14 373/955/16 375/956/18 377/957/20 379/958/22 381/959/24 383/960/26
f 385/961/7 386/962/8 388/963/9 387/964/10
f 387/965/10 388/966/9 390/967/11 389/968/12
f 389/968/12 390/967/11 392/969/13 391/970/14
f 391/970/14 392/969/13 394/971/15 393/972/16
f 393/973/16 394/974/15 396/975/17 395/976/18
f 395/976/18 396/975/17 398/977/19 397/978/20
f 397/979/20 398/980/19 400/981/21 399/982/22
f 399/982/22 400/981/21 402/983/23 401/984/24
f 388/985/9 386/986/8 404/987/25 402/988/23 400/989/21 398/990/19 396/991/17 394/992/15 392/993/13 390/994/11
f 401/984/24 402/983/23 404/995/25 403/996/26
f 403/997/26 404/998/25 386/962/8 385/961/7
f 385/999/7 387/1000/10 389/1001/12 391/1002/14 393/1003/16 395/1004/18 397/1005/20 399/1006/22 401/1007/24 403/1008/26
f 405/1009/7 406/1010/8 408/1011/9 407/1012/10
f 407/1013/10 408/1014/9 410/1015/11 409/1016/12
f 409/1016/12 410/1015/11 412/1017/13 411/1018/14
f 411/1018/14 412/1017/13 414/1019/15 413/1020/16
f 413/1021/16 414/1022/15 416/1023/17 415/1024/18
f 415/1024/18 416/1023/17 418/1025/19 417/1026/20
f 417/1027/20 418/1028/19 420/1029/21 419/1030/22
f 419/1030/22 420/1029/21 422/1031/23 421/1032/24
f 408/1033/9 406/1034/8 424/1035/25 422/1036/23 420/1037/21 418/1038/19 416/1039/17 414/1040/15 412/1041/13 410/1042/11
f 421/1032/24 422/1031/23 424/1043/25 423/1044/26
f 423/1045/26 424/1046/25 406/1010/8 405/1009/7
f 405/1047/7 407/1048/10 409/1049/12 411/1050/14 413/1051/16 415/1052/18 417/1053/20 419/1054/22 421/1055/24 423/1056/26
s 0
f 425/1057/1 426/1058/1 428/1059/1 427/1060/1
f 427/1061/2 428/1062/2 432/1063/2 431/1064/2
f 431/1065/3 432/1066/3 430/1067/3 429/1068/3
f 429/1069/4 430/1070/4 426/1071/4 425/1072/4
f 427/1073/5 431/1074/5 429/1075/5 425/1076/5
f 432/1077/6 428/1078/6 426/1079/6 430/1080/6
f 433/1081/1 434/1082/1 436/1083/1 435/1084/1
f 435/1085/2 436/1086/2 440/1087/2 439/1088/2
f 439/1089/3 440/1090/3 438/1091/3 437/1092/3
f 437/1093/4 438/1094/4 434/1095/4 433/1096/4
f 435/1097/5 439/1098/5 437/1099/5 433/1100/5
f 440/1101/6 436/1102/6 434/1103/6 438/1104/6
f 441/1105/1 442/1106/1 444/1107/1 443/1108/1
f 443/1109/2 444/1110/2 448/1111/2 447/1112/2
f 447/1113/3 448/1114/3 446/1115/3 445/1116/3
f 445/1117/4 446/1118/4 442/1119/4 441/1120/4
f 443/1121/5 447/1122/5 445/1123/5 441/1124/5
f 448/1125/6 444/1126/6 442/1127/6 446/1128/6
f 449/1129/1 450/1130/1 452/1131/1 451/1132/1
f 451/1133/2 452/1134/2 456/1135/2 455/1136/2
f 455/1137/3 456/1138/3 454/1139/3 453/1140/3
f 453/1141/4 454/1142/4 450/1143/4 449/1144/4
f 451/1145/5 455/1146/5 453/1147/5 449/1148/5
f 456/1149/6 452/1150/6 450/1151/6 454/1152/6
f 457/1153/1 458/1154/1 460/1155/1 459/1156/1
f 459/1157/2 460/1158/2 464/1159/2 463/1160/2
f 463/1161/3 464/1162/3 462/1163/3 461/1164/3
f 461/1165/4 462/1166/4 458/1167/4 457/1168/4
f 459/1169/5 463/1170/5 461/1171/5 457/1172/5
f 464/1173/6 460/1174/6 458/1175/6 462/1176/6
f 465/1177/1 466/1178/1 468/1179/1 467/1180/1
f 467/1181/2 468/1182/2 472/1183/2 471/1184/2
f 471/1185/3 472/1186/3 470/1187/3 469/1188/3
f 469/1189/4 470/1190/4 466/1191/4 465/1192/4
f 467/1193/5 471/1194/5 469/1195/5 465/1196/5
f 472/1197/6 468/1198/6 466/1199/6 470/1200/6
f 473/1201/1 474/1202/1 476/1203/1 475/1204/1
f 475/1205/2 476/1206/2 480/1207/2 479/1208/2
f 479/1209/3 480/1210/3 478/1211/3 477/1212/3
f 477/1213/4 478/1214/4 474/1215/4 473/1216/4
f 475/1217/5 479/1218/5 477/1219/5 473/1220/5
f 480/1221/6 476/1222/6 474/1223/6 478/1224/6
f 481/1225/1 482/1226/1 484/1227/1 483/1228/1
f 483/1229/2 484/1230/2 488/1231/2 487/1232/2
f 487/1233/3 488/1234/3 486/1235/3 485/1236/3
f 485/1237/4 486/1238/4 482/1239/4 481/1240/4
f 483/1241/5 487/1242/5 485/1243/5 481/1244/5
f 488/1245/6 484/1246/6 482/1247/6 486/1248/6
f 489/1249/1 490/1250/1 492/1251/1 491/1252/1
f 491/1253/2 492/1254/2 496/1255/2 495/1256/2
f 495/1257/3 496/1258/3 494/1259/3 493/1260/3
f 493/1261/4 494/1262/4 490/1263/4 489/1264/4
f 491/1265/5 495/1266/5 493/1267/5 489/1268/5
f 496/1269/6 492/1270/6 490/1271/6 494/1272/6
f 497/1273/1 498/1274/1 500/1275/1 499/1276/1
f 499/1277/2 500/1278/2 504/1279/2 503/1280/2
f 503/1281/3 504/1282/3 502/1283/3 501/1284/3
f 501/1285/4 502/1286/4 498/1287/4 497/1288/4
f 499/1289/5 503/1290/5 501/1291/5 497/1292/5
f 504/1293/6 500/1294/6 498/1295/6 502/1296/6
f 505/1297/1 506/1298/1 508/1299/1 507/1300/1
f 507/1301/2 508/1302/2 512/1303/2 511/1304/2
f 511/1305/3 512/1306/3 510/1307/3 509/1308/3
f 509/1309/4 510/1310/4 506/1311/4 505/1312/4
f 507/1313/5 511/1314/5 509/1315/5 505/1316/5
f 512/1317/6 508/1318/6 506/1319/6 510/1320/6
f 513/1321/1 514/1322/1 516/1323/1 515/1324/1
f 515/1325/27 516/1326/27 520/1327/27 519/1328/27
f 519/1329/3 520/1330/3 518/1331/3 517/1332/3
f 517/1333/28 518/1334/28 514/1335/28 513/1336/28
f 515/1337/29 519/1338/29 517/1339/29 513/1340/29
f 520/1341/30 516/1342/30 514/1343/30 518/1344/30
f 521/1345/1 522/1346/1 524/1347/1 523/1348/1
f 523/1349/27 524/1350/27 528/1351/27 527/1352/27
f 527/1353/3 528/1354/3 526/1355/3 525/1356/3
f 525/1357/28 526/1358/28 522/1359/28 521/1360/28
f 523/1361/29 527/1362/29 525/1363/29 521/1364/29
f 528/1365/30 524/1366/30 522/1367/30 526/1368/30
f 529/1369/1 530/1370/1 532/1371/1 531/1372/1
f 531/1373/27 532/1374/27 536/1375/27 535/1376/27
f 535/1377/3 536/1378/3 534/1379/3 533/1380/3
f 533/1381/28 534/1382/28 530/1383/28 529/1384/28
f 531/1385/29 535/1386/29 533/1387/29 529/1388/29
f 536/1389/30 532/1390/30 530/1391/30 534/1392/30
f 537/1393/1 538/1394/1 540/1395/1 539/1396/1
f 539/1397/27 540/1398/27 544/1399/27 543/1400/27
f 543/1401/3 544/1402/3 542/1403/3 541/1404/3
f 541/1405/28 542/1406/28 538/1407/28 537/1408/28
f 539/1409/29 543/1410/29 541/1411/29 537/1412/29
f 544/1413/30 540/1414/30 538/1415/30 542/1416/30
f 545/1417/1 546/1418/1 548/1419/1 547/1420/1
f 547/1421/27 548/1422/27 552/1423/27 551/1424/27
f 551/1425/3 552/1426/3 550/1427/3 549/1428/3
f 549/1429/28 550/1430/28 546/1431/28 545/1432/28
f 547/1433/29 551/1434/29 549/1435/29 545/1436/29
f 552/1437/30 548/1438/30 546/1439/30 550/1440/30
f 553/1441/1 554/1442/1 556/1443/1 555/1444/1
f 555/1445/27 556/1446/27 560/1447/27 559/1448/27
f 559/1449/3 560/1450/3 558/1451/3 557/1452/3
f 557/1453/28 558/1454/28 554/1455/28 553/1456/28
f 555/1457/29 559/1458/29 557/1459/29 553/1460/29
f 560/1461/30 556/1462/30 554/1463/30 558/1464/30
f 561/1465/1 562/1466/1 564/1467/1 563/1468/1
f 563/1469/27 564/1470/27 568/1471/27 567/1472/27
f 567/1473/3 568/1474/3 566/1475/3 565/1476/3
f 565/1477/28 566/1478/28 562/1479/28 561/1480/28
f 563/1481/29 567/1482/29 565/1483/29 561/1484/29
f 568/1485/30 564/1486/30 562/1487/30 566/1488/30
f 569/1489/1 570/1490/1 572/1491/1 571/1492/1
f 571/1493/2 572/1494/2 576/1495/2 575/1496/2
f 575/1497/3 576/1498/3 574/1499/3 573/1500/3
f 573/1501/4 574/1502/4 570/1503/4 569/1504/4
f 571/1505/5 575/1506/5 573/1507/5 569/1508/5
f 576/1509/6 572/1510/6 570/1511/6 574/1512/6
f 577/1513/1 578/1514/1 580/1515/1 579/1516/1
f 579/1517/2 580/1518/2 584/1519/2 583/1520/2
f 583/1521/3 584/1522/3 582/1523/3 581/1524/3
f 581/1525/4 582/1526/4 578/1527/4 577/1528/4
f 579/1529/5 583/1530/5 581/1531/5 577/1532/5
f 584/1533/6 580/1534/6 578/1535/6 582/1536/6
f 585/1537/1 586/1538/1 588/1539/1 587/1540/1
f 587/1541/2 588/1542/2 592/1543/2 591/1544/2
f 591/1545/3 592/1546/3 590/1547/3 589/1548/3
f 589/1549/4 590/1550/4 586/1551/4 585/1552/4
f 587/1553/5 591/1554/5 589/1555/5 585/1556/5
f 592/1557/6 588/1558/6 586/1559/6 590/1560/6
f 593/1561/1 594/1562/1 596/1563/1 595/1564/1
f 595/1565/2 596/1566/2 600/1567/2 599/1568/2
f 599/1569/3 600/1570/3 598/1571/3 597/1572/3
f 597/1573/4 598/1574/4 594/1575/4 593/1576/4
f 595/1577/5 599/1578/5 597/1579/5 593/1580/5
f 600/1581/6 596/1582/6 594/1583/6 598/1584/6
f 609/1585/4 601/1586/4 610/1587/4
f 601/1586/4 611/1588/4 610/1587/4
f 601/1586/4 612/1589/4 611/1588/4
f 609/1585/4 602/1590/4 601/1586/4
f 609/1585/4 605/1591/4 602/1590/4
f 605/1591/4 603/1592/4 602/1590/4
f 605/1591/4 604/1593/4 603/1592/4
f 609/1585/4 606/1594/4 605/1591/4
f 609/1585/4 607/1595/4 606/1594/4
f 609/1585/4 608/1596/4 607/1595/4
f 619/1597/4 613/1598/4 620/1599/4
f 613/1598/4 621/1600/4 620/1599/4
f 613/1598/4 622/1601/4 621/1600/4
f 619/1597/4 614/1602/4 613/1598/4
f 619/1597/4 617/1603/4 614/1602/4
f 617/1603/4 615/1604/4 614/1602/4
f 617/1603/4 616/1605/4 615/1604/4
f 619/1597/4 618/1606/4 617/1603/4
f 627/1607/4 629/1608/4 628/1609/4
f 627/1607/4 632/1610/4 629/1608/4
f 632/1610/4 630/1611/4 629/1608/4
f 627/1607/4 633/1612/4 632/1610/4
f 631/1613/4 630/1611/4 632/1610/4
f 627/1607/4 625/1614/4 633/1612/4
f 625/1614/4 631/1613/4 633/1612/4
f 625/1614/4 624/1615/4 631/1613/4
f 624/1615/4 630/1611/4 631/1613/4
f 627/1607/4 626/1616/4 625/1614/4
f 623/1617/4 630/1611/4 624/1615/4
f 717/1618/31 719/1619/31 718/1620/31
f 717/1618/32 720/1621/32 719/1619/32
f 717/1618/33 721/1622/33 720/1621/33
f 716/1623/4 721/1622/4 717/1618/4
f 716/1623/32 722/1624/32 721/1622/32
f 716/1623/33 723/1625/33 722/1624/33
f 716/1623/32 724/1626/32 723/1625/32
f 715/1627/4 724/1626/4 716/1623/4
f 715/1627/4 725/1628/4 724/1626/4
f 715/1627/4 726/1629/4 725/1628/4
f 715/1627/4 727/1630/4 726/1629/4
f 714/1631/4 727/1630/4 715/1627/4
f 714/1631/4 728/1632/4 727/1630/4
f 714/1631/4 729/1633/4 728/1632/4
f 714/1631/4 730/1634/4 729/1633/4
f 713/1635/4 730/1634/4 714/1631/4
f 713/1635/4 643/1636/4 730/1634/4
f 643/1636/4 642/1637/4 730/1634/4
f 642/1637/32 641/1638/32 730/1634/32
f 641/1638/4 640/1639/4 730/1634/4
f 640/1639/4 639/1640/4 730/1634/4
f 639/1640/4 638/1641/4 730/1634/4
f 638/1641/4 637/1642/4 730/1634/4
f 637/1642/4 636/1643/4 730/1634/4
f 636/1643/4 635/1644/4 730/1634/4
f 635/1644/4 634/1645/4 730/1634/4
f 634/1645/4 731/1646/4 730/1634/4
f 712/1647/4 645/1648/4 713/1635/4
f 645/1648/4 644/1649/4 713/1635/4
f 644/1649/4 643/1636/4 713/1635/4
f 712/1647/34 646/1650/34 645/1648/34
f 712/1647/4 647/1651/4 646/1650/4
f 712/1647/4 648/1652/4 647/1651/4
f 711/1653/4 648/1652/4 712/1647/4
f 711/1653/4 649/1654/4 648/1652/4
f 711/1653/4 650/1655/4 649/1654/4
f 710/1656/4 650/1655/4 711/1653/4
f 710/1656/4 651/1657/4 650/1655/4
f 710/1656/4 652/1658/4 651/1657/4
f 709/1659/4 652/1658/4 710/1656/4
f 709/1659/4 653/1660/4 652/1658/4
f 708/1661/4 653/1660/4 709/1659/4
f 708/1661/4 654/1662/4 653/1660/4
f 708/1661/4 655/1663/4 654/1662/4
f 707/1664/4 655/1663/4 708/1661/4
f 707/1664/4 656/1665/4 655/1663/4
f 706/1666/4 656/1665/4 707/1664/4
f 706/1666/4 657/1667/4 656/1665/4
f 706/1666/4 658/1668/4 657/1667/4
f 705/1669/4 658/1668/4 706/1666/4
f 705/1669/4 659/1670/4 658/1668/4
f 704/1671/4 659/1670/4 705/1669/4
f 704/1671/4 660/1672/4 659/1670/4
f 703/1673/4 660/1672/4 704/1671/4
f 703/1673/4 661/1674/4 660/1672/4
f 702/1675/4 661/1674/4 703/1673/4
f 702/1675/4 662/1676/4 661/1674/4
f 701/1677/4 662/1676/4 702/1675/4
f 701/1677/4 663/1678/4 662/1676/4
f 680/1679/4 682/1680/4 681/1681/4
f 701/1677/4 664/1682/4 663/1678/4
f 679/1683/4 682/1680/4 680/1679/4
f 700/1684/4 664/1682/4 701/1677/4
f 678/1685/4 682/1680/4 679/1683/4
f 700/1684/4 665/1686/4 664/1682/4
f 677/1687/4 682/1680/4 678/1685/4
f 676/1688/4 682/1680/4 677/1687/4
f 700/1684/4 666/1689/4 665/1686/4
f 675/1690/4 682/1680/4 676/1688/4
f 699/1691/4 666/1689/4 700/1684/4
f 674/1692/4 682/1680/4 675/1690/4
f 699/1691/4 667/1693/4 666/1689/4
f 673/1694/33 682/1680/33 674/1692/33
f 672/1695/32 682/1680/32 673/1694/32
f 699/1691/4 668/1696/4 667/1693/4
f 671/1697/4 682/1680/4 672/1695/4
f 670/1698/4 682/1680/4 671/1697/4
f 699/1691/33 669/1699/33 668/1696/33
f 669/1699/32 682/1680/32 670/1698/32
f 699/1691/4 682/1680/4 669/1699/4
f 698/1700/4 682/1680/4 699/1691/4
f 698/1700/4 683/1701/4 682/1680/4
f 697/1702/4 683/1701/4 698/1700/4
f 697/1702/4 684/1703/4 683/1701/4
f 697/1702/4 685/1704/4 684/1703/4
f 697/1702/4 686/1705/4 685/1704/4
f 696/1706/4 686/1705/4 697/1702/4
f 696/1706/4 687/1707/4 686/1705/4
f 696/1706/4 688/1708/4 687/1707/4
f 696/1706/4 689/1709/4 688/1708/4
f 695/1710/4 689/1709/4 696/1706/4
f 695/1710/4 690/1711/4 689/1709/4
f 695/1710/32 691/1712/32 690/1711/32
f 695/1710/4 692/1713/4 691/1712/4
f 694/1714/4 692/1713/4 695/1710/4
f 694/1714/4 693/1715/4 692/1713/4
f 740/1716/2 741/1717/2 732/1718/2
f 732/1718/2 741/1717/2 742/1719/2
f 732/1718/2 742/1719/2 743/1720/2
f 740/1716/2 732/1718/2 733/1721/2
f 740/1716/2 733/1721/2 736/1722/2
f 736/1722/2 733/1721/2 734/1723/2
f 736/1722/2 734/1723/2 735/1724/2
f 740/1716/2 736/1722/2 737/1725/2
f 740/1716/2 737/1725/2 738/1726/2
f 740/1716/2 738/1726/2 739/1727/2
f 750/1728/2 751/1729/2 744/1730/2
f 744/1730/2 751/1729/2 752/1731/2
f 744/1730/2 752/1731/2 753/1732/2
f 750/1728/2 744/1730/2 745/1733/2
f 750/1728/2 745/1733/2 748/1734/2
f 748/1734/2 745/1733/2 746/1735/2
f 748/1734/2 746/1735/2 747/1736/2
f 750/1728/2 748/1734/2 749/1737/2
f 758/1738/2 759/1739/2 760/1740/2
f 758/1738/2 760/1740/2 763/1741/2
f 763/1741/2 760/1740/2 761/1742/2
f 758/1738/2 763/1741/2 764/1743/2
f 762/1744/2 763/1741/2 761/1742/2
f 758/1738/2 764/1743/2 756/1745/2
f 756/1745/2 764/1743/2 762/1744/2
f 756/1745/2 762/1744/2 755/1746/2
f 755/1746/2 762/1744/2 761/1742/2
f 758/1738/2 756/1745/2 757/1747/2
f 754/1748/2 755/1746/2 761/1742/2
f 848/1749/35 849/1750/35 850/1751/35
f 848/1749/36 850/1751/36 851/1752/36
f 848/1749/2 851/1752/2 852/1753/2
f 847/1754/36 848/1749/36 852/1753/36
f 847/1754/37 852/1753/37 853/1755/37
f 847/1754/2 853/1755/2 854/1756/2
f 847/1754/2 854/1756/2 855/1757/2
f 846/1758/2 847/1754/2 855/1757/2
f 846/1758/2 855/1757/2 856/1759/2
f 846/1758/2 856/1759/2 857/1760/2
f 846/1758/2 857/1760/2 858/1761/2
f 845/1762/2 846/1758/2 858/1761/2
f 845/1762/2 858/1761/2 859/1763/2
f 845/1762/2 859/1763/2 860/1764/2
f 845/1762/2 860/1764/2 861/1765/2
f 844/1766/2 845/1762/2 861/1765/2
f 844/1766/2 861/1765/2 774/1767/2
f 774/1767/2 861/1765/2 773/1768/2
f 773/1768/2 861/1765/2 772/1769/2
f 772/1769/2 861/1765/2 771/1770/2
f 771/1770/2 861/1765/2 770/1771/2
f 770/1771/2 861/1765/2 769/1772/2
f 769/1772/2 861/1765/2 768/1773/2
f 768/1773/2 861/1765/2 767/1774/2
f 767/1774/2 861/1765/2 766/1775/2
f 766/1775/2 861/1765/2 765/1776/2
f 765/1776/2 861/1765/2 862/1777/2
f 843/1778/2 844/1766/2 776/1779/2
f 776/1779/2 844/1766/2 775/1780/2
f 775/1780/2 844/1766/2 774/1767/2
f 843/1778/38 776/1779/38 777/1781/38
f 843/1778/36 777/1781/36 778/1782/36
f 843/1778/2 778/1782/2 779/1783/2
f 842/1784/2 843/1778/2 779/1783/2
f 842/1784/2 779/1783/2 780/1785/2
f 842/1784/2 780/1785/2 781/1786/2
f 841/1787/2 842/1784/2 781/1786/2
f 841/1787/2 781/1786/2 782/1788/2
f 841/1787/2 782/1788/2 783/1789/2
f 840/1790/2 841/1787/2 783/1789/2
f 840/1790/2 783/1789/2 784/1791/2
f 839/1792/2 840/1790/2 784/1791/2
f 839/1792/2 784/1791/2 785/1793/2
f 839/1792/2 785/1793/2 786/1794/2
f 838/1795/2 839/1792/2 786/1794/2
f 838/1795/2 786/1794/2 787/1796/2
f 837/1797/2 838/1795/2 787/1796/2
f 837/1797/2 787/1796/2 788/1798/2
f 837/1797/2 788/1798/2 789/1799/2
f 836/1800/2 837/1797/2 789/1799/2
f 836/1800/2 789/1799/2 790/1801/2
f 835/1802/2 836/1800/2 790/1801/2
f 835/1802/2 790/1801/2 791/1803/2
f 834/1804/2 835/1802/2 791/1803/2
f 834/1804/2 791/1803/2 792/1805/2
f 833/1806/2 834/1804/2 792/1805/2
f 833/1806/2 792/1805/2 793/1807/2
f 832/1808/2 833/1806/2 793/1807/2
f 832/1808/2 793/1807/2 794/1809/2
f 811/1810/2 812/1811/2 813/1812/2
f 832/1808/2 794/1809/2 795/1813/2
f 810/1814/2 811/1810/2 813/1812/2
f 831/1815/2 832/1808/2 795/1813/2
f 809/1816/2 810/1814/2 813/1812/2
f 831/1815/2 795/1813/2 796/1817/2
f 808/1818/2 809/1816/2 813/1812/2
f 807/1819/2 808/1818/2 813/1812/2
f 831/1815/2 796/1817/2 797/1820/2
f 806/1821/2 807/1819/2 813/1812/2
f 830/1822/2 831/1815/2 797/1820/2
f 805/1823/2 806/1821/2 813/1812/2
f 830/1822/2 797/1820/2 798/1824/2
f 804/1825/2 805/1823/2 813/1812/2
f 803/1826/2 804/1825/2 813/1812/2
f 830/1822/2 798/1824/2 799/1827/2
f 802/1828/2 803/1826/2 813/1812/2
f 801/1829/2 802/1828/2 813/1812/2
f 830/1822/2 799/1827/2 800/1830/2
f 800/1830/2 801/1829/2 813/1812/2
f 830/1822/2 800/1830/2 813/1812/2
f 829/1831/2 830/1822/2 813/1812/2
f 829/1831/2 813/1812/2 814/1832/2
f 828/1833/2 829/1831/2 814/1832/2
f 828/1833/2 814/1832/2 815/1834/2
f 828/1833/2 815/1834/2 816/1835/2
f 828/1833/2 816/1835/2 817/1836/2
f 827/1837/2 828/1833/2 817/1836/2
f 827/1837/2 817/1836/2 818/1838/2
f 827/1837/2 818/1838/2 819/1839/2
f 827/1837/35 819/1839/35 820/1840/35
f 826/1841/2 827/1837/2 820/1840/2
f 826/1841/2 820/1840/2 821/1842/2
f 826/1841/35 821/1842/35 822/1843/35
f 826/1841/36 822/1843/36 823/1844/36
f 825/1845/2 826/1841/2 823/1844/2
f 825/1845/2 823/1844/2 824/1846/2
s 1
f 864/1847/39 866/1848/40 865/1849/40 863/1850/39
f 866/1848/40 868/1851/41 867/1852/41 865/1849/40
f 868/1851/41 870/1853/42 869/1854/42 867/1852/41
f 870/1853/42 872/1855/43 871/1856/43 869/1854/42
f 872/1855/43 874/1857/44 873/1858/44 871/1856/43
f 874/1857/44 876/1859/45 875/1860/45 873/1858/44
f 876/1859/45 878/1861/46 877/1862/46 875/1860/45
f 878/1861/46 880/1863/47 879/1864/47 877/1862/46
f 880/1863/47 882/1865/48 881/1866/48 879/1864/47
f 882/1865/48 884/1867/49 883/1868/49 881/1866/48
f 884/1867/49 886/1869/50 885/1870/50 883/1868/49
f 886/1869/50 888/1871/51 887/1872/51 885/1870/50
f 888/1871/51 890/1873/52 889/1874/52 887/1872/51
f 890/1873/52 892/1875/53 891/1876/53 889/1874/52
f 892/1875/53 894/1877/54 893/1878/54 891/1876/53
f 894/1877/54 896/1879/55 895/1880/55 893/1878/54
f 896/1879/55 898/1881/56 897/1882/56 895/1880/55
f 898/1883/56 900/1884/57 899/1885/57 897/1886/56
f 900/1884/57 902/1887/58 901/1888/58 899/1885/57
f 902/1887/58 904/1889/59 903/1890/59 901/1888/58
f 904/1889/59 906/1891/60 905/1892/60 903/1890/59
f 906/1891/60 908/1893/61 907/1894/61 905/1892/60
f 908/1893/61 910/1895/62 909/1896/62 907/1894/61
f 910/1895/62 912/1897/63 911/1898/63 909/1896/62
f 912/1897/63 914/1899/64 913/1900/64 911/1898/63
f 914/1899/64 916/1901/65 915/1902/65 913/1900/64
f 916/1901/65 918/1903/66 917/1904/66 915/1902/65
f 918/1903/66 920/1905/67 919/1906/67 917/1904/66
f 920/1905/67 922/1907/68 921/1908/68 919/1906/67
f 922/1909/68 924/1910/69 923/1911/69 921/1912/68
f 924/1910/69 926/1913/70 925/1914/70 923/1911/69
f 926/1913/70 928/1915/71 927/1916/71 925/1914/70
f 928/1915/71 930/1917/72 929/1918/72 927/1916/71
f 930/1917/72 932/1919/73 931/1920/73 929/1918/72
f 932/1919/73 934/1921/74 933/1922/74 931/1920/73
f 934/1921/74 936/1923/75 935/1924/75 933/1922/74
f 936/1923/75 938/1925/76 937/1926/76 935/1924/75
f 938/1925/76 940/1927/77 939/1928/77 937/1926/76
f 940/1927/77 942/1929/78 941/1930/78 939/1928/77
f 942/1929/78 944/1931/79 943/1932/79 941/1930/78
f 944/1931/79 946/1933/80 945/1934/80 943/1932/79
f 946/1933/80 948/1935/81 947/1936/81 945/1934/80
f 948/1935/81 950/1937/82 949/1938/82 947/1936/81
f 950/1937/82 952/1939/83 951/1940/83 949/1938/82
f 952/1939/83 954/1941/84 953/1942/84 951/1940/83
f 954/1941/84 956/1943/85 955/1944/85 953/1942/84
f 956/1943/85 958/1945/86 957/1946/86 955/1944/85
f 958/1947/86 960/1948/87 959/1949/87 957/1950/86
f 960/1951/87 962/1952/88 961/1953/88 959/1954/87
f 962/1952/88 964/1955/89 963/1956/89 961/1953/88
f 964/1955/89 966/1957/90 965/1958/90 963/1956/89
f 966/1957/90 968/1959/91 967/1960/91 965/1958/90
f 968/1959/91 970/1961/92 969/1962/92 967/1960/91
f 970/1961/92 972/1963/93 971/1964/93 969/1962/92
f 972/1963/93 974/1965/94 973/1966/94 971/1964/93
f 974/1965/94 976/1967/95 975/1968/95 973/1966/94
f 976/1967/95 978/1969/96 977/1970/96 975/1968/95
f 978/1969/96 980/1971/97 979/1972/97 977/1970/96
f 980/1971/97 982/1973/98 981/1974/98 979/1972/97
f 982/1973/98 984/1975/99 983/1976/99 981/1974/98
f 984/1975/99 986/1977/100 985/1978/100 983/1976/99
f 986/1977/100 988/1979/101 987/1980/101 985/1978/100
f 988/1979/101 990/1981/102 989/1982/102 987/1980/101
f 990/1981/102 992/1983/103 991/1984/103 989/1982/102
f 992/1983/103 994/1985/104 993/1986/104 991/1984/103
f 994/1985/104 996/1987/105 995/1988/105 993/1986/104
f 996/1989/105 998/1990/106 997/1991/106 995/1992/105
f 998/1990/106 1000/1993/107 999/1994/107 997/1991/106
f 1000/1993/107 1002/1995/108 1001/1996/108 999/1994/107
f 1002/1995/108 1004/1997/109 1003/1998/109 1001/1996/108
f 1004/1997/109 1006/1999/110 1005/2000/110 1003/1998/109
f 1006/1999/110 1008/2001/111 1007/2002/111 1005/2000/110
f 1008/2001/111 1010/2003/112 1009/2004/112 1007/2002/111
f 1010/2003/112 1012/2005/113 1011/2006/113 1009/2004/112
f 1012/2005/113 1014/2007/114 1013/2008/114 1011/2006/113
f 1014/2007/114 1016/2009/115 1015/2010/115 1013/2008/114
f 1016/2009/115 1018/2011/116 1017/2012/116 1015/2010/115
f 1018/2011/116 1020/2013/117 1019/2014/117 1017/2012/116
f 1020/2015/117 1022/2016/118 1021/2017/118 1019/2018/117
f 1022/2016/118 1024/2019/119 1023/2020/119 1021/2017/118
f 1024/2019/119 1026/2021/120 1025/2022/120 1023/2020/119
f 1026/2021/120 1028/2023/121 1027/2024/121 1025/2022/120
f 1028/2023/121 1030/2025/122 1029/2026/122 1027/2024/121
f 1030/2025/122 1032/2027/123 1031/2028/123 1029/2026/122
f 1032/2027/123 1034/2029/124 1033/2030/124 1031/2028/123
f 1034/2029/124 1036/2031/125 1035/2032/125 1033/2030/124
f 1036/2031/125 1038/2033/126 1037/2034/126 1035/2032/125
f 1038/2033/126 1040/2035/127 1039/2036/127 1037/2034/126
f 1040/2035/127 1042/2037/128 1041/2038/128 1039/2036/127
f 1042/2037/128 1044/2039/129 1043/2040/129 1041/2038/128
f 1044/2039/129 1046/2041/130 1045/2042/130 1043/2040/129
f 1046/2041/130 1048/2043/131 1047/2044/131 1045/2042/130
f 1048/2043/131 1050/2045/132 1049/2046/132 1047/2044/131
f 1050/2045/132 1052/2047/133 1051/2048/133 1049/2046/132
f 1052/2047/133 1054/2049/134 1053/2050/134 1051/2048/133
f 1054/2049/134 1056/2051/135 1055/2052/135 1053/2050/134
f 1056/2053/135 1058/2054/136 1057/2055/136 1055/2056/135
f 1058/2057/136 864/1847/39 863/1850/39 1057/2058/136
f 1060/2059/137 1062/2060/137 1061/2061/137 1059/2062/137
f 1062/2063/137 1064/2064/138 1063/2065/138 1061/2066/137
f 1064/2067/138 1066/2068/138 1065/2069/138 1063/2070/138
f 1066/2071/138 1068/2072/139 1067/2073/139 1065/2074/138
f 1068/2075/139 1070/2076/140 1069/2077/140 1067/2078/139
f 1070/2079/140 1072/2080/141 1071/2081/141 1069/2082/140
f 1072/2083/141 1074/2084/142 1073/2085/142 1071/2086/141
f 1074/2087/142 1060/2088/137 1059/2089/137 1073/2090/142
f 1076/2091/143 1078/2092/144 1077/2093/144 1075/2094/143
f 1078/2095/144 1080/2096/145 1079/2097/145 1077/2098/144
f 1080/2099/145 1076/2100/143 1075/2101/143 1079/2102/145
f 1082/2103/146 1084/2104/147 1083/2105/147 1081/2106/146
f 1084/2107/147 1086/2108/147 1085/2109/147 1083/2110/147
f 1086/2111/147 1088/2112/146 1087/2113/146 1085/2114/147
f 1088/2115/146 1090/2116/146 1089/2117/146 1087/2118/146
f 1090/2119/146 1092/2120/146 1091/2121/146 1089/2122/146
f 1092/2123/146 1094/2124/148 1093/2125/148 1091/2126/146
f 1094/2127/148 1096/2128/149 1095/2129/149 1093/2130/148
f 1096/2131/149 1098/2132/147 1097/2133/147 1095/2134/149
f 1098/2135/147 1100/2136/146 1099/2137/146 1097/2138/147
f 1100/2139/146 1082/2140/146 1081/2141/146 1099/2142/146
f 1102/2143/146 1104/2144/147 1103/2145/147 1101/2146/146
f 1104/2147/147 1106/2148/147 1105/2149/147 1103/2150/147
f 1106/2151/147 1108/2152/146 1107/2153/146 1105/2154/147
f 1108/2155/146 1110/2156/146 1109/2157/146 1107/2158/146
f 1110/2159/146 1112/2160/147 1111/2161/147 1109/2162/146
f 1112/2163/147 1114/2164/147 1113/2165/147 1111/2166/147
f 1114/2167/147 1116/2168/146 1115/2169/146 1113/2170/147
f 1116/2171/146 1118/2172/148 1117/2173/148 1115/2174/146
f 1118/2175/148 1120/2176/149 1119/2177/149 1117/2178/148
f 1120/2179/149 1122/2180/147 1121/2181/147 1119/2182/149
f 1122/2183/147 1124/2184/146 1123/2185/146 1121/2186/147
f 1124/2187/146 1102/2188/146 1101/2189/146 1123/2190/146
f 1125/2191/150 1126/2192/151 1128/2193/152 1127/2194/153
f 1127/2194/153 1128/2193/152 1130/2195/154 1129/2196/155
f 1129/2197/155 1130/2198/154 1132/2199/156 1131/2200/157
f 1131/2200/157 1132/2199/156 1134/2201/158 1133/2202/159
f 1133/2202/159 1134/2201/158 1136/2203/160 1135/2204/161
f 1135/2204/161 1136/2203/160 1138/2205/162 1137/2206/163
f 1137/2207/163 1138/2208/162 1140/2209/164 1139/2210/165
f 1139/2210/165 1140/2209/164 1142/2211/166 1141/2212/167
f 1141/2212/167 1142/2211/166 1144/2213/168 1143/2214/169
f 1143/2214/169 1144/2213/168 1146/2215/170 1145/2216/171
f 1145/2217/171 1146/2218/170 1148/2219/172 1147/2220/173
f 1147/2220/173 1148/2219/172 1150/2221/174 1149/2222/175
f 1149/2222/175 1150/2221/174 1152/2223/176 1151/2224/177
f 1151/2224/177 1152/2223/176 1154/2225/178 1153/2226/179
f 1128/2227/152 1126/2228/151 1156/2229/180 1154/2230/178 1152/2231/176 1150/2232/174 1148/2233/172 1146/2234/170 1144/2235/168 1142/2236/166 1140/2237/164 1138/2238/162 1136/2239/160 1134/2240/158 1132/2241/156 1130/2242/154
f 1153/2243/179 1154/2244/178 1156/2245/180 1155/2246/181
f 1155/2246/181 1156/2245/180 1126/2192/151 1125/2191/150
f 1125/2247/150 1127/2248/153 1129/2249/155 1131/2250/157 1133/2251/159 1135/2252/161 1137/2253/163 1139/2254/165 1141/2255/167 1143/2256/169 1145/2257/171 1147/2258/173 1149/2259/175 1151/2260/177 1153/2261/179 1155/2262/181
f 1157/2263/3 1165/2264/182 1166/2265/183 1158/2266/184
f 1158/2267/184 1166/2268/183 1167/2269/185 1159/2270/186
f 1159/2270/186 1167/2269/185 1168/2271/187 1160/2272/188
f 1160/2273/188 1168/2274/187 1169/2275/189 1161/2276/1
f 1161/2276/1 1169/2275/189 1170/2277/190 1162/2278/191
f 1162/2279/191 1170/2280/190 1171/2281/192 1163/2282/193
f 1163/2282/193 1171/2281/192 1172/2283/194 1164/2284/195
f 1164/2285/195 1172/2286/194 1165/2264/182 1157/2263/3
f 1165/2264/182 1173/2287/196 1174/2288/197 1166/2265/183
f 1166/2268/183 1174/2289/197 1175/2290/198 1167/2269/185
f 1167/2269/185 1175/2290/198 1176/2291/199 1168/2271/187
f 1168/2274/187 1176/2292/199 1177/2293/200 1169/2275/189
f 1169/2275/189 1177/2293/200 1178/2294/201 1170/2277/190
f 1170/2280/190 1178/2295/201 1179/2296/202 1171/2281/192
f 1171/2281/192 1179/2296/202 1180/2297/203 1172/2283/194
f 1172/2286/194 1180/2298/203 1173/2287/196 1165/2264/182
f 1173/2299/196 1181/2300/204 1182/2301/205 1174/2302/197
f 1174/2289/197 1182/2303/205 1183/2304/206 1175/2290/198
f 1175/2290/198 1183/2304/206 1184/2305/207 1176/2291/199
f 1176/2306/199 1184/2307/207 1185/2308/208 1177/2309/200
f 1177/2309/200 1185/2308/208 1186/2310/209 1178/2311/201
f 1178/2295/201 1186/2312/209 1187/2313/210 1179/2296/202
f 1179/2296/202 1187/2313/210 1188/2314/211 1180/2297/203
f 1180/2315/203 1188/2316/211 1181/2300/204 1173/2299/196
f 1181/2300/204 1189/2317/212 1190/2318/213 1182/2301/205
f 1182/2303/205 1190/2319/213 1191/2320/214 1183/2304/206
f 1183/2304/206 1191/2320/214 1192/2321/215 1184/2305/207
f 1184/2307/207 1192/2322/215 1193/2323/216 1185/2308/208
f 1185/2308/208 1193/2323/216 1194/2324/217 1186/2310/209
f 1186/2312/209 1194/2325/217 1195/2326/218 1187/2313/210
f 1187/2313/210 1195/2326/218 1196/2327/219 1188/2314/211
f 1188/2316/211 1196/2328/219 1189/2317/212 1181/2300/204
f 1189/2317/212 1197/2329/220 1198/2330/221 1190/2318/213
f 1190/2319/213 1198/2331/221 1199/2332/222 1191/2320/214
f 1191/2320/214 1199/2332/222 1200/2333/223 1192/2321/215
f 1192/2322/215 1200/2334/223 1201/2335/224 1193/2323/216
f 1193/2323/216 1201/2335/224 1202/2336/225 1194/2324/217
f 1194/2325/217 1202/2337/225 1203/2338/226 1195/2326/218
f 1195/2326/218 1203/2338/226 1204/2339/227 1196/2327/219
f 1196/2328/219 1204/2340/227 1197/2329/220 1189/2317/212
f 1197/2329/220 1205/2341/228 1206/2342/229 1198/2330/221
f 1198/2331/221 1206/2343/229 1207/2344/230 1199/2332/222
f 1199/2332/222 1207/2344/230 1208/2345/231 1200/2333/223
f 1200/2334/223 1208/2346/231 1209/2347/232 1201/2335/224
f 1201/2335/224 1209/2347/232 1210/2348/233 1202/2336/225
f 1202/2337/225 1210/2349/233 1211/2350/234 1203/2338/226
f 1203/2338/226 1211/2350/234 1212/2351/235 1204/2339/227
f 1204/2340/227 1212/2352/235 1205/2341/228 1197/2329/220
f 1205/2341/228 1213/2353/236 1214/2354/237 1206/2342/229
f 1206/2343/229 1214/2355/237 1215/2356/238 1207/2344/230
f 1207/2344/230 1215/2356/238 1216/2357/239 1208/2345/231
f 1208/2346/231 1216/2358/239 1217/2359/240 1209/2347/232
f 1209/2347/232 1217/2359/240 1218/2360/241 1210/2348/233
f 1210/2349/233 1218/2361/241 1219/2362/242 1211/2350/234
f 1211/2350/234 1219/2362/242 1220/2363/243 1212/2351/235
f 1212/2352/235 1220/2364/243 1213/2353/236 1205/2341/228
f 1213/2365/236 1221/2366/244 1222/2367/245 1214/2368/237
f 1214/2355/237 1222/2369/245 1223/2370/246 1215/2356/238
f 1215/2356/238 1223/2370/246 1224/2371/247 1216/2357/239
f 1216/2372/239 1224/2373/247 1225/2374/248 1217/2375/240
f 1217/2375/240 1225/2374/248 1226/2376/249 1218/2377/241
f 1218/2361/241 1226/2378/249 1227/2379/250 1219/2362/242
f 1219/2362/242 1227/2379/250 1228/2380/251 1220/2363/243
f 1220/2381/243 1228/2382/251 1221/2366/244 1213/2365/236
f 1221/2366/244 1229/2383/1 1230/2384/252 1222/2367/245
f 1222/2369/245 1230/2385/252 1231/2386/253 1223/2370/246
f 1223/2370/246 1231/2386/253 1232/2387/254 1224/2371/247
f 1224/2373/247 1232/2388/254 1233/2389/3 1225/2374/248
f 1225/2374/248 1233/2389/3 1234/2390/255 1226/2376/249
f 1226/2378/249 1234/2391/255 1235/2392/256 1227/2379/250
f 1227/2379/250 1235/2392/256 1236/2393/257 1228/2380/251
f 1228/2382/251 1236/2394/257 1229/2383/1 1221/2366/244
f 1229/2383/1 1237/2395/189 1238/2396/258 1230/2384/252
f 1230/2385/252 1238/2397/258 1239/2398/259 1231/2386/253
f 1231/2386/253 1239/2398/259 1240/2399/260 1232/2387/254
f 1232/2388/254 1240/2400/260 1241/2401/182 1233/2389/3
f 1233/2389/3 1241/2401/182 1242/2402/261 1234/2390/255
f 1234/2391/255 1242/2403/261 1243/2404/262 1235/2392/256
f 1235/2392/256 1243/2404/262 1244/2405/263 1236/2393/257
f 1236/2394/257 1244/2406/263 1237/2395/189 1229/2383/1
f 1237/2395/189 1245/2407/200 1246/2408/264 1238/2396/258
f 1238/2397/258 1246/2409/264 1247/2410/265 1239/2398/259
f 1239/2398/259 1247/2410/265 1248/2411/266 1240/2399/260
f 1240/2400/260 1248/2412/266 1249/2413/196 1241/2401/182
f 1241/2401/182 1249/2413/196 1250/2414/267 1242/2402/261
f 1242/2403/261 1250/2415/267 1251/2416/268 1243/2404/262
f 1243/2404/262 1251/2416/268 1252/2417/269 1244/2405/263
f 1244/2406/263 1252/2418/269 1245/2407/200 1237/2395/189
f 1245/2419/200 1253/2420/208 1254/2421/270 1246/2422/264
f 1246/2409/264 1254/2423/270 1255/2424/271 1247/2410/265
f 1247/2410/265 1255/2424/271 1256/2425/272 1248/2411/266
f 1248/2426/266 1256/2427/272 1257/2428/204 1249/2429/196
f 1249/2429/196 1257/2428/204 1258/2430/273 1250/2431/267
f 1250/2415/267 1258/2432/273 1259/2433/274 1251/2416/268
f 1251/2416/268 1259/2433/274 1260/2434/275 1252/2417/269
f 1252/2435/269 1260/2436/275 1253/2420/208 1245/2419/200
f 1253/2420/208 1261/2437/216 1262/2438/276 1254/2421/270
f 1254/2423/270 1262/2439/276 1263/2440/277 1255/2424/271
f 1255/2424/271 1263/2440/277 1264/2441/278 1256/2425/272
f 1256/2427/272 1264/2442/278 1265/2443/279 1257/2428/204
f 1257/2428/204 1265/2443/279 1266/2444/280 1258/2430/273
f 1258/2432/273 1266/2445/280 1267/2446/281 1259/2433/274
f 1259/2433/274 1267/2446/281 1268/2447/282 1260/2434/275
f 1260/2436/275 1268/2448/282 1261/2437/216 1253/2420/208
f 1261/2437/216 1269/2449/224 1270/2450/283 1262/2438/276
f 1262/2439/276 1270/2451/283 1271/2452/284 1263/2440/277
f 1263/2440/277 1271/2452/284 1272/2453/285 1264/2441/278
f 1264/2442/278 1272/2454/285 1273/2455/220 1265/2443/279
f 1265/2443/279 1273/2455/220 1274/2456/286 1266/2444/280
f 1266/2445/280 1274/2457/286 1275/2458/287 1267/2446/281
f 1267/2446/281 1275/2458/287 1276/2459/288 1268/2447/282
f 1268/2448/282 1276/2460/288 1269/2449/224 1261/2437/216
f 1269/2449/224 1277/2461/232 1278/2462/289 1270/2450/283
f 1270/2451/283 1278/2463/289 1279/2464/290 1271/2452/284
f 1271/2452/284 1279/2464/290 1280/2465/291 1272/2453/285
f 1272/2454/285 1280/2466/291 1281/2467/228 1273/2455/220
f 1273/2455/220 1281/2467/228 1282/2468/292 1274/2456/286
f 1274/2457/286 1282/2469/292 1283/2470/293 1275/2458/287
f 1275/2458/287 1283/2470/293 1284/2471/294 1276/2459/288
f 1276/2460/288 1284/2472/294 1277/2461/232 1269/2449/224
f 1277/2461/232 1285/2473/240 1286/2474/295 1278/2462/289
f 1278/2463/289 1286/2475/295 1287/2476/296 1279/2464/290
f 1279/2464/290 1287/2476/296 1288/2477/297 1280/2465/291
f 1280/2466/291 1288/2478/297 1289/2479/236 1281/2467/228
f 1281/2467/228 1289/2479/236 1290/2480/298 1282/2468/292
f 1282/2469/292 1290/2481/298 1291/2482/299 1283/2470/293
f 1283/2470/293 1291/2482/299 1292/2483/300 1284/2471/294
f 1284/2472/294 1292/2484/300 1285/2473/240 1277/2461/232
f 1285/2485/240 1293/2486/248 1294/2487/301 1286/2488/295
f 1286/2475/295 1294/2489/301 1295/2490/302 1287/2476/296
f 1287/2476/296 1295/2490/302 1296/2491/303 1288/2477/297
f 1288/2492/297 1296/2493/303 1297/2494/244 1289/2495/236
f 1289/2495/236 1297/2494/244 1298/2496/304 1290/2497/298
f 1290/2481/298 1298/2498/304 1299/2499/305 1291/2482/299
f 1291/2482/299 1299/2499/305 1300/2500/306 1292/2483/300
f 1292/2501/300 1300/2502/306 1293/2486/248 1285/2485/240
f 1293/2486/248 1157/2263/3 1158/2266/184 1294/2487/301
f 1294/2489/301 1158/2267/184 1159/2270/186 1295/2490/302
f 1295/2490/302 1159/2270/186 1160/2272/188 1296/2491/303
f 1296/2493/303 1160/2273/188 1161/2276/1 1297/2494/244
f 1297/2494/244 1161/2276/1 1162/2278/191 1298/2496/304
f 1298/2498/304 1162/2279/191 1163/2282/193 1299/2499/305
f 1299/2499/305 1163/2282/193 1164/2284/195 1300/2500/306
f 1300/2502/306 1164/2285/195 1157/2263/3 1293/2486/248
f 1301/2503/150 1302/2504/151 1304/2505/152 1303/2506/153
f 1303/2506/153 1304/2505/152 1306/2507/154 1305/2508/155
f 1305/2509/155 1306/2510/154 1308/2511/156 1307/2512/157
f 1307/2512/157 1308/2511/156 1310/2513/158 1309/2514/159
f 1309/2514/159 1310/2513/158 1312/2515/160 1311/2516/161
f 1311/2516/161 1312/2515/160 1314/2517/162 1313/2518/163
f 1313/2519/163 1314/2520/162 1316/2521/164 1315/2522/165
f 1315/2522/165 1316/2521/164 1318/2523/166 1317/2524/167
f 1317/2524/167 1318/2523/166 1320/2525/168 1319/2526/169
f 1319/2526/169 1320/2525/168 1322/2527/170 1321/2528/171
f 1321/2529/171 1322/2530/170 1324/2531/172 1323/2532/173
f 1323/2532/173 1324/2531/172 1326/2533/174 1325/2534/175
f 1325/2534/175 1326/2533/174 1328/2535/176 1327/2536/177
f 1327/2536/177 1328/2535/176 1330/2537/178 1329/2538/179
f 1304/2539/152 1302/2540/151 1332/2541/180 1330/2542/178 1328/2543/176 1326/2544/174 1324/2545/172 1322/2546/170 1320/2547/168 1318/2548/166 1316/2549/164 1314/2550/162 1312/2551/160 1310/2552/158 1308/2553/156 1306/2554/154
f 1329/2555/179 1330/2556/178 1332/2557/180 1331/2558/181
f 1331/2558/181 1332/2557/180 1302/2504/151 1301/2503/150
f 1301/2559/150 1303/2560/153 1305/2561/155 1307/2562/157 1309/2563/159 1311/2564/161 1313/2565/163 1315/2566/165 1317/2567/167 1319/2568/169 1321/2569/171 1323/2570/173 1325/2571/175 1327/2572/177 1329/2573/179 1331/2574/181
s 0
f 1333/2575/1 1334/2576/1 1336/2577/1 1335/2578/1
f 1335/2579/2 1336/2580/2 1340/2581/2 1339/2582/2
f 1339/2583/3 1340/2584/3 1338/2585/3 1337/2586/3
f 1337/2587/4 1338/2588/4 1334/2589/4 1333/2590/4
f 1335/2591/5 1339/2592/5 1337/2593/5 1333/2594/5
f 1340/2595/6 1336/2596/6 1334/2597/6 1338/2598/6
f 1341/2599/1 1342/2600/1 1344/2601/1 1343/2602/1
f 1343/2603/2 1344/2604/2 1348/2605/2 1347/2606/2
f 1347/2607/3 1348/2608/3 1346/2609/3 1345/2610/3
f 1345/2611/4 1346/2612/4 1342/2613/4 1341/2614/4
f 1343/2615/5 1347/2616/5 1345/2617/5 1341/2618/5
f 1348/2619/6 1344/2620/6 1342/2621/6 1346/2622/6
f 1349/2623/1 1350/2624/1 1352/2625/1 1351/2626/1
f 1351/2627/2 1352/2628/2 1356/2629/2 1355/2630/2
f 1355/2631/3 1356/2632/3 1354/2633/3 1353/2634/3
f 1353/2635/4 1354/2636/4 1350/2637/4 1349/2638/4
f 1351/2639/5 1355/2640/5 1353/2641/5 1349/2642/5
f 1356/2643/6 1352/2644/6 1350/2645/6 1354/2646/6
f 1357/2647/1 1358/2648/1 1360/2649/1 1359/2650/1
f 1359/2651/2 1360/2652/2 1364/2653/2 1363/2654/2
f 1363/2655/3 1364/2656/3 1362/2657/3 1361/2658/3
f 1361/2659/4 1362/2660/4 1358/2661/4 1357/2662/4
f 1359/2663/5 1363/2664/5 1361/2665/5 1357/2666/5
f 1364/2667/6 1360/2668/6 1358/2669/6 1362/2670/6
f 1365/2671/1 1366/2672/1 1368/2673/1 1367/2674/1
f 1367/2675/2 1368/2676/2 1372/2677/2 1371/2678/2
f 1371/2679/3 1372/2680/3 1370/2681/3 1369/2682/3
f 1369/2683/4 1370/2684/4 1366/2685/4 1365/2686/4
f 1367/2687/5 1371/2688/5 1369/2689/5 1365/2690/5
f 1372/2691/6 1368/2692/6 1366/2693/6 1370/2694/6
f 1373/2695/1 1374/2696/1 1376/2697/1 1375/2698/1
f 1375/2699/2 1376/2700/2 1380/2701/2 1379/2702/2
f 1379/2703/3 1380/2704/3 1378/2705/3 1377/2706/3
f 1377/2707/4 1378/2708/4 1374/2709/4 1373/2710/4
f 1375/2711/5 1379/2712/5 1377/2713/5 1373/2714/5
f 1380/2715/6 1376/2716/6 1374/2717/6 1378/2718/6
f 1381/2719/1 1382/2720/1 1384/2721/1 1383/2722/1
f 1383/2723/2 1384/2724/2 1388/2725/2 1387/2726/2
f 1387/2727/3 1388/2728/3 1386/2729/3 1385/2730/3
f 1385/2731/4 1386/2732/4 1382/2733/4 1381/2734/4
f 1383/2735/5 1387/2736/5 1385/2737/5 1381/2738/5
f 1388/2739/6 1384/2740/6 1382/2741/6 1386/2742/6
f 1389/2743/1 1390/2744/1 1392/2745/1 1391/2746/1
f 1391/2747/2 1392/2748/2 1396/2749/2 1395/2750/2
f 1395/2751/3 1396/2752/3 1394/2753/3 1393/2754/3
f 1393/2755/4 1394/2756/4 1390/2757/4 1389/2758/4
f 1391/2759/5 1395/2760/5 1393/2761/5 1389/2762/5
f 1396/2763/6 1392/2764/6 1390/2765/6 1394/2766/6
f 1397/2767/1 1398/2768/1 1400/2769/1 1399/2770/1
f 1399/2771/2 1400/2772/2 1404/2773/2 1403/2774/2
f 1403/2775/3 1404/2776/3 1402/2777/3 1401/2778/3
f 1401/2779/4 1402/2780/4 1398/2781/4 1397/2782/4
f 1399/2783/5 1403/2784/5 1401/2785/5 1397/2786/5
f 1404/2787/6 1400/2788/6 1398/2789/6 1402/2790/6
f 1405/2791/1 1406/2792/1 1408/2793/1 1407/2794/1
f 1407/2795/2 1408/2796/2 1412/2797/2 1411/2798/2
f 1411/2799/3 1412/2800/3 1410/2801/3 1409/2802/3
f 1409/2803/4 1410/2804/4 1406/2805/4 1405/2806/4
f 1407/2807/5 1411/2808/5 1409/2809/5 1405/2810/5
f 1412/2811/6 1408/2812/6 1406/2813/6 1410/2814/6
f 1413/2815/1 1414/2816/1 1416/2817/1 1415/2818/1
f 1415/2819/2 1416/2820/2 1420/2821/2 1419/2822/2
f 1419/2823/3 1420/2824/3 1418/2825/3 1417/2826/3
f 1417/2827/4 1418/2828/4 1414/2829/4 1413/2830/4
f 1415/2831/5 1419/2832/5 1417/2833/5 1413/2834/5
f 1420/2835/6 1416/2836/6 1414/2837/6 1418/2838/6
f 1421/2839/1 1422/2840/1 1424/2841/1 1423/2842/1
f 1423/2843/2 1424/2844/2 1428/2845/2 1427/2846/2
f 1427/2847/3 1428/2848/3 1426/2849/3 1425/2850/3
f 1425/2851/4 1426/2852/4 1422/2853/4 1421/2854/4
f 1423/2855/5 1427/2856/5 1425/2857/5 1421/2858/5
f 1428/2859/6 1424/2860/6 1422/2861/6 1426/2862/6
s 1
f 1429/2863/307 1430/2864/308 1432/2865/309 1431/2866/310
f 1431/2866/310 1432/2865/309 1434/2867/311 1433/2868/312
f 1433/2869/312 1434/2870/311 1436/2871/313 1435/2872/314
f 1435/2872/314 1436/2871/313 1438/2873/315 1437/2874/316
f 1437/2874/316 1438/2873/315 1440/2875/317 1439/2876/318
f 1439/2877/318 1440/2878/317 1442/2879/319 1441/2880/320
f 1441/2880/320 1442/2879/319 1444/2881/321 1443/2882/322
f 1443/2882/322 1444/2881/321 1446/2883/323 1445/2884/324
f 1445/2885/324 1446/2886/323 1448/2887/325 1447/2888/326
f 1447/2888/326 1448/2887/325 1450/2889/327 1449/2890/328
f 1432/2891/309 1430/2892/308 1452/2893/329 1450/2894/327 1448/2895/325 1446/2896/323 1444/2897/321 1442/2898/319 1440/2899/317 1438/2900/315 1436/2901/313 1434/2902/311
f 1449/2890/328 1450/2889/327 1452/2903/329 1451/2904/330
f 1451/2905/330 1452/2906/329 1430/2864/308 1429/2863/307
f 1429/2907/307 1431/2908/310 1433/2909/312 1435/2910/314 1437/2911/316 1439/2912/318 1441/2913/320 1443/2914/322 1445/2915/324 1447/2916/326 1449/2917/328 1451/2918/330
f 1453/2919/307 1454/2920/308 1456/2921/309 1455/2922/310
f 1455/2922/310 1456/2921/309 1458/2923/311 1457/2924/312
f 1457/2925/312 1458/2926/311 1460/2927/313 1459/2928/314
f 1459/2928/314 1460/2927/313 1462/2929/315 1461/2930/316
f 1461/2930/316 1462/2929/315 1464/2931/317 1463/2932/318
f 1463/2933/318 1464/2934/317 1466/2935/319 1465/2936/320
f 1465/2936/320 1466/2935/319 1468/2937/321 1467/2938/322
f 1467/2938/322 1468/2937/321 1470/2939/323 1469/2940/324
f 1469/2941/324 1470/2942/323 1472/2943/325 1471/2944/326
f 1471/2944/326 1472/2943/325 1474/2945/327 1473/2946/328
f 1456/2947/309 1454/2948/308 1476/2949/329 1474/2950/327 1472/2951/325 1470/2952/323 1468/2953/321 1466/2954/319 1464/2955/317 1462/2956/315 1460/2957/313 1458/2958/311
f 1473/2946/328 1474/2945/327 1476/2959/329 1475/2960/330
f 1475/2961/330 1476/2962/329 1454/2920/308 1453/2919/307
f 1453/2963/307 1455/2964/310 1457/2965/312 1459/2966/314 1461/2967/316 1463/2968/318 1465/2969/320 1467/2970/322 1469/2971/324 1471/2972/326 1473/2973/328 1475/2974/330
s 0
f 1477/2975/1 1478/2976/1 1480/2977/1 1479/2978/1
f 1479/2979/2 1480/2980/2 1484/2981/2 1483/2982/2
f 1483/2983/3 1484/2984/3 1482/2985/3 1481/2986/3
f 1481/2987/4 1482/2988/4 1478/2989/4 1477/2990/4
f 1479/2991/5 1483/2992/5 1481/2993/5 1477/2994/5
f 1484/2995/6 1480/2996/6 1478/2997/6 1482/2998/6
s 1
f 1530/2999/5 1487/3000/331 1493/3001/332
f 1558/3002/333 1486/3003/334 1491/3004/335 1492/3005/336
f 1485/3006/337 1557/3007/338 1489/3008/339 1490/3009/340
f 1556/3010/341 1537/3011/6 1488/3012/342
f 1487/3000/331 1558/3013/333 1492/3014/336 1493/3001/332
f 1486/3003/334 1485/3006/337 1490/3009/340 1491/3004/335
f 1557/3015/338 1556/3010/341 1488/3012/342 1489/3016/339
f 1489/3016/339 1488/3012/342 1494/3017/343 1495/3018/344
f 1530/2999/5 1493/3001/332 1499/3019/345
f 1492/3005/336 1491/3004/335 1497/3020/346 1498/3021/347
f 1490/3009/340 1489/3008/339 1495/3022/344 1496/3023/348
f 1488/3012/342 1537/3011/6 1494/3017/343
f 1493/3001/332 1492/3014/336 1498/3024/347 1499/3019/345
f 1491/3004/335 1490/3009/340 1496/3023/348 1497/3020/346
f 1530/2999/5 1499/3019/345 1505/3025/349
f 1498/3026/347 1497/3027/346 1503/3028/350 1504/3029/351
f 1496/3030/348 1495/3031/344 1501/3032/352 1502/3033/353
f 1494/3017/343 1537/3011/6 1500/3034/354
f 1499/3019/345 1498/3024/347 1504/3035/351 1505/3025/349
f 1497/3027/346 1496/3030/348 1502/3033/353 1503/3028/350
f 1495/3018/344 1494/3017/343 1500/3034/354 1501/3036/352
f 1504/3029/351 1503/3028/350 1509/3037/355 1510/3038/356
f 1502/3033/353 1501/3032/352 1507/3039/357 1508/3040/358
f 1500/3034/354 1537/3011/6 1506/3041/359
f 1505/3025/349 1504/3035/351 1510/3042/356 1511/3043/360
f 1503/3028/350 1502/3033/353 1508/3040/358 1509/3037/355
f 1501/3036/352 1500/3034/354 1506/3041/359 1507/3044/357
f 1530/2999/5 1505/3025/349 1511/3043/360
f 1506/3041/359 1537/3011/6 1512/3045/361
f 1511/3043/360 1510/3042/356 1516/3046/362 1517/3047/363
f 1509/3037/355 1508/3040/358 1514/3048/364 1515/3049/365
f 1507/3044/357 1506/3041/359 1512/3045/361 1513/3050/366
f 1530/2999/5 1511/3043/360 1517/3047/363
f 1510/3038/356 1509/3037/355 1515/3049/365 1516/3051/362
f 1508/3040/358 1507/3039/357 1513/3052/366 1514/3048/364
f 1517/3047/363 1516/3046/362 1522/3053/367 1523/3054/368
f 1515/3055/365 1514/3056/364 1520/3057/369 1521/3058/370
f 1513/3050/366 1512/3045/361 1518/3059/371 1519/3060/372
f 1530/2999/5 1517/3047/363 1523/3054/368
f 1516/3061/362 1515/3055/365 1521/3058/370 1522/3062/367
f 1514/3056/364 1513/3063/366 1519/3064/372 1520/3057/369
f 1512/3045/361 1537/3011/6 1518/3059/371
f 1521/3058/370 1520/3057/369 1526/3065/373 1527/3066/374
f 1519/3060/372 1518/3059/371 1524/3067/375 1525/3068/376
f 1530/2999/5 1523/3054/368 1529/3069/377
f 1522/3062/367 1521/3058/370 1527/3066/374 1528/3070/378
f 1520/3057/369 1519/3064/372 1525/3071/376 1526/3065/373
f 1518/3059/371 1537/3011/6 1524/3067/375
f 1523/3054/368 1522/3053/367 1528/3072/378 1529/3069/377
f 1530/2999/5 1529/3069/377 1536/3073/379
f 1528/3070/378 1527/3066/374 1534/3074/380 1535/3075/381
f 1526/3065/373 1525/3071/376 1532/3076/382 1533/3077/383
f 1524/3067/375 1537/3011/6 1531/3078/384
f 1529/3069/377 1528/3072/378 1535/3079/381 1536/3073/379
f 1527/3066/374 1526/3065/373 1533/3077/383 1534/3074/380
f 1525/3068/376 1524/3067/375 1531/3078/384 1532/3080/382
f 1530/2999/5 1536/3073/379 1543/3081/385
f 1535/3082/381 1534/3083/380 1541/3084/386 1542/3085/387
f 1533/3086/383 1532/3087/382 1539/3088/388 1540/3089/389
f 1531/3078/384 1537/3011/6 1538/3090/390
f 1536/3073/379 1535/3079/381 1542/3091/387 1543/3081/385
f 1534/3083/380 1533/3086/383 1540/3089/389 1541/3084/386
f 1532/3080/382 1531/3078/384 1538/3090/390 1539/3092/388
f 1540/3089/389 1539/3088/388 1545/3093/391 1546/3094/392
f 1538/3090/390 1537/3011/6 1544/3095/393
f 1543/3081/385 1542/3091/387 1548/3096/394 1549/3097/395
f 1541/3084/386 1540/3089/389 1546/3094/392 1547/3098/396
f 1539/3092/388 1538/3090/390 1544/3095/393 1545/3099/391
f 1530/2999/5 1543/3081/385 1549/3097/395
f 1542/3085/387 1541/3084/386 1547/3098/396 1548/3100/394
f 1549/3097/395 1548/3096/394 1554/3101/397 1555/3102/398
f 1547/3098/396 1546/3094/392 1552/3103/399 1553/3104/400
f 1545/3099/391 1544/3095/393 1550/3105/401 1551/3106/402
f 1530/2999/5 1549/3097/395 1555/3102/398
f 1548/3100/394 1547/3098/396 1553/3104/400 1554/3107/397
f 1546/3094/392 1545/3093/391 1551/3108/402 1552/3103/399
f 1544/3095/393 1537/3011/6 1550/3105/401
f 1555/3102/398 1554/3101/397 1558/3013/333 1487/3000/331
f 1553/3109/400 1552/3110/399 1485/3006/337 1486/3003/334
f 1551/3106/402 1550/3105/401 1556/3010/341 1557/3015/338
f 1530/2999/5 1555/3102/398 1487/3000/331
f 1554/3111/397 1553/3109/400 1486/3003/334 1558/3002/333
f 1552/3110/399 1551/3112/402 1557/3007/338 1485/3006/337
f 1550/3105/401 1537/3011/6 1556/3010/341
f 1596/3113/5 1632/3114/403 1565/3115/404
f 1631/3116/405 1630/3117/406 1563/3118/407 1564/3119/408
f 1559/3120/409 1629/3121/410 1561/3122/411 1562/3123/412
f 1628/3124/413 1603/3125/6 1560/3126/414
f 1632/3114/403 1631/3127/405 1564/3128/408 1565/3115/404
f 1630/3117/406 1559/3120/409 1562/3123/412 1563/3118/407
f 1629/3129/410 1628/3124/413 1560/3126/414 1561/3130/411
f 1561/3130/411 1560/3126/414 1566/3131/415 1567/3132/416
f 1596/3113/5 1565/3115/404 1571/3133/417
f 1564/3119/408 1563/3118/407 1569/3134/418 1570/3135/419
f 1562/3123/412 1561/3122/411 1567/3136/416 1568/3137/420
f 1560/3126/414 1603/3125/6 1566/3131/415
f 1565/3115/404 1564/3128/408 1570/3138/419 1571/3133/417
f 1563/3118/407 1562/3123/412 1568/3137/420 1569/3134/418
f 1596/3113/5 1571/3133/417 1577/3139/421
f 1570/3140/419 1569/3141/418 1575/3142/422 1576/3143/423
f 1568/3144/420 1567/3145/416 1573/3146/424 1574/3147/425
f 1566/3131/415 1603/3125/6 1572/3148/426
f 1571/3133/417 1570/3138/419 1576/3149/423 1577/3139/421
f 1569/3141/418 1568/3144/420 1574/3147/425 1575/3142/422
f 1567/3132/416 1566/3131/415 1572/3148/426 1573/3150/424
f 1576/3143/423 1575/3142/422 1581/3151/427 1582/3152/428
f 1574/3147/425 1573/3146/424 1579/3153/429 1580/3154/430
f 1572/3148/426 1603/3125/6 1578/3155/431
f 1577/3139/421 1576/3149/423 1582/3156/428 1583/3157/432
f 1575/3142/422 1574/3147/425 1580/3154/430 1581/3151/427
f 1573/3150/424 1572/3148/426 1578/3155/431 1579/3158/429
f 1596/3113/5 1577/3139/421 1583/3157/432
f 1578/3155/431 1603/3125/6 1584/3159/433
f 1583/3157/432 1582/3156/428 1588/3160/434 1589/3161/435
f 1581/3151/427 1580/3154/430 1586/3162/436 1587/3163/437
f 1579/3158/429 1578/3155/431 1584/3159/433 1585/3164/438
f 1596/3113/5 1583/3157/432 1589/3161/435
f 1582/3152/428 1581/3151/427 1587/3163/437 1588/3165/434
f 1580/3154/430 1579/3153/429 1585/3166/438 1586/3162/436
f 1589/3161/435 1588/3160/434 1594/3167/439 1595/3168/440
f 1587/3169/437 1586/3170/436 1592/3171/441 1593/3172/442
f 1585/3164/438 1584/3159/433 1590/3173/443 1591/3174/444
f 1596/3113/5 1589/3161/435 1595/3168/440
f 1588/3175/434 1587/3169/437 1593/3172/442 1594/3176/439
f 1586/3170/436 1585/3177/438 1591/3178/444 1592/3171/441
f 1584/3159/433 1603/3125/6 1590/3173/443
f 1593/3172/442 1592/3171/441 1599/3179/445 1600/3180/446
f 1591/3174/444 1590/3173/443 1597/3181/447 1598/3182/448
f 1596/3113/5 1595/3168/440 1602/3183/449
f 1594/3176/439 1593/3172/442 1600/3180/446 1601/3184/450
f 1592/3171/441 1591/3178/444 1598/3185/448 1599/3179/445
f 1590/3173/443 1603/3125/6 1597/3181/447
f 1595/3168/440 1594/3167/439 1601/3186/450 1602/3183/449
f 1596/3113/5 1602/3183/449 1609/3187/451
f 1601/3184/450 1600/3180/446 1607/3188/452 1608/3189/453
f 1599/3179/445 1598/3185/448 1605/3190/454 1606/3191/455
f 1597/3181/447 1603/3125/6 1604/3192/456
f 1602/3183/449 1601/3186/450 1608/3193/453 1609/3187/451
f 1600/3180/446 1599/3179/445 1606/3191/455 1607/3188/452
f 1598/3182/448 1597/3181/447 1604/3192/456 1605/3194/454
f 1596/3113/5 1609/3187/451 1615/3195/457
f 1608/3196/453 1607/3197/452 1613/3198/458 1614/3199/459
f 1606/3200/455 1605/3201/454 1611/3202/460 1612/3203/461
f 1604/3192/456 1603/3125/6 1610/3204/462
f 1609/3187/451 1608/3193/453 1614/3205/459 1615/3195/457
f 1607/3197/452 1606/3200/455 1612/3203/461 1613/3198/458
f 1605/3194/454 1604/3192/456 1610/3204/462 1611/3206/460
f 1612/3203/461 1611/3202/460 1617/3207/463 1618/3208/464
f 1610/3204/462 1603/3125/6 1616/3209/465
f 1615/3195/457 1614/3205/459 1620/3210/466 1621/3211/467
f 1613/3198/458 1612/3203/461 1618/3208/464 1619/3212/468
f 1611/3206/460 1610/3204/462 1616/3209/465 1617/3213/463
f 1596/3113/5 1615/3195/457 1621/3211/467
f 1614/3199/459 1613/3198/458 1619/3212/468 1620/3214/466
f 1621/3211/467 1620/3210/466 1626/3215/469 1627/3216/470
f 1619/3212/468 1618/3208/464 1624/3217/471 1625/3218/472
f 1617/3213/463 1616/3209/465 1622/3219/473 1623/3220/474
f 1596/3113/5 1621/3211/467 1627/3216/470
f 1620/3214/466 1619/3212/468 1625/3218/472 1626/3221/469
f 1618/3208/464 1617/3207/463 1623/3222/474 1624/3217/471
f 1616/3209/465 1603/3125/6 1622/3219/473
f 1627/3216/470 1626/3215/469 1631/3127/405 1632/3114/403
f 1625/3223/472 1624/3224/471 1559/3120/409 1630/3117/406
f 1623/3220/474 1622/3219/473 1628/3124/413 1629/3129/410
f 1596/3113/5 1627/3216/470 1632/3114/403
f 1626/3225/469 1625/3223/472 1630/3117/406 1631/3116/405
f 1624/3224/471 1623/3226/474 1629/3121/410 1559/3120/409
f 1622/3219/473 1603/3125/6 1628/3124/413
f 1703/3227/410 1702/3228/413 1634/3229/414 1635/3230/411
f 1670/3231/5 1706/3232/403 1639/3233/404
f 1705/3234/405 1704/3235/406 1637/3236/407 1638/3237/408
f 1633/3238/409 1703/3239/410 1635/3240/411 1636/3241/412
f 1702/3228/413 1677/3242/6 1634/3229/414
f 1706/3232/403 1705/3243/405 1638/3244/408 1639/3233/404
f 1704/3235/406 1633/3238/409 1636/3241/412 1637/3236/407
f 1639/3233/404 1638/3244/408 1644/3245/419 1645/3246/417
f 1637/3236/407 1636/3241/412 1642/3247/420 1643/3248/418
f 1635/3230/411 1634/3229/414 1640/3249/415 1641/3250/416
f 1670/3231/5 1639/3233/404 1645/3246/417
f 1638/3237/408 1637/3236/407 1643/3248/418 1644/3251/419
f 1636/3241/412 1635/3240/411 1641/3252/416 1642/3247/420
f 1634/3229/414 1677/3242/6 1640/3249/415
f 1641/3250/416 1640/3249/415 1646/3253/426 1647/3254/424
f 1670/3231/5 1645/3246/417 1651/3255/421
f 1644/3256/419 1643/3257/418 1649/3258/422 1650/3259/423
f 1642/3260/420 1641/3261/416 1647/3262/424 1648/3263/425
f 1640/3249/415 1677/3242/6 1646/3253/426
f 1645/3246/417 1644/3245/419 1650/3264/423 1651/3255/421
f 1643/3257/418 1642/3260/420 1648/3263/425 1649/3258/422
f 1670/3231/5 1651/3255/421 1657/3265/432
f 1650/3259/423 1649/3258/422 1655/3266/427 1656/3267/428
f 1648/3263/425 1647/3262/424 1653/3268/429 1654/3269/430
f 1646/3253/426 1677/3242/6 1652/3270/431
f 1651/3255/421 1650/3264/423 1656/3271/428 1657/3265/432
f 1649/3258/422 1648/3263/425 1654/3269/430 1655/3266/427
f 1647/3254/424 1646/3253/426 1652/3270/431 1653/3272/429
f 1656/3267/428 1655/3266/427 1661/3273/437 1662/3274/434
f 1654/3269/430 1653/3268/429 1659/3275/438 1660/3276/436
f 1652/3270/431 1677/3242/6 1658/3277/433
f 1657/3265/432 1656/3271/428 1662/3278/434 1663/3279/435
f 1655/3266/427 1654/3269/430 1660/3276/436 1661/3273/437
f 1653/3272/429 1652/3270/431 1658/3277/433 1659/3280/438
f 1670/3231/5 1657/3265/432 1663/3279/435
f 1658/3277/433 1677/3242/6 1664/3281/443
f 1663/3279/435 1662/3278/434 1668/3282/439 1669/3283/440
f 1661/3284/437 1660/3285/436 1666/3286/441 1667/3287/442
f 1659/3280/438 1658/3277/433 1664/3281/443 1665/3288/444
f 1670/3231/5 1663/3279/435 1669/3283/440
f 1662/3289/434 1661/3284/437 1667/3287/442 1668/3290/439
f 1660/3285/436 1659/3291/438 1665/3292/444 1666/3286/441
f 1669/3283/440 1668/3282/439 1675/3293/450 1676/3294/449
f 1667/3287/442 1666/3286/441 1673/3295/445 1674/3296/446
f 1665/3288/444 1664/3281/443 1671/3297/447 1672/3298/448
f 1670/3231/5 1669/3283/440 1676/3294/449
f 1668/3290/439 1667/3287/442 1674/3296/446 1675/3299/450
f 1666/3286/441 1665/3292/444 1672/3300/448 1673/3295/445
f 1664/3281/443 1677/3242/6 1671/3297/447
f 1674/3296/446 1673/3295/445 1680/3301/455 1681/3302/452
f 1672/3298/448 1671/3297/447 1678/3303/456 1679/3304/454
f 1670/3231/5 1676/3294/449 1683/3305/451
f 1675/3299/450 1674/3296/446 1681/3302/452 1682/3306/453
f 1673/3295/445 1672/3300/448 1679/3307/454 1680/3301/455
f 1671/3297/447 1677/3242/6 1678/3303/456
f 1676/3294/449 1675/3293/450 1682/3308/453 1683/3305/451
f 1670/3231/5 1683/3305/451 1689/3309/457
f 1682/3310/453 1681/3311/452 1687/3312/458 1688/3313/459
f 1680/3314/455 1679/3315/454 1685/3316/460 1686/3317/461
f 1678/3303/456 1677/3242/6 1684/3318/462
f 1683/3305/451 1682/3308/453 1688/3319/459 1689/3309/457
f 1681/3311/452 1680/3314/455 1686/3317/461 1687/3312/458
f 1679/3304/454 1678/3303/456 1684/3318/462 1685/3320/460
f 1670/3231/5 1689/3309/457 1695/3321/467
f 1688/3313/459 1687/3312/458 1693/3322/468 1694/3323/466
f 1686/3317/461 1685/3316/460 1691/3324/463 1692/3325/464
f 1684/3318/462 1677/3242/6 1690/3326/465
f 1689/3309/457 1688/3319/459 1694/3327/466 1695/3321/467
f 1687/3312/458 1686/3317/461 1692/3325/464 1693/3322/468
f 1685/3320/460 1684/3318/462 1690/3326/465 1691/3328/463
f 1692/3325/464 1691/3324/463 1697/3329/474 1698/3330/471
f 1690/3326/465 1677/3242/6 1696/3331/473
f 1695/3321/467 1694/3327/466 1700/3332/469 1701/3333/470
f 1693/3322/468 1692/3325/464 1698/3330/471 1699/3334/472
f 1691/3328/463 1690/3326/465 1696/3331/473 1697/3335/474
f 1670/3231/5 1695/3321/467 1701/3333/470
f 1694/3323/466 1693/3322/468 1699/3334/472 1700/3336/469
f 1701/3333/470 1700/3332/469 1705/3243/405 1706/3232/403
f 1699/3337/472 1698/3338/471 1633/3238/409 1704/3235/406
f 1697/3335/474 1696/3331/473 1702/3228/413 1703/3227/410
f 1670/3231/5 1701/3333/470 1706/3232/403
f 1700/3339/469 1699/3337/472 1704/3235/406 1705/3234/405
f 1698/3338/471 1697/3340/474 1703/3239/410 1633/3238/409
f 1696/3331/473 1677/3242/6 1702/3228/413
f 1707/3341/409 1777/3342/410 1709/3343/411 1710/3344/412
f 1776/3345/413 1751/3346/6 1708/3347/414
f 1780/3348/403 1779/3349/405 1712/3350/408 1713/3351/404
f 1778/3352/406 1707/3341/409 1710/3344/412 1711/3353/407
f 1777/3354/410 1776/3345/413 1708/3347/414 1709/3355/411
f 1744/3356/5 1780/3348/403 1713/3351/404
f 1779/3357/405 1778/3352/406 1711/3353/407 1712/3358/408
f 1744/3356/5 1713/3351/404 1719/3359/417
f 1712/3358/408 1711/3353/407 1717/3360/418 1718/3361/419
f 1710/3344/412 1709/3343/411 1715/3362/416 1716/3363/420
f 1708/3347/414 1751/3346/6 1714/3364/415
f 1713/3351/404 1712/3350/408 1718/3365/419 1719/3359/417
f 1711/3353/407 1710/3344/412 1716/3363/420 1717/3360/418
f 1709/3355/411 1708/3347/414 1714/3364/415 1715/3366/416
f 1716/3367/420 1715/3368/416 1721/3369/424 1722/3370/425
f 1714/3364/415 1751/3346/6 1720/3371/426
f 1719/3359/417 1718/3365/419 1724/3372/423 1725/3373/421
f 1717/3374/418 1716/3367/420 1722/3370/425 1723/3375/422
f 1715/3366/416 1714/3364/415 1720/3371/426 1721/3376/424
f 1744/3356/5 1719/3359/417 1725/3373/421
f 1718/3377/419 1717/3374/418 1723/3375/422 1724/3378/423
f 1725/3373/421 1724/3372/423 1730/3379/428 1731/3380/432
f 1723/3375/422 1722/3370/425 1728/3381/430 1729/3382/427
f 1721/3376/424 1720/3371/426 1726/3383/431 1727/3384/429
f 1744/3356/5 1725/3373/421 1731/3380/432
f 1724/3378/423 1723/3375/422 1729/3382/427 1730/3385/428
f 1722/3370/425 1721/3369/424 1727/3386/429 1728/3381/430
f 1720/3371/426 1751/3346/6 1726/3383/431
f 1731/3380/432 1730/3379/428 1736/3387/434 1737/3388/435
f 1729/3382/427 1728/3381/430 1734/3389/436 1735/3390/437
f 1727/3384/429 1726/3383/431 1732/3391/433 1733/3392/438
f 1744/3356/5 1731/3380/432 1737/3388/435
f 1730/3385/428 1729/3382/427 1735/3390/437 1736/3393/434
f 1728/3381/430 1727/3386/429 1733/3394/438 1734/3389/436
f 1726/3383/431 1751/3346/6 1732/3391/433
f 1733/3392/438 1732/3391/433 1738/3395/443 1739/3396/444
f 1744/3356/5 1737/3388/435 1743/3397/440
f 1736/3398/434 1735/3399/437 1741/3400/442 1742/3401/439
f 1734/3402/436 1733/3403/438 1739/3404/444 1740/3405/441
f 1732/3391/433 1751/3346/6 1738/3395/443
f 1737/3388/435 1736/3387/434 1742/3406/439 1743/3397/440
f 1735/3399/437 1734/3402/436 1740/3405/441 1741/3400/442
f 1744/3356/5 1743/3397/440 1750/3407/449
f 1742/3401/439 1741/3400/442 1748/3408/446 1749/3409/450
f 1740/3405/441 1739/3404/444 1746/3410/448 1747/3411/445
f 1738/3395/443 1751/3346/6 1745/3412/447
f 1743/3397/440 1742/3406/439 1749/3413/450 1750/3407/449
f 1741/3400/442 1740/3405/441 1747/3411/445 1748/3408/446
f 1739/3396/444 1738/3395/443 1745/3412/447 1746/3414/448
f 1749/3409/450 1748/3408/446 1755/3415/452 1756/3416/453
f 1747/3411/445 1746/3410/448 1753/3417/454 1754/3418/455
f 1745/3412/447 1751/3346/6 1752/3419/456
f 1750/3407/449 1749/3413/450 1756/3420/453 1757/3421/451
f 1748/3408/446 1747/3411/445 1754/3418/455 1755/3415/452
f 1746/3414/448 1745/3412/447 1752/3419/456 1753/3422/454
f 1744/3356/5 1750/3407/449 1757/3421/451
f 1752/3419/456 1751/3346/6 1758/3423/462
f 1757/3421/451 1756/3420/453 1762/3424/459 1763/3425/457
f 1755/3426/452 1754/3427/455 1760/3428/461 1761/3429/458
f 1753/3422/454 1752/3419/456 1758/3423/462 1759/3430/460
f 1744/3356/5 1757/3421/451 1763/3425/457
f 1756/3431/453 1755/3426/452 1761/3429/458 1762/3432/459
f 1754/3427/455 1753/3433/454 1759/3434/460 1760/3428/461
f 1763/3425/457 1762/3424/459 1768/3435/466 1769/3436/467
f 1761/3429/458 1760/3428/461 1766/3437/464 1767/3438/468
f 1759/3430/460 1758/3423/462 1764/3439/465 1765/3440/463
f 1744/3356/5 1763/3425/457 1769/3436/467
f 1762/3432/459 1761/3429/458 1767/3438/468 1768/3441/466
f 1760/3428/461 1759/3434/460 1765/3442/463 1766/3437/464
f 1758/3423/462 1751/3346/6 1764/3439/465
f 1767/3438/468 1766/3437/464 1772/3443/471 1773/3444/472
f 1765/3440/463 1764/3439/465 1770/3445/473 1771/3446/474
f 1744/3356/5 1769/3436/467 1775/3447/470
f 1768/3441/466 1767/3438/468 1773/3444/472 1774/3448/469
f 1766/3437/464 1765/3442/463 1771/3449/474 1772/3443/471
f 1764/3439/465 1751/3346/6 1770/3445/473
f 1769/3436/467 1768/3435/466 1774/3450/469 1775/3447/470
f 1744/3356/5 1775/3447/470 1780/3348/403
f 1774/3451/469 1773/3452/472 1778/3352/406 1779/3357/405
f 1772/3453/471 1771/3454/474 1777/3342/410 1707/3341/409
f 1770/3445/473 1751/3346/6 1776/3345/413
f 1775/3447/470 1774/3450/469 1779/3349/405 1780/3348/403
f 1773/3452/472 1772/3453/471 1707/3341/409 1778/3352/406
f 1771/3446/474 1770/3445/473 1776/3345/413 1777/3354/410
s 0
f 1781/3455/1 1782/3456/1 1784/3457/1 1783/3458/1
f 1783/3459/2 1784/3460/2 1788/3461/2 1787/3462/2
f 1787/3463/3 1788/3464/3 1786/3465/3 1785/3466/3
f 1785/3467/4 1786/3468/4 1782/3469/4 1781/3470/4
f 1783/3471/5 1787/3472/5 1785/3473/5 1781/3474/5
f 1788/3475/6 1784/3476/6 1782/3477/6 1786/3478/6
s 1
f 1861/3479/338 1860/3480/341 1792/3481/342 1793/3482/339
f 1834/3483/5 1791/3484/331 1797/3485/332
f 1862/3486/333 1790/3487/334 1795/3488/335 1796/3489/336
f 1789/3490/337 1861/3491/338 1793/3492/339 1794/3493/340
f 1860/3480/341 1841/3494/6 1792/3481/342
f 1791/3484/331 1862/3495/333 1796/3496/336 1797/3485/332
f 1790/3487/334 1789/3490/337 1794/3493/340 1795/3488/335
f 1797/3485/332 1796/3496/336 1802/3497/347 1803/3498/345
f 1795/3488/335 1794/3493/340 1800/3499/348 1801/3500/346
f 1793/3482/339 1792/3481/342 1798/3501/343 1799/3502/344
f 1834/3483/5 1797/3485/332 1803/3498/345
f 1796/3489/336 1795/3488/335 1801/3500/346 1802/3503/347
f 1794/3493/340 1793/3492/339 1799/3504/344 1800/3499/348
f 1792/3481/342 1841/3494/6 1798/3501/343
f 1799/3502/344 1798/3501/343 1804/3505/354 1805/3506/352
f 1834/3483/5 1803/3498/345 1809/3507/349
f 1802/3508/347 1801/3509/346 1807/3510/350 1808/3511/351
f 1800/3512/348 1799/3513/344 1805/3514/352 1806/3515/353
f 1798/3501/343 1841/3494/6 1804/3505/354
f 1803/3498/345 1802/3497/347 1808/3516/351 1809/3507/349
f 1801/3509/346 1800/3512/348 1806/3515/353 1807/3510/350
f 1834/3483/5 1809/3507/349 1815/3517/360
f 1808/3511/351 1807/3510/350 1813/3518/355 1814/3519/356
f 1806/3515/353 1805/3514/352 1811/3520/357 1812/3521/358
f 1804/3505/354 1841/3494/6 1810/3522/359
f 1809/3507/349 1808/3516/351 1814/3523/356 1815/3517/360
f 1807/3510/350 1806/3515/353 1812/3521/358 1813/3518/355
f 1805/3506/352 1804/3505/354 1810/3522/359 1811/3524/357
f 1814/3519/356 1813/3518/355 1819/3525/365 1820/3526/362
f 1812/3521/358 1811/3520/357 1817/3527/366 1818/3528/364
f 1810/3522/359 1841/3494/6 1816/3529/361
f 1815/3517/360 1814/3523/356 1820/3530/362 1821/3531/363
f 1813/3518/355 1812/3521/358 1818/3528/364 1819/3525/365
f 1811/3524/357 1810/3522/359 1816/3529/361 1817/3532/366
f 1834/3483/5 1815/3517/360 1821/3531/363
f 1816/3529/361 1841/3494/6 1822/3533/371
f 1821/3531/363 1820/3530/362 1826/3534/367 1827/3535/368
f 1819/3536/365 1818/3537/364 1824/3538/369 1825/3539/370
f 1817/3532/366 1816/3529/361 1822/3533/371 1823/3540/372
f 1834/3483/5 1821/3531/363 1827/3535/368
f 1820/3541/362 1819/3536/365 1825/3539/370 1826/3542/367
f 1818/3537/364 1817/3543/366 1823/3544/372 1824/3538/369
f 1827/3535/368 1826/3534/367 1832/3545/378 1833/3546/377
f 1825/3539/370 1824/3538/369 1830/3547/373 1831/3548/374
f 1823/3540/372 1822/3533/371 1828/3549/375 1829/3550/376
f 1834/3483/5 1827/3535/368 1833/3546/377
f 1826/3542/367 1825/3539/370 1831/3548/374 1832/3551/378
f 1824/3538/369 1823/3544/372 1829/3552/376 1830/3547/373
f 1822/3533/371 1841/3494/6 1828/3549/375
f 1831/3548/374 1830/3547/373 1837/3553/383 1838/3554/380
f 1829/3550/376 1828/3549/375 1835/3555/384 1836/3556/382
f 1834/3483/5 1833/3546/377 1840/3557/379
f 1832/3551/378 1831/3548/374 1838/3554/380 1839/3558/381
f 1830/3547/373 1829/3552/376 1836/3559/382 1837/3553/383
f 1828/3549/375 1841/3494/6 1835/3555/384
f 1833/3546/377 1832/3545/378 1839/3560/381 1840/3557/379
f 1834/3483/5 1840/3557/379 1847/3561/385
f 1839/3562/381 1838/3563/380 1845/3564/386 1846/3565/387
f 1837/3566/383 1836/3567/382 1843/3568/388 1844/3569/389
f 1835/3555/384 1841/3494/6 1842/3570/390
f 1840/3557/379 1839/3560/381 1846/3571/387 1847/3561/385
f 1838/3563/380 1837/3566/383 1844/3569/389 1845/3564/386
f 1836/3556/382 1835/3555/384 1842/3570/390 1843/3572/388
f 1834/3483/5 1847/3561/385 1853/3573/395
f 1846/3565/387 1845/3564/386 1851/3574/396 1852/3575/394
f 1844/3569/389 1843/3568/388 1849/3576/391 1850/3577/392
f 1842/3570/390 1841/3494/6 1848/3578/393
f 1847/3561/385 1846/3571/387 1852/3579/394 1853/3573/395
f 1845/3564/386 1844/3569/389 1850/3577/392 1851/3574/396
f 1843/3572/388 1842/3570/390 1848/3578/393 1849/3580/391
f 1850/3577/392 1849/3576/391 1855/3581/402 1856/3582/399
f 1848/3578/393 1841/3494/6 1854/3583/401
f 1853/3573/395 1852/3579/394 1858/3584/397 1859/3585/398
f 1851/3574/396 1850/3577/392 1856/3582/399 1857/3586/400
f 1849/3580/391 1848/3578/393 1854/3583/401 1855/3587/402
f 1834/3483/5 1853/3573/395 1859/3585/398
f 1852/3575/394 1851/3574/396 1857/3586/400 1858/3588/397
f 1859/3585/398 1858/3584/397 1862/3495/333 1791/3484/331
f 1857/3589/400 1856/3590/399 1789/3490/337 1790/3487/334
f 1855/3587/402 1854/3583/401 1860/3480/341 1861/3479/338
f 1834/3483/5 1859/3585/398 1791/3484/331
f 1858/3591/397 1857/3589/400 1790/3487/334 1862/3486/333
f 1856/3590/399 1855/3592/402 1861/3491/338 1789/3490/337
f 1854/3583/401 1841/3494/6 1860/3480/341
f 1934/3593/406 1863/3594/409 1866/3595/412 1867/3596/407
f 1933/3597/410 1932/3598/413 1864/3599/414 1865/3600/411
f 1900/3601/5 1936/3602/403 1869/3603/404
f 1935/3604/405 1934/3593/406 1867/3596/407 1868/3605/408
f 1863/3594/409 1933/3606/410 1865/3607/411 1866/3595/412
f 1932/3598/413 1907/3608/6 1864/3599/414
f 1936/3602/403 1935/3609/405 1868/3610/408 1869/3603/404
f 1869/3603/404 1868/3610/408 1874/3611/419 1875/3612/417
f 1867/3596/407 1866/3595/412 1872/3613/420 1873/3614/418
f 1865/3600/411 1864/3599/414 1870/3615/415 1871/3616/416
f 1900/3601/5 1869/3603/404 1875/3612/417
f 1868/3605/408 1867/3596/407 1873/3614/418 1874/3617/419
f 1866/3595/412 1865/3607/411 1871/3618/416 1872/3613/420
f 1864/3599/414 1907/3608/6 1870/3615/415
f 1873/3619/418 1872/3620/420 1878/3621/425 1879/3622/422
f 1871/3616/416 1870/3615/415 1876/3623/426 1877/3624/424
f 1900/3601/5 1875/3612/417 1881/3625/421
f 1874/3626/419 1873/3619/418 1879/3622/422 1880/3627/423
f 1872/3620/420 1871/3628/416 1877/3629/424 1878/3621/425
f 1870/3615/415 1907/3608/6 1876/3623/426
f 1875/3612/417 1874/3611/419 1880/3630/423 1881/3625/421
f 1900/3601/5 1881/3625/421 1887/3631/432
f 1880/3627/423 1879/3622/422 1885/3632/427 1886/3633/428
f 1878/3621/425 1877/3629/424 1883/3634/429 1884/3635/430
f 1876/3623/426 1907/3608/6 1882/3636/431
f 1881/3625/421 1880/3630/423 1886/3637/428 1887/3631/432
f 1879/3622/422 1878/3621/425 1884/3635/430 1885/3632/427
f 1877/3624/424 1876/3623/426 1882/3636/431 1883/3638/429
f 1900/3601/5 1887/3631/432 1893/3639/435
f 1886/3633/428 1885/3632/427 1891/3640/437 1892/3641/434
f 1884/3635/430 1883/3634/429 1889/3642/438 1890/3643/436
f 1882/3636/431 1907/3608/6 1888/3644/433
f 1887/3631/432 1886/3637/428 1892/3645/434 1893/3639/435
f 1885/3632/427 1884/3635/430 1890/3643/436 1891/3640/437
f 1883/3638/429 1882/3636/431 1888/3644/433 1889/3646/438
f 1890/3647/436 1889/3648/438 1895/3649/444 1896/3650/441
f 1888/3644/433 1907/3608/6 1894/3651/443
f 1893/3639/435 1892/3645/434 1898/3652/439 1899/3653/440
f 1891/3654/437 1890/3647/436 1896/3650/441 1897/3655/442
f 1889/3646/438 1888/3644/433 1894/3651/443 1895/3656/444
f 1900/3601/5 1893/3639/435 1899/3653/440
f 1892/3657/434 1891/3654/437 1897/3655/442 1898/3658/439
f 1899/3653/440 1898/3652/439 1905/3659/450 1906/3660/449
f 1897/3655/442 1896/3650/441 1903/3661/445 1904/3662/446
f 1895/3656/444 1894/3651/443 1901/3663/447 1902/3664/448
f 1900/3601/5 1899/3653/440 1906/3660/449
f 1898/3658/439 1897/3655/442 1904/3662/446 1905/3665/450
f 1896/3650/441 1895/3649/444 1902/3666/448 1903/3661/445
f 1894/3651/443 1907/3608/6 1901/3663/447
f 1906/3660/449 1905/3659/450 1912/3667/453 1913/3668/451
f 1904/3662/446 1903/3661/445 1910/3669/455 1911/3670/452
f 1902/3664/448 1901/3663/447 1908/3671/456 1909/3672/454
f 1900/3601/5 1906/3660/449 1913/3668/451
f 1905/3665/450 1904/3662/446 1911/3670/452 1912/3673/453
f 1903/3661/445 1902/3666/448 1909/3674/454 1910/3669/455
f 1901/3663/447 1907/3608/6 1908/3671/456
f 1909/3672/454 1908/3671/456 1914/3675/462 1915/3676/460
f 1900/3601/5 1913/3668/451 1919/3677/457
f 1912/3678/453 1911/3679/452 1917/3680/458 1918/3681/459
f 1910/3682/455 1909/3683/454 1915/3684/460 1916/3685/461
f 1908/3671/456 1907/3608/6 1914/3675/462
f 1913/3668/451 1912/3667/453 1918/3686/459 1919/3677/457
f 1911/3679/452 1910/3682/455 1916/3685/461 1917/3680/458
f 1900/3601/5 1919/3677/457 1925/3687/467
f 1918/3681/459 1917/3680/458 1923/3688/468 1924/3689/466
f 1916/3685/461 1915/3684/460 1921/3690/463 1922/3691/464
f 1914/3675/462 1907/3608/6 1920/3692/465
f 1919/3677/457 1918/3686/459 1924/3693/466 1925/3687/467
f 1917/3680/458 1916/3685/461 1922/3691/464 1923/3688/468
f 1915/3676/460 1914/3675/462 1920/3692/465 1921/3694/463
f 1924/3689/466 1923/3688/468 1929/3695/472 1930/3696/469
f 1922/3691/464 1921/3690/463 1927/3697/474 1928/3698/471
f 1920/3692/465 1907/3608/6 1926/3699/473
f 1925/3687/467 1924/3693/466 1930/3700/469 1931/3701/470
f 1923/3688/468 1922/3691/464 1928/3698/471 1929/3695/472
f 1921/3694/463 1920/3692/465 1926/3699/473 1927/3702/474
f 1900/3601/5 1925/3687/467 1931/3701/470
f 1926/3699/473 1907/3608/6 1932/3598/413
f 1931/3701/470 1930/3700/469 1935/3609/405 1936/3602/403
f 1929/3703/472 1928/3704/471 1863/3594/409 1934/3593/406
f 1927/3702/474 1926/3699/473 1932/3598/413 1933/3597/410
f 1900/3601/5 1931/3701/470 1936/3602/403
f 1930/3705/469 1929/3703/472 1934/3593/406 1935/3604/405
f 1928/3704/471 1927/3706/474 1933/3606/410 1863/3594/409
f 2008/3707/406 1937/3708/409 1940/3709/412 1941/3710/407
f 2007/3711/410 2006/3712/413 1938/3713/414 1939/3714/411
f 1974/3715/5 2010/3716/403 1943/3717/404
f 2009/3718/405 2008/3707/406 1941/3710/407 1942/3719/408
f 1937/3708/409 2007/3720/410 1939/3721/411 1940/3709/412
f 2006/3712/413 1981/3722/6 1938/3713/414
f 2010/3716/403 2009/3723/405 1942/3724/408 1943/3717/404
f 1943/3717/404 1942/3724/408 1948/3725/419 1949/3726/417
f 1941/3710/407 1940/3709/412 1946/3727/420 1947/3728/418
f 1939/3714/411 1938/3713/414 1944/3729/415 1945/3730/416
f 1974/3715/5 1943/3717/404 1949/3726/417
f 1942/3719/408 1941/3710/407 1947/3728/418 1948/3731/419
f 1940/3709/412 1939/3721/411 1945/3732/416 1946/3727/420
f 1938/3713/414 1981/3722/6 1944/3729/415
f 1947/3733/418 1946/3734/420 1952/3735/425 1953/3736/422
f 1945/3730/416 1944/3729/415 1950/3737/426 1951/3738/424
f 1974/3715/5 1949/3726/417 1955/3739/421
f 1948/3740/419 1947/3733/418 1953/3736/422 1954/3741/423
f 1946/3734/420 1945/3742/416 1951/3743/424 1952/3735/425
f 1944/3729/415 1981/3722/6 1950/3737/426
f 1949/3726/417 1948/3725/419 1954/3744/423 1955/3739/421
f 1974/3715/5 1955/3739/421 1961/3745/432
f 1954/3741/423 1953/3736/422 1959/3746/427 1960/3747/428
f 1952/3735/425 1951/3743/424 1957/3748/429 1958/3749/430
f 1950/3737/426 1981/3722/6 1956/3750/431
f 1955/3739/421 1954/3744/423 1960/3751/428 1961/3745/432
f 1953/3736/422 1952/3735/425 1958/3749/430 1959/3746/427
f 1951/3738/424 1950/3737/426 1956/3750/431 1957/3752/429
f 1974/3715/5 1961/3745/432 1967/3753/435
f 1960/3747/428 1959/3746/427 1965/3754/437 1966/3755/434
f 1958/3749/430 1957/3748/429 1963/3756/438 1964/3757/436
f 1956/3750/431 1981/3722/6 1962/3758/433
f 1961/3745/432 1960/3751/428 1966/3759/434 1967/3753/435
f 1959/3746/427 1958/3749/430 1964/3757/436 1965/3754/437
f 1957/3752/429 1956/3750/431 1962/3758/433 1963/3760/438
f 1964/3761/436 1963/3762/438 1969/3763/444 1970/3764/441
f 1962/3758/433 1981/3722/6 1968/3765/443
f 1967/3753/435 1966/3759/434 1972/3766/439 1973/3767/440
f 1965/3768/437 1964/3761/436 1970/3764/441 1971/3769/442
f 1963/3760/438 1962/3758/433 1968/3765/443 1969/3770/444
f 1974/3715/5 1967/3753/435 1973/3767/440
f 1966/3771/434 1965/3768/437 1971/3769/442 1972/3772/439
f 1973/3767/440 1972/3766/439 1979/3773/450 1980/3774/449
f 1971/3769/442 1970/3764/441 1977/3775/445 1978/3776/446
f 1969/3770/444 1968/3765/443 1975/3777/447 1976/3778/448
f 1974/3715/5 1973/3767/440 1980/3774/449
f 1972/3772/439 1971/3769/442 1978/3776/446 1979/3779/450
f 1970/3764/441 1969/3763/444 1976/3780/448 1977/3775/445
f 1968/3765/443 1981/3722/6 1975/3777/447
f 1980/3774/449 1979/3773/450 1986/3781/453 1987/3782/451
f 1978/3776/446 1977/3775/445 1984/3783/455 1985/3784/452
f 1976/3778/448 1975/3777/447 1982/3785/456 1983/3786/454
f 1974/3715/5 1980/3774/449 1987/3782/451
f 1979/3779/450 1978/3776/446 1985/3784/452 1986/3787/453
f 1977/3775/445 1976/3780/448 1983/3788/454 1984/3783/455
f 1975/3777/447 1981/3722/6 1982/3785/456
f 1983/3786/454 1982/3785/456 1988/3789/462 1989/3790/460
f 1974/3715/5 1987/3782/451 1993/3791/457
f 1986/3792/453 1985/3793/452 1991/3794/458 1992/3795/459
f 1984/3796/455 1983/3797/454 1989/3798/460 1990/3799/461
f 1982/3785/456 1981/3722/6 1988/3789/462
f 1987/3782/451 1986/3781/453 1992/3800/459 1993/3791/457
f 1985/3793/452 1984/3796/455 1990/3799/461 1991/3794/458
f 1974/3715/5 1993/3791/457 1999/3801/467
f 1992/3795/459 1991/3794/458 1997/3802/468 1998/3803/466
f 1990/3799/461 1989/3798/460 1995/3804/463 1996/3805/464
f 1988/3789/462 1981/3722/6 1994/3806/465
f 1993/3791/457 1992/3800/459 1998/3807/466 1999/3801/467
f 1991/3794/458 1990/3799/461 1996/3805/464 1997/3802/468
f 1989/3790/460 1988/3789/462 1994/3806/465 1995/3808/463
f 1998/3803/466 1997/3802/468 2003/3809/472 2004/3810/469
f 1996/3805/464 1995/3804/463 2001/3811/474 2002/3812/471
f 1994/3806/465 1981/3722/6 2000/3813/473
f 1999/3801/467 1998/3807/466 2004/3814/469 2005/3815/470
f 1997/3802/468 1996/3805/464 2002/3812/471 2003/3809/472
f 1995/3808/463 1994/3806/465 2000/3813/473 2001/3816/474
f 1974/3715/5 1999/3801/467 2005/3815/470
f 2000/3813/473 1981/3722/6 2006/3712/413
f 2005/3815/470 2004/3814/469 2009/3723/405 2010/3716/403
f 2003/3817/472 2002/3818/471 1937/3708/409 2008/3707/406
f 2001/3816/474 2000/3813/473 2006/3712/413 2007/3711/410
f 1974/3715/5 2005/3815/470 2010/3716/403
f 2004/3819/469 2003/3817/472 2008/3707/406 2009/3718/405
f 2002/3818/471 2001/3820/474 2007/3720/410 1937/3708/409
f 2080/3821/413 2055/3822/6 2012/3823/414
f 2084/3824/403 2083/3825/405 2016/3826/408 2017/3827/404
f 2082/3828/406 2011/3829/409 2014/3830/412 2015/3831/407
f 2081/3832/410 2080/3821/413 2012/3823/414 2013/3833/411
f 2048/3834/5 2084/3824/403 2017/3827/404
f 2083/3835/405 2082/3828/406 2015/3831/407 2016/3836/408
f 2011/3829/409 2081/3837/410 2013/3838/411 2014/3830/412
f 2016/3836/408 2015/3831/407 2021/3839/418 2022/3840/419
f 2014/3830/412 2013/3838/411 2019/3841/416 2020/3842/420
f 2012/3823/414 2055/3822/6 2018/3843/415
f 2017/3827/404 2016/3826/408 2022/3844/419 2023/3845/417
f 2015/3831/407 2014/3830/412 2020/3842/420 2021/3839/418
f 2013/3833/411 2012/3823/414 2018/3843/415 2019/3846/416
f 2048/3834/5 2017/3827/404 2023/3845/417
f 2018/3843/415 2055/3822/6 2024/3847/426
f 2023/3845/417 2022/3844/419 2028/3848/423 2029/3849/421
f 2021/3850/418 2020/3851/420 2026/3852/425 2027/3853/422
f 2019/3846/416 2018/3843/415 2024/3847/426 2025/3854/424
f 2048/3834/5 2023/3845/417 2029/3849/421
f 2022/3855/419 2021/3850/418 2027/3853/422 2028/3856/423
f 2020/3851/420 2019/3857/416 2025/3858/424 2026/3852/425
f 2029/3849/421 2028/3848/423 2034/3859/428 2035/3860/432
f 2027/3853/422 2026/3852/425 2032/3861/430 2033/3862/427
f 2025/3854/424 2024/3847/426 2030/3863/431 2031/3864/429
f 2048/3834/5 2029/3849/421 2035/3860/432
f 2028/3856/423 2027/3853/422 2033/3862/427 2034/3865/428
f 2026/3852/425 2025/3858/424 2031/3866/429 2032/3861/430
f 2024/3847/426 2055/3822/6 2030/3863/431
f 2033/3862/427 2032/3861/430 2038/3867/436 2039/3868/437
f 2031/3864/429 2030/3863/431 2036/3869/433 2037/3870/438
f 2048/3834/5 2035/3860/432 2041/3871/435
f 2034/3865/428 2033/3862/427 2039/3868/437 2040/3872/434
f 2032/3861/430 2031/3866/429 2037/3873/438 2038/3867/436
f 2030/3863/431 2055/3822/6 2036/3869/433
f 2035/3860/432 2034/3859/428 2040/3874/434 2041/3871/435
f 2048/3834/5 2041/3871/435 2047/3875/440
f 2040/3876/434 2039/3877/437 2045/3878/442 2046/3879/439
f 2038/3880/436 2037/3881/438 2043/3882/444 2044/3883/441
f 2036/3869/433 2055/3822/6 2042/3884/443
f 2041/3871/435 2040/3874/434 2046/3885/439 2047/3875/440
f 2039/3877/437 2038/3880/436 2044/3883/441 2045/3878/442
f 2037/3870/438 2036/3869/433 2042/3884/443 2043/3886/444
f 2048/3834/5 2047/3875/440 2054/3887/449
f 2046/3879/439 2045/3878/442 2052/3888/446 2053/3889/450
f 2044/3883/441 2043/3882/444 2050/3890/448 2051/3891/445
f 2042/3884/443 2055/3822/6 2049/3892/447
f 2047/3875/440 2046/3885/439 2053/3893/450 2054/3887/449
f 2045/3878/442 2044/3883/441 2051/3891/445 2052/3888/446
f 2043/3886/444 2042/3884/443 2049/3892/447 2050/3894/448
f 2051/3891/445 2050/3890/448 2057/3895/454 2058/3896/455
f 2049/3892/447 2055/3822/6 2056/3897/456
f 2054/3887/449 2053/3893/450 2060/3898/453 2061/3899/451
f 2052/3888/446 2051/3891/445 2058/3896/455 2059/3900/452
f 2050/3894/448 2049/3892/447 2056/3897/456 2057/3901/454
f 2048/3834/5 2054/3887/449 2061/3899/451
f 2053/3889/450 2052/3888/446 2059/3900/452 2060/3902/453
f 2061/3899/451 2060/3898/453 2066/3903/459 2067/3904/457
f 2059/3905/452 2058/3906/455 2064/3907/461 2065/3908/458
f 2057/3901/454 2056/3897/456 2062/3909/462 2063/3910/460
f 2048/3834/5 2061/3899/451 2067/3904/457
f 2060/3911/453 2059/3905/452 2065/3908/458 2066/3912/459
f 2058/3906/455 2057/3913/454 2063/3914/460 2064/3907/461
f 2056/3897/456 2055/3822/6 2062/3909/462
f 2067/3904/457 2066/3903/459 2072/3915/466 2073/3916/467
f 2065/3908/458 2064/3907/461 2070/3917/464 2071/3918/468
f 2063/3910/460 2062/3909/462 2068/3919/465 2069/3920/463
f 2048/3834/5 2067/3904/457 2073/3916/467
f 2066/3912/459 2065/3908/458 2071/3918/468 2072/3921/466
f 2064/3907/461 2063/3914/460 2069/3922/463 2070/3917/464
f 2062/3909/462 2055/3822/6 2068/3919/465
f 2069/3920/463 2068/3919/465 2074/3923/473 2075/3924/474
f 2048/3834/5 2073/3916/467 2079/3925/470
f 2072/3921/466 2071/3918/468 2077/3926/472 2078/3927/469
f 2070/3917/464 2069/3922/463 2075/3928/474 2076/3929/471
f 2068/3919/465 2055/3822/6 2074/3923/473
f 2073/3916/467 2072/3915/466 2078/3930/469 2079/3925/470
f 2071/3918/468 2070/3917/464 2076/3929/471 2077/3926/472
f 2048/3834/5 2079/3925/470 2084/3824/403
f 2078/3931/469 2077/3932/472 2082/3828/406 2083/3835/405
f 2076/3933/471 2075/3934/474 2081/3837/410 2011/3829/409
f 2074/3923/473 2055/3822/6 2080/3821/413
f 2079/3925/470 2078/3930/469 2083/3825/405 2084/3824/403
f 2077/3932/472 2076/3933/471 2011/3829/409 2082/3828/406
f 2075/3924/474 2074/3923/473 2080/3821/413 2081/3832/410
s 0
f 2085/3935/1 2086/3936/1 2088/3937/1 2087/3938/1
f 2087/3939/475 2088/3940/475 2092/3941/475 2091/3942/475
f 2091/3943/3 2092/3944/3 2090/3945/3 2089/3946/3
f 2089/3947/476 2090/3948/476 2086/3949/476 2085/3950/476
f 2087/3951/477 2091/3952/477 2089/3953/477 2085/3954/477
f 2092/3955/478 2088/3956/478 2086/3957/478 2090/3958/478
f 2093/3959/1 2094/3960/1 2096/3961/1 2095/3962/1
f 2095/3963/479 2096/3964/479 2100/3965/479 2099/3966/479
f 2099/3967/3 2100/3968/3 2098/3969/3 2097/3970/3
f 2097/3971/480 2098/3972/480 2094/3973/480 2093/3974/480
f 2095/3975/481 2099/3976/481 2097/3977/481 2093/3978/481
f 2100/3979/482 2096/3980/482 2094/3981/482 2098/3982/482
f 2101/3983/1 2102/3984/1 2104/3985/1 2103/3986/1
f 2103/3987/475 2104/3988/475 2108/3989/475 2107/3990/475
f 2107/3991/3 2108/3992/3 2106/3993/3 2105/3994/3
f 2105/3995/476 2106/3996/476 2102/3997/476 2101/3998/476
f 2103/3999/477 2107/4000/477 2105/4001/477 2101/4002/477
f 2108/4003/478 2104/4004/478 2102/4005/478 2106/4006/478
