# Blender 4.5.9 LTS
# www.blender.org
mtllib cafe_lvl1.mtl
o Cafe
v -2.750000 4.325765 -1.380000
v -2.750000 5.075765 -1.380000
v -2.750000 4.325765 -2.280000
v -2.750000 5.075765 -2.280000
v -1.450000 4.325765 -1.380000
v -1.450000 5.075765 -1.380000
v -1.450000 4.325765 -2.280000
v -1.450000 5.075765 -2.280000
v -3.700000 0.200765 2.170000
v -3.700000 4.200765 2.170000
v -3.700000 0.200765 -3.430000
v -3.700000 4.200765 -3.430000
v 3.700000 0.200765 2.170000
v 3.700000 4.200765 2.170000
v 3.700000 0.200765 -3.430000
v 3.700000 4.200765 -3.430000
v -3.850000 0.195765 2.320000
v -3.850000 0.545764 2.320000
v -3.850000 0.195765 -3.580000
v -3.850000 0.545764 -3.580000
v 3.850000 0.195765 2.320000
v 3.850000 0.545764 2.320000
v 3.850000 0.195765 -3.580000
v 3.850000 0.545764 -3.580000
v -3.775000 4.190765 2.245000
v -3.775000 4.330765 2.245000
v -3.775000 4.190765 -3.505000
v -3.775000 4.330765 -3.505000
v 3.775000 4.190765 2.245000
v 3.775000 4.330765 2.245000
v 3.775000 4.190765 -3.505000
v 3.775000 4.330765 -3.505000
v -3.850000 4.270765 2.320001
v -3.850000 4.570765 2.320001
v -3.850000 4.270765 2.100000
v -3.850000 4.570765 2.100000
v 3.850000 4.270765 2.320001
v 3.850000 4.570765 2.320001
v 3.850000 4.270765 2.100000
v 3.850000 4.570765 2.100000
v -3.850000 4.270765 -3.360000
v -3.850000 4.570765 -3.360000
v -3.850000 4.270765 -3.580000
v -3.850000 4.570765 -3.580000
v 3.850000 4.270765 -3.360000
v 3.850000 4.570765 -3.360000
v 3.850000 4.270765 -3.580000
v 3.850000 4.570765 -3.580000
v -3.850000 4.270765 2.320000
v -3.850000 4.570765 2.320000
v -3.850000 4.270765 -3.580000
v -3.850000 4.570765 -3.580000
v -3.630000 4.270765 2.320000
v -3.630000 4.570765 2.320000
v -3.630000 4.270765 -3.580000
v -3.630000 4.570765 -3.580000
v 3.630000 4.270765 2.320000
v 3.630000 4.570765 2.320000
v 3.630000 4.270765 -3.580000
v 3.630000 4.570765 -3.580000
v 3.849999 4.270765 2.320000
v 3.849999 4.570765 2.320000
v 3.849999 4.270765 -3.580000
v 3.849999 4.570765 -3.580000
v -3.300000 4.570765 2.070000
v -3.300000 4.670765 2.070000
v -3.217710 4.570765 2.096738
v -3.217710 4.670765 2.096738
v -3.166852 4.570765 2.166738
v -3.166852 4.670765 2.166738
v -3.166852 4.570765 2.253263
v -3.166852 4.670765 2.253263
v -3.217710 4.570765 2.323262
v -3.217710 4.670765 2.323262
v -3.300000 4.570765 2.350000
v -3.300000 4.670765 2.350000
v -3.382290 4.570765 2.323262
v -3.382290 4.670765 2.323262
v -3.433148 4.570765 2.253263
v -3.433148 4.670765 2.253263
v -3.433148 4.570765 2.166738
v -3.433148 4.670765 2.166738
v -3.382290 4.570765 2.096738
v -3.382290 4.670765 2.096738
v -3.300000 4.570765 -3.610000
v -3.300000 4.670765 -3.610000
v -3.217710 4.570765 -3.583262
v -3.217710 4.670765 -3.583262
v -3.166852 4.570765 -3.513263
v -3.166852 4.670765 -3.513263
v -3.166852 4.570765 -3.426738
v -3.166852 4.670765 -3.426738
v -3.217710 4.570765 -3.356738
v -3.217710 4.670765 -3.356738
v -3.300000 4.570765 -3.330000
v -3.300000 4.670765 -3.330000
v -3.382290 4.570765 -3.356738
v -3.382290 4.670765 -3.356738
v -3.433148 4.570765 -3.426738
v -3.433148 4.670765 -3.426738
v -3.433148 4.570765 -3.513263
v -3.433148 4.670765 -3.513263
v -3.382290 4.570765 -3.583262
v -3.382290 4.670765 -3.583262
v -2.475000 4.570765 2.070000
v -2.475000 4.670765 2.070000
v -2.392710 4.570765 2.096738
v -2.392710 4.670765 2.096738
v -2.341852 4.570765 2.166738
v -2.341852 4.670765 2.166738
v -2.341852 4.570765 2.253263
v -2.341852 4.670765 2.253263
v -2.392710 4.570765 2.323262
v -2.392710 4.670765 2.323262
v -2.475000 4.570765 2.350000
v -2.475000 4.670765 2.350000
v -2.557290 4.570765 2.323262
v -2.557290 4.670765 2.323262
v -2.608148 4.570765 2.253263
v -2.608148 4.670765 2.253263
v -2.608148 4.570765 2.166738
v -2.608148 4.670765 2.166738
v -2.557290 4.570765 2.096738
v -2.557290 4.670765 2.096738
v -2.475000 4.570765 -3.610000
v -2.475000 4.670765 -3.610000
v -2.392710 4.570765 -3.583262
v -2.392710 4.670765 -3.583262
v -2.341852 4.570765 -3.513263
v -2.341852 4.670765 -3.513263
v -2.341852 4.570765 -3.426738
v -2.341852 4.670765 -3.426738
v -2.392710 4.570765 -3.356738
v -2.392710 4.670765 -3.356738
v -2.475000 4.570765 -3.330000
v -2.475000 4.670765 -3.330000
v -2.557290 4.570765 -3.356738
v -2.557290 4.670765 -3.356738
v -2.608148 4.570765 -3.426738
v -2.608148 4.670765 -3.426738
v -2.608148 4.570765 -3.513263
v -2.608148 4.670765 -3.513263
v -2.557290 4.570765 -3.583262
v -2.557290 4.670765 -3.583262
v -1.650000 4.570765 2.070000
v -1.650000 4.670765 2.070000
v -1.567710 4.570765 2.096738
v -1.567710 4.670765 2.096738
v -1.516852 4.570765 2.166738
v -1.516852 4.670765 2.166738
v -1.516852 4.570765 2.253263
v -1.516852 4.670765 2.253263
v -1.567710 4.570765 2.323262
v -1.567710 4.670765 2.323262
v -1.650000 4.570765 2.350000
v -1.650000 4.670765 2.350000
v -1.732290 4.570765 2.323262
v -1.732290 4.670765 2.323262
v -1.783148 4.570765 2.253263
v -1.783148 4.670765 2.253263
v -1.783148 4.570765 2.166738
v -1.783148 4.670765 2.166738
v -1.732290 4.570765 2.096738
v -1.732290 4.670765 2.096738
v -1.650000 4.570765 -3.610000
v -1.650000 4.670765 -3.610000
v -1.567710 4.570765 -3.583262
v -1.567710 4.670765 -3.583262
v -1.516852 4.570765 -3.513263
v -1.516852 4.670765 -3.513263
v -1.516852 4.570765 -3.426738
v -1.516852 4.670765 -3.426738
v -1.567710 4.570765 -3.356738
v -1.567710 4.670765 -3.356738
v -1.650000 4.570765 -3.330000
v -1.650000 4.670765 -3.330000
v -1.732290 4.570765 -3.356738
v -1.732290 4.670765 -3.356738
v -1.783148 4.570765 -3.426738
v -1.783148 4.670765 -3.426738
v -1.783148 4.570765 -3.513263
v -1.783148 4.670765 -3.513263
v -1.732290 4.570765 -3.583262
v -1.732290 4.670765 -3.583262
v -0.825000 4.570765 2.070000
v -0.825000 4.670765 2.070000
v -0.742710 4.570765 2.096738
v -0.742710 4.670765 2.096738
v -0.691852 4.570765 2.166738
v -0.691852 4.670765 2.166738
v -0.691852 4.570765 2.253263
v -0.691852 4.670765 2.253263
v -0.742710 4.570765 2.323262
v -0.742710 4.670765 2.323262
v -0.825000 4.570765 2.350000
v -0.825000 4.670765 2.350000
v -0.907290 4.570765 2.323262
v -0.907290 4.670765 2.323262
v -0.958148 4.570765 2.253263
v -0.958148 4.670765 2.253263
v -0.958148 4.570765 2.166738
v -0.958148 4.670765 2.166738
v -0.907290 4.570765 2.096738
v -0.907290 4.670765 2.096738
v -0.825000 4.570765 -3.610000
v -0.825000 4.670765 -3.610000
v -0.742710 4.570765 -3.583262
v -0.742710 4.670765 -3.583262
v -0.691852 4.570765 -3.513263
v -0.691852 4.670765 -3.513263
v -0.691852 4.570765 -3.426738
v -0.691852 4.670765 -3.426738
v -0.742710 4.570765 -3.356738
v -0.742710 4.670765 -3.356738
v -0.825000 4.570765 -3.330000
v -0.825000 4.670765 -3.330000
v -0.907290 4.570765 -3.356738
v -0.907290 4.670765 -3.356738
v -0.958148 4.570765 -3.426738
v -0.958148 4.670765 -3.426738
v -0.958148 4.570765 -3.513263
v -0.958148 4.670765 -3.513263
v -0.907290 4.570765 -3.583262
v -0.907290 4.670765 -3.583262
v -0.000000 4.570765 2.070000
v -0.000000 4.670765 2.070000
v 0.082290 4.570765 2.096738
v 0.082290 4.670765 2.096738
v 0.133148 4.570765 2.166738
v 0.133148 4.670765 2.166738
v 0.133148 4.570765 2.253263
v 0.133148 4.670765 2.253263
v 0.082290 4.570765 2.323262
v 0.082290 4.670765 2.323262
v -0.000000 4.570765 2.350000
v -0.000000 4.670765 2.350000
v -0.082290 4.570765 2.323262
v -0.082290 4.670765 2.323262
v -0.133148 4.570765 2.253263
v -0.133148 4.670765 2.253263
v -0.133148 4.570765 2.166738
v -0.133148 4.670765 2.166738
v -0.082290 4.570765 2.096738
v -0.082290 4.670765 2.096738
v -0.000000 4.570765 -3.610000
v -0.000000 4.670765 -3.610000
v 0.082290 4.570765 -3.583262
v 0.082290 4.670765 -3.583262
v 0.133148 4.570765 -3.513263
v 0.133148 4.670765 -3.513263
v 0.133148 4.570765 -3.426738
v 0.133148 4.670765 -3.426738
v 0.082290 4.570765 -3.356738
v 0.082290 4.670765 -3.356738
v -0.000000 4.570765 -3.330000
v -0.000000 4.670765 -3.330000
v -0.082290 4.570765 -3.356738
v -0.082290 4.670765 -3.356738
v -0.133148 4.570765 -3.426738
v -0.133148 4.670765 -3.426738
v -0.133148 4.570765 -3.513263
v -0.133148 4.670765 -3.513263
v -0.082290 4.570765 -3.583262
v -0.082290 4.670765 -3.583262
v 0.825000 4.570765 2.070000
v 0.825000 4.670765 2.070000
v 0.907290 4.570765 2.096738
v 0.907290 4.670765 2.096738
v 0.958148 4.570765 2.166738
v 0.958148 4.670765 2.166738
v 0.958148 4.570765 2.253263
v 0.958148 4.670765 2.253263
v 0.907290 4.570765 2.323262
v 0.907290 4.670765 2.323262
v 0.825000 4.570765 2.350000
v 0.825000 4.670765 2.350000
v 0.742710 4.570765 2.323262
v 0.742710 4.670765 2.323262
v 0.691852 4.570765 2.253263
v 0.691852 4.670765 2.253263
v 0.691852 4.570765 2.166738
v 0.691852 4.670765 2.166738
v 0.742710 4.570765 2.096738
v 0.742710 4.670765 2.096738
v 0.825000 4.570765 -3.610000
v 0.825000 4.670765 -3.610000
v 0.907290 4.570765 -3.583262
v 0.907290 4.670765 -3.583262
v 0.958148 4.570765 -3.513263
v 0.958148 4.670765 -3.513263
v 0.958148 4.570765 -3.426738
v 0.958148 4.670765 -3.426738
v 0.907290 4.570765 -3.356738
v 0.907290 4.670765 -3.356738
v 0.825000 4.570765 -3.330000
v 0.825000 4.670765 -3.330000
v 0.742710 4.570765 -3.356738
v 0.742710 4.670765 -3.356738
v 0.691852 4.570765 -3.426738
v 0.691852 4.670765 -3.426738
v 0.691852 4.570765 -3.513263
v 0.691852 4.670765 -3.513263
v 0.742710 4.570765 -3.583262
v 0.742710 4.670765 -3.583262
v 1.650000 4.570765 2.070000
v 1.650000 4.670765 2.070000
v 1.732290 4.570765 2.096738
v 1.732290 4.670765 2.096738
v 1.783148 4.570765 2.166738
v 1.783148 4.670765 2.166738
v 1.783148 4.570765 2.253263
v 1.783148 4.670765 2.253263
v 1.732290 4.570765 2.323262
v 1.732290 4.670765 2.323262
v 1.650000 4.570765 2.350000
v 1.650000 4.670765 2.350000
v 1.567710 4.570765 2.323262
v 1.567710 4.670765 2.323262
v 1.516852 4.570765 2.253263
v 1.516852 4.670765 2.253263
v 1.516852 4.570765 2.166738
v 1.516852 4.670765 2.166738
v 1.567710 4.570765 2.096738
v 1.567710 4.670765 2.096738
v 1.650000 4.570765 -3.610000
v 1.650000 4.670765 -3.610000
v 1.732290 4.570765 -3.583262
v 1.732290 4.670765 -3.583262
v 1.783148 4.570765 -3.513263
v 1.783148 4.670765 -3.513263
v 1.783148 4.570765 -3.426738
v 1.783148 4.670765 -3.426738
v 1.732290 4.570765 -3.356738
v 1.732290 4.670765 -3.356738
v 1.650000 4.570765 -3.330000
v 1.650000 4.670765 -3.330000
v 1.567710 4.570765 -3.356738
v 1.567710 4.670765 -3.356738
v 1.516852 4.570765 -3.426738
v 1.516852 4.670765 -3.426738
v 1.516852 4.570765 -3.513263
v 1.516852 4.670765 -3.513263
v 1.567710 4.570765 -3.583262
v 1.567710 4.670765 -3.583262
v 2.475000 4.570765 2.070000
v 2.475000 4.670765 2.070000
v 2.557290 4.570765 2.096738
v 2.557290 4.670765 2.096738
v 2.608148 4.570765 2.166738
v 2.608148 4.670765 2.166738
v 2.608148 4.570765 2.253263
v 2.608148 4.670765 2.253263
v 2.557290 4.570765 2.323262
v 2.557290 4.670765 2.323262
v 2.475000 4.570765 2.350000
v 2.475000 4.670765 2.350000
v 2.392710 4.570765 2.323262
v 2.392710 4.670765 2.323262
v 2.341852 4.570765 2.253263
v 2.341852 4.670765 2.253263
v 2.341852 4.570765 2.166738
v 2.341852 4.670765 2.166738
v 2.392710 4.570765 2.096738
v 2.392710 4.670765 2.096738
v 2.475000 4.570765 -3.610000
v 2.475000 4.670765 -3.610000
v 2.557290 4.570765 -3.583262
v 2.557290 4.670765 -3.583262
v 2.608148 4.570765 -3.513263
v 2.608148 4.670765 -3.513263
v 2.608148 4.570765 -3.426738
v 2.608148 4.670765 -3.426738
v 2.557290 4.570765 -3.356738
v 2.557290 4.670765 -3.356738
v 2.475000 4.570765 -3.330000
v 2.475000 4.670765 -3.330000
v 2.392710 4.570765 -3.356738
v 2.392710 4.670765 -3.356738
v 2.341852 4.570765 -3.426738
v 2.341852 4.670765 -3.426738
v 2.341852 4.570765 -3.513263
v 2.341852 4.670765 -3.513263
v 2.392710 4.570765 -3.583262
v 2.392710 4.670765 -3.583262
v 3.299999 4.570765 2.070000
v 3.299999 4.670765 2.070000
v 3.382289 4.570765 2.096738
v 3.382289 4.670765 2.096738
v 3.433147 4.570765 2.166738
v 3.433147 4.670765 2.166738
v 3.433147 4.570765 2.253263
v 3.433147 4.670765 2.253263
v 3.382289 4.570765 2.323262
v 3.382289 4.670765 2.323262
v 3.299999 4.570765 2.350000
v 3.299999 4.670765 2.350000
v 3.217709 4.570765 2.323262
v 3.217709 4.670765 2.323262
v 3.166851 4.570765 2.253263
v 3.166851 4.670765 2.253263
v 3.166851 4.570765 2.166738
v 3.166851 4.670765 2.166738
v 3.217709 4.570765 2.096738
v 3.217709 4.670765 2.096738
v 3.299999 4.570765 -3.610000
v 3.299999 4.670765 -3.610000
v 3.382289 4.570765 -3.583262
v 3.382289 4.670765 -3.583262
v 3.433147 4.570765 -3.513263
v 3.433147 4.670765 -3.513263
v 3.433147 4.570765 -3.426738
v 3.433147 4.670765 -3.426738
v 3.382289 4.570765 -3.356738
v 3.382289 4.670765 -3.356738
v 3.299999 4.570765 -3.330000
v 3.299999 4.670765 -3.330000
v 3.217709 4.570765 -3.356738
v 3.217709 4.670765 -3.356738
v 3.166851 4.570765 -3.426738
v 3.166851 4.670765 -3.426738
v 3.166851 4.570765 -3.513263
v 3.166851 4.670765 -3.513263
v 3.217709 4.570765 -3.583262
v 3.217709 4.670765 -3.583262
v -3.080000 0.945765 2.270000
v -3.080000 2.955765 2.270000
v -3.080000 0.945765 2.170000
v -3.080000 2.955765 2.170000
v -0.020000 0.945765 2.270000
v -0.020000 2.955765 2.270000
v -0.020000 0.945765 2.170000
v -0.020000 2.955765 2.170000
v -3.000000 1.025765 2.270000
v -3.000000 2.875765 2.270000
v -3.000000 1.025765 2.210000
v -3.000000 2.875765 2.210000
v -0.100000 1.025765 2.270000
v -0.100000 2.875765 2.270000
v -0.100000 1.025765 2.210000
v -0.100000 2.875765 2.210000
v -2.068333 1.025765 2.305000
v -2.068333 2.875765 2.305000
v -2.068333 1.025765 2.215000
v -2.068333 2.875765 2.215000
v -1.998333 1.025765 2.305000
v -1.998333 2.875765 2.305000
v -1.998333 1.025765 2.215000
v -1.998333 2.875765 2.215000
v -1.101667 1.025765 2.305000
v -1.101667 2.875765 2.305000
v -1.101667 1.025765 2.215000
v -1.101667 2.875765 2.215000
v -1.031667 1.025765 2.305000
v -1.031667 2.875765 2.305000
v -1.031667 1.025765 2.215000
v -1.031667 2.875765 2.215000
v -3.150000 0.885765 2.390000
v -3.150000 0.985765 2.390000
v -3.150000 0.885765 2.150000
v -3.150000 0.985765 2.150000
v 0.050000 0.885765 2.390000
v 0.050000 0.985765 2.390000
v 0.050000 0.885765 2.150000
v 0.050000 0.985765 2.150000
v 1.025000 0.255764 2.260000
v 1.025000 2.505765 2.260000
v 1.025000 0.255764 2.200000
v 1.025000 2.505765 2.200000
v 2.075000 0.255764 2.260000
v 2.075000 2.505765 2.260000
v 2.075000 0.255764 2.200000
v 2.075000 2.505765 2.200000
v 0.930000 0.250764 2.300000
v 0.930000 2.650765 2.300000
v 0.930000 0.250764 2.200001
v 0.930000 2.650765 2.200001
v 1.029999 0.250764 2.300000
v 1.029999 2.650765 2.300000
v 1.029999 0.250764 2.200001
v 1.029999 2.650765 2.200001
v 2.070000 0.250764 2.300000
v 2.070000 2.650765 2.300000
v 2.070000 0.250764 2.200001
v 2.070000 2.650765 2.200001
v 2.169999 0.250764 2.300000
v 2.169999 2.650765 2.300000
v 2.169999 0.250764 2.200001
v 2.169999 2.650765 2.200001
v 0.925000 2.570765 2.300000
v 0.925000 2.670765 2.300000
v 0.925000 2.570765 2.200001
v 0.925000 2.670765 2.200001
v 2.174999 2.570765 2.300000
v 2.174999 2.670765 2.300000
v 2.174999 2.570765 2.200001
v 2.174999 2.670765 2.200001
v 1.175000 1.100765 2.330000
v 1.175000 1.600765 2.330000
v 1.175000 1.100765 2.270000
v 1.175000 1.600765 2.270000
v 1.225000 1.100765 2.330000
v 1.225000 1.600765 2.330000
v 1.225000 1.100765 2.270000
v 1.225000 1.600765 2.270000
v 0.800000 0.200765 2.920000
v 0.800000 0.320765 2.920000
v 0.800000 0.200765 2.220000
v 0.800000 0.320765 2.220000
v 2.300000 0.200765 2.920000
v 2.300000 0.320765 2.920000
v 2.300000 0.200765 2.220000
v 2.300000 0.320765 2.220000
v -3.470001 2.883738 3.560924
v -3.470001 2.947686 3.589395
v -3.470001 3.493843 2.190606
v -3.470001 3.557791 2.219077
v -2.470000 2.883738 3.560924
v -2.470000 2.947686 3.589395
v -2.470000 3.493843 2.190606
v -2.470000 3.557791 2.219077
v -2.678168 0.000000 3.276340
v -2.683048 0.002443 3.346127
v -2.674516 1.499086 3.224118
v -2.679396 1.501529 3.293905
v -1.680604 0.000000 3.346096
v -1.685484 0.002443 3.415883
v -1.676952 1.499086 3.293874
v -1.681832 1.501529 3.363661
v -1.490000 2.883738 3.560924
v -1.490000 2.947686 3.589395
v -1.490000 3.493843 2.190606
v -1.490000 3.557791 2.219077
v -0.490000 2.883738 3.560924
v -0.490000 2.947686 3.589395
v -0.490000 3.493843 2.190606
v -0.490000 3.557791 2.219077
v -0.500000 2.883738 3.560924
v -0.500000 2.947686 3.589395
v -0.500000 3.493843 2.190606
v -0.500000 3.557791 2.219077
v 0.500000 2.883738 3.560924
v 0.500000 2.947686 3.589395
v 0.500000 3.493843 2.190606
v 0.500000 3.557791 2.219077
v 0.510831 2.070171 3.234400
v 0.517865 2.089466 3.301320
v 0.467613 3.512064 2.823209
v 0.474647 3.531358 2.890129
v 1.505353 2.070171 3.129872
v 1.512386 2.089466 3.196791
v 1.462135 3.512064 2.718680
v 1.469168 3.531358 2.785600
v 1.480000 2.883738 3.560924
v 1.480000 2.947686 3.589395
v 1.480000 3.493843 2.190606
v 1.480000 3.557791 2.219077
v 2.480000 2.883738 3.560924
v 2.480000 2.947686 3.589395
v 2.480000 3.493843 2.190606
v 2.480000 3.557791 2.219077
v 2.470000 2.883738 3.560924
v 2.470000 2.947686 3.589395
v 2.470000 3.493843 2.190606
v 2.470000 3.557791 2.219077
v 3.470000 2.883738 3.560924
v 3.470000 2.947686 3.589395
v 3.470000 3.493843 2.190606
v 3.470000 3.557791 2.219077
v -3.550000 2.880765 3.610000
v -3.550000 2.980765 3.610000
v -3.550000 2.880765 3.530000
v -3.550000 2.980765 3.530000
v 3.549999 2.880765 3.610000
v 3.549999 2.980765 3.610000
v 3.549999 2.880765 3.530000
v 3.549999 2.980765 3.530000
v -3.450000 3.420765 2.300000
v -3.450000 4.420765 2.300000
v -3.450000 3.420765 2.160000
v -3.450000 4.420765 2.160000
v 3.450000 3.420765 2.300000
v 3.450000 4.420765 2.300000
v 3.450000 3.420765 2.160000
v 3.450000 4.420765 2.160000
v -3.450000 4.410765 2.320001
v -3.450000 4.470765 2.320001
v -3.450000 4.410765 2.160000
v -3.450000 4.470765 2.160000
v 3.450000 4.410765 2.320001
v 3.450000 4.470765 2.320001
v 3.450000 4.410765 2.160000
v 3.450000 4.470765 2.160000
v -3.450000 3.370765 2.320001
v -3.450000 3.430765 2.320001
v -3.450000 3.370765 2.160000
v -3.450000 3.430765 2.160000
v 3.450000 3.370765 2.320001
v 3.450000 3.430765 2.320001
v 3.450000 3.370765 2.160000
v 3.450000 3.430765 2.160000
v -0.126740 4.044085 2.365000
v -0.126740 3.883405 2.365000
v 0.090879 3.883405 2.365000
v 0.090879 3.814765 2.365000
v -0.126740 3.814765 2.365000
v -0.126740 3.649405 2.365000
v 0.105700 3.649405 2.365000
v 0.105700 3.580765 2.365000
v -0.203180 3.580765 2.365000
v -0.203180 4.112725 2.365000
v 0.098680 4.112725 2.365000
v 0.098680 4.044085 2.365000
v -0.491780 4.044085 2.365000
v -0.491780 3.896665 2.365000
v -0.284300 3.896665 2.365000
v -0.284300 3.828025 2.365000
v -0.491780 3.828025 2.365000
v -0.491780 3.580765 2.365000
v -0.568220 3.580765 2.365000
v -0.568220 4.112725 2.365000
v -0.284300 4.112725 2.365000
v -0.284300 4.044085 2.365000
v -0.705500 3.580765 2.365000
v -0.776480 3.737545 2.365000
v -1.002680 3.737545 2.365000
v -1.069760 3.580765 2.365000
v -1.147760 3.580765 2.365000
v -0.919220 4.115845 2.365000
v -0.865400 4.115845 2.365000
v -0.627500 3.580765 2.365000
v -0.807680 3.806185 2.365000
v -0.893480 3.998845 2.365000
v -0.973040 3.806185 2.365000
v -1.204514 4.003284 2.365000
v -1.220369 4.011539 2.365000
v -1.235937 4.018942 2.365000
v -1.251269 4.025510 2.365000
v -1.266417 4.031254 2.365000
v -1.281433 4.036188 2.365000
v -1.296367 4.040326 2.365000
v -1.311271 4.043681 2.365000
v -1.326197 4.046267 2.365000
v -1.341197 4.048097 2.365000
v -1.356321 4.049185 2.365000
v -1.371620 4.049545 2.365000
v -1.401356 4.047774 2.365000
v -1.429586 4.042590 2.365000
v -1.456104 4.034189 2.365000
v -1.480705 4.022765 2.365000
v -1.503182 4.008514 2.365000
v -1.523330 3.991630 2.365000
v -1.540944 3.972309 2.365000
v -1.555816 3.950745 2.365000
v -1.567742 3.927134 2.365000
v -1.576515 3.901670 2.365000
v -1.581930 3.874549 2.365000
v -1.583780 3.845965 2.365000
v -1.581987 3.816921 2.365000
v -1.576717 3.789563 2.365000
v -1.568132 3.764053 2.365000
v -1.556394 3.740550 2.365000
v -1.541666 3.719213 2.365000
v -1.524110 3.700203 2.365000
v -1.503890 3.683679 2.365000
v -1.481167 3.669801 2.365000
v -1.456104 3.658729 2.365000
v -1.428864 3.650622 2.365000
v -1.399608 3.645641 2.365000
v -1.368500 3.643945 2.365000
v -1.353378 3.644382 2.365000
v -1.338066 3.645686 2.365000
v -1.322602 3.647845 2.365000
v -1.307025 3.650850 2.365000
v -1.291372 3.654688 2.365000
v -1.275680 3.659350 2.365000
v -1.259989 3.664824 2.365000
v -1.244336 3.671101 2.365000
v -1.228758 3.678168 2.365000
v -1.213295 3.686015 2.365000
v -1.197983 3.694631 2.365000
v -1.182860 3.704005 2.365000
v -1.182860 3.620545 2.365000
v -1.196036 3.613889 2.365000
v -1.209481 3.607599 2.365000
v -1.223274 3.601716 2.365000
v -1.237489 3.596278 2.365000
v -1.252203 3.591329 2.365000
v -1.267490 3.586908 2.365000
v -1.283428 3.583055 2.365000
v -1.300092 3.579812 2.365000
v -1.317557 3.577219 2.365000
v -1.335899 3.575316 2.365000
v -1.355195 3.574145 2.365000
v -1.375520 3.573745 2.365000
v -1.423115 3.576833 2.365000
v -1.466116 3.585644 2.365000
v -1.504610 3.599497 2.365000
v -1.538685 3.617714 2.365000
v -1.568426 3.639614 2.365000
v -1.593920 3.664518 2.365000
v -1.615255 3.691745 2.365000
v -1.632516 3.720616 2.365000
v -1.645790 3.750452 2.365000
v -1.655165 3.780571 2.365000
v -1.660726 3.810296 2.365000
v -1.662560 3.838945 2.365000
v -1.660053 3.878552 2.365000
v -1.652706 3.916079 2.365000
v -1.640781 3.951265 2.365000
v -1.624543 3.983852 2.365000
v -1.604252 4.013578 2.365000
v -1.580173 4.040185 2.365000
v -1.552567 4.063412 2.365000
v -1.521698 4.082998 2.365000
v -1.487828 4.098685 2.365000
v -1.451220 4.110212 2.365000
v -1.412137 4.117318 2.365000
v -1.370840 4.119745 2.365000
v -1.357165 4.119467 2.365000
v -1.343400 4.118622 2.365000
v -1.329488 4.117198 2.365000
v -1.315374 4.115181 2.365000
v -1.300999 4.112557 2.365000
v -1.286308 4.109313 2.365000
v -1.271243 4.105435 2.365000
v -1.255747 4.100910 2.365000
v -1.239764 4.095724 2.365000
v -1.223236 4.089863 2.365000
v -1.206107 4.083315 2.365000
v -1.188320 4.076065 2.365000
v -1.188320 3.994165 2.365000
v -0.126740 4.044085 2.275000
v -0.126740 3.883405 2.275000
v 0.090879 3.883405 2.275000
v 0.090879 3.814765 2.275000
v -0.126740 3.814765 2.275000
v -0.126740 3.649405 2.275000
v 0.105700 3.649405 2.275000
v 0.105700 3.580765 2.275000
v -0.203180 3.580765 2.275000
v -0.203180 4.112725 2.275000
v 0.098680 4.112725 2.275000
v 0.098680 4.044085 2.275000
v -0.491780 4.044085 2.275000
v -0.491780 3.896665 2.275000
v -0.284300 3.896665 2.275000
v -0.284300 3.828025 2.275000
v -0.491780 3.828025 2.275000
v -0.491780 3.580765 2.275000
v -0.568220 3.580765 2.275000
v -0.568220 4.112725 2.275000
v -0.284300 4.112725 2.275000
v -0.284300 4.044085 2.275000
v -0.705500 3.580765 2.275000
v -0.776480 3.737545 2.275000
v -1.002680 3.737545 2.275000
v -1.069760 3.580765 2.275000
v -1.147760 3.580765 2.275000
v -0.919220 4.115845 2.275000
v -0.865400 4.115845 2.275000
v -0.627500 3.580765 2.275000
v -0.807680 3.806185 2.275000
v -0.893480 3.998845 2.275000
v -0.973040 3.806185 2.275000
v -1.204514 4.003284 2.275000
v -1.220369 4.011539 2.275000
v -1.235937 4.018942 2.275000
v -1.251269 4.025510 2.275000
v -1.266417 4.031254 2.275000
v -1.281433 4.036188 2.275000
v -1.296367 4.040326 2.275000
v -1.311271 4.043681 2.275000
v -1.326197 4.046267 2.275000
v -1.341197 4.048097 2.275000
v -1.356321 4.049185 2.275000
v -1.371620 4.049545 2.275000
v -1.401356 4.047774 2.275000
v -1.429586 4.042590 2.275000
v -1.456104 4.034189 2.275000
v -1.480705 4.022765 2.275000
v -1.503182 4.008514 2.275000
v -1.523330 3.991630 2.275000
v -1.540944 3.972309 2.275000
v -1.555816 3.950745 2.275000
v -1.567742 3.927134 2.275000
v -1.576515 3.901670 2.275000
v -1.581930 3.874549 2.275000
v -1.583780 3.845965 2.275000
v -1.581987 3.816921 2.275000
v -1.576717 3.789563 2.275000
v -1.568132 3.764053 2.275000
v -1.556394 3.740550 2.275000
v -1.541666 3.719213 2.275000
v -1.524110 3.700203 2.275000
v -1.503890 3.683679 2.275000
v -1.481167 3.669801 2.275000
v -1.456104 3.658729 2.275000
v -1.428864 3.650622 2.275000
v -1.399608 3.645641 2.275000
v -1.368500 3.643945 2.275000
v -1.353378 3.644382 2.275000
v -1.338066 3.645686 2.275000
v -1.322602 3.647845 2.275000
v -1.307025 3.650850 2.275000
v -1.291372 3.654688 2.275000
v -1.275680 3.659350 2.275000
v -1.259989 3.664824 2.275000
v -1.244336 3.671101 2.275000
v -1.228758 3.678168 2.275000
v -1.213295 3.686015 2.275000
v -1.197983 3.694631 2.275000
v -1.182860 3.704005 2.275000
v -1.182860 3.620545 2.275000
v -1.196036 3.613889 2.275000
v -1.209481 3.607599 2.275000
v -1.223274 3.601716 2.275000
v -1.237489 3.596278 2.275000
v -1.252203 3.591329 2.275000
v -1.267490 3.586908 2.275000
v -1.283428 3.583055 2.275000
v -1.300092 3.579812 2.275000
v -1.317557 3.577219 2.275000
v -1.335899 3.575316 2.275000
v -1.355195 3.574145 2.275000
v -1.375520 3.573745 2.275000
v -1.423115 3.576833 2.275000
v -1.466116 3.585644 2.275000
v -1.504610 3.599497 2.275000
v -1.538685 3.617714 2.275000
v -1.568426 3.639614 2.275000
v -1.593920 3.664518 2.275000
v -1.615255 3.691745 2.275000
v -1.632516 3.720616 2.275000
v -1.645790 3.750452 2.275000
v -1.655165 3.780571 2.275000
v -1.660726 3.810296 2.275000
v -1.662560 3.838945 2.275000
v -1.660053 3.878552 2.275000
v -1.652706 3.916079 2.275000
v -1.640781 3.951265 2.275000
v -1.624543 3.983852 2.275000
v -1.604252 4.013578 2.275000
v -1.580173 4.040185 2.275000
v -1.552567 4.063412 2.275000
v -1.521698 4.082998 2.275000
v -1.487828 4.098685 2.275000
v -1.451220 4.110212 2.275000
v -1.412137 4.117318 2.275000
v -1.370840 4.119745 2.275000
v -1.357165 4.119467 2.275000
v -1.343400 4.118622 2.275000
v -1.329488 4.117198 2.275000
v -1.315374 4.115181 2.275000
v -1.300999 4.112557 2.275000
v -1.286308 4.109313 2.275000
v -1.271243 4.105435 2.275000
v -1.255747 4.100910 2.275000
v -1.239764 4.095724 2.275000
v -1.223236 4.089863 2.275000
v -1.206107 4.083315 2.275000
v -1.188320 4.076065 2.275000
v -1.188320 3.994165 2.275000
v -1.204514 4.003284 2.275000
v -1.204514 4.003284 2.365000
v -1.220369 4.011539 2.275000
v -1.220369 4.011539 2.365000
v -1.235937 4.018942 2.275000
v -1.235937 4.018942 2.365000
v -1.251269 4.025510 2.275000
v -1.251269 4.025510 2.365000
v -1.266417 4.031254 2.275000
v -1.266417 4.031254 2.365000
v -1.281433 4.036188 2.275000
v -1.281433 4.036188 2.365000
v -1.296367 4.040326 2.275000
v -1.296367 4.040326 2.365000
v -1.311271 4.043681 2.275000
v -1.311271 4.043681 2.365000
v -1.326197 4.046267 2.275000
v -1.326197 4.046267 2.365000
v -1.341197 4.048097 2.275000
v -1.341197 4.048097 2.365000
v -1.356321 4.049185 2.275000
v -1.356321 4.049185 2.365000
v -1.371620 4.049545 2.275000
v -1.371620 4.049545 2.365000
v -1.401356 4.047774 2.275000
v -1.401356 4.047774 2.365000
v -1.429586 4.042590 2.275000
v -1.429586 4.042590 2.365000
v -1.456104 4.034189 2.275000
v -1.456104 4.034189 2.365000
v -1.480705 4.022765 2.275000
v -1.480705 4.022765 2.365000
v -1.503182 4.008514 2.275000
v -1.503182 4.008514 2.365000
v -1.523330 3.991630 2.275000
v -1.523330 3.991630 2.365000
v -1.540944 3.972309 2.275000
v -1.540944 3.972309 2.365000
v -1.555816 3.950745 2.275000
v -1.555816 3.950745 2.365000
v -1.567742 3.927134 2.275000
v -1.567742 3.927134 2.365000
v -1.576515 3.901670 2.275000
v -1.576515 3.901670 2.365000
v -1.581930 3.874549 2.275000
v -1.581930 3.874549 2.365000
v -1.583780 3.845965 2.275000
v -1.583780 3.845965 2.365000
v -1.581987 3.816921 2.275000
v -1.581987 3.816921 2.365000
v -1.576717 3.789563 2.275000
v -1.576717 3.789563 2.365000
v -1.568132 3.764053 2.275000
v -1.568132 3.764053 2.365000
v -1.556394 3.740550 2.275000
v -1.556394 3.740550 2.365000
v -1.541666 3.719213 2.275000
v -1.541666 3.719213 2.365000
v -1.524110 3.700203 2.275000
v -1.524110 3.700203 2.365000
v -1.503890 3.683679 2.275000
v -1.503890 3.683679 2.365000
v -1.481167 3.669801 2.275000
v -1.481167 3.669801 2.365000
v -1.456104 3.658729 2.275000
v -1.456104 3.658729 2.365000
v -1.428864 3.650622 2.275000
v -1.428864 3.650622 2.365000
v -1.399608 3.645641 2.275000
v -1.399608 3.645641 2.365000
v -1.368500 3.643945 2.275000
v -1.368500 3.643945 2.365000
v -1.353378 3.644382 2.275000
v -1.353378 3.644382 2.365000
v -1.338066 3.645686 2.275000
v -1.338066 3.645686 2.365000
v -1.322602 3.647845 2.275000
v -1.322602 3.647845 2.365000
v -1.307025 3.650850 2.275000
v -1.307025 3.650850 2.365000
v -1.291372 3.654688 2.275000
v -1.291372 3.654688 2.365000
v -1.275680 3.659350 2.275000
v -1.275680 3.659350 2.365000
v -1.259989 3.664824 2.275000
v -1.259989 3.664824 2.365000
v -1.244336 3.671101 2.275000
v -1.244336 3.671101 2.365000
v -1.228758 3.678168 2.275000
v -1.228758 3.678168 2.365000
v -1.213295 3.686015 2.275000
v -1.213295 3.686015 2.365000
v -1.197983 3.694631 2.275000
v -1.197983 3.694631 2.365000
v -1.182860 3.704005 2.275000
v -1.182860 3.704005 2.365000
v -1.182860 3.620545 2.275000
v -1.182860 3.620545 2.365000
v -1.196036 3.613889 2.275000
v -1.196036 3.613889 2.365000
v -1.209481 3.607599 2.275000
v -1.209481 3.607599 2.365000
v -1.223274 3.601716 2.275000
v -1.223274 3.601716 2.365000
v -1.237489 3.596278 2.275000
v -1.237489 3.596278 2.365000
v -1.252203 3.591329 2.275000
v -1.252203 3.591329 2.365000
v -1.267490 3.586908 2.275000
v -1.267490 3.586908 2.365000
v -1.283428 3.583055 2.275000
v -1.283428 3.583055 2.365000
v -1.300092 3.579812 2.275000
v -1.300092 3.579812 2.365000
v -1.317557 3.577219 2.275000
v -1.317557 3.577219 2.365000
v -1.335899 3.575316 2.275000
v -1.335899 3.575316 2.365000
v -1.355195 3.574145 2.275000
v -1.355195 3.574145 2.365000
v -1.375520 3.573745 2.275000
v -1.375520 3.573745 2.365000
v -1.423115 3.576833 2.275000
v -1.423115 3.576833 2.365000
v -1.466116 3.585644 2.275000
v -1.466116 3.585644 2.365000
v -1.504610 3.599497 2.275000
v -1.504610 3.599497 2.365000
v -1.538685 3.617714 2.275000
v -1.538685 3.617714 2.365000
v -1.568426 3.639614 2.275000
v -1.568426 3.639614 2.365000
v -1.593920 3.664518 2.275000
v -1.593920 3.664518 2.365000
v -1.615255 3.691745 2.275000
v -1.615255 3.691745 2.365000
v -1.632516 3.720616 2.275000
v -1.632516 3.720616 2.365000
v -1.645790 3.750452 2.275000
v -1.645790 3.750452 2.365000
v -1.655165 3.780571 2.275000
v -1.655165 3.780571 2.365000
v -1.660726 3.810296 2.275000
v -1.660726 3.810296 2.365000
v -1.662560 3.838945 2.275000
v -1.662560 3.838945 2.365000
v -1.660053 3.878552 2.275000
v -1.660053 3.878552 2.365000
v -1.652706 3.916079 2.275000
v -1.652706 3.916079 2.365000
v -1.640781 3.951265 2.275000
v -1.640781 3.951265 2.365000
v -1.624543 3.983852 2.275000
v -1.624543 3.983852 2.365000
v -1.604252 4.013578 2.275000
v -1.604252 4.013578 2.365000
v -1.580173 4.040185 2.275000
v -1.580173 4.040185 2.365000
v -1.552567 4.063412 2.275000
v -1.552567 4.063412 2.365000
v -1.521698 4.082998 2.275000
v -1.521698 4.082998 2.365000
v -1.487828 4.098685 2.275000
v -1.487828 4.098685 2.365000
v -1.451220 4.110212 2.275000
v -1.451220 4.110212 2.365000
v -1.412137 4.117318 2.275000
v -1.412137 4.117318 2.365000
v -1.370840 4.119745 2.275000
v -1.370840 4.119745 2.365000
v -1.357165 4.119467 2.275000
v -1.357165 4.119467 2.365000
v -1.343400 4.118622 2.275000
v -1.343400 4.118622 2.365000
v -1.329488 4.117198 2.275000
v -1.329488 4.117198 2.365000
v -1.315374 4.115181 2.275000
v -1.315374 4.115181 2.365000
v -1.300999 4.112557 2.275000
v -1.300999 4.112557 2.365000
v -1.286308 4.109313 2.275000
v -1.286308 4.109313 2.365000
v -1.271243 4.105435 2.275000
v -1.271243 4.105435 2.365000
v -1.255747 4.100910 2.275000
v -1.255747 4.100910 2.365000
v -1.239764 4.095724 2.275000
v -1.239764 4.095724 2.365000
v -1.223236 4.089863 2.275000
v -1.223236 4.089863 2.365000
v -1.206107 4.083315 2.275000
v -1.206107 4.083315 2.365000
v -1.188320 4.076065 2.275000
v -1.188320 4.076065 2.365000
v -1.188320 3.994165 2.275000
v -1.188320 3.994165 2.365000
v -0.705500 3.580765 2.275000
v -0.705500 3.580765 2.365000
v -0.776480 3.737545 2.275000
v -0.776480 3.737545 2.365000
v -1.002680 3.737545 2.275000
v -1.002680 3.737545 2.365000
v -1.069760 3.580765 2.275000
v -1.069760 3.580765 2.365000
v -1.147760 3.580765 2.275000
v -1.147760 3.580765 2.365000
v -0.919220 4.115845 2.275000
v -0.919220 4.115845 2.365000
v -0.865400 4.115845 2.275000
v -0.865400 4.115845 2.365000
v -0.627500 3.580765 2.275000
v -0.627500 3.580765 2.365000
v -0.807680 3.806185 2.275000
v -0.807680 3.806185 2.365000
v -0.893480 3.998845 2.275000
v -0.893480 3.998845 2.365000
v -0.973040 3.806185 2.275000
v -0.973040 3.806185 2.365000
v -0.491780 4.044085 2.275000
v -0.491780 4.044085 2.365000
v -0.491780 3.896665 2.275000
v -0.491780 3.896665 2.365000
v -0.284300 3.896665 2.275000
v -0.284300 3.896665 2.365000
v -0.284300 3.828025 2.275000
v -0.284300 3.828025 2.365000
v -0.491780 3.828025 2.275000
v -0.491780 3.828025 2.365000
v -0.491780 3.580765 2.275000
v -0.491780 3.580765 2.365000
v -0.568220 3.580765 2.275000
v -0.568220 3.580765 2.365000
v -0.568220 4.112725 2.275000
v -0.568220 4.112725 2.365000
v -0.284300 4.112725 2.275000
v -0.284300 4.112725 2.365000
v -0.284300 4.044085 2.275000
v -0.284300 4.044085 2.365000
v -0.126740 4.044085 2.275000
v -0.126740 4.044085 2.365000
v -0.126740 3.883405 2.275000
v -0.126740 3.883405 2.365000
v 0.090879 3.883405 2.275000
v 0.090879 3.883405 2.365000
v 0.090879 3.814765 2.275000
v 0.090879 3.814765 2.365000
v -0.126740 3.814765 2.275000
v -0.126740 3.814765 2.365000
v -0.126740 3.649405 2.275000
v -0.126740 3.649405 2.365000
v 0.105700 3.649405 2.275000
v 0.105700 3.649405 2.365000
v 0.105700 3.580765 2.275000
v 0.105700 3.580765 2.365000
v -0.203180 3.580765 2.275000
v -0.203180 3.580765 2.365000
v -0.203180 4.112725 2.275000
v -0.203180 4.112725 2.365000
v 0.098680 4.112725 2.275000
v 0.098680 4.112725 2.365000
v 0.098680 4.044085 2.275000
v 0.098680 4.044085 2.365000
v 2.150000 3.780765 2.110000
v 2.150000 4.120765 2.110000
v 2.249498 3.780765 2.129791
v 2.249498 4.120765 2.129791
v 2.333847 3.780765 2.186152
v 2.333847 4.120765 2.186152
v 2.390208 3.780765 2.270503
v 2.390208 4.120765 2.270503
v 2.410000 3.780765 2.370000
v 2.410000 4.120765 2.370000
v 2.390208 3.780765 2.469498
v 2.390208 4.120765 2.469498
v 2.333847 3.780765 2.553848
v 2.333847 4.120765 2.553848
v 2.249498 3.780765 2.610209
v 2.249498 4.120765 2.610209
v 2.150000 3.780765 2.630000
v 2.150000 4.120765 2.630000
v 2.050502 3.780765 2.610209
v 2.050502 4.120765 2.610209
v 1.966152 3.780765 2.553848
v 1.966152 4.120765 2.553848
v 1.909791 3.780765 2.469498
v 1.909791 4.120765 2.469498
v 1.890000 3.780765 2.370000
v 1.890000 4.120765 2.370000
v 1.909791 3.780765 2.270503
v 1.909791 4.120765 2.270503
v 1.966152 3.780765 2.186152
v 1.966152 4.120765 2.186152
v 2.050502 3.780765 2.129791
v 2.050502 4.120765 2.129791
v 2.655000 3.950765 2.370000
v 2.641819 3.950765 2.401820
v 2.610000 3.950765 2.415000
v 2.578180 3.950765 2.401820
v 2.565000 3.950765 2.370000
v 2.578180 3.950765 2.338180
v 2.610000 3.950765 2.325000
v 2.641819 3.950765 2.338180
v 2.643240 4.017459 2.370000
v 2.630854 4.012951 2.401820
v 2.600954 4.002068 2.415000
v 2.571053 3.991185 2.401820
v 2.558667 3.986677 2.370000
v 2.571053 3.991185 2.338180
v 2.600954 4.002068 2.325000
v 2.630854 4.012951 2.338180
v 2.609378 4.076108 2.370000
v 2.599282 4.067636 2.401820
v 2.574906 4.047183 2.415000
v 2.550531 4.026730 2.401820
v 2.540434 4.018258 2.370000
v 2.550531 4.026730 2.338180
v 2.574906 4.047183 2.325000
v 2.599282 4.067636 2.338180
v 2.557500 4.119640 2.370000
v 2.550910 4.108225 2.401820
v 2.535000 4.080668 2.415000
v 2.519090 4.053112 2.401820
v 2.512500 4.041698 2.370000
v 2.519090 4.053112 2.338180
v 2.535000 4.080668 2.325000
v 2.550910 4.108225 2.338180
v 2.493861 4.142802 2.370000
v 2.491573 4.129822 2.401820
v 2.486047 4.098486 2.415000
v 2.480521 4.067150 2.401820
v 2.478233 4.054170 2.370000
v 2.480521 4.067150 2.338180
v 2.486047 4.098486 2.325000
v 2.491573 4.129822 2.338180
v 2.426138 4.142802 2.370000
v 2.428427 4.129822 2.401820
v 2.433953 4.098486 2.415000
v 2.439478 4.067150 2.401820
v 2.441767 4.054170 2.370000
v 2.439478 4.067150 2.338180
v 2.433953 4.098486 2.325000
v 2.428427 4.129822 2.338180
v 2.362499 4.119640 2.370000
v 2.369090 4.108225 2.401820
v 2.385000 4.080668 2.415000
v 2.400910 4.053112 2.401820
v 2.407500 4.041698 2.370000
v 2.400910 4.053112 2.338180
v 2.385000 4.080668 2.325000
v 2.369090 4.108225 2.338180
v 2.310621 4.076108 2.370000
v 2.320718 4.067636 2.401820
v 2.345093 4.047183 2.415000
v 2.369468 4.026730 2.401820
v 2.379565 4.018258 2.370000
v 2.369468 4.026730 2.338180
v 2.345093 4.047183 2.325000
v 2.320718 4.067636 2.338180
v 2.276760 4.017459 2.370000
v 2.289145 4.012951 2.401820
v 2.319046 4.002068 2.415000
v 2.348947 3.991185 2.401820
v 2.361332 3.986677 2.370000
v 2.348947 3.991185 2.338180
v 2.319046 4.002068 2.325000
v 2.289145 4.012951 2.338180
v 2.265000 3.950765 2.370000
v 2.278180 3.950765 2.401820
v 2.310000 3.950765 2.415000
v 2.341820 3.950765 2.401820
v 2.355000 3.950765 2.370000
v 2.341820 3.950765 2.338180
v 2.310000 3.950765 2.325000
v 2.278180 3.950765 2.338180
v 2.276759 3.884071 2.370000
v 2.289145 3.888579 2.401820
v 2.319046 3.899462 2.415000
v 2.348947 3.910345 2.401820
v 2.361332 3.914853 2.370000
v 2.348947 3.910345 2.338180
v 2.319046 3.899462 2.325000
v 2.289145 3.888579 2.338180
v 2.310621 3.825421 2.370000
v 2.320718 3.833893 2.401820
v 2.345093 3.854347 2.415000
v 2.369468 3.874800 2.401820
v 2.379565 3.883272 2.370000
v 2.369468 3.874800 2.338180
v 2.345093 3.854347 2.325000
v 2.320718 3.833893 2.338180
v 2.362499 3.781890 2.370000
v 2.369090 3.793304 2.401820
v 2.385000 3.820861 2.415000
v 2.400910 3.848418 2.401820
v 2.407500 3.859832 2.370000
v 2.400910 3.848418 2.338180
v 2.385000 3.820861 2.325000
v 2.369090 3.793304 2.338180
v 2.426138 3.758727 2.370000
v 2.428427 3.771707 2.401820
v 2.433953 3.803044 2.415000
v 2.439478 3.834380 2.401820
v 2.441767 3.847360 2.370000
v 2.439478 3.834380 2.338180
v 2.433953 3.803044 2.325000
v 2.428427 3.771707 2.338180
v 2.493861 3.758727 2.370000
v 2.491573 3.771707 2.401820
v 2.486047 3.803044 2.415000
v 2.480521 3.834380 2.401820
v 2.478233 3.847360 2.370000
v 2.480521 3.834380 2.338180
v 2.486047 3.803044 2.325000
v 2.491573 3.771707 2.338180
v 2.557500 3.781890 2.370000
v 2.550910 3.793304 2.401820
v 2.535000 3.820861 2.415000
v 2.519090 3.848418 2.401820
v 2.512500 3.859832 2.370000
v 2.519090 3.848418 2.338180
v 2.535000 3.820861 2.325000
v 2.550910 3.793304 2.338180
v 2.609378 3.825421 2.370000
v 2.599282 3.833893 2.401820
v 2.574906 3.854347 2.415000
v 2.550531 3.874800 2.401820
v 2.540434 3.883272 2.370000
v 2.550531 3.874800 2.338180
v 2.574906 3.854347 2.325000
v 2.599282 3.833893 2.338180
v 2.643240 3.884071 2.370000
v 2.630854 3.888579 2.401820
v 2.600954 3.899462 2.415000
v 2.571053 3.910345 2.401820
v 2.558667 3.914853 2.370000
v 2.571053 3.910345 2.338180
v 2.600954 3.899462 2.325000
v 2.630854 3.888579 2.338180
v 2.150000 3.725765 2.010000
v 2.150000 3.775765 2.010000
v 2.287766 3.725765 2.037404
v 2.287766 3.775765 2.037404
v 2.404558 3.725765 2.115442
v 2.404558 3.775765 2.115442
v 2.482597 3.725765 2.232234
v 2.482597 3.775765 2.232234
v 2.510000 3.725765 2.370000
v 2.510000 3.775765 2.370000
v 2.482597 3.725765 2.507766
v 2.482597 3.775765 2.507766
v 2.404558 3.725765 2.624558
v 2.404558 3.775765 2.624558
v 2.287766 3.725765 2.702597
v 2.287766 3.775765 2.702597
v 2.150000 3.725765 2.730000
v 2.150000 3.775765 2.730000
v 2.012233 3.725765 2.702597
v 2.012233 3.775765 2.702597
v 1.895442 3.725765 2.624558
v 1.895442 3.775765 2.624558
v 1.817403 3.725765 2.507766
v 1.817403 3.775765 2.507766
v 1.790000 3.725765 2.370000
v 1.790000 3.775765 2.370000
v 1.817403 3.725765 2.232234
v 1.817403 3.775765 2.232234
v 1.895442 3.725765 2.115442
v 1.895442 3.775765 2.115442
v 2.012233 3.725765 2.037404
v 2.012233 3.775765 2.037404
v 3.700000 1.970765 1.570000
v 3.700000 3.230765 1.570000
v 3.700000 1.970765 -0.030000
v 3.700000 3.230765 -0.030000
v 3.800000 1.970765 1.570000
v 3.800000 3.230765 1.570000
v 3.800000 1.970765 -0.030000
v 3.800000 3.230765 -0.030000
v 3.740000 2.050765 1.490000
v 3.740000 3.150765 1.490000
v 3.740000 2.050765 0.050000
v 3.740000 3.150765 0.050000
v 3.800000 2.050765 1.490000
v 3.800000 3.150765 1.490000
v 3.800000 2.050765 0.050000
v 3.800000 3.150765 0.050000
v -3.800000 1.970765 1.570000
v -3.800000 3.230765 1.570000
v -3.800000 1.970765 -0.030000
v -3.800000 3.230765 -0.030000
v -3.700000 1.970765 1.570000
v -3.700000 3.230765 1.570000
v -3.700000 1.970765 -0.030000
v -3.700000 3.230765 -0.030000
v -3.800000 2.050765 1.490000
v -3.800000 3.150765 1.490000
v -3.800000 2.050765 0.050000
v -3.800000 3.150765 0.050000
v -3.740000 2.050765 1.490000
v -3.740000 3.150765 1.490000
v -3.740000 2.050765 0.050000
v -3.740000 3.150765 0.050000
v 3.700000 1.970765 -1.230000
v 3.700000 3.230765 -1.230000
v 3.700000 1.970765 -2.830000
v 3.700000 3.230765 -2.830000
v 3.800000 1.970765 -1.230000
v 3.800000 3.230765 -1.230000
v 3.800000 1.970765 -2.830000
v 3.800000 3.230765 -2.830000
v 3.740000 2.050765 -1.310000
v 3.740000 3.150765 -1.310000
v 3.740000 2.050765 -2.750000
v 3.740000 3.150765 -2.750000
v 3.800000 2.050765 -1.310000
v 3.800000 3.150765 -1.310000
v 3.800000 2.050765 -2.750000
v 3.800000 3.150765 -2.750000
v -3.800000 1.970765 -1.230000
v -3.800000 3.230765 -1.230000
v -3.800000 1.970765 -2.830000
v -3.800000 3.230765 -2.830000
v -3.700000 1.970765 -1.230000
v -3.700000 3.230765 -1.230000
v -3.700000 1.970765 -2.830000
v -3.700000 3.230765 -2.830000
v -3.800000 2.050765 -1.310000
v -3.800000 3.150765 -1.310000
v -3.800000 2.050765 -2.750000
v -3.800000 3.150765 -2.750000
v -3.740000 2.050765 -1.310000
v -3.740000 3.150765 -1.310000
v -3.740000 2.050765 -2.750000
v -3.740000 3.150765 -2.750000
v -2.300000 0.250765 -3.430000
v -2.300000 2.350765 -3.430000
v -2.300000 0.250765 -3.510000
v -2.300000 2.350765 -3.510000
v -1.300000 0.250765 -3.430000
v -1.300000 2.350765 -3.430000
v -1.300000 0.250765 -3.510000
v -1.300000 2.350765 -3.510000
v 0.950000 2.250765 -3.430000
v 0.950000 3.150765 -3.430000
v 0.950000 2.250765 -3.530000
v 0.950000 3.150765 -3.530000
v 2.250000 2.250765 -3.430000
v 2.250000 3.150765 -3.430000
v 2.250000 2.250765 -3.530000
v 2.250000 3.150765 -3.530000
v 1.020000 2.320765 -3.470000
v 1.020000 3.080765 -3.470000
v 1.020000 2.320765 -3.530000
v 1.020000 3.080765 -3.530000
v 2.180000 2.320765 -3.470000
v 2.180000 3.080765 -3.470000
v 2.180000 2.320765 -3.530000
v 2.180000 3.080765 -3.530000
v -1.450000 4.425765 -1.480000
v -1.450000 4.975765 -1.480000
v -1.450000 4.425765 -2.180000
v -1.450000 4.975765 -2.180000
v -1.390000 4.425765 -1.480000
v -1.390000 4.975765 -1.480000
v -1.390000 4.425765 -2.180000
v -1.390000 4.975765 -2.180000
v 2.400000 4.250765 -2.590000
v 2.400000 5.750765 -2.590000
v 2.480000 4.250765 -2.568564
v 2.480000 5.750765 -2.568564
v 2.538564 4.250765 -2.510000
v 2.538564 5.750765 -2.510000
v 2.560000 4.250765 -2.430000
v 2.560000 5.750765 -2.430000
v 2.538564 4.250765 -2.350000
v 2.538564 5.750765 -2.350000
v 2.480000 4.250765 -2.291436
v 2.480000 5.750765 -2.291436
v 2.400000 4.250765 -2.270000
v 2.400000 5.750765 -2.270000
v 2.320000 4.250765 -2.291436
v 2.320000 5.750765 -2.291436
v 2.261436 4.250765 -2.350000
v 2.261436 5.750765 -2.350000
v 2.240000 4.250765 -2.430000
v 2.240000 5.750765 -2.430000
v 2.261436 4.250765 -2.510000
v 2.261436 5.750765 -2.510000
v 2.320000 4.250765 -2.568564
v 2.320000 5.750765 -2.568564
v 2.400000 5.720765 -2.690000
v 2.400000 5.840765 -2.690000
v 2.529999 5.720765 -2.655166
v 2.529999 5.840765 -2.655166
v 2.625167 5.720765 -2.560000
v 2.625167 5.840765 -2.560000
v 2.660000 5.720765 -2.430000
v 2.660000 5.840765 -2.430000
v 2.625167 5.720765 -2.300000
v 2.625167 5.840765 -2.300000
v 2.529999 5.720765 -2.204833
v 2.529999 5.840765 -2.204833
v 2.400000 5.720765 -2.170000
v 2.400000 5.840765 -2.170000
v 2.270000 5.720765 -2.204833
v 2.270000 5.840765 -2.204833
v 2.174833 5.720765 -2.300000
v 2.174833 5.840765 -2.300000
v 2.140000 5.720765 -2.430000
v 2.140000 5.840765 -2.430000
v 2.174833 5.720765 -2.560000
v 2.174833 5.840765 -2.560000
v 2.270000 5.720765 -2.655166
v 2.270000 5.840765 -2.655166
v -3.600000 0.205765 3.320001
v -3.600000 0.755765 3.320001
v -3.600000 0.205765 2.520000
v -3.600000 0.755765 2.520000
v -2.800000 0.205765 3.320001
v -2.800000 0.755765 3.320001
v -2.800000 0.205765 2.520000
v -2.800000 0.755765 2.520000
v -3.360000 0.656178 2.984174
v -3.360000 1.226811 2.798764
v -3.334019 0.660813 2.998440
v -3.334019 1.231447 2.813029
v -3.334019 0.670083 3.026971
v -3.334019 1.240717 2.841561
v -3.360000 0.674718 3.041237
v -3.360000 1.245352 2.855827
v -3.385981 0.670083 3.026971
v -3.385981 1.240717 2.841561
v -3.385981 0.660813 2.998440
v -3.385981 1.231447 2.813029
v -3.262374 0.657320 2.890000
v -3.137627 1.244209 2.890000
v -3.236961 0.651919 2.905000
v -3.112214 1.238807 2.905000
v -3.236961 0.651919 2.935000
v -3.112214 1.238807 2.935000
v -3.262374 0.657320 2.950000
v -3.137627 1.244209 2.950000
v -3.287787 0.662722 2.935000
v -3.163040 1.249611 2.935000
v -3.287787 0.662722 2.905000
v -3.163040 1.249611 2.905000
v -3.152278 0.698584 2.798764
v -2.920181 1.219884 2.984174
v -3.130429 0.683782 2.813029
v -2.898331 1.205082 2.998440
v -3.134200 0.675313 2.841561
v -2.902102 1.196613 3.026971
v -3.159820 0.681646 2.855827
v -2.927722 1.202946 3.041237
v -3.181669 0.696447 2.841561
v -2.949571 1.217748 3.026971
v -3.177898 0.704917 2.813029
v -2.945801 1.226217 2.998440
v 2.800000 0.205765 3.320001
v 2.800000 0.755765 3.320001
v 2.800000 0.205765 2.520000
v 2.800000 0.755765 2.520000
v 3.600000 0.205765 3.320001
v 3.600000 0.755765 3.320001
v 3.600000 0.205765 2.520000
v 3.600000 0.755765 2.520000
v 3.040000 0.656178 2.984174
v 3.040000 1.226811 2.798764
v 3.065981 0.660813 2.998440
v 3.065981 1.231447 2.813029
v 3.065981 0.670083 3.026971
v 3.065981 1.240717 2.841561
v 3.040000 0.674718 3.041237
v 3.040000 1.245352 2.855827
v 3.014019 0.670083 3.026971
v 3.014019 1.240717 2.841561
v 3.014019 0.660813 2.998440
v 3.014019 1.231447 2.813029
v 3.137626 0.657320 2.890000
v 3.262374 1.244209 2.890000
v 3.163040 0.651919 2.905000
v 3.287787 1.238807 2.905000
v 3.163040 0.651919 2.935000
v 3.287787 1.238807 2.935000
v 3.137626 0.657320 2.950000
v 3.262374 1.244209 2.950000
v 3.112213 0.662722 2.935000
v 3.236960 1.249611 2.935000
v 3.112213 0.662722 2.905000
v 3.236960 1.249611 2.905000
v 3.247721 0.698584 2.798764
v 3.479819 1.219884 2.984174
v 3.269571 0.683782 2.813029
v 3.501668 1.205082 2.998440
v 3.265800 0.675313 2.841561
v 3.497897 1.196613 3.026971
v 3.240180 0.681646 2.855827
v 3.472278 1.202946 3.041237
v 3.218331 0.696447 2.841561
v 3.450428 1.217748 3.026971
v 3.222101 0.704917 2.813029
v 3.454199 1.226217 2.998440
v -3.100000 0.568055 2.310530
v -3.100000 0.433475 2.310530
v -3.100000 0.228312 2.537769
v -3.008885 0.773218 2.562183
v -2.935816 0.689308 2.435624
v -2.895265 0.568055 2.365389
v -2.895265 0.433475 2.365389
v -2.935816 0.312222 2.435624
v -3.008885 0.228312 2.562183
v -2.942183 0.773218 2.628884
v -2.815624 0.689308 2.555816
v -2.745389 0.568055 2.515265
v -2.745389 0.433475 2.515265
v -2.815624 0.312222 2.555816
v -2.942183 0.228312 2.628884
v -2.917769 0.773218 2.720000
v -2.771631 0.689308 2.720000
v -2.690531 0.568055 2.720000
v -2.690531 0.433475 2.720000
v -2.771631 0.312222 2.720000
v -2.917769 0.228312 2.720000
v -2.942183 0.773218 2.811116
v -2.815624 0.689308 2.884185
v -2.745389 0.568055 2.924735
v -2.745389 0.433475 2.924735
v -2.815624 0.312222 2.884185
v -2.942183 0.228312 2.811116
v -3.008885 0.773218 2.877817
v -2.935816 0.689308 3.004376
v -2.895265 0.568055 3.074611
v -2.895265 0.433475 3.074611
v -2.935816 0.312222 3.004376
v -3.008885 0.228312 2.877817
v -3.100000 0.773218 2.902231
v -3.100000 0.689308 3.048369
v -3.100000 0.568055 3.129470
v -3.100000 0.433475 3.129470
v -3.100000 0.312222 3.048369
v -3.100000 0.228312 2.902231
v -3.191116 0.773218 2.877817
v -3.264185 0.689308 3.004376
v -3.304735 0.568055 3.074611
v -3.304735 0.433475 3.074611
v -3.264185 0.312222 3.004376
v -3.191116 0.228312 2.877817
v -3.100000 0.198365 2.720000
v -3.257817 0.773218 2.811116
v -3.384376 0.689308 2.884185
v -3.454611 0.568055 2.924735
v -3.454611 0.433475 2.924735
v -3.384376 0.312222 2.884185
v -3.257817 0.228312 2.811116
v -3.100000 0.803165 2.720000
v -3.282232 0.773218 2.720000
v -3.428369 0.689308 2.720000
v -3.509470 0.568055 2.720000
v -3.509470 0.433475 2.720000
v -3.428369 0.312222 2.720000
v -3.282232 0.228312 2.720000
v -3.257817 0.773218 2.628884
v -3.384376 0.689308 2.555816
v -3.454611 0.568055 2.515265
v -3.454611 0.433475 2.515265
v -3.384376 0.312222 2.555816
v -3.257817 0.228312 2.628884
v -3.191116 0.773218 2.562183
v -3.264185 0.689308 2.435624
v -3.304735 0.568055 2.365389
v -3.304735 0.433475 2.365389
v -3.264185 0.312222 2.435624
v -3.191116 0.228312 2.562183
v -3.100000 0.773218 2.537769
v -3.100000 0.689308 2.391631
v -3.100000 0.312222 2.391631
v -2.500000 0.493725 2.588525
v -2.500000 0.387805 2.588525
v -2.426240 0.655195 2.792244
v -2.367089 0.589156 2.689791
v -2.334263 0.493725 2.632934
v -2.334263 0.387805 2.632934
v -2.367089 0.292374 2.689791
v -2.426240 0.226335 2.792244
v -2.500000 0.202765 2.920000
v -2.372244 0.655195 2.846240
v -2.269791 0.589156 2.787089
v -2.212934 0.493725 2.754262
v -2.212934 0.387805 2.754262
v -2.269791 0.292374 2.787089
v -2.372244 0.226335 2.846240
v -2.352480 0.655195 2.920000
v -2.234178 0.589156 2.920000
v -2.168525 0.493725 2.920000
v -2.168525 0.387805 2.920000
v -2.234178 0.292374 2.920000
v -2.352480 0.226335 2.920000
v -2.372244 0.655195 2.993761
v -2.269791 0.589156 3.052912
v -2.212934 0.493725 3.085738
v -2.212934 0.387805 3.085738
v -2.269791 0.292374 3.052912
v -2.372244 0.226335 2.993761
v -2.426240 0.655195 3.047757
v -2.367089 0.589156 3.150209
v -2.334263 0.493725 3.207067
v -2.334263 0.387805 3.207067
v -2.367089 0.292374 3.150209
v -2.426240 0.226335 3.047757
v -2.500000 0.655195 3.067521
v -2.500000 0.589156 3.185823
v -2.500000 0.493725 3.251476
v -2.500000 0.387805 3.251476
v -2.500000 0.292374 3.185823
v -2.500000 0.226335 3.067521
v -2.573761 0.655195 3.047757
v -2.632911 0.589156 3.150209
v -2.665738 0.493725 3.207067
v -2.665738 0.387805 3.207067
v -2.632911 0.292374 3.150209
v -2.573761 0.226335 3.047757
v -2.627757 0.655195 2.993761
v -2.730209 0.589156 3.052912
v -2.787066 0.493725 3.085738
v -2.787066 0.387805 3.085738
v -2.730209 0.292374 3.052912
v -2.627757 0.226335 2.993761
v -2.500000 0.678765 2.920000
v -2.647521 0.655195 2.920000
v -2.765823 0.589156 2.920000
v -2.831476 0.493725 2.920000
v -2.831476 0.387805 2.920000
v -2.765823 0.292374 2.920000
v -2.647521 0.226335 2.920000
v -2.627757 0.655195 2.846240
v -2.730209 0.589156 2.787089
v -2.787066 0.493725 2.754262
v -2.787066 0.387805 2.754262
v -2.730209 0.292374 2.787089
v -2.627757 0.226335 2.846240
v -2.573761 0.655195 2.792244
v -2.632911 0.589156 2.689791
v -2.665738 0.493725 2.632934
v -2.665738 0.387805 2.632934
v -2.632911 0.292374 2.689791
v -2.573761 0.226335 2.792244
v -2.500000 0.655195 2.772480
v -2.500000 0.589156 2.654178
v -2.500000 0.292374 2.654178
v -2.500000 0.226335 2.772480
v 0.270000 0.300765 3.370000
v 0.529999 0.300765 3.370000
v 0.270000 0.241986 3.389098
v 0.529999 0.241986 3.389098
v 0.270000 0.205659 3.439099
v 0.529999 0.205659 3.439099
v 0.270000 0.205659 3.500902
v 0.529999 0.205659 3.500902
v 0.270000 0.241986 3.550903
v 0.529999 0.241986 3.550903
v 0.270000 0.300765 3.570000
v 0.529999 0.300765 3.570000
v 0.270000 0.359543 3.550903
v 0.529999 0.359543 3.550903
v 0.270000 0.395871 3.500902
v 0.529999 0.395871 3.500902
v 0.270000 0.395871 3.439099
v 0.529999 0.395871 3.439099
v 0.270000 0.359543 3.389098
v 0.529999 0.359543 3.389098
v 2.600000 0.516573 2.299527
v 2.682438 0.686728 2.527213
v 2.748547 0.617136 2.412707
v 2.785236 0.516573 2.349162
v 2.785236 0.404957 2.349162
v 2.748547 0.304393 2.412707
v 2.682438 0.234802 2.527213
v 2.742786 0.686728 2.587562
v 2.857292 0.617136 2.521452
v 2.920838 0.516573 2.484764
v 2.920838 0.404957 2.484764
v 2.857292 0.304393 2.521452
v 2.742786 0.234802 2.587562
v 2.764875 0.686728 2.670000
v 2.897095 0.617136 2.670000
v 2.970472 0.516573 2.670000
v 2.970472 0.404957 2.670000
v 2.897095 0.304393 2.670000
v 2.764875 0.234802 2.670000
v 2.742786 0.686728 2.752438
v 2.857292 0.617136 2.818548
v 2.920838 0.516573 2.855237
v 2.920838 0.404957 2.855237
v 2.857292 0.304393 2.818548
v 2.742786 0.234802 2.752438
v 2.682438 0.686728 2.812787
v 2.748547 0.617136 2.927292
v 2.785236 0.516573 2.990839
v 2.785236 0.404957 2.990839
v 2.748547 0.304393 2.927292
v 2.682438 0.234802 2.812787
v 2.600000 0.686728 2.834876
v 2.600000 0.617136 2.967096
v 2.600000 0.516573 3.040473
v 2.600000 0.404957 3.040473
v 2.600000 0.304393 2.967096
v 2.600000 0.234802 2.834876
v 2.600000 0.209965 2.670000
v 2.517562 0.686728 2.812787
v 2.451452 0.617136 2.927292
v 2.414763 0.516573 2.990839
v 2.414763 0.404957 2.990839
v 2.451452 0.304393 2.927292
v 2.517562 0.234802 2.812787
v 2.600000 0.711565 2.670000
v 2.457213 0.686728 2.752438
v 2.342707 0.617136 2.818548
v 2.279161 0.516573 2.855237
v 2.279161 0.404957 2.855237
v 2.342707 0.304393 2.818548
v 2.457213 0.234802 2.752438
v 2.435124 0.686728 2.670000
v 2.302903 0.617136 2.670000
v 2.229527 0.516573 2.670000
v 2.229527 0.404957 2.670000
v 2.302903 0.304393 2.670000
v 2.435124 0.234802 2.670000
v 2.457213 0.686728 2.587562
v 2.342707 0.617136 2.521452
v 2.279161 0.516573 2.484764
v 2.279161 0.404957 2.484764
v 2.342707 0.304393 2.521452
v 2.457213 0.234802 2.587562
v 2.517562 0.686728 2.527213
v 2.451452 0.617136 2.412707
v 2.414763 0.516573 2.349162
v 2.414763 0.404957 2.349162
v 2.451452 0.304393 2.412707
v 2.517562 0.234802 2.527213
v 2.600000 0.686728 2.505124
v 2.600000 0.617136 2.372904
v 2.600000 0.404957 2.299527
v 2.600000 0.304393 2.372904
v 2.600000 0.234802 2.505124
v -3.087828 2.339902 2.360000
v -3.020090 2.611585 2.360000
v -3.087828 2.339902 2.300000
v -3.020090 2.611585 2.300000
v -0.079911 1.589944 2.360000
v -0.012173 1.861627 2.360000
v -0.079911 1.589944 2.300000
v -0.012173 1.861627 2.300000
v -3.044809 1.367583 2.380000
v -3.098236 1.642439 2.380000
v -3.044809 1.367583 2.320000
v -3.098236 1.642439 2.320000
v -0.001765 1.959091 2.380000
v -0.055192 2.233947 2.380000
v -0.001765 1.959091 2.320000
v -0.055192 2.233947 2.320000
v -3.500000 2.450765 2.700000
v -3.500000 3.050765 2.700000
v -3.500000 2.450765 2.200000
v -3.500000 3.050765 2.200000
v -2.600000 2.450765 2.700000
v -2.600000 3.050765 2.700000
v -2.600000 2.450765 2.200000
v -2.600000 3.050765 2.200000
v -3.400000 2.550765 2.755000
v -3.400000 2.950765 2.755000
v -3.400000 2.550765 2.705000
v -3.400000 2.950765 2.705000
v -2.700000 2.550765 2.755000
v -2.700000 2.950765 2.755000
v -2.700000 2.550765 2.705000
v -2.700000 2.950765 2.705000
vn -1.0000 -0.0000 -0.0000
vn -0.0000 -0.0000 -1.0000
vn 1.0000 -0.0000 -0.0000
vn -0.0000 -0.0000 1.0000
vn -0.0000 -1.0000 -0.0000
vn -0.0000 1.0000 -0.0000
vn -0.0000 -0.6437 -0.7653
vn -0.0000 0.6437 -0.7653
vn 0.4498 0.6437 -0.6191
vn 0.4498 -0.6437 -0.6191
vn 0.7278 0.6437 -0.2365
vn 0.7278 -0.6437 -0.2365
vn 0.7278 0.6437 0.2365
vn 0.7278 -0.6437 0.2365
vn 0.4498 0.6437 0.6191
vn 0.4498 -0.6437 0.6191
vn -0.0000 0.6437 0.7653
vn -0.0000 -0.6437 0.7653
vn -0.4498 0.6437 0.6191
vn -0.4498 -0.6437 0.6191
vn -0.7278 0.6437 0.2365
vn -0.7278 -0.6437 0.2365
vn -0.7278 0.6437 -0.2365
vn -0.7278 -0.6437 -0.2365
vn -0.4498 0.6437 -0.6191
vn -0.4498 -0.6437 -0.6191
vn -0.0000 0.4067 -0.9135
vn -0.0000 -0.4067 0.9135
vn -0.0000 -0.9135 -0.4067
vn -0.0000 0.9135 0.4067
vn -0.9976 -0.0000 -0.0698
vn 0.0024 0.9994 -0.0348
vn 0.9976 -0.0000 0.0698
vn -0.0024 -0.9994 0.0348
vn 0.0697 -0.0349 -0.9970
vn -0.0697 0.0349 0.9970
vn -0.9945 -0.0000 0.1045
vn -0.0288 0.9613 -0.2741
vn 0.9945 -0.0000 -0.1045
vn 0.0288 -0.9613 0.2741
vn -0.1005 -0.2756 -0.9560
vn 0.1005 0.2756 0.9560
vn -0.0000 0.0002 1.0000
vn -0.0000 0.0001 1.0000
vn -0.0000 -0.0001 1.0000
vn -0.0000 -0.0002 1.0000
vn -0.0000 0.0001 -1.0000
vn -0.0000 -0.0001 -1.0000
vn -0.0000 0.0002 -1.0000
vn -0.0000 0.0003 -1.0000
vn -0.4763 -0.8793 -0.0000
vn -0.4457 -0.8952 -0.0000
vn -0.4117 -0.9113 -0.0000
vn -0.3742 -0.9273 -0.0000
vn -0.3334 -0.9428 -0.0000
vn -0.2897 -0.9571 -0.0000
vn -0.2434 -0.9699 -0.0000
vn -0.1952 -0.9808 -0.0000
vn -0.1460 -0.9893 -0.0000
vn -0.0965 -0.9953 -0.0000
vn -0.0477 -0.9989 -0.0000
vn 0.0180 -0.9998 -0.0000
vn 0.1203 -0.9927 -0.0000
vn 0.2418 -0.9703 -0.0000
vn 0.3623 -0.9320 -0.0000
vn 0.4793 -0.8776 -0.0000
vn 0.5902 -0.8073 -0.0000
vn 0.6922 -0.7217 -0.0000
vn 0.7829 -0.6221 -0.0000
vn 0.8599 -0.5105 -0.0000
vn 0.9212 -0.3892 -0.0000
vn 0.9652 -0.2614 -0.0000
vn 0.9915 -0.1305 -0.0000
vn 1.0000 -0.0015 -0.0000
vn 0.9921 0.1257 -0.0000
vn 0.9670 0.2546 -0.0000
vn 0.9234 0.3838 -0.0000
vn 0.8609 0.5087 -0.0000
vn 0.7808 0.6248 -0.0000
vn 0.6854 0.7282 -0.0000
vn 0.5784 0.8158 -0.0000
vn 0.4637 0.8860 -0.0000
vn 0.3454 0.9385 -0.0000
vn 0.2270 0.9739 -0.0000
vn 0.1113 0.9938 -0.0000
vn 0.0128 0.9999 -0.0000
vn -0.0569 0.9984 -0.0000
vn -0.1116 0.9938 -0.0000
vn -0.1639 0.9865 -0.0000
vn -0.2138 0.9769 -0.0000
vn -0.2616 0.9652 -0.0000
vn -0.3072 0.9516 -0.0000
vn -0.3509 0.9364 -0.0000
vn -0.3927 0.9196 -0.0000
vn -0.4329 0.9014 -0.0000
vn -0.4716 0.8818 -0.0000
vn -0.5088 0.8609 -0.0000
vn 0.4864 0.8738 -0.0000
vn 0.8517 -0.5240 -0.0000
vn 0.4374 -0.8993 -0.0000
vn 0.4081 -0.9129 -0.0000
vn 0.3749 -0.9271 -0.0000
vn 0.3381 -0.9411 -0.0000
vn 0.2984 -0.9544 -0.0000
vn 0.2565 -0.9666 -0.0000
vn 0.2131 -0.9770 -0.0000
vn 0.1690 -0.9856 -0.0000
vn 0.1251 -0.9922 -0.0000
vn 0.0819 -0.9966 -0.0000
vn 0.0401 -0.9992 -0.0000
vn -0.0226 -0.9997 -0.0000
vn -0.1330 -0.9911 -0.0000
vn -0.2704 -0.9628 -0.0000
vn -0.4061 -0.9138 -0.0000
vn -0.5336 -0.8457 -0.0000
vn -0.6474 -0.7621 -0.0000
vn -0.7446 -0.6675 -0.0000
vn -0.8244 -0.5661 -0.0000
vn -0.8876 -0.4607 -0.0000
vn -0.9358 -0.3524 -0.0000
vn -0.9705 -0.2409 -0.0000
vn -0.9923 -0.1241 -0.0000
vn -1.0000 -0.0004 -0.0000
vn -0.9918 0.1279 -0.0000
vn -0.9664 0.2571 -0.0000
vn -0.9232 0.3844 -0.0000
vn -0.8625 0.5061 -0.0000
vn -0.7855 0.6188 -0.0000
vn -0.6942 0.7198 -0.0000
vn -0.5911 0.8066 -0.0000
vn -0.4791 0.8778 -0.0000
vn -0.3610 0.9325 -0.0000
vn -0.2401 0.9708 -0.0000
vn -0.1190 0.9929 -0.0000
vn -0.0192 0.9998 -0.0000
vn 0.0408 0.9992 -0.0000
vn 0.0816 0.9967 -0.0000
vn 0.1217 0.9926 -0.0000
vn 0.1606 0.9870 -0.0000
vn 0.1976 0.9803 -0.0000
vn 0.2325 0.9726 -0.0000
vn 0.2648 0.9643 -0.0000
vn 0.2945 0.9556 -0.0000
vn 0.3214 0.9469 -0.0000
vn 0.3457 0.9384 -0.0000
vn 0.3673 0.9301 -0.0000
vn 0.8299 0.5579 -0.0000
vn 0.5047 -0.8633 -0.0000
vn -0.5420 -0.8404 -0.0000
vn 0.5507 -0.8347 -0.0000
vn -0.8345 -0.5510 -0.0000
vn -0.5510 0.8345 -0.0000
vn 0.5449 0.8385 -0.0000
vn 0.8385 -0.5449 -0.0000
vn -0.8387 0.5446 -0.0000
vn 0.0137 -0.9999 -0.0000
vn 0.8312 0.5560 -0.0000
vn 0.7071 -0.7071 -0.0000
vn 0.7071 0.7071 -0.0000
vn -0.7071 -0.7071 -0.0000
vn -0.7071 0.7071 -0.0000
vn -0.0000 -0.6657 -0.7462
vn -0.0000 0.6657 -0.7462
vn 0.2856 0.6657 -0.6894
vn 0.2856 -0.6657 -0.6894
vn 0.5276 0.6657 -0.5276
vn 0.5276 -0.6657 -0.5276
vn 0.6894 0.6657 -0.2856
vn 0.6894 -0.6657 -0.2856
vn 0.7462 0.6657 -0.0000
vn 0.7462 -0.6657 -0.0000
vn 0.6894 0.6657 0.2856
vn 0.6894 -0.6657 0.2856
vn 0.5276 0.6657 0.5276
vn 0.5276 -0.6657 0.5276
vn 0.2856 0.6657 0.6894
vn 0.2856 -0.6657 0.6894
vn -0.0000 0.6657 0.7462
vn -0.0000 -0.6657 0.7462
vn -0.2856 0.6657 0.6894
vn -0.2856 -0.6657 0.6894
vn -0.5276 0.6657 0.5276
vn -0.5276 -0.6657 0.5276
vn -0.6894 0.6657 0.2856
vn -0.6894 -0.6657 0.2856
vn -0.7462 0.6657 -0.0000
vn -0.7462 -0.6657 -0.0000
vn -0.6894 0.6657 -0.2856
vn -0.6894 -0.6657 -0.2856
vn -0.5276 0.6657 -0.5276
vn -0.5276 -0.6657 -0.5276
vn -0.2856 0.6657 -0.6894
vn -0.2856 -0.6657 -0.6894
vn 0.9397 0.3420 -0.0000
vn 0.6833 0.2487 0.6865
vn 0.7271 -0.0000 0.6865
vn 0.0399 0.0145 0.9991
vn 0.0424 -0.0000 0.9991
vn -0.6433 -0.2341 0.7289
vn -0.6846 -0.0000 0.7289
vn -0.9397 -0.3420 -0.0000
vn -0.6433 -0.2341 -0.7289
vn -0.6846 -0.0000 -0.7289
vn 0.0399 0.0145 -0.9991
vn 0.0424 -0.0000 -0.9991
vn 0.6833 0.2487 -0.6865
vn 0.7271 -0.0000 -0.6865
vn 0.7660 0.6428 -0.0000
vn 0.5570 0.4674 0.6865
vn 0.0325 0.0273 0.9991
vn -0.5244 -0.4400 0.7289
vn -0.7660 -0.6428 -0.0000
vn -0.5244 -0.4400 -0.7289
vn 0.0325 0.0273 -0.9991
vn 0.5570 0.4674 -0.6865
vn 0.5000 0.8660 -0.0000
vn 0.3636 0.6297 0.6865
vn 0.0212 0.0368 0.9991
vn -0.3423 -0.5929 0.7289
vn -0.5000 -0.8660 -0.0000
vn -0.3423 -0.5929 -0.7289
vn 0.0212 0.0368 -0.9991
vn 0.3636 0.6297 -0.6865
vn 0.1736 0.9848 -0.0000
vn 0.1263 0.7161 0.6865
vn 0.0074 0.0418 0.9991
vn -0.1189 -0.6742 0.7289
vn -0.1736 -0.9848 -0.0000
vn -0.1189 -0.6742 -0.7289
vn 0.0074 0.0418 -0.9991
vn 0.1263 0.7161 -0.6865
vn -0.1737 0.9848 -0.0000
vn -0.1263 0.7161 0.6865
vn -0.0074 0.0418 0.9991
vn 0.1189 -0.6742 0.7289
vn 0.1736 -0.9848 -0.0000
vn 0.1189 -0.6742 -0.7289
vn -0.0074 0.0418 -0.9991
vn -0.1263 0.7161 -0.6865
vn -0.5000 0.8660 -0.0000
vn -0.3636 0.6297 0.6865
vn -0.0212 0.0368 0.9991
vn 0.3423 -0.5929 0.7289
vn 0.5000 -0.8660 -0.0000
vn 0.3423 -0.5929 -0.7289
vn -0.0212 0.0368 -0.9991
vn -0.3635 0.6297 -0.6865
vn -0.7660 0.6428 -0.0000
vn -0.5570 0.4674 0.6865
vn -0.0325 0.0273 0.9991
vn 0.5244 -0.4401 0.7289
vn 0.7660 -0.6428 -0.0000
vn 0.5244 -0.4400 -0.7289
vn -0.0325 0.0273 -0.9991
vn -0.5570 0.4674 -0.6865
vn -0.9397 0.3420 -0.0000
vn -0.6833 0.2487 0.6865
vn -0.0399 0.0145 0.9991
vn 0.6433 -0.2341 0.7289
vn 0.9397 -0.3420 -0.0000
vn 0.6433 -0.2341 -0.7289
vn -0.0399 0.0145 -0.9991
vn -0.6833 0.2487 -0.6865
vn -0.7271 -0.0000 0.6865
vn -0.0424 -0.0000 0.9991
vn 0.6846 -0.0000 0.7289
vn 0.6846 -0.0000 -0.7289
vn -0.0424 -0.0000 -0.9991
vn -0.7271 -0.0000 -0.6865
vn -0.6833 -0.2487 0.6865
vn -0.0399 -0.0145 0.9991
vn 0.6433 0.2341 0.7289
vn 0.6433 0.2341 -0.7289
vn -0.0399 -0.0145 -0.9991
vn -0.6833 -0.2487 -0.6865
vn -0.5570 -0.4674 0.6865
vn -0.0325 -0.0273 0.9991
vn 0.5244 0.4401 0.7289
vn 0.5244 0.4400 -0.7289
vn -0.0325 -0.0273 -0.9991
vn -0.5570 -0.4674 -0.6865
vn -0.3636 -0.6297 0.6865
vn -0.0212 -0.0368 0.9991
vn 0.3423 0.5929 0.7289
vn 0.3423 0.5929 -0.7289
vn -0.0212 -0.0368 -0.9991
vn -0.3636 -0.6297 -0.6865
vn -0.1263 -0.7161 0.6865
vn -0.0074 -0.0418 0.9991
vn 0.1189 0.6742 0.7289
vn 0.1737 0.9848 -0.0000
vn 0.1189 0.6742 -0.7289
vn -0.0074 -0.0418 -0.9991
vn -0.1263 -0.7161 -0.6865
vn 0.1263 -0.7161 0.6865
vn 0.0074 -0.0418 0.9991
vn -0.1189 0.6742 0.7289
vn -0.1736 0.9848 -0.0000
vn -0.1189 0.6742 -0.7289
vn 0.0074 -0.0418 -0.9991
vn 0.1263 -0.7161 -0.6865
vn 0.3636 -0.6297 0.6865
vn 0.0212 -0.0368 0.9991
vn -0.3423 0.5929 0.7289
vn -0.3423 0.5929 -0.7289
vn 0.0212 -0.0368 -0.9991
vn 0.3636 -0.6297 -0.6865
vn 0.5570 -0.4674 0.6865
vn 0.0325 -0.0273 0.9991
vn -0.5244 0.4400 0.7289
vn -0.5244 0.4400 -0.7289
vn 0.0325 -0.0273 -0.9991
vn 0.5570 -0.4674 -0.6865
vn 0.6833 -0.2487 0.6865
vn 0.0399 -0.0145 0.9991
vn -0.6433 0.2341 0.7289
vn -0.6433 0.2341 -0.7289
vn 0.0399 -0.0145 -0.9991
vn 0.6833 -0.2487 -0.6865
vn -0.0000 -0.6532 -0.7572
vn -0.0000 0.6532 -0.7572
vn 0.3786 0.6532 -0.6557
vn 0.3786 -0.6532 -0.6557
vn 0.6557 0.6532 -0.3786
vn 0.6557 -0.6532 -0.3786
vn 0.7572 0.6532 -0.0000
vn 0.7572 -0.6532 -0.0000
vn 0.6557 0.6532 0.3786
vn 0.6557 -0.6532 0.3786
vn 0.3786 0.6532 0.6557
vn 0.3786 -0.6532 0.6557
vn -0.0000 0.6532 0.7572
vn -0.0000 -0.6532 0.7572
vn -0.3786 0.6532 0.6557
vn -0.3786 -0.6532 0.6557
vn -0.6557 0.6532 0.3786
vn -0.6557 -0.6532 0.3786
vn -0.7572 0.6532 -0.0000
vn -0.7572 -0.6532 -0.0000
vn -0.6557 0.6532 -0.3786
vn -0.6557 -0.6532 -0.3786
vn -0.3786 0.6532 -0.6557
vn -0.3786 -0.6532 -0.6557
vn -0.0000 -0.8250 -0.5651
vn -0.0000 0.3353 -0.9421
vn 0.6862 0.4577 -0.5653
vn 0.6862 -0.7026 -0.1883
vn 0.6862 0.7026 0.1883
vn 0.6862 -0.4577 0.5653
vn -0.0000 0.8250 0.5651
vn -0.0000 -0.3353 0.9421
vn -0.6862 0.7026 0.1883
vn -0.6862 -0.4577 0.5653
vn -0.6862 0.4577 -0.5653
vn -0.6862 -0.7026 -0.1883
vn -0.1268 -0.5967 -0.7924
vn 0.1268 0.5967 -0.7924
vn 0.7981 0.4540 -0.3962
vn 0.5444 -0.7393 -0.3962
vn 0.7981 0.4540 0.3962
vn 0.5444 -0.7393 0.3962
vn 0.1268 0.5967 0.7924
vn -0.1268 -0.5967 0.7924
vn -0.5444 0.7393 0.3962
vn -0.7981 -0.4540 0.3962
vn -0.5444 0.7393 -0.3962
vn -0.7981 -0.4540 -0.3962
vn -0.1364 -0.3063 -0.9421
vn 0.3356 0.7537 -0.5651
vn 0.9127 0.3627 -0.1883
vn 0.4407 -0.6973 -0.5653
vn 0.8131 0.1390 0.5653
vn 0.3412 -0.9210 0.1883
vn 0.1364 0.3063 0.9421
vn -0.3356 -0.7537 0.5651
vn -0.4407 0.6973 0.5653
vn -0.9127 -0.3627 0.1883
vn -0.3411 0.9210 -0.1883
vn -0.8131 -0.1390 -0.5653
vn -0.0000 -0.9325 -0.3612
vn -0.0000 -0.7124 -0.7017
vn 0.3509 -0.7124 -0.6077
vn 0.1806 -0.9325 -0.3128
vn -0.0000 -0.2780 -0.9606
vn -0.0000 0.2780 -0.9606
vn 0.4803 0.2780 -0.8319
vn 0.4803 -0.2780 -0.8319
vn -0.0000 0.7124 -0.7017
vn -0.0000 0.9325 -0.3612
vn 0.1806 0.9325 -0.3128
vn 0.3509 0.7124 -0.6077
vn 0.6077 -0.7124 -0.3509
vn 0.3128 -0.9325 -0.1806
vn 0.8319 0.2780 -0.4803
vn 0.8319 -0.2780 -0.4803
vn 0.3128 0.9325 -0.1806
vn 0.6077 0.7124 -0.3509
vn 0.7017 -0.7124 -0.0000
vn 0.3612 -0.9325 -0.0000
vn 0.9606 0.2780 -0.0000
vn 0.9606 -0.2780 -0.0000
vn 0.3612 0.9325 -0.0000
vn 0.7017 0.7124 -0.0000
vn 0.3128 0.9325 0.1806
vn 0.6077 0.7124 0.3509
vn 0.3128 -0.9325 0.1806
vn 0.8319 -0.2780 0.4803
vn 0.6077 -0.7124 0.3509
vn 0.8319 0.2780 0.4803
vn 0.1806 -0.9325 0.3128
vn 0.4803 -0.2780 0.8319
vn 0.3509 -0.7124 0.6077
vn 0.3509 0.7124 0.6077
vn 0.4803 0.2780 0.8319
vn 0.1806 0.9325 0.3128
vn -0.0000 -0.2780 0.9606
vn -0.0000 -0.7124 0.7017
vn -0.0000 0.7124 0.7017
vn -0.0000 0.2780 0.9606
vn -0.0000 0.9325 0.3612
vn -0.0000 -0.9325 0.3612
vn -0.1806 0.9325 0.3128
vn -0.3509 -0.7124 0.6077
vn -0.1806 -0.9325 0.3128
vn -0.4803 0.2780 0.8319
vn -0.4803 -0.2780 0.8319
vn -0.3509 0.7124 0.6077
vn -0.6077 -0.7124 0.3509
vn -0.3128 -0.9325 0.1806
vn -0.8319 0.2780 0.4803
vn -0.8319 -0.2780 0.4803
vn -0.3128 0.9325 0.1806
vn -0.6077 0.7124 0.3509
vn -0.9606 0.2780 -0.0000
vn -0.9606 -0.2780 -0.0000
vn -0.3612 0.9325 -0.0000
vn -0.7017 0.7124 -0.0000
vn -0.3612 -0.9325 -0.0000
vn -0.7017 -0.7124 -0.0000
vn -0.3128 -0.9325 -0.1806
vn -0.8319 -0.2780 -0.4803
vn -0.6077 -0.7124 -0.3509
vn -0.6077 0.7124 -0.3509
vn -0.8319 0.2780 -0.4803
vn -0.3128 0.9325 -0.1806
vn -0.1806 -0.9325 -0.3128
vn -0.4803 -0.2780 -0.8319
vn -0.3509 -0.7124 -0.6077
vn -0.3509 0.7124 -0.6077
vn -0.4803 0.2780 -0.8319
vn -0.1806 0.9325 -0.3128
vn -0.0000 -0.7210 -0.6929
vn -0.0000 -0.2838 -0.9589
vn 0.4794 -0.2838 -0.8304
vn 0.3465 -0.7210 -0.6001
vn -0.0000 0.2838 -0.9589
vn -0.0000 0.7210 -0.6929
vn 0.3465 0.7210 -0.6001
vn 0.4794 0.2838 -0.8304
vn -0.0000 0.9356 -0.3530
vn 0.1765 0.9356 -0.3057
vn -0.0000 -0.9356 -0.3530
vn 0.1765 -0.9356 -0.3057
vn 0.3057 -0.9356 -0.1765
vn 0.8304 -0.2838 -0.4794
vn 0.6001 -0.7210 -0.3465
vn 0.6001 0.7210 -0.3465
vn 0.8304 0.2838 -0.4794
vn 0.3057 0.9356 -0.1765
vn 0.9589 -0.2838 -0.0000
vn 0.6929 -0.7210 -0.0000
vn 0.6929 0.7210 -0.0000
vn 0.9589 0.2838 -0.0000
vn 0.3530 0.9356 -0.0000
vn 0.3530 -0.9356 -0.0000
vn 0.3057 0.9356 0.1765
vn 0.6001 -0.7210 0.3465
vn 0.3057 -0.9356 0.1765
vn 0.8304 0.2838 0.4794
vn 0.8304 -0.2838 0.4794
vn 0.6001 0.7210 0.3465
vn 0.3465 -0.7210 0.6001
vn 0.1765 -0.9356 0.3057
vn 0.4794 0.2838 0.8304
vn 0.4794 -0.2838 0.8304
vn 0.1765 0.9356 0.3057
vn 0.3465 0.7210 0.6001
vn -0.0000 0.2838 0.9589
vn -0.0000 -0.2838 0.9589
vn -0.0000 0.9356 0.3530
vn -0.0000 0.7210 0.6929
vn -0.0000 -0.9356 0.3530
vn -0.0000 -0.7210 0.6929
vn -0.1765 -0.9356 0.3057
vn -0.4794 -0.2838 0.8304
vn -0.3465 -0.7210 0.6001
vn -0.3465 0.7210 0.6001
vn -0.4794 0.2838 0.8304
vn -0.1765 0.9356 0.3057
vn -0.3057 -0.9356 0.1765
vn -0.8304 -0.2838 0.4794
vn -0.6001 -0.7210 0.3465
vn -0.6001 0.7210 0.3465
vn -0.8304 0.2838 0.4794
vn -0.3057 0.9356 0.1765
vn -0.6929 0.7210 -0.0000
vn -0.9589 0.2838 -0.0000
vn -0.3530 0.9356 -0.0000
vn -0.6929 -0.7210 -0.0000
vn -0.3530 -0.9356 -0.0000
vn -0.9589 -0.2838 -0.0000
vn -0.6001 -0.7210 -0.3465
vn -0.3057 -0.9356 -0.1765
vn -0.8304 0.2838 -0.4794
vn -0.8304 -0.2838 -0.4794
vn -0.3057 0.9356 -0.1765
vn -0.6001 0.7210 -0.3465
vn -0.3465 -0.7210 -0.6001
vn -0.1765 -0.9356 -0.3057
vn -0.4794 0.2838 -0.8304
vn -0.4794 -0.2838 -0.8304
vn -0.1765 0.9356 -0.3057
vn -0.3465 0.7210 -0.6001
vn -0.6437 -0.0000 -0.7653
vn 0.6437 -0.0000 -0.7653
vn 0.6437 -0.4498 -0.6191
vn -0.6437 -0.4498 -0.6191
vn 0.6437 -0.7278 -0.2365
vn -0.6437 -0.7278 -0.2365
vn 0.6437 -0.7278 0.2365
vn -0.6437 -0.7278 0.2365
vn 0.6437 -0.4498 0.6191
vn -0.6437 -0.4498 0.6191
vn 0.6437 -0.0000 0.7653
vn -0.6437 -0.0000 0.7653
vn 0.6437 0.4498 0.6191
vn -0.6437 0.4498 0.6191
vn 0.6437 0.7278 0.2365
vn -0.6437 0.7278 0.2365
vn 0.6437 0.7278 -0.2365
vn -0.6437 0.7278 -0.2365
vn 0.6437 0.4498 -0.6191
vn -0.6437 0.4498 -0.6191
vn -0.0000 -0.9417 -0.3363
vn -0.0000 -0.7386 -0.6742
vn 0.3371 -0.7386 -0.5838
vn 0.1682 -0.9417 -0.2913
vn -0.0000 -0.2959 -0.9552
vn -0.0000 0.2959 -0.9552
vn 0.4776 0.2959 -0.8272
vn 0.4776 -0.2959 -0.8272
vn -0.0000 0.7386 -0.6742
vn -0.0000 0.9417 -0.3363
vn 0.1682 0.9417 -0.2913
vn 0.3371 0.7386 -0.5838
vn 0.5838 0.7386 -0.3371
vn 0.8272 0.2959 -0.4776
vn 0.2913 0.9417 -0.1682
vn 0.5838 -0.7386 -0.3371
vn 0.2913 -0.9417 -0.1682
vn 0.8272 -0.2959 -0.4776
vn 0.6742 -0.7386 -0.0000
vn 0.3363 -0.9417 -0.0000
vn 0.9552 0.2959 -0.0000
vn 0.9552 -0.2959 -0.0000
vn 0.3363 0.9417 -0.0000
vn 0.6742 0.7386 -0.0000
vn 0.5838 -0.7386 0.3371
vn 0.2913 -0.9417 0.1682
vn 0.8272 0.2959 0.4776
vn 0.8272 -0.2959 0.4776
vn 0.2913 0.9417 0.1682
vn 0.5838 0.7386 0.3371
vn 0.1682 0.9417 0.2913
vn 0.3371 0.7386 0.5838
vn 0.1682 -0.9417 0.2913
vn 0.4776 -0.2959 0.8272
vn 0.3371 -0.7386 0.5838
vn 0.4776 0.2959 0.8272
vn -0.0000 -0.9417 0.3363
vn -0.0000 -0.2959 0.9552
vn -0.0000 -0.7386 0.6742
vn -0.0000 0.7386 0.6742
vn -0.0000 0.2959 0.9552
vn -0.0000 0.9417 0.3363
vn -0.4776 -0.2959 0.8272
vn -0.3371 -0.7386 0.5838
vn -0.3371 0.7386 0.5838
vn -0.4776 0.2959 0.8272
vn -0.1682 0.9417 0.2913
vn -0.1682 -0.9417 0.2913
vn -0.2913 0.9417 0.1682
vn -0.5838 -0.7386 0.3371
vn -0.2913 -0.9417 0.1682
vn -0.8272 0.2959 0.4776
vn -0.8272 -0.2959 0.4776
vn -0.5838 0.7386 0.3371
vn -0.6742 -0.7386 -0.0000
vn -0.3363 -0.9417 -0.0000
vn -0.9552 0.2959 -0.0000
vn -0.9552 -0.2959 -0.0000
vn -0.3363 0.9417 -0.0000
vn -0.6742 0.7386 -0.0000
vn -0.8272 0.2959 -0.4776
vn -0.8272 -0.2959 -0.4776
vn -0.2913 0.9417 -0.1682
vn -0.5838 0.7386 -0.3371
vn -0.2913 -0.9417 -0.1682
vn -0.5838 -0.7386 -0.3371
vn -0.1682 -0.9417 -0.2913
vn -0.4776 -0.2959 -0.8272
vn -0.3371 -0.7386 -0.5838
vn -0.3371 0.7386 -0.5838
vn -0.4776 0.2959 -0.8272
vn -0.1682 0.9417 -0.2913
vn -0.9703 0.2419 -0.0000
vn 0.9703 -0.2419 -0.0000
vn -0.2419 -0.9703 -0.0000
vn 0.2419 0.9703 -0.0000
vn -0.9816 -0.1908 -0.0000
vn 0.9816 0.1908 -0.0000
vn 0.1908 -0.9816 -0.0000
vn -0.1908 0.9816 -0.0000
vt 0.715215 0.913219
vt 0.688248 0.913190
vt 0.688248 0.881175
vt 0.715215 0.881204
vt 0.030143 0.922968
vt 0.003176 0.922962
vt 0.003176 0.876233
vt 0.030143 0.876240
vt 0.290918 0.880459
vt 0.317884 0.880414
vt 0.317884 0.912473
vt 0.290918 0.912518
vt 0.838547 0.790603
vt 0.865514 0.790597
vt 0.865514 0.837325
vt 0.838547 0.837332
vt 0.077844 0.762464
vt 0.077844 0.809208
vt 0.045484 0.809206
vt 0.045484 0.762463
vt 0.087781 0.911802
vt 0.087781 0.865058
vt 0.120141 0.865057
vt 0.120141 0.911802
vt 0.728759 0.758201
vt 0.584934 0.758048
vt 0.584934 0.558841
vt 0.728759 0.558994
vt 0.786291 0.552426
vt 0.642469 0.552392
vt 0.642469 0.286400
vt 0.786291 0.286434
vt 0.434764 0.559082
vt 0.578582 0.558841
vt 0.578582 0.758319
vt 0.434764 0.758560
vt 0.647862 0.003210
vt 0.791685 0.003176
vt 0.791685 0.269167
vt 0.647862 0.269201
vt 0.636117 0.286411
vt 0.636117 0.552489
vt 0.434764 0.552479
vt 0.434764 0.286400
vt 0.440158 0.269261
vt 0.440158 0.003178
vt 0.641510 0.003176
vt 0.641510 0.269259
vt 0.397130 0.774127
vt 0.384545 0.774114
vt 0.384545 0.564235
vt 0.397130 0.564248
vt 0.805228 0.563178
vt 0.792643 0.563175
vt 0.792643 0.286400
vt 0.805228 0.286403
vt 0.365609 0.564256
vt 0.378193 0.564235
vt 0.378193 0.774400
vt 0.365609 0.774421
vt 0.798037 0.003179
vt 0.810621 0.003176
vt 0.810621 0.279951
vt 0.798037 0.279954
vt 0.215315 0.003187
vt 0.215315 0.280052
vt 0.003176 0.280041
vt 0.003176 0.003176
vt 0.221667 0.280048
vt 0.221667 0.003178
vt 0.433806 0.003176
vt 0.433806 0.280046
vt 0.914293 0.490948
vt 0.909259 0.490943
vt 0.909259 0.286400
vt 0.914293 0.286406
vt 0.850891 0.557784
vt 0.845858 0.557783
vt 0.845858 0.286400
vt 0.850891 0.286401
vt 0.191090 0.680604
vt 0.196124 0.680595
vt 0.196124 0.885417
vt 0.191090 0.885425
vt 0.848374 0.003177
vt 0.853408 0.003176
vt 0.853408 0.274559
vt 0.848374 0.274560
vt 0.428412 0.286411
vt 0.428412 0.557883
vt 0.221667 0.557872
vt 0.221667 0.286400
vt 0.003176 0.557883
vt 0.003176 0.286407
vt 0.209921 0.286404
vt 0.209921 0.557881
vt 0.816973 0.986261
vt 0.816973 0.975475
vt 0.824799 0.975466
vt 0.824799 0.986253
vt 0.827760 0.279953
vt 0.816973 0.279951
vt 0.816973 0.003176
vt 0.827760 0.003179
vt 0.977297 0.159707
vt 0.977297 0.148920
vt 0.985134 0.148934
vt 0.985134 0.159720
vt 0.348470 0.564238
vt 0.359257 0.564235
vt 0.359257 0.841010
vt 0.348470 0.841012
vt 0.425654 0.564235
vt 0.425654 0.841101
vt 0.417744 0.841100
vt 0.417744 0.564235
vt 0.778381 0.835648
vt 0.778381 0.558778
vt 0.786291 0.558778
vt 0.786291 0.835648
vt 0.072924 0.986459
vt 0.072924 0.975672
vt 0.080750 0.975664
vt 0.080750 0.986451
vt 0.839505 0.563178
vt 0.828719 0.563175
vt 0.828719 0.286400
vt 0.839505 0.286403
vt 0.978008 0.077844
vt 0.978008 0.067057
vt 0.985845 0.067070
vt 0.985845 0.077857
vt 0.811580 0.286403
vt 0.822367 0.286400
vt 0.822367 0.563175
vt 0.811580 0.563178
vt 0.842022 0.003176
vt 0.842022 0.280042
vt 0.834112 0.280041
vt 0.834112 0.003176
vt 0.403482 0.841105
vt 0.403482 0.564235
vt 0.411392 0.564235
vt 0.411392 0.841105
vt 0.854846 0.779420
vt 0.844059 0.779409
vt 0.844059 0.569530
vt 0.854846 0.569542
vt 0.974509 0.870793
vt 0.974509 0.860007
vt 0.982417 0.860005
vt 0.982417 0.870791
vt 0.792643 0.569548
vt 0.803430 0.569530
vt 0.803430 0.779695
vt 0.792643 0.779713
vt 0.333215 0.745931
vt 0.333215 0.735144
vt 0.341123 0.735146
vt 0.341123 0.745933
vt 0.861198 0.569530
vt 0.869108 0.569530
vt 0.869108 0.781669
vt 0.861198 0.781669
vt 0.857243 0.286400
vt 0.865154 0.286400
vt 0.865154 0.498539
vt 0.857243 0.498539
vt 0.837707 0.779420
vt 0.826920 0.779409
vt 0.826920 0.569530
vt 0.837707 0.569542
vt 0.051358 0.984971
vt 0.051358 0.974185
vt 0.059266 0.974183
vt 0.059266 0.984969
vt 0.809782 0.569548
vt 0.820568 0.569530
vt 0.820568 0.779695
vt 0.809782 0.779713
vt 0.945094 0.985030
vt 0.945094 0.974243
vt 0.953002 0.974245
vt 0.953002 0.985031
vt 0.871506 0.286401
vt 0.879416 0.286400
vt 0.879416 0.498539
vt 0.871506 0.498539
vt 0.859760 0.003176
vt 0.867671 0.003176
vt 0.867671 0.215315
vt 0.859760 0.215315
vt 0.995596 0.941043
vt 0.992000 0.941042
vt 0.991991 0.938110
vt 0.995587 0.938110
vt 0.571540 0.982310
vt 0.575136 0.982304
vt 0.575158 0.985046
vt 0.571563 0.985052
vt 0.575158 0.988129
vt 0.571563 0.988135
vt 0.575136 0.990373
vt 0.571540 0.990379
vt 0.991991 0.974917
vt 0.995587 0.974916
vt 0.995596 0.977899
vt 0.992000 0.977900
vt 0.995587 0.980832
vt 0.991991 0.980832
vt 0.537553 0.994530
vt 0.533958 0.994526
vt 0.533971 0.991769
vt 0.537567 0.991773
vt 0.533971 0.988691
vt 0.537567 0.988695
vt 0.033302 0.965091
vt 0.035131 0.962574
vt 0.038090 0.961612
vt 0.041049 0.962574
vt 0.042878 0.965091
vt 0.042878 0.968202
vt 0.041049 0.970719
vt 0.038090 0.971680
vt 0.035131 0.970719
vt 0.033303 0.968202
vt 0.533958 0.986468
vt 0.537553 0.986472
vt 0.995587 0.944026
vt 0.991991 0.944025
vt 0.525825 0.971010
vt 0.528784 0.970048
vt 0.531743 0.971009
vt 0.533572 0.973526
vt 0.533572 0.976637
vt 0.531743 0.979154
vt 0.528784 0.980116
vt 0.525826 0.979155
vt 0.523997 0.976638
vt 0.523997 0.973527
vt 0.995596 0.921335
vt 0.992000 0.921334
vt 0.991991 0.918401
vt 0.995587 0.918402
vt 0.374597 0.979898
vt 0.378192 0.979892
vt 0.378215 0.982635
vt 0.374619 0.982641
vt 0.378215 0.985717
vt 0.374619 0.985723
vt 0.378192 0.987961
vt 0.374597 0.987967
vt 0.987368 0.556728
vt 0.990964 0.556727
vt 0.990972 0.559711
vt 0.987377 0.559711
vt 0.990964 0.562643
vt 0.987368 0.562644
vt 0.241443 0.993227
vt 0.237847 0.993223
vt 0.237860 0.990467
vt 0.241456 0.990471
vt 0.237860 0.987389
vt 0.241456 0.987393
vt 0.735111 0.957976
vt 0.735111 0.954865
vt 0.736940 0.952348
vt 0.739899 0.951386
vt 0.742857 0.952347
vt 0.744686 0.954864
vt 0.744686 0.957976
vt 0.742857 0.960493
vt 0.739899 0.961454
vt 0.736940 0.960493
vt 0.237847 0.985165
vt 0.241443 0.985169
vt 0.995587 0.924318
vt 0.991991 0.924317
vt 0.384172 0.966951
vt 0.384172 0.970062
vt 0.382343 0.972579
vt 0.379384 0.973540
vt 0.376426 0.972578
vt 0.374597 0.970061
vt 0.374597 0.966950
vt 0.376426 0.964434
vt 0.379384 0.963472
vt 0.382343 0.964434
vt 0.612868 0.992424
vt 0.609273 0.992424
vt 0.609264 0.989491
vt 0.612860 0.989492
vt 0.561570 0.982310
vt 0.565166 0.982304
vt 0.565188 0.985046
vt 0.561593 0.985052
vt 0.565188 0.988129
vt 0.561593 0.988135
vt 0.565166 0.990373
vt 0.561570 0.990379
vt 0.992375 0.406977
vt 0.995970 0.406976
vt 0.995979 0.409959
vt 0.992383 0.409960
vt 0.995970 0.412892
vt 0.992375 0.412892
vt 0.597957 0.994088
vt 0.594362 0.994084
vt 0.594375 0.991327
vt 0.597971 0.991331
vt 0.594375 0.988249
vt 0.597971 0.988253
vt 0.843101 0.965132
vt 0.844930 0.962615
vt 0.847889 0.961653
vt 0.850848 0.962614
vt 0.852676 0.965131
vt 0.852676 0.968242
vt 0.850848 0.970759
vt 0.847889 0.971721
vt 0.844930 0.970759
vt 0.843101 0.968243
vt 0.594362 0.986026
vt 0.597957 0.986030
vt 0.612860 0.995408
vt 0.609264 0.995407
vt 0.662915 0.970744
vt 0.664743 0.973261
vt 0.664743 0.976372
vt 0.662915 0.978889
vt 0.659956 0.979850
vt 0.656997 0.978889
vt 0.655168 0.976372
vt 0.655168 0.973261
vt 0.656997 0.970744
vt 0.659956 0.969783
vt 0.987376 0.992570
vt 0.983780 0.992569
vt 0.983772 0.989637
vt 0.987367 0.989638
vt 0.179588 0.980478
vt 0.183184 0.980472
vt 0.183206 0.983215
vt 0.179611 0.983221
vt 0.183206 0.986297
vt 0.179611 0.986303
vt 0.183184 0.988541
vt 0.179588 0.988547
vt 0.991991 0.881596
vt 0.995587 0.881595
vt 0.995596 0.884578
vt 0.992000 0.884579
vt 0.995587 0.887511
vt 0.991991 0.887512
vt 0.480549 0.993470
vt 0.476953 0.993466
vt 0.476967 0.990709
vt 0.480562 0.990713
vt 0.476967 0.987631
vt 0.480562 0.987635
vt 0.961370 0.152399
vt 0.963199 0.149882
vt 0.966158 0.148920
vt 0.969116 0.149882
vt 0.970945 0.152399
vt 0.970945 0.155510
vt 0.969116 0.158027
vt 0.966158 0.158988
vt 0.963199 0.158027
vt 0.961370 0.155510
vt 0.476953 0.985408
vt 0.480549 0.985412
vt 0.987367 0.995553
vt 0.983772 0.995553
vt 0.553885 0.967805
vt 0.553885 0.970916
vt 0.552056 0.973433
vt 0.549098 0.974394
vt 0.546139 0.973432
vt 0.544310 0.970915
vt 0.544310 0.967804
vt 0.546139 0.965287
vt 0.549098 0.964326
vt 0.552056 0.965288
vt 0.284121 0.993014
vt 0.280526 0.993013
vt 0.280517 0.990081
vt 0.284113 0.990081
vt 0.688248 0.984687
vt 0.691843 0.984681
vt 0.691866 0.987424
vt 0.688270 0.987430
vt 0.691866 0.990506
vt 0.688270 0.990512
vt 0.691843 0.992750
vt 0.688248 0.992756
vt 0.991991 0.893865
vt 0.995587 0.893864
vt 0.995596 0.896847
vt 0.992000 0.896848
vt 0.995587 0.899780
vt 0.991991 0.899781
vt 0.527593 0.994530
vt 0.523997 0.994526
vt 0.524010 0.991769
vt 0.527606 0.991773
vt 0.524010 0.988691
vt 0.527606 0.988695
vt 0.867836 0.961243
vt 0.870795 0.962205
vt 0.872624 0.964722
vt 0.872624 0.967833
vt 0.870795 0.970350
vt 0.867836 0.971311
vt 0.864877 0.970350
vt 0.863048 0.967833
vt 0.863048 0.964722
vt 0.864877 0.962205
vt 0.523997 0.986468
vt 0.527593 0.986472
vt 0.284113 0.995997
vt 0.280517 0.995996
vt 0.005005 0.971392
vt 0.007963 0.970430
vt 0.010922 0.971391
vt 0.012751 0.973908
vt 0.012751 0.977020
vt 0.010922 0.979537
vt 0.007963 0.980498
vt 0.005005 0.979537
vt 0.003176 0.977020
vt 0.003176 0.973909
vt 0.639612 0.993262
vt 0.636017 0.993262
vt 0.636008 0.990329
vt 0.639603 0.990330
vt 0.926637 0.981760
vt 0.930232 0.981754
vt 0.930255 0.984497
vt 0.926659 0.984503
vt 0.930255 0.987579
vt 0.926659 0.987585
vt 0.930232 0.989823
vt 0.926637 0.989829
vt 0.992427 0.286401
vt 0.996022 0.286400
vt 0.996031 0.289383
vt 0.992435 0.289384
vt 0.996022 0.292316
vt 0.992427 0.292317
vt 0.442189 0.993046
vt 0.438593 0.993042
vt 0.438607 0.990286
vt 0.442202 0.990290
vt 0.438607 0.987208
vt 0.442202 0.987212
vt 0.818802 0.960008
vt 0.821761 0.959047
vt 0.824720 0.960008
vt 0.826549 0.962525
vt 0.826549 0.965636
vt 0.824720 0.968153
vt 0.821761 0.969114
vt 0.818802 0.968153
vt 0.816973 0.965636
vt 0.816973 0.962525
vt 0.438593 0.984984
vt 0.442189 0.984988
vt 0.639603 0.996246
vt 0.636008 0.996245
vt 0.571145 0.969362
vt 0.571145 0.972474
vt 0.569317 0.974990
vt 0.566358 0.975952
vt 0.563399 0.974990
vt 0.561570 0.972473
vt 0.561570 0.969362
vt 0.563399 0.966845
vt 0.566358 0.965884
vt 0.569317 0.966845
vt 0.995979 0.422178
vt 0.992383 0.422177
vt 0.992375 0.419244
vt 0.995970 0.419245
vt 0.989401 0.051977
vt 0.992997 0.051971
vt 0.993019 0.054714
vt 0.989424 0.054720
vt 0.993019 0.057796
vt 0.989424 0.057802
vt 0.992997 0.060040
vt 0.989401 0.060046
vt 0.992677 0.820990
vt 0.996272 0.820989
vt 0.996281 0.823973
vt 0.992685 0.823973
vt 0.996272 0.826905
vt 0.992677 0.826906
vt 0.304475 0.994300
vt 0.300879 0.994296
vt 0.300892 0.991539
vt 0.304488 0.991543
vt 0.300892 0.988461
vt 0.304488 0.988465
vt 0.056145 0.957763
vt 0.059104 0.958724
vt 0.060933 0.961242
vt 0.060933 0.964353
vt 0.059104 0.966870
vt 0.056145 0.967831
vt 0.053186 0.966869
vt 0.051358 0.964352
vt 0.051358 0.961241
vt 0.053187 0.958724
vt 0.300879 0.986238
vt 0.304475 0.986242
vt 0.995970 0.425161
vt 0.992375 0.425160
vt 0.156481 0.970715
vt 0.159440 0.969754
vt 0.162399 0.970715
vt 0.164227 0.973232
vt 0.164227 0.976343
vt 0.162399 0.978860
vt 0.159440 0.979822
vt 0.156481 0.978860
vt 0.154652 0.976343
vt 0.154652 0.973232
vt 0.996030 0.361890
vt 0.992435 0.361889
vt 0.992426 0.358957
vt 0.996022 0.358958
vt 0.792643 0.979340
vt 0.796239 0.979334
vt 0.796261 0.982077
vt 0.792666 0.982083
vt 0.796261 0.985159
vt 0.792666 0.985165
vt 0.796239 0.987403
vt 0.792643 0.987409
vt 0.992197 0.067058
vt 0.995793 0.067057
vt 0.995801 0.070040
vt 0.992206 0.070041
vt 0.995793 0.072973
vt 0.992197 0.072974
vt 0.206325 0.993227
vt 0.202730 0.993223
vt 0.202743 0.990466
vt 0.206339 0.990470
vt 0.202743 0.987388
vt 0.206339 0.987392
vt 0.717378 0.960764
vt 0.720337 0.959803
vt 0.723296 0.960764
vt 0.725124 0.963281
vt 0.725124 0.966392
vt 0.723296 0.968909
vt 0.720337 0.969870
vt 0.717378 0.968909
vt 0.715549 0.966392
vt 0.715549 0.963281
vt 0.202730 0.985165
vt 0.206325 0.985169
vt 0.996022 0.364873
vt 0.992426 0.364873
vt 0.207517 0.968745
vt 0.210476 0.969707
vt 0.212305 0.972223
vt 0.212305 0.975334
vt 0.210476 0.977851
vt 0.207517 0.978813
vt 0.204559 0.977852
vt 0.202730 0.975335
vt 0.202730 0.972224
vt 0.204559 0.969707
vt 0.995818 0.523710
vt 0.992222 0.523709
vt 0.992214 0.520777
vt 0.995809 0.520777
vt 0.973801 0.984183
vt 0.977397 0.984177
vt 0.977419 0.986920
vt 0.973824 0.986926
vt 0.977419 0.990002
vt 0.973824 0.990008
vt 0.977397 0.992246
vt 0.973801 0.992252
vt 0.992677 0.808722
vt 0.996272 0.808721
vt 0.996281 0.811704
vt 0.992685 0.811705
vt 0.996272 0.814637
vt 0.992677 0.814637
vt 0.587997 0.994089
vt 0.584401 0.994085
vt 0.584414 0.991328
vt 0.588010 0.991332
vt 0.584414 0.988250
vt 0.588010 0.988254
vt 0.878976 0.964722
vt 0.880804 0.962205
vt 0.883763 0.961243
vt 0.886722 0.962205
vt 0.888551 0.964722
vt 0.888551 0.967833
vt 0.886722 0.970350
vt 0.883763 0.971311
vt 0.880804 0.970350
vt 0.878976 0.967833
vt 0.584401 0.986027
vt 0.587997 0.986031
vt 0.995809 0.526693
vt 0.992214 0.526692
vt 0.478782 0.969950
vt 0.481741 0.968988
vt 0.484699 0.969949
vt 0.486528 0.972466
vt 0.486528 0.975578
vt 0.484699 0.978095
vt 0.481741 0.979056
vt 0.478782 0.978095
vt 0.476953 0.975578
vt 0.476953 0.972467
vt 0.995818 0.511441
vt 0.992222 0.511441
vt 0.992214 0.508508
vt 0.995809 0.508509
vt 0.389318 0.980527
vt 0.392913 0.980521
vt 0.392936 0.983264
vt 0.389340 0.983270
vt 0.392936 0.986346
vt 0.389340 0.986352
vt 0.392913 0.988590
vt 0.389318 0.988596
vt 0.992213 0.471703
vt 0.995809 0.471702
vt 0.995818 0.474685
vt 0.992222 0.474686
vt 0.995809 0.477618
vt 0.992213 0.477618
vt 0.496476 0.993470
vt 0.492880 0.993466
vt 0.492894 0.990709
vt 0.496489 0.990713
vt 0.492894 0.987631
vt 0.496489 0.987635
vt 0.525826 0.954590
vt 0.528784 0.953628
vt 0.531743 0.954590
vt 0.533572 0.957107
vt 0.533572 0.960218
vt 0.531743 0.962735
vt 0.528784 0.963696
vt 0.525826 0.962735
vt 0.523997 0.960218
vt 0.523997 0.957107
vt 0.492880 0.985408
vt 0.496476 0.985412
vt 0.995809 0.514424
vt 0.992214 0.514424
vt 0.437415 0.968565
vt 0.440374 0.969526
vt 0.442202 0.972043
vt 0.442202 0.975154
vt 0.440374 0.977671
vt 0.437415 0.978632
vt 0.434456 0.977671
vt 0.432627 0.975154
vt 0.432627 0.972043
vt 0.434456 0.969526
vt 0.996031 0.301602
vt 0.992436 0.301602
vt 0.992427 0.298669
vt 0.996023 0.298670
vt 0.745081 0.984232
vt 0.748676 0.984226
vt 0.748699 0.986969
vt 0.745103 0.986975
vt 0.748699 0.990051
vt 0.745103 0.990057
vt 0.748676 0.992295
vt 0.745081 0.992301
vt 0.806834 0.989946
vt 0.810430 0.989946
vt 0.810438 0.992929
vt 0.806843 0.992930
vt 0.810430 0.995861
vt 0.806834 0.995862
vt 0.158248 0.994236
vt 0.154652 0.994232
vt 0.154666 0.991475
vt 0.158261 0.991479
vt 0.154666 0.988397
vt 0.158261 0.988401
vt 0.792643 0.966393
vt 0.794472 0.963876
vt 0.797431 0.962914
vt 0.800390 0.963876
vt 0.802219 0.966393
vt 0.802219 0.969504
vt 0.800390 0.972021
vt 0.797431 0.972982
vt 0.794472 0.972021
vt 0.792643 0.969504
vt 0.154652 0.986174
vt 0.158248 0.986177
vt 0.996023 0.304586
vt 0.992427 0.304585
vt 0.617011 0.974033
vt 0.618839 0.976550
vt 0.618839 0.979661
vt 0.617011 0.982177
vt 0.614052 0.983139
vt 0.611093 0.982177
vt 0.609264 0.979661
vt 0.609264 0.976550
vt 0.611093 0.974033
vt 0.614052 0.973071
vt 0.266490 0.993011
vt 0.262894 0.993010
vt 0.262886 0.990077
vt 0.266481 0.990078
vt 0.019103 0.979499
vt 0.022699 0.979493
vt 0.022721 0.982236
vt 0.019126 0.982242
vt 0.022721 0.985318
vt 0.019126 0.985324
vt 0.022699 0.987562
vt 0.019103 0.987568
vt 0.992426 0.371226
vt 0.996022 0.371225
vt 0.996030 0.374209
vt 0.992435 0.374209
vt 0.996022 0.377141
vt 0.992426 0.377142
vt 0.251404 0.993227
vt 0.247808 0.993223
vt 0.247821 0.990467
vt 0.251417 0.990471
vt 0.247821 0.987389
vt 0.251417 0.987393
vt 0.611093 0.957613
vt 0.614052 0.956652
vt 0.617011 0.957613
vt 0.618839 0.960130
vt 0.618839 0.963241
vt 0.617011 0.965758
vt 0.614052 0.966719
vt 0.611093 0.965758
vt 0.609264 0.963241
vt 0.609264 0.960130
vt 0.247808 0.985165
vt 0.251404 0.985169
vt 0.266481 0.995994
vt 0.262886 0.995993
vt 0.736940 0.968768
vt 0.739898 0.967806
vt 0.742857 0.968767
vt 0.744686 0.971284
vt 0.744686 0.974396
vt 0.742857 0.976913
vt 0.739898 0.977874
vt 0.736940 0.976913
vt 0.735111 0.974396
vt 0.735111 0.971285
vt 0.629656 0.993249
vt 0.626060 0.993248
vt 0.626052 0.990315
vt 0.629647 0.990316
vt 0.673789 0.981860
vt 0.677384 0.981854
vt 0.677407 0.984597
vt 0.673811 0.984603
vt 0.677407 0.987679
vt 0.673811 0.987685
vt 0.677384 0.989923
vt 0.673789 0.989929
vt 0.991991 0.962648
vt 0.995587 0.962647
vt 0.995596 0.965630
vt 0.992000 0.965631
vt 0.995587 0.968563
vt 0.991991 0.968564
vt 0.658764 0.994264
vt 0.655168 0.994260
vt 0.655182 0.991504
vt 0.658777 0.991507
vt 0.655182 0.988426
vt 0.658777 0.988429
vt 0.353258 0.962764
vt 0.356216 0.963725
vt 0.358045 0.966242
vt 0.358045 0.969353
vt 0.356216 0.971870
vt 0.353258 0.972831
vt 0.350299 0.971870
vt 0.348470 0.969353
vt 0.348470 0.966242
vt 0.350299 0.963725
vt 0.655168 0.986202
vt 0.658764 0.986206
vt 0.629647 0.996232
vt 0.626052 0.996231
vt 0.401476 0.969858
vt 0.404435 0.968896
vt 0.407394 0.969858
vt 0.409222 0.972375
vt 0.409222 0.975486
vt 0.407394 0.978003
vt 0.404435 0.978964
vt 0.401476 0.978003
vt 0.399648 0.975486
vt 0.399648 0.972375
vt 0.995818 0.499173
vt 0.992222 0.499172
vt 0.992214 0.496239
vt 0.995809 0.496240
vt 0.778381 0.980556
vt 0.781976 0.980550
vt 0.781999 0.983293
vt 0.778403 0.983299
vt 0.781999 0.986375
vt 0.778403 0.986381
vt 0.781976 0.988619
vt 0.778381 0.988625
vt 0.992427 0.310939
vt 0.996023 0.310938
vt 0.996031 0.313921
vt 0.992436 0.313922
vt 0.996023 0.316853
vt 0.992427 0.316854
vt 0.430257 0.993047
vt 0.426662 0.993043
vt 0.426675 0.990286
vt 0.430271 0.990290
vt 0.426675 0.987208
vt 0.430271 0.987212
vt 0.907713 0.960113
vt 0.910672 0.961075
vt 0.912501 0.963592
vt 0.912501 0.966703
vt 0.910672 0.969220
vt 0.907713 0.970181
vt 0.904754 0.969219
vt 0.902926 0.966702
vt 0.902926 0.963591
vt 0.904754 0.961074
vt 0.426662 0.984985
vt 0.430257 0.984989
vt 0.995809 0.502156
vt 0.992214 0.502155
vt 0.298664 0.970780
vt 0.300493 0.973297
vt 0.300493 0.976408
vt 0.298664 0.978925
vt 0.295706 0.979886
vt 0.292747 0.978925
vt 0.290918 0.976408
vt 0.290918 0.973297
vt 0.292747 0.970780
vt 0.295706 0.969819
vt 0.995979 0.434447
vt 0.992383 0.434446
vt 0.992375 0.431513
vt 0.995970 0.431514
vt 0.988690 0.134188
vt 0.992285 0.134182
vt 0.992308 0.136925
vt 0.988712 0.136931
vt 0.992308 0.140007
vt 0.988712 0.140013
vt 0.992285 0.142251
vt 0.988690 0.142257
vt 0.991991 0.906133
vt 0.995587 0.906133
vt 0.995596 0.909116
vt 0.992000 0.909117
vt 0.995587 0.912048
vt 0.991991 0.912049
vt 0.294514 0.994300
vt 0.290918 0.994296
vt 0.290931 0.991539
vt 0.294527 0.991543
vt 0.290931 0.988461
vt 0.294527 0.988465
vt 0.966869 0.067057
vt 0.969828 0.068019
vt 0.971656 0.070536
vt 0.971656 0.073647
vt 0.969828 0.076164
vt 0.966869 0.077125
vt 0.963910 0.076164
vt 0.962081 0.073647
vt 0.962081 0.070535
vt 0.963910 0.068019
vt 0.290918 0.986238
vt 0.294514 0.986242
vt 0.995970 0.437430
vt 0.992375 0.437429
vt 0.418529 0.969526
vt 0.421488 0.968565
vt 0.424447 0.969526
vt 0.426275 0.972043
vt 0.426275 0.975154
vt 0.424447 0.977671
vt 0.421488 0.978633
vt 0.418529 0.977671
vt 0.416701 0.975155
vt 0.416701 0.972043
vt 0.895972 0.992098
vt 0.892376 0.992097
vt 0.892368 0.989164
vt 0.895963 0.989165
vt 0.544310 0.980752
vt 0.547905 0.980746
vt 0.547928 0.983489
vt 0.544333 0.983495
vt 0.547928 0.986571
vt 0.544333 0.986577
vt 0.547905 0.988815
vt 0.544310 0.988821
vt 0.992426 0.346689
vt 0.996022 0.346688
vt 0.996030 0.349671
vt 0.992435 0.349672
vt 0.996022 0.352604
vt 0.992426 0.352605
vt 0.420296 0.993047
vt 0.416701 0.993043
vt 0.416714 0.990286
vt 0.420309 0.990290
vt 0.416714 0.987208
vt 0.420309 0.987212
vt 0.007964 0.954010
vt 0.010922 0.954972
vt 0.012751 0.957489
vt 0.012751 0.960600
vt 0.010922 0.963117
vt 0.007963 0.964078
vt 0.005005 0.963117
vt 0.003176 0.960600
vt 0.003176 0.957488
vt 0.005005 0.954972
vt 0.416701 0.984985
vt 0.420296 0.984989
vt 0.895963 0.995081
vt 0.892368 0.995080
vt 0.245594 0.969707
vt 0.247422 0.972224
vt 0.247422 0.975335
vt 0.245594 0.977852
vt 0.242635 0.978813
vt 0.239676 0.977852
vt 0.237847 0.975335
vt 0.237847 0.972224
vt 0.239676 0.969707
vt 0.242635 0.968746
vt 0.995596 0.953312
vt 0.992000 0.953311
vt 0.991991 0.950378
vt 0.995587 0.950379
vt 0.832901 0.984535
vt 0.836496 0.984529
vt 0.836518 0.987272
vt 0.832923 0.987278
vt 0.836518 0.990354
vt 0.832923 0.990360
vt 0.836496 0.992598
vt 0.832901 0.992604
vt 0.891095 0.831416
vt 0.894690 0.831415
vt 0.894699 0.834398
vt 0.891103 0.834399
vt 0.894690 0.837331
vt 0.891095 0.837331
vt 0.506437 0.993470
vt 0.502841 0.993466
vt 0.502855 0.990709
vt 0.506450 0.990713
vt 0.502855 0.987631
vt 0.506450 0.987635
vt 0.492880 0.959158
vt 0.492880 0.956047
vt 0.494709 0.953530
vt 0.497668 0.952568
vt 0.500627 0.953529
vt 0.502455 0.956046
vt 0.502455 0.959158
vt 0.500627 0.961675
vt 0.497668 0.962636
vt 0.494709 0.961675
vt 0.502841 0.985408
vt 0.506437 0.985412
vt 0.995587 0.956295
vt 0.991991 0.956294
vt 0.697823 0.971740
vt 0.697823 0.974851
vt 0.695994 0.977368
vt 0.693036 0.978329
vt 0.690077 0.977367
vt 0.688248 0.974850
vt 0.688248 0.971739
vt 0.690077 0.969222
vt 0.693035 0.968261
vt 0.695994 0.969223
vt 0.995818 0.486904
vt 0.992222 0.486903
vt 0.992214 0.483970
vt 0.995809 0.483971
vt 0.735111 0.984232
vt 0.738706 0.984226
vt 0.738729 0.986969
vt 0.735133 0.986975
vt 0.738729 0.990051
vt 0.735133 0.990057
vt 0.738706 0.992295
vt 0.735111 0.992301
vt 0.901051 0.831416
vt 0.904646 0.831415
vt 0.904655 0.834398
vt 0.901059 0.834399
vt 0.904646 0.837331
vt 0.901051 0.837332
vt 0.403243 0.993378
vt 0.399648 0.993374
vt 0.399661 0.990618
vt 0.403256 0.990621
vt 0.399661 0.987540
vt 0.403256 0.987544
vt 0.476953 0.959158
vt 0.476953 0.956047
vt 0.478782 0.953530
vt 0.481741 0.952568
vt 0.484700 0.953529
vt 0.486528 0.956046
vt 0.486528 0.959157
vt 0.484700 0.961675
vt 0.481741 0.962636
vt 0.478782 0.961675
vt 0.399648 0.985316
vt 0.403243 0.985320
vt 0.995809 0.489887
vt 0.992214 0.489886
vt 0.497668 0.968988
vt 0.500627 0.969949
vt 0.502455 0.972466
vt 0.502455 0.975577
vt 0.500627 0.978094
vt 0.497668 0.979056
vt 0.494709 0.978095
vt 0.492880 0.975578
vt 0.492880 0.972467
vt 0.494709 0.969950
vt 0.721567 0.953451
vt 0.721567 0.881179
vt 0.725124 0.881175
vt 0.725124 0.953447
vt 0.117755 0.674243
vt 0.045484 0.674226
vt 0.045484 0.564235
vt 0.117755 0.564252
vt 0.947612 0.543970
vt 0.947612 0.471702
vt 0.951174 0.471708
vt 0.951174 0.543976
vt 0.124107 0.564252
vt 0.196378 0.564235
vt 0.196378 0.674226
vt 0.124107 0.674243
vt 0.932750 0.402781
vt 0.932750 0.512808
vt 0.929155 0.512808
vt 0.929155 0.402781
vt 0.929155 0.396429
vt 0.929155 0.286400
vt 0.932750 0.286400
vt 0.932750 0.396429
vt 0.945094 0.967891
vt 0.945094 0.901372
vt 0.947228 0.901370
vt 0.947228 0.967889
vt 0.269248 0.668491
vt 0.202730 0.668475
vt 0.202730 0.564235
vt 0.269248 0.564251
vt 0.324236 0.946929
vt 0.324236 0.880414
vt 0.326373 0.880417
vt 0.326373 0.946933
vt 0.275600 0.564251
vt 0.342118 0.564235
vt 0.342118 0.668475
vt 0.275600 0.668491
vt 0.943776 0.687307
vt 0.943776 0.791581
vt 0.941618 0.791581
vt 0.941618 0.687307
vt 0.939102 0.505221
vt 0.939102 0.400946
vt 0.941260 0.400946
vt 0.941260 0.505221
vt 0.955008 0.875243
vt 0.955008 0.808724
vt 0.958210 0.808721
vt 0.958210 0.875240
vt 0.955008 0.948114
vt 0.955008 0.881596
vt 0.957524 0.881595
vt 0.957524 0.948113
vt 0.609264 0.950294
vt 0.609264 0.883779
vt 0.612470 0.883784
vt 0.612470 0.950300
vt 0.191090 0.958295
vt 0.191090 0.891777
vt 0.193606 0.891778
vt 0.193606 0.958296
vt 0.564235 0.275613
vt 0.566752 0.275613
vt 0.566752 0.278849
vt 0.564235 0.278849
vt 0.590842 0.275613
vt 0.593359 0.275613
vt 0.593359 0.278849
vt 0.590842 0.278849
vt 0.952971 0.636052
vt 0.952971 0.569533
vt 0.956173 0.569530
vt 0.956173 0.636049
vt 0.957521 0.425790
vt 0.957521 0.359272
vt 0.960037 0.359271
vt 0.960037 0.425789
vt 0.952884 0.238811
vt 0.952884 0.172295
vt 0.956089 0.172300
vt 0.956089 0.238816
vt 0.957521 0.352918
vt 0.957521 0.286400
vt 0.960037 0.286401
vt 0.960037 0.352919
vt 0.573104 0.275613
vt 0.575621 0.275613
vt 0.575621 0.278849
vt 0.573104 0.278849
vt 0.581973 0.275613
vt 0.584490 0.275613
vt 0.584490 0.278849
vt 0.581973 0.278849
vt 0.352066 0.987725
vt 0.348470 0.987721
vt 0.348470 0.979184
vt 0.352066 0.979187
vt 0.183184 0.922463
vt 0.179588 0.922462
vt 0.179588 0.807439
vt 0.183184 0.807440
vt 0.322778 0.979015
vt 0.326373 0.979008
vt 0.326373 0.987558
vt 0.322778 0.987564
vt 0.926637 0.808722
vt 0.930233 0.808721
vt 0.930233 0.923744
vt 0.926637 0.923745
vt 0.935266 0.687308
vt 0.935266 0.802369
vt 0.926637 0.802368
vt 0.926637 0.687307
vt 0.333061 0.935089
vt 0.333061 0.820027
vt 0.341690 0.820027
vt 0.341690 0.935089
vt 0.952883 0.165943
vt 0.952883 0.085041
vt 0.955018 0.085039
vt 0.955018 0.165941
vt 0.202730 0.755752
vt 0.202730 0.674852
vt 0.240472 0.674843
vt 0.240472 0.755743
vt 0.390779 0.928262
vt 0.390779 0.847364
vt 0.392917 0.847368
vt 0.392917 0.928266
vt 0.246824 0.755743
vt 0.246824 0.674843
vt 0.284566 0.674852
vt 0.284566 0.755752
vt 0.984576 0.613637
vt 0.984576 0.651392
vt 0.982419 0.651391
vt 0.982419 0.613637
vt 0.982419 0.607285
vt 0.982419 0.569530
vt 0.984576 0.569530
vt 0.984576 0.607285
vt 0.947612 0.372699
vt 0.947612 0.286404
vt 0.951169 0.286400
vt 0.951169 0.372695
vt 0.942937 0.089471
vt 0.942937 0.003177
vt 0.946531 0.003176
vt 0.946531 0.089470
vt 0.943057 0.655821
vt 0.943057 0.569530
vt 0.946619 0.569536
vt 0.946619 0.655827
vt 0.778381 0.928293
vt 0.778381 0.842000
vt 0.781976 0.842000
vt 0.781976 0.928294
vt 0.440158 0.275613
vt 0.443753 0.275613
vt 0.443753 0.279209
vt 0.440158 0.279209
vt 0.460053 0.279209
vt 0.460053 0.275613
vt 0.463649 0.275613
vt 0.463649 0.279209
vt 0.947612 0.465350
vt 0.947612 0.379055
vt 0.951169 0.379051
vt 0.951169 0.465346
vt 0.942937 0.182117
vt 0.942937 0.095823
vt 0.946531 0.095823
vt 0.946531 0.182116
vt 0.945094 0.895012
vt 0.945094 0.808721
vt 0.948656 0.808727
vt 0.948656 0.895018
vt 0.942937 0.274763
vt 0.942937 0.188469
vt 0.946531 0.188470
vt 0.946531 0.274764
vt 0.450105 0.275613
vt 0.453701 0.275613
vt 0.453701 0.279209
vt 0.450105 0.279209
vt 0.470001 0.279209
vt 0.470001 0.275613
vt 0.473596 0.275613
vt 0.473596 0.279209
vt 0.489862 0.279212
vt 0.489862 0.275617
vt 0.493420 0.275613
vt 0.493420 0.279209
vt 0.978105 0.853653
vt 0.974509 0.853652
vt 0.974509 0.808721
vt 0.978105 0.808722
vt 0.479948 0.279208
vt 0.479948 0.275613
vt 0.483510 0.275619
vt 0.483510 0.279214
vt 0.973824 0.932894
vt 0.977420 0.932893
vt 0.977420 0.977824
vt 0.973824 0.977825
vt 0.977420 0.881595
vt 0.977420 0.926541
vt 0.973824 0.926541
vt 0.973824 0.881595
vt 0.972471 0.678358
vt 0.972471 0.633411
vt 0.976067 0.633411
vt 0.976067 0.678358
vt 0.170579 0.987734
vt 0.170579 0.969756
vt 0.172714 0.969754
vt 0.172714 0.987732
vt 0.990639 0.675722
vt 0.990639 0.657744
vt 0.992436 0.657744
vt 0.992436 0.675721
vt 0.448554 0.986542
vt 0.448554 0.968565
vt 0.450692 0.968568
vt 0.450692 0.986546
vt 0.989401 0.045618
vt 0.989401 0.027641
vt 0.991199 0.027641
vt 0.991199 0.045619
vt 0.684911 0.275613
vt 0.686709 0.275613
vt 0.686709 0.277770
vt 0.684911 0.277770
vt 0.693061 0.275613
vt 0.694858 0.275613
vt 0.694858 0.277770
vt 0.693061 0.277770
vt 0.972507 0.560488
vt 0.968192 0.560484
vt 0.968192 0.535583
vt 0.972507 0.535588
vt 0.864075 0.275585
vt 0.859760 0.275584
vt 0.859760 0.221667
vt 0.864075 0.221668
vt 0.957526 0.535590
vt 0.961840 0.535583
vt 0.961840 0.560518
vt 0.957526 0.560525
vt 0.374597 0.903203
vt 0.378912 0.903202
vt 0.378912 0.957119
vt 0.374597 0.957120
vt 0.279556 0.762105
vt 0.279556 0.816040
vt 0.254387 0.816039
vt 0.254387 0.762104
vt 0.365609 0.834709
vt 0.365609 0.780773
vt 0.390778 0.780773
vt 0.390778 0.834709
vt 0.971789 0.800655
vt 0.969277 0.800633
vt 0.969277 0.747157
vt 0.971789 0.747179
vt 0.098750 0.985616
vt 0.096441 0.985642
vt 0.096441 0.949697
vt 0.098750 0.949671
vt 0.457969 0.916672
vt 0.460481 0.916652
vt 0.460481 0.970200
vt 0.457969 0.970221
vt 0.644668 0.948006
vt 0.646977 0.948032
vt 0.646977 0.983977
vt 0.644668 0.983951
vt 0.519262 0.822625
vt 0.555218 0.822716
vt 0.555218 0.872182
vt 0.519262 0.872091
vt 0.792643 0.843702
vt 0.828601 0.843684
vt 0.828601 0.893151
vt 0.792643 0.893169
vt 0.969932 0.525638
vt 0.967474 0.525638
vt 0.967474 0.471702
vt 0.969932 0.471702
vt 0.272842 0.947769
vt 0.275356 0.947768
vt 0.275356 0.983725
vt 0.272842 0.983726
vt 0.966389 0.406976
vt 0.968853 0.406978
vt 0.968853 0.460913
vt 0.966389 0.460911
vt 0.266490 0.983725
vt 0.263975 0.983725
vt 0.263975 0.947768
vt 0.266490 0.947769
vt 0.735111 0.813372
vt 0.770902 0.813221
vt 0.770902 0.867105
vt 0.735111 0.867256
vt 0.290918 0.820027
vt 0.326709 0.820178
vt 0.326709 0.874062
vt 0.290918 0.873911
vt 0.971789 0.740805
vt 0.969277 0.740783
vt 0.969277 0.687307
vt 0.971789 0.687329
vt 0.986023 0.442921
vt 0.983714 0.442947
vt 0.983714 0.407002
vt 0.986023 0.406976
vt 0.117378 0.918174
vt 0.119890 0.918154
vt 0.119890 0.971702
vt 0.117378 0.971723
vt 0.135153 0.949419
vt 0.137462 0.949446
vt 0.137462 0.985390
vt 0.135153 0.985364
vt 0.202730 0.825420
vt 0.238686 0.825511
vt 0.238686 0.874978
vt 0.202730 0.874886
vt 0.834953 0.843702
vt 0.870910 0.843684
vt 0.870910 0.893151
vt 0.834953 0.893169
vt 0.973829 0.138537
vt 0.971318 0.138515
vt 0.971318 0.085039
vt 0.973829 0.085061
vt 0.146122 0.985364
vt 0.143814 0.985390
vt 0.143814 0.949446
vt 0.146122 0.949419
vt 0.466833 0.916672
vt 0.469344 0.916652
vt 0.469344 0.970200
vt 0.466833 0.970221
vt 0.983766 0.286400
vt 0.986075 0.286427
vt 0.986075 0.322371
vt 0.983766 0.322345
vt 0.245038 0.825420
vt 0.280995 0.825512
vt 0.280995 0.874978
vt 0.245038 0.874887
vt 0.348470 0.847383
vt 0.384427 0.847364
vt 0.384427 0.896831
vt 0.348470 0.896850
vt 0.968904 0.400624
vt 0.966389 0.400623
vt 0.966389 0.346688
vt 0.968904 0.346689
vt 0.627243 0.948006
vt 0.629656 0.948006
vt 0.629656 0.983963
vt 0.627243 0.983963
vt 0.966389 0.286400
vt 0.968905 0.286400
vt 0.968905 0.340336
vt 0.966389 0.340336
vt 0.284121 0.983729
vt 0.281708 0.983725
vt 0.281708 0.947768
vt 0.284121 0.947772
vt 0.688248 0.822266
vt 0.724085 0.823099
vt 0.724085 0.874823
vt 0.688248 0.873990
vt 0.434764 0.823458
vt 0.470601 0.822625
vt 0.470601 0.874349
vt 0.434764 0.875182
vt 0.974541 0.056674
vt 0.972029 0.056652
vt 0.972029 0.003176
vt 0.974541 0.003198
vt 0.986074 0.382633
vt 0.983766 0.382659
vt 0.983766 0.346714
vt 0.986074 0.346688
vt 0.228858 0.916468
vt 0.231369 0.916448
vt 0.231369 0.969996
vt 0.228858 0.970016
vt 0.636008 0.948006
vt 0.638316 0.948032
vt 0.638316 0.983977
vt 0.636008 0.983951
vt 0.584934 0.827869
vt 0.620891 0.827960
vt 0.620891 0.877427
vt 0.584934 0.877335
vt 0.877262 0.843702
vt 0.913219 0.843683
vt 0.913219 0.893151
vt 0.877262 0.893169
vt 0.314164 0.972368
vt 0.311652 0.972346
vt 0.311652 0.918870
vt 0.314164 0.918892
vt 0.090089 0.985616
vt 0.087781 0.985642
vt 0.087781 0.949697
vt 0.090089 0.949671
vt 0.108515 0.918174
vt 0.111026 0.918154
vt 0.111026 0.971702
vt 0.108515 0.971722
vt 0.126493 0.949419
vt 0.128801 0.949446
vt 0.128801 0.985390
vt 0.126493 0.985364
vt 0.476953 0.822625
vt 0.512910 0.822716
vt 0.512910 0.872182
vt 0.476953 0.872091
vt 0.627243 0.827888
vt 0.663200 0.827869
vt 0.663200 0.877336
vt 0.627243 0.877355
vt 0.508973 0.279212
vt 0.508973 0.275616
vt 0.511819 0.275613
vt 0.511819 0.279209
vt 0.901828 0.258385
vt 0.898233 0.258384
vt 0.898233 0.003176
vt 0.901828 0.003177
vt 0.499772 0.279208
vt 0.499772 0.275613
vt 0.502621 0.275618
vt 0.502621 0.279213
vt 0.898951 0.569531
vt 0.902547 0.569530
vt 0.902547 0.824738
vt 0.898951 0.824739
vt 0.911776 0.569530
vt 0.911775 0.824822
vt 0.908899 0.824822
vt 0.908899 0.569530
vt 0.908180 0.258472
vt 0.908180 0.003176
vt 0.911057 0.003176
vt 0.911057 0.258472
vt 0.075770 0.969312
vt 0.075770 0.933356
vt 0.080750 0.933350
vt 0.080750 0.969307
vt 0.771067 0.806869
vt 0.735111 0.806860
vt 0.735111 0.558841
vt 0.771067 0.558850
vt 0.909259 0.533255
vt 0.909259 0.497300
vt 0.914246 0.497309
vt 0.914246 0.533263
vt 0.003176 0.564243
vt 0.039132 0.564235
vt 0.039132 0.812254
vt 0.003176 0.812262
vt 0.902907 0.286400
vt 0.902907 0.534501
vt 0.897873 0.534500
vt 0.897873 0.286400
vt 0.887565 0.817634
vt 0.887565 0.569530
vt 0.892599 0.569530
vt 0.892599 0.817634
vt 0.996228 0.705056
vt 0.994071 0.705054
vt 0.994071 0.699363
vt 0.996228 0.699365
vt 0.919566 0.251196
vt 0.917409 0.251195
vt 0.917409 0.003176
vt 0.919566 0.003177
vt 0.994071 0.687311
vt 0.996228 0.687307
vt 0.996228 0.693007
vt 0.994071 0.693010
vt 0.925918 0.003177
vt 0.928076 0.003176
vt 0.928076 0.251195
vt 0.925918 0.251195
vt 0.891521 0.286400
vt 0.891521 0.534501
vt 0.885768 0.534500
vt 0.885768 0.286400
vt 0.875461 0.817634
vt 0.875461 0.569530
vt 0.881213 0.569530
vt 0.881213 0.817634
vt 0.996227 0.760147
vt 0.994069 0.760145
vt 0.994069 0.754453
vt 0.996227 0.754456
vt 0.922803 0.534420
vt 0.920645 0.534419
vt 0.920645 0.286400
vt 0.922803 0.286401
vt 0.994069 0.742402
vt 0.996226 0.742398
vt 0.996226 0.748097
vt 0.994069 0.748101
vt 0.918128 0.569531
vt 0.920285 0.569530
vt 0.920285 0.817549
vt 0.918128 0.817550
vt 0.891881 0.003176
vt 0.891881 0.251276
vt 0.886128 0.251276
vt 0.886128 0.003176
vt 0.874023 0.251280
vt 0.874023 0.003176
vt 0.879776 0.003176
vt 0.879776 0.251280
vt 0.914029 0.953761
vt 0.911278 0.937102
vt 0.914025 0.934634
vt 0.903174 0.934634
vt 0.903175 0.937102
vt 0.911279 0.942879
vt 0.911280 0.945347
vt 0.903457 0.942879
vt 0.903457 0.945347
vt 0.911281 0.951293
vt 0.902926 0.951293
vt 0.902927 0.953761
vt 0.554515 0.957974
vt 0.551768 0.941315
vt 0.554515 0.938847
vt 0.544310 0.938845
vt 0.544310 0.941313
vt 0.551768 0.946615
vt 0.551768 0.949083
vt 0.544310 0.946613
vt 0.544310 0.949081
vt 0.551768 0.957973
vt 0.645943 0.941654
vt 0.635790 0.922415
vt 0.637724 0.922415
vt 0.636800 0.926621
vt 0.627243 0.941654
vt 0.639661 0.933549
vt 0.633717 0.933549
vt 0.640727 0.936017
vt 0.632596 0.936017
vt 0.643140 0.941654
vt 0.630046 0.941654
vt 0.484976 0.926655
vt 0.482999 0.926606
vt 0.483490 0.926589
vt 0.482505 0.926643
vt 0.482005 0.926702
vt 0.486384 0.926890
vt 0.481499 0.926782
vt 0.480984 0.926883
vt 0.480458 0.927008
vt 0.487706 0.927285
vt 0.479918 0.927155
vt 0.479364 0.927326
vt 0.478792 0.927520
vt 0.488932 0.927832
vt 0.478201 0.927740
vt 0.477589 0.927984
vt 0.476953 0.928254
vt 0.490051 0.928520
vt 0.482463 0.929180
vt 0.481924 0.929254
vt 0.481389 0.929354
vt 0.480855 0.929483
vt 0.480321 0.929639
vt 0.479784 0.929824
vt 0.479242 0.930039
vt 0.478695 0.930283
vt 0.478139 0.930557
vt 0.477574 0.930862
vt 0.476996 0.931198
vt 0.491056 0.929341
vt 0.483555 0.929112
vt 0.483006 0.929133
vt 0.484625 0.929161
vt 0.485642 0.929332
vt 0.486600 0.929621
vt 0.491935 0.930285
vt 0.487490 0.930018
vt 0.488305 0.930519
vt 0.492680 0.931343
vt 0.489038 0.931116
vt 0.489682 0.931801
vt 0.493281 0.932506
vt 0.490228 0.932569
vt 0.493728 0.933765
vt 0.490669 0.933411
vt 0.490997 0.934322
vt 0.494012 0.935110
vt 0.491206 0.935295
vt 0.494123 0.936533
vt 0.491288 0.936321
vt 0.491239 0.937366
vt 0.494072 0.937564
vt 0.491064 0.938353
vt 0.493888 0.938635
vt 0.490769 0.939274
vt 0.493567 0.939723
vt 0.490359 0.940125
vt 0.493106 0.940803
vt 0.489841 0.940900
vt 0.492500 0.941849
vt 0.489220 0.941593
vt 0.477502 0.941962
vt 0.476997 0.944633
vt 0.476953 0.941633
vt 0.488502 0.942197
vt 0.478057 0.942264
vt 0.491748 0.942839
vt 0.478617 0.942538
vt 0.487693 0.942708
vt 0.479180 0.942784
vt 0.479746 0.943002
vt 0.486798 0.943119
vt 0.480313 0.943190
vt 0.490845 0.943748
vt 0.480879 0.943350
vt 0.485823 0.943425
vt 0.481444 0.943480
vt 0.482005 0.943579
vt 0.484774 0.943619
vt 0.482562 0.943649
vt 0.483113 0.943688
vt 0.483657 0.943696
vt 0.489787 0.944551
vt 0.477474 0.944866
vt 0.488572 0.945223
vt 0.477961 0.945085
vt 0.478460 0.945289
vt 0.478974 0.945478
vt 0.487196 0.945741
vt 0.479505 0.945648
vt 0.480057 0.945799
vt 0.480632 0.945929
vt 0.485655 0.946080
vt 0.481232 0.946037
vt 0.481861 0.946121
vt 0.482522 0.946180
vt 0.483946 0.946216
vt 0.483216 0.946212
vt 0.272964 0.900457
vt 0.272968 0.881330
vt 0.275715 0.883798
vt 0.283819 0.881330
vt 0.283818 0.883798
vt 0.275714 0.889575
vt 0.275713 0.892043
vt 0.283536 0.889575
vt 0.283536 0.892043
vt 0.275712 0.897989
vt 0.284067 0.897989
vt 0.284066 0.900457
vt 0.561570 0.959532
vt 0.561570 0.940405
vt 0.564318 0.942872
vt 0.571776 0.940403
vt 0.571776 0.942870
vt 0.564318 0.948173
vt 0.564318 0.950641
vt 0.571776 0.948171
vt 0.571776 0.950639
vt 0.564318 0.959531
vt 0.688248 0.938810
vt 0.696467 0.919571
vt 0.698402 0.919571
vt 0.697392 0.923778
vt 0.706949 0.938810
vt 0.694530 0.930705
vt 0.700474 0.930705
vt 0.693464 0.933173
vt 0.701595 0.933173
vt 0.691052 0.938810
vt 0.704145 0.938810
vt 0.509622 0.926655
vt 0.511108 0.926589
vt 0.511599 0.926606
vt 0.512094 0.926643
vt 0.512593 0.926702
vt 0.508214 0.926890
vt 0.513099 0.926782
vt 0.513614 0.926884
vt 0.514141 0.927008
vt 0.506892 0.927285
vt 0.514680 0.927155
vt 0.515234 0.927326
vt 0.515806 0.927521
vt 0.505666 0.927832
vt 0.516397 0.927740
vt 0.517009 0.927984
vt 0.517645 0.928254
vt 0.504547 0.928520
vt 0.512136 0.929180
vt 0.512674 0.929254
vt 0.513209 0.929354
vt 0.513743 0.929483
vt 0.514277 0.929639
vt 0.514814 0.929824
vt 0.515356 0.930039
vt 0.515903 0.930283
vt 0.516459 0.930557
vt 0.517024 0.930862
vt 0.517602 0.931198
vt 0.503542 0.929341
vt 0.511043 0.929112
vt 0.511593 0.929133
vt 0.509973 0.929161
vt 0.508956 0.929332
vt 0.507998 0.929621
vt 0.502663 0.930285
vt 0.507108 0.930018
vt 0.506293 0.930519
vt 0.501918 0.931343
vt 0.505560 0.931116
vt 0.504916 0.931801
vt 0.501317 0.932506
vt 0.504371 0.932569
vt 0.500870 0.933765
vt 0.503929 0.933411
vt 0.503601 0.934322
vt 0.500586 0.935110
vt 0.503392 0.935295
vt 0.500475 0.936533
vt 0.503310 0.936321
vt 0.503359 0.937366
vt 0.500526 0.937564
vt 0.503534 0.938353
vt 0.500710 0.938635
vt 0.503829 0.939274
vt 0.501031 0.939723
vt 0.504239 0.940125
vt 0.501492 0.940803
vt 0.504757 0.940900
vt 0.502098 0.941849
vt 0.505378 0.941593
vt 0.517096 0.941962
vt 0.517645 0.941633
vt 0.517601 0.944634
vt 0.506096 0.942197
vt 0.516541 0.942264
vt 0.502850 0.942839
vt 0.515982 0.942538
vt 0.506905 0.942708
vt 0.515418 0.942784
vt 0.514852 0.943002
vt 0.507800 0.943119
vt 0.514285 0.943190
vt 0.503753 0.943748
vt 0.513719 0.943350
vt 0.508775 0.943425
vt 0.513154 0.943480
vt 0.512593 0.943580
vt 0.509824 0.943619
vt 0.512036 0.943649
vt 0.511485 0.943688
vt 0.510941 0.943696
vt 0.504811 0.944551
vt 0.517124 0.944866
vt 0.506026 0.945223
vt 0.516637 0.945085
vt 0.516138 0.945290
vt 0.515625 0.945478
vt 0.507402 0.945741
vt 0.515093 0.945648
vt 0.514541 0.945799
vt 0.513967 0.945929
vt 0.508943 0.946080
vt 0.513366 0.946037
vt 0.512737 0.946121
vt 0.512076 0.946180
vt 0.510652 0.946216
vt 0.511382 0.946212
vt 0.954273 0.965927
vt 0.954276 0.965355
vt 0.957512 0.965356
vt 0.957509 0.965927
vt 0.954278 0.964794
vt 0.957514 0.964794
vt 0.954280 0.964241
vt 0.957516 0.964242
vt 0.954282 0.963695
vt 0.957518 0.963696
vt 0.954284 0.963154
vt 0.957520 0.963155
vt 0.954285 0.962617
vt 0.957521 0.962617
vt 0.954286 0.962080
vt 0.957522 0.962080
vt 0.954287 0.961543
vt 0.957523 0.961543
vt 0.954288 0.961003
vt 0.957524 0.961003
vt 0.954288 0.960459
vt 0.957524 0.960459
vt 0.954288 0.959909
vt 0.957524 0.959909
vt 0.954288 0.958840
vt 0.957524 0.958840
vt 0.954286 0.957826
vt 0.957522 0.957826
vt 0.954283 0.956874
vt 0.957519 0.956875
vt 0.954280 0.955992
vt 0.957516 0.955993
vt 0.954275 0.955187
vt 0.957511 0.955187
vt 0.954270 0.954466
vt 0.957506 0.954466
vt 0.987266 0.389015
vt 0.987180 0.389718
vt 0.983974 0.389713
vt 0.984060 0.389011
vt 0.987107 0.390500
vt 0.983901 0.390495
vt 0.987049 0.391354
vt 0.983843 0.391349
vt 0.987006 0.392273
vt 0.983800 0.392269
vt 0.986980 0.393250
vt 0.983774 0.393246
vt 0.986971 0.394279
vt 0.983766 0.394275
vt 0.986981 0.395322
vt 0.983775 0.395318
vt 0.987007 0.396304
vt 0.983801 0.396300
vt 0.987049 0.397217
vt 0.983843 0.397213
vt 0.987107 0.398057
vt 0.983901 0.398053
vt 0.987180 0.398818
vt 0.983974 0.398814
vt 0.987266 0.399494
vt 0.984060 0.399490
vt 0.950848 0.550328
vt 0.950853 0.551056
vt 0.947617 0.551056
vt 0.947612 0.550329
vt 0.950858 0.551874
vt 0.947622 0.551874
vt 0.950861 0.552775
vt 0.947625 0.552776
vt 0.950864 0.553755
vt 0.947628 0.553756
vt 0.950866 0.554807
vt 0.947630 0.554808
vt 0.950866 0.555926
vt 0.947630 0.555926
vt 0.950866 0.556470
vt 0.947630 0.556470
vt 0.950866 0.557020
vt 0.947630 0.557021
vt 0.950865 0.557576
vt 0.947629 0.557577
vt 0.950864 0.558136
vt 0.947628 0.558137
vt 0.950863 0.558699
vt 0.947627 0.558699
vt 0.950862 0.559263
vt 0.947626 0.559263
vt 0.950860 0.559827
vt 0.947624 0.559827
vt 0.950858 0.560389
vt 0.947622 0.560390
vt 0.950856 0.560949
vt 0.947620 0.560950
vt 0.950853 0.561505
vt 0.947617 0.561505
vt 0.950851 0.562055
vt 0.947615 0.562055
vt 0.950848 0.562598
vt 0.947612 0.562599
vt 0.521172 0.278819
vt 0.518171 0.278824
vt 0.518171 0.275618
vt 0.521172 0.275613
vt 0.987390 0.550375
vt 0.987388 0.549903
vt 0.990624 0.549900
vt 0.990626 0.550372
vt 0.987385 0.549421
vt 0.990621 0.549418
vt 0.987383 0.548926
vt 0.990619 0.548923
vt 0.987381 0.548416
vt 0.990617 0.548413
vt 0.987378 0.547888
vt 0.990614 0.547885
vt 0.987377 0.547339
vt 0.990613 0.547337
vt 0.987375 0.546767
vt 0.990611 0.546764
vt 0.987373 0.546169
vt 0.990609 0.546166
vt 0.987372 0.545541
vt 0.990608 0.545538
vt 0.987370 0.544882
vt 0.990606 0.544879
vt 0.987369 0.544189
vt 0.990605 0.544186
vt 0.987369 0.543458
vt 0.990605 0.543455
vt 0.987368 0.541746
vt 0.990604 0.541743
vt 0.987369 0.540198
vt 0.990605 0.540195
vt 0.987372 0.538811
vt 0.990608 0.538808
vt 0.987377 0.537582
vt 0.990613 0.537579
vt 0.987383 0.536508
vt 0.990619 0.536505
vt 0.987390 0.535586
vt 0.990626 0.535583
vt 0.902926 0.990044
vt 0.903043 0.989071
vt 0.906245 0.989085
vt 0.906127 0.990058
vt 0.903139 0.988038
vt 0.906341 0.988052
vt 0.903214 0.986969
vt 0.906416 0.986983
vt 0.903269 0.985889
vt 0.906471 0.985902
vt 0.903304 0.984822
vt 0.906506 0.984835
vt 0.903319 0.983792
vt 0.906521 0.983806
vt 0.903314 0.982367
vt 0.906515 0.982381
vt 0.903282 0.981016
vt 0.906484 0.981029
vt 0.903227 0.979747
vt 0.906428 0.979761
vt 0.903148 0.978571
vt 0.906349 0.978585
vt 0.903047 0.977496
vt 0.906249 0.977510
vt 0.902926 0.976533
vt 0.906127 0.976547
vt 0.461225 0.976573
vt 0.461219 0.977564
vt 0.457982 0.977567
vt 0.457989 0.976575
vt 0.461213 0.978674
vt 0.457977 0.978676
vt 0.461209 0.979891
vt 0.457973 0.979893
vt 0.461206 0.981207
vt 0.457970 0.981209
vt 0.461205 0.982612
vt 0.457969 0.982614
vt 0.461206 0.984096
vt 0.457970 0.984099
vt 0.461206 0.984588
vt 0.457970 0.984591
vt 0.461207 0.985083
vt 0.457971 0.985086
vt 0.461208 0.985583
vt 0.457972 0.985586
vt 0.461209 0.986091
vt 0.457973 0.986094
vt 0.461210 0.986608
vt 0.457974 0.986611
vt 0.461212 0.987136
vt 0.457976 0.987139
vt 0.461213 0.987678
vt 0.457977 0.987681
vt 0.461215 0.988236
vt 0.457979 0.988238
vt 0.461217 0.988810
vt 0.457981 0.988813
vt 0.461220 0.989405
vt 0.457984 0.989408
vt 0.461222 0.990021
vt 0.457986 0.990024
vt 0.461225 0.990661
vt 0.457989 0.990664
vt 0.530469 0.278819
vt 0.527524 0.278824
vt 0.527524 0.275618
vt 0.530469 0.275613
vt 0.954270 0.966511
vt 0.957506 0.966512
vt 0.191090 0.996623
vt 0.191090 0.990991
vt 0.194284 0.990776
vt 0.194284 0.996407
vt 0.990928 0.619180
vt 0.990928 0.611046
vt 0.994164 0.611047
vt 0.994164 0.619180
vt 0.975673 0.621187
vt 0.975673 0.626863
vt 0.972472 0.627043
vt 0.972472 0.621368
vt 0.539625 0.278849
vt 0.536821 0.278849
vt 0.536821 0.275613
vt 0.539625 0.275613
vt 0.514449 0.971903
vt 0.514449 0.952568
vt 0.517645 0.952763
vt 0.517645 0.972098
vt 0.645746 0.278849
vt 0.643811 0.278849
vt 0.643811 0.275613
vt 0.645746 0.275613
vt 0.326373 0.953486
vt 0.326373 0.972657
vt 0.323173 0.972456
vt 0.323173 0.953285
vt 0.548782 0.278849
vt 0.545977 0.278849
vt 0.545977 0.275613
vt 0.548782 0.275613
vt 0.916727 0.995165
vt 0.916727 0.988245
vt 0.919922 0.988034
vt 0.919922 0.994954
vt 0.967077 0.987785
vt 0.967077 0.994758
vt 0.963876 0.994932
vt 0.963876 0.987959
vt 0.996268 0.264103
vt 0.996268 0.270048
vt 0.993032 0.270048
vt 0.993032 0.264103
vt 0.054564 0.991329
vt 0.054564 0.996629
vt 0.051358 0.996624
vt 0.051358 0.991323
vt 0.708525 0.987471
vt 0.708525 0.994932
vt 0.705289 0.994932
vt 0.705289 0.987471
vt 0.619819 0.278819
vt 0.617351 0.278823
vt 0.617351 0.275617
vt 0.619819 0.275613
vt 0.991486 0.156381
vt 0.991486 0.148920
vt 0.994722 0.148921
vt 0.994722 0.156381
vt 0.223402 0.979212
vt 0.223402 0.988102
vt 0.220196 0.988097
vt 0.220196 0.979207
vt 0.557883 0.278849
vt 0.555134 0.278849
vt 0.555134 0.275613
vt 0.557883 0.275613
vt 0.019103 0.973141
vt 0.019103 0.954014
vt 0.022305 0.954010
vt 0.022305 0.973138
vt 0.314888 0.978720
vt 0.314888 0.988929
vt 0.311652 0.988929
vt 0.311652 0.978720
vt 0.610999 0.278819
vt 0.608531 0.278823
vt 0.608531 0.275617
vt 0.610999 0.275613
vt 0.333061 0.994806
vt 0.333061 0.987345
vt 0.336297 0.987346
vt 0.336297 0.994806
vt 0.996824 0.389017
vt 0.996824 0.394794
vt 0.993618 0.394788
vt 0.993618 0.389011
vt 0.006412 0.986850
vt 0.006412 0.994675
vt 0.003176 0.994675
vt 0.003176 0.986850
vt 0.628639 0.278819
vt 0.626171 0.278823
vt 0.626171 0.275617
vt 0.628639 0.275613
vt 0.990928 0.647814
vt 0.990928 0.639989
vt 0.994164 0.639990
vt 0.994164 0.647814
vt 0.996560 0.328729
vt 0.996560 0.334674
vt 0.993354 0.334669
vt 0.993354 0.328723
vt 0.994164 0.596336
vt 0.994164 0.604694
vt 0.990928 0.604694
vt 0.990928 0.596336
vt 0.637459 0.278819
vt 0.634991 0.278823
vt 0.634991 0.275617
vt 0.637459 0.275613
vt 0.983766 0.339830
vt 0.983766 0.328723
vt 0.987002 0.328724
vt 0.987002 0.339830
vt 0.832901 0.978177
vt 0.832901 0.959050
vt 0.836102 0.959047
vt 0.836102 0.978174
vt 0.763037 0.978353
vt 0.763037 0.989207
vt 0.759801 0.989207
vt 0.759801 0.978353
vt 0.602179 0.278819
vt 0.599711 0.278823
vt 0.599711 0.275617
vt 0.602179 0.275613
vt 0.990928 0.633637
vt 0.990928 0.625532
vt 0.994165 0.625532
vt 0.994165 0.633638
vt 0.154652 0.956865
vt 0.166877 0.956865
vt 0.166885 0.960423
vt 0.154660 0.960423
vt 0.166903 0.963402
vt 0.154679 0.963402
vt 0.655190 0.950333
vt 0.667415 0.950333
vt 0.667434 0.953614
vt 0.655210 0.953614
vt 0.667437 0.957255
vt 0.655212 0.957255
vt 0.667422 0.960703
vt 0.655198 0.960703
vt 0.667393 0.963431
vt 0.655168 0.963431
vt 0.897877 0.266831
vt 0.910101 0.266831
vt 0.910119 0.269917
vt 0.897894 0.269917
vt 0.910125 0.273512
vt 0.897900 0.273512
vt 0.910117 0.277069
vt 0.897892 0.277069
vt 0.910098 0.280048
vt 0.897873 0.280048
vt 0.290931 0.950387
vt 0.303156 0.950387
vt 0.303144 0.953683
vt 0.290919 0.953683
vt 0.303143 0.957326
vt 0.290918 0.957326
vt 0.303152 0.960762
vt 0.290927 0.960762
vt 0.303170 0.963467
vt 0.290944 0.963467
vt 0.752053 0.930671
vt 0.753449 0.934041
vt 0.753449 0.937689
vt 0.752053 0.941059
vt 0.749474 0.943638
vt 0.746104 0.945034
vt 0.742456 0.945034
vt 0.739086 0.943638
vt 0.736507 0.941059
vt 0.735111 0.937689
vt 0.735111 0.934041
vt 0.736507 0.930671
vt 0.739086 0.928092
vt 0.742456 0.926696
vt 0.746104 0.926696
vt 0.749474 0.928092
vt 0.154675 0.950185
vt 0.166900 0.950185
vt 0.166883 0.953270
vt 0.154658 0.953270
vt 0.004572 0.933295
vt 0.007151 0.930716
vt 0.010521 0.929320
vt 0.014169 0.929320
vt 0.017538 0.930716
vt 0.020118 0.933295
vt 0.021513 0.936665
vt 0.021513 0.940313
vt 0.020118 0.943683
vt 0.017538 0.946262
vt 0.014168 0.947658
vt 0.010521 0.947658
vt 0.007151 0.946262
vt 0.004572 0.943683
vt 0.003176 0.940313
vt 0.003176 0.936665
vt 0.855087 0.982560
vt 0.855029 0.980167
vt 0.856102 0.980336
vt 0.856156 0.982567
vt 0.878304 0.824261
vt 0.880540 0.824654
vt 0.880153 0.825741
vt 0.878309 0.825417
vt 0.879758 0.826804
vt 0.878304 0.826548
vt 0.645964 0.993056
vt 0.646002 0.991604
vt 0.647198 0.991768
vt 0.647165 0.993058
vt 0.648265 0.991602
vt 0.648228 0.993053
vt 0.865135 0.516533
vt 0.866413 0.515796
vt 0.867149 0.516685
vt 0.865527 0.517621
vt 0.867884 0.517548
vt 0.865918 0.518683
vt 0.853889 0.982563
vt 0.853835 0.980332
vt 0.854863 0.978073
vt 0.855947 0.978384
vt 0.882507 0.825789
vt 0.881775 0.826677
vt 0.881036 0.827541
vt 0.646109 0.990331
vt 0.647294 0.990637
vt 0.648373 0.990329
vt 0.867362 0.514666
vt 0.868353 0.515251
vt 0.869344 0.515809
vt 0.853680 0.978380
vt 0.877633 0.516749
vt 0.877619 0.514882
vt 0.878767 0.514645
vt 0.878780 0.516386
vt 0.883966 0.827527
vt 0.882979 0.828112
vt 0.881984 0.828671
vt 0.665129 0.992713
vt 0.665138 0.991577
vt 0.666278 0.991342
vt 0.666271 0.992351
vt 0.667426 0.991577
vt 0.667417 0.992713
vt 0.867867 0.513279
vt 0.868994 0.513491
vt 0.870120 0.513676
vt 0.876492 0.516386
vt 0.876479 0.514645
vt 0.877612 0.512592
vt 0.878760 0.512511
vt 0.884742 0.829660
vt 0.883620 0.829871
vt 0.882489 0.830057
vt 0.665142 0.990187
vt 0.666282 0.990107
vt 0.667430 0.990187
vt 0.867867 0.511804
vt 0.868994 0.511619
vt 0.870120 0.511407
vt 0.876472 0.512511
vt 0.877612 0.510157
vt 0.878760 0.510240
vt 0.884742 0.831929
vt 0.883620 0.831743
vt 0.882489 0.831533
vt 0.665142 0.988711
vt 0.666282 0.988796
vt 0.667430 0.988711
vt 0.867362 0.510418
vt 0.868353 0.509859
vt 0.869344 0.509274
vt 0.876472 0.510240
vt 0.877619 0.507870
vt 0.878767 0.508108
vt 0.883966 0.834062
vt 0.882979 0.833503
vt 0.881984 0.832919
vt 0.665138 0.987327
vt 0.666278 0.987567
vt 0.667426 0.987327
vt 0.866413 0.509288
vt 0.867149 0.508425
vt 0.867884 0.507535
vt 0.876479 0.508108
vt 0.877633 0.506007
vt 0.878780 0.506370
vt 0.882507 0.835802
vt 0.881775 0.834938
vt 0.881036 0.834050
vt 0.665129 0.986202
vt 0.666271 0.986567
vt 0.667417 0.986202
vt 0.865135 0.508550
vt 0.865527 0.507488
vt 0.865918 0.506401
vt 0.876492 0.506370
vt 0.468762 0.976573
vt 0.468940 0.978690
vt 0.467743 0.978850
vt 0.467577 0.976876
vt 0.880540 0.836937
vt 0.880153 0.835875
vt 0.879758 0.834787
vt 0.996130 0.989641
vt 0.996030 0.990927
vt 0.994957 0.991082
vt 0.995046 0.989939
vt 0.993763 0.990924
vt 0.993863 0.989637
vt 0.863682 0.508294
vt 0.863682 0.507163
vt 0.863682 0.506007
vt 0.469841 0.976874
vt 0.470007 0.978848
vt 0.469001 0.981091
vt 0.467800 0.981089
vt 0.878304 0.837332
vt 0.878309 0.836200
vt 0.878304 0.835044
vt 0.995995 0.992384
vt 0.994926 0.992376
vt 0.993728 0.992380
vt 0.862228 0.508550
vt 0.861837 0.507489
vt 0.861446 0.506401
vt 0.470064 0.981087
vt 0.468940 0.983486
vt 0.467743 0.983322
vt 0.876068 0.836938
vt 0.876464 0.835875
vt 0.876851 0.834788
vt 0.996030 0.993834
vt 0.994957 0.993665
vt 0.993763 0.993830
vt 0.860950 0.509288
vt 0.860215 0.508425
vt 0.859479 0.507536
vt 0.470007 0.983320
vt 0.468762 0.985587
vt 0.467577 0.985281
vt 0.874102 0.835804
vt 0.874842 0.834940
vt 0.875573 0.834051
vt 0.996130 0.995103
vt 0.995046 0.994792
vt 0.993863 0.995099
vt 0.860002 0.510418
vt 0.859011 0.509859
vt 0.858020 0.509274
vt 0.469841 0.985278
vt 0.954132 0.642404
vt 0.954118 0.644279
vt 0.952978 0.644513
vt 0.952991 0.642766
vt 0.872643 0.834065
vt 0.873638 0.833505
vt 0.874624 0.832921
vt 0.771892 0.984824
vt 0.771900 0.985956
vt 0.770753 0.986192
vt 0.770745 0.985187
vt 0.769612 0.985956
vt 0.769604 0.984824
vt 0.859497 0.511804
vt 0.858370 0.511619
vt 0.857243 0.511407
vt 0.955279 0.642766
vt 0.955266 0.644514
vt 0.954111 0.646572
vt 0.952971 0.646652
vt 0.871866 0.831932
vt 0.872997 0.831746
vt 0.874120 0.831535
vt 0.771905 0.987343
vt 0.770757 0.987425
vt 0.769617 0.987343
vt 0.859497 0.513279
vt 0.858370 0.513491
vt 0.857243 0.513677
vt 0.955259 0.646652
vt 0.954111 0.649007
vt 0.952971 0.648922
vt 0.871866 0.829663
vt 0.872997 0.829873
vt 0.874120 0.830059
vt 0.771905 0.988819
vt 0.770757 0.988736
vt 0.769617 0.988819
vt 0.860002 0.514666
vt 0.859011 0.515251
vt 0.858020 0.515809
vt 0.955259 0.648922
vt 0.954118 0.651290
vt 0.952978 0.651051
vt 0.872643 0.827530
vt 0.873638 0.828114
vt 0.874624 0.828673
vt 0.771900 0.990205
vt 0.770753 0.989968
vt 0.769612 0.990205
vt 0.860950 0.515796
vt 0.860215 0.516685
vt 0.859479 0.517548
vt 0.955266 0.651051
vt 0.954132 0.653147
vt 0.952991 0.652782
vt 0.874102 0.825791
vt 0.874842 0.826679
vt 0.875573 0.827543
vt 0.771892 0.991335
vt 0.770745 0.990971
vt 0.769604 0.991335
vt 0.862228 0.516533
vt 0.861837 0.517621
vt 0.861446 0.518683
vt 0.955279 0.652782
vt 0.854863 0.987086
vt 0.855029 0.984963
vt 0.856102 0.984808
vt 0.855947 0.986788
vt 0.876068 0.824655
vt 0.876464 0.825742
vt 0.876851 0.826805
vt 0.646109 0.995794
vt 0.646002 0.994511
vt 0.647198 0.994351
vt 0.647294 0.995491
vt 0.648265 0.994508
vt 0.648373 0.995792
vt 0.863682 0.516790
vt 0.863682 0.517946
vt 0.863682 0.519077
vt 0.853680 0.986784
vt 0.853835 0.984804
vt 0.715133 0.928622
vt 0.713335 0.928622
vt 0.713326 0.923696
vt 0.715124 0.923696
vt 0.713301 0.919571
vt 0.715099 0.919571
vt 0.988690 0.109695
vt 0.990488 0.109692
vt 0.990522 0.114235
vt 0.988724 0.114238
vt 0.990534 0.119276
vt 0.988736 0.119279
vt 0.990522 0.124049
vt 0.988724 0.124052
vt 0.990488 0.127827
vt 0.988690 0.127830
vt 0.988690 0.085040
vt 0.990488 0.085039
vt 0.990513 0.089311
vt 0.988715 0.089311
vt 0.990522 0.094289
vt 0.988724 0.094289
vt 0.990513 0.099215
vt 0.988715 0.099215
vt 0.990488 0.103339
vt 0.988690 0.103340
vt 0.991199 0.021289
vt 0.989401 0.021287
vt 0.989422 0.016723
vt 0.991220 0.016725
vt 0.989429 0.011678
vt 0.991227 0.011680
vt 0.989422 0.006921
vt 0.991220 0.006923
vt 0.989401 0.003176
vt 0.991199 0.003178
vt 0.423105 0.855295
vt 0.425038 0.859961
vt 0.425038 0.865012
vt 0.423105 0.869678
vt 0.419534 0.873250
vt 0.414868 0.875182
vt 0.409818 0.875182
vt 0.405152 0.873250
vt 0.401580 0.869678
vt 0.399648 0.865012
vt 0.399648 0.859961
vt 0.401580 0.855295
vt 0.405151 0.851723
vt 0.409818 0.849791
vt 0.414868 0.849791
vt 0.419534 0.851724
vt 0.715099 0.937872
vt 0.713301 0.937871
vt 0.713326 0.933599
vt 0.715124 0.933600
vt 0.657101 0.889211
vt 0.660672 0.885640
vt 0.665338 0.883707
vt 0.670389 0.883707
vt 0.675055 0.885640
vt 0.678626 0.889211
vt 0.680559 0.893878
vt 0.680559 0.898928
vt 0.678626 0.903595
vt 0.675055 0.907166
vt 0.670389 0.909099
vt 0.665338 0.909099
vt 0.660672 0.907166
vt 0.657101 0.903595
vt 0.655168 0.898928
vt 0.655168 0.893878
vt 0.248035 0.819068
vt 0.202730 0.819020
vt 0.202730 0.762104
vt 0.248035 0.762152
vt 0.959330 0.796494
vt 0.959330 0.751189
vt 0.962924 0.751189
vt 0.962924 0.796493
vt 0.139435 0.680671
vt 0.184738 0.680595
vt 0.184738 0.737589
vt 0.139435 0.737665
vt 0.962525 0.678716
vt 0.962525 0.633411
vt 0.966119 0.633412
vt 0.966119 0.678716
vt 0.962525 0.569530
vt 0.966120 0.569530
vt 0.966120 0.627059
vt 0.962525 0.627059
vt 0.957526 0.471702
vt 0.961121 0.471702
vt 0.961121 0.529231
vt 0.957526 0.529231
vt 0.832195 0.837332
vt 0.792643 0.837290
vt 0.792643 0.786065
vt 0.832195 0.786107
vt 0.962441 0.275728
vt 0.962441 0.236177
vt 0.964598 0.236176
vt 0.964598 0.275728
vt 0.688248 0.764619
vt 0.727798 0.764553
vt 0.727798 0.815847
vt 0.688248 0.815913
vt 0.390779 0.974169
vt 0.390779 0.934618
vt 0.392936 0.934618
vt 0.392936 0.974169
vt 0.976284 0.471702
vt 0.978441 0.471702
vt 0.978441 0.523478
vt 0.976284 0.523478
vt 0.975257 0.286400
vt 0.977414 0.286400
vt 0.977414 0.338176
vt 0.975257 0.338176
vt 0.336223 0.813675
vt 0.290918 0.813626
vt 0.290918 0.756710
vt 0.336223 0.756758
vt 0.926637 0.975402
vt 0.926637 0.930098
vt 0.930231 0.930097
vt 0.930231 0.975401
vt 0.087781 0.744093
vt 0.133083 0.744017
vt 0.133083 0.801011
vt 0.087781 0.801087
vt 0.972472 0.614834
vt 0.972472 0.569530
vt 0.976067 0.569531
vt 0.976067 0.614835
vt 0.963876 0.881595
vt 0.967472 0.881595
vt 0.967472 0.939124
vt 0.963876 0.939125
vt 0.961370 0.085039
vt 0.964966 0.085039
vt 0.964966 0.142568
vt 0.961370 0.142568
vt 0.042728 0.869881
vt 0.003176 0.869839
vt 0.003176 0.818615
vt 0.042728 0.818657
vt 0.980181 0.124591
vt 0.980181 0.085040
vt 0.982338 0.085039
vt 0.982338 0.124590
vt 0.480666 0.764979
vt 0.520216 0.764912
vt 0.520216 0.816207
vt 0.480666 0.816273
vt 0.980893 0.042727
vt 0.980893 0.003176
vt 0.983049 0.003177
vt 0.983049 0.042728
vt 0.936585 0.923389
vt 0.938742 0.923389
vt 0.938742 0.975165
vt 0.936585 0.975166
vt 0.975256 0.346688
vt 0.977413 0.346688
vt 0.977413 0.398464
vt 0.975256 0.398464
vt 0.630239 0.821517
vt 0.584934 0.821469
vt 0.584934 0.764553
vt 0.630239 0.764601
vt 0.759801 0.972001
vt 0.759801 0.926697
vt 0.763395 0.926696
vt 0.763395 0.972000
vt 0.139435 0.744093
vt 0.184738 0.744017
vt 0.184738 0.801011
vt 0.139435 0.801087
vt 0.179588 0.974119
vt 0.179588 0.928815
vt 0.183183 0.928816
vt 0.183183 0.974120
vt 0.962441 0.172295
vt 0.966037 0.172295
vt 0.966037 0.229824
vt 0.962441 0.229824
vt 0.959330 0.687307
vt 0.962925 0.687307
vt 0.962925 0.744837
vt 0.959330 0.744837
vt 0.127332 0.858705
vt 0.087781 0.858663
vt 0.087781 0.807439
vt 0.127332 0.807481
vt 0.778381 0.974198
vt 0.778381 0.934647
vt 0.780538 0.934646
vt 0.780538 0.974198
vt 0.434764 0.764979
vt 0.474314 0.764912
vt 0.474314 0.816207
vt 0.434764 0.816273
vt 0.333061 0.980993
vt 0.333061 0.941442
vt 0.335218 0.941442
vt 0.335218 0.980993
vt 0.978141 0.687307
vt 0.980298 0.687307
vt 0.980298 0.739084
vt 0.978141 0.739084
vt 0.975204 0.406976
vt 0.977362 0.406976
vt 0.977362 0.458752
vt 0.975204 0.458752
vt 0.681896 0.821517
vt 0.636591 0.821469
vt 0.636591 0.764553
vt 0.681896 0.764601
vt 0.972389 0.217600
vt 0.972389 0.172296
vt 0.975984 0.172295
vt 0.975984 0.217599
vt 0.087781 0.680671
vt 0.133083 0.680595
vt 0.133083 0.737589
vt 0.087781 0.737665
vt 0.972389 0.269256
vt 0.972389 0.223952
vt 0.975984 0.223953
vt 0.975984 0.269257
vt 0.964562 0.808721
vt 0.968157 0.808721
vt 0.968157 0.866250
vt 0.964562 0.866250
vt 0.962081 0.003176
vt 0.965677 0.003176
vt 0.965677 0.060705
vt 0.962081 0.060705
vt 0.173236 0.858705
vt 0.133685 0.858663
vt 0.133685 0.807439
vt 0.173236 0.807481
vt 0.982336 0.211847
vt 0.982336 0.172295
vt 0.984492 0.172295
vt 0.984492 0.211846
vt 0.526568 0.764979
vt 0.566118 0.764912
vt 0.566118 0.816207
vt 0.526568 0.816273
vt 0.982336 0.257750
vt 0.982336 0.218199
vt 0.984492 0.218199
vt 0.984492 0.257751
vt 0.978141 0.745436
vt 0.980298 0.745436
vt 0.980298 0.797212
vt 0.978141 0.797212
vt 0.769747 0.926696
vt 0.771905 0.926696
vt 0.771905 0.978472
vt 0.769747 0.978472
vt 0.952883 0.078687
vt 0.952883 0.003179
vt 0.955729 0.003176
vt 0.955729 0.078684
vt 0.290918 0.750358
vt 0.290918 0.674851
vt 0.326863 0.674843
vt 0.326863 0.750350
vt 0.950128 0.762812
vt 0.950128 0.687307
vt 0.952977 0.687312
vt 0.952977 0.762817
vt 0.045484 0.756102
vt 0.045484 0.680595
vt 0.081429 0.680604
vt 0.081429 0.756111
vt 0.966753 0.945477
vt 0.966753 0.981433
vt 0.963876 0.981433
vt 0.963876 0.945477
vt 0.705289 0.981119
vt 0.705289 0.945162
vt 0.708166 0.945162
vt 0.708166 0.981119
vt 0.594362 0.979674
vt 0.594362 0.947313
vt 0.597919 0.947310
vt 0.597919 0.979670
vt 0.158853 0.911793
vt 0.126493 0.911786
vt 0.126493 0.865057
vt 0.158853 0.865065
vt 0.584448 0.979669
vt 0.584448 0.947310
vt 0.588010 0.947316
vt 0.588010 0.979675
vt 0.735111 0.873615
vt 0.767471 0.873608
vt 0.767471 0.920336
vt 0.735111 0.920344
vt 0.673148 0.827869
vt 0.673148 0.874613
vt 0.669552 0.874613
vt 0.669552 0.827869
vt 0.572470 0.811657
vt 0.572470 0.764912
vt 0.576066 0.764912
vt 0.576066 0.811657
vt 0.952884 0.272497
vt 0.952884 0.245170
vt 0.955018 0.245168
vt 0.955018 0.272495
vt 0.504280 0.920237
vt 0.476953 0.920231
vt 0.476953 0.878535
vt 0.504280 0.878541
vt 0.950128 0.796494
vt 0.950128 0.769169
vt 0.952265 0.769172
vt 0.952265 0.796498
vt 0.510632 0.878541
vt 0.537958 0.878534
vt 0.537958 0.920230
vt 0.510632 0.920237
vt 0.939077 0.520746
vt 0.939077 0.562455
vt 0.936920 0.562455
vt 0.936920 0.520746
vt 0.679500 0.869579
vt 0.679500 0.827869
vt 0.681657 0.827869
vt 0.681657 0.869579
vt 0.146269 0.943067
vt 0.126493 0.943046
vt 0.126493 0.918145
vt 0.146269 0.918166
vt 0.978859 0.555359
vt 0.978859 0.535583
vt 0.981016 0.535583
vt 0.981016 0.555359
vt 0.263975 0.916481
vt 0.283750 0.916448
vt 0.283750 0.941383
vt 0.263975 0.941416
vt 0.191090 0.984424
vt 0.191090 0.964648
vt 0.193247 0.964648
vt 0.193247 0.984424
vt 0.673789 0.950333
vt 0.675946 0.950333
vt 0.675946 0.975502
vt 0.673789 0.975502
vt 0.957521 0.432142
vt 0.959678 0.432142
vt 0.959678 0.457311
vt 0.957521 0.457311
vt 0.170261 0.919016
vt 0.170261 0.865082
vt 0.173116 0.865074
vt 0.173116 0.919008
vt 0.036495 0.930191
vt 0.036495 0.876260
vt 0.038868 0.876238
vt 0.038868 0.930170
vt 0.041823 0.876233
vt 0.041823 0.930165
vt 0.044568 0.876247
vt 0.044568 0.930179
vt 0.544310 0.932493
vt 0.544310 0.878559
vt 0.546470 0.878541
vt 0.546470 0.932474
vt 0.549366 0.878534
vt 0.549366 0.932468
vt 0.552222 0.878542
vt 0.552222 0.932476
vt 0.333215 0.728777
vt 0.333215 0.674843
vt 0.335605 0.674855
vt 0.335605 0.728790
vt 0.338563 0.674858
vt 0.338563 0.728792
vt 0.341297 0.674849
vt 0.341297 0.728784
vt 0.212355 0.952768
vt 0.213844 0.955347
vt 0.213844 0.958325
vt 0.212355 0.960904
vt 0.209776 0.962393
vt 0.206798 0.962393
vt 0.204219 0.960904
vt 0.202730 0.958325
vt 0.202730 0.955347
vt 0.204219 0.952768
vt 0.206798 0.951279
vt 0.209776 0.951279
vt 0.165205 0.918991
vt 0.165205 0.865057
vt 0.167365 0.865076
vt 0.167365 0.919009
vt 0.239336 0.952769
vt 0.241915 0.951280
vt 0.244893 0.951280
vt 0.247472 0.952769
vt 0.248961 0.955348
vt 0.248961 0.958326
vt 0.247472 0.960905
vt 0.244893 0.962394
vt 0.241915 0.962394
vt 0.239336 0.960905
vt 0.237847 0.958326
vt 0.237847 0.955348
vt 0.715549 0.984448
vt 0.719864 0.984439
vt 0.719886 0.989079
vt 0.715572 0.989088
vt 0.986680 0.277227
vt 0.982365 0.277221
vt 0.982336 0.273364
vt 0.986650 0.273371
vt 0.982336 0.268562
vt 0.986650 0.268569
vt 0.982365 0.264103
vt 0.986680 0.264109
vt 0.988794 0.848576
vt 0.984480 0.848567
vt 0.984457 0.845056
vt 0.988772 0.845065
vt 0.984457 0.840350
vt 0.988772 0.840360
vt 0.984480 0.835710
vt 0.988794 0.835720
vt 0.983732 0.449302
vt 0.988046 0.449299
vt 0.988029 0.453183
vt 0.983714 0.453187
vt 0.988029 0.457990
vt 0.983714 0.457994
vt 0.988046 0.462432
vt 0.983732 0.462436
vt 0.066998 0.935770
vt 0.069418 0.939961
vt 0.069418 0.944800
vt 0.066998 0.948991
vt 0.062807 0.951411
vt 0.057968 0.951411
vt 0.053777 0.948991
vt 0.051358 0.944800
vt 0.051358 0.939961
vt 0.053777 0.935770
vt 0.057968 0.933350
vt 0.062807 0.933350
vt 0.715572 0.976232
vt 0.719886 0.976222
vt 0.719864 0.979733
vt 0.715549 0.979742
vt 0.819393 0.937054
vt 0.823584 0.934634
vt 0.828423 0.934634
vt 0.832613 0.937053
vt 0.835033 0.941244
vt 0.835033 0.946084
vt 0.832613 0.950275
vt 0.828423 0.952694
vt 0.823584 0.952695
vt 0.819393 0.950275
vt 0.816973 0.946084
vt 0.816973 0.941245
vt 0.257623 0.944928
vt 0.237847 0.944906
vt 0.237847 0.916448
vt 0.257623 0.916469
vt 0.862877 0.928282
vt 0.843101 0.928277
vt 0.843101 0.899521
vt 0.862877 0.899526
vt 0.348470 0.903235
vt 0.368245 0.903202
vt 0.368245 0.931699
vt 0.348470 0.931732
vt 0.869229 0.899526
vt 0.889004 0.899521
vt 0.889004 0.928277
vt 0.869229 0.928282
vt 0.266612 0.881331
vt 0.266612 0.910096
vt 0.237847 0.910095
vt 0.237847 0.881330
vt 0.399647 0.910300
vt 0.399648 0.881534
vt 0.428412 0.881534
vt 0.428412 0.910300
vt 0.985406 0.829359
vt 0.985406 0.808900
vt 0.986325 0.808721
vt 0.986325 0.829179
vt 0.894903 0.982812
vt 0.894903 0.961248
vt 0.895972 0.961243
vt 0.895972 0.982808
vt 0.366093 0.986634
vt 0.366093 0.966175
vt 0.367041 0.966012
vt 0.367041 0.986471
vt 0.367960 0.966192
vt 0.367960 0.986650
vt 0.709355 0.277252
vt 0.709355 0.276187
vt 0.710253 0.275613
vt 0.711150 0.276104
vt 0.711150 0.277169
vt 0.710253 0.277743
vt 0.984793 0.493260
vt 0.984793 0.471702
vt 0.985861 0.471707
vt 0.985861 0.493266
vt 0.984457 0.829196
vt 0.984457 0.808737
vt 0.703003 0.277171
vt 0.702107 0.277745
vt 0.701210 0.277252
vt 0.701210 0.276186
vt 0.702107 0.275613
vt 0.703003 0.276105
vt 0.751987 0.972962
vt 0.751987 0.951388
vt 0.752906 0.951386
vt 0.752906 0.972960
vt 0.986650 0.708501
vt 0.986650 0.687336
vt 0.987719 0.687307
vt 0.987719 0.708472
vt 0.255313 0.972855
vt 0.255313 0.951281
vt 0.256261 0.951280
vt 0.256261 0.972854
vt 0.257180 0.951281
vt 0.257180 0.972856
vt 0.652098 0.276154
vt 0.653012 0.275613
vt 0.653926 0.276151
vt 0.653926 0.277229
vt 0.653012 0.277770
vt 0.652098 0.277233
vt 0.986650 0.791071
vt 0.986650 0.769926
vt 0.987717 0.769958
vt 0.987717 0.791103
vt 0.751038 0.972961
vt 0.751038 0.951386
vt 0.670350 0.277221
vt 0.669420 0.277735
vt 0.668490 0.277189
vt 0.668490 0.276128
vt 0.669420 0.275613
vt 0.670350 0.276159
vt 0.983368 0.678246
vt 0.983368 0.657744
vt 0.984287 0.657920
vt 0.984287 0.678423
vt 0.990845 0.219561
vt 0.990845 0.199199
vt 0.991885 0.199104
vt 0.991885 0.219466
vt 0.808571 0.983434
vt 0.808571 0.962931
vt 0.809520 0.963091
vt 0.809520 0.983594
vt 0.810438 0.962915
vt 0.810438 0.983417
vt 0.758358 0.277043
vt 0.758358 0.276102
vt 0.759292 0.275613
vt 0.760225 0.276066
vt 0.760225 0.277007
vt 0.759292 0.277496
vt 0.990844 0.246268
vt 0.990845 0.225913
vt 0.991881 0.226012
vt 0.991881 0.246367
vt 0.982419 0.678406
vt 0.982419 0.657903
vt 0.734720 0.275613
vt 0.735569 0.276025
vt 0.735569 0.277062
vt 0.734720 0.277688
vt 0.733871 0.277276
vt 0.733871 0.276239
vt 0.222506 0.944927
vt 0.202730 0.944906
vt 0.202730 0.916448
vt 0.222506 0.916469
vt 0.836749 0.928282
vt 0.816973 0.928277
vt 0.816973 0.899521
vt 0.836749 0.899526
vt 0.655168 0.915484
vt 0.674943 0.915451
vt 0.674943 0.943948
vt 0.655168 0.943981
vt 0.895357 0.899526
vt 0.915132 0.899521
vt 0.915132 0.928277
vt 0.895357 0.928282
vt 0.202730 0.881331
vt 0.231495 0.881330
vt 0.231495 0.910094
vt 0.202730 0.910096
vt 0.434764 0.910300
vt 0.434765 0.881534
vt 0.463529 0.881534
vt 0.463529 0.910300
vt 0.984720 0.983285
vt 0.984720 0.962826
vt 0.985639 0.962647
vt 0.985639 0.983105
vt 0.918853 0.981682
vt 0.918853 0.960117
vt 0.919922 0.960113
vt 0.919922 0.981677
vt 0.983772 0.956279
vt 0.983772 0.935820
vt 0.984720 0.935657
vt 0.984720 0.956116
vt 0.985639 0.935837
vt 0.985639 0.956295
vt 0.725650 0.276124
vt 0.726585 0.275613
vt 0.727519 0.276125
vt 0.727519 0.277148
vt 0.726585 0.277659
vt 0.725650 0.277147
vt 0.984794 0.521177
vt 0.984794 0.499618
vt 0.985861 0.499624
vt 0.985861 0.521183
vt 0.983772 0.983122
vt 0.983772 0.962664
vt 0.719298 0.276187
vt 0.719298 0.277251
vt 0.718400 0.277741
vt 0.717502 0.277167
vt 0.717502 0.276103
vt 0.718400 0.275613
vt 0.367041 0.959660
vt 0.367041 0.938086
vt 0.367960 0.938084
vt 0.367960 0.959658
vt 0.986650 0.736046
vt 0.986650 0.714882
vt 0.987719 0.714853
vt 0.987719 0.736017
vt 0.220196 0.972855
vt 0.220196 0.951281
vt 0.221144 0.951279
vt 0.221144 0.972853
vt 0.222063 0.951281
vt 0.222063 0.972855
vt 0.676702 0.277188
vt 0.676702 0.276126
vt 0.677630 0.275613
vt 0.678559 0.276162
vt 0.678559 0.277225
vt 0.677630 0.277737
vt 0.986650 0.763542
vt 0.986650 0.742398
vt 0.987717 0.742430
vt 0.987717 0.763574
vt 0.366093 0.959659
vt 0.366093 0.938084
vt 0.662138 0.277221
vt 0.661208 0.277735
vt 0.660278 0.277189
vt 0.660278 0.276128
vt 0.661208 0.275613
vt 0.662138 0.276160
vt 0.984721 0.929129
vt 0.984721 0.908626
vt 0.985639 0.908802
vt 0.985639 0.929305
vt 0.990844 0.192752
vt 0.990844 0.172390
vt 0.991884 0.172295
vt 0.991884 0.192657
vt 0.983772 0.902115
vt 0.983772 0.881612
vt 0.984721 0.881772
vt 0.984721 0.902274
vt 0.985639 0.881595
vt 0.985639 0.902098
vt 0.750139 0.277043
vt 0.750139 0.276102
vt 0.751073 0.275613
vt 0.752006 0.276066
vt 0.752006 0.277007
vt 0.751073 0.277496
vt 0.990928 0.589886
vt 0.990928 0.569530
vt 0.991965 0.569629
vt 0.991965 0.589984
vt 0.983772 0.929288
vt 0.983772 0.908785
vt 0.743787 0.276104
vt 0.743787 0.277047
vt 0.742854 0.277500
vt 0.741921 0.277009
vt 0.741921 0.276065
vt 0.742854 0.275613
vt 0.435611 0.923430
vt 0.431865 0.919708
vt 0.437157 0.916652
vt 0.438549 0.921734
vt 0.887321 0.947584
vt 0.892160 0.947574
vt 0.892195 0.954881
vt 0.887356 0.954891
vt 0.422456 0.925001
vt 0.417408 0.926358
vt 0.415712 0.923420
vt 0.419401 0.919708
vt 0.440255 0.928066
vt 0.882987 0.947517
vt 0.883015 0.953377
vt 0.896546 0.947488
vt 0.896574 0.953348
vt 0.411089 0.928052
vt 0.443269 0.916652
vt 0.441940 0.921734
vt 0.852312 0.955301
vt 0.847473 0.955293
vt 0.847426 0.949220
vt 0.852265 0.949227
vt 0.412775 0.921724
vt 0.414108 0.916652
vt 0.856696 0.953005
vt 0.856659 0.948134
vt 0.843139 0.952984
vt 0.843101 0.948113
vt 0.448562 0.919708
vt 0.444877 0.923430
vt 0.847426 0.941658
vt 0.852265 0.941665
vt 0.409383 0.921724
vt 0.407996 0.916652
vt 0.856659 0.942069
vt 0.843101 0.942049
vt 0.406446 0.923420
vt 0.402703 0.919708
vt 0.446573 0.926368
vt 0.852312 0.934641
vt 0.856696 0.936437
vt 0.843139 0.936416
vt 0.847473 0.934634
vt 0.451617 0.925001
vt 0.446573 0.929760
vt 0.876635 0.952415
vt 0.872256 0.954891
vt 0.872221 0.949363
vt 0.876607 0.947981
vt 0.867417 0.954881
vt 0.863077 0.952385
vt 0.863049 0.947952
vt 0.867382 0.949352
vt 0.404750 0.926358
vt 0.451617 0.931113
vt 0.399647 0.925001
vt 0.872221 0.941952
vt 0.876607 0.942038
vt 0.863049 0.942008
vt 0.867382 0.941941
vt 0.404750 0.929749
vt 0.448561 0.936406
vt 0.444877 0.932697
vt 0.399648 0.931113
vt 0.406446 0.932687
vt 0.443268 0.939462
vt 0.441940 0.934393
vt 0.867417 0.934634
vt 0.872256 0.934644
vt 0.402703 0.936406
vt 0.876635 0.936178
vt 0.863077 0.936148
vt 0.437157 0.939462
vt 0.438548 0.934393
vt 0.528364 0.926593
vt 0.533203 0.926589
vt 0.533175 0.932706
vt 0.528336 0.932710
vt 0.409383 0.934383
vt 0.407996 0.939462
vt 0.524019 0.928882
vt 0.523997 0.933788
vt 0.537578 0.928871
vt 0.537556 0.933777
vt 0.533175 0.940277
vt 0.528336 0.940281
vt 0.412775 0.934383
vt 0.414108 0.939462
vt 0.435611 0.932697
vt 0.523997 0.939859
vt 0.537556 0.939848
vt 0.431864 0.936406
vt 0.433915 0.929760
vt 0.528364 0.947276
vt 0.524019 0.945469
vt 0.537578 0.945458
vt 0.533203 0.947272
vt 0.415712 0.932687
vt 0.428808 0.931113
vt 0.419401 0.936406
vt 0.433915 0.926368
vt 0.883015 0.937140
vt 0.887356 0.934644
vt 0.887321 0.940173
vt 0.882987 0.941574
vt 0.892195 0.934634
vt 0.896574 0.937111
vt 0.896546 0.941544
vt 0.892160 0.940163
vt 0.417408 0.929749
vt 0.428809 0.925001
vt 0.422456 0.931113
vt 0.416701 0.956243
vt 0.420111 0.956297
vt 0.420139 0.962213
vt 0.416723 0.960987
vt 0.423919 0.956289
vt 0.427372 0.956220
vt 0.427394 0.960963
vt 0.423948 0.962205
vt 0.598825 0.930349
vt 0.593709 0.931721
vt 0.597452 0.927971
vt 0.160159 0.930855
vt 0.157126 0.927842
vt 0.161411 0.925368
vt 0.162536 0.929482
vt 0.602912 0.929251
vt 0.600438 0.924966
vt 0.163918 0.934607
vt 0.165282 0.929482
vt 0.410348 0.960685
vt 0.406897 0.962544
vt 0.406859 0.957627
vt 0.410318 0.956742
vt 0.403089 0.962539
vt 0.399678 0.960669
vt 0.399647 0.956726
vt 0.403051 0.957622
vt 0.595074 0.926599
vt 0.166358 0.925368
vt 0.596154 0.922492
vt 0.406859 0.951506
vt 0.410318 0.951833
vt 0.399647 0.951817
vt 0.403051 0.951500
vt 0.592328 0.926598
vt 0.170643 0.927841
vt 0.167660 0.930854
vt 0.591206 0.922492
vt 0.589951 0.927971
vt 0.173116 0.932126
vt 0.169033 0.933232
vt 0.403089 0.945814
vt 0.406897 0.945820
vt 0.586922 0.924966
vt 0.410348 0.947273
vt 0.399678 0.947257
vt 0.173116 0.937074
vt 0.169033 0.935978
vt 0.440994 0.962213
vt 0.437185 0.962205
vt 0.437157 0.957729
vt 0.440965 0.957737
vt 0.588578 0.930349
vt 0.584448 0.929251
vt 0.444440 0.960207
vt 0.444417 0.956618
vt 0.433769 0.960184
vt 0.433746 0.956595
vt 0.437157 0.951730
vt 0.440965 0.951738
vt 0.588578 0.933095
vt 0.584448 0.934199
vt 0.167660 0.938356
vt 0.444417 0.951807
vt 0.433746 0.951784
vt 0.170643 0.941359
vt 0.165282 0.939729
vt 0.440994 0.945822
vt 0.444440 0.947063
vt 0.433769 0.947040
vt 0.437185 0.945814
vt 0.589951 0.935473
vt 0.166358 0.943833
vt 0.586922 0.938484
vt 0.162536 0.939729
vt 0.688266 0.947019
vt 0.691685 0.945166
vt 0.691663 0.950118
vt 0.688248 0.950990
vt 0.695494 0.945162
vt 0.698937 0.947010
vt 0.698919 0.950981
vt 0.695471 0.950115
vt 0.592328 0.936846
vt 0.161411 0.943833
vt 0.591206 0.940957
vt 0.698919 0.955896
vt 0.695471 0.956243
vt 0.595074 0.936846
vt 0.157126 0.941359
vt 0.160159 0.938356
vt 0.691663 0.956246
vt 0.596154 0.940957
vt 0.688248 0.955905
vt 0.154652 0.937074
vt 0.158786 0.935978
vt 0.695494 0.961906
vt 0.691685 0.961909
vt 0.597452 0.935473
vt 0.600438 0.938484
vt 0.688266 0.960446
vt 0.698937 0.960437
vt 0.154652 0.932127
vt 0.158786 0.933233
vt 0.420139 0.945822
vt 0.423948 0.945814
vt 0.423919 0.950290
vt 0.420111 0.950298
vt 0.598825 0.933095
vt 0.602912 0.934199
vt 0.416723 0.947842
vt 0.416701 0.951432
vt 0.427394 0.947819
vt 0.427372 0.951409
vt 0.845221 0.987418
vt 0.845221 0.978073
vt 0.847328 0.978091
vt 0.847328 0.987437
vt 0.868866 0.977664
vt 0.868866 0.987012
vt 0.867057 0.987020
vt 0.867057 0.977671
vt 0.864835 0.987020
vt 0.864835 0.977671
vt 0.863049 0.987012
vt 0.863049 0.977663
vt 0.513418 0.987797
vt 0.513418 0.978452
vt 0.515538 0.978469
vt 0.515538 0.987815
vt 0.517645 0.978451
vt 0.517645 0.987796
vt 0.881036 0.977665
vt 0.881036 0.987014
vt 0.879227 0.987012
vt 0.879227 0.977663
vt 0.877005 0.987012
vt 0.877005 0.977663
vt 0.034609 0.978716
vt 0.036722 0.978032
vt 0.038835 0.978709
vt 0.040141 0.980488
vt 0.040141 0.982689
vt 0.038835 0.984472
vt 0.036722 0.985156
vt 0.034609 0.984479
vt 0.033302 0.982701
vt 0.033302 0.980499
vt 0.875218 0.987014
vt 0.875218 0.977665
vt 0.843101 0.987436
vt 0.843101 0.978090
vt 0.111935 0.978075
vt 0.114048 0.978756
vt 0.115354 0.980536
vt 0.115354 0.982735
vt 0.114048 0.984512
vt 0.111935 0.985189
vt 0.109821 0.984508
vt 0.108515 0.982728
vt 0.108515 0.980529
vt 0.109821 0.978752
vt 0.877037 0.265543
vt 0.873650 0.262176
vt 0.878439 0.259411
vt 0.879695 0.264008
vt 0.352062 0.949800
vt 0.356076 0.949792
vt 0.356107 0.956403
vt 0.352094 0.956412
vt 0.906405 0.548407
vt 0.901835 0.549634
vt 0.900301 0.546977
vt 0.903640 0.543618
vt 0.881239 0.269737
vt 0.348470 0.949739
vt 0.348496 0.955041
vt 0.359715 0.949715
vt 0.359740 0.955016
vt 0.896117 0.551168
vt 0.946684 0.680871
vt 0.943091 0.678782
vt 0.943057 0.674375
vt 0.946641 0.675375
vt 0.897644 0.545442
vt 0.883968 0.259411
vt 0.882764 0.264008
vt 0.950697 0.680877
vt 0.950655 0.675382
vt 0.898852 0.540853
vt 0.954335 0.678799
vt 0.954301 0.674392
vt 0.888757 0.262176
vt 0.885421 0.265543
vt 0.946641 0.668534
vt 0.950655 0.668540
vt 0.894575 0.545442
vt 0.893322 0.540853
vt 0.954301 0.668905
vt 0.943057 0.668888
vt 0.891521 0.266965
vt 0.886955 0.268200
vt 0.946684 0.662179
vt 0.950697 0.662185
vt 0.891917 0.546977
vt 0.888533 0.543618
vt 0.954335 0.663809
vt 0.943091 0.663792
vt 0.890383 0.549634
vt 0.885768 0.548406
vt 0.886955 0.271269
vt 0.803914 0.954321
vt 0.800281 0.956562
vt 0.800249 0.951560
vt 0.803888 0.950309
vt 0.796268 0.956554
vt 0.792669 0.954296
vt 0.792643 0.950285
vt 0.796236 0.951551
vt 0.891521 0.272494
vt 0.885421 0.273927
vt 0.800249 0.944855
vt 0.803888 0.944932
vt 0.792643 0.944908
vt 0.796236 0.944846
vt 0.890383 0.552703
vt 0.888756 0.277283
vt 0.885768 0.553936
vt 0.800281 0.938244
vt 0.803914 0.939630
vt 0.792669 0.939606
vt 0.796268 0.938235
vt 0.891917 0.555361
vt 0.883968 0.280048
vt 0.882763 0.275461
vt 0.888533 0.558725
vt 0.894575 0.556895
vt 0.878438 0.280048
vt 0.879695 0.275461
vt 0.036925 0.936547
vt 0.040938 0.936543
vt 0.040913 0.942078
vt 0.036900 0.942082
vt 0.893322 0.561490
vt 0.033323 0.938618
vt 0.033302 0.943056
vt 0.044568 0.938608
vt 0.044548 0.943047
vt 0.873650 0.277283
vt 0.877037 0.273927
vt 0.040913 0.948928
vt 0.036900 0.948931
vt 0.897644 0.556895
vt 0.898852 0.561490
vt 0.033302 0.948549
vt 0.044548 0.948540
vt 0.040938 0.955257
vt 0.036925 0.955260
vt 0.900301 0.555361
vt 0.903640 0.558725
vt 0.875503 0.271269
vt 0.033323 0.953625
vt 0.044568 0.953615
vt 0.870885 0.272494
vt 0.875503 0.268200
vt 0.348496 0.940350
vt 0.352094 0.938093
vt 0.352062 0.943095
vt 0.348470 0.944362
vt 0.356107 0.938084
vt 0.359740 0.940326
vt 0.359715 0.944337
vt 0.356076 0.943087
vt 0.901835 0.552703
vt 0.870885 0.266965
vt 0.906405 0.553936
vt 0.726238 0.986015
vt 0.726238 0.976222
vt 0.728371 0.976297
vt 0.728371 0.986090
vt 0.926637 0.569530
vt 0.936705 0.569531
vt 0.936705 0.680955
vt 0.926637 0.680955
vt 0.980893 0.058952
vt 0.980893 0.049149
vt 0.983029 0.049080
vt 0.983029 0.058883
vt 0.571638 0.934050
vt 0.561570 0.934050
vt 0.561570 0.822626
vt 0.571638 0.822625
vt 0.938742 0.808721
vt 0.938742 0.917033
vt 0.936585 0.917037
vt 0.936585 0.808725
vt 0.939102 0.394589
vt 0.939102 0.286400
vt 0.941260 0.286405
vt 0.941260 0.394594
vt 0.918127 0.833837
vt 0.918127 0.823964
vt 0.920261 0.823902
vt 0.920261 0.833775
vt 0.077844 0.926998
vt 0.067777 0.926995
vt 0.067777 0.815560
vt 0.077844 0.815563
vt 0.980181 0.140806
vt 0.980181 0.130943
vt 0.982318 0.131003
vt 0.982318 0.140866
vt 0.051358 0.815563
vt 0.061425 0.815560
vt 0.061425 0.926995
vt 0.051358 0.926998
vt 0.936585 0.118929
vt 0.936585 0.228223
vt 0.934428 0.228219
vt 0.934428 0.118926
vt 0.934428 0.112574
vt 0.934428 0.003180
vt 0.936585 0.003176
vt 0.936585 0.112570
vt 0.917409 0.279140
vt 0.917409 0.257566
vt 0.935195 0.257548
vt 0.935195 0.279121
vt 0.878817 0.557784
vt 0.857243 0.557779
vt 0.857243 0.525429
vt 0.878817 0.525434
vt 0.912757 0.562425
vt 0.912757 0.540853
vt 0.930568 0.540883
vt 0.930568 0.562455
vt 0.627243 0.883712
vt 0.648816 0.883707
vt 0.648816 0.916057
vt 0.627243 0.916063
vt 0.602912 0.883779
vt 0.602912 0.916140
vt 0.584934 0.916139
vt 0.584934 0.883779
vt 0.792643 0.931883
vt 0.792643 0.899522
vt 0.810621 0.899521
vt 0.810621 0.931883
vt 0.988769 0.874389
vt 0.988769 0.860007
vt 0.990548 0.860005
vt 0.990548 0.874387
vt 0.102163 0.943319
vt 0.087781 0.943315
vt 0.087781 0.918154
vt 0.102163 0.918158
vt 0.934428 0.248957
vt 0.934428 0.234575
vt 0.936209 0.234578
vt 0.936209 0.248960
vt 0.290918 0.918873
vt 0.305300 0.918870
vt 0.305300 0.944031
vt 0.290918 0.944035
vt 0.620620 0.915301
vt 0.620620 0.940470
vt 0.618822 0.940470
vt 0.618822 0.915301
vt 0.618822 0.908949
vt 0.618822 0.883779
vt 0.620620 0.883779
vt 0.620620 0.908949
s 0
usemtl CafeBaked_lvl1
f 1/1/1 2/2/1 4/3/1 3/4/1
f 3/5/2 4/6/2 8/7/2 7/8/2
f 7/9/3 8/10/3 6/11/3 5/12/3
f 5/13/4 6/14/4 2/15/4 1/16/4
f 3/17/5 7/18/5 5/19/5 1/20/5
f 8/21/6 4/22/6 2/23/6 6/24/6
f 9/25/1 10/26/1 12/27/1 11/28/1
f 11/29/2 12/30/2 16/31/2 15/32/2
f 15/33/3 16/34/3 14/35/3 13/36/3
f 13/37/4 14/38/4 10/39/4 9/40/4
f 11/41/5 15/42/5 13/43/5 9/44/5
f 16/45/6 12/46/6 10/47/6 14/48/6
f 17/49/1 18/50/1 20/51/1 19/52/1
f 19/53/2 20/54/2 24/55/2 23/56/2
f 23/57/3 24/58/3 22/59/3 21/60/3
f 21/61/4 22/62/4 18/63/4 17/64/4
f 19/65/5 23/66/5 21/67/5 17/68/5
f 24/69/6 20/70/6 18/71/6 22/72/6
f 25/73/1 26/74/1 28/75/1 27/76/1
f 27/77/2 28/78/2 32/79/2 31/80/2
f 31/81/3 32/82/3 30/83/3 29/84/3
f 29/85/4 30/86/4 26/87/4 25/88/4
f 27/89/5 31/90/5 29/91/5 25/92/5
f 32/93/6 28/94/6 26/95/6 30/96/6
f 33/97/1 34/98/1 36/99/1 35/100/1
f 35/101/2 36/102/2 40/103/2 39/104/2
f 39/105/3 40/106/3 38/107/3 37/108/3
f 37/109/4 38/110/4 34/111/4 33/112/4
f 35/113/5 39/114/5 37/115/5 33/116/5
f 40/117/6 36/118/6 34/119/6 38/120/6
f 41/121/1 42/122/1 44/123/1 43/124/1
f 43/125/2 44/126/2 48/127/2 47/128/2
f 47/129/3 48/130/3 46/131/3 45/132/3
f 45/133/4 46/134/4 42/135/4 41/136/4
f 43/137/5 47/138/5 45/139/5 41/140/5
f 48/141/6 44/142/6 42/143/6 46/144/6
f 49/145/1 50/146/1 52/147/1 51/148/1
f 51/149/2 52/150/2 56/151/2 55/152/2
f 55/153/3 56/154/3 54/155/3 53/156/3
f 53/157/4 54/158/4 50/159/4 49/160/4
f 51/161/5 55/162/5 53/163/5 49/164/5
f 56/165/6 52/166/6 50/167/6 54/168/6
f 57/169/1 58/170/1 60/171/1 59/172/1
f 59/173/2 60/174/2 64/175/2 63/176/2
f 63/177/3 64/178/3 62/179/3 61/180/3
f 61/181/4 62/182/4 58/183/4 57/184/4
f 59/185/5 63/186/5 61/187/5 57/188/5
f 64/189/6 60/190/6 58/191/6 62/192/6
s 1
f 65/193/7 66/194/8 68/195/9 67/196/10
f 67/197/10 68/198/9 70/199/11 69/200/12
f 69/200/12 70/199/11 72/201/13 71/202/14
f 71/202/14 72/201/13 74/203/15 73/204/16
f 73/205/16 74/206/15 76/207/17 75/208/18
f 75/208/18 76/207/17 78/209/19 77/210/20
f 77/211/20 78/212/19 80/213/21 79/214/22
f 79/214/22 80/213/21 82/215/23 81/216/24
f 68/217/9 66/218/8 84/219/25 82/220/23 80/221/21 78/222/19 76/223/17 74/224/15 72/225/13 70/226/11
f 81/216/24 82/215/23 84/227/25 83/228/26
f 83/229/26 84/230/25 66/194/8 65/193/7
f 65/231/7 67/232/10 69/233/12 71/234/14 73/235/16 75/236/18 77/237/20 79/238/22 81/239/24 83/240/26
f 85/241/7 86/242/8 88/243/9 87/244/10
f 87/245/10 88/246/9 90/247/11 89/248/12
f 89/248/12 90/247/11 92/249/13 91/250/14
f 91/250/14 92/249/13 94/251/15 93/252/16
f 93/253/16 94/254/15 96/255/17 95/256/18
f 95/256/18 96/255/17 98/257/19 97/258/20
f 97/259/20 98/260/19 100/261/21 99/262/22
f 99/262/22 100/261/21 102/263/23 101/264/24
f 88/265/9 86/266/8 104/267/25 102/268/23 100/269/21 98/270/19 96/271/17 94/272/15 92/273/13 90/274/11
f 101/264/24 102/263/23 104/275/25 103/276/26
f 103/277/26 104/278/25 86/242/8 85/241/7
f 85/279/7 87/280/10 89/281/12 91/282/14 93/283/16 95/284/18 97/285/20 99/286/22 101/287/24 103/288/26
f 105/289/7 106/290/8 108/291/9 107/292/10
f 107/293/10 108/294/9 110/295/11 109/296/12
f 109/296/12 110/295/11 112/297/13 111/298/14
f 111/298/14 112/297/13 114/299/15 113/300/16
f 113/301/16 114/302/15 116/303/17 115/304/18
f 115/304/18 116/303/17 118/305/19 117/306/20
f 117/307/20 118/308/19 120/309/21 119/310/22
f 119/310/22 120/309/21 122/311/23 121/312/24
f 108/313/9 106/314/8 124/315/25 122/316/23 120/317/21 118/318/19 116/319/17 114/320/15 112/321/13 110/322/11
f 121/312/24 122/311/23 124/323/25 123/324/26
f 123/325/26 124/326/25 106/290/8 105/289/7
f 105/327/7 107/328/10 109/329/12 111/330/14 113/331/16 115/332/18 117/333/20 119/334/22 121/335/24 123/336/26
f 125/337/7 126/338/8 128/339/9 127/340/10
f 127/341/10 128/342/9 130/343/11 129/344/12
f 129/344/12 130/343/11 132/345/13 131/346/14
f 131/346/14 132/345/13 134/347/15 133/348/16
f 133/349/16 134/350/15 136/351/17 135/352/18
f 135/352/18 136/351/17 138/353/19 137/354/20
f 137/355/20 138/356/19 140/357/21 139/358/22
f 139/358/22 140/357/21 142/359/23 141/360/24
f 128/361/9 126/362/8 144/363/25 142/364/23 140/365/21 138/366/19 136/367/17 134/368/15 132/369/13 130/370/11
f 141/360/24 142/359/23 144/371/25 143/372/26
f 143/373/26 144/374/25 126/338/8 125/337/7
f 125/375/7 127/376/10 129/377/12 131/378/14 133/379/16 135/380/18 137/381/20 139/382/22 141/383/24 143/384/26
f 145/385/7 146/386/8 148/387/9 147/388/10
f 147/389/10 148/390/9 150/391/11 149/392/12
f 149/392/12 150/391/11 152/393/13 151/394/14
f 151/394/14 152/393/13 154/395/15 153/396/16
f 153/397/16 154/398/15 156/399/17 155/400/18
f 155/400/18 156/399/17 158/401/19 157/402/20
f 157/403/20 158/404/19 160/405/21 159/406/22
f 159/406/22 160/405/21 162/407/23 161/408/24
f 148/409/9 146/410/8 164/411/25 162/412/23 160/413/21 158/414/19 156/415/17 154/416/15 152/417/13 150/418/11
f 161/408/24 162/407/23 164/419/25 163/420/26
f 163/421/26 164/422/25 146/386/8 145/385/7
f 145/423/7 147/424/10 149/425/12 151/426/14 153/427/16 155/428/18 157/429/20 159/430/22 161/431/24 163/432/26
f 165/433/7 166/434/8 168/435/9 167/436/10
f 167/437/10 168/438/9 170/439/11 169/440/12
f 169/440/12 170/439/11 172/441/13 171/442/14
f 171/442/14 172/441/13 174/443/15 173/444/16
f 173/445/16 174/446/15 176/447/17 175/448/18
f 175/448/18 176/447/17 178/449/19 177/450/20
f 177/451/20 178/452/19 180/453/21 179/454/22
f 179/454/22 180/453/21 182/455/23 181/456/24
f 168/457/9 166/458/8 184/459/25 182/460/23 180/461/21 178/462/19 176/463/17 174/464/15 172/465/13 170/466/11
f 181/456/24 182/455/23 184/467/25 183/468/26
f 183/469/26 184/470/25 166/434/8 165/433/7
f 165/471/7 167/472/10 169/473/12 171/474/14 173/475/16 175/476/18 177/477/20 179/478/22 181/479/24 183/480/26
f 185/481/7 186/482/8 188/483/9 187/484/10
f 187/485/10 188/486/9 190/487/11 189/488/12
f 189/488/12 190/487/11 192/489/13 191/490/14
f 191/490/14 192/489/13 194/491/15 193/492/16
f 193/493/16 194/494/15 196/495/17 195/496/18
f 195/496/18 196/495/17 198/497/19 197/498/20
f 197/499/20 198/500/19 200/501/21 199/502/22
f 199/502/22 200/501/21 202/503/23 201/504/24
f 188/505/9 186/506/8 204/507/25 202/508/23 200/509/21 198/510/19 196/511/17 194/512/15 192/513/13 190/514/11
f 201/504/24 202/503/23 204/515/25 203/516/26
f 203/517/26 204/518/25 186/482/8 185/481/7
f 185/519/7 187/520/10 189/521/12 191/522/14 193/523/16 195/524/18 197/525/20 199/526/22 201/527/24 203/528/26
f 205/529/7 206/530/8 208/531/9 207/532/10
f 207/533/10 208/534/9 210/535/11 209/536/12
f 209/536/12 210/535/11 212/537/13 211/538/14
f 211/538/14 212/537/13 214/539/15 213/540/16
f 213/541/16 214/542/15 216/543/17 215/544/18
f 215/544/18 216/543/17 218/545/19 217/546/20
f 217/547/20 218/548/19 220/549/21 219/550/22
f 219/550/22 220/549/21 222/551/23 221/552/24
f 208/553/9 206/554/8 224/555/25 222/556/23 220/557/21 218/558/19 216/559/17 214/560/15 212/561/13 210/562/11
f 221/552/24 222/551/23 224/563/25 223/564/26
f 223/565/26 224/566/25 206/530/8 205/529/7
f 205/567/7 207/568/10 209/569/12 211/570/14 213/571/16 215/572/18 217/573/20 219/574/22 221/575/24 223/576/26
f 225/577/7 226/578/8 228/579/9 227/580/10
f 227/581/10 228/582/9 230/583/11 229/584/12
f 229/584/12 230/583/11 232/585/13 231/586/14
f 231/586/14 232/585/13 234/587/15 233/588/16
f 233/589/16 234/590/15 236/591/17 235/592/18
f 235/592/18 236/591/17 238/593/19 237/594/20
f 237/595/20 238/596/19 240/597/21 239/598/22
f 239/598/22 240/597/21 242/599/23 241/600/24
f 228/601/9 226/602/8 244/603/25 242/604/23 240/605/21 238/606/19 236/607/17 234/608/15 232/609/13 230/610/11
f 241/600/24 242/599/23 244/611/25 243/612/26
f 243/613/26 244/614/25 226/578/8 225/577/7
f 225/615/7 227/616/10 229/617/12 231/618/14 233/619/16 235/620/18 237/621/20 239/622/22 241/623/24 243/624/26
f 245/625/7 246/626/8 248/627/9 247/628/10
f 247/629/10 248/630/9 250/631/11 249/632/12
f 249/632/12 250/631/11 252/633/13 251/634/14
f 251/634/14 252/633/13 254/635/15 253/636/16
f 253/637/16 254/638/15 256/639/17 255/640/18
f 255/640/18 256/639/17 258/641/19 257/642/20
f 257/643/20 258/644/19 260/645/21 259/646/22
f 259/646/22 260/645/21 262/647/23 261/648/24
f 248/649/9 246/650/8 264/651/25 262/652/23 260/653/21 258/654/19 256/655/17 254/656/15 252/657/13 250/658/11
f 261/648/24 262/647/23 264/659/25 263/660/26
f 263/661/26 264/662/25 246/626/8 245/625/7
f 245/663/7 247/664/10 249/665/12 251/666/14 253/667/16 255/668/18 257/669/20 259/670/22 261/671/24 263/672/26
f 265/673/7 266/674/8 268/675/9 267/676/10
f 267/677/10 268/678/9 270/679/11 269/680/12
f 269/680/12 270/679/11 272/681/13 271/682/14
f 271/682/14 272/681/13 274/683/15 273/684/16
f 273/685/16 274/686/15 276/687/17 275/688/18
f 275/688/18 276/687/17 278/689/19 277/690/20
f 277/691/20 278/692/19 280/693/21 279/694/22
f 279/694/22 280/693/21 282/695/23 281/696/24
f 268/697/9 266/698/8 284/699/25 282/700/23 280/701/21 278/702/19 276/703/17 274/704/15 272/705/13 270/706/11
f 281/696/24 282/695/23 284/707/25 283/708/26
f 283/709/26 284/710/25 266/674/8 265/673/7
f 265/711/7 267/712/10 269/713/12 271/714/14 273/715/16 275/716/18 277/717/20 279/718/22 281/719/24 283/720/26
f 285/721/7 286/722/8 288/723/9 287/724/10
f 287/725/10 288/726/9 290/727/11 289/728/12
f 289/728/12 290/727/11 292/729/13 291/730/14
f 291/730/14 292/729/13 294/731/15 293/732/16
f 293/733/16 294/734/15 296/735/17 295/736/18
f 295/736/18 296/735/17 298/737/19 297/738/20
f 297/739/20 298/740/19 300/741/21 299/742/22
f 299/742/22 300/741/21 302/743/23 301/744/24
f 288/745/9 286/746/8 304/747/25 302/748/23 300/749/21 298/750/19 296/751/17 294/752/15 292/753/13 290/754/11
f 301/744/24 302/743/23 304/755/25 303/756/26
f 303/757/26 304/758/25 286/722/8 285/721/7
f 285/759/7 287/760/10 289/761/12 291/762/14 293/763/16 295/764/18 297/765/20 299/766/22 301/767/24 303/768/26
f 305/769/7 306/770/8 308/771/9 307/772/10
f 307/773/10 308/774/9 310/775/11 309/776/12
f 309/776/12 310/775/11 312/777/13 311/778/14
f 311/778/14 312/777/13 314/779/15 313/780/16
f 313/781/16 314/782/15 316/783/17 315/784/18
f 315/784/18 316/783/17 318/785/19 317/786/20
f 317/787/20 318/788/19 320/789/21 319/790/22
f 319/790/22 320/789/21 322/791/23 321/792/24
f 308/793/9 306/794/8 324/795/25 322/796/23 320/797/21 318/798/19 316/799/17 314/800/15 312/801/13 310/802/11
f 321/792/24 322/791/23 324/803/25 323/804/26
f 323/805/26 324/806/25 306/770/8 305/769/7
f 305/807/7 307/808/10 309/809/12 311/810/14 313/811/16 315/812/18 317/813/20 319/814/22 321/815/24 323/816/26
f 325/817/7 326/818/8 328/819/9 327/820/10
f 327/821/10 328/822/9 330/823/11 329/824/12
f 329/824/12 330/823/11 332/825/13 331/826/14
f 331/826/14 332/825/13 334/827/15 333/828/16
f 333/829/16 334/830/15 336/831/17 335/832/18
f 335/832/18 336/831/17 338/833/19 337/834/20
f 337/835/20 338/836/19 340/837/21 339/838/22
f 339/838/22 340/837/21 342/839/23 341/840/24
f 328/841/9 326/842/8 344/843/25 342/844/23 340/845/21 338/846/19 336/847/17 334/848/15 332/849/13 330/850/11
f 341/840/24 342/839/23 344/851/25 343/852/26
f 343/853/26 344/854/25 326/818/8 325/817/7
f 325/855/7 327/856/10 329/857/12 331/858/14 333/859/16 335/860/18 337/861/20 339/862/22 341/863/24 343/864/26
f 345/865/7 346/866/8 348/867/9 347/868/10
f 347/869/10 348/870/9 350/871/11 349/872/12
f 349/872/12 350/871/11 352/873/13 351/874/14
f 351/874/14 352/873/13 354/875/15 353/876/16
f 353/877/16 354/878/15 356/879/17 355/880/18
f 355/880/18 356/879/17 358/881/19 357/882/20
f 357/883/20 358/884/19 360/885/21 359/886/22
f 359/886/22 360/885/21 362/887/23 361/888/24
f 348/889/9 346/890/8 364/891/25 362/892/23 360/893/21 358/894/19 356/895/17 354/896/15 352/897/13 350/898/11
f 361/888/24 362/887/23 364/899/25 363/900/26
f 363/901/26 364/902/25 346/866/8 345/865/7
f 345/903/7 347/904/10 349/905/12 351/906/14 353/907/16 355/908/18 357/909/20 359/910/22 361/911/24 363/912/26
f 365/913/7 366/914/8 368/915/9 367/916/10
f 367/917/10 368/918/9 370/919/11 369/920/12
f 369/920/12 370/919/11 372/921/13 371/922/14
f 371/922/14 372/921/13 374/923/15 373/924/16
f 373/925/16 374/926/15 376/927/17 375/928/18
f 375/928/18 376/927/17 378/929/19 377/930/20
f 377/931/20 378/932/19 380/933/21 379/934/22
f 379/934/22 380/933/21 382/935/23 381/936/24
f 368/937/9 366/938/8 384/939/25 382/940/23 380/941/21 378/942/19 376/943/17 374/944/15 372/945/13 370/946/11
f 381/936/24 382/935/23 384/947/25 383/948/26
f 383/949/26 384/950/25 366/914/8 365/913/7
f 365/951/7 367/952/10 369/953/12 371/954/14 373/955/16 375/956/18 377/957/20 379/958/22 381/959/24 383/960/26
f 385/961/7 386/962/8 388/963/9 387/964/10
f 387/965/10 388/966/9 390/967/11 389/968/12
f 389/968/12 390/967/11 392/969/13 391/970/14
f 391/970/14 392/969/13 394/971/15 393/972/16
f 393/973/16 394/974/15 396/975/17 395/976/18
f 395/976/18 396/975/17 398/977/19 397/978/20
f 397/979/20 398/980/19 400/981/21 399/982/22
f 399/982/22 400/981/21 402/983/23 401/984/24
f 388/985/9 386/986/8 404/987/25 402/988/23 400/989/21 398/990/19 396/991/17 394/992/15 392/993/13 390/994/11
f 401/984/24 402/983/23 404/995/25 403/996/26
f 403/997/26 404/998/25 386/962/8 385/961/7
f 385/999/7 387/1000/10 389/1001/12 391/1002/14 393/1003/16 395/1004/18 397/1005/20 399/1006/22 401/1007/24 403/1008/26
f 405/1009/7 406/1010/8 408/1011/9 407/1012/10
f 407/1013/10 408/1014/9 410/1015/11 409/1016/12
f 409/1016/12 410/1015/11 412/1017/13 411/1018/14
f 411/1018/14 412/1017/13 414/1019/15 413/1020/16
f 413/1021/16 414/1022/15 416/1023/17 415/1024/18
f 415/1024/18 416/1023/17 418/1025/19 417/1026/20
f 417/1027/20 418/1028/19 420/1029/21 419/1030/22
f 419/1030/22 420/1029/21 422/1031/23 421/1032/24
f 408/1033/9 406/1034/8 424/1035/25 422/1036/23 420/1037/21 418/1038/19 416/1039/17 414/1040/15 412/1041/13 410/1042/11
f 421/1032/24 422/1031/23 424/1043/25 423/1044/26
f 423/1045/26 424/1046/25 406/1010/8 405/1009/7
f 405/1047/7 407/1048/10 409/1049/12 411/1050/14 413/1051/16 415/1052/18 417/1053/20 419/1054/22 421/1055/24 423/1056/26
s 0
f 425/1057/1 426/1058/1 428/1059/1 427/1060/1
f 427/1061/2 428/1062/2 432/1063/2 431/1064/2
f 431/1065/3 432/1066/3 430/1067/3 429/1068/3
f 429/1069/4 430/1070/4 426/1071/4 425/1072/4
f 427/1073/5 431/1074/5 429/1075/5 425/1076/5
f 432/1077/6 428/1078/6 426/1079/6 430/1080/6
f 433/1081/1 434/1082/1 436/1083/1 435/1084/1
f 435/1085/2 436/1086/2 440/1087/2 439/1088/2
f 439/1089/3 440/1090/3 438/1091/3 437/1092/3
f 437/1093/4 438/1094/4 434/1095/4 433/1096/4
f 435/1097/5 439/1098/5 437/1099/5 433/1100/5
f 440/1101/6 436/1102/6 434/1103/6 438/1104/6
f 441/1105/1 442/1106/1 444/1107/1 443/1108/1
f 443/1109/2 444/1110/2 448/1111/2 447/1112/2
f 447/1113/3 448/1114/3 446/1115/3 445/1116/3
f 445/1117/4 446/1118/4 442/1119/4 441/1120/4
f 443/1121/5 447/1122/5 445/1123/5 441/1124/5
f 448/1125/6 444/1126/6 442/1127/6 446/1128/6
f 449/1129/1 450/1130/1 452/1131/1 451/1132/1
f 451/1133/2 452/1134/2 456/1135/2 455/1136/2
f 455/1137/3 456/1138/3 454/1139/3 453/1140/3
f 453/1141/4 454/1142/4 450/1143/4 449/1144/4
f 451/1145/5 455/1146/5 453/1147/5 449/1148/5
f 456/1149/6 452/1150/6 450/1151/6 454/1152/6
f 457/1153/1 458/1154/1 460/1155/1 459/1156/1
f 459/1157/2 460/1158/2 464/1159/2 463/1160/2
f 463/1161/3 464/1162/3 462/1163/3 461/1164/3
f 461/1165/4 462/1166/4 458/1167/4 457/1168/4
f 459/1169/5 463/1170/5 461/1171/5 457/1172/5
f 464/1173/6 460/1174/6 458/1175/6 462/1176/6
f 465/1177/1 466/1178/1 468/1179/1 467/1180/1
f 467/1181/2 468/1182/2 472/1183/2 471/1184/2
f 471/1185/3 472/1186/3 470/1187/3 469/1188/3
f 469/1189/4 470/1190/4 466/1191/4 465/1192/4
f 467/1193/5 471/1194/5 469/1195/5 465/1196/5
f 472/1197/6 468/1198/6 466/1199/6 470/1200/6
f 473/1201/1 474/1202/1 476/1203/1 475/1204/1
f 475/1205/2 476/1206/2 480/1207/2 479/1208/2
f 479/1209/3 480/1210/3 478/1211/3 477/1212/3
f 477/1213/4 478/1214/4 474/1215/4 473/1216/4
f 475/1217/5 479/1218/5 477/1219/5 473/1220/5
f 480/1221/6 476/1222/6 474/1223/6 478/1224/6
f 481/1225/1 482/1226/1 484/1227/1 483/1228/1
f 483/1229/2 484/1230/2 488/1231/2 487/1232/2
f 487/1233/3 488/1234/3 486/1235/3 485/1236/3
f 485/1237/4 486/1238/4 482/1239/4 481/1240/4
f 483/1241/5 487/1242/5 485/1243/5 481/1244/5
f 488/1245/6 484/1246/6 482/1247/6 486/1248/6
f 489/1249/1 490/1250/1 492/1251/1 491/1252/1
f 491/1253/2 492/1254/2 496/1255/2 495/1256/2
f 495/1257/3 496/1258/3 494/1259/3 493/1260/3
f 493/1261/4 494/1262/4 490/1263/4 489/1264/4
f 491/1265/5 495/1266/5 493/1267/5 489/1268/5
f 496/1269/6 492/1270/6 490/1271/6 494/1272/6
f 497/1273/1 498/1274/1 500/1275/1 499/1276/1
f 499/1277/2 500/1278/2 504/1279/2 503/1280/2
f 503/1281/3 504/1282/3 502/1283/3 501/1284/3
f 501/1285/4 502/1286/4 498/1287/4 497/1288/4
f 499/1289/5 503/1290/5 501/1291/5 497/1292/5
f 504/1293/6 500/1294/6 498/1295/6 502/1296/6
f 505/1297/1 506/1298/1 508/1299/1 507/1300/1
f 507/1301/2 508/1302/2 512/1303/2 511/1304/2
f 511/1305/3 512/1306/3 510/1307/3 509/1308/3
f 509/1309/4 510/1310/4 506/1311/4 505/1312/4
f 507/1313/5 511/1314/5 509/1315/5 505/1316/5
f 512/1317/6 508/1318/6 506/1319/6 510/1320/6
f 513/1321/1 514/1322/1 516/1323/1 515/1324/1
f 515/1325/27 516/1326/27 520/1327/27 519/1328/27
f 519/1329/3 520/1330/3 518/1331/3 517/1332/3
f 517/1333/28 518/1334/28 514/1335/28 513/1336/28
f 515/1337/29 519/1338/29 517/1339/29 513/1340/29
f 520/1341/30 516/1342/30 514/1343/30 518/1344/30
f 521/1345/31 522/1346/31 524/1347/31 523/1348/31
f 523/1349/32 524/1350/32 528/1351/32 527/1352/32
f 527/1353/33 528/1354/33 526/1355/33 525/1356/33
f 525/1357/34 526/1358/34 522/1359/34 521/1360/34
f 523/1361/35 527/1362/35 525/1363/35 521/1364/35
f 528/1365/36 524/1366/36 522/1367/36 526/1368/36
f 529/1369/1 530/1370/1 532/1371/1 531/1372/1
f 531/1373/27 532/1374/27 536/1375/27 535/1376/27
f 535/1377/3 536/1378/3 534/1379/3 533/1380/3
f 533/1381/28 534/1382/28 530/1383/28 529/1384/28
f 531/1385/29 535/1386/29 533/1387/29 529/1388/29
f 536/1389/30 532/1390/30 530/1391/30 534/1392/30
f 537/1393/1 538/1394/1 540/1395/1 539/1396/1
f 539/1397/27 540/1398/27 544/1399/27 543/1400/27
f 543/1401/3 544/1402/3 542/1403/3 541/1404/3
f 541/1405/28 542/1406/28 538/1407/28 537/1408/28
f 539/1409/29 543/1410/29 541/1411/29 537/1412/29
f 544/1413/30 540/1414/30 538/1415/30 542/1416/30
f 545/1417/37 546/1418/37 548/1419/37 547/1420/37
f 547/1421/38 548/1422/38 552/1423/38 551/1424/38
f 551/1425/39 552/1426/39 550/1427/39 549/1428/39
f 549/1429/40 550/1430/40 546/1431/40 545/1432/40
f 547/1433/41 551/1434/41 549/1435/41 545/1436/41
f 552/1437/42 548/1438/42 546/1439/42 550/1440/42
f 553/1441/1 554/1442/1 556/1443/1 555/1444/1
f 555/1445/27 556/1446/27 560/1447/27 559/1448/27
f 559/1449/3 560/1450/3 558/1451/3 557/1452/3
f 557/1453/28 558/1454/28 554/1455/28 553/1456/28
f 555/1457/29 559/1458/29 557/1459/29 553/1460/29
f 560/1461/30 556/1462/30 554/1463/30 558/1464/30
f 561/1465/1 562/1466/1 564/1467/1 563/1468/1
f 563/1469/27 564/1470/27 568/1471/27 567/1472/27
f 567/1473/3 568/1474/3 566/1475/3 565/1476/3
f 565/1477/28 566/1478/28 562/1479/28 561/1480/28
f 563/1481/29 567/1482/29 565/1483/29 561/1484/29
f 568/1485/30 564/1486/30 562/1487/30 566/1488/30
f 569/1489/1 570/1490/1 572/1491/1 571/1492/1
f 571/1493/2 572/1494/2 576/1495/2 575/1496/2
f 575/1497/3 576/1498/3 574/1499/3 573/1500/3
f 573/1501/4 574/1502/4 570/1503/4 569/1504/4
f 571/1505/5 575/1506/5 573/1507/5 569/1508/5
f 576/1509/6 572/1510/6 570/1511/6 574/1512/6
f 577/1513/1 578/1514/1 580/1515/1 579/1516/1
f 579/1517/2 580/1518/2 584/1519/2 583/1520/2
f 583/1521/3 584/1522/3 582/1523/3 581/1524/3
f 581/1525/4 582/1526/4 578/1527/4 577/1528/4
f 579/1529/5 583/1530/5 581/1531/5 577/1532/5
f 584/1533/6 580/1534/6 578/1535/6 582/1536/6
f 585/1537/1 586/1538/1 588/1539/1 587/1540/1
f 587/1541/2 588/1542/2 592/1543/2 591/1544/2
f 591/1545/3 592/1546/3 590/1547/3 589/1548/3
f 589/1549/4 590/1550/4 586/1551/4 585/1552/4
f 587/1553/5 591/1554/5 589/1555/5 585/1556/5
f 592/1557/6 588/1558/6 586/1559/6 590/1560/6
f 593/1561/1 594/1562/1 596/1563/1 595/1564/1
f 595/1565/2 596/1566/2 600/1567/2 599/1568/2
f 599/1569/3 600/1570/3 598/1571/3 597/1572/3
f 597/1573/4 598/1574/4 594/1575/4 593/1576/4
f 595/1577/5 599/1578/5 597/1579/5 593/1580/5
f 600/1581/6 596/1582/6 594/1583/6 598/1584/6
f 609/1585/4 601/1586/4 610/1587/4
f 601/1586/4 611/1588/4 610/1587/4
f 601/1586/4 612/1589/4 611/1588/4
f 609/1585/4 602/1590/4 601/1586/4
f 609/1585/4 605/1591/4 602/1590/4
f 605/1591/4 603/1592/4 602/1590/4
f 605/1591/4 604/1593/4 603/1592/4
f 609/1585/4 606/1594/4 605/1591/4
f 609/1585/4 607/1595/4 606/1594/4
f 609/1585/4 608/1596/4 607/1595/4
f 619/1597/4 613/1598/4 620/1599/4
f 613/1598/4 621/1600/4 620/1599/4
f 613/1598/4 622/1601/4 621/1600/4
f 619/1597/4 614/1602/4 613/1598/4
f 619/1597/4 617/1603/4 614/1602/4
f 617/1603/4 615/1604/4 614/1602/4
f 617/1603/4 616/1605/4 615/1604/4
f 619/1597/4 618/1606/4 617/1603/4
f 627/1607/4 629/1608/4 628/1609/4
f 627/1607/4 632/1610/4 629/1608/4
f 632/1610/4 630/1611/4 629/1608/4
f 627/1607/4 633/1612/4 632/1610/4
f 631/1613/4 630/1611/4 632/1610/4
f 627/1607/4 625/1614/4 633/1612/4
f 625/1614/4 631/1613/4 633/1612/4
f 625/1614/4 624/1615/4 631/1613/4
f 624/1615/4 630/1611/4 631/1613/4
f 627/1607/4 626/1616/4 625/1614/4
f 623/1617/4 630/1611/4 624/1615/4
f 717/1618/43 719/1619/43 718/1620/43
f 717/1618/44 720/1621/44 719/1619/44
f 717/1618/45 721/1622/45 720/1621/45
f 716/1623/4 721/1622/4 717/1618/4
f 716/1623/44 722/1624/44 721/1622/44
f 716/1623/45 723/1625/45 722/1624/45
f 716/1623/44 724/1626/44 723/1625/44
f 715/1627/4 724/1626/4 716/1623/4
f 715/1627/4 725/1628/4 724/1626/4
f 715/1627/4 726/1629/4 725/1628/4
f 715/1627/4 727/1630/4 726/1629/4
f 714/1631/4 727/1630/4 715/1627/4
f 714/1631/4 728/1632/4 727/1630/4
f 714/1631/4 729/1633/4 728/1632/4
f 714/1631/4 730/1634/4 729/1633/4
f 713/1635/4 730/1634/4 714/1631/4
f 713/1635/4 643/1636/4 730/1634/4
f 643/1636/4 642/1637/4 730/1634/4
f 642/1637/44 641/1638/44 730/1634/44
f 641/1638/4 640/1639/4 730/1634/4
f 640/1639/4 639/1640/4 730/1634/4
f 639/1640/4 638/1641/4 730/1634/4
f 638/1641/4 637/1642/4 730/1634/4
f 637/1642/4 636/1643/4 730/1634/4
f 636/1643/4 635/1644/4 730/1634/4
f 635/1644/4 634/1645/4 730/1634/4
f 634/1645/4 731/1646/4 730/1634/4
f 712/1647/4 645/1648/4 713/1635/4
f 645/1648/4 644/1649/4 713/1635/4
f 644/1649/4 643/1636/4 713/1635/4
f 712/1647/46 646/1650/46 645/1648/46
f 712/1647/4 647/1651/4 646/1650/4
f 712/1647/4 648/1652/4 647/1651/4
f 711/1653/4 648/1652/4 712/1647/4
f 711/1653/4 649/1654/4 648/1652/4
f 711/1653/4 650/1655/4 649/1654/4
f 710/1656/4 650/1655/4 711/1653/4
f 710/1656/4 651/1657/4 650/1655/4
f 710/1656/4 652/1658/4 651/1657/4
f 709/1659/4 652/1658/4 710/1656/4
f 709/1659/4 653/1660/4 652/1658/4
f 708/1661/4 653/1660/4 709/1659/4
f 708/1661/4 654/1662/4 653/1660/4
f 708/1661/4 655/1663/4 654/1662/4
f 707/1664/4 655/1663/4 708/1661/4
f 707/1664/4 656/1665/4 655/1663/4
f 706/1666/4 656/1665/4 707/1664/4
f 706/1666/4 657/1667/4 656/1665/4
f 706/1666/4 658/1668/4 657/1667/4
f 705/1669/4 658/1668/4 706/1666/4
f 705/1669/4 659/1670/4 658/1668/4
f 704/1671/4 659/1670/4 705/1669/4
f 704/1671/4 660/1672/4 659/1670/4
f 703/1673/4 660/1672/4 704/1671/4
f 703/1673/4 661/1674/4 660/1672/4
f 702/1675/4 661/1674/4 703/1673/4
f 702/1675/4 662/1676/4 661/1674/4
f 701/1677/4 662/1676/4 702/1675/4
f 701/1677/4 663/1678/4 662/1676/4
f 680/1679/4 682/1680/4 681/1681/4
f 701/1677/4 664/1682/4 663/1678/4
f 679/1683/4 682/1680/4 680/1679/4
f 700/1684/4 664/1682/4 701/1677/4
f 678/1685/4 682/1680/4 679/1683/4
f 700/1684/4 665/1686/4 664/1682/4
f 677/1687/4 682/1680/4 678/1685/4
f 676/1688/4 682/1680/4 677/1687/4
f 700/1684/4 666/1689/4 665/1686/4
f 675/1690/4 682/1680/4 676/1688/4
f 699/1691/4 666/1689/4 700/1684/4
f 674/1692/4 682/1680/4 675/1690/4
f 699/1691/4 667/1693/4 666/1689/4
f 673/1694/45 682/1680/45 674/1692/45
f 672/1695/44 682/1680/44 673/1694/44
f 699/1691/4 668/1696/4 667/1693/4
f 671/1697/4 682/1680/4 672/1695/4
f 670/1698/4 682/1680/4 671/1697/4
f 699/1691/45 669/1699/45 668/1696/45
f 669/1699/44 682/1680/44 670/1698/44
f 699/1691/4 682/1680/4 669/1699/4
f 698/1700/4 682/1680/4 699/1691/4
f 698/1700/4 683/1701/4 682/1680/4
f 697/1702/4 683/1701/4 698/1700/4
f 697/1702/4 684/1703/4 683/1701/4
f 697/1702/4 685/1704/4 684/1703/4
f 697/1702/4 686/1705/4 685/1704/4
f 696/1706/4 686/1705/4 697/1702/4
f 696/1706/4 687/1707/4 686/1705/4
f 696/1706/4 688/1708/4 687/1707/4
f 696/1706/4 689/1709/4 688/1708/4
f 695/1710/4 689/1709/4 696/1706/4
f 695/1710/4 690/1711/4 689/1709/4
f 695/1710/44 691/1712/44 690/1711/44
f 695/1710/4 692/1713/4 691/1712/4
f 694/1714/4 692/1713/4 695/1710/4
f 694/1714/4 693/1715/4 692/1713/4
f 740/1716/2 741/1717/2 732/1718/2
f 732/1718/2 741/1717/2 742/1719/2
f 732/1718/2 742/1719/2 743/1720/2
f 740/1716/2 732/1718/2 733/1721/2
f 740/1716/2 733/1721/2 736/1722/2
f 736/1722/2 733/1721/2 734/1723/2
f 736/1722/2 734/1723/2 735/1724/2
f 740/1716/2 736/1722/2 737/1725/2
f 740/1716/2 737/1725/2 738/1726/2
f 740/1716/2 738/1726/2 739/1727/2
f 750/1728/2 751/1729/2 744/1730/2
f 744/1730/2 751/1729/2 752/1731/2
f 744/1730/2 752/1731/2 753/1732/2
f 750/1728/2 744/1730/2 745/1733/2
f 750/1728/2 745/1733/2 748/1734/2
f 748/1734/2 745/1733/2 746/1735/2
f 748/1734/2 746/1735/2 747/1736/2
f 750/1728/2 748/1734/2 749/1737/2
f 758/1738/2 759/1739/2 760/1740/2
f 758/1738/2 760/1740/2 763/1741/2
f 763/1741/2 760/1740/2 761/1742/2
f 758/1738/2 763/1741/2 764/1743/2
f 762/1744/2 763/1741/2 761/1742/2
f 758/1738/2 764/1743/2 756/1745/2
f 756/1745/2 764/1743/2 762/1744/2
f 756/1745/2 762/1744/2 755/1746/2
f 755/1746/2 762/1744/2 761/1742/2
f 758/1738/2 756/1745/2 757/1747/2
f 754/1748/2 755/1746/2 761/1742/2
f 848/1749/47 849/1750/47 850/1751/47
f 848/1749/48 850/1751/48 851/1752/48
f 848/1749/2 851/1752/2 852/1753/2
f 847/1754/48 848/1749/48 852/1753/48
f 847/1754/49 852/1753/49 853/1755/49
f 847/1754/2 853/1755/2 854/1756/2
f 847/1754/2 854/1756/2 855/1757/2
f 846/1758/2 847/1754/2 855/1757/2
f 846/1758/2 855/1757/2 856/1759/2
f 846/1758/2 856/1759/2 857/1760/2
f 846/1758/2 857/1760/2 858/1761/2
f 845/1762/2 846/1758/2 858/1761/2
f 845/1762/2 858/1761/2 859/1763/2
f 845/1762/2 859/1763/2 860/1764/2
f 845/1762/2 860/1764/2 861/1765/2
f 844/1766/2 845/1762/2 861/1765/2
f 844/1766/2 861/1765/2 774/1767/2
f 774/1767/2 861/1765/2 773/1768/2
f 773/1768/2 861/1765/2 772/1769/2
f 772/1769/2 861/1765/2 771/1770/2
f 771/1770/2 861/1765/2 770/1771/2
f 770/1771/2 861/1765/2 769/1772/2
f 769/1772/2 861/1765/2 768/1773/2
f 768/1773/2 861/1765/2 767/1774/2
f 767/1774/2 861/1765/2 766/1775/2
f 766/1775/2 861/1765/2 765/1776/2
f 765/1776/2 861/1765/2 862/1777/2
f 843/1778/2 844/1766/2 776/1779/2
f 776/1779/2 844/1766/2 775/1780/2
f 775/1780/2 844/1766/2 774/1767/2
f 843/1778/50 776/1779/50 777/1781/50
f 843/1778/48 777/1781/48 778/1782/48
f 843/1778/2 778/1782/2 779/1783/2
f 842/1784/2 843/1778/2 779/1783/2
f 842/1784/2 779/1783/2 780/1785/2
f 842/1784/2 780/1785/2 781/1786/2
f 841/1787/2 842/1784/2 781/1786/2
f 841/1787/2 781/1786/2 782/1788/2
f 841/1787/2 782/1788/2 783/1789/2
f 840/1790/2 841/1787/2 783/1789/2
f 840/1790/2 783/1789/2 784/1791/2
f 839/1792/2 840/1790/2 784/1791/2
f 839/1792/2 784/1791/2 785/1793/2
f 839/1792/2 785/1793/2 786/1794/2
f 838/1795/2 839/1792/2 786/1794/2
f 838/1795/2 786/1794/2 787/1796/2
f 837/1797/2 838/1795/2 787/1796/2
f 837/1797/2 787/1796/2 788/1798/2
f 837/1797/2 788/1798/2 789/1799/2
f 836/1800/2 837/1797/2 789/1799/2
f 836/1800/2 789/1799/2 790/1801/2
f 835/1802/2 836/1800/2 790/1801/2
f 835/1802/2 790/1801/2 791/1803/2
f 834/1804/2 835/1802/2 791/1803/2
f 834/1804/2 791/1803/2 792/1805/2
f 833/1806/2 834/1804/2 792/1805/2
f 833/1806/2 792/1805/2 793/1807/2
f 832/1808/2 833/1806/2 793/1807/2
f 832/1808/2 793/1807/2 794/1809/2
f 811/1810/2 812/1811/2 813/1812/2
f 832/1808/2 794/1809/2 795/1813/2
f 810/1814/2 811/1810/2 813/1812/2
f 831/1815/2 832/1808/2 795/1813/2
f 809/1816/2 810/1814/2 813/1812/2
f 831/1815/2 795/1813/2 796/1817/2
f 808/1818/2 809/1816/2 813/1812/2
f 807/1819/2 808/1818/2 813/1812/2
f 831/1815/2 796/1817/2 797/1820/2
f 806/1821/2 807/1819/2 813/1812/2
f 830/1822/2 831/1815/2 797/1820/2
f 805/1823/2 806/1821/2 813/1812/2
f 830/1822/2 797/1820/2 798/1824/2
f 804/1825/2 805/1823/2 813/1812/2
f 803/1826/2 804/1825/2 813/1812/2
f 830/1822/2 798/1824/2 799/1827/2
f 802/1828/2 803/1826/2 813/1812/2
f 801/1829/2 802/1828/2 813/1812/2
f 830/1822/2 799/1827/2 800/1830/2
f 800/1830/2 801/1829/2 813/1812/2
f 830/1822/2 800/1830/2 813/1812/2
f 829/1831/2 830/1822/2 813/1812/2
f 829/1831/2 813/1812/2 814/1832/2
f 828/1833/2 829/1831/2 814/1832/2
f 828/1833/2 814/1832/2 815/1834/2
f 828/1833/2 815/1834/2 816/1835/2
f 828/1833/2 816/1835/2 817/1836/2
f 827/1837/2 828/1833/2 817/1836/2
f 827/1837/2 817/1836/2 818/1838/2
f 827/1837/2 818/1838/2 819/1839/2
f 827/1837/47 819/1839/47 820/1840/47
f 826/1841/2 827/1837/2 820/1840/2
f 826/1841/2 820/1840/2 821/1842/2
f 826/1841/47 821/1842/47 822/1843/47
f 826/1841/48 822/1843/48 823/1844/48
f 825/1845/2 826/1841/2 823/1844/2
f 825/1845/2 823/1844/2 824/1846/2
s 1
f 864/1847/51 866/1848/52 865/1849/52 863/1850/51
f 866/1848/52 868/1851/53 867/1852/53 865/1849/52
f 868/1851/53 870/1853/54 869/1854/54 867/1852/53
f 870/1853/54 872/1855/55 871/1856/55 869/1854/54
f 872/1855/55 874/1857/56 873/1858/56 871/1856/55
f 874/1857/56 876/1859/57 875/1860/57 873/1858/56
f 876/1859/57 878/1861/58 877/1862/58 875/1860/57
f 878/1861/58 880/1863/59 879/1864/59 877/1862/58
f 880/1863/59 882/1865/60 881/1866/60 879/1864/59
f 882/1865/60 884/1867/61 883/1868/61 881/1866/60
f 884/1867/61 886/1869/62 885/1870/62 883/1868/61
f 886/1869/62 888/1871/63 887/1872/63 885/1870/62
f 888/1871/63 890/1873/64 889/1874/64 887/1872/63
f 890/1873/64 892/1875/65 891/1876/65 889/1874/64
f 892/1875/65 894/1877/66 893/1878/66 891/1876/65
f 894/1877/66 896/1879/67 895/1880/67 893/1878/66
f 896/1879/67 898/1881/68 897/1882/68 895/1880/67
f 898/1883/68 900/1884/69 899/1885/69 897/1886/68
f 900/1884/69 902/1887/70 901/1888/70 899/1885/69
f 902/1887/70 904/1889/71 903/1890/71 901/1888/70
f 904/1889/71 906/1891/72 905/1892/72 903/1890/71
f 906/1891/72 908/1893/73 907/1894/73 905/1892/72
f 908/1893/73 910/1895/74 909/1896/74 907/1894/73
f 910/1895/74 912/1897/75 911/1898/75 909/1896/74
f 912/1897/75 914/1899/76 913/1900/76 911/1898/75
f 914/1899/76 916/1901/77 915/1902/77 913/1900/76
f 916/1901/77 918/1903/78 917/1904/78 915/1902/77
f 918/1903/78 920/1905/79 919/1906/79 917/1904/78
f 920/1905/79 922/1907/80 921/1908/80 919/1906/79
f 922/1909/80 924/1910/81 923/1911/81 921/1912/80
f 924/1910/81 926/1913/82 925/1914/82 923/1911/81
f 926/1913/82 928/1915/83 927/1916/83 925/1914/82
f 928/1915/83 930/1917/84 929/1918/84 927/1916/83
f 930/1917/84 932/1919/85 931/1920/85 929/1918/84
f 932/1919/85 934/1921/86 933/1922/86 931/1920/85
f 934/1921/86 936/1923/87 935/1924/87 933/1922/86
f 936/1923/87 938/1925/88 937/1926/88 935/1924/87
f 938/1925/88 940/1927/89 939/1928/89 937/1926/88
f 940/1927/89 942/1929/90 941/1930/90 939/1928/89
f 942/1929/90 944/1931/91 943/1932/91 941/1930/90
f 944/1931/91 946/1933/92 945/1934/92 943/1932/91
f 946/1933/92 948/1935/93 947/1936/93 945/1934/92
f 948/1935/93 950/1937/94 949/1938/94 947/1936/93
f 950/1937/94 952/1939/95 951/1940/95 949/1938/94
f 952/1939/95 954/1941/96 953/1942/96 951/1940/95
f 954/1941/96 956/1943/97 955/1944/97 953/1942/96
f 956/1943/97 958/1945/98 957/1946/98 955/1944/97
f 958/1947/98 960/1948/99 959/1949/99 957/1950/98
f 960/1951/99 962/1952/100 961/1953/100 959/1954/99
f 962/1952/100 964/1955/101 963/1956/101 961/1953/100
f 964/1955/101 966/1957/102 965/1958/102 963/1956/101
f 966/1957/102 968/1959/103 967/1960/103 965/1958/102
f 968/1959/103 970/1961/104 969/1962/104 967/1960/103
f 970/1961/104 972/1963/105 971/1964/105 969/1962/104
f 972/1963/105 974/1965/106 973/1966/106 971/1964/105
f 974/1965/106 976/1967/107 975/1968/107 973/1966/106
f 976/1967/107 978/1969/108 977/1970/108 975/1968/107
f 978/1969/108 980/1971/109 979/1972/109 977/1970/108
f 980/1971/109 982/1973/110 981/1974/110 979/1972/109
f 982/1973/110 984/1975/111 983/1976/111 981/1974/110
f 984/1975/111 986/1977/112 985/1978/112 983/1976/111
f 986/1977/112 988/1979/113 987/1980/113 985/1978/112
f 988/1979/113 990/1981/114 989/1982/114 987/1980/113
f 990/1981/114 992/1983/115 991/1984/115 989/1982/114
f 992/1983/115 994/1985/116 993/1986/116 991/1984/115
f 994/1985/116 996/1987/117 995/1988/117 993/1986/116
f 996/1989/117 998/1990/118 997/1991/118 995/1992/117
f 998/1990/118 1000/1993/119 999/1994/119 997/1991/118
f 1000/1993/119 1002/1995/120 1001/1996/120 999/1994/119
f 1002/1995/120 1004/1997/121 1003/1998/121 1001/1996/120
f 1004/1997/121 1006/1999/122 1005/2000/122 1003/1998/121
f 1006/1999/122 1008/2001/123 1007/2002/123 1005/2000/122
f 1008/2001/123 1010/2003/124 1009/2004/124 1007/2002/123
f 1010/2003/124 1012/2005/125 1011/2006/125 1009/2004/124
f 1012/2005/125 1014/2007/126 1013/2008/126 1011/2006/125
f 1014/2007/126 1016/2009/127 1015/2010/127 1013/2008/126
f 1016/2009/127 1018/2011/128 1017/2012/128 1015/2010/127
f 1018/2011/128 1020/2013/129 1019/2014/129 1017/2012/128
f 1020/2015/129 1022/2016/130 1021/2017/130 1019/2018/129
f 1022/2016/130 1024/2019/131 1023/2020/131 1021/2017/130
f 1024/2019/131 1026/2021/132 1025/2022/132 1023/2020/131
f 1026/2021/132 1028/2023/133 1027/2024/133 1025/2022/132
f 1028/2023/133 1030/2025/134 1029/2026/134 1027/2024/133
f 1030/2025/134 1032/2027/135 1031/2028/135 1029/2026/134
f 1032/2027/135 1034/2029/136 1033/2030/136 1031/2028/135
f 1034/2029/136 1036/2031/137 1035/2032/137 1033/2030/136
f 1036/2031/137 1038/2033/138 1037/2034/138 1035/2032/137
f 1038/2033/138 1040/2035/139 1039/2036/139 1037/2034/138
f 1040/2035/139 1042/2037/140 1041/2038/140 1039/2036/139
f 1042/2037/140 1044/2039/141 1043/2040/141 1041/2038/140
f 1044/2039/141 1046/2041/142 1045/2042/142 1043/2040/141
f 1046/2041/142 1048/2043/143 1047/2044/143 1045/2042/142
f 1048/2043/143 1050/2045/144 1049/2046/144 1047/2044/143
f 1050/2045/144 1052/2047/145 1051/2048/145 1049/2046/144
f 1052/2047/145 1054/2049/146 1053/2050/146 1051/2048/145
f 1054/2049/146 1056/2051/147 1055/2052/147 1053/2050/146
f 1056/2053/147 1058/2054/148 1057/2055/148 1055/2056/147
f 1058/2057/148 864/1847/51 863/1850/51 1057/2058/148
f 1060/2059/149 1062/2060/149 1061/2061/149 1059/2062/149
f 1062/2063/149 1064/2064/150 1063/2065/150 1061/2066/149
f 1064/2067/150 1066/2068/150 1065/2069/150 1063/2070/150
f 1066/2071/150 1068/2072/151 1067/2073/151 1065/2074/150
f 1068/2075/151 1070/2076/152 1069/2077/152 1067/2078/151
f 1070/2079/152 1072/2080/153 1071/2081/153 1069/2082/152
f 1072/2083/153 1074/2084/154 1073/2085/154 1071/2086/153
f 1074/2087/154 1060/2088/149 1059/2089/149 1073/2090/154
f 1076/2091/155 1078/2092/156 1077/2093/156 1075/2094/155
f 1078/2095/156 1080/2096/157 1079/2097/157 1077/2098/156
f 1080/2099/157 1076/2100/155 1075/2101/155 1079/2102/157
f 1082/2103/158 1084/2104/159 1083/2105/159 1081/2106/158
f 1084/2107/159 1086/2108/159 1085/2109/159 1083/2110/159
f 1086/2111/159 1088/2112/158 1087/2113/158 1085/2114/159
f 1088/2115/158 1090/2116/158 1089/2117/158 1087/2118/158
f 1090/2119/158 1092/2120/158 1091/2121/158 1089/2122/158
f 1092/2123/158 1094/2124/160 1093/2125/160 1091/2126/158
f 1094/2127/160 1096/2128/161 1095/2129/161 1093/2130/160
f 1096/2131/161 1098/2132/159 1097/2133/159 1095/2134/161
f 1098/2135/159 1100/2136/158 1099/2137/158 1097/2138/159
f 1100/2139/158 1082/2140/158 1081/2141/158 1099/2142/158
f 1102/2143/158 1104/2144/159 1103/2145/159 1101/2146/158
f 1104/2147/159 1106/2148/159 1105/2149/159 1103/2150/159
f 1106/2151/159 1108/2152/158 1107/2153/158 1105/2154/159
f 1108/2155/158 1110/2156/158 1109/2157/158 1107/2158/158
f 1110/2159/158 1112/2160/159 1111/2161/159 1109/2162/158
f 1112/2163/159 1114/2164/159 1113/2165/159 1111/2166/159
f 1114/2167/159 1116/2168/158 1115/2169/158 1113/2170/159
f 1116/2171/158 1118/2172/160 1117/2173/160 1115/2174/158
f 1118/2175/160 1120/2176/161 1119/2177/161 1117/2178/160
f 1120/2179/161 1122/2180/159 1121/2181/159 1119/2182/161
f 1122/2183/159 1124/2184/158 1123/2185/158 1121/2186/159
f 1124/2187/158 1102/2188/158 1101/2189/158 1123/2190/158
f 1125/2191/162 1126/2192/163 1128/2193/164 1127/2194/165
f 1127/2194/165 1128/2193/164 1130/2195/166 1129/2196/167
f 1129/2197/167 1130/2198/166 1132/2199/168 1131/2200/169
f 1131/2200/169 1132/2199/168 1134/2201/170 1133/2202/171
f 1133/2202/171 1134/2201/170 1136/2203/172 1135/2204/173
f 1135/2204/173 1136/2203/172 1138/2205/174 1137/2206/175
f 1137/2207/175 1138/2208/174 1140/2209/176 1139/2210/177
f 1139/2210/177 1140/2209/176 1142/2211/178 1141/2212/179
f 1141/2212/179 1142/2211/178 1144/2213/180 1143/2214/181
f 1143/2214/181 1144/2213/180 1146/2215/182 1145/2216/183
f 1145/2217/183 1146/2218/182 1148/2219/184 1147/2220/185
f 1147/2220/185 1148/2219/184 1150/2221/186 1149/2222/187
f 1149/2222/187 1150/2221/186 1152/2223/188 1151/2224/189
f 1151/2224/189 1152/2223/188 1154/2225/190 1153/2226/191
f 1128/2227/164 1126/2228/163 1156/2229/192 1154/2230/190 1152/2231/188 1150/2232/186 1148/2233/184 1146/2234/182 1144/2235/180 1142/2236/178 1140/2237/176 1138/2238/174 1136/2239/172 1134/2240/170 1132/2241/168 1130/2242/166
f 1153/2243/191 1154/2244/190 1156/2245/192 1155/2246/193
f 1155/2246/193 1156/2245/192 1126/2192/163 1125/2191/162
f 1125/2247/162 1127/2248/165 1129/2249/167 1131/2250/169 1133/2251/171 1135/2252/173 1137/2253/175 1139/2254/177 1141/2255/179 1143/2256/181 1145/2257/183 1147/2258/185 1149/2259/187 1151/2260/189 1153/2261/191 1155/2262/193
f 1157/2263/3 1165/2264/194 1166/2265/195 1158/2266/196
f 1158/2267/196 1166/2268/195 1167/2269/197 1159/2270/198
f 1159/2270/198 1167/2269/197 1168/2271/199 1160/2272/200
f 1160/2273/200 1168/2274/199 1169/2275/201 1161/2276/1
f 1161/2276/1 1169/2275/201 1170/2277/202 1162/2278/203
f 1162/2279/203 1170/2280/202 1171/2281/204 1163/2282/205
f 1163/2282/205 1171/2281/204 1172/2283/206 1164/2284/207
f 1164/2285/207 1172/2286/206 1165/2264/194 1157/2263/3
f 1165/2264/194 1173/2287/208 1174/2288/209 1166/2265/195
f 1166/2268/195 1174/2289/209 1175/2290/210 1167/2269/197
f 1167/2269/197 1175/2290/210 1176/2291/211 1168/2271/199
f 1168/2274/199 1176/2292/211 1177/2293/212 1169/2275/201
f 1169/2275/201 1177/2293/212 1178/2294/213 1170/2277/202
f 1170/2280/202 1178/2295/213 1179/2296/214 1171/2281/204
f 1171/2281/204 1179/2296/214 1180/2297/215 1172/2283/206
f 1172/2286/206 1180/2298/215 1173/2287/208 1165/2264/194
f 1173/2299/208 1181/2300/216 1182/2301/217 1174/2302/209
f 1174/2289/209 1182/2303/217 1183/2304/218 1175/2290/210
f 1175/2290/210 1183/2304/218 1184/2305/219 1176/2291/211
f 1176/2306/211 1184/2307/219 1185/2308/220 1177/2309/212
f 1177/2309/212 1185/2308/220 1186/2310/221 1178/2311/213
f 1178/2295/213 1186/2312/221 1187/2313/222 1179/2296/214
f 1179/2296/214 1187/2313/222 1188/2314/223 1180/2297/215
f 1180/2315/215 1188/2316/223 1181/2300/216 1173/2299/208
f 1181/2300/216 1189/2317/224 1190/2318/225 1182/2301/217
f 1182/2303/217 1190/2319/225 1191/2320/226 1183/2304/218
f 1183/2304/218 1191/2320/226 1192/2321/227 1184/2305/219
f 1184/2307/219 1192/2322/227 1193/2323/228 1185/2308/220
f 1185/2308/220 1193/2323/228 1194/2324/229 1186/2310/221
f 1186/2312/221 1194/2325/229 1195/2326/230 1187/2313/222
f 1187/2313/222 1195/2326/230 1196/2327/231 1188/2314/223
f 1188/2316/223 1196/2328/231 1189/2317/224 1181/2300/216
f 1189/2317/224 1197/2329/232 1198/2330/233 1190/2318/225
f 1190/2319/225 1198/2331/233 1199/2332/234 1191/2320/226
f 1191/2320/226 1199/2332/234 1200/2333/235 1192/2321/227
f 1192/2322/227 1200/2334/235 1201/2335/236 1193/2323/228
f 1193/2323/228 1201/2335/236 1202/2336/237 1194/2324/229
f 1194/2325/229 1202/2337/237 1203/2338/238 1195/2326/230
f 1195/2326/230 1203/2338/238 1204/2339/239 1196/2327/231
f 1196/2328/231 1204/2340/239 1197/2329/232 1189/2317/224
f 1197/2329/232 1205/2341/240 1206/2342/241 1198/2330/233
f 1198/2331/233 1206/2343/241 1207/2344/242 1199/2332/234
f 1199/2332/234 1207/2344/242 1208/2345/243 1200/2333/235
f 1200/2334/235 1208/2346/243 1209/2347/244 1201/2335/236
f 1201/2335/236 1209/2347/244 1210/2348/245 1202/2336/237
f 1202/2337/237 1210/2349/245 1211/2350/246 1203/2338/238
f 1203/2338/238 1211/2350/246 1212/2351/247 1204/2339/239
f 1204/2340/239 1212/2352/247 1205/2341/240 1197/2329/232
f 1205/2341/240 1213/2353/248 1214/2354/249 1206/2342/241
f 1206/2343/241 1214/2355/249 1215/2356/250 1207/2344/242
f 1207/2344/242 1215/2356/250 1216/2357/251 1208/2345/243
f 1208/2346/243 1216/2358/251 1217/2359/252 1209/2347/244
f 1209/2347/244 1217/2359/252 1218/2360/253 1210/2348/245
f 1210/2349/245 1218/2361/253 1219/2362/254 1211/2350/246
f 1211/2350/246 1219/2362/254 1220/2363/255 1212/2351/247
f 1212/2352/247 1220/2364/255 1213/2353/248 1205/2341/240
f 1213/2365/248 1221/2366/256 1222/2367/257 1214/2368/249
f 1214/2355/249 1222/2369/257 1223/2370/258 1215/2356/250
f 1215/2356/250 1223/2370/258 1224/2371/259 1216/2357/251
f 1216/2372/251 1224/2373/259 1225/2374/260 1217/2375/252
f 1217/2375/252 1225/2374/260 1226/2376/261 1218/2377/253
f 1218/2361/253 1226/2378/261 1227/2379/262 1219/2362/254
f 1219/2362/254 1227/2379/262 1228/2380/263 1220/2363/255
f 1220/2381/255 1228/2382/263 1221/2366/256 1213/2365/248
f 1221/2366/256 1229/2383/1 1230/2384/264 1222/2367/257
f 1222/2369/257 1230/2385/264 1231/2386/265 1223/2370/258
f 1223/2370/258 1231/2386/265 1232/2387/266 1224/2371/259
f 1224/2373/259 1232/2388/266 1233/2389/3 1225/2374/260
f 1225/2374/260 1233/2389/3 1234/2390/267 1226/2376/261
f 1226/2378/261 1234/2391/267 1235/2392/268 1227/2379/262
f 1227/2379/262 1235/2392/268 1236/2393/269 1228/2380/263
f 1228/2382/263 1236/2394/269 1229/2383/1 1221/2366/256
f 1229/2383/1 1237/2395/201 1238/2396/270 1230/2384/264
f 1230/2385/264 1238/2397/270 1239/2398/271 1231/2386/265
f 1231/2386/265 1239/2398/271 1240/2399/272 1232/2387/266
f 1232/2388/266 1240/2400/272 1241/2401/194 1233/2389/3
f 1233/2389/3 1241/2401/194 1242/2402/273 1234/2390/267
f 1234/2391/267 1242/2403/273 1243/2404/274 1235/2392/268
f 1235/2392/268 1243/2404/274 1244/2405/275 1236/2393/269
f 1236/2394/269 1244/2406/275 1237/2395/201 1229/2383/1
f 1237/2395/201 1245/2407/212 1246/2408/276 1238/2396/270
f 1238/2397/270 1246/2409/276 1247/2410/277 1239/2398/271
f 1239/2398/271 1247/2410/277 1248/2411/278 1240/2399/272
f 1240/2400/272 1248/2412/278 1249/2413/208 1241/2401/194
f 1241/2401/194 1249/2413/208 1250/2414/279 1242/2402/273
f 1242/2403/273 1250/2415/279 1251/2416/280 1243/2404/274
f 1243/2404/274 1251/2416/280 1252/2417/281 1244/2405/275
f 1244/2406/275 1252/2418/281 1245/2407/212 1237/2395/201
f 1245/2419/212 1253/2420/220 1254/2421/282 1246/2422/276
f 1246/2409/276 1254/2423/282 1255/2424/283 1247/2410/277
f 1247/2410/277 1255/2424/283 1256/2425/284 1248/2411/278
f 1248/2426/278 1256/2427/284 1257/2428/216 1249/2429/208
f 1249/2429/208 1257/2428/216 1258/2430/285 1250/2431/279
f 1250/2415/279 1258/2432/285 1259/2433/286 1251/2416/280
f 1251/2416/280 1259/2433/286 1260/2434/287 1252/2417/281
f 1252/2435/281 1260/2436/287 1253/2420/220 1245/2419/212
f 1253/2420/220 1261/2437/228 1262/2438/288 1254/2421/282
f 1254/2423/282 1262/2439/288 1263/2440/289 1255/2424/283
f 1255/2424/283 1263/2440/289 1264/2441/290 1256/2425/284
f 1256/2427/284 1264/2442/290 1265/2443/291 1257/2428/216
f 1257/2428/216 1265/2443/291 1266/2444/292 1258/2430/285
f 1258/2432/285 1266/2445/292 1267/2446/293 1259/2433/286
f 1259/2433/286 1267/2446/293 1268/2447/294 1260/2434/287
f 1260/2436/287 1268/2448/294 1261/2437/228 1253/2420/220
f 1261/2437/228 1269/2449/236 1270/2450/295 1262/2438/288
f 1262/2439/288 1270/2451/295 1271/2452/296 1263/2440/289
f 1263/2440/289 1271/2452/296 1272/2453/297 1264/2441/290
f 1264/2442/290 1272/2454/297 1273/2455/298 1265/2443/291
f 1265/2443/291 1273/2455/298 1274/2456/299 1266/2444/292
f 1266/2445/292 1274/2457/299 1275/2458/300 1267/2446/293
f 1267/2446/293 1275/2458/300 1276/2459/301 1268/2447/294
f 1268/2448/294 1276/2460/301 1269/2449/236 1261/2437/228
f 1269/2449/236 1277/2461/244 1278/2462/302 1270/2450/295
f 1270/2451/295 1278/2463/302 1279/2464/303 1271/2452/296
f 1271/2452/296 1279/2464/303 1280/2465/304 1272/2453/297
f 1272/2454/297 1280/2466/304 1281/2467/240 1273/2455/298
f 1273/2455/298 1281/2467/240 1282/2468/305 1274/2456/299
f 1274/2457/299 1282/2469/305 1283/2470/306 1275/2458/300
f 1275/2458/300 1283/2470/306 1284/2471/307 1276/2459/301
f 1276/2460/301 1284/2472/307 1277/2461/244 1269/2449/236
f 1277/2461/244 1285/2473/252 1286/2474/308 1278/2462/302
f 1278/2463/302 1286/2475/308 1287/2476/309 1279/2464/303
f 1279/2464/303 1287/2476/309 1288/2477/310 1280/2465/304
f 1280/2466/304 1288/2478/310 1289/2479/248 1281/2467/240
f 1281/2467/240 1289/2479/248 1290/2480/311 1282/2468/305
f 1282/2469/305 1290/2481/311 1291/2482/312 1283/2470/306
f 1283/2470/306 1291/2482/312 1292/2483/313 1284/2471/307
f 1284/2472/307 1292/2484/313 1285/2473/252 1277/2461/244
f 1285/2485/252 1293/2486/260 1294/2487/314 1286/2488/308
f 1286/2475/308 1294/2489/314 1295/2490/315 1287/2476/309
f 1287/2476/309 1295/2490/315 1296/2491/316 1288/2477/310
f 1288/2492/310 1296/2493/316 1297/2494/256 1289/2495/248
f 1289/2495/248 1297/2494/256 1298/2496/317 1290/2497/311
f 1290/2481/311 1298/2498/317 1299/2499/318 1291/2482/312
f 1291/2482/312 1299/2499/318 1300/2500/319 1292/2483/313
f 1292/2501/313 1300/2502/319 1293/2486/260 1285/2485/252
f 1293/2486/260 1157/2263/3 1158/2266/196 1294/2487/314
f 1294/2489/314 1158/2267/196 1159/2270/198 1295/2490/315
f 1295/2490/315 1159/2270/198 1160/2272/200 1296/2491/316
f 1296/2493/316 1160/2273/200 1161/2276/1 1297/2494/256
f 1297/2494/256 1161/2276/1 1162/2278/203 1298/2496/317
f 1298/2498/317 1162/2279/203 1163/2282/205 1299/2499/318
f 1299/2499/318 1163/2282/205 1164/2284/207 1300/2500/319
f 1300/2502/319 1164/2285/207 1157/2263/3 1293/2486/260
f 1301/2503/162 1302/2504/163 1304/2505/164 1303/2506/165
f 1303/2506/165 1304/2505/164 1306/2507/166 1305/2508/167
f 1305/2509/167 1306/2510/166 1308/2511/168 1307/2512/169
f 1307/2512/169 1308/2511/168 1310/2513/170 1309/2514/171
f 1309/2514/171 1310/2513/170 1312/2515/172 1311/2516/173
f 1311/2516/173 1312/2515/172 1314/2517/174 1313/2518/175
f 1313/2519/175 1314/2520/174 1316/2521/176 1315/2522/177
f 1315/2522/177 1316/2521/176 1318/2523/178 1317/2524/179
f 1317/2524/179 1318/2523/178 1320/2525/180 1319/2526/181
f 1319/2526/181 1320/2525/180 1322/2527/182 1321/2528/183
f 1321/2529/183 1322/2530/182 1324/2531/184 1323/2532/185
f 1323/2532/185 1324/2531/184 1326/2533/186 1325/2534/187
f 1325/2534/187 1326/2533/186 1328/2535/188 1327/2536/189
f 1327/2536/189 1328/2535/188 1330/2537/190 1329/2538/191
f 1304/2539/164 1302/2540/163 1332/2541/192 1330/2542/190 1328/2543/188 1326/2544/186 1324/2545/184 1322/2546/182 1320/2547/180 1318/2548/178 1316/2549/176 1314/2550/174 1312/2551/172 1310/2552/170 1308/2553/168 1306/2554/166
f 1329/2555/191 1330/2556/190 1332/2557/192 1331/2558/193
f 1331/2558/193 1332/2557/192 1302/2504/163 1301/2503/162
f 1301/2559/162 1303/2560/165 1305/2561/167 1307/2562/169 1309/2563/171 1311/2564/173 1313/2565/175 1315/2566/177 1317/2567/179 1319/2568/181 1321/2569/183 1323/2570/185 1325/2571/187 1327/2572/189 1329/2573/191 1331/2574/193
s 0
f 1333/2575/1 1334/2576/1 1336/2577/1 1335/2578/1
f 1335/2579/2 1336/2580/2 1340/2581/2 1339/2582/2
f 1339/2583/3 1340/2584/3 1338/2585/3 1337/2586/3
f 1337/2587/4 1338/2588/4 1334/2589/4 1333/2590/4
f 1335/2591/5 1339/2592/5 1337/2593/5 1333/2594/5
f 1340/2595/6 1336/2596/6 1334/2597/6 1338/2598/6
f 1341/2599/1 1342/2600/1 1344/2601/1 1343/2602/1
f 1343/2603/2 1344/2604/2 1348/2605/2 1347/2606/2
f 1347/2607/3 1348/2608/3 1346/2609/3 1345/2610/3
f 1345/2611/4 1346/2612/4 1342/2613/4 1341/2614/4
f 1343/2615/5 1347/2616/5 1345/2617/5 1341/2618/5
f 1348/2619/6 1344/2620/6 1342/2621/6 1346/2622/6
f 1349/2623/1 1350/2624/1 1352/2625/1 1351/2626/1
f 1351/2627/2 1352/2628/2 1356/2629/2 1355/2630/2
f 1355/2631/3 1356/2632/3 1354/2633/3 1353/2634/3
f 1353/2635/4 1354/2636/4 1350/2637/4 1349/2638/4
f 1351/2639/5 1355/2640/5 1353/2641/5 1349/2642/5
f 1356/2643/6 1352/2644/6 1350/2645/6 1354/2646/6
f 1357/2647/1 1358/2648/1 1360/2649/1 1359/2650/1
f 1359/2651/2 1360/2652/2 1364/2653/2 1363/2654/2
f 1363/2655/3 1364/2656/3 1362/2657/3 1361/2658/3
f 1361/2659/4 1362/2660/4 1358/2661/4 1357/2662/4
f 1359/2663/5 1363/2664/5 1361/2665/5 1357/2666/5
f 1364/2667/6 1360/2668/6 1358/2669/6 1362/2670/6
f 1365/2671/1 1366/2672/1 1368/2673/1 1367/2674/1
f 1367/2675/2 1368/2676/2 1372/2677/2 1371/2678/2
f 1371/2679/3 1372/2680/3 1370/2681/3 1369/2682/3
f 1369/2683/4 1370/2684/4 1366/2685/4 1365/2686/4
f 1367/2687/5 1371/2688/5 1369/2689/5 1365/2690/5
f 1372/2691/6 1368/2692/6 1366/2693/6 1370/2694/6
f 1373/2695/1 1374/2696/1 1376/2697/1 1375/2698/1
f 1375/2699/2 1376/2700/2 1380/2701/2 1379/2702/2
f 1379/2703/3 1380/2704/3 1378/2705/3 1377/2706/3
f 1377/2707/4 1378/2708/4 1374/2709/4 1373/2710/4
f 1375/2711/5 1379/2712/5 1377/2713/5 1373/2714/5
f 1380/2715/6 1376/2716/6 1374/2717/6 1378/2718/6
f 1381/2719/1 1382/2720/1 1384/2721/1 1383/2722/1
f 1383/2723/2 1384/2724/2 1388/2725/2 1387/2726/2
f 1387/2727/3 1388/2728/3 1386/2729/3 1385/2730/3
f 1385/2731/4 1386/2732/4 1382/2733/4 1381/2734/4
f 1383/2735/5 1387/2736/5 1385/2737/5 1381/2738/5
f 1388/2739/6 1384/2740/6 1382/2741/6 1386/2742/6
f 1389/2743/1 1390/2744/1 1392/2745/1 1391/2746/1
f 1391/2747/2 1392/2748/2 1396/2749/2 1395/2750/2
f 1395/2751/3 1396/2752/3 1394/2753/3 1393/2754/3
f 1393/2755/4 1394/2756/4 1390/2757/4 1389/2758/4
f 1391/2759/5 1395/2760/5 1393/2761/5 1389/2762/5
f 1396/2763/6 1392/2764/6 1390/2765/6 1394/2766/6
f 1397/2767/1 1398/2768/1 1400/2769/1 1399/2770/1
f 1399/2771/2 1400/2772/2 1404/2773/2 1403/2774/2
f 1403/2775/3 1404/2776/3 1402/2777/3 1401/2778/3
f 1401/2779/4 1402/2780/4 1398/2781/4 1397/2782/4
f 1399/2783/5 1403/2784/5 1401/2785/5 1397/2786/5
f 1404/2787/6 1400/2788/6 1398/2789/6 1402/2790/6
f 1405/2791/1 1406/2792/1 1408/2793/1 1407/2794/1
f 1407/2795/2 1408/2796/2 1412/2797/2 1411/2798/2
f 1411/2799/3 1412/2800/3 1410/2801/3 1409/2802/3
f 1409/2803/4 1410/2804/4 1406/2805/4 1405/2806/4
f 1407/2807/5 1411/2808/5 1409/2809/5 1405/2810/5
f 1412/2811/6 1408/2812/6 1406/2813/6 1410/2814/6
f 1413/2815/1 1414/2816/1 1416/2817/1 1415/2818/1
f 1415/2819/2 1416/2820/2 1420/2821/2 1419/2822/2
f 1419/2823/3 1420/2824/3 1418/2825/3 1417/2826/3
f 1417/2827/4 1418/2828/4 1414/2829/4 1413/2830/4
f 1415/2831/5 1419/2832/5 1417/2833/5 1413/2834/5
f 1420/2835/6 1416/2836/6 1414/2837/6 1418/2838/6
f 1421/2839/1 1422/2840/1 1424/2841/1 1423/2842/1
f 1423/2843/2 1424/2844/2 1428/2845/2 1427/2846/2
f 1427/2847/3 1428/2848/3 1426/2849/3 1425/2850/3
f 1425/2851/4 1426/2852/4 1422/2853/4 1421/2854/4
f 1423/2855/5 1427/2856/5 1425/2857/5 1421/2858/5
f 1428/2859/6 1424/2860/6 1422/2861/6 1426/2862/6
s 1
f 1429/2863/320 1430/2864/321 1432/2865/322 1431/2866/323
f 1431/2867/323 1432/2868/322 1434/2869/324 1433/2870/325
f 1433/2870/325 1434/2869/324 1436/2871/326 1435/2872/327
f 1435/2872/327 1436/2871/326 1438/2873/328 1437/2874/329
f 1437/2875/329 1438/2876/328 1440/2877/330 1439/2878/331
f 1439/2878/331 1440/2877/330 1442/2879/332 1441/2880/333
f 1441/2880/333 1442/2879/332 1444/2881/334 1443/2882/335
f 1443/2883/335 1444/2884/334 1446/2885/336 1445/2886/337
f 1445/2886/337 1446/2885/336 1448/2887/338 1447/2888/339
f 1447/2888/339 1448/2887/338 1450/2889/340 1449/2890/341
f 1432/2891/322 1430/2892/321 1452/2893/342 1450/2894/340 1448/2895/338 1446/2896/336 1444/2897/334 1442/2898/332 1440/2899/330 1438/2900/328 1436/2901/326 1434/2902/324
f 1449/2903/341 1450/2904/340 1452/2905/342 1451/2906/343
f 1451/2906/343 1452/2905/342 1430/2864/321 1429/2863/320
f 1429/2907/320 1431/2908/323 1433/2909/325 1435/2910/327 1437/2911/329 1439/2912/331 1441/2913/333 1443/2914/335 1445/2915/337 1447/2916/339 1449/2917/341 1451/2918/343
f 1453/2919/320 1454/2920/321 1456/2921/322 1455/2922/323
f 1455/2923/323 1456/2924/322 1458/2925/324 1457/2926/325
f 1457/2926/325 1458/2925/324 1460/2927/326 1459/2928/327
f 1459/2928/327 1460/2927/326 1462/2929/328 1461/2930/329
f 1461/2931/329 1462/2932/328 1464/2933/330 1463/2934/331
f 1463/2934/331 1464/2933/330 1466/2935/332 1465/2936/333
f 1465/2936/333 1466/2935/332 1468/2937/334 1467/2938/335
f 1467/2939/335 1468/2940/334 1470/2941/336 1469/2942/337
f 1469/2942/337 1470/2941/336 1472/2943/338 1471/2944/339
f 1471/2944/339 1472/2943/338 1474/2945/340 1473/2946/341
f 1456/2947/322 1454/2948/321 1476/2949/342 1474/2950/340 1472/2951/338 1470/2952/336 1468/2953/334 1466/2954/332 1464/2955/330 1462/2956/328 1460/2957/326 1458/2958/324
f 1473/2959/341 1474/2960/340 1476/2961/342 1475/2962/343
f 1475/2962/343 1476/2961/342 1454/2920/321 1453/2919/320
f 1453/2963/320 1455/2964/323 1457/2965/325 1459/2966/327 1461/2967/329 1463/2968/331 1465/2969/333 1467/2970/335 1469/2971/337 1471/2972/339 1473/2973/341 1475/2974/343
s 0
f 1477/2975/1 1478/2976/1 1480/2977/1 1479/2978/1
f 1479/2979/2 1480/2980/2 1484/2981/2 1483/2982/2
f 1483/2983/3 1484/2984/3 1482/2985/3 1481/2986/3
f 1481/2987/4 1482/2988/4 1478/2989/4 1477/2990/4
f 1479/2991/5 1483/2992/5 1481/2993/5 1477/2994/5
f 1484/2995/6 1480/2996/6 1478/2997/6 1482/2998/6
s 1
f 1485/2999/344 1486/3000/345 1488/3001/346 1487/3002/347
f 1487/3003/347 1488/3004/346 1490/3005/348 1489/3006/349
f 1489/3007/349 1490/3008/348 1492/3009/350 1491/3010/351
f 1491/3010/351 1492/3009/350 1494/3011/352 1493/3012/353
f 1488/3013/346 1486/3014/345 1496/3015/354 1494/3016/352 1492/3017/350 1490/3018/348
f 1493/3019/353 1494/3020/352 1496/3021/354 1495/3022/355
f 1495/3023/355 1496/3024/354 1486/3000/345 1485/2999/344
f 1485/3025/344 1487/3026/347 1489/3027/349 1491/3028/351 1493/3029/353 1495/3030/355
f 1497/3031/356 1498/3032/357 1500/3033/358 1499/3034/359
f 1499/3035/359 1500/3036/358 1502/3037/360 1501/3038/361
f 1501/3039/361 1502/3040/360 1504/3041/362 1503/3042/363
f 1503/3042/363 1504/3041/362 1506/3043/364 1505/3044/365
f 1500/3045/358 1498/3046/357 1508/3047/366 1506/3048/364 1504/3049/362 1502/3050/360
f 1505/3051/365 1506/3052/364 1508/3053/366 1507/3054/367
f 1507/3055/367 1508/3056/366 1498/3032/357 1497/3031/356
f 1497/3057/356 1499/3058/359 1501/3059/361 1503/3060/363 1505/3061/365 1507/3062/367
f 1509/3063/368 1510/3064/369 1512/3065/370 1511/3066/371
f 1511/3067/371 1512/3068/370 1514/3069/372 1513/3070/373
f 1513/3071/373 1514/3072/372 1516/3073/374 1515/3074/375
f 1515/3074/375 1516/3073/374 1518/3075/376 1517/3076/377
f 1512/3077/370 1510/3078/369 1520/3079/378 1518/3080/376 1516/3081/374 1514/3082/372
f 1517/3083/377 1518/3084/376 1520/3085/378 1519/3086/379
f 1519/3087/379 1520/3088/378 1510/3064/369 1509/3063/368
f 1509/3089/368 1511/3090/371 1513/3091/373 1515/3092/375 1517/3093/377 1519/3094/379
s 0
f 1521/3095/1 1522/3096/1 1524/3097/1 1523/3098/1
f 1523/3099/2 1524/3100/2 1528/3101/2 1527/3102/2
f 1527/3103/3 1528/3104/3 1526/3105/3 1525/3106/3
f 1525/3107/4 1526/3108/4 1522/3109/4 1521/3110/4
f 1523/3111/5 1527/3112/5 1525/3113/5 1521/3114/5
f 1528/3115/6 1524/3116/6 1522/3117/6 1526/3118/6
s 1
f 1529/3119/344 1530/3120/345 1532/3121/346 1531/3122/347
f 1531/3123/347 1532/3124/346 1534/3125/348 1533/3126/349
f 1533/3127/349 1534/3128/348 1536/3129/350 1535/3130/351
f 1535/3130/351 1536/3129/350 1538/3131/352 1537/3132/353
f 1532/3133/346 1530/3134/345 1540/3135/354 1538/3136/352 1536/3137/350 1534/3138/348
f 1537/3139/353 1538/3140/352 1540/3141/354 1539/3142/355
f 1539/3143/355 1540/3144/354 1530/3120/345 1529/3119/344
f 1529/3145/344 1531/3146/347 1533/3147/349 1535/3148/351 1537/3149/353 1539/3150/355
f 1541/3151/356 1542/3152/357 1544/3153/358 1543/3154/359
f 1543/3155/359 1544/3156/358 1546/3157/360 1545/3158/361
f 1545/3159/361 1546/3160/360 1548/3161/362 1547/3162/363
f 1547/3162/363 1548/3161/362 1550/3163/364 1549/3164/365
f 1544/3165/358 1542/3166/357 1552/3167/366 1550/3168/364 1548/3169/362 1546/3170/360
f 1549/3171/365 1550/3172/364 1552/3173/366 1551/3174/367
f 1551/3175/367 1552/3176/366 1542/3152/357 1541/3151/356
f 1541/3177/356 1543/3178/359 1545/3179/361 1547/3180/363 1549/3181/365 1551/3182/367
f 1553/3183/368 1554/3184/369 1556/3185/370 1555/3186/371
f 1555/3187/371 1556/3188/370 1558/3189/372 1557/3190/373
f 1557/3191/373 1558/3192/372 1560/3193/374 1559/3194/375
f 1559/3194/375 1560/3193/374 1562/3195/376 1561/3196/377
f 1556/3197/370 1554/3198/369 1564/3199/378 1562/3200/376 1560/3201/374 1558/3202/372
f 1561/3203/377 1562/3204/376 1564/3205/378 1563/3206/379
f 1563/3207/379 1564/3208/378 1554/3184/369 1553/3183/368
f 1553/3209/368 1555/3210/371 1557/3211/373 1559/3212/375 1561/3213/377 1563/3214/379
f 1567/3215/380 1638/3216/381 1572/3217/382 1573/3218/383
f 1566/3219/384 1565/3220/385 1570/3221/386 1571/3222/387
f 1637/3223/388 1636/3224/389 1568/3225/390 1569/3226/391
f 1610/3227/5 1567/3215/380 1573/3218/383
f 1638/3228/381 1566/3219/384 1571/3222/387 1572/3229/382
f 1565/3220/385 1637/3230/388 1569/3231/391 1570/3221/386
f 1636/3224/389 1617/3232/6 1568/3225/390
f 1573/3218/383 1572/3217/382 1578/3233/392 1579/3234/393
f 1571/3235/387 1570/3236/386 1576/3237/394 1577/3238/395
f 1569/3226/391 1568/3225/390 1574/3239/396 1575/3240/397
f 1610/3227/5 1573/3218/383 1579/3234/393
f 1572/3241/382 1571/3235/387 1577/3238/395 1578/3242/392
f 1570/3236/386 1569/3243/391 1575/3244/397 1576/3237/394
f 1568/3225/390 1617/3232/6 1574/3239/396
f 1579/3234/393 1578/3233/392 1584/3245/398 1585/3246/399
f 1577/3238/395 1576/3237/394 1582/3247/400 1583/3248/401
f 1575/3240/397 1574/3239/396 1580/3249/402 1581/3250/403
f 1610/3227/5 1579/3234/393 1585/3246/399
f 1578/3242/392 1577/3238/395 1583/3248/401 1584/3251/398
f 1576/3237/394 1575/3244/397 1581/3252/403 1582/3247/400
f 1574/3239/396 1617/3232/6 1580/3249/402
f 1581/3250/403 1580/3249/402 1586/3253/404 1587/3254/405
f 1610/3227/5 1585/3246/399 1591/3255/406
f 1584/3251/398 1583/3248/401 1589/3256/407 1590/3257/408
f 1582/3247/400 1581/3252/403 1587/3258/405 1588/3259/409
f 1580/3249/402 1617/3232/6 1586/3253/404
f 1585/3246/399 1584/3245/398 1590/3260/408 1591/3255/406
f 1583/3248/401 1582/3247/400 1588/3259/409 1589/3256/407
f 1610/3227/5 1591/3255/406 1597/3261/410
f 1590/3262/408 1589/3263/407 1595/3264/411 1596/3265/412
f 1588/3266/409 1587/3267/405 1593/3268/413 1594/3269/414
f 1586/3253/404 1617/3232/6 1592/3270/415
f 1591/3255/406 1590/3260/408 1596/3271/412 1597/3261/410
f 1589/3263/407 1588/3266/409 1594/3269/414 1595/3264/411
f 1587/3254/405 1586/3253/404 1592/3270/415 1593/3272/413
f 1596/3265/412 1595/3264/411 1601/3273/416 1602/3274/417
f 1594/3269/414 1593/3268/413 1599/3275/418 1600/3276/419
f 1592/3270/415 1617/3232/6 1598/3277/420
f 1597/3261/410 1596/3271/412 1602/3278/417 1603/3279/421
f 1595/3264/411 1594/3269/414 1600/3276/419 1601/3273/416
f 1593/3272/413 1592/3270/415 1598/3277/420 1599/3280/418
f 1610/3227/5 1597/3261/410 1603/3279/421
f 1598/3277/420 1617/3232/6 1604/3281/422
f 1603/3279/421 1602/3278/417 1608/3282/423 1609/3283/424
f 1601/3273/416 1600/3276/419 1606/3284/425 1607/3285/426
f 1599/3280/418 1598/3277/420 1604/3281/422 1605/3286/427
f 1610/3227/5 1603/3279/421 1609/3283/424
f 1602/3274/417 1601/3273/416 1607/3285/426 1608/3287/423
f 1600/3276/419 1599/3275/418 1605/3288/427 1606/3284/425
f 1609/3283/424 1608/3282/423 1615/3289/428 1616/3290/429
f 1607/3291/426 1606/3292/425 1613/3293/430 1614/3294/431
f 1605/3286/427 1604/3281/422 1611/3295/432 1612/3296/433
f 1610/3227/5 1609/3283/424 1616/3290/429
f 1608/3297/423 1607/3291/426 1614/3294/431 1615/3298/428
f 1606/3292/425 1605/3299/427 1612/3300/433 1613/3293/430
f 1604/3281/422 1617/3232/6 1611/3295/432
f 1614/3294/431 1613/3293/430 1620/3301/434 1621/3302/435
f 1612/3296/433 1611/3295/432 1618/3303/436 1619/3304/437
f 1610/3227/5 1616/3290/429 1623/3305/438
f 1615/3298/428 1614/3294/431 1621/3302/435 1622/3306/439
f 1613/3293/430 1612/3300/433 1619/3307/437 1620/3301/434
f 1611/3295/432 1617/3232/6 1618/3303/436
f 1616/3290/429 1615/3289/428 1622/3308/439 1623/3305/438
f 1610/3227/5 1623/3305/438 1629/3309/440
f 1622/3306/439 1621/3302/435 1627/3310/441 1628/3311/442
f 1620/3301/434 1619/3307/437 1625/3312/443 1626/3313/444
f 1618/3303/436 1617/3232/6 1624/3314/445
f 1623/3305/438 1622/3308/439 1628/3315/442 1629/3309/440
f 1621/3302/435 1620/3301/434 1626/3313/444 1627/3310/441
f 1619/3304/437 1618/3303/436 1624/3314/445 1625/3316/443
f 1610/3227/5 1629/3309/440 1635/3317/446
f 1628/3318/442 1627/3319/441 1633/3320/447 1634/3321/448
f 1626/3322/444 1625/3323/443 1631/3324/449 1632/3325/450
f 1624/3314/445 1617/3232/6 1630/3326/451
f 1629/3309/440 1628/3315/442 1634/3327/448 1635/3317/446
f 1627/3319/441 1626/3322/444 1632/3325/450 1633/3320/447
f 1625/3316/443 1624/3314/445 1630/3326/451 1631/3328/449
f 1632/3325/450 1631/3324/449 1637/3230/388 1565/3220/385
f 1630/3326/451 1617/3232/6 1636/3224/389
f 1635/3317/446 1634/3327/448 1638/3216/381 1567/3215/380
f 1633/3320/447 1632/3325/450 1565/3220/385 1566/3219/384
f 1631/3328/449 1630/3326/451 1636/3224/389 1637/3223/388
f 1610/3227/5 1635/3317/446 1567/3215/380
f 1634/3321/448 1633/3320/447 1566/3219/384 1638/3228/381
f 1711/3329/452 1640/3330/453 1644/3331/454 1645/3332/455
f 1639/3333/456 1710/3334/457 1642/3335/458 1643/3336/459
f 1709/3337/460 1690/3338/6 1641/3339/461
f 1712/3340/462 1711/3341/452 1645/3342/455 1646/3343/463
f 1640/3330/453 1639/3333/456 1643/3336/459 1644/3331/454
f 1710/3344/457 1709/3337/460 1641/3339/461 1642/3345/458
f 1647/3346/5 1712/3340/462 1646/3343/463
f 1647/3346/5 1646/3343/463 1653/3347/464
f 1645/3348/455 1644/3349/454 1651/3350/465 1652/3351/466
f 1643/3352/459 1642/3353/458 1649/3354/467 1650/3355/468
f 1641/3339/461 1690/3338/6 1648/3356/469
f 1646/3343/463 1645/3342/455 1652/3357/466 1653/3347/464
f 1644/3349/454 1643/3352/459 1650/3355/468 1651/3350/465
f 1642/3345/458 1641/3339/461 1648/3356/469 1649/3358/467
f 1652/3351/466 1651/3350/465 1657/3359/470 1658/3360/471
f 1650/3355/468 1649/3354/467 1655/3361/472 1656/3362/473
f 1648/3356/469 1690/3338/6 1654/3363/474
f 1653/3347/464 1652/3357/466 1658/3364/471 1659/3365/475
f 1651/3350/465 1650/3355/468 1656/3362/473 1657/3359/470
f 1649/3358/467 1648/3356/469 1654/3363/474 1655/3366/472
f 1647/3346/5 1653/3347/464 1659/3365/475
f 1654/3363/474 1690/3338/6 1660/3367/476
f 1659/3365/475 1658/3364/471 1664/3368/477 1665/3369/478
f 1657/3359/470 1656/3362/473 1662/3370/479 1663/3371/480
f 1655/3366/472 1654/3363/474 1660/3367/476 1661/3372/481
f 1647/3346/5 1659/3365/475 1665/3369/478
f 1658/3360/471 1657/3359/470 1663/3371/480 1664/3373/477
f 1656/3362/473 1655/3361/472 1661/3374/481 1662/3370/479
f 1665/3369/478 1664/3368/477 1670/3375/482 1671/3376/483
f 1663/3377/480 1662/3378/479 1668/3379/484 1669/3380/485
f 1661/3372/481 1660/3367/476 1666/3381/486 1667/3382/487
f 1647/3346/5 1665/3369/478 1671/3376/483
f 1664/3383/477 1663/3377/480 1669/3380/485 1670/3384/482
f 1662/3378/479 1661/3385/481 1667/3386/487 1668/3379/484
f 1660/3367/476 1690/3338/6 1666/3381/486
f 1669/3380/485 1668/3379/484 1674/3387/488 1675/3388/489
f 1667/3382/487 1666/3381/486 1672/3389/490 1673/3390/491
f 1647/3346/5 1671/3376/483 1677/3391/492
f 1670/3384/482 1669/3380/485 1675/3388/489 1676/3392/493
f 1668/3379/484 1667/3386/487 1673/3393/491 1674/3387/488
f 1666/3381/486 1690/3338/6 1672/3389/490
f 1671/3376/483 1670/3375/482 1676/3394/493 1677/3391/492
f 1647/3346/5 1677/3391/492 1683/3395/494
f 1676/3392/493 1675/3388/489 1681/3396/495 1682/3397/496
f 1674/3387/488 1673/3393/491 1679/3398/497 1680/3399/498
f 1672/3389/490 1690/3338/6 1678/3400/499
f 1677/3391/492 1676/3394/493 1682/3401/496 1683/3395/494
f 1675/3388/489 1674/3387/488 1680/3399/498 1681/3396/495
f 1673/3390/491 1672/3389/490 1678/3400/499 1679/3402/497
f 1647/3346/5 1683/3395/494 1689/3403/500
f 1682/3404/496 1681/3405/495 1687/3406/501 1688/3407/502
f 1680/3408/498 1679/3409/497 1685/3410/503 1686/3411/504
f 1678/3400/499 1690/3338/6 1684/3412/505
f 1683/3395/494 1682/3401/496 1688/3413/502 1689/3403/500
f 1681/3405/495 1680/3408/498 1686/3411/504 1687/3406/501
f 1679/3402/497 1678/3400/499 1684/3412/505 1685/3414/503
f 1686/3411/504 1685/3410/503 1692/3415/506 1693/3416/507
f 1684/3412/505 1690/3338/6 1691/3417/508
f 1689/3403/500 1688/3413/502 1695/3418/509 1696/3419/510
f 1687/3406/501 1686/3411/504 1693/3416/507 1694/3420/511
f 1685/3414/503 1684/3412/505 1691/3417/508 1692/3421/506
f 1647/3346/5 1689/3403/500 1696/3419/510
f 1688/3407/502 1687/3406/501 1694/3420/511 1695/3422/509
f 1696/3419/510 1695/3418/509 1701/3423/512 1702/3424/513
f 1694/3420/511 1693/3416/507 1699/3425/514 1700/3426/515
f 1692/3421/506 1691/3417/508 1697/3427/516 1698/3428/517
f 1647/3346/5 1696/3419/510 1702/3424/513
f 1695/3422/509 1694/3420/511 1700/3426/515 1701/3429/512
f 1693/3416/507 1692/3415/506 1698/3430/517 1699/3425/514
f 1691/3417/508 1690/3338/6 1697/3427/516
f 1702/3424/513 1701/3423/512 1707/3431/518 1708/3432/519
f 1700/3433/515 1699/3434/514 1705/3435/520 1706/3436/521
f 1698/3428/517 1697/3427/516 1703/3437/522 1704/3438/523
f 1647/3346/5 1702/3424/513 1708/3432/519
f 1701/3439/512 1700/3433/515 1706/3436/521 1707/3440/518
f 1699/3434/514 1698/3441/517 1704/3442/523 1705/3435/520
f 1697/3427/516 1690/3338/6 1703/3437/522
f 1704/3438/523 1703/3437/522 1709/3337/460 1710/3344/457
f 1647/3346/5 1708/3432/519 1712/3340/462
f 1707/3440/518 1706/3436/521 1640/3330/453 1711/3329/452
f 1705/3435/520 1704/3442/523 1710/3334/457 1639/3333/456
f 1703/3437/522 1690/3338/6 1709/3337/460
f 1708/3432/519 1707/3431/518 1711/3341/452 1712/3340/462
f 1706/3436/521 1705/3435/520 1639/3333/456 1640/3330/453
f 1713/3443/524 1714/3444/525 1716/3445/526 1715/3446/527
f 1715/3447/527 1716/3448/526 1718/3449/528 1717/3450/529
f 1717/3450/529 1718/3449/528 1720/3451/530 1719/3452/531
f 1719/3452/531 1720/3451/530 1722/3453/532 1721/3454/533
f 1721/3455/533 1722/3456/532 1724/3457/534 1723/3458/535
f 1723/3458/535 1724/3457/534 1726/3459/536 1725/3460/537
f 1725/3461/537 1726/3462/536 1728/3463/538 1727/3464/539
f 1727/3464/539 1728/3463/538 1730/3465/540 1729/3466/541
f 1716/3467/526 1714/3468/525 1732/3469/542 1730/3470/540 1728/3471/538 1726/3472/536 1724/3473/534 1722/3474/532 1720/3475/530 1718/3476/528
f 1729/3466/541 1730/3465/540 1732/3477/542 1731/3478/543
f 1731/3479/543 1732/3480/542 1714/3444/525 1713/3443/524
f 1713/3481/524 1715/3482/527 1717/3483/529 1719/3484/531 1721/3485/533 1723/3486/535 1725/3487/537 1727/3488/539 1729/3489/541 1731/3490/543
f 1806/3491/544 1805/3492/545 1738/3493/546 1739/3494/547
f 1804/3495/548 1733/3496/549 1736/3497/550 1737/3498/551
f 1803/3499/552 1802/3500/553 1734/3501/554 1735/3502/555
f 1770/3503/5 1806/3491/544 1739/3494/547
f 1805/3504/545 1804/3495/548 1737/3498/551 1738/3505/546
f 1733/3496/549 1803/3506/552 1735/3507/555 1736/3497/550
f 1802/3500/553 1777/3508/6 1734/3501/554
f 1736/3509/550 1735/3510/555 1741/3511/556 1742/3512/557
f 1734/3501/554 1777/3508/6 1740/3513/558
f 1739/3494/547 1738/3493/546 1744/3514/559 1745/3515/560
f 1737/3516/551 1736/3509/550 1742/3512/557 1743/3517/561
f 1735/3502/555 1734/3501/554 1740/3513/558 1741/3518/556
f 1770/3503/5 1739/3494/547 1745/3515/560
f 1738/3519/546 1737/3516/551 1743/3517/561 1744/3520/559
f 1745/3515/560 1744/3514/559 1750/3521/562 1751/3522/563
f 1743/3517/561 1742/3512/557 1748/3523/564 1749/3524/565
f 1741/3518/556 1740/3513/558 1746/3525/566 1747/3526/567
f 1770/3503/5 1745/3515/560 1751/3522/563
f 1744/3520/559 1743/3517/561 1749/3524/565 1750/3527/562
f 1742/3512/557 1741/3511/556 1747/3528/567 1748/3523/564
f 1740/3513/558 1777/3508/6 1746/3525/566
f 1751/3522/563 1750/3521/562 1756/3529/568 1757/3530/569
f 1749/3524/565 1748/3523/564 1754/3531/570 1755/3532/571
f 1747/3526/567 1746/3525/566 1752/3533/572 1753/3534/573
f 1770/3503/5 1751/3522/563 1757/3530/569
f 1750/3527/562 1749/3524/565 1755/3532/571 1756/3535/568
f 1748/3523/564 1747/3528/567 1753/3536/573 1754/3531/570
f 1746/3525/566 1777/3508/6 1752/3533/572
f 1753/3534/573 1752/3533/572 1758/3537/574 1759/3538/575
f 1770/3503/5 1757/3530/569 1763/3539/576
f 1756/3540/568 1755/3541/571 1761/3542/577 1762/3543/578
f 1754/3544/570 1753/3545/573 1759/3546/575 1760/3547/579
f 1752/3533/572 1777/3508/6 1758/3537/574
f 1757/3530/569 1756/3529/568 1762/3548/578 1763/3539/576
f 1755/3541/571 1754/3544/570 1760/3547/579 1761/3542/577
f 1770/3503/5 1763/3539/576 1769/3549/580
f 1762/3543/578 1761/3542/577 1767/3550/581 1768/3551/582
f 1760/3547/579 1759/3546/575 1765/3552/583 1766/3553/584
f 1758/3537/574 1777/3508/6 1764/3554/585
f 1763/3539/576 1762/3548/578 1768/3555/582 1769/3549/580
f 1761/3542/577 1760/3547/579 1766/3553/584 1767/3550/581
f 1759/3538/575 1758/3537/574 1764/3554/585 1765/3556/583
f 1768/3551/582 1767/3550/581 1774/3557/586 1775/3558/587
f 1766/3553/584 1765/3552/583 1772/3559/588 1773/3560/589
f 1764/3554/585 1777/3508/6 1771/3561/590
f 1769/3549/580 1768/3555/582 1775/3562/587 1776/3563/591
f 1767/3550/581 1766/3553/584 1773/3560/589 1774/3557/586
f 1765/3556/583 1764/3554/585 1771/3561/590 1772/3564/588
f 1770/3503/5 1769/3549/580 1776/3563/591
f 1771/3561/590 1777/3508/6 1778/3565/592
f 1776/3563/591 1775/3562/587 1782/3566/593 1783/3567/594
f 1774/3568/586 1773/3569/589 1780/3570/595 1781/3571/596
f 1772/3564/588 1771/3561/590 1778/3565/592 1779/3572/597
f 1770/3503/5 1776/3563/591 1783/3567/594
f 1775/3573/587 1774/3568/586 1781/3571/596 1782/3574/593
f 1773/3569/589 1772/3575/588 1779/3576/597 1780/3570/595
f 1783/3567/594 1782/3566/593 1788/3577/598 1789/3578/599
f 1781/3571/596 1780/3570/595 1786/3579/600 1787/3580/601
f 1779/3572/597 1778/3565/592 1784/3581/602 1785/3582/603
f 1770/3503/5 1783/3567/594 1789/3578/599
f 1782/3574/593 1781/3571/596 1787/3580/601 1788/3583/598
f 1780/3570/595 1779/3576/597 1785/3584/603 1786/3579/600
f 1778/3565/592 1777/3508/6 1784/3581/602
f 1787/3580/601 1786/3579/600 1792/3585/604 1793/3586/605
f 1785/3582/603 1784/3581/602 1790/3587/606 1791/3588/607
f 1770/3503/5 1789/3578/599 1795/3589/608
f 1788/3583/598 1787/3580/601 1793/3586/605 1794/3590/609
f 1786/3579/600 1785/3584/603 1791/3591/607 1792/3585/604
f 1784/3581/602 1777/3508/6 1790/3587/606
f 1789/3578/599 1788/3577/598 1794/3592/609 1795/3589/608
f 1770/3503/5 1795/3589/608 1801/3593/610
f 1794/3594/609 1793/3595/605 1799/3596/611 1800/3597/612
f 1792/3598/604 1791/3599/607 1797/3600/613 1798/3601/614
f 1790/3587/606 1777/3508/6 1796/3602/615
f 1795/3589/608 1794/3592/609 1800/3603/612 1801/3593/610
f 1793/3595/605 1792/3598/604 1798/3601/614 1799/3596/611
f 1791/3588/607 1790/3587/606 1796/3602/615 1797/3604/613
f 1770/3503/5 1801/3593/610 1806/3491/544
f 1800/3597/612 1799/3596/611 1804/3495/548 1805/3504/545
f 1798/3601/614 1797/3600/613 1803/3506/552 1733/3496/549
f 1796/3602/615 1777/3508/6 1802/3500/553
f 1801/3593/610 1800/3603/612 1805/3492/545 1806/3491/544
f 1799/3596/611 1798/3601/614 1733/3496/549 1804/3495/548
f 1797/3604/613 1796/3602/615 1802/3500/553 1803/3499/552
s 0
f 1807/3605/616 1808/3606/616 1810/3607/616 1809/3608/616
f 1809/3609/2 1810/3610/2 1814/3611/2 1813/3612/2
f 1813/3613/617 1814/3614/617 1812/3615/617 1811/3616/617
f 1811/3617/4 1812/3618/4 1808/3619/4 1807/3620/4
f 1809/3621/618 1813/3622/618 1811/3623/618 1807/3624/618
f 1814/3625/619 1810/3626/619 1808/3627/619 1812/3628/619
f 1815/3629/620 1816/3630/620 1818/3631/620 1817/3632/620
f 1817/3633/2 1818/3634/2 1822/3635/2 1821/3636/2
f 1821/3637/621 1822/3638/621 1820/3639/621 1819/3640/621
f 1819/3641/4 1820/3642/4 1816/3643/4 1815/3644/4
f 1817/3645/622 1821/3646/622 1819/3647/622 1815/3648/622
f 1822/3649/623 1818/3650/623 1816/3651/623 1820/3652/623
f 1823/3653/1 1824/3654/1 1826/3655/1 1825/3656/1
f 1825/3657/2 1826/3658/2 1830/3659/2 1829/3660/2
f 1829/3661/3 1830/3662/3 1828/3663/3 1827/3664/3
f 1827/3665/4 1828/3666/4 1824/3667/4 1823/3668/4
f 1825/3669/5 1829/3670/5 1827/3671/5 1823/3672/5
f 1830/3673/6 1826/3674/6 1824/3675/6 1828/3676/6
f 1831/3677/1 1832/3678/1 1834/3679/1 1833/3680/1
f 1833/3681/2 1834/3682/2 1838/3683/2 1837/3684/2
f 1837/3685/3 1838/3686/3 1836/3687/3 1835/3688/3
f 1835/3689/4 1836/3690/4 1832/3691/4 1831/3692/4
f 1833/3693/5 1837/3694/5 1835/3695/5 1831/3696/5
f 1838/3697/6 1834/3698/6 1832/3699/6 1836/3700/6
