# Blender 4.2.3 LTS
# www.blender.org
mtllib cafe_lvl2.mtl
o Cafe
v -2.750000 4.130000 -1.380000
v -2.750000 4.880000 -1.380000
v -2.750000 4.130000 -2.280000
v -2.750000 4.880000 -2.280000
v -1.450000 4.130000 -1.380000
v -1.450000 4.880000 -1.380000
v -1.450000 4.130000 -2.280000
v -1.450000 4.880000 -2.280000
v -3.700000 0.005000 2.170000
v -3.700000 4.005000 2.170000
v -3.700000 0.005000 -3.430000
v -3.700000 4.005000 -3.430000
v 3.700000 0.005000 2.170000
v 3.700000 4.005000 2.170000
v 3.700000 0.005000 -3.430000
v 3.700000 4.005000 -3.430000
v -3.850000 0.000000 2.320000
v -3.850000 0.349999 2.320000
v -3.850000 0.000000 -3.580000
v -3.850000 0.349999 -3.580000
v 3.850000 0.000000 2.320000
v 3.850000 0.349999 2.320000
v 3.850000 0.000000 -3.580000
v 3.850000 0.349999 -3.580000
v -3.775000 3.995000 2.245000
v -3.775000 4.135000 2.245000
v -3.775000 3.995000 -3.505000
v -3.775000 4.135000 -3.505000
v 3.775000 3.995000 2.245000
v 3.775000 4.135000 2.245000
v 3.775000 3.995000 -3.505000
v 3.775000 4.135000 -3.505000
v -3.850000 4.075000 2.320001
v -3.850000 4.375000 2.320001
v -3.850000 4.075000 2.100000
v -3.850000 4.375000 2.100000
v 3.850000 4.075000 2.320001
v 3.850000 4.375000 2.320001
v 3.850000 4.075000 2.100000
v 3.850000 4.375000 2.100000
v -3.850000 4.075000 -3.360000
v -3.850000 4.375000 -3.360000
v -3.850000 4.075000 -3.580000
v -3.850000 4.375000 -3.580000
v 3.850000 4.075000 -3.360000
v 3.850000 4.375000 -3.360000
v 3.850000 4.075000 -3.580000
v 3.850000 4.375000 -3.580000
v -3.850000 4.075000 2.320000
v -3.850000 4.375000 2.320000
v -3.850000 4.075000 -3.580000
v -3.850000 4.375000 -3.580000
v -3.630000 4.075000 2.320000
v -3.630000 4.375000 2.320000
v -3.630000 4.075000 -3.580000
v -3.630000 4.375000 -3.580000
v 3.630000 4.075000 2.320000
v 3.630000 4.375000 2.320000
v 3.630000 4.075000 -3.580000
v 3.630000 4.375000 -3.580000
v 3.849999 4.075000 2.320000
v 3.849999 4.375000 2.320000
v 3.849999 4.075000 -3.580000
v 3.849999 4.375000 -3.580000
v -3.300000 4.375000 2.070000
v -3.300000 4.475000 2.070000
v -3.217710 4.375000 2.096738
v -3.217710 4.475000 2.096738
v -3.166852 4.375000 2.166738
v -3.166852 4.475000 2.166738
v -3.166852 4.375000 2.253263
v -3.166852 4.475000 2.253263
v -3.217710 4.375000 2.323262
v -3.217710 4.475000 2.323262
v -3.300000 4.375000 2.350000
v -3.300000 4.475000 2.350000
v -3.382290 4.375000 2.323262
v -3.382290 4.475000 2.323262
v -3.433148 4.375000 2.253263
v -3.433148 4.475000 2.253263
v -3.433148 4.375000 2.166738
v -3.433148 4.475000 2.166738
v -3.382290 4.375000 2.096738
v -3.382290 4.475000 2.096738
v -3.300000 4.375000 -3.610000
v -3.300000 4.475000 -3.610000
v -3.217710 4.375000 -3.583262
v -3.217710 4.475000 -3.583262
v -3.166852 4.375000 -3.513263
v -3.166852 4.475000 -3.513263
v -3.166852 4.375000 -3.426738
v -3.166852 4.475000 -3.426738
v -3.217710 4.375000 -3.356738
v -3.217710 4.475000 -3.356738
v -3.300000 4.375000 -3.330000
v -3.300000 4.475000 -3.330000
v -3.382290 4.375000 -3.356738
v -3.382290 4.475000 -3.356738
v -3.433148 4.375000 -3.426738
v -3.433148 4.475000 -3.426738
v -3.433148 4.375000 -3.513263
v -3.433148 4.475000 -3.513263
v -3.382290 4.375000 -3.583262
v -3.382290 4.475000 -3.583262
v -2.475000 4.375000 2.070000
v -2.475000 4.475000 2.070000
v -2.392710 4.375000 2.096738
v -2.392710 4.475000 2.096738
v -2.341852 4.375000 2.166738
v -2.341852 4.475000 2.166738
v -2.341852 4.375000 2.253263
v -2.341852 4.475000 2.253263
v -2.392710 4.375000 2.323262
v -2.392710 4.475000 2.323262
v -2.475000 4.375000 2.350000
v -2.475000 4.475000 2.350000
v -2.557290 4.375000 2.323262
v -2.557290 4.475000 2.323262
v -2.608148 4.375000 2.253263
v -2.608148 4.475000 2.253263
v -2.608148 4.375000 2.166738
v -2.608148 4.475000 2.166738
v -2.557290 4.375000 2.096738
v -2.557290 4.475000 2.096738
v -2.475000 4.375000 -3.610000
v -2.475000 4.475000 -3.610000
v -2.392710 4.375000 -3.583262
v -2.392710 4.475000 -3.583262
v -2.341852 4.375000 -3.513263
v -2.341852 4.475000 -3.513263
v -2.341852 4.375000 -3.426738
v -2.341852 4.475000 -3.426738
v -2.392710 4.375000 -3.356738
v -2.392710 4.475000 -3.356738
v -2.475000 4.375000 -3.330000
v -2.475000 4.475000 -3.330000
v -2.557290 4.375000 -3.356738
v -2.557290 4.475000 -3.356738
v -2.608148 4.375000 -3.426738
v -2.608148 4.475000 -3.426738
v -2.608148 4.375000 -3.513263
v -2.608148 4.475000 -3.513263
v -2.557290 4.375000 -3.583262
v -2.557290 4.475000 -3.583262
v -1.650000 4.375000 2.070000
v -1.650000 4.475000 2.070000
v -1.567710 4.375000 2.096738
v -1.567710 4.475000 2.096738
v -1.516852 4.375000 2.166738
v -1.516852 4.475000 2.166738
v -1.516852 4.375000 2.253263
v -1.516852 4.475000 2.253263
v -1.567710 4.375000 2.323262
v -1.567710 4.475000 2.323262
v -1.650000 4.375000 2.350000
v -1.650000 4.475000 2.350000
v -1.732290 4.375000 2.323262
v -1.732290 4.475000 2.323262
v -1.783148 4.375000 2.253263
v -1.783148 4.475000 2.253263
v -1.783148 4.375000 2.166738
v -1.783148 4.475000 2.166738
v -1.732290 4.375000 2.096738
v -1.732290 4.475000 2.096738
v -1.650000 4.375000 -3.610000
v -1.650000 4.475000 -3.610000
v -1.567710 4.375000 -3.583262
v -1.567710 4.475000 -3.583262
v -1.516852 4.375000 -3.513263
v -1.516852 4.475000 -3.513263
v -1.516852 4.375000 -3.426738
v -1.516852 4.475000 -3.426738
v -1.567710 4.375000 -3.356738
v -1.567710 4.475000 -3.356738
v -1.650000 4.375000 -3.330000
v -1.650000 4.475000 -3.330000
v -1.732290 4.375000 -3.356738
v -1.732290 4.475000 -3.356738
v -1.783148 4.375000 -3.426738
v -1.783148 4.475000 -3.426738
v -1.783148 4.375000 -3.513263
v -1.783148 4.475000 -3.513263
v -1.732290 4.375000 -3.583262
v -1.732290 4.475000 -3.583262
v -0.825000 4.375000 2.070000
v -0.825000 4.475000 2.070000
v -0.742710 4.375000 2.096738
v -0.742710 4.475000 2.096738
v -0.691852 4.375000 2.166738
v -0.691852 4.475000 2.166738
v -0.691852 4.375000 2.253263
v -0.691852 4.475000 2.253263
v -0.742710 4.375000 2.323262
v -0.742710 4.475000 2.323262
v -0.825000 4.375000 2.350000
v -0.825000 4.475000 2.350000
v -0.907290 4.375000 2.323262
v -0.907290 4.475000 2.323262
v -0.958148 4.375000 2.253263
v -0.958148 4.475000 2.253263
v -0.958148 4.375000 2.166738
v -0.958148 4.475000 2.166738
v -0.907290 4.375000 2.096738
v -0.907290 4.475000 2.096738
v -0.825000 4.375000 -3.610000
v -0.825000 4.475000 -3.610000
v -0.742710 4.375000 -3.583262
v -0.742710 4.475000 -3.583262
v -0.691852 4.375000 -3.513263
v -0.691852 4.475000 -3.513263
v -0.691852 4.375000 -3.426738
v -0.691852 4.475000 -3.426738
v -0.742710 4.375000 -3.356738
v -0.742710 4.475000 -3.356738
v -0.825000 4.375000 -3.330000
v -0.825000 4.475000 -3.330000
v -0.907290 4.375000 -3.356738
v -0.907290 4.475000 -3.356738
v -0.958148 4.375000 -3.426738
v -0.958148 4.475000 -3.426738
v -0.958148 4.375000 -3.513263
v -0.958148 4.475000 -3.513263
v -0.907290 4.375000 -3.583262
v -0.907290 4.475000 -3.583262
v -0.000000 4.375000 2.070000
v -0.000000 4.475000 2.070000
v 0.082290 4.375000 2.096738
v 0.082290 4.475000 2.096738
v 0.133148 4.375000 2.166738
v 0.133148 4.475000 2.166738
v 0.133148 4.375000 2.253263
v 0.133148 4.475000 2.253263
v 0.082290 4.375000 2.323262
v 0.082290 4.475000 2.323262
v -0.000000 4.375000 2.350000
v -0.000000 4.475000 2.350000
v -0.082290 4.375000 2.323262
v -0.082290 4.475000 2.323262
v -0.133148 4.375000 2.253263
v -0.133148 4.475000 2.253263
v -0.133148 4.375000 2.166738
v -0.133148 4.475000 2.166738
v -0.082290 4.375000 2.096738
v -0.082290 4.475000 2.096738
v -0.000000 4.375000 -3.610000
v -0.000000 4.475000 -3.610000
v 0.082290 4.375000 -3.583262
v 0.082290 4.475000 -3.583262
v 0.133148 4.375000 -3.513263
v 0.133148 4.475000 -3.513263
v 0.133148 4.375000 -3.426738
v 0.133148 4.475000 -3.426738
v 0.082290 4.375000 -3.356738
v 0.082290 4.475000 -3.356738
v -0.000000 4.375000 -3.330000
v -0.000000 4.475000 -3.330000
v -0.082290 4.375000 -3.356738
v -0.082290 4.475000 -3.356738
v -0.133148 4.375000 -3.426738
v -0.133148 4.475000 -3.426738
v -0.133148 4.375000 -3.513263
v -0.133148 4.475000 -3.513263
v -0.082290 4.375000 -3.583262
v -0.082290 4.475000 -3.583262
v 0.825000 4.375000 2.070000
v 0.825000 4.475000 2.070000
v 0.907290 4.375000 2.096738
v 0.907290 4.475000 2.096738
v 0.958148 4.375000 2.166738
v 0.958148 4.475000 2.166738
v 0.958148 4.375000 2.253263
v 0.958148 4.475000 2.253263
v 0.907290 4.375000 2.323262
v 0.907290 4.475000 2.323262
v 0.825000 4.375000 2.350000
v 0.825000 4.475000 2.350000
v 0.742710 4.375000 2.323262
v 0.742710 4.475000 2.323262
v 0.691852 4.375000 2.253263
v 0.691852 4.475000 2.253263
v 0.691852 4.375000 2.166738
v 0.691852 4.475000 2.166738
v 0.742710 4.375000 2.096738
v 0.742710 4.475000 2.096738
v 0.825000 4.375000 -3.610000
v 0.825000 4.475000 -3.610000
v 0.907290 4.375000 -3.583262
v 0.907290 4.475000 -3.583262
v 0.958148 4.375000 -3.513263
v 0.958148 4.475000 -3.513263
v 0.958148 4.375000 -3.426738
v 0.958148 4.475000 -3.426738
v 0.907290 4.375000 -3.356738
v 0.907290 4.475000 -3.356738
v 0.825000 4.375000 -3.330000
v 0.825000 4.475000 -3.330000
v 0.742710 4.375000 -3.356738
v 0.742710 4.475000 -3.356738
v 0.691852 4.375000 -3.426738
v 0.691852 4.475000 -3.426738
v 0.691852 4.375000 -3.513263
v 0.691852 4.475000 -3.513263
v 0.742710 4.375000 -3.583262
v 0.742710 4.475000 -3.583262
v 1.650000 4.375000 2.070000
v 1.650000 4.475000 2.070000
v 1.732290 4.375000 2.096738
v 1.732290 4.475000 2.096738
v 1.783148 4.375000 2.166738
v 1.783148 4.475000 2.166738
v 1.783148 4.375000 2.253263
v 1.783148 4.475000 2.253263
v 1.732290 4.375000 2.323262
v 1.732290 4.475000 2.323262
v 1.650000 4.375000 2.350000
v 1.650000 4.475000 2.350000
v 1.567710 4.375000 2.323262
v 1.567710 4.475000 2.323262
v 1.516852 4.375000 2.253263
v 1.516852 4.475000 2.253263
v 1.516852 4.375000 2.166738
v 1.516852 4.475000 2.166738
v 1.567710 4.375000 2.096738
v 1.567710 4.475000 2.096738
v 1.650000 4.375000 -3.610000
v 1.650000 4.475000 -3.610000
v 1.732290 4.375000 -3.583262
v 1.732290 4.475000 -3.583262
v 1.783148 4.375000 -3.513263
v 1.783148 4.475000 -3.513263
v 1.783148 4.375000 -3.426738
v 1.783148 4.475000 -3.426738
v 1.732290 4.375000 -3.356738
v 1.732290 4.475000 -3.356738
v 1.650000 4.375000 -3.330000
v 1.650000 4.475000 -3.330000
v 1.567710 4.375000 -3.356738
v 1.567710 4.475000 -3.356738
v 1.516852 4.375000 -3.426738
v 1.516852 4.475000 -3.426738
v 1.516852 4.375000 -3.513263
v 1.516852 4.475000 -3.513263
v 1.567710 4.375000 -3.583262
v 1.567710 4.475000 -3.583262
v 2.475000 4.375000 2.070000
v 2.475000 4.475000 2.070000
v 2.557290 4.375000 2.096738
v 2.557290 4.475000 2.096738
v 2.608148 4.375000 2.166738
v 2.608148 4.475000 2.166738
v 2.608148 4.375000 2.253263
v 2.608148 4.475000 2.253263
v 2.557290 4.375000 2.323262
v 2.557290 4.475000 2.323262
v 2.475000 4.375000 2.350000
v 2.475000 4.475000 2.350000
v 2.392710 4.375000 2.323262
v 2.392710 4.475000 2.323262
v 2.341852 4.375000 2.253263
v 2.341852 4.475000 2.253263
v 2.341852 4.375000 2.166738
v 2.341852 4.475000 2.166738
v 2.392710 4.375000 2.096738
v 2.392710 4.475000 2.096738
v 2.475000 4.375000 -3.610000
v 2.475000 4.475000 -3.610000
v 2.557290 4.375000 -3.583262
v 2.557290 4.475000 -3.583262
v 2.608148 4.375000 -3.513263
v 2.608148 4.475000 -3.513263
v 2.608148 4.375000 -3.426738
v 2.608148 4.475000 -3.426738
v 2.557290 4.375000 -3.356738
v 2.557290 4.475000 -3.356738
v 2.475000 4.375000 -3.330000
v 2.475000 4.475000 -3.330000
v 2.392710 4.375000 -3.356738
v 2.392710 4.475000 -3.356738
v 2.341852 4.375000 -3.426738
v 2.341852 4.475000 -3.426738
v 2.341852 4.375000 -3.513263
v 2.341852 4.475000 -3.513263
v 2.392710 4.375000 -3.583262
v 2.392710 4.475000 -3.583262
v 3.299999 4.375000 2.070000
v 3.299999 4.475000 2.070000
v 3.382289 4.375000 2.096738
v 3.382289 4.475000 2.096738
v 3.433147 4.375000 2.166738
v 3.433147 4.475000 2.166738
v 3.433147 4.375000 2.253263
v 3.433147 4.475000 2.253263
v 3.382289 4.375000 2.323262
v 3.382289 4.475000 2.323262
v 3.299999 4.375000 2.350000
v 3.299999 4.475000 2.350000
v 3.217709 4.375000 2.323262
v 3.217709 4.475000 2.323262
v 3.166851 4.375000 2.253263
v 3.166851 4.475000 2.253263
v 3.166851 4.375000 2.166738
v 3.166851 4.475000 2.166738
v 3.217709 4.375000 2.096738
v 3.217709 4.475000 2.096738
v 3.299999 4.375000 -3.610000
v 3.299999 4.475000 -3.610000
v 3.382289 4.375000 -3.583262
v 3.382289 4.475000 -3.583262
v 3.433147 4.375000 -3.513263
v 3.433147 4.475000 -3.513263
v 3.433147 4.375000 -3.426738
v 3.433147 4.475000 -3.426738
v 3.382289 4.375000 -3.356738
v 3.382289 4.475000 -3.356738
v 3.299999 4.375000 -3.330000
v 3.299999 4.475000 -3.330000
v 3.217709 4.375000 -3.356738
v 3.217709 4.475000 -3.356738
v 3.166851 4.375000 -3.426738
v 3.166851 4.475000 -3.426738
v 3.166851 4.375000 -3.513263
v 3.166851 4.475000 -3.513263
v 3.217709 4.375000 -3.583262
v 3.217709 4.475000 -3.583262
v -3.080000 0.750000 2.270000
v -3.080000 2.760000 2.270000
v -3.080000 0.750000 2.170000
v -3.080000 2.760000 2.170000
v -0.020000 0.750000 2.270000
v -0.020000 2.760000 2.270000
v -0.020000 0.750000 2.170000
v -0.020000 2.760000 2.170000
v -3.000000 0.830000 2.310000
v -3.000000 2.680000 2.310000
v -3.000000 0.830000 2.250000
v -3.000000 2.680000 2.250000
v -0.100000 0.830000 2.310000
v -0.100000 2.680000 2.310000
v -0.100000 0.830000 2.250000
v -0.100000 2.680000 2.250000
v -2.068333 0.830000 2.375000
v -2.068333 2.680000 2.375000
v -2.068333 0.830000 2.285000
v -2.068333 2.680000 2.285000
v -1.998333 0.830000 2.375000
v -1.998333 2.680000 2.375000
v -1.998333 0.830000 2.285000
v -1.998333 2.680000 2.285000
v -1.101667 0.830000 2.375000
v -1.101667 2.680000 2.375000
v -1.101667 0.830000 2.285000
v -1.101667 2.680000 2.285000
v -1.031667 0.830000 2.375000
v -1.031667 2.680000 2.375000
v -1.031667 0.830000 2.285000
v -1.031667 2.680000 2.285000
v -3.150000 0.690000 2.390000
v -3.150000 0.790000 2.390000
v -3.150000 0.690000 2.150000
v -3.150000 0.790000 2.150000
v 0.050000 0.690000 2.390000
v 0.050000 0.790000 2.390000
v 0.050000 0.690000 2.150000
v 0.050000 0.790000 2.150000
v 1.025000 0.059999 2.260000
v 1.025000 2.310000 2.260000
v 1.025000 0.059999 2.200000
v 1.025000 2.310000 2.200000
v 2.075000 0.059999 2.260000
v 2.075000 2.310000 2.260000
v 2.075000 0.059999 2.200000
v 2.075000 2.310000 2.200000
v 0.930000 0.054999 2.300000
v 0.930000 2.455000 2.300000
v 0.930000 0.054999 2.200001
v 0.930000 2.455000 2.200001
v 1.029999 0.054999 2.300000
v 1.029999 2.455000 2.300000
v 1.029999 0.054999 2.200001
v 1.029999 2.455000 2.200001
v 2.070000 0.054999 2.300000
v 2.070000 2.455000 2.300000
v 2.070000 0.054999 2.200001
v 2.070000 2.455000 2.200001
v 2.169999 0.054999 2.300000
v 2.169999 2.455000 2.300000
v 2.169999 0.054999 2.200001
v 2.169999 2.455000 2.200001
v 0.925000 2.375000 2.300000
v 0.925000 2.475000 2.300000
v 0.925000 2.375000 2.200001
v 0.925000 2.475000 2.200001
v 2.174999 2.375000 2.300000
v 2.174999 2.475000 2.300000
v 2.174999 2.375000 2.200001
v 2.174999 2.475000 2.200001
v 1.175000 0.905000 2.330000
v 1.175000 1.405000 2.330000
v 1.175000 0.905000 2.270000
v 1.175000 1.405000 2.270000
v 1.225000 0.905000 2.330000
v 1.225000 1.405000 2.330000
v 1.225000 0.905000 2.270000
v 1.225000 1.405000 2.270000
v 0.800000 0.005000 2.920000
v 0.800000 0.125000 2.920000
v 0.800000 0.005000 2.220000
v 0.800000 0.125000 2.220000
v 2.300000 0.005000 2.920000
v 2.300000 0.125000 2.920000
v 2.300000 0.005000 2.220000
v 2.300000 0.125000 2.220000
v -3.470001 2.687973 3.560924
v -3.470001 2.751921 3.589395
v -3.470001 3.298078 2.190606
v -3.470001 3.362026 2.219077
v -2.470000 2.687973 3.560924
v -2.470000 2.751921 3.589395
v -2.470000 3.298078 2.190606
v -2.470000 3.362026 2.219077
v -2.480000 2.687973 3.560924
v -2.480000 2.751921 3.589395
v -2.480000 3.298078 2.190606
v -2.480000 3.362026 2.219077
v -1.480000 2.687973 3.560924
v -1.480000 2.751921 3.589395
v -1.480000 3.298078 2.190606
v -1.480000 3.362026 2.219077
v -1.490000 2.687973 3.560924
v -1.490000 2.751921 3.589395
v -1.490000 3.298078 2.190606
v -1.490000 3.362026 2.219077
v -0.490000 2.687973 3.560924
v -0.490000 2.751921 3.589395
v -0.490000 3.298078 2.190606
v -0.490000 3.362026 2.219077
v -0.500000 2.687973 3.560924
v -0.500000 2.751921 3.589395
v -0.500000 3.298078 2.190606
v -0.500000 3.362026 2.219077
v 0.500000 2.687973 3.560924
v 0.500000 2.751921 3.589395
v 0.500000 3.298078 2.190606
v 0.500000 3.362026 2.219077
v 0.510831 1.874406 3.234400
v 0.517865 1.893701 3.301320
v 0.467613 3.316299 2.823209
v 0.474647 3.335593 2.890129
v 1.505353 1.874406 3.129872
v 1.512386 1.893701 3.196791
v 1.462135 3.316299 2.718680
v 1.469168 3.335593 2.785600
v 1.480000 2.687973 3.560924
v 1.480000 2.751921 3.589395
v 1.480000 3.298078 2.190606
v 1.480000 3.362026 2.219077
v 2.480000 2.687973 3.560924
v 2.480000 2.751921 3.589395
v 2.480000 3.298078 2.190606
v 2.480000 3.362026 2.219077
v 2.470000 2.687973 3.560924
v 2.470000 2.751921 3.589395
v 2.470000 3.298078 2.190606
v 2.470000 3.362026 2.219077
v 3.470000 2.687973 3.560924
v 3.470000 2.751921 3.589395
v 3.470000 3.298078 2.190606
v 3.470000 3.362026 2.219077
v -3.550000 2.685000 3.610000
v -3.550000 2.785000 3.610000
v -3.550000 2.685000 3.530000
v -3.550000 2.785000 3.530000
v 3.549999 2.685000 3.610000
v 3.549999 2.785000 3.610000
v 3.549999 2.685000 3.530000
v 3.549999 2.785000 3.530000
v -3.450000 3.225000 2.300000
v -3.450000 4.225000 2.300000
v -3.450000 3.225000 2.160000
v -3.450000 4.225000 2.160000
v 3.450000 3.225000 2.300000
v 3.450000 4.225000 2.300000
v 3.450000 3.225000 2.160000
v 3.450000 4.225000 2.160000
v -3.450000 4.215000 2.320001
v -3.450000 4.275000 2.320001
v -3.450000 4.215000 2.160000
v -3.450000 4.275000 2.160000
v 3.450000 4.215000 2.320001
v 3.450000 4.275000 2.320001
v 3.450000 4.215000 2.160000
v 3.450000 4.275000 2.160000
v -3.450000 3.175000 2.320001
v -3.450000 3.235000 2.320001
v -3.450000 3.175000 2.160000
v -3.450000 3.235000 2.160000
v 3.450000 3.175000 2.320001
v 3.450000 3.235000 2.320001
v 3.450000 3.175000 2.160000
v 3.450000 3.235000 2.160000
v -0.126740 3.848320 2.365000
v -0.126740 3.687640 2.365000
v 0.090879 3.687640 2.365000
v 0.090879 3.619000 2.365000
v -0.126740 3.619000 2.365000
v -0.126740 3.453640 2.365000
v 0.105700 3.453640 2.365000
v 0.105700 3.385000 2.365000
v -0.203180 3.385000 2.365000
v -0.203180 3.916960 2.365000
v 0.098680 3.916960 2.365000
v 0.098680 3.848320 2.365000
v -0.491780 3.848320 2.365000
v -0.491780 3.700900 2.365000
v -0.284300 3.700900 2.365000
v -0.284300 3.632260 2.365000
v -0.491780 3.632260 2.365000
v -0.491780 3.385000 2.365000
v -0.568220 3.385000 2.365000
v -0.568220 3.916960 2.365000
v -0.284300 3.916960 2.365000
v -0.284300 3.848320 2.365000
v -0.705500 3.385000 2.365000
v -0.776480 3.541780 2.365000
v -1.002680 3.541780 2.365000
v -1.069760 3.385000 2.365000
v -1.147760 3.385000 2.365000
v -0.919220 3.920080 2.365000
v -0.865400 3.920080 2.365000
v -0.627500 3.385000 2.365000
v -0.807680 3.610420 2.365000
v -0.893480 3.803080 2.365000
v -0.973040 3.610420 2.365000
v -1.204514 3.807519 2.365000
v -1.220369 3.815773 2.365000
v -1.235937 3.823177 2.365000
v -1.251269 3.829745 2.365000
v -1.266417 3.835489 2.365000
v -1.281433 3.840423 2.365000
v -1.296367 3.844561 2.365000
v -1.311271 3.847916 2.365000
v -1.326197 3.850502 2.365000
v -1.341197 3.852332 2.365000
v -1.356321 3.853420 2.365000
v -1.371620 3.853780 2.365000
v -1.401356 3.852009 2.365000
v -1.429586 3.846825 2.365000
v -1.456104 3.838424 2.365000
v -1.480705 3.827000 2.365000
v -1.503182 3.812749 2.365000
v -1.523330 3.795865 2.365000
v -1.540944 3.776544 2.365000
v -1.555816 3.754980 2.365000
v -1.567742 3.731369 2.365000
v -1.576515 3.705905 2.365000
v -1.581930 3.678784 2.365000
v -1.583780 3.650200 2.365000
v -1.581987 3.621156 2.365000
v -1.576717 3.593798 2.365000
v -1.568132 3.568288 2.365000
v -1.556394 3.544785 2.365000
v -1.541666 3.523448 2.365000
v -1.524110 3.504438 2.365000
v -1.503890 3.487914 2.365000
v -1.481167 3.474036 2.365000
v -1.456104 3.462964 2.365000
v -1.428864 3.454857 2.365000
v -1.399608 3.449876 2.365000
v -1.368500 3.448180 2.365000
v -1.353378 3.448617 2.365000
v -1.338066 3.449921 2.365000
v -1.322602 3.452080 2.365000
v -1.307025 3.455085 2.365000
v -1.291372 3.458923 2.365000
v -1.275680 3.463585 2.365000
v -1.259989 3.469059 2.365000
v -1.244336 3.475336 2.365000
v -1.228758 3.482403 2.365000
v -1.213295 3.490250 2.365000
v -1.197983 3.498866 2.365000
v -1.182860 3.508240 2.365000
v -1.182860 3.424780 2.365000
v -1.196036 3.418124 2.365000
v -1.209481 3.411834 2.365000
v -1.223274 3.405951 2.365000
v -1.237489 3.400513 2.365000
v -1.252203 3.395564 2.365000
v -1.267490 3.391143 2.365000
v -1.283428 3.387290 2.365000
v -1.300092 3.384047 2.365000
v -1.317557 3.381454 2.365000
v -1.335899 3.379551 2.365000
v -1.355195 3.378380 2.365000
v -1.375520 3.377980 2.365000
v -1.423115 3.381068 2.365000
v -1.466116 3.389879 2.365000
v -1.504610 3.403732 2.365000
v -1.538685 3.421949 2.365000
v -1.568426 3.443849 2.365000
v -1.593920 3.468753 2.365000
v -1.615255 3.495980 2.365000
v -1.632516 3.524851 2.365000
v -1.645790 3.554687 2.365000
v -1.655165 3.584806 2.365000
v -1.660726 3.614531 2.365000
v -1.662560 3.643180 2.365000
v -1.660053 3.682787 2.365000
v -1.652706 3.720314 2.365000
v -1.640781 3.755500 2.365000
v -1.624543 3.788087 2.365000
v -1.604252 3.817813 2.365000
v -1.580173 3.844420 2.365000
v -1.552567 3.867647 2.365000
v -1.521698 3.887233 2.365000
v -1.487828 3.902920 2.365000
v -1.451220 3.914447 2.365000
v -1.412137 3.921553 2.365000
v -1.370840 3.923980 2.365000
v -1.357165 3.923702 2.365000
v -1.343400 3.922857 2.365000
v -1.329488 3.921433 2.365000
v -1.315374 3.919416 2.365000
v -1.300999 3.916792 2.365000
v -1.286308 3.913548 2.365000
v -1.271243 3.909670 2.365000
v -1.255747 3.905145 2.365000
v -1.239764 3.899959 2.365000
v -1.223236 3.894098 2.365000
v -1.206107 3.887550 2.365000
v -1.188320 3.880300 2.365000
v -1.188320 3.798400 2.365000
v -0.126740 3.848320 2.275000
v -0.126740 3.687640 2.275000
v 0.090879 3.687640 2.275000
v 0.090879 3.619000 2.275000
v -0.126740 3.619000 2.275000
v -0.126740 3.453640 2.275000
v 0.105700 3.453640 2.275000
v 0.105700 3.385000 2.275000
v -0.203180 3.385000 2.275000
v -0.203180 3.916960 2.275000
v 0.098680 3.916960 2.275000
v 0.098680 3.848320 2.275000
v -0.491780 3.848320 2.275000
v -0.491780 3.700900 2.275000
v -0.284300 3.700900 2.275000
v -0.284300 3.632260 2.275000
v -0.491780 3.632260 2.275000
v -0.491780 3.385000 2.275000
v -0.568220 3.385000 2.275000
v -0.568220 3.916960 2.275000
v -0.284300 3.916960 2.275000
v -0.284300 3.848320 2.275000
v -0.705500 3.385000 2.275000
v -0.776480 3.541780 2.275000
v -1.002680 3.541780 2.275000
v -1.069760 3.385000 2.275000
v -1.147760 3.385000 2.275000
v -0.919220 3.920080 2.275000
v -0.865400 3.920080 2.275000
v -0.627500 3.385000 2.275000
v -0.807680 3.610420 2.275000
v -0.893480 3.803080 2.275000
v -0.973040 3.610420 2.275000
v -1.204514 3.807519 2.275000
v -1.220369 3.815773 2.275000
v -1.235937 3.823177 2.275000
v -1.251269 3.829745 2.275000
v -1.266417 3.835489 2.275000
v -1.281433 3.840423 2.275000
v -1.296367 3.844561 2.275000
v -1.311271 3.847916 2.275000
v -1.326197 3.850502 2.275000
v -1.341197 3.852332 2.275000
v -1.356321 3.853420 2.275000
v -1.371620 3.853780 2.275000
v -1.401356 3.852009 2.275000
v -1.429586 3.846825 2.275000
v -1.456104 3.838424 2.275000
v -1.480705 3.827000 2.275000
v -1.503182 3.812749 2.275000
v -1.523330 3.795865 2.275000
v -1.540944 3.776544 2.275000
v -1.555816 3.754980 2.275000
v -1.567742 3.731369 2.275000
v -1.576515 3.705905 2.275000
v -1.581930 3.678784 2.275000
v -1.583780 3.650200 2.275000
v -1.581987 3.621156 2.275000
v -1.576717 3.593798 2.275000
v -1.568132 3.568288 2.275000
v -1.556394 3.544785 2.275000
v -1.541666 3.523448 2.275000
v -1.524110 3.504438 2.275000
v -1.503890 3.487914 2.275000
v -1.481167 3.474036 2.275000
v -1.456104 3.462964 2.275000
v -1.428864 3.454857 2.275000
v -1.399608 3.449876 2.275000
v -1.368500 3.448180 2.275000
v -1.353378 3.448617 2.275000
v -1.338066 3.449921 2.275000
v -1.322602 3.452080 2.275000
v -1.307025 3.455085 2.275000
v -1.291372 3.458923 2.275000
v -1.275680 3.463585 2.275000
v -1.259989 3.469059 2.275000
v -1.244336 3.475336 2.275000
v -1.228758 3.482403 2.275000
v -1.213295 3.490250 2.275000
v -1.197983 3.498866 2.275000
v -1.182860 3.508240 2.275000
v -1.182860 3.424780 2.275000
v -1.196036 3.418124 2.275000
v -1.209481 3.411834 2.275000
v -1.223274 3.405951 2.275000
v -1.237489 3.400513 2.275000
v -1.252203 3.395564 2.275000
v -1.267490 3.391143 2.275000
v -1.283428 3.387290 2.275000
v -1.300092 3.384047 2.275000
v -1.317557 3.381454 2.275000
v -1.335899 3.379551 2.275000
v -1.355195 3.378380 2.275000
v -1.375520 3.377980 2.275000
v -1.423115 3.381068 2.275000
v -1.466116 3.389879 2.275000
v -1.504610 3.403732 2.275000
v -1.538685 3.421949 2.275000
v -1.568426 3.443849 2.275000
v -1.593920 3.468753 2.275000
v -1.615255 3.495980 2.275000
v -1.632516 3.524851 2.275000
v -1.645790 3.554687 2.275000
v -1.655165 3.584806 2.275000
v -1.660726 3.614531 2.275000
v -1.662560 3.643180 2.275000
v -1.660053 3.682787 2.275000
v -1.652706 3.720314 2.275000
v -1.640781 3.755500 2.275000
v -1.624543 3.788087 2.275000
v -1.604252 3.817813 2.275000
v -1.580173 3.844420 2.275000
v -1.552567 3.867647 2.275000
v -1.521698 3.887233 2.275000
v -1.487828 3.902920 2.275000
v -1.451220 3.914447 2.275000
v -1.412137 3.921553 2.275000
v -1.370840 3.923980 2.275000
v -1.357165 3.923702 2.275000
v -1.343400 3.922857 2.275000
v -1.329488 3.921433 2.275000
v -1.315374 3.919416 2.275000
v -1.300999 3.916792 2.275000
v -1.286308 3.913548 2.275000
v -1.271243 3.909670 2.275000
v -1.255747 3.905145 2.275000
v -1.239764 3.899959 2.275000
v -1.223236 3.894098 2.275000
v -1.206107 3.887550 2.275000
v -1.188320 3.880300 2.275000
v -1.188320 3.798400 2.275000
v -1.204514 3.807519 2.275000
v -1.204514 3.807519 2.365000
v -1.220369 3.815773 2.275000
v -1.220369 3.815773 2.365000
v -1.235937 3.823177 2.275000
v -1.235937 3.823177 2.365000
v -1.251269 3.829745 2.275000
v -1.251269 3.829745 2.365000
v -1.266417 3.835489 2.275000
v -1.266417 3.835489 2.365000
v -1.281433 3.840423 2.275000
v -1.281433 3.840423 2.365000
v -1.296367 3.844561 2.275000
v -1.296367 3.844561 2.365000
v -1.311271 3.847916 2.275000
v -1.311271 3.847916 2.365000
v -1.326197 3.850502 2.275000
v -1.326197 3.850502 2.365000
v -1.341197 3.852332 2.275000
v -1.341197 3.852332 2.365000
v -1.356321 3.853420 2.275000
v -1.356321 3.853420 2.365000
v -1.371620 3.853780 2.275000
v -1.371620 3.853780 2.365000
v -1.401356 3.852009 2.275000
v -1.401356 3.852009 2.365000
v -1.429586 3.846825 2.275000
v -1.429586 3.846825 2.365000
v -1.456104 3.838424 2.275000
v -1.456104 3.838424 2.365000
v -1.480705 3.827000 2.275000
v -1.480705 3.827000 2.365000
v -1.503182 3.812749 2.275000
v -1.503182 3.812749 2.365000
v -1.523330 3.795865 2.275000
v -1.523330 3.795865 2.365000
v -1.540944 3.776544 2.275000
v -1.540944 3.776544 2.365000
v -1.555816 3.754980 2.275000
v -1.555816 3.754980 2.365000
v -1.567742 3.731369 2.275000
v -1.567742 3.731369 2.365000
v -1.576515 3.705905 2.275000
v -1.576515 3.705905 2.365000
v -1.581930 3.678784 2.275000
v -1.581930 3.678784 2.365000
v -1.583780 3.650200 2.275000
v -1.583780 3.650200 2.365000
v -1.581987 3.621156 2.275000
v -1.581987 3.621156 2.365000
v -1.576717 3.593798 2.275000
v -1.576717 3.593798 2.365000
v -1.568132 3.568288 2.275000
v -1.568132 3.568288 2.365000
v -1.556394 3.544785 2.275000
v -1.556394 3.544785 2.365000
v -1.541666 3.523448 2.275000
v -1.541666 3.523448 2.365000
v -1.524110 3.504438 2.275000
v -1.524110 3.504438 2.365000
v -1.503890 3.487914 2.275000
v -1.503890 3.487914 2.365000
v -1.481167 3.474036 2.275000
v -1.481167 3.474036 2.365000
v -1.456104 3.462964 2.275000
v -1.456104 3.462964 2.365000
v -1.428864 3.454857 2.275000
v -1.428864 3.454857 2.365000
v -1.399608 3.449876 2.275000
v -1.399608 3.449876 2.365000
v -1.368500 3.448180 2.275000
v -1.368500 3.448180 2.365000
v -1.353378 3.448617 2.275000
v -1.353378 3.448617 2.365000
v -1.338066 3.449921 2.275000
v -1.338066 3.449921 2.365000
v -1.322602 3.452080 2.275000
v -1.322602 3.452080 2.365000
v -1.307025 3.455085 2.275000
v -1.307025 3.455085 2.365000
v -1.291372 3.458923 2.275000
v -1.291372 3.458923 2.365000
v -1.275680 3.463585 2.275000
v -1.275680 3.463585 2.365000
v -1.259989 3.469059 2.275000
v -1.259989 3.469059 2.365000
v -1.244336 3.475336 2.275000
v -1.244336 3.475336 2.365000
v -1.228758 3.482403 2.275000
v -1.228758 3.482403 2.365000
v -1.213295 3.490250 2.275000
v -1.213295 3.490250 2.365000
v -1.197983 3.498866 2.275000
v -1.197983 3.498866 2.365000
v -1.182860 3.508240 2.275000
v -1.182860 3.508240 2.365000
v -1.182860 3.424780 2.275000
v -1.182860 3.424780 2.365000
v -1.196036 3.418124 2.275000
v -1.196036 3.418124 2.365000
v -1.209481 3.411834 2.275000
v -1.209481 3.411834 2.365000
v -1.223274 3.405951 2.275000
v -1.223274 3.405951 2.365000
v -1.237489 3.400513 2.275000
v -1.237489 3.400513 2.365000
v -1.252203 3.395564 2.275000
v -1.252203 3.395564 2.365000
v -1.267490 3.391143 2.275000
v -1.267490 3.391143 2.365000
v -1.283428 3.387290 2.275000
v -1.283428 3.387290 2.365000
v -1.300092 3.384047 2.275000
v -1.300092 3.384047 2.365000
v -1.317557 3.381454 2.275000
v -1.317557 3.381454 2.365000
v -1.335899 3.379551 2.275000
v -1.335899 3.379551 2.365000
v -1.355195 3.378380 2.275000
v -1.355195 3.378380 2.365000
v -1.375520 3.377980 2.275000
v -1.375520 3.377980 2.365000
v -1.423115 3.381068 2.275000
v -1.423115 3.381068 2.365000
v -1.466116 3.389879 2.275000
v -1.466116 3.389879 2.365000
v -1.504610 3.403732 2.275000
v -1.504610 3.403732 2.365000
v -1.538685 3.421949 2.275000
v -1.538685 3.421949 2.365000
v -1.568426 3.443849 2.275000
v -1.568426 3.443849 2.365000
v -1.593920 3.468753 2.275000
v -1.593920 3.468753 2.365000
v -1.615255 3.495980 2.275000
v -1.615255 3.495980 2.365000
v -1.632516 3.524851 2.275000
v -1.632516 3.524851 2.365000
v -1.645790 3.554687 2.275000
v -1.645790 3.554687 2.365000
v -1.655165 3.584806 2.275000
v -1.655165 3.584806 2.365000
v -1.660726 3.614531 2.275000
v -1.660726 3.614531 2.365000
v -1.662560 3.643180 2.275000
v -1.662560 3.643180 2.365000
v -1.660053 3.682787 2.275000
v -1.660053 3.682787 2.365000
v -1.652706 3.720314 2.275000
v -1.652706 3.720314 2.365000
v -1.640781 3.755500 2.275000
v -1.640781 3.755500 2.365000
v -1.624543 3.788087 2.275000
v -1.624543 3.788087 2.365000
v -1.604252 3.817813 2.275000
v -1.604252 3.817813 2.365000
v -1.580173 3.844420 2.275000
v -1.580173 3.844420 2.365000
v -1.552567 3.867647 2.275000
v -1.552567 3.867647 2.365000
v -1.521698 3.887233 2.275000
v -1.521698 3.887233 2.365000
v -1.487828 3.902920 2.275000
v -1.487828 3.902920 2.365000
v -1.451220 3.914447 2.275000
v -1.451220 3.914447 2.365000
v -1.412137 3.921553 2.275000
v -1.412137 3.921553 2.365000
v -1.370840 3.923980 2.275000
v -1.370840 3.923980 2.365000
v -1.357165 3.923702 2.275000
v -1.357165 3.923702 2.365000
v -1.343400 3.922857 2.275000
v -1.343400 3.922857 2.365000
v -1.329488 3.921433 2.275000
v -1.329488 3.921433 2.365000
v -1.315374 3.919416 2.275000
v -1.315374 3.919416 2.365000
v -1.300999 3.916792 2.275000
v -1.300999 3.916792 2.365000
v -1.286308 3.913548 2.275000
v -1.286308 3.913548 2.365000
v -1.271243 3.909670 2.275000
v -1.271243 3.909670 2.365000
v -1.255747 3.905145 2.275000
v -1.255747 3.905145 2.365000
v -1.239764 3.899959 2.275000
v -1.239764 3.899959 2.365000
v -1.223236 3.894098 2.275000
v -1.223236 3.894098 2.365000
v -1.206107 3.887550 2.275000
v -1.206107 3.887550 2.365000
v -1.188320 3.880300 2.275000
v -1.188320 3.880300 2.365000
v -1.188320 3.798400 2.275000
v -1.188320 3.798400 2.365000
v -0.705500 3.385000 2.275000
v -0.705500 3.385000 2.365000
v -0.776480 3.541780 2.275000
v -0.776480 3.541780 2.365000
v -1.002680 3.541780 2.275000
v -1.002680 3.541780 2.365000
v -1.069760 3.385000 2.275000
v -1.069760 3.385000 2.365000
v -1.147760 3.385000 2.275000
v -1.147760 3.385000 2.365000
v -0.919220 3.920080 2.275000
v -0.919220 3.920080 2.365000
v -0.865400 3.920080 2.275000
v -0.865400 3.920080 2.365000
v -0.627500 3.385000 2.275000
v -0.627500 3.385000 2.365000
v -0.807680 3.610420 2.275000
v -0.807680 3.610420 2.365000
v -0.893480 3.803080 2.275000
v -0.893480 3.803080 2.365000
v -0.973040 3.610420 2.275000
v -0.973040 3.610420 2.365000
v -0.491780 3.848320 2.275000
v -0.491780 3.848320 2.365000
v -0.491780 3.700900 2.275000
v -0.491780 3.700900 2.365000
v -0.284300 3.700900 2.275000
v -0.284300 3.700900 2.365000
v -0.284300 3.632260 2.275000
v -0.284300 3.632260 2.365000
v -0.491780 3.632260 2.275000
v -0.491780 3.632260 2.365000
v -0.491780 3.385000 2.275000
v -0.491780 3.385000 2.365000
v -0.568220 3.385000 2.275000
v -0.568220 3.385000 2.365000
v -0.568220 3.916960 2.275000
v -0.568220 3.916960 2.365000
v -0.284300 3.916960 2.275000
v -0.284300 3.916960 2.365000
v -0.284300 3.848320 2.275000
v -0.284300 3.848320 2.365000
v -0.126740 3.848320 2.275000
v -0.126740 3.848320 2.365000
v -0.126740 3.687640 2.275000
v -0.126740 3.687640 2.365000
v 0.090879 3.687640 2.275000
v 0.090879 3.687640 2.365000
v 0.090879 3.619000 2.275000
v 0.090879 3.619000 2.365000
v -0.126740 3.619000 2.275000
v -0.126740 3.619000 2.365000
v -0.126740 3.453640 2.275000
v -0.126740 3.453640 2.365000
v 0.105700 3.453640 2.275000
v 0.105700 3.453640 2.365000
v 0.105700 3.385000 2.275000
v 0.105700 3.385000 2.365000
v -0.203180 3.385000 2.275000
v -0.203180 3.385000 2.365000
v -0.203180 3.916960 2.275000
v -0.203180 3.916960 2.365000
v 0.098680 3.916960 2.275000
v 0.098680 3.916960 2.365000
v 0.098680 3.848320 2.275000
v 0.098680 3.848320 2.365000
v 2.150000 3.585000 2.110000
v 2.150000 3.925000 2.110000
v 2.249498 3.585000 2.129791
v 2.249498 3.925000 2.129791
v 2.333847 3.585000 2.186152
v 2.333847 3.925000 2.186152
v 2.390208 3.585000 2.270503
v 2.390208 3.925000 2.270503
v 2.410000 3.585000 2.370000
v 2.410000 3.925000 2.370000
v 2.390208 3.585000 2.469498
v 2.390208 3.925000 2.469498
v 2.333847 3.585000 2.553848
v 2.333847 3.925000 2.553848
v 2.249498 3.585000 2.610209
v 2.249498 3.925000 2.610209
v 2.150000 3.585000 2.630000
v 2.150000 3.925000 2.630000
v 2.050502 3.585000 2.610209
v 2.050502 3.925000 2.610209
v 1.966152 3.585000 2.553848
v 1.966152 3.925000 2.553848
v 1.909791 3.585000 2.469498
v 1.909791 3.925000 2.469498
v 1.890000 3.585000 2.370000
v 1.890000 3.925000 2.370000
v 1.909791 3.585000 2.270503
v 1.909791 3.925000 2.270503
v 1.966152 3.585000 2.186152
v 1.966152 3.925000 2.186152
v 2.050502 3.585000 2.129791
v 2.050502 3.925000 2.129791
v 2.655000 3.755000 2.370000
v 2.641819 3.755000 2.401820
v 2.610000 3.755000 2.415000
v 2.578180 3.755000 2.401820
v 2.565000 3.755000 2.370000
v 2.578180 3.755000 2.338180
v 2.610000 3.755000 2.325000
v 2.641819 3.755000 2.338180
v 2.643240 3.821694 2.370000
v 2.630854 3.817186 2.401820
v 2.600954 3.806303 2.415000
v 2.571053 3.795420 2.401820
v 2.558667 3.790912 2.370000
v 2.571053 3.795420 2.338180
v 2.600954 3.806303 2.325000
v 2.630854 3.817186 2.338180
v 2.609378 3.880343 2.370000
v 2.599282 3.871871 2.401820
v 2.574906 3.851418 2.415000
v 2.550531 3.830965 2.401820
v 2.540434 3.822493 2.370000
v 2.550531 3.830965 2.338180
v 2.574906 3.851418 2.325000
v 2.599282 3.871871 2.338180
v 2.557500 3.923875 2.370000
v 2.550910 3.912460 2.401820
v 2.535000 3.884904 2.415000
v 2.519090 3.857347 2.401820
v 2.512500 3.845932 2.370000
v 2.519090 3.857347 2.338180
v 2.535000 3.884904 2.325000
v 2.550910 3.912460 2.338180
v 2.493861 3.947037 2.370000
v 2.491573 3.934057 2.401820
v 2.486047 3.902721 2.415000
v 2.480521 3.871385 2.401820
v 2.478233 3.858405 2.370000
v 2.480521 3.871385 2.338180
v 2.486047 3.902721 2.325000
v 2.491573 3.934057 2.338180
v 2.426138 3.947037 2.370000
v 2.428427 3.934057 2.401820
v 2.433953 3.902721 2.415000
v 2.439478 3.871385 2.401820
v 2.441767 3.858405 2.370000
v 2.439478 3.871385 2.338180
v 2.433953 3.902721 2.325000
v 2.428427 3.934057 2.338180
v 2.362499 3.923875 2.370000
v 2.369090 3.912460 2.401820
v 2.385000 3.884904 2.415000
v 2.400910 3.857347 2.401820
v 2.407500 3.845932 2.370000
v 2.400910 3.857347 2.338180
v 2.385000 3.884904 2.325000
v 2.369090 3.912460 2.338180
v 2.310621 3.880343 2.370000
v 2.320718 3.871871 2.401820
v 2.345093 3.851418 2.415000
v 2.369468 3.830965 2.401820
v 2.379565 3.822493 2.370000
v 2.369468 3.830965 2.338180
v 2.345093 3.851418 2.325000
v 2.320718 3.871871 2.338180
v 2.276760 3.821694 2.370000
v 2.289145 3.817186 2.401820
v 2.319046 3.806303 2.415000
v 2.348947 3.795420 2.401820
v 2.361332 3.790912 2.370000
v 2.348947 3.795420 2.338180
v 2.319046 3.806303 2.325000
v 2.289145 3.817186 2.338180
v 2.265000 3.755000 2.370000
v 2.278180 3.755000 2.401820
v 2.310000 3.755000 2.415000
v 2.341820 3.755000 2.401820
v 2.355000 3.755000 2.370000
v 2.341820 3.755000 2.338180
v 2.310000 3.755000 2.325000
v 2.278180 3.755000 2.338180
v 2.276759 3.688306 2.370000
v 2.289145 3.692814 2.401820
v 2.319046 3.703697 2.415000
v 2.348947 3.714580 2.401820
v 2.361332 3.719088 2.370000
v 2.348947 3.714580 2.338180
v 2.319046 3.703697 2.325000
v 2.289145 3.692814 2.338180
v 2.310621 3.629656 2.370000
v 2.320718 3.638128 2.401820
v 2.345093 3.658582 2.415000
v 2.369468 3.679035 2.401820
v 2.379565 3.687507 2.370000
v 2.369468 3.679035 2.338180
v 2.345093 3.658582 2.325000
v 2.320718 3.638128 2.338180
v 2.362499 3.586125 2.370000
v 2.369090 3.597539 2.401820
v 2.385000 3.625096 2.415000
v 2.400910 3.652653 2.401820
v 2.407500 3.664067 2.370000
v 2.400910 3.652653 2.338180
v 2.385000 3.625096 2.325000
v 2.369090 3.597539 2.338180
v 2.426138 3.562962 2.370000
v 2.428427 3.575942 2.401820
v 2.433953 3.607279 2.415000
v 2.439478 3.638615 2.401820
v 2.441767 3.651595 2.370000
v 2.439478 3.638615 2.338180
v 2.433953 3.607279 2.325000
v 2.428427 3.575942 2.338180
v 2.493861 3.562962 2.370000
v 2.491573 3.575942 2.401820
v 2.486047 3.607279 2.415000
v 2.480521 3.638615 2.401820
v 2.478233 3.651595 2.370000
v 2.480521 3.638615 2.338180
v 2.486047 3.607279 2.325000
v 2.491573 3.575942 2.338180
v 2.557500 3.586125 2.370000
v 2.550910 3.597539 2.401820
v 2.535000 3.625096 2.415000
v 2.519090 3.652653 2.401820
v 2.512500 3.664067 2.370000
v 2.519090 3.652653 2.338180
v 2.535000 3.625096 2.325000
v 2.550910 3.597539 2.338180
v 2.609378 3.629656 2.370000
v 2.599282 3.638128 2.401820
v 2.574906 3.658582 2.415000
v 2.550531 3.679035 2.401820
v 2.540434 3.687507 2.370000
v 2.550531 3.679035 2.338180
v 2.574906 3.658582 2.325000
v 2.599282 3.638128 2.338180
v 2.643240 3.688306 2.370000
v 2.630854 3.692814 2.401820
v 2.600954 3.703697 2.415000
v 2.571053 3.714580 2.401820
v 2.558667 3.719088 2.370000
v 2.571053 3.714580 2.338180
v 2.600954 3.703697 2.325000
v 2.630854 3.692814 2.338180
v 2.150000 3.530000 2.010000
v 2.150000 3.580000 2.010000
v 2.287766 3.530000 2.037404
v 2.287766 3.580000 2.037404
v 2.404558 3.530000 2.115442
v 2.404558 3.580000 2.115442
v 2.482597 3.530000 2.232234
v 2.482597 3.580000 2.232234
v 2.510000 3.530000 2.370000
v 2.510000 3.580000 2.370000
v 2.482597 3.530000 2.507766
v 2.482597 3.580000 2.507766
v 2.404558 3.530000 2.624558
v 2.404558 3.580000 2.624558
v 2.287766 3.530000 2.702597
v 2.287766 3.580000 2.702597
v 2.150000 3.530000 2.730000
v 2.150000 3.580000 2.730000
v 2.012233 3.530000 2.702597
v 2.012233 3.580000 2.702597
v 1.895442 3.530000 2.624558
v 1.895442 3.580000 2.624558
v 1.817403 3.530000 2.507766
v 1.817403 3.580000 2.507766
v 1.790000 3.530000 2.370000
v 1.790000 3.580000 2.370000
v 1.817403 3.530000 2.232234
v 1.817403 3.580000 2.232234
v 1.895442 3.530000 2.115442
v 1.895442 3.580000 2.115442
v 2.012233 3.530000 2.037404
v 2.012233 3.580000 2.037404
v 3.700000 1.775000 1.570000
v 3.700000 3.035000 1.570000
v 3.700000 1.775000 -0.030000
v 3.700000 3.035000 -0.030000
v 3.800000 1.775000 1.570000
v 3.800000 3.035000 1.570000
v 3.800000 1.775000 -0.030000
v 3.800000 3.035000 -0.030000
v 3.790000 1.855000 1.490000
v 3.790000 2.955000 1.490000
v 3.790000 1.855000 0.050000
v 3.790000 2.955000 0.050000
v 3.850000 1.855000 1.490000
v 3.850000 2.955000 1.490000
v 3.850000 1.855000 0.050000
v 3.850000 2.955000 0.050000
v -3.800000 1.775000 1.570000
v -3.800000 3.035000 1.570000
v -3.800000 1.775000 -0.030000
v -3.800000 3.035000 -0.030000
v -3.700000 1.775000 1.570000
v -3.700000 3.035000 1.570000
v -3.700000 1.775000 -0.030000
v -3.700000 3.035000 -0.030000
v -3.850000 1.855000 1.490000
v -3.850000 2.955000 1.490000
v -3.850000 1.855000 0.050000
v -3.850000 2.955000 0.050000
v -3.790000 1.855000 1.490000
v -3.790000 2.955000 1.490000
v -3.790000 1.855000 0.050000
v -3.790000 2.955000 0.050000
v 3.700000 1.775000 -1.230000
v 3.700000 3.035000 -1.230000
v 3.700000 1.775000 -2.830000
v 3.700000 3.035000 -2.830000
v 3.800000 1.775000 -1.230000
v 3.800000 3.035000 -1.230000
v 3.800000 1.775000 -2.830000
v 3.800000 3.035000 -2.830000
v 3.790000 1.855000 -1.310000
v 3.790000 2.955000 -1.310000
v 3.790000 1.855000 -2.750000
v 3.790000 2.955000 -2.750000
v 3.850000 1.855000 -1.310000
v 3.850000 2.955000 -1.310000
v 3.850000 1.855000 -2.750000
v 3.850000 2.955000 -2.750000
v -3.800000 1.775000 -1.230000
v -3.800000 3.035000 -1.230000
v -3.800000 1.775000 -2.830000
v -3.800000 3.035000 -2.830000
v -3.700000 1.775000 -1.230000
v -3.700000 3.035000 -1.230000
v -3.700000 1.775000 -2.830000
v -3.700000 3.035000 -2.830000
v -3.850000 1.855000 -1.310000
v -3.850000 2.955000 -1.310000
v -3.850000 1.855000 -2.750000
v -3.850000 2.955000 -2.750000
v -3.790000 1.855000 -1.310000
v -3.790000 2.955000 -1.310000
v -3.790000 1.855000 -2.750000
v -3.790000 2.955000 -2.750000
v -2.300000 0.055000 -3.430000
v -2.300000 2.155000 -3.430000
v -2.300000 0.055000 -3.510000
v -2.300000 2.155000 -3.510000
v -1.300000 0.055000 -3.430000
v -1.300000 2.155000 -3.430000
v -1.300000 0.055000 -3.510000
v -1.300000 2.155000 -3.510000
v 0.950000 2.055000 -3.430000
v 0.950000 2.955000 -3.430000
v 0.950000 2.055000 -3.530000
v 0.950000 2.955000 -3.530000
v 2.250000 2.055000 -3.430000
v 2.250000 2.955000 -3.430000
v 2.250000 2.055000 -3.530000
v 2.250000 2.955000 -3.530000
v 1.020000 2.125000 -3.520000
v 1.020000 2.885000 -3.520000
v 1.020000 2.125000 -3.580000
v 1.020000 2.885000 -3.580000
v 2.180000 2.125000 -3.520000
v 2.180000 2.885000 -3.520000
v 2.180000 2.125000 -3.580000
v 2.180000 2.885000 -3.580000
v -1.450000 4.230000 -1.480000
v -1.450000 4.780000 -1.480000
v -1.450000 4.230000 -2.180000
v -1.450000 4.780000 -2.180000
v -1.390000 4.230000 -1.480000
v -1.390000 4.780000 -1.480000
v -1.390000 4.230000 -2.180000
v -1.390000 4.780000 -2.180000
v 2.400000 4.055000 -2.590000
v 2.400000 5.555000 -2.590000
v 2.480000 4.055000 -2.568564
v 2.480000 5.555000 -2.568564
v 2.538564 4.055000 -2.510000
v 2.538564 5.555000 -2.510000
v 2.560000 4.055000 -2.430000
v 2.560000 5.555000 -2.430000
v 2.538564 4.055000 -2.350000
v 2.538564 5.555000 -2.350000
v 2.480000 4.055000 -2.291436
v 2.480000 5.555000 -2.291436
v 2.400000 4.055000 -2.270000
v 2.400000 5.555000 -2.270000
v 2.320000 4.055000 -2.291436
v 2.320000 5.555000 -2.291436
v 2.261436 4.055000 -2.350000
v 2.261436 5.555000 -2.350000
v 2.240000 4.055000 -2.430000
v 2.240000 5.555000 -2.430000
v 2.261436 4.055000 -2.510000
v 2.261436 5.555000 -2.510000
v 2.320000 4.055000 -2.568564
v 2.320000 5.555000 -2.568564
v 2.400000 5.525000 -2.690000
v 2.400000 5.645000 -2.690000
v 2.529999 5.525000 -2.655166
v 2.529999 5.645000 -2.655166
v 2.625167 5.525000 -2.560000
v 2.625167 5.645000 -2.560000
v 2.660000 5.525000 -2.430000
v 2.660000 5.645000 -2.430000
v 2.625167 5.525000 -2.300000
v 2.625167 5.645000 -2.300000
v 2.529999 5.525000 -2.204833
v 2.529999 5.645000 -2.204833
v 2.400000 5.525000 -2.170000
v 2.400000 5.645000 -2.170000
v 2.270000 5.525000 -2.204833
v 2.270000 5.645000 -2.204833
v 2.174833 5.525000 -2.300000
v 2.174833 5.645000 -2.300000
v 2.140000 5.525000 -2.430000
v 2.140000 5.645000 -2.430000
v 2.174833 5.525000 -2.560000
v 2.174833 5.645000 -2.560000
v 2.270000 5.525000 -2.655166
v 2.270000 5.645000 -2.655166
v -3.600000 0.010000 3.320001
v -3.600000 0.560000 3.320001
v -3.600000 0.010000 2.520000
v -3.600000 0.560000 2.520000
v -2.800000 0.010000 3.320001
v -2.800000 0.560000 3.320001
v -2.800000 0.010000 2.520000
v -2.800000 0.560000 2.520000
v -3.360000 0.460413 2.984174
v -3.360000 1.031046 2.798764
v -3.334019 0.465048 2.998440
v -3.334019 1.035681 2.813029
v -3.334019 0.474318 3.026971
v -3.334019 1.044952 2.841561
v -3.360000 0.478953 3.041237
v -3.360000 1.049587 2.855827
v -3.385981 0.474318 3.026971
v -3.385981 1.044952 2.841561
v -3.385981 0.465048 2.998440
v -3.385981 1.035681 2.813029
v -3.262374 0.461555 2.890000
v -3.137627 1.048444 2.890000
v -3.236961 0.456154 2.905000
v -3.112214 1.043042 2.905000
v -3.236961 0.456154 2.935000
v -3.112214 1.043042 2.935000
v -3.262374 0.461555 2.950000
v -3.137627 1.048444 2.950000
v -3.287787 0.466957 2.935000
v -3.163040 1.053846 2.935000
v -3.287787 0.466957 2.905000
v -3.163040 1.053846 2.905000
v -3.152278 0.502819 2.798764
v -2.920181 1.024119 2.984174
v -3.130429 0.488017 2.813029
v -2.898331 1.009317 2.998440
v -3.134200 0.479548 2.841561
v -2.902102 1.000848 3.026971
v -3.159820 0.485881 2.855827
v -2.927722 1.007181 3.041237
v -3.181669 0.500682 2.841561
v -2.949571 1.021983 3.026971
v -3.177898 0.509152 2.813029
v -2.945801 1.030452 2.998440
v 2.800000 0.010000 3.320001
v 2.800000 0.560000 3.320001
v 2.800000 0.010000 2.520000
v 2.800000 0.560000 2.520000
v 3.600000 0.010000 3.320001
v 3.600000 0.560000 3.320001
v 3.600000 0.010000 2.520000
v 3.600000 0.560000 2.520000
v 3.040000 0.460413 2.984174
v 3.040000 1.031046 2.798764
v 3.065981 0.465048 2.998440
v 3.065981 1.035681 2.813029
v 3.065981 0.474318 3.026971
v 3.065981 1.044952 2.841561
v 3.040000 0.478953 3.041237
v 3.040000 1.049587 2.855827
v 3.014019 0.474318 3.026971
v 3.014019 1.044952 2.841561
v 3.014019 0.465048 2.998440
v 3.014019 1.035681 2.813029
v 3.137626 0.461555 2.890000
v 3.262374 1.048444 2.890000
v 3.163040 0.456154 2.905000
v 3.287787 1.043042 2.905000
v 3.163040 0.456154 2.935000
v 3.287787 1.043042 2.935000
v 3.137626 0.461555 2.950000
v 3.262374 1.048444 2.950000
v 3.112213 0.466957 2.935000
v 3.236960 1.053846 2.935000
v 3.112213 0.466957 2.905000
v 3.236960 1.053846 2.905000
v 3.247721 0.502819 2.798764
v 3.479819 1.024119 2.984174
v 3.269571 0.488017 2.813029
v 3.501668 1.009317 2.998440
v 3.265800 0.479548 2.841561
v 3.497897 1.000848 3.026971
v 3.240180 0.485881 2.855827
v 3.472278 1.007181 3.041237
v 3.218331 0.500682 2.841561
v 3.450428 1.021983 3.026971
v 3.222101 0.509152 2.813029
v 3.454199 1.030452 2.998440
v -3.100000 0.372290 2.310530
v -3.100000 0.237710 2.310530
v -3.100000 0.032547 2.537769
v -3.008885 0.577453 2.562183
v -2.935816 0.493543 2.435624
v -2.895265 0.372290 2.365389
v -2.895265 0.237710 2.365389
v -2.935816 0.116457 2.435624
v -3.008885 0.032547 2.562183
v -2.942183 0.577453 2.628884
v -2.815624 0.493543 2.555816
v -2.745389 0.372290 2.515265
v -2.745389 0.237710 2.515265
v -2.815624 0.116457 2.555816
v -2.942183 0.032547 2.628884
v -2.917769 0.577453 2.720000
v -2.771631 0.493543 2.720000
v -2.690531 0.372290 2.720000
v -2.690531 0.237710 2.720000
v -2.771631 0.116457 2.720000
v -2.917769 0.032547 2.720000
v -2.942183 0.577453 2.811116
v -2.815624 0.493543 2.884185
v -2.745389 0.372290 2.924735
v -2.745389 0.237710 2.924735
v -2.815624 0.116457 2.884185
v -2.942183 0.032547 2.811116
v -3.008885 0.577453 2.877817
v -2.935816 0.493543 3.004376
v -2.895265 0.372290 3.074611
v -2.895265 0.237710 3.074611
v -2.935816 0.116457 3.004376
v -3.008885 0.032547 2.877817
v -3.100000 0.577453 2.902231
v -3.100000 0.493543 3.048369
v -3.100000 0.372290 3.129470
v -3.100000 0.237710 3.129470
v -3.100000 0.116457 3.048369
v -3.100000 0.032547 2.902231
v -3.191116 0.577453 2.877817
v -3.264185 0.493543 3.004376
v -3.304735 0.372290 3.074611
v -3.304735 0.237710 3.074611
v -3.264185 0.116457 3.004376
v -3.191116 0.032547 2.877817
v -3.100000 0.002600 2.720000
v -3.257817 0.577453 2.811116
v -3.384376 0.493543 2.884185
v -3.454611 0.372290 2.924735
v -3.454611 0.237710 2.924735
v -3.384376 0.116457 2.884185
v -3.257817 0.032547 2.811116
v -3.100000 0.607400 2.720000
v -3.282232 0.577453 2.720000
v -3.428369 0.493543 2.720000
v -3.509470 0.372290 2.720000
v -3.509470 0.237710 2.720000
v -3.428369 0.116457 2.720000
v -3.282232 0.032547 2.720000
v -3.257817 0.577453 2.628884
v -3.384376 0.493543 2.555816
v -3.454611 0.372290 2.515265
v -3.454611 0.237710 2.515265
v -3.384376 0.116457 2.555816
v -3.257817 0.032547 2.628884
v -3.191116 0.577453 2.562183
v -3.264185 0.493543 2.435624
v -3.304735 0.372290 2.365389
v -3.304735 0.237710 2.365389
v -3.264185 0.116457 2.435624
v -3.191116 0.032547 2.562183
v -3.100000 0.577453 2.537769
v -3.100000 0.493543 2.391631
v -3.100000 0.116457 2.391631
v -2.500000 0.297960 2.588525
v -2.500000 0.192040 2.588525
v -2.426240 0.459430 2.792244
v -2.367089 0.393391 2.689791
v -2.334263 0.297960 2.632934
v -2.334263 0.192040 2.632934
v -2.367089 0.096609 2.689791
v -2.426240 0.030570 2.792244
v -2.500000 0.007000 2.920000
v -2.372244 0.459430 2.846240
v -2.269791 0.393391 2.787089
v -2.212934 0.297960 2.754262
v -2.212934 0.192040 2.754262
v -2.269791 0.096609 2.787089
v -2.372244 0.030570 2.846240
v -2.352480 0.459430 2.920000
v -2.234178 0.393391 2.920000
v -2.168525 0.297960 2.920000
v -2.168525 0.192040 2.920000
v -2.234178 0.096609 2.920000
v -2.352480 0.030570 2.920000
v -2.372244 0.459430 2.993761
v -2.269791 0.393391 3.052912
v -2.212934 0.297960 3.085738
v -2.212934 0.192040 3.085738
v -2.269791 0.096609 3.052912
v -2.372244 0.030570 2.993761
v -2.426240 0.459430 3.047757
v -2.367089 0.393391 3.150209
v -2.334263 0.297960 3.207067
v -2.334263 0.192040 3.207067
v -2.367089 0.096609 3.150209
v -2.426240 0.030570 3.047757
v -2.500000 0.459430 3.067521
v -2.500000 0.393391 3.185823
v -2.500000 0.297960 3.251476
v -2.500000 0.192040 3.251476
v -2.500000 0.096609 3.185823
v -2.500000 0.030570 3.067521
v -2.573761 0.459430 3.047757
v -2.632911 0.393391 3.150209
v -2.665738 0.297960 3.207067
v -2.665738 0.192040 3.207067
v -2.632911 0.096609 3.150209
v -2.573761 0.030570 3.047757
v -2.627757 0.459430 2.993761
v -2.730209 0.393391 3.052912
v -2.787066 0.297960 3.085738
v -2.787066 0.192040 3.085738
v -2.730209 0.096609 3.052912
v -2.627757 0.030570 2.993761
v -2.500000 0.483000 2.920000
v -2.647521 0.459430 2.920000
v -2.765823 0.393391 2.920000
v -2.831476 0.297960 2.920000
v -2.831476 0.192040 2.920000
v -2.765823 0.096609 2.920000
v -2.647521 0.030570 2.920000
v -2.627757 0.459430 2.846240
v -2.730209 0.393391 2.787089
v -2.787066 0.297960 2.754262
v -2.787066 0.192040 2.754262
v -2.730209 0.096609 2.787089
v -2.627757 0.030570 2.846240
v -2.573761 0.459430 2.792244
v -2.632911 0.393391 2.689791
v -2.665738 0.297960 2.632934
v -2.665738 0.192040 2.632934
v -2.632911 0.096609 2.689791
v -2.573761 0.030570 2.792244
v -2.500000 0.459430 2.772480
v -2.500000 0.393391 2.654178
v -2.500000 0.096609 2.654178
v -2.500000 0.030570 2.772480
v 0.270000 0.105000 3.370000
v 0.529999 0.105000 3.370000
v 0.270000 0.046221 3.389098
v 0.529999 0.046221 3.389098
v 0.270000 0.009894 3.439099
v 0.529999 0.009894 3.439099
v 0.270000 0.009894 3.500902
v 0.529999 0.009894 3.500902
v 0.270000 0.046221 3.550903
v 0.529999 0.046221 3.550903
v 0.270000 0.105000 3.570000
v 0.529999 0.105000 3.570000
v 0.270000 0.163778 3.550903
v 0.529999 0.163778 3.550903
v 0.270000 0.200106 3.500902
v 0.529999 0.200106 3.500902
v 0.270000 0.200106 3.439099
v 0.529999 0.200106 3.439099
v 0.270000 0.163778 3.389098
v 0.529999 0.163778 3.389098
v -3.500000 2.255000 2.700000
v -3.500000 2.855000 2.700000
v -3.500000 2.255000 2.200000
v -3.500000 2.855000 2.200000
v -2.600000 2.255000 2.700000
v -2.600000 2.855000 2.700000
v -2.600000 2.255000 2.200000
v -2.600000 2.855000 2.200000
v -3.400000 2.355000 2.755000
v -3.400000 2.755000 2.755000
v -3.400000 2.355000 2.705000
v -3.400000 2.755000 2.705000
v -2.700000 2.355000 2.755000
v -2.700000 2.755000 2.755000
v -2.700000 2.355000 2.705000
v -2.700000 2.755000 2.705000
vn -1.0000 -0.0000 -0.0000
vn -0.0000 -0.0000 -1.0000
vn 1.0000 -0.0000 -0.0000
vn -0.0000 -0.0000 1.0000
vn -0.0000 -1.0000 -0.0000
vn -0.0000 1.0000 -0.0000
vn -0.0000 -0.6437 -0.7653
vn -0.0000 0.6437 -0.7653
vn 0.4498 0.6437 -0.6191
vn 0.4498 -0.6437 -0.6191
vn 0.7278 0.6437 -0.2365
vn 0.7278 -0.6437 -0.2365
vn 0.7278 0.6437 0.2365
vn 0.7278 -0.6437 0.2365
vn 0.4498 0.6437 0.6191
vn 0.4498 -0.6437 0.6191
vn -0.0000 0.6437 0.7653
vn -0.0000 -0.6437 0.7653
vn -0.4498 0.6437 0.6191
vn -0.4498 -0.6437 0.6191
vn -0.7278 0.6437 0.2365
vn -0.7278 -0.6437 0.2365
vn -0.7278 0.6437 -0.2365
vn -0.7278 -0.6437 -0.2365
vn -0.4498 0.6437 -0.6191
vn -0.4498 -0.6437 -0.6191
vn -0.0000 0.4067 -0.9135
vn -0.0000 -0.4067 0.9135
vn -0.0000 -0.9135 -0.4067
vn -0.0000 0.9135 0.4067
vn -0.9945 -0.0000 0.1045
vn -0.0288 0.9613 -0.2741
vn 0.9945 -0.0000 -0.1045
vn 0.0288 -0.9613 0.2741
vn -0.1005 -0.2756 -0.9560
vn 0.1005 0.2756 0.9560
vn -0.0000 0.0002 1.0000
vn -0.0000 0.0001 1.0000
vn -0.0000 -0.0001 1.0000
vn -0.0000 -0.0002 1.0000
vn -0.0000 0.0001 -1.0000
vn -0.0000 -0.0001 -1.0000
vn -0.0000 0.0002 -1.0000
vn -0.0000 0.0003 -1.0000
vn -0.4763 -0.8793 -0.0000
vn -0.4457 -0.8952 -0.0000
vn -0.4117 -0.9113 -0.0000
vn -0.3742 -0.9273 -0.0000
vn -0.3334 -0.9428 -0.0000
vn -0.2897 -0.9571 -0.0000
vn -0.2434 -0.9699 -0.0000
vn -0.1952 -0.9808 -0.0000
vn -0.1460 -0.9893 -0.0000
vn -0.0965 -0.9953 -0.0000
vn -0.0476 -0.9989 -0.0000
vn 0.0180 -0.9998 -0.0000
vn 0.1203 -0.9927 -0.0000
vn 0.2418 -0.9703 -0.0000
vn 0.3623 -0.9320 -0.0000
vn 0.4793 -0.8776 -0.0000
vn 0.5902 -0.8073 -0.0000
vn 0.6922 -0.7217 -0.0000
vn 0.7829 -0.6221 -0.0000
vn 0.8599 -0.5105 -0.0000
vn 0.9212 -0.3892 -0.0000
vn 0.9652 -0.2614 -0.0000
vn 0.9915 -0.1305 -0.0000
vn 1.0000 -0.0015 -0.0000
vn 0.9921 0.1257 -0.0000
vn 0.9670 0.2546 -0.0000
vn 0.9234 0.3838 -0.0000
vn 0.8609 0.5087 -0.0000
vn 0.7808 0.6248 -0.0000
vn 0.6854 0.7282 -0.0000
vn 0.5784 0.8158 -0.0000
vn 0.4637 0.8860 -0.0000
vn 0.3454 0.9385 -0.0000
vn 0.2270 0.9739 -0.0000
vn 0.1113 0.9938 -0.0000
vn 0.0128 0.9999 -0.0000
vn -0.0569 0.9984 -0.0000
vn -0.1116 0.9938 -0.0000
vn -0.1639 0.9865 -0.0000
vn -0.2138 0.9769 -0.0000
vn -0.2616 0.9652 -0.0000
vn -0.3072 0.9516 -0.0000
vn -0.3509 0.9364 -0.0000
vn -0.3927 0.9196 -0.0000
vn -0.4329 0.9014 -0.0000
vn -0.4716 0.8818 -0.0000
vn -0.5088 0.8609 -0.0000
vn 0.4864 0.8738 -0.0000
vn 0.8517 -0.5240 -0.0000
vn 0.4374 -0.8993 -0.0000
vn 0.4081 -0.9129 -0.0000
vn 0.3749 -0.9271 -0.0000
vn 0.3381 -0.9411 -0.0000
vn 0.2984 -0.9544 -0.0000
vn 0.2565 -0.9666 -0.0000
vn 0.2131 -0.9770 -0.0000
vn 0.1690 -0.9856 -0.0000
vn 0.1251 -0.9921 -0.0000
vn 0.0819 -0.9966 -0.0000
vn 0.0401 -0.9992 -0.0000
vn -0.0226 -0.9997 -0.0000
vn -0.1330 -0.9911 -0.0000
vn -0.2704 -0.9628 -0.0000
vn -0.4061 -0.9138 -0.0000
vn -0.5336 -0.8457 -0.0000
vn -0.6474 -0.7621 -0.0000
vn -0.7446 -0.6675 -0.0000
vn -0.8244 -0.5661 -0.0000
vn -0.8876 -0.4607 -0.0000
vn -0.9358 -0.3524 -0.0000
vn -0.9705 -0.2409 -0.0000
vn -0.9923 -0.1241 -0.0000
vn -1.0000 -0.0004 -0.0000
vn -0.9918 0.1279 -0.0000
vn -0.9664 0.2571 -0.0000
vn -0.9232 0.3844 -0.0000
vn -0.8625 0.5061 -0.0000
vn -0.7855 0.6188 -0.0000
vn -0.6942 0.7198 -0.0000
vn -0.5911 0.8066 -0.0000
vn -0.4790 0.8778 -0.0000
vn -0.3610 0.9325 -0.0000
vn -0.2401 0.9708 -0.0000
vn -0.1190 0.9929 -0.0000
vn -0.0192 0.9998 -0.0000
vn 0.0408 0.9992 -0.0000
vn 0.0816 0.9967 -0.0000
vn 0.1217 0.9926 -0.0000
vn 0.1606 0.9870 -0.0000
vn 0.1976 0.9803 -0.0000
vn 0.2325 0.9726 -0.0000
vn 0.2648 0.9643 -0.0000
vn 0.2945 0.9556 -0.0000
vn 0.3214 0.9469 -0.0000
vn 0.3457 0.9384 -0.0000
vn 0.3673 0.9301 -0.0000
vn 0.8299 0.5579 -0.0000
vn 0.5047 -0.8633 -0.0000
vn -0.5420 -0.8404 -0.0000
vn 0.5507 -0.8347 -0.0000
vn -0.8345 -0.5510 -0.0000
vn -0.5510 0.8345 -0.0000
vn 0.5449 0.8385 -0.0000
vn 0.8385 -0.5449 -0.0000
vn -0.8387 0.5446 -0.0000
vn 0.0137 -0.9999 -0.0000
vn 0.8312 0.5560 -0.0000
vn 0.7071 -0.7071 -0.0000
vn 0.7071 0.7071 -0.0000
vn -0.7071 -0.7071 -0.0000
vn -0.7071 0.7071 -0.0000
vn -0.0000 -0.6657 -0.7462
vn -0.0000 0.6657 -0.7462
vn 0.2856 0.6657 -0.6894
vn 0.2856 -0.6657 -0.6894
vn 0.5276 0.6657 -0.5276
vn 0.5276 -0.6657 -0.5276
vn 0.6894 0.6657 -0.2856
vn 0.6894 -0.6657 -0.2856
vn 0.7462 0.6657 -0.0000
vn 0.7462 -0.6657 -0.0000
vn 0.6894 0.6657 0.2856
vn 0.6894 -0.6657 0.2856
vn 0.5276 0.6657 0.5276
vn 0.5276 -0.6657 0.5276
vn 0.2856 0.6657 0.6894
vn 0.2856 -0.6657 0.6894
vn -0.0000 0.6657 0.7462
vn -0.0000 -0.6657 0.7462
vn -0.2856 0.6657 0.6894
vn -0.2856 -0.6657 0.6894
vn -0.5276 0.6657 0.5276
vn -0.5276 -0.6657 0.5276
vn -0.6894 0.6657 0.2856
vn -0.6894 -0.6657 0.2856
vn -0.7462 0.6657 -0.0000
vn -0.7462 -0.6657 -0.0000
vn -0.6894 0.6657 -0.2856
vn -0.6894 -0.6657 -0.2856
vn -0.5276 0.6657 -0.5276
vn -0.5276 -0.6657 -0.5276
vn -0.2856 0.6657 -0.6894
vn -0.2856 -0.6657 -0.6894
vn 0.9397 0.3420 -0.0000
vn 0.6833 0.2487 0.6865
vn 0.7271 -0.0000 0.6865
vn 0.0399 0.0145 0.9991
vn 0.0424 -0.0000 0.9991
vn -0.6433 -0.2341 0.7289
vn -0.6846 -0.0000 0.7289
vn -0.9397 -0.3420 -0.0000
vn -0.6433 -0.2341 -0.7289
vn -0.6846 -0.0000 -0.7289
vn 0.0399 0.0145 -0.9991
vn 0.0424 -0.0000 -0.9991
vn 0.6833 0.2487 -0.6865
vn 0.7271 -0.0000 -0.6865
vn 0.7660 0.6428 -0.0000
vn 0.5570 0.4674 0.6865
vn 0.0325 0.0273 0.9991
vn -0.5244 -0.4400 0.7289
vn -0.7660 -0.6428 -0.0000
vn -0.5244 -0.4400 -0.7289
vn 0.0325 0.0273 -0.9991
vn 0.5570 0.4674 -0.6865
vn 0.5000 0.8660 -0.0000
vn 0.3636 0.6297 0.6865
vn 0.0212 0.0368 0.9991
vn -0.3423 -0.5929 0.7289
vn -0.5000 -0.8660 -0.0000
vn -0.3423 -0.5929 -0.7289
vn 0.0212 0.0368 -0.9991
vn 0.3636 0.6297 -0.6865
vn 0.1736 0.9848 -0.0000
vn 0.1263 0.7161 0.6865
vn 0.0074 0.0418 0.9991
vn -0.1189 -0.6742 0.7289
vn -0.1736 -0.9848 -0.0000
vn -0.1189 -0.6742 -0.7289
vn 0.0074 0.0418 -0.9991
vn 0.1263 0.7161 -0.6865
vn -0.1736 0.9848 -0.0000
vn -0.1263 0.7161 0.6865
vn -0.0074 0.0418 0.9991
vn 0.1189 -0.6742 0.7289
vn 0.1736 -0.9848 -0.0000
vn 0.1189 -0.6742 -0.7289
vn -0.0074 0.0418 -0.9991
vn -0.1263 0.7161 -0.6865
vn -0.5000 0.8660 -0.0000
vn -0.3636 0.6297 0.6865
vn -0.0212 0.0368 0.9991
vn 0.3423 -0.5929 0.7289
vn 0.5000 -0.8660 -0.0000
vn 0.3423 -0.5929 -0.7289
vn -0.0212 0.0368 -0.9991
vn -0.3636 0.6297 -0.6865
vn -0.7660 0.6428 -0.0000
vn -0.5570 0.4674 0.6865
vn -0.0325 0.0273 0.9991
vn 0.5244 -0.4401 0.7289
vn 0.7660 -0.6428 -0.0000
vn 0.5244 -0.4400 -0.7289
vn -0.0325 0.0273 -0.9991
vn -0.5570 0.4674 -0.6865
vn -0.9397 0.3420 -0.0000
vn -0.6833 0.2487 0.6865
vn -0.0399 0.0145 0.9991
vn 0.6433 -0.2341 0.7289
vn 0.9397 -0.3420 -0.0000
vn 0.6433 -0.2341 -0.7289
vn -0.0399 0.0145 -0.9991
vn -0.6833 0.2487 -0.6865
vn -0.7271 -0.0000 0.6865
vn -0.0424 -0.0000 0.9991
vn 0.6846 -0.0000 0.7289
vn 0.6846 -0.0000 -0.7289
vn -0.0424 -0.0000 -0.9991
vn -0.7271 -0.0000 -0.6865
vn -0.6833 -0.2487 0.6865
vn -0.0399 -0.0145 0.9991
vn 0.6433 0.2341 0.7289
vn 0.6433 0.2341 -0.7289
vn -0.0399 -0.0145 -0.9991
vn -0.6833 -0.2487 -0.6865
vn -0.5570 -0.4674 0.6865
vn -0.0325 -0.0273 0.9991
vn 0.5244 0.4401 0.7289
vn 0.5244 0.4401 -0.7289
vn -0.0325 -0.0273 -0.9991
vn -0.5570 -0.4674 -0.6865
vn -0.3636 -0.6297 0.6865
vn -0.0212 -0.0368 0.9991
vn 0.3423 0.5929 0.7289
vn 0.3423 0.5929 -0.7289
vn -0.0212 -0.0368 -0.9991
vn -0.3636 -0.6297 -0.6865
vn -0.1263 -0.7161 0.6865
vn -0.0074 -0.0418 0.9991
vn 0.1189 0.6742 0.7289
vn 0.1737 0.9848 -0.0000
vn 0.1189 0.6742 -0.7289
vn -0.0074 -0.0418 -0.9991
vn -0.1263 -0.7161 -0.6865
vn 0.1263 -0.7161 0.6865
vn 0.0074 -0.0418 0.9991
vn -0.1189 0.6742 0.7289
vn -0.1189 0.6742 -0.7289
vn 0.0074 -0.0418 -0.9991
vn 0.1263 -0.7161 -0.6865
vn 0.3636 -0.6297 0.6865
vn 0.0212 -0.0368 0.9991
vn -0.3423 0.5929 0.7289
vn -0.3423 0.5929 -0.7289
vn 0.0212 -0.0368 -0.9991
vn 0.3636 -0.6297 -0.6865
vn 0.5570 -0.4674 0.6865
vn 0.0325 -0.0273 0.9991
vn -0.5244 0.4401 0.7289
vn -0.5244 0.4400 -0.7289
vn 0.0325 -0.0273 -0.9991
vn 0.5570 -0.4674 -0.6865
vn 0.6833 -0.2487 0.6865
vn 0.0399 -0.0145 0.9991
vn -0.6433 0.2341 0.7289
vn -0.6433 0.2341 -0.7289
vn 0.0399 -0.0145 -0.9991
vn 0.6833 -0.2487 -0.6865
vn -0.0000 -0.6532 -0.7572
vn -0.0000 0.6532 -0.7572
vn 0.3786 0.6532 -0.6557
vn 0.3786 -0.6532 -0.6557
vn 0.6557 0.6532 -0.3786
vn 0.6557 -0.6532 -0.3786
vn 0.7572 0.6532 -0.0000
vn 0.7572 -0.6532 -0.0000
vn 0.6557 0.6532 0.3786
vn 0.6557 -0.6532 0.3786
vn 0.3786 0.6532 0.6557
vn 0.3786 -0.6532 0.6557
vn -0.0000 0.6532 0.7572
vn -0.0000 -0.6532 0.7572
vn -0.3786 0.6532 0.6557
vn -0.3786 -0.6532 0.6557
vn -0.6557 0.6532 0.3786
vn -0.6557 -0.6532 0.3786
vn -0.7572 0.6532 -0.0000
vn -0.7572 -0.6532 -0.0000
vn -0.6557 0.6532 -0.3786
vn -0.6557 -0.6532 -0.3786
vn -0.3786 0.6532 -0.6557
vn -0.3786 -0.6532 -0.6557
vn -0.0000 -0.8250 -0.5651
vn -0.0000 0.3353 -0.9421
vn 0.6862 0.4577 -0.5653
vn 0.6862 -0.7026 -0.1883
vn 0.6862 0.7026 0.1883
vn 0.6862 -0.4577 0.5653
vn -0.0000 0.8250 0.5651
vn -0.0000 -0.3353 0.9421
vn -0.6862 0.7026 0.1883
vn -0.6862 -0.4577 0.5653
vn -0.6862 0.4577 -0.5653
vn -0.6862 -0.7026 -0.1883
vn -0.1268 -0.5967 -0.7924
vn 0.1268 0.5967 -0.7924
vn 0.7981 0.4540 -0.3962
vn 0.5444 -0.7393 -0.3962
vn 0.7981 0.4540 0.3962
vn 0.5444 -0.7393 0.3962
vn 0.1268 0.5967 0.7924
vn -0.1268 -0.5967 0.7924
vn -0.5444 0.7393 0.3962
vn -0.7981 -0.4540 0.3962
vn -0.5444 0.7393 -0.3962
vn -0.7981 -0.4540 -0.3962
vn -0.1364 -0.3063 -0.9421
vn 0.3356 0.7537 -0.5651
vn 0.9127 0.3627 -0.1883
vn 0.4407 -0.6973 -0.5653
vn 0.8131 0.1390 0.5653
vn 0.3411 -0.9210 0.1883
vn 0.1364 0.3063 0.9421
vn -0.3356 -0.7537 0.5651
vn -0.4407 0.6973 0.5653
vn -0.9127 -0.3627 0.1883
vn -0.3411 0.9210 -0.1883
vn -0.8131 -0.1390 -0.5653
vn 0.3412 -0.9210 0.1883
vn -0.0000 0.2780 -0.9606
vn -0.0000 0.7124 -0.7017
vn 0.3509 0.7124 -0.6077
vn 0.4803 0.2780 -0.8319
vn -0.0000 0.9325 -0.3612
vn 0.1806 0.9325 -0.3128
vn -0.0000 -0.9325 -0.3612
vn -0.0000 -0.7124 -0.7017
vn 0.3509 -0.7124 -0.6077
vn 0.1806 -0.9325 -0.3128
vn -0.0000 -0.2780 -0.9606
vn 0.4803 -0.2780 -0.8319
vn 0.3128 -0.9325 -0.1806
vn 0.8319 -0.2780 -0.4803
vn 0.6077 -0.7124 -0.3509
vn 0.6077 0.7124 -0.3509
vn 0.8319 0.2780 -0.4803
vn 0.3128 0.9325 -0.1806
vn 0.7017 0.7124 -0.0000
vn 0.9606 0.2780 -0.0000
vn 0.3612 0.9325 -0.0000
vn 0.7017 -0.7124 -0.0000
vn 0.3612 -0.9325 -0.0000
vn 0.9606 -0.2780 -0.0000
vn 0.6077 -0.7124 0.3509
vn 0.3128 -0.9325 0.1806
vn 0.8319 0.2780 0.4803
vn 0.8319 -0.2780 0.4803
vn 0.3128 0.9325 0.1806
vn 0.6077 0.7124 0.3509
vn 0.3509 -0.7124 0.6077
vn 0.1806 -0.9325 0.3128
vn 0.4803 0.2780 0.8319
vn 0.4803 -0.2780 0.8319
vn 0.1806 0.9325 0.3128
vn 0.3509 0.7124 0.6077
vn -0.0000 0.9325 0.3612
vn -0.0000 0.7124 0.7017
vn -0.0000 -0.9325 0.3612
vn -0.0000 -0.2780 0.9606
vn -0.0000 -0.7124 0.7017
vn -0.0000 0.2780 0.9606
vn -0.1806 -0.9325 0.3128
vn -0.4803 -0.2780 0.8319
vn -0.3509 -0.7124 0.6077
vn -0.3509 0.7124 0.6077
vn -0.4803 0.2780 0.8319
vn -0.1806 0.9325 0.3128
vn -0.8319 -0.2780 0.4803
vn -0.6077 -0.7124 0.3509
vn -0.6077 0.7124 0.3509
vn -0.8319 0.2780 0.4803
vn -0.3128 0.9325 0.1806
vn -0.3128 -0.9325 0.1806
vn -0.3612 0.9325 -0.0000
vn -0.7017 -0.7124 -0.0000
vn -0.3612 -0.9325 -0.0000
vn -0.9606 0.2780 -0.0000
vn -0.9606 -0.2780 -0.0000
vn -0.7017 0.7124 -0.0000
vn -0.6077 -0.7124 -0.3509
vn -0.3128 -0.9325 -0.1806
vn -0.8319 0.2780 -0.4803
vn -0.8319 -0.2780 -0.4803
vn -0.3128 0.9325 -0.1806
vn -0.6077 0.7124 -0.3509
vn -0.4803 0.2780 -0.8319
vn -0.4803 -0.2780 -0.8319
vn -0.1806 0.9325 -0.3128
vn -0.3509 0.7124 -0.6077
vn -0.1806 -0.9325 -0.3128
vn -0.3509 -0.7124 -0.6077
vn -0.0000 0.7210 -0.6929
vn -0.0000 0.9356 -0.3530
vn 0.1765 0.9356 -0.3057
vn 0.3465 0.7210 -0.6001
vn -0.0000 -0.9356 -0.3530
vn 0.1765 -0.9356 -0.3057
vn -0.0000 -0.7210 -0.6929
vn -0.0000 -0.2838 -0.9589
vn 0.4794 -0.2838 -0.8304
vn 0.3465 -0.7210 -0.6001
vn -0.0000 0.2838 -0.9589
vn 0.4794 0.2838 -0.8304
vn 0.6001 -0.7210 -0.3465
vn 0.3057 -0.9356 -0.1765
vn 0.8304 0.2838 -0.4794
vn 0.8304 -0.2838 -0.4794
vn 0.3057 0.9356 -0.1765
vn 0.6001 0.7210 -0.3465
vn 0.3530 0.9356 -0.0000
vn 0.6929 0.7210 -0.0000
vn 0.3530 -0.9356 -0.0000
vn 0.9589 -0.2838 -0.0000
vn 0.6929 -0.7210 -0.0000
vn 0.9589 0.2838 -0.0000
vn 0.3057 -0.9356 0.1765
vn 0.8304 -0.2838 0.4794
vn 0.6001 -0.7210 0.3465
vn 0.6001 0.7210 0.3465
vn 0.8304 0.2838 0.4794
vn 0.3057 0.9356 0.1765
vn 0.4794 -0.2838 0.8304
vn 0.3465 -0.7210 0.6001
vn 0.3465 0.7210 0.6001
vn 0.4794 0.2838 0.8304
vn 0.1765 0.9356 0.3057
vn 0.1765 -0.9356 0.3057
vn -0.0000 0.9356 0.3530
vn -0.0000 -0.7210 0.6929
vn -0.0000 -0.9356 0.3530
vn -0.0000 0.2838 0.9589
vn -0.0000 -0.2838 0.9589
vn -0.0000 0.7210 0.6929
vn -0.3465 -0.7210 0.6001
vn -0.1765 -0.9356 0.3057
vn -0.4794 0.2838 0.8304
vn -0.4794 -0.2838 0.8304
vn -0.1765 0.9356 0.3057
vn -0.3465 0.7210 0.6001
vn -0.8304 0.2838 0.4794
vn -0.8304 -0.2838 0.4794
vn -0.3057 0.9356 0.1765
vn -0.6001 0.7210 0.3465
vn -0.3057 -0.9356 0.1765
vn -0.6001 -0.7210 0.3465
vn -0.3530 -0.9356 -0.0000
vn -0.9589 -0.2838 -0.0000
vn -0.6929 -0.7210 -0.0000
vn -0.6929 0.7210 -0.0000
vn -0.9589 0.2838 -0.0000
vn -0.3530 0.9356 -0.0000
vn -0.3057 -0.9356 -0.1765
vn -0.8304 -0.2838 -0.4794
vn -0.6001 -0.7210 -0.3465
vn -0.6001 0.7210 -0.3465
vn -0.8304 0.2838 -0.4794
vn -0.3057 0.9356 -0.1765
vn -0.3465 0.7210 -0.6001
vn -0.4794 0.2838 -0.8304
vn -0.1765 0.9356 -0.3057
vn -0.3465 -0.7210 -0.6001
vn -0.1765 -0.9356 -0.3057
vn -0.4794 -0.2838 -0.8304
vn -0.6437 -0.0000 -0.7653
vn 0.6437 -0.0000 -0.7653
vn 0.6437 -0.4498 -0.6191
vn -0.6437 -0.4498 -0.6191
vn 0.6437 -0.7278 -0.2365
vn -0.6437 -0.7278 -0.2365
vn 0.6437 -0.7278 0.2365
vn -0.6437 -0.7278 0.2365
vn 0.6437 -0.4498 0.6191
vn -0.6437 -0.4498 0.6191
vn 0.6437 -0.0000 0.7653
vn -0.6437 -0.0000 0.7653
vn 0.6437 0.4498 0.6191
vn -0.6437 0.4498 0.6191
vn 0.6437 0.7278 0.2365
vn -0.6437 0.7278 0.2365
vn 0.6437 0.7278 -0.2365
vn -0.6437 0.7278 -0.2365
vn 0.6437 0.4498 -0.6191
vn -0.6437 0.4498 -0.6191
vt 0.500169 0.919637
vt 0.472905 0.919608
vt 0.472905 0.887242
vt 0.500169 0.887271
vt 0.030378 0.932258
vt 0.003115 0.932250
vt 0.003115 0.885008
vt 0.030378 0.885016
vt 0.405557 0.887288
vt 0.432819 0.887242
vt 0.432819 0.919654
vt 0.405557 0.919700
vt 0.846686 0.798623
vt 0.873949 0.798615
vt 0.873949 0.845857
vt 0.846686 0.845865
vt 0.078410 0.769997
vt 0.078410 0.817255
vt 0.045696 0.817252
vt 0.045696 0.769995
vt 0.088265 0.920591
vt 0.088265 0.873332
vt 0.120980 0.873332
vt 0.120980 0.920590
vt 0.736086 0.766055
vt 0.590679 0.765903
vt 0.590679 0.564514
vt 0.736086 0.564666
vt 0.799692 0.272070
vt 0.654289 0.272027
vt 0.654289 0.003115
vt 0.799692 0.003158
vt 0.439049 0.564759
vt 0.584449 0.564514
vt 0.584449 0.766188
vt 0.439049 0.766432
vt 0.648837 0.289306
vt 0.794240 0.289263
vt 0.794239 0.558176
vt 0.648837 0.558218
vt 0.642607 0.289280
vt 0.642607 0.558284
vt 0.439049 0.558268
vt 0.439049 0.289263
vt 0.444501 0.272127
vt 0.444501 0.003118
vt 0.648059 0.003115
vt 0.648059 0.272125
vt 0.400052 0.782159
vt 0.387329 0.782145
vt 0.387329 0.569968
vt 0.400052 0.569981
vt 0.818644 0.282933
vt 0.805921 0.282929
vt 0.805921 0.003115
vt 0.818644 0.003119
vt 0.368377 0.569989
vt 0.381099 0.569968
vt 0.381099 0.782445
vt 0.368377 0.782467
vt 0.800470 0.289267
vt 0.813192 0.289263
vt 0.813192 0.569077
vt 0.800470 0.569081
vt 0.217578 0.003132
vt 0.217578 0.283042
vt 0.003115 0.283025
vt 0.003115 0.003115
vt 0.223808 0.283033
vt 0.223808 0.003118
vt 0.438271 0.003115
vt 0.438271 0.283030
vt 0.921921 0.496052
vt 0.916831 0.496047
vt 0.916831 0.289263
vt 0.921921 0.289269
vt 0.861325 0.277480
vt 0.856236 0.277478
vt 0.856236 0.003115
vt 0.861325 0.003116
vt 0.192327 0.687427
vt 0.197416 0.687418
vt 0.197416 0.894494
vt 0.192327 0.894502
vt 0.853692 0.289265
vt 0.858781 0.289263
vt 0.858781 0.563627
vt 0.853692 0.563628
vt 0.432819 0.289280
vt 0.432819 0.563738
vt 0.223808 0.563721
vt 0.223808 0.289263
vt 0.003115 0.563738
vt 0.003115 0.289275
vt 0.212126 0.289272
vt 0.212126 0.563735
vt 0.520552 0.984899
vt 0.520552 0.973993
vt 0.528464 0.973985
vt 0.528464 0.984890
vt 0.847462 0.569081
vt 0.836557 0.569077
vt 0.836557 0.289263
vt 0.847462 0.289267
vt 0.670387 0.983924
vt 0.670387 0.973019
vt 0.678310 0.973032
vt 0.678310 0.983937
vt 0.824874 0.003118
vt 0.835779 0.003115
vt 0.835779 0.282929
vt 0.824874 0.282932
vt 0.428506 0.569968
vt 0.428506 0.849878
vt 0.420509 0.849878
vt 0.420509 0.569968
vt 0.786243 0.844364
vt 0.786243 0.564448
vt 0.794239 0.564448
vt 0.794239 0.844364
vt 0.534694 0.984899
vt 0.534694 0.973993
vt 0.542606 0.973985
vt 0.542606 0.984890
vt 0.362147 0.849785
vt 0.351241 0.849782
vt 0.351241 0.569968
vt 0.362147 0.569971
vt 0.506399 0.984890
vt 0.506399 0.973985
vt 0.514322 0.973998
vt 0.514322 0.984903
vt 0.819422 0.289267
vt 0.830327 0.289263
vt 0.830327 0.569077
vt 0.819422 0.569081
vt 0.850006 0.003116
vt 0.850006 0.283026
vt 0.842009 0.283025
vt 0.842009 0.003115
vt 0.406282 0.849883
vt 0.406282 0.569968
vt 0.414279 0.569968
vt 0.414279 0.849883
vt 0.845645 0.787500
vt 0.834739 0.787489
vt 0.834739 0.575311
vt 0.845645 0.575323
vt 0.670387 0.966789
vt 0.670387 0.955884
vt 0.678381 0.955882
vt 0.678381 0.966787
vt 0.817604 0.575329
vt 0.828509 0.575311
vt 0.828509 0.787789
vt 0.817604 0.787807
vt 0.335627 0.753280
vt 0.335627 0.742375
vt 0.343622 0.742377
vt 0.343622 0.753282
vt 0.869010 0.575312
vt 0.877008 0.575311
vt 0.877008 0.789774
vt 0.869010 0.789775
vt 0.865011 0.289263
vt 0.873009 0.289263
vt 0.873009 0.503726
vt 0.865011 0.503726
vt 0.862780 0.787500
vt 0.851875 0.787489
vt 0.851875 0.575311
vt 0.862780 0.575323
vt 0.616902 0.983333
vt 0.616902 0.972428
vt 0.624897 0.972426
vt 0.624897 0.983331
vt 0.800470 0.575329
vt 0.811374 0.575311
vt 0.811374 0.787789
vt 0.800470 0.787807
vt 0.654476 0.983195
vt 0.654476 0.972290
vt 0.662471 0.972292
vt 0.662471 0.983197
vt 0.879239 0.289264
vt 0.887236 0.289263
vt 0.887236 0.503727
vt 0.879239 0.503727
vt 0.867555 0.003115
vt 0.875553 0.003115
vt 0.875553 0.217578
vt 0.867555 0.217578
vt 0.390586 0.989655
vt 0.386951 0.989654
vt 0.386941 0.986690
vt 0.390576 0.986691
vt 0.214877 0.982547
vt 0.218512 0.982541
vt 0.218535 0.985314
vt 0.214900 0.985320
vt 0.218535 0.988430
vt 0.214900 0.988436
vt 0.218512 0.990699
vt 0.214877 0.990705
vt 0.991540 0.266166
vt 0.995175 0.266165
vt 0.995186 0.269181
vt 0.991551 0.269182
vt 0.995175 0.272146
vt 0.991540 0.272147
vt 0.993539 0.466228
vt 0.989904 0.466224
vt 0.989917 0.463436
vt 0.993553 0.463440
vt 0.989917 0.460325
vt 0.993553 0.460328
vt 0.538220 0.961094
vt 0.540069 0.958549
vt 0.543060 0.957577
vt 0.546051 0.958548
vt 0.547900 0.961093
vt 0.547900 0.964238
vt 0.546051 0.966783
vt 0.543060 0.967755
vt 0.540069 0.966783
vt 0.538220 0.964239
vt 0.989904 0.458077
vt 0.993539 0.458081
vt 0.390576 0.992672
vt 0.386941 0.992670
vt 0.480737 0.971328
vt 0.482586 0.973873
vt 0.482586 0.977018
vt 0.480737 0.979562
vt 0.477746 0.980534
vt 0.474754 0.979562
vt 0.472905 0.977018
vt 0.472905 0.973873
vt 0.474754 0.971328
vt 0.477746 0.970356
vt 0.718363 0.989877
vt 0.714728 0.989876
vt 0.714717 0.986912
vt 0.718352 0.986913
vt 0.003115 0.981081
vt 0.006750 0.981075
vt 0.006773 0.983848
vt 0.003138 0.983854
vt 0.006773 0.986964
vt 0.003138 0.986970
vt 0.006750 0.989233
vt 0.003115 0.989239
vt 0.991880 0.301476
vt 0.995515 0.301475
vt 0.995526 0.304492
vt 0.991891 0.304493
vt 0.995515 0.307456
vt 0.991880 0.307457
vt 0.091900 0.993860
vt 0.088265 0.993856
vt 0.088278 0.991069
vt 0.091913 0.991072
vt 0.088278 0.987957
vt 0.091913 0.987961
vt 0.293057 0.960777
vt 0.293057 0.957632
vt 0.294906 0.955087
vt 0.297897 0.954115
vt 0.300889 0.955087
vt 0.302737 0.957631
vt 0.302737 0.960777
vt 0.300889 0.963322
vt 0.297897 0.964294
vt 0.294906 0.963322
vt 0.088265 0.985710
vt 0.091900 0.985714
vt 0.718352 0.992894
vt 0.714717 0.992893
vt 0.913192 0.967645
vt 0.915041 0.970189
vt 0.915041 0.973334
vt 0.913192 0.975879
vt 0.910201 0.976851
vt 0.907209 0.975879
vt 0.905361 0.973334
vt 0.905361 0.970189
vt 0.907209 0.967645
vt 0.910201 0.966673
vt 0.296703 0.989897
vt 0.293068 0.989896
vt 0.293057 0.986931
vt 0.296692 0.986932
vt 0.860021 0.982702
vt 0.863656 0.982696
vt 0.863679 0.985469
vt 0.860044 0.985475
vt 0.863679 0.988585
vt 0.860044 0.988591
vt 0.863656 0.990853
vt 0.860021 0.990860
vt 0.991880 0.313688
vt 0.995515 0.313687
vt 0.995526 0.316704
vt 0.991891 0.316705
vt 0.995515 0.319668
vt 0.991880 0.319669
vt 0.993592 0.349446
vt 0.989956 0.349442
vt 0.989970 0.346655
vt 0.993605 0.346659
vt 0.989970 0.343543
vt 0.993605 0.343547
vt 0.511239 0.957577
vt 0.514231 0.958549
vt 0.516079 0.961094
vt 0.516079 0.964239
vt 0.514231 0.966783
vt 0.511239 0.967755
vt 0.508248 0.966783
vt 0.506399 0.964238
vt 0.506399 0.961093
vt 0.508248 0.958548
vt 0.989956 0.341296
vt 0.993592 0.341300
vt 0.296692 0.992913
vt 0.293057 0.992912
vt 0.972003 0.789453
vt 0.974994 0.788481
vt 0.977985 0.789453
vt 0.979834 0.791997
vt 0.979834 0.795143
vt 0.977986 0.797687
vt 0.974994 0.798660
vt 0.972003 0.797688
vt 0.970154 0.795143
vt 0.970154 0.791998
vt 0.994756 0.555268
vt 0.991121 0.555267
vt 0.991110 0.552303
vt 0.994745 0.552304
vt 0.180699 0.980386
vt 0.184334 0.980380
vt 0.184357 0.983153
vt 0.180722 0.983159
vt 0.184357 0.986269
vt 0.180722 0.986275
vt 0.184334 0.988538
vt 0.180699 0.988544
vt 0.992387 0.502433
vt 0.996022 0.502431
vt 0.996032 0.505448
vt 0.992397 0.505449
vt 0.996022 0.508412
vt 0.992387 0.508413
vt 0.148310 0.992712
vt 0.144675 0.992709
vt 0.144688 0.989921
vt 0.148323 0.989925
vt 0.144688 0.986809
vt 0.148323 0.986813
vt 0.241443 0.954557
vt 0.244435 0.953585
vt 0.247426 0.954557
vt 0.249275 0.957102
vt 0.249275 0.960247
vt 0.247426 0.962791
vt 0.244435 0.963763
vt 0.241443 0.962791
vt 0.239594 0.960247
vt 0.239594 0.957101
vt 0.144675 0.984562
vt 0.148310 0.984566
vt 0.994745 0.558284
vt 0.991110 0.558283
vt 0.941849 0.970951
vt 0.943697 0.973495
vt 0.943697 0.976640
vt 0.941849 0.979185
vt 0.938857 0.980157
vt 0.935866 0.979185
vt 0.934017 0.976640
vt 0.934017 0.973495
vt 0.935866 0.970951
vt 0.938857 0.969979
vt 0.040253 0.991356
vt 0.036618 0.991355
vt 0.036608 0.988391
vt 0.040243 0.988392
vt 0.576312 0.983528
vt 0.579947 0.983522
vt 0.579969 0.986295
vt 0.576334 0.986301
vt 0.579969 0.989411
vt 0.576334 0.989417
vt 0.579947 0.991679
vt 0.576312 0.991686
vt 0.850145 0.989962
vt 0.853780 0.989961
vt 0.853791 0.992977
vt 0.850156 0.992978
vt 0.853780 0.995941
vt 0.850145 0.995943
vt 0.101779 0.993860
vt 0.098143 0.993856
vt 0.098157 0.991069
vt 0.101792 0.991072
vt 0.098157 0.987957
vt 0.101792 0.987961
vt 0.747156 0.961458
vt 0.750147 0.962430
vt 0.751996 0.964975
vt 0.751996 0.968120
vt 0.750147 0.970665
vt 0.747156 0.971636
vt 0.744164 0.970664
vt 0.742316 0.968119
vt 0.742316 0.964974
vt 0.744164 0.962430
vt 0.098143 0.985710
vt 0.101779 0.985714
vt 0.040243 0.994373
vt 0.036608 0.994372
vt 0.388789 0.971253
vt 0.391781 0.970281
vt 0.394772 0.971253
vt 0.396621 0.973797
vt 0.396621 0.976943
vt 0.394772 0.979488
vt 0.391781 0.980460
vt 0.388790 0.979488
vt 0.386941 0.976944
vt 0.386941 0.973798
vt 0.594324 0.991551
vt 0.590689 0.991550
vt 0.590679 0.988586
vt 0.594314 0.988587
vt 0.607014 0.981347
vt 0.610649 0.981341
vt 0.610672 0.984114
vt 0.607037 0.984120
vt 0.610672 0.987230
vt 0.607037 0.987236
vt 0.610649 0.989499
vt 0.607014 0.989505
vt 0.405557 0.986710
vt 0.409192 0.986708
vt 0.409202 0.989725
vt 0.405567 0.989726
vt 0.409192 0.992689
vt 0.405557 0.992690
vt 0.259140 0.993412
vt 0.255505 0.993408
vt 0.255518 0.990620
vt 0.259153 0.990624
vt 0.255518 0.987509
vt 0.259153 0.987513
vt 0.656325 0.956854
vt 0.659316 0.955882
vt 0.662308 0.956854
vt 0.664157 0.959398
vt 0.664157 0.962543
vt 0.662308 0.965088
vt 0.659316 0.966060
vt 0.656325 0.965088
vt 0.654476 0.962543
vt 0.654476 0.959398
vt 0.255505 0.985262
vt 0.259140 0.985265
vt 0.594314 0.994568
vt 0.590679 0.994567
vt 0.024059 0.970717
vt 0.022211 0.973262
vt 0.019219 0.974233
vt 0.016228 0.973261
vt 0.014380 0.970717
vt 0.014380 0.967571
vt 0.016228 0.965027
vt 0.019219 0.964055
vt 0.022211 0.965027
vt 0.024059 0.967571
vt 0.058378 0.991604
vt 0.054743 0.991603
vt 0.054732 0.988639
vt 0.058367 0.988640
vt 0.837294 0.982972
vt 0.840929 0.982966
vt 0.840951 0.985739
vt 0.837317 0.985745
vt 0.840951 0.988855
vt 0.837317 0.988861
vt 0.840929 0.991124
vt 0.837294 0.991130
vt 0.991880 0.325900
vt 0.995515 0.325899
vt 0.995526 0.328915
vt 0.991891 0.328916
vt 0.995515 0.331880
vt 0.991880 0.331881
vt 0.993592 0.363826
vt 0.989956 0.363823
vt 0.989970 0.361035
vt 0.993605 0.361039
vt 0.989970 0.357923
vt 0.993605 0.357927
vt 0.731246 0.961458
vt 0.734237 0.962430
vt 0.736086 0.964975
vt 0.736086 0.968120
vt 0.734237 0.970665
vt 0.731246 0.971636
vt 0.728254 0.970664
vt 0.726406 0.968119
vt 0.726406 0.964974
vt 0.728254 0.962430
vt 0.989956 0.355676
vt 0.993592 0.355680
vt 0.058367 0.994620
vt 0.054732 0.994619
vt 0.407405 0.971272
vt 0.410397 0.970300
vt 0.413388 0.971272
vt 0.415236 0.973816
vt 0.415236 0.976961
vt 0.413388 0.979506
vt 0.410397 0.980478
vt 0.407405 0.979507
vt 0.405557 0.976962
vt 0.405557 0.973817
vt 0.130855 0.989725
vt 0.127220 0.989724
vt 0.127210 0.986760
vt 0.130845 0.986761
vt 0.014380 0.980469
vt 0.018015 0.980463
vt 0.018037 0.983236
vt 0.014402 0.983242
vt 0.018037 0.986352
vt 0.014402 0.986358
vt 0.018015 0.988621
vt 0.014380 0.988627
vt 0.991110 0.527880
vt 0.994745 0.527879
vt 0.994756 0.530895
vt 0.991121 0.530896
vt 0.994745 0.533860
vt 0.991110 0.533861
vt 0.992767 0.145062
vt 0.989132 0.145058
vt 0.989145 0.142270
vt 0.992781 0.142274
vt 0.989145 0.139159
vt 0.992781 0.139163
vt 0.618751 0.956990
vt 0.621743 0.956018
vt 0.624734 0.956990
vt 0.626583 0.959534
vt 0.626583 0.962679
vt 0.624734 0.965224
vt 0.621743 0.966196
vt 0.618751 0.965224
vt 0.616902 0.962679
vt 0.616902 0.959534
vt 0.989132 0.136912
vt 0.992767 0.136915
vt 0.130845 0.992741
vt 0.127210 0.992740
vt 0.247426 0.970965
vt 0.249275 0.973509
vt 0.249275 0.976655
vt 0.247426 0.979199
vt 0.244435 0.980171
vt 0.241443 0.979199
vt 0.239594 0.976654
vt 0.239594 0.973509
vt 0.241443 0.970965
vt 0.244435 0.969993
vt 0.476551 0.989730
vt 0.472916 0.989728
vt 0.472905 0.986764
vt 0.476541 0.986765
vt 0.971567 0.982914
vt 0.975202 0.982908
vt 0.975225 0.985681
vt 0.971590 0.985687
vt 0.975225 0.988797
vt 0.971590 0.988803
vt 0.975202 0.991066
vt 0.971567 0.991072
vt 0.626778 0.989564
vt 0.630413 0.989563
vt 0.630423 0.992580
vt 0.626788 0.992581
vt 0.630413 0.995544
vt 0.626778 0.995545
vt 0.562481 0.993872
vt 0.558846 0.993868
vt 0.558859 0.991081
vt 0.562495 0.991085
vt 0.558859 0.987969
vt 0.562495 0.987973
vt 0.527150 0.957577
vt 0.530141 0.958549
vt 0.531990 0.961094
vt 0.531990 0.964239
vt 0.530141 0.966783
vt 0.527150 0.967755
vt 0.524158 0.966783
vt 0.522309 0.964238
vt 0.522309 0.961093
vt 0.524158 0.958548
vt 0.558846 0.985722
vt 0.562481 0.985726
vt 0.476541 0.992746
vt 0.472905 0.992745
vt 0.560695 0.970286
vt 0.563686 0.969313
vt 0.566677 0.970285
vt 0.568526 0.972830
vt 0.568526 0.975975
vt 0.566677 0.978520
vt 0.563686 0.979492
vt 0.560695 0.978520
vt 0.558846 0.975976
vt 0.558846 0.972830
vt 0.994756 0.543056
vt 0.991121 0.543055
vt 0.991110 0.540091
vt 0.994745 0.540092
vt 0.024267 0.980469
vt 0.027902 0.980463
vt 0.027925 0.983236
vt 0.024290 0.983242
vt 0.027925 0.986352
vt 0.024290 0.986358
vt 0.027902 0.988621
vt 0.024267 0.988627
vt 0.922397 0.989728
vt 0.926032 0.989727
vt 0.926042 0.992744
vt 0.922408 0.992745
vt 0.926032 0.995708
vt 0.922397 0.995709
vt 0.993500 0.939025
vt 0.989865 0.939021
vt 0.989878 0.936234
vt 0.993513 0.936238
vt 0.989878 0.933122
vt 0.993513 0.933126
vt 0.157908 0.959574
vt 0.160899 0.958602
vt 0.163891 0.959574
vt 0.165739 0.962119
vt 0.165739 0.965264
vt 0.163891 0.967808
vt 0.160899 0.968780
vt 0.157908 0.967808
vt 0.156059 0.965264
vt 0.156059 0.962119
vt 0.989865 0.930875
vt 0.993500 0.930879
vt 0.994745 0.546073
vt 0.991110 0.546071
vt 0.446881 0.963322
vt 0.448730 0.965866
vt 0.448730 0.969012
vt 0.446881 0.971556
vt 0.443889 0.972528
vt 0.440898 0.971556
vt 0.439049 0.969011
vt 0.439049 0.965866
vt 0.440898 0.963322
vt 0.443889 0.962350
vt 0.195972 0.992482
vt 0.192337 0.992481
vt 0.192327 0.989517
vt 0.195962 0.989518
vt 0.817518 0.982972
vt 0.821153 0.982966
vt 0.821176 0.985739
vt 0.817541 0.985745
vt 0.821176 0.988855
vt 0.817541 0.988861
vt 0.821153 0.991124
vt 0.817518 0.991130
vt 0.616902 0.989564
vt 0.620537 0.989563
vt 0.620548 0.992580
vt 0.616913 0.992581
vt 0.620537 0.995544
vt 0.616902 0.995545
vt 0.993500 0.967785
vt 0.989865 0.967782
vt 0.989878 0.964994
vt 0.993513 0.964998
vt 0.989878 0.961882
vt 0.993513 0.961886
vt 0.694745 0.965489
vt 0.696594 0.962945
vt 0.699585 0.961972
vt 0.702577 0.962944
vt 0.704426 0.965488
vt 0.704426 0.968634
vt 0.702577 0.971178
vt 0.699585 0.972151
vt 0.696594 0.971179
vt 0.694745 0.968634
vt 0.989865 0.959635
vt 0.993500 0.959639
vt 0.195962 0.995499
vt 0.192327 0.995498
vt 0.300889 0.971496
vt 0.302738 0.974040
vt 0.302738 0.977185
vt 0.300889 0.979730
vt 0.297898 0.980701
vt 0.294906 0.979729
vt 0.293057 0.977185
vt 0.293057 0.974040
vt 0.294906 0.971495
vt 0.297898 0.970524
vt 0.995526 0.292229
vt 0.991891 0.292228
vt 0.991880 0.289263
vt 0.995515 0.289264
vt 0.684857 0.981613
vt 0.688492 0.981607
vt 0.688515 0.984380
vt 0.684880 0.984386
vt 0.688515 0.987496
vt 0.684880 0.987502
vt 0.688492 0.989765
vt 0.684857 0.989771
vt 0.361117 0.990029
vt 0.364752 0.990028
vt 0.364763 0.993045
vt 0.361128 0.993046
vt 0.364752 0.996009
vt 0.361117 0.996010
vt 0.993500 0.953405
vt 0.989865 0.953402
vt 0.989878 0.950614
vt 0.993513 0.950618
vt 0.989878 0.947502
vt 0.993513 0.947506
vt 0.590679 0.959287
vt 0.592528 0.956742
vt 0.595519 0.955770
vt 0.598510 0.956742
vt 0.600359 0.959286
vt 0.600359 0.962431
vt 0.598510 0.964976
vt 0.595519 0.965948
vt 0.592528 0.964977
vt 0.590679 0.962432
vt 0.989865 0.945255
vt 0.993500 0.945259
vt 0.995515 0.295245
vt 0.991880 0.295244
vt 0.841260 0.967530
vt 0.843109 0.970075
vt 0.843109 0.973220
vt 0.841260 0.975764
vt 0.838269 0.976736
vt 0.835278 0.975764
vt 0.833429 0.973219
vt 0.833429 0.970074
vt 0.835278 0.967530
vt 0.838269 0.966558
vt 0.995186 0.244706
vt 0.991551 0.244705
vt 0.991540 0.241741
vt 0.995175 0.241742
vt 0.827406 0.982972
vt 0.831041 0.982966
vt 0.831064 0.985739
vt 0.827429 0.985745
vt 0.831064 0.988855
vt 0.827429 0.988861
vt 0.831041 0.991124
vt 0.827406 0.991130
vt 0.654476 0.989428
vt 0.658111 0.989427
vt 0.658122 0.992444
vt 0.654487 0.992445
vt 0.658111 0.995408
vt 0.654476 0.995409
vt 0.993539 0.437467
vt 0.989904 0.437463
vt 0.989917 0.434676
vt 0.993553 0.434680
vt 0.989917 0.431564
vt 0.993553 0.431568
vt 0.962482 0.639587
vt 0.964330 0.637042
vt 0.967322 0.636070
vt 0.970313 0.637042
vt 0.972162 0.639586
vt 0.972162 0.642731
vt 0.970313 0.645276
vt 0.967322 0.646248
vt 0.964330 0.645276
vt 0.962482 0.642732
vt 0.989904 0.429317
vt 0.993539 0.429321
vt 0.995175 0.247723
vt 0.991540 0.247722
vt 0.598511 0.973150
vt 0.600359 0.975695
vt 0.600359 0.978840
vt 0.598510 0.981384
vt 0.595519 0.982356
vt 0.592528 0.981384
vt 0.590679 0.978839
vt 0.590679 0.975694
vt 0.592528 0.973150
vt 0.595519 0.972178
vt 0.995186 0.256918
vt 0.991551 0.256917
vt 0.991540 0.253953
vt 0.995175 0.253954
vt 0.335521 0.982237
vt 0.339155 0.982231
vt 0.339178 0.985004
vt 0.335543 0.985010
vt 0.339178 0.988120
vt 0.335543 0.988126
vt 0.339155 0.990389
vt 0.335521 0.990395
vt 0.069686 0.988641
vt 0.073321 0.988640
vt 0.073332 0.991657
vt 0.069697 0.991658
vt 0.073321 0.994621
vt 0.069686 0.994622
vt 0.992767 0.159442
vt 0.989132 0.159438
vt 0.989145 0.156651
vt 0.992781 0.156654
vt 0.989145 0.153539
vt 0.992781 0.153543
vt 0.934017 0.960233
vt 0.934017 0.957087
vt 0.935865 0.954543
vt 0.938857 0.953570
vt 0.941848 0.954542
vt 0.943697 0.957087
vt 0.943697 0.960232
vt 0.941848 0.962777
vt 0.938857 0.963749
vt 0.935865 0.962777
vt 0.989132 0.151292
vt 0.992767 0.151296
vt 0.995175 0.259935
vt 0.991540 0.259934
vt 0.275466 0.970972
vt 0.277315 0.973516
vt 0.277315 0.976661
vt 0.275466 0.979206
vt 0.272475 0.980178
vt 0.269483 0.979206
vt 0.267635 0.976661
vt 0.267635 0.973516
vt 0.269484 0.970972
vt 0.272475 0.970000
vt 0.462666 0.990255
vt 0.459031 0.990254
vt 0.459021 0.987289
vt 0.462656 0.987291
vt 0.905361 0.983087
vt 0.908996 0.983081
vt 0.909018 0.985854
vt 0.905383 0.985860
vt 0.909018 0.988970
vt 0.905383 0.988976
vt 0.908996 0.991238
vt 0.905361 0.991245
vt 0.351242 0.990029
vt 0.354877 0.990028
vt 0.354887 0.993045
vt 0.351252 0.993046
vt 0.354877 0.996009
vt 0.351242 0.996010
vt 0.779990 0.993993
vt 0.776355 0.993989
vt 0.776368 0.991201
vt 0.780003 0.991205
vt 0.776368 0.988090
vt 0.780003 0.988093
vt 0.959656 0.353653
vt 0.962648 0.354625
vt 0.964497 0.357170
vt 0.964497 0.360315
vt 0.962648 0.362859
vt 0.959656 0.363831
vt 0.956665 0.362859
vt 0.954816 0.360314
vt 0.954816 0.357169
vt 0.956665 0.354624
vt 0.776355 0.985842
vt 0.779990 0.985846
vt 0.462656 0.993271
vt 0.459021 0.993270
vt 0.135041 0.971324
vt 0.136890 0.973868
vt 0.136890 0.977013
vt 0.135041 0.979558
vt 0.132050 0.980530
vt 0.129058 0.979558
vt 0.127210 0.977013
vt 0.127210 0.973868
vt 0.129059 0.971324
vt 0.132050 0.970352
vt 0.922824 0.842848
vt 0.919189 0.842847
vt 0.919178 0.839883
vt 0.922813 0.839884
vt 0.204285 0.982280
vt 0.207920 0.982274
vt 0.207942 0.985047
vt 0.204307 0.985053
vt 0.207942 0.988163
vt 0.204307 0.988169
vt 0.207920 0.990432
vt 0.204285 0.990438
vt 0.888089 0.988145
vt 0.891724 0.988144
vt 0.891735 0.991161
vt 0.888100 0.991162
vt 0.891724 0.994125
vt 0.888089 0.994126
vt 0.992768 0.173822
vt 0.989132 0.173818
vt 0.989146 0.171031
vt 0.992781 0.171034
vt 0.989146 0.167919
vt 0.992781 0.167923
vt 0.764124 0.962408
vt 0.767116 0.961437
vt 0.770107 0.962408
vt 0.771956 0.964953
vt 0.771956 0.968098
vt 0.770107 0.970643
vt 0.767116 0.971614
vt 0.764124 0.970642
vt 0.762275 0.968098
vt 0.762275 0.964953
vt 0.989132 0.165672
vt 0.992768 0.165676
vt 0.922813 0.845865
vt 0.919178 0.845864
vt 0.825350 0.967530
vt 0.827199 0.970075
vt 0.827199 0.973220
vt 0.825350 0.975764
vt 0.822359 0.976736
vt 0.819367 0.975764
vt 0.817518 0.973219
vt 0.817518 0.970074
vt 0.819367 0.967530
vt 0.822359 0.966558
vt 0.903073 0.842848
vt 0.899438 0.842847
vt 0.899427 0.839883
vt 0.903062 0.839884
vt 0.988791 0.713192
vt 0.992426 0.713186
vt 0.992449 0.715959
vt 0.988814 0.715965
vt 0.992449 0.719075
vt 0.988814 0.719081
vt 0.992426 0.721343
vt 0.988791 0.721350
vt 0.949927 0.989479
vt 0.953562 0.989478
vt 0.953573 0.992495
vt 0.949938 0.992496
vt 0.953562 0.995459
vt 0.949927 0.995460
vt 0.993539 0.451847
vt 0.989904 0.451844
vt 0.989917 0.449056
vt 0.993553 0.449060
vt 0.989917 0.445944
vt 0.993553 0.445948
vt 0.096096 0.953865
vt 0.097945 0.956410
vt 0.097945 0.959555
vt 0.096096 0.962100
vt 0.093105 0.963072
vt 0.090114 0.962100
vt 0.088265 0.959555
vt 0.088265 0.956410
vt 0.090114 0.953865
vt 0.093105 0.952893
vt 0.989904 0.443697
vt 0.993539 0.443701
vt 0.903062 0.845865
vt 0.899427 0.845864
vt 0.810150 0.970406
vt 0.810150 0.973551
vt 0.808301 0.976095
vt 0.805310 0.977067
vt 0.802318 0.976095
vt 0.800470 0.973550
vt 0.800470 0.970405
vt 0.802318 0.967860
vt 0.805310 0.966889
vt 0.808301 0.967861
vt 0.912948 0.842848
vt 0.909313 0.842847
vt 0.909303 0.839883
vt 0.912938 0.839884
vt 0.800469 0.983303
vt 0.804104 0.983297
vt 0.804127 0.986070
vt 0.800492 0.986076
vt 0.804127 0.989186
vt 0.800492 0.989192
vt 0.804104 0.991455
vt 0.800469 0.991461
vt 0.959803 0.989479
vt 0.963438 0.989478
vt 0.963449 0.992495
vt 0.959814 0.992496
vt 0.963438 0.995459
vt 0.959803 0.995460
vt 0.993132 0.069839
vt 0.989497 0.069835
vt 0.989510 0.067048
vt 0.993145 0.067051
vt 0.989510 0.063936
vt 0.993145 0.063940
vt 0.267635 0.960254
vt 0.267635 0.957108
vt 0.269483 0.954563
vt 0.272475 0.953591
vt 0.275466 0.954563
vt 0.277315 0.957108
vt 0.277315 0.960253
vt 0.275466 0.962798
vt 0.272475 0.963770
vt 0.269483 0.962798
vt 0.989497 0.061689
vt 0.993132 0.061693
vt 0.912938 0.845865
vt 0.909303 0.845864
vt 0.093105 0.969302
vt 0.096097 0.970274
vt 0.097945 0.972818
vt 0.097945 0.975963
vt 0.096097 0.978508
vt 0.093105 0.979480
vt 0.090114 0.978508
vt 0.088265 0.975964
vt 0.088265 0.972819
vt 0.090114 0.970274
vt 0.943882 0.648382
vt 0.943882 0.575315
vt 0.947478 0.575311
vt 0.947478 0.648378
vt 0.118760 0.681188
vt 0.045695 0.681167
vt 0.045695 0.569968
vt 0.118760 0.569989
vt 0.942428 0.883311
vt 0.942428 0.810248
vt 0.946029 0.810254
vt 0.946029 0.883317
vt 0.124990 0.569989
vt 0.198055 0.569968
vt 0.198055 0.681167
vt 0.124990 0.681188
vt 0.937652 0.692781
vt 0.937652 0.804018
vt 0.934017 0.804017
vt 0.934017 0.692780
vt 0.934017 0.686550
vt 0.934017 0.575311
vt 0.937652 0.575311
vt 0.937652 0.686550
vt 0.961767 0.795346
vt 0.961767 0.728095
vt 0.963924 0.728093
vt 0.963924 0.795344
vt 0.271533 0.675372
vt 0.204285 0.675352
vt 0.204285 0.569968
vt 0.271533 0.569988
vt 0.961767 0.721859
vt 0.961767 0.654612
vt 0.963927 0.654616
vt 0.963927 0.721863
vt 0.277763 0.569988
vt 0.345012 0.569968
vt 0.345012 0.675352
vt 0.277763 0.675372
vt 0.936198 0.810248
vt 0.936198 0.915668
vt 0.934017 0.915668
vt 0.934017 0.810247
vt 0.335520 0.933419
vt 0.335520 0.827996
vt 0.337701 0.827996
vt 0.337701 0.933419
vt 0.951526 0.143852
vt 0.951526 0.076601
vt 0.954763 0.076598
vt 0.954763 0.143849
vt 0.954813 0.444534
vt 0.954813 0.377285
vt 0.957357 0.377284
vt 0.957357 0.444533
vt 0.951526 0.070362
vt 0.951526 0.003115
vt 0.954767 0.003120
vt 0.954767 0.070368
vt 0.952993 0.721860
vt 0.952993 0.654612
vt 0.955537 0.654613
vt 0.955537 0.721861
vt 0.576222 0.278358
vt 0.578767 0.278357
vt 0.578767 0.281629
vt 0.576222 0.281629
vt 0.593771 0.278357
vt 0.596316 0.278357
vt 0.596316 0.281629
vt 0.593771 0.281629
vt 0.952259 0.877502
vt 0.952259 0.810251
vt 0.955496 0.810248
vt 0.955496 0.877498
vt 0.952993 0.795340
vt 0.952993 0.728092
vt 0.955537 0.728091
vt 0.955537 0.795340
vt 0.728602 0.954112
vt 0.728602 0.886865
vt 0.731843 0.886870
vt 0.731843 0.954117
vt 0.953708 0.642560
vt 0.953708 0.575311
vt 0.956252 0.575312
vt 0.956252 0.642560
vt 0.567447 0.278358
vt 0.569992 0.278357
vt 0.569992 0.281629
vt 0.567447 0.281629
vt 0.584997 0.278357
vt 0.587541 0.278357
vt 0.587541 0.281629
vt 0.584997 0.281629
vt 0.983267 0.070323
vt 0.979632 0.070320
vt 0.979632 0.061689
vt 0.983267 0.061693
vt 0.184334 0.931562
vt 0.180699 0.931561
vt 0.180699 0.815274
vt 0.184334 0.815275
vt 0.978926 0.713192
vt 0.982561 0.713185
vt 0.982561 0.721829
vt 0.978926 0.721835
vt 0.577694 0.772663
vt 0.581329 0.772662
vt 0.581329 0.888949
vt 0.577694 0.888950
vt 0.063456 0.823486
vt 0.063456 0.939812
vt 0.054732 0.939811
vt 0.054732 0.823485
vt 0.069686 0.939814
vt 0.069686 0.823485
vt 0.078410 0.823485
vt 0.078410 0.939813
vt 0.946425 0.459078
vt 0.946425 0.377287
vt 0.948583 0.377284
vt 0.948583 0.459076
vt 0.204285 0.763402
vt 0.204285 0.681613
vt 0.242441 0.681602
vt 0.242441 0.763391
vt 0.946425 0.371051
vt 0.946425 0.289263
vt 0.948586 0.289267
vt 0.948586 0.371054
vt 0.248671 0.763391
vt 0.248671 0.681602
vt 0.286827 0.681613
vt 0.286827 0.763402
vt 0.890270 0.943745
vt 0.890270 0.981914
vt 0.888089 0.981914
vt 0.888089 0.943744
vt 0.879678 0.981915
vt 0.879678 0.943745
vt 0.881859 0.943745
vt 0.881859 0.981915
vt 0.941700 0.183841
vt 0.941700 0.096597
vt 0.945296 0.096593
vt 0.945296 0.183837
vt 0.684881 0.923345
vt 0.684881 0.836103
vt 0.688515 0.836102
vt 0.688515 0.923343
vt 0.936562 0.563448
vt 0.936562 0.476208
vt 0.940163 0.476214
vt 0.940163 0.563454
vt 0.786242 0.937835
vt 0.786242 0.850594
vt 0.789876 0.850595
vt 0.789876 0.937836
vt 0.444501 0.278358
vt 0.448136 0.278357
vt 0.448136 0.281992
vt 0.444501 0.281993
vt 0.464232 0.281993
vt 0.464232 0.278357
vt 0.467867 0.278357
vt 0.467867 0.281993
vt 0.941700 0.090363
vt 0.941700 0.003119
vt 0.945296 0.003115
vt 0.945296 0.090359
vt 0.936562 0.376506
vt 0.936562 0.289264
vt 0.940196 0.289263
vt 0.940196 0.376505
vt 0.393824 0.943255
vt 0.393824 0.856015
vt 0.397425 0.856021
vt 0.397425 0.943261
vt 0.936562 0.469977
vt 0.936562 0.382736
vt 0.940196 0.382737
vt 0.940196 0.469978
vt 0.454366 0.278358
vt 0.458002 0.278357
vt 0.458002 0.281992
vt 0.454366 0.281993
vt 0.474097 0.281993
vt 0.474097 0.278357
vt 0.477732 0.278357
vt 0.477732 0.281993
vt 0.493793 0.281996
vt 0.493793 0.278361
vt 0.497389 0.278357
vt 0.497389 0.281993
vt 0.718352 0.980682
vt 0.714717 0.980681
vt 0.714717 0.935257
vt 0.718352 0.935258
vt 0.483962 0.281992
vt 0.483962 0.278357
vt 0.487563 0.278363
vt 0.487563 0.281998
vt 0.459021 0.935635
vt 0.462656 0.935634
vt 0.462656 0.981058
vt 0.459021 0.981059
vt 0.978199 0.190071
vt 0.978199 0.235511
vt 0.974564 0.235511
vt 0.974564 0.190071
vt 0.974134 0.521649
vt 0.974134 0.476208
vt 0.977769 0.476208
vt 0.977769 0.521649
vt 0.983999 0.520610
vt 0.983999 0.502434
vt 0.986157 0.502431
vt 0.986157 0.520607
vt 0.778186 0.979612
vt 0.778186 0.961437
vt 0.780003 0.961437
vt 0.780003 0.979612
vt 0.954813 0.468939
vt 0.954813 0.450764
vt 0.956974 0.450767
vt 0.956974 0.468942
vt 0.988434 0.618027
vt 0.988434 0.599852
vt 0.990251 0.599853
vt 0.990251 0.618028
vt 0.686702 0.278358
vt 0.688520 0.278357
vt 0.688520 0.280538
vt 0.686702 0.280539
vt 0.694750 0.278357
vt 0.696567 0.278357
vt 0.696567 0.280538
vt 0.694750 0.280538
vt 0.208647 0.976044
vt 0.204285 0.976039
vt 0.204285 0.950866
vt 0.208647 0.950870
vt 0.871917 0.278319
vt 0.867555 0.278317
vt 0.867555 0.223808
vt 0.871917 0.223809
vt 0.955500 0.540605
vt 0.959862 0.540597
vt 0.959862 0.565807
vt 0.955500 0.565814
vt 0.192327 0.900734
vt 0.196689 0.900732
vt 0.196689 0.955242
vt 0.192327 0.955243
vt 0.281763 0.769634
vt 0.281763 0.824162
vt 0.256318 0.824160
vt 0.256318 0.769632
vt 0.368377 0.843226
vt 0.368377 0.788697
vt 0.393821 0.788697
vt 0.393821 0.843226
vt 0.974130 0.924645
vt 0.971591 0.924623
vt 0.971591 0.870561
vt 0.974130 0.870583
vt 0.047510 0.982134
vt 0.045174 0.982161
vt 0.045174 0.945821
vt 0.047510 0.945794
vt 0.377464 0.912378
vt 0.380003 0.912357
vt 0.380003 0.966495
vt 0.377464 0.966515
vt 0.982544 0.527879
vt 0.984880 0.527906
vt 0.984880 0.564246
vt 0.982544 0.564218
vt 0.481631 0.830818
vt 0.517983 0.830918
vt 0.517983 0.881012
vt 0.481631 0.880913
vt 0.351241 0.856032
vt 0.387594 0.856015
vt 0.387594 0.906111
vt 0.351241 0.906128
vt 0.973793 0.629395
vt 0.971254 0.629373
vt 0.971254 0.575311
vt 0.973793 0.575333
vt 0.985310 0.278081
vt 0.982974 0.278108
vt 0.982974 0.241768
vt 0.985310 0.241741
vt 0.964682 0.289284
vt 0.967221 0.289263
vt 0.967221 0.343401
vt 0.964682 0.343421
vt 0.368373 0.947432
vt 0.370709 0.947459
vt 0.370709 0.983798
vt 0.368373 0.983771
vt 0.524213 0.830818
vt 0.560564 0.830918
vt 0.560564 0.881012
vt 0.524213 0.880913
vt 0.885635 0.852111
vt 0.921987 0.852095
vt 0.921987 0.902190
vt 0.885635 0.902207
vt 0.974130 0.864331
vt 0.971591 0.864309
vt 0.971591 0.810248
vt 0.974130 0.810270
vt 0.057068 0.982381
vt 0.054732 0.982409
vt 0.054732 0.946069
vt 0.057068 0.946042
vt 0.965365 0.476228
vt 0.967904 0.476208
vt 0.967904 0.530346
vt 0.965365 0.530366
vt 0.069686 0.946044
vt 0.072022 0.946071
vt 0.072022 0.982410
vt 0.069686 0.982383
vt 0.246866 0.833449
vt 0.283218 0.833549
vt 0.283218 0.883643
vt 0.246866 0.883544
vt 0.633261 0.836119
vt 0.669614 0.836102
vt 0.669614 0.886198
vt 0.633261 0.886215
vt 0.973402 0.057199
vt 0.970863 0.057177
vt 0.970863 0.003115
vt 0.973402 0.003137
vt 0.080588 0.982383
vt 0.078252 0.982410
vt 0.078252 0.946071
vt 0.080588 0.946044
vt 0.963587 0.377305
vt 0.966126 0.377284
vt 0.966126 0.431422
vt 0.963587 0.431443
vt 0.983314 0.289263
vt 0.985650 0.289291
vt 0.985650 0.325630
vt 0.983314 0.325603
vt 0.204285 0.833449
vt 0.240636 0.833549
vt 0.240636 0.883643
vt 0.204285 0.883544
vt 0.843052 0.852111
vt 0.879405 0.852095
vt 0.879405 0.902191
vt 0.843052 0.902207
vt 0.965024 0.629840
vt 0.962482 0.629839
vt 0.962482 0.575311
vt 0.965024 0.575312
vt 0.788679 0.980419
vt 0.786242 0.980419
vt 0.786242 0.944066
vt 0.788679 0.944066
vt 0.943882 0.737182
vt 0.946425 0.737182
vt 0.946425 0.791711
vt 0.943882 0.791711
vt 0.898937 0.980100
vt 0.896500 0.980097
vt 0.896500 0.943744
vt 0.898937 0.943748
vt 0.742316 0.821497
vt 0.778549 0.822338
vt 0.778549 0.874601
vt 0.742316 0.873761
vt 0.293057 0.828837
vt 0.329291 0.827996
vt 0.329291 0.880260
vt 0.293057 0.881100
vt 0.972696 0.708696
vt 0.970157 0.708674
vt 0.970157 0.654612
vt 0.972696 0.654634
vt 0.353577 0.983771
vt 0.351242 0.983798
vt 0.351242 0.947459
vt 0.353577 0.947432
vt 0.965795 0.190091
vt 0.968334 0.190071
vt 0.968334 0.244209
vt 0.965795 0.244229
vt 0.359807 0.947432
vt 0.362143 0.947459
vt 0.362143 0.983798
vt 0.359807 0.983771
vt 0.439049 0.830818
vt 0.475401 0.830918
vt 0.475401 0.881012
vt 0.439049 0.880913
vt 0.800469 0.852111
vt 0.836822 0.852095
vt 0.836822 0.902191
vt 0.800469 0.902207
vt 0.973397 0.130682
vt 0.970858 0.130660
vt 0.970858 0.076598
vt 0.973397 0.076620
vt 0.038944 0.982134
vt 0.036608 0.982161
vt 0.036608 0.945821
vt 0.038944 0.945794
vt 0.970154 0.728113
vt 0.972693 0.728093
vt 0.972693 0.782231
vt 0.970154 0.782251
vt 0.982220 0.377284
vt 0.984556 0.377312
vt 0.984556 0.413651
vt 0.982220 0.413624
vt 0.694745 0.830441
vt 0.731097 0.830540
vt 0.731097 0.880635
vt 0.694745 0.880535
vt 0.590679 0.836119
vt 0.627031 0.836102
vt 0.627031 0.886198
vt 0.590679 0.886215
vt 0.512730 0.281996
vt 0.512730 0.278360
vt 0.515607 0.278357
vt 0.515607 0.281993
vt 0.909510 0.261126
vt 0.905875 0.261125
vt 0.905875 0.003115
vt 0.909510 0.003116
vt 0.503619 0.281992
vt 0.503619 0.278357
vt 0.506500 0.278362
vt 0.506500 0.281997
vt 0.906603 0.575312
vt 0.910238 0.575311
vt 0.910238 0.833322
vt 0.906603 0.833323
vt 0.919376 0.575311
vt 0.919376 0.833410
vt 0.916468 0.833410
vt 0.916468 0.575311
vt 0.915740 0.261219
vt 0.915740 0.003115
vt 0.918648 0.003115
vt 0.918648 0.261219
vt 0.003115 0.974845
vt 0.003115 0.938493
vt 0.008150 0.938488
vt 0.008150 0.974839
vt 0.778666 0.815267
vt 0.742316 0.815257
vt 0.742316 0.564514
vt 0.778666 0.564525
vt 0.180699 0.974142
vt 0.180699 0.937792
vt 0.185741 0.937800
vt 0.185741 0.974150
vt 0.003115 0.569978
vt 0.039466 0.569968
vt 0.039466 0.820710
vt 0.003115 0.820721
vt 0.910601 0.289264
vt 0.910601 0.540092
vt 0.905512 0.540092
vt 0.905512 0.289263
vt 0.895284 0.826145
vt 0.895284 0.575311
vt 0.900373 0.575311
vt 0.900373 0.826145
vt 0.081743 0.994397
vt 0.079562 0.994394
vt 0.079562 0.988640
vt 0.081743 0.988643
vt 0.927059 0.253858
vt 0.924878 0.253857
vt 0.924878 0.003115
vt 0.927059 0.003116
vt 0.430453 0.984507
vt 0.432634 0.984503
vt 0.432634 0.990265
vt 0.430453 0.990269
vt 0.933289 0.003116
vt 0.935470 0.003115
vt 0.935470 0.253857
vt 0.933289 0.253858
vt 0.899645 0.003115
vt 0.899645 0.253944
vt 0.893829 0.253943
vt 0.893829 0.003115
vt 0.881783 0.253948
vt 0.881783 0.003115
vt 0.887599 0.003115
vt 0.887599 0.253948
vt 0.522733 0.996885
vt 0.520552 0.996883
vt 0.520552 0.991129
vt 0.522733 0.991131
vt 0.927787 0.826054
vt 0.925606 0.826054
vt 0.925606 0.575311
vt 0.927787 0.575312
vt 0.396816 0.986693
vt 0.398997 0.986690
vt 0.398997 0.992452
vt 0.396816 0.992455
vt 0.928151 0.289264
vt 0.930332 0.289263
vt 0.930332 0.540006
vt 0.928151 0.540006
vt 0.899282 0.289264
vt 0.899282 0.540092
vt 0.893466 0.540092
vt 0.893466 0.289263
vt 0.883238 0.826145
vt 0.883238 0.575311
vt 0.889054 0.575311
vt 0.889054 0.826145
vt 0.953653 0.908884
vt 0.950870 0.892042
vt 0.953647 0.889547
vt 0.942678 0.889547
vt 0.942679 0.892042
vt 0.950872 0.897883
vt 0.950873 0.900378
vt 0.942964 0.897883
vt 0.942965 0.900378
vt 0.950875 0.906389
vt 0.942428 0.906389
vt 0.942428 0.908884
vt 0.960331 0.279428
vt 0.957554 0.262585
vt 0.960331 0.260091
vt 0.950014 0.260088
vt 0.950014 0.262583
vt 0.957554 0.267944
vt 0.957554 0.270439
vt 0.950014 0.267942
vt 0.950014 0.270437
vt 0.957554 0.279427
vt 0.943784 0.279539
vt 0.933517 0.260088
vt 0.935473 0.260088
vt 0.934539 0.264341
vt 0.924878 0.279539
vt 0.937432 0.271344
vt 0.931423 0.271344
vt 0.938510 0.273840
vt 0.930290 0.273840
vt 0.940949 0.279539
vt 0.927712 0.279539
vt 0.135320 0.926879
vt 0.133322 0.926830
vt 0.133818 0.926812
vt 0.132822 0.926868
vt 0.132317 0.926927
vt 0.136744 0.927117
vt 0.131805 0.927007
vt 0.131284 0.927110
vt 0.130752 0.927236
vt 0.138080 0.927517
vt 0.130207 0.927385
vt 0.129646 0.927557
vt 0.129068 0.927754
vt 0.139320 0.928069
vt 0.128471 0.927976
vt 0.127852 0.928223
vt 0.127210 0.928495
vt 0.140452 0.928765
vt 0.132779 0.929432
vt 0.132235 0.929506
vt 0.131694 0.929608
vt 0.131155 0.929738
vt 0.130614 0.929896
vt 0.130071 0.930083
vt 0.129524 0.930300
vt 0.128970 0.930547
vt 0.128409 0.930824
vt 0.127837 0.931132
vt 0.127253 0.931472
vt 0.141467 0.929595
vt 0.133884 0.929364
vt 0.133328 0.929385
vt 0.134966 0.929412
vt 0.135994 0.929586
vt 0.136962 0.929878
vt 0.142356 0.930549
vt 0.137862 0.930280
vt 0.138686 0.930786
vt 0.143109 0.931619
vt 0.139428 0.931389
vt 0.140078 0.932082
vt 0.143717 0.932795
vt 0.140630 0.932858
vt 0.144169 0.934068
vt 0.141076 0.933710
vt 0.141408 0.934631
vt 0.144456 0.935428
vt 0.141619 0.935614
vt 0.144568 0.936866
vt 0.141702 0.936652
vt 0.141652 0.937709
vt 0.144517 0.937908
vt 0.141475 0.938706
vt 0.144330 0.938992
vt 0.141177 0.939638
vt 0.144006 0.940091
vt 0.140763 0.940498
vt 0.143539 0.941183
vt 0.140239 0.941281
vt 0.142928 0.942241
vt 0.139611 0.941981
vt 0.127764 0.942354
vt 0.127254 0.945055
vt 0.127210 0.942021
vt 0.138885 0.942593
vt 0.128325 0.942659
vt 0.142167 0.943242
vt 0.128891 0.942937
vt 0.138067 0.943109
vt 0.129461 0.943185
vt 0.130033 0.943405
vt 0.137162 0.943524
vt 0.130606 0.943596
vt 0.141254 0.944160
vt 0.131179 0.943757
vt 0.136177 0.943833
vt 0.131750 0.943889
vt 0.132317 0.943990
vt 0.135116 0.944030
vt 0.132880 0.944060
vt 0.133437 0.944099
vt 0.133987 0.944107
vt 0.140185 0.944972
vt 0.127736 0.945290
vt 0.138956 0.945652
vt 0.128228 0.945512
vt 0.128733 0.945718
vt 0.129252 0.945908
vt 0.137565 0.946176
vt 0.129789 0.946081
vt 0.130347 0.946233
vt 0.130928 0.946365
vt 0.136007 0.946518
vt 0.131536 0.946474
vt 0.132172 0.946559
vt 0.132839 0.946619
vt 0.134280 0.946655
vt 0.133541 0.946651
vt 0.014380 0.957825
vt 0.014385 0.938488
vt 0.017162 0.940983
vt 0.025355 0.938488
vt 0.025354 0.940983
vt 0.017161 0.946824
vt 0.017160 0.949319
vt 0.025069 0.946824
vt 0.025068 0.949319
vt 0.017158 0.955330
vt 0.025605 0.955330
vt 0.025604 0.957825
vt 0.951526 0.169422
vt 0.951526 0.150085
vt 0.954304 0.152579
vt 0.961844 0.150082
vt 0.961844 0.152577
vt 0.954304 0.157938
vt 0.954304 0.160433
vt 0.961844 0.157936
vt 0.961844 0.160431
vt 0.954304 0.169421
vt 0.204285 0.944636
vt 0.212595 0.925185
vt 0.214551 0.925185
vt 0.213529 0.929438
vt 0.223191 0.944636
vt 0.210636 0.936442
vt 0.216645 0.936442
vt 0.209558 0.938937
vt 0.217778 0.938937
vt 0.207119 0.944636
vt 0.220356 0.944636
vt 0.097513 0.926887
vt 0.099015 0.926820
vt 0.099511 0.926838
vt 0.100011 0.926876
vt 0.100516 0.926935
vt 0.096089 0.927125
vt 0.101028 0.927015
vt 0.101548 0.927118
vt 0.102081 0.927244
vt 0.094753 0.927525
vt 0.102626 0.927393
vt 0.103187 0.927565
vt 0.103765 0.927762
vt 0.093513 0.928077
vt 0.104362 0.927984
vt 0.104981 0.928231
vt 0.105623 0.928503
vt 0.092381 0.928773
vt 0.100054 0.929440
vt 0.100598 0.929515
vt 0.101139 0.929616
vt 0.101678 0.929746
vt 0.102219 0.929904
vt 0.102762 0.930091
vt 0.103309 0.930308
vt 0.103863 0.930555
vt 0.104424 0.930832
vt 0.104996 0.931140
vt 0.105580 0.931480
vt 0.091366 0.929603
vt 0.098949 0.929372
vt 0.099505 0.929393
vt 0.097867 0.929420
vt 0.096839 0.929594
vt 0.095871 0.929886
vt 0.090477 0.930557
vt 0.094971 0.930288
vt 0.094147 0.930794
vt 0.089724 0.931627
vt 0.093405 0.931397
vt 0.092755 0.932090
vt 0.089116 0.932803
vt 0.092203 0.932866
vt 0.088664 0.934076
vt 0.091757 0.933718
vt 0.091425 0.934639
vt 0.088377 0.935436
vt 0.091214 0.935622
vt 0.088265 0.936874
vt 0.091131 0.936660
vt 0.091181 0.937717
vt 0.088316 0.937916
vt 0.091358 0.938714
vt 0.088503 0.939000
vt 0.091656 0.939646
vt 0.088827 0.940099
vt 0.092070 0.940506
vt 0.089294 0.941191
vt 0.092594 0.941289
vt 0.089905 0.942249
vt 0.093222 0.941989
vt 0.105069 0.942362
vt 0.105623 0.942029
vt 0.105579 0.945063
vt 0.093948 0.942600
vt 0.104508 0.942667
vt 0.090666 0.943250
vt 0.103942 0.942945
vt 0.094766 0.943117
vt 0.103372 0.943193
vt 0.102800 0.943413
vt 0.095671 0.943532
vt 0.102227 0.943604
vt 0.091579 0.944168
vt 0.101654 0.943765
vt 0.096656 0.943841
vt 0.101083 0.943897
vt 0.100516 0.943998
vt 0.097716 0.944038
vt 0.099953 0.944068
vt 0.099396 0.944107
vt 0.098846 0.944115
vt 0.092648 0.944980
vt 0.105097 0.945298
vt 0.093877 0.945660
vt 0.104605 0.945520
vt 0.104100 0.945726
vt 0.103581 0.945916
vt 0.095268 0.946184
vt 0.103044 0.946089
vt 0.102486 0.946241
vt 0.101905 0.946373
vt 0.096826 0.946526
vt 0.101297 0.946482
vt 0.100661 0.946567
vt 0.099994 0.946627
vt 0.098553 0.946663
vt 0.099292 0.946659
vt 0.739554 0.989453
vt 0.739558 0.988875
vt 0.742830 0.988875
vt 0.742826 0.989454
vt 0.739562 0.988307
vt 0.742833 0.988308
vt 0.739565 0.987748
vt 0.742836 0.987749
vt 0.739568 0.987196
vt 0.742839 0.987197
vt 0.739570 0.986649
vt 0.742842 0.986650
vt 0.739572 0.986106
vt 0.742844 0.986106
vt 0.739574 0.985563
vt 0.742845 0.985564
vt 0.739575 0.985020
vt 0.742846 0.985020
vt 0.739576 0.984474
vt 0.742847 0.984475
vt 0.739576 0.983924
vt 0.742848 0.983925
vt 0.739577 0.983368
vt 0.742848 0.983368
vt 0.739576 0.982287
vt 0.742847 0.982288
vt 0.739574 0.981262
vt 0.742845 0.981263
vt 0.739570 0.980300
vt 0.742841 0.980301
vt 0.739565 0.979409
vt 0.742836 0.979409
vt 0.739558 0.978595
vt 0.742830 0.978595
vt 0.739550 0.977866
vt 0.742822 0.977867
vt 0.442588 0.978762
vt 0.442501 0.979472
vt 0.439260 0.979468
vt 0.439347 0.978758
vt 0.442427 0.980262
vt 0.439186 0.980258
vt 0.442369 0.981126
vt 0.439127 0.981122
vt 0.442326 0.982055
vt 0.439084 0.982051
vt 0.442299 0.983044
vt 0.439058 0.983039
vt 0.442290 0.984084
vt 0.439049 0.984079
vt 0.442300 0.985139
vt 0.439058 0.985134
vt 0.442326 0.986131
vt 0.439085 0.986126
vt 0.442369 0.987054
vt 0.439128 0.987050
vt 0.442427 0.987903
vt 0.439186 0.987899
vt 0.442501 0.988672
vt 0.439259 0.988668
vt 0.442588 0.989356
vt 0.439347 0.989351
vt 0.984726 0.977091
vt 0.984734 0.977827
vt 0.981463 0.977827
vt 0.981455 0.977092
vt 0.984741 0.978653
vt 0.981469 0.978654
vt 0.984746 0.979565
vt 0.981474 0.979566
vt 0.984750 0.980556
vt 0.981478 0.980556
vt 0.984752 0.981619
vt 0.981481 0.981620
vt 0.984753 0.982750
vt 0.981482 0.982751
vt 0.984753 0.983300
vt 0.981482 0.983300
vt 0.984753 0.983856
vt 0.981481 0.983857
vt 0.984752 0.984419
vt 0.981480 0.984419
vt 0.984750 0.984985
vt 0.981479 0.984985
vt 0.984749 0.985554
vt 0.981477 0.985554
vt 0.984747 0.986124
vt 0.981475 0.986124
vt 0.984744 0.986694
vt 0.981473 0.986695
vt 0.984741 0.987263
vt 0.981470 0.987263
vt 0.984738 0.987829
vt 0.981467 0.987829
vt 0.984734 0.988391
vt 0.981463 0.988391
vt 0.984730 0.988947
vt 0.981459 0.988948
vt 0.984726 0.989496
vt 0.981455 0.989497
vt 0.524871 0.281599
vt 0.521837 0.281604
vt 0.521837 0.278363
vt 0.524871 0.278357
vt 0.548868 0.988942
vt 0.548864 0.988465
vt 0.552136 0.988461
vt 0.552139 0.988938
vt 0.548860 0.987978
vt 0.552132 0.987973
vt 0.548857 0.987477
vt 0.552129 0.987473
vt 0.548854 0.986962
vt 0.552125 0.986958
vt 0.548851 0.986428
vt 0.552122 0.986424
vt 0.548848 0.985874
vt 0.552119 0.985869
vt 0.548845 0.985295
vt 0.552117 0.985291
vt 0.548843 0.984690
vt 0.552115 0.984686
vt 0.548841 0.984056
vt 0.552112 0.984052
vt 0.548839 0.983389
vt 0.552111 0.983385
vt 0.548838 0.982688
vt 0.552109 0.982684
vt 0.548836 0.981950
vt 0.552108 0.981945
vt 0.548836 0.980219
vt 0.552107 0.980214
vt 0.548837 0.978653
vt 0.552109 0.978649
vt 0.548842 0.977251
vt 0.552114 0.977247
vt 0.548849 0.976008
vt 0.552120 0.976004
vt 0.548858 0.974922
vt 0.552129 0.974918
vt 0.548868 0.973989
vt 0.552139 0.973985
vt 0.319280 0.989790
vt 0.319399 0.988806
vt 0.322635 0.988820
vt 0.322517 0.989804
vt 0.319496 0.987762
vt 0.322732 0.987775
vt 0.319572 0.986681
vt 0.322809 0.986695
vt 0.319628 0.985588
vt 0.322864 0.985602
vt 0.319663 0.984510
vt 0.322900 0.984523
vt 0.319678 0.983469
vt 0.322915 0.983483
vt 0.319673 0.982028
vt 0.322909 0.982042
vt 0.319641 0.980662
vt 0.322878 0.980676
vt 0.319585 0.979379
vt 0.322821 0.979393
vt 0.319505 0.978190
vt 0.322741 0.978204
vt 0.319403 0.977104
vt 0.322639 0.977118
vt 0.319280 0.976130
vt 0.322517 0.976144
vt 0.640973 0.976379
vt 0.640963 0.977381
vt 0.637692 0.977385
vt 0.637701 0.976382
vt 0.640955 0.978503
vt 0.637684 0.978507
vt 0.640949 0.979733
vt 0.637678 0.979737
vt 0.640946 0.981064
vt 0.637674 0.981068
vt 0.640944 0.982484
vt 0.637672 0.982488
vt 0.640945 0.983985
vt 0.637673 0.983989
vt 0.640945 0.984482
vt 0.637674 0.984486
vt 0.640946 0.984983
vt 0.637675 0.984987
vt 0.640948 0.985489
vt 0.637676 0.985493
vt 0.640949 0.986002
vt 0.637678 0.986006
vt 0.640951 0.986524
vt 0.637679 0.986528
vt 0.640953 0.987059
vt 0.637682 0.987063
vt 0.640956 0.987606
vt 0.637684 0.987610
vt 0.640958 0.988170
vt 0.637687 0.988174
vt 0.640961 0.988751
vt 0.637690 0.988755
vt 0.640965 0.989352
vt 0.637693 0.989356
vt 0.640969 0.989975
vt 0.637697 0.989979
vt 0.640973 0.990622
vt 0.637701 0.990626
vt 0.534078 0.281599
vt 0.531101 0.281604
vt 0.531101 0.278362
vt 0.534078 0.278357
vt 0.739550 0.990044
vt 0.742822 0.990044
vt 0.992839 0.195982
vt 0.992839 0.190289
vt 0.996069 0.190071
vt 0.996069 0.195765
vt 0.990633 0.642108
vt 0.990633 0.633885
vt 0.993904 0.633885
vt 0.993904 0.642108
vt 0.995646 0.488454
vt 0.995646 0.494192
vt 0.992409 0.494375
vt 0.992409 0.488637
vt 0.543143 0.281629
vt 0.540308 0.281629
vt 0.540308 0.278358
vt 0.543143 0.278357
vt 0.577694 0.914727
vt 0.577694 0.895180
vt 0.580924 0.895377
vt 0.580924 0.914924
vt 0.648128 0.281629
vt 0.646171 0.281629
vt 0.646171 0.278357
vt 0.648128 0.278357
vt 0.286827 0.954318
vt 0.286827 0.973699
vt 0.283593 0.973497
vt 0.283593 0.954115
vt 0.552209 0.281629
vt 0.549373 0.281629
vt 0.549373 0.278358
vt 0.552209 0.278357
vt 0.786242 0.993860
vt 0.786242 0.986863
vt 0.789472 0.986649
vt 0.789472 0.993646
vt 0.173858 0.986647
vt 0.173858 0.993696
vt 0.170621 0.993872
vt 0.170621 0.986823
vt 0.995658 0.514643
vt 0.995658 0.520654
vt 0.992387 0.520655
vt 0.992387 0.514643
vt 0.996080 0.202218
vt 0.996080 0.207577
vt 0.992839 0.207571
vt 0.992839 0.202212
vt 0.270906 0.986407
vt 0.270906 0.993950
vt 0.267635 0.993950
vt 0.267635 0.986408
vt 0.631216 0.281599
vt 0.628721 0.281603
vt 0.628721 0.278362
vt 0.631216 0.278357
vt 0.239594 0.993943
vt 0.239594 0.986401
vt 0.242866 0.986401
vt 0.242866 0.993943
vt 0.286827 0.979935
vt 0.286827 0.988923
vt 0.283586 0.988917
vt 0.283586 0.979929
vt 0.561217 0.281629
vt 0.558439 0.281629
vt 0.558439 0.278358
vt 0.561217 0.278357
vt 0.309813 0.973456
vt 0.309813 0.954118
vt 0.313050 0.954115
vt 0.313050 0.973453
vt 0.115125 0.978853
vt 0.115125 0.989174
vt 0.111853 0.989174
vt 0.111853 0.978853
vt 0.622491 0.281599
vt 0.619996 0.281603
vt 0.619996 0.278362
vt 0.622491 0.278357
vt 0.934017 0.993929
vt 0.934017 0.986387
vt 0.937288 0.986387
vt 0.937288 0.993929
vt 0.673628 0.990173
vt 0.673628 0.996014
vt 0.670387 0.996008
vt 0.670387 0.990167
vt 0.994057 0.405850
vt 0.994057 0.413761
vt 0.990786 0.413761
vt 0.990786 0.405850
vt 0.605041 0.281599
vt 0.602546 0.281603
vt 0.602546 0.278362
vt 0.605041 0.278357
vt 0.990786 0.399620
vt 0.990786 0.391709
vt 0.994057 0.391709
vt 0.994057 0.399620
vt 0.995651 0.476213
vt 0.995651 0.482224
vt 0.992409 0.482219
vt 0.992409 0.476208
vt 0.873448 0.982695
vt 0.873448 0.991145
vt 0.870177 0.991145
vt 0.870177 0.982695
vt 0.639941 0.281599
vt 0.637446 0.281603
vt 0.637446 0.278362
vt 0.639941 0.278357
vt 0.749078 0.989095
vt 0.749078 0.977866
vt 0.752349 0.977867
vt 0.752349 0.989095
vt 0.607436 0.975111
vt 0.607436 0.955774
vt 0.610672 0.955770
vt 0.610672 0.975108
vt 0.452089 0.978758
vt 0.452089 0.989731
vt 0.448818 0.989731
vt 0.448818 0.978758
vt 0.613766 0.281599
vt 0.611271 0.281603
vt 0.611271 0.278362
vt 0.613766 0.278357
vt 0.990786 0.385479
vt 0.990786 0.377284
vt 0.994057 0.377285
vt 0.994057 0.385479
vt 0.903476 0.276427
vt 0.915835 0.276427
vt 0.915844 0.280023
vt 0.903485 0.280023
vt 0.915867 0.283033
vt 0.903508 0.283033
vt 0.405579 0.950828
vt 0.417938 0.950828
vt 0.417958 0.954145
vt 0.405599 0.954145
vt 0.417960 0.957826
vt 0.405601 0.957826
vt 0.417945 0.961312
vt 0.405587 0.961312
vt 0.417916 0.964070
vt 0.405557 0.964070
vt 0.472909 0.950765
vt 0.485269 0.950765
vt 0.485290 0.953885
vt 0.472931 0.953885
vt 0.485297 0.957520
vt 0.472938 0.957520
vt 0.485288 0.961116
vt 0.472929 0.961116
vt 0.485265 0.964127
vt 0.472905 0.964127
vt 0.386953 0.950828
vt 0.399313 0.950828
vt 0.399302 0.954161
vt 0.386942 0.954161
vt 0.399300 0.957844
vt 0.386941 0.957844
vt 0.399309 0.961317
vt 0.386950 0.961317
vt 0.399327 0.964051
vt 0.386967 0.964051
vt 0.256722 0.932834
vt 0.258133 0.936241
vt 0.258133 0.939929
vt 0.256722 0.943336
vt 0.254114 0.945944
vt 0.250708 0.947355
vt 0.247020 0.947355
vt 0.243613 0.945944
vt 0.241006 0.943336
vt 0.239594 0.939929
vt 0.239594 0.936241
vt 0.241006 0.932834
vt 0.243613 0.930226
vt 0.247020 0.928815
vt 0.250707 0.928815
vt 0.254114 0.930226
vt 0.903504 0.269672
vt 0.915863 0.269672
vt 0.915842 0.272792
vt 0.903482 0.272792
vt 0.269046 0.932840
vt 0.271654 0.930232
vt 0.275060 0.928821
vt 0.278748 0.928821
vt 0.282155 0.930232
vt 0.284762 0.932840
vt 0.286173 0.936247
vt 0.286173 0.939935
vt 0.284762 0.943342
vt 0.282154 0.945950
vt 0.278747 0.947361
vt 0.275060 0.947361
vt 0.271653 0.945950
vt 0.269046 0.943342
vt 0.267635 0.939935
vt 0.267635 0.936247
vt 0.992405 0.981627
vt 0.992347 0.979208
vt 0.993432 0.979379
vt 0.993486 0.981635
vt 0.871520 0.511472
vt 0.873781 0.511869
vt 0.873390 0.512969
vt 0.871525 0.512641
vt 0.872990 0.514043
vt 0.871520 0.513784
vt 0.943882 0.800698
vt 0.943920 0.799230
vt 0.945130 0.799396
vt 0.945096 0.800700
vt 0.946208 0.799228
vt 0.946170 0.800695
vt 0.886688 0.834963
vt 0.885219 0.835221
vt 0.884829 0.834122
vt 0.886693 0.833794
vt 0.884428 0.833048
vt 0.886688 0.832650
vt 0.991194 0.981631
vt 0.991140 0.979376
vt 0.992179 0.977091
vt 0.993275 0.977406
vt 0.875769 0.513016
vt 0.875030 0.513915
vt 0.874282 0.514788
vt 0.944029 0.797943
vt 0.945227 0.798253
vt 0.946317 0.797941
vt 0.883927 0.835967
vt 0.883189 0.835068
vt 0.882440 0.834195
vt 0.990983 0.977402
vt 0.706430 0.989241
vt 0.706410 0.987354
vt 0.707572 0.987114
vt 0.707591 0.988874
vt 0.877244 0.514773
vt 0.876248 0.515365
vt 0.875241 0.515930
vt 0.970863 0.070011
vt 0.970875 0.068862
vt 0.972026 0.068625
vt 0.972015 0.069646
vt 0.973188 0.068862
vt 0.973176 0.070011
vt 0.882968 0.837109
vt 0.881971 0.836518
vt 0.880964 0.835952
vt 0.705278 0.988875
vt 0.705258 0.987115
vt 0.706399 0.985039
vt 0.707562 0.984957
vt 0.878029 0.516930
vt 0.876895 0.517143
vt 0.875751 0.517332
vt 0.970881 0.067456
vt 0.972032 0.067376
vt 0.973195 0.067457
vt 0.882457 0.838510
vt 0.881324 0.838296
vt 0.880179 0.838108
vt 0.705248 0.984957
vt 0.706399 0.982577
vt 0.707562 0.982661
vt 0.878029 0.519224
vt 0.876895 0.519037
vt 0.875751 0.518823
vt 0.970881 0.065964
vt 0.972032 0.066051
vt 0.973195 0.065965
vt 0.882457 0.840002
vt 0.881324 0.840189
vt 0.880179 0.840403
vt 0.705248 0.982661
vt 0.706410 0.980265
vt 0.707572 0.980505
vt 0.877244 0.521381
vt 0.876248 0.520816
vt 0.875241 0.520225
vt 0.970875 0.064566
vt 0.972026 0.064808
vt 0.973188 0.064566
vt 0.882968 0.841404
vt 0.881971 0.841969
vt 0.880964 0.842559
vt 0.705258 0.980505
vt 0.706430 0.978381
vt 0.707591 0.978748
vt 0.875769 0.523139
vt 0.875030 0.522266
vt 0.874282 0.521368
vt 0.970863 0.063429
vt 0.972015 0.063798
vt 0.973176 0.063429
vt 0.883927 0.842546
vt 0.883189 0.843419
vt 0.882440 0.844318
vt 0.705278 0.978748
vt 0.947591 0.558780
vt 0.947771 0.560920
vt 0.946561 0.561082
vt 0.946393 0.559086
vt 0.873781 0.524287
vt 0.873390 0.523213
vt 0.872990 0.522114
vt 0.499983 0.984444
vt 0.499882 0.985745
vt 0.498797 0.985902
vt 0.498887 0.984746
vt 0.497590 0.985741
vt 0.497691 0.984440
vt 0.885219 0.843293
vt 0.884829 0.844366
vt 0.884428 0.845466
vt 0.948682 0.559084
vt 0.948849 0.561080
vt 0.947833 0.563348
vt 0.946619 0.563346
vt 0.871520 0.524686
vt 0.871525 0.523543
vt 0.871520 0.522373
vt 0.499846 0.987217
vt 0.498766 0.987210
vt 0.497554 0.987214
vt 0.886688 0.843552
vt 0.886693 0.844695
vt 0.886688 0.845865
vt 0.948907 0.563343
vt 0.947771 0.565769
vt 0.946561 0.565603
vt 0.869260 0.524288
vt 0.869661 0.523214
vt 0.870051 0.522115
vt 0.499882 0.988684
vt 0.498797 0.988512
vt 0.497590 0.988680
vt 0.888157 0.843293
vt 0.888558 0.844367
vt 0.888949 0.845467
vt 0.948849 0.565601
vt 0.947591 0.567893
vt 0.946393 0.567583
vt 0.867272 0.523141
vt 0.868021 0.522268
vt 0.868759 0.521369
vt 0.499983 0.989967
vt 0.498887 0.989652
vt 0.497691 0.989963
vt 0.889449 0.842548
vt 0.890198 0.843421
vt 0.890936 0.844320
vt 0.948682 0.567581
vt 0.310995 0.979686
vt 0.310975 0.981582
vt 0.309823 0.981819
vt 0.309842 0.980051
vt 0.865797 0.521384
vt 0.866803 0.520818
vt 0.867800 0.520227
vt 0.972471 0.714926
vt 0.972483 0.716070
vt 0.971321 0.716309
vt 0.971310 0.715293
vt 0.970170 0.716070
vt 0.970157 0.714926
vt 0.890409 0.841406
vt 0.891415 0.841971
vt 0.892412 0.842563
vt 0.312156 0.980051
vt 0.312137 0.981819
vt 0.310964 0.983901
vt 0.309813 0.983981
vt 0.865011 0.519228
vt 0.866156 0.519040
vt 0.867290 0.518826
vt 0.972489 0.717472
vt 0.971327 0.717555
vt 0.970176 0.717472
vt 0.890919 0.840004
vt 0.892063 0.840193
vt 0.893197 0.840407
vt 0.312127 0.983981
vt 0.310964 0.986363
vt 0.309813 0.986276
vt 0.865011 0.516933
vt 0.866156 0.517147
vt 0.867290 0.517334
vt 0.972489 0.718964
vt 0.971327 0.718881
vt 0.970176 0.718964
vt 0.890919 0.838513
vt 0.892063 0.838300
vt 0.893197 0.838112
vt 0.312127 0.986277
vt 0.310975 0.988671
vt 0.309823 0.988428
vt 0.865796 0.514777
vt 0.866803 0.515368
vt 0.867800 0.515933
vt 0.972483 0.720366
vt 0.971321 0.720126
vt 0.970170 0.720366
vt 0.890409 0.837111
vt 0.891415 0.836520
vt 0.892412 0.835956
vt 0.312137 0.988429
vt 0.310995 0.990547
vt 0.309842 0.990177
vt 0.867272 0.513019
vt 0.868021 0.513917
vt 0.868759 0.514790
vt 0.972471 0.721508
vt 0.971310 0.721141
vt 0.970157 0.721508
vt 0.889450 0.835968
vt 0.890198 0.835070
vt 0.890936 0.834197
vt 0.312156 0.990178
vt 0.992179 0.986204
vt 0.992347 0.984057
vt 0.993432 0.983900
vt 0.993275 0.985902
vt 0.869260 0.511871
vt 0.869661 0.512970
vt 0.870051 0.514044
vt 0.944029 0.803466
vt 0.943920 0.802169
vt 0.945130 0.802007
vt 0.945227 0.803159
vt 0.946208 0.802166
vt 0.946317 0.803464
vt 0.888157 0.835222
vt 0.888558 0.834123
vt 0.888949 0.833049
vt 0.990983 0.985898
vt 0.991140 0.983897
vt 0.423326 0.979448
vt 0.421508 0.979447
vt 0.421497 0.974468
vt 0.423315 0.974468
vt 0.421466 0.970300
vt 0.423284 0.970300
vt 0.988043 0.030201
vt 0.989860 0.030198
vt 0.989895 0.034791
vt 0.988078 0.034794
vt 0.989907 0.039888
vt 0.988090 0.039891
vt 0.989895 0.044713
vt 0.988078 0.044716
vt 0.989860 0.048533
vt 0.988043 0.048536
vt 0.488816 0.970357
vt 0.490633 0.970357
vt 0.490664 0.974677
vt 0.488847 0.974678
vt 0.490675 0.979710
vt 0.488858 0.979711
vt 0.490664 0.984690
vt 0.488847 0.984690
vt 0.490633 0.988858
vt 0.488816 0.988858
vt 0.990252 0.593622
vt 0.988434 0.593620
vt 0.988455 0.589005
vt 0.990272 0.589007
vt 0.988462 0.583905
vt 0.990279 0.583907
vt 0.988455 0.579097
vt 0.990272 0.579099
vt 0.988434 0.575311
vt 0.990252 0.575313
vt 0.614394 0.898010
vt 0.616348 0.902727
vt 0.616348 0.907834
vt 0.614394 0.912551
vt 0.610783 0.916162
vt 0.606066 0.918116
vt 0.600960 0.918116
vt 0.596243 0.916161
vt 0.592633 0.912551
vt 0.590679 0.907833
vt 0.590679 0.902727
vt 0.592633 0.898009
vt 0.596243 0.894399
vt 0.600960 0.892445
vt 0.606066 0.892445
vt 0.610783 0.894399
vt 0.423284 0.988801
vt 0.421466 0.988801
vt 0.421497 0.984480
vt 0.423315 0.984481
vt 0.624532 0.898009
vt 0.628142 0.894399
vt 0.632859 0.892445
vt 0.637965 0.892445
vt 0.642682 0.894399
vt 0.646293 0.898009
vt 0.648246 0.902727
vt 0.648246 0.907833
vt 0.646292 0.912551
vt 0.642682 0.916162
vt 0.637965 0.918116
vt 0.632859 0.918116
vt 0.628142 0.916162
vt 0.624532 0.912551
vt 0.622578 0.907833
vt 0.622578 0.902727
vt 0.250088 0.827219
vt 0.204285 0.827172
vt 0.204285 0.769632
vt 0.250088 0.769680
vt 0.637672 0.970148
vt 0.637672 0.924347
vt 0.641306 0.924346
vt 0.641306 0.970147
vt 0.088265 0.687495
vt 0.134066 0.687418
vt 0.134066 0.745039
vt 0.088265 0.745116
vt 0.684881 0.975376
vt 0.684881 0.929575
vt 0.688515 0.929576
vt 0.688515 0.975377
vt 0.960993 0.076598
vt 0.964628 0.076598
vt 0.964628 0.134757
vt 0.960993 0.134758
vt 0.917677 0.509993
vt 0.921313 0.509993
vt 0.921313 0.568152
vt 0.917677 0.568152
vt 0.174469 0.867102
vt 0.134482 0.867060
vt 0.134482 0.815274
vt 0.174469 0.815316
vt 0.974134 0.567865
vt 0.974134 0.527879
vt 0.976314 0.527879
vt 0.976314 0.567864
vt 0.694745 0.772352
vt 0.734730 0.772285
vt 0.734730 0.824144
vt 0.694745 0.824211
vt 0.980360 0.910547
vt 0.980360 0.870561
vt 0.982540 0.870562
vt 0.982540 0.910547
vt 0.979627 0.076598
vt 0.981808 0.076598
vt 0.981808 0.128941
vt 0.979627 0.128942
vt 0.430453 0.925930
vt 0.432634 0.925930
vt 0.432634 0.978273
vt 0.430453 0.978273
vt 0.636482 0.829872
vt 0.590679 0.829825
vt 0.590679 0.772285
vt 0.636482 0.772333
vt 0.111853 0.972623
vt 0.111853 0.926822
vt 0.115487 0.926820
vt 0.115487 0.972622
vt 0.140296 0.751423
vt 0.186097 0.751346
vt 0.186097 0.808967
vt 0.140296 0.809044
vt 0.973451 0.335065
vt 0.973451 0.289263
vt 0.977085 0.289264
vt 0.977085 0.335066
vt 0.961726 0.810248
vt 0.965361 0.810248
vt 0.965361 0.868407
vt 0.961726 0.868407
vt 0.955930 0.190071
vt 0.959565 0.190071
vt 0.959565 0.248230
vt 0.955930 0.248230
vt 0.043102 0.878778
vt 0.003115 0.878737
vt 0.003115 0.826951
vt 0.043102 0.826993
vt 0.981455 0.970861
vt 0.981455 0.930876
vt 0.983635 0.930875
vt 0.983635 0.970861
vt 0.439049 0.772730
vt 0.479034 0.772662
vt 0.479034 0.824521
vt 0.439049 0.824589
vt 0.981494 0.469303
vt 0.981494 0.429317
vt 0.983674 0.429318
vt 0.983674 0.469303
vt 0.980023 0.575311
vt 0.982204 0.575311
vt 0.982204 0.627655
vt 0.980023 0.627655
vt 0.978926 0.654612
vt 0.981107 0.654612
vt 0.981107 0.706956
vt 0.978926 0.706955
vt 0.338861 0.821766
vt 0.293058 0.821718
vt 0.293058 0.764179
vt 0.338861 0.764227
vt 0.229421 0.970988
vt 0.229421 0.925187
vt 0.233055 0.925186
vt 0.233055 0.970987
vt 0.140296 0.687495
vt 0.186097 0.687418
vt 0.186097 0.745039
vt 0.140296 0.745116
vt 0.970858 0.182713
vt 0.970858 0.136912
vt 0.974492 0.136913
vt 0.974492 0.182714
vt 0.960997 0.003115
vt 0.964632 0.003115
vt 0.964632 0.061275
vt 0.960997 0.061275
vt 0.954816 0.289263
vt 0.958452 0.289263
vt 0.958452 0.347423
vt 0.954816 0.347423
vt 0.840456 0.845865
vt 0.800470 0.845823
vt 0.800470 0.794037
vt 0.840456 0.794079
vt 0.980722 0.176898
vt 0.980722 0.136912
vt 0.982902 0.136912
vt 0.982902 0.176897
vt 0.531479 0.772729
vt 0.571464 0.772662
vt 0.571464 0.824521
vt 0.531479 0.824588
vt 0.974564 0.281727
vt 0.974564 0.241741
vt 0.976744 0.241742
vt 0.976744 0.281727
vt 0.979632 0.003115
vt 0.981813 0.003115
vt 0.981813 0.055459
vt 0.979632 0.055459
vt 0.497802 0.925867
vt 0.499983 0.925867
vt 0.499983 0.978210
vt 0.497802 0.978210
vt 0.688515 0.829872
vt 0.642712 0.829825
vt 0.642712 0.772285
vt 0.688515 0.772333
vt 0.972356 0.423087
vt 0.972356 0.377286
vt 0.975990 0.377284
vt 0.975990 0.423086
vt 0.088265 0.751423
vt 0.134066 0.751346
vt 0.134066 0.808967
vt 0.088265 0.809044
vt 0.971591 0.976677
vt 0.971591 0.930875
vt 0.975225 0.930876
vt 0.975225 0.976678
vt 0.961726 0.874638
vt 0.965361 0.874637
vt 0.965361 0.932797
vt 0.961726 0.932797
vt 0.955500 0.476208
vt 0.959135 0.476208
vt 0.959135 0.534368
vt 0.955500 0.534368
vt 0.128252 0.867102
vt 0.088265 0.867060
vt 0.088265 0.815274
vt 0.128252 0.815316
vt 0.851611 0.983731
vt 0.851611 0.943745
vt 0.853791 0.943745
vt 0.853791 0.983730
vt 0.485264 0.772730
vt 0.525249 0.772662
vt 0.525249 0.824521
vt 0.485264 0.824588
vt 0.922397 0.983497
vt 0.922397 0.943511
vt 0.924577 0.943512
vt 0.924577 0.983497
vt 0.980360 0.810248
vt 0.982541 0.810247
vt 0.982541 0.862591
vt 0.980360 0.862591
vt 0.978923 0.728093
vt 0.981104 0.728093
vt 0.981104 0.780437
vt 0.978923 0.780437
vt 0.946393 0.552550
vt 0.946393 0.476211
vt 0.949270 0.476208
vt 0.949270 0.552547
vt 0.045696 0.763765
vt 0.045696 0.687429
vt 0.082035 0.687418
vt 0.082035 0.763754
vt 0.943882 0.730947
vt 0.943882 0.654612
vt 0.946763 0.654617
vt 0.946763 0.730952
vt 0.293057 0.757938
vt 0.293057 0.681602
vt 0.329397 0.681613
vt 0.329397 0.757949
vt 0.338428 0.939649
vt 0.338428 0.976001
vt 0.335520 0.976001
vt 0.335520 0.939649
vt 0.972356 0.465670
vt 0.972356 0.429317
vt 0.975264 0.429317
vt 0.975264 0.465670
vt 0.869852 0.976465
vt 0.869852 0.943748
vt 0.873448 0.943745
vt 0.873448 0.976461
vt 0.159925 0.920583
vt 0.127210 0.920573
vt 0.127210 0.873332
vt 0.159925 0.873341
vt 0.860021 0.976460
vt 0.860021 0.943744
vt 0.863622 0.943751
vt 0.863622 0.976466
vt 0.742316 0.880841
vt 0.775031 0.880831
vt 0.775031 0.928073
vt 0.742316 0.928082
vt 0.322915 0.922643
vt 0.322915 0.969900
vt 0.319280 0.969900
vt 0.319280 0.922642
vt 0.566794 0.878077
vt 0.566794 0.830818
vt 0.570429 0.830818
vt 0.570429 0.878077
vt 0.973451 0.368926
vt 0.973451 0.341298
vt 0.975608 0.341296
vt 0.975608 0.368923
vt 0.722372 0.929026
vt 0.694745 0.929018
vt 0.694745 0.886865
vt 0.722372 0.886873
vt 0.963587 0.465298
vt 0.963587 0.437672
vt 0.965748 0.437676
vt 0.965748 0.465302
vt 0.439049 0.887250
vt 0.466675 0.887242
vt 0.466675 0.929396
vt 0.439049 0.929404
vt 0.963907 0.939027
vt 0.963907 0.981196
vt 0.961726 0.981196
vt 0.961726 0.939027
vt 0.675844 0.878271
vt 0.675844 0.836102
vt 0.678025 0.836102
vt 0.678025 0.878271
vt 0.610672 0.949540
vt 0.590679 0.949519
vt 0.590679 0.924346
vt 0.610672 0.924367
vt 0.983999 0.496201
vt 0.983999 0.476209
vt 0.986179 0.476208
vt 0.986179 0.496201
vt 0.293057 0.922676
vt 0.313050 0.922642
vt 0.313050 0.947851
vt 0.293057 0.947885
vt 0.984429 0.210064
vt 0.984429 0.190071
vt 0.986609 0.190072
vt 0.986609 0.210064
vt 0.214877 0.950866
vt 0.217058 0.950866
vt 0.217058 0.976311
vt 0.214877 0.976311
vt 0.576312 0.951847
vt 0.578493 0.951847
vt 0.578493 0.977292
vt 0.576312 0.977292
vt 0.041722 0.939564
vt 0.041722 0.885039
vt 0.044608 0.885029
vt 0.044608 0.939555
vt 0.166155 0.927883
vt 0.166155 0.873358
vt 0.168555 0.873336
vt 0.168555 0.927861
vt 0.171542 0.873332
vt 0.171542 0.927857
vt 0.174317 0.873346
vt 0.174317 0.927871
vt 0.941700 0.244627
vt 0.941700 0.190101
vt 0.943885 0.190079
vt 0.943885 0.244604
vt 0.946814 0.190071
vt 0.946814 0.244597
vt 0.949700 0.190080
vt 0.949700 0.244606
vt 0.335627 0.736130
vt 0.335627 0.681602
vt 0.338044 0.681615
vt 0.338044 0.736142
vt 0.341035 0.681617
vt 0.341035 0.736145
vt 0.343798 0.681609
vt 0.343798 0.736136
vt 0.568576 0.953352
vt 0.570082 0.955960
vt 0.570082 0.958971
vt 0.568576 0.961578
vt 0.565969 0.963083
vt 0.562959 0.963083
vt 0.560351 0.961578
vt 0.558846 0.958970
vt 0.558846 0.955959
vt 0.560351 0.953352
vt 0.562959 0.951847
vt 0.565969 0.951847
vt 0.036608 0.939534
vt 0.036608 0.885008
vt 0.038793 0.885031
vt 0.038793 0.939557
vt 0.138445 0.960009
vt 0.136940 0.962617
vt 0.134333 0.964122
vt 0.131322 0.964122
vt 0.128715 0.962616
vt 0.127210 0.960009
vt 0.127210 0.956998
vt 0.128715 0.954391
vt 0.131322 0.952885
vt 0.134333 0.952886
vt 0.136940 0.954391
vt 0.138445 0.956998
vt 0.984429 0.224616
vt 0.988791 0.224604
vt 0.988818 0.229294
vt 0.984456 0.229306
vt 0.954319 0.983248
vt 0.949957 0.983241
vt 0.949927 0.979342
vt 0.954289 0.979349
vt 0.949927 0.974488
vt 0.954289 0.974495
vt 0.949957 0.969979
vt 0.954319 0.969986
vt 0.160448 0.988022
vt 0.156086 0.988010
vt 0.156059 0.984459
vt 0.160421 0.984470
vt 0.156059 0.979700
vt 0.160421 0.979712
vt 0.156086 0.975010
vt 0.160448 0.975022
vt 0.980040 0.633888
vt 0.984403 0.633885
vt 0.984385 0.637813
vt 0.980023 0.637817
vt 0.984385 0.642673
vt 0.980023 0.642677
vt 0.984403 0.647163
vt 0.980040 0.647167
vt 0.670288 0.933839
vt 0.672734 0.938076
vt 0.672734 0.942969
vt 0.670288 0.947206
vt 0.666051 0.949652
vt 0.661159 0.949652
vt 0.656922 0.947205
vt 0.654476 0.942968
vt 0.654476 0.938076
vt 0.656922 0.933839
vt 0.661159 0.931392
vt 0.666051 0.931393
vt 0.984456 0.216306
vt 0.988818 0.216294
vt 0.988791 0.219846
vt 0.984429 0.219857
vt 0.174317 0.945689
vt 0.171871 0.949926
vt 0.167634 0.952372
vt 0.162742 0.952372
vt 0.158505 0.949926
vt 0.156059 0.945689
vt 0.156059 0.940797
vt 0.158505 0.936559
vt 0.162741 0.934113
vt 0.167633 0.934113
vt 0.171870 0.936559
vt 0.174316 0.940797
vt 0.552616 0.951347
vt 0.532623 0.951326
vt 0.532623 0.922556
vt 0.552616 0.922577
vt 0.872908 0.937514
vt 0.852915 0.937509
vt 0.852915 0.908437
vt 0.872908 0.908443
vt 0.905361 0.908471
vt 0.925353 0.908437
vt 0.925353 0.937248
vt 0.905361 0.937281
vt 0.879138 0.908443
vt 0.899131 0.908437
vt 0.899131 0.937509
vt 0.879138 0.937514
vt 0.570789 0.887244
vt 0.570789 0.916326
vt 0.541709 0.916324
vt 0.541709 0.887242
vt 0.204285 0.918955
vt 0.204285 0.889873
vt 0.233364 0.889873
vt 0.233364 0.918955
vt 0.989002 0.023968
vt 0.989002 0.003298
vt 0.989931 0.003115
vt 0.989931 0.023785
vt 0.966092 0.562403
vt 0.966092 0.540602
vt 0.967173 0.540597
vt 0.967173 0.562399
vt 0.988038 0.124516
vt 0.988038 0.103846
vt 0.988998 0.103681
vt 0.988998 0.124351
vt 0.989926 0.103863
vt 0.989926 0.124533
vt 0.710838 0.280015
vt 0.710838 0.278938
vt 0.711745 0.278357
vt 0.712651 0.278853
vt 0.712651 0.279929
vt 0.711745 0.280510
vt 0.343931 0.877823
vt 0.343931 0.856028
vt 0.345011 0.856033
vt 0.345011 0.877829
vt 0.988043 0.023802
vt 0.988043 0.003132
vt 0.702798 0.278938
vt 0.703703 0.278357
vt 0.704608 0.278854
vt 0.704608 0.279932
vt 0.703703 0.280512
vt 0.702798 0.280015
vt 0.193287 0.983287
vt 0.193286 0.961476
vt 0.194215 0.961473
vt 0.194215 0.983284
vt 0.343931 0.933142
vt 0.343931 0.911745
vt 0.345012 0.911715
vt 0.345012 0.933113
vt 0.981838 0.363110
vt 0.981838 0.341299
vt 0.982798 0.341296
vt 0.982798 0.363107
vt 0.983726 0.341299
vt 0.983726 0.363110
vt 0.670518 0.278905
vt 0.671442 0.278357
vt 0.672366 0.278900
vt 0.672366 0.279991
vt 0.671442 0.280538
vt 0.670518 0.279996
vt 0.966561 0.281465
vt 0.966561 0.260088
vt 0.967640 0.260120
vt 0.967640 0.281497
vt 0.192327 0.983285
vt 0.192327 0.961473
vt 0.663363 0.278357
vt 0.664288 0.278905
vt 0.664288 0.279996
vt 0.663363 0.280538
vt 0.662438 0.279991
vt 0.662438 0.278900
vt 0.988298 0.675350
vt 0.988298 0.654612
vt 0.989226 0.654790
vt 0.989226 0.675528
vt 0.988771 0.830930
vt 0.988771 0.810343
vt 0.989822 0.810248
vt 0.989822 0.830834
vt 0.987334 0.748849
vt 0.987334 0.728111
vt 0.988295 0.728271
vt 0.988295 0.749009
vt 0.989222 0.728093
vt 0.989222 0.748831
vt 0.758907 0.279803
vt 0.758907 0.278850
vt 0.759851 0.278357
vt 0.760794 0.278817
vt 0.760794 0.279770
vt 0.759851 0.280263
vt 0.988770 0.891141
vt 0.988770 0.870561
vt 0.989818 0.870661
vt 0.989818 0.891241
vt 0.987337 0.675510
vt 0.987337 0.654772
vt 0.735119 0.278801
vt 0.735964 0.278357
vt 0.736810 0.278979
vt 0.736810 0.280045
vt 0.735964 0.280489
vt 0.735119 0.279867
vt 0.526393 0.951347
vt 0.506399 0.951326
vt 0.506399 0.922556
vt 0.526393 0.922577
vt 0.820462 0.937514
vt 0.800469 0.937509
vt 0.800469 0.908437
vt 0.820462 0.908443
vt 0.351241 0.912391
vt 0.371234 0.912357
vt 0.371234 0.941168
vt 0.351241 0.941202
vt 0.826692 0.908443
vt 0.846685 0.908437
vt 0.846685 0.937509
vt 0.826692 0.937514
vt 0.535479 0.887244
vt 0.535479 0.916326
vt 0.506399 0.916324
vt 0.506399 0.887242
vt 0.293057 0.916412
vt 0.293058 0.887330
vt 0.322138 0.887330
vt 0.322137 0.916412
vt 0.988998 0.097451
vt 0.988998 0.076780
vt 0.989926 0.076598
vt 0.989926 0.097268
vt 0.386233 0.934163
vt 0.386233 0.912362
vt 0.387314 0.912358
vt 0.387314 0.934159
vt 0.987338 0.702594
vt 0.987338 0.681923
vt 0.988297 0.681758
vt 0.988297 0.702428
vt 0.989226 0.681941
vt 0.989226 0.702611
vt 0.727000 0.278873
vt 0.727944 0.278357
vt 0.728889 0.278874
vt 0.728889 0.279907
vt 0.727944 0.280423
vt 0.727000 0.279906
vt 0.343931 0.849792
vt 0.343931 0.827996
vt 0.345011 0.828002
vt 0.345011 0.849798
vt 0.988038 0.097285
vt 0.988038 0.076615
vt 0.719825 0.278357
vt 0.720770 0.278872
vt 0.720770 0.279905
vt 0.719825 0.280423
vt 0.718881 0.279909
vt 0.718881 0.278876
vt 0.172929 0.980417
vt 0.172929 0.958606
vt 0.173858 0.958603
vt 0.173858 0.980414
vt 0.343931 0.905485
vt 0.343931 0.884088
vt 0.345011 0.884059
vt 0.345011 0.905456
vt 0.927543 0.568152
vt 0.927543 0.546340
vt 0.928503 0.546338
vt 0.928503 0.568149
vt 0.929431 0.546341
vt 0.929431 0.568152
vt 0.678596 0.279950
vt 0.678596 0.278876
vt 0.679534 0.278357
vt 0.680472 0.278913
vt 0.680472 0.279988
vt 0.679534 0.280506
vt 0.104545 0.974270
vt 0.104545 0.952893
vt 0.105623 0.952926
vt 0.105623 0.974302
vt 0.171970 0.980414
vt 0.171970 0.958603
vt 0.655283 0.278357
vt 0.656208 0.278905
vt 0.656208 0.279996
vt 0.655283 0.280538
vt 0.654358 0.279991
vt 0.654358 0.278900
vt 0.988295 0.803123
vt 0.988295 0.782385
vt 0.989222 0.782563
vt 0.989222 0.803301
vt 0.988771 0.857842
vt 0.988771 0.837255
vt 0.989822 0.837160
vt 0.989822 0.857746
vt 0.987334 0.775995
vt 0.987334 0.755257
vt 0.988295 0.755417
vt 0.988295 0.776155
vt 0.989222 0.755239
vt 0.989222 0.775977
vt 0.743885 0.278357
vt 0.744729 0.278798
vt 0.744729 0.279863
vt 0.743885 0.280487
vt 0.743040 0.280046
vt 0.743040 0.278981
vt 0.988770 0.918050
vt 0.988770 0.897471
vt 0.989818 0.897571
vt 0.989818 0.918150
vt 0.987334 0.803283
vt 0.987334 0.782545
vt 0.751818 0.278357
vt 0.752677 0.278776
vt 0.752677 0.279826
vt 0.751818 0.280457
vt 0.750959 0.280039
vt 0.750959 0.278989
vt 0.448317 0.948721
vt 0.452756 0.948630
vt 0.452791 0.954553
vt 0.448360 0.956107
vt 0.424249 0.865922
vt 0.417864 0.867634
vt 0.422534 0.862953
vt 0.576731 0.935810
vt 0.581905 0.937177
vt 0.578815 0.942528
vt 0.575017 0.938780
vt 0.443425 0.948734
vt 0.443468 0.956120
vt 0.429341 0.864554
vt 0.426252 0.859203
vt 0.570318 0.934098
vt 0.439049 0.948666
vt 0.439084 0.954589
vt 0.572047 0.940494
vt 0.776021 0.952885
vt 0.771587 0.955207
vt 0.771540 0.949066
vt 0.775983 0.947961
vt 0.766695 0.955199
vt 0.762313 0.952864
vt 0.762275 0.947940
vt 0.766648 0.949059
vt 0.419565 0.861238
vt 0.573465 0.945617
vt 0.420901 0.856113
vt 0.762275 0.941809
vt 0.766648 0.941413
vt 0.416136 0.861238
vt 0.567286 0.945617
vt 0.568618 0.940494
vt 0.771540 0.941421
vt 0.414722 0.856113
vt 0.775983 0.941830
vt 0.561935 0.942527
vt 0.565649 0.938779
vt 0.766695 0.934312
vt 0.771587 0.934320
vt 0.413166 0.862952
vt 0.409371 0.859203
vt 0.776021 0.936135
vt 0.762313 0.936114
vt 0.558846 0.937176
vt 0.563935 0.935809
vt 0.704056 0.955742
vt 0.699164 0.955730
vt 0.699121 0.950136
vt 0.704013 0.950149
vt 0.411452 0.865922
vt 0.406282 0.864554
vt 0.708487 0.953241
vt 0.708452 0.948756
vt 0.694780 0.953206
vt 0.694745 0.948720
vt 0.411452 0.869351
vt 0.406282 0.870733
vt 0.563935 0.932380
vt 0.704013 0.942655
vt 0.708452 0.942746
vt 0.694745 0.942711
vt 0.699121 0.942643
vt 0.558846 0.930997
vt 0.565649 0.929411
vt 0.704056 0.935269
vt 0.708487 0.936823
vt 0.694780 0.936787
vt 0.699164 0.935257
vt 0.413166 0.872321
vt 0.561935 0.925645
vt 0.409371 0.876084
vt 0.742338 0.936630
vt 0.746731 0.934316
vt 0.746703 0.940503
vt 0.742316 0.941591
vt 0.751623 0.934312
vt 0.756045 0.936619
vt 0.756024 0.941580
vt 0.751595 0.940499
vt 0.416136 0.874035
vt 0.567286 0.922556
vt 0.568618 0.927696
vt 0.414722 0.879174
vt 0.419565 0.874036
vt 0.573465 0.922556
vt 0.572047 0.927696
vt 0.751595 0.948153
vt 0.746703 0.948157
vt 0.420901 0.879174
vt 0.742316 0.947729
vt 0.756024 0.947718
vt 0.578815 0.925646
vt 0.575017 0.929411
vt 0.751623 0.955224
vt 0.746731 0.955228
vt 0.422534 0.872321
vt 0.426252 0.876085
vt 0.742338 0.953400
vt 0.756045 0.953389
vt 0.443468 0.935647
vt 0.448360 0.935634
vt 0.448317 0.941227
vt 0.443425 0.941240
vt 0.424249 0.869351
vt 0.429341 0.870734
vt 0.576731 0.932381
vt 0.439084 0.938171
vt 0.439049 0.942656
vt 0.452791 0.938135
vt 0.452756 0.942621
vt 0.581905 0.930997
vt 0.491572 0.932700
vt 0.487449 0.933807
vt 0.486061 0.931403
vt 0.489071 0.928368
vt 0.414844 0.935273
vt 0.420036 0.936659
vt 0.418648 0.939063
vt 0.834564 0.954293
vt 0.838008 0.954349
vt 0.838042 0.960328
vt 0.834592 0.959088
vt 0.841858 0.954339
vt 0.845353 0.954265
vt 0.845381 0.959060
vt 0.841893 0.960318
vt 0.482280 0.935193
vt 0.424223 0.937765
vt 0.421722 0.942097
vt 0.417391 0.944598
vt 0.416244 0.940451
vt 0.807799 0.960659
vt 0.803948 0.960653
vt 0.803910 0.955682
vt 0.807760 0.955688
vt 0.483657 0.930015
vt 0.484739 0.925867
vt 0.811288 0.958779
vt 0.811257 0.954793
vt 0.800500 0.958763
vt 0.800469 0.954776
vt 0.480881 0.930015
vt 0.479738 0.925867
vt 0.413468 0.940451
vt 0.807760 0.949499
vt 0.811257 0.949830
vt 0.800469 0.949813
vt 0.803910 0.949493
vt 0.412389 0.944598
vt 0.411065 0.939062
vt 0.807799 0.943751
vt 0.811288 0.945220
vt 0.800500 0.945203
vt 0.803948 0.943745
vt 0.478477 0.931403
vt 0.408057 0.942097
vt 0.475406 0.928368
vt 0.828334 0.958303
vt 0.824847 0.960328
vt 0.824812 0.955800
vt 0.828306 0.954672
vt 0.820996 0.960318
vt 0.817546 0.958275
vt 0.817518 0.954644
vt 0.820961 0.955790
vt 0.477090 0.933807
vt 0.405557 0.937765
vt 0.409677 0.936658
vt 0.472905 0.932700
vt 0.477090 0.936583
vt 0.405557 0.932762
vt 0.409677 0.933882
vt 0.820961 0.949724
vt 0.824812 0.949734
vt 0.472906 0.937702
vt 0.828306 0.949807
vt 0.817518 0.949779
vt 0.408058 0.928431
vt 0.411065 0.931478
vt 0.820996 0.943745
vt 0.824847 0.943755
vt 0.478478 0.938987
vt 0.475407 0.942034
vt 0.828334 0.945012
vt 0.817546 0.944984
vt 0.908835 0.943514
vt 0.912686 0.943511
vt 0.912664 0.948519
vt 0.908813 0.948522
vt 0.480882 0.940375
vt 0.479738 0.944535
vt 0.413468 0.930091
vt 0.905378 0.945387
vt 0.905361 0.949404
vt 0.916167 0.945379
vt 0.916149 0.949395
vt 0.412389 0.925930
vt 0.416244 0.930091
vt 0.908813 0.954719
vt 0.905361 0.954373
vt 0.916149 0.954364
vt 0.912664 0.954715
vt 0.483657 0.940375
vt 0.417391 0.925930
vt 0.484740 0.944535
vt 0.418648 0.931479
vt 0.908835 0.960443
vt 0.905378 0.958963
vt 0.916167 0.958954
vt 0.912686 0.960440
vt 0.486061 0.938987
vt 0.421722 0.928431
vt 0.489072 0.942034
vt 0.841893 0.943744
vt 0.845381 0.945769
vt 0.845353 0.949401
vt 0.841858 0.948272
vt 0.487449 0.936583
vt 0.424223 0.932763
vt 0.420036 0.933883
vt 0.838042 0.943754
vt 0.838008 0.948282
vt 0.491572 0.937702
vt 0.834592 0.945798
vt 0.834564 0.949429
vt 0.696889 0.987829
vt 0.696889 0.978381
vt 0.699018 0.978400
vt 0.699018 0.987848
vt 0.233054 0.977219
vt 0.233054 0.986670
vt 0.231220 0.986678
vt 0.231220 0.977227
vt 0.228974 0.986678
vt 0.228974 0.977227
vt 0.227173 0.986670
vt 0.227173 0.977218
vt 0.949927 0.963020
vt 0.949927 0.953572
vt 0.952071 0.953590
vt 0.952071 0.963038
vt 0.954200 0.953570
vt 0.954200 0.963019
vt 0.768157 0.977846
vt 0.768157 0.987297
vt 0.766323 0.987296
vt 0.766323 0.977844
vt 0.764076 0.987296
vt 0.764076 0.977844
vt 0.952846 0.176343
vt 0.954983 0.175652
vt 0.957120 0.176336
vt 0.958440 0.178135
vt 0.958440 0.180360
vt 0.957120 0.182163
vt 0.954983 0.182855
vt 0.952846 0.182171
vt 0.951526 0.180372
vt 0.951526 0.178146
vt 0.762276 0.987298
vt 0.762276 0.977846
vt 0.694745 0.987847
vt 0.694745 0.978399
vt 0.729863 0.977866
vt 0.732000 0.978555
vt 0.733320 0.980355
vt 0.733320 0.982577
vt 0.732000 0.984374
vt 0.729863 0.985059
vt 0.727726 0.984370
vt 0.726406 0.982570
vt 0.726406 0.980348
vt 0.727726 0.978551
vt 0.893466 0.568152
vt 0.893466 0.546341
vt 0.911448 0.546322
vt 0.911448 0.568133
vt 0.261405 0.922585
vt 0.239594 0.922578
vt 0.239594 0.889873
vt 0.261405 0.889879
vt 0.879239 0.283003
vt 0.879239 0.261193
vt 0.897246 0.261223
vt 0.897246 0.283033
vt 0.865011 0.530923
vt 0.886822 0.530916
vt 0.886822 0.563622
vt 0.865011 0.563628
vt 0.285810 0.889874
vt 0.285810 0.922591
vt 0.267635 0.922590
vt 0.267635 0.889873
vt 0.654476 0.925162
vt 0.654476 0.892445
vt 0.672651 0.892445
vt 0.672651 0.925162
vt 0.377464 0.987288
vt 0.377464 0.972747
vt 0.379262 0.972746
vt 0.379262 0.987286
vt 0.631443 0.949788
vt 0.616902 0.949783
vt 0.616902 0.924346
vt 0.631443 0.924350
vt 0.884259 0.524683
vt 0.884259 0.510143
vt 0.886060 0.510146
vt 0.886060 0.524686
vt 0.934017 0.921903
vt 0.948557 0.921898
vt 0.948557 0.947336
vt 0.934017 0.947340
vt 0.257322 0.953585
vt 0.257322 0.979032
vt 0.255505 0.979031
vt 0.255505 0.953585
vt 0.144675 0.978332
vt 0.144675 0.952885
vt 0.146493 0.952885
vt 0.146493 0.978332
s 0
usemtl CafeBaked_lvl2
f 1/1/1 2/2/1 4/3/1 3/4/1
f 3/5/2 4/6/2 8/7/2 7/8/2
f 7/9/3 8/10/3 6/11/3 5/12/3
f 5/13/4 6/14/4 2/15/4 1/16/4
f 3/17/5 7/18/5 5/19/5 1/20/5
f 8/21/6 4/22/6 2/23/6 6/24/6
f 9/25/1 10/26/1 12/27/1 11/28/1
f 11/29/2 12/30/2 16/31/2 15/32/2
f 15/33/3 16/34/3 14/35/3 13/36/3
f 13/37/4 14/38/4 10/39/4 9/40/4
f 11/41/5 15/42/5 13/43/5 9/44/5
f 16/45/6 12/46/6 10/47/6 14/48/6
f 17/49/1 18/50/1 20/51/1 19/52/1
f 19/53/2 20/54/2 24/55/2 23/56/2
f 23/57/3 24/58/3 22/59/3 21/60/3
f 21/61/4 22/62/4 18/63/4 17/64/4
f 19/65/5 23/66/5 21/67/5 17/68/5
f 24/69/6 20/70/6 18/71/6 22/72/6
f 25/73/1 26/74/1 28/75/1 27/76/1
f 27/77/2 28/78/2 32/79/2 31/80/2
f 31/81/3 32/82/3 30/83/3 29/84/3
f 29/85/4 30/86/4 26/87/4 25/88/4
f 27/89/5 31/90/5 29/91/5 25/92/5
f 32/93/6 28/94/6 26/95/6 30/96/6
f 33/97/1 34/98/1 36/99/1 35/100/1
f 35/101/2 36/102/2 40/103/2 39/104/2
f 39/105/3 40/106/3 38/107/3 37/108/3
f 37/109/4 38/110/4 34/111/4 33/112/4
f 35/113/5 39/114/5 37/115/5 33/116/5
f 40/117/6 36/118/6 34/119/6 38/120/6
f 41/121/1 42/122/1 44/123/1 43/124/1
f 43/125/2 44/126/2 48/127/2 47/128/2
f 47/129/3 48/130/3 46/131/3 45/132/3
f 45/133/4 46/134/4 42/135/4 41/136/4
f 43/137/5 47/138/5 45/139/5 41/140/5
f 48/141/6 44/142/6 42/143/6 46/144/6
f 49/145/1 50/146/1 52/147/1 51/148/1
f 51/149/2 52/150/2 56/151/2 55/152/2
f 55/153/3 56/154/3 54/155/3 53/156/3
f 53/157/4 54/158/4 50/159/4 49/160/4
f 51/161/5 55/162/5 53/163/5 49/164/5
f 56/165/6 52/166/6 50/167/6 54/168/6
f 57/169/1 58/170/1 60/171/1 59/172/1
f 59/173/2 60/174/2 64/175/2 63/176/2
f 63/177/3 64/178/3 62/179/3 61/180/3
f 61/181/4 62/182/4 58/183/4 57/184/4
f 59/185/5 63/186/5 61/187/5 57/188/5
f 64/189/6 60/190/6 58/191/6 62/192/6
s 1
f 65/193/7 66/194/8 68/195/9 67/196/10
f 67/197/10 68/198/9 70/199/11 69/200/12
f 69/200/12 70/199/11 72/201/13 71/202/14
f 71/202/14 72/201/13 74/203/15 73/204/16
f 73/205/16 74/206/15 76/207/17 75/208/18
f 75/208/18 76/207/17 78/209/19 77/210/20
f 77/211/20 78/212/19 80/213/21 79/214/22
f 79/214/22 80/213/21 82/215/23 81/216/24
f 68/217/9 66/218/8 84/219/25 82/220/23 80/221/21 78/222/19 76/223/17 74/224/15 72/225/13 70/226/11
f 81/216/24 82/215/23 84/227/25 83/228/26
f 83/229/26 84/230/25 66/194/8 65/193/7
f 65/231/7 67/232/10 69/233/12 71/234/14 73/235/16 75/236/18 77/237/20 79/238/22 81/239/24 83/240/26
f 85/241/7 86/242/8 88/243/9 87/244/10
f 87/245/10 88/246/9 90/247/11 89/248/12
f 89/248/12 90/247/11 92/249/13 91/250/14
f 91/250/14 92/249/13 94/251/15 93/252/16
f 93/253/16 94/254/15 96/255/17 95/256/18
f 95/256/18 96/255/17 98/257/19 97/258/20
f 97/259/20 98/260/19 100/261/21 99/262/22
f 99/262/22 100/261/21 102/263/23 101/264/24
f 88/265/9 86/266/8 104/267/25 102/268/23 100/269/21 98/270/19 96/271/17 94/272/15 92/273/13 90/274/11
f 101/264/24 102/263/23 104/275/25 103/276/26
f 103/277/26 104/278/25 86/242/8 85/241/7
f 85/279/7 87/280/10 89/281/12 91/282/14 93/283/16 95/284/18 97/285/20 99/286/22 101/287/24 103/288/26
f 105/289/7 106/290/8 108/291/9 107/292/10
f 107/293/10 108/294/9 110/295/11 109/296/12
f 109/296/12 110/295/11 112/297/13 111/298/14
f 111/298/14 112/297/13 114/299/15 113/300/16
f 113/301/16 114/302/15 116/303/17 115/304/18
f 115/304/18 116/303/17 118/305/19 117/306/20
f 117/307/20 118/308/19 120/309/21 119/310/22
f 119/310/22 120/309/21 122/311/23 121/312/24
f 108/313/9 106/314/8 124/315/25 122/316/23 120/317/21 118/318/19 116/319/17 114/320/15 112/321/13 110/322/11
f 121/312/24 122/311/23 124/323/25 123/324/26
f 123/325/26 124/326/25 106/290/8 105/289/7
f 105/327/7 107/328/10 109/329/12 111/330/14 113/331/16 115/332/18 117/333/20 119/334/22 121/335/24 123/336/26
f 125/337/7 126/338/8 128/339/9 127/340/10
f 127/341/10 128/342/9 130/343/11 129/344/12
f 129/344/12 130/343/11 132/345/13 131/346/14
f 131/346/14 132/345/13 134/347/15 133/348/16
f 133/349/16 134/350/15 136/351/17 135/352/18
f 135/352/18 136/351/17 138/353/19 137/354/20
f 137/355/20 138/356/19 140/357/21 139/358/22
f 139/358/22 140/357/21 142/359/23 141/360/24
f 128/361/9 126/362/8 144/363/25 142/364/23 140/365/21 138/366/19 136/367/17 134/368/15 132/369/13 130/370/11
f 141/360/24 142/359/23 144/371/25 143/372/26
f 143/373/26 144/374/25 126/338/8 125/337/7
f 125/375/7 127/376/10 129/377/12 131/378/14 133/379/16 135/380/18 137/381/20 139/382/22 141/383/24 143/384/26
f 145/385/7 146/386/8 148/387/9 147/388/10
f 147/389/10 148/390/9 150/391/11 149/392/12
f 149/392/12 150/391/11 152/393/13 151/394/14
f 151/394/14 152/393/13 154/395/15 153/396/16
f 153/397/16 154/398/15 156/399/17 155/400/18
f 155/400/18 156/399/17 158/401/19 157/402/20
f 157/403/20 158/404/19 160/405/21 159/406/22
f 159/406/22 160/405/21 162/407/23 161/408/24
f 148/409/9 146/410/8 164/411/25 162/412/23 160/413/21 158/414/19 156/415/17 154/416/15 152/417/13 150/418/11
f 161/408/24 162/407/23 164/419/25 163/420/26
f 163/421/26 164/422/25 146/386/8 145/385/7
f 145/423/7 147/424/10 149/425/12 151/426/14 153/427/16 155/428/18 157/429/20 159/430/22 161/431/24 163/432/26
f 165/433/7 166/434/8 168/435/9 167/436/10
f 167/437/10 168/438/9 170/439/11 169/440/12
f 169/440/12 170/439/11 172/441/13 171/442/14
f 171/442/14 172/441/13 174/443/15 173/444/16
f 173/445/16 174/446/15 176/447/17 175/448/18
f 175/448/18 176/447/17 178/449/19 177/450/20
f 177/451/20 178/452/19 180/453/21 179/454/22
f 179/454/22 180/453/21 182/455/23 181/456/24
f 168/457/9 166/458/8 184/459/25 182/460/23 180/461/21 178/462/19 176/463/17 174/464/15 172/465/13 170/466/11
f 181/456/24 182/455/23 184/467/25 183/468/26
f 183/469/26 184/470/25 166/434/8 165/433/7
f 165/471/7 167/472/10 169/473/12 171/474/14 173/475/16 175/476/18 177/477/20 179/478/22 181/479/24 183/480/26
f 185/481/7 186/482/8 188/483/9 187/484/10
f 187/485/10 188/486/9 190/487/11 189/488/12
f 189/488/12 190/487/11 192/489/13 191/490/14
f 191/490/14 192/489/13 194/491/15 193/492/16
f 193/493/16 194/494/15 196/495/17 195/496/18
f 195/496/18 196/495/17 198/497/19 197/498/20
f 197/499/20 198/500/19 200/501/21 199/502/22
f 199/502/22 200/501/21 202/503/23 201/504/24
f 188/505/9 186/506/8 204/507/25 202/508/23 200/509/21 198/510/19 196/511/17 194/512/15 192/513/13 190/514/11
f 201/504/24 202/503/23 204/515/25 203/516/26
f 203/517/26 204/518/25 186/482/8 185/481/7
f 185/519/7 187/520/10 189/521/12 191/522/14 193/523/16 195/524/18 197/525/20 199/526/22 201/527/24 203/528/26
f 205/529/7 206/530/8 208/531/9 207/532/10
f 207/533/10 208/534/9 210/535/11 209/536/12
f 209/536/12 210/535/11 212/537/13 211/538/14
f 211/538/14 212/537/13 214/539/15 213/540/16
f 213/541/16 214/542/15 216/543/17 215/544/18
f 215/544/18 216/543/17 218/545/19 217/546/20
f 217/547/20 218/548/19 220/549/21 219/550/22
f 219/550/22 220/549/21 222/551/23 221/552/24
f 208/553/9 206/554/8 224/555/25 222/556/23 220/557/21 218/558/19 216/559/17 214/560/15 212/561/13 210/562/11
f 221/552/24 222/551/23 224/563/25 223/564/26
f 223/565/26 224/566/25 206/530/8 205/529/7
f 205/567/7 207/568/10 209/569/12 211/570/14 213/571/16 215/572/18 217/573/20 219/574/22 221/575/24 223/576/26
f 225/577/7 226/578/8 228/579/9 227/580/10
f 227/581/10 228/582/9 230/583/11 229/584/12
f 229/584/12 230/583/11 232/585/13 231/586/14
f 231/586/14 232/585/13 234/587/15 233/588/16
f 233/589/16 234/590/15 236/591/17 235/592/18
f 235/592/18 236/591/17 238/593/19 237/594/20
f 237/595/20 238/596/19 240/597/21 239/598/22
f 239/598/22 240/597/21 242/599/23 241/600/24
f 228/601/9 226/602/8 244/603/25 242/604/23 240/605/21 238/606/19 236/607/17 234/608/15 232/609/13 230/610/11
f 241/600/24 242/599/23 244/611/25 243/612/26
f 243/613/26 244/614/25 226/578/8 225/577/7
f 225/615/7 227/616/10 229/617/12 231/618/14 233/619/16 235/620/18 237/621/20 239/622/22 241/623/24 243/624/26
f 245/625/7 246/626/8 248/627/9 247/628/10
f 247/629/10 248/630/9 250/631/11 249/632/12
f 249/632/12 250/631/11 252/633/13 251/634/14
f 251/634/14 252/633/13 254/635/15 253/636/16
f 253/637/16 254/638/15 256/639/17 255/640/18
f 255/640/18 256/639/17 258/641/19 257/642/20
f 257/643/20 258/644/19 260/645/21 259/646/22
f 259/646/22 260/645/21 262/647/23 261/648/24
f 248/649/9 246/650/8 264/651/25 262/652/23 260/653/21 258/654/19 256/655/17 254/656/15 252/657/13 250/658/11
f 261/648/24 262/647/23 264/659/25 263/660/26
f 263/661/26 264/662/25 246/626/8 245/625/7
f 245/663/7 247/664/10 249/665/12 251/666/14 253/667/16 255/668/18 257/669/20 259/670/22 261/671/24 263/672/26
f 265/673/7 266/674/8 268/675/9 267/676/10
f 267/677/10 268/678/9 270/679/11 269/680/12
f 269/680/12 270/679/11 272/681/13 271/682/14
f 271/682/14 272/681/13 274/683/15 273/684/16
f 273/685/16 274/686/15 276/687/17 275/688/18
f 275/688/18 276/687/17 278/689/19 277/690/20
f 277/691/20 278/692/19 280/693/21 279/694/22
f 279/694/22 280/693/21 282/695/23 281/696/24
f 268/697/9 266/698/8 284/699/25 282/700/23 280/701/21 278/702/19 276/703/17 274/704/15 272/705/13 270/706/11
f 281/696/24 282/695/23 284/707/25 283/708/26
f 283/709/26 284/710/25 266/674/8 265/673/7
f 265/711/7 267/712/10 269/713/12 271/714/14 273/715/16 275/716/18 277/717/20 279/718/22 281/719/24 283/720/26
f 285/721/7 286/722/8 288/723/9 287/724/10
f 287/725/10 288/726/9 290/727/11 289/728/12
f 289/728/12 290/727/11 292/729/13 291/730/14
f 291/730/14 292/729/13 294/731/15 293/732/16
f 293/733/16 294/734/15 296/735/17 295/736/18
f 295/736/18 296/735/17 298/737/19 297/738/20
f 297/739/20 298/740/19 300/741/21 299/742/22
f 299/742/22 300/741/21 302/743/23 301/744/24
f 288/745/9 286/746/8 304/747/25 302/748/23 300/749/21 298/750/19 296/751/17 294/752/15 292/753/13 290/754/11
f 301/744/24 302/743/23 304/755/25 303/756/26
f 303/757/26 304/758/25 286/722/8 285/721/7
f 285/759/7 287/760/10 289/761/12 291/762/14 293/763/16 295/764/18 297/765/20 299/766/22 301/767/24 303/768/26
f 305/769/7 306/770/8 308/771/9 307/772/10
f 307/773/10 308/774/9 310/775/11 309/776/12
f 309/776/12 310/775/11 312/777/13 311/778/14
f 311/778/14 312/777/13 314/779/15 313/780/16
f 313/781/16 314/782/15 316/783/17 315/784/18
f 315/784/18 316/783/17 318/785/19 317/786/20
f 317/787/20 318/788/19 320/789/21 319/790/22
f 319/790/22 320/789/21 322/791/23 321/792/24
f 308/793/9 306/794/8 324/795/25 322/796/23 320/797/21 318/798/19 316/799/17 314/800/15 312/801/13 310/802/11
f 321/792/24 322/791/23 324/803/25 323/804/26
f 323/805/26 324/806/25 306/770/8 305/769/7
f 305/807/7 307/808/10 309/809/12 311/810/14 313/811/16 315/812/18 317/813/20 319/814/22 321/815/24 323/816/26
f 325/817/7 326/818/8 328/819/9 327/820/10
f 327/821/10 328/822/9 330/823/11 329/824/12
f 329/824/12 330/823/11 332/825/13 331/826/14
f 331/826/14 332/825/13 334/827/15 333/828/16
f 333/829/16 334/830/15 336/831/17 335/832/18
f 335/832/18 336/831/17 338/833/19 337/834/20
f 337/835/20 338/836/19 340/837/21 339/838/22
f 339/838/22 340/837/21 342/839/23 341/840/24
f 328/841/9 326/842/8 344/843/25 342/844/23 340/845/21 338/846/19 336/847/17 334/848/15 332/849/13 330/850/11
f 341/840/24 342/839/23 344/851/25 343/852/26
f 343/853/26 344/854/25 326/818/8 325/817/7
f 325/855/7 327/856/10 329/857/12 331/858/14 333/859/16 335/860/18 337/861/20 339/862/22 341/863/24 343/864/26
f 345/865/7 346/866/8 348/867/9 347/868/10
f 347/869/10 348/870/9 350/871/11 349/872/12
f 349/872/12 350/871/11 352/873/13 351/874/14
f 351/874/14 352/873/13 354/875/15 353/876/16
f 353/877/16 354/878/15 356/879/17 355/880/18
f 355/880/18 356/879/17 358/881/19 357/882/20
f 357/883/20 358/884/19 360/885/21 359/886/22
f 359/886/22 360/885/21 362/887/23 361/888/24
f 348/889/9 346/890/8 364/891/25 362/892/23 360/893/21 358/894/19 356/895/17 354/896/15 352/897/13 350/898/11
f 361/888/24 362/887/23 364/899/25 363/900/26
f 363/901/26 364/902/25 346/866/8 345/865/7
f 345/903/7 347/904/10 349/905/12 351/906/14 353/907/16 355/908/18 357/909/20 359/910/22 361/911/24 363/912/26
f 365/913/7 366/914/8 368/915/9 367/916/10
f 367/917/10 368/918/9 370/919/11 369/920/12
f 369/920/12 370/919/11 372/921/13 371/922/14
f 371/922/14 372/921/13 374/923/15 373/924/16
f 373/925/16 374/926/15 376/927/17 375/928/18
f 375/928/18 376/927/17 378/929/19 377/930/20
f 377/931/20 378/932/19 380/933/21 379/934/22
f 379/934/22 380/933/21 382/935/23 381/936/24
f 368/937/9 366/938/8 384/939/25 382/940/23 380/941/21 378/942/19 376/943/17 374/944/15 372/945/13 370/946/11
f 381/936/24 382/935/23 384/947/25 383/948/26
f 383/949/26 384/950/25 366/914/8 365/913/7
f 365/951/7 367/952/10 369/953/12 371/954/14 373/955/16 375/956/18 377/957/20 379/958/22 381/959/24 383/960/26
f 385/961/7 386/962/8 388/963/9 387/964/10
f 387/965/10 388/966/9 390/967/11 389/968/12
f 389/968/12 390/967/11 392/969/13 391/970/14
f 391/970/14 392/969/13 394/971/15 393/972/16
f 393/973/16 394/974/15 396/975/17 395/976/18
f 395/976/18 396/975/17 398/977/19 397/978/20
f 397/979/20 398/980/19 400/981/21 399/982/22
f 399/982/22 400/981/21 402/983/23 401/984/24
f 388/985/9 386/986/8 404/987/25 402/988/23 400/989/21 398/990/19 396/991/17 394/992/15 392/993/13 390/994/11
f 401/984/24 402/983/23 404/995/25 403/996/26
f 403/997/26 404/998/25 386/962/8 385/961/7
f 385/999/7 387/1000/10 389/1001/12 391/1002/14 393/1003/16 395/1004/18 397/1005/20 399/1006/22 401/1007/24 403/1008/26
f 405/1009/7 406/1010/8 408/1011/9 407/1012/10
f 407/1013/10 408/1014/9 410/1015/11 409/1016/12
f 409/1016/12 410/1015/11 412/1017/13 411/1018/14
f 411/1018/14 412/1017/13 414/1019/15 413/1020/16
f 413/1021/16 414/1022/15 416/1023/17 415/1024/18
f 415/1024/18 416/1023/17 418/1025/19 417/1026/20
f 417/1027/20 418/1028/19 420/1029/21 419/1030/22
f 419/1030/22 420/1029/21 422/1031/23 421/1032/24
f 408/1033/9 406/1034/8 424/1035/25 422/1036/23 420/1037/21 418/1038/19 416/1039/17 414/1040/15 412/1041/13 410/1042/11
f 421/1032/24 422/1031/23 424/1043/25 423/1044/26
f 423/1045/26 424/1046/25 406/1010/8 405/1009/7
f 405/1047/7 407/1048/10 409/1049/12 411/1050/14 413/1051/16 415/1052/18 417/1053/20 419/1054/22 421/1055/24 423/1056/26
s 0
f 425/1057/1 426/1058/1 428/1059/1 427/1060/1
f 427/1061/2 428/1062/2 432/1063/2 431/1064/2
f 431/1065/3 432/1066/3 430/1067/3 429/1068/3
f 429/1069/4 430/1070/4 426/1071/4 425/1072/4
f 427/1073/5 431/1074/5 429/1075/5 425/1076/5
f 432/1077/6 428/1078/6 426/1079/6 430/1080/6
f 433/1081/1 434/1082/1 436/1083/1 435/1084/1
f 435/1085/2 436/1086/2 440/1087/2 439/1088/2
f 439/1089/3 440/1090/3 438/1091/3 437/1092/3
f 437/1093/4 438/1094/4 434/1095/4 433/1096/4
f 435/1097/5 439/1098/5 437/1099/5 433/1100/5
f 440/1101/6 436/1102/6 434/1103/6 438/1104/6
f 441/1105/1 442/1106/1 444/1107/1 443/1108/1
f 443/1109/2 444/1110/2 448/1111/2 447/1112/2
f 447/1113/3 448/1114/3 446/1115/3 445/1116/3
f 445/1117/4 446/1118/4 442/1119/4 441/1120/4
f 443/1121/5 447/1122/5 445/1123/5 441/1124/5
f 448/1125/6 444/1126/6 442/1127/6 446/1128/6
f 449/1129/1 450/1130/1 452/1131/1 451/1132/1
f 451/1133/2 452/1134/2 456/1135/2 455/1136/2
f 455/1137/3 456/1138/3 454/1139/3 453/1140/3
f 453/1141/4 454/1142/4 450/1143/4 449/1144/4
f 451/1145/5 455/1146/5 453/1147/5 449/1148/5
f 456/1149/6 452/1150/6 450/1151/6 454/1152/6
f 457/1153/1 458/1154/1 460/1155/1 459/1156/1
f 459/1157/2 460/1158/2 464/1159/2 463/1160/2
f 463/1161/3 464/1162/3 462/1163/3 461/1164/3
f 461/1165/4 462/1166/4 458/1167/4 457/1168/4
f 459/1169/5 463/1170/5 461/1171/5 457/1172/5
f 464/1173/6 460/1174/6 458/1175/6 462/1176/6
f 465/1177/1 466/1178/1 468/1179/1 467/1180/1
f 467/1181/2 468/1182/2 472/1183/2 471/1184/2
f 471/1185/3 472/1186/3 470/1187/3 469/1188/3
f 469/1189/4 470/1190/4 466/1191/4 465/1192/4
f 467/1193/5 471/1194/5 469/1195/5 465/1196/5
f 472/1197/6 468/1198/6 466/1199/6 470/1200/6
f 473/1201/1 474/1202/1 476/1203/1 475/1204/1
f 475/1205/2 476/1206/2 480/1207/2 479/1208/2
f 479/1209/3 480/1210/3 478/1211/3 477/1212/3
f 477/1213/4 478/1214/4 474/1215/4 473/1216/4
f 475/1217/5 479/1218/5 477/1219/5 473/1220/5
f 480/1221/6 476/1222/6 474/1223/6 478/1224/6
f 481/1225/1 482/1226/1 484/1227/1 483/1228/1
f 483/1229/2 484/1230/2 488/1231/2 487/1232/2
f 487/1233/3 488/1234/3 486/1235/3 485/1236/3
f 485/1237/4 486/1238/4 482/1239/4 481/1240/4
f 483/1241/5 487/1242/5 485/1243/5 481/1244/5
f 488/1245/6 484/1246/6 482/1247/6 486/1248/6
f 489/1249/1 490/1250/1 492/1251/1 491/1252/1
f 491/1253/2 492/1254/2 496/1255/2 495/1256/2
f 495/1257/3 496/1258/3 494/1259/3 493/1260/3
f 493/1261/4 494/1262/4 490/1263/4 489/1264/4
f 491/1265/5 495/1266/5 493/1267/5 489/1268/5
f 496/1269/6 492/1270/6 490/1271/6 494/1272/6
f 497/1273/1 498/1274/1 500/1275/1 499/1276/1
f 499/1277/2 500/1278/2 504/1279/2 503/1280/2
f 503/1281/3 504/1282/3 502/1283/3 501/1284/3
f 501/1285/4 502/1286/4 498/1287/4 497/1288/4
f 499/1289/5 503/1290/5 501/1291/5 497/1292/5
f 504/1293/6 500/1294/6 498/1295/6 502/1296/6
f 505/1297/1 506/1298/1 508/1299/1 507/1300/1
f 507/1301/2 508/1302/2 512/1303/2 511/1304/2
f 511/1305/3 512/1306/3 510/1307/3 509/1308/3
f 509/1309/4 510/1310/4 506/1311/4 505/1312/4
f 507/1313/5 511/1314/5 509/1315/5 505/1316/5
f 512/1317/6 508/1318/6 506/1319/6 510/1320/6
f 513/1321/1 514/1322/1 516/1323/1 515/1324/1
f 515/1325/27 516/1326/27 520/1327/27 519/1328/27
f 519/1329/3 520/1330/3 518/1331/3 517/1332/3
f 517/1333/28 518/1334/28 514/1335/28 513/1336/28
f 515/1337/29 519/1338/29 517/1339/29 513/1340/29
f 520/1341/30 516/1342/30 514/1343/30 518/1344/30
f 521/1345/1 522/1346/1 524/1347/1 523/1348/1
f 523/1349/27 524/1350/27 528/1351/27 527/1352/27
f 527/1353/3 528/1354/3 526/1355/3 525/1356/3
f 525/1357/28 526/1358/28 522/1359/28 521/1360/28
f 523/1361/29 527/1362/29 525/1363/29 521/1364/29
f 528/1365/30 524/1366/30 522/1367/30 526/1368/30
f 529/1369/1 530/1370/1 532/1371/1 531/1372/1
f 531/1373/27 532/1374/27 536/1375/27 535/1376/27
f 535/1377/3 536/1378/3 534/1379/3 533/1380/3
f 533/1381/28 534/1382/28 530/1383/28 529/1384/28
f 531/1385/29 535/1386/29 533/1387/29 529/1388/29
f 536/1389/30 532/1390/30 530/1391/30 534/1392/30
f 537/1393/1 538/1394/1 540/1395/1 539/1396/1
f 539/1397/27 540/1398/27 544/1399/27 543/1400/27
f 543/1401/3 544/1402/3 542/1403/3 541/1404/3
f 541/1405/28 542/1406/28 538/1407/28 537/1408/28
f 539/1409/29 543/1410/29 541/1411/29 537/1412/29
f 544/1413/30 540/1414/30 538/1415/30 542/1416/30
f 545/1417/31 546/1418/31 548/1419/31 547/1420/31
f 547/1421/32 548/1422/32 552/1423/32 551/1424/32
f 551/1425/33 552/1426/33 550/1427/33 549/1428/33
f 549/1429/34 550/1430/34 546/1431/34 545/1432/34
f 547/1433/35 551/1434/35 549/1435/35 545/1436/35
f 552/1437/36 548/1438/36 546/1439/36 550/1440/36
f 553/1441/1 554/1442/1 556/1443/1 555/1444/1
f 555/1445/27 556/1446/27 560/1447/27 559/1448/27
f 559/1449/3 560/1450/3 558/1451/3 557/1452/3
f 557/1453/28 558/1454/28 554/1455/28 553/1456/28
f 555/1457/29 559/1458/29 557/1459/29 553/1460/29
f 560/1461/30 556/1462/30 554/1463/30 558/1464/30
f 561/1465/1 562/1466/1 564/1467/1 563/1468/1
f 563/1469/27 564/1470/27 568/1471/27 567/1472/27
f 567/1473/3 568/1474/3 566/1475/3 565/1476/3
f 565/1477/28 566/1478/28 562/1479/28 561/1480/28
f 563/1481/29 567/1482/29 565/1483/29 561/1484/29
f 568/1485/30 564/1486/30 562/1487/30 566/1488/30
f 569/1489/1 570/1490/1 572/1491/1 571/1492/1
f 571/1493/2 572/1494/2 576/1495/2 575/1496/2
f 575/1497/3 576/1498/3 574/1499/3 573/1500/3
f 573/1501/4 574/1502/4 570/1503/4 569/1504/4
f 571/1505/5 575/1506/5 573/1507/5 569/1508/5
f 576/1509/6 572/1510/6 570/1511/6 574/1512/6
f 577/1513/1 578/1514/1 580/1515/1 579/1516/1
f 579/1517/2 580/1518/2 584/1519/2 583/1520/2
f 583/1521/3 584/1522/3 582/1523/3 581/1524/3
f 581/1525/4 582/1526/4 578/1527/4 577/1528/4
f 579/1529/5 583/1530/5 581/1531/5 577/1532/5
f 584/1533/6 580/1534/6 578/1535/6 582/1536/6
f 585/1537/1 586/1538/1 588/1539/1 587/1540/1
f 587/1541/2 588/1542/2 592/1543/2 591/1544/2
f 591/1545/3 592/1546/3 590/1547/3 589/1548/3
f 589/1549/4 590/1550/4 586/1551/4 585/1552/4
f 587/1553/5 591/1554/5 589/1555/5 585/1556/5
f 592/1557/6 588/1558/6 586/1559/6 590/1560/6
f 593/1561/1 594/1562/1 596/1563/1 595/1564/1
f 595/1565/2 596/1566/2 600/1567/2 599/1568/2
f 599/1569/3 600/1570/3 598/1571/3 597/1572/3
f 597/1573/4 598/1574/4 594/1575/4 593/1576/4
f 595/1577/5 599/1578/5 597/1579/5 593/1580/5
f 600/1581/6 596/1582/6 594/1583/6 598/1584/6
f 609/1585/4 601/1586/4 610/1587/4
f 601/1586/4 611/1588/4 610/1587/4
f 601/1586/4 612/1589/4 611/1588/4
f 609/1585/4 602/1590/4 601/1586/4
f 609/1585/4 605/1591/4 602/1590/4
f 605/1591/4 603/1592/4 602/1590/4
f 605/1591/4 604/1593/4 603/1592/4
f 609/1585/4 606/1594/4 605/1591/4
f 609/1585/4 607/1595/4 606/1594/4
f 609/1585/4 608/1596/4 607/1595/4
f 619/1597/4 613/1598/4 620/1599/4
f 613/1598/4 621/1600/4 620/1599/4
f 613/1598/4 622/1601/4 621/1600/4
f 619/1597/4 614/1602/4 613/1598/4
f 619/1597/4 617/1603/4 614/1602/4
f 617/1603/4 615/1604/4 614/1602/4
f 617/1603/4 616/1605/4 615/1604/4
f 619/1597/4 618/1606/4 617/1603/4
f 627/1607/4 629/1608/4 628/1609/4
f 627/1607/4 632/1610/4 629/1608/4
f 632/1610/4 630/1611/4 629/1608/4
f 627/1607/4 633/1612/4 632/1610/4
f 631/1613/4 630/1611/4 632/1610/4
f 627/1607/4 625/1614/4 633/1612/4
f 625/1614/4 631/1613/4 633/1612/4
f 625/1614/4 624/1615/4 631/1613/4
f 624/1615/4 630/1611/4 631/1613/4
f 627/1607/4 626/1616/4 625/1614/4
f 623/1617/4 630/1611/4 624/1615/4
f 717/1618/37 719/1619/37 718/1620/37
f 717/1618/38 720/1621/38 719/1619/38
f 717/1618/39 721/1622/39 720/1621/39
f 716/1623/4 721/1622/4 717/1618/4
f 716/1623/38 722/1624/38 721/1622/38
f 716/1623/39 723/1625/39 722/1624/39
f 716/1623/38 724/1626/38 723/1625/38
f 715/1627/4 724/1626/4 716/1623/4
f 715/1627/4 725/1628/4 724/1626/4
f 715/1627/4 726/1629/4 725/1628/4
f 715/1627/4 727/1630/4 726/1629/4
f 714/1631/4 727/1630/4 715/1627/4
f 714/1631/4 728/1632/4 727/1630/4
f 714/1631/4 729/1633/4 728/1632/4
f 714/1631/4 730/1634/4 729/1633/4
f 713/1635/4 730/1634/4 714/1631/4
f 713/1635/4 643/1636/4 730/1634/4
f 643/1636/4 642/1637/4 730/1634/4
f 642/1637/38 641/1638/38 730/1634/38
f 641/1638/4 640/1639/4 730/1634/4
f 640/1639/4 639/1640/4 730/1634/4
f 639/1640/4 638/1641/4 730/1634/4
f 638/1641/4 637/1642/4 730/1634/4
f 637/1642/4 636/1643/4 730/1634/4
f 636/1643/4 635/1644/4 730/1634/4
f 635/1644/4 634/1645/4 730/1634/4
f 634/1645/4 731/1646/4 730/1634/4
f 712/1647/4 645/1648/4 713/1635/4
f 645/1648/4 644/1649/4 713/1635/4
f 644/1649/4 643/1636/4 713/1635/4
f 712/1647/40 646/1650/40 645/1648/40
f 712/1647/4 647/1651/4 646/1650/4
f 712/1647/4 648/1652/4 647/1651/4
f 711/1653/4 648/1652/4 712/1647/4
f 711/1653/4 649/1654/4 648/1652/4
f 711/1653/4 650/1655/4 649/1654/4
f 710/1656/4 650/1655/4 711/1653/4
f 710/1656/4 651/1657/4 650/1655/4
f 710/1656/4 652/1658/4 651/1657/4
f 709/1659/4 652/1658/4 710/1656/4
f 709/1659/4 653/1660/4 652/1658/4
f 708/1661/4 653/1660/4 709/1659/4
f 708/1661/4 654/1662/4 653/1660/4
f 708/1661/4 655/1663/4 654/1662/4
f 707/1664/4 655/1663/4 708/1661/4
f 707/1664/4 656/1665/4 655/1663/4
f 706/1666/4 656/1665/4 707/1664/4
f 706/1666/4 657/1667/4 656/1665/4
f 706/1666/4 658/1668/4 657/1667/4
f 705/1669/4 658/1668/4 706/1666/4
f 705/1669/4 659/1670/4 658/1668/4
f 704/1671/4 659/1670/4 705/1669/4
f 704/1671/4 660/1672/4 659/1670/4
f 703/1673/4 660/1672/4 704/1671/4
f 703/1673/4 661/1674/4 660/1672/4
f 702/1675/4 661/1674/4 703/1673/4
f 702/1675/4 662/1676/4 661/1674/4
f 701/1677/4 662/1676/4 702/1675/4
f 701/1677/4 663/1678/4 662/1676/4
f 680/1679/4 682/1680/4 681/1681/4
f 701/1677/4 664/1682/4 663/1678/4
f 679/1683/4 682/1680/4 680/1679/4
f 700/1684/4 664/1682/4 701/1677/4
f 678/1685/4 682/1680/4 679/1683/4
f 700/1684/4 665/1686/4 664/1682/4
f 677/1687/4 682/1680/4 678/1685/4
f 676/1688/4 682/1680/4 677/1687/4
f 700/1684/4 666/1689/4 665/1686/4
f 675/1690/4 682/1680/4 676/1688/4
f 699/1691/4 666/1689/4 700/1684/4
f 674/1692/4 682/1680/4 675/1690/4
f 699/1691/4 667/1693/4 666/1689/4
f 673/1694/39 682/1680/39 674/1692/39
f 672/1695/38 682/1680/38 673/1694/38
f 699/1691/4 668/1696/4 667/1693/4
f 671/1697/4 682/1680/4 672/1695/4
f 670/1698/4 682/1680/4 671/1697/4
f 699/1691/39 669/1699/39 668/1696/39
f 669/1699/38 682/1680/38 670/1698/38
f 699/1691/4 682/1680/4 669/1699/4
f 698/1700/4 682/1680/4 699/1691/4
f 698/1700/4 683/1701/4 682/1680/4
f 697/1702/4 683/1701/4 698/1700/4
f 697/1702/4 684/1703/4 683/1701/4
f 697/1702/4 685/1704/4 684/1703/4
f 697/1702/4 686/1705/4 685/1704/4
f 696/1706/4 686/1705/4 697/1702/4
f 696/1706/4 687/1707/4 686/1705/4
f 696/1706/4 688/1708/4 687/1707/4
f 696/1706/4 689/1709/4 688/1708/4
f 695/1710/4 689/1709/4 696/1706/4
f 695/1710/4 690/1711/4 689/1709/4
f 695/1710/38 691/1712/38 690/1711/38
f 695/1710/4 692/1713/4 691/1712/4
f 694/1714/4 692/1713/4 695/1710/4
f 694/1714/4 693/1715/4 692/1713/4
f 740/1716/2 741/1717/2 732/1718/2
f 732/1718/2 741/1717/2 742/1719/2
f 732/1718/2 742/1719/2 743/1720/2
f 740/1716/2 732/1718/2 733/1721/2
f 740/1716/2 733/1721/2 736/1722/2
f 736/1722/2 733/1721/2 734/1723/2
f 736/1722/2 734/1723/2 735/1724/2
f 740/1716/2 736/1722/2 737/1725/2
f 740/1716/2 737/1725/2 738/1726/2
f 740/1716/2 738/1726/2 739/1727/2
f 750/1728/2 751/1729/2 744/1730/2
f 744/1730/2 751/1729/2 752/1731/2
f 744/1730/2 752/1731/2 753/1732/2
f 750/1728/2 744/1730/2 745/1733/2
f 750/1728/2 745/1733/2 748/1734/2
f 748/1734/2 745/1733/2 746/1735/2
f 748/1734/2 746/1735/2 747/1736/2
f 750/1728/2 748/1734/2 749/1737/2
f 758/1738/2 759/1739/2 760/1740/2
f 758/1738/2 760/1740/2 763/1741/2
f 763/1741/2 760/1740/2 761/1742/2
f 758/1738/2 763/1741/2 764/1743/2
f 762/1744/2 763/1741/2 761/1742/2
f 758/1738/2 764/1743/2 756/1745/2
f 756/1745/2 764/1743/2 762/1744/2
f 756/1745/2 762/1744/2 755/1746/2
f 755/1746/2 762/1744/2 761/1742/2
f 758/1738/2 756/1745/2 757/1747/2
f 754/1748/2 755/1746/2 761/1742/2
f 848/1749/41 849/1750/41 850/1751/41
f 848/1749/42 850/1751/42 851/1752/42
f 848/1749/2 851/1752/2 852/1753/2
f 847/1754/42 848/1749/42 852/1753/42
f 847/1754/43 852/1753/43 853/1755/43
f 847/1754/2 853/1755/2 854/1756/2
f 847/1754/2 854/1756/2 855/1757/2
f 846/1758/2 847/1754/2 855/1757/2
f 846/1758/2 855/1757/2 856/1759/2
f 846/1758/2 856/1759/2 857/1760/2
f 846/1758/2 857/1760/2 858/1761/2
f 845/1762/2 846/1758/2 858/1761/2
f 845/1762/2 858/1761/2 859/1763/2
f 845/1762/2 859/1763/2 860/1764/2
f 845/1762/2 860/1764/2 861/1765/2
f 844/1766/2 845/1762/2 861/1765/2
f 844/1766/2 861/1765/2 774/1767/2
f 774/1767/2 861/1765/2 773/1768/2
f 773/1768/2 861/1765/2 772/1769/2
f 772/1769/2 861/1765/2 771/1770/2
f 771/1770/2 861/1765/2 770/1771/2
f 770/1771/2 861/1765/2 769/1772/2
f 769/1772/2 861/1765/2 768/1773/2
f 768/1773/2 861/1765/2 767/1774/2
f 767/1774/2 861/1765/2 766/1775/2
f 766/1775/2 861/1765/2 765/1776/2
f 765/1776/2 861/1765/2 862/1777/2
f 843/1778/2 844/1766/2 776/1779/2
f 776/1779/2 844/1766/2 775/1780/2
f 775/1780/2 844/1766/2 774/1767/2
f 843/1778/44 776/1779/44 777/1781/44
f 843/1778/42 777/1781/42 778/1782/42
f 843/1778/2 778/1782/2 779/1783/2
f 842/1784/2 843/1778/2 779/1783/2
f 842/1784/2 779/1783/2 780/1785/2
f 842/1784/2 780/1785/2 781/1786/2
f 841/1787/2 842/1784/2 781/1786/2
f 841/1787/2 781/1786/2 782/1788/2
f 841/1787/2 782/1788/2 783/1789/2
f 840/1790/2 841/1787/2 783/1789/2
f 840/1790/2 783/1789/2 784/1791/2
f 839/1792/2 840/1790/2 784/1791/2
f 839/1792/2 784/1791/2 785/1793/2
f 839/1792/2 785/1793/2 786/1794/2
f 838/1795/2 839/1792/2 786/1794/2
f 838/1795/2 786/1794/2 787/1796/2
f 837/1797/2 838/1795/2 787/1796/2
f 837/1797/2 787/1796/2 788/1798/2
f 837/1797/2 788/1798/2 789/1799/2
f 836/1800/2 837/1797/2 789/1799/2
f 836/1800/2 789/1799/2 790/1801/2
f 835/1802/2 836/1800/2 790/1801/2
f 835/1802/2 790/1801/2 791/1803/2
f 834/1804/2 835/1802/2 791/1803/2
f 834/1804/2 791/1803/2 792/1805/2
f 833/1806/2 834/1804/2 792/1805/2
f 833/1806/2 792/1805/2 793/1807/2
f 832/1808/2 833/1806/2 793/1807/2
f 832/1808/2 793/1807/2 794/1809/2
f 811/1810/2 812/1811/2 813/1812/2
f 832/1808/2 794/1809/2 795/1813/2
f 810/1814/2 811/1810/2 813/1812/2
f 831/1815/2 832/1808/2 795/1813/2
f 809/1816/2 810/1814/2 813/1812/2
f 831/1815/2 795/1813/2 796/1817/2
f 808/1818/2 809/1816/2 813/1812/2
f 807/1819/2 808/1818/2 813/1812/2
f 831/1815/2 796/1817/2 797/1820/2
f 806/1821/2 807/1819/2 813/1812/2
f 830/1822/2 831/1815/2 797/1820/2
f 805/1823/2 806/1821/2 813/1812/2
f 830/1822/2 797/1820/2 798/1824/2
f 804/1825/2 805/1823/2 813/1812/2
f 803/1826/2 804/1825/2 813/1812/2
f 830/1822/2 798/1824/2 799/1827/2
f 802/1828/2 803/1826/2 813/1812/2
f 801/1829/2 802/1828/2 813/1812/2
f 830/1822/2 799/1827/2 800/1830/2
f 800/1830/2 801/1829/2 813/1812/2
f 830/1822/2 800/1830/2 813/1812/2
f 829/1831/2 830/1822/2 813/1812/2
f 829/1831/2 813/1812/2 814/1832/2
f 828/1833/2 829/1831/2 814/1832/2
f 828/1833/2 814/1832/2 815/1834/2
f 828/1833/2 815/1834/2 816/1835/2
f 828/1833/2 816/1835/2 817/1836/2
f 827/1837/2 828/1833/2 817/1836/2
f 827/1837/2 817/1836/2 818/1838/2
f 827/1837/2 818/1838/2 819/1839/2
f 827/1837/41 819/1839/41 820/1840/41
f 826/1841/2 827/1837/2 820/1840/2
f 826/1841/2 820/1840/2 821/1842/2
f 826/1841/41 821/1842/41 822/1843/41
f 826/1841/42 822/1843/42 823/1844/42
f 825/1845/2 826/1841/2 823/1844/2
f 825/1845/2 823/1844/2 824/1846/2
s 1
f 864/1847/45 866/1848/46 865/1849/46 863/1850/45
f 866/1848/46 868/1851/47 867/1852/47 865/1849/46
f 868/1851/47 870/1853/48 869/1854/48 867/1852/47
f 870/1853/48 872/1855/49 871/1856/49 869/1854/48
f 872/1855/49 874/1857/50 873/1858/50 871/1856/49
f 874/1857/50 876/1859/51 875/1860/51 873/1858/50
f 876/1859/51 878/1861/52 877/1862/52 875/1860/51
f 878/1861/52 880/1863/53 879/1864/53 877/1862/52
f 880/1863/53 882/1865/54 881/1866/54 879/1864/53
f 882/1865/54 884/1867/55 883/1868/55 881/1866/54
f 884/1867/55 886/1869/56 885/1870/56 883/1868/55
f 886/1869/56 888/1871/57 887/1872/57 885/1870/56
f 888/1871/57 890/1873/58 889/1874/58 887/1872/57
f 890/1873/58 892/1875/59 891/1876/59 889/1874/58
f 892/1875/59 894/1877/60 893/1878/60 891/1876/59
f 894/1877/60 896/1879/61 895/1880/61 893/1878/60
f 896/1879/61 898/1881/62 897/1882/62 895/1880/61
f 898/1883/62 900/1884/63 899/1885/63 897/1886/62
f 900/1884/63 902/1887/64 901/1888/64 899/1885/63
f 902/1887/64 904/1889/65 903/1890/65 901/1888/64
f 904/1889/65 906/1891/66 905/1892/66 903/1890/65
f 906/1891/66 908/1893/67 907/1894/67 905/1892/66
f 908/1893/67 910/1895/68 909/1896/68 907/1894/67
f 910/1895/68 912/1897/69 911/1898/69 909/1896/68
f 912/1897/69 914/1899/70 913/1900/70 911/1898/69
f 914/1899/70 916/1901/71 915/1902/71 913/1900/70
f 916/1901/71 918/1903/72 917/1904/72 915/1902/71
f 918/1903/72 920/1905/73 919/1906/73 917/1904/72
f 920/1905/73 922/1907/74 921/1908/74 919/1906/73
f 922/1909/74 924/1910/75 923/1911/75 921/1912/74
f 924/1910/75 926/1913/76 925/1914/76 923/1911/75
f 926/1913/76 928/1915/77 927/1916/77 925/1914/76
f 928/1915/77 930/1917/78 929/1918/78 927/1916/77
f 930/1917/78 932/1919/79 931/1920/79 929/1918/78
f 932/1919/79 934/1921/80 933/1922/80 931/1920/79
f 934/1921/80 936/1923/81 935/1924/81 933/1922/80
f 936/1923/81 938/1925/82 937/1926/82 935/1924/81
f 938/1925/82 940/1927/83 939/1928/83 937/1926/82
f 940/1927/83 942/1929/84 941/1930/84 939/1928/83
f 942/1929/84 944/1931/85 943/1932/85 941/1930/84
f 944/1931/85 946/1933/86 945/1934/86 943/1932/85
f 946/1933/86 948/1935/87 947/1936/87 945/1934/86
f 948/1935/87 950/1937/88 949/1938/88 947/1936/87
f 950/1937/88 952/1939/89 951/1940/89 949/1938/88
f 952/1939/89 954/1941/90 953/1942/90 951/1940/89
f 954/1941/90 956/1943/91 955/1944/91 953/1942/90
f 956/1943/91 958/1945/92 957/1946/92 955/1944/91
f 958/1947/92 960/1948/93 959/1949/93 957/1950/92
f 960/1951/93 962/1952/94 961/1953/94 959/1954/93
f 962/1952/94 964/1955/95 963/1956/95 961/1953/94
f 964/1955/95 966/1957/96 965/1958/96 963/1956/95
f 966/1957/96 968/1959/97 967/1960/97 965/1958/96
f 968/1959/97 970/1961/98 969/1962/98 967/1960/97
f 970/1961/98 972/1963/99 971/1964/99 969/1962/98
f 972/1963/99 974/1965/100 973/1966/100 971/1964/99
f 974/1965/100 976/1967/101 975/1968/101 973/1966/100
f 976/1967/101 978/1969/102 977/1970/102 975/1968/101
f 978/1969/102 980/1971/103 979/1972/103 977/1970/102
f 980/1971/103 982/1973/104 981/1974/104 979/1972/103
f 982/1973/104 984/1975/105 983/1976/105 981/1974/104
f 984/1975/105 986/1977/106 985/1978/106 983/1976/105
f 986/1977/106 988/1979/107 987/1980/107 985/1978/106
f 988/1979/107 990/1981/108 989/1982/108 987/1980/107
f 990/1981/108 992/1983/109 991/1984/109 989/1982/108
f 992/1983/109 994/1985/110 993/1986/110 991/1984/109
f 994/1985/110 996/1987/111 995/1988/111 993/1986/110
f 996/1989/111 998/1990/112 997/1991/112 995/1992/111
f 998/1990/112 1000/1993/113 999/1994/113 997/1991/112
f 1000/1993/113 1002/1995/114 1001/1996/114 999/1994/113
f 1002/1995/114 1004/1997/115 1003/1998/115 1001/1996/114
f 1004/1997/115 1006/1999/116 1005/2000/116 1003/1998/115
f 1006/1999/116 1008/2001/117 1007/2002/117 1005/2000/116
f 1008/2001/117 1010/2003/118 1009/2004/118 1007/2002/117
f 1010/2003/118 1012/2005/119 1011/2006/119 1009/2004/118
f 1012/2005/119 1014/2007/120 1013/2008/120 1011/2006/119
f 1014/2007/120 1016/2009/121 1015/2010/121 1013/2008/120
f 1016/2009/121 1018/2011/122 1017/2012/122 1015/2010/121
f 1018/2011/122 1020/2013/123 1019/2014/123 1017/2012/122
f 1020/2015/123 1022/2016/124 1021/2017/124 1019/2018/123
f 1022/2016/124 1024/2019/125 1023/2020/125 1021/2017/124
f 1024/2019/125 1026/2021/126 1025/2022/126 1023/2020/125
f 1026/2021/126 1028/2023/127 1027/2024/127 1025/2022/126
f 1028/2023/127 1030/2025/128 1029/2026/128 1027/2024/127
f 1030/2025/128 1032/2027/129 1031/2028/129 1029/2026/128
f 1032/2027/129 1034/2029/130 1033/2030/130 1031/2028/129
f 1034/2029/130 1036/2031/131 1035/2032/131 1033/2030/130
f 1036/2031/131 1038/2033/132 1037/2034/132 1035/2032/131
f 1038/2033/132 1040/2035/133 1039/2036/133 1037/2034/132
f 1040/2035/133 1042/2037/134 1041/2038/134 1039/2036/133
f 1042/2037/134 1044/2039/135 1043/2040/135 1041/2038/134
f 1044/2039/135 1046/2041/136 1045/2042/136 1043/2040/135
f 1046/2041/136 1048/2043/137 1047/2044/137 1045/2042/136
f 1048/2043/137 1050/2045/138 1049/2046/138 1047/2044/137
f 1050/2045/138 1052/2047/139 1051/2048/139 1049/2046/138
f 1052/2047/139 1054/2049/140 1053/2050/140 1051/2048/139
f 1054/2049/140 1056/2051/141 1055/2052/141 1053/2050/140
f 1056/2053/141 1058/2054/142 1057/2055/142 1055/2056/141
f 1058/2057/142 864/1847/45 863/1850/45 1057/2058/142
f 1060/2059/143 1062/2060/143 1061/2061/143 1059/2062/143
f 1062/2063/143 1064/2064/144 1063/2065/144 1061/2066/143
f 1064/2067/144 1066/2068/144 1065/2069/144 1063/2070/144
f 1066/2071/144 1068/2072/145 1067/2073/145 1065/2074/144
f 1068/2075/145 1070/2076/146 1069/2077/146 1067/2078/145
f 1070/2079/146 1072/2080/147 1071/2081/147 1069/2082/146
f 1072/2083/147 1074/2084/148 1073/2085/148 1071/2086/147
f 1074/2087/148 1060/2088/143 1059/2089/143 1073/2090/148
f 1076/2091/149 1078/2092/150 1077/2093/150 1075/2094/149
f 1078/2095/150 1080/2096/151 1079/2097/151 1077/2098/150
f 1080/2099/151 1076/2100/149 1075/2101/149 1079/2102/151
f 1082/2103/152 1084/2104/153 1083/2105/153 1081/2106/152
f 1084/2107/153 1086/2108/153 1085/2109/153 1083/2110/153
f 1086/2111/153 1088/2112/152 1087/2113/152 1085/2114/153
f 1088/2115/152 1090/2116/152 1089/2117/152 1087/2118/152
f 1090/2119/152 1092/2120/152 1091/2121/152 1089/2122/152
f 1092/2123/152 1094/2124/154 1093/2125/154 1091/2126/152
f 1094/2127/154 1096/2128/155 1095/2129/155 1093/2130/154
f 1096/2131/155 1098/2132/153 1097/2133/153 1095/2134/155
f 1098/2135/153 1100/2136/152 1099/2137/152 1097/2138/153
f 1100/2139/152 1082/2140/152 1081/2141/152 1099/2142/152
f 1102/2143/152 1104/2144/153 1103/2145/153 1101/2146/152
f 1104/2147/153 1106/2148/153 1105/2149/153 1103/2150/153
f 1106/2151/153 1108/2152/152 1107/2153/152 1105/2154/153
f 1108/2155/152 1110/2156/152 1109/2157/152 1107/2158/152
f 1110/2159/152 1112/2160/153 1111/2161/153 1109/2162/152
f 1112/2163/153 1114/2164/153 1113/2165/153 1111/2166/153
f 1114/2167/153 1116/2168/152 1115/2169/152 1113/2170/153
f 1116/2171/152 1118/2172/154 1117/2173/154 1115/2174/152
f 1118/2175/154 1120/2176/155 1119/2177/155 1117/2178/154
f 1120/2179/155 1122/2180/153 1121/2181/153 1119/2182/155
f 1122/2183/153 1124/2184/152 1123/2185/152 1121/2186/153
f 1124/2187/152 1102/2188/152 1101/2189/152 1123/2190/152
f 1125/2191/156 1126/2192/157 1128/2193/158 1127/2194/159
f 1127/2194/159 1128/2193/158 1130/2195/160 1129/2196/161
f 1129/2197/161 1130/2198/160 1132/2199/162 1131/2200/163
f 1131/2200/163 1132/2199/162 1134/2201/164 1133/2202/165
f 1133/2202/165 1134/2201/164 1136/2203/166 1135/2204/167
f 1135/2204/167 1136/2203/166 1138/2205/168 1137/2206/169
f 1137/2207/169 1138/2208/168 1140/2209/170 1139/2210/171
f 1139/2210/171 1140/2209/170 1142/2211/172 1141/2212/173
f 1141/2212/173 1142/2211/172 1144/2213/174 1143/2214/175
f 1143/2214/175 1144/2213/174 1146/2215/176 1145/2216/177
f 1145/2217/177 1146/2218/176 1148/2219/178 1147/2220/179
f 1147/2220/179 1148/2219/178 1150/2221/180 1149/2222/181
f 1149/2222/181 1150/2221/180 1152/2223/182 1151/2224/183
f 1151/2224/183 1152/2223/182 1154/2225/184 1153/2226/185
f 1128/2227/158 1126/2228/157 1156/2229/186 1154/2230/184 1152/2231/182 1150/2232/180 1148/2233/178 1146/2234/176 1144/2235/174 1142/2236/172 1140/2237/170 1138/2238/168 1136/2239/166 1134/2240/164 1132/2241/162 1130/2242/160
f 1153/2243/185 1154/2244/184 1156/2245/186 1155/2246/187
f 1155/2246/187 1156/2245/186 1126/2192/157 1125/2191/156
f 1125/2247/156 1127/2248/159 1129/2249/161 1131/2250/163 1133/2251/165 1135/2252/167 1137/2253/169 1139/2254/171 1141/2255/173 1143/2256/175 1145/2257/177 1147/2258/179 1149/2259/181 1151/2260/183 1153/2261/185 1155/2262/187
f 1157/2263/3 1165/2264/188 1166/2265/189 1158/2266/190
f 1158/2267/190 1166/2268/189 1167/2269/191 1159/2270/192
f 1159/2270/192 1167/2269/191 1168/2271/193 1160/2272/194
f 1160/2273/194 1168/2274/193 1169/2275/195 1161/2276/1
f 1161/2276/1 1169/2275/195 1170/2277/196 1162/2278/197
f 1162/2279/197 1170/2280/196 1171/2281/198 1163/2282/199
f 1163/2282/199 1171/2281/198 1172/2283/200 1164/2284/201
f 1164/2285/201 1172/2286/200 1165/2264/188 1157/2263/3
f 1165/2264/188 1173/2287/202 1174/2288/203 1166/2265/189
f 1166/2268/189 1174/2289/203 1175/2290/204 1167/2269/191
f 1167/2269/191 1175/2290/204 1176/2291/205 1168/2271/193
f 1168/2274/193 1176/2292/205 1177/2293/206 1169/2275/195
f 1169/2275/195 1177/2293/206 1178/2294/207 1170/2277/196
f 1170/2280/196 1178/2295/207 1179/2296/208 1171/2281/198
f 1171/2281/198 1179/2296/208 1180/2297/209 1172/2283/200
f 1172/2286/200 1180/2298/209 1173/2287/202 1165/2264/188
f 1173/2299/202 1181/2300/210 1182/2301/211 1174/2302/203
f 1174/2289/203 1182/2303/211 1183/2304/212 1175/2290/204
f 1175/2290/204 1183/2304/212 1184/2305/213 1176/2291/205
f 1176/2306/205 1184/2307/213 1185/2308/214 1177/2309/206
f 1177/2309/206 1185/2308/214 1186/2310/215 1178/2311/207
f 1178/2295/207 1186/2312/215 1187/2313/216 1179/2296/208
f 1179/2296/208 1187/2313/216 1188/2314/217 1180/2297/209
f 1180/2315/209 1188/2316/217 1181/2300/210 1173/2299/202
f 1181/2300/210 1189/2317/218 1190/2318/219 1182/2301/211
f 1182/2303/211 1190/2319/219 1191/2320/220 1183/2304/212
f 1183/2304/212 1191/2320/220 1192/2321/221 1184/2305/213
f 1184/2307/213 1192/2322/221 1193/2323/222 1185/2308/214
f 1185/2308/214 1193/2323/222 1194/2324/223 1186/2310/215
f 1186/2312/215 1194/2325/223 1195/2326/224 1187/2313/216
f 1187/2313/216 1195/2326/224 1196/2327/225 1188/2314/217
f 1188/2316/217 1196/2328/225 1189/2317/218 1181/2300/210
f 1189/2317/218 1197/2329/226 1198/2330/227 1190/2318/219
f 1190/2319/219 1198/2331/227 1199/2332/228 1191/2320/220
f 1191/2320/220 1199/2332/228 1200/2333/229 1192/2321/221
f 1192/2322/221 1200/2334/229 1201/2335/230 1193/2323/222
f 1193/2323/222 1201/2335/230 1202/2336/231 1194/2324/223
f 1194/2325/223 1202/2337/231 1203/2338/232 1195/2326/224
f 1195/2326/224 1203/2338/232 1204/2339/233 1196/2327/225
f 1196/2328/225 1204/2340/233 1197/2329/226 1189/2317/218
f 1197/2329/226 1205/2341/234 1206/2342/235 1198/2330/227
f 1198/2331/227 1206/2343/235 1207/2344/236 1199/2332/228
f 1199/2332/228 1207/2344/236 1208/2345/237 1200/2333/229
f 1200/2334/229 1208/2346/237 1209/2347/238 1201/2335/230
f 1201/2335/230 1209/2347/238 1210/2348/239 1202/2336/231
f 1202/2337/231 1210/2349/239 1211/2350/240 1203/2338/232
f 1203/2338/232 1211/2350/240 1212/2351/241 1204/2339/233
f 1204/2340/233 1212/2352/241 1205/2341/234 1197/2329/226
f 1205/2341/234 1213/2353/242 1214/2354/243 1206/2342/235
f 1206/2343/235 1214/2355/243 1215/2356/244 1207/2344/236
f 1207/2344/236 1215/2356/244 1216/2357/245 1208/2345/237
f 1208/2346/237 1216/2358/245 1217/2359/246 1209/2347/238
f 1209/2347/238 1217/2359/246 1218/2360/247 1210/2348/239
f 1210/2349/239 1218/2361/247 1219/2362/248 1211/2350/240
f 1211/2350/240 1219/2362/248 1220/2363/249 1212/2351/241
f 1212/2352/241 1220/2364/249 1213/2353/242 1205/2341/234
f 1213/2365/242 1221/2366/250 1222/2367/251 1214/2368/243
f 1214/2355/243 1222/2369/251 1223/2370/252 1215/2356/244
f 1215/2356/244 1223/2370/252 1224/2371/253 1216/2357/245
f 1216/2372/245 1224/2373/253 1225/2374/254 1217/2375/246
f 1217/2375/246 1225/2374/254 1226/2376/255 1218/2377/247
f 1218/2361/247 1226/2378/255 1227/2379/256 1219/2362/248
f 1219/2362/248 1227/2379/256 1228/2380/257 1220/2363/249
f 1220/2381/249 1228/2382/257 1221/2366/250 1213/2365/242
f 1221/2366/250 1229/2383/1 1230/2384/258 1222/2367/251
f 1222/2369/251 1230/2385/258 1231/2386/259 1223/2370/252
f 1223/2370/252 1231/2386/259 1232/2387/260 1224/2371/253
f 1224/2373/253 1232/2388/260 1233/2389/3 1225/2374/254
f 1225/2374/254 1233/2389/3 1234/2390/261 1226/2376/255
f 1226/2378/255 1234/2391/261 1235/2392/262 1227/2379/256
f 1227/2379/256 1235/2392/262 1236/2393/263 1228/2380/257
f 1228/2382/257 1236/2394/263 1229/2383/1 1221/2366/250
f 1229/2383/1 1237/2395/195 1238/2396/264 1230/2384/258
f 1230/2385/258 1238/2397/264 1239/2398/265 1231/2386/259
f 1231/2386/259 1239/2398/265 1240/2399/266 1232/2387/260
f 1232/2388/260 1240/2400/266 1241/2401/188 1233/2389/3
f 1233/2389/3 1241/2401/188 1242/2402/267 1234/2390/261
f 1234/2391/261 1242/2403/267 1243/2404/268 1235/2392/262
f 1235/2392/262 1243/2404/268 1244/2405/269 1236/2393/263
f 1236/2394/263 1244/2406/269 1237/2395/195 1229/2383/1
f 1237/2395/195 1245/2407/206 1246/2408/270 1238/2396/264
f 1238/2397/264 1246/2409/270 1247/2410/271 1239/2398/265
f 1239/2398/265 1247/2410/271 1248/2411/272 1240/2399/266
f 1240/2400/266 1248/2412/272 1249/2413/202 1241/2401/188
f 1241/2401/188 1249/2413/202 1250/2414/273 1242/2402/267
f 1242/2403/267 1250/2415/273 1251/2416/274 1243/2404/268
f 1243/2404/268 1251/2416/274 1252/2417/275 1244/2405/269
f 1244/2406/269 1252/2418/275 1245/2407/206 1237/2395/195
f 1245/2419/206 1253/2420/214 1254/2421/276 1246/2422/270
f 1246/2409/270 1254/2423/276 1255/2424/277 1247/2410/271
f 1247/2410/271 1255/2424/277 1256/2425/278 1248/2411/272
f 1248/2426/272 1256/2427/278 1257/2428/210 1249/2429/202
f 1249/2429/202 1257/2428/210 1258/2430/279 1250/2431/273
f 1250/2415/273 1258/2432/279 1259/2433/280 1251/2416/274
f 1251/2416/274 1259/2433/280 1260/2434/281 1252/2417/275
f 1252/2435/275 1260/2436/281 1253/2420/214 1245/2419/206
f 1253/2420/214 1261/2437/222 1262/2438/282 1254/2421/276
f 1254/2423/276 1262/2439/282 1263/2440/283 1255/2424/277
f 1255/2424/277 1263/2440/283 1264/2441/284 1256/2425/278
f 1256/2427/278 1264/2442/284 1265/2443/285 1257/2428/210
f 1257/2428/210 1265/2443/285 1266/2444/286 1258/2430/279
f 1258/2432/279 1266/2445/286 1267/2446/287 1259/2433/280
f 1259/2433/280 1267/2446/287 1268/2447/288 1260/2434/281
f 1260/2436/281 1268/2448/288 1261/2437/222 1253/2420/214
f 1261/2437/222 1269/2449/230 1270/2450/289 1262/2438/282
f 1262/2439/282 1270/2451/289 1271/2452/290 1263/2440/283
f 1263/2440/283 1271/2452/290 1272/2453/291 1264/2441/284
f 1264/2442/284 1272/2454/291 1273/2455/226 1265/2443/285
f 1265/2443/285 1273/2455/226 1274/2456/292 1266/2444/286
f 1266/2445/286 1274/2457/292 1275/2458/293 1267/2446/287
f 1267/2446/287 1275/2458/293 1276/2459/294 1268/2447/288
f 1268/2448/288 1276/2460/294 1269/2449/230 1261/2437/222
f 1269/2449/230 1277/2461/238 1278/2462/295 1270/2450/289
f 1270/2451/289 1278/2463/295 1279/2464/296 1271/2452/290
f 1271/2452/290 1279/2464/296 1280/2465/297 1272/2453/291
f 1272/2454/291 1280/2466/297 1281/2467/234 1273/2455/226
f 1273/2455/226 1281/2467/234 1282/2468/298 1274/2456/292
f 1274/2457/292 1282/2469/298 1283/2470/299 1275/2458/293
f 1275/2458/293 1283/2470/299 1284/2471/300 1276/2459/294
f 1276/2460/294 1284/2472/300 1277/2461/238 1269/2449/230
f 1277/2461/238 1285/2473/246 1286/2474/301 1278/2462/295
f 1278/2463/295 1286/2475/301 1287/2476/302 1279/2464/296
f 1279/2464/296 1287/2476/302 1288/2477/303 1280/2465/297
f 1280/2466/297 1288/2478/303 1289/2479/242 1281/2467/234
f 1281/2467/234 1289/2479/242 1290/2480/304 1282/2468/298
f 1282/2469/298 1290/2481/304 1291/2482/305 1283/2470/299
f 1283/2470/299 1291/2482/305 1292/2483/306 1284/2471/300
f 1284/2472/300 1292/2484/306 1285/2473/246 1277/2461/238
f 1285/2485/246 1293/2486/254 1294/2487/307 1286/2488/301
f 1286/2475/301 1294/2489/307 1295/2490/308 1287/2476/302
f 1287/2476/302 1295/2490/308 1296/2491/309 1288/2477/303
f 1288/2492/303 1296/2493/309 1297/2494/250 1289/2495/242
f 1289/2495/242 1297/2494/250 1298/2496/310 1290/2497/304
f 1290/2481/304 1298/2498/310 1299/2499/311 1291/2482/305
f 1291/2482/305 1299/2499/311 1300/2500/312 1292/2483/306
f 1292/2501/306 1300/2502/312 1293/2486/254 1285/2485/246
f 1293/2486/254 1157/2263/3 1158/2266/190 1294/2487/307
f 1294/2489/307 1158/2267/190 1159/2270/192 1295/2490/308
f 1295/2490/308 1159/2270/192 1160/2272/194 1296/2491/309
f 1296/2493/309 1160/2273/194 1161/2276/1 1297/2494/250
f 1297/2494/250 1161/2276/1 1162/2278/197 1298/2496/310
f 1298/2498/310 1162/2279/197 1163/2282/199 1299/2499/311
f 1299/2499/311 1163/2282/199 1164/2284/201 1300/2500/312
f 1300/2502/312 1164/2285/201 1157/2263/3 1293/2486/254
f 1301/2503/156 1302/2504/157 1304/2505/158 1303/2506/159
f 1303/2506/159 1304/2505/158 1306/2507/160 1305/2508/161
f 1305/2509/161 1306/2510/160 1308/2511/162 1307/2512/163
f 1307/2512/163 1308/2511/162 1310/2513/164 1309/2514/165
f 1309/2514/165 1310/2513/164 1312/2515/166 1311/2516/167
f 1311/2516/167 1312/2515/166 1314/2517/168 1313/2518/169
f 1313/2519/169 1314/2520/168 1316/2521/170 1315/2522/171
f 1315/2522/171 1316/2521/170 1318/2523/172 1317/2524/173
f 1317/2524/173 1318/2523/172 1320/2525/174 1319/2526/175
f 1319/2526/175 1320/2525/174 1322/2527/176 1321/2528/177
f 1321/2529/177 1322/2530/176 1324/2531/178 1323/2532/179
f 1323/2532/179 1324/2531/178 1326/2533/180 1325/2534/181
f 1325/2534/181 1326/2533/180 1328/2535/182 1327/2536/183
f 1327/2536/183 1328/2535/182 1330/2537/184 1329/2538/185
f 1304/2539/158 1302/2540/157 1332/2541/186 1330/2542/184 1328/2543/182 1326/2544/180 1324/2545/178 1322/2546/176 1320/2547/174 1318/2548/172 1316/2549/170 1314/2550/168 1312/2551/166 1310/2552/164 1308/2553/162 1306/2554/160
f 1329/2555/185 1330/2556/184 1332/2557/186 1331/2558/187
f 1331/2558/187 1332/2557/186 1302/2504/157 1301/2503/156
f 1301/2559/156 1303/2560/159 1305/2561/161 1307/2562/163 1309/2563/165 1311/2564/167 1313/2565/169 1315/2566/171 1317/2567/173 1319/2568/175 1321/2569/177 1323/2570/179 1325/2571/181 1327/2572/183 1329/2573/185 1331/2574/187
s 0
f 1333/2575/1 1334/2576/1 1336/2577/1 1335/2578/1
f 1335/2579/2 1336/2580/2 1340/2581/2 1339/2582/2
f 1339/2583/3 1340/2584/3 1338/2585/3 1337/2586/3
f 1337/2587/4 1338/2588/4 1334/2589/4 1333/2590/4
f 1335/2591/5 1339/2592/5 1337/2593/5 1333/2594/5
f 1340/2595/6 1336/2596/6 1334/2597/6 1338/2598/6
f 1341/2599/1 1342/2600/1 1344/2601/1 1343/2602/1
f 1343/2603/2 1344/2604/2 1348/2605/2 1347/2606/2
f 1347/2607/3 1348/2608/3 1346/2609/3 1345/2610/3
f 1345/2611/4 1346/2612/4 1342/2613/4 1341/2614/4
f 1343/2615/5 1347/2616/5 1345/2617/5 1341/2618/5
f 1348/2619/6 1344/2620/6 1342/2621/6 1346/2622/6
f 1349/2623/1 1350/2624/1 1352/2625/1 1351/2626/1
f 1351/2627/2 1352/2628/2 1356/2629/2 1355/2630/2
f 1355/2631/3 1356/2632/3 1354/2633/3 1353/2634/3
f 1353/2635/4 1354/2636/4 1350/2637/4 1349/2638/4
f 1351/2639/5 1355/2640/5 1353/2641/5 1349/2642/5
f 1356/2643/6 1352/2644/6 1350/2645/6 1354/2646/6
f 1357/2647/1 1358/2648/1 1360/2649/1 1359/2650/1
f 1359/2651/2 1360/2652/2 1364/2653/2 1363/2654/2
f 1363/2655/3 1364/2656/3 1362/2657/3 1361/2658/3
f 1361/2659/4 1362/2660/4 1358/2661/4 1357/2662/4
f 1359/2663/5 1363/2664/5 1361/2665/5 1357/2666/5
f 1364/2667/6 1360/2668/6 1358/2669/6 1362/2670/6
f 1365/2671/1 1366/2672/1 1368/2673/1 1367/2674/1
f 1367/2675/2 1368/2676/2 1372/2677/2 1371/2678/2
f 1371/2679/3 1372/2680/3 1370/2681/3 1369/2682/3
f 1369/2683/4 1370/2684/4 1366/2685/4 1365/2686/4
f 1367/2687/5 1371/2688/5 1369/2689/5 1365/2690/5
f 1372/2691/6 1368/2692/6 1366/2693/6 1370/2694/6
f 1373/2695/1 1374/2696/1 1376/2697/1 1375/2698/1
f 1375/2699/2 1376/2700/2 1380/2701/2 1379/2702/2
f 1379/2703/3 1380/2704/3 1378/2705/3 1377/2706/3
f 1377/2707/4 1378/2708/4 1374/2709/4 1373/2710/4
f 1375/2711/5 1379/2712/5 1377/2713/5 1373/2714/5
f 1380/2715/6 1376/2716/6 1374/2717/6 1378/2718/6
f 1381/2719/1 1382/2720/1 1384/2721/1 1383/2722/1
f 1383/2723/2 1384/2724/2 1388/2725/2 1387/2726/2
f 1387/2727/3 1388/2728/3 1386/2729/3 1385/2730/3
f 1385/2731/4 1386/2732/4 1382/2733/4 1381/2734/4
f 1383/2735/5 1387/2736/5 1385/2737/5 1381/2738/5
f 1388/2739/6 1384/2740/6 1382/2741/6 1386/2742/6
f 1389/2743/1 1390/2744/1 1392/2745/1 1391/2746/1
f 1391/2747/2 1392/2748/2 1396/2749/2 1395/2750/2
f 1395/2751/3 1396/2752/3 1394/2753/3 1393/2754/3
f 1393/2755/4 1394/2756/4 1390/2757/4 1389/2758/4
f 1391/2759/5 1395/2760/5 1393/2761/5 1389/2762/5
f 1396/2763/6 1392/2764/6 1390/2765/6 1394/2766/6
f 1397/2767/1 1398/2768/1 1400/2769/1 1399/2770/1
f 1399/2771/2 1400/2772/2 1404/2773/2 1403/2774/2
f 1403/2775/3 1404/2776/3 1402/2777/3 1401/2778/3
f 1401/2779/4 1402/2780/4 1398/2781/4 1397/2782/4
f 1399/2783/5 1403/2784/5 1401/2785/5 1397/2786/5
f 1404/2787/6 1400/2788/6 1398/2789/6 1402/2790/6
f 1405/2791/1 1406/2792/1 1408/2793/1 1407/2794/1
f 1407/2795/2 1408/2796/2 1412/2797/2 1411/2798/2
f 1411/2799/3 1412/2800/3 1410/2801/3 1409/2802/3
f 1409/2803/4 1410/2804/4 1406/2805/4 1405/2806/4
f 1407/2807/5 1411/2808/5 1409/2809/5 1405/2810/5
f 1412/2811/6 1408/2812/6 1406/2813/6 1410/2814/6
f 1413/2815/1 1414/2816/1 1416/2817/1 1415/2818/1
f 1415/2819/2 1416/2820/2 1420/2821/2 1419/2822/2
f 1419/2823/3 1420/2824/3 1418/2825/3 1417/2826/3
f 1417/2827/4 1418/2828/4 1414/2829/4 1413/2830/4
f 1415/2831/5 1419/2832/5 1417/2833/5 1413/2834/5
f 1420/2835/6 1416/2836/6 1414/2837/6 1418/2838/6
f 1421/2839/1 1422/2840/1 1424/2841/1 1423/2842/1
f 1423/2843/2 1424/2844/2 1428/2845/2 1427/2846/2
f 1427/2847/3 1428/2848/3 1426/2849/3 1425/2850/3
f 1425/2851/4 1426/2852/4 1422/2853/4 1421/2854/4
f 1423/2855/5 1427/2856/5 1425/2857/5 1421/2858/5
f 1428/2859/6 1424/2860/6 1422/2861/6 1426/2862/6
s 1
f 1429/2863/313 1430/2864/314 1432/2865/315 1431/2866/316
f 1431/2867/316 1432/2868/315 1434/2869/317 1433/2870/318
f 1433/2870/318 1434/2869/317 1436/2871/319 1435/2872/320
f 1435/2872/320 1436/2871/319 1438/2873/321 1437/2874/322
f 1437/2875/322 1438/2876/321 1440/2877/323 1439/2878/324
f 1439/2878/324 1440/2877/323 1442/2879/325 1441/2880/326
f 1441/2880/326 1442/2879/325 1444/2881/327 1443/2882/328
f 1443/2883/328 1444/2884/327 1446/2885/329 1445/2886/330
f 1445/2886/330 1446/2885/329 1448/2887/331 1447/2888/332
f 1447/2888/332 1448/2887/331 1450/2889/333 1449/2890/334
f 1432/2891/315 1430/2892/314 1452/2893/335 1450/2894/333 1448/2895/331 1446/2896/329 1444/2897/327 1442/2898/325 1440/2899/323 1438/2900/321 1436/2901/319 1434/2902/317
f 1449/2903/334 1450/2904/333 1452/2905/335 1451/2906/336
f 1451/2906/336 1452/2905/335 1430/2864/314 1429/2863/313
f 1429/2907/313 1431/2908/316 1433/2909/318 1435/2910/320 1437/2911/322 1439/2912/324 1441/2913/326 1443/2914/328 1445/2915/330 1447/2916/332 1449/2917/334 1451/2918/336
f 1453/2919/313 1454/2920/314 1456/2921/315 1455/2922/316
f 1455/2923/316 1456/2924/315 1458/2925/317 1457/2926/318
f 1457/2926/318 1458/2925/317 1460/2927/319 1459/2928/320
f 1459/2928/320 1460/2927/319 1462/2929/321 1461/2930/322
f 1461/2931/322 1462/2932/321 1464/2933/323 1463/2934/324
f 1463/2934/324 1464/2933/323 1466/2935/325 1465/2936/326
f 1465/2936/326 1466/2935/325 1468/2937/327 1467/2938/328
f 1467/2939/328 1468/2940/327 1470/2941/329 1469/2942/330
f 1469/2942/330 1470/2941/329 1472/2943/331 1471/2944/332
f 1471/2944/332 1472/2943/331 1474/2945/333 1473/2946/334
f 1456/2947/315 1454/2948/314 1476/2949/335 1474/2950/333 1472/2951/331 1470/2952/329 1468/2953/327 1466/2954/325 1464/2955/323 1462/2956/321 1460/2957/319 1458/2958/317
f 1473/2959/334 1474/2960/333 1476/2961/335 1475/2962/336
f 1475/2962/336 1476/2961/335 1454/2920/314 1453/2919/313
f 1453/2963/313 1455/2964/316 1457/2965/318 1459/2966/320 1461/2967/322 1463/2968/324 1465/2969/326 1467/2970/328 1469/2971/330 1471/2972/332 1473/2973/334 1475/2974/336
s 0
f 1477/2975/1 1478/2976/1 1480/2977/1 1479/2978/1
f 1479/2979/2 1480/2980/2 1484/2981/2 1483/2982/2
f 1483/2983/3 1484/2984/3 1482/2985/3 1481/2986/3
f 1481/2987/4 1482/2988/4 1478/2989/4 1477/2990/4
f 1479/2991/5 1483/2992/5 1481/2993/5 1477/2994/5
f 1484/2995/6 1480/2996/6 1478/2997/6 1482/2998/6
s 1
f 1485/2999/337 1486/3000/338 1488/3001/339 1487/3002/340
f 1487/3003/340 1488/3004/339 1490/3005/341 1489/3006/342
f 1489/3007/342 1490/3008/341 1492/3009/343 1491/3010/344
f 1491/3010/344 1492/3009/343 1494/3011/345 1493/3012/346
f 1488/3013/339 1486/3014/338 1496/3015/347 1494/3016/345 1492/3017/343 1490/3018/341
f 1493/3019/346 1494/3020/345 1496/3021/347 1495/3022/348
f 1495/3023/348 1496/3024/347 1486/3000/338 1485/2999/337
f 1485/3025/337 1487/3026/340 1489/3027/342 1491/3028/344 1493/3029/346 1495/3030/348
f 1497/3031/349 1498/3032/350 1500/3033/351 1499/3034/352
f 1499/3035/352 1500/3036/351 1502/3037/353 1501/3038/354
f 1501/3039/354 1502/3040/353 1504/3041/355 1503/3042/356
f 1503/3042/356 1504/3041/355 1506/3043/357 1505/3044/358
f 1500/3045/351 1498/3046/350 1508/3047/359 1506/3048/357 1504/3049/355 1502/3050/353
f 1505/3051/358 1506/3052/357 1508/3053/359 1507/3054/360
f 1507/3055/360 1508/3056/359 1498/3032/350 1497/3031/349
f 1497/3057/349 1499/3058/352 1501/3059/354 1503/3060/356 1505/3061/358 1507/3062/360
f 1509/3063/361 1510/3064/362 1512/3065/363 1511/3066/364
f 1511/3067/364 1512/3068/363 1514/3069/365 1513/3070/366
f 1513/3071/366 1514/3072/365 1516/3073/367 1515/3074/368
f 1515/3074/368 1516/3073/367 1518/3075/369 1517/3076/370
f 1512/3077/363 1510/3078/362 1520/3079/371 1518/3080/369 1516/3081/367 1514/3082/365
f 1517/3083/370 1518/3084/369 1520/3085/371 1519/3086/372
f 1519/3087/372 1520/3088/371 1510/3064/362 1509/3063/361
f 1509/3089/361 1511/3090/364 1513/3091/366 1515/3092/368 1517/3093/370 1519/3094/372
s 0
f 1521/3095/1 1522/3096/1 1524/3097/1 1523/3098/1
f 1523/3099/2 1524/3100/2 1528/3101/2 1527/3102/2
f 1527/3103/3 1528/3104/3 1526/3105/3 1525/3106/3
f 1525/3107/4 1526/3108/4 1522/3109/4 1521/3110/4
f 1523/3111/5 1527/3112/5 1525/3113/5 1521/3114/5
f 1528/3115/6 1524/3116/6 1522/3117/6 1526/3118/6
s 1
f 1529/3119/337 1530/3120/338 1532/3121/339 1531/3122/340
f 1531/3123/340 1532/3124/339 1534/3125/341 1533/3126/342
f 1533/3127/342 1534/3128/341 1536/3129/343 1535/3130/344
f 1535/3130/344 1536/3129/343 1538/3131/345 1537/3132/346
f 1532/3133/339 1530/3134/338 1540/3135/347 1538/3136/345 1536/3137/343 1534/3138/341
f 1537/3139/346 1538/3140/345 1540/3141/347 1539/3142/348
f 1539/3143/348 1540/3144/347 1530/3120/338 1529/3119/337
f 1529/3145/337 1531/3146/340 1533/3147/342 1535/3148/344 1537/3149/346 1539/3150/348
f 1541/3151/349 1542/3152/350 1544/3153/351 1543/3154/352
f 1543/3155/352 1544/3156/351 1546/3157/353 1545/3158/354
f 1545/3159/354 1546/3160/353 1548/3161/355 1547/3162/356
f 1547/3162/356 1548/3161/355 1550/3163/357 1549/3164/358
f 1544/3165/351 1542/3166/350 1552/3167/359 1550/3168/357 1548/3169/355 1546/3170/353
f 1549/3171/358 1550/3172/357 1552/3173/359 1551/3174/360
f 1551/3175/360 1552/3176/359 1542/3152/350 1541/3151/349
f 1541/3177/349 1543/3178/352 1545/3179/354 1547/3180/356 1549/3181/358 1551/3182/360
f 1553/3183/361 1554/3184/362 1556/3185/363 1555/3186/364
f 1555/3187/364 1556/3188/363 1558/3189/365 1557/3190/373
f 1557/3191/373 1558/3192/365 1560/3193/367 1559/3194/368
f 1559/3194/368 1560/3193/367 1562/3195/369 1561/3196/370
f 1556/3197/363 1554/3198/362 1564/3199/371 1562/3200/369 1560/3201/367 1558/3202/365
f 1561/3203/370 1562/3204/369 1564/3205/371 1563/3206/372
f 1563/3207/372 1564/3208/371 1554/3184/362 1553/3183/361
f 1553/3209/361 1555/3210/364 1557/3211/373 1559/3212/368 1561/3213/370 1563/3214/372
f 1565/3215/374 1637/3216/375 1569/3217/376 1570/3218/377
f 1636/3219/378 1617/3220/6 1568/3221/379
f 1567/3222/380 1638/3223/381 1572/3224/382 1573/3225/383
f 1566/3226/384 1565/3215/374 1570/3218/377 1571/3227/385
f 1637/3228/375 1636/3219/378 1568/3221/379 1569/3229/376
f 1610/3230/5 1567/3222/380 1573/3225/383
f 1638/3231/381 1566/3226/384 1571/3227/385 1572/3232/382
f 1610/3230/5 1573/3225/383 1579/3233/386
f 1572/3234/382 1571/3235/385 1577/3236/387 1578/3237/388
f 1570/3238/377 1569/3239/376 1575/3240/389 1576/3241/390
f 1568/3221/379 1617/3220/6 1574/3242/391
f 1573/3225/383 1572/3224/382 1578/3243/388 1579/3233/386
f 1571/3235/385 1570/3238/377 1576/3241/390 1577/3236/387
f 1569/3229/376 1568/3221/379 1574/3242/391 1575/3244/389
f 1576/3241/390 1575/3240/389 1581/3245/392 1582/3246/393
f 1574/3242/391 1617/3220/6 1580/3247/394
f 1579/3233/386 1578/3243/388 1584/3248/395 1585/3249/396
f 1577/3236/387 1576/3241/390 1582/3246/393 1583/3250/397
f 1575/3244/389 1574/3242/391 1580/3247/394 1581/3251/392
f 1610/3230/5 1579/3233/386 1585/3249/396
f 1578/3237/388 1577/3236/387 1583/3250/397 1584/3252/395
f 1585/3249/396 1584/3248/395 1590/3253/398 1591/3254/399
f 1583/3250/397 1582/3246/393 1588/3255/400 1589/3256/401
f 1581/3251/392 1580/3247/394 1586/3257/402 1587/3258/403
f 1610/3230/5 1585/3249/396 1591/3254/399
f 1584/3252/395 1583/3250/397 1589/3256/401 1590/3259/398
f 1582/3246/393 1581/3245/392 1587/3260/403 1588/3255/400
f 1580/3247/394 1617/3220/6 1586/3257/402
f 1591/3254/399 1590/3253/398 1596/3261/404 1597/3262/405
f 1589/3263/401 1588/3264/400 1594/3265/406 1595/3266/407
f 1587/3258/403 1586/3257/402 1592/3267/408 1593/3268/409
f 1610/3230/5 1591/3254/399 1597/3262/405
f 1590/3269/398 1589/3263/401 1595/3266/407 1596/3270/404
f 1588/3264/400 1587/3271/403 1593/3272/409 1594/3265/406
f 1586/3257/402 1617/3220/6 1592/3267/408
f 1593/3268/409 1592/3267/408 1598/3273/410 1599/3274/411
f 1610/3230/5 1597/3262/405 1603/3275/412
f 1596/3270/404 1595/3266/407 1601/3276/413 1602/3277/414
f 1594/3265/406 1593/3272/409 1599/3278/411 1600/3279/415
f 1592/3267/408 1617/3220/6 1598/3273/410
f 1597/3262/405 1596/3261/404 1602/3280/414 1603/3275/412
f 1595/3266/407 1594/3265/406 1600/3279/415 1601/3276/413
f 1610/3230/5 1603/3275/412 1609/3281/416
f 1602/3277/414 1601/3276/413 1607/3282/417 1608/3283/418
f 1600/3279/415 1599/3278/411 1605/3284/419 1606/3285/420
f 1598/3273/410 1617/3220/6 1604/3286/421
f 1603/3275/412 1602/3280/414 1608/3287/418 1609/3281/416
f 1601/3276/413 1600/3279/415 1606/3285/420 1607/3282/417
f 1599/3274/411 1598/3273/410 1604/3286/421 1605/3288/419
f 1608/3289/418 1607/3290/417 1614/3291/422 1615/3292/423
f 1606/3293/420 1605/3294/419 1612/3295/424 1613/3296/425
f 1604/3286/421 1617/3220/6 1611/3297/426
f 1609/3281/416 1608/3287/418 1615/3298/423 1616/3299/427
f 1607/3290/417 1606/3293/420 1613/3296/425 1614/3291/422
f 1605/3288/419 1604/3286/421 1611/3297/426 1612/3300/424
f 1610/3230/5 1609/3281/416 1616/3299/427
f 1611/3297/426 1617/3220/6 1618/3301/428
f 1616/3299/427 1615/3298/423 1622/3302/429 1623/3303/430
f 1614/3291/422 1613/3296/425 1620/3304/431 1621/3305/432
f 1612/3300/424 1611/3297/426 1618/3301/428 1619/3306/433
f 1610/3230/5 1616/3299/427 1623/3303/430
f 1615/3292/423 1614/3291/422 1621/3305/432 1622/3307/429
f 1613/3296/425 1612/3295/424 1619/3308/433 1620/3304/431
f 1623/3303/430 1622/3302/429 1628/3309/434 1629/3310/435
f 1621/3305/432 1620/3304/431 1626/3311/436 1627/3312/437
f 1619/3306/433 1618/3301/428 1624/3313/438 1625/3314/439
f 1610/3230/5 1623/3303/430 1629/3310/435
f 1622/3307/429 1621/3305/432 1627/3312/437 1628/3315/434
f 1620/3304/431 1619/3308/433 1625/3316/439 1626/3311/436
f 1618/3301/428 1617/3220/6 1624/3313/438
f 1627/3317/437 1626/3318/436 1632/3319/440 1633/3320/441
f 1625/3314/439 1624/3313/438 1630/3321/442 1631/3322/443
f 1610/3230/5 1629/3310/435 1635/3323/444
f 1628/3324/434 1627/3317/437 1633/3320/441 1634/3325/445
f 1626/3318/436 1625/3326/439 1631/3327/443 1632/3319/440
f 1624/3313/438 1617/3220/6 1630/3321/442
f 1629/3310/435 1628/3309/434 1634/3328/445 1635/3323/444
f 1610/3230/5 1635/3323/444 1567/3222/380
f 1634/3325/445 1633/3320/441 1566/3226/384 1638/3231/381
f 1632/3319/440 1631/3327/443 1637/3216/375 1565/3215/374
f 1630/3321/442 1617/3220/6 1636/3219/378
f 1635/3323/444 1634/3328/445 1638/3223/381 1567/3222/380
f 1633/3320/441 1632/3319/440 1565/3215/374 1566/3226/384
f 1631/3322/443 1630/3321/442 1636/3219/378 1637/3228/375
f 1710/3329/446 1709/3330/447 1641/3331/448 1642/3332/449
f 1647/3333/5 1712/3334/450 1646/3335/451
f 1711/3336/452 1640/3337/453 1644/3338/454 1645/3339/455
f 1639/3340/456 1710/3341/446 1642/3342/449 1643/3343/457
f 1709/3330/447 1690/3344/6 1641/3331/448
f 1712/3334/450 1711/3345/452 1645/3346/455 1646/3335/451
f 1640/3337/453 1639/3340/456 1643/3343/457 1644/3338/454
f 1646/3335/451 1645/3346/455 1652/3347/458 1653/3348/459
f 1644/3349/454 1643/3350/457 1650/3351/460 1651/3352/461
f 1642/3332/449 1641/3331/448 1648/3353/462 1649/3354/463
f 1647/3333/5 1646/3335/451 1653/3348/459
f 1645/3355/455 1644/3349/454 1651/3352/461 1652/3356/458
f 1643/3350/457 1642/3357/449 1649/3358/463 1650/3351/460
f 1641/3331/448 1690/3344/6 1648/3353/462
f 1649/3354/463 1648/3353/462 1654/3359/464 1655/3360/465
f 1647/3333/5 1653/3348/459 1659/3361/466
f 1652/3356/458 1651/3352/461 1657/3362/467 1658/3363/468
f 1650/3351/460 1649/3358/463 1655/3364/465 1656/3365/469
f 1648/3353/462 1690/3344/6 1654/3359/464
f 1653/3348/459 1652/3347/458 1658/3366/468 1659/3361/466
f 1651/3352/461 1650/3351/460 1656/3365/469 1657/3362/467
f 1647/3333/5 1659/3361/466 1665/3367/470
f 1658/3363/468 1657/3362/467 1663/3368/471 1664/3369/472
f 1656/3365/469 1655/3364/465 1661/3370/473 1662/3371/474
f 1654/3359/464 1690/3344/6 1660/3372/475
f 1659/3361/466 1658/3366/468 1664/3373/472 1665/3367/470
f 1657/3362/467 1656/3365/469 1662/3371/474 1663/3368/471
f 1655/3360/465 1654/3359/464 1660/3372/475 1661/3374/473
f 1664/3375/472 1663/3376/471 1669/3377/476 1670/3378/477
f 1662/3379/474 1661/3380/473 1667/3381/478 1668/3382/479
f 1660/3372/475 1690/3344/6 1666/3383/480
f 1665/3367/470 1664/3373/472 1670/3384/477 1671/3385/481
f 1663/3376/471 1662/3379/474 1668/3382/479 1669/3377/476
f 1661/3374/473 1660/3372/475 1666/3383/480 1667/3386/478
f 1647/3333/5 1665/3367/470 1671/3385/481
f 1666/3383/480 1690/3344/6 1672/3387/482
f 1671/3385/481 1670/3384/477 1676/3388/483 1677/3389/484
f 1669/3377/476 1668/3382/479 1674/3390/485 1675/3391/486
f 1667/3386/478 1666/3383/480 1672/3387/482 1673/3392/487
f 1647/3333/5 1671/3385/481 1677/3389/484
f 1670/3378/477 1669/3377/476 1675/3391/486 1676/3393/483
f 1668/3382/479 1667/3381/478 1673/3394/487 1674/3390/485
f 1677/3389/484 1676/3388/483 1682/3395/488 1683/3396/489
f 1675/3391/486 1674/3390/485 1680/3397/490 1681/3398/491
f 1673/3392/487 1672/3387/482 1678/3399/492 1679/3400/493
f 1647/3333/5 1677/3389/484 1683/3396/489
f 1676/3393/483 1675/3391/486 1681/3398/491 1682/3401/488
f 1674/3390/485 1673/3394/487 1679/3402/493 1680/3397/490
f 1672/3387/482 1690/3344/6 1678/3399/492
f 1681/3403/491 1680/3404/490 1686/3405/494 1687/3406/495
f 1679/3400/493 1678/3399/492 1684/3407/496 1685/3408/497
f 1647/3333/5 1683/3396/489 1689/3409/498
f 1682/3410/488 1681/3403/491 1687/3406/495 1688/3411/499
f 1680/3404/490 1679/3412/493 1685/3413/497 1686/3405/494
f 1678/3399/492 1690/3344/6 1684/3407/496
f 1683/3396/489 1682/3395/488 1688/3414/499 1689/3409/498
f 1647/3333/5 1689/3409/498 1696/3415/500
f 1688/3411/499 1687/3406/495 1694/3416/501 1695/3417/502
f 1686/3405/494 1685/3413/497 1692/3418/503 1693/3419/504
f 1684/3407/496 1690/3344/6 1691/3420/505
f 1689/3409/498 1688/3414/499 1695/3421/502 1696/3415/500
f 1687/3406/495 1686/3405/494 1693/3419/504 1694/3416/501
f 1685/3408/497 1684/3407/496 1691/3420/505 1692/3422/503
f 1647/3333/5 1696/3415/500 1702/3423/506
f 1695/3417/502 1694/3416/501 1700/3424/507 1701/3425/508
f 1693/3419/504 1692/3418/503 1698/3426/509 1699/3427/510
f 1691/3420/505 1690/3344/6 1697/3428/511
f 1696/3415/500 1695/3421/502 1701/3429/508 1702/3423/506
f 1694/3416/501 1693/3419/504 1699/3427/510 1700/3424/507
f 1692/3422/503 1691/3420/505 1697/3428/511 1698/3430/509
f 1699/3431/510 1698/3432/509 1704/3433/512 1705/3434/513
f 1697/3428/511 1690/3344/6 1703/3435/514
f 1702/3423/506 1701/3429/508 1707/3436/515 1708/3437/516
f 1700/3438/507 1699/3431/510 1705/3434/513 1706/3439/517
f 1698/3430/509 1697/3428/511 1703/3435/514 1704/3440/512
f 1647/3333/5 1702/3423/506 1708/3437/516
f 1701/3441/508 1700/3438/507 1706/3439/517 1707/3442/515
f 1708/3437/516 1707/3436/515 1711/3345/452 1712/3334/450
f 1706/3439/517 1705/3434/513 1639/3340/456 1640/3337/453
f 1704/3440/512 1703/3435/514 1709/3330/447 1710/3329/446
f 1647/3333/5 1708/3437/516 1712/3334/450
f 1707/3442/515 1706/3439/517 1640/3337/453 1711/3336/452
f 1705/3434/513 1704/3433/512 1710/3341/446 1639/3340/456
f 1703/3435/514 1690/3344/6 1709/3330/447
f 1713/3443/518 1714/3444/519 1716/3445/520 1715/3446/521
f 1715/3447/521 1716/3448/520 1718/3449/522 1717/3450/523
f 1717/3450/523 1718/3449/522 1720/3451/524 1719/3452/525
f 1719/3452/525 1720/3451/524 1722/3453/526 1721/3454/527
f 1721/3455/527 1722/3456/526 1724/3457/528 1723/3458/529
f 1723/3458/529 1724/3457/528 1726/3459/530 1725/3460/531
f 1725/3461/531 1726/3462/530 1728/3463/532 1727/3464/533
f 1727/3464/533 1728/3463/532 1730/3465/534 1729/3466/535
f 1716/3467/520 1714/3468/519 1732/3469/536 1730/3470/534 1728/3471/532 1726/3472/530 1724/3473/528 1722/3474/526 1720/3475/524 1718/3476/522
f 1729/3466/535 1730/3465/534 1732/3477/536 1731/3478/537
f 1731/3479/537 1732/3480/536 1714/3444/519 1713/3443/518
f 1713/3481/518 1715/3482/521 1717/3483/523 1719/3484/525 1721/3485/527 1723/3486/529 1725/3487/531 1727/3488/533 1729/3489/535 1731/3490/537
s 0
f 1733/3491/1 1734/3492/1 1736/3493/1 1735/3494/1
f 1735/3495/2 1736/3496/2 1740/3497/2 1739/3498/2
f 1739/3499/3 1740/3500/3 1738/3501/3 1737/3502/3
f 1737/3503/4 1738/3504/4 1734/3505/4 1733/3506/4
f 1735/3507/5 1739/3508/5 1737/3509/5 1733/3510/5
f 1740/3511/6 1736/3512/6 1734/3513/6 1738/3514/6
f 1741/3515/1 1742/3516/1 1744/3517/1 1743/3518/1
f 1743/3519/2 1744/3520/2 1748/3521/2 1747/3522/2
f 1747/3523/3 1748/3524/3 1746/3525/3 1745/3526/3
f 1745/3527/4 1746/3528/4 1742/3529/4 1741/3530/4
f 1743/3531/5 1747/3532/5 1745/3533/5 1741/3534/5
f 1748/3535/6 1744/3536/6 1742/3537/6 1746/3538/6
