# Blender 4.5.9 LTS
# www.blender.org
mtllib cafe_lvl3.mtl
o Cafe
v -2.750000 4.130000 -1.380000
v -2.750000 4.880000 -1.380000
v -2.750000 4.130000 -2.280000
v -2.750000 4.880000 -2.280000
v -1.450000 4.130000 -1.380000
v -1.450000 4.880000 -1.380000
v -1.450000 4.130000 -2.280000
v -1.450000 4.880000 -2.280000
v -3.700000 0.005000 2.170000
v -3.700000 4.005000 2.170000
v -3.700000 0.005000 -3.430000
v -3.700000 4.005000 -3.430000
v 3.700000 0.005000 2.170000
v 3.700000 4.005000 2.170000
v 3.700000 0.005000 -3.430000
v 3.700000 4.005000 -3.430000
v -3.850000 0.000000 2.320000
v -3.850000 0.349999 2.320000
v -3.850000 0.000000 -3.580000
v -3.850000 0.349999 -3.580000
v 3.850000 0.000000 2.320000
v 3.850000 0.349999 2.320000
v 3.850000 0.000000 -3.580000
v 3.850000 0.349999 -3.580000
v -3.775000 3.995000 2.245000
v -3.775000 4.135000 2.245000
v -3.775000 3.995000 -3.505000
v -3.775000 4.135000 -3.505000
v 3.775000 3.995000 2.245000
v 3.775000 4.135000 2.245000
v 3.775000 3.995000 -3.505000
v 3.775000 4.135000 -3.505000
v -3.850000 4.075000 2.320001
v -3.850000 4.375000 2.320001
v -3.850000 4.075000 2.100000
v -3.850000 4.375000 2.100000
v 3.850000 4.075000 2.320001
v 3.850000 4.375000 2.320001
v 3.850000 4.075000 2.100000
v 3.850000 4.375000 2.100000
v -3.850000 4.075000 -3.360000
v -3.850000 4.375000 -3.360000
v -3.850000 4.075000 -3.580000
v -3.850000 4.375000 -3.580000
v 3.850000 4.075000 -3.360000
v 3.850000 4.375000 -3.360000
v 3.850000 4.075000 -3.580000
v 3.850000 4.375000 -3.580000
v -3.850000 4.075000 2.320000
v -3.850000 4.375000 2.320000
v -3.850000 4.075000 -3.580000
v -3.850000 4.375000 -3.580000
v -3.630000 4.075000 2.320000
v -3.630000 4.375000 2.320000
v -3.630000 4.075000 -3.580000
v -3.630000 4.375000 -3.580000
v 3.630000 4.075000 2.320000
v 3.630000 4.375000 2.320000
v 3.630000 4.075000 -3.580000
v 3.630000 4.375000 -3.580000
v 3.849999 4.075000 2.320000
v 3.849999 4.375000 2.320000
v 3.849999 4.075000 -3.580000
v 3.849999 4.375000 -3.580000
v -3.300000 4.375000 2.070000
v -3.300000 4.475000 2.070000
v -3.217710 4.375000 2.096738
v -3.217710 4.475000 2.096738
v -3.166852 4.375000 2.166738
v -3.166852 4.475000 2.166738
v -3.166852 4.375000 2.253263
v -3.166852 4.475000 2.253263
v -3.217710 4.375000 2.323262
v -3.217710 4.475000 2.323262
v -3.300000 4.375000 2.350000
v -3.300000 4.475000 2.350000
v -3.382290 4.375000 2.323262
v -3.382290 4.475000 2.323262
v -3.433148 4.375000 2.253263
v -3.433148 4.475000 2.253263
v -3.433148 4.375000 2.166738
v -3.433148 4.475000 2.166738
v -3.382290 4.375000 2.096738
v -3.382290 4.475000 2.096738
v -3.300000 4.375000 -3.610000
v -3.300000 4.475000 -3.610000
v -3.217710 4.375000 -3.583262
v -3.217710 4.475000 -3.583262
v -3.166852 4.375000 -3.513263
v -3.166852 4.475000 -3.513263
v -3.166852 4.375000 -3.426738
v -3.166852 4.475000 -3.426738
v -3.217710 4.375000 -3.356738
v -3.217710 4.475000 -3.356738
v -3.300000 4.375000 -3.330000
v -3.300000 4.475000 -3.330000
v -3.382290 4.375000 -3.356738
v -3.382290 4.475000 -3.356738
v -3.433148 4.375000 -3.426738
v -3.433148 4.475000 -3.426738
v -3.433148 4.375000 -3.513263
v -3.433148 4.475000 -3.513263
v -3.382290 4.375000 -3.583262
v -3.382290 4.475000 -3.583262
v -2.475000 4.375000 2.070000
v -2.475000 4.475000 2.070000
v -2.392710 4.375000 2.096738
v -2.392710 4.475000 2.096738
v -2.341852 4.375000 2.166738
v -2.341852 4.475000 2.166738
v -2.341852 4.375000 2.253263
v -2.341852 4.475000 2.253263
v -2.392710 4.375000 2.323262
v -2.392710 4.475000 2.323262
v -2.475000 4.375000 2.350000
v -2.475000 4.475000 2.350000
v -2.557290 4.375000 2.323262
v -2.557290 4.475000 2.323262
v -2.608148 4.375000 2.253263
v -2.608148 4.475000 2.253263
v -2.608148 4.375000 2.166738
v -2.608148 4.475000 2.166738
v -2.557290 4.375000 2.096738
v -2.557290 4.475000 2.096738
v -2.475000 4.375000 -3.610000
v -2.475000 4.475000 -3.610000
v -2.392710 4.375000 -3.583262
v -2.392710 4.475000 -3.583262
v -2.341852 4.375000 -3.513263
v -2.341852 4.475000 -3.513263
v -2.341852 4.375000 -3.426738
v -2.341852 4.475000 -3.426738
v -2.392710 4.375000 -3.356738
v -2.392710 4.475000 -3.356738
v -2.475000 4.375000 -3.330000
v -2.475000 4.475000 -3.330000
v -2.557290 4.375000 -3.356738
v -2.557290 4.475000 -3.356738
v -2.608148 4.375000 -3.426738
v -2.608148 4.475000 -3.426738
v -2.608148 4.375000 -3.513263
v -2.608148 4.475000 -3.513263
v -2.557290 4.375000 -3.583262
v -2.557290 4.475000 -3.583262
v -1.650000 4.375000 2.070000
v -1.650000 4.475000 2.070000
v -1.567710 4.375000 2.096738
v -1.567710 4.475000 2.096738
v -1.516852 4.375000 2.166738
v -1.516852 4.475000 2.166738
v -1.516852 4.375000 2.253263
v -1.516852 4.475000 2.253263
v -1.567710 4.375000 2.323262
v -1.567710 4.475000 2.323262
v -1.650000 4.375000 2.350000
v -1.650000 4.475000 2.350000
v -1.732290 4.375000 2.323262
v -1.732290 4.475000 2.323262
v -1.783148 4.375000 2.253263
v -1.783148 4.475000 2.253263
v -1.783148 4.375000 2.166738
v -1.783148 4.475000 2.166738
v -1.732290 4.375000 2.096738
v -1.732290 4.475000 2.096738
v -1.650000 4.375000 -3.610000
v -1.650000 4.475000 -3.610000
v -1.567710 4.375000 -3.583262
v -1.567710 4.475000 -3.583262
v -1.516852 4.375000 -3.513263
v -1.516852 4.475000 -3.513263
v -1.516852 4.375000 -3.426738
v -1.516852 4.475000 -3.426738
v -1.567710 4.375000 -3.356738
v -1.567710 4.475000 -3.356738
v -1.650000 4.375000 -3.330000
v -1.650000 4.475000 -3.330000
v -1.732290 4.375000 -3.356738
v -1.732290 4.475000 -3.356738
v -1.783148 4.375000 -3.426738
v -1.783148 4.475000 -3.426738
v -1.783148 4.375000 -3.513263
v -1.783148 4.475000 -3.513263
v -1.732290 4.375000 -3.583262
v -1.732290 4.475000 -3.583262
v -0.825000 4.375000 2.070000
v -0.825000 4.475000 2.070000
v -0.742710 4.375000 2.096738
v -0.742710 4.475000 2.096738
v -0.691852 4.375000 2.166738
v -0.691852 4.475000 2.166738
v -0.691852 4.375000 2.253263
v -0.691852 4.475000 2.253263
v -0.742710 4.375000 2.323262
v -0.742710 4.475000 2.323262
v -0.825000 4.375000 2.350000
v -0.825000 4.475000 2.350000
v -0.907290 4.375000 2.323262
v -0.907290 4.475000 2.323262
v -0.958148 4.375000 2.253263
v -0.958148 4.475000 2.253263
v -0.958148 4.375000 2.166738
v -0.958148 4.475000 2.166738
v -0.907290 4.375000 2.096738
v -0.907290 4.475000 2.096738
v -0.825000 4.375000 -3.610000
v -0.825000 4.475000 -3.610000
v -0.742710 4.375000 -3.583262
v -0.742710 4.475000 -3.583262
v -0.691852 4.375000 -3.513263
v -0.691852 4.475000 -3.513263
v -0.691852 4.375000 -3.426738
v -0.691852 4.475000 -3.426738
v -0.742710 4.375000 -3.356738
v -0.742710 4.475000 -3.356738
v -0.825000 4.375000 -3.330000
v -0.825000 4.475000 -3.330000
v -0.907290 4.375000 -3.356738
v -0.907290 4.475000 -3.356738
v -0.958148 4.375000 -3.426738
v -0.958148 4.475000 -3.426738
v -0.958148 4.375000 -3.513263
v -0.958148 4.475000 -3.513263
v -0.907290 4.375000 -3.583262
v -0.907290 4.475000 -3.583262
v -0.000000 4.375000 2.070000
v -0.000000 4.475000 2.070000
v 0.082290 4.375000 2.096738
v 0.082290 4.475000 2.096738
v 0.133148 4.375000 2.166738
v 0.133148 4.475000 2.166738
v 0.133148 4.375000 2.253263
v 0.133148 4.475000 2.253263
v 0.082290 4.375000 2.323262
v 0.082290 4.475000 2.323262
v -0.000000 4.375000 2.350000
v -0.000000 4.475000 2.350000
v -0.082290 4.375000 2.323262
v -0.082290 4.475000 2.323262
v -0.133148 4.375000 2.253263
v -0.133148 4.475000 2.253263
v -0.133148 4.375000 2.166738
v -0.133148 4.475000 2.166738
v -0.082290 4.375000 2.096738
v -0.082290 4.475000 2.096738
v -0.000000 4.375000 -3.610000
v -0.000000 4.475000 -3.610000
v 0.082290 4.375000 -3.583262
v 0.082290 4.475000 -3.583262
v 0.133148 4.375000 -3.513263
v 0.133148 4.475000 -3.513263
v 0.133148 4.375000 -3.426738
v 0.133148 4.475000 -3.426738
v 0.082290 4.375000 -3.356738
v 0.082290 4.475000 -3.356738
v -0.000000 4.375000 -3.330000
v -0.000000 4.475000 -3.330000
v -0.082290 4.375000 -3.356738
v -0.082290 4.475000 -3.356738
v -0.133148 4.375000 -3.426738
v -0.133148 4.475000 -3.426738
v -0.133148 4.375000 -3.513263
v -0.133148 4.475000 -3.513263
v -0.082290 4.375000 -3.583262
v -0.082290 4.475000 -3.583262
v 0.825000 4.375000 2.070000
v 0.825000 4.475000 2.070000
v 0.907290 4.375000 2.096738
v 0.907290 4.475000 2.096738
v 0.958148 4.375000 2.166738
v 0.958148 4.475000 2.166738
v 0.958148 4.375000 2.253263
v 0.958148 4.475000 2.253263
v 0.907290 4.375000 2.323262
v 0.907290 4.475000 2.323262
v 0.825000 4.375000 2.350000
v 0.825000 4.475000 2.350000
v 0.742710 4.375000 2.323262
v 0.742710 4.475000 2.323262
v 0.691852 4.375000 2.253263
v 0.691852 4.475000 2.253263
v 0.691852 4.375000 2.166738
v 0.691852 4.475000 2.166738
v 0.742710 4.375000 2.096738
v 0.742710 4.475000 2.096738
v 0.825000 4.375000 -3.610000
v 0.825000 4.475000 -3.610000
v 0.907290 4.375000 -3.583262
v 0.907290 4.475000 -3.583262
v 0.958148 4.375000 -3.513263
v 0.958148 4.475000 -3.513263
v 0.958148 4.375000 -3.426738
v 0.958148 4.475000 -3.426738
v 0.907290 4.375000 -3.356738
v 0.907290 4.475000 -3.356738
v 0.825000 4.375000 -3.330000
v 0.825000 4.475000 -3.330000
v 0.742710 4.375000 -3.356738
v 0.742710 4.475000 -3.356738
v 0.691852 4.375000 -3.426738
v 0.691852 4.475000 -3.426738
v 0.691852 4.375000 -3.513263
v 0.691852 4.475000 -3.513263
v 0.742710 4.375000 -3.583262
v 0.742710 4.475000 -3.583262
v 1.650000 4.375000 2.070000
v 1.650000 4.475000 2.070000
v 1.732290 4.375000 2.096738
v 1.732290 4.475000 2.096738
v 1.783148 4.375000 2.166738
v 1.783148 4.475000 2.166738
v 1.783148 4.375000 2.253263
v 1.783148 4.475000 2.253263
v 1.732290 4.375000 2.323262
v 1.732290 4.475000 2.323262
v 1.650000 4.375000 2.350000
v 1.650000 4.475000 2.350000
v 1.567710 4.375000 2.323262
v 1.567710 4.475000 2.323262
v 1.516852 4.375000 2.253263
v 1.516852 4.475000 2.253263
v 1.516852 4.375000 2.166738
v 1.516852 4.475000 2.166738
v 1.567710 4.375000 2.096738
v 1.567710 4.475000 2.096738
v 1.650000 4.375000 -3.610000
v 1.650000 4.475000 -3.610000
v 1.732290 4.375000 -3.583262
v 1.732290 4.475000 -3.583262
v 1.783148 4.375000 -3.513263
v 1.783148 4.475000 -3.513263
v 1.783148 4.375000 -3.426738
v 1.783148 4.475000 -3.426738
v 1.732290 4.375000 -3.356738
v 1.732290 4.475000 -3.356738
v 1.650000 4.375000 -3.330000
v 1.650000 4.475000 -3.330000
v 1.567710 4.375000 -3.356738
v 1.567710 4.475000 -3.356738
v 1.516852 4.375000 -3.426738
v 1.516852 4.475000 -3.426738
v 1.516852 4.375000 -3.513263
v 1.516852 4.475000 -3.513263
v 1.567710 4.375000 -3.583262
v 1.567710 4.475000 -3.583262
v 2.475000 4.375000 2.070000
v 2.475000 4.475000 2.070000
v 2.557290 4.375000 2.096738
v 2.557290 4.475000 2.096738
v 2.608148 4.375000 2.166738
v 2.608148 4.475000 2.166738
v 2.608148 4.375000 2.253263
v 2.608148 4.475000 2.253263
v 2.557290 4.375000 2.323262
v 2.557290 4.475000 2.323262
v 2.475000 4.375000 2.350000
v 2.475000 4.475000 2.350000
v 2.392710 4.375000 2.323262
v 2.392710 4.475000 2.323262
v 2.341852 4.375000 2.253263
v 2.341852 4.475000 2.253263
v 2.341852 4.375000 2.166738
v 2.341852 4.475000 2.166738
v 2.392710 4.375000 2.096738
v 2.392710 4.475000 2.096738
v 2.475000 4.375000 -3.610000
v 2.475000 4.475000 -3.610000
v 2.557290 4.375000 -3.583262
v 2.557290 4.475000 -3.583262
v 2.608148 4.375000 -3.513263
v 2.608148 4.475000 -3.513263
v 2.608148 4.375000 -3.426738
v 2.608148 4.475000 -3.426738
v 2.557290 4.375000 -3.356738
v 2.557290 4.475000 -3.356738
v 2.475000 4.375000 -3.330000
v 2.475000 4.475000 -3.330000
v 2.392710 4.375000 -3.356738
v 2.392710 4.475000 -3.356738
v 2.341852 4.375000 -3.426738
v 2.341852 4.475000 -3.426738
v 2.341852 4.375000 -3.513263
v 2.341852 4.475000 -3.513263
v 2.392710 4.375000 -3.583262
v 2.392710 4.475000 -3.583262
v 3.299999 4.375000 2.070000
v 3.299999 4.475000 2.070000
v 3.382289 4.375000 2.096738
v 3.382289 4.475000 2.096738
v 3.433147 4.375000 2.166738
v 3.433147 4.475000 2.166738
v 3.433147 4.375000 2.253263
v 3.433147 4.475000 2.253263
v 3.382289 4.375000 2.323262
v 3.382289 4.475000 2.323262
v 3.299999 4.375000 2.350000
v 3.299999 4.475000 2.350000
v 3.217709 4.375000 2.323262
v 3.217709 4.475000 2.323262
v 3.166851 4.375000 2.253263
v 3.166851 4.475000 2.253263
v 3.166851 4.375000 2.166738
v 3.166851 4.475000 2.166738
v 3.217709 4.375000 2.096738
v 3.217709 4.475000 2.096738
v 3.299999 4.375000 -3.610000
v 3.299999 4.475000 -3.610000
v 3.382289 4.375000 -3.583262
v 3.382289 4.475000 -3.583262
v 3.433147 4.375000 -3.513263
v 3.433147 4.475000 -3.513263
v 3.433147 4.375000 -3.426738
v 3.433147 4.475000 -3.426738
v 3.382289 4.375000 -3.356738
v 3.382289 4.475000 -3.356738
v 3.299999 4.375000 -3.330000
v 3.299999 4.475000 -3.330000
v 3.217709 4.375000 -3.356738
v 3.217709 4.475000 -3.356738
v 3.166851 4.375000 -3.426738
v 3.166851 4.475000 -3.426738
v 3.166851 4.375000 -3.513263
v 3.166851 4.475000 -3.513263
v 3.217709 4.375000 -3.583262
v 3.217709 4.475000 -3.583262
v -3.080000 0.750000 2.270000
v -3.080000 2.760000 2.270000
v -3.080000 0.750000 2.170000
v -3.080000 2.760000 2.170000
v -0.020000 0.750000 2.270000
v -0.020000 2.760000 2.270000
v -0.020000 0.750000 2.170000
v -0.020000 2.760000 2.170000
v -3.000000 0.830000 2.270000
v -3.000000 2.680000 2.270000
v -3.000000 0.830000 2.210000
v -3.000000 2.680000 2.210000
v -0.100000 0.830000 2.270000
v -0.100000 2.680000 2.270000
v -0.100000 0.830000 2.210000
v -0.100000 2.680000 2.210000
v -2.068333 0.830000 2.305000
v -2.068333 2.680000 2.305000
v -2.068333 0.830000 2.215000
v -2.068333 2.680000 2.215000
v -1.998333 0.830000 2.305000
v -1.998333 2.680000 2.305000
v -1.998333 0.830000 2.215000
v -1.998333 2.680000 2.215000
v -1.101667 0.830000 2.305000
v -1.101667 2.680000 2.305000
v -1.101667 0.830000 2.215000
v -1.101667 2.680000 2.215000
v -1.031667 0.830000 2.305000
v -1.031667 2.680000 2.305000
v -1.031667 0.830000 2.215000
v -1.031667 2.680000 2.215000
v -3.150000 0.690000 2.390000
v -3.150000 0.790000 2.390000
v -3.150000 0.690000 2.150000
v -3.150000 0.790000 2.150000
v 0.050000 0.690000 2.390000
v 0.050000 0.790000 2.390000
v 0.050000 0.690000 2.150000
v 0.050000 0.790000 2.150000
v 1.025000 0.059999 2.260000
v 1.025000 2.310000 2.260000
v 1.025000 0.059999 2.200000
v 1.025000 2.310000 2.200000
v 2.075000 0.059999 2.260000
v 2.075000 2.310000 2.260000
v 2.075000 0.059999 2.200000
v 2.075000 2.310000 2.200000
v 0.930000 0.054999 2.300000
v 0.930000 2.455000 2.300000
v 0.930000 0.054999 2.200001
v 0.930000 2.455000 2.200001
v 1.029999 0.054999 2.300000
v 1.029999 2.455000 2.300000
v 1.029999 0.054999 2.200001
v 1.029999 2.455000 2.200001
v 2.070000 0.054999 2.300000
v 2.070000 2.455000 2.300000
v 2.070000 0.054999 2.200001
v 2.070000 2.455000 2.200001
v 2.169999 0.054999 2.300000
v 2.169999 2.455000 2.300000
v 2.169999 0.054999 2.200001
v 2.169999 2.455000 2.200001
v 0.925000 2.375000 2.300000
v 0.925000 2.475000 2.300000
v 0.925000 2.375000 2.200001
v 0.925000 2.475000 2.200001
v 2.174999 2.375000 2.300000
v 2.174999 2.475000 2.300000
v 2.174999 2.375000 2.200001
v 2.174999 2.475000 2.200001
v 1.175000 0.905000 2.330000
v 1.175000 1.405000 2.330000
v 1.175000 0.905000 2.270000
v 1.175000 1.405000 2.270000
v 1.225000 0.905000 2.330000
v 1.225000 1.405000 2.330000
v 1.225000 0.905000 2.270000
v 1.225000 1.405000 2.270000
v 0.800000 0.005000 2.920000
v 0.800000 0.125000 2.920000
v 0.800000 0.005000 2.220000
v 0.800000 0.125000 2.220000
v 2.300000 0.005000 2.920000
v 2.300000 0.125000 2.920000
v 2.300000 0.005000 2.220000
v 2.300000 0.125000 2.220000
v -3.470001 2.687973 3.560924
v -3.470001 2.751921 3.589395
v -3.470001 3.298078 2.190606
v -3.470001 3.362026 2.219077
v -2.470000 2.687973 3.560924
v -2.470000 2.751921 3.589395
v -2.470000 3.298078 2.190606
v -2.470000 3.362026 2.219077
v -2.480000 2.687973 3.560924
v -2.480000 2.751921 3.589395
v -2.480000 3.298078 2.190606
v -2.480000 3.362026 2.219077
v -1.480000 2.687973 3.560924
v -1.480000 2.751921 3.589395
v -1.480000 3.298078 2.190606
v -1.480000 3.362026 2.219077
v -1.490000 2.687973 3.560924
v -1.490000 2.751921 3.589395
v -1.490000 3.298078 2.190606
v -1.490000 3.362026 2.219077
v -0.490000 2.687973 3.560924
v -0.490000 2.751921 3.589395
v -0.490000 3.298078 2.190606
v -0.490000 3.362026 2.219077
v -0.500000 2.687973 3.560924
v -0.500000 2.751921 3.589395
v -0.500000 3.298078 2.190606
v -0.500000 3.362026 2.219077
v 0.500000 2.687973 3.560924
v 0.500000 2.751921 3.589395
v 0.500000 3.298078 2.190606
v 0.500000 3.362026 2.219077
v 0.490000 2.687973 3.560924
v 0.490000 2.751921 3.589395
v 0.490000 3.298078 2.190606
v 0.490000 3.362026 2.219077
v 1.490000 2.687973 3.560924
v 1.490000 2.751921 3.589395
v 1.490000 3.298078 2.190606
v 1.490000 3.362026 2.219077
v 1.480000 2.687973 3.560924
v 1.480000 2.751921 3.589395
v 1.480000 3.298078 2.190606
v 1.480000 3.362026 2.219077
v 2.480000 2.687973 3.560924
v 2.480000 2.751921 3.589395
v 2.480000 3.298078 2.190606
v 2.480000 3.362026 2.219077
v 2.470000 2.687973 3.560924
v 2.470000 2.751921 3.589395
v 2.470000 3.298078 2.190606
v 2.470000 3.362026 2.219077
v 3.470000 2.687973 3.560924
v 3.470000 2.751921 3.589395
v 3.470000 3.298078 2.190606
v 3.470000 3.362026 2.219077
v -3.550000 2.685000 3.610000
v -3.550000 2.785000 3.610000
v -3.550000 2.685000 3.530000
v -3.550000 2.785000 3.530000
v 3.549999 2.685000 3.610000
v 3.549999 2.785000 3.610000
v 3.549999 2.685000 3.530000
v 3.549999 2.785000 3.530000
v -3.450000 3.225000 2.300000
v -3.450000 4.225000 2.300000
v -3.450000 3.225000 2.160000
v -3.450000 4.225000 2.160000
v 3.450000 3.225000 2.300000
v 3.450000 4.225000 2.300000
v 3.450000 3.225000 2.160000
v 3.450000 4.225000 2.160000
v -3.450000 4.215000 2.320001
v -3.450000 4.275000 2.320001
v -3.450000 4.215000 2.160000
v -3.450000 4.275000 2.160000
v 3.450000 4.215000 2.320001
v 3.450000 4.275000 2.320001
v 3.450000 4.215000 2.160000
v 3.450000 4.275000 2.160000
v -3.450000 3.175000 2.320001
v -3.450000 3.235000 2.320001
v -3.450000 3.175000 2.160000
v -3.450000 3.235000 2.160000
v 3.450000 3.175000 2.320001
v 3.450000 3.235000 2.320001
v 3.450000 3.175000 2.160000
v 3.450000 3.235000 2.160000
v -0.126740 3.848320 2.365000
v -0.126740 3.687640 2.365000
v 0.090879 3.687640 2.365000
v 0.090879 3.619000 2.365000
v -0.126740 3.619000 2.365000
v -0.126740 3.453640 2.365000
v 0.105700 3.453640 2.365000
v 0.105700 3.385000 2.365000
v -0.203180 3.385000 2.365000
v -0.203180 3.916960 2.365000
v 0.098680 3.916960 2.365000
v 0.098680 3.848320 2.365000
v -0.491780 3.848320 2.365000
v -0.491780 3.700900 2.365000
v -0.284300 3.700900 2.365000
v -0.284300 3.632260 2.365000
v -0.491780 3.632260 2.365000
v -0.491780 3.385000 2.365000
v -0.568220 3.385000 2.365000
v -0.568220 3.916960 2.365000
v -0.284300 3.916960 2.365000
v -0.284300 3.848320 2.365000
v -0.705500 3.385000 2.365000
v -0.776480 3.541780 2.365000
v -1.002680 3.541780 2.365000
v -1.069760 3.385000 2.365000
v -1.147760 3.385000 2.365000
v -0.919220 3.920080 2.365000
v -0.865400 3.920080 2.365000
v -0.627500 3.385000 2.365000
v -0.807680 3.610420 2.365000
v -0.893480 3.803080 2.365000
v -0.973040 3.610420 2.365000
v -1.204514 3.807519 2.365000
v -1.220369 3.815773 2.365000
v -1.235937 3.823177 2.365000
v -1.251269 3.829745 2.365000
v -1.266417 3.835489 2.365000
v -1.281433 3.840423 2.365000
v -1.296367 3.844561 2.365000
v -1.311271 3.847916 2.365000
v -1.326197 3.850502 2.365000
v -1.341197 3.852332 2.365000
v -1.356321 3.853420 2.365000
v -1.371620 3.853780 2.365000
v -1.401356 3.852009 2.365000
v -1.429586 3.846825 2.365000
v -1.456104 3.838424 2.365000
v -1.480705 3.827000 2.365000
v -1.503182 3.812749 2.365000
v -1.523330 3.795865 2.365000
v -1.540944 3.776544 2.365000
v -1.555816 3.754980 2.365000
v -1.567742 3.731369 2.365000
v -1.576515 3.705905 2.365000
v -1.581930 3.678784 2.365000
v -1.583780 3.650200 2.365000
v -1.581987 3.621156 2.365000
v -1.576717 3.593798 2.365000
v -1.568132 3.568288 2.365000
v -1.556394 3.544785 2.365000
v -1.541666 3.523448 2.365000
v -1.524110 3.504438 2.365000
v -1.503890 3.487914 2.365000
v -1.481167 3.474036 2.365000
v -1.456104 3.462964 2.365000
v -1.428864 3.454857 2.365000
v -1.399608 3.449876 2.365000
v -1.368500 3.448180 2.365000
v -1.353378 3.448617 2.365000
v -1.338066 3.449921 2.365000
v -1.322602 3.452080 2.365000
v -1.307025 3.455085 2.365000
v -1.291372 3.458923 2.365000
v -1.275680 3.463585 2.365000
v -1.259989 3.469059 2.365000
v -1.244336 3.475336 2.365000
v -1.228758 3.482403 2.365000
v -1.213295 3.490250 2.365000
v -1.197983 3.498866 2.365000
v -1.182860 3.508240 2.365000
v -1.182860 3.424780 2.365000
v -1.196036 3.418124 2.365000
v -1.209481 3.411834 2.365000
v -1.223274 3.405951 2.365000
v -1.237489 3.400513 2.365000
v -1.252203 3.395564 2.365000
v -1.267490 3.391143 2.365000
v -1.283428 3.387290 2.365000
v -1.300092 3.384047 2.365000
v -1.317557 3.381454 2.365000
v -1.335899 3.379551 2.365000
v -1.355195 3.378380 2.365000
v -1.375520 3.377980 2.365000
v -1.423115 3.381068 2.365000
v -1.466116 3.389879 2.365000
v -1.504610 3.403732 2.365000
v -1.538685 3.421949 2.365000
v -1.568426 3.443849 2.365000
v -1.593920 3.468753 2.365000
v -1.615255 3.495980 2.365000
v -1.632516 3.524851 2.365000
v -1.645790 3.554687 2.365000
v -1.655165 3.584806 2.365000
v -1.660726 3.614531 2.365000
v -1.662560 3.643180 2.365000
v -1.660053 3.682787 2.365000
v -1.652706 3.720314 2.365000
v -1.640781 3.755500 2.365000
v -1.624543 3.788087 2.365000
v -1.604252 3.817813 2.365000
v -1.580173 3.844420 2.365000
v -1.552567 3.867647 2.365000
v -1.521698 3.887233 2.365000
v -1.487828 3.902920 2.365000
v -1.451220 3.914447 2.365000
v -1.412137 3.921553 2.365000
v -1.370840 3.923980 2.365000
v -1.357165 3.923702 2.365000
v -1.343400 3.922857 2.365000
v -1.329488 3.921433 2.365000
v -1.315374 3.919416 2.365000
v -1.300999 3.916792 2.365000
v -1.286308 3.913548 2.365000
v -1.271243 3.909670 2.365000
v -1.255747 3.905145 2.365000
v -1.239764 3.899959 2.365000
v -1.223236 3.894098 2.365000
v -1.206107 3.887550 2.365000
v -1.188320 3.880300 2.365000
v -1.188320 3.798400 2.365000
v -0.126740 3.848320 2.275000
v -0.126740 3.687640 2.275000
v 0.090879 3.687640 2.275000
v 0.090879 3.619000 2.275000
v -0.126740 3.619000 2.275000
v -0.126740 3.453640 2.275000
v 0.105700 3.453640 2.275000
v 0.105700 3.385000 2.275000
v -0.203180 3.385000 2.275000
v -0.203180 3.916960 2.275000
v 0.098680 3.916960 2.275000
v 0.098680 3.848320 2.275000
v -0.491780 3.848320 2.275000
v -0.491780 3.700900 2.275000
v -0.284300 3.700900 2.275000
v -0.284300 3.632260 2.275000
v -0.491780 3.632260 2.275000
v -0.491780 3.385000 2.275000
v -0.568220 3.385000 2.275000
v -0.568220 3.916960 2.275000
v -0.284300 3.916960 2.275000
v -0.284300 3.848320 2.275000
v -0.705500 3.385000 2.275000
v -0.776480 3.541780 2.275000
v -1.002680 3.541780 2.275000
v -1.069760 3.385000 2.275000
v -1.147760 3.385000 2.275000
v -0.919220 3.920080 2.275000
v -0.865400 3.920080 2.275000
v -0.627500 3.385000 2.275000
v -0.807680 3.610420 2.275000
v -0.893480 3.803080 2.275000
v -0.973040 3.610420 2.275000
v -1.204514 3.807519 2.275000
v -1.220369 3.815773 2.275000
v -1.235937 3.823177 2.275000
v -1.251269 3.829745 2.275000
v -1.266417 3.835489 2.275000
v -1.281433 3.840423 2.275000
v -1.296367 3.844561 2.275000
v -1.311271 3.847916 2.275000
v -1.326197 3.850502 2.275000
v -1.341197 3.852332 2.275000
v -1.356321 3.853420 2.275000
v -1.371620 3.853780 2.275000
v -1.401356 3.852009 2.275000
v -1.429586 3.846825 2.275000
v -1.456104 3.838424 2.275000
v -1.480705 3.827000 2.275000
v -1.503182 3.812749 2.275000
v -1.523330 3.795865 2.275000
v -1.540944 3.776544 2.275000
v -1.555816 3.754980 2.275000
v -1.567742 3.731369 2.275000
v -1.576515 3.705905 2.275000
v -1.581930 3.678784 2.275000
v -1.583780 3.650200 2.275000
v -1.581987 3.621156 2.275000
v -1.576717 3.593798 2.275000
v -1.568132 3.568288 2.275000
v -1.556394 3.544785 2.275000
v -1.541666 3.523448 2.275000
v -1.524110 3.504438 2.275000
v -1.503890 3.487914 2.275000
v -1.481167 3.474036 2.275000
v -1.456104 3.462964 2.275000
v -1.428864 3.454857 2.275000
v -1.399608 3.449876 2.275000
v -1.368500 3.448180 2.275000
v -1.353378 3.448617 2.275000
v -1.338066 3.449921 2.275000
v -1.322602 3.452080 2.275000
v -1.307025 3.455085 2.275000
v -1.291372 3.458923 2.275000
v -1.275680 3.463585 2.275000
v -1.259989 3.469059 2.275000
v -1.244336 3.475336 2.275000
v -1.228758 3.482403 2.275000
v -1.213295 3.490250 2.275000
v -1.197983 3.498866 2.275000
v -1.182860 3.508240 2.275000
v -1.182860 3.424780 2.275000
v -1.196036 3.418124 2.275000
v -1.209481 3.411834 2.275000
v -1.223274 3.405951 2.275000
v -1.237489 3.400513 2.275000
v -1.252203 3.395564 2.275000
v -1.267490 3.391143 2.275000
v -1.283428 3.387290 2.275000
v -1.300092 3.384047 2.275000
v -1.317557 3.381454 2.275000
v -1.335899 3.379551 2.275000
v -1.355195 3.378380 2.275000
v -1.375520 3.377980 2.275000
v -1.423115 3.381068 2.275000
v -1.466116 3.389879 2.275000
v -1.504610 3.403732 2.275000
v -1.538685 3.421949 2.275000
v -1.568426 3.443849 2.275000
v -1.593920 3.468753 2.275000
v -1.615255 3.495980 2.275000
v -1.632516 3.524851 2.275000
v -1.645790 3.554687 2.275000
v -1.655165 3.584806 2.275000
v -1.660726 3.614531 2.275000
v -1.662560 3.643180 2.275000
v -1.660053 3.682787 2.275000
v -1.652706 3.720314 2.275000
v -1.640781 3.755500 2.275000
v -1.624543 3.788087 2.275000
v -1.604252 3.817813 2.275000
v -1.580173 3.844420 2.275000
v -1.552567 3.867647 2.275000
v -1.521698 3.887233 2.275000
v -1.487828 3.902920 2.275000
v -1.451220 3.914447 2.275000
v -1.412137 3.921553 2.275000
v -1.370840 3.923980 2.275000
v -1.357165 3.923702 2.275000
v -1.343400 3.922857 2.275000
v -1.329488 3.921433 2.275000
v -1.315374 3.919416 2.275000
v -1.300999 3.916792 2.275000
v -1.286308 3.913548 2.275000
v -1.271243 3.909670 2.275000
v -1.255747 3.905145 2.275000
v -1.239764 3.899959 2.275000
v -1.223236 3.894098 2.275000
v -1.206107 3.887550 2.275000
v -1.188320 3.880300 2.275000
v -1.188320 3.798400 2.275000
v -1.204514 3.807519 2.275000
v -1.204514 3.807519 2.365000
v -1.220369 3.815773 2.275000
v -1.220369 3.815773 2.365000
v -1.235937 3.823177 2.275000
v -1.235937 3.823177 2.365000
v -1.251269 3.829745 2.275000
v -1.251269 3.829745 2.365000
v -1.266417 3.835489 2.275000
v -1.266417 3.835489 2.365000
v -1.281433 3.840423 2.275000
v -1.281433 3.840423 2.365000
v -1.296367 3.844561 2.275000
v -1.296367 3.844561 2.365000
v -1.311271 3.847916 2.275000
v -1.311271 3.847916 2.365000
v -1.326197 3.850502 2.275000
v -1.326197 3.850502 2.365000
v -1.341197 3.852332 2.275000
v -1.341197 3.852332 2.365000
v -1.356321 3.853420 2.275000
v -1.356321 3.853420 2.365000
v -1.371620 3.853780 2.275000
v -1.371620 3.853780 2.365000
v -1.401356 3.852009 2.275000
v -1.401356 3.852009 2.365000
v -1.429586 3.846825 2.275000
v -1.429586 3.846825 2.365000
v -1.456104 3.838424 2.275000
v -1.456104 3.838424 2.365000
v -1.480705 3.827000 2.275000
v -1.480705 3.827000 2.365000
v -1.503182 3.812749 2.275000
v -1.503182 3.812749 2.365000
v -1.523330 3.795865 2.275000
v -1.523330 3.795865 2.365000
v -1.540944 3.776544 2.275000
v -1.540944 3.776544 2.365000
v -1.555816 3.754980 2.275000
v -1.555816 3.754980 2.365000
v -1.567742 3.731369 2.275000
v -1.567742 3.731369 2.365000
v -1.576515 3.705905 2.275000
v -1.576515 3.705905 2.365000
v -1.581930 3.678784 2.275000
v -1.581930 3.678784 2.365000
v -1.583780 3.650200 2.275000
v -1.583780 3.650200 2.365000
v -1.581987 3.621156 2.275000
v -1.581987 3.621156 2.365000
v -1.576717 3.593798 2.275000
v -1.576717 3.593798 2.365000
v -1.568132 3.568288 2.275000
v -1.568132 3.568288 2.365000
v -1.556394 3.544785 2.275000
v -1.556394 3.544785 2.365000
v -1.541666 3.523448 2.275000
v -1.541666 3.523448 2.365000
v -1.524110 3.504438 2.275000
v -1.524110 3.504438 2.365000
v -1.503890 3.487914 2.275000
v -1.503890 3.487914 2.365000
v -1.481167 3.474036 2.275000
v -1.481167 3.474036 2.365000
v -1.456104 3.462964 2.275000
v -1.456104 3.462964 2.365000
v -1.428864 3.454857 2.275000
v -1.428864 3.454857 2.365000
v -1.399608 3.449876 2.275000
v -1.399608 3.449876 2.365000
v -1.368500 3.448180 2.275000
v -1.368500 3.448180 2.365000
v -1.353378 3.448617 2.275000
v -1.353378 3.448617 2.365000
v -1.338066 3.449921 2.275000
v -1.338066 3.449921 2.365000
v -1.322602 3.452080 2.275000
v -1.322602 3.452080 2.365000
v -1.307025 3.455085 2.275000
v -1.307025 3.455085 2.365000
v -1.291372 3.458923 2.275000
v -1.291372 3.458923 2.365000
v -1.275680 3.463585 2.275000
v -1.275680 3.463585 2.365000
v -1.259989 3.469059 2.275000
v -1.259989 3.469059 2.365000
v -1.244336 3.475336 2.275000
v -1.244336 3.475336 2.365000
v -1.228758 3.482403 2.275000
v -1.228758 3.482403 2.365000
v -1.213295 3.490250 2.275000
v -1.213295 3.490250 2.365000
v -1.197983 3.498866 2.275000
v -1.197983 3.498866 2.365000
v -1.182860 3.508240 2.275000
v -1.182860 3.508240 2.365000
v -1.182860 3.424780 2.275000
v -1.182860 3.424780 2.365000
v -1.196036 3.418124 2.275000
v -1.196036 3.418124 2.365000
v -1.209481 3.411834 2.275000
v -1.209481 3.411834 2.365000
v -1.223274 3.405951 2.275000
v -1.223274 3.405951 2.365000
v -1.237489 3.400513 2.275000
v -1.237489 3.400513 2.365000
v -1.252203 3.395564 2.275000
v -1.252203 3.395564 2.365000
v -1.267490 3.391143 2.275000
v -1.267490 3.391143 2.365000
v -1.283428 3.387290 2.275000
v -1.283428 3.387290 2.365000
v -1.300092 3.384047 2.275000
v -1.300092 3.384047 2.365000
v -1.317557 3.381454 2.275000
v -1.317557 3.381454 2.365000
v -1.335899 3.379551 2.275000
v -1.335899 3.379551 2.365000
v -1.355195 3.378380 2.275000
v -1.355195 3.378380 2.365000
v -1.375520 3.377980 2.275000
v -1.375520 3.377980 2.365000
v -1.423115 3.381068 2.275000
v -1.423115 3.381068 2.365000
v -1.466116 3.389879 2.275000
v -1.466116 3.389879 2.365000
v -1.504610 3.403732 2.275000
v -1.504610 3.403732 2.365000
v -1.538685 3.421949 2.275000
v -1.538685 3.421949 2.365000
v -1.568426 3.443849 2.275000
v -1.568426 3.443849 2.365000
v -1.593920 3.468753 2.275000
v -1.593920 3.468753 2.365000
v -1.615255 3.495980 2.275000
v -1.615255 3.495980 2.365000
v -1.632516 3.524851 2.275000
v -1.632516 3.524851 2.365000
v -1.645790 3.554687 2.275000
v -1.645790 3.554687 2.365000
v -1.655165 3.584806 2.275000
v -1.655165 3.584806 2.365000
v -1.660726 3.614531 2.275000
v -1.660726 3.614531 2.365000
v -1.662560 3.643180 2.275000
v -1.662560 3.643180 2.365000
v -1.660053 3.682787 2.275000
v -1.660053 3.682787 2.365000
v -1.652706 3.720314 2.275000
v -1.652706 3.720314 2.365000
v -1.640781 3.755500 2.275000
v -1.640781 3.755500 2.365000
v -1.624543 3.788087 2.275000
v -1.624543 3.788087 2.365000
v -1.604252 3.817813 2.275000
v -1.604252 3.817813 2.365000
v -1.580173 3.844420 2.275000
v -1.580173 3.844420 2.365000
v -1.552567 3.867647 2.275000
v -1.552567 3.867647 2.365000
v -1.521698 3.887233 2.275000
v -1.521698 3.887233 2.365000
v -1.487828 3.902920 2.275000
v -1.487828 3.902920 2.365000
v -1.451220 3.914447 2.275000
v -1.451220 3.914447 2.365000
v -1.412137 3.921553 2.275000
v -1.412137 3.921553 2.365000
v -1.370840 3.923980 2.275000
v -1.370840 3.923980 2.365000
v -1.357165 3.923702 2.275000
v -1.357165 3.923702 2.365000
v -1.343400 3.922857 2.275000
v -1.343400 3.922857 2.365000
v -1.329488 3.921433 2.275000
v -1.329488 3.921433 2.365000
v -1.315374 3.919416 2.275000
v -1.315374 3.919416 2.365000
v -1.300999 3.916792 2.275000
v -1.300999 3.916792 2.365000
v -1.286308 3.913548 2.275000
v -1.286308 3.913548 2.365000
v -1.271243 3.909670 2.275000
v -1.271243 3.909670 2.365000
v -1.255747 3.905145 2.275000
v -1.255747 3.905145 2.365000
v -1.239764 3.899959 2.275000
v -1.239764 3.899959 2.365000
v -1.223236 3.894098 2.275000
v -1.223236 3.894098 2.365000
v -1.206107 3.887550 2.275000
v -1.206107 3.887550 2.365000
v -1.188320 3.880300 2.275000
v -1.188320 3.880300 2.365000
v -1.188320 3.798400 2.275000
v -1.188320 3.798400 2.365000
v -0.705500 3.385000 2.275000
v -0.705500 3.385000 2.365000
v -0.776480 3.541780 2.275000
v -0.776480 3.541780 2.365000
v -1.002680 3.541780 2.275000
v -1.002680 3.541780 2.365000
v -1.069760 3.385000 2.275000
v -1.069760 3.385000 2.365000
v -1.147760 3.385000 2.275000
v -1.147760 3.385000 2.365000
v -0.919220 3.920080 2.275000
v -0.919220 3.920080 2.365000
v -0.865400 3.920080 2.275000
v -0.865400 3.920080 2.365000
v -0.627500 3.385000 2.275000
v -0.627500 3.385000 2.365000
v -0.807680 3.610420 2.275000
v -0.807680 3.610420 2.365000
v -0.893480 3.803080 2.275000
v -0.893480 3.803080 2.365000
v -0.973040 3.610420 2.275000
v -0.973040 3.610420 2.365000
v -0.491780 3.848320 2.275000
v -0.491780 3.848320 2.365000
v -0.491780 3.700900 2.275000
v -0.491780 3.700900 2.365000
v -0.284300 3.700900 2.275000
v -0.284300 3.700900 2.365000
v -0.284300 3.632260 2.275000
v -0.284300 3.632260 2.365000
v -0.491780 3.632260 2.275000
v -0.491780 3.632260 2.365000
v -0.491780 3.385000 2.275000
v -0.491780 3.385000 2.365000
v -0.568220 3.385000 2.275000
v -0.568220 3.385000 2.365000
v -0.568220 3.916960 2.275000
v -0.568220 3.916960 2.365000
v -0.284300 3.916960 2.275000
v -0.284300 3.916960 2.365000
v -0.284300 3.848320 2.275000
v -0.284300 3.848320 2.365000
v -0.126740 3.848320 2.275000
v -0.126740 3.848320 2.365000
v -0.126740 3.687640 2.275000
v -0.126740 3.687640 2.365000
v 0.090879 3.687640 2.275000
v 0.090879 3.687640 2.365000
v 0.090879 3.619000 2.275000
v 0.090879 3.619000 2.365000
v -0.126740 3.619000 2.275000
v -0.126740 3.619000 2.365000
v -0.126740 3.453640 2.275000
v -0.126740 3.453640 2.365000
v 0.105700 3.453640 2.275000
v 0.105700 3.453640 2.365000
v 0.105700 3.385000 2.275000
v 0.105700 3.385000 2.365000
v -0.203180 3.385000 2.275000
v -0.203180 3.385000 2.365000
v -0.203180 3.916960 2.275000
v -0.203180 3.916960 2.365000
v 0.098680 3.916960 2.275000
v 0.098680 3.916960 2.365000
v 0.098680 3.848320 2.275000
v 0.098680 3.848320 2.365000
v 2.150000 3.585000 2.110000
v 2.150000 3.925000 2.110000
v 2.249498 3.585000 2.129791
v 2.249498 3.925000 2.129791
v 2.333847 3.585000 2.186152
v 2.333847 3.925000 2.186152
v 2.390208 3.585000 2.270503
v 2.390208 3.925000 2.270503
v 2.410000 3.585000 2.370000
v 2.410000 3.925000 2.370000
v 2.390208 3.585000 2.469498
v 2.390208 3.925000 2.469498
v 2.333847 3.585000 2.553848
v 2.333847 3.925000 2.553848
v 2.249498 3.585000 2.610209
v 2.249498 3.925000 2.610209
v 2.150000 3.585000 2.630000
v 2.150000 3.925000 2.630000
v 2.050502 3.585000 2.610209
v 2.050502 3.925000 2.610209
v 1.966152 3.585000 2.553848
v 1.966152 3.925000 2.553848
v 1.909791 3.585000 2.469498
v 1.909791 3.925000 2.469498
v 1.890000 3.585000 2.370000
v 1.890000 3.925000 2.370000
v 1.909791 3.585000 2.270503
v 1.909791 3.925000 2.270503
v 1.966152 3.585000 2.186152
v 1.966152 3.925000 2.186152
v 2.050502 3.585000 2.129791
v 2.050502 3.925000 2.129791
v 2.655000 3.755000 2.370000
v 2.641819 3.755000 2.401820
v 2.610000 3.755000 2.415000
v 2.578180 3.755000 2.401820
v 2.565000 3.755000 2.370000
v 2.578180 3.755000 2.338180
v 2.610000 3.755000 2.325000
v 2.641819 3.755000 2.338180
v 2.643240 3.821694 2.370000
v 2.630854 3.817186 2.401820
v 2.600954 3.806303 2.415000
v 2.571053 3.795420 2.401820
v 2.558667 3.790912 2.370000
v 2.571053 3.795420 2.338180
v 2.600954 3.806303 2.325000
v 2.630854 3.817186 2.338180
v 2.609378 3.880343 2.370000
v 2.599282 3.871871 2.401820
v 2.574906 3.851418 2.415000
v 2.550531 3.830965 2.401820
v 2.540434 3.822493 2.370000
v 2.550531 3.830965 2.338180
v 2.574906 3.851418 2.325000
v 2.599282 3.871871 2.338180
v 2.557500 3.923875 2.370000
v 2.550910 3.912460 2.401820
v 2.535000 3.884904 2.415000
v 2.519090 3.857347 2.401820
v 2.512500 3.845932 2.370000
v 2.519090 3.857347 2.338180
v 2.535000 3.884904 2.325000
v 2.550910 3.912460 2.338180
v 2.493861 3.947037 2.370000
v 2.491573 3.934057 2.401820
v 2.486047 3.902721 2.415000
v 2.480521 3.871385 2.401820
v 2.478233 3.858405 2.370000
v 2.480521 3.871385 2.338180
v 2.486047 3.902721 2.325000
v 2.491573 3.934057 2.338180
v 2.426138 3.947037 2.370000
v 2.428427 3.934057 2.401820
v 2.433953 3.902721 2.415000
v 2.439478 3.871385 2.401820
v 2.441767 3.858405 2.370000
v 2.439478 3.871385 2.338180
v 2.433953 3.902721 2.325000
v 2.428427 3.934057 2.338180
v 2.362499 3.923875 2.370000
v 2.369090 3.912460 2.401820
v 2.385000 3.884904 2.415000
v 2.400910 3.857347 2.401820
v 2.407500 3.845932 2.370000
v 2.400910 3.857347 2.338180
v 2.385000 3.884904 2.325000
v 2.369090 3.912460 2.338180
v 2.310621 3.880343 2.370000
v 2.320718 3.871871 2.401820
v 2.345093 3.851418 2.415000
v 2.369468 3.830965 2.401820
v 2.379565 3.822493 2.370000
v 2.369468 3.830965 2.338180
v 2.345093 3.851418 2.325000
v 2.320718 3.871871 2.338180
v 2.276760 3.821694 2.370000
v 2.289145 3.817186 2.401820
v 2.319046 3.806303 2.415000
v 2.348947 3.795420 2.401820
v 2.361332 3.790912 2.370000
v 2.348947 3.795420 2.338180
v 2.319046 3.806303 2.325000
v 2.289145 3.817186 2.338180
v 2.265000 3.755000 2.370000
v 2.278180 3.755000 2.401820
v 2.310000 3.755000 2.415000
v 2.341820 3.755000 2.401820
v 2.355000 3.755000 2.370000
v 2.341820 3.755000 2.338180
v 2.310000 3.755000 2.325000
v 2.278180 3.755000 2.338180
v 2.276759 3.688306 2.370000
v 2.289145 3.692814 2.401820
v 2.319046 3.703697 2.415000
v 2.348947 3.714580 2.401820
v 2.361332 3.719088 2.370000
v 2.348947 3.714580 2.338180
v 2.319046 3.703697 2.325000
v 2.289145 3.692814 2.338180
v 2.310621 3.629656 2.370000
v 2.320718 3.638128 2.401820
v 2.345093 3.658582 2.415000
v 2.369468 3.679035 2.401820
v 2.379565 3.687507 2.370000
v 2.369468 3.679035 2.338180
v 2.345093 3.658582 2.325000
v 2.320718 3.638128 2.338180
v 2.362499 3.586125 2.370000
v 2.369090 3.597539 2.401820
v 2.385000 3.625096 2.415000
v 2.400910 3.652653 2.401820
v 2.407500 3.664067 2.370000
v 2.400910 3.652653 2.338180
v 2.385000 3.625096 2.325000
v 2.369090 3.597539 2.338180
v 2.426138 3.562962 2.370000
v 2.428427 3.575942 2.401820
v 2.433953 3.607279 2.415000
v 2.439478 3.638615 2.401820
v 2.441767 3.651595 2.370000
v 2.439478 3.638615 2.338180
v 2.433953 3.607279 2.325000
v 2.428427 3.575942 2.338180
v 2.493861 3.562962 2.370000
v 2.491573 3.575942 2.401820
v 2.486047 3.607279 2.415000
v 2.480521 3.638615 2.401820
v 2.478233 3.651595 2.370000
v 2.480521 3.638615 2.338180
v 2.486047 3.607279 2.325000
v 2.491573 3.575942 2.338180
v 2.557500 3.586125 2.370000
v 2.550910 3.597539 2.401820
v 2.535000 3.625096 2.415000
v 2.519090 3.652653 2.401820
v 2.512500 3.664067 2.370000
v 2.519090 3.652653 2.338180
v 2.535000 3.625096 2.325000
v 2.550910 3.597539 2.338180
v 2.609378 3.629656 2.370000
v 2.599282 3.638128 2.401820
v 2.574906 3.658582 2.415000
v 2.550531 3.679035 2.401820
v 2.540434 3.687507 2.370000
v 2.550531 3.679035 2.338180
v 2.574906 3.658582 2.325000
v 2.599282 3.638128 2.338180
v 2.643240 3.688306 2.370000
v 2.630854 3.692814 2.401820
v 2.600954 3.703697 2.415000
v 2.571053 3.714580 2.401820
v 2.558667 3.719088 2.370000
v 2.571053 3.714580 2.338180
v 2.600954 3.703697 2.325000
v 2.630854 3.692814 2.338180
v 2.150000 3.530000 2.010000
v 2.150000 3.580000 2.010000
v 2.287766 3.530000 2.037404
v 2.287766 3.580000 2.037404
v 2.404558 3.530000 2.115442
v 2.404558 3.580000 2.115442
v 2.482597 3.530000 2.232234
v 2.482597 3.580000 2.232234
v 2.510000 3.530000 2.370000
v 2.510000 3.580000 2.370000
v 2.482597 3.530000 2.507766
v 2.482597 3.580000 2.507766
v 2.404558 3.530000 2.624558
v 2.404558 3.580000 2.624558
v 2.287766 3.530000 2.702597
v 2.287766 3.580000 2.702597
v 2.150000 3.530000 2.730000
v 2.150000 3.580000 2.730000
v 2.012233 3.530000 2.702597
v 2.012233 3.580000 2.702597
v 1.895442 3.530000 2.624558
v 1.895442 3.580000 2.624558
v 1.817403 3.530000 2.507766
v 1.817403 3.580000 2.507766
v 1.790000 3.530000 2.370000
v 1.790000 3.580000 2.370000
v 1.817403 3.530000 2.232234
v 1.817403 3.580000 2.232234
v 1.895442 3.530000 2.115442
v 1.895442 3.580000 2.115442
v 2.012233 3.530000 2.037404
v 2.012233 3.580000 2.037404
v 3.700000 1.775000 1.570000
v 3.700000 3.035000 1.570000
v 3.700000 1.775000 -0.030000
v 3.700000 3.035000 -0.030000
v 3.800000 1.775000 1.570000
v 3.800000 3.035000 1.570000
v 3.800000 1.775000 -0.030000
v 3.800000 3.035000 -0.030000
v 3.740000 1.855000 1.490000
v 3.740000 2.955000 1.490000
v 3.740000 1.855000 0.050000
v 3.740000 2.955000 0.050000
v 3.800000 1.855000 1.490000
v 3.800000 2.955000 1.490000
v 3.800000 1.855000 0.050000
v 3.800000 2.955000 0.050000
v -3.800000 1.775000 1.570000
v -3.800000 3.035000 1.570000
v -3.800000 1.775000 -0.030000
v -3.800000 3.035000 -0.030000
v -3.700000 1.775000 1.570000
v -3.700000 3.035000 1.570000
v -3.700000 1.775000 -0.030000
v -3.700000 3.035000 -0.030000
v -3.800000 1.855000 1.490000
v -3.800000 2.955000 1.490000
v -3.800000 1.855000 0.050000
v -3.800000 2.955000 0.050000
v -3.740000 1.855000 1.490000
v -3.740000 2.955000 1.490000
v -3.740000 1.855000 0.050000
v -3.740000 2.955000 0.050000
v 3.700000 1.775000 -1.230000
v 3.700000 3.035000 -1.230000
v 3.700000 1.775000 -2.830000
v 3.700000 3.035000 -2.830000
v 3.800000 1.775000 -1.230000
v 3.800000 3.035000 -1.230000
v 3.800000 1.775000 -2.830000
v 3.800000 3.035000 -2.830000
v 3.740000 1.855000 -1.310000
v 3.740000 2.955000 -1.310000
v 3.740000 1.855000 -2.750000
v 3.740000 2.955000 -2.750000
v 3.800000 1.855000 -1.310000
v 3.800000 2.955000 -1.310000
v 3.800000 1.855000 -2.750000
v 3.800000 2.955000 -2.750000
v -3.800000 1.775000 -1.230000
v -3.800000 3.035000 -1.230000
v -3.800000 1.775000 -2.830000
v -3.800000 3.035000 -2.830000
v -3.700000 1.775000 -1.230000
v -3.700000 3.035000 -1.230000
v -3.700000 1.775000 -2.830000
v -3.700000 3.035000 -2.830000
v -3.800000 1.855000 -1.310000
v -3.800000 2.955000 -1.310000
v -3.800000 1.855000 -2.750000
v -3.800000 2.955000 -2.750000
v -3.740000 1.855000 -1.310000
v -3.740000 2.955000 -1.310000
v -3.740000 1.855000 -2.750000
v -3.740000 2.955000 -2.750000
v -2.300000 0.055000 -3.430000
v -2.300000 2.155000 -3.430000
v -2.300000 0.055000 -3.510000
v -2.300000 2.155000 -3.510000
v -1.300000 0.055000 -3.430000
v -1.300000 2.155000 -3.430000
v -1.300000 0.055000 -3.510000
v -1.300000 2.155000 -3.510000
v 0.950000 2.055000 -3.430000
v 0.950000 2.955000 -3.430000
v 0.950000 2.055000 -3.530000
v 0.950000 2.955000 -3.530000
v 2.250000 2.055000 -3.430000
v 2.250000 2.955000 -3.430000
v 2.250000 2.055000 -3.530000
v 2.250000 2.955000 -3.530000
v 1.020000 2.125000 -3.470000
v 1.020000 2.885000 -3.470000
v 1.020000 2.125000 -3.530000
v 1.020000 2.885000 -3.530000
v 2.180000 2.125000 -3.470000
v 2.180000 2.885000 -3.470000
v 2.180000 2.125000 -3.530000
v 2.180000 2.885000 -3.530000
v -1.450000 4.230000 -1.480000
v -1.450000 4.780000 -1.480000
v -1.450000 4.230000 -2.180000
v -1.450000 4.780000 -2.180000
v -1.390000 4.230000 -1.480000
v -1.390000 4.780000 -1.480000
v -1.390000 4.230000 -2.180000
v -1.390000 4.780000 -2.180000
v 2.400000 4.055000 -2.590000
v 2.400000 5.555000 -2.590000
v 2.480000 4.055000 -2.568564
v 2.480000 5.555000 -2.568564
v 2.538564 4.055000 -2.510000
v 2.538564 5.555000 -2.510000
v 2.560000 4.055000 -2.430000
v 2.560000 5.555000 -2.430000
v 2.538564 4.055000 -2.350000
v 2.538564 5.555000 -2.350000
v 2.480000 4.055000 -2.291436
v 2.480000 5.555000 -2.291436
v 2.400000 4.055000 -2.270000
v 2.400000 5.555000 -2.270000
v 2.320000 4.055000 -2.291436
v 2.320000 5.555000 -2.291436
v 2.261436 4.055000 -2.350000
v 2.261436 5.555000 -2.350000
v 2.240000 4.055000 -2.430000
v 2.240000 5.555000 -2.430000
v 2.261436 4.055000 -2.510000
v 2.261436 5.555000 -2.510000
v 2.320000 4.055000 -2.568564
v 2.320000 5.555000 -2.568564
v 2.400000 5.525000 -2.690000
v 2.400000 5.645000 -2.690000
v 2.529999 5.525000 -2.655166
v 2.529999 5.645000 -2.655166
v 2.625167 5.525000 -2.560000
v 2.625167 5.645000 -2.560000
v 2.660000 5.525000 -2.430000
v 2.660000 5.645000 -2.430000
v 2.625167 5.525000 -2.300000
v 2.625167 5.645000 -2.300000
v 2.529999 5.525000 -2.204833
v 2.529999 5.645000 -2.204833
v 2.400000 5.525000 -2.170000
v 2.400000 5.645000 -2.170000
v 2.270000 5.525000 -2.204833
v 2.270000 5.645000 -2.204833
v 2.174833 5.525000 -2.300000
v 2.174833 5.645000 -2.300000
v 2.140000 5.525000 -2.430000
v 2.140000 5.645000 -2.430000
v 2.174833 5.525000 -2.560000
v 2.174833 5.645000 -2.560000
v 2.270000 5.525000 -2.655166
v 2.270000 5.645000 -2.655166
v -3.600000 0.010000 3.320001
v -3.600000 0.560000 3.320001
v -3.600000 0.010000 2.520000
v -3.600000 0.560000 2.520000
v -2.800000 0.010000 3.320001
v -2.800000 0.560000 3.320001
v -2.800000 0.010000 2.520000
v -2.800000 0.560000 2.520000
v -3.200000 0.834440 2.510530
v -3.200000 0.675560 2.510530
v -3.200000 0.433354 2.737769
v -3.108885 1.076646 2.762183
v -3.035816 0.977586 2.635624
v -2.995265 0.834440 2.565389
v -2.995265 0.675560 2.565389
v -3.035816 0.532414 2.635624
v -3.108885 0.433354 2.762183
v -3.042183 1.076646 2.828885
v -2.915624 0.977586 2.755816
v -2.845389 0.834440 2.715265
v -2.845389 0.675560 2.715265
v -2.915624 0.532414 2.755816
v -3.042183 0.433354 2.828885
v -3.017769 1.076646 2.920000
v -2.871631 0.977586 2.920000
v -2.790530 0.834440 2.920000
v -2.790530 0.675560 2.920000
v -2.871631 0.532414 2.920000
v -3.017769 0.433354 2.920000
v -3.042183 1.076646 3.011116
v -2.915624 0.977586 3.084185
v -2.845389 0.834440 3.124735
v -2.845389 0.675560 3.124735
v -2.915624 0.532414 3.084185
v -3.042183 0.433354 3.011116
v -3.108885 1.076646 3.077817
v -3.035816 0.977586 3.204376
v -2.995265 0.834440 3.274611
v -2.995265 0.675560 3.274611
v -3.035816 0.532414 3.204376
v -3.108885 0.433354 3.077817
v -3.200000 1.076646 3.102232
v -3.200000 0.977586 3.248370
v -3.200001 0.834440 3.329470
v -3.200001 0.675560 3.329470
v -3.200000 0.532414 3.248370
v -3.200000 0.433354 3.102232
v -3.291116 1.076646 3.077817
v -3.364185 0.977586 3.204376
v -3.404735 0.834440 3.274611
v -3.404735 0.675560 3.274611
v -3.364185 0.532414 3.204376
v -3.291116 0.433354 3.077817
v -3.200000 0.398000 2.920000
v -3.357817 1.076646 3.011116
v -3.484376 0.977586 3.084185
v -3.554611 0.834440 3.124735
v -3.554611 0.675560 3.124735
v -3.484376 0.532414 3.084185
v -3.357817 0.433354 3.011116
v -3.200000 1.112000 2.920000
v -3.382231 1.076646 2.920000
v -3.528369 0.977586 2.920000
v -3.609470 0.834440 2.920000
v -3.609470 0.675560 2.920000
v -3.528369 0.532414 2.920000
v -3.382231 0.433354 2.920000
v -3.357817 1.076646 2.828885
v -3.484376 0.977586 2.755816
v -3.554611 0.834440 2.715265
v -3.554611 0.675560 2.715265
v -3.484376 0.532414 2.755816
v -3.357817 0.433354 2.828885
v -3.291116 1.076646 2.762183
v -3.364185 0.977586 2.635624
v -3.404735 0.834440 2.565389
v -3.404735 0.675560 2.565389
v -3.364185 0.532414 2.635624
v -3.291116 0.433354 2.762183
v -3.200000 1.076646 2.737769
v -3.200000 0.977586 2.591631
v -3.200000 0.532414 2.591631
v 2.800000 0.010000 3.320001
v 2.800000 0.560000 3.320001
v 2.800000 0.010000 2.520000
v 2.800000 0.560000 2.520000
v 3.600000 0.010000 3.320001
v 3.600000 0.560000 3.320001
v 3.600000 0.010000 2.520000
v 3.600000 0.560000 2.520000
v 3.200000 0.834440 2.510530
v 3.200000 0.675560 2.510530
v 3.200000 0.433354 2.737769
v 3.291116 1.076646 2.762183
v 3.364185 0.977586 2.635624
v 3.404735 0.834440 2.565389
v 3.404735 0.675560 2.565389
v 3.364185 0.532414 2.635624
v 3.291116 0.433354 2.762183
v 3.357817 1.076646 2.828885
v 3.484376 0.977586 2.755816
v 3.554611 0.834440 2.715265
v 3.554611 0.675560 2.715265
v 3.484376 0.532414 2.755816
v 3.357817 0.433354 2.828885
v 3.382231 1.076646 2.920000
v 3.528369 0.977586 2.920000
v 3.609470 0.834440 2.920000
v 3.609470 0.675560 2.920000
v 3.528369 0.532414 2.920000
v 3.382231 0.433354 2.920000
v 3.357817 1.076646 3.011116
v 3.484376 0.977586 3.084185
v 3.554611 0.834440 3.124735
v 3.554611 0.675560 3.124735
v 3.484376 0.532414 3.084185
v 3.357817 0.433354 3.011116
v 3.291116 1.076646 3.077817
v 3.364185 0.977586 3.204376
v 3.404735 0.834440 3.274611
v 3.404735 0.675560 3.274611
v 3.364185 0.532414 3.204376
v 3.291116 0.433354 3.077817
v 3.200000 1.076646 3.102232
v 3.200000 0.977586 3.248370
v 3.200000 0.834440 3.329470
v 3.200000 0.675560 3.329470
v 3.200000 0.532414 3.248370
v 3.200000 0.433354 3.102232
v 3.108885 1.076646 3.077817
v 3.035815 0.977586 3.204376
v 2.995265 0.834440 3.274611
v 2.995265 0.675560 3.274611
v 3.035815 0.532414 3.204376
v 3.108885 0.433354 3.077817
v 3.200000 0.398000 2.920000
v 3.042183 1.076646 3.011116
v 2.915624 0.977586 3.084185
v 2.845389 0.834440 3.124735
v 2.845389 0.675560 3.124735
v 2.915624 0.532414 3.084185
v 3.042183 0.433354 3.011116
v 3.200000 1.112000 2.920000
v 3.017769 1.076646 2.920000
v 2.871631 0.977586 2.920000
v 2.790530 0.834440 2.920000
v 2.790530 0.675560 2.920000
v 2.871631 0.532414 2.920000
v 3.017769 0.433354 2.920000
v 3.042183 1.076646 2.828885
v 2.915624 0.977586 2.755816
v 2.845389 0.834440 2.715265
v 2.845389 0.675560 2.715265
v 2.915624 0.532414 2.755816
v 3.042183 0.433354 2.828885
v 3.108885 1.076646 2.762183
v 3.035815 0.977586 2.635624
v 2.995265 0.834440 2.565389
v 2.995265 0.675560 2.565389
v 3.035815 0.532414 2.635624
v 3.108885 0.433354 2.762183
v 3.200000 1.076646 2.737769
v 3.200000 0.977586 2.591631
v 3.200000 0.532414 2.591631
v -3.500000 2.255000 2.700000
v -3.500000 2.855000 2.700000
v -3.500000 2.255000 2.200000
v -3.500000 2.855000 2.200000
v -2.600000 2.255000 2.700000
v -2.600000 2.855000 2.700000
v -2.600000 2.255000 2.200000
v -2.600000 2.855000 2.200000
v -3.400000 2.355000 2.755000
v -3.400000 2.755000 2.755000
v -3.400000 2.355000 2.705000
v -3.400000 2.755000 2.705000
v -2.700000 2.355000 2.755000
v -2.700000 2.755000 2.755000
v -2.700000 2.355000 2.705000
v -2.700000 2.755000 2.705000
vn -1.0000 -0.0000 -0.0000
vn -0.0000 -0.0000 -1.0000
vn 1.0000 -0.0000 -0.0000
vn -0.0000 -0.0000 1.0000
vn -0.0000 -1.0000 -0.0000
vn -0.0000 1.0000 -0.0000
vn -0.0000 -0.6437 -0.7653
vn -0.0000 0.6437 -0.7653
vn 0.4498 0.6437 -0.6191
vn 0.4498 -0.6437 -0.6191
vn 0.7278 0.6437 -0.2365
vn 0.7278 -0.6437 -0.2365
vn 0.7278 0.6437 0.2365
vn 0.7278 -0.6437 0.2365
vn 0.4498 0.6437 0.6191
vn 0.4498 -0.6437 0.6191
vn -0.0000 0.6437 0.7653
vn -0.0000 -0.6437 0.7653
vn -0.4498 0.6437 0.6191
vn -0.4498 -0.6437 0.6191
vn -0.7278 0.6437 0.2365
vn -0.7278 -0.6437 0.2365
vn -0.7278 0.6437 -0.2365
vn -0.7278 -0.6437 -0.2365
vn -0.4498 0.6437 -0.6191
vn -0.4498 -0.6437 -0.6191
vn -0.0000 0.4067 -0.9135
vn -0.0000 -0.4067 0.9135
vn -0.0000 -0.9135 -0.4067
vn -0.0000 0.9135 0.4067
vn -0.0000 0.0002 1.0000
vn -0.0000 0.0001 1.0000
vn -0.0000 -0.0001 1.0000
vn -0.0000 -0.0002 1.0000
vn -0.0000 0.0001 -1.0000
vn -0.0000 -0.0001 -1.0000
vn -0.0000 0.0002 -1.0000
vn -0.0000 0.0003 -1.0000
vn -0.4763 -0.8793 -0.0000
vn -0.4457 -0.8952 -0.0000
vn -0.4117 -0.9113 -0.0000
vn -0.3742 -0.9273 -0.0000
vn -0.3334 -0.9428 -0.0000
vn -0.2897 -0.9571 -0.0000
vn -0.2434 -0.9699 -0.0000
vn -0.1952 -0.9808 -0.0000
vn -0.1460 -0.9893 -0.0000
vn -0.0965 -0.9953 -0.0000
vn -0.0476 -0.9989 -0.0000
vn 0.0180 -0.9998 -0.0000
vn 0.1203 -0.9927 -0.0000
vn 0.2418 -0.9703 -0.0000
vn 0.3623 -0.9320 -0.0000
vn 0.4793 -0.8776 -0.0000
vn 0.5902 -0.8073 -0.0000
vn 0.6922 -0.7217 -0.0000
vn 0.7829 -0.6221 -0.0000
vn 0.8599 -0.5105 -0.0000
vn 0.9212 -0.3892 -0.0000
vn 0.9652 -0.2614 -0.0000
vn 0.9915 -0.1305 -0.0000
vn 1.0000 -0.0015 -0.0000
vn 0.9921 0.1257 -0.0000
vn 0.9670 0.2546 -0.0000
vn 0.9234 0.3838 -0.0000
vn 0.8609 0.5087 -0.0000
vn 0.7808 0.6248 -0.0000
vn 0.6854 0.7282 -0.0000
vn 0.5784 0.8158 -0.0000
vn 0.4637 0.8860 -0.0000
vn 0.3454 0.9385 -0.0000
vn 0.2270 0.9739 -0.0000
vn 0.1113 0.9938 -0.0000
vn 0.0128 0.9999 -0.0000
vn -0.0569 0.9984 -0.0000
vn -0.1116 0.9938 -0.0000
vn -0.1639 0.9865 -0.0000
vn -0.2138 0.9769 -0.0000
vn -0.2616 0.9652 -0.0000
vn -0.3072 0.9516 -0.0000
vn -0.3509 0.9364 -0.0000
vn -0.3927 0.9196 -0.0000
vn -0.4329 0.9014 -0.0000
vn -0.4716 0.8818 -0.0000
vn -0.5088 0.8609 -0.0000
vn 0.4864 0.8738 -0.0000
vn 0.8517 -0.5240 -0.0000
vn 0.4374 -0.8993 -0.0000
vn 0.4081 -0.9129 -0.0000
vn 0.3749 -0.9271 -0.0000
vn 0.3381 -0.9411 -0.0000
vn 0.2984 -0.9544 -0.0000
vn 0.2565 -0.9666 -0.0000
vn 0.2131 -0.9770 -0.0000
vn 0.1690 -0.9856 -0.0000
vn 0.1251 -0.9921 -0.0000
vn 0.0819 -0.9966 -0.0000
vn 0.0401 -0.9992 -0.0000
vn -0.0226 -0.9997 -0.0000
vn -0.1330 -0.9911 -0.0000
vn -0.2704 -0.9628 -0.0000
vn -0.4061 -0.9138 -0.0000
vn -0.5336 -0.8457 -0.0000
vn -0.6474 -0.7621 -0.0000
vn -0.7446 -0.6675 -0.0000
vn -0.8244 -0.5661 -0.0000
vn -0.8876 -0.4607 -0.0000
vn -0.9358 -0.3524 -0.0000
vn -0.9705 -0.2409 -0.0000
vn -0.9923 -0.1241 -0.0000
vn -1.0000 -0.0004 -0.0000
vn -0.9918 0.1279 -0.0000
vn -0.9664 0.2571 -0.0000
vn -0.9232 0.3844 -0.0000
vn -0.8625 0.5061 -0.0000
vn -0.7855 0.6188 -0.0000
vn -0.6942 0.7198 -0.0000
vn -0.5911 0.8066 -0.0000
vn -0.4790 0.8778 -0.0000
vn -0.3610 0.9325 -0.0000
vn -0.2401 0.9708 -0.0000
vn -0.1190 0.9929 -0.0000
vn -0.0192 0.9998 -0.0000
vn 0.0408 0.9992 -0.0000
vn 0.0816 0.9967 -0.0000
vn 0.1217 0.9926 -0.0000
vn 0.1606 0.9870 -0.0000
vn 0.1976 0.9803 -0.0000
vn 0.2325 0.9726 -0.0000
vn 0.2648 0.9643 -0.0000
vn 0.2945 0.9556 -0.0000
vn 0.3214 0.9469 -0.0000
vn 0.3457 0.9384 -0.0000
vn 0.3673 0.9301 -0.0000
vn 0.8299 0.5579 -0.0000
vn 0.5047 -0.8633 -0.0000
vn -0.5420 -0.8404 -0.0000
vn 0.5507 -0.8347 -0.0000
vn -0.8345 -0.5510 -0.0000
vn -0.5510 0.8345 -0.0000
vn 0.5449 0.8385 -0.0000
vn 0.8385 -0.5449 -0.0000
vn -0.8387 0.5446 -0.0000
vn 0.0137 -0.9999 -0.0000
vn 0.8312 0.5560 -0.0000
vn 0.7071 -0.7071 -0.0000
vn 0.7071 0.7071 -0.0000
vn -0.7071 -0.7071 -0.0000
vn -0.7071 0.7071 -0.0000
vn -0.0000 -0.6657 -0.7462
vn -0.0000 0.6657 -0.7462
vn 0.2856 0.6657 -0.6894
vn 0.2856 -0.6657 -0.6894
vn 0.5276 0.6657 -0.5276
vn 0.5276 -0.6657 -0.5276
vn 0.6894 0.6657 -0.2856
vn 0.6894 -0.6657 -0.2856
vn 0.7462 0.6657 -0.0000
vn 0.7462 -0.6657 -0.0000
vn 0.6894 0.6657 0.2856
vn 0.6894 -0.6657 0.2856
vn 0.5276 0.6657 0.5276
vn 0.5276 -0.6657 0.5276
vn 0.2856 0.6657 0.6894
vn 0.2856 -0.6657 0.6894
vn -0.0000 0.6657 0.7462
vn -0.0000 -0.6657 0.7462
vn -0.2856 0.6657 0.6894
vn -0.2856 -0.6657 0.6894
vn -0.5276 0.6657 0.5276
vn -0.5276 -0.6657 0.5276
vn -0.6894 0.6657 0.2856
vn -0.6894 -0.6657 0.2856
vn -0.7462 0.6657 -0.0000
vn -0.7462 -0.6657 -0.0000
vn -0.6894 0.6657 -0.2856
vn -0.6894 -0.6657 -0.2856
vn -0.5276 0.6657 -0.5276
vn -0.5276 -0.6657 -0.5276
vn -0.2856 0.6657 -0.6894
vn -0.2856 -0.6657 -0.6894
vn 0.9397 0.3420 -0.0000
vn 0.6833 0.2487 0.6865
vn 0.7271 -0.0000 0.6865
vn 0.0399 0.0145 0.9991
vn 0.0424 -0.0000 0.9991
vn -0.6433 -0.2341 0.7289
vn -0.6846 -0.0000 0.7289
vn -0.9397 -0.3420 -0.0000
vn -0.6433 -0.2341 -0.7289
vn -0.6846 -0.0000 -0.7289
vn 0.0399 0.0145 -0.9991
vn 0.0424 -0.0000 -0.9991
vn 0.6833 0.2487 -0.6865
vn 0.7271 -0.0000 -0.6865
vn 0.7660 0.6428 -0.0000
vn 0.5570 0.4674 0.6865
vn 0.0325 0.0273 0.9991
vn -0.5244 -0.4400 0.7289
vn -0.7660 -0.6428 -0.0000
vn -0.5244 -0.4400 -0.7289
vn 0.0325 0.0273 -0.9991
vn 0.5570 0.4674 -0.6865
vn 0.5000 0.8660 -0.0000
vn 0.3636 0.6297 0.6865
vn 0.0212 0.0368 0.9991
vn -0.3423 -0.5929 0.7289
vn -0.5000 -0.8660 -0.0000
vn -0.3423 -0.5929 -0.7289
vn 0.0212 0.0368 -0.9991
vn 0.3636 0.6297 -0.6865
vn 0.1736 0.9848 -0.0000
vn 0.1263 0.7161 0.6865
vn 0.0074 0.0418 0.9991
vn -0.1189 -0.6742 0.7289
vn -0.1736 -0.9848 -0.0000
vn -0.1189 -0.6742 -0.7289
vn 0.0074 0.0418 -0.9991
vn 0.1263 0.7161 -0.6865
vn -0.1736 0.9848 -0.0000
vn -0.1263 0.7161 0.6865
vn -0.0074 0.0418 0.9991
vn 0.1189 -0.6742 0.7289
vn 0.1736 -0.9848 -0.0000
vn 0.1189 -0.6742 -0.7289
vn -0.0074 0.0418 -0.9991
vn -0.1263 0.7161 -0.6865
vn -0.5000 0.8660 -0.0000
vn -0.3636 0.6297 0.6865
vn -0.0212 0.0368 0.9991
vn 0.3423 -0.5929 0.7289
vn 0.5000 -0.8660 -0.0000
vn 0.3423 -0.5929 -0.7289
vn -0.0212 0.0368 -0.9991
vn -0.3636 0.6297 -0.6865
vn -0.7660 0.6428 -0.0000
vn -0.5570 0.4674 0.6865
vn -0.0325 0.0273 0.9991
vn 0.5244 -0.4401 0.7289
vn 0.7660 -0.6428 -0.0000
vn 0.5244 -0.4400 -0.7289
vn -0.0325 0.0273 -0.9991
vn -0.5570 0.4674 -0.6865
vn -0.9397 0.3420 -0.0000
vn -0.6833 0.2487 0.6865
vn -0.0399 0.0145 0.9991
vn 0.6433 -0.2341 0.7289
vn 0.9397 -0.3420 -0.0000
vn 0.6433 -0.2341 -0.7289
vn -0.0399 0.0145 -0.9991
vn -0.6833 0.2487 -0.6865
vn -0.7271 -0.0000 0.6865
vn -0.0424 -0.0000 0.9991
vn 0.6846 -0.0000 0.7289
vn 0.6846 -0.0000 -0.7289
vn -0.0424 -0.0000 -0.9991
vn -0.7271 -0.0000 -0.6865
vn -0.6833 -0.2487 0.6865
vn -0.0399 -0.0145 0.9991
vn 0.6433 0.2341 0.7289
vn 0.6433 0.2341 -0.7289
vn -0.0399 -0.0145 -0.9991
vn -0.6833 -0.2487 -0.6865
vn -0.5570 -0.4674 0.6865
vn -0.0325 -0.0273 0.9991
vn 0.5244 0.4401 0.7289
vn 0.5244 0.4401 -0.7289
vn -0.0325 -0.0273 -0.9991
vn -0.5570 -0.4674 -0.6865
vn -0.3636 -0.6297 0.6865
vn -0.0212 -0.0368 0.9991
vn 0.3423 0.5929 0.7289
vn 0.3423 0.5929 -0.7289
vn -0.0212 -0.0368 -0.9991
vn -0.3636 -0.6297 -0.6865
vn -0.1263 -0.7161 0.6865
vn -0.0074 -0.0418 0.9991
vn 0.1189 0.6742 0.7289
vn 0.1737 0.9848 -0.0000
vn 0.1189 0.6742 -0.7289
vn -0.0074 -0.0418 -0.9991
vn -0.1263 -0.7161 -0.6865
vn 0.1263 -0.7161 0.6865
vn 0.0074 -0.0418 0.9991
vn -0.1189 0.6742 0.7289
vn -0.1189 0.6742 -0.7289
vn 0.0074 -0.0418 -0.9991
vn 0.1263 -0.7161 -0.6865
vn 0.3636 -0.6297 0.6865
vn 0.0212 -0.0368 0.9991
vn -0.3423 0.5929 0.7289
vn -0.3423 0.5929 -0.7289
vn 0.0212 -0.0368 -0.9991
vn 0.3636 -0.6297 -0.6865
vn 0.5570 -0.4674 0.6865
vn 0.0325 -0.0273 0.9991
vn -0.5244 0.4401 0.7289
vn -0.5244 0.4400 -0.7289
vn 0.0325 -0.0273 -0.9991
vn 0.5570 -0.4674 -0.6865
vn 0.6833 -0.2487 0.6865
vn 0.0399 -0.0145 0.9991
vn -0.6433 0.2341 0.7289
vn -0.6433 0.2341 -0.7289
vn 0.0399 -0.0145 -0.9991
vn 0.6833 -0.2487 -0.6865
vn -0.0000 -0.6532 -0.7572
vn -0.0000 0.6532 -0.7572
vn 0.3786 0.6532 -0.6557
vn 0.3786 -0.6532 -0.6557
vn 0.6557 0.6532 -0.3786
vn 0.6557 -0.6532 -0.3786
vn 0.7572 0.6532 -0.0000
vn 0.7572 -0.6532 -0.0000
vn 0.6557 0.6532 0.3786
vn 0.6557 -0.6532 0.3786
vn 0.3786 0.6532 0.6557
vn 0.3786 -0.6532 0.6557
vn -0.0000 0.6532 0.7572
vn -0.0000 -0.6532 0.7572
vn -0.3786 0.6532 0.6557
vn -0.3786 -0.6532 0.6557
vn -0.6557 0.6532 0.3786
vn -0.6557 -0.6532 0.3786
vn -0.7572 0.6532 -0.0000
vn -0.7572 -0.6532 -0.0000
vn -0.6557 0.6532 -0.3786
vn -0.6557 -0.6532 -0.3786
vn -0.3786 0.6532 -0.6557
vn -0.3786 -0.6532 -0.6557
vn -0.0000 -0.9115 -0.4113
vn -0.0000 -0.6599 -0.7513
vn 0.3757 -0.6599 -0.6507
vn 0.2057 -0.9115 -0.3562
vn -0.0000 -0.2451 -0.9695
vn -0.0000 0.2451 -0.9695
vn 0.4847 0.2451 -0.8396
vn 0.4847 -0.2451 -0.8396
vn -0.0000 0.6599 -0.7513
vn -0.0000 0.9115 -0.4113
vn 0.2057 0.9115 -0.3562
vn 0.3757 0.6599 -0.6507
vn 0.6507 0.6599 -0.3757
vn 0.8396 0.2451 -0.4847
vn 0.3562 0.9115 -0.2057
vn 0.6507 -0.6599 -0.3757
vn 0.3562 -0.9115 -0.2057
vn 0.8396 -0.2451 -0.4847
vn 0.7513 -0.6599 -0.0000
vn 0.4113 -0.9115 -0.0000
vn 0.9695 0.2451 -0.0000
vn 0.9695 -0.2451 -0.0000
vn 0.4113 0.9115 -0.0000
vn 0.7513 0.6599 -0.0000
vn 0.6507 -0.6599 0.3757
vn 0.3562 -0.9115 0.2057
vn 0.8396 0.2451 0.4847
vn 0.8396 -0.2451 0.4847
vn 0.3562 0.9115 0.2057
vn 0.6507 0.6599 0.3757
vn 0.2057 0.9115 0.3562
vn 0.3757 0.6599 0.6507
vn 0.2057 -0.9115 0.3562
vn 0.4847 -0.2451 0.8396
vn 0.3757 -0.6599 0.6507
vn 0.4847 0.2451 0.8396
vn -0.0000 -0.9115 0.4113
vn -0.0000 -0.2451 0.9695
vn -0.0000 -0.6599 0.7513
vn -0.0000 0.6599 0.7513
vn -0.0000 0.2451 0.9695
vn -0.0000 0.9115 0.4113
vn -0.4847 -0.2451 0.8396
vn -0.3757 -0.6599 0.6507
vn -0.3757 0.6599 0.6507
vn -0.4847 0.2451 0.8396
vn -0.2057 0.9115 0.3562
vn -0.2057 -0.9115 0.3562
vn -0.3562 0.9115 0.2057
vn -0.6507 -0.6599 0.3757
vn -0.3562 -0.9115 0.2057
vn -0.8396 0.2451 0.4847
vn -0.8396 -0.2451 0.4847
vn -0.6507 0.6599 0.3757
vn -0.7513 -0.6599 -0.0000
vn -0.4113 -0.9115 -0.0000
vn -0.9695 0.2451 -0.0000
vn -0.9695 -0.2451 -0.0000
vn -0.4113 0.9115 -0.0000
vn -0.7513 0.6599 -0.0000
vn -0.8396 0.2451 -0.4847
vn -0.8396 -0.2451 -0.4847
vn -0.3562 0.9115 -0.2057
vn -0.6507 0.6599 -0.3757
vn -0.3562 -0.9115 -0.2057
vn -0.6507 -0.6599 -0.3757
vn -0.2057 -0.9115 -0.3562
vn -0.4847 -0.2451 -0.8396
vn -0.3757 -0.6599 -0.6507
vn -0.3757 0.6599 -0.6507
vn -0.4847 0.2451 -0.8396
vn -0.2057 0.9115 -0.3562
vt 0.375686 0.922512
vt 0.348244 0.922485
vt 0.348244 0.889851
vt 0.375686 0.889878
vt 0.851605 0.803927
vt 0.879046 0.803921
vt 0.879046 0.851480
vt 0.851605 0.851486
vt 0.400260 0.826500
vt 0.372817 0.826489
vt 0.372817 0.793818
vt 0.400260 0.793829
vt 0.774128 0.931005
vt 0.746687 0.930999
vt 0.746687 0.883440
vt 0.774128 0.883446
vt 0.142343 0.926135
vt 0.142343 0.878567
vt 0.175268 0.878567
vt 0.175268 0.926135
vt 0.121525 0.878571
vt 0.121525 0.926138
vt 0.088600 0.926134
vt 0.088600 0.878567
vt 0.740515 0.771177
vt 0.594157 0.771029
vt 0.594157 0.567973
vt 0.740515 0.568121
vt 0.652661 0.291041
vt 0.799014 0.291008
vt 0.799014 0.561727
vt 0.652661 0.561760
vt 0.587986 0.771320
vt 0.441623 0.771262
vt 0.441623 0.567973
vt 0.587985 0.568031
vt 0.804503 0.273838
vt 0.658149 0.273804
vt 0.658149 0.003086
vt 0.804503 0.003119
vt 0.447111 0.273860
vt 0.447111 0.003088
vt 0.651978 0.003086
vt 0.651978 0.273857
vt 0.646490 0.291037
vt 0.646490 0.561802
vt 0.441623 0.561773
vt 0.441623 0.291008
vt 0.404601 0.787410
vt 0.391795 0.787397
vt 0.391795 0.573462
vt 0.404601 0.573475
vt 0.805185 0.291011
vt 0.817991 0.291008
vt 0.817991 0.572702
vt 0.805185 0.572705
vt 0.385624 0.787647
vt 0.372817 0.787642
vt 0.372817 0.573462
vt 0.385624 0.573467
vt 0.823480 0.284782
vt 0.810674 0.284779
vt 0.810674 0.003086
vt 0.823480 0.003088
vt 0.225098 0.284837
vt 0.225098 0.003088
vt 0.440940 0.003086
vt 0.440940 0.284834
vt 0.218927 0.003116
vt 0.218927 0.284858
vt 0.003086 0.284828
vt 0.003086 0.003086
vt 0.925534 0.211586
vt 0.920411 0.211581
vt 0.920411 0.003086
vt 0.925534 0.003091
vt 0.861018 0.003087
vt 0.866140 0.003086
vt 0.866140 0.279292
vt 0.861018 0.279293
vt 0.198273 0.900333
vt 0.193150 0.900331
vt 0.193150 0.691597
vt 0.198273 0.691599
vt 0.863580 0.567216
vt 0.858457 0.567214
vt 0.858457 0.291008
vt 0.863580 0.291009
vt 0.003086 0.567292
vt 0.003086 0.291032
vt 0.213440 0.291029
vt 0.213440 0.567289
vt 0.435452 0.291038
vt 0.435452 0.567291
vt 0.225098 0.567262
vt 0.225098 0.291008
vt 0.088600 0.986876
vt 0.088600 0.975899
vt 0.096577 0.975891
vt 0.096577 0.986868
vt 0.824162 0.291011
vt 0.835139 0.291008
vt 0.835139 0.572702
vt 0.824162 0.572704
vt 0.512500 0.986504
vt 0.512500 0.975527
vt 0.520486 0.975524
vt 0.520486 0.986501
vt 0.840627 0.284782
vt 0.829651 0.284779
vt 0.829651 0.003086
vt 0.840627 0.003088
vt 0.790966 0.849680
vt 0.790966 0.567931
vt 0.799014 0.567931
vt 0.799014 0.849680
vt 0.418821 0.573464
vt 0.418821 0.855206
vt 0.410772 0.855205
vt 0.410772 0.573462
vt 0.698705 0.987091
vt 0.698705 0.976114
vt 0.706682 0.976106
vt 0.706682 0.987083
vt 0.841310 0.291011
vt 0.852286 0.291008
vt 0.852286 0.572702
vt 0.841310 0.572704
vt 0.142343 0.986869
vt 0.142343 0.975891
vt 0.150329 0.975888
vt 0.150329 0.986865
vt 0.216249 0.855159
vt 0.205272 0.855157
vt 0.205272 0.573463
vt 0.216249 0.573466
vt 0.846799 0.284835
vt 0.846799 0.003086
vt 0.854847 0.003086
vt 0.854847 0.284834
vt 0.433040 0.573463
vt 0.433040 0.855206
vt 0.424992 0.855204
vt 0.424992 0.573462
vt 0.850459 0.792821
vt 0.839482 0.792810
vt 0.839482 0.578876
vt 0.850459 0.578887
vt 0.610071 0.985725
vt 0.610071 0.974749
vt 0.618120 0.974751
vt 0.618120 0.985727
vt 0.816162 0.793060
vt 0.805185 0.793055
vt 0.805185 0.578876
vt 0.816162 0.578880
vt 0.357021 0.757792
vt 0.357021 0.746815
vt 0.365069 0.746814
vt 0.365069 0.757790
vt 0.869751 0.291008
vt 0.877801 0.291008
vt 0.877801 0.506850
vt 0.869751 0.506850
vt 0.873778 0.578877
vt 0.881827 0.578876
vt 0.881827 0.794717
vt 0.873778 0.794718
vt 0.867607 0.792821
vt 0.856630 0.792810
vt 0.856630 0.578876
vt 0.867607 0.578887
vt 0.225098 0.986229
vt 0.225098 0.975253
vt 0.233146 0.975254
vt 0.233146 0.986231
vt 0.833311 0.793060
vt 0.822333 0.793055
vt 0.822333 0.578876
vt 0.833311 0.578880
vt 0.239318 0.986231
vt 0.239318 0.975254
vt 0.247366 0.975253
vt 0.247366 0.986229
vt 0.872311 0.003086
vt 0.880361 0.003086
vt 0.880361 0.218928
vt 0.872311 0.218928
vt 0.883972 0.291009
vt 0.892022 0.291008
vt 0.892022 0.506850
vt 0.883972 0.506851
vt 0.492031 0.991931
vt 0.495690 0.991931
vt 0.495701 0.994960
vt 0.492043 0.994961
vt 0.995057 0.487464
vt 0.991398 0.487463
vt 0.991392 0.485155
vt 0.995051 0.485156
vt 0.991392 0.482014
vt 0.995051 0.482015
vt 0.991398 0.479239
vt 0.995057 0.479241
vt 0.772853 0.995471
vt 0.769194 0.995470
vt 0.769183 0.992479
vt 0.772841 0.992480
vt 0.769194 0.989449
vt 0.772853 0.989450
vt 0.992862 0.572302
vt 0.989203 0.572298
vt 0.989189 0.570009
vt 0.992848 0.570013
vt 0.989189 0.566872
vt 0.992848 0.566876
vt 0.302351 0.971928
vt 0.305362 0.972907
vt 0.307222 0.975468
vt 0.307222 0.978633
vt 0.305361 0.981194
vt 0.302351 0.982171
vt 0.299340 0.981193
vt 0.297479 0.978632
vt 0.297479 0.975466
vt 0.299340 0.972906
vt 0.989203 0.564084
vt 0.992862 0.564088
vt 0.492043 0.988940
vt 0.495701 0.988940
vt 0.039930 0.965339
vt 0.041790 0.967901
vt 0.041790 0.971066
vt 0.039930 0.973627
vt 0.036919 0.974604
vt 0.033908 0.973626
vt 0.032047 0.971064
vt 0.032047 0.967899
vt 0.033908 0.965338
vt 0.036919 0.964360
vt 0.992061 0.656965
vt 0.995720 0.656965
vt 0.995731 0.659994
vt 0.992072 0.659995
vt 0.994666 0.299233
vt 0.991007 0.299231
vt 0.991001 0.296924
vt 0.994660 0.296925
vt 0.991001 0.293783
vt 0.994660 0.293784
vt 0.991007 0.291008
vt 0.994666 0.291010
vt 0.996446 0.964220
vt 0.992787 0.964220
vt 0.992775 0.961229
vt 0.996434 0.961229
vt 0.992787 0.958199
vt 0.996446 0.958200
vt 0.482558 0.993780
vt 0.478899 0.993777
vt 0.478885 0.991488
vt 0.482544 0.991492
vt 0.478885 0.988351
vt 0.482544 0.988354
vt 0.846150 0.969238
vt 0.849161 0.970216
vt 0.851022 0.972778
vt 0.851022 0.975943
vt 0.849161 0.978503
vt 0.846150 0.979481
vt 0.843139 0.978503
vt 0.841278 0.975942
vt 0.841278 0.972776
vt 0.843139 0.970216
vt 0.478899 0.985563
vt 0.482558 0.985567
vt 0.992072 0.653974
vt 0.995731 0.653973
vt 0.596017 0.959312
vt 0.599028 0.958334
vt 0.602039 0.959311
vt 0.603900 0.961872
vt 0.603900 0.965038
vt 0.602039 0.967599
vt 0.599028 0.968578
vt 0.596017 0.967600
vt 0.594157 0.965039
vt 0.594157 0.961874
vt 0.441623 0.992916
vt 0.445282 0.992915
vt 0.445293 0.995944
vt 0.441634 0.995945
vt 0.994666 0.328024
vt 0.991007 0.328023
vt 0.991001 0.325715
vt 0.994660 0.325717
vt 0.991001 0.322574
vt 0.994660 0.322576
vt 0.991007 0.319800
vt 0.994666 0.319801
vt 0.463932 0.995961
vt 0.460273 0.995960
vt 0.460262 0.992969
vt 0.463921 0.992970
vt 0.460273 0.989939
vt 0.463932 0.989940
vt 0.844951 0.993870
vt 0.841292 0.993866
vt 0.841278 0.991578
vt 0.844937 0.991581
vt 0.841278 0.988440
vt 0.844937 0.988444
vt 0.124872 0.968808
vt 0.126733 0.966247
vt 0.129743 0.965268
vt 0.132754 0.966246
vt 0.134615 0.968806
vt 0.134614 0.971972
vt 0.132754 0.974534
vt 0.129743 0.975513
vt 0.126733 0.974535
vt 0.124872 0.971974
vt 0.841292 0.985652
vt 0.844951 0.985656
vt 0.441634 0.989924
vt 0.445293 0.989924
vt 0.520382 0.960087
vt 0.522243 0.962649
vt 0.522243 0.965814
vt 0.520382 0.968375
vt 0.517371 0.969353
vt 0.514360 0.968374
vt 0.512500 0.965812
vt 0.512499 0.962647
vt 0.514360 0.960086
vt 0.517371 0.959108
vt 0.893170 0.993209
vt 0.896829 0.993208
vt 0.896840 0.996238
vt 0.893181 0.996239
vt 0.995057 0.501860
vt 0.991398 0.501858
vt 0.991392 0.499551
vt 0.995051 0.499552
vt 0.991392 0.496410
vt 0.995051 0.496411
vt 0.991398 0.493635
vt 0.995057 0.493636
vt 0.996480 0.673398
vt 0.992821 0.673398
vt 0.992810 0.670407
vt 0.996469 0.670407
vt 0.992821 0.667377
vt 0.996480 0.667378
vt 0.128545 0.989901
vt 0.124886 0.989897
vt 0.124872 0.987609
vt 0.128531 0.987613
vt 0.124872 0.984471
vt 0.128531 0.984475
vt 0.195011 0.968340
vt 0.198022 0.967362
vt 0.201033 0.968339
vt 0.202894 0.970900
vt 0.202894 0.974065
vt 0.201033 0.976626
vt 0.198022 0.977605
vt 0.195011 0.976627
vt 0.193150 0.974067
vt 0.193150 0.970901
vt 0.124886 0.981684
vt 0.128545 0.981687
vt 0.893181 0.990218
vt 0.896840 0.990217
vt 0.964574 0.076946
vt 0.967585 0.077924
vt 0.969446 0.080485
vt 0.969446 0.083650
vt 0.967585 0.086211
vt 0.964574 0.087189
vt 0.961563 0.086211
vt 0.959702 0.083650
vt 0.959702 0.080485
vt 0.961563 0.077924
vt 0.903011 0.993209
vt 0.906670 0.993208
vt 0.906681 0.996238
vt 0.903022 0.996239
vt 0.544288 0.996328
vt 0.540629 0.996326
vt 0.540624 0.994019
vt 0.544283 0.994020
vt 0.540624 0.990878
vt 0.544283 0.990879
vt 0.540629 0.988103
vt 0.544288 0.988104
vt 0.958972 0.996281
vt 0.955314 0.996280
vt 0.955302 0.993289
vt 0.958961 0.993290
vt 0.955314 0.990259
vt 0.958972 0.990260
vt 0.994306 0.378945
vt 0.990647 0.378941
vt 0.990633 0.376653
vt 0.994292 0.376657
vt 0.990633 0.373515
vt 0.994292 0.373519
vt 0.446495 0.973509
vt 0.449506 0.974488
vt 0.451367 0.977049
vt 0.451367 0.980214
vt 0.449506 0.982775
vt 0.446495 0.983752
vt 0.443484 0.982774
vt 0.441623 0.980213
vt 0.441623 0.977048
vt 0.443484 0.974487
vt 0.990647 0.370728
vt 0.994306 0.370731
vt 0.903022 0.990218
vt 0.906681 0.990217
vt 0.264985 0.962078
vt 0.266846 0.964640
vt 0.266846 0.967805
vt 0.264985 0.970366
vt 0.261974 0.971344
vt 0.258963 0.970365
vt 0.257103 0.967803
vt 0.257103 0.964638
vt 0.258963 0.962077
vt 0.261974 0.961100
vt 0.924174 0.848456
vt 0.927833 0.848455
vt 0.927844 0.851485
vt 0.924185 0.851486
vt 0.994666 0.342420
vt 0.991007 0.342418
vt 0.991001 0.340111
vt 0.994660 0.340112
vt 0.991001 0.336970
vt 0.994660 0.336971
vt 0.991007 0.334195
vt 0.994666 0.334197
vt 0.996480 0.722170
vt 0.992821 0.722169
vt 0.992810 0.719178
vt 0.996469 0.719179
vt 0.992821 0.716148
vt 0.996480 0.716149
vt 0.066277 0.989412
vt 0.062618 0.989408
vt 0.062604 0.987120
vt 0.066263 0.987123
vt 0.062604 0.983982
vt 0.066263 0.983986
vt 0.055027 0.965759
vt 0.058038 0.964780
vt 0.061049 0.965758
vt 0.062910 0.968318
vt 0.062910 0.971484
vt 0.061049 0.974045
vt 0.058038 0.975023
vt 0.055027 0.974046
vt 0.053166 0.971485
vt 0.053166 0.968320
vt 0.062618 0.981194
vt 0.066277 0.981198
vt 0.924185 0.845465
vt 0.927844 0.845464
vt 0.305361 0.956492
vt 0.307222 0.959053
vt 0.307222 0.962219
vt 0.305361 0.964779
vt 0.302350 0.965757
vt 0.299339 0.964778
vt 0.297479 0.962217
vt 0.297479 0.959051
vt 0.299339 0.956491
vt 0.302350 0.955513
vt 0.075662 0.993286
vt 0.079321 0.993285
vt 0.079332 0.996315
vt 0.075673 0.996316
vt 0.995746 0.601496
vt 0.992087 0.601495
vt 0.992081 0.599187
vt 0.995740 0.599189
vt 0.992081 0.596046
vt 0.995740 0.596048
vt 0.992087 0.593272
vt 0.995746 0.593273
vt 0.996840 0.761899
vt 0.993181 0.761898
vt 0.993170 0.758907
vt 0.996829 0.758908
vt 0.993181 0.755877
vt 0.996840 0.755878
vt 0.737816 0.994256
vt 0.734157 0.994252
vt 0.734143 0.991964
vt 0.737802 0.991967
vt 0.734143 0.988826
vt 0.737802 0.988830
vt 0.599029 0.974749
vt 0.602040 0.975727
vt 0.603900 0.978288
vt 0.603900 0.981454
vt 0.602039 0.984014
vt 0.599029 0.984992
vt 0.596017 0.984013
vt 0.594157 0.981452
vt 0.594157 0.978287
vt 0.596018 0.975726
vt 0.734157 0.986039
vt 0.737816 0.986042
vt 0.075673 0.990295
vt 0.079332 0.990294
vt 0.700566 0.960670
vt 0.703577 0.959691
vt 0.706587 0.960668
vt 0.708448 0.963229
vt 0.708448 0.966395
vt 0.706587 0.968956
vt 0.703577 0.969935
vt 0.700566 0.968957
vt 0.698705 0.966397
vt 0.698705 0.963231
vt 0.988089 0.281413
vt 0.991748 0.281412
vt 0.991759 0.284442
vt 0.988100 0.284442
vt 0.995057 0.458672
vt 0.991398 0.458671
vt 0.991392 0.456363
vt 0.995051 0.456365
vt 0.991392 0.453222
vt 0.995051 0.453224
vt 0.991398 0.450448
vt 0.995057 0.450449
vt 0.996840 0.774091
vt 0.993181 0.774091
vt 0.993170 0.771100
vt 0.996829 0.771100
vt 0.993181 0.768070
vt 0.996840 0.768071
vt 0.718292 0.993547
vt 0.714633 0.993543
vt 0.714619 0.991255
vt 0.718278 0.991258
vt 0.714619 0.988117
vt 0.718278 0.988121
vt 0.013313 0.972720
vt 0.016324 0.971742
vt 0.019335 0.972720
vt 0.021196 0.975280
vt 0.021196 0.978446
vt 0.019335 0.981007
vt 0.016324 0.981985
vt 0.013313 0.981007
vt 0.011452 0.978447
vt 0.011452 0.975282
vt 0.714633 0.985329
vt 0.718292 0.985333
vt 0.988100 0.278421
vt 0.991759 0.278421
vt 0.245885 0.958838
vt 0.248896 0.959816
vt 0.250757 0.962377
vt 0.250757 0.965542
vt 0.248896 0.968103
vt 0.245885 0.969081
vt 0.242874 0.968103
vt 0.241013 0.965542
vt 0.241013 0.962377
vt 0.242874 0.959816
vt 0.210621 0.993332
vt 0.214280 0.993331
vt 0.214291 0.996361
vt 0.210632 0.996362
vt 0.275212 0.995619
vt 0.271553 0.995618
vt 0.271547 0.993310
vt 0.275206 0.993312
vt 0.271547 0.990169
vt 0.275206 0.990171
vt 0.271553 0.987395
vt 0.275212 0.987396
vt 0.996840 0.786284
vt 0.993181 0.786283
vt 0.993170 0.783292
vt 0.996829 0.783293
vt 0.993181 0.780263
vt 0.996840 0.780263
vt 0.669418 0.994274
vt 0.665759 0.994270
vt 0.665745 0.991982
vt 0.669404 0.991986
vt 0.665745 0.988844
vt 0.669404 0.988848
vt 0.286436 0.971929
vt 0.289447 0.972908
vt 0.291308 0.975469
vt 0.291308 0.978634
vt 0.289447 0.981195
vt 0.286436 0.982172
vt 0.283425 0.981194
vt 0.281564 0.978633
vt 0.281564 0.975468
vt 0.283425 0.972907
vt 0.665759 0.986057
vt 0.669418 0.986060
vt 0.210632 0.990341
vt 0.214291 0.990340
vt 0.090460 0.960455
vt 0.093471 0.959476
vt 0.096482 0.960454
vt 0.098343 0.963014
vt 0.098343 0.966180
vt 0.096482 0.968741
vt 0.093471 0.969720
vt 0.090461 0.968742
vt 0.088600 0.966182
vt 0.088600 0.963016
vt 0.579843 0.992429
vt 0.583501 0.992428
vt 0.583513 0.995458
vt 0.579854 0.995459
vt 0.995726 0.647802
vt 0.992067 0.647801
vt 0.992061 0.645493
vt 0.995720 0.645495
vt 0.992061 0.642352
vt 0.995720 0.642354
vt 0.992067 0.639578
vt 0.995726 0.639579
vt 0.996480 0.709977
vt 0.992821 0.709976
vt 0.992810 0.706985
vt 0.996469 0.706986
vt 0.992821 0.703955
vt 0.996480 0.703956
vt 0.178384 0.993648
vt 0.174725 0.993645
vt 0.174711 0.991356
vt 0.178370 0.991360
vt 0.174711 0.988219
vt 0.178370 0.988222
vt 0.785171 0.971809
vt 0.788182 0.972787
vt 0.790043 0.975348
vt 0.790043 0.978514
vt 0.788182 0.981074
vt 0.785171 0.982052
vt 0.782160 0.981073
vt 0.780299 0.978512
vt 0.780299 0.975347
vt 0.782160 0.972786
vt 0.174725 0.985431
vt 0.178384 0.985435
vt 0.579854 0.989438
vt 0.583513 0.989437
vt 0.229970 0.958838
vt 0.232981 0.959816
vt 0.234842 0.962377
vt 0.234842 0.965543
vt 0.232981 0.968103
vt 0.229970 0.969081
vt 0.226959 0.968103
vt 0.225098 0.965542
vt 0.225098 0.962377
vt 0.226959 0.959816
vt 0.992776 0.948998
vt 0.996434 0.948997
vt 0.996446 0.952027
vt 0.992787 0.952028
vt 0.995746 0.615892
vt 0.992087 0.615891
vt 0.992081 0.613583
vt 0.995740 0.613584
vt 0.992081 0.610442
vt 0.995740 0.610443
vt 0.992087 0.607667
vt 0.995746 0.607669
vt 0.996480 0.685591
vt 0.992821 0.685591
vt 0.992810 0.682599
vt 0.996469 0.682600
vt 0.992821 0.679570
vt 0.996480 0.679570
vt 0.969522 0.994452
vt 0.965863 0.994448
vt 0.965849 0.992159
vt 0.969508 0.992163
vt 0.965849 0.989022
vt 0.969508 0.989026
vt 0.630857 0.974749
vt 0.633868 0.975727
vt 0.635729 0.978288
vt 0.635729 0.981454
vt 0.633868 0.984014
vt 0.630857 0.984992
vt 0.627846 0.984013
vt 0.625985 0.981452
vt 0.625985 0.978287
vt 0.627846 0.975726
vt 0.965863 0.986234
vt 0.969522 0.986238
vt 0.992787 0.946007
vt 0.996446 0.946006
vt 0.645110 0.961521
vt 0.648121 0.960542
vt 0.651131 0.961520
vt 0.652992 0.964081
vt 0.652992 0.967246
vt 0.651132 0.969808
vt 0.648121 0.970786
vt 0.645110 0.969809
vt 0.643249 0.967248
vt 0.643249 0.964083
vt 0.501873 0.991931
vt 0.505531 0.991931
vt 0.505543 0.994960
vt 0.501884 0.994961
vt 0.995746 0.587101
vt 0.992087 0.587099
vt 0.992081 0.584791
vt 0.995740 0.584793
vt 0.992081 0.581650
vt 0.995740 0.581652
vt 0.992087 0.578876
vt 0.995746 0.578877
vt 0.532084 0.996914
vt 0.528425 0.996914
vt 0.528414 0.993923
vt 0.532073 0.993923
vt 0.528425 0.990893
vt 0.532084 0.990894
vt 0.681157 0.993666
vt 0.677499 0.993662
vt 0.677485 0.991373
vt 0.681144 0.991377
vt 0.677485 0.988236
vt 0.681143 0.988240
vt 0.465134 0.973524
vt 0.468145 0.974503
vt 0.470006 0.977064
vt 0.470006 0.980229
vt 0.468145 0.982790
vt 0.465134 0.983768
vt 0.462123 0.982789
vt 0.460262 0.980228
vt 0.460262 0.977063
vt 0.462123 0.974502
vt 0.677499 0.985448
vt 0.681157 0.985452
vt 0.501884 0.988940
vt 0.505543 0.988939
vt 0.611932 0.959312
vt 0.614943 0.958334
vt 0.617954 0.959311
vt 0.619814 0.961872
vt 0.619814 0.965038
vt 0.617954 0.967599
vt 0.614943 0.968578
vt 0.611932 0.967600
vt 0.610071 0.965039
vt 0.610071 0.961874
vt 0.333925 0.993358
vt 0.337583 0.993358
vt 0.337595 0.996387
vt 0.333936 0.996388
vt 0.375268 0.995759
vt 0.371609 0.995758
vt 0.371604 0.993450
vt 0.375263 0.993452
vt 0.371604 0.990309
vt 0.375263 0.990311
vt 0.371609 0.987535
vt 0.375268 0.987536
vt 0.996840 0.798477
vt 0.993181 0.798476
vt 0.993170 0.795485
vt 0.996829 0.795486
vt 0.993181 0.792455
vt 0.996840 0.792456
vt 0.994306 0.393334
vt 0.990647 0.393330
vt 0.990633 0.391041
vt 0.994292 0.391045
vt 0.990633 0.387904
vt 0.994292 0.387908
vt 0.174711 0.972556
vt 0.176572 0.969994
vt 0.179582 0.969015
vt 0.182593 0.969993
vt 0.184454 0.972554
vt 0.184454 0.975719
vt 0.182593 0.978281
vt 0.179583 0.979260
vt 0.176572 0.978282
vt 0.174711 0.975722
vt 0.990647 0.385116
vt 0.994306 0.385120
vt 0.333936 0.990367
vt 0.337595 0.990367
vt 0.754569 0.964914
vt 0.756430 0.967475
vt 0.756430 0.970641
vt 0.754569 0.973202
vt 0.751558 0.974179
vt 0.748547 0.973201
vt 0.746687 0.970639
vt 0.746687 0.967473
vt 0.748547 0.964913
vt 0.751558 0.963935
vt 0.928534 0.991959
vt 0.932193 0.991958
vt 0.932204 0.994988
vt 0.928545 0.994989
vt 0.886998 0.994784
vt 0.883339 0.994783
vt 0.883334 0.992475
vt 0.886993 0.992477
vt 0.883334 0.989334
vt 0.886993 0.989336
vt 0.883339 0.986560
vt 0.886998 0.986561
vt 0.317936 0.996396
vt 0.314277 0.996396
vt 0.314266 0.993404
vt 0.317925 0.993405
vt 0.314277 0.990375
vt 0.317936 0.990375
vt 0.114743 0.992800
vt 0.111084 0.992796
vt 0.111070 0.990508
vt 0.114729 0.990511
vt 0.111070 0.987370
vt 0.114729 0.987374
vt 0.973037 0.644560
vt 0.974897 0.647121
vt 0.974897 0.650287
vt 0.973037 0.652847
vt 0.970026 0.653825
vt 0.967015 0.652846
vt 0.965155 0.650285
vt 0.965155 0.647119
vt 0.967015 0.644558
vt 0.970026 0.643581
vt 0.111084 0.984582
vt 0.114743 0.984586
vt 0.928545 0.988968
vt 0.932204 0.988967
vt 0.577884 0.957585
vt 0.579745 0.960146
vt 0.579745 0.963312
vt 0.577884 0.965873
vt 0.574873 0.966850
vt 0.571862 0.965872
vt 0.570001 0.963310
vt 0.570001 0.960145
vt 0.571862 0.957584
vt 0.574873 0.956606
vt 0.570001 0.992429
vt 0.573660 0.992428
vt 0.573672 0.995458
vt 0.570013 0.995459
vt 0.995746 0.630288
vt 0.992087 0.630286
vt 0.992081 0.627979
vt 0.995740 0.627980
vt 0.992081 0.624838
vt 0.995740 0.624839
vt 0.992087 0.622063
vt 0.995746 0.622065
vt 0.996896 0.355881
vt 0.993237 0.355880
vt 0.993226 0.352889
vt 0.996884 0.352890
vt 0.993237 0.349859
vt 0.996896 0.349860
vt 0.994306 0.407722
vt 0.990647 0.407719
vt 0.990633 0.405430
vt 0.994292 0.405434
vt 0.990633 0.402293
vt 0.994292 0.402296
vt 0.965152 0.731965
vt 0.967013 0.729403
vt 0.970024 0.728424
vt 0.973034 0.729402
vt 0.974895 0.731963
vt 0.974895 0.735128
vt 0.973034 0.737690
vt 0.970024 0.738669
vt 0.967013 0.737691
vt 0.965152 0.735130
vt 0.990647 0.399505
vt 0.994306 0.399508
vt 0.570013 0.989438
vt 0.573672 0.989437
vt 0.150225 0.960452
vt 0.152086 0.963013
vt 0.152086 0.966179
vt 0.150225 0.968740
vt 0.147215 0.969717
vt 0.144204 0.968738
vt 0.142343 0.966177
vt 0.142343 0.963011
vt 0.144204 0.960451
vt 0.147215 0.959473
vt 0.281564 0.991336
vt 0.285223 0.991335
vt 0.285234 0.994365
vt 0.281575 0.994365
vt 0.994666 0.313628
vt 0.991007 0.313627
vt 0.991001 0.311319
vt 0.994660 0.311321
vt 0.991001 0.308178
vt 0.994660 0.308180
vt 0.991007 0.305404
vt 0.994666 0.305405
vt 0.996480 0.697784
vt 0.992821 0.697783
vt 0.992810 0.694792
vt 0.996469 0.694793
vt 0.992821 0.691762
vt 0.996480 0.691763
vt 0.196823 0.991993
vt 0.193164 0.991990
vt 0.193150 0.989701
vt 0.196809 0.989705
vt 0.193150 0.986564
vt 0.196809 0.986567
vt 0.915312 0.969162
vt 0.918323 0.968184
vt 0.921334 0.969161
vt 0.923195 0.971722
vt 0.923195 0.974887
vt 0.921334 0.977448
vt 0.918323 0.978427
vt 0.915312 0.977449
vt 0.913451 0.974889
vt 0.913451 0.971723
vt 0.193164 0.983776
vt 0.196823 0.983780
vt 0.281575 0.988344
vt 0.285234 0.988344
vt 0.011452 0.958866
vt 0.013313 0.956304
vt 0.016323 0.955326
vt 0.019334 0.956304
vt 0.021194 0.958865
vt 0.021194 0.962031
vt 0.019334 0.964592
vt 0.016323 0.965571
vt 0.013313 0.964593
vt 0.011452 0.962032
vt 0.904491 0.848456
vt 0.908150 0.848455
vt 0.908161 0.851485
vt 0.904502 0.851486
vt 0.995057 0.473068
vt 0.991398 0.473067
vt 0.991392 0.470759
vt 0.995051 0.470761
vt 0.991392 0.467618
vt 0.995051 0.467620
vt 0.991398 0.464844
vt 0.995057 0.464845
vt 0.835107 0.994743
vt 0.831448 0.994742
vt 0.831437 0.991751
vt 0.835096 0.991751
vt 0.831448 0.988721
vt 0.835107 0.988722
vt 0.917124 0.992816
vt 0.913465 0.992812
vt 0.913451 0.990523
vt 0.917110 0.990527
vt 0.913451 0.987386
vt 0.917110 0.987390
vt 0.548505 0.972666
vt 0.550366 0.975228
vt 0.550366 0.978394
vt 0.548505 0.980954
vt 0.545495 0.981932
vt 0.542484 0.980953
vt 0.540624 0.978391
vt 0.540624 0.975226
vt 0.542484 0.972665
vt 0.545495 0.971687
vt 0.913465 0.984598
vt 0.917124 0.984602
vt 0.904502 0.845465
vt 0.908161 0.845464
vt 0.633868 0.959312
vt 0.635729 0.961874
vt 0.635729 0.965039
vt 0.633868 0.967600
vt 0.630857 0.968578
vt 0.627846 0.967599
vt 0.625986 0.965038
vt 0.625986 0.961872
vt 0.627846 0.959311
vt 0.630857 0.958334
vt 0.914332 0.848456
vt 0.917991 0.848455
vt 0.918003 0.851485
vt 0.914344 0.851486
vt 0.691711 0.996064
vt 0.688052 0.996062
vt 0.688046 0.993755
vt 0.691706 0.993756
vt 0.688046 0.990614
vt 0.691706 0.990615
vt 0.688052 0.987839
vt 0.691711 0.987841
vt 0.996446 0.939835
vt 0.992787 0.939834
vt 0.992775 0.936843
vt 0.996434 0.936844
vt 0.992787 0.933813
vt 0.996446 0.933814
vt 0.168486 0.992797
vt 0.164827 0.992793
vt 0.164813 0.990505
vt 0.168472 0.990508
vt 0.164813 0.987367
vt 0.168472 0.987371
vt 0.577883 0.974000
vt 0.579744 0.976562
vt 0.579744 0.979728
vt 0.577883 0.982288
vt 0.574873 0.983266
vt 0.571862 0.982287
vt 0.570001 0.979725
vt 0.570001 0.976560
vt 0.571862 0.973999
vt 0.574873 0.973021
vt 0.164827 0.984579
vt 0.168486 0.984583
vt 0.914344 0.845465
vt 0.918003 0.845464
vt 0.281565 0.959053
vt 0.283426 0.956492
vt 0.286436 0.955513
vt 0.289447 0.956491
vt 0.291308 0.959052
vt 0.291308 0.962218
vt 0.289447 0.964779
vt 0.286436 0.965758
vt 0.283426 0.964780
vt 0.281565 0.962219
vt 0.953925 0.444277
vt 0.953925 0.370731
vt 0.957551 0.370728
vt 0.957551 0.444273
vt 0.125559 0.573480
vt 0.199101 0.573463
vt 0.199101 0.685409
vt 0.125559 0.685426
vt 0.953925 0.364557
vt 0.953925 0.291010
vt 0.957555 0.291008
vt 0.957555 0.364555
vt 0.119388 0.685426
vt 0.045845 0.685409
vt 0.045845 0.573463
vt 0.119388 0.573480
vt 0.940071 0.115053
vt 0.940071 0.003086
vt 0.943730 0.003086
vt 0.943730 0.115053
vt 0.943730 0.121225
vt 0.943730 0.233190
vt 0.940071 0.233189
vt 0.940071 0.121224
vt 0.974288 0.358701
vt 0.974288 0.291010
vt 0.976463 0.291008
vt 0.976463 0.358699
vt 0.225098 0.573478
vt 0.292787 0.573462
vt 0.292787 0.679555
vt 0.225098 0.679570
vt 0.972454 0.438421
vt 0.972454 0.370729
vt 0.974632 0.370728
vt 0.974632 0.438420
vt 0.366646 0.679570
vt 0.298958 0.679555
vt 0.298958 0.573462
vt 0.366646 0.573478
vt 0.938610 0.943588
vt 0.938610 0.837475
vt 0.940805 0.837475
vt 0.940805 0.943588
vt 0.681875 0.841582
vt 0.681875 0.947693
vt 0.679680 0.947693
vt 0.679680 0.841582
vt 0.734143 0.960365
vt 0.734143 0.892673
vt 0.737406 0.892670
vt 0.737406 0.960361
vt 0.959698 0.238629
vt 0.959698 0.170941
vt 0.962259 0.170941
vt 0.962259 0.238630
vt 0.038523 0.958189
vt 0.038523 0.890497
vt 0.041790 0.890496
vt 0.041790 0.958188
vt 0.963722 0.438417
vt 0.963722 0.370728
vt 0.966283 0.370728
vt 0.966283 0.438416
vt 0.587050 0.280031
vt 0.589612 0.280031
vt 0.589612 0.283323
vt 0.587050 0.283323
vt 0.578318 0.280031
vt 0.580879 0.280031
vt 0.580879 0.283323
vt 0.578318 0.283324
vt 0.959698 0.164770
vt 0.959698 0.097079
vt 0.962961 0.097075
vt 0.962961 0.164767
vt 0.963000 0.518136
vt 0.963000 0.450448
vt 0.965561 0.450448
vt 0.965561 0.518137
vt 0.956806 0.823571
vt 0.956806 0.755878
vt 0.960073 0.755877
vt 0.960073 0.823569
vt 0.959702 0.070775
vt 0.959702 0.003086
vt 0.962263 0.003086
vt 0.962263 0.070774
vt 0.595783 0.280031
vt 0.598344 0.280031
vt 0.598344 0.283323
vt 0.595783 0.283323
vt 0.569586 0.280031
vt 0.572147 0.280031
vt 0.572147 0.283323
vt 0.569586 0.283324
vt 0.035706 0.989482
vt 0.032047 0.989478
vt 0.032047 0.980776
vt 0.035706 0.980779
vt 0.181439 0.820141
vt 0.185098 0.820141
vt 0.185098 0.937208
vt 0.181439 0.937209
vt 0.759809 0.989064
vt 0.756150 0.989063
vt 0.756150 0.980350
vt 0.759809 0.980352
vt 0.584544 0.894560
vt 0.580885 0.894559
vt 0.580885 0.777491
vt 0.584544 0.777492
vt 0.938974 0.408099
vt 0.938974 0.291008
vt 0.947754 0.291008
vt 0.947754 0.408099
vt 0.947754 0.414271
vt 0.947754 0.531359
vt 0.938974 0.531357
vt 0.938974 0.414270
vt 0.956806 0.749706
vt 0.956806 0.667379
vt 0.958981 0.667377
vt 0.958981 0.749704
vt 0.225098 0.768065
vt 0.225098 0.685741
vt 0.263511 0.685750
vt 0.263511 0.768074
vt 0.956806 0.661206
vt 0.956806 0.578877
vt 0.958984 0.578876
vt 0.958984 0.661205
vt 0.269682 0.768074
vt 0.269682 0.685750
vt 0.308095 0.685741
vt 0.308095 0.768065
vt 0.216526 0.899751
vt 0.216526 0.861331
vt 0.218721 0.861330
vt 0.218721 0.899751
vt 0.961893 0.244801
vt 0.961893 0.283221
vt 0.959698 0.283220
vt 0.959698 0.244801
vt 0.949901 0.278885
vt 0.949901 0.191069
vt 0.953527 0.191066
vt 0.953527 0.278881
vt 0.946976 0.666688
vt 0.946976 0.578876
vt 0.950635 0.578877
vt 0.950635 0.666689
vt 0.946976 0.948647
vt 0.946976 0.860829
vt 0.950606 0.860828
vt 0.950606 0.948645
vt 0.688046 0.929395
vt 0.688046 0.841583
vt 0.691705 0.841582
vt 0.691705 0.929394
vt 0.466770 0.283690
vt 0.466770 0.280031
vt 0.470428 0.280031
vt 0.470428 0.283690
vt 0.450770 0.280031
vt 0.450770 0.283690
vt 0.447111 0.283690
vt 0.447111 0.280031
vt 0.949901 0.184895
vt 0.949901 0.097079
vt 0.953527 0.097075
vt 0.953527 0.184891
vt 0.946976 0.760672
vt 0.946976 0.672860
vt 0.950635 0.672861
vt 0.950635 0.760673
vt 0.949901 0.090904
vt 0.949901 0.003087
vt 0.953531 0.003086
vt 0.953531 0.090903
vt 0.946976 0.854657
vt 0.946976 0.766845
vt 0.950635 0.766844
vt 0.950635 0.854656
vt 0.476599 0.283690
vt 0.476600 0.280031
vt 0.480258 0.280031
vt 0.480258 0.283690
vt 0.460599 0.280031
vt 0.460599 0.283690
vt 0.456941 0.283690
vt 0.456941 0.280031
vt 0.496230 0.283693
vt 0.496230 0.280034
vt 0.499856 0.280031
vt 0.499856 0.283690
vt 0.333925 0.938466
vt 0.337583 0.938465
vt 0.337583 0.984195
vt 0.333925 0.984195
vt 0.486429 0.283691
vt 0.486429 0.280032
vt 0.490059 0.280031
vt 0.490059 0.283690
vt 0.985221 0.496178
vt 0.981562 0.496177
vt 0.981562 0.450448
vt 0.985221 0.450449
vt 0.314266 0.984204
vt 0.314266 0.938465
vt 0.317924 0.938465
vt 0.317924 0.984204
vt 0.327754 0.938466
vt 0.327754 0.984203
vt 0.324095 0.984202
vt 0.324095 0.938465
vt 0.983714 0.657875
vt 0.983714 0.639580
vt 0.985890 0.639578
vt 0.985890 0.657873
vt 0.989189 0.533447
vt 0.989189 0.515153
vt 0.991018 0.515153
vt 0.991018 0.533447
vt 0.981066 0.746720
vt 0.981066 0.728425
vt 0.983244 0.728424
vt 0.983244 0.746720
vt 0.989189 0.557913
vt 0.989189 0.539619
vt 0.991018 0.539618
vt 0.991018 0.557913
vt 0.664069 0.280031
vt 0.665899 0.280031
vt 0.665899 0.282226
vt 0.664069 0.282226
vt 0.656069 0.280031
vt 0.657898 0.280031
vt 0.657898 0.282226
vt 0.656069 0.282226
vt 0.483276 0.979392
vt 0.478885 0.979387
vt 0.478885 0.954005
vt 0.483276 0.954010
vt 0.963726 0.291009
vt 0.968117 0.291008
vt 0.968117 0.345884
vt 0.963726 0.345885
vt 0.681875 0.979277
vt 0.677484 0.979275
vt 0.677484 0.953864
vt 0.681875 0.953866
vt 0.969543 0.722253
vt 0.965152 0.722252
vt 0.965152 0.667377
vt 0.969543 0.667378
vt 0.053166 0.883235
vt 0.053166 0.828349
vt 0.078774 0.828349
vt 0.078774 0.883235
vt 0.302981 0.774249
vt 0.302981 0.829133
vt 0.277372 0.829130
vt 0.277372 0.774245
vt 0.980821 0.057597
vt 0.978264 0.057578
vt 0.978264 0.003085
vt 0.980821 0.003104
vt 0.987690 0.097076
vt 0.990042 0.097096
vt 0.990042 0.133679
vt 0.987690 0.133659
vt 0.974985 0.578890
vt 0.977543 0.578876
vt 0.977543 0.633392
vt 0.974985 0.633407
vt 0.862275 0.986199
vt 0.859923 0.986219
vt 0.859923 0.949635
vt 0.862275 0.949615
vt 0.805185 0.857666
vt 0.841776 0.857657
vt 0.841776 0.908236
vt 0.805185 0.908245
vt 0.357027 0.832990
vt 0.393616 0.833098
vt 0.393616 0.883680
vt 0.357027 0.883572
vt 0.980816 0.225453
vt 0.978260 0.225434
vt 0.978260 0.170941
vt 0.980816 0.170960
vt 0.805185 0.949636
vt 0.807537 0.949656
vt 0.807537 0.986240
vt 0.805185 0.986220
vt 0.975680 0.860842
vt 0.978238 0.860828
vt 0.978238 0.915344
vt 0.975680 0.915359
vt 0.350596 0.990100
vt 0.348244 0.990120
vt 0.348244 0.953536
vt 0.350596 0.953516
vt 0.225098 0.838488
vt 0.261689 0.838479
vt 0.261689 0.889057
vt 0.225098 0.889066
vt 0.314266 0.832990
vt 0.350856 0.833098
vt 0.350856 0.883680
vt 0.314266 0.883572
vt 0.983018 0.569664
vt 0.980462 0.569645
vt 0.980462 0.515153
vt 0.983018 0.515172
vt 0.356767 0.953516
vt 0.359119 0.953536
vt 0.359119 0.990120
vt 0.356767 0.990100
vt 0.975679 0.921544
vt 0.978238 0.921530
vt 0.978238 0.976046
vt 0.975679 0.976060
vt 0.824583 0.986220
vt 0.822231 0.986240
vt 0.822231 0.949656
vt 0.824583 0.949636
vt 0.847947 0.857666
vt 0.884538 0.857657
vt 0.884538 0.908236
vt 0.847947 0.908245
vt 0.484384 0.835952
vt 0.520974 0.836060
vt 0.520974 0.886642
vt 0.484384 0.886534
vt 0.727557 0.982629
vt 0.725000 0.982610
vt 0.725000 0.928117
vt 0.727557 0.928136
vt 0.938453 0.949759
vt 0.940805 0.949779
vt 0.940805 0.986362
vt 0.938453 0.986342
vt 0.975714 0.667391
vt 0.978272 0.667377
vt 0.978272 0.721893
vt 0.975714 0.721907
vt 0.990440 0.272229
vt 0.988089 0.272249
vt 0.988089 0.235666
vt 0.990440 0.235646
vt 0.594157 0.841591
vt 0.630747 0.841582
vt 0.630747 0.892161
vt 0.594157 0.892170
vt 0.441623 0.835952
vt 0.478213 0.836060
vt 0.478213 0.886642
vt 0.441623 0.886534
vt 0.503315 0.982768
vt 0.500759 0.982749
vt 0.500759 0.928257
vt 0.503315 0.928276
vt 0.813708 0.949636
vt 0.816060 0.949656
vt 0.816060 0.986240
vt 0.813708 0.986220
vt 0.971732 0.515167
vt 0.974290 0.515153
vt 0.974290 0.569669
vt 0.971732 0.569683
vt 0.987524 0.853162
vt 0.985172 0.853182
vt 0.985172 0.816599
vt 0.987524 0.816579
vt 0.890709 0.857666
vt 0.927300 0.857657
vt 0.927300 0.908236
vt 0.890709 0.908245
vt 0.527145 0.835952
vt 0.563734 0.836060
vt 0.563734 0.886642
vt 0.527145 0.886534
vt 0.494588 0.982768
vt 0.492031 0.982749
vt 0.492031 0.928257
vt 0.494588 0.928276
vt 0.954477 0.533460
vt 0.956829 0.533480
vt 0.956829 0.570064
vt 0.954477 0.570044
vt 0.976074 0.755891
vt 0.978632 0.755877
vt 0.978632 0.810393
vt 0.976074 0.810408
vt 0.384209 0.987520
vt 0.381857 0.987540
vt 0.381857 0.950957
vt 0.384209 0.950937
vt 0.636919 0.841591
vt 0.673509 0.841582
vt 0.673509 0.892161
vt 0.636919 0.892170
vt 0.698705 0.835810
vt 0.735295 0.835917
vt 0.735295 0.886499
vt 0.698705 0.886392
vt 0.981519 0.151587
vt 0.978962 0.151568
vt 0.978962 0.097076
vt 0.981519 0.097094
vt 0.390380 0.950937
vt 0.392732 0.950957
vt 0.392732 0.987540
vt 0.390380 0.987520
vt 0.965849 0.925547
vt 0.968408 0.925533
vt 0.968408 0.980049
vt 0.965849 0.980063
vt 0.870798 0.986199
vt 0.868446 0.986219
vt 0.868446 0.949635
vt 0.870798 0.949615
vt 0.267860 0.838488
vt 0.304451 0.838479
vt 0.304451 0.889057
vt 0.267860 0.889066
vt 0.746687 0.826580
vt 0.783276 0.826687
vt 0.783276 0.877269
vt 0.746687 0.877162
vt 0.515102 0.283693
vt 0.515102 0.280034
vt 0.518003 0.280031
vt 0.518003 0.283690
vt 0.910581 0.003086
vt 0.914240 0.003086
vt 0.914240 0.262829
vt 0.910581 0.262830
vt 0.506027 0.283691
vt 0.506027 0.280032
vt 0.508931 0.280031
vt 0.508931 0.283690
vt 0.914975 0.838620
vt 0.911316 0.838620
vt 0.911316 0.578876
vt 0.914975 0.578877
vt 0.921146 0.838670
vt 0.921146 0.578876
vt 0.924072 0.578876
vt 0.924072 0.838670
vt 0.924437 0.291009
vt 0.924437 0.550797
vt 0.921510 0.550796
vt 0.921510 0.291008
vt 0.920411 0.254352
vt 0.920411 0.217762
vt 0.925488 0.217757
vt 0.925488 0.254347
vt 0.746687 0.567982
vt 0.783275 0.567973
vt 0.783275 0.820400
vt 0.746687 0.820408
vt 0.205272 0.897923
vt 0.205272 0.861332
vt 0.210355 0.861330
vt 0.210355 0.897921
vt 0.039674 0.825898
vt 0.003086 0.825890
vt 0.003086 0.573463
vt 0.039674 0.573471
vt 0.900023 0.831352
vt 0.900023 0.578876
vt 0.905145 0.578876
vt 0.905145 0.831352
vt 0.915339 0.291009
vt 0.915339 0.543479
vt 0.910217 0.543478
vt 0.910217 0.291008
vt 0.995890 0.834357
vt 0.993695 0.834355
vt 0.993695 0.828554
vt 0.995890 0.828556
vt 0.930608 0.291009
vt 0.932803 0.291008
vt 0.932803 0.543435
vt 0.930608 0.543436
vt 0.005281 0.992914
vt 0.003086 0.992913
vt 0.003086 0.987105
vt 0.005281 0.987106
vt 0.940805 0.831303
vt 0.938610 0.831303
vt 0.938610 0.578876
vt 0.940805 0.578876
vt 0.886533 0.255562
vt 0.886533 0.003086
vt 0.892386 0.003086
vt 0.892386 0.255562
vt 0.904410 0.003086
vt 0.904410 0.255556
vt 0.898557 0.255556
vt 0.898557 0.003086
vt 0.995890 0.822383
vt 0.993695 0.822380
vt 0.993695 0.816579
vt 0.995890 0.816581
vt 0.930244 0.578876
vt 0.932439 0.578876
vt 0.932439 0.831303
vt 0.930243 0.831303
vt 0.472299 0.995748
vt 0.470103 0.995747
vt 0.470103 0.989939
vt 0.472299 0.989940
vt 0.933900 0.255513
vt 0.931705 0.255512
vt 0.931705 0.003086
vt 0.933900 0.003086
vt 0.887999 0.831352
vt 0.887999 0.578876
vt 0.893852 0.578876
vt 0.893852 0.831352
vt 0.904046 0.291009
vt 0.904046 0.543479
vt 0.898193 0.543478
vt 0.898193 0.291008
vt 0.136172 0.959094
vt 0.133376 0.942143
vt 0.136172 0.939631
vt 0.125129 0.939633
vt 0.125129 0.942145
vt 0.133376 0.948022
vt 0.133376 0.950533
vt 0.125414 0.948024
vt 0.125414 0.950535
vt 0.133376 0.956584
vt 0.124872 0.956586
vt 0.124872 0.959097
vt 0.923838 0.962012
vt 0.921041 0.945060
vt 0.923838 0.942548
vt 0.913451 0.942551
vt 0.913451 0.945062
vt 0.921041 0.950454
vt 0.921041 0.952966
vt 0.913451 0.950456
vt 0.913451 0.952967
vt 0.921041 0.962013
vt 0.460656 0.947834
vt 0.450331 0.928257
vt 0.452300 0.928257
vt 0.451357 0.932538
vt 0.441623 0.947834
vt 0.454266 0.939587
vt 0.448217 0.939587
vt 0.455350 0.942098
vt 0.447075 0.942098
vt 0.457803 0.947834
vt 0.444477 0.947834
vt 0.894697 0.261799
vt 0.892685 0.261751
vt 0.893186 0.261733
vt 0.892182 0.261789
vt 0.891674 0.261849
vt 0.896131 0.262038
vt 0.891159 0.261930
vt 0.890635 0.262034
vt 0.890099 0.262161
vt 0.897476 0.262440
vt 0.889550 0.262311
vt 0.888986 0.262485
vt 0.888404 0.262683
vt 0.898724 0.262995
vt 0.887802 0.262907
vt 0.887179 0.263156
vt 0.886532 0.263430
vt 0.899863 0.263695
vt 0.892140 0.264370
vt 0.891592 0.264445
vt 0.891047 0.264548
vt 0.890504 0.264679
vt 0.889960 0.264839
vt 0.889413 0.265027
vt 0.888862 0.265246
vt 0.888305 0.265494
vt 0.887739 0.265774
vt 0.887164 0.266084
vt 0.886576 0.266427
vt 0.900886 0.264529
vt 0.893252 0.264301
vt 0.892692 0.264322
vt 0.894340 0.264349
vt 0.895376 0.264524
vt 0.896350 0.264816
vt 0.901781 0.265490
vt 0.897256 0.265221
vt 0.898086 0.265730
vt 0.902539 0.266566
vt 0.898832 0.266337
vt 0.899487 0.267034
vt 0.903150 0.267750
vt 0.900043 0.267815
vt 0.903605 0.269030
vt 0.900491 0.268672
vt 0.900826 0.269599
vt 0.903894 0.270399
vt 0.901039 0.270588
vt 0.904007 0.271847
vt 0.901122 0.271633
vt 0.901072 0.272697
vt 0.903956 0.272896
vt 0.900894 0.273700
vt 0.903768 0.273986
vt 0.900593 0.274638
vt 0.903441 0.275093
vt 0.900177 0.275504
vt 0.902972 0.276192
vt 0.899649 0.276293
vt 0.902356 0.277258
vt 0.899017 0.276998
vt 0.887091 0.277380
vt 0.886577 0.280098
vt 0.886532 0.277045
vt 0.898287 0.277614
vt 0.887655 0.277687
vt 0.901590 0.278266
vt 0.888225 0.277965
vt 0.897463 0.278134
vt 0.888799 0.278215
vt 0.889375 0.278436
vt 0.896552 0.278553
vt 0.889952 0.278628
vt 0.900671 0.279191
vt 0.890528 0.278790
vt 0.895560 0.278864
vt 0.891103 0.278922
vt 0.891674 0.279023
vt 0.894492 0.279062
vt 0.892241 0.279094
vt 0.892802 0.279133
vt 0.893355 0.279141
vt 0.899595 0.280008
vt 0.887063 0.280335
vt 0.898358 0.280693
vt 0.887558 0.280557
vt 0.888066 0.280765
vt 0.888589 0.280956
vt 0.896957 0.281221
vt 0.889130 0.281129
vt 0.889691 0.281283
vt 0.890276 0.281415
vt 0.895389 0.281567
vt 0.890887 0.281525
vt 0.891528 0.281610
vt 0.892200 0.281670
vt 0.893650 0.281705
vt 0.892906 0.281702
vt 0.193150 0.961188
vt 0.193150 0.941724
vt 0.195947 0.944236
vt 0.204193 0.941727
vt 0.204193 0.944238
vt 0.195947 0.950115
vt 0.195947 0.952627
vt 0.203908 0.950117
vt 0.203908 0.952629
vt 0.195947 0.958677
vt 0.204450 0.958679
vt 0.204450 0.961190
vt 0.174711 0.962843
vt 0.174711 0.943380
vt 0.177508 0.945892
vt 0.185098 0.943382
vt 0.185098 0.945894
vt 0.177508 0.951286
vt 0.177508 0.953797
vt 0.185098 0.951288
vt 0.185098 0.953799
vt 0.177508 0.962844
vt 0.466827 0.947834
vt 0.475184 0.928257
vt 0.477153 0.928257
vt 0.476126 0.932538
vt 0.485860 0.947834
vt 0.473217 0.939587
vt 0.479267 0.939587
vt 0.472133 0.942098
vt 0.480409 0.942098
vt 0.469681 0.947834
vt 0.483007 0.947834
vt 0.939917 0.549673
vt 0.941429 0.549607
vt 0.941929 0.549624
vt 0.942432 0.549663
vt 0.942941 0.549722
vt 0.938484 0.549911
vt 0.943456 0.549804
vt 0.943980 0.549908
vt 0.944516 0.550034
vt 0.937139 0.550313
vt 0.945065 0.550184
vt 0.945629 0.550358
vt 0.946211 0.550557
vt 0.935891 0.550869
vt 0.946813 0.550780
vt 0.947436 0.551029
vt 0.948082 0.551304
vt 0.934752 0.551568
vt 0.942475 0.552244
vt 0.943023 0.552319
vt 0.943567 0.552422
vt 0.944111 0.552553
vt 0.944655 0.552712
vt 0.945202 0.552901
vt 0.945753 0.553119
vt 0.946310 0.553368
vt 0.946875 0.553647
vt 0.947451 0.553958
vt 0.948038 0.554300
vt 0.933729 0.552403
vt 0.941363 0.552174
vt 0.941922 0.552196
vt 0.940274 0.552223
vt 0.939239 0.552397
vt 0.938264 0.552690
vt 0.932834 0.553363
vt 0.937358 0.553095
vt 0.936529 0.553604
vt 0.932076 0.554440
vt 0.935782 0.554210
vt 0.935128 0.554908
vt 0.931464 0.555623
vt 0.934572 0.555688
vt 0.931009 0.556904
vt 0.934123 0.556546
vt 0.933789 0.557473
vt 0.930721 0.558273
vt 0.933576 0.558462
vt 0.930608 0.559720
vt 0.933493 0.559507
vt 0.933543 0.560570
vt 0.930659 0.560769
vt 0.933721 0.561574
vt 0.930847 0.561860
vt 0.934021 0.562512
vt 0.931174 0.562967
vt 0.934438 0.563378
vt 0.931643 0.564066
vt 0.934966 0.564167
vt 0.932259 0.565131
vt 0.935597 0.564872
vt 0.947524 0.565253
vt 0.948082 0.564919
vt 0.948038 0.567972
vt 0.936328 0.565487
vt 0.946959 0.565560
vt 0.933025 0.566139
vt 0.946389 0.565839
vt 0.937152 0.566007
vt 0.945816 0.566089
vt 0.945240 0.566310
vt 0.938063 0.566426
vt 0.944663 0.566502
vt 0.933944 0.567064
vt 0.944087 0.566664
vt 0.939055 0.566737
vt 0.943512 0.566796
vt 0.942940 0.566897
vt 0.940122 0.566936
vt 0.942374 0.566968
vt 0.941813 0.567007
vt 0.941259 0.567015
vt 0.935020 0.567882
vt 0.947552 0.568208
vt 0.936257 0.568567
vt 0.947057 0.568431
vt 0.946549 0.568639
vt 0.946026 0.568830
vt 0.937657 0.569094
vt 0.945485 0.569003
vt 0.944924 0.569156
vt 0.944339 0.569289
vt 0.939226 0.569440
vt 0.943727 0.569398
vt 0.943087 0.569484
vt 0.942415 0.569543
vt 0.940965 0.569579
vt 0.941709 0.569576
vt 0.260430 0.978107
vt 0.260424 0.978687
vt 0.257131 0.978687
vt 0.257137 0.978107
vt 0.260418 0.979257
vt 0.257126 0.979256
vt 0.260413 0.979818
vt 0.257121 0.979817
vt 0.260409 0.980372
vt 0.257117 0.980371
vt 0.260405 0.980921
vt 0.257113 0.980921
vt 0.260402 0.981468
vt 0.257110 0.981467
vt 0.260400 0.982013
vt 0.257107 0.982013
vt 0.260398 0.982559
vt 0.257105 0.982559
vt 0.260396 0.983108
vt 0.257104 0.983107
vt 0.260395 0.983661
vt 0.257103 0.983661
vt 0.260395 0.984221
vt 0.257103 0.984221
vt 0.260396 0.985309
vt 0.257104 0.985309
vt 0.260400 0.986342
vt 0.257107 0.986342
vt 0.260406 0.987313
vt 0.257113 0.987312
vt 0.260414 0.988213
vt 0.257122 0.988213
vt 0.260424 0.989036
vt 0.257132 0.989035
vt 0.260437 0.989773
vt 0.257144 0.989773
vt 0.432757 0.979819
vt 0.432837 0.980528
vt 0.429570 0.980528
vt 0.429490 0.979819
vt 0.432905 0.981319
vt 0.429638 0.981319
vt 0.432960 0.982184
vt 0.429693 0.982184
vt 0.433000 0.983117
vt 0.429733 0.983117
vt 0.433024 0.984110
vt 0.429757 0.984110
vt 0.433032 0.985156
vt 0.429765 0.985156
vt 0.433024 0.986218
vt 0.429757 0.986219
vt 0.432999 0.987219
vt 0.429732 0.987219
vt 0.432960 0.988151
vt 0.429692 0.988151
vt 0.432905 0.989010
vt 0.429638 0.989010
vt 0.432838 0.989789
vt 0.429570 0.989789
vt 0.432757 0.990482
vt 0.429490 0.990483
vt 0.963769 0.364543
vt 0.963757 0.363807
vt 0.967049 0.363807
vt 0.967062 0.364543
vt 0.963746 0.362980
vt 0.967039 0.362979
vt 0.963738 0.362065
vt 0.967030 0.362065
vt 0.963732 0.361071
vt 0.967024 0.361070
vt 0.963728 0.360001
vt 0.967020 0.360001
vt 0.963726 0.358864
vt 0.967019 0.358863
vt 0.963726 0.358310
vt 0.967019 0.358310
vt 0.963727 0.357750
vt 0.967020 0.357749
vt 0.963729 0.357183
vt 0.967021 0.357183
vt 0.963731 0.356613
vt 0.967023 0.356612
vt 0.963734 0.356039
vt 0.967026 0.356039
vt 0.963737 0.355463
vt 0.967029 0.355463
vt 0.963741 0.354888
vt 0.967033 0.354888
vt 0.963745 0.354314
vt 0.967038 0.354313
vt 0.963750 0.353742
vt 0.967043 0.353742
vt 0.963756 0.353174
vt 0.967049 0.353174
vt 0.963762 0.352612
vt 0.967055 0.352611
vt 0.963769 0.352056
vt 0.967062 0.352056
vt 0.524174 0.280031
vt 0.527228 0.280032
vt 0.527228 0.283299
vt 0.524174 0.283298
vt 0.924021 0.557658
vt 0.924027 0.558140
vt 0.920735 0.558147
vt 0.920729 0.557665
vt 0.924033 0.558632
vt 0.920741 0.558639
vt 0.924038 0.559137
vt 0.920746 0.559144
vt 0.924044 0.559657
vt 0.920751 0.559664
vt 0.924048 0.560196
vt 0.920756 0.560203
vt 0.924053 0.560755
vt 0.920760 0.560762
vt 0.924057 0.561338
vt 0.920764 0.561345
vt 0.924061 0.561948
vt 0.920768 0.561955
vt 0.924064 0.562587
vt 0.920771 0.562594
vt 0.924067 0.563258
vt 0.920774 0.563265
vt 0.924069 0.563964
vt 0.920776 0.563972
vt 0.924071 0.564708
vt 0.920778 0.564715
vt 0.924072 0.566450
vt 0.920780 0.566457
vt 0.924069 0.568023
vt 0.920777 0.568030
vt 0.924062 0.569431
vt 0.920770 0.569438
vt 0.924051 0.570678
vt 0.920759 0.570685
vt 0.924038 0.571765
vt 0.920745 0.571772
vt 0.924021 0.572698
vt 0.920729 0.572705
vt 0.940440 0.253122
vt 0.940330 0.252121
vt 0.943594 0.252102
vt 0.943703 0.253103
vt 0.940240 0.251060
vt 0.943504 0.251041
vt 0.940170 0.249965
vt 0.943433 0.249946
vt 0.940118 0.248861
vt 0.943382 0.248842
vt 0.940086 0.247772
vt 0.943349 0.247753
vt 0.940071 0.246723
vt 0.943335 0.246704
vt 0.940077 0.245275
vt 0.943340 0.245255
vt 0.940106 0.243903
vt 0.943369 0.243884
vt 0.940158 0.242619
vt 0.943422 0.242600
vt 0.940232 0.241431
vt 0.943495 0.241411
vt 0.940326 0.240348
vt 0.943590 0.240329
vt 0.940440 0.239380
vt 0.943703 0.239361
vt 0.653840 0.991310
vt 0.653855 0.990294
vt 0.657148 0.990288
vt 0.657132 0.991305
vt 0.653868 0.989160
vt 0.657160 0.989154
vt 0.653877 0.987916
vt 0.657169 0.987911
vt 0.653883 0.986574
vt 0.657175 0.986568
vt 0.653886 0.985142
vt 0.657178 0.985136
vt 0.653885 0.983630
vt 0.657177 0.983625
vt 0.653883 0.983130
vt 0.657176 0.983124
vt 0.653882 0.982627
vt 0.657174 0.982621
vt 0.653880 0.982118
vt 0.657172 0.982112
vt 0.653877 0.981602
vt 0.657170 0.981596
vt 0.653874 0.981077
vt 0.657167 0.981071
vt 0.653871 0.980540
vt 0.657164 0.980534
vt 0.653867 0.979990
vt 0.657160 0.979984
vt 0.653863 0.979424
vt 0.657155 0.979418
vt 0.653858 0.978840
vt 0.657150 0.978835
vt 0.653852 0.978237
vt 0.657145 0.978232
vt 0.653846 0.977612
vt 0.657139 0.977606
vt 0.653840 0.976963
vt 0.657132 0.976957
vt 0.533399 0.280031
vt 0.536396 0.280032
vt 0.536396 0.283299
vt 0.533399 0.283298
vt 0.260437 0.977515
vt 0.257144 0.977515
vt 0.400111 0.996682
vt 0.400111 0.990915
vt 0.403368 0.991109
vt 0.403368 0.996876
vt 0.996068 0.875504
vt 0.996068 0.883781
vt 0.992775 0.883781
vt 0.992775 0.875504
vt 0.412802 0.991089
vt 0.412802 0.996842
vt 0.409539 0.996668
vt 0.409539 0.990915
vt 0.545421 0.283323
vt 0.542567 0.283323
vt 0.542567 0.280031
vt 0.545421 0.280031
vt 0.790966 0.875591
vt 0.790966 0.856042
vt 0.794224 0.855851
vt 0.794224 0.875400
vt 0.649898 0.283323
vt 0.647929 0.283323
vt 0.647929 0.280031
vt 0.649898 0.280031
vt 0.403049 0.832990
vt 0.403049 0.852572
vt 0.399787 0.852756
vt 0.399787 0.833174
vt 0.554446 0.283323
vt 0.551592 0.283323
vt 0.551592 0.280031
vt 0.554446 0.280031
vt 0.780299 0.995308
vt 0.780299 0.988223
vt 0.783557 0.988414
vt 0.783557 0.995499
vt 0.300741 0.988510
vt 0.300741 0.995578
vt 0.297479 0.995411
vt 0.297479 0.988343
vt 0.981562 0.508400
vt 0.981562 0.502349
vt 0.984855 0.502350
vt 0.984855 0.508400
vt 0.422240 0.990915
vt 0.422240 0.996310
vt 0.418973 0.996311
vt 0.418973 0.990917
vt 0.011452 0.995748
vt 0.011452 0.988156
vt 0.014745 0.988157
vt 0.014745 0.995748
vt 0.621880 0.280031
vt 0.624392 0.280032
vt 0.624392 0.283299
vt 0.621880 0.283298
vt 0.024208 0.988156
vt 0.024208 0.995748
vt 0.020916 0.995748
vt 0.020916 0.988156
vt 0.056433 0.981194
vt 0.056433 0.990242
vt 0.053166 0.990243
vt 0.053166 0.981196
vt 0.563414 0.283323
vt 0.560617 0.283323
vt 0.560617 0.280031
vt 0.563414 0.280031
vt 0.956806 0.849209
vt 0.956806 0.829745
vt 0.960069 0.829742
vt 0.960069 0.849206
vt 0.746687 0.990739
vt 0.746687 0.980350
vt 0.749979 0.980351
vt 0.749979 0.990739
vt 0.604515 0.280031
vt 0.607027 0.280032
vt 0.607027 0.283299
vt 0.604515 0.283298
vt 0.561395 0.988187
vt 0.561395 0.995779
vt 0.558103 0.995779
vt 0.558103 0.988187
vt 0.942241 0.537530
vt 0.942241 0.543409
vt 0.938974 0.543410
vt 0.938974 0.537531
vt 0.992775 0.912334
vt 0.992775 0.904372
vt 0.996068 0.904372
vt 0.996068 0.912335
vt 0.630563 0.280031
vt 0.633075 0.280032
vt 0.633075 0.283299
vt 0.630563 0.283298
vt 0.996068 0.919679
vt 0.996068 0.927642
vt 0.992775 0.927642
vt 0.992775 0.919679
vt 0.327754 0.990374
vt 0.327754 0.996425
vt 0.324486 0.996426
vt 0.324486 0.990375
vt 0.992775 0.869333
vt 0.992775 0.860828
vt 0.996068 0.860828
vt 0.996068 0.869333
vt 0.639246 0.280031
vt 0.641757 0.280032
vt 0.641757 0.283299
vt 0.639246 0.283298
vt 0.987702 0.978530
vt 0.987702 0.989833
vt 0.984409 0.989833
vt 0.984409 0.978530
vt 0.714619 0.979158
vt 0.714619 0.959694
vt 0.717883 0.959691
vt 0.717883 0.979155
vt 0.986987 0.228405
vt 0.986987 0.217360
vt 0.990280 0.217360
vt 0.990280 0.228405
vt 0.613198 0.280031
vt 0.615709 0.280032
vt 0.615709 0.283299
vt 0.613198 0.283298
vt 0.996068 0.889952
vt 0.996068 0.898201
vt 0.992775 0.898201
vt 0.992775 0.889952
vt 0.572629 0.911871
vt 0.585069 0.911871
vt 0.585076 0.915526
vt 0.572636 0.915526
vt 0.585099 0.918652
vt 0.572659 0.918652
vt 0.460262 0.954005
vt 0.472703 0.954005
vt 0.472711 0.956809
vt 0.460270 0.956809
vt 0.472714 0.960330
vt 0.460273 0.960330
vt 0.472713 0.964032
vt 0.460273 0.964032
vt 0.472708 0.967353
vt 0.460267 0.967353
vt 0.841278 0.949615
vt 0.853718 0.949615
vt 0.853743 0.952660
vt 0.841303 0.952660
vt 0.853752 0.956286
vt 0.841312 0.956286
vt 0.853744 0.959940
vt 0.841304 0.959940
vt 0.853721 0.963067
vt 0.841281 0.963067
vt 0.441623 0.954005
vt 0.454064 0.954005
vt 0.454082 0.956787
vt 0.441641 0.956787
vt 0.454091 0.960298
vt 0.441650 0.960298
vt 0.454089 0.964003
vt 0.441649 0.964003
vt 0.454077 0.967338
vt 0.441637 0.967338
vt 0.300223 0.938155
vt 0.300223 0.941867
vt 0.298803 0.945297
vt 0.296178 0.947921
vt 0.292750 0.949342
vt 0.289038 0.949342
vt 0.285610 0.947921
vt 0.282986 0.945296
vt 0.281565 0.941866
vt 0.281565 0.938154
vt 0.282986 0.934725
vt 0.285610 0.932100
vt 0.289038 0.930680
vt 0.292750 0.930680
vt 0.296178 0.932101
vt 0.298802 0.934726
vt 0.572662 0.905201
vt 0.585102 0.905201
vt 0.585078 0.908246
vt 0.572638 0.908246
vt 0.366902 0.936159
vt 0.366902 0.939871
vt 0.365482 0.943300
vt 0.362857 0.945925
vt 0.359429 0.947345
vt 0.355717 0.947345
vt 0.352289 0.945924
vt 0.349664 0.943299
vt 0.348244 0.939870
vt 0.348244 0.936158
vt 0.349664 0.932728
vt 0.352289 0.930104
vt 0.355717 0.928683
vt 0.359429 0.928684
vt 0.362857 0.930104
vt 0.365482 0.932729
vt 0.852217 0.990234
vt 0.852271 0.987795
vt 0.853483 0.987960
vt 0.853432 0.990235
vt 0.891769 0.851486
vt 0.889493 0.851084
vt 0.889886 0.850000
vt 0.891763 0.850331
vt 0.890290 0.848897
vt 0.891769 0.849158
vt 0.725136 0.991589
vt 0.725101 0.990108
vt 0.726194 0.990269
vt 0.726225 0.991585
vt 0.727409 0.990106
vt 0.727444 0.991587
vt 0.880559 0.522213
vt 0.880559 0.520711
vt 0.881695 0.520513
vt 0.881695 0.522419
vt 0.882851 0.520307
vt 0.882851 0.522618
vt 0.851122 0.990236
vt 0.851173 0.987961
vt 0.852426 0.985652
vt 0.853628 0.985963
vt 0.887493 0.849929
vt 0.888235 0.849047
vt 0.888989 0.848146
vt 0.725000 0.988802
vt 0.726105 0.989108
vt 0.727308 0.988800
vt 0.880045 0.519300
vt 0.881043 0.518722
vt 0.882061 0.518136
vt 0.851318 0.985964
vt 0.043048 0.980776
vt 0.043080 0.982663
vt 0.041907 0.982907
vt 0.041877 0.981147
vt 0.886007 0.848159
vt 0.887010 0.847587
vt 0.888024 0.846995
vt 0.186913 0.985431
vt 0.186894 0.986581
vt 0.185738 0.986822
vt 0.185755 0.985801
vt 0.184566 0.986581
vt 0.184585 0.985431
vt 0.879080 0.518149
vt 0.879818 0.517261
vt 0.880577 0.516366
vt 0.044205 0.981147
vt 0.044235 0.982907
vt 0.043097 0.984985
vt 0.041923 0.985072
vt 0.885217 0.845988
vt 0.886358 0.845796
vt 0.887510 0.845584
vt 0.186883 0.987992
vt 0.185729 0.988076
vt 0.184555 0.987992
vt 0.877780 0.517398
vt 0.878168 0.516308
vt 0.878576 0.515210
vt 0.044251 0.985073
vt 0.043097 0.987463
vt 0.041923 0.987383
vt 0.885217 0.843678
vt 0.886358 0.843890
vt 0.887510 0.844083
vt 0.186883 0.989494
vt 0.185729 0.989410
vt 0.184555 0.989494
vt 0.876301 0.517137
vt 0.876291 0.515977
vt 0.876301 0.514809
vt 0.044251 0.987383
vt 0.043080 0.989798
vt 0.041907 0.989559
vt 0.886007 0.841507
vt 0.887010 0.842099
vt 0.888024 0.842672
vt 0.186894 0.990905
vt 0.185738 0.990664
vt 0.184566 0.990905
vt 0.874822 0.517398
vt 0.874414 0.516308
vt 0.874026 0.515210
vt 0.044235 0.989560
vt 0.043048 0.991707
vt 0.041877 0.991340
vt 0.887493 0.839738
vt 0.888235 0.840639
vt 0.888989 0.841522
vt 0.186913 0.992056
vt 0.185755 0.991687
vt 0.184585 0.992056
vt 0.873522 0.518149
vt 0.872764 0.517260
vt 0.872026 0.516365
vt 0.044205 0.991340
vt 0.977034 0.982231
vt 0.976868 0.984368
vt 0.975775 0.984538
vt 0.975930 0.982545
vt 0.889493 0.838583
vt 0.889886 0.839687
vt 0.890290 0.840771
vt 0.453775 0.989924
vt 0.453869 0.991226
vt 0.452657 0.991390
vt 0.452573 0.990233
vt 0.451559 0.991227
vt 0.451464 0.989924
vt 0.872557 0.519299
vt 0.871539 0.518720
vt 0.870541 0.518134
vt 0.978238 0.982543
vt 0.978083 0.984535
vt 0.976811 0.986805
vt 0.975721 0.986810
vt 0.891769 0.838183
vt 0.891763 0.839356
vt 0.891769 0.840511
vt 0.453902 0.992706
vt 0.452686 0.992705
vt 0.451591 0.992707
vt 0.872043 0.520710
vt 0.870887 0.520511
vt 0.869751 0.520305
vt 0.978029 0.986808
vt 0.976868 0.989249
vt 0.975775 0.989088
vt 0.894044 0.838584
vt 0.893640 0.839688
vt 0.893248 0.840772
vt 0.453869 0.994184
vt 0.452657 0.994019
vt 0.451559 0.994185
vt 0.872044 0.522212
vt 0.870887 0.522417
vt 0.869751 0.522616
vt 0.978083 0.989086
vt 0.977034 0.991404
vt 0.975930 0.991098
vt 0.896045 0.839740
vt 0.895291 0.840641
vt 0.894548 0.841523
vt 0.453775 0.995483
vt 0.452573 0.995172
vt 0.451464 0.995484
vt 0.872557 0.523623
vt 0.871539 0.524209
vt 0.870541 0.524787
vt 0.978238 0.991095
vt 0.990585 0.739356
vt 0.990617 0.737459
vt 0.991773 0.737217
vt 0.991743 0.738986
vt 0.897530 0.841510
vt 0.896516 0.842101
vt 0.895513 0.842674
vt 0.978992 0.164383
vt 0.978973 0.163240
vt 0.980145 0.162996
vt 0.980163 0.164012
vt 0.981301 0.163240
vt 0.981321 0.164384
vt 0.873522 0.524774
vt 0.872764 0.525669
vt 0.872026 0.526557
vt 0.989415 0.738986
vt 0.989445 0.737217
vt 0.990634 0.735131
vt 0.991789 0.735047
vt 0.898320 0.843681
vt 0.897168 0.843892
vt 0.896027 0.844085
vt 0.978962 0.161832
vt 0.980136 0.161745
vt 0.981291 0.161832
vt 0.874822 0.525525
vt 0.874414 0.526622
vt 0.874026 0.527713
vt 0.989461 0.735047
vt 0.990634 0.732653
vt 0.991789 0.732736
vt 0.898320 0.845991
vt 0.897168 0.845798
vt 0.896027 0.845586
vt 0.978962 0.160330
vt 0.980136 0.160411
vt 0.981291 0.160331
vt 0.876301 0.525786
vt 0.876291 0.526954
vt 0.876301 0.528114
vt 0.989461 0.732736
vt 0.990617 0.730323
vt 0.991773 0.730564
vt 0.897530 0.848162
vt 0.896516 0.847589
vt 0.895513 0.846997
vt 0.978973 0.158915
vt 0.980145 0.159154
vt 0.981301 0.158916
vt 0.877780 0.525525
vt 0.878168 0.526623
vt 0.878576 0.527713
vt 0.989445 0.730564
vt 0.990585 0.728424
vt 0.991743 0.728794
vt 0.896045 0.849931
vt 0.895291 0.849048
vt 0.894548 0.848147
vt 0.978992 0.157758
vt 0.980163 0.158126
vt 0.981321 0.157759
vt 0.879080 0.524774
vt 0.879818 0.525670
vt 0.880577 0.526558
vt 0.989415 0.728794
vt 0.852426 0.994825
vt 0.852271 0.992675
vt 0.853483 0.992511
vt 0.853628 0.994516
vt 0.894044 0.851085
vt 0.893640 0.850001
vt 0.893248 0.848897
vt 0.725000 0.994361
vt 0.725101 0.993066
vt 0.726194 0.992897
vt 0.726105 0.994048
vt 0.727409 0.993064
vt 0.727308 0.994359
vt 0.880045 0.523624
vt 0.881043 0.524210
vt 0.882061 0.524789
vt 0.851318 0.994517
vt 0.851173 0.992512
vt 0.987690 0.149087
vt 0.989520 0.149087
vt 0.989531 0.154146
vt 0.987702 0.154147
vt 0.989564 0.158476
vt 0.987735 0.158476
vt 0.991011 0.441483
vt 0.989181 0.441483
vt 0.989172 0.437601
vt 0.991002 0.437602
vt 0.989169 0.432726
vt 0.990999 0.432727
vt 0.989172 0.427599
vt 0.991002 0.427600
vt 0.989181 0.423001
vt 0.991011 0.423002
vt 0.988505 0.082394
vt 0.986675 0.082394
vt 0.986642 0.078177
vt 0.988472 0.078178
vt 0.986631 0.073157
vt 0.988460 0.073158
vt 0.986642 0.068097
vt 0.988472 0.068098
vt 0.986675 0.063768
vt 0.988505 0.063769
vt 0.798072 0.990271
vt 0.796243 0.990269
vt 0.796221 0.986417
vt 0.798051 0.986419
vt 0.796214 0.981556
vt 0.798043 0.981558
vt 0.796221 0.976427
vt 0.798051 0.976428
vt 0.796243 0.971809
vt 0.798072 0.971810
vt 0.250931 0.905588
vt 0.250931 0.910728
vt 0.248965 0.915476
vt 0.245331 0.919110
vt 0.240584 0.921077
vt 0.235445 0.921077
vt 0.230698 0.919109
vt 0.227065 0.915475
vt 0.225098 0.910726
vt 0.225098 0.905587
vt 0.227065 0.900838
vt 0.230698 0.897204
vt 0.235446 0.895238
vt 0.240584 0.895238
vt 0.245331 0.897205
vt 0.248965 0.900840
vt 0.987735 0.139851
vt 0.989564 0.139850
vt 0.989531 0.144066
vt 0.987702 0.144067
vt 0.566458 0.903164
vt 0.566458 0.908303
vt 0.564491 0.913052
vt 0.560858 0.916686
vt 0.556110 0.918652
vt 0.550971 0.918652
vt 0.546224 0.916685
vt 0.542590 0.913050
vt 0.540624 0.908302
vt 0.540624 0.903162
vt 0.542590 0.898414
vt 0.546224 0.894780
vt 0.550971 0.892813
vt 0.556110 0.892813
vt 0.560858 0.894780
vt 0.564491 0.898415
vt 0.692534 0.835411
vt 0.646431 0.835364
vt 0.646431 0.777348
vt 0.692534 0.777395
vt 0.164813 0.978408
vt 0.164813 0.932306
vt 0.168471 0.932307
vt 0.168471 0.978408
vt 0.186979 0.749697
vt 0.140875 0.749679
vt 0.140875 0.691597
vt 0.186979 0.691615
vt 0.665745 0.979886
vt 0.665745 0.933784
vt 0.669403 0.933783
vt 0.669403 0.979885
vt 0.968434 0.003086
vt 0.972093 0.003086
vt 0.972093 0.061619
vt 0.968434 0.061619
vt 0.968430 0.170941
vt 0.972089 0.170941
vt 0.972089 0.229474
vt 0.968430 0.229475
vt 0.845434 0.851486
vt 0.805185 0.851445
vt 0.805185 0.799231
vt 0.845434 0.799272
vt 0.893170 0.984046
vt 0.893170 0.943798
vt 0.895365 0.943799
vt 0.895365 0.984046
vt 0.528293 0.829781
vt 0.488044 0.829765
vt 0.488044 0.777491
vt 0.528293 0.777507
vt 0.901536 0.984046
vt 0.901536 0.943799
vt 0.903731 0.943798
vt 0.903731 0.984046
vt 0.982635 0.291008
vt 0.984830 0.291008
vt 0.984830 0.343688
vt 0.982635 0.343688
vt 0.984443 0.667377
vt 0.986639 0.667377
vt 0.986639 0.720057
vt 0.984443 0.720057
vt 0.271201 0.832308
vt 0.225098 0.832261
vt 0.225098 0.774245
vt 0.271201 0.774292
vt 0.769183 0.983277
vt 0.769183 0.937176
vt 0.772841 0.937177
vt 0.772841 0.983278
vt 0.186979 0.813969
vt 0.140875 0.813951
vt 0.140875 0.755869
vt 0.186979 0.755887
vt 0.978259 0.281748
vt 0.978259 0.235647
vt 0.981918 0.235646
vt 0.981918 0.281747
vt 0.965849 0.860828
vt 0.969508 0.860828
vt 0.969508 0.919361
vt 0.965849 0.919361
vt 0.971732 0.450448
vt 0.975391 0.450448
vt 0.975391 0.508981
vt 0.971732 0.508982
vt 0.128848 0.872396
vt 0.088600 0.872355
vt 0.088600 0.820140
vt 0.128848 0.820181
vt 0.400111 0.984744
vt 0.400111 0.944497
vt 0.402306 0.944497
vt 0.402306 0.984744
vt 0.738954 0.829638
vt 0.698705 0.829623
vt 0.698705 0.777348
vt 0.738955 0.777364
vt 0.408477 0.984744
vt 0.408477 0.944497
vt 0.410672 0.944497
vt 0.410672 0.984744
vt 0.983714 0.578876
vt 0.985910 0.578876
vt 0.985910 0.631556
vt 0.983714 0.631556
vt 0.984803 0.755877
vt 0.986999 0.755877
vt 0.986999 0.808557
vt 0.984803 0.808557
vt 0.360369 0.826819
vt 0.314266 0.826772
vt 0.314266 0.768756
vt 0.360369 0.768803
vt 0.111070 0.978410
vt 0.111070 0.932309
vt 0.114728 0.932310
vt 0.114728 0.978411
vt 0.134704 0.749697
vt 0.088600 0.749679
vt 0.088600 0.691597
vt 0.134704 0.691615
vt 0.688046 0.981668
vt 0.688046 0.935567
vt 0.691705 0.935566
vt 0.691705 0.981667
vt 0.966244 0.755877
vt 0.969903 0.755877
vt 0.969903 0.814410
vt 0.966244 0.814410
vt 0.969132 0.097076
vt 0.972791 0.097075
vt 0.972791 0.155609
vt 0.969132 0.155609
vt 0.043334 0.884324
vt 0.003086 0.884284
vt 0.003086 0.832069
vt 0.043334 0.832110
vt 0.956777 0.984087
vt 0.956777 0.943840
vt 0.958972 0.943841
vt 0.958972 0.984088
vt 0.574714 0.829781
vt 0.534465 0.829765
vt 0.534465 0.777491
vt 0.574714 0.777507
vt 0.930009 0.982796
vt 0.930009 0.942549
vt 0.932204 0.942548
vt 0.932204 0.982796
vt 0.373073 0.928683
vt 0.375268 0.928683
vt 0.375268 0.981364
vt 0.373073 0.981363
vt 0.984409 0.919679
vt 0.986604 0.919679
vt 0.986604 0.972359
vt 0.984409 0.972359
vt 0.640260 0.835411
vt 0.594157 0.835364
vt 0.594157 0.777348
vt 0.640260 0.777395
vt 0.980803 0.416829
vt 0.980803 0.370728
vt 0.984462 0.370729
vt 0.984462 0.416830
vt 0.134704 0.813969
vt 0.088600 0.813951
vt 0.088600 0.755868
vt 0.134704 0.755887
vt 0.075662 0.984123
vt 0.075662 0.938022
vt 0.079320 0.938021
vt 0.079320 0.984122
vt 0.965155 0.578876
vt 0.968814 0.578876
vt 0.968814 0.637409
vt 0.965155 0.637409
vt 0.429490 0.915114
vt 0.433149 0.915114
vt 0.433149 0.973647
vt 0.429490 0.973648
vt 0.175268 0.872396
vt 0.135019 0.872355
vt 0.135019 0.820140
vt 0.175268 0.820181
vt 0.416843 0.984744
vt 0.416843 0.944497
vt 0.419038 0.944497
vt 0.419038 0.984744
vt 0.481873 0.829781
vt 0.441623 0.829765
vt 0.441623 0.777491
vt 0.481873 0.777507
vt 0.986987 0.211189
vt 0.986987 0.170941
vt 0.989182 0.170941
vt 0.989182 0.211188
vt 0.984409 0.860828
vt 0.986604 0.860828
vt 0.986604 0.913508
vt 0.984409 0.913508
vt 0.986992 0.003086
vt 0.989187 0.003086
vt 0.989187 0.055765
vt 0.986992 0.055766
vt 0.956777 0.937669
vt 0.956777 0.860831
vt 0.959678 0.860828
vt 0.959678 0.937666
vt 0.314266 0.762577
vt 0.314266 0.685741
vt 0.350849 0.685750
vt 0.350849 0.762585
vt 0.953925 0.527289
vt 0.953925 0.450449
vt 0.956829 0.450448
vt 0.956829 0.527288
vt 0.045845 0.768440
vt 0.045845 0.691605
vt 0.082429 0.691597
vt 0.082429 0.768432
vt 0.976074 0.853170
vt 0.976074 0.816579
vt 0.979001 0.816579
vt 0.979001 0.853170
vt 0.886999 0.943799
vt 0.886999 0.980389
vt 0.884072 0.980388
vt 0.884072 0.943798
vt 0.831481 0.982550
vt 0.831481 0.949619
vt 0.835107 0.949615
vt 0.835107 0.982546
vt 0.045845 0.774619
vt 0.078774 0.774612
vt 0.078774 0.822170
vt 0.045845 0.822178
vt 0.966244 0.853514
vt 0.966244 0.820583
vt 0.969874 0.820581
vt 0.969874 0.853513
vt 0.433040 0.908943
vt 0.400111 0.908935
vt 0.400111 0.861377
vt 0.433040 0.861384
vt 0.569906 0.883520
vt 0.569906 0.835952
vt 0.573564 0.835952
vt 0.573564 0.883520
vt 0.972088 0.235646
vt 0.972088 0.283213
vt 0.968430 0.283213
vt 0.968430 0.235646
vt 0.946976 0.982628
vt 0.946976 0.954820
vt 0.949152 0.954818
vt 0.949152 0.982626
vt 0.053166 0.889413
vt 0.080973 0.889407
vt 0.080973 0.931844
vt 0.053166 0.931850
vt 0.558103 0.982016
vt 0.558103 0.954207
vt 0.560281 0.954206
vt 0.560281 0.982015
vt 0.342073 0.932294
vt 0.314266 0.932288
vt 0.314266 0.889851
vt 0.342073 0.889857
vt 0.963000 0.566753
vt 0.963000 0.524308
vt 0.965195 0.524308
vt 0.965195 0.566753
vt 0.212816 0.941725
vt 0.212816 0.984169
vt 0.210621 0.984169
vt 0.210621 0.941724
vt 0.718829 0.953520
vt 0.698705 0.953499
vt 0.698705 0.928117
vt 0.718829 0.928138
vt 0.273017 0.981223
vt 0.273017 0.961100
vt 0.275212 0.961100
vt 0.275212 0.981224
vt 0.245223 0.952667
vt 0.225098 0.952659
vt 0.225098 0.927248
vt 0.245223 0.927256
vt 0.980803 0.443125
vt 0.980803 0.423001
vt 0.982998 0.423001
vt 0.982998 0.443124
vt 0.003086 0.955326
vt 0.005281 0.955326
vt 0.005281 0.980934
vt 0.003086 0.980934
vt 0.978264 0.063769
vt 0.980459 0.063768
vt 0.980459 0.089377
vt 0.978264 0.089377
vt 0.384769 0.944766
vt 0.384769 0.889883
vt 0.387711 0.889875
vt 0.387711 0.944757
vt 0.389896 0.889851
vt 0.389896 0.944733
vt 0.127969 0.933456
vt 0.127969 0.878570
vt 0.130775 0.878567
vt 0.130775 0.933453
vt 0.133777 0.878568
vt 0.133777 0.933454
vt 0.136172 0.878574
vt 0.136172 0.933460
vt 0.872311 0.279991
vt 0.872311 0.225109
vt 0.875223 0.225099
vt 0.875223 0.279981
vt 0.878165 0.225107
vt 0.878165 0.279990
vt 0.880350 0.225131
vt 0.880350 0.280014
vt 0.357020 0.740635
vt 0.357020 0.685750
vt 0.359816 0.685741
vt 0.359816 0.740626
vt 0.362822 0.685744
vt 0.362822 0.740629
vt 0.791607 0.958467
vt 0.791607 0.961498
vt 0.790092 0.964122
vt 0.787468 0.965638
vt 0.784438 0.965638
vt 0.781814 0.964122
vt 0.780299 0.961498
vt 0.780299 0.958467
vt 0.781814 0.955843
vt 0.784438 0.954328
vt 0.787468 0.954328
vt 0.790092 0.955843
vt 0.365233 0.685758
vt 0.365233 0.740643
vt 0.381857 0.944756
vt 0.381857 0.889873
vt 0.551931 0.958347
vt 0.551931 0.961377
vt 0.550416 0.964001
vt 0.547792 0.965516
vt 0.544762 0.965516
vt 0.542139 0.964001
vt 0.540624 0.961376
vt 0.540624 0.958346
vt 0.542139 0.955721
vt 0.544763 0.954206
vt 0.547792 0.954206
vt 0.550416 0.955722
vt 0.987054 0.358203
vt 0.982664 0.358191
vt 0.982664 0.353410
vt 0.987054 0.353422
vt 0.982635 0.349859
vt 0.987025 0.349872
vt 0.734143 0.966537
vt 0.738533 0.966536
vt 0.738541 0.971095
vt 0.734150 0.971097
vt 0.738541 0.975974
vt 0.734150 0.975976
vt 0.738533 0.979866
vt 0.734143 0.979867
vt 0.643249 0.976970
vt 0.647640 0.976958
vt 0.647669 0.981688
vt 0.643278 0.981701
vt 0.647669 0.986469
vt 0.643278 0.986482
vt 0.647640 0.990020
vt 0.643249 0.990032
vt 0.910217 0.271492
vt 0.914608 0.271487
vt 0.914626 0.276030
vt 0.910236 0.276034
vt 0.914626 0.280915
vt 0.910236 0.280919
vt 0.637078 0.940511
vt 0.637078 0.945435
vt 0.634616 0.949700
vt 0.630353 0.952162
vt 0.625429 0.952162
vt 0.621165 0.949700
vt 0.618703 0.945435
vt 0.618703 0.940511
vt 0.621165 0.936246
vt 0.625428 0.933783
vt 0.630352 0.933783
vt 0.634616 0.936246
vt 0.914608 0.284833
vt 0.910217 0.284837
vt 0.987025 0.362934
vt 0.982635 0.362922
vt 0.612532 0.940512
vt 0.612532 0.945436
vt 0.610070 0.949701
vt 0.605806 0.952163
vt 0.600883 0.952162
vt 0.596618 0.949699
vt 0.594157 0.945434
vt 0.594157 0.940510
vt 0.596618 0.936245
vt 0.600883 0.933783
vt 0.605806 0.933784
vt 0.610070 0.936247
vt 0.851605 0.943444
vt 0.831481 0.943424
vt 0.831481 0.914416
vt 0.851605 0.914436
vt 0.620451 0.898346
vt 0.640575 0.898341
vt 0.640575 0.927608
vt 0.620451 0.927612
vt 0.213275 0.935553
vt 0.193150 0.935545
vt 0.193150 0.906504
vt 0.213275 0.906512
vt 0.666870 0.927612
vt 0.646746 0.927608
vt 0.646746 0.898341
vt 0.666870 0.898346
vt 0.477061 0.922086
vt 0.477062 0.892813
vt 0.506328 0.892813
vt 0.506328 0.922086
vt 0.727972 0.892674
vt 0.727972 0.921946
vt 0.698705 0.921942
vt 0.698705 0.892670
vt 0.902044 0.924312
vt 0.907279 0.922912
vt 0.907280 0.929131
vt 0.902045 0.927764
vt 0.064288 0.951159
vt 0.058474 0.951142
vt 0.058474 0.943612
vt 0.064288 0.943629
vt 0.563830 0.939539
vt 0.558744 0.938150
vt 0.558743 0.934698
vt 0.563830 0.933319
vt 0.895580 0.926044
vt 0.069491 0.951115
vt 0.069491 0.945076
vt 0.053203 0.951068
vt 0.053203 0.945030
vt 0.552332 0.936422
vt 0.053166 0.940546
vt 0.058428 0.938021
vt 0.557018 0.931709
vt 0.904171 0.934518
vt 0.900320 0.930753
vt 0.064242 0.938037
vt 0.560721 0.927933
vt 0.069454 0.940592
vt 0.898786 0.937627
vt 0.897331 0.932479
vt 0.093844 0.932312
vt 0.099658 0.932309
vt 0.099670 0.939490
vt 0.093856 0.939492
vt 0.554029 0.929983
vt 0.555336 0.924823
vt 0.088600 0.934108
vt 0.088609 0.939867
vt 0.104889 0.934102
vt 0.104899 0.939860
vt 0.892568 0.937627
vt 0.893880 0.932479
vt 0.099670 0.947174
vt 0.093856 0.947176
vt 0.550579 0.929983
vt 0.549118 0.924823
vt 0.088609 0.946029
vt 0.104899 0.946022
vt 0.547590 0.931709
vt 0.543733 0.927933
vt 0.890891 0.930753
vt 0.093844 0.953305
vt 0.088600 0.950944
vt 0.104889 0.950937
vt 0.099658 0.953303
vt 0.887182 0.934518
vt 0.889166 0.927764
vt 0.643249 0.935349
vt 0.648511 0.933800
vt 0.648557 0.941250
vt 0.643286 0.941324
vt 0.654324 0.933783
vt 0.659537 0.935303
vt 0.659574 0.941277
vt 0.654370 0.941234
vt 0.545865 0.934698
vt 0.884072 0.929131
vt 0.540624 0.933320
vt 0.648557 0.948780
vt 0.643286 0.947362
vt 0.659574 0.947316
vt 0.654370 0.948763
vt 0.545865 0.938150
vt 0.884072 0.922912
vt 0.889165 0.924312
vt 0.540624 0.939539
vt 0.547590 0.941139
vt 0.887181 0.917526
vt 0.890891 0.921323
vt 0.654324 0.954355
vt 0.648511 0.954371
vt 0.543733 0.944925
vt 0.643249 0.951846
vt 0.659537 0.951800
vt 0.892566 0.914416
vt 0.893879 0.919598
vt 0.517753 0.931920
vt 0.523566 0.931914
vt 0.523595 0.939069
vt 0.517782 0.939074
vt 0.550579 0.942865
vt 0.549118 0.948035
vt 0.512499 0.933740
vt 0.512523 0.939477
vt 0.528788 0.933724
vt 0.528812 0.939462
vt 0.523595 0.946762
vt 0.517782 0.946767
vt 0.554030 0.942865
vt 0.555336 0.948035
vt 0.897330 0.919598
vt 0.512523 0.945647
vt 0.528812 0.945631
vt 0.898784 0.914416
vt 0.900319 0.921323
vt 0.517753 0.952937
vt 0.512499 0.950595
vt 0.528788 0.950579
vt 0.523566 0.952932
vt 0.557018 0.941139
vt 0.904170 0.917526
vt 0.560721 0.944925
vt 0.069454 0.957089
vt 0.064242 0.958609
vt 0.058428 0.958592
vt 0.053166 0.957043
vt 0.877901 0.943444
vt 0.857776 0.943424
vt 0.857776 0.914416
vt 0.877901 0.914436
vt 0.594157 0.898345
vt 0.614280 0.898341
vt 0.614280 0.927608
vt 0.594157 0.927612
vt 0.825310 0.943465
vt 0.805185 0.943457
vt 0.805185 0.914416
vt 0.825310 0.914424
vt 0.301689 0.924509
vt 0.281565 0.924504
vt 0.281565 0.895238
vt 0.301689 0.895242
vt 0.441623 0.922086
vt 0.441624 0.892813
vt 0.470890 0.892813
vt 0.470890 0.922086
vt 0.032352 0.890500
vt 0.032352 0.919772
vt 0.003086 0.919768
vt 0.003086 0.890496
vt 0.268224 0.947478
vt 0.262411 0.947462
vt 0.262411 0.939932
vt 0.268224 0.939949
vt 0.026292 0.940659
vt 0.021205 0.939269
vt 0.021205 0.935818
vt 0.026292 0.934439
vt 0.411619 0.926742
vt 0.418083 0.925011
vt 0.418083 0.928462
vt 0.273427 0.947434
vt 0.273427 0.941396
vt 0.257139 0.947388
vt 0.257139 0.941350
vt 0.014794 0.937541
vt 0.423318 0.923610
vt 0.423319 0.929830
vt 0.420210 0.935216
vt 0.416358 0.931451
vt 0.262365 0.934340
vt 0.268178 0.934357
vt 0.019480 0.932828
vt 0.023183 0.929053
vt 0.273391 0.936912
vt 0.257103 0.936866
vt 0.147587 0.932309
vt 0.153401 0.932306
vt 0.153413 0.939487
vt 0.147600 0.939489
vt 0.016491 0.931102
vt 0.017798 0.925943
vt 0.413370 0.933177
vt 0.142343 0.934105
vt 0.142353 0.939864
vt 0.158632 0.934098
vt 0.158642 0.939857
vt 0.414825 0.938326
vt 0.409919 0.933177
vt 0.147600 0.947173
vt 0.142353 0.946026
vt 0.158642 0.946019
vt 0.153413 0.947171
vt 0.013041 0.931102
vt 0.408606 0.938326
vt 0.011580 0.925943
vt 0.406930 0.931451
vt 0.147587 0.953302
vt 0.142343 0.950941
vt 0.158632 0.950934
vt 0.153401 0.953299
vt 0.010052 0.932828
vt 0.403221 0.935216
vt 0.006195 0.929052
vt 0.757762 0.937176
vt 0.762975 0.938696
vt 0.763011 0.944670
vt 0.757808 0.944626
vt 0.008327 0.935817
vt 0.400111 0.929829
vt 0.405204 0.928462
vt 0.751949 0.937193
vt 0.751995 0.944643
vt 0.003086 0.934438
vt 0.746687 0.938742
vt 0.746723 0.944716
vt 0.400111 0.923610
vt 0.405204 0.925011
vt 0.757808 0.952156
vt 0.751995 0.952172
vt 0.008327 0.939269
vt 0.003086 0.940658
vt 0.746723 0.950755
vt 0.763011 0.950708
vt 0.403219 0.918224
vt 0.406929 0.922022
vt 0.757762 0.957748
vt 0.751949 0.957764
vt 0.010052 0.942258
vt 0.006195 0.946044
vt 0.746687 0.955239
vt 0.762975 0.955193
vt 0.013041 0.943984
vt 0.011580 0.949154
vt 0.409918 0.920296
vt 0.898193 0.551476
vt 0.903446 0.549656
vt 0.903475 0.556810
vt 0.898216 0.557213
vt 0.909259 0.549650
vt 0.914481 0.551460
vt 0.914505 0.557198
vt 0.909289 0.556805
vt 0.408604 0.915114
vt 0.413369 0.920296
vt 0.903475 0.564503
vt 0.898216 0.563383
vt 0.914505 0.563367
vt 0.909289 0.564498
vt 0.016491 0.943984
vt 0.414823 0.915114
vt 0.017798 0.949155
vt 0.903446 0.570673
vt 0.898193 0.568331
vt 0.914481 0.568315
vt 0.909259 0.570668
vt 0.019480 0.942258
vt 0.420208 0.918224
vt 0.416357 0.922022
vt 0.023183 0.946045
vt 0.268178 0.954928
vt 0.262365 0.954912
vt 0.273391 0.953409
vt 0.257103 0.953363
vt 0.921510 0.284837
vt 0.921510 0.262883
vt 0.939640 0.262865
vt 0.939640 0.284819
vt 0.869751 0.534290
vt 0.891704 0.534285
vt 0.891704 0.567211
vt 0.869751 0.567216
vt 0.913451 0.936377
vt 0.913451 0.914423
vt 0.931602 0.914416
vt 0.931602 0.936370
vt 0.534452 0.925743
vt 0.512500 0.925738
vt 0.512500 0.892813
vt 0.534452 0.892818
vt 0.257103 0.928169
vt 0.257103 0.895238
vt 0.275394 0.895238
vt 0.275394 0.928169
vt 0.798591 0.883443
vt 0.798591 0.916373
vt 0.780299 0.916371
vt 0.780299 0.883440
vt 0.156501 0.990526
vt 0.156501 0.975890
vt 0.158314 0.975888
vt 0.158314 0.990524
vt 0.780299 0.922548
vt 0.794934 0.922545
vt 0.794934 0.948153
vt 0.780299 0.948156
vt 0.889023 0.528114
vt 0.889023 0.513478
vt 0.890838 0.513477
vt 0.890838 0.528113
vt 0.584637 0.950435
vt 0.570001 0.950432
vt 0.570001 0.924823
vt 0.584637 0.924827
vt 0.585916 0.982220
vt 0.585916 0.956606
vt 0.587745 0.956606
vt 0.587745 0.982220
vt 0.530243 0.959109
vt 0.530243 0.984722
vt 0.528414 0.984721
vt 0.528414 0.959109
s 0
usemtl CafeBaked_lvl3
f 1/1/1 2/2/1 4/3/1 3/4/1
f 3/5/2 4/6/2 8/7/2 7/8/2
f 7/9/3 8/10/3 6/11/3 5/12/3
f 5/13/4 6/14/4 2/15/4 1/16/4
f 3/17/5 7/18/5 5/19/5 1/20/5
f 8/21/6 4/22/6 2/23/6 6/24/6
f 9/25/1 10/26/1 12/27/1 11/28/1
f 11/29/2 12/30/2 16/31/2 15/32/2
f 15/33/3 16/34/3 14/35/3 13/36/3
f 13/37/4 14/38/4 10/39/4 9/40/4
f 11/41/5 15/42/5 13/43/5 9/44/5
f 16/45/6 12/46/6 10/47/6 14/48/6
f 17/49/1 18/50/1 20/51/1 19/52/1
f 19/53/2 20/54/2 24/55/2 23/56/2
f 23/57/3 24/58/3 22/59/3 21/60/3
f 21/61/4 22/62/4 18/63/4 17/64/4
f 19/65/5 23/66/5 21/67/5 17/68/5
f 24/69/6 20/70/6 18/71/6 22/72/6
f 25/73/1 26/74/1 28/75/1 27/76/1
f 27/77/2 28/78/2 32/79/2 31/80/2
f 31/81/3 32/82/3 30/83/3 29/84/3
f 29/85/4 30/86/4 26/87/4 25/88/4
f 27/89/5 31/90/5 29/91/5 25/92/5
f 32/93/6 28/94/6 26/95/6 30/96/6
f 33/97/1 34/98/1 36/99/1 35/100/1
f 35/101/2 36/102/2 40/103/2 39/104/2
f 39/105/3 40/106/3 38/107/3 37/108/3
f 37/109/4 38/110/4 34/111/4 33/112/4
f 35/113/5 39/114/5 37/115/5 33/116/5
f 40/117/6 36/118/6 34/119/6 38/120/6
f 41/121/1 42/122/1 44/123/1 43/124/1
f 43/125/2 44/126/2 48/127/2 47/128/2
f 47/129/3 48/130/3 46/131/3 45/132/3
f 45/133/4 46/134/4 42/135/4 41/136/4
f 43/137/5 47/138/5 45/139/5 41/140/5
f 48/141/6 44/142/6 42/143/6 46/144/6
f 49/145/1 50/146/1 52/147/1 51/148/1
f 51/149/2 52/150/2 56/151/2 55/152/2
f 55/153/3 56/154/3 54/155/3 53/156/3
f 53/157/4 54/158/4 50/159/4 49/160/4
f 51/161/5 55/162/5 53/163/5 49/164/5
f 56/165/6 52/166/6 50/167/6 54/168/6
f 57/169/1 58/170/1 60/171/1 59/172/1
f 59/173/2 60/174/2 64/175/2 63/176/2
f 63/177/3 64/178/3 62/179/3 61/180/3
f 61/181/4 62/182/4 58/183/4 57/184/4
f 59/185/5 63/186/5 61/187/5 57/188/5
f 64/189/6 60/190/6 58/191/6 62/192/6
s 1
f 65/193/7 66/194/8 68/195/9 67/196/10
f 67/197/10 68/198/9 70/199/11 69/200/12
f 69/200/12 70/199/11 72/201/13 71/202/14
f 71/202/14 72/201/13 74/203/15 73/204/16
f 73/205/16 74/206/15 76/207/17 75/208/18
f 75/208/18 76/207/17 78/209/19 77/210/20
f 77/211/20 78/212/19 80/213/21 79/214/22
f 79/214/22 80/213/21 82/215/23 81/216/24
f 68/217/9 66/218/8 84/219/25 82/220/23 80/221/21 78/222/19 76/223/17 74/224/15 72/225/13 70/226/11
f 81/216/24 82/215/23 84/227/25 83/228/26
f 83/229/26 84/230/25 66/194/8 65/193/7
f 65/231/7 67/232/10 69/233/12 71/234/14 73/235/16 75/236/18 77/237/20 79/238/22 81/239/24 83/240/26
f 85/241/7 86/242/8 88/243/9 87/244/10
f 87/245/10 88/246/9 90/247/11 89/248/12
f 89/248/12 90/247/11 92/249/13 91/250/14
f 91/250/14 92/249/13 94/251/15 93/252/16
f 93/253/16 94/254/15 96/255/17 95/256/18
f 95/256/18 96/255/17 98/257/19 97/258/20
f 97/259/20 98/260/19 100/261/21 99/262/22
f 99/262/22 100/261/21 102/263/23 101/264/24
f 88/265/9 86/266/8 104/267/25 102/268/23 100/269/21 98/270/19 96/271/17 94/272/15 92/273/13 90/274/11
f 101/264/24 102/263/23 104/275/25 103/276/26
f 103/277/26 104/278/25 86/242/8 85/241/7
f 85/279/7 87/280/10 89/281/12 91/282/14 93/283/16 95/284/18 97/285/20 99/286/22 101/287/24 103/288/26
f 105/289/7 106/290/8 108/291/9 107/292/10
f 107/293/10 108/294/9 110/295/11 109/296/12
f 109/296/12 110/295/11 112/297/13 111/298/14
f 111/298/14 112/297/13 114/299/15 113/300/16
f 113/301/16 114/302/15 116/303/17 115/304/18
f 115/304/18 116/303/17 118/305/19 117/306/20
f 117/307/20 118/308/19 120/309/21 119/310/22
f 119/310/22 120/309/21 122/311/23 121/312/24
f 108/313/9 106/314/8 124/315/25 122/316/23 120/317/21 118/318/19 116/319/17 114/320/15 112/321/13 110/322/11
f 121/312/24 122/311/23 124/323/25 123/324/26
f 123/325/26 124/326/25 106/290/8 105/289/7
f 105/327/7 107/328/10 109/329/12 111/330/14 113/331/16 115/332/18 117/333/20 119/334/22 121/335/24 123/336/26
f 125/337/7 126/338/8 128/339/9 127/340/10
f 127/341/10 128/342/9 130/343/11 129/344/12
f 129/344/12 130/343/11 132/345/13 131/346/14
f 131/346/14 132/345/13 134/347/15 133/348/16
f 133/349/16 134/350/15 136/351/17 135/352/18
f 135/352/18 136/351/17 138/353/19 137/354/20
f 137/355/20 138/356/19 140/357/21 139/358/22
f 139/358/22 140/357/21 142/359/23 141/360/24
f 128/361/9 126/362/8 144/363/25 142/364/23 140/365/21 138/366/19 136/367/17 134/368/15 132/369/13 130/370/11
f 141/360/24 142/359/23 144/371/25 143/372/26
f 143/373/26 144/374/25 126/338/8 125/337/7
f 125/375/7 127/376/10 129/377/12 131/378/14 133/379/16 135/380/18 137/381/20 139/382/22 141/383/24 143/384/26
f 145/385/7 146/386/8 148/387/9 147/388/10
f 147/389/10 148/390/9 150/391/11 149/392/12
f 149/392/12 150/391/11 152/393/13 151/394/14
f 151/394/14 152/393/13 154/395/15 153/396/16
f 153/397/16 154/398/15 156/399/17 155/400/18
f 155/400/18 156/399/17 158/401/19 157/402/20
f 157/403/20 158/404/19 160/405/21 159/406/22
f 159/406/22 160/405/21 162/407/23 161/408/24
f 148/409/9 146/410/8 164/411/25 162/412/23 160/413/21 158/414/19 156/415/17 154/416/15 152/417/13 150/418/11
f 161/408/24 162/407/23 164/419/25 163/420/26
f 163/421/26 164/422/25 146/386/8 145/385/7
f 145/423/7 147/424/10 149/425/12 151/426/14 153/427/16 155/428/18 157/429/20 159/430/22 161/431/24 163/432/26
f 165/433/7 166/434/8 168/435/9 167/436/10
f 167/437/10 168/438/9 170/439/11 169/440/12
f 169/440/12 170/439/11 172/441/13 171/442/14
f 171/442/14 172/441/13 174/443/15 173/444/16
f 173/445/16 174/446/15 176/447/17 175/448/18
f 175/448/18 176/447/17 178/449/19 177/450/20
f 177/451/20 178/452/19 180/453/21 179/454/22
f 179/454/22 180/453/21 182/455/23 181/456/24
f 168/457/9 166/458/8 184/459/25 182/460/23 180/461/21 178/462/19 176/463/17 174/464/15 172/465/13 170/466/11
f 181/456/24 182/455/23 184/467/25 183/468/26
f 183/469/26 184/470/25 166/434/8 165/433/7
f 165/471/7 167/472/10 169/473/12 171/474/14 173/475/16 175/476/18 177/477/20 179/478/22 181/479/24 183/480/26
f 185/481/7 186/482/8 188/483/9 187/484/10
f 187/485/10 188/486/9 190/487/11 189/488/12
f 189/488/12 190/487/11 192/489/13 191/490/14
f 191/490/14 192/489/13 194/491/15 193/492/16
f 193/493/16 194/494/15 196/495/17 195/496/18
f 195/496/18 196/495/17 198/497/19 197/498/20
f 197/499/20 198/500/19 200/501/21 199/502/22
f 199/502/22 200/501/21 202/503/23 201/504/24
f 188/505/9 186/506/8 204/507/25 202/508/23 200/509/21 198/510/19 196/511/17 194/512/15 192/513/13 190/514/11
f 201/504/24 202/503/23 204/515/25 203/516/26
f 203/517/26 204/518/25 186/482/8 185/481/7
f 185/519/7 187/520/10 189/521/12 191/522/14 193/523/16 195/524/18 197/525/20 199/526/22 201/527/24 203/528/26
f 205/529/7 206/530/8 208/531/9 207/532/10
f 207/533/10 208/534/9 210/535/11 209/536/12
f 209/536/12 210/535/11 212/537/13 211/538/14
f 211/538/14 212/537/13 214/539/15 213/540/16
f 213/541/16 214/542/15 216/543/17 215/544/18
f 215/544/18 216/543/17 218/545/19 217/546/20
f 217/547/20 218/548/19 220/549/21 219/550/22
f 219/550/22 220/549/21 222/551/23 221/552/24
f 208/553/9 206/554/8 224/555/25 222/556/23 220/557/21 218/558/19 216/559/17 214/560/15 212/561/13 210/562/11
f 221/552/24 222/551/23 224/563/25 223/564/26
f 223/565/26 224/566/25 206/530/8 205/529/7
f 205/567/7 207/568/10 209/569/12 211/570/14 213/571/16 215/572/18 217/573/20 219/574/22 221/575/24 223/576/26
f 225/577/7 226/578/8 228/579/9 227/580/10
f 227/581/10 228/582/9 230/583/11 229/584/12
f 229/584/12 230/583/11 232/585/13 231/586/14
f 231/586/14 232/585/13 234/587/15 233/588/16
f 233/589/16 234/590/15 236/591/17 235/592/18
f 235/592/18 236/591/17 238/593/19 237/594/20
f 237/595/20 238/596/19 240/597/21 239/598/22
f 239/598/22 240/597/21 242/599/23 241/600/24
f 228/601/9 226/602/8 244/603/25 242/604/23 240/605/21 238/606/19 236/607/17 234/608/15 232/609/13 230/610/11
f 241/600/24 242/599/23 244/611/25 243/612/26
f 243/613/26 244/614/25 226/578/8 225/577/7
f 225/615/7 227/616/10 229/617/12 231/618/14 233/619/16 235/620/18 237/621/20 239/622/22 241/623/24 243/624/26
f 245/625/7 246/626/8 248/627/9 247/628/10
f 247/629/10 248/630/9 250/631/11 249/632/12
f 249/632/12 250/631/11 252/633/13 251/634/14
f 251/634/14 252/633/13 254/635/15 253/636/16
f 253/637/16 254/638/15 256/639/17 255/640/18
f 255/640/18 256/639/17 258/641/19 257/642/20
f 257/643/20 258/644/19 260/645/21 259/646/22
f 259/646/22 260/645/21 262/647/23 261/648/24
f 248/649/9 246/650/8 264/651/25 262/652/23 260/653/21 258/654/19 256/655/17 254/656/15 252/657/13 250/658/11
f 261/648/24 262/647/23 264/659/25 263/660/26
f 263/661/26 264/662/25 246/626/8 245/625/7
f 245/663/7 247/664/10 249/665/12 251/666/14 253/667/16 255/668/18 257/669/20 259/670/22 261/671/24 263/672/26
f 265/673/7 266/674/8 268/675/9 267/676/10
f 267/677/10 268/678/9 270/679/11 269/680/12
f 269/680/12 270/679/11 272/681/13 271/682/14
f 271/682/14 272/681/13 274/683/15 273/684/16
f 273/685/16 274/686/15 276/687/17 275/688/18
f 275/688/18 276/687/17 278/689/19 277/690/20
f 277/691/20 278/692/19 280/693/21 279/694/22
f 279/694/22 280/693/21 282/695/23 281/696/24
f 268/697/9 266/698/8 284/699/25 282/700/23 280/701/21 278/702/19 276/703/17 274/704/15 272/705/13 270/706/11
f 281/696/24 282/695/23 284/707/25 283/708/26
f 283/709/26 284/710/25 266/674/8 265/673/7
f 265/711/7 267/712/10 269/713/12 271/714/14 273/715/16 275/716/18 277/717/20 279/718/22 281/719/24 283/720/26
f 285/721/7 286/722/8 288/723/9 287/724/10
f 287/725/10 288/726/9 290/727/11 289/728/12
f 289/728/12 290/727/11 292/729/13 291/730/14
f 291/730/14 292/729/13 294/731/15 293/732/16
f 293/733/16 294/734/15 296/735/17 295/736/18
f 295/736/18 296/735/17 298/737/19 297/738/20
f 297/739/20 298/740/19 300/741/21 299/742/22
f 299/742/22 300/741/21 302/743/23 301/744/24
f 288/745/9 286/746/8 304/747/25 302/748/23 300/749/21 298/750/19 296/751/17 294/752/15 292/753/13 290/754/11
f 301/744/24 302/743/23 304/755/25 303/756/26
f 303/757/26 304/758/25 286/722/8 285/721/7
f 285/759/7 287/760/10 289/761/12 291/762/14 293/763/16 295/764/18 297/765/20 299/766/22 301/767/24 303/768/26
f 305/769/7 306/770/8 308/771/9 307/772/10
f 307/773/10 308/774/9 310/775/11 309/776/12
f 309/776/12 310/775/11 312/777/13 311/778/14
f 311/778/14 312/777/13 314/779/15 313/780/16
f 313/781/16 314/782/15 316/783/17 315/784/18
f 315/784/18 316/783/17 318/785/19 317/786/20
f 317/787/20 318/788/19 320/789/21 319/790/22
f 319/790/22 320/789/21 322/791/23 321/792/24
f 308/793/9 306/794/8 324/795/25 322/796/23 320/797/21 318/798/19 316/799/17 314/800/15 312/801/13 310/802/11
f 321/792/24 322/791/23 324/803/25 323/804/26
f 323/805/26 324/806/25 306/770/8 305/769/7
f 305/807/7 307/808/10 309/809/12 311/810/14 313/811/16 315/812/18 317/813/20 319/814/22 321/815/24 323/816/26
f 325/817/7 326/818/8 328/819/9 327/820/10
f 327/821/10 328/822/9 330/823/11 329/824/12
f 329/824/12 330/823/11 332/825/13 331/826/14
f 331/826/14 332/825/13 334/827/15 333/828/16
f 333/829/16 334/830/15 336/831/17 335/832/18
f 335/832/18 336/831/17 338/833/19 337/834/20
f 337/835/20 338/836/19 340/837/21 339/838/22
f 339/838/22 340/837/21 342/839/23 341/840/24
f 328/841/9 326/842/8 344/843/25 342/844/23 340/845/21 338/846/19 336/847/17 334/848/15 332/849/13 330/850/11
f 341/840/24 342/839/23 344/851/25 343/852/26
f 343/853/26 344/854/25 326/818/8 325/817/7
f 325/855/7 327/856/10 329/857/12 331/858/14 333/859/16 335/860/18 337/861/20 339/862/22 341/863/24 343/864/26
f 345/865/7 346/866/8 348/867/9 347/868/10
f 347/869/10 348/870/9 350/871/11 349/872/12
f 349/872/12 350/871/11 352/873/13 351/874/14
f 351/874/14 352/873/13 354/875/15 353/876/16
f 353/877/16 354/878/15 356/879/17 355/880/18
f 355/880/18 356/879/17 358/881/19 357/882/20
f 357/883/20 358/884/19 360/885/21 359/886/22
f 359/886/22 360/885/21 362/887/23 361/888/24
f 348/889/9 346/890/8 364/891/25 362/892/23 360/893/21 358/894/19 356/895/17 354/896/15 352/897/13 350/898/11
f 361/888/24 362/887/23 364/899/25 363/900/26
f 363/901/26 364/902/25 346/866/8 345/865/7
f 345/903/7 347/904/10 349/905/12 351/906/14 353/907/16 355/908/18 357/909/20 359/910/22 361/911/24 363/912/26
f 365/913/7 366/914/8 368/915/9 367/916/10
f 367/917/10 368/918/9 370/919/11 369/920/12
f 369/920/12 370/919/11 372/921/13 371/922/14
f 371/922/14 372/921/13 374/923/15 373/924/16
f 373/925/16 374/926/15 376/927/17 375/928/18
f 375/928/18 376/927/17 378/929/19 377/930/20
f 377/931/20 378/932/19 380/933/21 379/934/22
f 379/934/22 380/933/21 382/935/23 381/936/24
f 368/937/9 366/938/8 384/939/25 382/940/23 380/941/21 378/942/19 376/943/17 374/944/15 372/945/13 370/946/11
f 381/936/24 382/935/23 384/947/25 383/948/26
f 383/949/26 384/950/25 366/914/8 365/913/7
f 365/951/7 367/952/10 369/953/12 371/954/14 373/955/16 375/956/18 377/957/20 379/958/22 381/959/24 383/960/26
f 385/961/7 386/962/8 388/963/9 387/964/10
f 387/965/10 388/966/9 390/967/11 389/968/12
f 389/968/12 390/967/11 392/969/13 391/970/14
f 391/970/14 392/969/13 394/971/15 393/972/16
f 393/973/16 394/974/15 396/975/17 395/976/18
f 395/976/18 396/975/17 398/977/19 397/978/20
f 397/979/20 398/980/19 400/981/21 399/982/22
f 399/982/22 400/981/21 402/983/23 401/984/24
f 388/985/9 386/986/8 404/987/25 402/988/23 400/989/21 398/990/19 396/991/17 394/992/15 392/993/13 390/994/11
f 401/984/24 402/983/23 404/995/25 403/996/26
f 403/997/26 404/998/25 386/962/8 385/961/7
f 385/999/7 387/1000/10 389/1001/12 391/1002/14 393/1003/16 395/1004/18 397/1005/20 399/1006/22 401/1007/24 403/1008/26
f 405/1009/7 406/1010/8 408/1011/9 407/1012/10
f 407/1013/10 408/1014/9 410/1015/11 409/1016/12
f 409/1016/12 410/1015/11 412/1017/13 411/1018/14
f 411/1018/14 412/1017/13 414/1019/15 413/1020/16
f 413/1021/16 414/1022/15 416/1023/17 415/1024/18
f 415/1024/18 416/1023/17 418/1025/19 417/1026/20
f 417/1027/20 418/1028/19 420/1029/21 419/1030/22
f 419/1030/22 420/1029/21 422/1031/23 421/1032/24
f 408/1033/9 406/1034/8 424/1035/25 422/1036/23 420/1037/21 418/1038/19 416/1039/17 414/1040/15 412/1041/13 410/1042/11
f 421/1032/24 422/1031/23 424/1043/25 423/1044/26
f 423/1045/26 424/1046/25 406/1010/8 405/1009/7
f 405/1047/7 407/1048/10 409/1049/12 411/1050/14 413/1051/16 415/1052/18 417/1053/20 419/1054/22 421/1055/24 423/1056/26
s 0
f 425/1057/1 426/1058/1 428/1059/1 427/1060/1
f 427/1061/2 428/1062/2 432/1063/2 431/1064/2
f 431/1065/3 432/1066/3 430/1067/3 429/1068/3
f 429/1069/4 430/1070/4 426/1071/4 425/1072/4
f 427/1073/5 431/1074/5 429/1075/5 425/1076/5
f 432/1077/6 428/1078/6 426/1079/6 430/1080/6
f 433/1081/1 434/1082/1 436/1083/1 435/1084/1
f 435/1085/2 436/1086/2 440/1087/2 439/1088/2
f 439/1089/3 440/1090/3 438/1091/3 437/1092/3
f 437/1093/4 438/1094/4 434/1095/4 433/1096/4
f 435/1097/5 439/1098/5 437/1099/5 433/1100/5
f 440/1101/6 436/1102/6 434/1103/6 438/1104/6
f 441/1105/1 442/1106/1 444/1107/1 443/1108/1
f 443/1109/2 444/1110/2 448/1111/2 447/1112/2
f 447/1113/3 448/1114/3 446/1115/3 445/1116/3
f 445/1117/4 446/1118/4 442/1119/4 441/1120/4
f 443/1121/5 447/1122/5 445/1123/5 441/1124/5
f 448/1125/6 444/1126/6 442/1127/6 446/1128/6
f 449/1129/1 450/1130/1 452/1131/1 451/1132/1
f 451/1133/2 452/1134/2 456/1135/2 455/1136/2
f 455/1137/3 456/1138/3 454/1139/3 453/1140/3
f 453/1141/4 454/1142/4 450/1143/4 449/1144/4
f 451/1145/5 455/1146/5 453/1147/5 449/1148/5
f 456/1149/6 452/1150/6 450/1151/6 454/1152/6
f 457/1153/1 458/1154/1 460/1155/1 459/1156/1
f 459/1157/2 460/1158/2 464/1159/2 463/1160/2
f 463/1161/3 464/1162/3 462/1163/3 461/1164/3
f 461/1165/4 462/1166/4 458/1167/4 457/1168/4
f 459/1169/5 463/1170/5 461/1171/5 457/1172/5
f 464/1173/6 460/1174/6 458/1175/6 462/1176/6
f 465/1177/1 466/1178/1 468/1179/1 467/1180/1
f 467/1181/2 468/1182/2 472/1183/2 471/1184/2
f 471/1185/3 472/1186/3 470/1187/3 469/1188/3
f 469/1189/4 470/1190/4 466/1191/4 465/1192/4
f 467/1193/5 471/1194/5 469/1195/5 465/1196/5
f 472/1197/6 468/1198/6 466/1199/6 470/1200/6
f 473/1201/1 474/1202/1 476/1203/1 475/1204/1
f 475/1205/2 476/1206/2 480/1207/2 479/1208/2
f 479/1209/3 480/1210/3 478/1211/3 477/1212/3
f 477/1213/4 478/1214/4 474/1215/4 473/1216/4
f 475/1217/5 479/1218/5 477/1219/5 473/1220/5
f 480/1221/6 476/1222/6 474/1223/6 478/1224/6
f 481/1225/1 482/1226/1 484/1227/1 483/1228/1
f 483/1229/2 484/1230/2 488/1231/2 487/1232/2
f 487/1233/3 488/1234/3 486/1235/3 485/1236/3
f 485/1237/4 486/1238/4 482/1239/4 481/1240/4
f 483/1241/5 487/1242/5 485/1243/5 481/1244/5
f 488/1245/6 484/1246/6 482/1247/6 486/1248/6
f 489/1249/1 490/1250/1 492/1251/1 491/1252/1
f 491/1253/2 492/1254/2 496/1255/2 495/1256/2
f 495/1257/3 496/1258/3 494/1259/3 493/1260/3
f 493/1261/4 494/1262/4 490/1263/4 489/1264/4
f 491/1265/5 495/1266/5 493/1267/5 489/1268/5
f 496/1269/6 492/1270/6 490/1271/6 494/1272/6
f 497/1273/1 498/1274/1 500/1275/1 499/1276/1
f 499/1277/2 500/1278/2 504/1279/2 503/1280/2
f 503/1281/3 504/1282/3 502/1283/3 501/1284/3
f 501/1285/4 502/1286/4 498/1287/4 497/1288/4
f 499/1289/5 503/1290/5 501/1291/5 497/1292/5
f 504/1293/6 500/1294/6 498/1295/6 502/1296/6
f 505/1297/1 506/1298/1 508/1299/1 507/1300/1
f 507/1301/2 508/1302/2 512/1303/2 511/1304/2
f 511/1305/3 512/1306/3 510/1307/3 509/1308/3
f 509/1309/4 510/1310/4 506/1311/4 505/1312/4
f 507/1313/5 511/1314/5 509/1315/5 505/1316/5
f 512/1317/6 508/1318/6 506/1319/6 510/1320/6
f 513/1321/1 514/1322/1 516/1323/1 515/1324/1
f 515/1325/27 516/1326/27 520/1327/27 519/1328/27
f 519/1329/3 520/1330/3 518/1331/3 517/1332/3
f 517/1333/28 518/1334/28 514/1335/28 513/1336/28
f 515/1337/29 519/1338/29 517/1339/29 513/1340/29
f 520/1341/30 516/1342/30 514/1343/30 518/1344/30
f 521/1345/1 522/1346/1 524/1347/1 523/1348/1
f 523/1349/27 524/1350/27 528/1351/27 527/1352/27
f 527/1353/3 528/1354/3 526/1355/3 525/1356/3
f 525/1357/28 526/1358/28 522/1359/28 521/1360/28
f 523/1361/29 527/1362/29 525/1363/29 521/1364/29
f 528/1365/30 524/1366/30 522/1367/30 526/1368/30
f 529/1369/1 530/1370/1 532/1371/1 531/1372/1
f 531/1373/27 532/1374/27 536/1375/27 535/1376/27
f 535/1377/3 536/1378/3 534/1379/3 533/1380/3
f 533/1381/28 534/1382/28 530/1383/28 529/1384/28
f 531/1385/29 535/1386/29 533/1387/29 529/1388/29
f 536/1389/30 532/1390/30 530/1391/30 534/1392/30
f 537/1393/1 538/1394/1 540/1395/1 539/1396/1
f 539/1397/27 540/1398/27 544/1399/27 543/1400/27
f 543/1401/3 544/1402/3 542/1403/3 541/1404/3
f 541/1405/28 542/1406/28 538/1407/28 537/1408/28
f 539/1409/29 543/1410/29 541/1411/29 537/1412/29
f 544/1413/30 540/1414/30 538/1415/30 542/1416/30
f 545/1417/1 546/1418/1 548/1419/1 547/1420/1
f 547/1421/27 548/1422/27 552/1423/27 551/1424/27
f 551/1425/3 552/1426/3 550/1427/3 549/1428/3
f 549/1429/28 550/1430/28 546/1431/28 545/1432/28
f 547/1433/29 551/1434/29 549/1435/29 545/1436/29
f 552/1437/30 548/1438/30 546/1439/30 550/1440/30
f 553/1441/1 554/1442/1 556/1443/1 555/1444/1
f 555/1445/27 556/1446/27 560/1447/27 559/1448/27
f 559/1449/3 560/1450/3 558/1451/3 557/1452/3
f 557/1453/28 558/1454/28 554/1455/28 553/1456/28
f 555/1457/29 559/1458/29 557/1459/29 553/1460/29
f 560/1461/30 556/1462/30 554/1463/30 558/1464/30
f 561/1465/1 562/1466/1 564/1467/1 563/1468/1
f 563/1469/27 564/1470/27 568/1471/27 567/1472/27
f 567/1473/3 568/1474/3 566/1475/3 565/1476/3
f 565/1477/28 566/1478/28 562/1479/28 561/1480/28
f 563/1481/29 567/1482/29 565/1483/29 561/1484/29
f 568/1485/30 564/1486/30 562/1487/30 566/1488/30
f 569/1489/1 570/1490/1 572/1491/1 571/1492/1
f 571/1493/2 572/1494/2 576/1495/2 575/1496/2
f 575/1497/3 576/1498/3 574/1499/3 573/1500/3
f 573/1501/4 574/1502/4 570/1503/4 569/1504/4
f 571/1505/5 575/1506/5 573/1507/5 569/1508/5
f 576/1509/6 572/1510/6 570/1511/6 574/1512/6
f 577/1513/1 578/1514/1 580/1515/1 579/1516/1
f 579/1517/2 580/1518/2 584/1519/2 583/1520/2
f 583/1521/3 584/1522/3 582/1523/3 581/1524/3
f 581/1525/4 582/1526/4 578/1527/4 577/1528/4
f 579/1529/5 583/1530/5 581/1531/5 577/1532/5
f 584/1533/6 580/1534/6 578/1535/6 582/1536/6
f 585/1537/1 586/1538/1 588/1539/1 587/1540/1
f 587/1541/2 588/1542/2 592/1543/2 591/1544/2
f 591/1545/3 592/1546/3 590/1547/3 589/1548/3
f 589/1549/4 590/1550/4 586/1551/4 585/1552/4
f 587/1553/5 591/1554/5 589/1555/5 585/1556/5
f 592/1557/6 588/1558/6 586/1559/6 590/1560/6
f 593/1561/1 594/1562/1 596/1563/1 595/1564/1
f 595/1565/2 596/1566/2 600/1567/2 599/1568/2
f 599/1569/3 600/1570/3 598/1571/3 597/1572/3
f 597/1573/4 598/1574/4 594/1575/4 593/1576/4
f 595/1577/5 599/1578/5 597/1579/5 593/1580/5
f 600/1581/6 596/1582/6 594/1583/6 598/1584/6
f 609/1585/4 601/1586/4 610/1587/4
f 601/1586/4 611/1588/4 610/1587/4
f 601/1586/4 612/1589/4 611/1588/4
f 609/1585/4 602/1590/4 601/1586/4
f 609/1585/4 605/1591/4 602/1590/4
f 605/1591/4 603/1592/4 602/1590/4
f 605/1591/4 604/1593/4 603/1592/4
f 609/1585/4 606/1594/4 605/1591/4
f 609/1585/4 607/1595/4 606/1594/4
f 609/1585/4 608/1596/4 607/1595/4
f 619/1597/4 613/1598/4 620/1599/4
f 613/1598/4 621/1600/4 620/1599/4
f 613/1598/4 622/1601/4 621/1600/4
f 619/1597/4 614/1602/4 613/1598/4
f 619/1597/4 617/1603/4 614/1602/4
f 617/1603/4 615/1604/4 614/1602/4
f 617/1603/4 616/1605/4 615/1604/4
f 619/1597/4 618/1606/4 617/1603/4
f 627/1607/4 629/1608/4 628/1609/4
f 627/1607/4 632/1610/4 629/1608/4
f 632/1610/4 630/1611/4 629/1608/4
f 627/1607/4 633/1612/4 632/1610/4
f 631/1613/4 630/1611/4 632/1610/4
f 627/1607/4 625/1614/4 633/1612/4
f 625/1614/4 631/1613/4 633/1612/4
f 625/1614/4 624/1615/4 631/1613/4
f 624/1615/4 630/1611/4 631/1613/4
f 627/1607/4 626/1616/4 625/1614/4
f 623/1617/4 630/1611/4 624/1615/4
f 717/1618/31 719/1619/31 718/1620/31
f 717/1618/32 720/1621/32 719/1619/32
f 717/1618/33 721/1622/33 720/1621/33
f 716/1623/4 721/1622/4 717/1618/4
f 716/1623/32 722/1624/32 721/1622/32
f 716/1623/33 723/1625/33 722/1624/33
f 716/1623/32 724/1626/32 723/1625/32
f 715/1627/4 724/1626/4 716/1623/4
f 715/1627/4 725/1628/4 724/1626/4
f 715/1627/4 726/1629/4 725/1628/4
f 715/1627/4 727/1630/4 726/1629/4
f 714/1631/4 727/1630/4 715/1627/4
f 714/1631/4 728/1632/4 727/1630/4
f 714/1631/4 729/1633/4 728/1632/4
f 714/1631/4 730/1634/4 729/1633/4
f 713/1635/4 730/1634/4 714/1631/4
f 713/1635/4 643/1636/4 730/1634/4
f 643/1636/4 642/1637/4 730/1634/4
f 642/1637/32 641/1638/32 730/1634/32
f 641/1638/4 640/1639/4 730/1634/4
f 640/1639/4 639/1640/4 730/1634/4
f 639/1640/4 638/1641/4 730/1634/4
f 638/1641/4 637/1642/4 730/1634/4
f 637/1642/4 636/1643/4 730/1634/4
f 636/1643/4 635/1644/4 730/1634/4
f 635/1644/4 634/1645/4 730/1634/4
f 634/1645/4 731/1646/4 730/1634/4
f 712/1647/4 645/1648/4 713/1635/4
f 645/1648/4 644/1649/4 713/1635/4
f 644/1649/4 643/1636/4 713/1635/4
f 712/1647/34 646/1650/34 645/1648/34
f 712/1647/4 647/1651/4 646/1650/4
f 712/1647/4 648/1652/4 647/1651/4
f 711/1653/4 648/1652/4 712/1647/4
f 711/1653/4 649/1654/4 648/1652/4
f 711/1653/4 650/1655/4 649/1654/4
f 710/1656/4 650/1655/4 711/1653/4
f 710/1656/4 651/1657/4 650/1655/4
f 710/1656/4 652/1658/4 651/1657/4
f 709/1659/4 652/1658/4 710/1656/4
f 709/1659/4 653/1660/4 652/1658/4
f 708/1661/4 653/1660/4 709/1659/4
f 708/1661/4 654/1662/4 653/1660/4
f 708/1661/4 655/1663/4 654/1662/4
f 707/1664/4 655/1663/4 708/1661/4
f 707/1664/4 656/1665/4 655/1663/4
f 706/1666/4 656/1665/4 707/1664/4
f 706/1666/4 657/1667/4 656/1665/4
f 706/1666/4 658/1668/4 657/1667/4
f 705/1669/4 658/1668/4 706/1666/4
f 705/1669/4 659/1670/4 658/1668/4
f 704/1671/4 659/1670/4 705/1669/4
f 704/1671/4 660/1672/4 659/1670/4
f 703/1673/4 660/1672/4 704/1671/4
f 703/1673/4 661/1674/4 660/1672/4
f 702/1675/4 661/1674/4 703/1673/4
f 702/1675/4 662/1676/4 661/1674/4
f 701/1677/4 662/1676/4 702/1675/4
f 701/1677/4 663/1678/4 662/1676/4
f 680/1679/4 682/1680/4 681/1681/4
f 701/1677/4 664/1682/4 663/1678/4
f 679/1683/4 682/1680/4 680/1679/4
f 700/1684/4 664/1682/4 701/1677/4
f 678/1685/4 682/1680/4 679/1683/4
f 700/1684/4 665/1686/4 664/1682/4
f 677/1687/4 682/1680/4 678/1685/4
f 676/1688/4 682/1680/4 677/1687/4
f 700/1684/4 666/1689/4 665/1686/4
f 675/1690/4 682/1680/4 676/1688/4
f 699/1691/4 666/1689/4 700/1684/4
f 674/1692/4 682/1680/4 675/1690/4
f 699/1691/4 667/1693/4 666/1689/4
f 673/1694/33 682/1680/33 674/1692/33
f 672/1695/32 682/1680/32 673/1694/32
f 699/1691/4 668/1696/4 667/1693/4
f 671/1697/4 682/1680/4 672/1695/4
f 670/1698/4 682/1680/4 671/1697/4
f 699/1691/33 669/1699/33 668/1696/33
f 669/1699/32 682/1680/32 670/1698/32
f 699/1691/4 682/1680/4 669/1699/4
f 698/1700/4 682/1680/4 699/1691/4
f 698/1700/4 683/1701/4 682/1680/4
f 697/1702/4 683/1701/4 698/1700/4
f 697/1702/4 684/1703/4 683/1701/4
f 697/1702/4 685/1704/4 684/1703/4
f 697/1702/4 686/1705/4 685/1704/4
f 696/1706/4 686/1705/4 697/1702/4
f 696/1706/4 687/1707/4 686/1705/4
f 696/1706/4 688/1708/4 687/1707/4
f 696/1706/4 689/1709/4 688/1708/4
f 695/1710/4 689/1709/4 696/1706/4
f 695/1710/4 690/1711/4 689/1709/4
f 695/1710/32 691/1712/32 690/1711/32
f 695/1710/4 692/1713/4 691/1712/4
f 694/1714/4 692/1713/4 695/1710/4
f 694/1714/4 693/1715/4 692/1713/4
f 740/1716/2 741/1717/2 732/1718/2
f 732/1718/2 741/1717/2 742/1719/2
f 732/1718/2 742/1719/2 743/1720/2
f 740/1716/2 732/1718/2 733/1721/2
f 740/1716/2 733/1721/2 736/1722/2
f 736/1722/2 733/1721/2 734/1723/2
f 736/1722/2 734/1723/2 735/1724/2
f 740/1716/2 736/1722/2 737/1725/2
f 740/1716/2 737/1725/2 738/1726/2
f 740/1716/2 738/1726/2 739/1727/2
f 750/1728/2 751/1729/2 744/1730/2
f 744/1730/2 751/1729/2 752/1731/2
f 744/1730/2 752/1731/2 753/1732/2
f 750/1728/2 744/1730/2 745/1733/2
f 750/1728/2 745/1733/2 748/1734/2
f 748/1734/2 745/1733/2 746/1735/2
f 748/1734/2 746/1735/2 747/1736/2
f 750/1728/2 748/1734/2 749/1737/2
f 758/1738/2 759/1739/2 760/1740/2
f 758/1738/2 760/1740/2 763/1741/2
f 763/1741/2 760/1740/2 761/1742/2
f 758/1738/2 763/1741/2 764/1743/2
f 762/1744/2 763/1741/2 761/1742/2
f 758/1738/2 764/1743/2 756/1745/2
f 756/1745/2 764/1743/2 762/1744/2
f 756/1745/2 762/1744/2 755/1746/2
f 755/1746/2 762/1744/2 761/1742/2
f 758/1738/2 756/1745/2 757/1747/2
f 754/1748/2 755/1746/2 761/1742/2
f 848/1749/35 849/1750/35 850/1751/35
f 848/1749/36 850/1751/36 851/1752/36
f 848/1749/2 851/1752/2 852/1753/2
f 847/1754/36 848/1749/36 852/1753/36
f 847/1754/37 852/1753/37 853/1755/37
f 847/1754/2 853/1755/2 854/1756/2
f 847/1754/2 854/1756/2 855/1757/2
f 846/1758/2 847/1754/2 855/1757/2
f 846/1758/2 855/1757/2 856/1759/2
f 846/1758/2 856/1759/2 857/1760/2
f 846/1758/2 857/1760/2 858/1761/2
f 845/1762/2 846/1758/2 858/1761/2
f 845/1762/2 858/1761/2 859/1763/2
f 845/1762/2 859/1763/2 860/1764/2
f 845/1762/2 860/1764/2 861/1765/2
f 844/1766/2 845/1762/2 861/1765/2
f 844/1766/2 861/1765/2 774/1767/2
f 774/1767/2 861/1765/2 773/1768/2
f 773/1768/2 861/1765/2 772/1769/2
f 772/1769/2 861/1765/2 771/1770/2
f 771/1770/2 861/1765/2 770/1771/2
f 770/1771/2 861/1765/2 769/1772/2
f 769/1772/2 861/1765/2 768/1773/2
f 768/1773/2 861/1765/2 767/1774/2
f 767/1774/2 861/1765/2 766/1775/2
f 766/1775/2 861/1765/2 765/1776/2
f 765/1776/2 861/1765/2 862/1777/2
f 843/1778/2 844/1766/2 776/1779/2
f 776/1779/2 844/1766/2 775/1780/2
f 775/1780/2 844/1766/2 774/1767/2
f 843/1778/38 776/1779/38 777/1781/38
f 843/1778/36 777/1781/36 778/1782/36
f 843/1778/2 778/1782/2 779/1783/2
f 842/1784/2 843/1778/2 779/1783/2
f 842/1784/2 779/1783/2 780/1785/2
f 842/1784/2 780/1785/2 781/1786/2
f 841/1787/2 842/1784/2 781/1786/2
f 841/1787/2 781/1786/2 782/1788/2
f 841/1787/2 782/1788/2 783/1789/2
f 840/1790/2 841/1787/2 783/1789/2
f 840/1790/2 783/1789/2 784/1791/2
f 839/1792/2 840/1790/2 784/1791/2
f 839/1792/2 784/1791/2 785/1793/2
f 839/1792/2 785/1793/2 786/1794/2
f 838/1795/2 839/1792/2 786/1794/2
f 838/1795/2 786/1794/2 787/1796/2
f 837/1797/2 838/1795/2 787/1796/2
f 837/1797/2 787/1796/2 788/1798/2
f 837/1797/2 788/1798/2 789/1799/2
f 836/1800/2 837/1797/2 789/1799/2
f 836/1800/2 789/1799/2 790/1801/2
f 835/1802/2 836/1800/2 790/1801/2
f 835/1802/2 790/1801/2 791/1803/2
f 834/1804/2 835/1802/2 791/1803/2
f 834/1804/2 791/1803/2 792/1805/2
f 833/1806/2 834/1804/2 792/1805/2
f 833/1806/2 792/1805/2 793/1807/2
f 832/1808/2 833/1806/2 793/1807/2
f 832/1808/2 793/1807/2 794/1809/2
f 811/1810/2 812/1811/2 813/1812/2
f 832/1808/2 794/1809/2 795/1813/2
f 810/1814/2 811/1810/2 813/1812/2
f 831/1815/2 832/1808/2 795/1813/2
f 809/1816/2 810/1814/2 813/1812/2
f 831/1815/2 795/1813/2 796/1817/2
f 808/1818/2 809/1816/2 813/1812/2
f 807/1819/2 808/1818/2 813/1812/2
f 831/1815/2 796/1817/2 797/1820/2
f 806/1821/2 807/1819/2 813/1812/2
f 830/1822/2 831/1815/2 797/1820/2
f 805/1823/2 806/1821/2 813/1812/2
f 830/1822/2 797/1820/2 798/1824/2
f 804/1825/2 805/1823/2 813/1812/2
f 803/1826/2 804/1825/2 813/1812/2
f 830/1822/2 798/1824/2 799/1827/2
f 802/1828/2 803/1826/2 813/1812/2
f 801/1829/2 802/1828/2 813/1812/2
f 830/1822/2 799/1827/2 800/1830/2
f 800/1830/2 801/1829/2 813/1812/2
f 830/1822/2 800/1830/2 813/1812/2
f 829/1831/2 830/1822/2 813/1812/2
f 829/1831/2 813/1812/2 814/1832/2
f 828/1833/2 829/1831/2 814/1832/2
f 828/1833/2 814/1832/2 815/1834/2
f 828/1833/2 815/1834/2 816/1835/2
f 828/1833/2 816/1835/2 817/1836/2
f 827/1837/2 828/1833/2 817/1836/2
f 827/1837/2 817/1836/2 818/1838/2
f 827/1837/2 818/1838/2 819/1839/2
f 827/1837/35 819/1839/35 820/1840/35
f 826/1841/2 827/1837/2 820/1840/2
f 826/1841/2 820/1840/2 821/1842/2
f 826/1841/35 821/1842/35 822/1843/35
f 826/1841/36 822/1843/36 823/1844/36
f 825/1845/2 826/1841/2 823/1844/2
f 825/1845/2 823/1844/2 824/1846/2
s 1
f 864/1847/39 866/1848/40 865/1849/40 863/1850/39
f 866/1848/40 868/1851/41 867/1852/41 865/1849/40
f 868/1851/41 870/1853/42 869/1854/42 867/1852/41
f 870/1853/42 872/1855/43 871/1856/43 869/1854/42
f 872/1855/43 874/1857/44 873/1858/44 871/1856/43
f 874/1857/44 876/1859/45 875/1860/45 873/1858/44
f 876/1859/45 878/1861/46 877/1862/46 875/1860/45
f 878/1861/46 880/1863/47 879/1864/47 877/1862/46
f 880/1863/47 882/1865/48 881/1866/48 879/1864/47
f 882/1865/48 884/1867/49 883/1868/49 881/1866/48
f 884/1867/49 886/1869/50 885/1870/50 883/1868/49
f 886/1869/50 888/1871/51 887/1872/51 885/1870/50
f 888/1871/51 890/1873/52 889/1874/52 887/1872/51
f 890/1873/52 892/1875/53 891/1876/53 889/1874/52
f 892/1875/53 894/1877/54 893/1878/54 891/1876/53
f 894/1877/54 896/1879/55 895/1880/55 893/1878/54
f 896/1879/55 898/1881/56 897/1882/56 895/1880/55
f 898/1883/56 900/1884/57 899/1885/57 897/1886/56
f 900/1884/57 902/1887/58 901/1888/58 899/1885/57
f 902/1887/58 904/1889/59 903/1890/59 901/1888/58
f 904/1889/59 906/1891/60 905/1892/60 903/1890/59
f 906/1891/60 908/1893/61 907/1894/61 905/1892/60
f 908/1893/61 910/1895/62 909/1896/62 907/1894/61
f 910/1895/62 912/1897/63 911/1898/63 909/1896/62
f 912/1897/63 914/1899/64 913/1900/64 911/1898/63
f 914/1899/64 916/1901/65 915/1902/65 913/1900/64
f 916/1901/65 918/1903/66 917/1904/66 915/1902/65
f 918/1903/66 920/1905/67 919/1906/67 917/1904/66
f 920/1905/67 922/1907/68 921/1908/68 919/1906/67
f 922/1909/68 924/1910/69 923/1911/69 921/1912/68
f 924/1910/69 926/1913/70 925/1914/70 923/1911/69
f 926/1913/70 928/1915/71 927/1916/71 925/1914/70
f 928/1915/71 930/1917/72 929/1918/72 927/1916/71
f 930/1917/72 932/1919/73 931/1920/73 929/1918/72
f 932/1919/73 934/1921/74 933/1922/74 931/1920/73
f 934/1921/74 936/1923/75 935/1924/75 933/1922/74
f 936/1923/75 938/1925/76 937/1926/76 935/1924/75
f 938/1925/76 940/1927/77 939/1928/77 937/1926/76
f 940/1927/77 942/1929/78 941/1930/78 939/1928/77
f 942/1929/78 944/1931/79 943/1932/79 941/1930/78
f 944/1931/79 946/1933/80 945/1934/80 943/1932/79
f 946/1933/80 948/1935/81 947/1936/81 945/1934/80
f 948/1935/81 950/1937/82 949/1938/82 947/1936/81
f 950/1937/82 952/1939/83 951/1940/83 949/1938/82
f 952/1939/83 954/1941/84 953/1942/84 951/1940/83
f 954/1941/84 956/1943/85 955/1944/85 953/1942/84
f 956/1943/85 958/1945/86 957/1946/86 955/1944/85
f 958/1947/86 960/1948/87 959/1949/87 957/1950/86
f 960/1951/87 962/1952/88 961/1953/88 959/1954/87
f 962/1952/88 964/1955/89 963/1956/89 961/1953/88
f 964/1955/89 966/1957/90 965/1958/90 963/1956/89
f 966/1957/90 968/1959/91 967/1960/91 965/1958/90
f 968/1959/91 970/1961/92 969/1962/92 967/1960/91
f 970/1961/92 972/1963/93 971/1964/93 969/1962/92
f 972/1963/93 974/1965/94 973/1966/94 971/1964/93
f 974/1965/94 976/1967/95 975/1968/95 973/1966/94
f 976/1967/95 978/1969/96 977/1970/96 975/1968/95
f 978/1969/96 980/1971/97 979/1972/97 977/1970/96
f 980/1971/97 982/1973/98 981/1974/98 979/1972/97
f 982/1973/98 984/1975/99 983/1976/99 981/1974/98
f 984/1975/99 986/1977/100 985/1978/100 983/1976/99
f 986/1977/100 988/1979/101 987/1980/101 985/1978/100
f 988/1979/101 990/1981/102 989/1982/102 987/1980/101
f 990/1981/102 992/1983/103 991/1984/103 989/1982/102
f 992/1983/103 994/1985/104 993/1986/104 991/1984/103
f 994/1985/104 996/1987/105 995/1988/105 993/1986/104
f 996/1989/105 998/1990/106 997/1991/106 995/1992/105
f 998/1990/106 1000/1993/107 999/1994/107 997/1991/106
f 1000/1993/107 1002/1995/108 1001/1996/108 999/1994/107
f 1002/1995/108 1004/1997/109 1003/1998/109 1001/1996/108
f 1004/1997/109 1006/1999/110 1005/2000/110 1003/1998/109
f 1006/1999/110 1008/2001/111 1007/2002/111 1005/2000/110
f 1008/2001/111 1010/2003/112 1009/2004/112 1007/2002/111
f 1010/2003/112 1012/2005/113 1011/2006/113 1009/2004/112
f 1012/2005/113 1014/2007/114 1013/2008/114 1011/2006/113
f 1014/2007/114 1016/2009/115 1015/2010/115 1013/2008/114
f 1016/2009/115 1018/2011/116 1017/2012/116 1015/2010/115
f 1018/2011/116 1020/2013/117 1019/2014/117 1017/2012/116
f 1020/2015/117 1022/2016/118 1021/2017/118 1019/2018/117
f 1022/2016/118 1024/2019/119 1023/2020/119 1021/2017/118
f 1024/2019/119 1026/2021/120 1025/2022/120 1023/2020/119
f 1026/2021/120 1028/2023/121 1027/2024/121 1025/2022/120
f 1028/2023/121 1030/2025/122 1029/2026/122 1027/2024/121
f 1030/2025/122 1032/2027/123 1031/2028/123 1029/2026/122
f 1032/2027/123 1034/2029/124 1033/2030/124 1031/2028/123
f 1034/2029/124 1036/2031/125 1035/2032/125 1033/2030/124
f 1036/2031/125 1038/2033/126 1037/2034/126 1035/2032/125
f 1038/2033/126 1040/2035/127 1039/2036/127 1037/2034/126
f 1040/2035/127 1042/2037/128 1041/2038/128 1039/2036/127
f 1042/2037/128 1044/2039/129 1043/2040/129 1041/2038/128
f 1044/2039/129 1046/2041/130 1045/2042/130 1043/2040/129
f 1046/2041/130 1048/2043/131 1047/2044/131 1045/2042/130
f 1048/2043/131 1050/2045/132 1049/2046/132 1047/2044/131
f 1050/2045/132 1052/2047/133 1051/2048/133 1049/2046/132
f 1052/2047/133 1054/2049/134 1053/2050/134 1051/2048/133
f 1054/2049/134 1056/2051/135 1055/2052/135 1053/2050/134
f 1056/2053/135 1058/2054/136 1057/2055/136 1055/2056/135
f 1058/2057/136 864/1847/39 863/1850/39 1057/2058/136
f 1060/2059/137 1062/2060/137 1061/2061/137 1059/2062/137
f 1062/2063/137 1064/2064/138 1063/2065/138 1061/2066/137
f 1064/2067/138 1066/2068/138 1065/2069/138 1063/2070/138
f 1066/2071/138 1068/2072/139 1067/2073/139 1065/2074/138
f 1068/2075/139 1070/2076/140 1069/2077/140 1067/2078/139
f 1070/2079/140 1072/2080/141 1071/2081/141 1069/2082/140
f 1072/2083/141 1074/2084/142 1073/2085/142 1071/2086/141
f 1074/2087/142 1060/2088/137 1059/2089/137 1073/2090/142
f 1076/2091/143 1078/2092/144 1077/2093/144 1075/2094/143
f 1078/2095/144 1080/2096/145 1079/2097/145 1077/2098/144
f 1080/2099/145 1076/2100/143 1075/2101/143 1079/2102/145
f 1082/2103/146 1084/2104/147 1083/2105/147 1081/2106/146
f 1084/2107/147 1086/2108/147 1085/2109/147 1083/2110/147
f 1086/2111/147 1088/2112/146 1087/2113/146 1085/2114/147
f 1088/2115/146 1090/2116/146 1089/2117/146 1087/2118/146
f 1090/2119/146 1092/2120/146 1091/2121/146 1089/2122/146
f 1092/2123/146 1094/2124/148 1093/2125/148 1091/2126/146
f 1094/2127/148 1096/2128/149 1095/2129/149 1093/2130/148
f 1096/2131/149 1098/2132/147 1097/2133/147 1095/2134/149
f 1098/2135/147 1100/2136/146 1099/2137/146 1097/2138/147
f 1100/2139/146 1082/2140/146 1081/2141/146 1099/2142/146
f 1102/2143/146 1104/2144/147 1103/2145/147 1101/2146/146
f 1104/2147/147 1106/2148/147 1105/2149/147 1103/2150/147
f 1106/2151/147 1108/2152/146 1107/2153/146 1105/2154/147
f 1108/2155/146 1110/2156/146 1109/2157/146 1107/2158/146
f 1110/2159/146 1112/2160/147 1111/2161/147 1109/2162/146
f 1112/2163/147 1114/2164/147 1113/2165/147 1111/2166/147
f 1114/2167/147 1116/2168/146 1115/2169/146 1113/2170/147
f 1116/2171/146 1118/2172/148 1117/2173/148 1115/2174/146
f 1118/2175/148 1120/2176/149 1119/2177/149 1117/2178/148
f 1120/2179/149 1122/2180/147 1121/2181/147 1119/2182/149
f 1122/2183/147 1124/2184/146 1123/2185/146 1121/2186/147
f 1124/2187/146 1102/2188/146 1101/2189/146 1123/2190/146
f 1125/2191/150 1126/2192/151 1128/2193/152 1127/2194/153
f 1127/2194/153 1128/2193/152 1130/2195/154 1129/2196/155
f 1129/2197/155 1130/2198/154 1132/2199/156 1131/2200/157
f 1131/2200/157 1132/2199/156 1134/2201/158 1133/2202/159
f 1133/2202/159 1134/2201/158 1136/2203/160 1135/2204/161
f 1135/2204/161 1136/2203/160 1138/2205/162 1137/2206/163
f 1137/2207/163 1138/2208/162 1140/2209/164 1139/2210/165
f 1139/2210/165 1140/2209/164 1142/2211/166 1141/2212/167
f 1141/2212/167 1142/2211/166 1144/2213/168 1143/2214/169
f 1143/2214/169 1144/2213/168 1146/2215/170 1145/2216/171
f 1145/2217/171 1146/2218/170 1148/2219/172 1147/2220/173
f 1147/2220/173 1148/2219/172 1150/2221/174 1149/2222/175
f 1149/2222/175 1150/2221/174 1152/2223/176 1151/2224/177
f 1151/2224/177 1152/2223/176 1154/2225/178 1153/2226/179
f 1128/2227/152 1126/2228/151 1156/2229/180 1154/2230/178 1152/2231/176 1150/2232/174 1148/2233/172 1146/2234/170 1144/2235/168 1142/2236/166 1140/2237/164 1138/2238/162 1136/2239/160 1134/2240/158 1132/2241/156 1130/2242/154
f 1153/2243/179 1154/2244/178 1156/2245/180 1155/2246/181
f 1155/2246/181 1156/2245/180 1126/2192/151 1125/2191/150
f 1125/2247/150 1127/2248/153 1129/2249/155 1131/2250/157 1133/2251/159 1135/2252/161 1137/2253/163 1139/2254/165 1141/2255/167 1143/2256/169 1145/2257/171 1147/2258/173 1149/2259/175 1151/2260/177 1153/2261/179 1155/2262/181
f 1157/2263/3 1165/2264/182 1166/2265/183 1158/2266/184
f 1158/2267/184 1166/2268/183 1167/2269/185 1159/2270/186
f 1159/2270/186 1167/2269/185 1168/2271/187 1160/2272/188
f 1160/2273/188 1168/2274/187 1169/2275/189 1161/2276/1
f 1161/2276/1 1169/2275/189 1170/2277/190 1162/2278/191
f 1162/2279/191 1170/2280/190 1171/2281/192 1163/2282/193
f 1163/2282/193 1171/2281/192 1172/2283/194 1164/2284/195
f 1164/2285/195 1172/2286/194 1165/2264/182 1157/2263/3
f 1165/2264/182 1173/2287/196 1174/2288/197 1166/2265/183
f 1166/2268/183 1174/2289/197 1175/2290/198 1167/2269/185
f 1167/2269/185 1175/2290/198 1176/2291/199 1168/2271/187
f 1168/2274/187 1176/2292/199 1177/2293/200 1169/2275/189
f 1169/2275/189 1177/2293/200 1178/2294/201 1170/2277/190
f 1170/2280/190 1178/2295/201 1179/2296/202 1171/2281/192
f 1171/2281/192 1179/2296/202 1180/2297/203 1172/2283/194
f 1172/2286/194 1180/2298/203 1173/2287/196 1165/2264/182
f 1173/2299/196 1181/2300/204 1182/2301/205 1174/2302/197
f 1174/2289/197 1182/2303/205 1183/2304/206 1175/2290/198
f 1175/2290/198 1183/2304/206 1184/2305/207 1176/2291/199
f 1176/2306/199 1184/2307/207 1185/2308/208 1177/2309/200
f 1177/2309/200 1185/2308/208 1186/2310/209 1178/2311/201
f 1178/2295/201 1186/2312/209 1187/2313/210 1179/2296/202
f 1179/2296/202 1187/2313/210 1188/2314/211 1180/2297/203
f 1180/2315/203 1188/2316/211 1181/2300/204 1173/2299/196
f 1181/2300/204 1189/2317/212 1190/2318/213 1182/2301/205
f 1182/2303/205 1190/2319/213 1191/2320/214 1183/2304/206
f 1183/2304/206 1191/2320/214 1192/2321/215 1184/2305/207
f 1184/2307/207 1192/2322/215 1193/2323/216 1185/2308/208
f 1185/2308/208 1193/2323/216 1194/2324/217 1186/2310/209
f 1186/2312/209 1194/2325/217 1195/2326/218 1187/2313/210
f 1187/2313/210 1195/2326/218 1196/2327/219 1188/2314/211
f 1188/2316/211 1196/2328/219 1189/2317/212 1181/2300/204
f 1189/2317/212 1197/2329/220 1198/2330/221 1190/2318/213
f 1190/2319/213 1198/2331/221 1199/2332/222 1191/2320/214
f 1191/2320/214 1199/2332/222 1200/2333/223 1192/2321/215
f 1192/2322/215 1200/2334/223 1201/2335/224 1193/2323/216
f 1193/2323/216 1201/2335/224 1202/2336/225 1194/2324/217
f 1194/2325/217 1202/2337/225 1203/2338/226 1195/2326/218
f 1195/2326/218 1203/2338/226 1204/2339/227 1196/2327/219
f 1196/2328/219 1204/2340/227 1197/2329/220 1189/2317/212
f 1197/2329/220 1205/2341/228 1206/2342/229 1198/2330/221
f 1198/2331/221 1206/2343/229 1207/2344/230 1199/2332/222
f 1199/2332/222 1207/2344/230 1208/2345/231 1200/2333/223
f 1200/2334/223 1208/2346/231 1209/2347/232 1201/2335/224
f 1201/2335/224 1209/2347/232 1210/2348/233 1202/2336/225
f 1202/2337/225 1210/2349/233 1211/2350/234 1203/2338/226
f 1203/2338/226 1211/2350/234 1212/2351/235 1204/2339/227
f 1204/2340/227 1212/2352/235 1205/2341/228 1197/2329/220
f 1205/2341/228 1213/2353/236 1214/2354/237 1206/2342/229
f 1206/2343/229 1214/2355/237 1215/2356/238 1207/2344/230
f 1207/2344/230 1215/2356/238 1216/2357/239 1208/2345/231
f 1208/2346/231 1216/2358/239 1217/2359/240 1209/2347/232
f 1209/2347/232 1217/2359/240 1218/2360/241 1210/2348/233
f 1210/2349/233 1218/2361/241 1219/2362/242 1211/2350/234
f 1211/2350/234 1219/2362/242 1220/2363/243 1212/2351/235
f 1212/2352/235 1220/2364/243 1213/2353/236 1205/2341/228
f 1213/2365/236 1221/2366/244 1222/2367/245 1214/2368/237
f 1214/2355/237 1222/2369/245 1223/2370/246 1215/2356/238
f 1215/2356/238 1223/2370/246 1224/2371/247 1216/2357/239
f 1216/2372/239 1224/2373/247 1225/2374/248 1217/2375/240
f 1217/2375/240 1225/2374/248 1226/2376/249 1218/2377/241
f 1218/2361/241 1226/2378/249 1227/2379/250 1219/2362/242
f 1219/2362/242 1227/2379/250 1228/2380/251 1220/2363/243
f 1220/2381/243 1228/2382/251 1221/2366/244 1213/2365/236
f 1221/2366/244 1229/2383/1 1230/2384/252 1222/2367/245
f 1222/2369/245 1230/2385/252 1231/2386/253 1223/2370/246
f 1223/2370/246 1231/2386/253 1232/2387/254 1224/2371/247
f 1224/2373/247 1232/2388/254 1233/2389/3 1225/2374/248
f 1225/2374/248 1233/2389/3 1234/2390/255 1226/2376/249
f 1226/2378/249 1234/2391/255 1235/2392/256 1227/2379/250
f 1227/2379/250 1235/2392/256 1236/2393/257 1228/2380/251
f 1228/2382/251 1236/2394/257 1229/2383/1 1221/2366/244
f 1229/2383/1 1237/2395/189 1238/2396/258 1230/2384/252
f 1230/2385/252 1238/2397/258 1239/2398/259 1231/2386/253
f 1231/2386/253 1239/2398/259 1240/2399/260 1232/2387/254
f 1232/2388/254 1240/2400/260 1241/2401/182 1233/2389/3
f 1233/2389/3 1241/2401/182 1242/2402/261 1234/2390/255
f 1234/2391/255 1242/2403/261 1243/2404/262 1235/2392/256
f 1235/2392/256 1243/2404/262 1244/2405/263 1236/2393/257
f 1236/2394/257 1244/2406/263 1237/2395/189 1229/2383/1
f 1237/2395/189 1245/2407/200 1246/2408/264 1238/2396/258
f 1238/2397/258 1246/2409/264 1247/2410/265 1239/2398/259
f 1239/2398/259 1247/2410/265 1248/2411/266 1240/2399/260
f 1240/2400/260 1248/2412/266 1249/2413/196 1241/2401/182
f 1241/2401/182 1249/2413/196 1250/2414/267 1242/2402/261
f 1242/2403/261 1250/2415/267 1251/2416/268 1243/2404/262
f 1243/2404/262 1251/2416/268 1252/2417/269 1244/2405/263
f 1244/2406/263 1252/2418/269 1245/2407/200 1237/2395/189
f 1245/2419/200 1253/2420/208 1254/2421/270 1246/2422/264
f 1246/2409/264 1254/2423/270 1255/2424/271 1247/2410/265
f 1247/2410/265 1255/2424/271 1256/2425/272 1248/2411/266
f 1248/2426/266 1256/2427/272 1257/2428/204 1249/2429/196
f 1249/2429/196 1257/2428/204 1258/2430/273 1250/2431/267
f 1250/2415/267 1258/2432/273 1259/2433/274 1251/2416/268
f 1251/2416/268 1259/2433/274 1260/2434/275 1252/2417/269
f 1252/2435/269 1260/2436/275 1253/2420/208 1245/2419/200
f 1253/2420/208 1261/2437/216 1262/2438/276 1254/2421/270
f 1254/2423/270 1262/2439/276 1263/2440/277 1255/2424/271
f 1255/2424/271 1263/2440/277 1264/2441/278 1256/2425/272
f 1256/2427/272 1264/2442/278 1265/2443/279 1257/2428/204
f 1257/2428/204 1265/2443/279 1266/2444/280 1258/2430/273
f 1258/2432/273 1266/2445/280 1267/2446/281 1259/2433/274
f 1259/2433/274 1267/2446/281 1268/2447/282 1260/2434/275
f 1260/2436/275 1268/2448/282 1261/2437/216 1253/2420/208
f 1261/2437/216 1269/2449/224 1270/2450/283 1262/2438/276
f 1262/2439/276 1270/2451/283 1271/2452/284 1263/2440/277
f 1263/2440/277 1271/2452/284 1272/2453/285 1264/2441/278
f 1264/2442/278 1272/2454/285 1273/2455/220 1265/2443/279
f 1265/2443/279 1273/2455/220 1274/2456/286 1266/2444/280
f 1266/2445/280 1274/2457/286 1275/2458/287 1267/2446/281
f 1267/2446/281 1275/2458/287 1276/2459/288 1268/2447/282
f 1268/2448/282 1276/2460/288 1269/2449/224 1261/2437/216
f 1269/2449/224 1277/2461/232 1278/2462/289 1270/2450/283
f 1270/2451/283 1278/2463/289 1279/2464/290 1271/2452/284
f 1271/2452/284 1279/2464/290 1280/2465/291 1272/2453/285
f 1272/2454/285 1280/2466/291 1281/2467/228 1273/2455/220
f 1273/2455/220 1281/2467/228 1282/2468/292 1274/2456/286
f 1274/2457/286 1282/2469/292 1283/2470/293 1275/2458/287
f 1275/2458/287 1283/2470/293 1284/2471/294 1276/2459/288
f 1276/2460/288 1284/2472/294 1277/2461/232 1269/2449/224
f 1277/2461/232 1285/2473/240 1286/2474/295 1278/2462/289
f 1278/2463/289 1286/2475/295 1287/2476/296 1279/2464/290
f 1279/2464/290 1287/2476/296 1288/2477/297 1280/2465/291
f 1280/2466/291 1288/2478/297 1289/2479/236 1281/2467/228
f 1281/2467/228 1289/2479/236 1290/2480/298 1282/2468/292
f 1282/2469/292 1290/2481/298 1291/2482/299 1283/2470/293
f 1283/2470/293 1291/2482/299 1292/2483/300 1284/2471/294
f 1284/2472/294 1292/2484/300 1285/2473/240 1277/2461/232
f 1285/2485/240 1293/2486/248 1294/2487/301 1286/2488/295
f 1286/2475/295 1294/2489/301 1295/2490/302 1287/2476/296
f 1287/2476/296 1295/2490/302 1296/2491/303 1288/2477/297
f 1288/2492/297 1296/2493/303 1297/2494/244 1289/2495/236
f 1289/2495/236 1297/2494/244 1298/2496/304 1290/2497/298
f 1290/2481/298 1298/2498/304 1299/2499/305 1291/2482/299
f 1291/2482/299 1299/2499/305 1300/2500/306 1292/2483/300
f 1292/2501/300 1300/2502/306 1293/2486/248 1285/2485/240
f 1293/2486/248 1157/2263/3 1158/2266/184 1294/2487/301
f 1294/2489/301 1158/2267/184 1159/2270/186 1295/2490/302
f 1295/2490/302 1159/2270/186 1160/2272/188 1296/2491/303
f 1296/2493/303 1160/2273/188 1161/2276/1 1297/2494/244
f 1297/2494/244 1161/2276/1 1162/2278/191 1298/2496/304
f 1298/2498/304 1162/2279/191 1163/2282/193 1299/2499/305
f 1299/2499/305 1163/2282/193 1164/2284/195 1300/2500/306
f 1300/2502/306 1164/2285/195 1157/2263/3 1293/2486/248
f 1301/2503/150 1302/2504/151 1304/2505/152 1303/2506/153
f 1303/2506/153 1304/2505/152 1306/2507/154 1305/2508/155
f 1305/2509/155 1306/2510/154 1308/2511/156 1307/2512/157
f 1307/2512/157 1308/2511/156 1310/2513/158 1309/2514/159
f 1309/2514/159 1310/2513/158 1312/2515/160 1311/2516/161
f 1311/2516/161 1312/2515/160 1314/2517/162 1313/2518/163
f 1313/2519/163 1314/2520/162 1316/2521/164 1315/2522/165
f 1315/2522/165 1316/2521/164 1318/2523/166 1317/2524/167
f 1317/2524/167 1318/2523/166 1320/2525/168 1319/2526/169
f 1319/2526/169 1320/2525/168 1322/2527/170 1321/2528/171
f 1321/2529/171 1322/2530/170 1324/2531/172 1323/2532/173
f 1323/2532/173 1324/2531/172 1326/2533/174 1325/2534/175
f 1325/2534/175 1326/2533/174 1328/2535/176 1327/2536/177
f 1327/2536/177 1328/2535/176 1330/2537/178 1329/2538/179
f 1304/2539/152 1302/2540/151 1332/2541/180 1330/2542/178 1328/2543/176 1326/2544/174 1324/2545/172 1322/2546/170 1320/2547/168 1318/2548/166 1316/2549/164 1314/2550/162 1312/2551/160 1310/2552/158 1308/2553/156 1306/2554/154
f 1329/2555/179 1330/2556/178 1332/2557/180 1331/2558/181
f 1331/2558/181 1332/2557/180 1302/2504/151 1301/2503/150
f 1301/2559/150 1303/2560/153 1305/2561/155 1307/2562/157 1309/2563/159 1311/2564/161 1313/2565/163 1315/2566/165 1317/2567/167 1319/2568/169 1321/2569/171 1323/2570/173 1325/2571/175 1327/2572/177 1329/2573/179 1331/2574/181
s 0
f 1333/2575/1 1334/2576/1 1336/2577/1 1335/2578/1
f 1335/2579/2 1336/2580/2 1340/2581/2 1339/2582/2
f 1339/2583/3 1340/2584/3 1338/2585/3 1337/2586/3
f 1337/2587/4 1338/2588/4 1334/2589/4 1333/2590/4
f 1335/2591/5 1339/2592/5 1337/2593/5 1333/2594/5
f 1340/2595/6 1336/2596/6 1334/2597/6 1338/2598/6
f 1341/2599/1 1342/2600/1 1344/2601/1 1343/2602/1
f 1343/2603/2 1344/2604/2 1348/2605/2 1347/2606/2
f 1347/2607/3 1348/2608/3 1346/2609/3 1345/2610/3
f 1345/2611/4 1346/2612/4 1342/2613/4 1341/2614/4
f 1343/2615/5 1347/2616/5 1345/2617/5 1341/2618/5
f 1348/2619/6 1344/2620/6 1342/2621/6 1346/2622/6
f 1349/2623/1 1350/2624/1 1352/2625/1 1351/2626/1
f 1351/2627/2 1352/2628/2 1356/2629/2 1355/2630/2
f 1355/2631/3 1356/2632/3 1354/2633/3 1353/2634/3
f 1353/2635/4 1354/2636/4 1350/2637/4 1349/2638/4
f 1351/2639/5 1355/2640/5 1353/2641/5 1349/2642/5
f 1356/2643/6 1352/2644/6 1350/2645/6 1354/2646/6
f 1357/2647/1 1358/2648/1 1360/2649/1 1359/2650/1
f 1359/2651/2 1360/2652/2 1364/2653/2 1363/2654/2
f 1363/2655/3 1364/2656/3 1362/2657/3 1361/2658/3
f 1361/2659/4 1362/2660/4 1358/2661/4 1357/2662/4
f 1359/2663/5 1363/2664/5 1361/2665/5 1357/2666/5
f 1364/2667/6 1360/2668/6 1358/2669/6 1362/2670/6
f 1365/2671/1 1366/2672/1 1368/2673/1 1367/2674/1
f 1367/2675/2 1368/2676/2 1372/2677/2 1371/2678/2
f 1371/2679/3 1372/2680/3 1370/2681/3 1369/2682/3
f 1369/2683/4 1370/2684/4 1366/2685/4 1365/2686/4
f 1367/2687/5 1371/2688/5 1369/2689/5 1365/2690/5
f 1372/2691/6 1368/2692/6 1366/2693/6 1370/2694/6
f 1373/2695/1 1374/2696/1 1376/2697/1 1375/2698/1
f 1375/2699/2 1376/2700/2 1380/2701/2 1379/2702/2
f 1379/2703/3 1380/2704/3 1378/2705/3 1377/2706/3
f 1377/2707/4 1378/2708/4 1374/2709/4 1373/2710/4
f 1375/2711/5 1379/2712/5 1377/2713/5 1373/2714/5
f 1380/2715/6 1376/2716/6 1374/2717/6 1378/2718/6
f 1381/2719/1 1382/2720/1 1384/2721/1 1383/2722/1
f 1383/2723/2 1384/2724/2 1388/2725/2 1387/2726/2
f 1387/2727/3 1388/2728/3 1386/2729/3 1385/2730/3
f 1385/2731/4 1386/2732/4 1382/2733/4 1381/2734/4
f 1383/2735/5 1387/2736/5 1385/2737/5 1381/2738/5
f 1388/2739/6 1384/2740/6 1382/2741/6 1386/2742/6
f 1389/2743/1 1390/2744/1 1392/2745/1 1391/2746/1
f 1391/2747/2 1392/2748/2 1396/2749/2 1395/2750/2
f 1395/2751/3 1396/2752/3 1394/2753/3 1393/2754/3
f 1393/2755/4 1394/2756/4 1390/2757/4 1389/2758/4
f 1391/2759/5 1395/2760/5 1393/2761/5 1389/2762/5
f 1396/2763/6 1392/2764/6 1390/2765/6 1394/2766/6
f 1397/2767/1 1398/2768/1 1400/2769/1 1399/2770/1
f 1399/2771/2 1400/2772/2 1404/2773/2 1403/2774/2
f 1403/2775/3 1404/2776/3 1402/2777/3 1401/2778/3
f 1401/2779/4 1402/2780/4 1398/2781/4 1397/2782/4
f 1399/2783/5 1403/2784/5 1401/2785/5 1397/2786/5
f 1404/2787/6 1400/2788/6 1398/2789/6 1402/2790/6
f 1405/2791/1 1406/2792/1 1408/2793/1 1407/2794/1
f 1407/2795/2 1408/2796/2 1412/2797/2 1411/2798/2
f 1411/2799/3 1412/2800/3 1410/2801/3 1409/2802/3
f 1409/2803/4 1410/2804/4 1406/2805/4 1405/2806/4
f 1407/2807/5 1411/2808/5 1409/2809/5 1405/2810/5
f 1412/2811/6 1408/2812/6 1406/2813/6 1410/2814/6
f 1413/2815/1 1414/2816/1 1416/2817/1 1415/2818/1
f 1415/2819/2 1416/2820/2 1420/2821/2 1419/2822/2
f 1419/2823/3 1420/2824/3 1418/2825/3 1417/2826/3
f 1417/2827/4 1418/2828/4 1414/2829/4 1413/2830/4
f 1415/2831/5 1419/2832/5 1417/2833/5 1413/2834/5
f 1420/2835/6 1416/2836/6 1414/2837/6 1418/2838/6
f 1421/2839/1 1422/2840/1 1424/2841/1 1423/2842/1
f 1423/2843/2 1424/2844/2 1428/2845/2 1427/2846/2
f 1427/2847/3 1428/2848/3 1426/2849/3 1425/2850/3
f 1425/2851/4 1426/2852/4 1422/2853/4 1421/2854/4
f 1423/2855/5 1427/2856/5 1425/2857/5 1421/2858/5
f 1428/2859/6 1424/2860/6 1422/2861/6 1426/2862/6
s 1
f 1429/2863/307 1430/2864/308 1432/2865/309 1431/2866/310
f 1431/2866/310 1432/2865/309 1434/2867/311 1433/2868/312
f 1433/2869/312 1434/2870/311 1436/2871/313 1435/2872/314
f 1435/2872/314 1436/2871/313 1438/2873/315 1437/2874/316
f 1437/2874/316 1438/2873/315 1440/2875/317 1439/2876/318
f 1439/2877/318 1440/2878/317 1442/2879/319 1441/2880/320
f 1441/2880/320 1442/2879/319 1444/2881/321 1443/2882/322
f 1443/2882/322 1444/2881/321 1446/2883/323 1445/2884/324
f 1445/2885/324 1446/2886/323 1448/2887/325 1447/2888/326
f 1447/2888/326 1448/2887/325 1450/2889/327 1449/2890/328
f 1432/2891/309 1430/2892/308 1452/2893/329 1450/2894/327 1448/2895/325 1446/2896/323 1444/2897/321 1442/2898/319 1440/2899/317 1438/2900/315 1436/2901/313 1434/2902/311
f 1449/2890/328 1450/2889/327 1452/2903/329 1451/2904/330
f 1451/2905/330 1452/2906/329 1430/2864/308 1429/2863/307
f 1429/2907/307 1431/2908/310 1433/2909/312 1435/2910/314 1437/2911/316 1439/2912/318 1441/2913/320 1443/2914/322 1445/2915/324 1447/2916/326 1449/2917/328 1451/2918/330
f 1453/2919/307 1454/2920/308 1456/2921/309 1455/2922/310
f 1455/2922/310 1456/2921/309 1458/2923/311 1457/2924/312
f 1457/2925/312 1458/2926/311 1460/2927/313 1459/2928/314
f 1459/2928/314 1460/2927/313 1462/2929/315 1461/2930/316
f 1461/2930/316 1462/2929/315 1464/2931/317 1463/2932/318
f 1463/2933/318 1464/2934/317 1466/2935/319 1465/2936/320
f 1465/2936/320 1466/2935/319 1468/2937/321 1467/2938/322
f 1467/2938/322 1468/2937/321 1470/2939/323 1469/2940/324
f 1469/2941/324 1470/2942/323 1472/2943/325 1471/2944/326
f 1471/2944/326 1472/2943/325 1474/2945/327 1473/2946/328
f 1456/2947/309 1454/2948/308 1476/2949/329 1474/2950/327 1472/2951/325 1470/2952/323 1468/2953/321 1466/2954/319 1464/2955/317 1462/2956/315 1460/2957/313 1458/2958/311
f 1473/2946/328 1474/2945/327 1476/2959/329 1475/2960/330
f 1475/2961/330 1476/2962/329 1454/2920/308 1453/2919/307
f 1453/2963/307 1455/2964/310 1457/2965/312 1459/2966/314 1461/2967/316 1463/2968/318 1465/2969/320 1467/2970/322 1469/2971/324 1471/2972/326 1473/2973/328 1475/2974/330
s 0
f 1477/2975/1 1478/2976/1 1480/2977/1 1479/2978/1
f 1479/2979/2 1480/2980/2 1484/2981/2 1483/2982/2
f 1483/2983/3 1484/2984/3 1482/2985/3 1481/2986/3
f 1481/2987/4 1482/2988/4 1478/2989/4 1477/2990/4
f 1479/2991/5 1483/2992/5 1481/2993/5 1477/2994/5
f 1484/2995/6 1480/2996/6 1478/2997/6 1482/2998/6
s 1
f 1487/2999/331 1558/3000/332 1492/3001/333 1493/3002/334
f 1486/3003/335 1485/3004/336 1490/3005/337 1491/3006/338
f 1557/3007/339 1556/3008/340 1488/3009/341 1489/3010/342
f 1530/3011/5 1487/2999/331 1493/3002/334
f 1558/3012/332 1486/3003/335 1491/3006/338 1492/3013/333
f 1485/3004/336 1557/3014/339 1489/3015/342 1490/3005/337
f 1556/3008/340 1537/3016/6 1488/3009/341
f 1490/3005/337 1489/3015/342 1495/3017/343 1496/3018/344
f 1488/3009/341 1537/3016/6 1494/3019/345
f 1493/3002/334 1492/3001/333 1498/3020/346 1499/3021/347
f 1491/3006/338 1490/3005/337 1496/3018/344 1497/3022/348
f 1489/3010/342 1488/3009/341 1494/3019/345 1495/3023/343
f 1530/3011/5 1493/3002/334 1499/3021/347
f 1492/3013/333 1491/3006/338 1497/3022/348 1498/3024/346
f 1499/3021/347 1498/3020/346 1504/3025/349 1505/3026/350
f 1497/3027/348 1496/3028/344 1502/3029/351 1503/3030/352
f 1495/3023/343 1494/3019/345 1500/3031/353 1501/3032/354
f 1530/3011/5 1499/3021/347 1505/3026/350
f 1498/3033/346 1497/3027/348 1503/3030/352 1504/3034/349
f 1496/3028/344 1495/3035/343 1501/3036/354 1502/3029/351
f 1494/3019/345 1537/3016/6 1500/3031/353
f 1505/3026/350 1504/3025/349 1510/3037/355 1511/3038/356
f 1503/3030/352 1502/3029/351 1508/3039/357 1509/3040/358
f 1501/3032/354 1500/3031/353 1506/3041/359 1507/3042/360
f 1530/3011/5 1505/3026/350 1511/3038/356
f 1504/3034/349 1503/3030/352 1509/3040/358 1510/3043/355
f 1502/3029/351 1501/3036/354 1507/3044/360 1508/3039/357
f 1500/3031/353 1537/3016/6 1506/3041/359
f 1507/3042/360 1506/3041/359 1512/3045/361 1513/3046/362
f 1530/3011/5 1511/3038/356 1517/3047/363
f 1510/3043/355 1509/3040/358 1515/3048/364 1516/3049/365
f 1508/3039/357 1507/3044/360 1513/3050/362 1514/3051/366
f 1506/3041/359 1537/3016/6 1512/3045/361
f 1511/3038/356 1510/3037/355 1516/3052/365 1517/3047/363
f 1509/3040/358 1508/3039/357 1514/3051/366 1515/3048/364
f 1530/3011/5 1517/3047/363 1523/3053/367
f 1516/3054/365 1515/3055/364 1521/3056/368 1522/3057/369
f 1514/3058/366 1513/3059/362 1519/3060/370 1520/3061/371
f 1512/3045/361 1537/3016/6 1518/3062/372
f 1517/3047/363 1516/3052/365 1522/3063/369 1523/3053/367
f 1515/3055/364 1514/3058/366 1520/3061/371 1521/3056/368
f 1513/3046/362 1512/3045/361 1518/3062/372 1519/3064/370
f 1522/3057/369 1521/3056/368 1527/3065/373 1528/3066/374
f 1520/3061/371 1519/3060/370 1525/3067/375 1526/3068/376
f 1518/3062/372 1537/3016/6 1524/3069/377
f 1523/3053/367 1522/3063/369 1528/3070/374 1529/3071/378
f 1521/3056/368 1520/3061/371 1526/3068/376 1527/3065/373
f 1519/3064/370 1518/3062/372 1524/3069/377 1525/3072/375
f 1530/3011/5 1523/3053/367 1529/3071/378
f 1524/3069/377 1537/3016/6 1531/3073/379
f 1529/3071/378 1528/3070/374 1535/3074/380 1536/3075/381
f 1527/3065/373 1526/3068/376 1533/3076/382 1534/3077/383
f 1525/3072/375 1524/3069/377 1531/3073/379 1532/3078/384
f 1530/3011/5 1529/3071/378 1536/3075/381
f 1528/3066/374 1527/3065/373 1534/3077/383 1535/3079/380
f 1526/3068/376 1525/3067/375 1532/3080/384 1533/3076/382
f 1536/3075/381 1535/3074/380 1542/3081/385 1543/3082/386
f 1534/3083/383 1533/3084/382 1540/3085/387 1541/3086/388
f 1532/3078/384 1531/3073/379 1538/3087/389 1539/3088/390
f 1530/3011/5 1536/3075/381 1543/3082/386
f 1535/3089/380 1534/3083/383 1541/3086/388 1542/3090/385
f 1533/3084/382 1532/3091/384 1539/3092/390 1540/3085/387
f 1531/3073/379 1537/3016/6 1538/3087/389
f 1541/3086/388 1540/3085/387 1546/3093/391 1547/3094/392
f 1539/3088/390 1538/3087/389 1544/3095/393 1545/3096/394
f 1530/3011/5 1543/3082/386 1549/3097/395
f 1542/3090/385 1541/3086/388 1547/3094/392 1548/3098/396
f 1540/3085/387 1539/3092/390 1545/3099/394 1546/3093/391
f 1538/3087/389 1537/3016/6 1544/3095/393
f 1543/3082/386 1542/3081/385 1548/3100/396 1549/3097/395
f 1530/3011/5 1549/3097/395 1555/3101/397
f 1548/3098/396 1547/3094/392 1553/3102/398 1554/3103/399
f 1546/3093/391 1545/3099/394 1551/3104/400 1552/3105/401
f 1544/3095/393 1537/3016/6 1550/3106/402
f 1549/3097/395 1548/3100/396 1554/3107/399 1555/3101/397
f 1547/3094/392 1546/3093/391 1552/3105/401 1553/3102/398
f 1545/3096/394 1544/3095/393 1550/3106/402 1551/3108/400
f 1530/3011/5 1555/3101/397 1487/2999/331
f 1554/3109/399 1553/3110/398 1486/3003/335 1558/3012/332
f 1552/3111/401 1551/3112/400 1557/3014/339 1485/3004/336
f 1550/3106/402 1537/3016/6 1556/3008/340
f 1555/3101/397 1554/3107/399 1558/3000/332 1487/2999/331
f 1553/3110/398 1552/3111/401 1485/3004/336 1486/3003/335
f 1551/3108/400 1550/3106/402 1556/3008/340 1557/3007/339
s 0
f 1559/3113/1 1560/3114/1 1562/3115/1 1561/3116/1
f 1561/3117/2 1562/3118/2 1566/3119/2 1565/3120/2
f 1565/3121/3 1566/3122/3 1564/3123/3 1563/3124/3
f 1563/3125/4 1564/3126/4 1560/3127/4 1559/3128/4
f 1561/3129/5 1565/3130/5 1563/3131/5 1559/3132/5
f 1566/3133/6 1562/3134/6 1560/3135/6 1564/3136/6
s 1
f 1568/3137/335 1567/3138/336 1572/3139/337 1573/3140/338
f 1639/3141/339 1638/3142/340 1570/3143/341 1571/3144/342
f 1612/3145/5 1569/3146/331 1575/3147/334
f 1640/3148/332 1568/3137/335 1573/3140/338 1574/3149/333
f 1567/3138/336 1639/3150/339 1571/3151/342 1572/3139/337
f 1638/3142/340 1619/3152/6 1570/3143/341
f 1569/3146/331 1640/3153/332 1574/3154/333 1575/3147/334
f 1575/3147/334 1574/3154/333 1580/3155/346 1581/3156/347
f 1573/3140/338 1572/3139/337 1578/3157/344 1579/3158/348
f 1571/3144/342 1570/3143/341 1576/3159/345 1577/3160/343
f 1612/3145/5 1575/3147/334 1581/3156/347
f 1574/3149/333 1573/3140/338 1579/3158/348 1580/3161/346
f 1572/3139/337 1571/3151/342 1577/3162/343 1578/3157/344
f 1570/3143/341 1619/3152/6 1576/3159/345
f 1579/3163/348 1578/3164/344 1584/3165/351 1585/3166/352
f 1577/3160/343 1576/3159/345 1582/3167/353 1583/3168/354
f 1612/3145/5 1581/3156/347 1587/3169/350
f 1580/3170/346 1579/3163/348 1585/3166/352 1586/3171/349
f 1578/3164/344 1577/3172/343 1583/3173/354 1584/3165/351
f 1576/3159/345 1619/3152/6 1582/3167/353
f 1581/3156/347 1580/3155/346 1586/3174/349 1587/3169/350
f 1612/3145/5 1587/3169/350 1593/3175/356
f 1586/3171/349 1585/3166/352 1591/3176/358 1592/3177/355
f 1584/3165/351 1583/3173/354 1589/3178/360 1590/3179/357
f 1582/3167/353 1619/3152/6 1588/3180/359
f 1587/3169/350 1586/3174/349 1592/3181/355 1593/3175/356
f 1585/3166/352 1584/3165/351 1590/3179/357 1591/3176/358
f 1583/3168/354 1582/3167/353 1588/3180/359 1589/3182/360
f 1612/3145/5 1593/3175/356 1599/3183/363
f 1592/3177/355 1591/3176/358 1597/3184/364 1598/3185/365
f 1590/3179/357 1589/3178/360 1595/3186/362 1596/3187/366
f 1588/3180/359 1619/3152/6 1594/3188/361
f 1593/3175/356 1592/3181/355 1598/3189/365 1599/3183/363
f 1591/3176/358 1590/3179/357 1596/3187/366 1597/3184/364
f 1589/3182/360 1588/3180/359 1594/3188/361 1595/3190/362
f 1596/3191/366 1595/3192/362 1601/3193/370 1602/3194/371
f 1594/3188/361 1619/3152/6 1600/3195/372
f 1599/3183/363 1598/3189/365 1604/3196/369 1605/3197/367
f 1597/3198/364 1596/3191/366 1602/3194/371 1603/3199/368
f 1595/3190/362 1594/3188/361 1600/3195/372 1601/3200/370
f 1612/3145/5 1599/3183/363 1605/3197/367
f 1598/3201/365 1597/3198/364 1603/3199/368 1604/3202/369
f 1605/3197/367 1604/3196/369 1610/3203/374 1611/3204/378
f 1603/3199/368 1602/3194/371 1608/3205/376 1609/3206/373
f 1601/3200/370 1600/3195/372 1606/3207/377 1607/3208/375
f 1612/3145/5 1605/3197/367 1611/3204/378
f 1604/3202/369 1603/3199/368 1609/3206/373 1610/3209/374
f 1602/3194/371 1601/3193/370 1607/3210/375 1608/3205/376
f 1600/3195/372 1619/3152/6 1606/3207/377
f 1611/3204/378 1610/3203/374 1617/3211/380 1618/3212/381
f 1609/3206/373 1608/3205/376 1615/3213/382 1616/3214/383
f 1607/3208/375 1606/3207/377 1613/3215/379 1614/3216/384
f 1612/3145/5 1611/3204/378 1618/3212/381
f 1610/3209/374 1609/3206/373 1616/3214/383 1617/3217/380
f 1608/3205/376 1607/3210/375 1614/3218/384 1615/3213/382
f 1606/3207/377 1619/3152/6 1613/3215/379
f 1614/3216/384 1613/3215/379 1620/3219/389 1621/3220/390
f 1612/3145/5 1618/3212/381 1625/3221/386
f 1617/3222/380 1616/3223/383 1623/3224/388 1624/3225/385
f 1615/3226/382 1614/3227/384 1621/3228/390 1622/3229/387
f 1613/3215/379 1619/3152/6 1620/3219/389
f 1618/3212/381 1617/3211/380 1624/3230/385 1625/3221/386
f 1616/3223/383 1615/3226/382 1622/3229/387 1623/3224/388
f 1612/3145/5 1625/3221/386 1631/3231/395
f 1624/3225/385 1623/3224/388 1629/3232/392 1630/3233/396
f 1622/3229/387 1621/3228/390 1627/3234/394 1628/3235/391
f 1620/3219/389 1619/3152/6 1626/3236/393
f 1625/3221/386 1624/3230/385 1630/3237/396 1631/3231/395
f 1623/3224/388 1622/3229/387 1628/3235/391 1629/3232/392
f 1621/3220/390 1620/3219/389 1626/3236/393 1627/3238/394
f 1630/3233/396 1629/3232/392 1635/3239/398 1636/3240/399
f 1628/3235/391 1627/3234/394 1633/3241/400 1634/3242/401
f 1626/3236/393 1619/3152/6 1632/3243/402
f 1631/3231/395 1630/3237/396 1636/3244/399 1637/3245/397
f 1629/3232/392 1628/3235/391 1634/3242/401 1635/3239/398
f 1627/3238/394 1626/3236/393 1632/3243/402 1633/3246/400
f 1612/3145/5 1631/3231/395 1637/3245/397
f 1632/3243/402 1619/3152/6 1638/3142/340
f 1637/3245/397 1636/3244/399 1640/3153/332 1569/3146/331
f 1635/3247/398 1634/3248/401 1567/3138/336 1568/3137/335
f 1633/3246/400 1632/3243/402 1638/3142/340 1639/3141/339
f 1612/3145/5 1637/3245/397 1569/3146/331
f 1636/3249/399 1635/3247/398 1568/3137/335 1640/3148/332
f 1634/3248/401 1633/3250/400 1639/3150/339 1567/3138/336
s 0
f 1641/3251/1 1642/3252/1 1644/3253/1 1643/3254/1
f 1643/3255/2 1644/3256/2 1648/3257/2 1647/3258/2
f 1647/3259/3 1648/3260/3 1646/3261/3 1645/3262/3
f 1645/3263/4 1646/3264/4 1642/3265/4 1641/3266/4
f 1643/3267/5 1647/3268/5 1645/3269/5 1641/3270/5
f 1648/3271/6 1644/3272/6 1642/3273/6 1646/3274/6
f 1649/3275/1 1650/3276/1 1652/3277/1 1651/3278/1
f 1651/3279/2 1652/3280/2 1656/3281/2 1655/3282/2
f 1655/3283/3 1656/3284/3 1654/3285/3 1653/3286/3
f 1653/3287/4 1654/3288/4 1650/3289/4 1649/3290/4
f 1651/3291/5 1655/3292/5 1653/3293/5 1649/3294/5
f 1656/3295/6 1652/3296/6 1650/3297/6 1654/3298/6
