# Blender 4.5.9 LTS
# www.blender.org
mtllib palm_b.mtl
o PalmB
v -2.361600 10.074336 1.211593
v -2.242282 10.196426 1.434935
v -2.146596 10.074336 1.269203
v -2.093495 9.897909 1.177228
v -2.093495 9.702091 1.177228
v -2.146596 9.525664 1.269203
v -2.242282 9.403574 1.434935
v -2.154935 10.196426 1.522282
v -1.989203 10.074336 1.426596
v -1.897228 9.897909 1.373495
v -1.897228 9.702091 1.373495
v -1.989203 9.525664 1.426596
v -2.154935 9.403574 1.522282
v -2.122964 10.196426 1.641600
v -1.931593 10.074336 1.641600
v -1.825390 9.897909 1.641600
v -1.825390 9.702091 1.641600
v -1.931593 9.525664 1.641600
v -2.122964 9.403574 1.641600
v -2.154935 10.196426 1.760918
v -1.989203 10.074336 1.856604
v -1.897228 9.897909 1.909705
v -1.897228 9.702091 1.909705
v -1.989203 9.525664 1.856604
v -2.154935 9.403574 1.760918
v -2.242282 10.196426 1.848265
v -2.146596 10.074336 2.013997
v -2.093495 9.897909 2.105972
v -2.093495 9.702091 2.105972
v -2.146596 9.525664 2.013997
v -2.242282 9.403574 1.848265
v -2.361600 10.196426 1.880236
v -2.361600 10.074336 2.071607
v -2.361600 9.897909 2.177810
v -2.361600 9.702091 2.177810
v -2.361600 9.525664 2.071607
v -2.361600 9.403574 1.880236
v -2.480918 10.196426 1.848265
v -2.576604 10.074336 2.013997
v -2.629705 9.897909 2.105972
v -2.629705 9.702091 2.105972
v -2.576604 9.525664 2.013997
v -2.480918 9.403574 1.848265
v -2.568265 10.196426 1.760918
v -2.733997 10.074336 1.856604
v -2.825972 9.897909 1.909705
v -2.825972 9.702091 1.909705
v -2.733997 9.525664 1.856604
v -2.568265 9.403574 1.760918
v -2.361600 9.360001 1.641600
v -2.361600 10.240000 1.641600
v -2.600236 10.196426 1.641600
v -2.791607 10.074336 1.641600
v -2.897810 9.897909 1.641600
v -2.897810 9.702091 1.641600
v -2.791607 9.525664 1.641600
v -2.600236 9.403574 1.641600
v -2.568265 10.196426 1.522282
v -2.733997 10.074336 1.426596
v -2.825972 9.897909 1.373495
v -2.825972 9.702091 1.373495
v -2.733997 9.525664 1.426596
v -2.568265 9.403574 1.522282
v -2.480918 10.196426 1.434935
v -2.576603 10.074336 1.269203
v -2.629705 9.897909 1.177228
v -2.629705 9.702091 1.177228
v -2.576603 9.525664 1.269203
v -2.480918 9.403574 1.434935
v -2.361600 10.196426 1.402964
v -2.361600 9.897909 1.105390
v -2.361600 9.702091 1.105390
v -2.361600 9.525664 1.211593
v -2.361600 9.403574 1.402964
v -2.000000 0.000000 2.000000
v -2.000000 0.450000 2.000000
v -2.000000 0.000000 -2.000000
v -2.000000 0.450000 -2.000000
v 2.000000 0.000000 2.000000
v 2.000000 0.450000 2.000000
v 2.000000 0.000000 -2.000000
v 2.000000 0.450000 -2.000000
v -1.500000 0.450000 1.200000
v -1.500000 0.650000 1.200000
v -1.323665 0.450000 1.257295
v -1.323665 0.650000 1.257295
v -1.214683 0.450000 1.407295
v -1.214683 0.650000 1.407295
v -1.214683 0.450000 1.592705
v -1.214683 0.650000 1.592705
v -1.323665 0.450000 1.742705
v -1.323665 0.650000 1.742705
v -1.500000 0.450000 1.800000
v -1.500000 0.650000 1.800000
v -1.676336 0.450000 1.742705
v -1.676336 0.650000 1.742705
v -1.785317 0.450000 1.592705
v -1.785317 0.650000 1.592705
v -1.785317 0.450000 1.407295
v -1.785317 0.650000 1.407295
v -1.676336 0.450000 1.257295
v -1.676336 0.650000 1.257295
v -1.500000 0.450000 0.200000
v -1.500000 0.650000 0.200000
v -1.323665 0.450000 0.257295
v -1.323665 0.650000 0.257295
v -1.214683 0.450000 0.407295
v -1.214683 0.650000 0.407295
v -1.214683 0.450000 0.592705
v -1.214683 0.650000 0.592705
v -1.323665 0.450000 0.742705
v -1.323665 0.650000 0.742705
v -1.500000 0.450000 0.800000
v -1.500000 0.650000 0.800000
v -1.676336 0.450000 0.742705
v -1.676336 0.650000 0.742705
v -1.785317 0.450000 0.592705
v -1.785317 0.650000 0.592705
v -1.785317 0.450000 0.407295
v -1.785317 0.650000 0.407295
v -1.676336 0.450000 0.257295
v -1.676336 0.650000 0.257295
v -1.500000 0.450000 -0.800000
v -1.500000 0.650000 -0.800000
v -1.323665 0.450000 -0.742705
v -1.323665 0.650000 -0.742705
v -1.214683 0.450000 -0.592705
v -1.214683 0.650000 -0.592705
v -1.214683 0.450000 -0.407295
v -1.214683 0.650000 -0.407295
v -1.323665 0.450000 -0.257295
v -1.323665 0.650000 -0.257295
v -1.500000 0.450000 -0.200000
v -1.500000 0.650000 -0.200000
v -1.676336 0.450000 -0.257295
v -1.676336 0.650000 -0.257295
v -1.785317 0.450000 -0.407295
v -1.785317 0.650000 -0.407295
v -1.785317 0.450000 -0.592705
v -1.785317 0.650000 -0.592705
v -1.676336 0.450000 -0.742705
v -1.676336 0.650000 -0.742705
v -1.500000 0.450000 -1.800000
v -1.500000 0.650000 -1.800000
v -1.323665 0.450000 -1.742705
v -1.323665 0.650000 -1.742705
v -1.214683 0.450000 -1.592705
v -1.214683 0.650000 -1.592705
v -1.214683 0.450000 -1.407295
v -1.214683 0.650000 -1.407295
v -1.323665 0.450000 -1.257295
v -1.323665 0.650000 -1.257295
v -1.500000 0.450000 -1.200000
v -1.500000 0.650000 -1.200000
v -1.676336 0.450000 -1.257295
v -1.676336 0.650000 -1.257295
v -1.785317 0.450000 -1.407295
v -1.785317 0.650000 -1.407295
v -1.785317 0.450000 -1.592705
v -1.785317 0.650000 -1.592705
v -1.676336 0.450000 -1.742705
v -1.676336 0.650000 -1.742705
v -0.500000 0.450000 1.200000
v -0.500000 0.650000 1.200000
v -0.323665 0.450000 1.257295
v -0.323665 0.650000 1.257295
v -0.214683 0.450000 1.407295
v -0.214683 0.650000 1.407295
v -0.214683 0.450000 1.592705
v -0.214683 0.650000 1.592705
v -0.323665 0.450000 1.742705
v -0.323665 0.650000 1.742705
v -0.500000 0.450000 1.800000
v -0.500000 0.650000 1.800000
v -0.676335 0.450000 1.742705
v -0.676335 0.650000 1.742705
v -0.785317 0.450000 1.592705
v -0.785317 0.650000 1.592705
v -0.785317 0.450000 1.407295
v -0.785317 0.650000 1.407295
v -0.676335 0.450000 1.257295
v -0.676335 0.650000 1.257295
v -0.500000 0.450000 0.200000
v -0.500000 0.650000 0.200000
v -0.323665 0.450000 0.257295
v -0.323665 0.650000 0.257295
v -0.214683 0.450000 0.407295
v -0.214683 0.650000 0.407295
v -0.214683 0.450000 0.592705
v -0.214683 0.650000 0.592705
v -0.323665 0.450000 0.742705
v -0.323665 0.650000 0.742705
v -0.500000 0.450000 0.800000
v -0.500000 0.650000 0.800000
v -0.676335 0.450000 0.742705
v -0.676335 0.650000 0.742705
v -0.785317 0.450000 0.592705
v -0.785317 0.650000 0.592705
v -0.785317 0.450000 0.407295
v -0.785317 0.650000 0.407295
v -0.676335 0.450000 0.257295
v -0.676335 0.650000 0.257295
v -0.500000 0.450000 -0.800000
v -0.500000 0.650000 -0.800000
v -0.323665 0.450000 -0.742705
v -0.323665 0.650000 -0.742705
v -0.214683 0.450000 -0.592705
v -0.214683 0.650000 -0.592705
v -0.214683 0.450000 -0.407295
v -0.214683 0.650000 -0.407295
v -0.323665 0.450000 -0.257295
v -0.323665 0.650000 -0.257295
v -0.500000 0.450000 -0.200000
v -0.500000 0.650000 -0.200000
v -0.676335 0.450000 -0.257295
v -0.676335 0.650000 -0.257295
v -0.785317 0.450000 -0.407295
v -0.785317 0.650000 -0.407295
v -0.785317 0.450000 -0.592705
v -0.785317 0.650000 -0.592705
v -0.676335 0.450000 -0.742705
v -0.676335 0.650000 -0.742705
v -0.500000 0.450000 -1.800000
v -0.500000 0.650000 -1.800000
v -0.323665 0.450000 -1.742705
v -0.323665 0.650000 -1.742705
v -0.214683 0.450000 -1.592705
v -0.214683 0.650000 -1.592705
v -0.214683 0.450000 -1.407295
v -0.214683 0.650000 -1.407295
v -0.323665 0.450000 -1.257295
v -0.323665 0.650000 -1.257295
v -0.500000 0.450000 -1.200000
v -0.500000 0.650000 -1.200000
v -0.676335 0.450000 -1.257295
v -0.676335 0.650000 -1.257295
v -0.785317 0.450000 -1.407295
v -0.785317 0.650000 -1.407295
v -0.785317 0.450000 -1.592705
v -0.785317 0.650000 -1.592705
v -0.676335 0.450000 -1.742705
v -0.676335 0.650000 -1.742705
v 0.500000 0.450000 1.200000
v 0.500000 0.650000 1.200000
v 0.676335 0.450000 1.257295
v 0.676335 0.650000 1.257295
v 0.785317 0.450000 1.407295
v 0.785317 0.650000 1.407295
v 0.785317 0.450000 1.592705
v 0.785317 0.650000 1.592705
v 0.676335 0.450000 1.742705
v 0.676335 0.650000 1.742705
v 0.500000 0.450000 1.800000
v 0.500000 0.650000 1.800000
v 0.323665 0.450000 1.742705
v 0.323665 0.650000 1.742705
v 0.214683 0.450000 1.592705
v 0.214683 0.650000 1.592705
v 0.214683 0.450000 1.407295
v 0.214683 0.650000 1.407295
v 0.323665 0.450000 1.257295
v 0.323665 0.650000 1.257295
v 0.500000 0.450000 0.200000
v 0.500000 0.650000 0.200000
v 0.676335 0.450000 0.257295
v 0.676335 0.650000 0.257295
v 0.785317 0.450000 0.407295
v 0.785317 0.650000 0.407295
v 0.785317 0.450000 0.592705
v 0.785317 0.650000 0.592705
v 0.676335 0.450000 0.742705
v 0.676335 0.650000 0.742705
v 0.500000 0.450000 0.800000
v 0.500000 0.650000 0.800000
v 0.323665 0.450000 0.742705
v 0.323665 0.650000 0.742705
v 0.214683 0.450000 0.592705
v 0.214683 0.650000 0.592705
v 0.214683 0.450000 0.407295
v 0.214683 0.650000 0.407295
v 0.323665 0.450000 0.257295
v 0.323665 0.650000 0.257295
v 0.500000 0.450000 -0.800000
v 0.500000 0.650000 -0.800000
v 0.676335 0.450000 -0.742705
v 0.676335 0.650000 -0.742705
v 0.785317 0.450000 -0.592705
v 0.785317 0.650000 -0.592705
v 0.785317 0.450000 -0.407295
v 0.785317 0.650000 -0.407295
v 0.676335 0.450000 -0.257295
v 0.676335 0.650000 -0.257295
v 0.500000 0.450000 -0.200000
v 0.500000 0.650000 -0.200000
v 0.323665 0.450000 -0.257295
v 0.323665 0.650000 -0.257295
v 0.214683 0.450000 -0.407295
v 0.214683 0.650000 -0.407295
v 0.214683 0.450000 -0.592705
v 0.214683 0.650000 -0.592705
v 0.323665 0.450000 -0.742705
v 0.323665 0.650000 -0.742705
v 0.500000 0.450000 -1.800000
v 0.500000 0.650000 -1.800000
v 0.676335 0.450000 -1.742705
v 0.676335 0.650000 -1.742705
v 0.785317 0.450000 -1.592705
v 0.785317 0.650000 -1.592705
v 0.785317 0.450000 -1.407295
v 0.785317 0.650000 -1.407295
v 0.676335 0.450000 -1.257295
v 0.676335 0.650000 -1.257295
v 0.500000 0.450000 -1.200000
v 0.500000 0.650000 -1.200000
v 0.323665 0.450000 -1.257295
v 0.323665 0.650000 -1.257295
v 0.214683 0.450000 -1.407295
v 0.214683 0.650000 -1.407295
v 0.214683 0.450000 -1.592705
v 0.214683 0.650000 -1.592705
v 0.323665 0.450000 -1.742705
v 0.323665 0.650000 -1.742705
v 1.500000 0.450000 1.200000
v 1.500000 0.650000 1.200000
v 1.676335 0.450000 1.257295
v 1.676335 0.650000 1.257295
v 1.785317 0.450000 1.407295
v 1.785317 0.650000 1.407295
v 1.785317 0.450000 1.592705
v 1.785317 0.650000 1.592705
v 1.676335 0.450000 1.742705
v 1.676335 0.650000 1.742705
v 1.500000 0.450000 1.800000
v 1.500000 0.650000 1.800000
v 1.323665 0.450000 1.742705
v 1.323665 0.650000 1.742705
v 1.214683 0.450000 1.592705
v 1.214683 0.650000 1.592705
v 1.214683 0.450000 1.407295
v 1.214683 0.650000 1.407295
v 1.323665 0.450000 1.257295
v 1.323665 0.650000 1.257295
v 1.500000 0.450000 0.200000
v 1.500000 0.650000 0.200000
v 1.676335 0.450000 0.257295
v 1.676335 0.650000 0.257295
v 1.785317 0.450000 0.407295
v 1.785317 0.650000 0.407295
v 1.785317 0.450000 0.592705
v 1.785317 0.650000 0.592705
v 1.676335 0.450000 0.742705
v 1.676335 0.650000 0.742705
v 1.500000 0.450000 0.800000
v 1.500000 0.650000 0.800000
v 1.323665 0.450000 0.742705
v 1.323665 0.650000 0.742705
v 1.214683 0.450000 0.592705
v 1.214683 0.650000 0.592705
v 1.214683 0.450000 0.407295
v 1.214683 0.650000 0.407295
v 1.323665 0.450000 0.257295
v 1.323665 0.650000 0.257295
v 1.500000 0.450000 -0.800000
v 1.500000 0.650000 -0.800000
v 1.676335 0.450000 -0.742705
v 1.676335 0.650000 -0.742705
v 1.785317 0.450000 -0.592705
v 1.785317 0.650000 -0.592705
v 1.785317 0.450000 -0.407295
v 1.785317 0.650000 -0.407295
v 1.676335 0.450000 -0.257295
v 1.676335 0.650000 -0.257295
v 1.500000 0.450000 -0.200000
v 1.500000 0.650000 -0.200000
v 1.323665 0.450000 -0.257295
v 1.323665 0.650000 -0.257295
v 1.214683 0.450000 -0.407295
v 1.214683 0.650000 -0.407295
v 1.214683 0.450000 -0.592705
v 1.214683 0.650000 -0.592705
v 1.323665 0.450000 -0.742705
v 1.323665 0.650000 -0.742705
v 1.500000 0.450000 -1.800000
v 1.500000 0.650000 -1.800000
v 1.676335 0.450000 -1.742705
v 1.676335 0.650000 -1.742705
v 1.785317 0.450000 -1.592705
v 1.785317 0.650000 -1.592705
v 1.785317 0.450000 -1.407295
v 1.785317 0.650000 -1.407295
v 1.676335 0.450000 -1.257295
v 1.676335 0.650000 -1.257295
v 1.500000 0.450000 -1.200000
v 1.500000 0.650000 -1.200000
v 1.323665 0.450000 -1.257295
v 1.323665 0.650000 -1.257295
v 1.214683 0.450000 -1.407295
v 1.214683 0.650000 -1.407295
v 1.214683 0.450000 -1.592705
v 1.214683 0.650000 -1.592705
v 1.323665 0.450000 -1.742705
v 1.323665 0.650000 -1.742705
v 0.000000 0.450000 -0.780000
v 0.000000 1.950000 -0.780000
v 0.390000 0.450000 -0.675500
v 0.390000 1.950000 -0.675500
v 0.675500 0.450000 -0.390000
v 0.675500 1.950000 -0.390000
v 0.780000 0.450000 0.000000
v 0.780000 1.950000 0.000000
v 0.675500 0.450000 0.390000
v 0.675500 1.950000 0.390000
v 0.390000 0.450000 0.675500
v 0.390000 1.950000 0.675500
v 0.000000 0.450000 0.780000
v 0.000000 1.950000 0.780000
v -0.390000 0.450000 0.675500
v -0.390000 1.950000 0.675500
v -0.675500 0.450000 0.390000
v -0.675500 1.950000 0.390000
v -0.780000 0.450000 0.000000
v -0.780000 1.950000 0.000000
v -0.675500 0.450000 -0.390000
v -0.675500 1.950000 -0.390000
v -0.390000 0.450000 -0.675500
v -0.390000 1.950000 -0.675500
v 0.000000 1.610001 -1.000000
v 0.000000 1.950000 -1.000000
v 0.500000 1.610001 -0.866025
v 0.500000 1.950000 -0.866025
v 0.866025 1.610001 -0.500000
v 0.866025 1.950000 -0.500000
v 1.000000 1.610001 0.000000
v 1.000000 1.950000 0.000000
v 0.866025 1.610001 0.500000
v 0.866025 1.950000 0.500000
v 0.500000 1.610001 0.866025
v 0.500000 1.950000 0.866025
v 0.000000 1.610001 1.000000
v 0.000000 1.950000 1.000000
v -0.500000 1.610001 0.866025
v -0.500000 1.950000 0.866025
v -0.866025 1.610001 0.500000
v -0.866025 1.950000 0.500000
v -1.000000 1.610001 0.000000
v -1.000000 1.950000 0.000000
v -0.866025 1.610001 -0.500000
v -0.866025 1.950000 -0.500000
v -0.500000 1.610001 -0.866025
v -0.500000 1.950000 -0.866025
v -0.393600 1.950000 -0.461400
v -0.393600 3.450000 -0.461400
v -0.026100 1.950000 -0.362929
v -0.026100 3.450000 -0.362929
v 0.242929 1.950000 -0.093900
v 0.242929 3.450000 -0.093900
v 0.341400 1.950000 0.273600
v 0.341400 3.450000 0.273600
v 0.242929 1.950000 0.641100
v 0.242929 3.450000 0.641100
v -0.026100 1.950000 0.910129
v -0.026100 3.450000 0.910129
v -0.393600 1.950000 1.008600
v -0.393600 3.450000 1.008600
v -0.761100 1.950000 0.910129
v -0.761100 3.450000 0.910129
v -1.030128 1.950000 0.641100
v -1.030128 3.450000 0.641100
v -1.128600 1.950000 0.273600
v -1.128600 3.450000 0.273600
v -1.030128 1.950000 -0.093900
v -1.030128 3.450000 -0.093900
v -0.761100 1.950000 -0.362929
v -0.761100 3.450000 -0.362929
v -0.393600 3.110001 -0.681400
v -0.393600 3.450000 -0.681400
v 0.083900 3.110001 -0.553454
v 0.083900 3.450000 -0.553454
v 0.433455 3.110001 -0.203900
v 0.433455 3.450000 -0.203900
v 0.561400 3.110001 0.273600
v 0.561400 3.450000 0.273600
v 0.433455 3.110001 0.751100
v 0.433455 3.450000 0.751100
v 0.083900 3.110001 1.100654
v 0.083900 3.450000 1.100654
v -0.393600 3.110001 1.228600
v -0.393600 3.450000 1.228600
v -0.871100 3.110001 1.100654
v -0.871100 3.450000 1.100654
v -1.220654 3.110001 0.751100
v -1.220654 3.450000 0.751100
v -1.348600 3.110001 0.273600
v -1.348600 3.450000 0.273600
v -1.220654 3.110001 -0.203900
v -1.220654 3.450000 -0.203900
v -0.871100 3.110001 -0.553454
v -0.871100 3.450000 -0.553454
v -0.787200 3.450000 -0.142800
v -0.787200 4.950000 -0.142800
v -0.442200 3.450000 -0.050357
v -0.442200 4.950000 -0.050357
v -0.189642 3.450000 0.202200
v -0.189642 4.950000 0.202200
v -0.097200 3.450000 0.547200
v -0.097200 4.950000 0.547200
v -0.189642 3.450000 0.892200
v -0.189642 4.950000 0.892200
v -0.442200 3.450000 1.144758
v -0.442200 4.950000 1.144758
v -0.787200 3.450000 1.237200
v -0.787200 4.950000 1.237200
v -1.132200 3.450000 1.144758
v -1.132200 4.950000 1.144758
v -1.384758 3.450000 0.892200
v -1.384758 4.950000 0.892200
v -1.477200 3.450000 0.547200
v -1.477200 4.950000 0.547200
v -1.384758 3.450000 0.202200
v -1.384758 4.950000 0.202200
v -1.132200 3.450000 -0.050357
v -1.132200 4.950000 -0.050357
v -0.787200 4.610000 -0.362800
v -0.787200 4.950000 -0.362800
v -0.332200 4.610000 -0.240883
v -0.332200 4.950000 -0.240883
v 0.000883 4.610000 0.092200
v 0.000883 4.950000 0.092200
v 0.122800 4.610000 0.547200
v 0.122800 4.950000 0.547200
v 0.000883 4.610000 1.002200
v 0.000883 4.950000 1.002200
v -0.332200 4.610000 1.335283
v -0.332200 4.950000 1.335283
v -0.787200 4.610000 1.457200
v -0.787200 4.950000 1.457200
v -1.242200 4.610000 1.335283
v -1.242200 4.950000 1.335283
v -1.575283 4.610000 1.002200
v -1.575283 4.950000 1.002200
v -1.697200 4.610000 0.547200
v -1.697200 4.950000 0.547200
v -1.575283 4.610000 0.092200
v -1.575283 4.950000 0.092200
v -1.242200 4.610000 -0.240883
v -1.242200 4.950000 -0.240883
v -1.180800 4.950000 0.175800
v -1.180800 6.450000 0.175800
v -0.858300 4.950000 0.262214
v -0.858300 6.450000 0.262214
v -0.622213 4.950000 0.498300
v -0.622213 6.450000 0.498300
v -0.535800 4.950000 0.820800
v -0.535800 6.450000 0.820800
v -0.622213 4.950000 1.143300
v -0.622213 6.450000 1.143300
v -0.858300 4.950000 1.379386
v -0.858300 6.450000 1.379386
v -1.180800 4.950000 1.465800
v -1.180800 6.450000 1.465800
v -1.503300 4.950000 1.379386
v -1.503300 6.450000 1.379386
v -1.739386 4.950000 1.143300
v -1.739386 6.450000 1.143300
v -1.825800 4.950000 0.820800
v -1.825800 6.450000 0.820800
v -1.739386 4.950000 0.498300
v -1.739386 6.450000 0.498300
v -1.503300 4.950000 0.262214
v -1.503300 6.450000 0.262214
v -1.180800 6.110001 -0.044200
v -1.180800 6.450001 -0.044200
v -0.748300 6.110001 0.071688
v -0.748300 6.450001 0.071688
v -0.431688 6.110001 0.388300
v -0.431688 6.450001 0.388300
v -0.315800 6.110001 0.820800
v -0.315800 6.450001 0.820800
v -0.431688 6.110001 1.253300
v -0.431688 6.450001 1.253300
v -0.748300 6.110001 1.569912
v -0.748300 6.450001 1.569912
v -1.180800 6.110001 1.685800
v -1.180800 6.450001 1.685800
v -1.613300 6.110001 1.569912
v -1.613300 6.450001 1.569912
v -1.929912 6.110001 1.253300
v -1.929912 6.450001 1.253300
v -2.045800 6.110001 0.820800
v -2.045800 6.450001 0.820800
v -1.929912 6.110001 0.388300
v -1.929912 6.450001 0.388300
v -1.613300 6.110001 0.071688
v -1.613300 6.450001 0.071688
v -1.574400 6.450000 0.494400
v -1.574400 7.950000 0.494400
v -1.274400 6.450000 0.574785
v -1.274400 7.950000 0.574785
v -1.054785 6.450000 0.794400
v -1.054785 7.950000 0.794400
v -0.974400 6.450000 1.094400
v -0.974400 7.950000 1.094400
v -1.054785 6.450000 1.394400
v -1.054785 7.950000 1.394400
v -1.274400 6.450000 1.614015
v -1.274400 7.950000 1.614015
v -1.574400 6.450000 1.694400
v -1.574400 7.950000 1.694400
v -1.874400 6.450000 1.614015
v -1.874400 7.950000 1.614015
v -2.094015 6.450000 1.394400
v -2.094015 7.950000 1.394400
v -2.174400 6.450000 1.094400
v -2.174400 7.950000 1.094400
v -2.094015 6.450000 0.794400
v -2.094015 7.950000 0.794400
v -1.874400 6.450000 0.574785
v -1.874400 7.950000 0.574785
v -1.574400 7.610001 0.274400
v -1.574400 7.950001 0.274400
v -1.164400 7.610001 0.384259
v -1.164400 7.950001 0.384259
v -0.864259 7.610001 0.684400
v -0.864259 7.950001 0.684400
v -0.754400 7.610001 1.094400
v -0.754400 7.950001 1.094400
v -0.864259 7.610001 1.504400
v -0.864259 7.950001 1.504400
v -1.164400 7.610001 1.804541
v -1.164400 7.950001 1.804541
v -1.574400 7.610001 1.914400
v -1.574400 7.950001 1.914400
v -1.984400 7.610001 1.804541
v -1.984400 7.950001 1.804541
v -2.284541 7.610001 1.504400
v -2.284541 7.950001 1.504400
v -2.394400 7.610001 1.094400
v -2.394400 7.950001 1.094400
v -2.284541 7.610001 0.684400
v -2.284541 7.950001 0.684400
v -1.984400 7.610001 0.384259
v -1.984400 7.950001 0.384259
v -1.968000 7.950000 0.813000
v -1.968000 9.450000 0.813000
v -1.690500 7.950000 0.887356
v -1.690500 9.450000 0.887356
v -1.487356 7.950000 1.090500
v -1.487356 9.450000 1.090500
v -1.413000 7.950000 1.368000
v -1.413000 9.450000 1.368000
v -1.487356 7.950000 1.645500
v -1.487356 9.450000 1.645500
v -1.690500 7.950000 1.848644
v -1.690500 9.450000 1.848644
v -1.968000 7.950000 1.923000
v -1.968000 9.450000 1.923000
v -2.245500 7.950000 1.848644
v -2.245500 9.450000 1.848644
v -2.448644 7.950000 1.645500
v -2.448644 9.450000 1.645500
v -2.523000 7.950000 1.368000
v -2.523000 9.450000 1.368000
v -2.448644 7.950000 1.090500
v -2.448644 9.450000 1.090500
v -2.245500 7.950000 0.887356
v -2.245500 9.450000 0.887356
v -1.968000 9.110000 0.593000
v -1.968000 9.450000 0.593000
v -1.580500 9.110000 0.696830
v -1.580500 9.450000 0.696830
v -1.296830 9.110000 0.980500
v -1.296830 9.450000 0.980500
v -1.193000 9.110000 1.368000
v -1.193000 9.450000 1.368000
v -1.296830 9.110000 1.755500
v -1.296830 9.450000 1.755500
v -1.580500 9.110000 2.039170
v -1.580500 9.450000 2.039170
v -1.968000 9.110000 2.143000
v -1.968000 9.450000 2.143000
v -2.355500 9.110000 2.039170
v -2.355500 9.450000 2.039170
v -2.639170 9.110000 1.755500
v -2.639170 9.450000 1.755500
v -2.743000 9.110000 1.368000
v -2.743000 9.450000 1.368000
v -2.639170 9.110000 0.980500
v -2.639170 9.450000 0.980500
v -2.355500 9.110000 0.696830
v -2.355500 9.450000 0.696830
v -1.710462 9.805437 0.899983
v -1.710462 9.500135 0.656513
v -1.710462 9.299867 0.656513
v -1.710462 8.994565 0.899983
v -1.612838 9.805437 0.926141
v -1.534550 9.680572 0.790542
v -1.491103 9.500135 0.715290
v -1.491103 9.299867 0.715290
v -1.534550 9.119431 0.790542
v -1.612838 8.994565 0.926141
v -1.710462 9.850001 1.095231
v -1.541373 9.805437 0.997607
v -1.405774 9.680572 0.919319
v -1.330522 9.500135 0.875872
v -1.330522 9.299867 0.875872
v -1.405774 9.119431 0.919319
v -1.541373 8.994565 0.997607
v -1.515214 9.805437 1.095231
v -1.358638 9.680572 1.095231
v -1.271745 9.500135 1.095231
v -1.271745 9.299867 1.095231
v -1.358638 9.119431 1.095231
v -1.515214 8.994565 1.095231
v -1.541373 9.805437 1.192854
v -1.405774 9.680572 1.271143
v -1.330522 9.500135 1.314589
v -1.330522 9.299867 1.314589
v -1.405774 9.119431 1.271143
v -1.541373 8.994565 1.192854
v -1.612838 9.805437 1.264320
v -1.534550 9.680572 1.399919
v -1.491103 9.500135 1.475171
v -1.491103 9.299867 1.475171
v -1.534550 9.119431 1.399919
v -1.612838 8.994565 1.264320
v -1.710462 9.805437 1.290478
v -1.710462 9.680572 1.447055
v -1.710462 9.500135 1.533948
v -1.710462 9.299867 1.533948
v -1.710462 9.119431 1.447055
v -1.710462 8.994565 1.290478
v -1.808086 9.805437 1.264320
v -1.886374 9.680572 1.399919
v -1.929821 9.500135 1.475171
v -1.929821 9.299867 1.475171
v -1.886374 9.119431 1.399919
v -1.808086 8.994565 1.264320
v -1.710462 8.950001 1.095231
v -1.879551 9.805437 1.192854
v -2.015151 9.680572 1.271143
v -2.090403 9.500135 1.314589
v -2.090403 9.299867 1.314589
v -2.015151 9.119431 1.271143
v -1.879551 8.994565 1.192854
v -1.905710 9.805437 1.095231
v -2.062286 9.680572 1.095231
v -2.149179 9.500135 1.095231
v -2.149179 9.299867 1.095231
v -2.062286 9.119431 1.095231
v -1.905710 8.994565 1.095231
v -1.879551 9.805437 0.997607
v -2.015151 9.680572 0.919318
v -2.090403 9.500135 0.875872
v -2.090403 9.299867 0.875872
v -2.015151 9.119431 0.919318
v -1.879551 8.994565 0.997607
v -1.808086 9.805437 0.926141
v -1.886374 9.680572 0.790542
v -1.929821 9.500135 0.715290
v -1.929821 9.299867 0.715290
v -1.886374 9.119431 0.790542
v -1.808086 8.994565 0.926141
v -1.710462 9.680572 0.743406
v -1.710462 9.119431 0.743406
v -3.160339 9.805437 1.155635
v -3.160339 9.500135 0.912165
v -3.160339 9.299867 0.912165
v -3.160339 8.994565 1.155635
v -3.062715 9.805437 1.181793
v -2.984426 9.680572 1.046194
v -2.940980 9.500135 0.970942
v -2.940980 9.299867 0.970942
v -2.984426 9.119431 1.046194
v -3.062715 8.994565 1.181793
v -3.160339 9.850001 1.350883
v -2.991249 9.805437 1.253259
v -2.855650 9.680572 1.174971
v -2.780398 9.500135 1.131524
v -2.780398 9.299867 1.131524
v -2.855650 9.119431 1.174971
v -2.991249 8.994565 1.253259
v -2.965091 9.805437 1.350883
v -2.808515 9.680572 1.350883
v -2.721621 9.500135 1.350883
v -2.721621 9.299867 1.350883
v -2.808515 9.119431 1.350883
v -2.965091 8.994565 1.350883
v -2.991249 9.805437 1.448507
v -2.855650 9.680572 1.526795
v -2.780398 9.500135 1.570242
v -2.780398 9.299867 1.570242
v -2.855650 9.119431 1.526795
v -2.991249 8.994565 1.448507
v -3.062715 9.805437 1.519972
v -2.984426 9.680572 1.655571
v -2.940980 9.500135 1.730823
v -2.940980 9.299867 1.730823
v -2.984426 9.119431 1.655571
v -3.062715 8.994565 1.519972
v -3.160339 9.805437 1.546131
v -3.160339 9.680572 1.702707
v -3.160339 9.500135 1.789600
v -3.160339 9.299867 1.789600
v -3.160339 9.119431 1.702707
v -3.160339 8.994565 1.546131
v -3.257962 9.805437 1.519972
v -3.336251 9.680572 1.655571
v -3.379697 9.500135 1.730823
v -3.379697 9.299867 1.730823
v -3.336251 9.119431 1.655571
v -3.257962 8.994565 1.519972
v -3.160339 8.950001 1.350883
v -3.329428 9.805437 1.448507
v -3.465027 9.680572 1.526795
v -3.540279 9.500135 1.570242
v -3.540279 9.299867 1.570242
v -3.465027 9.119431 1.526795
v -3.329428 8.994565 1.448507
v -3.355586 9.805437 1.350883
v -3.512163 9.680572 1.350883
v -3.599056 9.500135 1.350883
v -3.599056 9.299867 1.350883
v -3.512163 9.119431 1.350883
v -3.355586 8.994565 1.350883
v -3.329428 9.805437 1.253259
v -3.465027 9.680572 1.174971
v -3.540279 9.500135 1.131524
v -3.540279 9.299867 1.131524
v -3.465027 9.119431 1.174971
v -3.329428 8.994565 1.253259
v -3.257962 9.805437 1.181793
v -3.336251 9.680572 1.046194
v -3.379697 9.500135 0.970942
v -3.379697 9.299867 0.970942
v -3.336251 9.119431 1.046194
v -3.257962 8.994565 1.181793
v -3.160339 9.680572 0.999059
v -3.160339 9.119431 0.999059
v -2.213999 9.805437 2.283439
v -2.213999 9.500135 2.039969
v -2.213999 9.299867 2.039969
v -2.213999 8.994565 2.283439
v -2.116375 9.805437 2.309597
v -2.038087 9.680572 2.173998
v -1.994640 9.500135 2.098746
v -1.994640 9.299867 2.098746
v -2.038087 9.119431 2.173998
v -2.116375 8.994565 2.309597
v -2.213999 9.850001 2.478687
v -2.044909 9.805437 2.381063
v -1.909310 9.680572 2.302774
v -1.834059 9.500135 2.259328
v -1.834059 9.299867 2.259328
v -1.909310 9.119431 2.302774
v -2.044909 8.994565 2.381063
v -2.018751 9.805437 2.478687
v -1.862175 9.680572 2.478687
v -1.775281 9.500135 2.478687
v -1.775281 9.299867 2.478687
v -1.862175 9.119431 2.478687
v -2.018751 8.994565 2.478687
v -2.044909 9.805437 2.576310
v -1.909310 9.680572 2.654599
v -1.834059 9.500135 2.698045
v -1.834059 9.299867 2.698045
v -1.909310 9.119431 2.654599
v -2.044909 8.994565 2.576310
v -2.116375 9.805437 2.647776
v -2.038087 9.680572 2.783375
v -1.994640 9.500135 2.858627
v -1.994640 9.299867 2.858627
v -2.038087 9.119431 2.783375
v -2.116375 8.994565 2.647776
v -2.213999 9.805437 2.673934
v -2.213999 9.680572 2.830511
v -2.213999 9.500135 2.917404
v -2.213999 9.299867 2.917404
v -2.213999 9.119431 2.830511
v -2.213999 8.994565 2.673934
v -2.311623 9.805437 2.647776
v -2.389911 9.680572 2.783375
v -2.433358 9.500135 2.858627
v -2.433358 9.299867 2.858627
v -2.389911 9.119431 2.783375
v -2.311623 8.994565 2.647776
v -2.213999 8.950001 2.478687
v -2.383089 9.805437 2.576310
v -2.518688 9.680572 2.654599
v -2.593940 9.500135 2.698045
v -2.593940 9.299867 2.698045
v -2.518688 9.119431 2.654599
v -2.383089 8.994565 2.576310
v -2.409247 9.805437 2.478687
v -2.565823 9.680572 2.478687
v -2.652716 9.500135 2.478687
v -2.652716 9.299867 2.478687
v -2.565823 9.119431 2.478687
v -2.409247 8.994565 2.478687
v -2.383088 9.805437 2.381063
v -2.518688 9.680572 2.302774
v -2.593940 9.500135 2.259328
v -2.593940 9.299867 2.259328
v -2.518688 9.119431 2.302774
v -2.383088 8.994565 2.381063
v -2.311623 9.805437 2.309597
v -2.389911 9.680572 2.173998
v -2.433358 9.500135 2.098746
v -2.433358 9.299867 2.098746
v -2.389911 9.119431 2.173998
v -2.311623 8.994565 2.309597
v -2.213999 9.680572 2.126863
v -2.213999 9.119431 2.126863
v -2.107872 9.429173 2.267098
v -2.024906 9.630154 2.233578
v -2.613591 9.429173 1.015400
v -2.530625 9.630154 0.981880
v -0.244418 8.534353 1.514214
v -0.161452 8.735333 1.480694
v -0.750137 8.534353 0.262516
v -0.667171 8.735333 0.228995
v -0.296838 8.543489 1.373613
v -0.221414 8.726197 1.343140
v -0.690175 8.543489 0.400070
v -0.614751 8.726197 0.369596
v 1.227806 7.811362 0.757617
v 1.303230 7.994071 0.727143
v 0.834469 7.811362 -0.215927
v 0.909893 7.994071 -0.246400
v 1.175386 7.820498 0.617015
v 1.243268 7.984936 0.589589
v 0.894432 7.820498 -0.078373
v 0.962313 7.984936 -0.105798
v 2.361221 7.251066 0.137907
v 2.429102 7.415504 0.110481
v 2.080266 7.251066 -0.557481
v 2.148148 7.415504 -0.584907
v 2.345533 7.239865 -0.033713
v 2.405872 7.386032 -0.058091
v 2.188198 7.239865 -0.423130
v 2.248537 7.386032 -0.447509
v 3.107855 6.873802 -0.341711
v 3.168194 7.019969 -0.366089
v 2.950520 6.873802 -0.731128
v 3.010859 7.019969 -0.755507
v -2.293944 9.632219 1.711334
v -2.256233 9.723575 1.696097
v -2.361373 9.632219 1.544441
v -2.323662 9.723575 1.529204
v 0.077724 8.493357 0.753117
v 0.115436 8.584712 0.737881
v 0.010295 8.493357 0.586224
v 0.048007 8.584712 0.570987
v -1.745650 9.429960 1.918043
v -1.701376 9.618537 1.813742
v -2.988331 9.429960 1.390556
v -2.944058 9.618537 1.286255
v -1.008821 8.296876 0.182184
v -0.964548 8.485453 0.077883
v -2.251503 8.296876 -0.345303
v -2.207230 8.485453 -0.449604
v -1.144885 8.305449 0.118833
v -1.104636 8.476882 0.024014
v -2.111415 8.305449 -0.291434
v -2.071167 8.476882 -0.386253
v -0.542025 7.378380 -1.301415
v -0.501777 7.549813 -1.396234
v -1.508555 7.378380 -1.711682
v -1.468307 7.549813 -1.806502
v -0.678089 7.386950 -1.364765
v -0.641865 7.541241 -1.450102
v -1.368467 7.386950 -1.657813
v -1.332244 7.541241 -1.743151
v -0.209198 6.665897 -2.469402
v -0.172975 6.820188 -2.554739
v -0.899577 6.665897 -2.762451
v -0.863353 6.820188 -2.847788
v -0.342322 6.648718 -2.578065
v -0.310124 6.785865 -2.653920
v -0.728935 6.648718 -2.742172
v -0.696736 6.785865 -2.818027
v -0.040893 6.185184 -3.288189
v -0.008695 6.322330 -3.364044
v -0.427505 6.185184 -3.452296
v -0.395307 6.322330 -3.528152
v -2.260643 9.627146 1.634097
v -2.240519 9.712862 1.586688
v -2.426334 9.627146 1.563766
v -2.406209 9.712862 1.516356
v -1.322862 8.185039 -0.575178
v -1.302737 8.270756 -0.622587
v -1.488553 8.185039 -0.645509
v -1.468428 8.270756 -0.692919
v -1.725141 9.432536 1.415000
v -1.775880 9.605898 1.289418
v -2.976840 9.432536 1.920719
v -3.027578 9.605898 1.795136
v -2.374568 8.078080 -0.192387
v -2.425307 8.251443 -0.317970
v -3.626266 8.078080 0.313332
v -3.677005 8.251443 0.187749
v -2.515952 8.085960 -0.141905
v -2.562078 8.243563 -0.256071
v -3.489495 8.085960 0.251432
v -3.535621 8.243563 0.137266
v -3.047301 6.977770 -1.457040
v -3.093427 7.135372 -1.571206
v -4.020844 6.977770 -1.063703
v -4.066970 7.135372 -1.177870
v -3.188685 6.985650 -1.406557
v -3.230199 7.127492 -1.509307
v -3.884073 6.985650 -1.125602
v -3.925586 7.127492 -1.228352
v -3.601957 6.123724 -2.429440
v -3.643470 6.265566 -2.532190
v -4.297344 6.123724 -2.148486
v -4.338858 6.265566 -2.251235
v -3.772008 6.100821 -2.409870
v -3.808909 6.226903 -2.501203
v -4.161425 6.100821 -2.252535
v -4.198326 6.226903 -2.343869
v -4.037683 5.546726 -3.067438
v -4.074584 5.672807 -3.158771
v -4.427100 5.546726 -2.910103
v -4.464001 5.672807 -3.001436
v -2.298910 9.620920 1.556511
v -2.321973 9.699721 1.499428
v -2.465803 9.620920 1.623940
v -2.488866 9.699721 1.566857
v -3.125453 7.897068 -0.489256
v -3.148517 7.975870 -0.546339
v -3.292346 7.897068 -0.421826
v -3.315410 7.975870 -0.478910
v -2.098718 9.429173 1.019893
v -2.181087 9.630154 0.984930
v -2.626205 9.429173 2.262575
v -2.708574 9.630154 2.227612
v -3.948749 8.534353 0.234602
v -4.031117 8.735333 0.199638
v -4.476236 8.534353 1.477283
v -4.558605 8.735333 1.442320
v -4.011103 8.543489 0.371088
v -4.085983 8.726197 0.339303
v -4.421371 8.543489 1.337618
v -4.496251 8.726197 1.305834
v -5.524764 7.811362 -0.271423
v -5.599645 7.994071 -0.303208
v -5.935032 7.811362 0.695107
v -6.009912 7.994071 0.663322
v -5.587118 7.820498 -0.134936
v -5.654510 7.984936 -0.163543
v -5.880166 7.820498 0.555442
v -5.947558 7.984936 0.526836
v -6.764410 7.251066 -0.634667
v -6.831802 7.415504 -0.663274
v -7.057458 7.251066 0.055712
v -7.124851 7.415504 0.027105
v -6.874671 7.239865 -0.502221
v -6.934575 7.386032 -0.527649
v -7.038778 7.239865 -0.115609
v -7.098682 7.386032 -0.141036
v -7.631501 6.873802 -0.823476
v -7.691406 7.019969 -0.848904
v -7.795609 6.873802 -0.436864
v -7.855513 7.019969 -0.462292
v -2.360130 9.632219 1.544451
v -2.397571 9.723575 1.528559
v -2.430462 9.632219 1.710142
v -2.467902 9.723575 1.694250
v -4.714715 8.493357 0.544989
v -4.752155 8.584712 0.529097
v -4.785047 8.493357 0.710680
v -4.822487 8.584712 0.694788
v -2.601668 9.429960 1.010583
v -2.706726 9.618537 1.053029
v -2.095949 9.429960 2.262281
v -2.201007 9.618537 2.304727
v -4.350122 8.296876 1.717004
v -4.455180 8.485453 1.759450
v -3.844403 8.296876 2.968702
v -3.949461 8.485453 3.011148
v -4.298706 8.305449 1.858011
v -4.394214 8.476882 1.896599
v -3.905370 8.305449 2.831554
v -4.000876 8.476882 2.870142
v -5.729259 7.378380 2.435992
v -5.824766 7.549813 2.474580
v -5.335922 7.378380 3.409535
v -5.431430 7.549813 3.448123
v -5.677844 7.386950 2.576999
v -5.763800 7.541241 2.611728
v -5.396889 7.386950 3.272387
v -5.482845 7.541241 3.307116
v -6.790496 6.665897 3.026540
v -6.876452 6.820188 3.061268
v -6.509541 6.665897 3.721928
v -6.595498 6.820188 3.756656
v -6.773199 6.648718 3.197510
v -6.849605 6.785865 3.228379
v -6.615864 6.648718 3.586927
v -6.692270 6.785865 3.617797
v -7.488475 6.185184 3.486500
v -7.564881 6.322330 3.517370
v -7.331141 6.185184 3.875917
v -7.407546 6.322330 3.906787
v -2.438293 9.627146 1.575518
v -2.486046 9.712862 1.594811
v -2.370863 9.627146 1.742411
v -2.418617 9.712862 1.761704
v -4.663598 8.185039 2.474599
v -4.711351 8.270756 2.493893
v -4.596168 8.185039 2.641492
v -4.643922 8.270756 2.660786
v -2.971874 9.432536 1.351786
v -3.024797 9.605898 1.476464
v -1.729193 9.432536 1.879273
v -1.782115 9.605898 2.003951
v -3.649255 8.078080 2.947595
v -3.702178 8.251443 3.072273
v -2.406574 8.078080 3.475082
v -2.459496 8.251443 3.599760
v -3.513585 8.085960 3.011872
v -3.561697 8.243563 3.125216
v -2.547055 8.085960 3.422139
v -2.595167 8.243563 3.535483
v -4.067806 6.977770 4.317533
v -4.115917 7.135372 4.430877
v -3.101276 6.977770 4.727801
v -3.149387 7.135372 4.841145
v -3.932136 6.985650 4.381810
v -3.975436 7.127492 4.483819
v -3.241757 6.985650 4.674858
v -3.285058 7.127492 4.776868
v -4.363196 6.123724 5.397325
v -4.406497 6.265566 5.499334
v -3.672818 6.123724 5.690373
v -3.716118 6.265566 5.792383
v -4.229114 6.100821 5.503731
v -4.267603 6.226903 5.594406
v -3.842501 6.100821 5.667838
v -3.880991 6.226903 5.758513
v -4.506224 5.546726 6.156562
v -4.544713 5.672807 6.247237
v -4.119612 5.546726 6.320669
v -4.158101 5.672807 6.411344
v -2.466095 9.620920 1.657439
v -2.490151 9.699721 1.714111
v -2.300405 9.620920 1.727771
v -2.324461 9.699721 1.784442
v -3.328217 7.897068 3.688468
v -3.352273 7.975870 3.745141
v -3.162526 7.897068 3.758800
v -3.186582 7.975870 3.815472
v -2.987098 9.429173 1.895328
v -2.953578 9.630154 1.978294
v -1.735400 9.429173 1.389609
v -1.701880 9.630154 1.472575
v -2.234214 8.534353 3.758782
v -2.200693 8.735333 3.841748
v -0.982515 8.534353 3.253063
v -0.948995 8.735333 3.336029
v -2.093612 8.543489 3.706362
v -2.063139 8.726197 3.781785
v -1.120069 8.543489 3.313025
v -1.089596 8.726197 3.388448
v -1.477615 7.811362 5.231006
v -1.447142 7.994071 5.306430
v -0.504072 7.811362 4.837668
v -0.473599 7.994071 4.913093
v -1.337015 7.820498 5.178586
v -1.309588 7.984936 5.246468
v -0.641627 7.820498 4.897631
v -0.614201 7.984936 4.965513
v -0.857906 7.251066 6.364420
v -0.830480 7.415504 6.432302
v -0.162519 7.251066 6.083466
v -0.135092 7.415504 6.151347
v -0.686286 7.239865 6.348732
v -0.661907 7.386032 6.409071
v -0.296869 7.239865 6.191398
v -0.272491 7.386032 6.251737
v -0.378288 6.873802 7.111054
v -0.353909 7.019969 7.171393
v 0.011129 6.873802 6.953720
v 0.035508 7.019969 7.014059
v -2.431334 9.632219 1.709255
v -2.416097 9.723575 1.746967
v -2.264441 9.632219 1.641826
v -2.249204 9.723575 1.679538
v -1.473117 8.493357 4.080924
v -1.457880 8.584712 4.118636
v -1.306224 8.493357 4.013494
v -1.290987 8.584712 4.051207
v -2.638043 9.429960 2.257550
v -2.533742 9.618537 2.301823
v -2.110556 9.429960 1.014869
v -2.006255 9.618537 1.059142
v -0.902184 8.296876 2.994379
v -0.797883 8.485453 3.038651
v -0.374697 8.296876 1.751697
v -0.270396 8.485453 1.795970
v -0.838833 8.305449 2.858315
v -0.744014 8.476882 2.898563
v -0.428566 8.305449 1.891785
v -0.333747 8.476882 1.932033
v 0.581415 7.378380 3.461174
v 0.676234 7.549813 3.501423
v 0.991683 7.378380 2.494645
v 1.086502 7.549813 2.534893
v 0.644765 7.386950 3.325111
v 0.730103 7.541241 3.361335
v 0.937814 7.386950 2.634733
v 1.023150 7.541241 2.670956
v 1.749403 6.665897 3.794002
v 1.834740 6.820188 3.830225
v 2.042451 6.665897 3.103623
v 2.127788 6.820188 3.139847
v 1.858065 6.648718 3.660877
v 1.933920 6.785865 3.693076
v 2.022172 6.648718 3.274265
v 2.098028 6.785865 3.306464
v 2.568190 6.185184 3.962306
v 2.644045 6.322330 3.994505
v 2.732296 6.185184 3.575695
v 2.808151 6.322330 3.607893
v -2.354097 9.627146 1.742557
v -2.306687 9.712862 1.762681
v -2.283765 9.627146 1.576866
v -2.236356 9.712862 1.596990
v -0.144822 8.185039 2.680338
v -0.097413 8.270756 2.700463
v -0.074491 8.185039 2.514647
v -0.027081 8.270756 2.534772
v -2.361600 10.190001 1.341600
v -2.361600 10.410000 1.341600
v -2.185264 10.190001 1.398895
v -2.185264 10.410000 1.398895
v -2.076283 10.190001 1.548895
v -2.076283 10.410000 1.548895
v -2.076283 10.190001 1.734305
v -2.076283 10.410000 1.734305
v -2.185264 10.190001 1.884305
v -2.185264 10.410000 1.884305
v -2.361600 10.190001 1.941600
v -2.361600 10.410000 1.941600
v -2.537935 10.190001 1.884305
v -2.537935 10.410000 1.884305
v -2.646917 10.190001 1.734305
v -2.646917 10.410000 1.734305
v -2.646917 10.190001 1.548895
v -2.646917 10.410000 1.548895
v -2.537935 10.190001 1.398895
v -2.537935 10.410000 1.398895
vn -0.0000 -1.0000 -0.0000
vn -0.0000 -0.9197 -0.3927
vn 0.1963 -0.9197 -0.3401
vn -0.0000 -0.6794 -0.7337
vn -0.0000 -0.2569 -0.9664
vn 0.4832 -0.2569 -0.8370
vn 0.3669 -0.6794 -0.6354
vn -0.0000 0.2569 -0.9664
vn -0.0000 0.6794 -0.7337
vn 0.3669 0.6794 -0.6354
vn 0.4832 0.2569 -0.8370
vn -0.0000 0.9197 -0.3927
vn -0.0000 1.0000 -0.0000
vn 0.1963 0.9197 -0.3401
vn 0.3400 0.9197 -0.1963
vn 0.6354 0.6794 -0.3669
vn 0.3401 -0.9197 -0.1963
vn 0.8370 -0.2569 -0.4832
vn 0.6354 -0.6794 -0.3669
vn 0.8370 0.2569 -0.4832
vn 0.3927 -0.9197 -0.0000
vn 0.9664 -0.2569 -0.0000
vn 0.7337 -0.6794 -0.0000
vn 0.7337 0.6794 -0.0000
vn 0.9664 0.2569 -0.0000
vn 0.3927 0.9197 -0.0000
vn 0.8370 -0.2569 0.4832
vn 0.6354 -0.6794 0.3669
vn 0.6354 0.6794 0.3669
vn 0.8370 0.2569 0.4832
vn 0.3400 0.9197 0.1963
vn 0.3401 -0.9197 0.1963
vn 0.1963 0.9197 0.3401
vn 0.3669 -0.6794 0.6354
vn 0.1963 -0.9197 0.3401
vn 0.4832 0.2569 0.8370
vn 0.4832 -0.2569 0.8370
vn 0.3669 0.6794 0.6354
vn -0.0000 -0.6794 0.7337
vn -0.0000 -0.9197 0.3927
vn -0.0000 0.2569 0.9664
vn -0.0000 -0.2569 0.9664
vn -0.0000 0.9197 0.3927
vn -0.0000 0.6794 0.7337
vn -0.4832 0.2569 0.8370
vn -0.4832 -0.2569 0.8370
vn -0.1963 0.9197 0.3401
vn -0.3669 0.6794 0.6354
vn -0.1963 -0.9197 0.3401
vn -0.3669 -0.6794 0.6354
vn -0.3401 -0.9197 0.1963
vn -0.8370 -0.2569 0.4832
vn -0.6354 -0.6794 0.3669
vn -0.6354 0.6794 0.3669
vn -0.8370 0.2569 0.4832
vn -0.3400 0.9197 0.1963
vn -0.3927 -0.9197 -0.0000
vn -0.9664 -0.2569 -0.0000
vn -0.7337 -0.6794 -0.0000
vn -0.7337 0.6794 -0.0000
vn -0.9664 0.2569 -0.0000
vn -0.3927 0.9197 -0.0000
vn -0.6354 0.6794 -0.3669
vn -0.8370 0.2569 -0.4832
vn -0.3400 0.9197 -0.1963
vn -0.6354 -0.6794 -0.3669
vn -0.3401 -0.9197 -0.1963
vn -0.8370 -0.2569 -0.4832
vn -0.3669 -0.6794 -0.6354
vn -0.1963 -0.9197 -0.3401
vn -0.4832 0.2569 -0.8370
vn -0.4832 -0.2569 -0.8370
vn -0.1963 0.9197 -0.3401
vn -0.3669 0.6794 -0.6354
vn -1.0000 -0.0000 -0.0000
vn -0.0000 -0.0000 -1.0000
vn 1.0000 -0.0000 -0.0000
vn -0.0000 -0.0000 1.0000
vn -0.0000 -0.6437 -0.7653
vn -0.0000 0.6437 -0.7653
vn 0.4498 0.6437 -0.6191
vn 0.4498 -0.6437 -0.6191
vn 0.7278 0.6437 -0.2365
vn 0.7278 -0.6437 -0.2365
vn 0.7278 0.6437 0.2365
vn 0.7278 -0.6437 0.2365
vn 0.4498 0.6437 0.6191
vn 0.4498 -0.6437 0.6191
vn -0.0000 0.6437 0.7653
vn -0.0000 -0.6437 0.7653
vn -0.4498 0.6437 0.6191
vn -0.4498 -0.6437 0.6191
vn -0.7278 0.6437 0.2365
vn -0.7278 -0.6437 0.2365
vn -0.7278 0.6437 -0.2365
vn -0.7278 -0.6437 -0.2365
vn -0.4498 0.6437 -0.6191
vn -0.4498 -0.6437 -0.6191
vn -0.0000 -0.6532 -0.7572
vn -0.0000 0.6532 -0.7572
vn 0.3786 0.6532 -0.6557
vn 0.3786 -0.6532 -0.6557
vn 0.6557 0.6532 -0.3786
vn 0.6557 -0.6532 -0.3786
vn 0.7572 0.6532 -0.0000
vn 0.7572 -0.6532 -0.0000
vn 0.6557 0.6532 0.3786
vn 0.6557 -0.6532 0.3786
vn 0.3786 0.6532 0.6557
vn 0.3786 -0.6532 0.6557
vn -0.0000 0.6532 0.7572
vn -0.0000 -0.6532 0.7572
vn -0.3786 0.6532 0.6557
vn -0.3786 -0.6532 0.6557
vn -0.6557 0.6532 0.3786
vn -0.6557 -0.6532 0.3786
vn -0.7572 0.6532 -0.0000
vn -0.7572 -0.6532 -0.0000
vn -0.6557 0.6532 -0.3786
vn -0.6557 -0.6532 -0.3786
vn -0.3786 0.6532 -0.6557
vn -0.3786 -0.6532 -0.6557
vn -0.0000 -0.8864 -0.4630
vn -0.0000 -0.6061 -0.7954
vn 0.3977 -0.6061 -0.6888
vn 0.2315 -0.8864 -0.4009
vn -0.0000 -0.2150 -0.9766
vn -0.0000 0.2150 -0.9766
vn 0.4883 0.2150 -0.8458
vn 0.4883 -0.2150 -0.8458
vn -0.0000 0.6061 -0.7954
vn -0.0000 0.8864 -0.4630
vn 0.2315 0.8864 -0.4009
vn 0.3977 0.6061 -0.6888
vn 0.6888 0.6061 -0.3977
vn 0.8458 0.2150 -0.4883
vn 0.4009 0.8864 -0.2315
vn 0.6888 -0.6061 -0.3977
vn 0.4009 -0.8864 -0.2315
vn 0.8458 -0.2150 -0.4883
vn 0.7954 -0.6061 -0.0000
vn 0.4630 -0.8864 -0.0000
vn 0.9766 0.2150 -0.0000
vn 0.9766 -0.2150 -0.0000
vn 0.4630 0.8864 -0.0000
vn 0.7954 0.6061 -0.0000
vn 0.6888 -0.6061 0.3977
vn 0.4009 -0.8864 0.2315
vn 0.8458 0.2150 0.4883
vn 0.8458 -0.2150 0.4883
vn 0.4009 0.8864 0.2315
vn 0.6888 0.6061 0.3977
vn 0.2315 0.8864 0.4009
vn 0.3977 0.6061 0.6888
vn 0.2315 -0.8864 0.4009
vn 0.4883 -0.2150 0.8458
vn 0.3977 -0.6061 0.6888
vn 0.4883 0.2150 0.8458
vn -0.0000 -0.8864 0.4630
vn -0.0000 -0.2150 0.9766
vn -0.0000 -0.6061 0.7954
vn -0.0000 0.6061 0.7954
vn -0.0000 0.2150 0.9766
vn -0.0000 0.8864 0.4630
vn -0.4883 -0.2150 0.8458
vn -0.3977 -0.6061 0.6888
vn -0.3977 0.6061 0.6888
vn -0.4883 0.2150 0.8458
vn -0.2315 0.8864 0.4009
vn -0.2315 -0.8864 0.4009
vn -0.4009 0.8864 0.2315
vn -0.6888 -0.6061 0.3977
vn -0.4009 -0.8864 0.2315
vn -0.8458 0.2150 0.4883
vn -0.8458 -0.2150 0.4883
vn -0.6888 0.6061 0.3977
vn -0.7954 -0.6061 -0.0000
vn -0.4630 -0.8864 -0.0000
vn -0.9766 0.2150 -0.0000
vn -0.9766 -0.2150 -0.0000
vn -0.4630 0.8864 -0.0000
vn -0.7954 0.6061 -0.0000
vn -0.8458 0.2150 -0.4883
vn -0.8458 -0.2150 -0.4883
vn -0.4009 0.8864 -0.2315
vn -0.6888 0.6061 -0.3977
vn -0.4009 -0.8864 -0.2315
vn -0.6888 -0.6061 -0.3977
vn -0.2315 -0.8864 -0.4009
vn -0.4883 -0.2150 -0.8458
vn -0.3977 -0.6061 -0.6888
vn -0.3977 0.6061 -0.6888
vn -0.4883 0.2150 -0.8458
vn -0.2315 0.8864 -0.4009
vn -0.8470 0.4067 0.3422
vn -0.3746 -0.0000 -0.9272
vn 0.8470 -0.4067 -0.3422
vn 0.3746 -0.0000 0.9272
vn -0.3771 -0.9135 0.1524
vn 0.3771 0.9135 -0.1524
vn -0.3349 0.5150 0.7890
vn -0.9205 -0.0000 -0.3907
vn 0.3349 -0.5150 -0.7890
vn 0.9205 -0.0000 0.3907
vn -0.2012 -0.8572 0.4741
vn 0.2012 0.8572 -0.4741
vn 0.2952 0.6157 0.7306
vn -0.9272 -0.0000 0.3746
vn -0.2952 -0.6157 -0.7306
vn 0.9272 -0.0000 -0.3746
vn 0.2306 -0.7880 0.5708
vn -0.2306 0.7880 -0.5708
vn 0.8409 0.4067 0.3570
vn -0.3907 -0.0000 0.9205
vn -0.8409 -0.4067 -0.3570
vn 0.3907 -0.0000 -0.9205
vn 0.3744 -0.9135 0.1589
vn -0.3744 0.9135 -0.1589
vn -0.8409 -0.4067 -0.3569
vn 0.7948 0.5150 -0.3211
vn -0.7948 -0.5150 0.3211
vn 0.4775 -0.8572 -0.1929
vn -0.4775 0.8572 0.1929
vn 0.3079 0.6157 -0.7254
vn -0.3079 -0.6157 0.7254
vn 0.2406 -0.7880 -0.5667
vn -0.2406 0.7880 0.5667
vn -0.3422 0.4067 -0.8470
vn 0.3422 -0.4067 0.8470
vn -0.1524 -0.9135 -0.3771
vn 0.1524 0.9135 0.3771
vn -0.7890 0.5150 -0.3349
vn 0.7890 -0.5150 0.3349
vn -0.4741 -0.8572 -0.2012
vn 0.4741 0.8572 0.2012
vt 0.739384 0.176387
vt 0.742168 0.165870
vt 0.747045 0.168686
vt 0.029286 0.796965
vt 0.021345 0.796885
vt 0.021276 0.784715
vt 0.029231 0.787205
vt 0.012418 0.796882
vt 0.004275 0.796957
vt 0.004220 0.787196
vt 0.012350 0.784712
vt 0.682649 0.165545
vt 0.685498 0.176047
vt 0.677772 0.168361
vt 0.744334 0.157421
vt 0.753121 0.162495
vt 0.680298 0.157137
vt 0.671510 0.162212
vt 0.674957 0.173238
vt 0.666436 0.171001
vt 0.749860 0.173564
vt 0.062443 0.814052
vt 0.054399 0.818253
vt 0.054399 0.809328
vt 0.062443 0.806895
vt 0.004070 0.780135
vt 0.012163 0.775906
vt 0.758195 0.171284
vt 0.045471 0.818253
vt 0.045471 0.809328
vt 0.749860 0.179196
vt 0.054399 0.797113
vt 0.062443 0.797099
vt 0.037426 0.806895
vt 0.037426 0.797099
vt 0.045471 0.797113
vt 0.674957 0.178871
vt 0.758194 0.181433
vt 0.666437 0.181150
vt 0.054399 0.784879
vt 0.062443 0.787289
vt 0.037426 0.787289
vt 0.045471 0.784879
vt 0.677773 0.183748
vt 0.753120 0.190223
vt 0.747043 0.184074
vt 0.671512 0.189939
vt 0.682650 0.186565
vt 0.744331 0.195297
vt 0.742166 0.186890
vt 0.497146 0.765781
vt 0.506072 0.765778
vt 0.506259 0.774868
vt 0.497333 0.774871
vt 0.680300 0.195014
vt 0.489053 0.769939
vt 0.489203 0.777228
vt 0.037426 0.780093
vt 0.045471 0.775906
vt 0.734183 0.195297
vt 0.736535 0.186890
vt 0.506327 0.787143
vt 0.497401 0.787146
vt 0.688282 0.186565
vt 0.690448 0.195014
vt 0.489257 0.787072
vt 0.514214 0.777220
vt 0.514269 0.787064
vt 0.506259 0.799314
vt 0.497333 0.799317
vt 0.693159 0.183748
vt 0.699235 0.189939
vt 0.731658 0.184074
vt 0.489203 0.796832
vt 0.514214 0.796824
vt 0.725396 0.190223
vt 0.728842 0.179196
vt 0.497146 0.808123
vt 0.489053 0.803894
vt 0.377931 0.827041
vt 0.369887 0.822841
vt 0.369887 0.815684
vt 0.377931 0.818117
vt 0.695974 0.178871
vt 0.720322 0.181433
vt 0.386860 0.827041
vt 0.386860 0.818117
vt 0.704309 0.181150
vt 0.728843 0.173564
vt 0.394904 0.815684
vt 0.386860 0.805901
vt 0.394904 0.805888
vt 0.369887 0.805888
vt 0.377931 0.805901
vt 0.695974 0.173239
vt 0.720323 0.171284
vt 0.704308 0.171001
vt 0.369887 0.796078
vt 0.377931 0.793668
vt 0.693158 0.168361
vt 0.725397 0.162495
vt 0.731659 0.168686
vt 0.386860 0.793668
vt 0.699234 0.162212
vt 0.394904 0.796078
vt 0.734186 0.157421
vt 0.736536 0.165870
vt 0.021090 0.818250
vt 0.012163 0.818247
vt 0.012350 0.809157
vt 0.021276 0.809160
vt 0.688280 0.165545
vt 0.690445 0.157137
vt 0.386860 0.784695
vt 0.394904 0.788882
vt 0.004070 0.814090
vt 0.004220 0.806800
vt 0.029231 0.806809
vt 0.544970 0.186452
vt 0.524452 0.186452
vt 0.524452 0.004070
vt 0.544971 0.004070
vt 0.602282 0.186436
vt 0.581769 0.186430
vt 0.581769 0.004070
vt 0.602282 0.004077
vt 0.573629 0.186452
vt 0.553111 0.186452
vt 0.553111 0.004070
vt 0.573629 0.004070
vt 0.592805 0.286861
vt 0.613319 0.286854
vt 0.613319 0.469213
vt 0.592805 0.469220
vt 0.186428 0.186453
vt 0.004072 0.186453
vt 0.004070 0.004070
vt 0.186426 0.004070
vt 0.376924 0.186453
vt 0.194568 0.186453
vt 0.194570 0.004070
vt 0.376926 0.004070
vt 0.805311 0.981798
vt 0.796194 0.981795
vt 0.796140 0.973798
vt 0.805257 0.973801
vt 0.978204 0.973629
vt 0.969085 0.973629
vt 0.969085 0.966803
vt 0.978204 0.966803
vt 0.969085 0.958349
vt 0.978204 0.958349
vt 0.969085 0.951496
vt 0.978204 0.951496
vt 0.832635 0.685142
vt 0.841752 0.685139
vt 0.841807 0.693220
vt 0.832690 0.693223
vt 0.841752 0.701218
vt 0.832635 0.701221
vt 0.945668 0.700471
vt 0.936549 0.700471
vt 0.936549 0.693646
vt 0.945668 0.693646
vt 0.936549 0.685192
vt 0.945668 0.685192
vt 0.909269 0.531892
vt 0.909269 0.523439
vt 0.914238 0.516601
vt 0.922278 0.513990
vt 0.930318 0.516602
vt 0.935287 0.523441
vt 0.935287 0.531894
vt 0.930318 0.538732
vt 0.922278 0.541343
vt 0.914238 0.538731
vt 0.936549 0.678339
vt 0.945668 0.678339
vt 0.805257 0.989879
vt 0.796140 0.989876
vt 0.767065 0.920058
vt 0.767065 0.928511
vt 0.762096 0.935350
vt 0.754056 0.937963
vt 0.746016 0.935352
vt 0.741047 0.928514
vt 0.741047 0.920061
vt 0.746016 0.913222
vt 0.754056 0.910609
vt 0.762096 0.913220
vt 0.788000 0.981247
vt 0.778882 0.981244
vt 0.778828 0.973246
vt 0.787945 0.973249
vt 0.968538 0.808398
vt 0.959419 0.808398
vt 0.959419 0.801572
vt 0.968538 0.801572
vt 0.959419 0.793118
vt 0.968538 0.793118
vt 0.959419 0.786265
vt 0.968538 0.786265
vt 0.397173 0.967544
vt 0.406291 0.967541
vt 0.406345 0.975621
vt 0.397228 0.975624
vt 0.406291 0.983619
vt 0.397173 0.983622
vt 0.718163 0.968593
vt 0.709043 0.968593
vt 0.709043 0.961767
vt 0.718163 0.961767
vt 0.709043 0.953314
vt 0.718163 0.953314
vt 0.702779 0.470325
vt 0.694740 0.467714
vt 0.689771 0.460876
vt 0.689771 0.452422
vt 0.694740 0.445583
vt 0.702779 0.442969
vt 0.710818 0.445580
vt 0.715787 0.452419
vt 0.715787 0.460872
vt 0.710818 0.467712
vt 0.709043 0.946461
vt 0.718163 0.946461
vt 0.787945 0.989328
vt 0.778828 0.989325
vt 0.744975 0.467714
vt 0.736935 0.470325
vt 0.728896 0.467712
vt 0.723927 0.460872
vt 0.723927 0.452419
vt 0.728896 0.445580
vt 0.736935 0.442969
vt 0.744975 0.445583
vt 0.749943 0.452422
vt 0.749943 0.460876
vt 0.866570 0.980080
vt 0.857453 0.980077
vt 0.857399 0.972080
vt 0.866516 0.972083
vt 0.532794 0.969027
vt 0.523675 0.969027
vt 0.523675 0.962201
vt 0.532794 0.962201
vt 0.523675 0.953747
vt 0.532794 0.953747
vt 0.523675 0.946894
vt 0.532794 0.946894
vt 0.979486 0.740156
vt 0.988603 0.740153
vt 0.988658 0.748233
vt 0.979540 0.748236
vt 0.988603 0.756231
vt 0.979486 0.756234
vt 0.928409 0.700471
vt 0.919290 0.700471
vt 0.919290 0.693646
vt 0.928409 0.693646
vt 0.919290 0.685192
vt 0.928409 0.685192
vt 0.693967 0.928869
vt 0.693967 0.920416
vt 0.698936 0.913578
vt 0.706976 0.910967
vt 0.715015 0.913580
vt 0.719984 0.920419
vt 0.719984 0.928871
vt 0.715015 0.935709
vt 0.706976 0.938321
vt 0.698936 0.935708
vt 0.919290 0.678339
vt 0.928409 0.678339
vt 0.866516 0.988161
vt 0.857399 0.988158
vt 0.217543 0.879799
vt 0.222511 0.886638
vt 0.222511 0.895091
vt 0.217543 0.901931
vt 0.209503 0.904544
vt 0.201464 0.901933
vt 0.196495 0.895095
vt 0.196495 0.886641
vt 0.201464 0.879802
vt 0.209503 0.877188
vt 0.847133 0.984128
vt 0.838016 0.984125
vt 0.837962 0.976127
vt 0.847079 0.976130
vt 0.340548 0.978510
vt 0.331428 0.978510
vt 0.331428 0.971684
vt 0.340548 0.971684
vt 0.331428 0.963230
vt 0.340548 0.963230
vt 0.331428 0.956378
vt 0.340548 0.956378
vt 0.592469 0.972999
vt 0.601586 0.972996
vt 0.601641 0.981077
vt 0.592523 0.981080
vt 0.601586 0.989074
vt 0.592469 0.989077
vt 0.357807 0.978510
vt 0.348688 0.978510
vt 0.348688 0.971684
vt 0.357807 0.971684
vt 0.348688 0.963230
vt 0.357807 0.963230
vt 0.562802 0.936142
vt 0.557833 0.929304
vt 0.557833 0.920851
vt 0.562802 0.914013
vt 0.570842 0.911400
vt 0.578882 0.914011
vt 0.583851 0.920849
vt 0.583851 0.929302
vt 0.578882 0.936141
vt 0.570842 0.938754
vt 0.348688 0.956378
vt 0.357807 0.956378
vt 0.847079 0.992209
vt 0.837962 0.992206
vt 0.549693 0.920849
vt 0.549693 0.929302
vt 0.544724 0.936141
vt 0.536684 0.938754
vt 0.528644 0.936143
vt 0.523675 0.929305
vt 0.523675 0.920852
vt 0.528644 0.914013
vt 0.536684 0.911400
vt 0.544724 0.914011
vt 0.286049 0.985814
vt 0.276932 0.985811
vt 0.276877 0.977813
vt 0.285994 0.977816
vt 0.960945 0.988286
vt 0.951826 0.988286
vt 0.951826 0.981460
vt 0.960945 0.981460
vt 0.951826 0.973006
vt 0.960945 0.973006
vt 0.951826 0.966153
vt 0.960945 0.966153
vt 0.004070 0.978542
vt 0.013187 0.978539
vt 0.013242 0.986620
vt 0.004125 0.986623
vt 0.013187 0.994617
vt 0.004070 0.994620
vt 0.982945 0.026203
vt 0.973826 0.026203
vt 0.973826 0.019377
vt 0.982945 0.019377
vt 0.973826 0.010923
vt 0.982945 0.010923
vt 0.891555 0.906059
vt 0.896523 0.899220
vt 0.904563 0.896609
vt 0.912602 0.899223
vt 0.917571 0.906062
vt 0.917571 0.914516
vt 0.912602 0.921354
vt 0.904563 0.923965
vt 0.896523 0.921352
vt 0.891555 0.914512
vt 0.973826 0.004070
vt 0.982945 0.004070
vt 0.285994 0.993895
vt 0.276877 0.993892
vt 0.878446 0.885315
vt 0.883415 0.892154
vt 0.883415 0.900607
vt 0.878446 0.907447
vt 0.870407 0.910060
vt 0.862367 0.907449
vt 0.857399 0.900611
vt 0.857399 0.892157
vt 0.862368 0.885318
vt 0.870407 0.882704
vt 0.303361 0.985614
vt 0.294244 0.985611
vt 0.294189 0.977613
vt 0.303306 0.977616
vt 0.982945 0.056475
vt 0.973826 0.056475
vt 0.973826 0.049649
vt 0.982945 0.049649
vt 0.973826 0.041196
vt 0.982945 0.041196
vt 0.973826 0.034343
vt 0.982945 0.034343
vt 0.037426 0.978544
vt 0.046543 0.978541
vt 0.046598 0.986622
vt 0.037481 0.986625
vt 0.046543 0.994619
vt 0.037426 0.994622
vt 0.983612 0.103020
vt 0.974493 0.103020
vt 0.974493 0.096194
vt 0.983612 0.096194
vt 0.974493 0.087740
vt 0.983612 0.087740
vt 0.914127 0.634703
vt 0.906087 0.632092
vt 0.901119 0.625253
vt 0.901119 0.616800
vt 0.906087 0.609960
vt 0.914127 0.607347
vt 0.922166 0.609958
vt 0.927135 0.616796
vt 0.927135 0.625250
vt 0.922166 0.632089
vt 0.974493 0.080887
vt 0.983612 0.080887
vt 0.303306 0.993694
vt 0.294189 0.993691
vt 0.078858 0.893338
vt 0.083826 0.900177
vt 0.083826 0.908630
vt 0.078858 0.915470
vt 0.070818 0.918083
vt 0.062779 0.915472
vt 0.057811 0.908634
vt 0.057811 0.900180
vt 0.062779 0.893340
vt 0.070818 0.890727
vt 0.321560 0.987552
vt 0.312443 0.987549
vt 0.312388 0.979551
vt 0.321505 0.979555
vt 0.983612 0.133292
vt 0.974493 0.133292
vt 0.974493 0.126466
vt 0.983612 0.126466
vt 0.974493 0.118013
vt 0.983612 0.118013
vt 0.974493 0.111160
vt 0.983612 0.111160
vt 0.540986 0.977170
vt 0.550103 0.977167
vt 0.550158 0.985247
vt 0.541041 0.985250
vt 0.550103 0.993245
vt 0.540986 0.993248
vt 0.985156 0.838670
vt 0.976037 0.838670
vt 0.976037 0.831844
vt 0.985156 0.831844
vt 0.976037 0.823391
vt 0.985156 0.823391
vt 0.906129 0.013520
vt 0.911098 0.006681
vt 0.919137 0.004070
vt 0.927176 0.006683
vt 0.932145 0.013523
vt 0.932145 0.021977
vt 0.927176 0.028815
vt 0.919137 0.031426
vt 0.911098 0.028813
vt 0.906129 0.021973
vt 0.976037 0.816538
vt 0.985156 0.816538
vt 0.321505 0.995633
vt 0.312388 0.995630
vt 0.927176 0.042178
vt 0.932145 0.049016
vt 0.932145 0.057469
vt 0.927176 0.064309
vt 0.919137 0.066923
vt 0.911098 0.064311
vt 0.906129 0.057473
vt 0.906129 0.049019
vt 0.911098 0.042180
vt 0.919137 0.039566
vt 0.187860 0.987133
vt 0.178743 0.987130
vt 0.178688 0.979132
vt 0.187805 0.979135
vt 0.985156 0.868943
vt 0.976037 0.868943
vt 0.976037 0.862117
vt 0.985156 0.862117
vt 0.976037 0.853663
vt 0.985156 0.853663
vt 0.976037 0.846810
vt 0.985156 0.846810
vt 0.638627 0.977685
vt 0.647744 0.977682
vt 0.647799 0.985762
vt 0.638682 0.985765
vt 0.647744 0.993760
vt 0.638627 0.993763
vt 0.988605 0.732012
vt 0.979486 0.732012
vt 0.979486 0.725187
vt 0.988605 0.725187
vt 0.979486 0.716733
vt 0.988605 0.716733
vt 0.382895 0.905323
vt 0.374856 0.902712
vt 0.369887 0.895874
vt 0.369887 0.887420
vt 0.374856 0.880581
vt 0.382895 0.877967
vt 0.390934 0.880578
vt 0.395903 0.887417
vt 0.395903 0.895870
vt 0.390934 0.902710
vt 0.979486 0.709880
vt 0.988605 0.709880
vt 0.187805 0.995213
vt 0.178688 0.995210
vt 0.922166 0.667588
vt 0.914127 0.670199
vt 0.906087 0.667585
vt 0.901119 0.660746
vt 0.901119 0.652292
vt 0.906087 0.645454
vt 0.914127 0.642843
vt 0.922166 0.645456
vt 0.927135 0.652296
vt 0.927135 0.660749
vt 0.993826 0.615348
vt 0.984709 0.615345
vt 0.984655 0.607347
vt 0.993772 0.607350
vt 0.985382 0.536122
vt 0.976263 0.536122
vt 0.976263 0.529296
vt 0.985382 0.529296
vt 0.976263 0.520842
vt 0.985382 0.520842
vt 0.976263 0.513990
vt 0.985382 0.513990
vt 0.709043 0.976737
vt 0.718161 0.976734
vt 0.718215 0.984814
vt 0.709098 0.984817
vt 0.718161 0.992812
vt 0.709043 0.992815
vt 0.985382 0.566395
vt 0.976263 0.566395
vt 0.976263 0.559569
vt 0.985382 0.559569
vt 0.976263 0.551115
vt 0.985382 0.551115
vt 0.489053 0.912114
vt 0.494021 0.905276
vt 0.502061 0.902665
vt 0.510100 0.905278
vt 0.515069 0.912118
vt 0.515069 0.920571
vt 0.510100 0.927410
vt 0.502061 0.930021
vt 0.494021 0.927408
vt 0.489053 0.920568
vt 0.976263 0.544262
vt 0.985382 0.544262
vt 0.993772 0.623428
vt 0.984655 0.623425
vt 0.299280 0.890844
vt 0.304248 0.897683
vt 0.304248 0.906136
vt 0.299280 0.912976
vt 0.291240 0.915589
vt 0.283201 0.912978
vt 0.278232 0.906140
vt 0.278232 0.897686
vt 0.283201 0.890847
vt 0.291240 0.888233
vt 0.157218 0.987151
vt 0.148101 0.987148
vt 0.148046 0.979150
vt 0.157164 0.979153
vt 0.550053 0.969027
vt 0.540934 0.969027
vt 0.540934 0.962201
vt 0.550053 0.962201
vt 0.540934 0.953747
vt 0.550053 0.953747
vt 0.540934 0.946894
vt 0.550053 0.946894
vt 0.984655 0.631571
vt 0.993772 0.631568
vt 0.993826 0.639649
vt 0.984709 0.639652
vt 0.993772 0.647647
vt 0.984655 0.647650
vt 0.985382 0.596667
vt 0.976263 0.596667
vt 0.976263 0.589842
vt 0.985382 0.589842
vt 0.976263 0.581388
vt 0.985382 0.581388
vt 0.892217 0.574121
vt 0.897185 0.567283
vt 0.905225 0.564672
vt 0.913264 0.567285
vt 0.918233 0.574125
vt 0.918233 0.582578
vt 0.913264 0.589417
vt 0.905225 0.592028
vt 0.897185 0.589415
vt 0.892217 0.582575
vt 0.976263 0.574535
vt 0.985382 0.574535
vt 0.157164 0.995232
vt 0.148046 0.995228
vt 0.253468 0.915674
vt 0.245428 0.918285
vt 0.237389 0.915672
vt 0.232420 0.908832
vt 0.232420 0.900379
vt 0.237389 0.893541
vt 0.245428 0.890930
vt 0.253468 0.893543
vt 0.258436 0.900383
vt 0.258436 0.908836
vt 0.995516 0.959497
vt 0.986399 0.959494
vt 0.986344 0.951497
vt 0.995461 0.951500
vt 0.985456 0.467780
vt 0.976337 0.467780
vt 0.976337 0.460955
vt 0.985456 0.460955
vt 0.976337 0.452501
vt 0.985456 0.452501
vt 0.976337 0.445648
vt 0.985456 0.445648
vt 0.984655 0.655793
vt 0.993772 0.655790
vt 0.993826 0.663870
vt 0.984709 0.663873
vt 0.993772 0.671868
vt 0.984655 0.671871
vt 0.567312 0.969026
vt 0.558193 0.969026
vt 0.558193 0.962201
vt 0.567312 0.962201
vt 0.558193 0.953747
vt 0.567312 0.953747
vt 0.906796 0.090337
vt 0.911765 0.083498
vt 0.919804 0.080887
vt 0.927843 0.083500
vt 0.932812 0.090340
vt 0.932812 0.098794
vt 0.927843 0.105632
vt 0.919804 0.108243
vt 0.911765 0.105630
vt 0.906796 0.098790
vt 0.558193 0.946894
vt 0.567312 0.946894
vt 0.995461 0.967578
vt 0.986344 0.967575
vt 0.659675 0.919081
vt 0.651635 0.921692
vt 0.643596 0.919079
vt 0.638627 0.912239
vt 0.638627 0.903786
vt 0.643596 0.896947
vt 0.651635 0.894336
vt 0.659675 0.896950
vt 0.664643 0.903789
vt 0.664643 0.912243
vt 0.567470 0.985167
vt 0.558353 0.985164
vt 0.558298 0.977167
vt 0.567415 0.977170
vt 0.985456 0.498053
vt 0.976337 0.498053
vt 0.976337 0.491227
vt 0.985456 0.491227
vt 0.976337 0.482773
vt 0.985456 0.482773
vt 0.976337 0.475921
vt 0.985456 0.475921
vt 0.984284 0.896612
vt 0.993401 0.896609
vt 0.993456 0.904690
vt 0.984338 0.904693
vt 0.993401 0.912687
vt 0.984284 0.912690
vt 0.985797 0.808398
vt 0.976678 0.808398
vt 0.976678 0.801572
vt 0.985797 0.801572
vt 0.976678 0.793118
vt 0.985797 0.793118
vt 0.906796 0.125833
vt 0.911765 0.118994
vt 0.919804 0.116383
vt 0.927843 0.118997
vt 0.932812 0.125836
vt 0.932812 0.134290
vt 0.927843 0.141128
vt 0.919804 0.143739
vt 0.911765 0.141126
vt 0.906796 0.134286
vt 0.976678 0.786265
vt 0.985797 0.786265
vt 0.567415 0.993248
vt 0.558298 0.993245
vt 0.169094 0.920957
vt 0.161054 0.923568
vt 0.153015 0.920955
vt 0.148046 0.914115
vt 0.148046 0.905662
vt 0.153015 0.898823
vt 0.161054 0.896212
vt 0.169094 0.898826
vt 0.174062 0.905665
vt 0.174062 0.914119
vt 0.124779 0.987849
vt 0.115661 0.987846
vt 0.115607 0.979849
vt 0.124724 0.979852
vt 0.987010 0.179014
vt 0.977891 0.179014
vt 0.977891 0.172188
vt 0.987010 0.172188
vt 0.977891 0.163734
vt 0.987010 0.163734
vt 0.977891 0.156881
vt 0.987010 0.156881
vt 0.986344 0.975721
vt 0.995461 0.975718
vt 0.995516 0.983799
vt 0.986399 0.983802
vt 0.995461 0.991796
vt 0.986344 0.991799
vt 0.987010 0.209286
vt 0.977891 0.209286
vt 0.977891 0.202460
vt 0.987010 0.202460
vt 0.977891 0.194007
vt 0.987010 0.194007
vt 0.917087 0.393446
vt 0.909048 0.390835
vt 0.904079 0.383996
vt 0.904079 0.375543
vt 0.909048 0.368703
vt 0.917087 0.366090
vt 0.925126 0.368701
vt 0.930095 0.375539
vt 0.930095 0.383993
vt 0.925126 0.390832
vt 0.977891 0.187154
vt 0.987010 0.187154
vt 0.124724 0.995930
vt 0.115607 0.995927
vt 0.925127 0.426331
vt 0.917087 0.428942
vt 0.909048 0.426328
vt 0.904079 0.419489
vt 0.904079 0.411035
vt 0.909048 0.404197
vt 0.917087 0.401586
vt 0.925127 0.404199
vt 0.930095 0.411039
vt 0.930095 0.419492
vt 0.900726 0.987458
vt 0.891609 0.987455
vt 0.891555 0.979458
vt 0.900672 0.979461
vt 0.423769 0.974437
vt 0.414650 0.974437
vt 0.414650 0.967611
vt 0.423769 0.967611
vt 0.414650 0.959157
vt 0.423769 0.959157
vt 0.414650 0.952304
vt 0.423769 0.952304
vt 0.523675 0.977170
vt 0.532792 0.977167
vt 0.532846 0.985247
vt 0.523729 0.985250
vt 0.532792 0.993245
vt 0.523675 0.993248
vt 0.987022 0.247355
vt 0.977903 0.247355
vt 0.977903 0.240529
vt 0.987022 0.240529
vt 0.977903 0.232076
vt 0.987022 0.232076
vt 0.113291 0.923939
vt 0.105252 0.921328
vt 0.100283 0.914490
vt 0.100283 0.906037
vt 0.105252 0.899197
vt 0.113292 0.896583
vt 0.121331 0.899195
vt 0.126300 0.906033
vt 0.126300 0.914486
vt 0.121331 0.921326
vt 0.977903 0.225223
vt 0.987022 0.225223
vt 0.900672 0.995539
vt 0.891555 0.995536
vt 0.925127 0.461827
vt 0.917087 0.464438
vt 0.909048 0.461824
vt 0.904079 0.454985
vt 0.904079 0.446531
vt 0.909048 0.439693
vt 0.917087 0.437082
vt 0.925126 0.439695
vt 0.930095 0.446535
vt 0.930095 0.454988
vt 0.993456 0.928831
vt 0.984338 0.928828
vt 0.984284 0.920831
vt 0.993401 0.920834
vt 0.205615 0.975394
vt 0.196495 0.975394
vt 0.196495 0.968568
vt 0.205615 0.968568
vt 0.196495 0.960114
vt 0.205615 0.960114
vt 0.196495 0.953261
vt 0.205615 0.953261
vt 0.984655 0.680014
vt 0.993772 0.680011
vt 0.993826 0.688092
vt 0.984709 0.688095
vt 0.993772 0.696089
vt 0.984655 0.696092
vt 0.222874 0.975394
vt 0.213755 0.975394
vt 0.213755 0.968568
vt 0.222874 0.968568
vt 0.213755 0.960114
vt 0.222874 0.960114
vt 0.459731 0.936857
vt 0.451692 0.934246
vt 0.446723 0.927408
vt 0.446723 0.918954
vt 0.451692 0.912115
vt 0.459731 0.909501
vt 0.467771 0.912112
vt 0.472739 0.918950
vt 0.472739 0.927404
vt 0.467771 0.934244
vt 0.213755 0.953261
vt 0.222874 0.953261
vt 0.993401 0.936912
vt 0.984284 0.936909
vt 0.932386 0.250699
vt 0.924347 0.253310
vt 0.916308 0.250696
vt 0.911339 0.243857
vt 0.911339 0.235403
vt 0.916308 0.228565
vt 0.924347 0.225954
vt 0.932386 0.228567
vt 0.937355 0.235407
vt 0.937355 0.243860
vt 0.107467 0.987504
vt 0.098350 0.987501
vt 0.098295 0.979504
vt 0.107412 0.979507
vt 0.379006 0.976125
vt 0.369887 0.976125
vt 0.369887 0.969299
vt 0.379006 0.969299
vt 0.369887 0.960845
vt 0.379006 0.960845
vt 0.369887 0.953992
vt 0.379006 0.953992
vt 0.820650 0.976299
vt 0.829767 0.976295
vt 0.829821 0.984376
vt 0.820704 0.984379
vt 0.829767 0.992374
vt 0.820650 0.992377
vt 0.987022 0.277628
vt 0.977903 0.277628
vt 0.977903 0.270802
vt 0.987022 0.270802
vt 0.977903 0.262348
vt 0.987022 0.262348
vt 0.922277 0.505849
vt 0.914237 0.503238
vt 0.909269 0.496400
vt 0.909269 0.487946
vt 0.914237 0.481107
vt 0.922277 0.478493
vt 0.930316 0.481105
vt 0.935285 0.487943
vt 0.935285 0.496396
vt 0.930316 0.503236
vt 0.977903 0.255495
vt 0.987022 0.255495
vt 0.107412 0.995585
vt 0.098295 0.995582
vt 0.932386 0.286195
vt 0.924347 0.288806
vt 0.916308 0.286192
vt 0.911339 0.279353
vt 0.911339 0.270899
vt 0.916308 0.264061
vt 0.924347 0.261450
vt 0.932386 0.264063
vt 0.937355 0.270903
vt 0.937355 0.279356
vt 0.627511 0.547233
vt 0.627511 0.478854
vt 0.645215 0.478749
vt 0.645215 0.547127
vt 0.446723 0.696648
vt 0.446723 0.628254
vt 0.459705 0.628254
vt 0.459705 0.696648
vt 0.477474 0.628254
vt 0.477474 0.696648
vt 0.495270 0.628254
vt 0.495270 0.696648
vt 0.621459 0.434829
vt 0.621459 0.366451
vt 0.634682 0.366183
vt 0.634682 0.434562
vt 0.652538 0.366090
vt 0.652538 0.434468
vt 0.670242 0.366195
vt 0.670242 0.434574
vt 0.648483 0.701740
vt 0.648483 0.633346
vt 0.661465 0.633346
vt 0.661465 0.701740
vt 0.679234 0.633346
vt 0.679234 0.701740
vt 0.697029 0.633346
vt 0.697029 0.701740
vt 0.455927 0.491694
vt 0.471868 0.482490
vt 0.490275 0.482492
vt 0.506216 0.491697
vt 0.515419 0.507641
vt 0.515419 0.526050
vt 0.506216 0.541993
vt 0.490275 0.551197
vt 0.471868 0.551195
vt 0.455927 0.541990
vt 0.446723 0.526046
vt 0.446723 0.507637
vt 0.596432 0.546872
vt 0.596432 0.478494
vt 0.609655 0.478761
vt 0.609655 0.547139
vt 0.413438 0.482599
vt 0.429379 0.491803
vt 0.438583 0.507745
vt 0.438583 0.526155
vt 0.429379 0.542099
vt 0.413439 0.551304
vt 0.395032 0.551305
vt 0.379091 0.542102
vt 0.369887 0.526159
vt 0.369887 0.507750
vt 0.379090 0.491806
vt 0.395031 0.482600
vt 0.344754 0.601918
vt 0.360253 0.601836
vt 0.360506 0.624533
vt 0.345008 0.624614
vt 0.811138 0.004070
vt 0.826640 0.004070
vt 0.826640 0.020714
vt 0.811138 0.020714
vt 0.826640 0.043495
vt 0.811138 0.043495
vt 0.826640 0.066309
vt 0.811138 0.066309
vt 0.185728 0.687369
vt 0.170230 0.687288
vt 0.169976 0.670334
vt 0.185475 0.670415
vt 0.169976 0.647442
vt 0.185475 0.647523
vt 0.170230 0.624745
vt 0.185728 0.624826
vt 0.581398 0.825494
vt 0.565895 0.825494
vt 0.565895 0.808851
vt 0.581398 0.808851
vt 0.565895 0.786069
vt 0.581398 0.786069
vt 0.565895 0.763255
vt 0.581398 0.763255
vt 0.112083 0.206392
vt 0.132520 0.194593
vt 0.156119 0.194594
vt 0.176556 0.206396
vt 0.188355 0.226837
vt 0.188355 0.250439
vt 0.176556 0.270878
vt 0.156119 0.282678
vt 0.132520 0.282676
vt 0.112083 0.270874
vt 0.100284 0.250433
vt 0.100284 0.226831
vt 0.345008 0.562071
vt 0.360506 0.561990
vt 0.360253 0.578944
vt 0.344754 0.579025
vt 0.059909 0.194593
vt 0.080345 0.206394
vt 0.092143 0.226833
vt 0.092142 0.250435
vt 0.080341 0.270875
vt 0.059903 0.282676
vt 0.036305 0.282676
vt 0.015868 0.270875
vt 0.004070 0.250435
vt 0.004072 0.226833
vt 0.015872 0.206394
vt 0.036310 0.194593
vt 0.682641 0.547212
vt 0.682641 0.478833
vt 0.699324 0.478734
vt 0.699324 0.547113
vt 0.666436 0.072464
vt 0.666436 0.004070
vt 0.678670 0.004070
vt 0.678670 0.072464
vt 0.695414 0.004070
vt 0.695414 0.072464
vt 0.712182 0.004070
vt 0.712182 0.072464
vt 0.592469 0.706846
vt 0.592469 0.638468
vt 0.604929 0.638216
vt 0.604929 0.706594
vt 0.621755 0.638128
vt 0.621755 0.706506
vt 0.638437 0.638227
vt 0.638437 0.706605
vt 0.666436 0.148997
vt 0.666436 0.080604
vt 0.678670 0.080604
vt 0.678670 0.148997
vt 0.695414 0.080604
vt 0.695414 0.148997
vt 0.712182 0.080604
vt 0.712182 0.148997
vt 0.532232 0.491163
vt 0.547253 0.482490
vt 0.564598 0.482491
vt 0.579619 0.491166
vt 0.588292 0.506190
vt 0.588292 0.523537
vt 0.579619 0.538560
vt 0.564598 0.547233
vt 0.547253 0.547232
vt 0.532232 0.538557
vt 0.523559 0.523533
vt 0.523559 0.506186
vt 0.653355 0.546872
vt 0.653355 0.478494
vt 0.665815 0.478745
vt 0.665815 0.547124
vt 0.578792 0.206484
vt 0.593812 0.215158
vt 0.602484 0.230181
vt 0.602483 0.247529
vt 0.593809 0.262552
vt 0.578788 0.271225
vt 0.561442 0.271225
vt 0.546422 0.262552
vt 0.537750 0.247529
vt 0.537751 0.230181
vt 0.546425 0.215158
vt 0.561447 0.206484
vt 0.100284 0.823981
vt 0.115782 0.823900
vt 0.116025 0.845575
vt 0.100526 0.845656
vt 0.163549 0.845285
vt 0.148046 0.845285
vt 0.148046 0.829390
vt 0.163549 0.829390
vt 0.148046 0.807634
vt 0.163549 0.807634
vt 0.148046 0.785846
vt 0.163549 0.785846
vt 0.139906 0.845656
vt 0.124407 0.845575
vt 0.124165 0.829384
vt 0.139664 0.829465
vt 0.124165 0.807522
vt 0.139664 0.807603
vt 0.124407 0.785846
vt 0.139906 0.785927
vt 0.187192 0.845285
vt 0.171689 0.845285
vt 0.171689 0.829390
vt 0.187192 0.829390
vt 0.171689 0.807634
vt 0.187192 0.807634
vt 0.171689 0.785846
vt 0.187192 0.785846
vt 0.207764 0.205861
vt 0.227281 0.194593
vt 0.249818 0.194594
vt 0.269336 0.205865
vt 0.280604 0.225386
vt 0.280604 0.247926
vt 0.269336 0.267445
vt 0.249818 0.278714
vt 0.227281 0.278712
vt 0.207764 0.267441
vt 0.196495 0.247920
vt 0.196495 0.225381
vt 0.100526 0.785927
vt 0.116025 0.785846
vt 0.115782 0.802037
vt 0.100284 0.802118
vt 0.249821 0.286854
vt 0.269338 0.298124
vt 0.280605 0.317644
vt 0.280604 0.340184
vt 0.269334 0.359704
vt 0.249816 0.370974
vt 0.227279 0.370974
vt 0.207763 0.359704
vt 0.196495 0.340184
vt 0.196497 0.317644
vt 0.207766 0.298124
vt 0.227285 0.286854
vt 0.704960 0.355552
vt 0.704960 0.287173
vt 0.720621 0.287080
vt 0.720621 0.355458
vt 0.705170 0.701740
vt 0.705170 0.633346
vt 0.716654 0.633346
vt 0.716654 0.701740
vt 0.732373 0.633346
vt 0.732373 0.701740
vt 0.748115 0.633346
vt 0.748115 0.701740
vt 0.678382 0.434787
vt 0.678382 0.366409
vt 0.690079 0.366173
vt 0.690079 0.434551
vt 0.705875 0.366090
vt 0.705875 0.434468
vt 0.721536 0.366183
vt 0.721536 0.434562
vt 0.704497 0.623766
vt 0.704497 0.555373
vt 0.715982 0.555373
vt 0.715982 0.623766
vt 0.731701 0.555373
vt 0.731701 0.623766
vt 0.747442 0.555373
vt 0.747442 0.623766
vt 0.531701 0.563515
vt 0.545802 0.555373
vt 0.562086 0.555374
vt 0.576187 0.563518
vt 0.584329 0.577622
vt 0.584329 0.593907
vt 0.576187 0.608010
vt 0.562086 0.616152
vt 0.545802 0.616150
vt 0.531701 0.608007
vt 0.523559 0.593903
vt 0.523559 0.577618
vt 0.677467 0.355233
vt 0.677467 0.286854
vt 0.689164 0.287090
vt 0.689164 0.355469
vt 0.485252 0.559337
vt 0.499353 0.567479
vt 0.507494 0.581583
vt 0.507493 0.597868
vt 0.499350 0.611972
vt 0.485248 0.620114
vt 0.468965 0.620114
vt 0.454864 0.611972
vt 0.446723 0.597868
vt 0.446724 0.581583
vt 0.454867 0.567479
vt 0.468969 0.559337
vt 0.648483 0.822755
vt 0.663982 0.822674
vt 0.664213 0.843328
vt 0.648714 0.843409
vt 0.756982 0.843293
vt 0.741479 0.843293
vt 0.741479 0.828147
vt 0.756982 0.828147
vt 0.741479 0.807416
vt 0.756982 0.807416
vt 0.741479 0.786655
vt 0.756982 0.786655
vt 0.709696 0.843650
vt 0.694198 0.843569
vt 0.693967 0.828141
vt 0.709466 0.828222
vt 0.693967 0.807309
vt 0.709466 0.807390
vt 0.694198 0.786655
vt 0.709696 0.786736
vt 0.733339 0.843293
vt 0.717837 0.843293
vt 0.717837 0.828147
vt 0.733339 0.828147
vt 0.717837 0.807416
vt 0.733339 0.807416
vt 0.717837 0.786655
vt 0.733339 0.786655
vt 0.299480 0.205332
vt 0.318078 0.194593
vt 0.339552 0.194593
vt 0.358151 0.205332
vt 0.368890 0.223932
vt 0.368891 0.245410
vt 0.358155 0.264010
vt 0.339557 0.274749
vt 0.318083 0.274749
vt 0.299484 0.264010
vt 0.288746 0.245410
vt 0.288744 0.223932
vt 0.648714 0.786495
vt 0.664213 0.786413
vt 0.663982 0.801842
vt 0.648483 0.801923
vt 0.339556 0.286854
vt 0.358153 0.297592
vt 0.368891 0.316191
vt 0.368891 0.337669
vt 0.358153 0.356270
vt 0.339556 0.367010
vt 0.318081 0.367011
vt 0.299483 0.356273
vt 0.288746 0.337674
vt 0.288746 0.316196
vt 0.299483 0.297595
vt 0.318081 0.286855
vt 0.746022 0.072747
vt 0.746022 0.004368
vt 0.760662 0.004281
vt 0.760662 0.072660
vt 0.720322 0.149280
vt 0.720322 0.080887
vt 0.731058 0.080887
vt 0.731058 0.149280
vt 0.745751 0.080887
vt 0.745751 0.149280
vt 0.760467 0.080887
vt 0.760467 0.149280
vt 0.707464 0.547170
vt 0.707464 0.478792
vt 0.718398 0.478571
vt 0.718398 0.546949
vt 0.733164 0.478494
vt 0.733164 0.546872
vt 0.747804 0.478581
vt 0.747804 0.546959
vt 0.722638 0.274878
vt 0.722638 0.206484
vt 0.733374 0.206484
vt 0.733374 0.274878
vt 0.748067 0.206484
vt 0.748067 0.274878
vt 0.762783 0.206484
vt 0.762783 0.274878
vt 0.296356 0.653248
vt 0.309538 0.645637
vt 0.324759 0.645638
vt 0.337941 0.653251
vt 0.345552 0.666435
vt 0.345552 0.681658
vt 0.337941 0.694841
vt 0.324759 0.702452
vt 0.309538 0.702451
vt 0.296356 0.694839
vt 0.288746 0.681654
vt 0.288746 0.666431
vt 0.720322 0.072449
vt 0.720322 0.004070
vt 0.731257 0.004291
vt 0.731257 0.072670
vt 0.405903 0.643207
vt 0.419084 0.650819
vt 0.426694 0.664002
vt 0.426693 0.679226
vt 0.419082 0.692409
vt 0.405899 0.700021
vt 0.390678 0.700021
vt 0.377497 0.692409
vt 0.369887 0.679226
vt 0.369888 0.664002
vt 0.377499 0.650819
vt 0.390682 0.643207
vt 0.834781 0.038618
vt 0.850280 0.038537
vt 0.850499 0.058170
vt 0.835000 0.058251
vt 0.874142 0.057907
vt 0.858639 0.057907
vt 0.858639 0.043510
vt 0.874142 0.043510
vt 0.858639 0.023804
vt 0.874142 0.023804
vt 0.858639 0.004070
vt 0.874142 0.004070
vt 0.837723 0.868472
vt 0.822224 0.868391
vt 0.822005 0.853726
vt 0.837504 0.853807
vt 0.822005 0.833924
vt 0.837504 0.834005
vt 0.822224 0.814291
vt 0.837723 0.814373
vt 0.304248 0.880093
vt 0.288746 0.880093
vt 0.288746 0.865696
vt 0.304248 0.865696
vt 0.288746 0.845991
vt 0.304248 0.845991
vt 0.288746 0.826256
vt 0.304248 0.826256
vt 0.110490 0.301024
vt 0.128168 0.290818
vt 0.148581 0.290819
vt 0.166259 0.301028
vt 0.176466 0.318709
vt 0.176466 0.339125
vt 0.166259 0.356804
vt 0.148581 0.367011
vt 0.128168 0.367010
vt 0.110490 0.356801
vt 0.100283 0.339120
vt 0.100283 0.318704
vt 0.835000 0.004151
vt 0.850499 0.004070
vt 0.850280 0.018735
vt 0.834781 0.018816
vt 0.052368 0.290816
vt 0.070046 0.301023
vt 0.080252 0.318703
vt 0.080252 0.339118
vt 0.070046 0.356799
vt 0.052368 0.367008
vt 0.031955 0.367010
vt 0.014277 0.356803
vt 0.004070 0.339123
vt 0.004070 0.318707
vt 0.014277 0.301026
vt 0.031955 0.290817
vt 0.752668 0.355510
vt 0.752668 0.287131
vt 0.766287 0.287050
vt 0.766287 0.355429
vt 0.369887 0.776555
vt 0.369887 0.708161
vt 0.379873 0.708161
vt 0.379873 0.776555
vt 0.393542 0.708161
vt 0.393542 0.776555
vt 0.407230 0.708161
vt 0.407230 0.776555
vt 0.729677 0.434746
vt 0.729677 0.366367
vt 0.739848 0.366162
vt 0.739848 0.434540
vt 0.753583 0.366090
vt 0.753583 0.434468
vt 0.767202 0.366171
vt 0.767202 0.434549
vt 0.648483 0.778273
vt 0.648483 0.709880
vt 0.658469 0.709880
vt 0.658469 0.778273
vt 0.672138 0.709880
vt 0.672138 0.778273
vt 0.685826 0.709880
vt 0.685826 0.778273
vt 0.530638 0.709346
vt 0.542900 0.702265
vt 0.557059 0.702265
vt 0.569322 0.709345
vt 0.576402 0.721609
vt 0.576403 0.735770
vt 0.569324 0.748034
vt 0.557062 0.755115
vt 0.542903 0.755115
vt 0.530640 0.748034
vt 0.523560 0.735770
vt 0.523559 0.721609
vt 0.728761 0.355233
vt 0.728761 0.286854
vt 0.738933 0.287059
vt 0.738933 0.355438
vt 0.480226 0.704788
vt 0.492488 0.711869
vt 0.499567 0.724132
vt 0.499566 0.738294
vt 0.492486 0.750557
vt 0.480223 0.757638
vt 0.466064 0.757638
vt 0.453802 0.750557
vt 0.446723 0.738294
vt 0.446724 0.724132
vt 0.453804 0.711869
vt 0.466067 0.704788
vt 0.565895 0.866390
vt 0.581394 0.866308
vt 0.581602 0.884920
vt 0.566103 0.885001
vt 0.767065 0.902469
vt 0.751562 0.902469
vt 0.751562 0.888821
vt 0.767065 0.888821
vt 0.751562 0.870141
vt 0.767065 0.870141
vt 0.751562 0.851433
vt 0.767065 0.851433
vt 0.897989 0.055437
vt 0.882490 0.055355
vt 0.882282 0.041453
vt 0.897781 0.041534
vt 0.882282 0.022681
vt 0.897781 0.022763
vt 0.882490 0.004070
vt 0.897989 0.004151
vt 0.709469 0.902827
vt 0.693967 0.902827
vt 0.693967 0.889179
vt 0.709469 0.889179
vt 0.693967 0.870498
vt 0.709469 0.870498
vt 0.693967 0.851790
vt 0.709469 0.851791
vt 0.467067 0.216160
vt 0.483825 0.206484
vt 0.503176 0.206485
vt 0.519935 0.216163
vt 0.529610 0.232924
vt 0.529610 0.252278
vt 0.519935 0.269038
vt 0.503176 0.278714
vt 0.483825 0.278713
vt 0.467067 0.269035
vt 0.457391 0.252273
vt 0.457391 0.232920
vt 0.566103 0.833716
vt 0.581602 0.833634
vt 0.581394 0.847537
vt 0.565895 0.847618
vt 0.422819 0.206485
vt 0.439577 0.216162
vt 0.449251 0.232923
vt 0.449250 0.252276
vt 0.439573 0.269037
vt 0.422814 0.278714
vt 0.403463 0.278714
vt 0.386705 0.269037
vt 0.377031 0.252276
vt 0.377032 0.232923
vt 0.386709 0.216162
vt 0.403468 0.206485
vt 0.716080 0.778515
vt 0.716080 0.710136
vt 0.728678 0.710062
vt 0.728678 0.778440
vt 0.592469 0.783380
vt 0.592469 0.714986
vt 0.601706 0.714986
vt 0.601706 0.783380
vt 0.614350 0.714986
vt 0.614350 0.783380
vt 0.627012 0.714986
vt 0.627012 0.783380
vt 0.736818 0.778515
vt 0.736818 0.710136
vt 0.746226 0.709946
vt 0.746226 0.778325
vt 0.758931 0.709880
vt 0.758931 0.778258
vt 0.771529 0.709955
vt 0.771529 0.778333
vt 0.288746 0.778986
vt 0.288746 0.710592
vt 0.297983 0.710592
vt 0.297983 0.778986
vt 0.310626 0.710592
vt 0.310626 0.778986
vt 0.323288 0.710592
vt 0.323288 0.778986
vt 0.203043 0.725349
vt 0.214386 0.718799
vt 0.227483 0.718799
vt 0.238826 0.725349
vt 0.245375 0.736693
vt 0.245376 0.749792
vt 0.238828 0.761136
vt 0.227486 0.767686
vt 0.214389 0.767686
vt 0.203046 0.761136
vt 0.196496 0.749792
vt 0.196495 0.736693
vt 0.693967 0.778258
vt 0.693967 0.709880
vt 0.703375 0.710070
vt 0.703375 0.778448
vt 0.035061 0.718880
vt 0.046403 0.725429
vt 0.052951 0.736773
vt 0.052950 0.749872
vt 0.046401 0.761216
vt 0.035058 0.767766
vt 0.021960 0.767766
vt 0.010618 0.761216
vt 0.004070 0.749872
vt 0.004071 0.736773
vt 0.010620 0.725429
vt 0.021963 0.718880
vt 0.891555 0.870879
vt 0.907054 0.870798
vt 0.907250 0.888388
vt 0.891751 0.888469
vt 0.911134 0.758115
vt 0.895631 0.758115
vt 0.895631 0.745216
vt 0.911134 0.745216
vt 0.895631 0.727561
vt 0.911134 0.727561
vt 0.895631 0.709880
vt 0.911134 0.709880
vt 0.905525 0.216417
vt 0.890026 0.216336
vt 0.889829 0.203196
vt 0.905328 0.203277
vt 0.889829 0.185455
vt 0.905328 0.185536
vt 0.890026 0.167865
vt 0.905525 0.167946
vt 0.911134 0.814491
vt 0.895631 0.814491
vt 0.895631 0.801592
vt 0.911134 0.801592
vt 0.895631 0.783936
vt 0.911134 0.783936
vt 0.895631 0.766255
vt 0.911134 0.766255
vt 0.525551 0.396573
vt 0.541389 0.387428
vt 0.559678 0.387428
vt 0.575518 0.396573
vt 0.584663 0.412414
vt 0.584664 0.430706
vt 0.575521 0.446547
vt 0.559683 0.455692
vt 0.541393 0.455692
vt 0.525554 0.446547
vt 0.516409 0.430706
vt 0.516407 0.412414
vt 0.891751 0.839998
vt 0.907250 0.839917
vt 0.907054 0.853056
vt 0.891555 0.853137
vt 0.559684 0.286854
vt 0.575522 0.296000
vt 0.584665 0.311841
vt 0.584664 0.330132
vt 0.575519 0.345973
vt 0.559679 0.355119
vt 0.541390 0.355119
vt 0.525552 0.345973
vt 0.516409 0.330132
vt 0.516410 0.311840
vt 0.525555 0.296000
vt 0.541394 0.286854
vt 0.831150 0.213402
vt 0.832903 0.206484
vt 0.840093 0.210636
vt 0.835140 0.215705
vt 0.797273 0.848066
vt 0.788144 0.848063
vt 0.788088 0.838105
vt 0.797217 0.838108
vt 0.458065 0.824432
vt 0.460007 0.831306
vt 0.456017 0.833610
vt 0.450874 0.828583
vt 0.828880 0.222008
vt 0.805416 0.848131
vt 0.805371 0.840146
vt 0.779836 0.848123
vt 0.779791 0.840137
vt 0.462345 0.839898
vt 0.779669 0.834360
vt 0.787935 0.830900
vt 0.453713 0.837601
vt 0.844244 0.217827
vt 0.837444 0.219696
vt 0.875188 0.874564
vt 0.866056 0.874564
vt 0.866056 0.867262
vt 0.875188 0.867262
vt 0.446723 0.835774
vt 0.883415 0.871127
vt 0.883415 0.865272
vt 0.844244 0.226130
vt 0.837444 0.224304
vt 0.866056 0.857268
vt 0.875188 0.857268
vt 0.453713 0.842209
vt 0.446723 0.844078
vt 0.883415 0.857257
vt 0.857829 0.865272
vt 0.857829 0.857257
vt 0.840093 0.233322
vt 0.835140 0.228295
vt 0.866056 0.847259
vt 0.875188 0.847259
vt 0.456017 0.846200
vt 0.450874 0.851269
vt 0.883415 0.849230
vt 0.857829 0.849230
vt 0.460007 0.848504
vt 0.458065 0.855421
vt 0.831150 0.230600
vt 0.057811 0.851346
vt 0.066077 0.847944
vt 0.066230 0.855381
vt 0.057933 0.857310
vt 0.857829 0.843343
vt 0.866056 0.839917
vt 0.832903 0.237474
vt 0.075207 0.847941
vt 0.075359 0.855378
vt 0.826542 0.230600
vt 0.066286 0.865424
vt 0.057978 0.865364
vt 0.083513 0.857302
vt 0.083558 0.865356
vt 0.075415 0.865421
vt 0.464615 0.848505
vt 0.824600 0.237475
vt 0.466367 0.855422
vt 0.066230 0.875382
vt 0.057933 0.873350
vt 0.083513 0.873341
vt 0.075359 0.875379
vt 0.468605 0.846201
vt 0.817410 0.233323
vt 0.822552 0.228296
vt 0.473558 0.851270
vt 0.470909 0.842210
vt 0.813259 0.226132
vt 0.820248 0.224305
vt 0.735195 0.886080
vt 0.726064 0.886080
vt 0.726064 0.878778
vt 0.735195 0.878778
vt 0.477709 0.844080
vt 0.066077 0.882587
vt 0.057811 0.879127
vt 0.717837 0.882643
vt 0.717837 0.876788
vt 0.813259 0.217828
vt 0.820248 0.219697
vt 0.726064 0.868784
vt 0.735195 0.868784
vt 0.470909 0.837602
vt 0.477709 0.835776
vt 0.743422 0.876788
vt 0.743422 0.868773
vt 0.717837 0.868773
vt 0.726064 0.858775
vt 0.735195 0.858775
vt 0.468605 0.833611
vt 0.473558 0.828584
vt 0.822552 0.215706
vt 0.743422 0.860746
vt 0.717837 0.860746
vt 0.817410 0.210637
vt 0.826542 0.213402
vt 0.735195 0.851433
vt 0.743422 0.854859
vt 0.787935 0.865543
vt 0.779669 0.862141
vt 0.779791 0.856177
vt 0.788088 0.858106
vt 0.464615 0.831306
vt 0.824600 0.206485
vt 0.797065 0.865546
vt 0.797217 0.858109
vt 0.466367 0.824432
vt 0.805371 0.856185
vt 0.610361 0.798437
vt 0.612114 0.791520
vt 0.619304 0.795672
vt 0.614351 0.800741
vt 0.214100 0.851568
vt 0.204971 0.851565
vt 0.204915 0.841607
vt 0.214044 0.841610
vt 0.786683 0.429499
vt 0.788626 0.436374
vt 0.784636 0.438678
vt 0.779493 0.433651
vt 0.608091 0.807044
vt 0.222243 0.851633
vt 0.222198 0.843648
vt 0.196663 0.851625
vt 0.196618 0.843639
vt 0.790964 0.444965
vt 0.623455 0.802863
vt 0.616655 0.804732
vt 0.165405 0.888072
vt 0.156274 0.888072
vt 0.156274 0.880770
vt 0.165405 0.880770
vt 0.782332 0.442668
vt 0.775342 0.440842
vt 0.173632 0.884635
vt 0.173632 0.878780
vt 0.196495 0.837862
vt 0.204762 0.834402
vt 0.623455 0.811167
vt 0.616655 0.809340
vt 0.156274 0.870776
vt 0.165405 0.870776
vt 0.782332 0.447277
vt 0.775343 0.449146
vt 0.173632 0.870765
vt 0.148046 0.878780
vt 0.148046 0.870765
vt 0.784636 0.451268
vt 0.779494 0.456337
vt 0.614351 0.813331
vt 0.165405 0.860767
vt 0.173632 0.862738
vt 0.148046 0.862738
vt 0.156274 0.860767
vt 0.619303 0.818358
vt 0.610360 0.815635
vt 0.331428 0.830529
vt 0.339695 0.827127
vt 0.339848 0.834564
vt 0.331551 0.836493
vt 0.148046 0.856851
vt 0.156274 0.853425
vt 0.788627 0.453572
vt 0.612112 0.822510
vt 0.348824 0.827124
vt 0.348977 0.834561
vt 0.786685 0.460489
vt 0.339904 0.844607
vt 0.331596 0.844547
vt 0.357131 0.836484
vt 0.357176 0.844538
vt 0.349033 0.844604
vt 0.793234 0.453572
vt 0.603810 0.822510
vt 0.605753 0.815635
vt 0.794988 0.460489
vt 0.797225 0.451268
vt 0.596620 0.818358
vt 0.601762 0.813331
vt 0.348977 0.854562
vt 0.339848 0.854565
vt 0.802178 0.456337
vt 0.331551 0.852533
vt 0.357131 0.852524
vt 0.592469 0.811167
vt 0.599459 0.809340
vt 0.117642 0.888443
vt 0.108511 0.888443
vt 0.108511 0.881142
vt 0.117642 0.881142
vt 0.799528 0.447277
vt 0.806328 0.449146
vt 0.339695 0.861770
vt 0.331428 0.858310
vt 0.100284 0.885007
vt 0.100284 0.879151
vt 0.108511 0.871147
vt 0.117642 0.871147
vt 0.799528 0.442668
vt 0.806328 0.440842
vt 0.599459 0.804732
vt 0.125869 0.879151
vt 0.125869 0.871136
vt 0.100284 0.871136
vt 0.592469 0.802863
vt 0.601763 0.800741
vt 0.117642 0.861138
vt 0.125869 0.863110
vt 0.100284 0.863110
vt 0.108511 0.861138
vt 0.797224 0.438678
vt 0.596621 0.795672
vt 0.802176 0.433651
vt 0.605754 0.798437
vt 0.117642 0.853796
vt 0.125869 0.857222
vt 0.204762 0.869045
vt 0.196495 0.865643
vt 0.196618 0.859679
vt 0.204915 0.861608
vt 0.793233 0.436374
vt 0.603812 0.791520
vt 0.213891 0.869048
vt 0.214044 0.861611
vt 0.794986 0.429499
vt 0.222198 0.859687
vt 0.600944 0.847812
vt 0.592636 0.847872
vt 0.592591 0.839887
vt 0.600888 0.837854
vt 0.302029 0.794000
vt 0.304367 0.802592
vt 0.298039 0.796304
vt 0.628315 0.169662
vt 0.630068 0.162745
vt 0.637258 0.166896
vt 0.632305 0.171966
vt 0.610074 0.847815
vt 0.610018 0.837857
vt 0.300087 0.787126
vt 0.292897 0.791277
vt 0.626045 0.178269
vt 0.618216 0.847881
vt 0.618171 0.839895
vt 0.634609 0.175957
vt 0.258006 0.879353
vt 0.249779 0.882789
vt 0.249779 0.875488
vt 0.258006 0.873497
vt 0.592469 0.834109
vt 0.600735 0.830650
vt 0.295735 0.800295
vt 0.641409 0.174088
vt 0.240647 0.882789
vt 0.240647 0.875488
vt 0.288746 0.798468
vt 0.232420 0.873497
vt 0.232420 0.865482
vt 0.240647 0.865493
vt 0.295735 0.804903
vt 0.641408 0.182391
vt 0.634608 0.180565
vt 0.249779 0.865493
vt 0.288746 0.806772
vt 0.258006 0.865482
vt 0.637257 0.189583
vt 0.632304 0.184556
vt 0.240647 0.855484
vt 0.249779 0.855484
vt 0.298039 0.808894
vt 0.292897 0.813963
vt 0.258006 0.857456
vt 0.232420 0.857456
vt 0.630066 0.193734
vt 0.628314 0.186860
vt 0.378154 0.835184
vt 0.387283 0.835181
vt 0.387436 0.842618
vt 0.378306 0.842622
vt 0.302029 0.811198
vt 0.300087 0.818115
vt 0.369887 0.838586
vt 0.370010 0.844550
vt 0.232420 0.851568
vt 0.240647 0.848142
vt 0.306637 0.811199
vt 0.308390 0.818116
vt 0.623706 0.186860
vt 0.378362 0.852665
vt 0.370054 0.852604
vt 0.395590 0.844542
vt 0.395634 0.852596
vt 0.387492 0.852662
vt 0.621764 0.193734
vt 0.619716 0.184556
vt 0.378306 0.862623
vt 0.370009 0.860590
vt 0.395590 0.860582
vt 0.387436 0.862620
vt 0.310627 0.808895
vt 0.614574 0.189583
vt 0.315580 0.813965
vt 0.378154 0.869827
vt 0.369887 0.866368
vt 0.646854 0.886196
vt 0.638627 0.882760
vt 0.638627 0.876904
vt 0.646854 0.878894
vt 0.312931 0.804904
vt 0.610423 0.182391
vt 0.617413 0.180565
vt 0.655986 0.886196
vt 0.655986 0.878894
vt 0.319731 0.806774
vt 0.312931 0.800296
vt 0.610423 0.174088
vt 0.617413 0.175957
vt 0.646854 0.868900
vt 0.655986 0.868900
vt 0.319731 0.798470
vt 0.664213 0.876904
vt 0.664213 0.868889
vt 0.638627 0.868889
vt 0.614575 0.166896
vt 0.619717 0.171966
vt 0.646854 0.858891
vt 0.655986 0.858891
vt 0.310627 0.796305
vt 0.315580 0.791278
vt 0.664213 0.860862
vt 0.638627 0.860862
vt 0.609865 0.865296
vt 0.600735 0.865293
vt 0.600888 0.857855
vt 0.610018 0.857858
vt 0.306637 0.794001
vt 0.308390 0.787126
vt 0.623707 0.169662
vt 0.655986 0.851549
vt 0.664213 0.854975
vt 0.592469 0.861891
vt 0.592591 0.855926
vt 0.621765 0.162745
vt 0.618171 0.855935
vt 0.944439 0.665895
vt 0.935275 0.664356
vt 0.935275 0.607347
vt 0.944439 0.608886
vt 0.817674 0.366650
vt 0.827551 0.366090
vt 0.827551 0.461120
vt 0.817674 0.461681
vt 0.947399 0.427403
vt 0.938235 0.428942
vt 0.938235 0.371933
vt 0.947399 0.370394
vt 0.826635 0.342123
vt 0.816758 0.341562
vt 0.816758 0.246532
vt 0.826635 0.247092
vt 0.438584 0.286854
vt 0.438584 0.379136
vt 0.377031 0.379287
vt 0.377031 0.287005
vt 0.385067 0.096353
vt 0.385067 0.004070
vt 0.446619 0.004221
vt 0.446619 0.096504
vt 0.882200 0.963940
vt 0.873870 0.962541
vt 0.873870 0.918200
vt 0.882200 0.919599
vt 0.506172 0.816772
vt 0.515151 0.816263
vt 0.515151 0.894015
vt 0.506172 0.894525
vt 0.865730 0.962541
vt 0.857399 0.963940
vt 0.857399 0.919599
vt 0.865730 0.918201
vt 0.498032 0.894525
vt 0.489053 0.894015
vt 0.489053 0.816263
vt 0.498032 0.816772
vt 0.417761 0.559446
vt 0.417761 0.634950
vt 0.369887 0.635067
vt 0.369887 0.559563
vt 0.196495 0.637406
vt 0.196495 0.561903
vt 0.244370 0.562020
vt 0.244370 0.637524
vt 0.680618 0.975607
vt 0.673120 0.974348
vt 0.673120 0.942676
vt 0.680618 0.943935
vt 0.945495 0.157340
vt 0.953576 0.156881
vt 0.953576 0.217355
vt 0.945495 0.217814
vt 0.627254 0.972075
vt 0.619756 0.973334
vt 0.619756 0.941662
vt 0.627254 0.940403
vt 0.953576 0.286887
vt 0.945495 0.286428
vt 0.945495 0.225954
vt 0.953576 0.226413
vt 0.176816 0.718897
vt 0.176816 0.777622
vt 0.142620 0.777706
vt 0.142620 0.718981
vt 0.100284 0.777622
vt 0.100284 0.718897
vt 0.134480 0.718981
vt 0.134480 0.777706
vt 0.480678 0.882417
vt 0.474013 0.881298
vt 0.474013 0.863562
vt 0.480678 0.864681
vt 0.100284 0.932487
vt 0.107467 0.932080
vt 0.107467 0.970956
vt 0.100284 0.971363
vt 0.859049 0.236355
vt 0.852384 0.237475
vt 0.852384 0.219738
vt 0.859049 0.218619
vt 0.185871 0.970992
vt 0.178688 0.970584
vt 0.178688 0.931708
vt 0.185871 0.932116
vt 0.350578 0.869910
vt 0.350578 0.907662
vt 0.331428 0.907709
vt 0.331428 0.869957
vt 0.446723 0.901314
vt 0.446723 0.863562
vt 0.465873 0.863609
vt 0.465873 0.901361
vt 0.532919 0.472133
vt 0.528753 0.471434
vt 0.528753 0.463832
vt 0.532919 0.464532
vt 0.253516 0.719054
vt 0.258006 0.718800
vt 0.258006 0.839748
vt 0.253516 0.840002
vt 0.532920 0.370860
vt 0.528754 0.371559
vt 0.528754 0.363958
vt 0.532920 0.363259
vt 0.639641 0.836189
vt 0.635152 0.835934
vt 0.635152 0.714986
vt 0.639641 0.715241
vt 0.081962 0.375150
vt 0.081962 0.492600
vt 0.073755 0.492620
vt 0.073755 0.375170
vt 0.169976 0.492602
vt 0.169976 0.375151
vt 0.178183 0.375171
vt 0.178183 0.492622
vt 0.959419 0.818710
vt 0.967897 0.816538
vt 0.967897 0.872812
vt 0.959419 0.874984
vt 0.266188 0.747544
vt 0.275991 0.746836
vt 0.275991 0.841430
vt 0.266188 0.842137
vt 0.968123 0.572436
vt 0.959645 0.570263
vt 0.959645 0.513990
vt 0.968123 0.516162
vt 0.083558 0.839801
vt 0.073755 0.839093
vt 0.073755 0.744500
vt 0.083558 0.745207
vt 0.508268 0.286854
vt 0.508268 0.373215
vt 0.446724 0.373776
vt 0.446724 0.287416
vt 0.446723 0.473789
vt 0.446723 0.387428
vt 0.508267 0.387989
vt 0.508267 0.474350
vt 0.057811 0.928198
vt 0.065518 0.926223
vt 0.065518 0.969992
vt 0.057811 0.971967
vt 0.892217 0.479137
vt 0.901128 0.478493
vt 0.901128 0.555888
vt 0.892217 0.556531
vt 0.301897 0.969473
vt 0.294189 0.967498
vt 0.294189 0.923729
vt 0.301897 0.925704
vt 0.903199 0.303992
vt 0.894287 0.303348
vt 0.894287 0.225954
vt 0.903199 0.226597
vt 0.669327 0.286854
vt 0.669327 0.357513
vt 0.621459 0.357950
vt 0.621459 0.287291
vt 0.610624 0.277143
vt 0.610624 0.206484
vt 0.658492 0.206921
vt 0.658492 0.277580
vt 0.693967 0.948238
vt 0.700903 0.946461
vt 0.700903 0.977724
vt 0.693967 0.979501
vt 0.955539 0.370973
vt 0.963560 0.370394
vt 0.963560 0.430590
vt 0.955539 0.431169
vt 0.270008 0.959466
vt 0.263072 0.957689
vt 0.263072 0.926426
vt 0.270008 0.928203
vt 0.963560 0.362254
vt 0.955539 0.361675
vt 0.955539 0.301479
vt 0.963560 0.302058
vt 0.808618 0.286854
vt 0.808618 0.341811
vt 0.774427 0.342123
vt 0.774427 0.287166
vt 0.775342 0.421047
vt 0.775342 0.366090
vt 0.809533 0.366402
vt 0.809533 0.421359
vt 0.431909 0.953884
vt 0.438075 0.952304
vt 0.438075 0.969811
vt 0.431909 0.971391
vt 0.891555 0.932620
vt 0.898684 0.932105
vt 0.898684 0.970803
vt 0.891555 0.971317
vt 0.029095 0.984705
vt 0.022929 0.983125
vt 0.022929 0.965618
vt 0.029095 0.967198
vt 0.913954 0.971317
vt 0.906824 0.970803
vt 0.906824 0.932105
vt 0.913954 0.932620
vt 0.938421 0.709880
vt 0.938421 0.745209
vt 0.919274 0.745384
vt 0.919274 0.710055
vt 0.919274 0.788854
vt 0.919274 0.753524
vt 0.938421 0.753699
vt 0.938421 0.789028
vt 0.577462 0.464820
vt 0.581315 0.463832
vt 0.581315 0.471336
vt 0.577462 0.472323
vt 0.869081 0.226276
vt 0.873537 0.225954
vt 0.873537 0.346345
vt 0.869081 0.346667
vt 0.581316 0.371749
vt 0.577462 0.370762
vt 0.577462 0.363259
vt 0.581316 0.364246
vt 0.871473 0.599207
vt 0.867017 0.598885
vt 0.867017 0.478493
vt 0.871473 0.478815
vt 0.423577 0.708161
vt 0.423577 0.818075
vt 0.415371 0.818150
vt 0.415371 0.708236
vt 0.798276 0.588408
vt 0.798276 0.478494
vt 0.806481 0.478568
vt 0.806481 0.588482
vt 0.320153 0.971411
vt 0.312388 0.969127
vt 0.312388 0.911693
vt 0.320153 0.913978
vt 0.810943 0.081612
vt 0.820673 0.080887
vt 0.820673 0.176665
vt 0.810943 0.177390
vt 0.798590 0.635631
vt 0.806355 0.633346
vt 0.806355 0.690779
vt 0.798590 0.693064
vt 0.368168 0.471655
vt 0.358438 0.470930
vt 0.358438 0.375151
vt 0.368168 0.375876
vt 0.196495 0.553762
vt 0.196495 0.475068
vt 0.258037 0.474285
vt 0.258037 0.552980
vt 0.161825 0.475280
vt 0.161825 0.553975
vt 0.100284 0.553192
vt 0.100284 0.474497
vt 0.976144 0.943356
vt 0.969085 0.941279
vt 0.969085 0.896609
vt 0.976144 0.898686
vt 0.672353 0.787072
vt 0.681198 0.786413
vt 0.681198 0.864778
vt 0.672353 0.865437
vt 0.247873 0.928503
vt 0.254931 0.926426
vt 0.254931 0.971096
vt 0.247873 0.973173
vt 0.875862 0.686370
vt 0.867017 0.685711
vt 0.867017 0.607347
vt 0.875862 0.608006
vt 0.196495 0.710659
vt 0.196495 0.646272
vt 0.244361 0.645664
vt 0.244361 0.710051
vt 0.148149 0.646370
vt 0.148149 0.710757
vt 0.100284 0.710148
vt 0.100284 0.645762
vt 0.245178 0.809602
vt 0.238826 0.807733
vt 0.238826 0.775826
vt 0.245178 0.777695
vt 0.353786 0.639071
vt 0.361747 0.638478
vt 0.361747 0.699428
vt 0.353786 0.700021
vt 0.765122 0.788524
vt 0.771475 0.786655
vt 0.771475 0.818562
vt 0.765122 0.820432
vt 0.029111 0.887934
vt 0.021150 0.887340
vt 0.021150 0.826391
vt 0.029111 0.826984
vt 0.768607 0.197564
vt 0.768607 0.147485
vt 0.802796 0.147050
vt 0.802796 0.197129
vt 0.480913 0.766213
vt 0.480913 0.816291
vt 0.446723 0.815857
vt 0.446723 0.765778
vt 0.268719 0.987136
vt 0.263072 0.985475
vt 0.263072 0.967606
vt 0.268719 0.969268
vt 0.653844 0.930359
vt 0.660920 0.929832
vt 0.660920 0.969014
vt 0.653844 0.969542
vt 0.874711 0.973741
vt 0.880358 0.972080
vt 0.880358 0.989948
vt 0.874711 0.991609
vt 0.645704 0.969542
vt 0.638627 0.969014
vt 0.638627 0.929832
vt 0.645704 0.930360
vt 0.414650 0.944164
vt 0.414650 0.911971
vt 0.433796 0.911727
vt 0.433796 0.943921
vt 0.215642 0.912928
vt 0.215642 0.945121
vt 0.196495 0.944878
vt 0.196495 0.912685
vt 0.091922 0.316260
vt 0.088392 0.315221
vt 0.088392 0.307564
vt 0.091922 0.308602
vt 0.252510 0.562232
vt 0.256933 0.561903
vt 0.256933 0.683803
vt 0.252510 0.684132
vt 0.184606 0.308604
vt 0.188135 0.307565
vt 0.188135 0.315223
vt 0.184606 0.316261
vt 0.160714 0.684344
vt 0.156292 0.684015
vt 0.156292 0.562115
vt 0.160714 0.562444
vt 0.850671 0.578755
vt 0.850672 0.478598
vt 0.858877 0.478494
vt 0.858877 0.578651
vt 0.858877 0.586999
vt 0.858877 0.687157
vt 0.850672 0.687052
vt 0.850672 0.586895
vt 0.949449 0.060796
vt 0.940285 0.062380
vt 0.940285 0.005654
vt 0.949449 0.004070
vt 0.839855 0.710595
vt 0.849689 0.709880
vt 0.849689 0.803398
vt 0.839855 0.804114
vt 0.950116 0.139197
vt 0.940952 0.137613
vt 0.940952 0.080887
vt 0.950116 0.082471
vt 0.856497 0.175121
vt 0.846663 0.174405
vt 0.846663 0.080887
vt 0.856497 0.081603
vt 0.100284 0.466357
vt 0.100284 0.375360
vt 0.161836 0.375151
vt 0.161836 0.466149
vt 0.350298 0.375360
vt 0.350298 0.466357
vt 0.288746 0.466149
vt 0.288746 0.375151
vt 0.788000 0.963666
vt 0.779669 0.965106
vt 0.779669 0.920986
vt 0.788000 0.919546
vt 0.037426 0.827043
vt 0.046366 0.826393
vt 0.046366 0.902908
vt 0.037426 0.903558
vt 0.600800 0.964856
vt 0.592469 0.963416
vt 0.592469 0.919296
vt 0.600800 0.920736
vt 0.013010 0.903556
vt 0.004070 0.902905
vt 0.004070 0.826390
vt 0.013010 0.827041
vt 0.004070 0.637705
vt 0.004070 0.563252
vt 0.051944 0.563090
vt 0.051944 0.637543
vt 0.640343 0.555535
vt 0.640343 0.629988
vt 0.592469 0.629826
vt 0.592469 0.555373
vt 0.454221 0.976512
vt 0.446723 0.977808
vt 0.446723 0.946293
vt 0.454221 0.944997
vt 0.963300 0.710465
vt 0.971346 0.709880
vt 0.971346 0.769392
vt 0.963300 0.769977
vt 0.469859 0.977807
vt 0.462361 0.976511
vt 0.462361 0.944997
vt 0.469859 0.946293
vt 0.969763 0.285320
vt 0.961717 0.284734
vt 0.961717 0.225223
vt 0.969763 0.225808
vt 0.756255 0.691370
vt 0.756255 0.633462
vt 0.790450 0.633346
vt 0.790450 0.691254
vt 0.802802 0.081003
vt 0.802802 0.138910
vt 0.768607 0.138795
vt 0.768607 0.080887
vt 0.438381 0.896590
vt 0.431717 0.897742
vt 0.431717 0.880094
vt 0.438381 0.878942
vt 0.971700 0.301999
vt 0.978852 0.301479
vt 0.978852 0.339737
vt 0.971700 0.340257
vt 0.813621 0.892486
vt 0.806956 0.891334
vt 0.806956 0.873686
vt 0.813621 0.874838
vt 0.932863 0.978427
vt 0.925711 0.977906
vt 0.925711 0.939649
vt 0.932863 0.940169
vt 0.894287 0.349423
vt 0.894287 0.312197
vt 0.913437 0.312132
vt 0.913437 0.349358
vt 0.841155 0.876677
vt 0.841155 0.913904
vt 0.822005 0.913839
vt 0.822005 0.876612
vt 0.545225 0.370822
vt 0.541060 0.371542
vt 0.541060 0.363979
vt 0.545225 0.363259
vt 0.883021 0.710205
vt 0.887491 0.709880
vt 0.887491 0.828903
vt 0.883021 0.829229
vt 0.545224 0.472116
vt 0.541059 0.471396
vt 0.541059 0.463832
vt 0.545224 0.464552
vt 0.886147 0.345303
vt 0.881677 0.344977
vt 0.881677 0.225954
vt 0.886147 0.226279
vt 0.169976 0.616605
vt 0.169976 0.500790
vt 0.178183 0.500762
vt 0.178183 0.616577
vt 0.274394 0.504270
vt 0.274394 0.620085
vt 0.266188 0.620057
vt 0.266188 0.504242
vt 0.951279 0.875495
vt 0.942680 0.873547
vt 0.942680 0.816538
vt 0.951279 0.818486
vt 0.814622 0.582831
vt 0.824495 0.582265
vt 0.824495 0.677332
vt 0.814622 0.677897
vt 0.952023 0.503901
vt 0.943425 0.505849
vt 0.943425 0.448840
vt 0.952023 0.446892
vt 0.824495 0.574125
vt 0.814622 0.573560
vt 0.814622 0.478494
vt 0.824495 0.479059
vt 0.454751 0.189785
vt 0.454751 0.104644
vt 0.516304 0.104865
vt 0.516304 0.190006
vt 0.516312 0.004070
vt 0.516312 0.089212
vt 0.454760 0.089433
vt 0.454760 0.004291
vt 0.829822 0.968155
vt 0.822005 0.966384
vt 0.822005 0.922044
vt 0.829822 0.923815
vt 0.869996 0.366604
vt 0.878972 0.366090
vt 0.878972 0.443871
vt 0.869996 0.444385
vt 0.803956 0.963886
vt 0.796140 0.965658
vt 0.796140 0.921317
vt 0.803956 0.919546
vt 0.892979 0.685642
vt 0.884003 0.685128
vt 0.884003 0.607347
vt 0.892979 0.607861
vt 0.648483 0.625034
vt 0.648483 0.555373
vt 0.696357 0.555545
vt 0.696357 0.625206
vt 0.571434 0.624292
vt 0.571434 0.693953
vt 0.523559 0.694125
vt 0.523559 0.624463
vt 0.978735 0.381663
vt 0.971700 0.380069
vt 0.971700 0.348397
vt 0.978735 0.349991
vt 0.943427 0.514452
vt 0.951505 0.513990
vt 0.951505 0.574486
vt 0.943427 0.574949
vt 0.978735 0.421475
vt 0.971700 0.423069
vt 0.971700 0.391397
vt 0.978735 0.389803
vt 0.681198 0.934536
vt 0.673120 0.934074
vt 0.673120 0.873577
vt 0.681198 0.874039
vt 0.523559 0.817436
vt 0.523559 0.763255
vt 0.557755 0.763378
vt 0.557755 0.817559
vt 0.813865 0.709880
vt 0.813865 0.764061
vt 0.779669 0.764184
vt 0.779669 0.710002
vt 0.245079 0.836896
vt 0.238826 0.835479
vt 0.238826 0.817743
vt 0.245079 0.819160
vt 0.163367 0.932119
vt 0.170548 0.931708
vt 0.170548 0.970599
vt 0.163367 0.971010
vt 0.960062 0.696075
vt 0.953808 0.697492
vt 0.953808 0.679756
vt 0.960062 0.678339
vt 0.155227 0.971010
vt 0.148046 0.970599
vt 0.148046 0.931708
vt 0.155227 0.932119
vt 0.925711 0.931440
vt 0.925711 0.896609
vt 0.944860 0.896678
vt 0.944860 0.931509
vt 0.940727 0.312132
vt 0.940727 0.346963
vt 0.921577 0.347032
vt 0.921577 0.312201
vt 0.557273 0.472319
vt 0.553365 0.471434
vt 0.553365 0.463832
vt 0.557273 0.464718
vt 0.060084 0.563347
vt 0.064572 0.563090
vt 0.064572 0.684084
vt 0.060084 0.684341
vt 0.557274 0.370860
vt 0.553366 0.371746
vt 0.553366 0.364144
vt 0.557274 0.363259
vt 0.436205 0.829412
vt 0.431717 0.829154
vt 0.431717 0.708161
vt 0.436205 0.708418
vt 0.347776 0.818954
vt 0.347776 0.710592
vt 0.355983 0.710621
vt 0.355983 0.818984
vt 0.339636 0.710592
vt 0.339636 0.818954
vt 0.331428 0.818984
vt 0.331428 0.710622
vt 0.045470 0.967972
vt 0.037426 0.970401
vt 0.037426 0.914127
vt 0.045470 0.911698
vt 0.822005 0.710650
vt 0.831715 0.709880
vt 0.831715 0.805381
vt 0.822005 0.806151
vt 0.004070 0.911696
vt 0.012114 0.914125
vt 0.012114 0.970399
vt 0.004070 0.967970
vt 0.838523 0.177158
vt 0.828813 0.176388
vt 0.828813 0.080887
vt 0.838523 0.081657
vt 0.288746 0.553096
vt 0.288746 0.474497
vt 0.350288 0.475251
vt 0.350288 0.553850
vt 0.065612 0.475598
vt 0.065612 0.554197
vt 0.004070 0.554950
vt 0.004070 0.476351
vt 0.080970 0.969992
vt 0.073658 0.972200
vt 0.073658 0.928431
vt 0.080970 0.926223
vt 0.889829 0.081587
vt 0.898656 0.080887
vt 0.898656 0.159024
vt 0.889829 0.159725
vt 0.232420 0.926426
vt 0.239732 0.928634
vt 0.239732 0.972402
vt 0.232420 0.970194
vt 0.895939 0.444927
vt 0.887112 0.444227
vt 0.887112 0.366090
vt 0.895939 0.366790
vt 0.004070 0.710153
vt 0.004070 0.645845
vt 0.051936 0.646431
vt 0.051936 0.710739
vt 0.714498 0.206484
vt 0.714498 0.270792
vt 0.666632 0.271379
vt 0.666632 0.207070
vt 0.438298 0.868815
vt 0.431717 0.870802
vt 0.431717 0.839539
vt 0.438298 0.837552
vt 0.021150 0.896704
vt 0.029095 0.896074
vt 0.029095 0.956847
vt 0.021150 0.957477
vt 0.181772 0.853425
vt 0.188353 0.855412
vt 0.188353 0.886675
vt 0.181772 0.884688
vt 0.960945 0.958013
vt 0.953001 0.957383
vt 0.953001 0.896609
vt 0.960945 0.897240
vt 0.779669 0.822341
vt 0.779669 0.772324
vt 0.813859 0.772742
vt 0.813859 0.822760
vt 0.230686 0.775826
vt 0.230686 0.825843
vt 0.196495 0.826262
vt 0.196495 0.776245
vt 0.139859 0.871304
vt 0.134009 0.873070
vt 0.134009 0.855563
vt 0.139859 0.853796
vt 0.115607 0.932640
vt 0.122669 0.932080
vt 0.122669 0.971148
vt 0.115607 0.971709
vt 0.182503 0.894815
vt 0.188353 0.896582
vt 0.188353 0.914089
vt 0.182503 0.912323
vt 0.137870 0.971708
vt 0.130809 0.971148
vt 0.130809 0.932080
vt 0.137870 0.932640
vt 0.331428 0.948003
vt 0.331428 0.915849
vt 0.350575 0.916084
vt 0.350575 0.948238
vt 0.389033 0.913463
vt 0.389033 0.945617
vt 0.369887 0.945852
vt 0.369887 0.913698
vt 0.188262 0.298321
vt 0.184606 0.299425
vt 0.184606 0.291922
vt 0.188262 0.290818
vt 0.864637 0.081237
vt 0.869050 0.080887
vt 0.869050 0.202434
vt 0.864637 0.202784
vt 0.088392 0.290816
vt 0.092048 0.291920
vt 0.092048 0.299423
vt 0.088392 0.298319
vt 0.862243 0.831777
vt 0.857829 0.831427
vt 0.857829 0.709880
vt 0.862243 0.710230
vt 0.853650 0.466125
vt 0.853650 0.366090
vt 0.861856 0.366190
vt 0.861856 0.466225
vt 0.860941 0.246532
vt 0.860941 0.346567
vt 0.852735 0.346667
vt 0.852735 0.246632
vt 0.619756 0.873436
vt 0.629009 0.874830
vt 0.629009 0.932263
vt 0.619756 0.930869
vt 0.832635 0.479058
vt 0.842531 0.478494
vt 0.842531 0.572663
vt 0.832635 0.573227
vt 0.435154 0.616879
vt 0.425902 0.618272
vt 0.425902 0.560839
vt 0.435154 0.559446
vt 0.842531 0.676999
vt 0.832635 0.676435
vt 0.832635 0.582265
vt 0.842531 0.582830
vt 0.446611 0.105077
vt 0.446611 0.196951
vt 0.385067 0.196518
vt 0.385067 0.104644
vt 0.004070 0.467457
vt 0.004070 0.375584
vt 0.065615 0.375150
vt 0.065615 0.467024
vt 0.397174 0.913463
vt 0.405585 0.914730
vt 0.405585 0.959401
vt 0.397174 0.958134
vt 0.540696 0.826212
vt 0.549693 0.825699
vt 0.549693 0.902746
vt 0.540696 0.903260
vt 0.935287 0.594154
vt 0.926875 0.595421
vt 0.926875 0.550751
vt 0.935287 0.549484
vt 0.532556 0.903260
vt 0.523559 0.902746
vt 0.523559 0.825699
vt 0.532556 0.826212
vt 0.336614 0.562327
vt 0.336614 0.637497
vt 0.288746 0.637160
vt 0.288746 0.561990
vt 0.100284 0.637622
vt 0.100284 0.562452
vt 0.148152 0.562115
vt 0.148152 0.637284
vt 0.649549 0.162745
vt 0.657120 0.163885
vt 0.657120 0.195792
vt 0.649549 0.194652
vt 0.958256 0.081349
vt 0.966353 0.080887
vt 0.966353 0.140813
vt 0.958256 0.141275
vt 0.926844 0.829076
vt 0.919274 0.830216
vt 0.919274 0.798309
vt 0.926844 0.797168
vt 0.965686 0.064458
vt 0.957589 0.063996
vt 0.957589 0.004070
vt 0.965686 0.004532
vt 0.790135 0.478734
vt 0.790135 0.537200
vt 0.755944 0.536959
vt 0.755944 0.478494
vt 0.755583 0.614079
vt 0.755583 0.555614
vt 0.789774 0.555373
vt 0.789774 0.613838
vt 0.798275 0.596623
vt 0.805005 0.597636
vt 0.805005 0.615504
vt 0.798275 0.614491
vt 0.969317 0.607758
vt 0.976515 0.607347
vt 0.976515 0.645871
vt 0.969317 0.646281
vt 0.764813 0.460837
vt 0.758084 0.461851
vt 0.758084 0.443983
vt 0.764813 0.442969
vt 0.976515 0.693356
vt 0.969317 0.692945
vt 0.969317 0.654422
vt 0.976515 0.654832
vt 0.611616 0.873571
vt 0.611616 0.911156
vt 0.592469 0.911021
vt 0.592469 0.873436
vt 0.779669 0.911406
vt 0.779669 0.873821
vt 0.798816 0.873686
vt 0.798816 0.911271
vt 0.516407 0.463832
vt 0.520613 0.464466
vt 0.520613 0.472124
vt 0.516407 0.471490
vt 0.870383 0.710136
vt 0.874881 0.709880
vt 0.874881 0.829731
vt 0.870383 0.829988
vt 0.520614 0.370916
vt 0.516408 0.371550
vt 0.516408 0.363892
vt 0.520614 0.363259
vt 0.881689 0.200995
vt 0.877191 0.200739
vt 0.877191 0.080887
vt 0.881689 0.081144
vt 0.274393 0.379172
vt 0.274393 0.496102
vt 0.266188 0.496044
vt 0.266188 0.379114
vt 0.073755 0.617749
vt 0.073755 0.500818
vt 0.081961 0.500761
vt 0.081961 0.617691
vt 0.961177 0.664073
vt 0.952579 0.666079
vt 0.952579 0.609353
vt 0.961177 0.607347
vt 0.834775 0.247266
vt 0.844595 0.246532
vt 0.844595 0.340190
vt 0.834775 0.340924
vt 0.955160 0.768612
vt 0.946562 0.766606
vt 0.946562 0.709880
vt 0.955160 0.711886
vt 0.845510 0.460482
vt 0.835691 0.459748
vt 0.835691 0.366090
vt 0.845510 0.366824
vt 0.258047 0.379374
vt 0.258047 0.466145
vt 0.196495 0.465885
vt 0.196495 0.379114
vt 0.377031 0.474459
vt 0.377031 0.387688
vt 0.438583 0.387428
vt 0.438583 0.474199
vt 0.286049 0.967850
vt 0.278232 0.969673
vt 0.278232 0.925553
vt 0.286049 0.923729
vt 0.312388 0.826924
vt 0.321315 0.826256
vt 0.321315 0.902886
vt 0.312388 0.903553
vt 0.845778 0.967987
vt 0.837962 0.966164
vt 0.837962 0.922044
vt 0.845778 0.923867
vt 0.423577 0.903587
vt 0.414650 0.902920
vt 0.414650 0.826290
vt 0.423577 0.826957
vt 0.658296 0.083610
vt 0.658296 0.154604
vt 0.610423 0.154402
vt 0.610423 0.083407
vt 0.610423 0.075267
vt 0.610423 0.004273
vt 0.658296 0.004070
vt 0.658296 0.075065
vt 0.748082 0.977618
vt 0.741047 0.979259
vt 0.741047 0.947744
vt 0.748082 0.946103
vt 0.960163 0.446249
vt 0.968197 0.445648
vt 0.968197 0.505249
vt 0.960163 0.505849
vt 0.763257 0.979259
vt 0.756222 0.977618
vt 0.756222 0.946103
vt 0.763257 0.947744
vt 0.969751 0.217083
vt 0.961717 0.216482
vt 0.961717 0.156881
vt 0.969750 0.157482
vt 0.802998 0.004215
vt 0.802998 0.059433
vt 0.768802 0.059288
vt 0.768802 0.004070
vt 0.770923 0.261847
vt 0.770923 0.206629
vt 0.805118 0.206484
vt 0.805118 0.261702
vt 0.732556 0.964109
vt 0.726303 0.965568
vt 0.726303 0.947920
vt 0.732556 0.946461
vt 0.489053 0.938695
vt 0.496194 0.938161
vt 0.496194 0.976476
vt 0.489053 0.977010
vt 0.575452 0.946894
vt 0.581706 0.948353
vt 0.581706 0.966001
vt 0.575452 0.964542
vt 0.511476 0.977010
vt 0.504334 0.976476
vt 0.504334 0.938161
vt 0.511476 0.938695
vt 0.934540 0.839998
vt 0.934540 0.875495
vt 0.915391 0.875414
vt 0.915391 0.839917
vt 0.913665 0.203443
vt 0.913665 0.167946
vt 0.932814 0.167865
vt 0.932814 0.203362
vt 0.569321 0.471396
vt 0.565413 0.472308
vt 0.565413 0.464744
vt 0.569321 0.463832
vt 0.510956 0.635913
vt 0.515419 0.635580
vt 0.515419 0.754781
vt 0.510956 0.755115
vt 0.569322 0.371734
vt 0.565414 0.370822
vt 0.565414 0.363259
vt 0.569322 0.364170
vt 0.884077 0.598029
vt 0.879613 0.597695
vt 0.879613 0.478493
vt 0.884077 0.478827
vt 0.274394 0.628260
vt 0.274394 0.738696
vt 0.266188 0.738661
vt 0.266188 0.628225
vt 0.073755 0.736359
vt 0.073755 0.625924
vt 0.081962 0.625889
vt 0.081962 0.736325
vt 0.889697 0.462273
vt 0.879668 0.462269
vt 0.879613 0.454272
vt 0.889642 0.454275
vt 0.276219 0.872410
vt 0.266188 0.872410
vt 0.266188 0.865584
vt 0.276219 0.865584
vt 0.266188 0.857130
vt 0.276219 0.857130
vt 0.266188 0.850277
vt 0.276219 0.850277
vt 0.943427 0.583092
vt 0.953456 0.583089
vt 0.953510 0.591170
vt 0.943481 0.591173
vt 0.953456 0.599167
vt 0.943427 0.599171
vt 0.911150 0.700471
vt 0.901119 0.700471
vt 0.901119 0.693646
vt 0.911150 0.693646
vt 0.901119 0.685192
vt 0.911150 0.685192
vt 0.621459 0.452419
vt 0.626428 0.445581
vt 0.634467 0.442969
vt 0.642506 0.445583
vt 0.647475 0.452422
vt 0.647475 0.460876
vt 0.642506 0.467714
vt 0.634467 0.470325
vt 0.626428 0.467712
vt 0.621459 0.460872
vt 0.901119 0.678339
vt 0.911150 0.678339
vt 0.889642 0.470353
vt 0.879613 0.470350
vt 0.676662 0.445581
vt 0.681631 0.452419
vt 0.681631 0.460872
vt 0.676662 0.467712
vt 0.668623 0.470325
vt 0.660584 0.467714
vt 0.655615 0.460876
vt 0.655615 0.452422
vt 0.660584 0.445583
vt 0.668623 0.442969
s 1
usemtl PalmBaked_B
f 50/1/1 74/2/2 7/3/3
f 73/4/4 72/5/5 5/6/6 6/7/7
f 71/8/8 1/9/9 3/10/10 4/11/11
f 70/12/12 51/13/13 2/14/14
f 74/2/2 73/15/4 6/16/7 7/3/3
f 72/5/5 71/8/8 4/11/11 5/6/6
f 1/17/9 70/12/12 2/14/14 3/18/10
f 3/18/10 2/14/14 8/19/15 9/20/16
f 50/1/1 7/3/3 13/21/17
f 6/22/7 5/23/6 11/24/18 12/25/19
f 4/11/11 3/10/10 9/26/16 10/27/20
f 2/14/14 51/13/13 8/19/15
f 7/3/3 6/16/7 12/28/19 13/21/17
f 5/23/6 4/29/11 10/30/20 11/24/18
f 50/1/1 13/21/17 19/31/21
f 12/25/19 11/24/18 17/32/22 18/33/23
f 10/30/20 9/34/16 15/35/24 16/36/25
f 8/19/15 51/13/13 14/37/26
f 13/21/17 12/28/19 18/38/23 19/31/21
f 11/24/18 10/30/20 16/36/25 17/32/22
f 9/20/16 8/19/15 14/37/26 15/39/24
f 18/33/23 17/32/22 23/40/27 24/41/28
f 16/36/25 15/35/24 21/42/29 22/43/30
f 14/37/26 51/13/13 20/44/31
f 19/31/21 18/38/23 24/45/28 25/46/32
f 17/32/22 16/36/25 22/43/30 23/40/27
f 15/39/24 14/37/26 20/44/31 21/47/29
f 50/1/1 19/31/21 25/46/32
f 20/44/31 51/13/13 26/48/33
f 25/46/32 24/45/28 30/49/34 31/50/35
f 23/51/27 22/52/30 28/53/36 29/54/37
f 21/47/29 20/44/31 26/48/33 27/55/38
f 50/1/1 25/46/32 31/50/35
f 24/56/28 23/51/27 29/54/37 30/57/34
f 22/43/30 21/42/29 27/58/38 28/59/36
f 31/50/35 30/49/34 36/60/39 37/61/40
f 29/54/37 28/53/36 34/62/41 35/63/42
f 27/55/38 26/48/33 32/64/43 33/65/44
f 50/1/1 31/50/35 37/61/40
f 30/57/34 29/54/37 35/63/42 36/66/39
f 28/53/36 27/67/38 33/68/44 34/62/41
f 26/48/33 51/13/13 32/64/43
f 35/63/42 34/62/41 40/69/45 41/70/46
f 33/65/44 32/64/43 38/71/47 39/72/48
f 50/1/1 37/61/40 43/73/49
f 36/66/39 35/63/42 41/70/46 42/74/50
f 34/62/41 33/68/44 39/75/48 40/69/45
f 32/64/43 51/13/13 38/71/47
f 37/61/40 36/60/39 42/76/50 43/73/49
f 50/1/1 43/73/49 49/77/51
f 42/74/50 41/70/46 47/78/52 48/79/53
f 40/80/45 39/81/48 45/82/54 46/83/55
f 38/71/47 51/13/13 44/84/56
f 43/73/49 42/76/50 48/85/53 49/77/51
f 41/86/46 40/80/45 46/83/55 47/87/52
f 39/72/48 38/71/47 44/84/56 45/88/54
f 50/1/1 49/77/51 57/89/57
f 48/90/53 47/87/52 55/91/58 56/92/59
f 46/83/55 45/82/54 53/93/60 54/94/61
f 44/84/56 51/13/13 52/95/62
f 49/77/51 48/85/53 56/96/59 57/89/57
f 47/87/52 46/83/55 54/94/61 55/91/58
f 45/88/54 44/84/56 52/95/62 53/97/60
f 54/94/61 53/93/60 59/98/63 60/99/64
f 52/95/62 51/13/13 58/100/65
f 57/89/57 56/96/59 62/101/66 63/102/67
f 55/91/58 54/94/61 60/99/64 61/103/68
f 53/97/60 52/95/62 58/100/65 59/104/63
f 50/1/1 57/89/57 63/102/67
f 56/92/59 55/91/58 61/103/68 62/105/66
f 63/102/67 62/101/66 68/106/69 69/107/70
f 61/108/68 60/109/64 66/110/71 67/111/72
f 59/104/63 58/100/65 64/112/73 65/113/74
f 50/1/1 63/102/67 69/107/70
f 62/105/66 61/103/68 67/114/72 68/115/69
f 60/109/64 59/116/63 65/117/74 66/110/71
f 58/100/65 51/13/13 64/112/73
f 69/107/70 68/106/69 73/15/4 74/2/2
f 67/111/72 66/110/71 71/8/8 72/5/5
f 65/113/74 64/112/73 70/12/12 1/17/9
f 50/1/1 69/107/70 74/2/2
f 68/118/69 67/111/72 72/5/5 73/4/4
f 66/110/71 65/117/74 1/9/9 71/8/8
f 64/112/73 51/13/13 70/12/12
s 0
f 75/119/75 76/120/75 78/121/75 77/122/75
f 77/123/76 78/124/76 82/125/76 81/126/76
f 81/127/77 82/128/77 80/129/77 79/130/77
f 79/131/78 80/132/78 76/133/78 75/134/78
f 77/135/1 81/136/1 79/137/1 75/138/1
f 82/139/13 78/140/13 76/141/13 80/142/13
s 1
f 83/143/79 84/144/80 86/145/81 85/146/82
f 85/147/82 86/148/81 88/149/83 87/150/84
f 87/150/84 88/149/83 90/151/85 89/152/86
f 89/152/86 90/151/85 92/153/87 91/154/88
f 91/155/88 92/156/87 94/157/89 93/158/90
f 93/158/90 94/157/89 96/159/91 95/160/92
f 95/161/92 96/162/91 98/163/93 97/164/94
f 97/164/94 98/163/93 100/165/95 99/166/96
f 86/167/81 84/168/80 102/169/97 100/170/95 98/171/93 96/172/91 94/173/89 92/174/87 90/175/85 88/176/83
f 99/166/96 100/165/95 102/177/97 101/178/98
f 101/179/98 102/180/97 84/144/80 83/143/79
f 83/181/79 85/182/82 87/183/84 89/184/86 91/185/88 93/186/90 95/187/92 97/188/94 99/189/96 101/190/98
f 103/191/79 104/192/80 106/193/81 105/194/82
f 105/195/82 106/196/81 108/197/83 107/198/84
f 107/198/84 108/197/83 110/199/85 109/200/86
f 109/200/86 110/199/85 112/201/87 111/202/88
f 111/203/88 112/204/87 114/205/89 113/206/90
f 113/206/90 114/205/89 116/207/91 115/208/92
f 115/209/92 116/210/91 118/211/93 117/212/94
f 117/212/94 118/211/93 120/213/95 119/214/96
f 106/215/81 104/216/80 122/217/97 120/218/95 118/219/93 116/220/91 114/221/89 112/222/87 110/223/85 108/224/83
f 119/214/96 120/213/95 122/225/97 121/226/98
f 121/227/98 122/228/97 104/192/80 103/191/79
f 103/229/79 105/230/82 107/231/84 109/232/86 111/233/88 113/234/90 115/235/92 117/236/94 119/237/96 121/238/98
f 123/239/79 124/240/80 126/241/81 125/242/82
f 125/243/82 126/244/81 128/245/83 127/246/84
f 127/246/84 128/245/83 130/247/85 129/248/86
f 129/248/86 130/247/85 132/249/87 131/250/88
f 131/251/88 132/252/87 134/253/89 133/254/90
f 133/254/90 134/253/89 136/255/91 135/256/92
f 135/257/92 136/258/91 138/259/93 137/260/94
f 137/260/94 138/259/93 140/261/95 139/262/96
f 126/263/81 124/264/80 142/265/97 140/266/95 138/267/93 136/268/91 134/269/89 132/270/87 130/271/85 128/272/83
f 139/262/96 140/261/95 142/273/97 141/274/98
f 141/275/98 142/276/97 124/240/80 123/239/79
f 123/277/79 125/278/82 127/279/84 129/280/86 131/281/88 133/282/90 135/283/92 137/284/94 139/285/96 141/286/98
f 143/287/79 144/288/80 146/289/81 145/290/82
f 145/291/82 146/292/81 148/293/83 147/294/84
f 147/294/84 148/293/83 150/295/85 149/296/86
f 149/296/86 150/295/85 152/297/87 151/298/88
f 151/299/88 152/300/87 154/301/89 153/302/90
f 153/302/90 154/301/89 156/303/91 155/304/92
f 155/305/92 156/306/91 158/307/93 157/308/94
f 157/308/94 158/307/93 160/309/95 159/310/96
f 146/311/81 144/312/80 162/313/97 160/314/95 158/315/93 156/316/91 154/317/89 152/318/87 150/319/85 148/320/83
f 159/310/96 160/309/95 162/321/97 161/322/98
f 161/323/98 162/324/97 144/288/80 143/287/79
f 143/325/79 145/326/82 147/327/84 149/328/86 151/329/88 153/330/90 155/331/92 157/332/94 159/333/96 161/334/98
f 163/335/79 164/336/80 166/337/81 165/338/82
f 165/339/82 166/340/81 168/341/83 167/342/84
f 167/342/84 168/341/83 170/343/85 169/344/86
f 169/344/86 170/343/85 172/345/87 171/346/88
f 171/347/88 172/348/87 174/349/89 173/350/90
f 173/350/90 174/349/89 176/351/91 175/352/92
f 175/353/92 176/354/91 178/355/93 177/356/94
f 177/356/94 178/355/93 180/357/95 179/358/96
f 166/359/81 164/360/80 182/361/97 180/362/95 178/363/93 176/364/91 174/365/89 172/366/87 170/367/85 168/368/83
f 179/358/96 180/357/95 182/369/97 181/370/98
f 181/371/98 182/372/97 164/336/80 163/335/79
f 163/373/79 165/374/82 167/375/84 169/376/86 171/377/88 173/378/90 175/379/92 177/380/94 179/381/96 181/382/98
f 183/383/79 184/384/80 186/385/81 185/386/82
f 185/387/82 186/388/81 188/389/83 187/390/84
f 187/390/84 188/389/83 190/391/85 189/392/86
f 189/392/86 190/391/85 192/393/87 191/394/88
f 191/395/88 192/396/87 194/397/89 193/398/90
f 193/398/90 194/397/89 196/399/91 195/400/92
f 195/401/92 196/402/91 198/403/93 197/404/94
f 197/404/94 198/403/93 200/405/95 199/406/96
f 186/407/81 184/408/80 202/409/97 200/410/95 198/411/93 196/412/91 194/413/89 192/414/87 190/415/85 188/416/83
f 199/406/96 200/405/95 202/417/97 201/418/98
f 201/419/98 202/420/97 184/384/80 183/383/79
f 183/421/79 185/422/82 187/423/84 189/424/86 191/425/88 193/426/90 195/427/92 197/428/94 199/429/96 201/430/98
f 203/431/79 204/432/80 206/433/81 205/434/82
f 205/435/82 206/436/81 208/437/83 207/438/84
f 207/438/84 208/437/83 210/439/85 209/440/86
f 209/440/86 210/439/85 212/441/87 211/442/88
f 211/443/88 212/444/87 214/445/89 213/446/90
f 213/446/90 214/445/89 216/447/91 215/448/92
f 215/449/92 216/450/91 218/451/93 217/452/94
f 217/452/94 218/451/93 220/453/95 219/454/96
f 206/455/81 204/456/80 222/457/97 220/458/95 218/459/93 216/460/91 214/461/89 212/462/87 210/463/85 208/464/83
f 219/454/96 220/453/95 222/465/97 221/466/98
f 221/467/98 222/468/97 204/432/80 203/431/79
f 203/469/79 205/470/82 207/471/84 209/472/86 211/473/88 213/474/90 215/475/92 217/476/94 219/477/96 221/478/98
f 223/479/79 224/480/80 226/481/81 225/482/82
f 225/483/82 226/484/81 228/485/83 227/486/84
f 227/486/84 228/485/83 230/487/85 229/488/86
f 229/488/86 230/487/85 232/489/87 231/490/88
f 231/491/88 232/492/87 234/493/89 233/494/90
f 233/494/90 234/493/89 236/495/91 235/496/92
f 235/497/92 236/498/91 238/499/93 237/500/94
f 237/500/94 238/499/93 240/501/95 239/502/96
f 226/503/81 224/504/80 242/505/97 240/506/95 238/507/93 236/508/91 234/509/89 232/510/87 230/511/85 228/512/83
f 239/502/96 240/501/95 242/513/97 241/514/98
f 241/515/98 242/516/97 224/480/80 223/479/79
f 223/517/79 225/518/82 227/519/84 229/520/86 231/521/88 233/522/90 235/523/92 237/524/94 239/525/96 241/526/98
f 243/527/79 244/528/80 246/529/81 245/530/82
f 245/531/82 246/532/81 248/533/83 247/534/84
f 247/534/84 248/533/83 250/535/85 249/536/86
f 249/536/86 250/535/85 252/537/87 251/538/88
f 251/539/88 252/540/87 254/541/89 253/542/90
f 253/542/90 254/541/89 256/543/91 255/544/92
f 255/545/92 256/546/91 258/547/93 257/548/94
f 257/548/94 258/547/93 260/549/95 259/550/96
f 246/551/81 244/552/80 262/553/97 260/554/95 258/555/93 256/556/91 254/557/89 252/558/87 250/559/85 248/560/83
f 259/550/96 260/549/95 262/561/97 261/562/98
f 261/563/98 262/564/97 244/528/80 243/527/79
f 243/565/79 245/566/82 247/567/84 249/568/86 251/569/88 253/570/90 255/571/92 257/572/94 259/573/96 261/574/98
f 263/575/79 264/576/80 266/577/81 265/578/82
f 265/579/82 266/580/81 268/581/83 267/582/84
f 267/582/84 268/581/83 270/583/85 269/584/86
f 269/584/86 270/583/85 272/585/87 271/586/88
f 271/587/88 272/588/87 274/589/89 273/590/90
f 273/590/90 274/589/89 276/591/91 275/592/92
f 275/593/92 276/594/91 278/595/93 277/596/94
f 277/596/94 278/595/93 280/597/95 279/598/96
f 266/599/81 264/600/80 282/601/97 280/602/95 278/603/93 276/604/91 274/605/89 272/606/87 270/607/85 268/608/83
f 279/598/96 280/597/95 282/609/97 281/610/98
f 281/611/98 282/612/97 264/576/80 263/575/79
f 263/613/79 265/614/82 267/615/84 269/616/86 271/617/88 273/618/90 275/619/92 277/620/94 279/621/96 281/622/98
f 283/623/79 284/624/80 286/625/81 285/626/82
f 285/627/82 286/628/81 288/629/83 287/630/84
f 287/630/84 288/629/83 290/631/85 289/632/86
f 289/632/86 290/631/85 292/633/87 291/634/88
f 291/635/88 292/636/87 294/637/89 293/638/90
f 293/638/90 294/637/89 296/639/91 295/640/92
f 295/641/92 296/642/91 298/643/93 297/644/94
f 297/644/94 298/643/93 300/645/95 299/646/96
f 286/647/81 284/648/80 302/649/97 300/650/95 298/651/93 296/652/91 294/653/89 292/654/87 290/655/85 288/656/83
f 299/646/96 300/645/95 302/657/97 301/658/98
f 301/659/98 302/660/97 284/624/80 283/623/79
f 283/661/79 285/662/82 287/663/84 289/664/86 291/665/88 293/666/90 295/667/92 297/668/94 299/669/96 301/670/98
f 303/671/79 304/672/80 306/673/81 305/674/82
f 305/675/82 306/676/81 308/677/83 307/678/84
f 307/678/84 308/677/83 310/679/85 309/680/86
f 309/680/86 310/679/85 312/681/87 311/682/88
f 311/683/88 312/684/87 314/685/89 313/686/90
f 313/686/90 314/685/89 316/687/91 315/688/92
f 315/689/92 316/690/91 318/691/93 317/692/94
f 317/692/94 318/691/93 320/693/95 319/694/96
f 306/695/81 304/696/80 322/697/97 320/698/95 318/699/93 316/700/91 314/701/89 312/702/87 310/703/85 308/704/83
f 319/694/96 320/693/95 322/705/97 321/706/98
f 321/707/98 322/708/97 304/672/80 303/671/79
f 303/709/79 305/710/82 307/711/84 309/712/86 311/713/88 313/714/90 315/715/92 317/716/94 319/717/96 321/718/98
f 323/719/79 324/720/80 326/721/81 325/722/82
f 325/723/82 326/724/81 328/725/83 327/726/84
f 327/726/84 328/725/83 330/727/85 329/728/86
f 329/728/86 330/727/85 332/729/87 331/730/88
f 331/731/88 332/732/87 334/733/89 333/734/90
f 333/734/90 334/733/89 336/735/91 335/736/92
f 335/737/92 336/738/91 338/739/93 337/740/94
f 337/740/94 338/739/93 340/741/95 339/742/96
f 326/743/81 324/744/80 342/745/97 340/746/95 338/747/93 336/748/91 334/749/89 332/750/87 330/751/85 328/752/83
f 339/742/96 340/741/95 342/753/97 341/754/98
f 341/755/98 342/756/97 324/720/80 323/719/79
f 323/757/79 325/758/82 327/759/84 329/760/86 331/761/88 333/762/90 335/763/92 337/764/94 339/765/96 341/766/98
f 343/767/79 344/768/80 346/769/81 345/770/82
f 345/771/82 346/772/81 348/773/83 347/774/84
f 347/774/84 348/773/83 350/775/85 349/776/86
f 349/776/86 350/775/85 352/777/87 351/778/88
f 351/779/88 352/780/87 354/781/89 353/782/90
f 353/782/90 354/781/89 356/783/91 355/784/92
f 355/785/92 356/786/91 358/787/93 357/788/94
f 357/788/94 358/787/93 360/789/95 359/790/96
f 346/791/81 344/792/80 362/793/97 360/794/95 358/795/93 356/796/91 354/797/89 352/798/87 350/799/85 348/800/83
f 359/790/96 360/789/95 362/801/97 361/802/98
f 361/803/98 362/804/97 344/768/80 343/767/79
f 343/805/79 345/806/82 347/807/84 349/808/86 351/809/88 353/810/90 355/811/92 357/812/94 359/813/96 361/814/98
f 363/815/79 364/816/80 366/817/81 365/818/82
f 365/819/82 366/820/81 368/821/83 367/822/84
f 367/822/84 368/821/83 370/823/85 369/824/86
f 369/824/86 370/823/85 372/825/87 371/826/88
f 371/827/88 372/828/87 374/829/89 373/830/90
f 373/830/90 374/829/89 376/831/91 375/832/92
f 375/833/92 376/834/91 378/835/93 377/836/94
f 377/836/94 378/835/93 380/837/95 379/838/96
f 366/839/81 364/840/80 382/841/97 380/842/95 378/843/93 376/844/91 374/845/89 372/846/87 370/847/85 368/848/83
f 379/838/96 380/837/95 382/849/97 381/850/98
f 381/851/98 382/852/97 364/816/80 363/815/79
f 363/853/79 365/854/82 367/855/84 369/856/86 371/857/88 373/858/90 375/859/92 377/860/94 379/861/96 381/862/98
f 383/863/79 384/864/80 386/865/81 385/866/82
f 385/867/82 386/868/81 388/869/83 387/870/84
f 387/870/84 388/869/83 390/871/85 389/872/86
f 389/872/86 390/871/85 392/873/87 391/874/88
f 391/875/88 392/876/87 394/877/89 393/878/90
f 393/878/90 394/877/89 396/879/91 395/880/92
f 395/881/92 396/882/91 398/883/93 397/884/94
f 397/884/94 398/883/93 400/885/95 399/886/96
f 386/887/81 384/888/80 402/889/97 400/890/95 398/891/93 396/892/91 394/893/89 392/894/87 390/895/85 388/896/83
f 399/886/96 400/885/95 402/897/97 401/898/98
f 401/899/98 402/900/97 384/864/80 383/863/79
f 383/901/79 385/902/82 387/903/84 389/904/86 391/905/88 393/906/90 395/907/92 397/908/94 399/909/96 401/910/98
f 403/911/99 404/912/100 406/913/101 405/914/102
f 405/915/102 406/916/101 408/917/103 407/918/104
f 407/918/104 408/917/103 410/919/105 409/920/106
f 409/920/106 410/919/105 412/921/107 411/922/108
f 411/923/108 412/924/107 414/925/109 413/926/110
f 413/926/110 414/925/109 416/927/111 415/928/112
f 415/928/112 416/927/111 418/929/113 417/930/114
f 417/931/114 418/932/113 420/933/115 419/934/116
f 419/934/116 420/933/115 422/935/117 421/936/118
f 421/936/118 422/935/117 424/937/119 423/938/120
f 406/939/101 404/940/100 426/941/121 424/942/119 422/943/117 420/944/115 418/945/113 416/946/111 414/947/109 412/948/107 410/949/105 408/950/103
f 423/951/120 424/952/119 426/953/121 425/954/122
f 425/954/122 426/953/121 404/912/100 403/911/99
f 403/955/99 405/956/102 407/957/104 409/958/106 411/959/108 413/960/110 415/961/112 417/962/114 419/963/116 421/964/118 423/965/120 425/966/122
f 427/967/99 428/968/100 430/969/101 429/970/102
f 429/971/102 430/972/101 432/973/103 431/974/104
f 431/974/104 432/973/103 434/975/105 433/976/106
f 433/976/106 434/975/105 436/977/107 435/978/108
f 435/979/108 436/980/107 438/981/109 437/982/110
f 437/982/110 438/981/109 440/983/111 439/984/112
f 439/984/112 440/983/111 442/985/113 441/986/114
f 441/987/114 442/988/113 444/989/115 443/990/116
f 443/990/116 444/989/115 446/991/117 445/992/118
f 445/992/118 446/991/117 448/993/119 447/994/120
f 430/995/101 428/996/100 450/997/121 448/998/119 446/999/117 444/1000/115 442/1001/113 440/1002/111 438/1003/109 436/1004/107 434/1005/105 432/1006/103
f 447/1007/120 448/1008/119 450/1009/121 449/1010/122
f 449/1010/122 450/1009/121 428/968/100 427/967/99
f 427/1011/99 429/1012/102 431/1013/104 433/1014/106 435/1015/108 437/1016/110 439/1017/112 441/1018/114 443/1019/116 445/1020/118 447/1021/120 449/1022/122
f 451/1023/99 452/1024/100 454/1025/101 453/1026/102
f 453/1027/102 454/1028/101 456/1029/103 455/1030/104
f 455/1030/104 456/1029/103 458/1031/105 457/1032/106
f 457/1032/106 458/1031/105 460/1033/107 459/1034/108
f 459/1035/108 460/1036/107 462/1037/109 461/1038/110
f 461/1038/110 462/1037/109 464/1039/111 463/1040/112
f 463/1040/112 464/1039/111 466/1041/113 465/1042/114
f 465/1043/114 466/1044/113 468/1045/115 467/1046/116
f 467/1046/116 468/1045/115 470/1047/117 469/1048/118
f 469/1048/118 470/1047/117 472/1049/119 471/1050/120
f 454/1051/101 452/1052/100 474/1053/121 472/1054/119 470/1055/117 468/1056/115 466/1057/113 464/1058/111 462/1059/109 460/1060/107 458/1061/105 456/1062/103
f 471/1063/120 472/1064/119 474/1065/121 473/1066/122
f 473/1066/122 474/1065/121 452/1024/100 451/1023/99
f 451/1067/99 453/1068/102 455/1069/104 457/1070/106 459/1071/108 461/1072/110 463/1073/112 465/1074/114 467/1075/116 469/1076/118 471/1077/120 473/1078/122
f 475/1079/99 476/1080/100 478/1081/101 477/1082/102
f 477/1083/102 478/1084/101 480/1085/103 479/1086/104
f 479/1086/104 480/1085/103 482/1087/105 481/1088/106
f 481/1088/106 482/1087/105 484/1089/107 483/1090/108
f 483/1091/108 484/1092/107 486/1093/109 485/1094/110
f 485/1094/110 486/1093/109 488/1095/111 487/1096/112
f 487/1096/112 488/1095/111 490/1097/113 489/1098/114
f 489/1099/114 490/1100/113 492/1101/115 491/1102/116
f 491/1102/116 492/1101/115 494/1103/117 493/1104/118
f 493/1104/118 494/1103/117 496/1105/119 495/1106/120
f 478/1107/101 476/1108/100 498/1109/121 496/1110/119 494/1111/117 492/1112/115 490/1113/113 488/1114/111 486/1115/109 484/1116/107 482/1117/105 480/1118/103
f 495/1119/120 496/1120/119 498/1121/121 497/1122/122
f 497/1122/122 498/1121/121 476/1080/100 475/1079/99
f 475/1123/99 477/1124/102 479/1125/104 481/1126/106 483/1127/108 485/1128/110 487/1129/112 489/1130/114 491/1131/116 493/1132/118 495/1133/120 497/1134/122
f 499/1135/99 500/1136/100 502/1137/101 501/1138/102
f 501/1139/102 502/1140/101 504/1141/103 503/1142/104
f 503/1142/104 504/1141/103 506/1143/105 505/1144/106
f 505/1144/106 506/1143/105 508/1145/107 507/1146/108
f 507/1147/108 508/1148/107 510/1149/109 509/1150/110
f 509/1150/110 510/1149/109 512/1151/111 511/1152/112
f 511/1152/112 512/1151/111 514/1153/113 513/1154/114
f 513/1155/114 514/1156/113 516/1157/115 515/1158/116
f 515/1158/116 516/1157/115 518/1159/117 517/1160/118
f 517/1160/118 518/1159/117 520/1161/119 519/1162/120
f 502/1163/101 500/1164/100 522/1165/121 520/1166/119 518/1167/117 516/1168/115 514/1169/113 512/1170/111 510/1171/109 508/1172/107 506/1173/105 504/1174/103
f 519/1175/120 520/1176/119 522/1177/121 521/1178/122
f 521/1178/122 522/1177/121 500/1136/100 499/1135/99
f 499/1179/99 501/1180/102 503/1181/104 505/1182/106 507/1183/108 509/1184/110 511/1185/112 513/1186/114 515/1187/116 517/1188/118 519/1189/120 521/1190/122
f 523/1191/99 524/1192/100 526/1193/101 525/1194/102
f 525/1195/102 526/1196/101 528/1197/103 527/1198/104
f 527/1198/104 528/1197/103 530/1199/105 529/1200/106
f 529/1200/106 530/1199/105 532/1201/107 531/1202/108
f 531/1203/108 532/1204/107 534/1205/109 533/1206/110
f 533/1206/110 534/1205/109 536/1207/111 535/1208/112
f 535/1208/112 536/1207/111 538/1209/113 537/1210/114
f 537/1211/114 538/1212/113 540/1213/115 539/1214/116
f 539/1214/116 540/1213/115 542/1215/117 541/1216/118
f 541/1216/118 542/1215/117 544/1217/119 543/1218/120
f 526/1219/101 524/1220/100 546/1221/121 544/1222/119 542/1223/117 540/1224/115 538/1225/113 536/1226/111 534/1227/109 532/1228/107 530/1229/105 528/1230/103
f 543/1231/120 544/1232/119 546/1233/121 545/1234/122
f 545/1234/122 546/1233/121 524/1192/100 523/1191/99
f 523/1235/99 525/1236/102 527/1237/104 529/1238/106 531/1239/108 533/1240/110 535/1241/112 537/1242/114 539/1243/116 541/1244/118 543/1245/120 545/1246/122
f 547/1247/99 548/1248/100 550/1249/101 549/1250/102
f 549/1251/102 550/1252/101 552/1253/103 551/1254/104
f 551/1254/104 552/1253/103 554/1255/105 553/1256/106
f 553/1256/106 554/1255/105 556/1257/107 555/1258/108
f 555/1259/108 556/1260/107 558/1261/109 557/1262/110
f 557/1262/110 558/1261/109 560/1263/111 559/1264/112
f 559/1264/112 560/1263/111 562/1265/113 561/1266/114
f 561/1267/114 562/1268/113 564/1269/115 563/1270/116
f 563/1270/116 564/1269/115 566/1271/117 565/1272/118
f 565/1272/118 566/1271/117 568/1273/119 567/1274/120
f 550/1275/101 548/1276/100 570/1277/121 568/1278/119 566/1279/117 564/1280/115 562/1281/113 560/1282/111 558/1283/109 556/1284/107 554/1285/105 552/1286/103
f 567/1287/120 568/1288/119 570/1289/121 569/1290/122
f 569/1290/122 570/1289/121 548/1248/100 547/1247/99
f 547/1291/99 549/1292/102 551/1293/104 553/1294/106 555/1295/108 557/1296/110 559/1297/112 561/1298/114 563/1299/116 565/1300/118 567/1301/120 569/1302/122
f 571/1303/99 572/1304/100 574/1305/101 573/1306/102
f 573/1307/102 574/1308/101 576/1309/103 575/1310/104
f 575/1310/104 576/1309/103 578/1311/105 577/1312/106
f 577/1312/106 578/1311/105 580/1313/107 579/1314/108
f 579/1315/108 580/1316/107 582/1317/109 581/1318/110
f 581/1318/110 582/1317/109 584/1319/111 583/1320/112
f 583/1320/112 584/1319/111 586/1321/113 585/1322/114
f 585/1323/114 586/1324/113 588/1325/115 587/1326/116
f 587/1326/116 588/1325/115 590/1327/117 589/1328/118
f 589/1328/118 590/1327/117 592/1329/119 591/1330/120
f 574/1331/101 572/1332/100 594/1333/121 592/1334/119 590/1335/117 588/1336/115 586/1337/113 584/1338/111 582/1339/109 580/1340/107 578/1341/105 576/1342/103
f 591/1343/120 592/1344/119 594/1345/121 593/1346/122
f 593/1346/122 594/1345/121 572/1304/100 571/1303/99
f 571/1347/99 573/1348/102 575/1349/104 577/1350/106 579/1351/108 581/1352/110 583/1353/112 585/1354/114 587/1355/116 589/1356/118 591/1357/120 593/1358/122
f 595/1359/99 596/1360/100 598/1361/101 597/1362/102
f 597/1363/102 598/1364/101 600/1365/103 599/1366/104
f 599/1366/104 600/1365/103 602/1367/105 601/1368/106
f 601/1368/106 602/1367/105 604/1369/107 603/1370/108
f 603/1371/108 604/1372/107 606/1373/109 605/1374/110
f 605/1374/110 606/1373/109 608/1375/111 607/1376/112
f 607/1376/112 608/1375/111 610/1377/113 609/1378/114
f 609/1379/114 610/1380/113 612/1381/115 611/1382/116
f 611/1382/116 612/1381/115 614/1383/117 613/1384/118
f 613/1384/118 614/1383/117 616/1385/119 615/1386/120
f 598/1387/101 596/1388/100 618/1389/121 616/1390/119 614/1391/117 612/1392/115 610/1393/113 608/1394/111 606/1395/109 604/1396/107 602/1397/105 600/1398/103
f 615/1399/120 616/1400/119 618/1401/121 617/1402/122
f 617/1402/122 618/1401/121 596/1360/100 595/1359/99
f 595/1403/99 597/1404/102 599/1405/104 601/1406/106 603/1407/108 605/1408/110 607/1409/112 609/1410/114 611/1411/116 613/1412/118 615/1413/120 617/1414/122
f 619/1415/99 620/1416/100 622/1417/101 621/1418/102
f 621/1419/102 622/1420/101 624/1421/103 623/1422/104
f 623/1422/104 624/1421/103 626/1423/105 625/1424/106
f 625/1424/106 626/1423/105 628/1425/107 627/1426/108
f 627/1427/108 628/1428/107 630/1429/109 629/1430/110
f 629/1430/110 630/1429/109 632/1431/111 631/1432/112
f 631/1432/112 632/1431/111 634/1433/113 633/1434/114
f 633/1435/114 634/1436/113 636/1437/115 635/1438/116
f 635/1438/116 636/1437/115 638/1439/117 637/1440/118
f 637/1440/118 638/1439/117 640/1441/119 639/1442/120
f 622/1443/101 620/1444/100 642/1445/121 640/1446/119 638/1447/117 636/1448/115 634/1449/113 632/1450/111 630/1451/109 628/1452/107 626/1453/105 624/1454/103
f 639/1455/120 640/1456/119 642/1457/121 641/1458/122
f 641/1458/122 642/1457/121 620/1416/100 619/1415/99
f 619/1459/99 621/1460/102 623/1461/104 625/1462/106 627/1463/108 629/1464/110 631/1465/112 633/1466/114 635/1467/116 637/1468/118 639/1469/120 641/1470/122
f 643/1471/99 644/1472/100 646/1473/101 645/1474/102
f 645/1475/102 646/1476/101 648/1477/103 647/1478/104
f 647/1478/104 648/1477/103 650/1479/105 649/1480/106
f 649/1480/106 650/1479/105 652/1481/107 651/1482/108
f 651/1483/108 652/1484/107 654/1485/109 653/1486/110
f 653/1486/110 654/1485/109 656/1487/111 655/1488/112
f 655/1488/112 656/1487/111 658/1489/113 657/1490/114
f 657/1491/114 658/1492/113 660/1493/115 659/1494/116
f 659/1494/116 660/1493/115 662/1495/117 661/1496/118
f 661/1496/118 662/1495/117 664/1497/119 663/1498/120
f 646/1499/101 644/1500/100 666/1501/121 664/1502/119 662/1503/117 660/1504/115 658/1505/113 656/1506/111 654/1507/109 652/1508/107 650/1509/105 648/1510/103
f 663/1511/120 664/1512/119 666/1513/121 665/1514/122
f 665/1514/122 666/1513/121 644/1472/100 643/1471/99
f 643/1515/99 645/1516/102 647/1517/104 649/1518/106 651/1519/108 653/1520/110 655/1521/112 657/1522/114 659/1523/116 661/1524/118 663/1525/120 665/1526/122
f 667/1527/99 668/1528/100 670/1529/101 669/1530/102
f 669/1531/102 670/1532/101 672/1533/103 671/1534/104
f 671/1534/104 672/1533/103 674/1535/105 673/1536/106
f 673/1536/106 674/1535/105 676/1537/107 675/1538/108
f 675/1539/108 676/1540/107 678/1541/109 677/1542/110
f 677/1542/110 678/1541/109 680/1543/111 679/1544/112
f 679/1544/112 680/1543/111 682/1545/113 681/1546/114
f 681/1547/114 682/1548/113 684/1549/115 683/1550/116
f 683/1550/116 684/1549/115 686/1551/117 685/1552/118
f 685/1552/118 686/1551/117 688/1553/119 687/1554/120
f 670/1555/101 668/1556/100 690/1557/121 688/1558/119 686/1559/117 684/1560/115 682/1561/113 680/1562/111 678/1563/109 676/1564/107 674/1565/105 672/1566/103
f 687/1567/120 688/1568/119 690/1569/121 689/1570/122
f 689/1570/122 690/1569/121 668/1528/100 667/1527/99
f 667/1571/99 669/1572/102 671/1573/104 673/1574/106 675/1575/108 677/1576/110 679/1577/112 681/1578/114 683/1579/116 685/1580/118 687/1581/120 689/1582/122
f 694/1583/123 764/1584/124 699/1585/125 700/1586/126
f 693/1587/127 692/1588/128 697/1589/129 698/1590/130
f 763/1591/131 691/1592/132 695/1593/133 696/1594/134
f 738/1595/1 694/1583/123 700/1586/126
f 764/1596/124 693/1587/127 698/1590/130 699/1597/125
f 692/1588/128 763/1598/131 696/1599/134 697/1589/129
f 691/1592/132 701/1600/13 695/1593/133
f 697/1589/129 696/1599/134 703/1601/135 704/1602/136
f 695/1593/133 701/1600/13 702/1603/137
f 700/1586/126 699/1585/125 706/1604/138 707/1605/139
f 698/1606/130 697/1607/129 704/1608/136 705/1609/140
f 696/1594/134 695/1593/133 702/1603/137 703/1610/135
f 738/1595/1 700/1586/126 707/1605/139
f 699/1611/125 698/1606/130 705/1609/140 706/1612/138
f 707/1605/139 706/1604/138 712/1613/141 713/1614/142
f 705/1609/140 704/1608/136 710/1615/143 711/1616/144
f 703/1610/135 702/1603/137 708/1617/145 709/1618/146
f 738/1595/1 707/1605/139 713/1614/142
f 706/1612/138 705/1609/140 711/1616/144 712/1619/141
f 704/1608/136 703/1620/135 709/1621/146 710/1615/143
f 702/1603/137 701/1600/13 708/1617/145
f 713/1614/142 712/1613/141 718/1622/147 719/1623/148
f 711/1616/144 710/1615/143 716/1624/149 717/1625/150
f 709/1618/146 708/1617/145 714/1626/151 715/1627/152
f 738/1595/1 713/1614/142 719/1623/148
f 712/1619/141 711/1616/144 717/1625/150 718/1628/147
f 710/1615/143 709/1621/146 715/1629/152 716/1624/149
f 708/1617/145 701/1600/13 714/1626/151
f 715/1627/152 714/1626/151 720/1630/153 721/1631/154
f 738/1595/1 719/1623/148 725/1632/155
f 718/1633/147 717/1634/150 723/1635/156 724/1636/157
f 716/1624/149 715/1629/152 721/1637/154 722/1638/158
f 714/1626/151 701/1600/13 720/1630/153
f 719/1623/148 718/1622/147 724/1639/157 725/1632/155
f 717/1634/150 716/1640/149 722/1641/158 723/1635/156
f 738/1595/1 725/1632/155 731/1642/159
f 724/1636/157 723/1635/156 729/1643/160 730/1644/161
f 722/1641/158 721/1645/154 727/1646/162 728/1647/163
f 720/1630/153 701/1600/13 726/1648/164
f 725/1632/155 724/1639/157 730/1649/161 731/1642/159
f 723/1635/156 722/1641/158 728/1647/163 729/1643/160
f 721/1631/154 720/1630/153 726/1648/164 727/1650/162
f 730/1644/161 729/1643/160 735/1651/165 736/1652/166
f 728/1647/163 727/1646/162 733/1653/167 734/1654/168
f 726/1648/164 701/1600/13 732/1655/169
f 731/1642/159 730/1649/161 736/1656/166 737/1657/170
f 729/1643/160 728/1647/163 734/1654/168 735/1651/165
f 727/1650/162 726/1648/164 732/1655/169 733/1658/167
f 738/1595/1 731/1642/159 737/1657/170
f 732/1655/169 701/1600/13 739/1659/171
f 737/1657/170 736/1656/166 743/1660/172 744/1661/173
f 735/1662/165 734/1663/168 741/1664/174 742/1665/175
f 733/1658/167 732/1655/169 739/1659/171 740/1666/176
f 738/1595/1 737/1657/170 744/1661/173
f 736/1652/166 735/1651/165 742/1667/175 743/1668/172
f 734/1663/168 733/1669/167 740/1670/176 741/1664/174
f 744/1661/173 743/1660/172 749/1671/177 750/1672/178
f 742/1665/175 741/1664/174 747/1673/179 748/1674/180
f 740/1666/176 739/1659/171 745/1675/181 746/1676/182
f 738/1595/1 744/1661/173 750/1672/178
f 743/1677/172 742/1665/175 748/1674/180 749/1678/177
f 741/1664/174 740/1670/176 746/1679/182 747/1673/179
f 739/1659/171 701/1600/13 745/1675/181
f 748/1674/180 747/1673/179 753/1680/183 754/1681/184
f 746/1676/182 745/1675/181 751/1682/185 752/1683/186
f 738/1595/1 750/1672/178 756/1684/187
f 749/1678/177 748/1674/180 754/1681/184 755/1685/188
f 747/1673/179 746/1679/182 752/1686/186 753/1680/183
f 745/1675/181 701/1600/13 751/1682/185
f 750/1672/178 749/1671/177 755/1687/188 756/1684/187
f 738/1595/1 756/1684/187 762/1688/189
f 755/1685/188 754/1681/184 760/1689/190 761/1690/191
f 753/1691/183 752/1692/186 758/1693/192 759/1694/193
f 751/1682/185 701/1600/13 757/1695/194
f 756/1684/187 755/1687/188 761/1696/191 762/1688/189
f 754/1697/184 753/1691/183 759/1694/193 760/1698/190
f 752/1683/186 751/1682/185 757/1695/194 758/1699/192
f 738/1595/1 762/1688/189 694/1583/123
f 761/1700/191 760/1698/190 693/1587/127 764/1596/124
f 759/1694/193 758/1693/192 763/1598/131 692/1588/128
f 757/1695/194 701/1600/13 691/1592/132
f 762/1688/189 761/1696/191 764/1584/124 694/1583/123
f 760/1698/190 759/1694/193 692/1588/128 693/1587/127
f 758/1699/192 757/1695/194 691/1592/132 763/1591/131
f 768/1701/123 838/1702/124 773/1703/125 774/1704/126
f 767/1705/127 766/1706/128 771/1707/129 772/1708/130
f 837/1709/131 765/1710/132 769/1711/133 770/1712/134
f 812/1713/1 768/1701/123 774/1704/126
f 838/1714/124 767/1705/127 772/1708/130 773/1715/125
f 766/1706/128 837/1716/131 770/1717/134 771/1707/129
f 765/1710/132 775/1718/13 769/1711/133
f 774/1704/126 773/1703/125 780/1719/138 781/1720/139
f 772/1721/130 771/1722/129 778/1723/136 779/1724/140
f 770/1712/134 769/1711/133 776/1725/137 777/1726/135
f 812/1713/1 774/1704/126 781/1720/139
f 773/1727/125 772/1721/130 779/1724/140 780/1728/138
f 771/1707/129 770/1717/134 777/1729/135 778/1730/136
f 769/1711/133 775/1718/13 776/1725/137
f 781/1720/139 780/1719/138 786/1731/141 787/1732/142
f 779/1724/140 778/1723/136 784/1733/143 785/1734/144
f 777/1726/135 776/1725/137 782/1735/145 783/1736/146
f 812/1713/1 781/1720/139 787/1732/142
f 780/1728/138 779/1724/140 785/1734/144 786/1737/141
f 778/1723/136 777/1738/135 783/1739/146 784/1733/143
f 776/1725/137 775/1718/13 782/1735/145
f 783/1736/146 782/1735/145 788/1740/151 789/1741/152
f 812/1713/1 787/1732/142 793/1742/148
f 786/1737/141 785/1734/144 791/1743/150 792/1744/147
f 784/1733/143 783/1739/146 789/1745/152 790/1746/149
f 782/1735/145 775/1718/13 788/1740/151
f 787/1732/142 786/1731/141 792/1747/147 793/1742/148
f 785/1734/144 784/1733/143 790/1746/149 791/1743/150
f 812/1713/1 793/1742/148 799/1748/155
f 792/1749/147 791/1750/150 797/1751/156 798/1752/157
f 790/1746/149 789/1745/152 795/1753/154 796/1754/158
f 788/1740/151 775/1718/13 794/1755/153
f 793/1742/148 792/1747/147 798/1756/157 799/1748/155
f 791/1750/150 790/1757/149 796/1758/158 797/1751/156
f 789/1741/152 788/1740/151 794/1755/153 795/1759/154
f 798/1752/157 797/1751/156 803/1760/160 804/1761/161
f 796/1758/158 795/1762/154 801/1763/162 802/1764/163
f 794/1755/153 775/1718/13 800/1765/164
f 799/1748/155 798/1756/157 804/1766/161 805/1767/159
f 797/1751/156 796/1758/158 802/1764/163 803/1760/160
f 795/1759/154 794/1755/153 800/1765/164 801/1768/162
f 812/1713/1 799/1748/155 805/1767/159
f 800/1765/164 775/1718/13 806/1769/169
f 805/1767/159 804/1766/161 810/1770/166 811/1771/170
f 803/1760/160 802/1764/163 808/1772/168 809/1773/165
f 801/1768/162 800/1765/164 806/1769/169 807/1774/167
f 812/1713/1 805/1767/159 811/1771/170
f 804/1761/161 803/1760/160 809/1773/165 810/1775/166
f 802/1764/163 801/1763/162 807/1776/167 808/1772/168
f 811/1771/170 810/1770/166 817/1777/172 818/1778/173
f 809/1779/165 808/1780/168 815/1781/174 816/1782/175
f 807/1774/167 806/1769/169 813/1783/171 814/1784/176
f 812/1713/1 811/1771/170 818/1778/173
f 810/1775/166 809/1773/165 816/1785/175 817/1786/172
f 808/1780/168 807/1787/167 814/1788/176 815/1781/174
f 806/1769/169 775/1718/13 813/1783/171
f 816/1782/175 815/1781/174 821/1789/179 822/1790/180
f 814/1784/176 813/1783/171 819/1791/181 820/1792/182
f 812/1713/1 818/1778/173 824/1793/178
f 817/1794/172 816/1782/175 822/1790/180 823/1795/177
f 815/1781/174 814/1788/176 820/1796/182 821/1789/179
f 813/1783/171 775/1718/13 819/1791/181
f 818/1778/173 817/1777/172 823/1797/177 824/1793/178
f 812/1713/1 824/1793/178 830/1798/187
f 823/1795/177 822/1790/180 828/1799/184 829/1800/188
f 821/1789/179 820/1796/182 826/1801/186 827/1802/183
f 819/1791/181 775/1718/13 825/1803/185
f 824/1793/178 823/1797/177 829/1804/188 830/1798/187
f 822/1790/180 821/1789/179 827/1802/183 828/1799/184
f 820/1792/182 819/1791/181 825/1803/185 826/1805/186
f 812/1713/1 830/1798/187 836/1806/189
f 829/1800/188 828/1799/184 834/1807/190 835/1808/191
f 827/1809/183 826/1810/186 832/1811/192 833/1812/193
f 825/1803/185 775/1718/13 831/1813/194
f 830/1798/187 829/1804/188 835/1814/191 836/1806/189
f 828/1815/184 827/1809/183 833/1812/193 834/1816/190
f 826/1805/186 825/1803/185 831/1813/194 832/1817/192
f 833/1812/193 832/1811/192 837/1716/131 766/1706/128
f 831/1813/194 775/1718/13 765/1710/132
f 836/1806/189 835/1814/191 838/1702/124 768/1701/123
f 834/1816/190 833/1812/193 766/1706/128 767/1705/127
f 832/1817/192 831/1813/194 765/1710/132 837/1709/131
f 812/1713/1 836/1806/189 768/1701/123
f 835/1818/191 834/1816/190 767/1705/127 838/1714/124
f 840/1819/128 911/1820/131 844/1821/134 845/1822/129
f 839/1823/132 849/1824/13 843/1825/133
f 842/1826/123 912/1827/124 847/1828/125 848/1829/126
f 841/1830/127 840/1819/128 845/1822/129 846/1831/130
f 911/1832/131 839/1823/132 843/1825/133 844/1833/134
f 886/1834/1 842/1826/123 848/1829/126
f 912/1835/124 841/1830/127 846/1831/130 847/1836/125
f 886/1834/1 848/1829/126 855/1837/139
f 847/1838/125 846/1839/130 853/1840/140 854/1841/138
f 845/1822/129 844/1821/134 851/1842/135 852/1843/136
f 843/1825/133 849/1824/13 850/1844/137
f 848/1829/126 847/1828/125 854/1845/138 855/1837/139
f 846/1839/130 845/1846/129 852/1847/136 853/1840/140
f 844/1833/134 843/1825/133 850/1844/137 851/1848/135
f 852/1847/136 851/1849/135 857/1850/146 858/1851/143
f 850/1844/137 849/1824/13 856/1852/145
f 855/1837/139 854/1845/138 860/1853/141 861/1854/142
f 853/1840/140 852/1847/136 858/1851/143 859/1855/144
f 851/1848/135 850/1844/137 856/1852/145 857/1856/146
f 886/1834/1 855/1837/139 861/1854/142
f 854/1841/138 853/1840/140 859/1855/144 860/1857/141
f 861/1854/142 860/1853/141 866/1858/147 867/1859/148
f 859/1855/144 858/1851/143 864/1860/149 865/1861/150
f 857/1856/146 856/1852/145 862/1862/151 863/1863/152
f 886/1834/1 861/1854/142 867/1859/148
f 860/1857/141 859/1855/144 865/1861/150 866/1864/147
f 858/1851/143 857/1850/146 863/1865/152 864/1860/149
f 856/1852/145 849/1824/13 862/1862/151
f 867/1859/148 866/1858/147 872/1866/157 873/1867/155
f 865/1868/150 864/1869/149 870/1870/158 871/1871/156
f 863/1863/152 862/1862/151 868/1872/153 869/1873/154
f 886/1834/1 867/1859/148 873/1867/155
f 866/1874/147 865/1868/150 871/1871/156 872/1875/157
f 864/1860/149 863/1865/152 869/1876/154 870/1877/158
f 862/1862/151 849/1824/13 868/1872/153
f 869/1873/154 868/1872/153 874/1878/164 875/1879/162
f 886/1834/1 873/1867/155 879/1880/159
f 872/1875/157 871/1871/156 877/1881/160 878/1882/161
f 870/1870/158 869/1883/154 875/1884/162 876/1885/163
f 868/1872/153 849/1824/13 874/1878/164
f 873/1867/155 872/1866/157 878/1886/161 879/1880/159
f 871/1871/156 870/1870/158 876/1885/163 877/1881/160
f 886/1834/1 879/1880/159 885/1887/170
f 878/1882/161 877/1881/160 883/1888/165 884/1889/166
f 876/1885/163 875/1884/162 881/1890/167 882/1891/168
f 874/1878/164 849/1824/13 880/1892/169
f 879/1880/159 878/1886/161 884/1893/166 885/1887/170
f 877/1881/160 876/1885/163 882/1891/168 883/1888/165
f 875/1879/162 874/1878/164 880/1892/169 881/1894/167
f 884/1889/166 883/1888/165 890/1895/175 891/1896/172
f 882/1897/168 881/1898/167 888/1899/176 889/1900/174
f 880/1892/169 849/1824/13 887/1901/171
f 885/1887/170 884/1893/166 891/1902/172 892/1903/173
f 883/1904/165 882/1897/168 889/1900/174 890/1905/175
f 881/1894/167 880/1892/169 887/1901/171 888/1906/176
f 886/1834/1 885/1887/170 892/1903/173
f 887/1901/171 849/1824/13 893/1907/181
f 892/1903/173 891/1902/172 897/1908/177 898/1909/178
f 890/1905/175 889/1900/174 895/1910/179 896/1911/180
f 888/1906/176 887/1901/171 893/1907/181 894/1912/182
f 886/1834/1 892/1903/173 898/1909/178
f 891/1913/172 890/1905/175 896/1911/180 897/1914/177
f 889/1900/174 888/1899/176 894/1915/182 895/1910/179
f 898/1909/178 897/1908/177 903/1916/188 904/1917/187
f 896/1911/180 895/1910/179 901/1918/183 902/1919/184
f 894/1912/182 893/1907/181 899/1920/185 900/1921/186
f 886/1834/1 898/1909/178 904/1917/187
f 897/1914/177 896/1911/180 902/1919/184 903/1922/188
f 895/1910/179 894/1915/182 900/1923/186 901/1918/183
f 893/1907/181 849/1824/13 899/1920/185
f 902/1924/184 901/1925/183 907/1926/193 908/1927/190
f 900/1921/186 899/1920/185 905/1928/194 906/1929/192
f 886/1834/1 904/1917/187 910/1930/189
f 903/1922/188 902/1919/184 908/1931/190 909/1932/191
f 901/1925/183 900/1933/186 906/1934/192 907/1926/193
f 899/1920/185 849/1824/13 905/1928/194
f 904/1917/187 903/1916/188 909/1935/191 910/1930/189
f 886/1834/1 910/1930/189 842/1826/123
f 909/1936/191 908/1927/190 841/1830/127 912/1835/124
f 907/1926/193 906/1934/192 911/1820/131 840/1819/128
f 905/1928/194 849/1824/13 839/1823/132
f 910/1930/189 909/1935/191 912/1827/124 842/1826/123
f 908/1927/190 907/1926/193 840/1819/128 841/1830/127
f 906/1929/192 905/1928/194 839/1823/132 911/1832/131
s 0
f 913/1937/195 914/1938/195 916/1939/195 915/1940/195
f 915/1941/196 916/1942/196 920/1943/196 919/1944/196
f 919/1945/197 920/1946/197 918/1947/197 917/1948/197
f 917/1949/198 918/1950/198 914/1951/198 913/1952/198
f 915/1953/199 919/1954/199 917/1955/199 913/1956/199
f 920/1957/200 916/1958/200 914/1959/200 918/1960/200
f 921/1961/195 922/1962/195 924/1963/195 923/1964/195
f 923/1965/196 924/1966/196 928/1967/196 927/1968/196
f 927/1969/197 928/1970/197 926/1971/197 925/1972/197
f 925/1973/198 926/1974/198 922/1975/198 921/1976/198
f 923/1977/199 927/1978/199 925/1979/199 921/1980/199
f 928/1981/200 924/1982/200 922/1983/200 926/1984/200
f 929/1985/195 930/1986/195 932/1987/195 931/1988/195
f 931/1989/196 932/1990/196 936/1991/196 935/1992/196
f 935/1993/197 936/1994/197 934/1995/197 933/1996/197
f 933/1997/198 934/1998/198 930/1999/198 929/2000/198
f 931/2001/199 935/2002/199 933/2003/199 929/2004/199
f 936/2005/200 932/2006/200 930/2007/200 934/2008/200
f 937/2009/195 938/2010/195 940/2011/195 939/2012/195
f 939/2013/196 940/2014/196 944/2015/196 943/2016/196
f 943/2017/197 944/2018/197 942/2019/197 941/2020/197
f 941/2021/198 942/2022/198 938/2023/198 937/2024/198
f 939/2025/199 943/2026/199 941/2027/199 937/2028/199
f 944/2029/200 940/2030/200 938/2031/200 942/2032/200
f 945/2033/195 946/2034/195 948/2035/195 947/2036/195
f 947/2037/196 948/2038/196 952/2039/196 951/2040/196
f 951/2041/197 952/2042/197 950/2043/197 949/2044/197
f 949/2045/198 950/2046/198 946/2047/198 945/2048/198
f 947/2049/199 951/2050/199 949/2051/199 945/2052/199
f 952/2053/200 948/2054/200 946/2055/200 950/2056/200
f 953/2057/201 954/2058/201 956/2059/201 955/2060/201
f 955/2061/202 956/2062/202 960/2063/202 959/2064/202
f 959/2065/203 960/2066/203 958/2067/203 957/2068/203
f 957/2069/204 958/2070/204 954/2071/204 953/2072/204
f 955/2073/205 959/2074/205 957/2075/205 953/2076/205
f 960/2077/206 956/2078/206 954/2079/206 958/2080/206
f 961/2081/201 962/2082/201 964/2083/201 963/2084/201
f 963/2085/202 964/2086/202 968/2087/202 967/2088/202
f 967/2089/203 968/2090/203 966/2091/203 965/2092/203
f 965/2093/204 966/2094/204 962/2095/204 961/2096/204
f 963/2097/205 967/2098/205 965/2099/205 961/2100/205
f 968/2101/206 964/2102/206 962/2103/206 966/2104/206
f 969/2105/201 970/2106/201 972/2107/201 971/2108/201
f 971/2109/202 972/2110/202 976/2111/202 975/2112/202
f 975/2113/203 976/2114/203 974/2115/203 973/2116/203
f 973/2117/204 974/2118/204 970/2119/204 969/2120/204
f 971/2121/205 975/2122/205 973/2123/205 969/2124/205
f 976/2125/206 972/2126/206 970/2127/206 974/2128/206
f 977/2129/201 978/2130/201 980/2131/201 979/2132/201
f 979/2133/202 980/2134/202 984/2135/202 983/2136/202
f 983/2137/203 984/2138/203 982/2139/203 981/2140/203
f 981/2141/204 982/2142/204 978/2143/204 977/2144/204
f 979/2145/205 983/2146/205 981/2147/205 977/2148/205
f 984/2149/206 980/2150/206 978/2151/206 982/2152/206
f 985/2153/201 986/2154/201 988/2155/201 987/2156/201
f 987/2157/202 988/2158/202 992/2159/202 991/2160/202
f 991/2161/203 992/2162/203 990/2163/203 989/2164/203
f 989/2165/204 990/2166/204 986/2167/204 985/2168/204
f 987/2169/205 991/2170/205 989/2171/205 985/2172/205
f 992/2173/206 988/2174/206 986/2175/206 990/2176/206
f 993/2177/207 994/2178/207 996/2179/207 995/2180/207
f 995/2181/208 996/2182/208 1000/2183/208 999/2184/208
f 999/2185/209 1000/2186/209 998/2187/209 997/2188/209
f 997/2189/210 998/2190/210 994/2191/210 993/2192/210
f 995/2193/211 999/2194/211 997/2195/211 993/2196/211
f 1000/2197/212 996/2198/212 994/2199/212 998/2200/212
f 1001/2201/207 1002/2202/207 1004/2203/207 1003/2204/207
f 1003/2205/208 1004/2206/208 1008/2207/208 1007/2208/208
f 1007/2209/209 1008/2210/209 1006/2211/209 1005/2212/209
f 1005/2213/210 1006/2214/210 1002/2215/210 1001/2216/210
f 1003/2217/211 1007/2218/211 1005/2219/211 1001/2220/211
f 1008/2221/212 1004/2222/212 1002/2223/212 1006/2224/212
f 1009/2225/207 1010/2226/207 1012/2227/207 1011/2228/207
f 1011/2229/208 1012/2230/208 1016/2231/208 1015/2232/208
f 1015/2233/209 1016/2234/209 1014/2235/209 1013/2236/209
f 1013/2237/210 1014/2238/210 1010/2239/210 1009/2240/210
f 1011/2241/211 1015/2242/211 1013/2243/211 1009/2244/211
f 1016/2245/212 1012/2246/212 1010/2247/212 1014/2248/212
f 1017/2249/207 1018/2250/207 1020/2251/207 1019/2252/207
f 1019/2253/208 1020/2254/208 1024/2255/208 1023/2256/208
f 1023/2257/209 1024/2258/209 1022/2259/209 1021/2260/209
f 1021/2261/210 1022/2262/210 1018/2263/210 1017/2264/210
f 1019/2265/211 1023/2266/211 1021/2267/211 1017/2268/211
f 1024/2269/212 1020/2270/212 1018/2271/212 1022/2272/212
f 1025/2273/207 1026/2274/207 1028/2275/207 1027/2276/207
f 1027/2277/208 1028/2278/208 1032/2279/208 1031/2280/208
f 1031/2281/209 1032/2282/209 1030/2283/209 1029/2284/209
f 1029/2285/210 1030/2286/210 1026/2287/210 1025/2288/210
f 1027/2289/211 1031/2290/211 1029/2291/211 1025/2292/211
f 1032/2293/212 1028/2294/212 1026/2295/212 1030/2296/212
f 1033/2297/213 1034/2298/213 1036/2299/213 1035/2300/213
f 1035/2301/214 1036/2302/214 1040/2303/214 1039/2304/214
f 1039/2305/215 1040/2306/215 1038/2307/215 1037/2308/215
f 1037/2309/216 1038/2310/216 1034/2311/216 1033/2312/216
f 1035/2313/217 1039/2314/217 1037/2315/217 1033/2316/217
f 1040/2317/218 1036/2318/218 1034/2319/218 1038/2320/218
f 1041/2321/213 1042/2322/213 1044/2323/213 1043/2324/213
f 1043/2325/214 1044/2326/214 1048/2327/214 1047/2328/214
f 1047/2329/215 1048/2330/215 1046/2331/215 1045/2332/215
f 1045/2333/216 1046/2334/216 1042/2335/216 1041/2336/216
f 1043/2337/217 1047/2338/217 1045/2339/217 1041/2340/217
f 1048/2341/218 1044/2342/218 1042/2343/218 1046/2344/218
f 1049/2345/213 1050/2346/213 1052/2347/213 1051/2348/213
f 1051/2349/214 1052/2350/214 1056/2351/214 1055/2352/214
f 1055/2353/215 1056/2354/215 1054/2355/215 1053/2356/215
f 1053/2357/216 1054/2358/216 1050/2359/216 1049/2360/216
f 1051/2361/217 1055/2362/217 1053/2363/217 1049/2364/217
f 1056/2365/218 1052/2366/218 1050/2367/218 1054/2368/218
f 1057/2369/213 1058/2370/213 1060/2371/213 1059/2372/213
f 1059/2373/214 1060/2374/214 1064/2375/214 1063/2376/214
f 1063/2377/215 1064/2378/215 1062/2379/215 1061/2380/215
f 1061/2381/216 1062/2382/216 1058/2383/216 1057/2384/216
f 1059/2385/217 1063/2386/217 1061/2387/217 1057/2388/217
f 1064/2389/218 1060/2390/218 1058/2391/218 1062/2392/218
f 1065/2393/213 1066/2394/213 1068/2395/213 1067/2396/213
f 1067/2397/214 1068/2398/214 1072/2399/214 1071/2400/214
f 1071/2401/219 1072/2402/219 1070/2403/219 1069/2404/219
f 1069/2405/216 1070/2406/216 1066/2407/216 1065/2408/216
f 1067/2409/217 1071/2410/217 1069/2411/217 1065/2412/217
f 1072/2413/218 1068/2414/218 1066/2415/218 1070/2416/218
f 1073/2417/220 1074/2418/220 1076/2419/220 1075/2420/220
f 1075/2421/198 1076/2422/198 1080/2423/198 1079/2424/198
f 1079/2425/221 1080/2426/221 1078/2427/221 1077/2428/221
f 1077/2429/196 1078/2430/196 1074/2431/196 1073/2432/196
f 1075/2433/222 1079/2434/222 1077/2435/222 1073/2436/222
f 1080/2437/223 1076/2438/223 1074/2439/223 1078/2440/223
f 1081/2441/220 1082/2442/220 1084/2443/220 1083/2444/220
f 1083/2445/198 1084/2446/198 1088/2447/198 1087/2448/198
f 1087/2449/221 1088/2450/221 1086/2451/221 1085/2452/221
f 1085/2453/196 1086/2454/196 1082/2455/196 1081/2456/196
f 1083/2457/222 1087/2458/222 1085/2459/222 1081/2460/222
f 1088/2461/223 1084/2462/223 1082/2463/223 1086/2464/223
f 1089/2465/220 1090/2466/220 1092/2467/220 1091/2468/220
f 1091/2469/198 1092/2470/198 1096/2471/198 1095/2472/198
f 1095/2473/221 1096/2474/221 1094/2475/221 1093/2476/221
f 1093/2477/196 1094/2478/196 1090/2479/196 1089/2480/196
f 1091/2481/222 1095/2482/222 1093/2483/222 1089/2484/222
f 1096/2485/223 1092/2486/223 1090/2487/223 1094/2488/223
f 1097/2489/220 1098/2490/220 1100/2491/220 1099/2492/220
f 1099/2493/198 1100/2494/198 1104/2495/198 1103/2496/198
f 1103/2497/221 1104/2498/221 1102/2499/221 1101/2500/221
f 1101/2501/196 1102/2502/196 1098/2503/196 1097/2504/196
f 1099/2505/222 1103/2506/222 1101/2507/222 1097/2508/222
f 1104/2509/223 1100/2510/223 1098/2511/223 1102/2512/223
f 1105/2513/220 1106/2514/220 1108/2515/220 1107/2516/220
f 1107/2517/198 1108/2518/198 1112/2519/198 1111/2520/198
f 1111/2521/221 1112/2522/221 1110/2523/221 1109/2524/221
f 1109/2525/196 1110/2526/196 1106/2527/196 1105/2528/196
f 1107/2529/222 1111/2530/222 1109/2531/222 1105/2532/222
f 1112/2533/223 1108/2534/223 1106/2535/223 1110/2536/223
f 1113/2537/224 1114/2538/224 1116/2539/224 1115/2540/224
f 1115/2541/204 1116/2542/204 1120/2543/204 1119/2544/204
f 1119/2545/225 1120/2546/225 1118/2547/225 1117/2548/225
f 1117/2549/202 1118/2550/202 1114/2551/202 1113/2552/202
f 1115/2553/226 1119/2554/226 1117/2555/226 1113/2556/226
f 1120/2557/227 1116/2558/227 1114/2559/227 1118/2560/227
f 1121/2561/224 1122/2562/224 1124/2563/224 1123/2564/224
f 1123/2565/204 1124/2566/204 1128/2567/204 1127/2568/204
f 1127/2569/225 1128/2570/225 1126/2571/225 1125/2572/225
f 1125/2573/202 1126/2574/202 1122/2575/202 1121/2576/202
f 1123/2577/226 1127/2578/226 1125/2579/226 1121/2580/226
f 1128/2581/227 1124/2582/227 1122/2583/227 1126/2584/227
f 1129/2585/224 1130/2586/224 1132/2587/224 1131/2588/224
f 1131/2589/204 1132/2590/204 1136/2591/204 1135/2592/204
f 1135/2593/225 1136/2594/225 1134/2595/225 1133/2596/225
f 1133/2597/202 1134/2598/202 1130/2599/202 1129/2600/202
f 1131/2601/226 1135/2602/226 1133/2603/226 1129/2604/226
f 1136/2605/227 1132/2606/227 1130/2607/227 1134/2608/227
f 1137/2609/224 1138/2610/224 1140/2611/224 1139/2612/224
f 1139/2613/204 1140/2614/204 1144/2615/204 1143/2616/204
f 1143/2617/225 1144/2618/225 1142/2619/225 1141/2620/225
f 1141/2621/202 1142/2622/202 1138/2623/202 1137/2624/202
f 1139/2625/226 1143/2626/226 1141/2627/226 1137/2628/226
f 1144/2629/227 1140/2630/227 1138/2631/227 1142/2632/227
f 1145/2633/224 1146/2634/224 1148/2635/224 1147/2636/224
f 1147/2637/204 1148/2638/204 1152/2639/204 1151/2640/204
f 1151/2641/225 1152/2642/225 1150/2643/225 1149/2644/225
f 1149/2645/202 1150/2646/202 1146/2647/202 1145/2648/202
f 1147/2649/226 1151/2650/226 1149/2651/226 1145/2652/226
f 1152/2653/227 1148/2654/227 1146/2655/227 1150/2656/227
f 1153/2657/228 1154/2658/228 1156/2659/228 1155/2660/228
f 1155/2661/210 1156/2662/210 1160/2663/210 1159/2664/210
f 1159/2665/229 1160/2666/229 1158/2667/229 1157/2668/229
f 1157/2669/208 1158/2670/208 1154/2671/208 1153/2672/208
f 1155/2673/230 1159/2674/230 1157/2675/230 1153/2676/230
f 1160/2677/231 1156/2678/231 1154/2679/231 1158/2680/231
f 1161/2681/228 1162/2682/228 1164/2683/228 1163/2684/228
f 1163/2685/210 1164/2686/210 1168/2687/210 1167/2688/210
f 1167/2689/229 1168/2690/229 1166/2691/229 1165/2692/229
f 1165/2693/208 1166/2694/208 1162/2695/208 1161/2696/208
f 1163/2697/230 1167/2698/230 1165/2699/230 1161/2700/230
f 1168/2701/231 1164/2702/231 1162/2703/231 1166/2704/231
f 1169/2705/228 1170/2706/228 1172/2707/228 1171/2708/228
f 1171/2709/210 1172/2710/210 1176/2711/210 1175/2712/210
f 1175/2713/229 1176/2714/229 1174/2715/229 1173/2716/229
f 1173/2717/208 1174/2718/208 1170/2719/208 1169/2720/208
f 1171/2721/230 1175/2722/230 1173/2723/230 1169/2724/230
f 1176/2725/231 1172/2726/231 1170/2727/231 1174/2728/231
f 1177/2729/228 1178/2730/228 1180/2731/228 1179/2732/228
f 1179/2733/210 1180/2734/210 1184/2735/210 1183/2736/210
f 1183/2737/229 1184/2738/229 1182/2739/229 1181/2740/229
f 1181/2741/208 1182/2742/208 1178/2743/208 1177/2744/208
f 1179/2745/230 1183/2746/230 1181/2747/230 1177/2748/230
f 1184/2749/231 1180/2750/231 1178/2751/231 1182/2752/231
f 1185/2753/228 1186/2754/228 1188/2755/228 1187/2756/228
f 1187/2757/210 1188/2758/210 1192/2759/210 1191/2760/210
f 1191/2761/229 1192/2762/229 1190/2763/229 1189/2764/229
f 1189/2765/208 1190/2766/208 1186/2767/208 1185/2768/208
f 1187/2769/230 1191/2770/230 1189/2771/230 1185/2772/230
f 1192/2773/231 1188/2774/231 1186/2775/231 1190/2776/231
f 1193/2777/232 1194/2778/232 1196/2779/232 1195/2780/232
f 1195/2781/216 1196/2782/216 1200/2783/216 1199/2784/216
f 1199/2785/233 1200/2786/233 1198/2787/233 1197/2788/233
f 1197/2789/214 1198/2790/214 1194/2791/214 1193/2792/214
f 1195/2793/234 1199/2794/234 1197/2795/234 1193/2796/234
f 1200/2797/235 1196/2798/235 1194/2799/235 1198/2800/235
f 1201/2801/232 1202/2802/232 1204/2803/232 1203/2804/232
f 1203/2805/216 1204/2806/216 1208/2807/216 1207/2808/216
f 1207/2809/233 1208/2810/233 1206/2811/233 1205/2812/233
f 1205/2813/214 1206/2814/214 1202/2815/214 1201/2816/214
f 1203/2817/234 1207/2818/234 1205/2819/234 1201/2820/234
f 1208/2821/235 1204/2822/235 1202/2823/235 1206/2824/235
f 1209/2825/232 1210/2826/232 1212/2827/232 1211/2828/232
f 1211/2829/216 1212/2830/216 1216/2831/216 1215/2832/216
f 1215/2833/233 1216/2834/233 1214/2835/233 1213/2836/233
f 1213/2837/214 1214/2838/214 1210/2839/214 1209/2840/214
f 1211/2841/234 1215/2842/234 1213/2843/234 1209/2844/234
f 1216/2845/235 1212/2846/235 1210/2847/235 1214/2848/235
f 1217/2849/232 1218/2850/232 1220/2851/232 1219/2852/232
f 1219/2853/216 1220/2854/216 1224/2855/216 1223/2856/216
f 1223/2857/233 1224/2858/233 1222/2859/233 1221/2860/233
f 1221/2861/214 1222/2862/214 1218/2863/214 1217/2864/214
f 1219/2865/234 1223/2866/234 1221/2867/234 1217/2868/234
f 1224/2869/235 1220/2870/235 1218/2871/235 1222/2872/235
f 1225/2873/232 1226/2874/232 1228/2875/232 1227/2876/232
f 1227/2877/216 1228/2878/216 1232/2879/216 1231/2880/216
f 1231/2881/233 1232/2882/233 1230/2883/233 1229/2884/233
f 1229/2885/214 1230/2886/214 1226/2887/214 1225/2888/214
f 1227/2889/234 1231/2890/234 1229/2891/234 1225/2892/234
f 1232/2893/235 1228/2894/235 1226/2895/235 1230/2896/235
s 1
f 1233/2897/79 1234/2898/80 1236/2899/81 1235/2900/82
f 1235/2901/82 1236/2902/81 1238/2903/83 1237/2904/84
f 1237/2904/84 1238/2903/83 1240/2905/85 1239/2906/86
f 1239/2906/86 1240/2905/85 1242/2907/87 1241/2908/88
f 1241/2909/88 1242/2910/87 1244/2911/89 1243/2912/90
f 1243/2912/90 1244/2911/89 1246/2913/91 1245/2914/92
f 1245/2915/92 1246/2916/91 1248/2917/93 1247/2918/94
f 1247/2918/94 1248/2917/93 1250/2919/95 1249/2920/96
f 1236/2921/81 1234/2922/80 1252/2923/97 1250/2924/95 1248/2925/93 1246/2926/91 1244/2927/89 1242/2928/87 1240/2929/85 1238/2930/83
f 1249/2920/96 1250/2919/95 1252/2931/97 1251/2932/98
f 1251/2933/98 1252/2934/97 1234/2898/80 1233/2897/79
f 1233/2935/79 1235/2936/82 1237/2937/84 1239/2938/86 1241/2939/88 1243/2940/90 1245/2941/92 1247/2942/94 1249/2943/96 1251/2944/98
