# Blender 4.5.9 LTS
# www.blender.org
mtllib palm_a.mtl
o PalmA
v 2.750000 8.574336 -0.760007
v 2.869318 8.696426 -0.536665
v 2.965004 8.574336 -0.702397
v 3.018105 8.397909 -0.794372
v 3.018105 8.202091 -0.794372
v 2.965004 8.025664 -0.702397
v 2.869318 7.903574 -0.536665
v 2.956665 8.696426 -0.449318
v 3.122397 8.574336 -0.545004
v 3.214372 8.397909 -0.598105
v 3.214372 8.202091 -0.598105
v 3.122397 8.025664 -0.545004
v 2.956665 7.903574 -0.449318
v 2.988636 8.696426 -0.330000
v 3.180007 8.574336 -0.330000
v 3.286210 8.397909 -0.330000
v 3.286210 8.202091 -0.330000
v 3.180007 8.025664 -0.330000
v 2.988636 7.903574 -0.330000
v 2.956665 8.696426 -0.210682
v 3.122397 8.574336 -0.114996
v 3.214372 8.397909 -0.061895
v 3.214372 8.202091 -0.061895
v 3.122397 8.025664 -0.114996
v 2.956665 7.903574 -0.210682
v 2.869318 8.696426 -0.123335
v 2.965003 8.574336 0.042397
v 3.018105 8.397909 0.134372
v 3.018105 8.202091 0.134372
v 2.965003 8.025664 0.042397
v 2.869318 7.903574 -0.123335
v 2.750000 8.696426 -0.091364
v 2.750000 8.574336 0.100007
v 2.750000 8.397909 0.206210
v 2.750000 8.202091 0.206210
v 2.750000 8.025664 0.100007
v 2.750000 7.903574 -0.091364
v 2.630682 8.696426 -0.123335
v 2.534996 8.574336 0.042397
v 2.481895 8.397909 0.134372
v 2.481895 8.202091 0.134372
v 2.534996 8.025664 0.042397
v 2.630682 7.903574 -0.123335
v 2.543335 8.696426 -0.210682
v 2.377603 8.574336 -0.114996
v 2.285628 8.397909 -0.061895
v 2.285628 8.202091 -0.061895
v 2.377603 8.025664 -0.114996
v 2.543335 7.903574 -0.210682
v 2.750000 7.860000 -0.330000
v 2.750000 8.740000 -0.330000
v 2.511364 8.696426 -0.330000
v 2.319993 8.574336 -0.330000
v 2.213790 8.397909 -0.330000
v 2.213790 8.202091 -0.330000
v 2.319993 8.025664 -0.330000
v 2.511364 7.903574 -0.330000
v 2.543335 8.696426 -0.449318
v 2.377603 8.574336 -0.545004
v 2.285628 8.397909 -0.598105
v 2.285628 8.202091 -0.598105
v 2.377603 8.025664 -0.545004
v 2.543335 7.903574 -0.449318
v 2.630682 8.696426 -0.536665
v 2.534997 8.574336 -0.702397
v 2.481895 8.397909 -0.794372
v 2.481895 8.202091 -0.794372
v 2.534997 8.025664 -0.702397
v 2.630682 7.903574 -0.536665
v 2.750000 8.696426 -0.568636
v 2.750000 8.397909 -0.866210
v 2.750000 8.202091 -0.866210
v 2.750000 8.025664 -0.760007
v 2.750000 7.903574 -0.568636
v -2.000000 0.000000 2.000000
v -2.000000 0.450000 2.000000
v -2.000000 0.000000 -2.000000
v -2.000000 0.450000 -2.000000
v 2.000000 0.000000 2.000000
v 2.000000 0.450000 2.000000
v 2.000000 0.000000 -2.000000
v 2.000000 0.450000 -2.000000
v -1.500000 0.450000 1.200000
v -1.500000 0.650000 1.200000
v -1.323665 0.450000 1.257295
v -1.323665 0.650000 1.257295
v -1.214683 0.450000 1.407295
v -1.214683 0.650000 1.407295
v -1.214683 0.450000 1.592705
v -1.214683 0.650000 1.592705
v -1.323665 0.450000 1.742705
v -1.323665 0.650000 1.742705
v -1.500000 0.450000 1.800000
v -1.500000 0.650000 1.800000
v -1.676335 0.450000 1.742705
v -1.676335 0.650000 1.742705
v -1.785317 0.450000 1.592705
v -1.785317 0.650000 1.592705
v -1.785317 0.450000 1.407295
v -1.785317 0.650000 1.407295
v -1.676335 0.450000 1.257295
v -1.676335 0.650000 1.257295
v -1.500000 0.450000 0.200000
v -1.500000 0.650000 0.200000
v -1.323665 0.450000 0.257295
v -1.323665 0.650000 0.257295
v -1.214683 0.450000 0.407295
v -1.214683 0.650000 0.407295
v -1.214683 0.450000 0.592705
v -1.214683 0.650000 0.592705
v -1.323665 0.450000 0.742705
v -1.323665 0.650000 0.742705
v -1.500000 0.450000 0.800000
v -1.500000 0.650000 0.800000
v -1.676335 0.450000 0.742705
v -1.676335 0.650000 0.742705
v -1.785317 0.450000 0.592705
v -1.785317 0.650000 0.592705
v -1.785317 0.450000 0.407295
v -1.785317 0.650000 0.407295
v -1.676335 0.450000 0.257295
v -1.676335 0.650000 0.257295
v -1.500000 0.450000 -0.800000
v -1.500000 0.650000 -0.800000
v -1.323665 0.450000 -0.742705
v -1.323665 0.650000 -0.742705
v -1.214683 0.450000 -0.592705
v -1.214683 0.650000 -0.592705
v -1.214683 0.450000 -0.407295
v -1.214683 0.650000 -0.407295
v -1.323665 0.450000 -0.257295
v -1.323665 0.650000 -0.257295
v -1.500000 0.450000 -0.200000
v -1.500000 0.650000 -0.200000
v -1.676335 0.450000 -0.257295
v -1.676335 0.650000 -0.257295
v -1.785317 0.450000 -0.407295
v -1.785317 0.650000 -0.407295
v -1.785317 0.450000 -0.592705
v -1.785317 0.650000 -0.592705
v -1.676335 0.450000 -0.742705
v -1.676335 0.650000 -0.742705
v -1.500000 0.450000 -1.800000
v -1.500000 0.650000 -1.800000
v -1.323665 0.450000 -1.742705
v -1.323665 0.650000 -1.742705
v -1.214683 0.450000 -1.592705
v -1.214683 0.650000 -1.592705
v -1.214683 0.450000 -1.407295
v -1.214683 0.650000 -1.407295
v -1.323665 0.450000 -1.257295
v -1.323665 0.650000 -1.257295
v -1.500000 0.450000 -1.200000
v -1.500000 0.650000 -1.200000
v -1.676335 0.450000 -1.257295
v -1.676335 0.650000 -1.257295
v -1.785317 0.450000 -1.407295
v -1.785317 0.650000 -1.407295
v -1.785317 0.450000 -1.592705
v -1.785317 0.650000 -1.592705
v -1.676335 0.450000 -1.742705
v -1.676335 0.650000 -1.742705
v -0.500000 0.450000 1.200000
v -0.500000 0.650000 1.200000
v -0.323665 0.450000 1.257295
v -0.323665 0.650000 1.257295
v -0.214683 0.450000 1.407295
v -0.214683 0.650000 1.407295
v -0.214683 0.450000 1.592705
v -0.214683 0.650000 1.592705
v -0.323665 0.450000 1.742705
v -0.323665 0.650000 1.742705
v -0.500000 0.450000 1.800000
v -0.500000 0.650000 1.800000
v -0.676335 0.450000 1.742705
v -0.676335 0.650000 1.742705
v -0.785317 0.450000 1.592705
v -0.785317 0.650000 1.592705
v -0.785317 0.450000 1.407295
v -0.785317 0.650000 1.407295
v -0.676335 0.450000 1.257295
v -0.676335 0.650000 1.257295
v -0.500000 0.450000 0.200000
v -0.500000 0.650000 0.200000
v -0.323665 0.450000 0.257295
v -0.323665 0.650000 0.257295
v -0.214683 0.450000 0.407295
v -0.214683 0.650000 0.407295
v -0.214683 0.450000 0.592705
v -0.214683 0.650000 0.592705
v -0.323665 0.450000 0.742705
v -0.323665 0.650000 0.742705
v -0.500000 0.450000 0.800000
v -0.500000 0.650000 0.800000
v -0.676335 0.450000 0.742705
v -0.676335 0.650000 0.742705
v -0.785317 0.450000 0.592705
v -0.785317 0.650000 0.592705
v -0.785317 0.450000 0.407295
v -0.785317 0.650000 0.407295
v -0.676335 0.450000 0.257295
v -0.676335 0.650000 0.257295
v -0.500000 0.450000 -0.800000
v -0.500000 0.650000 -0.800000
v -0.323665 0.450000 -0.742705
v -0.323665 0.650000 -0.742705
v -0.214683 0.450000 -0.592705
v -0.214683 0.650000 -0.592705
v -0.214683 0.450000 -0.407295
v -0.214683 0.650000 -0.407295
v -0.323665 0.450000 -0.257295
v -0.323665 0.650000 -0.257295
v -0.500000 0.450000 -0.200000
v -0.500000 0.650000 -0.200000
v -0.676335 0.450000 -0.257295
v -0.676335 0.650000 -0.257295
v -0.785317 0.450000 -0.407295
v -0.785317 0.650000 -0.407295
v -0.785317 0.450000 -0.592705
v -0.785317 0.650000 -0.592705
v -0.676335 0.450000 -0.742705
v -0.676335 0.650000 -0.742705
v -0.500000 0.450000 -1.800000
v -0.500000 0.650000 -1.800000
v -0.323665 0.450000 -1.742705
v -0.323665 0.650000 -1.742705
v -0.214683 0.450000 -1.592705
v -0.214683 0.650000 -1.592705
v -0.214683 0.450000 -1.407295
v -0.214683 0.650000 -1.407295
v -0.323665 0.450000 -1.257295
v -0.323665 0.650000 -1.257295
v -0.500000 0.450000 -1.200000
v -0.500000 0.650000 -1.200000
v -0.676335 0.450000 -1.257295
v -0.676335 0.650000 -1.257295
v -0.785317 0.450000 -1.407295
v -0.785317 0.650000 -1.407295
v -0.785317 0.450000 -1.592705
v -0.785317 0.650000 -1.592705
v -0.676335 0.450000 -1.742705
v -0.676335 0.650000 -1.742705
v 0.500000 0.450000 1.200000
v 0.500000 0.650000 1.200000
v 0.676335 0.450000 1.257295
v 0.676335 0.650000 1.257295
v 0.785317 0.450000 1.407295
v 0.785317 0.650000 1.407295
v 0.785317 0.450000 1.592705
v 0.785317 0.650000 1.592705
v 0.676335 0.450000 1.742705
v 0.676335 0.650000 1.742705
v 0.500000 0.450000 1.800000
v 0.500000 0.650000 1.800000
v 0.323665 0.450000 1.742705
v 0.323665 0.650000 1.742705
v 0.214683 0.450000 1.592705
v 0.214683 0.650000 1.592705
v 0.214683 0.450000 1.407295
v 0.214683 0.650000 1.407295
v 0.323665 0.450000 1.257295
v 0.323665 0.650000 1.257295
v 0.500000 0.450000 0.200000
v 0.500000 0.650000 0.200000
v 0.676335 0.450000 0.257295
v 0.676335 0.650000 0.257295
v 0.785317 0.450000 0.407295
v 0.785317 0.650000 0.407295
v 0.785317 0.450000 0.592705
v 0.785317 0.650000 0.592705
v 0.676335 0.450000 0.742705
v 0.676335 0.650000 0.742705
v 0.500000 0.450000 0.800000
v 0.500000 0.650000 0.800000
v 0.323665 0.450000 0.742705
v 0.323665 0.650000 0.742705
v 0.214683 0.450000 0.592705
v 0.214683 0.650000 0.592705
v 0.214683 0.450000 0.407295
v 0.214683 0.650000 0.407295
v 0.323665 0.450000 0.257295
v 0.323665 0.650000 0.257295
v 0.500000 0.450000 -0.800000
v 0.500000 0.650000 -0.800000
v 0.676335 0.450000 -0.742705
v 0.676335 0.650000 -0.742705
v 0.785317 0.450000 -0.592705
v 0.785317 0.650000 -0.592705
v 0.785317 0.450000 -0.407295
v 0.785317 0.650000 -0.407295
v 0.676335 0.450000 -0.257295
v 0.676335 0.650000 -0.257295
v 0.500000 0.450000 -0.200000
v 0.500000 0.650000 -0.200000
v 0.323665 0.450000 -0.257295
v 0.323665 0.650000 -0.257295
v 0.214683 0.450000 -0.407295
v 0.214683 0.650000 -0.407295
v 0.214683 0.450000 -0.592705
v 0.214683 0.650000 -0.592705
v 0.323665 0.450000 -0.742705
v 0.323665 0.650000 -0.742705
v 0.500000 0.450000 -1.800000
v 0.500000 0.650000 -1.800000
v 0.676335 0.450000 -1.742705
v 0.676335 0.650000 -1.742705
v 0.785317 0.450000 -1.592705
v 0.785317 0.650000 -1.592705
v 0.785317 0.450000 -1.407295
v 0.785317 0.650000 -1.407295
v 0.676335 0.450000 -1.257295
v 0.676335 0.650000 -1.257295
v 0.500000 0.450000 -1.200000
v 0.500000 0.650000 -1.200000
v 0.323665 0.450000 -1.257295
v 0.323665 0.650000 -1.257295
v 0.214683 0.450000 -1.407295
v 0.214683 0.650000 -1.407295
v 0.214683 0.450000 -1.592705
v 0.214683 0.650000 -1.592705
v 0.323665 0.450000 -1.742705
v 0.323665 0.650000 -1.742705
v 1.500000 0.450000 1.200000
v 1.500000 0.650000 1.200000
v 1.676336 0.450000 1.257295
v 1.676336 0.650000 1.257295
v 1.785317 0.450000 1.407295
v 1.785317 0.650000 1.407295
v 1.785317 0.450000 1.592705
v 1.785317 0.650000 1.592705
v 1.676336 0.450000 1.742705
v 1.676336 0.650000 1.742705
v 1.500000 0.450000 1.800000
v 1.500000 0.650000 1.800000
v 1.323665 0.450000 1.742705
v 1.323665 0.650000 1.742705
v 1.214683 0.450000 1.592705
v 1.214683 0.650000 1.592705
v 1.214683 0.450000 1.407295
v 1.214683 0.650000 1.407295
v 1.323665 0.450000 1.257295
v 1.323665 0.650000 1.257295
v 1.500000 0.450000 0.200000
v 1.500000 0.650000 0.200000
v 1.676336 0.450000 0.257295
v 1.676336 0.650000 0.257295
v 1.785317 0.450000 0.407295
v 1.785317 0.650000 0.407295
v 1.785317 0.450000 0.592705
v 1.785317 0.650000 0.592705
v 1.676336 0.450000 0.742705
v 1.676336 0.650000 0.742705
v 1.500000 0.450000 0.800000
v 1.500000 0.650000 0.800000
v 1.323665 0.450000 0.742705
v 1.323665 0.650000 0.742705
v 1.214683 0.450000 0.592705
v 1.214683 0.650000 0.592705
v 1.214683 0.450000 0.407295
v 1.214683 0.650000 0.407295
v 1.323665 0.450000 0.257295
v 1.323665 0.650000 0.257295
v 1.500000 0.450000 -0.800000
v 1.500000 0.650000 -0.800000
v 1.676336 0.450000 -0.742705
v 1.676336 0.650000 -0.742705
v 1.785317 0.450000 -0.592705
v 1.785317 0.650000 -0.592705
v 1.785317 0.450000 -0.407295
v 1.785317 0.650000 -0.407295
v 1.676336 0.450000 -0.257295
v 1.676336 0.650000 -0.257295
v 1.500000 0.450000 -0.200000
v 1.500000 0.650000 -0.200000
v 1.323665 0.450000 -0.257295
v 1.323665 0.650000 -0.257295
v 1.214683 0.450000 -0.407295
v 1.214683 0.650000 -0.407295
v 1.214683 0.450000 -0.592705
v 1.214683 0.650000 -0.592705
v 1.323665 0.450000 -0.742705
v 1.323665 0.650000 -0.742705
v 1.500000 0.450000 -1.800000
v 1.500000 0.650000 -1.800000
v 1.676336 0.450000 -1.742705
v 1.676336 0.650000 -1.742705
v 1.785317 0.450000 -1.592705
v 1.785317 0.650000 -1.592705
v 1.785317 0.450000 -1.407295
v 1.785317 0.650000 -1.407295
v 1.676336 0.450000 -1.257295
v 1.676336 0.650000 -1.257295
v 1.500000 0.450000 -1.200000
v 1.500000 0.650000 -1.200000
v 1.323665 0.450000 -1.257295
v 1.323665 0.650000 -1.257295
v 1.214683 0.450000 -1.407295
v 1.214683 0.650000 -1.407295
v 1.214683 0.450000 -1.592705
v 1.214683 0.650000 -1.592705
v 1.323665 0.450000 -1.742705
v 1.323665 0.650000 -1.742705
v 0.000000 0.450000 -0.780000
v 0.000000 1.950000 -0.780000
v 0.390000 0.450000 -0.675500
v 0.390000 1.950000 -0.675500
v 0.675500 0.450000 -0.390000
v 0.675500 1.950000 -0.390000
v 0.780000 0.450000 0.000000
v 0.780000 1.950000 0.000000
v 0.675500 0.450000 0.390000
v 0.675500 1.950000 0.390000
v 0.390000 0.450000 0.675500
v 0.390000 1.950000 0.675500
v 0.000000 0.450000 0.780000
v 0.000000 1.950000 0.780000
v -0.390000 0.450000 0.675500
v -0.390000 1.950000 0.675500
v -0.675500 0.450000 0.390000
v -0.675500 1.950000 0.390000
v -0.780000 0.450000 0.000000
v -0.780000 1.950000 0.000000
v -0.675500 0.450000 -0.390000
v -0.675500 1.950000 -0.390000
v -0.390000 0.450000 -0.675500
v -0.390000 1.950000 -0.675500
v 0.000000 1.610001 -1.000000
v 0.000000 1.950000 -1.000000
v 0.500000 1.610001 -0.866025
v 0.500000 1.950000 -0.866025
v 0.866025 1.610001 -0.500000
v 0.866025 1.950000 -0.500000
v 1.000000 1.610001 0.000000
v 1.000000 1.950000 0.000000
v 0.866025 1.610001 0.500000
v 0.866025 1.950000 0.500000
v 0.500000 1.610001 0.866025
v 0.500000 1.950000 0.866025
v 0.000000 1.610001 1.000000
v 0.000000 1.950000 1.000000
v -0.500000 1.610001 0.866025
v -0.500000 1.950000 0.866025
v -0.866025 1.610001 0.500000
v -0.866025 1.950000 0.500000
v -1.000000 1.610001 0.000000
v -1.000000 1.950000 0.000000
v -0.866025 1.610001 -0.500000
v -0.866025 1.950000 -0.500000
v -0.500000 1.610001 -0.866025
v -0.500000 1.950000 -0.866025
v 0.550000 1.950000 -0.801000
v 0.550000 3.450000 -0.801000
v 0.917500 1.950000 -0.702529
v 0.917500 3.450000 -0.702529
v 1.186529 1.950000 -0.433500
v 1.186529 3.450000 -0.433500
v 1.285000 1.950000 -0.066000
v 1.285000 3.450000 -0.066000
v 1.186529 1.950000 0.301500
v 1.186529 3.450000 0.301500
v 0.917500 1.950000 0.570529
v 0.917500 3.450000 0.570529
v 0.550000 1.950000 0.669000
v 0.550000 3.450000 0.669000
v 0.182500 1.950000 0.570529
v 0.182500 3.450000 0.570529
v -0.086529 1.950000 0.301500
v -0.086529 3.450000 0.301500
v -0.185000 1.950000 -0.066000
v -0.185000 3.450000 -0.066000
v -0.086529 1.950000 -0.433500
v -0.086529 3.450000 -0.433500
v 0.182500 1.950000 -0.702529
v 0.182500 3.450000 -0.702529
v 0.550000 3.110000 -1.021000
v 0.550000 3.450000 -1.021000
v 1.027500 3.110000 -0.893054
v 1.027500 3.450000 -0.893054
v 1.377054 3.110000 -0.543500
v 1.377054 3.450000 -0.543500
v 1.505000 3.110000 -0.066000
v 1.505000 3.450000 -0.066000
v 1.377054 3.110000 0.411500
v 1.377054 3.450000 0.411500
v 1.027500 3.110000 0.761054
v 1.027500 3.450000 0.761054
v 0.550000 3.110000 0.889000
v 0.550000 3.450000 0.889000
v 0.072500 3.110000 0.761054
v 0.072500 3.450000 0.761054
v -0.277054 3.110000 0.411500
v -0.277054 3.450000 0.411500
v -0.405000 3.110000 -0.066000
v -0.405000 3.450000 -0.066000
v -0.277054 3.110000 -0.543500
v -0.277054 3.450000 -0.543500
v 0.072500 3.110000 -0.893054
v 0.072500 3.450000 -0.893054
v 1.100000 3.450000 -0.822000
v 1.100000 4.950000 -0.822000
v 1.445000 3.450000 -0.729557
v 1.445000 4.950000 -0.729557
v 1.697557 3.450000 -0.477000
v 1.697557 4.950000 -0.477000
v 1.790000 3.450000 -0.132000
v 1.790000 4.950000 -0.132000
v 1.697557 3.450000 0.213000
v 1.697557 4.950000 0.213000
v 1.445000 3.450000 0.465558
v 1.445000 4.950000 0.465558
v 1.100000 3.450000 0.558000
v 1.100000 4.950000 0.558000
v 0.755000 3.450000 0.465558
v 0.755000 4.950000 0.465558
v 0.502442 3.450000 0.213000
v 0.502442 4.950000 0.213000
v 0.410000 3.450000 -0.132000
v 0.410000 4.950000 -0.132000
v 0.502442 3.450000 -0.477000
v 0.502442 4.950000 -0.477000
v 0.755000 3.450000 -0.729557
v 0.755000 4.950000 -0.729557
v 1.100000 4.610001 -1.042000
v 1.100000 4.950001 -1.042000
v 1.555000 4.610001 -0.920083
v 1.555000 4.950001 -0.920083
v 1.888083 4.610001 -0.587000
v 1.888083 4.950001 -0.587000
v 2.010000 4.610001 -0.132000
v 2.010000 4.950001 -0.132000
v 1.888083 4.610001 0.323000
v 1.888083 4.950001 0.323000
v 1.555000 4.610001 0.656083
v 1.555000 4.950001 0.656083
v 1.100000 4.610001 0.778000
v 1.100000 4.950001 0.778000
v 0.645000 4.610001 0.656083
v 0.645000 4.950001 0.656083
v 0.311917 4.610001 0.323000
v 0.311917 4.950001 0.323000
v 0.190000 4.610001 -0.132000
v 0.190000 4.950001 -0.132000
v 0.311917 4.610001 -0.587000
v 0.311917 4.950001 -0.587000
v 0.645000 4.610001 -0.920083
v 0.645000 4.950001 -0.920083
v 1.650000 4.950000 -0.843000
v 1.650000 6.450000 -0.843000
v 1.972500 4.950000 -0.756586
v 1.972500 6.450000 -0.756586
v 2.208586 4.950000 -0.520500
v 2.208586 6.450000 -0.520500
v 2.295000 4.950000 -0.198000
v 2.295000 6.450000 -0.198000
v 2.208586 4.950000 0.124500
v 2.208586 6.450000 0.124500
v 1.972500 4.950000 0.360586
v 1.972500 6.450000 0.360586
v 1.650000 4.950000 0.447000
v 1.650000 6.450000 0.447000
v 1.327500 4.950000 0.360586
v 1.327500 6.450000 0.360586
v 1.091413 4.950000 0.124500
v 1.091413 6.450000 0.124500
v 1.005000 4.950000 -0.198000
v 1.005000 6.450000 -0.198000
v 1.091413 4.950000 -0.520500
v 1.091413 6.450000 -0.520500
v 1.327500 4.950000 -0.756586
v 1.327500 6.450000 -0.756586
v 1.650000 6.110001 -1.063000
v 1.650000 6.450001 -1.063000
v 2.082500 6.110001 -0.947112
v 2.082500 6.450001 -0.947112
v 2.399112 6.110001 -0.630500
v 2.399112 6.450001 -0.630500
v 2.515000 6.110001 -0.198000
v 2.515000 6.450001 -0.198000
v 2.399112 6.110001 0.234500
v 2.399112 6.450001 0.234500
v 2.082500 6.110001 0.551112
v 2.082500 6.450001 0.551112
v 1.650000 6.110001 0.667000
v 1.650000 6.450001 0.667000
v 1.217500 6.110001 0.551112
v 1.217500 6.450001 0.551112
v 0.900888 6.110001 0.234500
v 0.900888 6.450001 0.234500
v 0.785000 6.110001 -0.198000
v 0.785000 6.450001 -0.198000
v 0.900888 6.110001 -0.630500
v 0.900888 6.450001 -0.630500
v 1.217500 6.110001 -0.947112
v 1.217500 6.450001 -0.947112
v 2.200000 6.450000 -0.864000
v 2.200000 7.950000 -0.864000
v 2.500000 6.450000 -0.783615
v 2.500000 7.950000 -0.783615
v 2.719615 6.450000 -0.564000
v 2.719615 7.950000 -0.564000
v 2.800000 6.450000 -0.264000
v 2.800000 7.950000 -0.264000
v 2.719615 6.450000 0.036000
v 2.719615 7.950000 0.036000
v 2.500000 6.450000 0.255615
v 2.500000 7.950000 0.255615
v 2.200000 6.450000 0.336000
v 2.200000 7.950000 0.336000
v 1.900000 6.450000 0.255615
v 1.900000 7.950000 0.255615
v 1.680385 6.450000 0.036000
v 1.680385 7.950000 0.036000
v 1.600000 6.450000 -0.264000
v 1.600000 7.950000 -0.264000
v 1.680385 6.450000 -0.564000
v 1.680385 7.950000 -0.564000
v 1.900000 6.450000 -0.783615
v 1.900000 7.950000 -0.783615
v 2.200000 7.610001 -1.084000
v 2.200000 7.950000 -1.084000
v 2.610000 7.610001 -0.974141
v 2.610000 7.950000 -0.974141
v 2.910141 7.610001 -0.674000
v 2.910141 7.950000 -0.674000
v 3.020000 7.610001 -0.264000
v 3.020000 7.950000 -0.264000
v 2.910141 7.610001 0.146000
v 2.910141 7.950000 0.146000
v 2.610000 7.610001 0.446141
v 2.610000 7.950000 0.446141
v 2.200000 7.610001 0.556000
v 2.200000 7.950000 0.556000
v 1.790000 7.610001 0.446141
v 1.790000 7.950000 0.446141
v 1.489859 7.610001 0.146000
v 1.489859 7.950000 0.146000
v 1.380000 7.610001 -0.264000
v 1.380000 7.950000 -0.264000
v 1.489859 7.610001 -0.674000
v 1.489859 7.950000 -0.674000
v 1.790000 7.610001 -0.974141
v 1.790000 7.950000 -0.974141
v 3.401138 8.305436 -1.071617
v 3.401138 8.000134 -1.315087
v 3.401138 7.799866 -1.315087
v 3.401138 7.494564 -1.071617
v 3.498762 8.305436 -1.045459
v 3.577050 8.180571 -1.181058
v 3.620497 8.000134 -1.256310
v 3.620497 7.799866 -1.256310
v 3.577050 7.619430 -1.181058
v 3.498762 7.494564 -1.045459
v 3.401138 8.350000 -0.876369
v 3.570227 8.305436 -0.973993
v 3.705827 8.180571 -1.052281
v 3.781078 8.000134 -1.095728
v 3.781078 7.799866 -1.095728
v 3.705827 7.619430 -1.052281
v 3.570227 7.494564 -0.973993
v 3.596385 8.305436 -0.876369
v 3.752962 8.180571 -0.876369
v 3.839855 8.000134 -0.876369
v 3.839855 7.799866 -0.876369
v 3.752962 7.619430 -0.876369
v 3.596385 7.494564 -0.876369
v 3.570227 8.305436 -0.778746
v 3.705826 8.180571 -0.700457
v 3.781078 8.000134 -0.657011
v 3.781078 7.799866 -0.657011
v 3.705826 7.619430 -0.700457
v 3.570227 7.494564 -0.778746
v 3.498762 8.305436 -0.707280
v 3.577050 8.180571 -0.571681
v 3.620497 8.000134 -0.496429
v 3.620497 7.799866 -0.496429
v 3.577050 7.619430 -0.571681
v 3.498762 7.494564 -0.707280
v 3.401138 8.305436 -0.681122
v 3.401138 8.180571 -0.524545
v 3.401138 8.000134 -0.437652
v 3.401138 7.799866 -0.437652
v 3.401138 7.619430 -0.524545
v 3.401138 7.494564 -0.681122
v 3.303514 8.305436 -0.707280
v 3.225226 8.180571 -0.571681
v 3.181779 8.000134 -0.496429
v 3.181779 7.799866 -0.496429
v 3.225226 7.619430 -0.571681
v 3.303514 7.494564 -0.707280
v 3.401138 7.450000 -0.876369
v 3.232049 8.305436 -0.778746
v 3.096449 8.180571 -0.700457
v 3.021197 8.000134 -0.657011
v 3.021197 7.799866 -0.657011
v 3.096449 7.619430 -0.700457
v 3.232049 7.494564 -0.778746
v 3.205890 8.305436 -0.876369
v 3.049314 8.180571 -0.876369
v 2.962420 8.000134 -0.876369
v 2.962420 7.799866 -0.876369
v 3.049314 7.619430 -0.876369
v 3.205890 7.494564 -0.876369
v 3.232049 8.305436 -0.973993
v 3.096449 8.180571 -1.052281
v 3.021197 8.000134 -1.095728
v 3.021197 7.799866 -1.095728
v 3.096449 7.619430 -1.052281
v 3.232049 7.494564 -0.973993
v 3.303514 8.305436 -1.045459
v 3.225226 8.180571 -1.181058
v 3.181779 8.000134 -1.256310
v 3.181779 7.799866 -1.256310
v 3.225226 7.619430 -1.181058
v 3.303514 7.494564 -1.045459
v 3.401138 8.180571 -1.228194
v 3.401138 7.619430 -1.228194
v 1.951261 8.305436 -0.815965
v 1.951261 8.000134 -1.059435
v 1.951261 7.799866 -1.059435
v 1.951261 7.494564 -0.815965
v 2.048885 8.305436 -0.789806
v 2.127173 8.180571 -0.925406
v 2.170620 8.000134 -1.000658
v 2.170620 7.799866 -1.000658
v 2.127173 7.619430 -0.925406
v 2.048885 7.494564 -0.789806
v 1.951261 8.350000 -0.620717
v 2.120351 8.305436 -0.718341
v 2.255950 8.180571 -0.796629
v 2.331202 8.000134 -0.840076
v 2.331202 7.799866 -0.840076
v 2.255950 7.619430 -0.796629
v 2.120351 7.494564 -0.718341
v 2.146509 8.305436 -0.620717
v 2.303085 8.180571 -0.620717
v 2.389979 8.000134 -0.620717
v 2.389979 7.799866 -0.620717
v 2.303085 7.619430 -0.620717
v 2.146509 7.494564 -0.620717
v 2.120351 8.305436 -0.523093
v 2.255950 8.180571 -0.444805
v 2.331202 8.000134 -0.401358
v 2.331202 7.799866 -0.401358
v 2.255950 7.619430 -0.444805
v 2.120351 7.494564 -0.523093
v 2.048885 8.305436 -0.451628
v 2.127173 8.180571 -0.316028
v 2.170620 8.000134 -0.240777
v 2.170620 7.799866 -0.240777
v 2.127173 7.619430 -0.316028
v 2.048885 7.494564 -0.451628
v 1.951261 8.305436 -0.425469
v 1.951261 8.180571 -0.268893
v 1.951261 8.000134 -0.182000
v 1.951261 7.799866 -0.182000
v 1.951261 7.619430 -0.268893
v 1.951261 7.494564 -0.425469
v 1.853637 8.305436 -0.451628
v 1.775349 8.180571 -0.316028
v 1.731903 8.000134 -0.240777
v 1.731903 7.799866 -0.240777
v 1.775349 7.619430 -0.316028
v 1.853637 7.494564 -0.451628
v 1.951261 7.450000 -0.620717
v 1.782172 8.305436 -0.523093
v 1.646573 8.180571 -0.444805
v 1.571321 8.000134 -0.401358
v 1.571321 7.799866 -0.401358
v 1.646573 7.619430 -0.444805
v 1.782172 7.494564 -0.523093
v 1.756014 8.305436 -0.620717
v 1.599437 8.180571 -0.620717
v 1.512544 8.000134 -0.620717
v 1.512544 7.799866 -0.620717
v 1.599437 7.619430 -0.620717
v 1.756014 7.494564 -0.620717
v 1.782172 8.305436 -0.718341
v 1.646573 8.180571 -0.796629
v 1.571321 8.000134 -0.840076
v 1.571321 7.799866 -0.840076
v 1.646573 7.619430 -0.796629
v 1.782172 7.494564 -0.718341
v 1.853637 8.305436 -0.789806
v 1.775349 8.180571 -0.925406
v 1.731903 8.000134 -1.000658
v 1.731903 7.799866 -1.000658
v 1.775349 7.619430 -0.925406
v 1.853637 7.494564 -0.789806
v 1.951261 8.180571 -0.972541
v 1.951261 7.619430 -0.972541
v 2.897601 8.305436 0.311839
v 2.897601 8.000134 0.068369
v 2.897601 7.799866 0.068369
v 2.897601 7.494564 0.311839
v 2.995225 8.305436 0.337997
v 3.073513 8.180571 0.202398
v 3.116960 8.000134 0.127146
v 3.116960 7.799866 0.127146
v 3.073513 7.619430 0.202398
v 2.995225 7.494564 0.337997
v 2.897601 8.350000 0.507087
v 3.066690 8.305436 0.409463
v 3.202290 8.180571 0.331175
v 3.277541 8.000134 0.287728
v 3.277541 7.799866 0.287728
v 3.202290 7.619430 0.331175
v 3.066690 7.494564 0.409463
v 3.092849 8.305436 0.507087
v 3.249425 8.180571 0.507087
v 3.336318 8.000134 0.507087
v 3.336318 7.799866 0.507087
v 3.249425 7.619430 0.507087
v 3.092849 7.494564 0.507087
v 3.066690 8.305436 0.604711
v 3.202290 8.180571 0.682999
v 3.277541 8.000134 0.726445
v 3.277541 7.799866 0.726445
v 3.202290 7.619430 0.682999
v 3.066690 7.494564 0.604711
v 2.995225 8.305436 0.676176
v 3.073513 8.180571 0.811775
v 3.116960 8.000134 0.887027
v 3.116960 7.799866 0.887027
v 3.073513 7.619430 0.811775
v 2.995225 7.494564 0.676176
v 2.897601 8.305436 0.702334
v 2.897601 8.180571 0.858911
v 2.897601 8.000134 0.945804
v 2.897601 7.799866 0.945804
v 2.897601 7.619430 0.858911
v 2.897601 7.494564 0.702334
v 2.799977 8.305436 0.676176
v 2.721689 8.180571 0.811775
v 2.678242 8.000134 0.887027
v 2.678242 7.799866 0.887027
v 2.721689 7.619430 0.811775
v 2.799977 7.494564 0.676176
v 2.897601 7.450000 0.507087
v 2.728511 8.305436 0.604711
v 2.592912 8.180571 0.682999
v 2.517660 8.000134 0.726445
v 2.517660 7.799866 0.726445
v 2.592912 7.619430 0.682999
v 2.728511 7.494564 0.604711
v 2.702353 8.305436 0.507087
v 2.545777 8.180571 0.507087
v 2.458884 8.000134 0.507087
v 2.458884 7.799866 0.507087
v 2.545777 7.619430 0.507087
v 2.702353 7.494564 0.507087
v 2.728512 8.305436 0.409463
v 2.592912 8.180571 0.331175
v 2.517660 8.000134 0.287728
v 2.517660 7.799866 0.287728
v 2.592912 7.619430 0.331175
v 2.728512 7.494564 0.409463
v 2.799977 8.305436 0.337997
v 2.721689 8.180571 0.202398
v 2.678242 8.000134 0.127146
v 2.678242 7.799866 0.127146
v 2.721689 7.619430 0.202398
v 2.799977 7.494564 0.337997
v 2.897601 8.180571 0.155263
v 2.897601 7.619430 0.155263
v 2.750936 7.929174 0.345000
v 2.840418 8.130154 0.345000
v 2.750936 7.929174 -1.005000
v 2.840418 8.130154 -1.005000
v 4.760736 7.034353 0.345000
v 4.850218 7.235333 0.345000
v 4.760736 7.034353 -1.005000
v 4.850218 7.235333 -1.005000
v 4.764804 7.043489 0.195000
v 4.846151 7.226197 0.195000
v 4.764804 7.043489 -0.855000
v 4.846151 7.226197 -0.855000
v 6.409185 6.311362 0.195000
v 6.490533 6.494071 0.195000
v 6.409185 6.311362 -0.855000
v 6.490533 6.494071 -0.855000
v 6.413253 6.320498 0.045000
v 6.486465 6.484936 0.045000
v 6.413253 6.320498 -0.705000
v 6.486465 6.484936 -0.705000
v 7.692216 5.751066 0.045000
v 7.765429 5.915504 0.045000
v 7.692216 5.751066 -0.705000
v 7.765429 5.915504 -0.705000
v 7.741961 5.739865 -0.120000
v 7.807038 5.886032 -0.120000
v 7.741961 5.739865 -0.540000
v 7.807038 5.886032 -0.540000
v 8.564152 5.373802 -0.120000
v 8.629230 5.519969 -0.120000
v 8.564152 5.373802 -0.540000
v 8.629230 5.519969 -0.540000
v 2.786606 8.132219 -0.240000
v 2.827280 8.223575 -0.240000
v 2.786606 8.132219 -0.420000
v 2.827280 8.223575 -0.420000
v 5.344533 6.993357 -0.240000
v 5.385207 7.084712 -0.240000
v 5.344533 6.993357 -0.420000
v 5.385207 7.084712 -0.420000
v 3.269135 7.929960 0.101642
v 3.339781 8.118537 0.013054
v 2.213662 7.929960 -0.740070
v 2.284309 8.118537 -0.828658
v 4.444892 6.796876 -1.372711
v 4.515539 6.985453 -1.461299
v 3.389420 6.796876 -2.214422
v 3.460066 6.985453 -2.303010
v 4.330829 6.805449 -1.470262
v 4.395053 6.976882 -1.550796
v 3.509905 6.805449 -2.124926
v 3.574130 6.976882 -2.205460
v 5.292811 5.878380 -2.676550
v 5.357036 6.049813 -2.757085
v 4.471889 5.878380 -3.331214
v 4.536113 6.049813 -3.411749
v 5.178748 5.886950 -2.774100
v 5.236550 6.041241 -2.846581
v 4.592374 5.886950 -3.241718
v 4.650176 6.041241 -3.314199
v 5.926957 5.165897 -3.712325
v 5.984759 5.320188 -3.784806
v 5.340583 5.165897 -4.179942
v 5.398385 5.320188 -4.252423
v 5.827888 5.148717 -3.852736
v 5.879267 5.285864 -3.917163
v 5.499518 5.148717 -4.114601
v 5.550898 5.285864 -4.179029
v 6.308879 4.685183 -4.455880
v 6.360259 4.822330 -4.520308
v 5.980510 4.685183 -4.717745
v 6.031890 4.822330 -4.782173
v 2.849266 8.127146 -0.310126
v 2.881378 8.212862 -0.350394
v 2.708536 8.127146 -0.422355
v 2.740648 8.212862 -0.462622
v 4.345684 6.685039 -2.186575
v 4.377796 6.770755 -2.226843
v 4.204954 6.685039 -2.298804
v 4.237066 6.770755 -2.339071
v 3.414379 7.932536 -0.452589
v 3.384239 8.105898 -0.584639
v 2.098226 7.932536 -0.152186
v 2.068086 8.105898 -0.284236
v 3.028611 6.578081 -2.142748
v 2.998471 6.751443 -2.274797
v 1.712458 6.578081 -1.842344
v 1.682319 6.751443 -1.974394
v 2.881002 6.585960 -2.115372
v 2.853602 6.743563 -2.235417
v 1.857327 6.585960 -1.881725
v 1.829928 6.743563 -2.001770
v 2.565374 5.477770 -3.498228
v 2.537974 5.635372 -3.618273
v 1.541699 5.477770 -3.264581
v 1.514300 5.635372 -3.384626
v 2.417765 5.485650 -3.470852
v 2.393105 5.627492 -3.578893
v 1.686569 5.485650 -3.303962
v 1.661909 5.627492 -3.412002
v 2.172276 4.623724 -4.546407
v 2.147617 4.765566 -4.654448
v 1.441080 4.623724 -4.379517
v 1.416421 4.765566 -4.487557
v 2.001276 4.600821 -4.554106
v 1.979356 4.726903 -4.650143
v 1.591806 4.600821 -4.460648
v 1.569886 4.726903 -4.556684
v 1.843462 4.046726 -5.245535
v 1.821542 4.172807 -5.341571
v 1.433992 4.046726 -5.152076
v 1.412072 4.172807 -5.248112
v 2.825414 8.120921 -0.404047
v 2.811714 8.199722 -0.464070
v 2.649927 8.120921 -0.363993
v 2.636227 8.199722 -0.424016
v 2.334437 6.397069 -2.555157
v 2.320737 6.475870 -2.615180
v 2.158950 6.397069 -2.515103
v 2.145250 6.475870 -2.575126
v 3.042028 7.929174 -0.938560
v 2.961408 8.130154 -0.977385
v 2.456285 7.929174 0.277748
v 2.375664 8.130154 0.238923
v 1.231261 7.034353 -1.810580
v 1.150640 7.235333 -1.849405
v 0.645518 7.034353 -0.594272
v 0.564898 7.235333 -0.633097
v 1.162514 7.043489 -1.677199
v 1.089222 7.226197 -1.712495
v 0.706935 7.043489 -0.731182
v 0.633644 7.226197 -0.766477
v -0.319023 6.311362 -2.390670
v -0.392314 6.494071 -2.425965
v -0.774601 6.311362 -1.444653
v -0.847893 6.494071 -1.479948
v -0.387770 6.320498 -2.257289
v -0.453732 6.484936 -2.289055
v -0.713183 6.320498 -1.581563
v -0.779145 6.484936 -1.613328
v -1.540076 5.751066 -2.812211
v -1.606039 5.915504 -2.843977
v -1.865489 5.751066 -2.136484
v -1.931451 5.915504 -2.168250
v -1.656486 5.739865 -2.685134
v -1.715118 5.886032 -2.713370
v -1.838717 5.739865 -2.306727
v -1.897350 5.886032 -2.334964
v -2.397254 5.373802 -3.041869
v -2.455887 5.519969 -3.070106
v -2.579485 5.373802 -2.663463
v -2.638118 5.519969 -2.691699
v 2.756068 8.132219 -0.426970
v 2.719423 8.223575 -0.444618
v 2.677969 8.132219 -0.264796
v 2.641324 8.223575 -0.282443
v 0.451456 6.993357 -1.536813
v 0.414810 7.084712 -1.554461
v 0.373357 6.993357 -1.374639
v 0.336711 7.084712 -1.392287
v 2.469558 7.929960 -0.944140
v 2.367471 8.118537 -0.894977
v 3.055301 7.929960 0.272168
v 2.953214 8.118537 0.321331
v 0.770540 6.796876 -0.125936
v 0.668452 6.985453 -0.076773
v 1.356283 6.796876 1.090372
v 1.254195 6.985453 1.139535
v 0.830982 6.805449 0.011444
v 0.738175 6.976882 0.056138
v 1.286560 6.805449 0.957462
v 1.193753 6.976882 1.002155
v -0.559124 5.878380 0.680884
v -0.651931 6.049813 0.725578
v -0.103546 5.878380 1.626902
v -0.196353 6.049813 1.671595
v -0.498682 5.886950 0.818264
v -0.582208 6.041241 0.858488
v -0.173269 5.886950 1.493991
v -0.256795 6.041241 1.534215
v -1.579875 5.165897 1.338940
v -1.663401 5.320188 1.379164
v -1.254462 5.165897 2.014666
v -1.337988 5.320188 2.054890
v -1.551539 5.148717 1.508430
v -1.625784 5.285864 1.544184
v -1.369308 5.148717 1.886837
v -1.443553 5.285864 1.922591
v -2.246592 4.685183 1.843150
v -2.320837 4.822330 1.878904
v -2.064361 4.685183 2.221556
v -2.138606 4.822330 2.257311
v 2.669188 8.127146 -0.390975
v 2.622784 8.212862 -0.368628
v 2.747286 8.127146 -0.228801
v 2.700883 8.212862 -0.206454
v 0.506801 6.685039 0.650376
v 0.460397 6.770755 0.672722
v 0.584899 6.685039 0.812550
v 0.538496 6.770755 0.834897
v 2.098226 7.932536 -0.507814
v 2.068086 8.105898 -0.375764
v 3.414379 7.932536 -0.207410
v 3.384239 8.105898 -0.075361
v 1.712458 6.578081 1.182344
v 1.682319 6.751443 1.314394
v 3.028611 6.578081 1.482748
v 2.998471 6.751443 1.614797
v 1.857327 6.585960 1.221725
v 1.829928 6.743563 1.341770
v 2.881002 6.585960 1.455372
v 2.853602 6.743563 1.575417
v 1.541699 5.477770 2.604581
v 1.514300 5.635372 2.724627
v 2.565374 5.477770 2.838228
v 2.537974 5.635372 2.958274
v 1.686569 5.485650 2.643962
v 1.661909 5.627492 2.752003
v 2.417765 5.485650 2.810853
v 2.393105 5.627492 2.918893
v 1.441080 4.623724 3.719517
v 1.416420 4.765566 3.827558
v 2.172276 4.623724 3.886408
v 2.147616 4.765566 3.994449
v 1.591805 4.600821 3.800648
v 1.569886 4.726903 3.896684
v 2.001275 4.600821 3.894106
v 1.979356 4.726903 3.990143
v 1.433991 4.046726 4.492076
v 1.412072 4.172807 4.588112
v 1.843461 4.046726 4.585535
v 1.821542 4.172807 4.681571
v 2.649927 8.120921 -0.296007
v 2.636227 8.199722 -0.235984
v 2.825414 8.120921 -0.255953
v 2.811714 8.199722 -0.195930
v 2.158950 6.397069 1.855103
v 2.145250 6.475870 1.915126
v 2.334437 6.397069 1.895157
v 2.320737 6.475870 1.955180
v 2.222847 7.929174 0.091588
v 2.278638 8.130154 0.161548
v 3.278320 7.929174 -0.750124
v 3.334111 8.130154 -0.680164
v 3.475937 7.034353 1.662913
v 3.531728 7.235333 1.732873
v 4.531410 7.034353 0.821202
v 4.587201 7.235333 0.891162
v 3.595748 7.043489 1.572569
v 3.646467 7.226197 1.636169
v 4.416671 7.043489 0.917905
v 4.467390 7.226197 0.981505
v 4.621003 6.311362 2.858199
v 4.671722 6.494071 2.921799
v 5.441926 6.311362 2.203535
v 5.492645 6.494071 2.267135
v 4.740813 6.320498 2.767856
v 4.786461 6.484936 2.825095
v 5.327187 6.320498 2.300238
v 5.372834 6.484936 2.357478
v 5.538234 5.751066 3.767790
v 5.583881 5.915504 3.825030
v 6.124608 5.751066 3.300173
v 6.170255 5.915504 3.357412
v 5.698252 5.739865 3.703805
v 5.738827 5.886032 3.754685
v 6.026621 5.739865 3.441940
v 6.067196 5.886032 3.492820
v 6.210879 5.373802 4.346621
v 6.251454 5.519969 4.397501
v 6.539248 5.373802 4.084755
v 6.579823 5.519969 4.135635
v 2.702459 8.132219 -0.245266
v 2.727818 8.223575 -0.213466
v 2.843189 8.132219 -0.357494
v 2.868548 8.223575 -0.325694
v 4.297300 6.993357 1.754602
v 4.322659 7.084712 1.786402
v 4.438030 6.993357 1.642374
v 4.463389 7.084712 1.674174
v 2.750000 8.690001 -0.630000
v 2.750000 8.910000 -0.630000
v 2.926336 8.690001 -0.572705
v 2.926336 8.910000 -0.572705
v 3.035317 8.690001 -0.422705
v 3.035317 8.910000 -0.422705
v 3.035317 8.690001 -0.237295
v 3.035317 8.910000 -0.237295
v 2.926336 8.690001 -0.087295
v 2.926336 8.910000 -0.087295
v 2.750000 8.690001 -0.030000
v 2.750000 8.910000 -0.030000
v 2.573664 8.690001 -0.087295
v 2.573664 8.910000 -0.087295
v 2.464683 8.690001 -0.237295
v 2.464683 8.910000 -0.237295
v 2.464683 8.690001 -0.422705
v 2.464683 8.910000 -0.422705
v 2.573664 8.690001 -0.572705
v 2.573664 8.910000 -0.572705
vn -0.0000 -0.6794 -0.7337
vn -0.0000 -0.2569 -0.9664
vn 0.4832 -0.2569 -0.8370
vn 0.3669 -0.6794 -0.6354
vn -0.0000 0.2569 -0.9664
vn -0.0000 0.6794 -0.7337
vn 0.3669 0.6794 -0.6354
vn 0.4832 0.2569 -0.8370
vn -0.0000 0.9197 -0.3927
vn -0.0000 1.0000 -0.0000
vn 0.1963 0.9197 -0.3401
vn -0.0000 -0.9197 -0.3927
vn 0.1963 -0.9197 -0.3401
vn -0.0000 -1.0000 -0.0000
vn 0.3401 -0.9197 -0.1963
vn 0.8370 -0.2569 -0.4832
vn 0.6354 -0.6794 -0.3669
vn 0.6354 0.6794 -0.3669
vn 0.8370 0.2569 -0.4832
vn 0.3401 0.9197 -0.1963
vn 0.9664 -0.2569 -0.0000
vn 0.7337 -0.6794 -0.0000
vn 0.7337 0.6794 -0.0000
vn 0.9664 0.2569 -0.0000
vn 0.3927 0.9197 -0.0000
vn 0.3927 -0.9197 -0.0000
vn 0.3401 0.9197 0.1963
vn 0.6354 -0.6794 0.3669
vn 0.3401 -0.9197 0.1963
vn 0.8370 0.2569 0.4832
vn 0.8370 -0.2569 0.4832
vn 0.6354 0.6794 0.3669
vn 0.3669 -0.6794 0.6354
vn 0.1963 -0.9197 0.3401
vn 0.4832 0.2569 0.8370
vn 0.4832 -0.2569 0.8370
vn 0.1963 0.9197 0.3401
vn 0.3669 0.6794 0.6354
vn -0.0000 0.2569 0.9664
vn -0.0000 -0.2569 0.9664
vn -0.0000 0.9197 0.3927
vn -0.0000 0.6794 0.7337
vn -0.0000 -0.9197 0.3927
vn -0.0000 -0.6794 0.7337
vn -0.1963 -0.9197 0.3401
vn -0.4832 -0.2569 0.8370
vn -0.3669 -0.6794 0.6354
vn -0.3669 0.6794 0.6354
vn -0.4832 0.2569 0.8370
vn -0.1963 0.9197 0.3401
vn -0.3401 -0.9197 0.1963
vn -0.8370 -0.2569 0.4832
vn -0.6354 -0.6794 0.3669
vn -0.6354 0.6794 0.3669
vn -0.8370 0.2569 0.4832
vn -0.3401 0.9197 0.1963
vn -0.7337 0.6794 -0.0000
vn -0.9664 0.2569 -0.0000
vn -0.3927 0.9197 -0.0000
vn -0.7337 -0.6794 -0.0000
vn -0.3927 -0.9197 -0.0000
vn -0.9664 -0.2569 -0.0000
vn -0.6354 -0.6794 -0.3669
vn -0.3401 -0.9197 -0.1963
vn -0.8370 0.2569 -0.4832
vn -0.8370 -0.2569 -0.4832
vn -0.3401 0.9197 -0.1963
vn -0.6354 0.6794 -0.3669
vn -0.3669 -0.6794 -0.6354
vn -0.1963 -0.9197 -0.3401
vn -0.4832 0.2569 -0.8370
vn -0.4832 -0.2569 -0.8370
vn -0.1963 0.9197 -0.3401
vn -0.3669 0.6794 -0.6354
vn -1.0000 -0.0000 -0.0000
vn -0.0000 -0.0000 -1.0000
vn 1.0000 -0.0000 -0.0000
vn -0.0000 -0.0000 1.0000
vn -0.0000 -0.6437 -0.7653
vn -0.0000 0.6437 -0.7653
vn 0.4498 0.6437 -0.6191
vn 0.4498 -0.6437 -0.6191
vn 0.7278 0.6437 -0.2365
vn 0.7278 -0.6437 -0.2365
vn 0.7278 0.6437 0.2365
vn 0.7278 -0.6437 0.2365
vn 0.4498 0.6437 0.6191
vn 0.4498 -0.6437 0.6191
vn -0.0000 0.6437 0.7653
vn -0.0000 -0.6437 0.7653
vn -0.4498 0.6437 0.6191
vn -0.4498 -0.6437 0.6191
vn -0.7278 0.6437 0.2365
vn -0.7278 -0.6437 0.2365
vn -0.7278 0.6437 -0.2365
vn -0.7278 -0.6437 -0.2365
vn -0.4498 0.6437 -0.6191
vn -0.4498 -0.6437 -0.6191
vn -0.0000 -0.6532 -0.7572
vn -0.0000 0.6532 -0.7572
vn 0.3786 0.6532 -0.6557
vn 0.3786 -0.6532 -0.6557
vn 0.6557 0.6532 -0.3786
vn 0.6557 -0.6532 -0.3786
vn 0.7572 0.6532 -0.0000
vn 0.7572 -0.6532 -0.0000
vn 0.6557 0.6532 0.3786
vn 0.6557 -0.6532 0.3786
vn 0.3786 0.6532 0.6557
vn 0.3786 -0.6532 0.6557
vn -0.0000 0.6532 0.7572
vn -0.0000 -0.6532 0.7572
vn -0.3786 0.6532 0.6557
vn -0.3786 -0.6532 0.6557
vn -0.6557 0.6532 0.3786
vn -0.6557 -0.6532 0.3786
vn -0.7572 0.6532 -0.0000
vn -0.7572 -0.6532 -0.0000
vn -0.6557 0.6532 -0.3786
vn -0.6557 -0.6532 -0.3786
vn -0.3786 0.6532 -0.6557
vn -0.3786 -0.6532 -0.6557
vn -0.0000 -0.2150 -0.9766
vn -0.0000 0.2150 -0.9766
vn 0.4883 0.2150 -0.8458
vn 0.4883 -0.2150 -0.8458
vn -0.0000 0.6061 -0.7954
vn -0.0000 0.8864 -0.4630
vn 0.2315 0.8864 -0.4009
vn 0.3977 0.6061 -0.6888
vn -0.0000 -0.8864 -0.4630
vn 0.2315 -0.8864 -0.4009
vn -0.0000 -0.6061 -0.7954
vn 0.3977 -0.6061 -0.6888
vn 0.6888 -0.6061 -0.3977
vn 0.4009 -0.8864 -0.2315
vn 0.8458 0.2150 -0.4883
vn 0.8458 -0.2150 -0.4883
vn 0.4009 0.8864 -0.2315
vn 0.6888 0.6061 -0.3977
vn 0.9766 0.2150 -0.0000
vn 0.9766 -0.2150 -0.0000
vn 0.4630 0.8864 -0.0000
vn 0.7954 0.6061 -0.0000
vn 0.4630 -0.8864 -0.0000
vn 0.7954 -0.6061 -0.0000
vn 0.4009 -0.8864 0.2315
vn 0.8458 -0.2150 0.4883
vn 0.6888 -0.6061 0.3977
vn 0.6888 0.6061 0.3977
vn 0.8458 0.2150 0.4883
vn 0.4009 0.8864 0.2315
vn 0.2315 -0.8864 0.4009
vn 0.4883 -0.2150 0.8458
vn 0.3977 -0.6061 0.6888
vn 0.3977 0.6061 0.6888
vn 0.4883 0.2150 0.8458
vn 0.2315 0.8864 0.4009
vn -0.0000 0.6061 0.7954
vn -0.0000 0.2150 0.9766
vn -0.0000 0.8864 0.4630
vn -0.0000 -0.6061 0.7954
vn -0.0000 -0.8864 0.4630
vn -0.0000 -0.2150 0.9766
vn -0.3977 -0.6061 0.6888
vn -0.2315 -0.8864 0.4009
vn -0.4883 0.2150 0.8458
vn -0.4883 -0.2150 0.8458
vn -0.2315 0.8864 0.4009
vn -0.3977 0.6061 0.6888
vn -0.6888 -0.6061 0.3977
vn -0.4009 -0.8864 0.2315
vn -0.8458 0.2150 0.4883
vn -0.8458 -0.2150 0.4883
vn -0.4009 0.8864 0.2315
vn -0.6888 0.6061 0.3977
vn -0.4630 0.8864 -0.0000
vn -0.7954 0.6061 -0.0000
vn -0.4630 -0.8864 -0.0000
vn -0.9766 -0.2150 -0.0000
vn -0.7954 -0.6061 -0.0000
vn -0.9766 0.2150 -0.0000
vn -0.4009 -0.8864 -0.2315
vn -0.8458 -0.2150 -0.4883
vn -0.6888 -0.6061 -0.3977
vn -0.6888 0.6061 -0.3977
vn -0.8458 0.2150 -0.4883
vn -0.4009 0.8864 -0.2315
vn -0.4883 -0.2150 -0.8458
vn -0.3977 -0.6061 -0.6888
vn -0.3977 0.6061 -0.6888
vn -0.4883 0.2150 -0.8458
vn -0.2315 0.8864 -0.4009
vn -0.2315 -0.8864 -0.4009
vn -0.9135 0.4067 -0.0000
vn 0.9135 -0.4067 -0.0000
vn -0.4067 -0.9135 -0.0000
vn 0.4067 0.9135 -0.0000
vn -0.5344 0.5150 0.6702
vn -0.7818 -0.0000 -0.6235
vn 0.5344 -0.5150 -0.6702
vn 0.7818 -0.0000 0.6235
vn -0.3211 -0.8572 0.4027
vn 0.3211 0.8572 -0.4027
vn 0.1753 0.6157 0.7683
vn -0.9749 -0.0000 0.2225
vn -0.1753 -0.6157 -0.7683
vn 0.9749 -0.0000 -0.2225
vn 0.1370 -0.7880 0.6002
vn -0.1370 0.7880 -0.6002
vn 0.1754 0.6157 0.7683
vn 0.8231 0.4067 0.3964
vn -0.4339 -0.0000 0.9010
vn -0.8231 -0.4067 -0.3964
vn 0.4339 -0.0000 -0.9010
vn 0.3665 -0.9135 0.1765
vn -0.3665 0.9135 -0.1765
vn 0.7723 0.5150 -0.3719
vn 0.4339 -0.0000 0.9010
vn -0.7723 -0.5150 0.3719
vn -0.4339 -0.0000 -0.9010
vn 0.4640 -0.8572 -0.2235
vn -0.4640 0.8572 0.2235
vn 0.1753 0.6157 -0.7683
vn 0.9749 -0.0000 0.2225
vn -0.1753 -0.6157 0.7683
vn -0.9749 -0.0000 -0.2225
vn 0.1370 -0.7880 -0.6002
vn -0.1370 0.7880 0.6002
vn -0.5696 0.4067 -0.7142
vn 0.7818 -0.0000 -0.6235
vn 0.5696 -0.4067 0.7142
vn -0.7818 -0.0000 0.6235
vn -0.2536 -0.9135 -0.3180
vn 0.2536 0.9135 0.3180
vt 0.428201 0.859118
vt 0.419480 0.858286
vt 0.419480 0.845764
vt 0.428201 0.849076
vt 0.409801 0.858286
vt 0.401080 0.859118
vt 0.401080 0.849076
vt 0.409801 0.845764
vt 0.691314 0.370183
vt 0.694384 0.381577
vt 0.686026 0.373236
vt 0.748654 0.160573
vt 0.751054 0.151435
vt 0.760582 0.156936
vt 0.753942 0.163626
vt 0.688818 0.361046
vt 0.679289 0.366548
vt 0.745618 0.171967
vt 0.756995 0.168914
vt 0.372100 0.860848
vt 0.363303 0.864570
vt 0.363160 0.852707
vt 0.371985 0.851335
vt 0.353626 0.864569
vt 0.344985 0.860846
vt 0.344870 0.851333
vt 0.353482 0.852707
vt 0.682974 0.378524
vt 0.766083 0.166465
vt 0.673788 0.376076
vt 0.363160 0.838987
vt 0.371985 0.840332
vt 0.344870 0.840331
vt 0.353482 0.838987
vt 0.682974 0.384630
vt 0.766083 0.177467
vt 0.756995 0.175020
vt 0.673788 0.387079
vt 0.686026 0.389918
vt 0.760582 0.186996
vt 0.753942 0.180308
vt 0.353626 0.827085
vt 0.363303 0.827086
vt 0.679289 0.396608
vt 0.372100 0.830788
vt 0.344985 0.830787
vt 0.751054 0.192497
vt 0.748654 0.183361
vt 0.193988 0.881619
vt 0.184309 0.881619
vt 0.184309 0.870150
vt 0.193988 0.870150
vt 0.691314 0.392971
vt 0.688818 0.402109
vt 0.202709 0.877700
vt 0.202709 0.868503
vt 0.175588 0.877700
vt 0.175588 0.868503
vt 0.184309 0.856453
vt 0.193988 0.856453
vt 0.697420 0.392971
vt 0.699820 0.402109
vt 0.742548 0.183361
vt 0.202709 0.857518
vt 0.175588 0.857518
vt 0.740052 0.192497
vt 0.737261 0.180308
vt 0.193988 0.844197
vt 0.202709 0.847690
vt 0.175588 0.847690
vt 0.184309 0.844197
vt 0.702708 0.389918
vt 0.730523 0.186996
vt 0.709348 0.396608
vt 0.734208 0.175020
vt 0.309873 0.830809
vt 0.318514 0.827086
vt 0.318370 0.838949
vt 0.309757 0.840322
vt 0.328191 0.827085
vt 0.336988 0.830808
vt 0.336873 0.840321
vt 0.328047 0.838948
vt 0.705761 0.384630
vt 0.725022 0.177467
vt 0.714849 0.387079
vt 0.336873 0.851323
vt 0.328047 0.852668
vt 0.705761 0.378524
vt 0.725022 0.166465
vt 0.734208 0.168914
vt 0.318370 0.852669
vt 0.714849 0.376076
vt 0.309757 0.851325
vt 0.730523 0.156936
vt 0.737261 0.163626
vt 0.328191 0.864569
vt 0.318514 0.864570
vt 0.702708 0.373236
vt 0.709348 0.366548
vt 0.309873 0.860869
vt 0.336988 0.860867
vt 0.740052 0.151435
vt 0.742548 0.160573
vt 0.419480 0.883051
vt 0.409801 0.883051
vt 0.409801 0.871934
vt 0.419480 0.871934
vt 0.697420 0.370183
vt 0.699820 0.361046
vt 0.428201 0.878978
vt 0.428201 0.870063
vt 0.401080 0.878978
vt 0.401080 0.870063
vt 0.202802 0.598953
vt 0.180563 0.598830
vt 0.180563 0.407699
vt 0.202802 0.407822
vt 0.576004 0.404766
vt 0.553760 0.404766
vt 0.553760 0.209544
vt 0.576004 0.209544
vt 0.583886 0.209668
vt 0.606124 0.209544
vt 0.606124 0.400675
vt 0.583886 0.400799
vt 0.598179 0.197654
vt 0.575936 0.197654
vt 0.575936 0.004047
vt 0.598179 0.004047
vt 0.201660 0.201663
vt 0.003944 0.201663
vt 0.003941 0.003941
vt 0.201657 0.003941
vt 0.407258 0.201663
vt 0.209542 0.201663
vt 0.209545 0.003941
vt 0.407261 0.003941
vt 0.013827 0.971856
vt 0.003941 0.971856
vt 0.003941 0.963699
vt 0.013827 0.963699
vt 0.918632 0.714787
vt 0.908748 0.714775
vt 0.908689 0.706228
vt 0.918573 0.706240
vt 0.908748 0.697369
vt 0.918632 0.697380
vt 0.355263 0.896301
vt 0.345377 0.896301
vt 0.345377 0.889521
vt 0.355263 0.889521
vt 0.345377 0.880412
vt 0.355263 0.880412
vt 0.345377 0.872452
vt 0.355263 0.872452
vt 0.982046 0.964192
vt 0.991930 0.964180
vt 0.991871 0.972727
vt 0.981987 0.972739
vt 0.991930 0.981587
vt 0.982046 0.981598
vt 0.571316 0.939028
vt 0.562600 0.936197
vt 0.557213 0.928782
vt 0.557213 0.919618
vt 0.562600 0.912203
vt 0.571316 0.909371
vt 0.580032 0.912202
vt 0.585419 0.919617
vt 0.585419 0.928781
vt 0.580032 0.936196
vt 0.013827 0.987406
vt 0.003941 0.987406
vt 0.003941 0.980912
vt 0.013827 0.980912
vt 0.233503 0.922752
vt 0.224787 0.925583
vt 0.216070 0.922751
vt 0.210683 0.915336
vt 0.210683 0.906172
vt 0.216070 0.898757
vt 0.224786 0.895926
vt 0.233503 0.898758
vt 0.238890 0.906173
vt 0.238890 0.915337
vt 0.988113 0.628496
vt 0.978227 0.628496
vt 0.978227 0.620338
vt 0.988113 0.620338
vt 0.992366 0.746305
vt 0.982482 0.746293
vt 0.982422 0.737746
vt 0.992306 0.737758
vt 0.982482 0.728887
vt 0.992366 0.728899
vt 0.388869 0.971991
vt 0.378983 0.971991
vt 0.378983 0.965211
vt 0.388869 0.965211
vt 0.378983 0.956101
vt 0.388869 0.956101
vt 0.378983 0.948141
vt 0.388869 0.948141
vt 0.920946 0.390238
vt 0.930830 0.390226
vt 0.930771 0.398773
vt 0.920887 0.398785
vt 0.930830 0.407632
vt 0.920946 0.407644
vt 0.932286 0.078929
vt 0.923570 0.076097
vt 0.918183 0.068683
vt 0.918183 0.059518
vt 0.923570 0.052103
vt 0.932286 0.049271
vt 0.941003 0.052103
vt 0.946390 0.059517
vt 0.946390 0.068682
vt 0.941003 0.076097
vt 0.988113 0.644045
vt 0.978227 0.644045
vt 0.978227 0.637551
vt 0.988113 0.637551
vt 0.941003 0.113637
vt 0.932286 0.116468
vt 0.923570 0.113636
vt 0.918183 0.106221
vt 0.918183 0.097057
vt 0.923570 0.089642
vt 0.932286 0.086811
vt 0.941003 0.089643
vt 0.946390 0.097058
vt 0.946390 0.106222
vt 0.988113 0.660084
vt 0.978227 0.660084
vt 0.978227 0.651927
vt 0.988113 0.651927
vt 0.936457 0.714787
vt 0.926574 0.714775
vt 0.926514 0.706228
vt 0.936398 0.706240
vt 0.926574 0.697369
vt 0.936457 0.697380
vt 0.928069 0.148200
vt 0.918183 0.148200
vt 0.918183 0.141420
vt 0.928069 0.141420
vt 0.918183 0.132310
vt 0.928069 0.132310
vt 0.918183 0.124350
vt 0.928069 0.124350
vt 0.984208 0.588463
vt 0.994092 0.588452
vt 0.994033 0.596999
vt 0.984149 0.597010
vt 0.994092 0.605858
vt 0.984208 0.605869
vt 0.829977 0.919774
vt 0.835364 0.912359
vt 0.844080 0.909527
vt 0.852796 0.912359
vt 0.858183 0.919774
vt 0.858183 0.928939
vt 0.852796 0.936353
vt 0.844080 0.939185
vt 0.835364 0.936353
vt 0.829977 0.928938
vt 0.988113 0.675634
vt 0.978227 0.675634
vt 0.978227 0.669139
vt 0.988113 0.669139
vt 0.931952 0.297024
vt 0.923235 0.299856
vt 0.914519 0.297024
vt 0.909132 0.289609
vt 0.909132 0.280444
vt 0.914519 0.273030
vt 0.923235 0.270198
vt 0.931952 0.273030
vt 0.937339 0.280445
vt 0.937339 0.289610
vt 0.126743 0.973683
vt 0.116857 0.973683
vt 0.116857 0.965526
vt 0.126743 0.965526
vt 0.547772 0.995043
vt 0.537889 0.995032
vt 0.537829 0.986485
vt 0.547713 0.986496
vt 0.537889 0.977626
vt 0.547772 0.977637
vt 0.847745 0.947067
vt 0.857631 0.947067
vt 0.857631 0.953847
vt 0.847745 0.953847
vt 0.857631 0.962957
vt 0.847745 0.962957
vt 0.857631 0.970917
vt 0.847745 0.970917
vt 0.985543 0.340458
vt 0.995427 0.340446
vt 0.995367 0.348993
vt 0.985483 0.349005
vt 0.995427 0.357852
vt 0.985543 0.357864
vt 0.375318 0.940259
vt 0.366602 0.937428
vt 0.361215 0.930013
vt 0.361215 0.920848
vt 0.366602 0.913434
vt 0.375318 0.910602
vt 0.384034 0.913433
vt 0.389421 0.920848
vt 0.389421 0.930012
vt 0.384034 0.937427
vt 0.126743 0.989232
vt 0.116857 0.989232
vt 0.116857 0.982738
vt 0.126743 0.982738
vt 0.931952 0.184405
vt 0.923236 0.187237
vt 0.914519 0.184404
vt 0.909132 0.176990
vt 0.909132 0.167825
vt 0.914519 0.160411
vt 0.923235 0.157579
vt 0.931952 0.160411
vt 0.937339 0.167826
vt 0.937339 0.176991
vt 0.988168 0.165736
vt 0.978282 0.165736
vt 0.978282 0.157579
vt 0.988168 0.157579
vt 0.634818 0.200439
vt 0.624934 0.200428
vt 0.624874 0.191881
vt 0.634758 0.191892
vt 0.624934 0.183022
vt 0.634818 0.183033
vt 0.971443 0.716714
vt 0.961557 0.716714
vt 0.961557 0.709934
vt 0.971443 0.709934
vt 0.961557 0.700824
vt 0.971443 0.700824
vt 0.961557 0.692864
vt 0.971443 0.692864
vt 0.632822 0.388460
vt 0.642706 0.388448
vt 0.642646 0.396995
vt 0.632762 0.397007
vt 0.642706 0.405854
vt 0.632822 0.405866
vt 0.690882 0.932210
vt 0.682166 0.929378
vt 0.676779 0.921964
vt 0.676779 0.912799
vt 0.682166 0.905384
vt 0.690882 0.902552
vt 0.699598 0.905384
vt 0.704985 0.912798
vt 0.704985 0.921963
vt 0.699598 0.929377
vt 0.988168 0.181286
vt 0.978282 0.181286
vt 0.978282 0.174791
vt 0.988168 0.174791
vt 0.925881 0.355518
vt 0.931268 0.362933
vt 0.931268 0.372098
vt 0.925881 0.379512
vt 0.917165 0.382344
vt 0.908449 0.379513
vt 0.903062 0.372098
vt 0.903062 0.362933
vt 0.908449 0.355519
vt 0.917165 0.352686
vt 0.988168 0.197324
vt 0.978282 0.197324
vt 0.978282 0.189167
vt 0.988168 0.189167
vt 0.993643 0.394209
vt 0.983759 0.394197
vt 0.983700 0.385650
vt 0.993584 0.385662
vt 0.983759 0.376791
vt 0.993643 0.376802
vt 0.945837 0.148200
vt 0.935951 0.148200
vt 0.935951 0.141420
vt 0.945837 0.141420
vt 0.935951 0.132310
vt 0.945837 0.132310
vt 0.935951 0.124350
vt 0.945837 0.124350
vt 0.982482 0.754198
vt 0.992366 0.754187
vt 0.992306 0.762734
vt 0.982422 0.762745
vt 0.992366 0.771593
vt 0.982482 0.771604
vt 0.507311 0.918601
vt 0.512698 0.911186
vt 0.521414 0.908354
vt 0.530130 0.911187
vt 0.535517 0.918601
vt 0.535517 0.927766
vt 0.530130 0.935181
vt 0.521414 0.938012
vt 0.512698 0.935180
vt 0.507311 0.927766
vt 0.988168 0.212874
vt 0.978282 0.212874
vt 0.978282 0.206379
vt 0.988168 0.206379
vt 0.936251 0.731547
vt 0.941638 0.738961
vt 0.941638 0.748126
vt 0.936251 0.755541
vt 0.927535 0.758373
vt 0.918819 0.755541
vt 0.913432 0.748127
vt 0.913432 0.738962
vt 0.918819 0.731547
vt 0.927535 0.728715
vt 0.988525 0.242175
vt 0.978639 0.242175
vt 0.978639 0.234018
vt 0.988525 0.234018
vt 0.038572 0.987747
vt 0.028688 0.987736
vt 0.028629 0.979189
vt 0.038513 0.979200
vt 0.028688 0.970329
vt 0.038572 0.970341
vt 0.547715 0.969744
vt 0.537829 0.969744
vt 0.537829 0.962964
vt 0.547715 0.962964
vt 0.537829 0.953854
vt 0.547715 0.953854
vt 0.537829 0.945894
vt 0.547715 0.945894
vt 0.982633 0.871985
vt 0.992517 0.871973
vt 0.992458 0.880520
vt 0.982574 0.880532
vt 0.992517 0.889379
vt 0.982633 0.889391
vt 0.927535 0.795913
vt 0.918819 0.793081
vt 0.913432 0.785667
vt 0.913432 0.776502
vt 0.918819 0.769087
vt 0.927535 0.766255
vt 0.936252 0.769087
vt 0.941638 0.776501
vt 0.941638 0.785666
vt 0.936251 0.793080
vt 0.988525 0.257724
vt 0.978639 0.257724
vt 0.978639 0.251230
vt 0.988525 0.251230
vt 0.936251 0.806626
vt 0.941638 0.814041
vt 0.941638 0.823206
vt 0.936251 0.830620
vt 0.927535 0.833453
vt 0.918819 0.830621
vt 0.913432 0.823206
vt 0.913432 0.814041
vt 0.918819 0.806627
vt 0.927535 0.803795
vt 0.666637 0.969361
vt 0.656750 0.969361
vt 0.656750 0.961204
vt 0.666637 0.961204
vt 0.652643 0.200439
vt 0.642759 0.200428
vt 0.642700 0.191881
vt 0.652583 0.191892
vt 0.642759 0.183022
vt 0.652643 0.183033
vt 0.319644 0.972341
vt 0.309757 0.972341
vt 0.309757 0.965561
vt 0.319644 0.965561
vt 0.309757 0.956451
vt 0.319644 0.956451
vt 0.309757 0.948491
vt 0.319644 0.948491
vt 0.046513 0.970341
vt 0.056397 0.970329
vt 0.056338 0.978876
vt 0.046454 0.978888
vt 0.056397 0.987736
vt 0.046513 0.987747
vt 0.910424 0.426601
vt 0.915811 0.419187
vt 0.924527 0.416355
vt 0.933243 0.419187
vt 0.938630 0.426602
vt 0.938630 0.435767
vt 0.933243 0.443181
vt 0.924527 0.446013
vt 0.915811 0.443181
vt 0.910424 0.435766
vt 0.666637 0.984911
vt 0.656750 0.984911
vt 0.656750 0.978416
vt 0.666637 0.978416
vt 0.933243 0.456727
vt 0.938630 0.464141
vt 0.938630 0.473306
vt 0.933243 0.480721
vt 0.924527 0.483553
vt 0.915811 0.480721
vt 0.910424 0.473307
vt 0.910424 0.464142
vt 0.915811 0.456727
vt 0.924527 0.453895
vt 0.986984 0.499021
vt 0.977098 0.499021
vt 0.977098 0.490864
vt 0.986984 0.490864
vt 0.076292 0.987854
vt 0.066408 0.987843
vt 0.066349 0.979295
vt 0.076233 0.979307
vt 0.066408 0.970436
vt 0.076292 0.970448
vt 0.567099 0.970760
vt 0.557213 0.970760
vt 0.557213 0.963980
vt 0.567099 0.963980
vt 0.557213 0.954870
vt 0.567099 0.954870
vt 0.557213 0.946910
vt 0.567099 0.946910
vt 0.650647 0.388459
vt 0.660531 0.388448
vt 0.660471 0.396995
vt 0.650587 0.397007
vt 0.660531 0.405854
vt 0.650647 0.405866
vt 0.463103 0.933496
vt 0.454387 0.930664
vt 0.449000 0.923250
vt 0.449000 0.914085
vt 0.454387 0.906671
vt 0.463103 0.903839
vt 0.471819 0.906670
vt 0.477206 0.914085
vt 0.477206 0.923249
vt 0.471819 0.930664
vt 0.986984 0.514570
vt 0.977098 0.514570
vt 0.977098 0.508076
vt 0.986984 0.508076
vt 0.931951 0.197950
vt 0.937338 0.205365
vt 0.937338 0.214530
vt 0.931951 0.221944
vt 0.923235 0.224777
vt 0.914519 0.221945
vt 0.909132 0.214530
vt 0.909132 0.205365
vt 0.914519 0.197951
vt 0.923235 0.195118
vt 0.988525 0.273763
vt 0.978639 0.273763
vt 0.978639 0.265606
vt 0.988525 0.265606
vt 0.995427 0.332564
vt 0.985543 0.332553
vt 0.985483 0.324006
vt 0.995367 0.324017
vt 0.985543 0.315147
vt 0.995427 0.315158
vt 0.371101 0.971991
vt 0.361215 0.971991
vt 0.361215 0.965211
vt 0.371101 0.965211
vt 0.361215 0.956101
vt 0.371101 0.956101
vt 0.361215 0.948141
vt 0.371101 0.948141
vt 0.979954 0.416366
vt 0.989838 0.416355
vt 0.989778 0.424902
vt 0.979894 0.424913
vt 0.989838 0.433761
vt 0.979954 0.433773
vt 0.913432 0.851581
vt 0.918819 0.844166
vt 0.927535 0.841335
vt 0.936251 0.844167
vt 0.941638 0.851581
vt 0.941638 0.860746
vt 0.936251 0.868161
vt 0.927535 0.870993
vt 0.918819 0.868160
vt 0.913432 0.860746
vt 0.988525 0.289313
vt 0.978639 0.289313
vt 0.978639 0.282818
vt 0.988525 0.282818
vt 0.936251 0.881706
vt 0.941638 0.889121
vt 0.941638 0.898286
vt 0.936251 0.905700
vt 0.927535 0.908533
vt 0.918819 0.905701
vt 0.913432 0.898286
vt 0.913432 0.889121
vt 0.918819 0.881707
vt 0.927535 0.878874
vt 0.988897 0.012204
vt 0.979011 0.012204
vt 0.979011 0.004047
vt 0.988897 0.004047
vt 0.992517 0.914690
vt 0.982633 0.914679
vt 0.982574 0.906132
vt 0.992458 0.906143
vt 0.982633 0.897273
vt 0.992517 0.897284
vt 0.584867 0.970760
vt 0.574981 0.970760
vt 0.574981 0.963980
vt 0.584867 0.963980
vt 0.574981 0.954870
vt 0.584867 0.954870
vt 0.574981 0.946910
vt 0.584867 0.946910
vt 0.979954 0.441666
vt 0.989838 0.441654
vt 0.989778 0.450201
vt 0.979894 0.450213
vt 0.989838 0.459061
vt 0.979954 0.459072
vt 0.891447 0.942871
vt 0.882731 0.940039
vt 0.877344 0.932625
vt 0.877344 0.923460
vt 0.882731 0.916045
vt 0.891447 0.913213
vt 0.900163 0.916045
vt 0.905550 0.923459
vt 0.905550 0.932624
vt 0.900163 0.940038
vt 0.988897 0.027754
vt 0.979011 0.027754
vt 0.979011 0.021259
vt 0.988897 0.021259
vt 0.332577 0.913783
vt 0.337963 0.921198
vt 0.337963 0.930363
vt 0.332577 0.937777
vt 0.323860 0.940610
vt 0.315144 0.937778
vt 0.309757 0.930363
vt 0.309757 0.921198
vt 0.315144 0.913784
vt 0.323860 0.910951
vt 0.989211 0.701021
vt 0.979325 0.701021
vt 0.979325 0.692864
vt 0.989211 0.692864
vt 0.991930 0.956299
vt 0.982046 0.956287
vt 0.981987 0.947740
vt 0.991871 0.947752
vt 0.982046 0.938881
vt 0.991930 0.938892
vt 0.904998 0.974602
vt 0.895112 0.974602
vt 0.895112 0.967822
vt 0.904998 0.967822
vt 0.895112 0.958713
vt 0.904998 0.958713
vt 0.895112 0.950753
vt 0.904998 0.950753
vt 0.903121 0.390238
vt 0.913005 0.390226
vt 0.912946 0.398773
vt 0.903062 0.398785
vt 0.913005 0.407632
vt 0.903121 0.407644
vt 0.910424 0.501681
vt 0.915811 0.494267
vt 0.924527 0.491435
vt 0.933243 0.494267
vt 0.938630 0.501682
vt 0.938630 0.510847
vt 0.933243 0.518261
vt 0.924527 0.521093
vt 0.915811 0.518261
vt 0.910424 0.510846
vt 0.989211 0.716571
vt 0.979325 0.716571
vt 0.979325 0.710076
vt 0.989211 0.710076
vt 0.931951 0.235490
vt 0.937338 0.242905
vt 0.937338 0.252070
vt 0.931951 0.259484
vt 0.923235 0.262317
vt 0.914519 0.259485
vt 0.909132 0.252070
vt 0.909132 0.242905
vt 0.914519 0.235491
vt 0.923235 0.232658
vt 0.726474 0.959448
vt 0.716588 0.959448
vt 0.716588 0.951291
vt 0.726474 0.951291
vt 0.381822 0.752358
vt 0.371938 0.752347
vt 0.371879 0.743800
vt 0.381763 0.743811
vt 0.371938 0.734940
vt 0.381822 0.734952
vt 0.811694 0.741070
vt 0.801808 0.741070
vt 0.801808 0.734291
vt 0.811694 0.734291
vt 0.801808 0.725181
vt 0.811694 0.725181
vt 0.801808 0.717221
vt 0.811694 0.717221
vt 0.178349 0.978406
vt 0.188233 0.978395
vt 0.188173 0.986942
vt 0.178289 0.986953
vt 0.188233 0.995801
vt 0.178349 0.995812
vt 0.146945 0.905917
vt 0.152332 0.898503
vt 0.161048 0.895671
vt 0.169764 0.898503
vt 0.175151 0.905918
vt 0.175151 0.915083
vt 0.169764 0.922497
vt 0.161048 0.925329
vt 0.152332 0.922497
vt 0.146945 0.915082
vt 0.726474 0.974998
vt 0.716588 0.974998
vt 0.716588 0.968504
vt 0.726474 0.968504
vt 0.634766 0.921451
vt 0.626050 0.918618
vt 0.620663 0.911204
vt 0.620663 0.902039
vt 0.626050 0.894624
vt 0.634766 0.891792
vt 0.643482 0.894625
vt 0.648869 0.902039
vt 0.648869 0.911204
vt 0.643482 0.918619
vt 0.923318 0.962110
vt 0.913432 0.962110
vt 0.913432 0.953953
vt 0.923318 0.953953
vt 0.567156 0.996059
vt 0.557272 0.996048
vt 0.557213 0.987501
vt 0.567097 0.987512
vt 0.557272 0.978642
vt 0.567156 0.978653
vt 0.337411 0.972341
vt 0.327525 0.972341
vt 0.327525 0.965561
vt 0.337411 0.965561
vt 0.327525 0.956451
vt 0.337411 0.956451
vt 0.327525 0.948491
vt 0.337411 0.948491
vt 0.102027 0.889102
vt 0.111911 0.889091
vt 0.111852 0.897638
vt 0.101968 0.897649
vt 0.111911 0.906497
vt 0.102027 0.906508
vt 0.263654 0.911920
vt 0.269041 0.904505
vt 0.277757 0.901673
vt 0.286473 0.904505
vt 0.291860 0.911920
vt 0.291860 0.921085
vt 0.286473 0.928499
vt 0.277757 0.931331
vt 0.269041 0.928499
vt 0.263654 0.921084
vt 0.923318 0.977660
vt 0.913432 0.977660
vt 0.913432 0.971165
vt 0.923318 0.971165
vt 0.759379 0.902826
vt 0.764766 0.910241
vt 0.764766 0.919406
vt 0.759379 0.926820
vt 0.750663 0.929653
vt 0.741947 0.926821
vt 0.736560 0.919406
vt 0.736560 0.910241
vt 0.741947 0.902827
vt 0.750663 0.899994
vt 0.941086 0.962110
vt 0.931200 0.962110
vt 0.931200 0.953953
vt 0.941086 0.953953
vt 0.994092 0.555271
vt 0.984208 0.555259
vt 0.984149 0.546712
vt 0.994033 0.546724
vt 0.984208 0.537853
vt 0.994092 0.537864
vt 0.839863 0.970917
vt 0.829977 0.970917
vt 0.829977 0.964137
vt 0.839863 0.964137
vt 0.829977 0.955027
vt 0.839863 0.955027
vt 0.829977 0.947067
vt 0.839863 0.947067
vt 0.982699 0.803806
vt 0.992583 0.803794
vt 0.992523 0.812341
vt 0.982639 0.812353
vt 0.992583 0.821201
vt 0.982699 0.821212
vt 0.922792 0.614409
vt 0.914076 0.611577
vt 0.908689 0.604163
vt 0.908689 0.594998
vt 0.914076 0.587583
vt 0.922792 0.584751
vt 0.931508 0.587583
vt 0.936895 0.594997
vt 0.936895 0.604162
vt 0.931508 0.611576
vt 0.941086 0.977660
vt 0.931200 0.977660
vt 0.931200 0.971165
vt 0.941086 0.971165
vt 0.931508 0.649116
vt 0.922792 0.651948
vt 0.914076 0.649116
vt 0.908689 0.641701
vt 0.908689 0.632536
vt 0.914076 0.625122
vt 0.922792 0.622290
vt 0.931508 0.625123
vt 0.936895 0.632537
vt 0.936895 0.641702
vt 0.495811 0.964843
vt 0.485925 0.964843
vt 0.485925 0.956686
vt 0.495811 0.956686
vt 0.992583 0.846512
vt 0.982699 0.846500
vt 0.982639 0.837953
vt 0.992523 0.837965
vt 0.982699 0.829094
vt 0.992583 0.829105
vt 0.887230 0.974602
vt 0.877344 0.974602
vt 0.877344 0.967822
vt 0.887230 0.967822
vt 0.877344 0.958713
vt 0.887230 0.958713
vt 0.877344 0.950753
vt 0.887230 0.950753
vt 0.984208 0.563164
vt 0.994092 0.563152
vt 0.994033 0.571699
vt 0.984149 0.571711
vt 0.994092 0.580559
vt 0.984208 0.580570
vt 0.917165 0.344805
vt 0.908449 0.341973
vt 0.903062 0.334558
vt 0.903062 0.325394
vt 0.908449 0.317979
vt 0.917165 0.315147
vt 0.925882 0.317979
vt 0.931268 0.325393
vt 0.931268 0.334558
vt 0.925882 0.341972
vt 0.495811 0.980393
vt 0.485925 0.980393
vt 0.485925 0.973898
vt 0.495811 0.973898
vt 0.936896 0.679241
vt 0.931509 0.686655
vt 0.922792 0.689487
vt 0.914076 0.686655
vt 0.908689 0.679241
vt 0.908689 0.670076
vt 0.914076 0.662662
vt 0.922792 0.659830
vt 0.931509 0.662662
vt 0.936896 0.670076
vt 0.345782 0.674549
vt 0.345782 0.600403
vt 0.363997 0.600403
vt 0.363997 0.674549
vt 0.003941 0.667216
vt 0.003941 0.593086
vt 0.021197 0.592876
vt 0.021197 0.667006
vt 0.041155 0.592875
vt 0.041155 0.667005
vt 0.058467 0.593083
vt 0.058467 0.667213
vt 0.066349 0.667021
vt 0.066349 0.592875
vt 0.083032 0.592875
vt 0.083032 0.667021
vt 0.102957 0.592875
vt 0.102957 0.667021
vt 0.120785 0.592875
vt 0.120785 0.667021
vt 0.479147 0.663178
vt 0.479147 0.589048
vt 0.496403 0.589258
vt 0.496403 0.663388
vt 0.516360 0.589259
vt 0.516360 0.663389
vt 0.533673 0.589051
vt 0.533673 0.663181
vt 0.013920 0.520488
vt 0.031203 0.510509
vt 0.051160 0.510509
vt 0.068444 0.520488
vt 0.078423 0.537772
vt 0.078423 0.557730
vt 0.068444 0.575014
vt 0.051160 0.584993
vt 0.031203 0.584993
vt 0.013920 0.575015
vt 0.003941 0.557730
vt 0.003941 0.537772
vt 0.309757 0.674549
vt 0.309757 0.600403
vt 0.325929 0.600403
vt 0.325929 0.674549
vt 0.133524 0.510509
vt 0.150808 0.520488
vt 0.160786 0.537772
vt 0.160786 0.557730
vt 0.150808 0.575014
vt 0.133524 0.584993
vt 0.113567 0.584993
vt 0.096283 0.575014
vt 0.086304 0.557730
vt 0.086304 0.537772
vt 0.096283 0.520488
vt 0.113567 0.510509
vt 0.227490 0.793178
vt 0.210683 0.793178
vt 0.210683 0.769826
vt 0.227490 0.769826
vt 0.170235 0.473308
vt 0.153433 0.473307
vt 0.153165 0.451184
vt 0.169967 0.451185
vt 0.153165 0.425597
vt 0.169967 0.425597
vt 0.153433 0.403402
vt 0.170235 0.403403
vt 0.540906 0.810535
vt 0.524100 0.810535
vt 0.524100 0.789147
vt 0.540906 0.789147
vt 0.524100 0.763602
vt 0.540906 0.763602
vt 0.524100 0.740745
vt 0.540906 0.740745
vt 0.185169 0.312920
vt 0.201972 0.312919
vt 0.201704 0.335042
vt 0.184901 0.335043
vt 0.201704 0.360629
vt 0.184901 0.360630
vt 0.201972 0.382824
vt 0.185169 0.382825
vt 0.016734 0.222338
vt 0.038892 0.209545
vt 0.064479 0.209545
vt 0.086637 0.222338
vt 0.099430 0.244497
vt 0.099430 0.270084
vt 0.086637 0.292244
vt 0.064479 0.305037
vt 0.038892 0.305037
vt 0.016734 0.292243
vt 0.003941 0.270084
vt 0.003941 0.244497
vt 0.227490 0.839364
vt 0.210683 0.839364
vt 0.210683 0.818631
vt 0.227490 0.818631
vt 0.167850 0.209545
vt 0.190008 0.222338
vt 0.202802 0.244497
vt 0.202802 0.270084
vt 0.190008 0.292243
vt 0.167850 0.305037
vt 0.142264 0.305037
vt 0.120105 0.292244
vt 0.107312 0.270084
vt 0.107312 0.244497
vt 0.120105 0.222338
vt 0.142264 0.209545
vt 0.707734 0.283690
vt 0.707734 0.209544
vt 0.724899 0.209544
vt 0.724899 0.283690
vt 0.665845 0.078376
vt 0.665845 0.004246
vt 0.682105 0.004048
vt 0.682105 0.078178
vt 0.700912 0.004047
vt 0.700912 0.078177
vt 0.717225 0.004243
vt 0.717225 0.078373
vt 0.665845 0.160403
vt 0.665845 0.086257
vt 0.681565 0.086257
vt 0.681565 0.160403
vt 0.700341 0.086257
vt 0.700341 0.160403
vt 0.717141 0.086257
vt 0.717141 0.160403
vt 0.639099 0.490485
vt 0.639099 0.416355
vt 0.655360 0.416553
vt 0.655360 0.490682
vt 0.674166 0.416554
vt 0.674166 0.490684
vt 0.690479 0.416358
vt 0.690479 0.490488
vt 0.488549 0.520383
vt 0.504836 0.510979
vt 0.523642 0.510979
vt 0.539928 0.520383
vt 0.549331 0.536670
vt 0.549331 0.555476
vt 0.539928 0.571763
vt 0.523642 0.581166
vt 0.504836 0.581166
vt 0.488549 0.571763
vt 0.479147 0.555476
vt 0.479147 0.536669
vt 0.673788 0.283690
vt 0.673788 0.209544
vt 0.689027 0.209544
vt 0.689027 0.283690
vt 0.445575 0.526437
vt 0.461862 0.535841
vt 0.471265 0.552127
vt 0.471265 0.570934
vt 0.461862 0.587221
vt 0.445575 0.596624
vt 0.426769 0.596624
vt 0.410483 0.587221
vt 0.401080 0.570934
vt 0.401080 0.552128
vt 0.410483 0.535841
vt 0.426769 0.526437
vt 0.167706 0.795002
vt 0.150900 0.795002
vt 0.150900 0.772700
vt 0.167706 0.772700
vt 0.252430 0.836586
vt 0.235627 0.836585
vt 0.235371 0.815458
vt 0.252174 0.815459
vt 0.235371 0.791022
vt 0.252174 0.791023
vt 0.235627 0.769826
vt 0.252430 0.769827
vt 0.442827 0.837771
vt 0.426020 0.837771
vt 0.426020 0.817345
vt 0.442827 0.817345
vt 0.426020 0.792950
vt 0.442827 0.792950
vt 0.426020 0.771122
vt 0.442827 0.771122
vt 0.401336 0.771123
vt 0.418139 0.771122
vt 0.417883 0.792249
vt 0.401080 0.792250
vt 0.417883 0.816685
vt 0.401080 0.816686
vt 0.418139 0.837881
vt 0.401336 0.837882
vt 0.222901 0.221762
vt 0.244062 0.209544
vt 0.268497 0.209545
vt 0.289658 0.221762
vt 0.301876 0.242924
vt 0.301876 0.267360
vt 0.289658 0.288522
vt 0.268497 0.300740
vt 0.244062 0.300740
vt 0.222901 0.288522
vt 0.210683 0.267360
vt 0.210683 0.242924
vt 0.167706 0.839109
vt 0.150900 0.839109
vt 0.150900 0.819309
vt 0.167706 0.819309
vt 0.268497 0.308622
vt 0.289658 0.320839
vt 0.301876 0.342001
vt 0.301876 0.366437
vt 0.289658 0.387599
vt 0.268497 0.399817
vt 0.244062 0.399817
vt 0.222901 0.387599
vt 0.210683 0.366437
vt 0.210683 0.342001
vt 0.222901 0.320839
vt 0.244062 0.308622
vt 0.035809 0.749244
vt 0.035809 0.675098
vt 0.051922 0.675098
vt 0.051922 0.749244
vt 0.620663 0.748128
vt 0.620663 0.673998
vt 0.635928 0.673812
vt 0.635928 0.747942
vt 0.653583 0.673811
vt 0.653583 0.747941
vt 0.668897 0.673995
vt 0.668897 0.748125
vt 0.066349 0.749049
vt 0.066349 0.674903
vt 0.081107 0.674903
vt 0.081107 0.749049
vt 0.098733 0.674903
vt 0.098733 0.749049
vt 0.114504 0.674903
vt 0.114504 0.749049
vt 0.698361 0.490485
vt 0.698361 0.416355
vt 0.713626 0.416541
vt 0.713626 0.490670
vt 0.731281 0.416542
vt 0.731281 0.490671
vt 0.746596 0.416358
vt 0.746596 0.490487
vt 0.566040 0.519807
vt 0.581330 0.510979
vt 0.598984 0.510979
vt 0.614273 0.519807
vt 0.623101 0.535097
vt 0.623101 0.552752
vt 0.614273 0.568042
vt 0.598984 0.576869
vt 0.581330 0.576869
vt 0.566040 0.568042
vt 0.557213 0.552752
vt 0.557213 0.535097
vt 0.003941 0.749244
vt 0.003941 0.675098
vt 0.018246 0.675098
vt 0.018246 0.749244
vt 0.607101 0.424794
vt 0.622390 0.433621
vt 0.631217 0.448911
vt 0.631217 0.466566
vt 0.622390 0.481856
vt 0.607101 0.490683
vt 0.589446 0.490683
vt 0.574157 0.481856
vt 0.565330 0.466566
vt 0.565330 0.448911
vt 0.574157 0.433621
vt 0.589446 0.424794
vt 0.495953 0.833310
vt 0.479147 0.833310
vt 0.479147 0.812059
vt 0.495953 0.812059
vt 0.798561 0.875221
vt 0.781758 0.875220
vt 0.781514 0.855088
vt 0.798317 0.855089
vt 0.781514 0.831804
vt 0.798317 0.831805
vt 0.781758 0.811606
vt 0.798561 0.811607
vt 0.875449 0.067556
vt 0.858643 0.067556
vt 0.858643 0.048093
vt 0.875449 0.048093
vt 0.858643 0.024847
vt 0.875449 0.024847
vt 0.858643 0.004047
vt 0.875449 0.004047
vt 0.175831 0.772701
vt 0.192634 0.772700
vt 0.192390 0.792832
vt 0.175588 0.792833
vt 0.192390 0.816116
vt 0.175588 0.816117
vt 0.192634 0.836314
vt 0.175831 0.836315
vt 0.321399 0.221187
vt 0.341563 0.209544
vt 0.364847 0.209545
vt 0.385011 0.221187
vt 0.396653 0.241351
vt 0.396653 0.264636
vt 0.385011 0.284801
vt 0.364847 0.296443
vt 0.341563 0.296443
vt 0.321399 0.284801
vt 0.309757 0.264636
vt 0.309757 0.241351
vt 0.495953 0.875339
vt 0.479146 0.875339
vt 0.479147 0.856472
vt 0.495953 0.856472
vt 0.364847 0.304324
vt 0.385011 0.315967
vt 0.396653 0.336131
vt 0.396653 0.359416
vt 0.385011 0.379580
vt 0.364847 0.391223
vt 0.341563 0.391223
vt 0.321399 0.379580
vt 0.309757 0.359416
vt 0.309757 0.336131
vt 0.321399 0.315967
vt 0.341563 0.304324
vt 0.180689 0.764818
vt 0.180689 0.690673
vt 0.195752 0.690673
vt 0.195752 0.764818
vt 0.309757 0.756735
vt 0.309757 0.682605
vt 0.324027 0.682431
vt 0.324027 0.756561
vt 0.340530 0.682430
vt 0.340530 0.756560
vt 0.354846 0.682602
vt 0.354846 0.756732
vt 0.401080 0.763240
vt 0.401080 0.689094
vt 0.414876 0.689094
vt 0.414876 0.763240
vt 0.431352 0.689094
vt 0.431352 0.763240
vt 0.446095 0.689094
vt 0.446095 0.763240
vt 0.210683 0.761770
vt 0.210683 0.687640
vt 0.224953 0.687814
vt 0.224953 0.761943
vt 0.241456 0.687815
vt 0.241456 0.761944
vt 0.255772 0.687643
vt 0.255772 0.761772
vt 0.682040 0.299824
vt 0.696332 0.291572
vt 0.712835 0.291572
vt 0.727127 0.299824
vt 0.735379 0.314117
vt 0.735379 0.330620
vt 0.727127 0.344913
vt 0.712835 0.353165
vt 0.696332 0.353165
vt 0.682040 0.344913
vt 0.673788 0.330620
vt 0.673788 0.314117
vt 0.150900 0.764818
vt 0.150900 0.690673
vt 0.164272 0.690673
vt 0.164272 0.764818
vt 0.518193 0.671270
vt 0.532486 0.679522
vt 0.540737 0.693815
vt 0.540737 0.710319
vt 0.532486 0.724611
vt 0.518193 0.732863
vt 0.501690 0.732863
vt 0.487398 0.724611
vt 0.479146 0.710319
vt 0.479147 0.693815
vt 0.487398 0.679522
vt 0.501690 0.671270
vt 0.662157 0.843742
vt 0.645351 0.843742
vt 0.645351 0.823542
vt 0.662157 0.823542
vt 0.875677 0.135907
vt 0.858874 0.135906
vt 0.858643 0.116769
vt 0.875445 0.116770
vt 0.858643 0.094637
vt 0.875445 0.094638
vt 0.858874 0.075438
vt 0.875677 0.075439
vt 0.637469 0.883911
vt 0.620663 0.883911
vt 0.620663 0.865410
vt 0.637469 0.865410
vt 0.620663 0.843313
vt 0.637469 0.843313
vt 0.620663 0.823542
vt 0.637469 0.823542
vt 0.862814 0.515723
vt 0.879617 0.515722
vt 0.879385 0.534859
vt 0.862582 0.534860
vt 0.879385 0.556992
vt 0.862582 0.556993
vt 0.879617 0.576190
vt 0.862814 0.576191
vt 0.015007 0.323985
vt 0.034174 0.312919
vt 0.056306 0.312919
vt 0.075473 0.323985
vt 0.086539 0.343153
vt 0.086539 0.365286
vt 0.075473 0.384453
vt 0.056306 0.395520
vt 0.034174 0.395520
vt 0.015007 0.384453
vt 0.003941 0.365286
vt 0.003941 0.343153
vt 0.662157 0.883693
vt 0.645351 0.883693
vt 0.645351 0.865759
vt 0.662157 0.865759
vt 0.146786 0.312919
vt 0.165953 0.323985
vt 0.177019 0.343153
vt 0.177019 0.365286
vt 0.165953 0.384453
vt 0.146786 0.395520
vt 0.124654 0.395520
vt 0.105487 0.384453
vt 0.094421 0.365286
vt 0.094421 0.343153
vt 0.105487 0.323985
vt 0.124654 0.312919
vt 0.770972 0.365718
vt 0.770972 0.291572
vt 0.784984 0.291572
vt 0.784984 0.365718
vt 0.736560 0.659043
vt 0.736560 0.584913
vt 0.749834 0.584752
vt 0.749834 0.658881
vt 0.765186 0.584751
vt 0.765186 0.658880
vt 0.778503 0.584911
vt 0.778503 0.659040
vt 0.736560 0.741070
vt 0.736560 0.666924
vt 0.749393 0.666924
vt 0.749393 0.741070
vt 0.764720 0.666924
vt 0.764720 0.741070
vt 0.778434 0.666924
vt 0.778434 0.741070
vt 0.732780 0.283528
vt 0.732780 0.209398
vt 0.746054 0.209560
vt 0.746054 0.283689
vt 0.761407 0.209561
vt 0.761407 0.283690
vt 0.774723 0.209401
vt 0.774723 0.283530
vt 0.732698 0.093934
vt 0.745993 0.086257
vt 0.761345 0.086257
vt 0.774640 0.093934
vt 0.782316 0.107229
vt 0.782316 0.122581
vt 0.774640 0.135877
vt 0.761345 0.143553
vt 0.745993 0.143553
vt 0.732698 0.135877
vt 0.725022 0.122581
vt 0.725022 0.107229
vt 0.743261 0.365718
vt 0.743261 0.291572
vt 0.755700 0.291572
vt 0.755700 0.365718
vt 0.761430 0.004047
vt 0.774725 0.011723
vt 0.782400 0.025019
vt 0.782400 0.040371
vt 0.774725 0.053667
vt 0.761429 0.061343
vt 0.746078 0.061343
vt 0.732783 0.053667
vt 0.725107 0.040371
vt 0.725107 0.025019
vt 0.732783 0.011723
vt 0.746078 0.004047
vt 0.045435 0.843230
vt 0.028629 0.843230
vt 0.028629 0.824081
vt 0.045435 0.824081
vt 0.108275 0.881209
vt 0.091472 0.881208
vt 0.091253 0.863067
vt 0.108055 0.863068
vt 0.091253 0.842086
vt 0.108055 0.842087
vt 0.091472 0.823886
vt 0.108275 0.823887
vt 0.020747 0.881309
vt 0.003941 0.881309
vt 0.003941 0.863770
vt 0.020747 0.863770
vt 0.003941 0.842823
vt 0.020747 0.842823
vt 0.003941 0.824081
vt 0.020747 0.824081
vt 0.066568 0.823887
vt 0.083371 0.823886
vt 0.083151 0.842027
vt 0.066349 0.842028
vt 0.083151 0.863008
vt 0.066349 0.863009
vt 0.083371 0.881208
vt 0.066568 0.881209
vt 0.425633 0.122021
vt 0.443803 0.111530
vt 0.464784 0.111530
vt 0.482954 0.122021
vt 0.493444 0.140191
vt 0.493444 0.161173
vt 0.482954 0.179343
vt 0.464784 0.189834
vt 0.443803 0.189834
vt 0.425633 0.179343
vt 0.415143 0.161173
vt 0.415143 0.140191
vt 0.045435 0.881102
vt 0.028629 0.881102
vt 0.028629 0.864101
vt 0.045435 0.864101
vt 0.528788 0.424794
vt 0.546957 0.435284
vt 0.557448 0.453455
vt 0.557448 0.474436
vt 0.546957 0.492607
vt 0.528788 0.503098
vt 0.507807 0.503098
vt 0.489637 0.492607
vt 0.479146 0.474436
vt 0.479147 0.453455
vt 0.489637 0.435284
vt 0.507807 0.424794
vt 0.047447 0.899229
vt 0.037548 0.899229
vt 0.037548 0.888984
vt 0.047447 0.888984
vt 0.748857 0.819965
vt 0.750910 0.827440
vt 0.746583 0.829938
vt 0.741061 0.824466
vt 0.693644 0.829223
vt 0.696124 0.819901
vt 0.700451 0.822398
vt 0.056366 0.899910
vt 0.056366 0.891694
vt 0.028629 0.899910
vt 0.028629 0.891694
vt 0.753425 0.836762
vt 0.698078 0.812424
vt 0.705874 0.816925
vt 0.710375 0.824721
vt 0.702948 0.826725
vt 0.848822 0.901645
vt 0.838925 0.901645
vt 0.838807 0.891939
vt 0.848705 0.891940
vt 0.744085 0.834265
vt 0.736560 0.832262
vt 0.857803 0.898600
vt 0.857709 0.890817
vt 0.830071 0.898599
vt 0.829977 0.890815
vt 0.838807 0.880713
vt 0.848705 0.880714
vt 0.744085 0.839261
vt 0.736560 0.841265
vt 0.702948 0.831721
vt 0.857709 0.881815
vt 0.829977 0.881813
vt 0.710375 0.833723
vt 0.700450 0.836047
vt 0.848822 0.870977
vt 0.857803 0.874006
vt 0.830071 0.874004
vt 0.838925 0.870976
vt 0.746583 0.843587
vt 0.705874 0.841519
vt 0.741061 0.849061
vt 0.696124 0.838545
vt 0.915236 0.572985
vt 0.906317 0.576191
vt 0.906317 0.566808
vt 0.915236 0.565460
vt 0.896417 0.576191
vt 0.887498 0.572985
vt 0.887498 0.565460
vt 0.896417 0.566808
vt 0.750910 0.846085
vt 0.698078 0.846020
vt 0.748857 0.853562
vt 0.887498 0.556472
vt 0.896417 0.555601
vt 0.755905 0.846085
vt 0.689076 0.846020
vt 0.691128 0.838545
vt 0.906317 0.555601
vt 0.757859 0.853562
vt 0.915236 0.556472
vt 0.681280 0.841519
vt 0.686802 0.836047
vt 0.896417 0.545573
vt 0.906317 0.545573
vt 0.760232 0.843587
vt 0.765655 0.849061
vt 0.915236 0.548431
vt 0.887498 0.548431
vt 0.676779 0.833723
vt 0.684304 0.831721
vt 0.745508 0.861444
vt 0.755405 0.861444
vt 0.755288 0.871149
vt 0.745390 0.871150
vt 0.762729 0.839261
vt 0.770156 0.841265
vt 0.736655 0.864490
vt 0.736560 0.872274
vt 0.764386 0.864489
vt 0.764292 0.872272
vt 0.762729 0.834265
vt 0.770156 0.832262
vt 0.684304 0.826725
vt 0.745390 0.882375
vt 0.736560 0.881276
vt 0.764292 0.881274
vt 0.755288 0.882375
vt 0.676779 0.824721
vt 0.686802 0.822398
vt 0.745508 0.892113
vt 0.736654 0.889085
vt 0.764386 0.889083
vt 0.755405 0.892112
vt 0.760232 0.829938
vt 0.681280 0.816925
vt 0.765655 0.824466
vt 0.056366 0.916159
vt 0.047447 0.919491
vt 0.047447 0.910396
vt 0.056366 0.908865
vt 0.037548 0.919491
vt 0.028629 0.916159
vt 0.028629 0.908865
vt 0.037548 0.910396
vt 0.755905 0.827440
vt 0.689076 0.812424
vt 0.691128 0.819901
vt 0.757859 0.819965
vt 0.574078 0.836233
vt 0.576558 0.826910
vt 0.580884 0.829408
vt 0.428818 0.901859
vt 0.419899 0.901178
vt 0.419899 0.890933
vt 0.428818 0.893643
vt 0.409999 0.901178
vt 0.401080 0.901859
vt 0.401080 0.893643
vt 0.409999 0.890933
vt 0.521660 0.825892
vt 0.524176 0.835214
vt 0.517334 0.828390
vt 0.578512 0.819433
vt 0.586308 0.823934
vt 0.519608 0.818417
vt 0.511812 0.822918
vt 0.514836 0.832717
vt 0.507311 0.830714
vt 0.583382 0.833734
vt 0.836841 0.145396
vt 0.827860 0.148441
vt 0.827743 0.138736
vt 0.836747 0.137613
vt 0.817963 0.148441
vt 0.809110 0.145395
vt 0.809015 0.137611
vt 0.817846 0.138735
vt 0.590808 0.831730
vt 0.583382 0.838730
vt 0.827743 0.127510
vt 0.836747 0.128611
vt 0.809015 0.128609
vt 0.817846 0.127510
vt 0.514836 0.837712
vt 0.590808 0.840732
vt 0.507311 0.839716
vt 0.827860 0.117773
vt 0.836841 0.120802
vt 0.809110 0.120800
vt 0.817963 0.117772
vt 0.517334 0.842039
vt 0.586308 0.848529
vt 0.580884 0.843057
vt 0.511812 0.847512
vt 0.521660 0.844537
vt 0.578512 0.853030
vt 0.576558 0.845555
vt 0.328576 0.903070
vt 0.318676 0.903070
vt 0.318676 0.893686
vt 0.328576 0.893686
vt 0.519608 0.852014
vt 0.337495 0.899863
vt 0.337495 0.892338
vt 0.309757 0.899863
vt 0.309757 0.892338
vt 0.569510 0.853030
vt 0.571562 0.845555
vt 0.318676 0.882479
vt 0.328576 0.882479
vt 0.526656 0.844537
vt 0.528610 0.852014
vt 0.337495 0.883351
vt 0.309757 0.883351
vt 0.318676 0.872452
vt 0.328576 0.872452
vt 0.530982 0.842039
vt 0.536405 0.847512
vt 0.567236 0.843057
vt 0.337495 0.875309
vt 0.309757 0.875309
vt 0.561714 0.848529
vt 0.564738 0.838730
vt 0.263748 0.866169
vt 0.272602 0.863123
vt 0.272484 0.872829
vt 0.263654 0.873953
vt 0.282499 0.863122
vt 0.291479 0.866167
vt 0.291385 0.873951
vt 0.282381 0.872828
vt 0.533480 0.837712
vt 0.557213 0.840733
vt 0.540906 0.839716
vt 0.564738 0.833734
vt 0.272484 0.884054
vt 0.263654 0.882955
vt 0.291385 0.882953
vt 0.282381 0.884054
vt 0.533480 0.832717
vt 0.557213 0.831730
vt 0.540906 0.830714
vt 0.291479 0.890762
vt 0.282499 0.893791
vt 0.530982 0.828390
vt 0.561714 0.823934
vt 0.567236 0.829408
vt 0.272602 0.893791
vt 0.536405 0.822918
vt 0.263748 0.890763
vt 0.569510 0.819433
vt 0.571562 0.826910
vt 0.419899 0.921440
vt 0.409999 0.921440
vt 0.409999 0.912344
vt 0.419899 0.912344
vt 0.526656 0.825892
vt 0.528610 0.818417
vt 0.428818 0.918108
vt 0.428818 0.910814
vt 0.401080 0.918108
vt 0.401080 0.910814
vt 0.280519 0.838443
vt 0.282999 0.829121
vt 0.287325 0.831619
vt 0.094086 0.900017
vt 0.085167 0.899336
vt 0.085167 0.889091
vt 0.094086 0.891801
vt 0.075268 0.899336
vt 0.066349 0.900017
vt 0.066349 0.891801
vt 0.075268 0.889091
vt 0.757610 0.381075
vt 0.760126 0.390397
vt 0.753284 0.383573
vt 0.284952 0.821644
vt 0.292748 0.826145
vt 0.755558 0.373600
vt 0.747762 0.378101
vt 0.750786 0.387899
vt 0.743261 0.385897
vt 0.289823 0.835945
vt 0.693671 0.195909
vt 0.684690 0.198954
vt 0.684572 0.189248
vt 0.693576 0.188126
vt 0.674793 0.198954
vt 0.665939 0.195907
vt 0.665845 0.188124
vt 0.674675 0.189248
vt 0.297249 0.833941
vt 0.289823 0.840941
vt 0.684572 0.178023
vt 0.693576 0.179123
vt 0.665845 0.179122
vt 0.674675 0.178022
vt 0.750786 0.392895
vt 0.297249 0.842943
vt 0.743261 0.394899
vt 0.684690 0.168286
vt 0.693671 0.171315
vt 0.665939 0.171313
vt 0.674793 0.168285
vt 0.753284 0.397222
vt 0.292748 0.850739
vt 0.287325 0.845268
vt 0.747762 0.402695
vt 0.757610 0.399719
vt 0.284952 0.855241
vt 0.282999 0.847766
vt 0.902149 0.034665
vt 0.892250 0.034665
vt 0.892250 0.025282
vt 0.902149 0.025282
vt 0.755558 0.407196
vt 0.911068 0.031459
vt 0.911068 0.023934
vt 0.883331 0.031459
vt 0.883331 0.023934
vt 0.275951 0.855241
vt 0.278003 0.847766
vt 0.892250 0.014075
vt 0.902149 0.014075
vt 0.762606 0.399719
vt 0.764559 0.407196
vt 0.911068 0.014947
vt 0.883331 0.014947
vt 0.892250 0.004047
vt 0.902149 0.004047
vt 0.766932 0.397222
vt 0.772355 0.402695
vt 0.273677 0.845268
vt 0.911068 0.006905
vt 0.883331 0.006905
vt 0.268155 0.850739
vt 0.271179 0.840941
vt 0.799525 0.546398
vt 0.808379 0.543351
vt 0.808261 0.553057
vt 0.799431 0.554181
vt 0.818276 0.543351
vt 0.827257 0.546396
vt 0.827162 0.554179
vt 0.818158 0.553057
vt 0.769430 0.392895
vt 0.263654 0.842943
vt 0.776856 0.394899
vt 0.271179 0.835945
vt 0.808261 0.564283
vt 0.799431 0.563183
vt 0.827162 0.563182
vt 0.818158 0.564282
vt 0.769430 0.387899
vt 0.263654 0.833941
vt 0.776856 0.385897
vt 0.827257 0.570990
vt 0.818276 0.574019
vt 0.766932 0.383573
vt 0.268155 0.826145
vt 0.273677 0.831619
vt 0.808379 0.574020
vt 0.772355 0.378101
vt 0.799525 0.570992
vt 0.275951 0.821644
vt 0.278003 0.829121
vt 0.085167 0.919598
vt 0.075268 0.919598
vt 0.075268 0.910502
vt 0.085167 0.910502
vt 0.762606 0.381075
vt 0.764559 0.373600
vt 0.094086 0.916266
vt 0.094086 0.908972
vt 0.066349 0.916266
vt 0.066349 0.908972
vt 0.495953 0.947727
vt 0.485925 0.948804
vt 0.485925 0.884298
vt 0.495953 0.883221
vt 0.790282 0.004150
vt 0.801134 0.004047
vt 0.801134 0.111648
vt 0.790282 0.111750
vt 0.716588 0.877826
vt 0.726616 0.878903
vt 0.726616 0.943410
vt 0.716588 0.942332
vt 0.803702 0.398603
vt 0.792865 0.398434
vt 0.792865 0.291572
vt 0.803702 0.291741
vt 0.471266 0.317226
vt 0.471266 0.416912
vt 0.404535 0.416856
vt 0.404535 0.317169
vt 0.404535 0.309287
vt 0.404535 0.209601
vt 0.471266 0.209544
vt 0.471266 0.309231
vt 0.410196 0.979494
vt 0.401080 0.980473
vt 0.401080 0.930301
vt 0.410196 0.929322
vt 0.878449 0.728808
vt 0.888314 0.728715
vt 0.888314 0.816752
vt 0.878449 0.816845
vt 0.094990 0.927480
vt 0.104107 0.928459
vt 0.104107 0.978631
vt 0.094990 0.977652
vt 0.888649 0.245165
vt 0.878798 0.245011
vt 0.878798 0.157579
vt 0.888649 0.157733
vt 0.657963 0.093578
vt 0.657963 0.175140
vt 0.606061 0.175096
vt 0.606061 0.093534
vt 0.606061 0.085653
vt 0.606061 0.004091
vt 0.657963 0.004047
vt 0.657963 0.085609
vt 0.886488 0.717375
vt 0.878283 0.718256
vt 0.878283 0.682419
vt 0.886488 0.681538
vt 0.945220 0.157663
vt 0.954099 0.157579
vt 0.954099 0.226052
vt 0.945220 0.226136
vt 0.535953 0.859895
vt 0.544158 0.860777
vt 0.544158 0.896614
vt 0.535953 0.895732
vt 0.954087 0.302159
vt 0.945221 0.302020
vt 0.945221 0.234018
vt 0.954087 0.234156
vt 0.300727 0.687671
vt 0.300727 0.751108
vt 0.263654 0.751077
vt 0.263654 0.687640
vt 0.750548 0.564381
vt 0.750548 0.500944
vt 0.787621 0.500913
vt 0.787621 0.564350
vt 0.370438 0.892520
vt 0.363144 0.893304
vt 0.363144 0.873235
vt 0.370438 0.872452
vt 0.263654 0.939288
vt 0.271546 0.939213
vt 0.271546 0.983232
vt 0.263654 0.983306
vt 0.541554 0.639452
vt 0.548847 0.640236
vt 0.548847 0.660304
vt 0.541554 0.659521
vt 0.287309 0.983052
vt 0.279428 0.982929
vt 0.279428 0.939213
vt 0.287309 0.939336
vt 0.231444 0.847263
vt 0.231444 0.888044
vt 0.210683 0.888026
vt 0.210683 0.847246
vt 0.146945 0.887789
vt 0.146945 0.847008
vt 0.167706 0.846991
vt 0.167706 0.887771
vt 0.189459 0.399307
vt 0.184901 0.399797
vt 0.184901 0.391196
vt 0.189459 0.390707
vt 0.849768 0.416402
vt 0.854700 0.416355
vt 0.854700 0.553301
vt 0.849768 0.553348
vt 0.197341 0.390707
vt 0.201899 0.391196
vt 0.201899 0.399797
vt 0.197341 0.399308
vt 0.857843 0.720833
vt 0.852917 0.720756
vt 0.852917 0.584751
vt 0.857843 0.584828
vt 0.294193 0.407706
vt 0.294193 0.534580
vt 0.285295 0.534572
vt 0.285295 0.407699
vt 0.285295 0.669343
vt 0.285295 0.542469
vt 0.294193 0.542462
vt 0.294193 0.669335
vt 0.048895 0.757125
vt 0.058360 0.760317
vt 0.058360 0.813904
vt 0.048895 0.810712
vt 0.862582 0.419018
vt 0.872429 0.416355
vt 0.872429 0.505178
vt 0.862582 0.507841
vt 0.120768 0.810517
vt 0.111303 0.813709
vt 0.111303 0.760122
vt 0.120768 0.756930
vt 0.859766 0.408473
vt 0.849768 0.406130
vt 0.849768 0.315147
vt 0.859766 0.317490
vt 0.471265 0.424794
vt 0.471265 0.518363
vt 0.404535 0.518556
vt 0.404535 0.424986
vt 0.210683 0.501268
vt 0.210683 0.407699
vt 0.277413 0.407891
vt 0.277413 0.501461
vt 0.226355 0.933465
vt 0.234959 0.936367
vt 0.234959 0.978046
vt 0.226355 0.975144
vt 0.128667 0.839116
vt 0.137618 0.836695
vt 0.137618 0.909368
vt 0.128667 0.911789
vt 0.830524 0.737289
vt 0.821920 0.740190
vt 0.821920 0.698512
vt 0.830524 0.695610
vt 0.910301 0.125842
vt 0.901212 0.123712
vt 0.901212 0.049271
vt 0.910301 0.051401
vt 0.452981 0.604506
vt 0.452981 0.681063
vt 0.401080 0.681213
vt 0.401080 0.604656
vt 0.210683 0.679609
vt 0.210683 0.603052
vt 0.262585 0.603201
vt 0.262585 0.679758
vt 0.701552 0.168285
vt 0.709296 0.170897
vt 0.709296 0.200667
vt 0.701552 0.198056
vt 0.968211 0.540032
vt 0.976267 0.537853
vt 0.976267 0.594377
vt 0.968211 0.596555
vt 0.529947 0.975665
vt 0.522204 0.978276
vt 0.522204 0.948506
vt 0.529947 0.945894
vt 0.958315 0.938920
vt 0.950135 0.937003
vt 0.950135 0.879104
vt 0.958315 0.881022
vt 0.594285 0.751900
vt 0.594285 0.811445
vt 0.557213 0.811552
vt 0.557213 0.752007
vt 0.620663 0.815553
vt 0.620663 0.756009
vt 0.657735 0.756116
vt 0.657735 0.815660
vt 0.345849 0.961006
vt 0.352732 0.963327
vt 0.352732 0.979999
vt 0.345849 0.977677
vt 0.772648 0.893316
vt 0.779809 0.891379
vt 0.779809 0.927716
vt 0.772648 0.929653
vt 0.957018 0.991015
vt 0.950135 0.993336
vt 0.950135 0.976665
vt 0.957018 0.974344
vt 0.969216 0.529788
vt 0.961945 0.528084
vt 0.961945 0.490864
vt 0.969216 0.492568
vt 0.943878 0.537853
vt 0.943878 0.576131
vt 0.923118 0.576191
vt 0.923118 0.537913
vt 0.585855 0.899190
vt 0.585855 0.860912
vt 0.606616 0.860971
vt 0.606616 0.899250
vt 0.388683 0.705712
vt 0.392985 0.707163
vt 0.392985 0.714308
vt 0.388683 0.712857
vt 0.388723 0.527648
vt 0.393198 0.526437
vt 0.393198 0.639484
vt 0.388723 0.640695
vt 0.729409 0.076369
vt 0.725107 0.077820
vt 0.725107 0.070675
vt 0.729409 0.069224
vt 0.902542 0.533217
vt 0.897998 0.532152
vt 0.897998 0.416355
vt 0.902542 0.417420
vt 0.808328 0.416355
vt 0.808328 0.535443
vt 0.799431 0.535469
vt 0.799431 0.416381
vt 0.805141 0.703839
vt 0.805141 0.584751
vt 0.814039 0.584776
vt 0.814039 0.703865
vt 0.960329 0.604705
vt 0.951760 0.604571
vt 0.951760 0.537853
vt 0.960329 0.537987
vt 0.384368 0.399106
vt 0.395243 0.399104
vt 0.395243 0.507764
vt 0.384368 0.507766
vt 0.958090 0.795477
vt 0.949520 0.795913
vt 0.949520 0.729323
vt 0.958090 0.728887
vt 0.797260 0.693413
vt 0.786385 0.693410
vt 0.786385 0.584751
vt 0.797260 0.584753
vt 0.556482 0.003941
vt 0.556482 0.089647
vt 0.489754 0.090065
vt 0.489754 0.004358
vt 0.501326 0.197236
vt 0.501326 0.111530
vt 0.568054 0.111947
vt 0.568054 0.197654
vt 0.154735 0.985224
vt 0.146945 0.985102
vt 0.146945 0.933211
vt 0.154735 0.933333
vt 0.867648 0.315149
vt 0.877534 0.315147
vt 0.877533 0.404050
vt 0.867648 0.404052
vt 0.645366 0.981124
vt 0.637576 0.981521
vt 0.637576 0.929729
vt 0.645366 0.929332
vt 0.888169 0.673656
vt 0.878283 0.673654
vt 0.878283 0.584751
vt 0.888169 0.584753
vt 0.728678 0.584751
vt 0.728678 0.654874
vt 0.676779 0.655199
vt 0.676779 0.585075
vt 0.676779 0.733204
vt 0.676779 0.663081
vt 0.728679 0.663405
vt 0.728679 0.733529
vt 0.472021 0.978553
vt 0.465010 0.978444
vt 0.465010 0.941378
vt 0.472021 0.941488
vt 0.944777 0.620340
vt 0.953675 0.620339
vt 0.953675 0.689486
vt 0.944778 0.689487
vt 0.253886 0.977147
vt 0.246875 0.977504
vt 0.246875 0.940510
vt 0.253886 0.940153
vt 0.255772 0.932271
vt 0.246875 0.932269
vt 0.246875 0.863122
vt 0.255772 0.863124
vt 0.300725 0.758990
vt 0.300725 0.813530
vt 0.263654 0.813762
vt 0.263654 0.759222
vt 0.781514 0.803493
vt 0.781514 0.748952
vt 0.818585 0.749184
vt 0.818585 0.803725
vt 0.440556 0.979092
vt 0.434323 0.978994
vt 0.434323 0.958237
vt 0.440556 0.958335
vt 0.966197 0.938882
vt 0.974105 0.938881
vt 0.974105 0.983333
vt 0.966197 0.983334
vt 0.440556 0.950039
vt 0.434323 0.950356
vt 0.434323 0.929639
vt 0.440556 0.929322
vt 0.778067 0.981987
vt 0.770158 0.981986
vt 0.770158 0.937534
vt 0.778067 0.937536
vt 0.939710 0.004047
vt 0.939710 0.039109
vt 0.918950 0.039239
vt 0.918950 0.004177
vt 0.939150 0.396063
vt 0.939150 0.361001
vt 0.959910 0.361131
vt 0.959910 0.396193
vt 0.172563 0.570935
vt 0.168668 0.570874
vt 0.168668 0.561978
vt 0.172563 0.562039
vt 0.840092 0.584752
vt 0.845035 0.584751
vt 0.845035 0.723045
vt 0.840092 0.723046
vt 0.172563 0.553899
vt 0.168668 0.554097
vt 0.168668 0.545218
vt 0.172563 0.545020
vt 0.850761 0.142342
vt 0.845818 0.142341
vt 0.845818 0.004047
vt 0.850761 0.004048
vt 0.841886 0.416355
vt 0.841886 0.525436
vt 0.832989 0.525492
vt 0.832989 0.416411
vt 0.828363 0.389601
vt 0.828363 0.280520
vt 0.837260 0.280576
vt 0.837260 0.389657
vt 0.967793 0.318199
vt 0.977602 0.315147
vt 0.977602 0.365857
vt 0.967793 0.368909
vt 0.602167 0.753695
vt 0.612550 0.751900
vt 0.612550 0.842349
vt 0.602167 0.844143
vt 0.888607 0.306809
vt 0.878798 0.303757
vt 0.878798 0.253047
vt 0.888607 0.256099
vt 0.836931 0.843263
vt 0.826467 0.841717
vt 0.826467 0.748952
vt 0.836931 0.750498
vt 0.003941 0.502628
vt 0.003941 0.403556
vt 0.070671 0.403402
vt 0.070671 0.502473
vt 0.145283 0.403556
vt 0.145283 0.502628
vt 0.078553 0.502473
vt 0.078553 0.403402
vt 0.753359 0.940309
vt 0.762276 0.937534
vt 0.762276 0.976976
vt 0.753359 0.979750
vt 0.379982 0.828717
vt 0.389421 0.827086
vt 0.389421 0.901089
vt 0.379982 0.902720
vt 0.745477 0.979750
vt 0.736560 0.976976
vt 0.736560 0.937534
vt 0.745477 0.940309
vt 0.887961 0.902031
vt 0.878449 0.900625
vt 0.878449 0.824727
vt 0.887961 0.826132
vt 0.557213 0.665929
vt 0.557213 0.584871
vt 0.609114 0.584751
vt 0.609114 0.665809
vt 0.668897 0.584871
vt 0.668897 0.665929
vt 0.616996 0.665809
vt 0.616996 0.584751
vt 0.967793 0.379288
vt 0.975818 0.376791
vt 0.975818 0.404963
vt 0.967793 0.407461
vt 0.966196 0.873441
vt 0.974692 0.871973
vt 0.974692 0.929531
vt 0.966196 0.930999
vt 0.962297 0.148106
vt 0.954271 0.145609
vt 0.954271 0.117437
vt 0.962297 0.119934
vt 0.974758 0.864091
vt 0.966197 0.862827
vt 0.966196 0.803794
vt 0.974758 0.805059
vt 0.676779 0.804542
vt 0.676779 0.741496
vt 0.713851 0.741410
vt 0.713851 0.804456
vt 0.773633 0.749038
vt 0.773633 0.812083
vt 0.736560 0.811997
vt 0.736560 0.748952
vt 0.988333 0.051491
vt 0.995466 0.049271
vt 0.995466 0.065048
vt 0.988333 0.067267
vt 0.946512 0.492169
vt 0.954063 0.490864
vt 0.954063 0.527865
vt 0.946512 0.529170
vt 0.994114 0.127114
vt 0.986980 0.124894
vt 0.986980 0.109118
vt 0.994114 0.111337
vt 0.793926 0.741070
vt 0.786316 0.739946
vt 0.786316 0.701997
vt 0.793926 0.703121
vt 0.507311 0.900473
vt 0.507311 0.859943
vt 0.528071 0.859895
vt 0.528071 0.900424
vt 0.577973 0.860960
vt 0.577973 0.901489
vt 0.557213 0.901441
vt 0.557213 0.860912
vt 0.583886 0.410068
vt 0.588344 0.408680
vt 0.588344 0.415442
vt 0.583886 0.416829
vt 0.896531 0.158394
vt 0.901251 0.157579
vt 0.901251 0.272695
vt 0.896531 0.273511
vt 0.600685 0.416829
vt 0.596226 0.415442
vt 0.596226 0.408680
vt 0.600685 0.410068
vt 0.900807 0.703518
vt 0.896051 0.702815
vt 0.896051 0.584751
vt 0.900807 0.585453
vt 0.460863 0.730617
vt 0.460863 0.604527
vt 0.469760 0.604506
vt 0.469760 0.730597
vt 0.791503 0.157600
vt 0.791503 0.283690
vt 0.782605 0.283670
vt 0.782605 0.157579
vt 0.013141 0.955818
vt 0.003941 0.954724
vt 0.003941 0.889191
vt 0.013141 0.890284
vt 0.799384 0.157866
vt 0.810170 0.157579
vt 0.810170 0.263961
vt 0.799384 0.264248
vt 0.946512 0.417449
vt 0.955712 0.416355
vt 0.955712 0.481888
vt 0.946512 0.482982
vt 0.819764 0.109890
vt 0.809015 0.109487
vt 0.809015 0.004047
vt 0.819764 0.004451
vt 0.479147 0.403037
vt 0.479147 0.310265
vt 0.545879 0.310331
vt 0.545879 0.403104
vt 0.545879 0.209544
vt 0.545879 0.302317
vt 0.479147 0.302383
vt 0.479147 0.209611
vt 0.980451 0.101236
vt 0.972088 0.100241
vt 0.972088 0.049271
vt 0.980451 0.050265
vt 0.880311 0.416616
vt 0.890116 0.416355
vt 0.890116 0.503395
vt 0.880311 0.503656
vt 0.418078 0.930316
vt 0.426442 0.929322
vt 0.426442 0.980292
vt 0.418078 0.981286
vt 0.893331 0.135907
vt 0.883559 0.135540
vt 0.883559 0.049271
vt 0.893331 0.049638
vt 0.150900 0.682739
vt 0.150900 0.606835
vt 0.202802 0.606886
vt 0.202802 0.682791
vt 0.682884 0.500913
vt 0.682884 0.576818
vt 0.630982 0.576869
vt 0.630982 0.500964
vt 0.955119 0.041349
vt 0.947592 0.040455
vt 0.947592 0.004047
vt 0.955119 0.004942
vt 0.193884 0.889736
vt 0.202709 0.889501
vt 0.202709 0.957198
vt 0.193884 0.957433
vt 0.178289 0.934106
vt 0.185817 0.933211
vt 0.185817 0.969618
vt 0.178289 0.970513
vt 0.958315 0.871223
vt 0.949520 0.870892
vt 0.949520 0.803794
vt 0.958315 0.804125
vt 0.003941 0.816162
vt 0.003941 0.757125
vt 0.041014 0.757162
vt 0.041014 0.816199
vt 0.103421 0.756930
vt 0.103421 0.815967
vt 0.066349 0.816004
vt 0.066349 0.756967
vt 0.277157 0.624235
vt 0.270466 0.623440
vt 0.270466 0.603052
vt 0.277157 0.603847
vt 0.788002 0.940259
vt 0.795846 0.940050
vt 0.795846 0.983570
vt 0.788002 0.983779
vt 0.270466 0.632913
vt 0.277157 0.632117
vt 0.277157 0.652505
vt 0.270466 0.653301
vt 0.811545 0.983478
vt 0.803728 0.983184
vt 0.803728 0.940050
vt 0.811545 0.940344
vt 0.939150 0.353099
vt 0.939150 0.315147
vt 0.959911 0.315167
vt 0.959911 0.353120
vt 0.137618 0.919671
vt 0.137618 0.957623
vt 0.116857 0.957644
vt 0.116857 0.919692
vt 0.274648 0.670417
vt 0.270466 0.669920
vt 0.270466 0.661182
vt 0.274648 0.661680
vt 0.853454 0.157709
vt 0.858357 0.157579
vt 0.858357 0.292974
vt 0.853454 0.293105
vt 0.388683 0.665801
vt 0.392864 0.665304
vt 0.392864 0.674042
vt 0.388683 0.674539
vt 0.857803 0.863094
vt 0.852917 0.862911
vt 0.852917 0.728715
vt 0.857803 0.728899
vt 0.811583 0.398594
vt 0.811583 0.280520
vt 0.820481 0.280529
vt 0.820481 0.398603
vt 0.825107 0.416355
vt 0.825107 0.534429
vt 0.816210 0.534438
vt 0.816210 0.416364
vt 0.606616 0.969012
vt 0.598046 0.971518
vt 0.598046 0.909637
vt 0.606616 0.907132
vt 0.821920 0.585993
vt 0.832211 0.584751
vt 0.832211 0.686486
vt 0.821920 0.687728
vt 0.974541 0.792361
vt 0.965971 0.789577
vt 0.965971 0.728887
vt 0.974541 0.731671
vt 0.837936 0.107025
vt 0.827646 0.105782
vt 0.827646 0.004047
vt 0.837936 0.005290
vt 0.309757 0.592146
vt 0.309757 0.506693
vt 0.376486 0.507069
vt 0.376486 0.592521
vt 0.277412 0.509342
vt 0.277412 0.594795
vt 0.210683 0.595170
vt 0.210683 0.509718
vt 0.170408 0.981340
vt 0.162617 0.983618
vt 0.162617 0.935489
vt 0.170408 0.933211
vt 0.896196 0.729845
vt 0.905550 0.728715
vt 0.905550 0.811953
vt 0.896196 0.813082
vt 0.218474 0.983199
vt 0.210683 0.980669
vt 0.210683 0.933465
vt 0.218474 0.935996
vt 0.905550 0.905331
vt 0.896196 0.904202
vt 0.896196 0.820964
vt 0.905550 0.822094
vt 0.690766 0.570828
vt 0.690766 0.500913
vt 0.742666 0.501205
vt 0.742666 0.571120
vt 0.609113 0.673811
vt 0.609113 0.743727
vt 0.557213 0.744019
vt 0.557213 0.674103
vt 0.979099 0.143496
vt 0.972088 0.145546
vt 0.972088 0.111168
vt 0.979099 0.109118
vt 0.961981 0.158596
vt 0.970400 0.157579
vt 0.970400 0.222319
vt 0.961981 0.223336
vt 0.514322 0.981888
vt 0.507311 0.979611
vt 0.507311 0.945894
vt 0.514322 0.948172
vt 0.972013 0.482112
vt 0.963593 0.481095
vt 0.963593 0.416355
vt 0.972013 0.417372
vt 0.354711 0.818995
vt 0.354711 0.764616
vt 0.391782 0.764825
vt 0.391782 0.819204
vt 0.346829 0.764616
vt 0.346829 0.818995
vt 0.309757 0.819204
vt 0.309757 0.764825
vt 0.841371 0.562603
vt 0.835138 0.564425
vt 0.835138 0.545173
vt 0.841371 0.543351
vt 0.541554 0.589952
vt 0.549038 0.589048
vt 0.549038 0.630667
vt 0.541554 0.631571
vt 0.301422 0.960119
vt 0.295190 0.958094
vt 0.295190 0.939213
vt 0.301422 0.941238
vt 0.353333 0.953124
vt 0.345849 0.952220
vt 0.345849 0.910602
vt 0.353333 0.911505
vt 0.066349 0.962438
vt 0.066349 0.927480
vt 0.087109 0.927597
vt 0.087109 0.962555
vt 0.049389 0.927373
vt 0.049389 0.962331
vt 0.028629 0.962448
vt 0.028629 0.927490
vt 0.172563 0.518760
vt 0.168668 0.519899
vt 0.168668 0.511648
vt 0.172563 0.510509
vt 0.866239 0.158144
vt 0.870916 0.157579
vt 0.870916 0.287060
vt 0.866239 0.287625
vt 0.172563 0.537138
vt 0.168668 0.535873
vt 0.168668 0.527781
vt 0.172563 0.529046
vt 0.870402 0.714796
vt 0.865724 0.714232
vt 0.865724 0.584751
vt 0.870402 0.585316
vt 0.460863 0.847257
vt 0.460863 0.738499
vt 0.469760 0.738549
vt 0.469760 0.847307
vt 0.845573 0.157579
vt 0.845573 0.266336
vt 0.836675 0.266386
vt 0.836675 0.157629
vt 0.964206 0.109555
vt 0.954271 0.107381
vt 0.954271 0.049271
vt 0.964206 0.051446
vt 0.818052 0.158217
vt 0.828794 0.157579
vt 0.828794 0.258342
vt 0.818052 0.258980
vt 0.666685 0.951324
vt 0.656750 0.953322
vt 0.656751 0.893791
vt 0.666685 0.891792
vt 0.139408 0.828813
vt 0.128667 0.828175
vt 0.128667 0.727413
vt 0.139408 0.728051
vt 0.376487 0.399319
vt 0.376487 0.498812
vt 0.309757 0.498597
vt 0.309757 0.399104
vt 0.415143 0.103648
vt 0.415143 0.004155
vt 0.481872 0.003941
vt 0.481872 0.103434
vt 0.731763 0.408220
vt 0.722731 0.406243
vt 0.722731 0.361046
vt 0.731763 0.363023
vt 0.806443 0.812186
vt 0.816208 0.811606
vt 0.816208 0.894048
vt 0.806443 0.894628
vt 0.629694 0.975635
vt 0.620663 0.977452
vt 0.620663 0.931149
vt 0.629694 0.929332
vt 0.895180 0.398169
vt 0.885415 0.397589
vt 0.885415 0.315147
vt 0.895180 0.315727
vt 0.665907 0.299163
vt 0.665907 0.380566
vt 0.614006 0.380399
vt 0.614006 0.298996
vt 0.614006 0.291115
vt 0.614006 0.209711
vt 0.665907 0.209545
vt 0.665907 0.290948
vt 0.457128 0.975440
vt 0.449000 0.973661
vt 0.449000 0.941378
vt 0.457128 0.943157
vt 0.961968 0.234540
vt 0.970757 0.234018
vt 0.970757 0.298139
vt 0.961968 0.298661
vt 0.971129 0.037120
vt 0.963001 0.038755
vt 0.963001 0.005682
vt 0.971129 0.004047
vt 0.970345 0.684982
vt 0.961557 0.684460
vt 0.961557 0.620339
vt 0.970345 0.620861
vt 0.791549 0.416474
vt 0.791549 0.479788
vt 0.754477 0.479669
vt 0.754477 0.416355
vt 0.479146 0.804178
vt 0.479146 0.740864
vt 0.516218 0.740745
vt 0.516218 0.804058
vt 0.957360 0.966462
vt 0.950135 0.964880
vt 0.950135 0.946802
vt 0.957360 0.948383
vt 0.692473 0.940556
vt 0.700285 0.940092
vt 0.700285 0.981313
vt 0.692473 0.981777
vt 0.951564 0.715890
vt 0.944339 0.717343
vt 0.944339 0.698822
vt 0.951564 0.697369
vt 0.684591 0.981777
vt 0.676779 0.981313
vt 0.676779 0.940092
vt 0.684591 0.940556
vt 0.697539 0.853969
vt 0.697539 0.894670
vt 0.676779 0.894604
vt 0.676779 0.853902
vt 0.449000 0.895957
vt 0.449000 0.855255
vt 0.469760 0.855189
vt 0.469760 0.895890
vt 0.393198 0.697831
vt 0.388683 0.696842
vt 0.388683 0.689094
vt 0.393198 0.690083
vt 0.721733 0.741701
vt 0.726616 0.741411
vt 0.726616 0.869654
vt 0.721733 0.869944
vt 0.393198 0.656514
vt 0.388683 0.657422
vt 0.388683 0.649485
vt 0.393198 0.648577
vt 0.870567 0.857249
vt 0.865685 0.856959
vt 0.865685 0.728715
vt 0.870567 0.729005
vt 0.380776 0.600431
vt 0.380776 0.727059
vt 0.371879 0.727030
vt 0.371879 0.600403
vt 0.128667 0.719531
vt 0.128667 0.592904
vt 0.137564 0.592875
vt 0.137564 0.719502
vt 0.801072 0.128003
vt 0.790198 0.128003
vt 0.790198 0.119846
vt 0.801072 0.119846
vt 0.164096 0.498608
vt 0.153224 0.498596
vt 0.153165 0.490048
vt 0.164037 0.490061
vt 0.153224 0.481189
vt 0.164096 0.481202
vt 0.624881 0.412298
vt 0.614006 0.412298
vt 0.614006 0.405518
vt 0.624881 0.405518
vt 0.614006 0.396408
vt 0.624881 0.396408
vt 0.614006 0.388448
vt 0.624881 0.388448
vt 0.606120 0.183034
vt 0.616993 0.183022
vt 0.616933 0.191569
vt 0.606061 0.191581
vt 0.616993 0.200428
vt 0.606120 0.200440
vt 0.918819 0.943240
vt 0.913432 0.935825
vt 0.913432 0.926661
vt 0.918819 0.919246
vt 0.927535 0.916414
vt 0.936252 0.919246
vt 0.941639 0.926660
vt 0.941639 0.935825
vt 0.936252 0.943240
vt 0.927535 0.946072
vt 0.801072 0.143553
vt 0.790198 0.143553
vt 0.790198 0.137059
vt 0.801072 0.137059
vt 0.810821 0.905342
vt 0.816208 0.912756
vt 0.816208 0.921921
vt 0.810821 0.929336
vt 0.802105 0.932168
vt 0.793389 0.929336
vt 0.788002 0.921922
vt 0.788002 0.912757
vt 0.793389 0.905342
vt 0.802105 0.902510
s 1
usemtl PalmBaked_A
f 73/1/1 72/2/2 5/3/3 6/4/4
f 71/5/5 1/6/6 3/7/7 4/8/8
f 70/9/9 51/10/10 2/11/11
f 74/12/12 73/13/1 6/14/4 7/15/13
f 72/2/2 71/5/5 4/8/8 5/3/3
f 1/16/6 70/9/9 2/11/11 3/17/7
f 50/18/14 74/12/12 7/15/13
f 50/18/14 7/15/13 13/19/15
f 6/20/4 5/21/3 11/22/16 12/23/17
f 4/24/8 3/25/7 9/26/18 10/27/19
f 2/11/11 51/10/10 8/28/20
f 7/15/13 6/14/4 12/29/17 13/19/15
f 5/21/3 4/24/8 10/27/19 11/22/16
f 3/17/7 2/11/11 8/28/20 9/30/18
f 12/23/17 11/22/16 17/31/21 18/32/22
f 10/27/19 9/26/18 15/33/23 16/34/24
f 8/28/20 51/10/10 14/35/25
f 13/19/15 12/29/17 18/36/22 19/37/26
f 11/22/16 10/27/19 16/34/24 17/31/21
f 9/30/18 8/28/20 14/35/25 15/38/23
f 50/18/14 13/19/15 19/37/26
f 14/35/25 51/10/10 20/39/27
f 19/37/26 18/36/22 24/40/28 25/41/29
f 17/31/21 16/34/24 22/42/30 23/43/31
f 15/38/23 14/35/25 20/39/27 21/44/32
f 50/18/14 19/37/26 25/41/29
f 18/32/22 17/31/21 23/43/31 24/45/28
f 16/34/24 15/33/23 21/46/32 22/42/30
f 25/41/29 24/40/28 30/47/33 31/48/34
f 23/49/31 22/50/30 28/51/35 29/52/36
f 21/44/32 20/39/27 26/53/37 27/54/38
f 50/18/14 25/41/29 31/48/34
f 24/55/28 23/49/31 29/52/36 30/56/33
f 22/50/30 21/57/32 27/58/38 28/51/35
f 20/39/27 51/10/10 26/53/37
f 29/52/36 28/51/35 34/59/39 35/60/40
f 27/54/38 26/53/37 32/61/41 33/62/42
f 50/18/14 31/48/34 37/63/43
f 30/56/33 29/52/36 35/60/40 36/64/44
f 28/51/35 27/58/38 33/65/42 34/59/39
f 26/53/37 51/10/10 32/61/41
f 31/48/34 30/47/33 36/66/44 37/63/43
f 50/18/14 37/63/43 43/67/45
f 36/64/44 35/60/40 41/68/46 42/69/47
f 34/59/39 33/65/42 39/70/48 40/71/49
f 32/61/41 51/10/10 38/72/50
f 37/63/43 36/66/44 42/73/47 43/67/45
f 35/60/40 34/59/39 40/71/49 41/68/46
f 33/62/42 32/61/41 38/72/50 39/74/48
f 50/18/14 43/67/45 49/75/51
f 42/76/47 41/77/46 47/78/52 48/79/53
f 40/80/49 39/81/48 45/82/54 46/83/55
f 38/72/50 51/10/10 44/84/56
f 43/67/45 42/73/47 48/85/53 49/75/51
f 41/77/46 40/80/49 46/83/55 47/78/52
f 39/74/48 38/72/50 44/84/56 45/86/54
f 46/83/55 45/82/54 53/87/57 54/88/58
f 44/84/56 51/10/10 52/89/59
f 49/75/51 48/85/53 56/90/60 57/91/61
f 47/78/52 46/83/55 54/88/58 55/92/62
f 45/86/54 44/84/56 52/89/59 53/93/57
f 50/18/14 49/75/51 57/91/61
f 48/79/53 47/78/52 55/92/62 56/94/60
f 57/91/61 56/90/60 62/95/63 63/96/64
f 55/92/62 54/88/58 60/97/65 61/98/66
f 53/93/57 52/89/59 58/99/67 59/100/68
f 50/18/14 57/91/61 63/96/64
f 56/94/60 55/92/62 61/98/66 62/101/63
f 54/88/58 53/87/57 59/102/68 60/97/65
f 52/89/59 51/10/10 58/99/67
f 63/96/64 62/95/63 68/103/69 69/104/70
f 61/105/66 60/106/65 66/107/71 67/108/72
f 59/100/68 58/99/67 64/109/73 65/110/74
f 50/18/14 63/96/64 69/104/70
f 62/111/63 61/105/66 67/108/72 68/112/69
f 60/106/65 59/113/68 65/114/74 66/107/71
f 58/99/67 51/10/10 64/109/73
f 65/110/74 64/109/73 70/9/9 1/16/6
f 50/18/14 69/104/70 74/12/12
f 68/112/69 67/108/72 72/2/2 73/1/1
f 66/107/71 65/114/74 1/6/6 71/5/5
f 64/109/73 51/10/10 70/9/9
f 69/104/70 68/103/69 73/13/1 74/12/12
f 67/108/72 66/107/71 71/5/5 72/2/2
s 0
f 75/115/75 76/116/75 78/117/75 77/118/75
f 77/119/76 78/120/76 82/121/76 81/122/76
f 81/123/77 82/124/77 80/125/77 79/126/77
f 79/127/78 80/128/78 76/129/78 75/130/78
f 77/131/14 81/132/14 79/133/14 75/134/14
f 82/135/10 78/136/10 76/137/10 80/138/10
s 1
f 83/139/79 84/140/80 86/141/81 85/142/82
f 85/143/82 86/144/81 88/145/83 87/146/84
f 87/146/84 88/145/83 90/147/85 89/148/86
f 89/149/86 90/150/85 92/151/87 91/152/88
f 91/152/88 92/151/87 94/153/89 93/154/90
f 93/154/90 94/153/89 96/155/91 95/156/92
f 95/157/92 96/158/91 98/159/93 97/160/94
f 97/160/94 98/159/93 100/161/95 99/162/96
f 86/163/81 84/164/80 102/165/97 100/166/95 98/167/93 96/168/91 94/169/89 92/170/87 90/171/85 88/172/83
f 99/173/96 100/174/95 102/175/97 101/176/98
f 101/176/98 102/175/97 84/140/80 83/139/79
f 83/177/79 85/178/82 87/179/84 89/180/86 91/181/88 93/182/90 95/183/92 97/184/94 99/185/96 101/186/98
f 103/187/79 104/188/80 106/189/81 105/190/82
f 105/191/82 106/192/81 108/193/83 107/194/84
f 107/194/84 108/193/83 110/195/85 109/196/86
f 109/197/86 110/198/85 112/199/87 111/200/88
f 111/200/88 112/199/87 114/201/89 113/202/90
f 113/202/90 114/201/89 116/203/91 115/204/92
f 115/205/92 116/206/91 118/207/93 117/208/94
f 117/208/94 118/207/93 120/209/95 119/210/96
f 106/211/81 104/212/80 122/213/97 120/214/95 118/215/93 116/216/91 114/217/89 112/218/87 110/219/85 108/220/83
f 119/221/96 120/222/95 122/223/97 121/224/98
f 121/224/98 122/223/97 104/188/80 103/187/79
f 103/225/79 105/226/82 107/227/84 109/228/86 111/229/88 113/230/90 115/231/92 117/232/94 119/233/96 121/234/98
f 123/235/79 124/236/80 126/237/81 125/238/82
f 125/239/82 126/240/81 128/241/83 127/242/84
f 127/242/84 128/241/83 130/243/85 129/244/86
f 129/245/86 130/246/85 132/247/87 131/248/88
f 131/248/88 132/247/87 134/249/89 133/250/90
f 133/250/90 134/249/89 136/251/91 135/252/92
f 135/253/92 136/254/91 138/255/93 137/256/94
f 137/256/94 138/255/93 140/257/95 139/258/96
f 126/259/81 124/260/80 142/261/97 140/262/95 138/263/93 136/264/91 134/265/89 132/266/87 130/267/85 128/268/83
f 139/269/96 140/270/95 142/271/97 141/272/98
f 141/272/98 142/271/97 124/236/80 123/235/79
f 123/273/79 125/274/82 127/275/84 129/276/86 131/277/88 133/278/90 135/279/92 137/280/94 139/281/96 141/282/98
f 143/283/79 144/284/80 146/285/81 145/286/82
f 145/287/82 146/288/81 148/289/83 147/290/84
f 147/290/84 148/289/83 150/291/85 149/292/86
f 149/293/86 150/294/85 152/295/87 151/296/88
f 151/296/88 152/295/87 154/297/89 153/298/90
f 153/298/90 154/297/89 156/299/91 155/300/92
f 155/301/92 156/302/91 158/303/93 157/304/94
f 157/304/94 158/303/93 160/305/95 159/306/96
f 146/307/81 144/308/80 162/309/97 160/310/95 158/311/93 156/312/91 154/313/89 152/314/87 150/315/85 148/316/83
f 159/317/96 160/318/95 162/319/97 161/320/98
f 161/320/98 162/319/97 144/284/80 143/283/79
f 143/321/79 145/322/82 147/323/84 149/324/86 151/325/88 153/326/90 155/327/92 157/328/94 159/329/96 161/330/98
f 163/331/79 164/332/80 166/333/81 165/334/82
f 165/335/82 166/336/81 168/337/83 167/338/84
f 167/338/84 168/337/83 170/339/85 169/340/86
f 169/341/86 170/342/85 172/343/87 171/344/88
f 171/344/88 172/343/87 174/345/89 173/346/90
f 173/346/90 174/345/89 176/347/91 175/348/92
f 175/349/92 176/350/91 178/351/93 177/352/94
f 177/352/94 178/351/93 180/353/95 179/354/96
f 166/355/81 164/356/80 182/357/97 180/358/95 178/359/93 176/360/91 174/361/89 172/362/87 170/363/85 168/364/83
f 179/365/96 180/366/95 182/367/97 181/368/98
f 181/368/98 182/367/97 164/332/80 163/331/79
f 163/369/79 165/370/82 167/371/84 169/372/86 171/373/88 173/374/90 175/375/92 177/376/94 179/377/96 181/378/98
f 183/379/79 184/380/80 186/381/81 185/382/82
f 185/383/82 186/384/81 188/385/83 187/386/84
f 187/386/84 188/385/83 190/387/85 189/388/86
f 189/389/86 190/390/85 192/391/87 191/392/88
f 191/392/88 192/391/87 194/393/89 193/394/90
f 193/394/90 194/393/89 196/395/91 195/396/92
f 195/397/92 196/398/91 198/399/93 197/400/94
f 197/400/94 198/399/93 200/401/95 199/402/96
f 186/403/81 184/404/80 202/405/97 200/406/95 198/407/93 196/408/91 194/409/89 192/410/87 190/411/85 188/412/83
f 199/413/96 200/414/95 202/415/97 201/416/98
f 201/416/98 202/415/97 184/380/80 183/379/79
f 183/417/79 185/418/82 187/419/84 189/420/86 191/421/88 193/422/90 195/423/92 197/424/94 199/425/96 201/426/98
f 203/427/79 204/428/80 206/429/81 205/430/82
f 205/431/82 206/432/81 208/433/83 207/434/84
f 207/434/84 208/433/83 210/435/85 209/436/86
f 209/437/86 210/438/85 212/439/87 211/440/88
f 211/440/88 212/439/87 214/441/89 213/442/90
f 213/442/90 214/441/89 216/443/91 215/444/92
f 215/445/92 216/446/91 218/447/93 217/448/94
f 217/448/94 218/447/93 220/449/95 219/450/96
f 206/451/81 204/452/80 222/453/97 220/454/95 218/455/93 216/456/91 214/457/89 212/458/87 210/459/85 208/460/83
f 219/461/96 220/462/95 222/463/97 221/464/98
f 221/464/98 222/463/97 204/428/80 203/427/79
f 203/465/79 205/466/82 207/467/84 209/468/86 211/469/88 213/470/90 215/471/92 217/472/94 219/473/96 221/474/98
f 223/475/79 224/476/80 226/477/81 225/478/82
f 225/479/82 226/480/81 228/481/83 227/482/84
f 227/482/84 228/481/83 230/483/85 229/484/86
f 229/485/86 230/486/85 232/487/87 231/488/88
f 231/488/88 232/487/87 234/489/89 233/490/90
f 233/490/90 234/489/89 236/491/91 235/492/92
f 235/493/92 236/494/91 238/495/93 237/496/94
f 237/496/94 238/495/93 240/497/95 239/498/96
f 226/499/81 224/500/80 242/501/97 240/502/95 238/503/93 236/504/91 234/505/89 232/506/87 230/507/85 228/508/83
f 239/509/96 240/510/95 242/511/97 241/512/98
f 241/512/98 242/511/97 224/476/80 223/475/79
f 223/513/79 225/514/82 227/515/84 229/516/86 231/517/88 233/518/90 235/519/92 237/520/94 239/521/96 241/522/98
f 243/523/79 244/524/80 246/525/81 245/526/82
f 245/527/82 246/528/81 248/529/83 247/530/84
f 247/530/84 248/529/83 250/531/85 249/532/86
f 249/533/86 250/534/85 252/535/87 251/536/88
f 251/536/88 252/535/87 254/537/89 253/538/90
f 253/538/90 254/537/89 256/539/91 255/540/92
f 255/541/92 256/542/91 258/543/93 257/544/94
f 257/544/94 258/543/93 260/545/95 259/546/96
f 246/547/81 244/548/80 262/549/97 260/550/95 258/551/93 256/552/91 254/553/89 252/554/87 250/555/85 248/556/83
f 259/557/96 260/558/95 262/559/97 261/560/98
f 261/560/98 262/559/97 244/524/80 243/523/79
f 243/561/79 245/562/82 247/563/84 249/564/86 251/565/88 253/566/90 255/567/92 257/568/94 259/569/96 261/570/98
f 263/571/79 264/572/80 266/573/81 265/574/82
f 265/575/82 266/576/81 268/577/83 267/578/84
f 267/578/84 268/577/83 270/579/85 269/580/86
f 269/581/86 270/582/85 272/583/87 271/584/88
f 271/584/88 272/583/87 274/585/89 273/586/90
f 273/586/90 274/585/89 276/587/91 275/588/92
f 275/589/92 276/590/91 278/591/93 277/592/94
f 277/592/94 278/591/93 280/593/95 279/594/96
f 266/595/81 264/596/80 282/597/97 280/598/95 278/599/93 276/600/91 274/601/89 272/602/87 270/603/85 268/604/83
f 279/605/96 280/606/95 282/607/97 281/608/98
f 281/608/98 282/607/97 264/572/80 263/571/79
f 263/609/79 265/610/82 267/611/84 269/612/86 271/613/88 273/614/90 275/615/92 277/616/94 279/617/96 281/618/98
f 283/619/79 284/620/80 286/621/81 285/622/82
f 285/623/82 286/624/81 288/625/83 287/626/84
f 287/626/84 288/625/83 290/627/85 289/628/86
f 289/629/86 290/630/85 292/631/87 291/632/88
f 291/632/88 292/631/87 294/633/89 293/634/90
f 293/634/90 294/633/89 296/635/91 295/636/92
f 295/637/92 296/638/91 298/639/93 297/640/94
f 297/640/94 298/639/93 300/641/95 299/642/96
f 286/643/81 284/644/80 302/645/97 300/646/95 298/647/93 296/648/91 294/649/89 292/650/87 290/651/85 288/652/83
f 299/653/96 300/654/95 302/655/97 301/656/98
f 301/656/98 302/655/97 284/620/80 283/619/79
f 283/657/79 285/658/82 287/659/84 289/660/86 291/661/88 293/662/90 295/663/92 297/664/94 299/665/96 301/666/98
f 303/667/79 304/668/80 306/669/81 305/670/82
f 305/671/82 306/672/81 308/673/83 307/674/84
f 307/674/84 308/673/83 310/675/85 309/676/86
f 309/677/86 310/678/85 312/679/87 311/680/88
f 311/680/88 312/679/87 314/681/89 313/682/90
f 313/682/90 314/681/89 316/683/91 315/684/92
f 315/685/92 316/686/91 318/687/93 317/688/94
f 317/688/94 318/687/93 320/689/95 319/690/96
f 306/691/81 304/692/80 322/693/97 320/694/95 318/695/93 316/696/91 314/697/89 312/698/87 310/699/85 308/700/83
f 319/701/96 320/702/95 322/703/97 321/704/98
f 321/704/98 322/703/97 304/668/80 303/667/79
f 303/705/79 305/706/82 307/707/84 309/708/86 311/709/88 313/710/90 315/711/92 317/712/94 319/713/96 321/714/98
f 323/715/79 324/716/80 326/717/81 325/718/82
f 325/719/82 326/720/81 328/721/83 327/722/84
f 327/722/84 328/721/83 330/723/85 329/724/86
f 329/725/86 330/726/85 332/727/87 331/728/88
f 331/728/88 332/727/87 334/729/89 333/730/90
f 333/730/90 334/729/89 336/731/91 335/732/92
f 335/733/92 336/734/91 338/735/93 337/736/94
f 337/736/94 338/735/93 340/737/95 339/738/96
f 326/739/81 324/740/80 342/741/97 340/742/95 338/743/93 336/744/91 334/745/89 332/746/87 330/747/85 328/748/83
f 339/749/96 340/750/95 342/751/97 341/752/98
f 341/752/98 342/751/97 324/716/80 323/715/79
f 323/753/79 325/754/82 327/755/84 329/756/86 331/757/88 333/758/90 335/759/92 337/760/94 339/761/96 341/762/98
f 343/763/79 344/764/80 346/765/81 345/766/82
f 345/767/82 346/768/81 348/769/83 347/770/84
f 347/770/84 348/769/83 350/771/85 349/772/86
f 349/773/86 350/774/85 352/775/87 351/776/88
f 351/776/88 352/775/87 354/777/89 353/778/90
f 353/778/90 354/777/89 356/779/91 355/780/92
f 355/781/92 356/782/91 358/783/93 357/784/94
f 357/784/94 358/783/93 360/785/95 359/786/96
f 346/787/81 344/788/80 362/789/97 360/790/95 358/791/93 356/792/91 354/793/89 352/794/87 350/795/85 348/796/83
f 359/797/96 360/798/95 362/799/97 361/800/98
f 361/800/98 362/799/97 344/764/80 343/763/79
f 343/801/79 345/802/82 347/803/84 349/804/86 351/805/88 353/806/90 355/807/92 357/808/94 359/809/96 361/810/98
f 363/811/79 364/812/80 366/813/81 365/814/82
f 365/815/82 366/816/81 368/817/83 367/818/84
f 367/818/84 368/817/83 370/819/85 369/820/86
f 369/821/86 370/822/85 372/823/87 371/824/88
f 371/824/88 372/823/87 374/825/89 373/826/90
f 373/826/90 374/825/89 376/827/91 375/828/92
f 375/829/92 376/830/91 378/831/93 377/832/94
f 377/832/94 378/831/93 380/833/95 379/834/96
f 366/835/81 364/836/80 382/837/97 380/838/95 378/839/93 376/840/91 374/841/89 372/842/87 370/843/85 368/844/83
f 379/845/96 380/846/95 382/847/97 381/848/98
f 381/848/98 382/847/97 364/812/80 363/811/79
f 363/849/79 365/850/82 367/851/84 369/852/86 371/853/88 373/854/90 375/855/92 377/856/94 379/857/96 381/858/98
f 383/859/79 384/860/80 386/861/81 385/862/82
f 385/863/82 386/864/81 388/865/83 387/866/84
f 387/866/84 388/865/83 390/867/85 389/868/86
f 389/869/86 390/870/85 392/871/87 391/872/88
f 391/872/88 392/871/87 394/873/89 393/874/90
f 393/874/90 394/873/89 396/875/91 395/876/92
f 395/877/92 396/878/91 398/879/93 397/880/94
f 397/880/94 398/879/93 400/881/95 399/882/96
f 386/883/81 384/884/80 402/885/97 400/886/95 398/887/93 396/888/91 394/889/89 392/890/87 390/891/85 388/892/83
f 399/893/96 400/894/95 402/895/97 401/896/98
f 401/896/98 402/895/97 384/860/80 383/859/79
f 383/897/79 385/898/82 387/899/84 389/900/86 391/901/88 393/902/90 395/903/92 397/904/94 399/905/96 401/906/98
f 403/907/99 404/908/100 406/909/101 405/910/102
f 405/911/102 406/912/101 408/913/103 407/914/104
f 407/914/104 408/913/103 410/915/105 409/916/106
f 409/916/106 410/915/105 412/917/107 411/918/108
f 411/919/108 412/920/107 414/921/109 413/922/110
f 413/922/110 414/921/109 416/923/111 415/924/112
f 415/924/112 416/923/111 418/925/113 417/926/114
f 417/927/114 418/928/113 420/929/115 419/930/116
f 419/930/116 420/929/115 422/931/117 421/932/118
f 421/932/118 422/931/117 424/933/119 423/934/120
f 406/935/101 404/936/100 426/937/121 424/938/119 422/939/117 420/940/115 418/941/113 416/942/111 414/943/109 412/944/107 410/945/105 408/946/103
f 423/947/120 424/948/119 426/949/121 425/950/122
f 425/950/122 426/949/121 404/908/100 403/907/99
f 403/951/99 405/952/102 407/953/104 409/954/106 411/955/108 413/956/110 415/957/112 417/958/114 419/959/116 421/960/118 423/961/120 425/962/122
f 427/963/99 428/964/100 430/965/101 429/966/102
f 429/967/102 430/968/101 432/969/103 431/970/104
f 431/970/104 432/969/103 434/971/105 433/972/106
f 433/972/106 434/971/105 436/973/107 435/974/108
f 435/975/108 436/976/107 438/977/109 437/978/110
f 437/978/110 438/977/109 440/979/111 439/980/112
f 439/980/112 440/979/111 442/981/113 441/982/114
f 441/983/114 442/984/113 444/985/115 443/986/116
f 443/986/116 444/985/115 446/987/117 445/988/118
f 445/988/118 446/987/117 448/989/119 447/990/120
f 430/991/101 428/992/100 450/993/121 448/994/119 446/995/117 444/996/115 442/997/113 440/998/111 438/999/109 436/1000/107 434/1001/105 432/1002/103
f 447/1003/120 448/1004/119 450/1005/121 449/1006/122
f 449/1006/122 450/1005/121 428/964/100 427/963/99
f 427/1007/99 429/1008/102 431/1009/104 433/1010/106 435/1011/108 437/1012/110 439/1013/112 441/1014/114 443/1015/116 445/1016/118 447/1017/120 449/1018/122
f 451/1019/99 452/1020/100 454/1021/101 453/1022/102
f 453/1023/102 454/1024/101 456/1025/103 455/1026/104
f 455/1026/104 456/1025/103 458/1027/105 457/1028/106
f 457/1028/106 458/1027/105 460/1029/107 459/1030/108
f 459/1031/108 460/1032/107 462/1033/109 461/1034/110
f 461/1034/110 462/1033/109 464/1035/111 463/1036/112
f 463/1036/112 464/1035/111 466/1037/113 465/1038/114
f 465/1039/114 466/1040/113 468/1041/115 467/1042/116
f 467/1042/116 468/1041/115 470/1043/117 469/1044/118
f 469/1044/118 470/1043/117 472/1045/119 471/1046/120
f 454/1047/101 452/1048/100 474/1049/121 472/1050/119 470/1051/117 468/1052/115 466/1053/113 464/1054/111 462/1055/109 460/1056/107 458/1057/105 456/1058/103
f 471/1059/120 472/1060/119 474/1061/121 473/1062/122
f 473/1062/122 474/1061/121 452/1020/100 451/1019/99
f 451/1063/99 453/1064/102 455/1065/104 457/1066/106 459/1067/108 461/1068/110 463/1069/112 465/1070/114 467/1071/116 469/1072/118 471/1073/120 473/1074/122
f 475/1075/99 476/1076/100 478/1077/101 477/1078/102
f 477/1079/102 478/1080/101 480/1081/103 479/1082/104
f 479/1082/104 480/1081/103 482/1083/105 481/1084/106
f 481/1084/106 482/1083/105 484/1085/107 483/1086/108
f 483/1087/108 484/1088/107 486/1089/109 485/1090/110
f 485/1090/110 486/1089/109 488/1091/111 487/1092/112
f 487/1092/112 488/1091/111 490/1093/113 489/1094/114
f 489/1095/114 490/1096/113 492/1097/115 491/1098/116
f 491/1098/116 492/1097/115 494/1099/117 493/1100/118
f 493/1100/118 494/1099/117 496/1101/119 495/1102/120
f 478/1103/101 476/1104/100 498/1105/121 496/1106/119 494/1107/117 492/1108/115 490/1109/113 488/1110/111 486/1111/109 484/1112/107 482/1113/105 480/1114/103
f 495/1115/120 496/1116/119 498/1117/121 497/1118/122
f 497/1118/122 498/1117/121 476/1076/100 475/1075/99
f 475/1119/99 477/1120/102 479/1121/104 481/1122/106 483/1123/108 485/1124/110 487/1125/112 489/1126/114 491/1127/116 493/1128/118 495/1129/120 497/1130/122
f 499/1131/99 500/1132/100 502/1133/101 501/1134/102
f 501/1135/102 502/1136/101 504/1137/103 503/1138/104
f 503/1138/104 504/1137/103 506/1139/105 505/1140/106
f 505/1140/106 506/1139/105 508/1141/107 507/1142/108
f 507/1143/108 508/1144/107 510/1145/109 509/1146/110
f 509/1146/110 510/1145/109 512/1147/111 511/1148/112
f 511/1148/112 512/1147/111 514/1149/113 513/1150/114
f 513/1151/114 514/1152/113 516/1153/115 515/1154/116
f 515/1154/116 516/1153/115 518/1155/117 517/1156/118
f 517/1156/118 518/1155/117 520/1157/119 519/1158/120
f 502/1159/101 500/1160/100 522/1161/121 520/1162/119 518/1163/117 516/1164/115 514/1165/113 512/1166/111 510/1167/109 508/1168/107 506/1169/105 504/1170/103
f 519/1171/120 520/1172/119 522/1173/121 521/1174/122
f 521/1174/122 522/1173/121 500/1132/100 499/1131/99
f 499/1175/99 501/1176/102 503/1177/104 505/1178/106 507/1179/108 509/1180/110 511/1181/112 513/1182/114 515/1183/116 517/1184/118 519/1185/120 521/1186/122
f 523/1187/99 524/1188/100 526/1189/101 525/1190/102
f 525/1191/102 526/1192/101 528/1193/103 527/1194/104
f 527/1194/104 528/1193/103 530/1195/105 529/1196/106
f 529/1196/106 530/1195/105 532/1197/107 531/1198/108
f 531/1199/108 532/1200/107 534/1201/109 533/1202/110
f 533/1202/110 534/1201/109 536/1203/111 535/1204/112
f 535/1204/112 536/1203/111 538/1205/113 537/1206/114
f 537/1207/114 538/1208/113 540/1209/115 539/1210/116
f 539/1210/116 540/1209/115 542/1211/117 541/1212/118
f 541/1212/118 542/1211/117 544/1213/119 543/1214/120
f 526/1215/101 524/1216/100 546/1217/121 544/1218/119 542/1219/117 540/1220/115 538/1221/113 536/1222/111 534/1223/109 532/1224/107 530/1225/105 528/1226/103
f 543/1227/120 544/1228/119 546/1229/121 545/1230/122
f 545/1230/122 546/1229/121 524/1188/100 523/1187/99
f 523/1231/99 525/1232/102 527/1233/104 529/1234/106 531/1235/108 533/1236/110 535/1237/112 537/1238/114 539/1239/116 541/1240/118 543/1241/120 545/1242/122
f 547/1243/99 548/1244/100 550/1245/101 549/1246/102
f 549/1247/102 550/1248/101 552/1249/103 551/1250/104
f 551/1250/104 552/1249/103 554/1251/105 553/1252/106
f 553/1252/106 554/1251/105 556/1253/107 555/1254/108
f 555/1255/108 556/1256/107 558/1257/109 557/1258/110
f 557/1258/110 558/1257/109 560/1259/111 559/1260/112
f 559/1260/112 560/1259/111 562/1261/113 561/1262/114
f 561/1263/114 562/1264/113 564/1265/115 563/1266/116
f 563/1266/116 564/1265/115 566/1267/117 565/1268/118
f 565/1268/118 566/1267/117 568/1269/119 567/1270/120
f 550/1271/101 548/1272/100 570/1273/121 568/1274/119 566/1275/117 564/1276/115 562/1277/113 560/1278/111 558/1279/109 556/1280/107 554/1281/105 552/1282/103
f 567/1283/120 568/1284/119 570/1285/121 569/1286/122
f 569/1286/122 570/1285/121 548/1244/100 547/1243/99
f 547/1287/99 549/1288/102 551/1289/104 553/1290/106 555/1291/108 557/1292/110 559/1293/112 561/1294/114 563/1295/116 565/1296/118 567/1297/120 569/1298/122
f 571/1299/99 572/1300/100 574/1301/101 573/1302/102
f 573/1303/102 574/1304/101 576/1305/103 575/1306/104
f 575/1306/104 576/1305/103 578/1307/105 577/1308/106
f 577/1308/106 578/1307/105 580/1309/107 579/1310/108
f 579/1311/108 580/1312/107 582/1313/109 581/1314/110
f 581/1314/110 582/1313/109 584/1315/111 583/1316/112
f 583/1316/112 584/1315/111 586/1317/113 585/1318/114
f 585/1319/114 586/1320/113 588/1321/115 587/1322/116
f 587/1322/116 588/1321/115 590/1323/117 589/1324/118
f 589/1324/118 590/1323/117 592/1325/119 591/1326/120
f 574/1327/101 572/1328/100 594/1329/121 592/1330/119 590/1331/117 588/1332/115 586/1333/113 584/1334/111 582/1335/109 580/1336/107 578/1337/105 576/1338/103
f 591/1339/120 592/1340/119 594/1341/121 593/1342/122
f 593/1342/122 594/1341/121 572/1300/100 571/1299/99
f 571/1343/99 573/1344/102 575/1345/104 577/1346/106 579/1347/108 581/1348/110 583/1349/112 585/1350/114 587/1351/116 589/1352/118 591/1353/120 593/1354/122
f 595/1355/99 596/1356/100 598/1357/101 597/1358/102
f 597/1359/102 598/1360/101 600/1361/103 599/1362/104
f 599/1362/104 600/1361/103 602/1363/105 601/1364/106
f 601/1364/106 602/1363/105 604/1365/107 603/1366/108
f 603/1367/108 604/1368/107 606/1369/109 605/1370/110
f 605/1370/110 606/1369/109 608/1371/111 607/1372/112
f 607/1372/112 608/1371/111 610/1373/113 609/1374/114
f 609/1375/114 610/1376/113 612/1377/115 611/1378/116
f 611/1378/116 612/1377/115 614/1379/117 613/1380/118
f 613/1380/118 614/1379/117 616/1381/119 615/1382/120
f 598/1383/101 596/1384/100 618/1385/121 616/1386/119 614/1387/117 612/1388/115 610/1389/113 608/1390/111 606/1391/109 604/1392/107 602/1393/105 600/1394/103
f 615/1395/120 616/1396/119 618/1397/121 617/1398/122
f 617/1398/122 618/1397/121 596/1356/100 595/1355/99
f 595/1399/99 597/1400/102 599/1401/104 601/1402/106 603/1403/108 605/1404/110 607/1405/112 609/1406/114 611/1407/116 613/1408/118 615/1409/120 617/1410/122
f 619/1411/99 620/1412/100 622/1413/101 621/1414/102
f 621/1415/102 622/1416/101 624/1417/103 623/1418/104
f 623/1418/104 624/1417/103 626/1419/105 625/1420/106
f 625/1420/106 626/1419/105 628/1421/107 627/1422/108
f 627/1423/108 628/1424/107 630/1425/109 629/1426/110
f 629/1426/110 630/1425/109 632/1427/111 631/1428/112
f 631/1428/112 632/1427/111 634/1429/113 633/1430/114
f 633/1431/114 634/1432/113 636/1433/115 635/1434/116
f 635/1434/116 636/1433/115 638/1435/117 637/1436/118
f 637/1436/118 638/1435/117 640/1437/119 639/1438/120
f 622/1439/101 620/1440/100 642/1441/121 640/1442/119 638/1443/117 636/1444/115 634/1445/113 632/1446/111 630/1447/109 628/1448/107 626/1449/105 624/1450/103
f 639/1451/120 640/1452/119 642/1453/121 641/1454/122
f 641/1454/122 642/1453/121 620/1412/100 619/1411/99
f 619/1455/99 621/1456/102 623/1457/104 625/1458/106 627/1459/108 629/1460/110 631/1461/112 633/1462/114 635/1463/116 637/1464/118 639/1465/120 641/1466/122
f 645/1467/123 644/1468/124 649/1469/125 650/1470/126
f 715/1471/127 643/1472/128 647/1473/129 648/1474/130
f 690/1475/14 646/1476/131 652/1477/132
f 716/1478/133 645/1467/123 650/1470/126 651/1479/134
f 644/1468/124 715/1480/127 648/1481/130 649/1469/125
f 643/1472/128 653/1482/10 647/1473/129
f 646/1476/131 716/1483/133 651/1484/134 652/1477/132
f 652/1477/132 651/1484/134 658/1485/135 659/1486/136
f 650/1487/126 649/1488/125 656/1489/137 657/1490/138
f 648/1474/130 647/1473/129 654/1491/139 655/1492/140
f 690/1475/14 652/1477/132 659/1486/136
f 651/1493/134 650/1487/126 657/1490/138 658/1494/135
f 649/1488/125 648/1495/130 655/1496/140 656/1489/137
f 647/1473/129 653/1482/10 654/1491/139
f 657/1490/138 656/1489/137 662/1497/141 663/1498/142
f 655/1492/140 654/1491/139 660/1499/143 661/1500/144
f 690/1475/14 659/1486/136 665/1501/145
f 658/1494/135 657/1490/138 663/1498/142 664/1502/146
f 656/1489/137 655/1496/140 661/1503/144 662/1497/141
f 654/1491/139 653/1482/10 660/1499/143
f 659/1486/136 658/1485/135 664/1504/146 665/1501/145
f 690/1475/14 665/1501/145 671/1505/147
f 664/1502/146 663/1498/142 669/1506/148 670/1507/149
f 662/1497/141 661/1503/144 667/1508/150 668/1509/151
f 660/1499/143 653/1482/10 666/1510/152
f 665/1501/145 664/1504/146 670/1511/149 671/1505/147
f 663/1498/142 662/1497/141 668/1509/151 669/1506/148
f 661/1500/144 660/1499/143 666/1510/152 667/1512/150
f 690/1475/14 671/1505/147 677/1513/153
f 670/1514/149 669/1515/148 675/1516/154 676/1517/155
f 668/1518/151 667/1519/150 673/1520/156 674/1521/157
f 666/1510/152 653/1482/10 672/1522/158
f 671/1505/147 670/1511/149 676/1523/155 677/1513/153
f 669/1515/148 668/1518/151 674/1521/157 675/1516/154
f 667/1512/150 666/1510/152 672/1522/158 673/1524/156
f 674/1521/157 673/1520/156 679/1525/159 680/1526/160
f 672/1522/158 653/1482/10 678/1527/161
f 677/1513/153 676/1523/155 682/1528/162 683/1529/163
f 675/1516/154 674/1521/157 680/1526/160 681/1530/164
f 673/1524/156 672/1522/158 678/1527/161 679/1531/159
f 690/1475/14 677/1513/153 683/1529/163
f 676/1517/155 675/1516/154 681/1530/164 682/1532/162
f 683/1529/163 682/1528/162 688/1533/165 689/1534/166
f 681/1530/164 680/1526/160 686/1535/167 687/1536/168
f 679/1531/159 678/1527/161 684/1537/169 685/1538/170
f 690/1475/14 683/1529/163 689/1534/166
f 682/1532/162 681/1530/164 687/1536/168 688/1539/165
f 680/1526/160 679/1525/159 685/1540/170 686/1535/167
f 678/1527/161 653/1482/10 684/1537/169
f 689/1534/166 688/1533/165 695/1541/171 696/1542/172
f 687/1543/168 686/1544/167 693/1545/173 694/1546/174
f 685/1538/170 684/1537/169 691/1547/175 692/1548/176
f 690/1475/14 689/1534/166 696/1542/172
f 688/1549/165 687/1543/168 694/1546/174 695/1550/171
f 686/1544/167 685/1551/170 692/1552/176 693/1545/173
f 684/1537/169 653/1482/10 691/1547/175
f 692/1548/176 691/1547/175 697/1553/177 698/1554/178
f 690/1475/14 696/1542/172 702/1555/179
f 695/1550/171 694/1546/174 700/1556/180 701/1557/181
f 693/1545/173 692/1552/176 698/1558/178 699/1559/182
f 691/1547/175 653/1482/10 697/1553/177
f 696/1542/172 695/1541/171 701/1560/181 702/1555/179
f 694/1546/174 693/1545/173 699/1559/182 700/1556/180
f 690/1475/14 702/1555/179 708/1561/183
f 701/1557/181 700/1556/180 706/1562/184 707/1563/185
f 699/1559/182 698/1558/178 704/1564/186 705/1565/187
f 697/1553/177 653/1482/10 703/1566/188
f 702/1555/179 701/1560/181 707/1567/185 708/1561/183
f 700/1556/180 699/1559/182 705/1565/187 706/1562/184
f 698/1554/178 697/1553/177 703/1566/188 704/1568/186
f 707/1569/185 706/1570/184 712/1571/189 713/1572/190
f 705/1573/187 704/1574/186 710/1575/191 711/1576/192
f 703/1566/188 653/1482/10 709/1577/193
f 708/1561/183 707/1567/185 713/1578/190 714/1579/194
f 706/1570/184 705/1573/187 711/1576/192 712/1571/189
f 704/1568/186 703/1566/188 709/1577/193 710/1580/191
f 690/1475/14 708/1561/183 714/1579/194
f 709/1577/193 653/1482/10 643/1472/128
f 714/1579/194 713/1578/190 716/1483/133 646/1476/131
f 712/1571/189 711/1576/192 644/1468/124 645/1467/123
f 710/1580/191 709/1577/193 643/1472/128 715/1471/127
f 690/1475/14 714/1579/194 646/1476/131
f 713/1572/190 712/1571/189 645/1467/123 716/1478/133
f 711/1576/192 710/1575/191 715/1480/127 644/1468/124
f 764/1581/14 720/1582/131 726/1583/132
f 790/1584/133 719/1585/123 724/1586/126 725/1587/134
f 718/1588/124 789/1589/127 722/1590/130 723/1591/125
f 717/1592/128 727/1593/10 721/1594/129
f 720/1582/131 790/1595/133 725/1596/134 726/1583/132
f 719/1585/123 718/1588/124 723/1591/125 724/1586/126
f 789/1597/127 717/1592/128 721/1594/129 722/1598/130
f 722/1598/130 721/1594/129 728/1599/139 729/1600/140
f 764/1581/14 726/1583/132 733/1601/136
f 725/1602/134 724/1603/126 731/1604/138 732/1605/135
f 723/1606/125 722/1607/130 729/1608/140 730/1609/137
f 721/1594/129 727/1593/10 728/1599/139
f 726/1583/132 725/1596/134 732/1610/135 733/1601/136
f 724/1603/126 723/1606/125 730/1609/137 731/1604/138
f 764/1581/14 733/1601/136 739/1611/145
f 732/1605/135 731/1604/138 737/1612/142 738/1613/146
f 730/1609/137 729/1608/140 735/1614/144 736/1615/141
f 728/1599/139 727/1593/10 734/1616/143
f 733/1601/136 732/1610/135 738/1617/146 739/1611/145
f 731/1604/138 730/1609/137 736/1615/141 737/1612/142
f 729/1600/140 728/1599/139 734/1616/143 735/1618/144
f 738/1613/146 737/1612/142 743/1619/148 744/1620/149
f 736/1615/141 735/1614/144 741/1621/150 742/1622/151
f 734/1616/143 727/1593/10 740/1623/152
f 739/1611/145 738/1617/146 744/1624/149 745/1625/147
f 737/1612/142 736/1615/141 742/1622/151 743/1619/148
f 735/1618/144 734/1616/143 740/1623/152 741/1626/150
f 764/1581/14 739/1611/145 745/1625/147
f 740/1623/152 727/1593/10 746/1627/158
f 745/1625/147 744/1624/149 750/1628/155 751/1629/153
f 743/1630/148 742/1631/151 748/1632/157 749/1633/154
f 741/1626/150 740/1623/152 746/1627/158 747/1634/156
f 764/1581/14 745/1625/147 751/1629/153
f 744/1635/149 743/1630/148 749/1633/154 750/1636/155
f 742/1631/151 741/1637/150 747/1638/156 748/1632/157
f 751/1629/153 750/1628/155 756/1639/162 757/1640/163
f 749/1633/154 748/1632/157 754/1641/160 755/1642/164
f 747/1634/156 746/1627/158 752/1643/161 753/1644/159
f 764/1581/14 751/1629/153 757/1640/163
f 750/1636/155 749/1633/154 755/1642/164 756/1645/162
f 748/1632/157 747/1638/156 753/1646/159 754/1641/160
f 746/1627/158 727/1593/10 752/1643/161
f 755/1642/164 754/1641/160 760/1647/167 761/1648/168
f 753/1644/159 752/1643/161 758/1649/169 759/1650/170
f 764/1581/14 757/1640/163 763/1651/166
f 756/1645/162 755/1642/164 761/1648/168 762/1652/165
f 754/1641/160 753/1646/159 759/1653/170 760/1647/167
f 752/1643/161 727/1593/10 758/1649/169
f 757/1640/163 756/1639/162 762/1654/165 763/1651/166
f 764/1581/14 763/1651/166 770/1655/172
f 762/1656/165 761/1657/168 768/1658/174 769/1659/171
f 760/1660/167 759/1661/170 766/1662/176 767/1663/173
f 758/1649/169 727/1593/10 765/1664/175
f 763/1651/166 762/1654/165 769/1665/171 770/1655/172
f 761/1657/168 760/1660/167 767/1663/173 768/1658/174
f 759/1650/170 758/1649/169 765/1664/175 766/1666/176
f 764/1581/14 770/1655/172 776/1667/179
f 769/1659/171 768/1658/174 774/1668/180 775/1669/181
f 767/1663/173 766/1662/176 772/1670/178 773/1671/182
f 765/1664/175 727/1593/10 771/1672/177
f 770/1655/172 769/1665/171 775/1673/181 776/1667/179
f 768/1658/174 767/1663/173 773/1671/182 774/1668/180
f 766/1666/176 765/1664/175 771/1672/177 772/1674/178
f 773/1671/182 772/1670/178 778/1675/186 779/1676/187
f 771/1672/177 727/1593/10 777/1677/188
f 776/1667/179 775/1673/181 781/1678/185 782/1679/183
f 774/1668/180 773/1671/182 779/1676/187 780/1680/184
f 772/1674/178 771/1672/177 777/1677/188 778/1681/186
f 764/1581/14 776/1667/179 782/1679/183
f 775/1669/181 774/1668/180 780/1680/184 781/1682/185
f 782/1679/183 781/1678/185 787/1683/190 788/1684/194
f 780/1685/184 779/1686/187 785/1687/192 786/1688/189
f 778/1681/186 777/1677/188 783/1689/193 784/1690/191
f 764/1581/14 782/1679/183 788/1684/194
f 781/1691/185 780/1685/184 786/1688/189 787/1692/190
f 779/1686/187 778/1693/186 784/1694/191 785/1687/192
f 777/1677/188 727/1593/10 783/1689/193
f 788/1684/194 787/1683/190 790/1595/133 720/1582/131
f 786/1688/189 785/1687/192 718/1588/124 719/1585/123
f 784/1690/191 783/1689/193 717/1592/128 789/1597/127
f 764/1581/14 788/1684/194 720/1582/131
f 787/1692/190 786/1688/189 719/1585/123 790/1584/133
f 785/1687/192 784/1694/191 789/1589/127 718/1588/124
f 783/1689/193 727/1593/10 717/1592/128
f 838/1695/14 794/1696/131 800/1697/132
f 864/1698/133 793/1699/123 798/1700/126 799/1701/134
f 792/1702/124 863/1703/127 796/1704/130 797/1705/125
f 791/1706/128 801/1707/10 795/1708/129
f 794/1696/131 864/1709/133 799/1710/134 800/1697/132
f 793/1699/123 792/1702/124 797/1705/125 798/1700/126
f 863/1711/127 791/1706/128 795/1708/129 796/1712/130
f 796/1712/130 795/1708/129 802/1713/139 803/1714/140
f 838/1695/14 800/1697/132 807/1715/136
f 799/1716/134 798/1717/126 805/1718/138 806/1719/135
f 797/1720/125 796/1721/130 803/1722/140 804/1723/137
f 795/1708/129 801/1707/10 802/1713/139
f 800/1697/132 799/1710/134 806/1724/135 807/1715/136
f 798/1717/126 797/1720/125 804/1723/137 805/1718/138
f 838/1695/14 807/1715/136 813/1725/145
f 806/1719/135 805/1718/138 811/1726/142 812/1727/146
f 804/1723/137 803/1722/140 809/1728/144 810/1729/141
f 802/1713/139 801/1707/10 808/1730/143
f 807/1715/136 806/1724/135 812/1731/146 813/1725/145
f 805/1718/138 804/1723/137 810/1729/141 811/1726/142
f 803/1714/140 802/1713/139 808/1730/143 809/1732/144
f 812/1727/146 811/1726/142 817/1733/148 818/1734/149
f 810/1729/141 809/1728/144 815/1735/150 816/1736/151
f 808/1730/143 801/1707/10 814/1737/152
f 813/1725/145 812/1731/146 818/1738/149 819/1739/147
f 811/1726/142 810/1729/141 816/1736/151 817/1733/148
f 809/1732/144 808/1730/143 814/1737/152 815/1740/150
f 838/1695/14 813/1725/145 819/1739/147
f 814/1737/152 801/1707/10 820/1741/158
f 819/1739/147 818/1738/149 824/1742/155 825/1743/153
f 817/1744/148 816/1745/151 822/1746/157 823/1747/154
f 815/1740/150 814/1737/152 820/1741/158 821/1748/156
f 838/1695/14 819/1739/147 825/1743/153
f 818/1749/149 817/1744/148 823/1747/154 824/1750/155
f 816/1745/151 815/1751/150 821/1752/156 822/1746/157
f 825/1743/153 824/1742/155 830/1753/162 831/1754/163
f 823/1747/154 822/1746/157 828/1755/160 829/1756/164
f 821/1748/156 820/1741/158 826/1757/161 827/1758/159
f 838/1695/14 825/1743/153 831/1754/163
f 824/1750/155 823/1747/154 829/1756/164 830/1759/162
f 822/1746/157 821/1752/156 827/1760/159 828/1755/160
f 820/1741/158 801/1707/10 826/1757/161
f 829/1756/164 828/1755/160 834/1761/167 835/1762/168
f 827/1758/159 826/1757/161 832/1763/169 833/1764/170
f 838/1695/14 831/1754/163 837/1765/166
f 830/1759/162 829/1756/164 835/1762/168 836/1766/165
f 828/1755/160 827/1760/159 833/1767/170 834/1761/167
f 826/1757/161 801/1707/10 832/1763/169
f 831/1754/163 830/1753/162 836/1768/165 837/1765/166
f 838/1695/14 837/1765/166 844/1769/172
f 836/1770/165 835/1771/168 842/1772/174 843/1773/171
f 834/1774/167 833/1775/170 840/1776/176 841/1777/173
f 832/1763/169 801/1707/10 839/1778/175
f 837/1765/166 836/1768/165 843/1779/171 844/1769/172
f 835/1771/168 834/1774/167 841/1777/173 842/1772/174
f 833/1764/170 832/1763/169 839/1778/175 840/1780/176
f 838/1695/14 844/1769/172 850/1781/179
f 843/1773/171 842/1772/174 848/1782/180 849/1783/181
f 841/1777/173 840/1776/176 846/1784/178 847/1785/182
f 839/1778/175 801/1707/10 845/1786/177
f 844/1769/172 843/1779/171 849/1787/181 850/1781/179
f 842/1772/174 841/1777/173 847/1785/182 848/1782/180
f 840/1780/176 839/1778/175 845/1786/177 846/1788/178
f 847/1785/182 846/1784/178 852/1789/186 853/1790/187
f 845/1786/177 801/1707/10 851/1791/188
f 850/1781/179 849/1787/181 855/1792/185 856/1793/183
f 848/1782/180 847/1785/182 853/1790/187 854/1794/184
f 846/1788/178 845/1786/177 851/1791/188 852/1795/186
f 838/1695/14 850/1781/179 856/1793/183
f 849/1783/181 848/1782/180 854/1794/184 855/1796/185
f 856/1793/183 855/1792/185 861/1797/190 862/1798/194
f 854/1799/184 853/1800/187 859/1801/192 860/1802/189
f 852/1795/186 851/1791/188 857/1803/193 858/1804/191
f 838/1695/14 856/1793/183 862/1798/194
f 855/1805/185 854/1799/184 860/1802/189 861/1806/190
f 853/1800/187 852/1807/186 858/1808/191 859/1801/192
f 851/1791/188 801/1707/10 857/1803/193
f 862/1798/194 861/1797/190 864/1709/133 794/1696/131
f 860/1802/189 859/1801/192 792/1702/124 793/1699/123
f 858/1804/191 857/1803/193 791/1706/128 863/1711/127
f 838/1695/14 862/1798/194 794/1696/131
f 861/1806/190 860/1802/189 793/1699/123 864/1698/133
f 859/1801/192 858/1808/191 863/1703/127 792/1702/124
f 857/1803/193 801/1707/10 791/1706/128
s 0
f 865/1809/195 866/1810/195 868/1811/195 867/1812/195
f 867/1813/76 868/1814/76 872/1815/76 871/1816/76
f 871/1817/196 872/1818/196 870/1819/196 869/1820/196
f 869/1821/78 870/1822/78 866/1823/78 865/1824/78
f 867/1825/197 871/1826/197 869/1827/197 865/1828/197
f 872/1829/198 868/1830/198 866/1831/198 870/1832/198
f 873/1833/195 874/1834/195 876/1835/195 875/1836/195
f 875/1837/76 876/1838/76 880/1839/76 879/1840/76
f 879/1841/196 880/1842/196 878/1843/196 877/1844/196
f 877/1845/78 878/1846/78 874/1847/78 873/1848/78
f 875/1849/197 879/1850/197 877/1851/197 873/1852/197
f 880/1853/198 876/1854/198 874/1855/198 878/1856/198
f 881/1857/195 882/1858/195 884/1859/195 883/1860/195
f 883/1861/76 884/1862/76 888/1863/76 887/1864/76
f 887/1865/196 888/1866/196 886/1867/196 885/1868/196
f 885/1869/78 886/1870/78 882/1871/78 881/1872/78
f 883/1873/197 887/1874/197 885/1875/197 881/1876/197
f 888/1877/198 884/1878/198 882/1879/198 886/1880/198
f 889/1881/195 890/1882/195 892/1883/195 891/1884/195
f 891/1885/76 892/1886/76 896/1887/76 895/1888/76
f 895/1889/196 896/1890/196 894/1891/196 893/1892/196
f 893/1893/78 894/1894/78 890/1895/78 889/1896/78
f 891/1897/197 895/1898/197 893/1899/197 889/1900/197
f 896/1901/198 892/1902/198 890/1903/198 894/1904/198
f 897/1905/195 898/1906/195 900/1907/195 899/1908/195
f 899/1909/76 900/1910/76 904/1911/76 903/1912/76
f 903/1913/196 904/1914/196 902/1915/196 901/1916/196
f 901/1917/78 902/1918/78 898/1919/78 897/1920/78
f 899/1921/197 903/1922/197 901/1923/197 897/1924/197
f 904/1925/198 900/1926/198 898/1927/198 902/1928/198
f 905/1929/199 906/1930/199 908/1931/199 907/1932/199
f 907/1933/200 908/1934/200 912/1935/200 911/1936/200
f 911/1937/201 912/1938/201 910/1939/201 909/1940/201
f 909/1941/202 910/1942/202 906/1943/202 905/1944/202
f 907/1945/203 911/1946/203 909/1947/203 905/1948/203
f 912/1949/204 908/1950/204 906/1951/204 910/1952/204
f 913/1953/199 914/1954/199 916/1955/199 915/1956/199
f 915/1957/200 916/1958/200 920/1959/200 919/1960/200
f 919/1961/201 920/1962/201 918/1963/201 917/1964/201
f 917/1965/202 918/1966/202 914/1967/202 913/1968/202
f 915/1969/203 919/1970/203 917/1971/203 913/1972/203
f 920/1973/204 916/1974/204 914/1975/204 918/1976/204
f 921/1977/199 922/1978/199 924/1979/199 923/1980/199
f 923/1981/200 924/1982/200 928/1983/200 927/1984/200
f 927/1985/201 928/1986/201 926/1987/201 925/1988/201
f 925/1989/202 926/1990/202 922/1991/202 921/1992/202
f 923/1993/203 927/1994/203 925/1995/203 921/1996/203
f 928/1997/204 924/1998/204 922/1999/204 926/2000/204
f 929/2001/199 930/2002/199 932/2003/199 931/2004/199
f 931/2005/200 932/2006/200 936/2007/200 935/2008/200
f 935/2009/201 936/2010/201 934/2011/201 933/2012/201
f 933/2013/202 934/2014/202 930/2015/202 929/2016/202
f 931/2017/203 935/2018/203 933/2019/203 929/2020/203
f 936/2021/204 932/2022/204 930/2023/204 934/2024/204
f 937/2025/199 938/2026/199 940/2027/199 939/2028/199
f 939/2029/200 940/2030/200 944/2031/200 943/2032/200
f 943/2033/201 944/2034/201 942/2035/201 941/2036/201
f 941/2037/202 942/2038/202 938/2039/202 937/2040/202
f 939/2041/203 943/2042/203 941/2043/203 937/2044/203
f 944/2045/204 940/2046/204 938/2047/204 942/2048/204
f 945/2049/205 946/2050/205 948/2051/205 947/2052/205
f 947/2053/206 948/2054/206 952/2055/206 951/2056/206
f 951/2057/207 952/2058/207 950/2059/207 949/2060/207
f 949/2061/208 950/2062/208 946/2063/208 945/2064/208
f 947/2065/209 951/2066/209 949/2067/209 945/2068/209
f 952/2069/210 948/2070/210 946/2071/210 950/2072/210
f 953/2073/205 954/2074/205 956/2075/205 955/2076/205
f 955/2077/206 956/2078/206 960/2079/206 959/2080/206
f 959/2081/207 960/2082/207 958/2083/207 957/2084/207
f 957/2085/208 958/2086/208 954/2087/208 953/2088/208
f 955/2089/209 959/2090/209 957/2091/209 953/2092/209
f 960/2093/210 956/2094/210 954/2095/210 958/2096/210
f 961/2097/205 962/2098/205 964/2099/205 963/2100/205
f 963/2101/206 964/2102/206 968/2103/206 967/2104/206
f 967/2105/207 968/2106/207 966/2107/207 965/2108/207
f 965/2109/208 966/2110/208 962/2111/208 961/2112/208
f 963/2113/209 967/2114/209 965/2115/209 961/2116/209
f 968/2117/210 964/2118/210 962/2119/210 966/2120/210
f 969/2121/205 970/2122/205 972/2123/205 971/2124/205
f 971/2125/206 972/2126/206 976/2127/206 975/2128/206
f 975/2129/207 976/2130/207 974/2131/207 973/2132/207
f 973/2133/208 974/2134/208 970/2135/208 969/2136/208
f 971/2137/209 975/2138/209 973/2139/209 969/2140/209
f 976/2141/210 972/2142/210 970/2143/210 974/2144/210
f 977/2145/211 978/2146/211 980/2147/211 979/2148/211
f 979/2149/206 980/2150/206 984/2151/206 983/2152/206
f 983/2153/207 984/2154/207 982/2155/207 981/2156/207
f 981/2157/208 982/2158/208 978/2159/208 977/2160/208
f 979/2161/209 983/2162/209 981/2163/209 977/2164/209
f 984/2165/210 980/2166/210 978/2167/210 982/2168/210
f 985/2169/212 986/2170/212 988/2171/212 987/2172/212
f 987/2173/213 988/2174/213 992/2175/213 991/2176/213
f 991/2177/214 992/2178/214 990/2179/214 989/2180/214
f 989/2181/215 990/2182/215 986/2183/215 985/2184/215
f 987/2185/216 991/2186/216 989/2187/216 985/2188/216
f 992/2189/217 988/2190/217 986/2191/217 990/2192/217
f 993/2193/212 994/2194/212 996/2195/212 995/2196/212
f 995/2197/213 996/2198/213 1000/2199/213 999/2200/213
f 999/2201/214 1000/2202/214 998/2203/214 997/2204/214
f 997/2205/215 998/2206/215 994/2207/215 993/2208/215
f 995/2209/216 999/2210/216 997/2211/216 993/2212/216
f 1000/2213/217 996/2214/217 994/2215/217 998/2216/217
f 1001/2217/212 1002/2218/212 1004/2219/212 1003/2220/212
f 1003/2221/213 1004/2222/213 1008/2223/213 1007/2224/213
f 1007/2225/214 1008/2226/214 1006/2227/214 1005/2228/214
f 1005/2229/215 1006/2230/215 1002/2231/215 1001/2232/215
f 1003/2233/216 1007/2234/216 1005/2235/216 1001/2236/216
f 1008/2237/217 1004/2238/217 1002/2239/217 1006/2240/217
f 1009/2241/212 1010/2242/212 1012/2243/212 1011/2244/212
f 1011/2245/213 1012/2246/213 1016/2247/213 1015/2248/213
f 1015/2249/214 1016/2250/214 1014/2251/214 1013/2252/214
f 1013/2253/215 1014/2254/215 1010/2255/215 1009/2256/215
f 1011/2257/216 1015/2258/216 1013/2259/216 1009/2260/216
f 1016/2261/217 1012/2262/217 1010/2263/217 1014/2264/217
f 1017/2265/212 1018/2266/212 1020/2267/212 1019/2268/212
f 1019/2269/213 1020/2270/213 1024/2271/213 1023/2272/213
f 1023/2273/214 1024/2274/214 1022/2275/214 1021/2276/214
f 1021/2277/215 1022/2278/215 1018/2279/215 1017/2280/215
f 1019/2281/216 1023/2282/216 1021/2283/216 1017/2284/216
f 1024/2285/217 1020/2286/217 1018/2287/217 1022/2288/217
f 1025/2289/218 1026/2290/218 1028/2291/218 1027/2292/218
f 1027/2293/219 1028/2294/219 1032/2295/219 1031/2296/219
f 1031/2297/220 1032/2298/220 1030/2299/220 1029/2300/220
f 1029/2301/221 1030/2302/221 1026/2303/221 1025/2304/221
f 1027/2305/222 1031/2306/222 1029/2307/222 1025/2308/222
f 1032/2309/223 1028/2310/223 1026/2311/223 1030/2312/223
f 1033/2313/218 1034/2314/218 1036/2315/218 1035/2316/218
f 1035/2317/219 1036/2318/219 1040/2319/219 1039/2320/219
f 1039/2321/220 1040/2322/220 1038/2323/220 1037/2324/220
f 1037/2325/221 1038/2326/221 1034/2327/221 1033/2328/221
f 1035/2329/222 1039/2330/222 1037/2331/222 1033/2332/222
f 1040/2333/223 1036/2334/223 1034/2335/223 1038/2336/223
f 1041/2337/218 1042/2338/218 1044/2339/218 1043/2340/218
f 1043/2341/219 1044/2342/219 1048/2343/219 1047/2344/219
f 1047/2345/220 1048/2346/220 1046/2347/220 1045/2348/220
f 1045/2349/221 1046/2350/221 1042/2351/221 1041/2352/221
f 1043/2353/222 1047/2354/222 1045/2355/222 1041/2356/222
f 1048/2357/223 1044/2358/223 1042/2359/223 1046/2360/223
f 1049/2361/218 1050/2362/218 1052/2363/218 1051/2364/218
f 1051/2365/219 1052/2366/219 1056/2367/219 1055/2368/219
f 1055/2369/220 1056/2370/220 1054/2371/220 1053/2372/220
f 1053/2373/221 1054/2374/221 1050/2375/221 1049/2376/221
f 1051/2377/222 1055/2378/222 1053/2379/222 1049/2380/222
f 1056/2381/223 1052/2382/223 1050/2383/223 1054/2384/223
f 1057/2385/218 1058/2386/218 1060/2387/218 1059/2388/218
f 1059/2389/219 1060/2390/219 1064/2391/219 1063/2392/219
f 1063/2393/220 1064/2394/220 1062/2395/220 1061/2396/220
f 1061/2397/221 1062/2398/221 1058/2399/221 1057/2400/221
f 1059/2401/222 1063/2402/222 1061/2403/222 1057/2404/222
f 1064/2405/223 1060/2406/223 1058/2407/223 1062/2408/223
f 1065/2409/224 1066/2410/224 1068/2411/224 1067/2412/224
f 1067/2413/225 1068/2414/225 1072/2415/225 1071/2416/225
f 1071/2417/226 1072/2418/226 1070/2419/226 1069/2420/226
f 1069/2421/227 1070/2422/227 1066/2423/227 1065/2424/227
f 1067/2425/228 1071/2426/228 1069/2427/228 1065/2428/228
f 1072/2429/229 1068/2430/229 1066/2431/229 1070/2432/229
f 1073/2433/224 1074/2434/224 1076/2435/224 1075/2436/224
f 1075/2437/225 1076/2438/225 1080/2439/225 1079/2440/225
f 1079/2441/226 1080/2442/226 1078/2443/226 1077/2444/226
f 1077/2445/227 1078/2446/227 1074/2447/227 1073/2448/227
f 1075/2449/228 1079/2450/228 1077/2451/228 1073/2452/228
f 1080/2453/229 1076/2454/229 1074/2455/229 1078/2456/229
f 1081/2457/224 1082/2458/224 1084/2459/224 1083/2460/224
f 1083/2461/225 1084/2462/225 1088/2463/225 1087/2464/225
f 1087/2465/226 1088/2466/226 1086/2467/226 1085/2468/226
f 1085/2469/227 1086/2470/227 1082/2471/227 1081/2472/227
f 1083/2473/228 1087/2474/228 1085/2475/228 1081/2476/228
f 1088/2477/229 1084/2478/229 1082/2479/229 1086/2480/229
f 1089/2481/224 1090/2482/224 1092/2483/224 1091/2484/224
f 1091/2485/225 1092/2486/225 1096/2487/225 1095/2488/225
f 1095/2489/226 1096/2490/226 1094/2491/226 1093/2492/226
f 1093/2493/227 1094/2494/227 1090/2495/227 1089/2496/227
f 1091/2497/228 1095/2498/228 1093/2499/228 1089/2500/228
f 1096/2501/229 1092/2502/229 1090/2503/229 1094/2504/229
f 1097/2505/224 1098/2506/224 1100/2507/224 1099/2508/224
f 1099/2509/225 1100/2510/225 1104/2511/225 1103/2512/225
f 1103/2513/226 1104/2514/226 1102/2515/226 1101/2516/226
f 1101/2517/227 1102/2518/227 1098/2519/227 1097/2520/227
f 1099/2521/228 1103/2522/228 1101/2523/228 1097/2524/228
f 1104/2525/229 1100/2526/229 1098/2527/229 1102/2528/229
f 1105/2529/230 1106/2530/230 1108/2531/230 1107/2532/230
f 1107/2533/231 1108/2534/231 1112/2535/231 1111/2536/231
f 1111/2537/232 1112/2538/232 1110/2539/232 1109/2540/232
f 1109/2541/233 1110/2542/233 1106/2543/233 1105/2544/233
f 1107/2545/234 1111/2546/234 1109/2547/234 1105/2548/234
f 1112/2549/235 1108/2550/235 1106/2551/235 1110/2552/235
f 1113/2553/230 1114/2554/230 1116/2555/230 1115/2556/230
f 1115/2557/231 1116/2558/231 1120/2559/231 1119/2560/231
f 1119/2561/232 1120/2562/232 1118/2563/232 1117/2564/232
f 1117/2565/233 1118/2566/233 1114/2567/233 1113/2568/233
f 1115/2569/234 1119/2570/234 1117/2571/234 1113/2572/234
f 1120/2573/235 1116/2574/235 1114/2575/235 1118/2576/235
f 1121/2577/230 1122/2578/230 1124/2579/230 1123/2580/230
f 1123/2581/231 1124/2582/231 1128/2583/231 1127/2584/231
f 1127/2585/232 1128/2586/232 1126/2587/232 1125/2588/232
f 1125/2589/233 1126/2590/233 1122/2591/233 1121/2592/233
f 1123/2593/234 1127/2594/234 1125/2595/234 1121/2596/234
f 1128/2597/235 1124/2598/235 1122/2599/235 1126/2600/235
f 1129/2601/230 1130/2602/230 1132/2603/230 1131/2604/230
f 1131/2605/231 1132/2606/231 1136/2607/231 1135/2608/231
f 1135/2609/232 1136/2610/232 1134/2611/232 1133/2612/232
f 1133/2613/233 1134/2614/233 1130/2615/233 1129/2616/233
f 1131/2617/234 1135/2618/234 1133/2619/234 1129/2620/234
f 1136/2621/235 1132/2622/235 1130/2623/235 1134/2624/235
f 1137/2625/230 1138/2626/230 1140/2627/230 1139/2628/230
f 1139/2629/231 1140/2630/231 1144/2631/231 1143/2632/231
f 1143/2633/232 1144/2634/232 1142/2635/232 1141/2636/232
f 1141/2637/233 1142/2638/233 1138/2639/233 1137/2640/233
f 1139/2641/234 1143/2642/234 1141/2643/234 1137/2644/234
f 1144/2645/235 1140/2646/235 1138/2647/235 1142/2648/235
s 1
f 1145/2649/79 1146/2650/80 1148/2651/81 1147/2652/82
f 1147/2653/82 1148/2654/81 1150/2655/83 1149/2656/84
f 1149/2656/84 1150/2655/83 1152/2657/85 1151/2658/86
f 1151/2659/86 1152/2660/85 1154/2661/87 1153/2662/88
f 1153/2662/88 1154/2661/87 1156/2663/89 1155/2664/90
f 1155/2664/90 1156/2663/89 1158/2665/91 1157/2666/92
f 1157/2667/92 1158/2668/91 1160/2669/93 1159/2670/94
f 1159/2670/94 1160/2669/93 1162/2671/95 1161/2672/96
f 1148/2673/81 1146/2674/80 1164/2675/97 1162/2676/95 1160/2677/93 1158/2678/91 1156/2679/89 1154/2680/87 1152/2681/85 1150/2682/83
f 1161/2683/96 1162/2684/95 1164/2685/97 1163/2686/98
f 1163/2686/98 1164/2685/97 1146/2650/80 1145/2649/79
f 1145/2687/79 1147/2688/82 1149/2689/84 1151/2690/86 1153/2691/88 1155/2692/90 1157/2693/92 1159/2694/94 1161/2695/96 1163/2696/98
