# Blender 4.5.9 LTS
# www.blender.org
mtllib main_island.mtl
o M_f_yellow
v 20.747040 27.910000 -59.261131
v 20.747040 28.050001 -59.261131
v 20.747040 27.910000 -62.261131
v 20.747040 28.050001 -62.261131
v 24.747040 27.910000 -59.261131
v 24.747040 28.050001 -59.261131
v 24.747040 27.910000 -62.261131
v 24.747040 28.050001 -62.261131
v 20.747040 27.910000 67.738869
v 20.747040 28.050001 67.738869
v 20.747040 27.910000 64.738869
v 20.747040 28.050001 64.738869
v 24.747040 27.910000 67.738869
v 24.747040 28.050001 67.738869
v 24.747040 27.910000 64.738869
v 24.747040 28.050001 64.738869
v 28.747040 27.910000 -59.261131
v 28.747040 28.050001 -59.261131
v 28.747040 27.910000 -62.261131
v 28.747040 28.050001 -62.261131
v 32.747040 27.910000 -59.261131
v 32.747040 28.050001 -59.261131
v 32.747040 27.910000 -62.261131
v 32.747040 28.050001 -62.261131
v 28.747040 27.910000 67.738869
v 28.747040 28.050001 67.738869
v 28.747040 27.910000 64.738869
v 28.747040 28.050001 64.738869
v 32.747040 27.910000 67.738869
v 32.747040 28.050001 67.738869
v 32.747040 27.910000 64.738869
v 32.747040 28.050001 64.738869
v 36.747040 27.910000 -59.261131
v 36.747040 28.050001 -59.261131
v 36.747040 27.910000 -62.261131
v 36.747040 28.050001 -62.261131
v 40.747040 27.910000 -59.261131
v 40.747040 28.050001 -59.261131
v 40.747040 27.910000 -62.261131
v 40.747040 28.050001 -62.261131
v 36.747040 27.910000 67.738869
v 36.747040 28.050001 67.738869
v 36.747040 27.910000 64.738869
v 36.747040 28.050001 64.738869
v 40.747040 27.910000 67.738869
v 40.747040 28.050001 67.738869
v 40.747040 27.910000 64.738869
v 40.747040 28.050001 64.738869
v 44.747040 27.910000 -59.261131
v 44.747040 28.050001 -59.261131
v 44.747040 27.910000 -62.261131
v 44.747040 28.050001 -62.261131
v 48.747040 27.910000 -59.261131
v 48.747040 28.050001 -59.261131
v 48.747040 27.910000 -62.261131
v 48.747040 28.050001 -62.261131
v 44.747040 27.910000 67.738869
v 44.747040 28.050001 67.738869
v 44.747040 27.910000 64.738869
v 44.747040 28.050001 64.738869
v 48.747040 27.910000 67.738869
v 48.747040 28.050001 67.738869
v 48.747040 27.910000 64.738869
v 48.747040 28.050001 64.738869
v 52.747040 27.910000 -59.261131
v 52.747040 28.050001 -59.261131
v 52.747040 27.910000 -62.261131
v 52.747040 28.050001 -62.261131
v 56.747040 27.910000 -59.261131
v 56.747040 28.050001 -59.261131
v 56.747040 27.910000 -62.261131
v 56.747040 28.050001 -62.261131
v 52.747040 27.910000 67.738869
v 52.747040 28.050001 67.738869
v 52.747040 27.910000 64.738869
v 52.747040 28.050001 64.738869
v 56.747040 27.910000 67.738869
v 56.747040 28.050001 67.738869
v 56.747040 27.910000 64.738869
v 56.747040 28.050001 64.738869
v 16.747040 27.910000 63.738869
v 16.747040 28.050001 63.738869
v 16.747040 27.910000 59.738869
v 16.747040 28.050001 59.738869
v 19.747040 27.910000 63.738869
v 19.747040 28.050001 63.738869
v 19.747040 27.910000 59.738869
v 19.747040 28.050001 59.738869
v 60.747040 27.910000 63.738869
v 60.747040 28.050001 63.738869
v 60.747040 27.910000 59.738869
v 60.747040 28.050001 59.738869
v 63.747040 27.910000 63.738869
v 63.747040 28.050001 63.738869
v 63.747040 27.910000 59.738869
v 63.747040 28.050001 59.738869
v 16.747040 27.910000 55.738869
v 16.747040 28.050001 55.738869
v 16.747040 27.910000 51.738869
v 16.747040 28.050001 51.738869
v 19.747040 27.910000 55.738869
v 19.747040 28.050001 55.738869
v 19.747040 27.910000 51.738869
v 19.747040 28.050001 51.738869
v 60.747040 27.910000 55.738869
v 60.747040 28.050001 55.738869
v 60.747040 27.910000 51.738869
v 60.747040 28.050001 51.738869
v 63.747040 27.910000 55.738869
v 63.747040 28.050001 55.738869
v 63.747040 27.910000 51.738869
v 63.747040 28.050001 51.738869
v 16.747040 27.910000 47.738869
v 16.747040 28.050001 47.738869
v 16.747040 27.910000 43.738869
v 16.747040 28.050001 43.738869
v 19.747040 27.910000 47.738869
v 19.747040 28.050001 47.738869
v 19.747040 27.910000 43.738869
v 19.747040 28.050001 43.738869
v 60.747040 27.910000 47.738869
v 60.747040 28.050001 47.738869
v 60.747040 27.910000 43.738869
v 60.747040 28.050001 43.738869
v 63.747040 27.910000 47.738869
v 63.747040 28.050001 47.738869
v 63.747040 27.910000 43.738869
v 63.747040 28.050001 43.738869
v 16.747040 27.910000 39.738869
v 16.747040 28.050001 39.738869
v 16.747040 27.910000 35.738869
v 16.747040 28.050001 35.738869
v 19.747040 27.910000 39.738869
v 19.747040 28.050001 39.738869
v 19.747040 27.910000 35.738869
v 19.747040 28.050001 35.738869
v 60.747040 27.910000 39.738869
v 60.747040 28.050001 39.738869
v 60.747040 27.910000 35.738869
v 60.747040 28.050001 35.738869
v 63.747040 27.910000 39.738869
v 63.747040 28.050001 39.738869
v 63.747040 27.910000 35.738869
v 63.747040 28.050001 35.738869
v 16.747040 27.910000 31.738869
v 16.747040 28.050001 31.738869
v 16.747040 27.910000 27.738869
v 16.747040 28.050001 27.738869
v 19.747040 27.910000 31.738869
v 19.747040 28.050001 31.738869
v 19.747040 27.910000 27.738869
v 19.747040 28.050001 27.738869
v 60.747040 27.910000 31.738869
v 60.747040 28.050001 31.738869
v 60.747040 27.910000 27.738869
v 60.747040 28.050001 27.738869
v 63.747040 27.910000 31.738869
v 63.747040 28.050001 31.738869
v 63.747040 27.910000 27.738869
v 63.747040 28.050001 27.738869
v 16.747040 27.910000 23.738869
v 16.747040 28.050001 23.738869
v 16.747040 27.910000 19.738869
v 16.747040 28.050001 19.738869
v 19.747040 27.910000 23.738869
v 19.747040 28.050001 23.738869
v 19.747040 27.910000 19.738869
v 19.747040 28.050001 19.738869
v 60.747040 27.910000 23.738869
v 60.747040 28.050001 23.738869
v 60.747040 27.910000 19.738869
v 60.747040 28.050001 19.738869
v 63.747040 27.910000 23.738869
v 63.747040 28.050001 23.738869
v 63.747040 27.910000 19.738869
v 63.747040 28.050001 19.738869
v 16.747040 27.910000 15.738869
v 16.747040 28.050001 15.738869
v 16.747040 27.910000 11.738869
v 16.747040 28.050001 11.738869
v 19.747040 27.910000 15.738869
v 19.747040 28.050001 15.738869
v 19.747040 27.910000 11.738869
v 19.747040 28.050001 11.738869
v 60.747040 27.910000 15.738869
v 60.747040 28.050001 15.738869
v 60.747040 27.910000 11.738869
v 60.747040 28.050001 11.738869
v 63.747040 27.910000 15.738869
v 63.747040 28.050001 15.738869
v 63.747040 27.910000 11.738869
v 63.747040 28.050001 11.738869
v 16.747040 27.910000 7.738869
v 16.747040 28.050001 7.738869
v 16.747040 27.910000 3.738869
v 16.747040 28.050001 3.738869
v 19.747040 27.910000 7.738869
v 19.747040 28.050001 7.738869
v 19.747040 27.910000 3.738869
v 19.747040 28.050001 3.738869
v 60.747040 27.910000 7.738869
v 60.747040 28.050001 7.738869
v 60.747040 27.910000 3.738869
v 60.747040 28.050001 3.738869
v 63.747040 27.910000 7.738869
v 63.747040 28.050001 7.738869
v 63.747040 27.910000 3.738869
v 63.747040 28.050001 3.738869
v 16.747040 27.910000 -0.261131
v 16.747040 28.050001 -0.261131
v 16.747040 27.910000 -4.261131
v 16.747040 28.050001 -4.261131
v 19.747040 27.910000 -0.261131
v 19.747040 28.050001 -0.261131
v 19.747040 27.910000 -4.261131
v 19.747040 28.050001 -4.261131
v 60.747040 27.910000 -0.261131
v 60.747040 28.050001 -0.261131
v 60.747040 27.910000 -4.261131
v 60.747040 28.050001 -4.261131
v 63.747040 27.910000 -0.261131
v 63.747040 28.050001 -0.261131
v 63.747040 27.910000 -4.261131
v 63.747040 28.050001 -4.261131
v 16.747040 27.910000 -8.261131
v 16.747040 28.050001 -8.261131
v 16.747040 27.910000 -12.261131
v 16.747040 28.050001 -12.261131
v 19.747040 27.910000 -8.261131
v 19.747040 28.050001 -8.261131
v 19.747040 27.910000 -12.261131
v 19.747040 28.050001 -12.261131
v 60.747040 27.910000 -8.261131
v 60.747040 28.050001 -8.261131
v 60.747040 27.910000 -12.261131
v 60.747040 28.050001 -12.261131
v 63.747040 27.910000 -8.261131
v 63.747040 28.050001 -8.261131
v 63.747040 27.910000 -12.261131
v 63.747040 28.050001 -12.261131
v 16.747040 27.910000 -16.261131
v 16.747040 28.050001 -16.261131
v 16.747040 27.910000 -20.261131
v 16.747040 28.050001 -20.261131
v 19.747040 27.910000 -16.261131
v 19.747040 28.050001 -16.261131
v 19.747040 27.910000 -20.261131
v 19.747040 28.050001 -20.261131
v 60.747040 27.910000 -16.261131
v 60.747040 28.050001 -16.261131
v 60.747040 27.910000 -20.261131
v 60.747040 28.050001 -20.261131
v 63.747040 27.910000 -16.261131
v 63.747040 28.050001 -16.261131
v 63.747040 27.910000 -20.261131
v 63.747040 28.050001 -20.261131
v 16.747040 27.910000 -24.261131
v 16.747040 28.050001 -24.261131
v 16.747040 27.910000 -28.261131
v 16.747040 28.050001 -28.261131
v 19.747040 27.910000 -24.261131
v 19.747040 28.050001 -24.261131
v 19.747040 27.910000 -28.261131
v 19.747040 28.050001 -28.261131
v 60.747040 27.910000 -24.261131
v 60.747040 28.050001 -24.261131
v 60.747040 27.910000 -28.261131
v 60.747040 28.050001 -28.261131
v 63.747040 27.910000 -24.261131
v 63.747040 28.050001 -24.261131
v 63.747040 27.910000 -28.261131
v 63.747040 28.050001 -28.261131
v 16.747040 27.910000 -32.261131
v 16.747040 28.050001 -32.261131
v 16.747040 27.910000 -36.261131
v 16.747040 28.050001 -36.261131
v 19.747040 27.910000 -32.261131
v 19.747040 28.050001 -32.261131
v 19.747040 27.910000 -36.261131
v 19.747040 28.050001 -36.261131
v 60.747040 27.910000 -32.261131
v 60.747040 28.050001 -32.261131
v 60.747040 27.910000 -36.261131
v 60.747040 28.050001 -36.261131
v 63.747040 27.910000 -32.261131
v 63.747040 28.050001 -32.261131
v 63.747040 27.910000 -36.261131
v 63.747040 28.050001 -36.261131
v 16.747040 27.910000 -40.261131
v 16.747040 28.050001 -40.261131
v 16.747040 27.910000 -44.261131
v 16.747040 28.050001 -44.261131
v 19.747040 27.910000 -40.261131
v 19.747040 28.050001 -40.261131
v 19.747040 27.910000 -44.261131
v 19.747040 28.050001 -44.261131
v 60.747040 27.910000 -40.261131
v 60.747040 28.050001 -40.261131
v 60.747040 27.910000 -44.261131
v 60.747040 28.050001 -44.261131
v 63.747040 27.910000 -40.261131
v 63.747040 28.050001 -40.261131
v 63.747040 27.910000 -44.261131
v 63.747040 28.050001 -44.261131
v 16.747040 27.910000 -48.261131
v 16.747040 28.050001 -48.261131
v 16.747040 27.910000 -52.261131
v 16.747040 28.050001 -52.261131
v 19.747040 27.910000 -48.261131
v 19.747040 28.050001 -48.261131
v 19.747040 27.910000 -52.261131
v 19.747040 28.050001 -52.261131
v 60.747040 27.910000 -48.261131
v 60.747040 28.050001 -48.261131
v 60.747040 27.910000 -52.261131
v 60.747040 28.050001 -52.261131
v 63.747040 27.910000 -48.261131
v 63.747040 28.050001 -48.261131
v 63.747040 27.910000 -52.261131
v 63.747040 28.050001 -52.261131
v -74.752960 27.770000 -73.811134
v -74.752960 27.890001 -73.811134
v -74.752960 27.770000 -74.711128
v -74.752960 27.890001 -74.711128
v -71.752960 27.770000 -73.811134
v -71.752960 27.890001 -73.811134
v -71.752960 27.770000 -74.711128
v -71.752960 27.890001 -74.711128
v -74.752960 27.770000 80.188866
v -74.752960 27.890001 80.188866
v -74.752960 27.770000 79.288872
v -74.752960 27.890001 79.288872
v -71.752960 27.770000 80.188866
v -71.752960 27.890001 80.188866
v -71.752960 27.770000 79.288872
v -71.752960 27.890001 79.288872
v -66.752960 27.770000 -73.811134
v -66.752960 27.890001 -73.811134
v -66.752960 27.770000 -74.711128
v -66.752960 27.890001 -74.711128
v -63.752960 27.770000 -73.811134
v -63.752960 27.890001 -73.811134
v -63.752960 27.770000 -74.711128
v -63.752960 27.890001 -74.711128
v -66.752960 27.770000 80.188866
v -66.752960 27.890001 80.188866
v -66.752960 27.770000 79.288872
v -66.752960 27.890001 79.288872
v -63.752960 27.770000 80.188866
v -63.752960 27.890001 80.188866
v -63.752960 27.770000 79.288872
v -63.752960 27.890001 79.288872
v -58.752960 27.770000 -73.811134
v -58.752960 27.890001 -73.811134
v -58.752960 27.770000 -74.711128
v -58.752960 27.890001 -74.711128
v -55.752960 27.770000 -73.811134
v -55.752960 27.890001 -73.811134
v -55.752960 27.770000 -74.711128
v -55.752960 27.890001 -74.711128
v -58.752960 27.770000 80.188866
v -58.752960 27.890001 80.188866
v -58.752960 27.770000 79.288872
v -58.752960 27.890001 79.288872
v -55.752960 27.770000 80.188866
v -55.752960 27.890001 80.188866
v -55.752960 27.770000 79.288872
v -55.752960 27.890001 79.288872
v -50.752960 27.770000 -73.811134
v -50.752960 27.890001 -73.811134
v -50.752960 27.770000 -74.711128
v -50.752960 27.890001 -74.711128
v -47.752960 27.770000 -73.811134
v -47.752960 27.890001 -73.811134
v -47.752960 27.770000 -74.711128
v -47.752960 27.890001 -74.711128
v -50.752960 27.770000 80.188866
v -50.752960 27.890001 80.188866
v -50.752960 27.770000 79.288872
v -50.752960 27.890001 79.288872
v -47.752960 27.770000 80.188866
v -47.752960 27.890001 80.188866
v -47.752960 27.770000 79.288872
v -47.752960 27.890001 79.288872
v -42.752960 27.770000 -73.811134
v -42.752960 27.890001 -73.811134
v -42.752960 27.770000 -74.711128
v -42.752960 27.890001 -74.711128
v -39.752960 27.770000 -73.811134
v -39.752960 27.890001 -73.811134
v -39.752960 27.770000 -74.711128
v -39.752960 27.890001 -74.711128
v -42.752960 27.770000 80.188866
v -42.752960 27.890001 80.188866
v -42.752960 27.770000 79.288872
v -42.752960 27.890001 79.288872
v -39.752960 27.770000 80.188866
v -39.752960 27.890001 80.188866
v -39.752960 27.770000 79.288872
v -39.752960 27.890001 79.288872
v -34.752960 27.770000 -73.811134
v -34.752960 27.890001 -73.811134
v -34.752960 27.770000 -74.711128
v -34.752960 27.890001 -74.711128
v -31.752960 27.770000 -73.811134
v -31.752960 27.890001 -73.811134
v -31.752960 27.770000 -74.711128
v -31.752960 27.890001 -74.711128
v -34.752960 27.770000 80.188866
v -34.752960 27.890001 80.188866
v -34.752960 27.770000 79.288872
v -34.752960 27.890001 79.288872
v -31.752960 27.770000 80.188866
v -31.752960 27.890001 80.188866
v -31.752960 27.770000 79.288872
v -31.752960 27.890001 79.288872
v -26.752960 27.770000 -73.811134
v -26.752960 27.890001 -73.811134
v -26.752960 27.770000 -74.711128
v -26.752960 27.890001 -74.711128
v -23.752960 27.770000 -73.811134
v -23.752960 27.890001 -73.811134
v -23.752960 27.770000 -74.711128
v -23.752960 27.890001 -74.711128
v -26.752960 27.770000 80.188866
v -26.752960 27.890001 80.188866
v -26.752960 27.770000 79.288872
v -26.752960 27.890001 79.288872
v -23.752960 27.770000 80.188866
v -23.752960 27.890001 80.188866
v -23.752960 27.770000 79.288872
v -23.752960 27.890001 79.288872
v -18.752960 27.770000 -73.811134
v -18.752960 27.890001 -73.811134
v -18.752960 27.770000 -74.711128
v -18.752960 27.890001 -74.711128
v -15.752960 27.770000 -73.811134
v -15.752960 27.890001 -73.811134
v -15.752960 27.770000 -74.711128
v -15.752960 27.890001 -74.711128
v -18.752960 27.770000 80.188866
v -18.752960 27.890001 80.188866
v -18.752960 27.770000 79.288872
v -18.752960 27.890001 79.288872
v -15.752960 27.770000 80.188866
v -15.752960 27.890001 80.188866
v -15.752960 27.770000 79.288872
v -15.752960 27.890001 79.288872
v -10.752960 27.770000 -73.811134
v -10.752960 27.890001 -73.811134
v -10.752960 27.770000 -74.711128
v -10.752960 27.890001 -74.711128
v -7.752960 27.770000 -73.811134
v -7.752960 27.890001 -73.811134
v -7.752960 27.770000 -74.711128
v -7.752960 27.890001 -74.711128
v -10.752960 27.770000 80.188866
v -10.752960 27.890001 80.188866
v -10.752960 27.770000 79.288872
v -10.752960 27.890001 79.288872
v -7.752960 27.770000 80.188866
v -7.752960 27.890001 80.188866
v -7.752960 27.770000 79.288872
v -7.752960 27.890001 79.288872
v -2.752960 27.770000 -73.811134
v -2.752960 27.890001 -73.811134
v -2.752960 27.770000 -74.711128
v -2.752960 27.890001 -74.711128
v 0.247040 27.770000 -73.811134
v 0.247040 27.890001 -73.811134
v 0.247040 27.770000 -74.711128
v 0.247040 27.890001 -74.711128
v -2.752960 27.770000 80.188866
v -2.752960 27.890001 80.188866
v -2.752960 27.770000 79.288872
v -2.752960 27.890001 79.288872
v 0.247040 27.770000 80.188866
v 0.247040 27.890001 80.188866
v 0.247040 27.770000 79.288872
v 0.247040 27.890001 79.288872
v 5.247040 27.770000 -73.811134
v 5.247040 27.890001 -73.811134
v 5.247040 27.770000 -74.711128
v 5.247040 27.890001 -74.711128
v 8.247040 27.770000 -73.811134
v 8.247040 27.890001 -73.811134
v 8.247040 27.770000 -74.711128
v 8.247040 27.890001 -74.711128
v 5.247040 27.770000 80.188866
v 5.247040 27.890001 80.188866
v 5.247040 27.770000 79.288872
v 5.247040 27.890001 79.288872
v 8.247040 27.770000 80.188866
v 8.247040 27.890001 80.188866
v 8.247040 27.770000 79.288872
v 8.247040 27.890001 79.288872
v 13.247040 27.770000 -73.811134
v 13.247040 27.890001 -73.811134
v 13.247040 27.770000 -74.711128
v 13.247040 27.890001 -74.711128
v 16.247040 27.770000 -73.811134
v 16.247040 27.890001 -73.811134
v 16.247040 27.770000 -74.711128
v 16.247040 27.890001 -74.711128
v 13.247040 27.770000 80.188866
v 13.247040 27.890001 80.188866
v 13.247040 27.770000 79.288872
v 13.247040 27.890001 79.288872
v 16.247040 27.770000 80.188866
v 16.247040 27.890001 80.188866
v 16.247040 27.770000 79.288872
v 16.247040 27.890001 79.288872
v 21.247040 27.770000 -73.811134
v 21.247040 27.890001 -73.811134
v 21.247040 27.770000 -74.711128
v 21.247040 27.890001 -74.711128
v 24.247040 27.770000 -73.811134
v 24.247040 27.890001 -73.811134
v 24.247040 27.770000 -74.711128
v 24.247040 27.890001 -74.711128
v 21.247040 27.770000 80.188866
v 21.247040 27.890001 80.188866
v 21.247040 27.770000 79.288872
v 21.247040 27.890001 79.288872
v 24.247040 27.770000 80.188866
v 24.247040 27.890001 80.188866
v 24.247040 27.770000 79.288872
v 24.247040 27.890001 79.288872
v 29.247040 27.770000 -73.811134
v 29.247040 27.890001 -73.811134
v 29.247040 27.770000 -74.711128
v 29.247040 27.890001 -74.711128
v 32.247040 27.770000 -73.811134
v 32.247040 27.890001 -73.811134
v 32.247040 27.770000 -74.711128
v 32.247040 27.890001 -74.711128
v 29.247040 27.770000 80.188866
v 29.247040 27.890001 80.188866
v 29.247040 27.770000 79.288872
v 29.247040 27.890001 79.288872
v 32.247040 27.770000 80.188866
v 32.247040 27.890001 80.188866
v 32.247040 27.770000 79.288872
v 32.247040 27.890001 79.288872
v 37.247040 27.770000 -73.811134
v 37.247040 27.890001 -73.811134
v 37.247040 27.770000 -74.711128
v 37.247040 27.890001 -74.711128
v 40.247040 27.770000 -73.811134
v 40.247040 27.890001 -73.811134
v 40.247040 27.770000 -74.711128
v 40.247040 27.890001 -74.711128
v 37.247040 27.770000 80.188866
v 37.247040 27.890001 80.188866
v 37.247040 27.770000 79.288872
v 37.247040 27.890001 79.288872
v 40.247040 27.770000 80.188866
v 40.247040 27.890001 80.188866
v 40.247040 27.770000 79.288872
v 40.247040 27.890001 79.288872
v 45.247040 27.770000 -73.811134
v 45.247040 27.890001 -73.811134
v 45.247040 27.770000 -74.711128
v 45.247040 27.890001 -74.711128
v 48.247040 27.770000 -73.811134
v 48.247040 27.890001 -73.811134
v 48.247040 27.770000 -74.711128
v 48.247040 27.890001 -74.711128
v 45.247040 27.770000 80.188866
v 45.247040 27.890001 80.188866
v 45.247040 27.770000 79.288872
v 45.247040 27.890001 79.288872
v 48.247040 27.770000 80.188866
v 48.247040 27.890001 80.188866
v 48.247040 27.770000 79.288872
v 48.247040 27.890001 79.288872
v 53.247040 27.770000 -73.811134
v 53.247040 27.890001 -73.811134
v 53.247040 27.770000 -74.711128
v 53.247040 27.890001 -74.711128
v 56.247040 27.770000 -73.811134
v 56.247040 27.890001 -73.811134
v 56.247040 27.770000 -74.711128
v 56.247040 27.890001 -74.711128
v 53.247040 27.770000 80.188866
v 53.247040 27.890001 80.188866
v 53.247040 27.770000 79.288872
v 53.247040 27.890001 79.288872
v 56.247040 27.770000 80.188866
v 56.247040 27.890001 80.188866
v 56.247040 27.770000 79.288872
v 56.247040 27.890001 79.288872
v 61.247040 27.770000 -73.811134
v 61.247040 27.890001 -73.811134
v 61.247040 27.770000 -74.711128
v 61.247040 27.890001 -74.711128
v 64.247040 27.770000 -73.811134
v 64.247040 27.890001 -73.811134
v 64.247040 27.770000 -74.711128
v 64.247040 27.890001 -74.711128
v 61.247040 27.770000 80.188866
v 61.247040 27.890001 80.188866
v 61.247040 27.770000 79.288872
v 61.247040 27.890001 79.288872
v 64.247040 27.770000 80.188866
v 64.247040 27.890001 80.188866
v 64.247040 27.770000 79.288872
v 64.247040 27.890001 79.288872
v 69.247040 27.770000 -73.811134
v 69.247040 27.890001 -73.811134
v 69.247040 27.770000 -74.711128
v 69.247040 27.890001 -74.711128
v 72.247040 27.770000 -73.811134
v 72.247040 27.890001 -73.811134
v 72.247040 27.770000 -74.711128
v 72.247040 27.890001 -74.711128
v 69.247040 27.770000 80.188866
v 69.247040 27.890001 80.188866
v 69.247040 27.770000 79.288872
v 69.247040 27.890001 79.288872
v 72.247040 27.770000 80.188866
v 72.247040 27.890001 80.188866
v 72.247040 27.770000 79.288872
v 72.247040 27.890001 79.288872
v 75.297043 27.770000 68.238869
v 75.297043 27.890001 68.238869
v 75.297043 27.770000 65.238869
v 75.297043 27.890001 65.238869
v 76.197037 27.770000 68.238869
v 76.197037 27.890001 68.238869
v 76.197037 27.770000 65.238869
v 76.197037 27.890001 65.238869
v -78.702957 27.770000 68.238869
v -78.702957 27.890001 68.238869
v -78.702957 27.770000 65.238869
v -78.702957 27.890001 65.238869
v -77.802963 27.770000 68.238869
v -77.802963 27.890001 68.238869
v -77.802963 27.770000 65.238869
v -77.802963 27.890001 65.238869
v 75.297043 27.770000 60.238869
v 75.297043 27.890001 60.238869
v 75.297043 27.770000 57.238869
v 75.297043 27.890001 57.238869
v 76.197037 27.770000 60.238869
v 76.197037 27.890001 60.238869
v 76.197037 27.770000 57.238869
v 76.197037 27.890001 57.238869
v -78.702957 27.770000 60.238869
v -78.702957 27.890001 60.238869
v -78.702957 27.770000 57.238869
v -78.702957 27.890001 57.238869
v -77.802963 27.770000 60.238869
v -77.802963 27.890001 60.238869
v -77.802963 27.770000 57.238869
v -77.802963 27.890001 57.238869
v 75.297043 27.770000 52.238869
v 75.297043 27.890001 52.238869
v 75.297043 27.770000 49.238869
v 75.297043 27.890001 49.238869
v 76.197037 27.770000 52.238869
v 76.197037 27.890001 52.238869
v 76.197037 27.770000 49.238869
v 76.197037 27.890001 49.238869
v -78.702957 27.770000 52.238869
v -78.702957 27.890001 52.238869
v -78.702957 27.770000 49.238869
v -78.702957 27.890001 49.238869
v -77.802963 27.770000 52.238869
v -77.802963 27.890001 52.238869
v -77.802963 27.770000 49.238869
v -77.802963 27.890001 49.238869
v 75.297043 27.770000 44.238869
v 75.297043 27.890001 44.238869
v 75.297043 27.770000 41.238869
v 75.297043 27.890001 41.238869
v 76.197037 27.770000 44.238869
v 76.197037 27.890001 44.238869
v 76.197037 27.770000 41.238869
v 76.197037 27.890001 41.238869
v -78.702957 27.770000 44.238869
v -78.702957 27.890001 44.238869
v -78.702957 27.770000 41.238869
v -78.702957 27.890001 41.238869
v -77.802963 27.770000 44.238869
v -77.802963 27.890001 44.238869
v -77.802963 27.770000 41.238869
v -77.802963 27.890001 41.238869
v 75.297043 27.770000 36.238869
v 75.297043 27.890001 36.238869
v 75.297043 27.770000 33.238869
v 75.297043 27.890001 33.238869
v 76.197037 27.770000 36.238869
v 76.197037 27.890001 36.238869
v 76.197037 27.770000 33.238869
v 76.197037 27.890001 33.238869
v -78.702957 27.770000 36.238869
v -78.702957 27.890001 36.238869
v -78.702957 27.770000 33.238869
v -78.702957 27.890001 33.238869
v -77.802963 27.770000 36.238869
v -77.802963 27.890001 36.238869
v -77.802963 27.770000 33.238869
v -77.802963 27.890001 33.238869
v 75.297043 27.770000 28.238869
v 75.297043 27.890001 28.238869
v 75.297043 27.770000 25.238869
v 75.297043 27.890001 25.238869
v 76.197037 27.770000 28.238869
v 76.197037 27.890001 28.238869
v 76.197037 27.770000 25.238869
v 76.197037 27.890001 25.238869
v -78.702957 27.770000 28.238869
v -78.702957 27.890001 28.238869
v -78.702957 27.770000 25.238869
v -78.702957 27.890001 25.238869
v -77.802963 27.770000 28.238869
v -77.802963 27.890001 28.238869
v -77.802963 27.770000 25.238869
v -77.802963 27.890001 25.238869
v 75.297043 27.770000 20.238869
v 75.297043 27.890001 20.238869
v 75.297043 27.770000 17.238869
v 75.297043 27.890001 17.238869
v 76.197037 27.770000 20.238869
v 76.197037 27.890001 20.238869
v 76.197037 27.770000 17.238869
v 76.197037 27.890001 17.238869
v -78.702957 27.770000 20.238869
v -78.702957 27.890001 20.238869
v -78.702957 27.770000 17.238869
v -78.702957 27.890001 17.238869
v -77.802963 27.770000 20.238869
v -77.802963 27.890001 20.238869
v -77.802963 27.770000 17.238869
v -77.802963 27.890001 17.238869
v 75.297043 27.770000 12.238869
v 75.297043 27.890001 12.238869
v 75.297043 27.770000 9.238869
v 75.297043 27.890001 9.238869
v 76.197037 27.770000 12.238869
v 76.197037 27.890001 12.238869
v 76.197037 27.770000 9.238869
v 76.197037 27.890001 9.238869
v -78.702957 27.770000 12.238869
v -78.702957 27.890001 12.238869
v -78.702957 27.770000 9.238869
v -78.702957 27.890001 9.238869
v -77.802963 27.770000 12.238869
v -77.802963 27.890001 12.238869
v -77.802963 27.770000 9.238869
v -77.802963 27.890001 9.238869
v 75.297043 27.770000 4.238869
v 75.297043 27.890001 4.238869
v 75.297043 27.770000 1.238869
v 75.297043 27.890001 1.238869
v 76.197037 27.770000 4.238869
v 76.197037 27.890001 4.238869
v 76.197037 27.770000 1.238869
v 76.197037 27.890001 1.238869
v -78.702957 27.770000 4.238869
v -78.702957 27.890001 4.238869
v -78.702957 27.770000 1.238869
v -78.702957 27.890001 1.238869
v -77.802963 27.770000 4.238869
v -77.802963 27.890001 4.238869
v -77.802963 27.770000 1.238869
v -77.802963 27.890001 1.238869
v 75.297043 27.770000 -3.761131
v 75.297043 27.890001 -3.761131
v 75.297043 27.770000 -6.761131
v 75.297043 27.890001 -6.761131
v 76.197037 27.770000 -3.761131
v 76.197037 27.890001 -3.761131
v 76.197037 27.770000 -6.761131
v 76.197037 27.890001 -6.761131
v -78.702957 27.770000 -3.761131
v -78.702957 27.890001 -3.761131
v -78.702957 27.770000 -6.761131
v -78.702957 27.890001 -6.761131
v -77.802963 27.770000 -3.761131
v -77.802963 27.890001 -3.761131
v -77.802963 27.770000 -6.761131
v -77.802963 27.890001 -6.761131
v 75.297043 27.770000 -11.761131
v 75.297043 27.890001 -11.761131
v 75.297043 27.770000 -14.761131
v 75.297043 27.890001 -14.761131
v 76.197037 27.770000 -11.761131
v 76.197037 27.890001 -11.761131
v 76.197037 27.770000 -14.761131
v 76.197037 27.890001 -14.761131
v -78.702957 27.770000 -11.761131
v -78.702957 27.890001 -11.761131
v -78.702957 27.770000 -14.761131
v -78.702957 27.890001 -14.761131
v -77.802963 27.770000 -11.761131
v -77.802963 27.890001 -11.761131
v -77.802963 27.770000 -14.761131
v -77.802963 27.890001 -14.761131
v 75.297043 27.770000 -19.761131
v 75.297043 27.890001 -19.761131
v 75.297043 27.770000 -22.761131
v 75.297043 27.890001 -22.761131
v 76.197037 27.770000 -19.761131
v 76.197037 27.890001 -19.761131
v 76.197037 27.770000 -22.761131
v 76.197037 27.890001 -22.761131
v -78.702957 27.770000 -19.761131
v -78.702957 27.890001 -19.761131
v -78.702957 27.770000 -22.761131
v -78.702957 27.890001 -22.761131
v -77.802963 27.770000 -19.761131
v -77.802963 27.890001 -19.761131
v -77.802963 27.770000 -22.761131
v -77.802963 27.890001 -22.761131
v 75.297043 27.770000 -27.761131
v 75.297043 27.890001 -27.761131
v 75.297043 27.770000 -30.761131
v 75.297043 27.890001 -30.761131
v 76.197037 27.770000 -27.761131
v 76.197037 27.890001 -27.761131
v 76.197037 27.770000 -30.761131
v 76.197037 27.890001 -30.761131
v -78.702957 27.770000 -27.761131
v -78.702957 27.890001 -27.761131
v -78.702957 27.770000 -30.761131
v -78.702957 27.890001 -30.761131
v -77.802963 27.770000 -27.761131
v -77.802963 27.890001 -27.761131
v -77.802963 27.770000 -30.761131
v -77.802963 27.890001 -30.761131
v 75.297043 27.770000 -35.761131
v 75.297043 27.890001 -35.761131
v 75.297043 27.770000 -38.761131
v 75.297043 27.890001 -38.761131
v 76.197037 27.770000 -35.761131
v 76.197037 27.890001 -35.761131
v 76.197037 27.770000 -38.761131
v 76.197037 27.890001 -38.761131
v -78.702957 27.770000 -35.761131
v -78.702957 27.890001 -35.761131
v -78.702957 27.770000 -38.761131
v -78.702957 27.890001 -38.761131
v -77.802963 27.770000 -35.761131
v -77.802963 27.890001 -35.761131
v -77.802963 27.770000 -38.761131
v -77.802963 27.890001 -38.761131
v 75.297043 27.770000 -43.761131
v 75.297043 27.890001 -43.761131
v 75.297043 27.770000 -46.761131
v 75.297043 27.890001 -46.761131
v 76.197037 27.770000 -43.761131
v 76.197037 27.890001 -43.761131
v 76.197037 27.770000 -46.761131
v 76.197037 27.890001 -46.761131
v -78.702957 27.770000 -43.761131
v -78.702957 27.890001 -43.761131
v -78.702957 27.770000 -46.761131
v -78.702957 27.890001 -46.761131
v -77.802963 27.770000 -43.761131
v -77.802963 27.890001 -43.761131
v -77.802963 27.770000 -46.761131
v -77.802963 27.890001 -46.761131
v 75.297043 27.770000 -51.761131
v 75.297043 27.890001 -51.761131
v 75.297043 27.770000 -54.761131
v 75.297043 27.890001 -54.761131
v 76.197037 27.770000 -51.761131
v 76.197037 27.890001 -51.761131
v 76.197037 27.770000 -54.761131
v 76.197037 27.890001 -54.761131
v -78.702957 27.770000 -51.761131
v -78.702957 27.890001 -51.761131
v -78.702957 27.770000 -54.761131
v -78.702957 27.890001 -54.761131
v -77.802963 27.770000 -51.761131
v -77.802963 27.890001 -51.761131
v -77.802963 27.770000 -54.761131
v -77.802963 27.890001 -54.761131
v 75.297043 27.770000 -59.761131
v 75.297043 27.890001 -59.761131
v 75.297043 27.770000 -62.761131
v 75.297043 27.890001 -62.761131
v 76.197037 27.770000 -59.761131
v 76.197037 27.890001 -59.761131
v 76.197037 27.770000 -62.761131
v 76.197037 27.890001 -62.761131
v -78.702957 27.770000 -59.761131
v -78.702957 27.890001 -59.761131
v -78.702957 27.770000 -62.761131
v -78.702957 27.890001 -62.761131
v -77.802963 27.770000 -59.761131
v -77.802963 27.890001 -59.761131
v -77.802963 27.770000 -62.761131
v -77.802963 27.890001 -62.761131
v 4.297040 27.770000 60.238869
v 4.297040 27.890001 60.238869
v 4.297040 27.770000 57.238869
v 4.297040 27.890001 57.238869
v 5.197040 27.770000 60.238869
v 5.197040 27.890001 60.238869
v 5.197040 27.770000 57.238869
v 5.197040 27.890001 57.238869
v 4.297040 27.770000 52.238869
v 4.297040 27.890001 52.238869
v 4.297040 27.770000 49.238869
v 4.297040 27.890001 49.238869
v 5.197040 27.770000 52.238869
v 5.197040 27.890001 52.238869
v 5.197040 27.770000 49.238869
v 5.197040 27.890001 49.238869
v 4.297040 27.770000 44.238869
v 4.297040 27.890001 44.238869
v 4.297040 27.770000 41.238869
v 4.297040 27.890001 41.238869
v 5.197040 27.770000 44.238869
v 5.197040 27.890001 44.238869
v 5.197040 27.770000 41.238869
v 5.197040 27.890001 41.238869
v 4.297040 27.770000 36.238869
v 4.297040 27.890001 36.238869
v 4.297040 27.770000 33.238869
v 4.297040 27.890001 33.238869
v 5.197040 27.770000 36.238869
v 5.197040 27.890001 36.238869
v 5.197040 27.770000 33.238869
v 5.197040 27.890001 33.238869
v 4.297040 27.770000 28.238869
v 4.297040 27.890001 28.238869
v 4.297040 27.770000 25.238869
v 4.297040 27.890001 25.238869
v 5.197040 27.770000 28.238869
v 5.197040 27.890001 28.238869
v 5.197040 27.770000 25.238869
v 5.197040 27.890001 25.238869
v 4.297040 27.770000 20.238869
v 4.297040 27.890001 20.238869
v 4.297040 27.770000 17.238869
v 4.297040 27.890001 17.238869
v 5.197040 27.770000 20.238869
v 5.197040 27.890001 20.238869
v 5.197040 27.770000 17.238869
v 5.197040 27.890001 17.238869
v 4.297040 27.770000 12.238869
v 4.297040 27.890001 12.238869
v 4.297040 27.770000 9.238869
v 4.297040 27.890001 9.238869
v 5.197040 27.770000 12.238869
v 5.197040 27.890001 12.238869
v 5.197040 27.770000 9.238869
v 5.197040 27.890001 9.238869
v 4.297040 27.770000 4.238869
v 4.297040 27.890001 4.238869
v 4.297040 27.770000 1.238869
v 4.297040 27.890001 1.238869
v 5.197040 27.770000 4.238869
v 5.197040 27.890001 4.238869
v 5.197040 27.770000 1.238869
v 5.197040 27.890001 1.238869
v 4.297040 27.770000 -3.761131
v 4.297040 27.890001 -3.761131
v 4.297040 27.770000 -6.761131
v 4.297040 27.890001 -6.761131
v 5.197040 27.770000 -3.761131
v 5.197040 27.890001 -3.761131
v 5.197040 27.770000 -6.761131
v 5.197040 27.890001 -6.761131
v 4.297040 27.770000 -11.761131
v 4.297040 27.890001 -11.761131
v 4.297040 27.770000 -14.761131
v 4.297040 27.890001 -14.761131
v 5.197040 27.770000 -11.761131
v 5.197040 27.890001 -11.761131
v 5.197040 27.770000 -14.761131
v 5.197040 27.890001 -14.761131
v 4.297040 27.770000 -19.761131
v 4.297040 27.890001 -19.761131
v 4.297040 27.770000 -22.761131
v 4.297040 27.890001 -22.761131
v 5.197040 27.770000 -19.761131
v 5.197040 27.890001 -19.761131
v 5.197040 27.770000 -22.761131
v 5.197040 27.890001 -22.761131
v 4.297040 27.770000 -27.761131
v 4.297040 27.890001 -27.761131
v 4.297040 27.770000 -30.761131
v 4.297040 27.890001 -30.761131
v 5.197040 27.770000 -27.761131
v 5.197040 27.890001 -27.761131
v 5.197040 27.770000 -30.761131
v 5.197040 27.890001 -30.761131
v 4.297040 27.770000 -35.761131
v 4.297040 27.890001 -35.761131
v 4.297040 27.770000 -38.761131
v 4.297040 27.890001 -38.761131
v 5.197040 27.770000 -35.761131
v 5.197040 27.890001 -35.761131
v 5.197040 27.770000 -38.761131
v 5.197040 27.890001 -38.761131
v 4.297040 27.770000 -43.761131
v 4.297040 27.890001 -43.761131
v 4.297040 27.770000 -46.761131
v 4.297040 27.890001 -46.761131
v 5.197040 27.770000 -43.761131
v 5.197040 27.890001 -43.761131
v 5.197040 27.770000 -46.761131
v 5.197040 27.890001 -46.761131
v 4.297040 27.770000 -51.761131
v 4.297040 27.890001 -51.761131
v 4.297040 27.770000 -54.761131
v 4.297040 27.890001 -54.761131
v 5.197040 27.770000 -51.761131
v 5.197040 27.890001 -51.761131
v 5.197040 27.770000 -54.761131
v 5.197040 27.890001 -54.761131
vn -1.0000 -0.0000 -0.0000
vn -0.0000 -0.0000 -1.0000
vn 1.0000 -0.0000 -0.0000
vn -0.0000 -0.0000 1.0000
vn -0.0000 -1.0000 -0.0000
vn -0.0000 1.0000 -0.0000
vt 0.500000 0.500000
s 0
usemtl M_f_yellow
f 1/1/1 2/1/1 4/1/1 3/1/1
f 3/1/2 4/1/2 8/1/2 7/1/2
f 7/1/3 8/1/3 6/1/3 5/1/3
f 5/1/4 6/1/4 2/1/4 1/1/4
f 3/1/5 7/1/5 5/1/5 1/1/5
f 8/1/6 4/1/6 2/1/6 6/1/6
f 9/1/1 10/1/1 12/1/1 11/1/1
f 11/1/2 12/1/2 16/1/2 15/1/2
f 15/1/3 16/1/3 14/1/3 13/1/3
f 13/1/4 14/1/4 10/1/4 9/1/4
f 11/1/5 15/1/5 13/1/5 9/1/5
f 16/1/6 12/1/6 10/1/6 14/1/6
f 17/1/1 18/1/1 20/1/1 19/1/1
f 19/1/2 20/1/2 24/1/2 23/1/2
f 23/1/3 24/1/3 22/1/3 21/1/3
f 21/1/4 22/1/4 18/1/4 17/1/4
f 19/1/5 23/1/5 21/1/5 17/1/5
f 24/1/6 20/1/6 18/1/6 22/1/6
f 25/1/1 26/1/1 28/1/1 27/1/1
f 27/1/2 28/1/2 32/1/2 31/1/2
f 31/1/3 32/1/3 30/1/3 29/1/3
f 29/1/4 30/1/4 26/1/4 25/1/4
f 27/1/5 31/1/5 29/1/5 25/1/5
f 32/1/6 28/1/6 26/1/6 30/1/6
f 33/1/1 34/1/1 36/1/1 35/1/1
f 35/1/2 36/1/2 40/1/2 39/1/2
f 39/1/3 40/1/3 38/1/3 37/1/3
f 37/1/4 38/1/4 34/1/4 33/1/4
f 35/1/5 39/1/5 37/1/5 33/1/5
f 40/1/6 36/1/6 34/1/6 38/1/6
f 41/1/1 42/1/1 44/1/1 43/1/1
f 43/1/2 44/1/2 48/1/2 47/1/2
f 47/1/3 48/1/3 46/1/3 45/1/3
f 45/1/4 46/1/4 42/1/4 41/1/4
f 43/1/5 47/1/5 45/1/5 41/1/5
f 48/1/6 44/1/6 42/1/6 46/1/6
f 49/1/1 50/1/1 52/1/1 51/1/1
f 51/1/2 52/1/2 56/1/2 55/1/2
f 55/1/3 56/1/3 54/1/3 53/1/3
f 53/1/4 54/1/4 50/1/4 49/1/4
f 51/1/5 55/1/5 53/1/5 49/1/5
f 56/1/6 52/1/6 50/1/6 54/1/6
f 57/1/1 58/1/1 60/1/1 59/1/1
f 59/1/2 60/1/2 64/1/2 63/1/2
f 63/1/3 64/1/3 62/1/3 61/1/3
f 61/1/4 62/1/4 58/1/4 57/1/4
f 59/1/5 63/1/5 61/1/5 57/1/5
f 64/1/6 60/1/6 58/1/6 62/1/6
f 65/1/1 66/1/1 68/1/1 67/1/1
f 67/1/2 68/1/2 72/1/2 71/1/2
f 71/1/3 72/1/3 70/1/3 69/1/3
f 69/1/4 70/1/4 66/1/4 65/1/4
f 67/1/5 71/1/5 69/1/5 65/1/5
f 72/1/6 68/1/6 66/1/6 70/1/6
f 73/1/1 74/1/1 76/1/1 75/1/1
f 75/1/2 76/1/2 80/1/2 79/1/2
f 79/1/3 80/1/3 78/1/3 77/1/3
f 77/1/4 78/1/4 74/1/4 73/1/4
f 75/1/5 79/1/5 77/1/5 73/1/5
f 80/1/6 76/1/6 74/1/6 78/1/6
f 81/1/1 82/1/1 84/1/1 83/1/1
f 83/1/2 84/1/2 88/1/2 87/1/2
f 87/1/3 88/1/3 86/1/3 85/1/3
f 85/1/4 86/1/4 82/1/4 81/1/4
f 83/1/5 87/1/5 85/1/5 81/1/5
f 88/1/6 84/1/6 82/1/6 86/1/6
f 89/1/1 90/1/1 92/1/1 91/1/1
f 91/1/2 92/1/2 96/1/2 95/1/2
f 95/1/3 96/1/3 94/1/3 93/1/3
f 93/1/4 94/1/4 90/1/4 89/1/4
f 91/1/5 95/1/5 93/1/5 89/1/5
f 96/1/6 92/1/6 90/1/6 94/1/6
f 97/1/1 98/1/1 100/1/1 99/1/1
f 99/1/2 100/1/2 104/1/2 103/1/2
f 103/1/3 104/1/3 102/1/3 101/1/3
f 101/1/4 102/1/4 98/1/4 97/1/4
f 99/1/5 103/1/5 101/1/5 97/1/5
f 104/1/6 100/1/6 98/1/6 102/1/6
f 105/1/1 106/1/1 108/1/1 107/1/1
f 107/1/2 108/1/2 112/1/2 111/1/2
f 111/1/3 112/1/3 110/1/3 109/1/3
f 109/1/4 110/1/4 106/1/4 105/1/4
f 107/1/5 111/1/5 109/1/5 105/1/5
f 112/1/6 108/1/6 106/1/6 110/1/6
f 113/1/1 114/1/1 116/1/1 115/1/1
f 115/1/2 116/1/2 120/1/2 119/1/2
f 119/1/3 120/1/3 118/1/3 117/1/3
f 117/1/4 118/1/4 114/1/4 113/1/4
f 115/1/5 119/1/5 117/1/5 113/1/5
f 120/1/6 116/1/6 114/1/6 118/1/6
f 121/1/1 122/1/1 124/1/1 123/1/1
f 123/1/2 124/1/2 128/1/2 127/1/2
f 127/1/3 128/1/3 126/1/3 125/1/3
f 125/1/4 126/1/4 122/1/4 121/1/4
f 123/1/5 127/1/5 125/1/5 121/1/5
f 128/1/6 124/1/6 122/1/6 126/1/6
f 129/1/1 130/1/1 132/1/1 131/1/1
f 131/1/2 132/1/2 136/1/2 135/1/2
f 135/1/3 136/1/3 134/1/3 133/1/3
f 133/1/4 134/1/4 130/1/4 129/1/4
f 131/1/5 135/1/5 133/1/5 129/1/5
f 136/1/6 132/1/6 130/1/6 134/1/6
f 137/1/1 138/1/1 140/1/1 139/1/1
f 139/1/2 140/1/2 144/1/2 143/1/2
f 143/1/3 144/1/3 142/1/3 141/1/3
f 141/1/4 142/1/4 138/1/4 137/1/4
f 139/1/5 143/1/5 141/1/5 137/1/5
f 144/1/6 140/1/6 138/1/6 142/1/6
f 145/1/1 146/1/1 148/1/1 147/1/1
f 147/1/2 148/1/2 152/1/2 151/1/2
f 151/1/3 152/1/3 150/1/3 149/1/3
f 149/1/4 150/1/4 146/1/4 145/1/4
f 147/1/5 151/1/5 149/1/5 145/1/5
f 152/1/6 148/1/6 146/1/6 150/1/6
f 153/1/1 154/1/1 156/1/1 155/1/1
f 155/1/2 156/1/2 160/1/2 159/1/2
f 159/1/3 160/1/3 158/1/3 157/1/3
f 157/1/4 158/1/4 154/1/4 153/1/4
f 155/1/5 159/1/5 157/1/5 153/1/5
f 160/1/6 156/1/6 154/1/6 158/1/6
f 161/1/1 162/1/1 164/1/1 163/1/1
f 163/1/2 164/1/2 168/1/2 167/1/2
f 167/1/3 168/1/3 166/1/3 165/1/3
f 165/1/4 166/1/4 162/1/4 161/1/4
f 163/1/5 167/1/5 165/1/5 161/1/5
f 168/1/6 164/1/6 162/1/6 166/1/6
f 169/1/1 170/1/1 172/1/1 171/1/1
f 171/1/2 172/1/2 176/1/2 175/1/2
f 175/1/3 176/1/3 174/1/3 173/1/3
f 173/1/4 174/1/4 170/1/4 169/1/4
f 171/1/5 175/1/5 173/1/5 169/1/5
f 176/1/6 172/1/6 170/1/6 174/1/6
f 177/1/1 178/1/1 180/1/1 179/1/1
f 179/1/2 180/1/2 184/1/2 183/1/2
f 183/1/3 184/1/3 182/1/3 181/1/3
f 181/1/4 182/1/4 178/1/4 177/1/4
f 179/1/5 183/1/5 181/1/5 177/1/5
f 184/1/6 180/1/6 178/1/6 182/1/6
f 185/1/1 186/1/1 188/1/1 187/1/1
f 187/1/2 188/1/2 192/1/2 191/1/2
f 191/1/3 192/1/3 190/1/3 189/1/3
f 189/1/4 190/1/4 186/1/4 185/1/4
f 187/1/5 191/1/5 189/1/5 185/1/5
f 192/1/6 188/1/6 186/1/6 190/1/6
f 193/1/1 194/1/1 196/1/1 195/1/1
f 195/1/2 196/1/2 200/1/2 199/1/2
f 199/1/3 200/1/3 198/1/3 197/1/3
f 197/1/4 198/1/4 194/1/4 193/1/4
f 195/1/5 199/1/5 197/1/5 193/1/5
f 200/1/6 196/1/6 194/1/6 198/1/6
f 201/1/1 202/1/1 204/1/1 203/1/1
f 203/1/2 204/1/2 208/1/2 207/1/2
f 207/1/3 208/1/3 206/1/3 205/1/3
f 205/1/4 206/1/4 202/1/4 201/1/4
f 203/1/5 207/1/5 205/1/5 201/1/5
f 208/1/6 204/1/6 202/1/6 206/1/6
f 209/1/1 210/1/1 212/1/1 211/1/1
f 211/1/2 212/1/2 216/1/2 215/1/2
f 215/1/3 216/1/3 214/1/3 213/1/3
f 213/1/4 214/1/4 210/1/4 209/1/4
f 211/1/5 215/1/5 213/1/5 209/1/5
f 216/1/6 212/1/6 210/1/6 214/1/6
f 217/1/1 218/1/1 220/1/1 219/1/1
f 219/1/2 220/1/2 224/1/2 223/1/2
f 223/1/3 224/1/3 222/1/3 221/1/3
f 221/1/4 222/1/4 218/1/4 217/1/4
f 219/1/5 223/1/5 221/1/5 217/1/5
f 224/1/6 220/1/6 218/1/6 222/1/6
f 225/1/1 226/1/1 228/1/1 227/1/1
f 227/1/2 228/1/2 232/1/2 231/1/2
f 231/1/3 232/1/3 230/1/3 229/1/3
f 229/1/4 230/1/4 226/1/4 225/1/4
f 227/1/5 231/1/5 229/1/5 225/1/5
f 232/1/6 228/1/6 226/1/6 230/1/6
f 233/1/1 234/1/1 236/1/1 235/1/1
f 235/1/2 236/1/2 240/1/2 239/1/2
f 239/1/3 240/1/3 238/1/3 237/1/3
f 237/1/4 238/1/4 234/1/4 233/1/4
f 235/1/5 239/1/5 237/1/5 233/1/5
f 240/1/6 236/1/6 234/1/6 238/1/6
f 241/1/1 242/1/1 244/1/1 243/1/1
f 243/1/2 244/1/2 248/1/2 247/1/2
f 247/1/3 248/1/3 246/1/3 245/1/3
f 245/1/4 246/1/4 242/1/4 241/1/4
f 243/1/5 247/1/5 245/1/5 241/1/5
f 248/1/6 244/1/6 242/1/6 246/1/6
f 249/1/1 250/1/1 252/1/1 251/1/1
f 251/1/2 252/1/2 256/1/2 255/1/2
f 255/1/3 256/1/3 254/1/3 253/1/3
f 253/1/4 254/1/4 250/1/4 249/1/4
f 251/1/5 255/1/5 253/1/5 249/1/5
f 256/1/6 252/1/6 250/1/6 254/1/6
f 257/1/1 258/1/1 260/1/1 259/1/1
f 259/1/2 260/1/2 264/1/2 263/1/2
f 263/1/3 264/1/3 262/1/3 261/1/3
f 261/1/4 262/1/4 258/1/4 257/1/4
f 259/1/5 263/1/5 261/1/5 257/1/5
f 264/1/6 260/1/6 258/1/6 262/1/6
f 265/1/1 266/1/1 268/1/1 267/1/1
f 267/1/2 268/1/2 272/1/2 271/1/2
f 271/1/3 272/1/3 270/1/3 269/1/3
f 269/1/4 270/1/4 266/1/4 265/1/4
f 267/1/5 271/1/5 269/1/5 265/1/5
f 272/1/6 268/1/6 266/1/6 270/1/6
f 273/1/1 274/1/1 276/1/1 275/1/1
f 275/1/2 276/1/2 280/1/2 279/1/2
f 279/1/3 280/1/3 278/1/3 277/1/3
f 277/1/4 278/1/4 274/1/4 273/1/4
f 275/1/5 279/1/5 277/1/5 273/1/5
f 280/1/6 276/1/6 274/1/6 278/1/6
f 281/1/1 282/1/1 284/1/1 283/1/1
f 283/1/2 284/1/2 288/1/2 287/1/2
f 287/1/3 288/1/3 286/1/3 285/1/3
f 285/1/4 286/1/4 282/1/4 281/1/4
f 283/1/5 287/1/5 285/1/5 281/1/5
f 288/1/6 284/1/6 282/1/6 286/1/6
f 289/1/1 290/1/1 292/1/1 291/1/1
f 291/1/2 292/1/2 296/1/2 295/1/2
f 295/1/3 296/1/3 294/1/3 293/1/3
f 293/1/4 294/1/4 290/1/4 289/1/4
f 291/1/5 295/1/5 293/1/5 289/1/5
f 296/1/6 292/1/6 290/1/6 294/1/6
f 297/1/1 298/1/1 300/1/1 299/1/1
f 299/1/2 300/1/2 304/1/2 303/1/2
f 303/1/3 304/1/3 302/1/3 301/1/3
f 301/1/4 302/1/4 298/1/4 297/1/4
f 299/1/5 303/1/5 301/1/5 297/1/5
f 304/1/6 300/1/6 298/1/6 302/1/6
f 305/1/1 306/1/1 308/1/1 307/1/1
f 307/1/2 308/1/2 312/1/2 311/1/2
f 311/1/3 312/1/3 310/1/3 309/1/3
f 309/1/4 310/1/4 306/1/4 305/1/4
f 307/1/5 311/1/5 309/1/5 305/1/5
f 312/1/6 308/1/6 306/1/6 310/1/6
f 313/1/1 314/1/1 316/1/1 315/1/1
f 315/1/2 316/1/2 320/1/2 319/1/2
f 319/1/3 320/1/3 318/1/3 317/1/3
f 317/1/4 318/1/4 314/1/4 313/1/4
f 315/1/5 319/1/5 317/1/5 313/1/5
f 320/1/6 316/1/6 314/1/6 318/1/6
f 321/1/1 322/1/1 324/1/1 323/1/1
f 323/1/2 324/1/2 328/1/2 327/1/2
f 327/1/3 328/1/3 326/1/3 325/1/3
f 325/1/4 326/1/4 322/1/4 321/1/4
f 323/1/5 327/1/5 325/1/5 321/1/5
f 328/1/6 324/1/6 322/1/6 326/1/6
f 329/1/1 330/1/1 332/1/1 331/1/1
f 331/1/2 332/1/2 336/1/2 335/1/2
f 335/1/3 336/1/3 334/1/3 333/1/3
f 333/1/4 334/1/4 330/1/4 329/1/4
f 331/1/5 335/1/5 333/1/5 329/1/5
f 336/1/6 332/1/6 330/1/6 334/1/6
f 337/1/1 338/1/1 340/1/1 339/1/1
f 339/1/2 340/1/2 344/1/2 343/1/2
f 343/1/3 344/1/3 342/1/3 341/1/3
f 341/1/4 342/1/4 338/1/4 337/1/4
f 339/1/5 343/1/5 341/1/5 337/1/5
f 344/1/6 340/1/6 338/1/6 342/1/6
f 345/1/1 346/1/1 348/1/1 347/1/1
f 347/1/2 348/1/2 352/1/2 351/1/2
f 351/1/3 352/1/3 350/1/3 349/1/3
f 349/1/4 350/1/4 346/1/4 345/1/4
f 347/1/5 351/1/5 349/1/5 345/1/5
f 352/1/6 348/1/6 346/1/6 350/1/6
f 353/1/1 354/1/1 356/1/1 355/1/1
f 355/1/2 356/1/2 360/1/2 359/1/2
f 359/1/3 360/1/3 358/1/3 357/1/3
f 357/1/4 358/1/4 354/1/4 353/1/4
f 355/1/5 359/1/5 357/1/5 353/1/5
f 360/1/6 356/1/6 354/1/6 358/1/6
f 361/1/1 362/1/1 364/1/1 363/1/1
f 363/1/2 364/1/2 368/1/2 367/1/2
f 367/1/3 368/1/3 366/1/3 365/1/3
f 365/1/4 366/1/4 362/1/4 361/1/4
f 363/1/5 367/1/5 365/1/5 361/1/5
f 368/1/6 364/1/6 362/1/6 366/1/6
f 369/1/1 370/1/1 372/1/1 371/1/1
f 371/1/2 372/1/2 376/1/2 375/1/2
f 375/1/3 376/1/3 374/1/3 373/1/3
f 373/1/4 374/1/4 370/1/4 369/1/4
f 371/1/5 375/1/5 373/1/5 369/1/5
f 376/1/6 372/1/6 370/1/6 374/1/6
f 377/1/1 378/1/1 380/1/1 379/1/1
f 379/1/2 380/1/2 384/1/2 383/1/2
f 383/1/3 384/1/3 382/1/3 381/1/3
f 381/1/4 382/1/4 378/1/4 377/1/4
f 379/1/5 383/1/5 381/1/5 377/1/5
f 384/1/6 380/1/6 378/1/6 382/1/6
f 385/1/1 386/1/1 388/1/1 387/1/1
f 387/1/2 388/1/2 392/1/2 391/1/2
f 391/1/3 392/1/3 390/1/3 389/1/3
f 389/1/4 390/1/4 386/1/4 385/1/4
f 387/1/5 391/1/5 389/1/5 385/1/5
f 392/1/6 388/1/6 386/1/6 390/1/6
f 393/1/1 394/1/1 396/1/1 395/1/1
f 395/1/2 396/1/2 400/1/2 399/1/2
f 399/1/3 400/1/3 398/1/3 397/1/3
f 397/1/4 398/1/4 394/1/4 393/1/4
f 395/1/5 399/1/5 397/1/5 393/1/5
f 400/1/6 396/1/6 394/1/6 398/1/6
f 401/1/1 402/1/1 404/1/1 403/1/1
f 403/1/2 404/1/2 408/1/2 407/1/2
f 407/1/3 408/1/3 406/1/3 405/1/3
f 405/1/4 406/1/4 402/1/4 401/1/4
f 403/1/5 407/1/5 405/1/5 401/1/5
f 408/1/6 404/1/6 402/1/6 406/1/6
f 409/1/1 410/1/1 412/1/1 411/1/1
f 411/1/2 412/1/2 416/1/2 415/1/2
f 415/1/3 416/1/3 414/1/3 413/1/3
f 413/1/4 414/1/4 410/1/4 409/1/4
f 411/1/5 415/1/5 413/1/5 409/1/5
f 416/1/6 412/1/6 410/1/6 414/1/6
f 417/1/1 418/1/1 420/1/1 419/1/1
f 419/1/2 420/1/2 424/1/2 423/1/2
f 423/1/3 424/1/3 422/1/3 421/1/3
f 421/1/4 422/1/4 418/1/4 417/1/4
f 419/1/5 423/1/5 421/1/5 417/1/5
f 424/1/6 420/1/6 418/1/6 422/1/6
f 425/1/1 426/1/1 428/1/1 427/1/1
f 427/1/2 428/1/2 432/1/2 431/1/2
f 431/1/3 432/1/3 430/1/3 429/1/3
f 429/1/4 430/1/4 426/1/4 425/1/4
f 427/1/5 431/1/5 429/1/5 425/1/5
f 432/1/6 428/1/6 426/1/6 430/1/6
f 433/1/1 434/1/1 436/1/1 435/1/1
f 435/1/2 436/1/2 440/1/2 439/1/2
f 439/1/3 440/1/3 438/1/3 437/1/3
f 437/1/4 438/1/4 434/1/4 433/1/4
f 435/1/5 439/1/5 437/1/5 433/1/5
f 440/1/6 436/1/6 434/1/6 438/1/6
f 441/1/1 442/1/1 444/1/1 443/1/1
f 443/1/2 444/1/2 448/1/2 447/1/2
f 447/1/3 448/1/3 446/1/3 445/1/3
f 445/1/4 446/1/4 442/1/4 441/1/4
f 443/1/5 447/1/5 445/1/5 441/1/5
f 448/1/6 444/1/6 442/1/6 446/1/6
f 449/1/1 450/1/1 452/1/1 451/1/1
f 451/1/2 452/1/2 456/1/2 455/1/2
f 455/1/3 456/1/3 454/1/3 453/1/3
f 453/1/4 454/1/4 450/1/4 449/1/4
f 451/1/5 455/1/5 453/1/5 449/1/5
f 456/1/6 452/1/6 450/1/6 454/1/6
f 457/1/1 458/1/1 460/1/1 459/1/1
f 459/1/2 460/1/2 464/1/2 463/1/2
f 463/1/3 464/1/3 462/1/3 461/1/3
f 461/1/4 462/1/4 458/1/4 457/1/4
f 459/1/5 463/1/5 461/1/5 457/1/5
f 464/1/6 460/1/6 458/1/6 462/1/6
f 465/1/1 466/1/1 468/1/1 467/1/1
f 467/1/2 468/1/2 472/1/2 471/1/2
f 471/1/3 472/1/3 470/1/3 469/1/3
f 469/1/4 470/1/4 466/1/4 465/1/4
f 467/1/5 471/1/5 469/1/5 465/1/5
f 472/1/6 468/1/6 466/1/6 470/1/6
f 473/1/1 474/1/1 476/1/1 475/1/1
f 475/1/2 476/1/2 480/1/2 479/1/2
f 479/1/3 480/1/3 478/1/3 477/1/3
f 477/1/4 478/1/4 474/1/4 473/1/4
f 475/1/5 479/1/5 477/1/5 473/1/5
f 480/1/6 476/1/6 474/1/6 478/1/6
f 481/1/1 482/1/1 484/1/1 483/1/1
f 483/1/2 484/1/2 488/1/2 487/1/2
f 487/1/3 488/1/3 486/1/3 485/1/3
f 485/1/4 486/1/4 482/1/4 481/1/4
f 483/1/5 487/1/5 485/1/5 481/1/5
f 488/1/6 484/1/6 482/1/6 486/1/6
f 489/1/1 490/1/1 492/1/1 491/1/1
f 491/1/2 492/1/2 496/1/2 495/1/2
f 495/1/3 496/1/3 494/1/3 493/1/3
f 493/1/4 494/1/4 490/1/4 489/1/4
f 491/1/5 495/1/5 493/1/5 489/1/5
f 496/1/6 492/1/6 490/1/6 494/1/6
f 497/1/1 498/1/1 500/1/1 499/1/1
f 499/1/2 500/1/2 504/1/2 503/1/2
f 503/1/3 504/1/3 502/1/3 501/1/3
f 501/1/4 502/1/4 498/1/4 497/1/4
f 499/1/5 503/1/5 501/1/5 497/1/5
f 504/1/6 500/1/6 498/1/6 502/1/6
f 505/1/1 506/1/1 508/1/1 507/1/1
f 507/1/2 508/1/2 512/1/2 511/1/2
f 511/1/3 512/1/3 510/1/3 509/1/3
f 509/1/4 510/1/4 506/1/4 505/1/4
f 507/1/5 511/1/5 509/1/5 505/1/5
f 512/1/6 508/1/6 506/1/6 510/1/6
f 513/1/1 514/1/1 516/1/1 515/1/1
f 515/1/2 516/1/2 520/1/2 519/1/2
f 519/1/3 520/1/3 518/1/3 517/1/3
f 517/1/4 518/1/4 514/1/4 513/1/4
f 515/1/5 519/1/5 517/1/5 513/1/5
f 520/1/6 516/1/6 514/1/6 518/1/6
f 521/1/1 522/1/1 524/1/1 523/1/1
f 523/1/2 524/1/2 528/1/2 527/1/2
f 527/1/3 528/1/3 526/1/3 525/1/3
f 525/1/4 526/1/4 522/1/4 521/1/4
f 523/1/5 527/1/5 525/1/5 521/1/5
f 528/1/6 524/1/6 522/1/6 526/1/6
f 529/1/1 530/1/1 532/1/1 531/1/1
f 531/1/2 532/1/2 536/1/2 535/1/2
f 535/1/3 536/1/3 534/1/3 533/1/3
f 533/1/4 534/1/4 530/1/4 529/1/4
f 531/1/5 535/1/5 533/1/5 529/1/5
f 536/1/6 532/1/6 530/1/6 534/1/6
f 537/1/1 538/1/1 540/1/1 539/1/1
f 539/1/2 540/1/2 544/1/2 543/1/2
f 543/1/3 544/1/3 542/1/3 541/1/3
f 541/1/4 542/1/4 538/1/4 537/1/4
f 539/1/5 543/1/5 541/1/5 537/1/5
f 544/1/6 540/1/6 538/1/6 542/1/6
f 545/1/1 546/1/1 548/1/1 547/1/1
f 547/1/2 548/1/2 552/1/2 551/1/2
f 551/1/3 552/1/3 550/1/3 549/1/3
f 549/1/4 550/1/4 546/1/4 545/1/4
f 547/1/5 551/1/5 549/1/5 545/1/5
f 552/1/6 548/1/6 546/1/6 550/1/6
f 553/1/1 554/1/1 556/1/1 555/1/1
f 555/1/2 556/1/2 560/1/2 559/1/2
f 559/1/3 560/1/3 558/1/3 557/1/3
f 557/1/4 558/1/4 554/1/4 553/1/4
f 555/1/5 559/1/5 557/1/5 553/1/5
f 560/1/6 556/1/6 554/1/6 558/1/6
f 561/1/1 562/1/1 564/1/1 563/1/1
f 563/1/2 564/1/2 568/1/2 567/1/2
f 567/1/3 568/1/3 566/1/3 565/1/3
f 565/1/4 566/1/4 562/1/4 561/1/4
f 563/1/5 567/1/5 565/1/5 561/1/5
f 568/1/6 564/1/6 562/1/6 566/1/6
f 569/1/1 570/1/1 572/1/1 571/1/1
f 571/1/2 572/1/2 576/1/2 575/1/2
f 575/1/3 576/1/3 574/1/3 573/1/3
f 573/1/4 574/1/4 570/1/4 569/1/4
f 571/1/5 575/1/5 573/1/5 569/1/5
f 576/1/6 572/1/6 570/1/6 574/1/6
f 577/1/1 578/1/1 580/1/1 579/1/1
f 579/1/2 580/1/2 584/1/2 583/1/2
f 583/1/3 584/1/3 582/1/3 581/1/3
f 581/1/4 582/1/4 578/1/4 577/1/4
f 579/1/5 583/1/5 581/1/5 577/1/5
f 584/1/6 580/1/6 578/1/6 582/1/6
f 585/1/1 586/1/1 588/1/1 587/1/1
f 587/1/2 588/1/2 592/1/2 591/1/2
f 591/1/3 592/1/3 590/1/3 589/1/3
f 589/1/4 590/1/4 586/1/4 585/1/4
f 587/1/5 591/1/5 589/1/5 585/1/5
f 592/1/6 588/1/6 586/1/6 590/1/6
f 593/1/1 594/1/1 596/1/1 595/1/1
f 595/1/2 596/1/2 600/1/2 599/1/2
f 599/1/3 600/1/3 598/1/3 597/1/3
f 597/1/4 598/1/4 594/1/4 593/1/4
f 595/1/5 599/1/5 597/1/5 593/1/5
f 600/1/6 596/1/6 594/1/6 598/1/6
f 601/1/1 602/1/1 604/1/1 603/1/1
f 603/1/2 604/1/2 608/1/2 607/1/2
f 607/1/3 608/1/3 606/1/3 605/1/3
f 605/1/4 606/1/4 602/1/4 601/1/4
f 603/1/5 607/1/5 605/1/5 601/1/5
f 608/1/6 604/1/6 602/1/6 606/1/6
f 609/1/1 610/1/1 612/1/1 611/1/1
f 611/1/2 612/1/2 616/1/2 615/1/2
f 615/1/3 616/1/3 614/1/3 613/1/3
f 613/1/4 614/1/4 610/1/4 609/1/4
f 611/1/5 615/1/5 613/1/5 609/1/5
f 616/1/6 612/1/6 610/1/6 614/1/6
f 617/1/1 618/1/1 620/1/1 619/1/1
f 619/1/2 620/1/2 624/1/2 623/1/2
f 623/1/3 624/1/3 622/1/3 621/1/3
f 621/1/4 622/1/4 618/1/4 617/1/4
f 619/1/5 623/1/5 621/1/5 617/1/5
f 624/1/6 620/1/6 618/1/6 622/1/6
f 625/1/1 626/1/1 628/1/1 627/1/1
f 627/1/2 628/1/2 632/1/2 631/1/2
f 631/1/3 632/1/3 630/1/3 629/1/3
f 629/1/4 630/1/4 626/1/4 625/1/4
f 627/1/5 631/1/5 629/1/5 625/1/5
f 632/1/6 628/1/6 626/1/6 630/1/6
f 633/1/1 634/1/1 636/1/1 635/1/1
f 635/1/2 636/1/2 640/1/2 639/1/2
f 639/1/3 640/1/3 638/1/3 637/1/3
f 637/1/4 638/1/4 634/1/4 633/1/4
f 635/1/5 639/1/5 637/1/5 633/1/5
f 640/1/6 636/1/6 634/1/6 638/1/6
f 641/1/1 642/1/1 644/1/1 643/1/1
f 643/1/2 644/1/2 648/1/2 647/1/2
f 647/1/3 648/1/3 646/1/3 645/1/3
f 645/1/4 646/1/4 642/1/4 641/1/4
f 643/1/5 647/1/5 645/1/5 641/1/5
f 648/1/6 644/1/6 642/1/6 646/1/6
f 649/1/1 650/1/1 652/1/1 651/1/1
f 651/1/2 652/1/2 656/1/2 655/1/2
f 655/1/3 656/1/3 654/1/3 653/1/3
f 653/1/4 654/1/4 650/1/4 649/1/4
f 651/1/5 655/1/5 653/1/5 649/1/5
f 656/1/6 652/1/6 650/1/6 654/1/6
f 657/1/1 658/1/1 660/1/1 659/1/1
f 659/1/2 660/1/2 664/1/2 663/1/2
f 663/1/3 664/1/3 662/1/3 661/1/3
f 661/1/4 662/1/4 658/1/4 657/1/4
f 659/1/5 663/1/5 661/1/5 657/1/5
f 664/1/6 660/1/6 658/1/6 662/1/6
f 665/1/1 666/1/1 668/1/1 667/1/1
f 667/1/2 668/1/2 672/1/2 671/1/2
f 671/1/3 672/1/3 670/1/3 669/1/3
f 669/1/4 670/1/4 666/1/4 665/1/4
f 667/1/5 671/1/5 669/1/5 665/1/5
f 672/1/6 668/1/6 666/1/6 670/1/6
f 673/1/1 674/1/1 676/1/1 675/1/1
f 675/1/2 676/1/2 680/1/2 679/1/2
f 679/1/3 680/1/3 678/1/3 677/1/3
f 677/1/4 678/1/4 674/1/4 673/1/4
f 675/1/5 679/1/5 677/1/5 673/1/5
f 680/1/6 676/1/6 674/1/6 678/1/6
f 681/1/1 682/1/1 684/1/1 683/1/1
f 683/1/2 684/1/2 688/1/2 687/1/2
f 687/1/3 688/1/3 686/1/3 685/1/3
f 685/1/4 686/1/4 682/1/4 681/1/4
f 683/1/5 687/1/5 685/1/5 681/1/5
f 688/1/6 684/1/6 682/1/6 686/1/6
f 689/1/1 690/1/1 692/1/1 691/1/1
f 691/1/2 692/1/2 696/1/2 695/1/2
f 695/1/3 696/1/3 694/1/3 693/1/3
f 693/1/4 694/1/4 690/1/4 689/1/4
f 691/1/5 695/1/5 693/1/5 689/1/5
f 696/1/6 692/1/6 690/1/6 694/1/6
f 697/1/1 698/1/1 700/1/1 699/1/1
f 699/1/2 700/1/2 704/1/2 703/1/2
f 703/1/3 704/1/3 702/1/3 701/1/3
f 701/1/4 702/1/4 698/1/4 697/1/4
f 699/1/5 703/1/5 701/1/5 697/1/5
f 704/1/6 700/1/6 698/1/6 702/1/6
f 705/1/1 706/1/1 708/1/1 707/1/1
f 707/1/2 708/1/2 712/1/2 711/1/2
f 711/1/3 712/1/3 710/1/3 709/1/3
f 709/1/4 710/1/4 706/1/4 705/1/4
f 707/1/5 711/1/5 709/1/5 705/1/5
f 712/1/6 708/1/6 706/1/6 710/1/6
f 713/1/1 714/1/1 716/1/1 715/1/1
f 715/1/2 716/1/2 720/1/2 719/1/2
f 719/1/3 720/1/3 718/1/3 717/1/3
f 717/1/4 718/1/4 714/1/4 713/1/4
f 715/1/5 719/1/5 717/1/5 713/1/5
f 720/1/6 716/1/6 714/1/6 718/1/6
f 721/1/1 722/1/1 724/1/1 723/1/1
f 723/1/2 724/1/2 728/1/2 727/1/2
f 727/1/3 728/1/3 726/1/3 725/1/3
f 725/1/4 726/1/4 722/1/4 721/1/4
f 723/1/5 727/1/5 725/1/5 721/1/5
f 728/1/6 724/1/6 722/1/6 726/1/6
f 729/1/1 730/1/1 732/1/1 731/1/1
f 731/1/2 732/1/2 736/1/2 735/1/2
f 735/1/3 736/1/3 734/1/3 733/1/3
f 733/1/4 734/1/4 730/1/4 729/1/4
f 731/1/5 735/1/5 733/1/5 729/1/5
f 736/1/6 732/1/6 730/1/6 734/1/6
f 737/1/1 738/1/1 740/1/1 739/1/1
f 739/1/2 740/1/2 744/1/2 743/1/2
f 743/1/3 744/1/3 742/1/3 741/1/3
f 741/1/4 742/1/4 738/1/4 737/1/4
f 739/1/5 743/1/5 741/1/5 737/1/5
f 744/1/6 740/1/6 738/1/6 742/1/6
f 745/1/1 746/1/1 748/1/1 747/1/1
f 747/1/2 748/1/2 752/1/2 751/1/2
f 751/1/3 752/1/3 750/1/3 749/1/3
f 749/1/4 750/1/4 746/1/4 745/1/4
f 747/1/5 751/1/5 749/1/5 745/1/5
f 752/1/6 748/1/6 746/1/6 750/1/6
f 753/1/1 754/1/1 756/1/1 755/1/1
f 755/1/2 756/1/2 760/1/2 759/1/2
f 759/1/3 760/1/3 758/1/3 757/1/3
f 757/1/4 758/1/4 754/1/4 753/1/4
f 755/1/5 759/1/5 757/1/5 753/1/5
f 760/1/6 756/1/6 754/1/6 758/1/6
f 761/1/1 762/1/1 764/1/1 763/1/1
f 763/1/2 764/1/2 768/1/2 767/1/2
f 767/1/3 768/1/3 766/1/3 765/1/3
f 765/1/4 766/1/4 762/1/4 761/1/4
f 763/1/5 767/1/5 765/1/5 761/1/5
f 768/1/6 764/1/6 762/1/6 766/1/6
f 769/1/1 770/1/1 772/1/1 771/1/1
f 771/1/2 772/1/2 776/1/2 775/1/2
f 775/1/3 776/1/3 774/1/3 773/1/3
f 773/1/4 774/1/4 770/1/4 769/1/4
f 771/1/5 775/1/5 773/1/5 769/1/5
f 776/1/6 772/1/6 770/1/6 774/1/6
f 777/1/1 778/1/1 780/1/1 779/1/1
f 779/1/2 780/1/2 784/1/2 783/1/2
f 783/1/3 784/1/3 782/1/3 781/1/3
f 781/1/4 782/1/4 778/1/4 777/1/4
f 779/1/5 783/1/5 781/1/5 777/1/5
f 784/1/6 780/1/6 778/1/6 782/1/6
f 785/1/1 786/1/1 788/1/1 787/1/1
f 787/1/2 788/1/2 792/1/2 791/1/2
f 791/1/3 792/1/3 790/1/3 789/1/3
f 789/1/4 790/1/4 786/1/4 785/1/4
f 787/1/5 791/1/5 789/1/5 785/1/5
f 792/1/6 788/1/6 786/1/6 790/1/6
f 793/1/1 794/1/1 796/1/1 795/1/1
f 795/1/2 796/1/2 800/1/2 799/1/2
f 799/1/3 800/1/3 798/1/3 797/1/3
f 797/1/4 798/1/4 794/1/4 793/1/4
f 795/1/5 799/1/5 797/1/5 793/1/5
f 800/1/6 796/1/6 794/1/6 798/1/6
f 801/1/1 802/1/1 804/1/1 803/1/1
f 803/1/2 804/1/2 808/1/2 807/1/2
f 807/1/3 808/1/3 806/1/3 805/1/3
f 805/1/4 806/1/4 802/1/4 801/1/4
f 803/1/5 807/1/5 805/1/5 801/1/5
f 808/1/6 804/1/6 802/1/6 806/1/6
f 809/1/1 810/1/1 812/1/1 811/1/1
f 811/1/2 812/1/2 816/1/2 815/1/2
f 815/1/3 816/1/3 814/1/3 813/1/3
f 813/1/4 814/1/4 810/1/4 809/1/4
f 811/1/5 815/1/5 813/1/5 809/1/5
f 816/1/6 812/1/6 810/1/6 814/1/6
f 817/1/1 818/1/1 820/1/1 819/1/1
f 819/1/2 820/1/2 824/1/2 823/1/2
f 823/1/3 824/1/3 822/1/3 821/1/3
f 821/1/4 822/1/4 818/1/4 817/1/4
f 819/1/5 823/1/5 821/1/5 817/1/5
f 824/1/6 820/1/6 818/1/6 822/1/6
f 825/1/1 826/1/1 828/1/1 827/1/1
f 827/1/2 828/1/2 832/1/2 831/1/2
f 831/1/3 832/1/3 830/1/3 829/1/3
f 829/1/4 830/1/4 826/1/4 825/1/4
f 827/1/5 831/1/5 829/1/5 825/1/5
f 832/1/6 828/1/6 826/1/6 830/1/6
f 833/1/1 834/1/1 836/1/1 835/1/1
f 835/1/2 836/1/2 840/1/2 839/1/2
f 839/1/3 840/1/3 838/1/3 837/1/3
f 837/1/4 838/1/4 834/1/4 833/1/4
f 835/1/5 839/1/5 837/1/5 833/1/5
f 840/1/6 836/1/6 834/1/6 838/1/6
f 841/1/1 842/1/1 844/1/1 843/1/1
f 843/1/2 844/1/2 848/1/2 847/1/2
f 847/1/3 848/1/3 846/1/3 845/1/3
f 845/1/4 846/1/4 842/1/4 841/1/4
f 843/1/5 847/1/5 845/1/5 841/1/5
f 848/1/6 844/1/6 842/1/6 846/1/6
f 849/1/1 850/1/1 852/1/1 851/1/1
f 851/1/2 852/1/2 856/1/2 855/1/2
f 855/1/3 856/1/3 854/1/3 853/1/3
f 853/1/4 854/1/4 850/1/4 849/1/4
f 851/1/5 855/1/5 853/1/5 849/1/5
f 856/1/6 852/1/6 850/1/6 854/1/6
f 857/1/1 858/1/1 860/1/1 859/1/1
f 859/1/2 860/1/2 864/1/2 863/1/2
f 863/1/3 864/1/3 862/1/3 861/1/3
f 861/1/4 862/1/4 858/1/4 857/1/4
f 859/1/5 863/1/5 861/1/5 857/1/5
f 864/1/6 860/1/6 858/1/6 862/1/6
f 865/1/1 866/1/1 868/1/1 867/1/1
f 867/1/2 868/1/2 872/1/2 871/1/2
f 871/1/3 872/1/3 870/1/3 869/1/3
f 869/1/4 870/1/4 866/1/4 865/1/4
f 867/1/5 871/1/5 869/1/5 865/1/5
f 872/1/6 868/1/6 866/1/6 870/1/6
f 873/1/1 874/1/1 876/1/1 875/1/1
f 875/1/2 876/1/2 880/1/2 879/1/2
f 879/1/3 880/1/3 878/1/3 877/1/3
f 877/1/4 878/1/4 874/1/4 873/1/4
f 875/1/5 879/1/5 877/1/5 873/1/5
f 880/1/6 876/1/6 874/1/6 878/1/6
f 881/1/1 882/1/1 884/1/1 883/1/1
f 883/1/2 884/1/2 888/1/2 887/1/2
f 887/1/3 888/1/3 886/1/3 885/1/3
f 885/1/4 886/1/4 882/1/4 881/1/4
f 883/1/5 887/1/5 885/1/5 881/1/5
f 888/1/6 884/1/6 882/1/6 886/1/6
f 889/1/1 890/1/1 892/1/1 891/1/1
f 891/1/2 892/1/2 896/1/2 895/1/2
f 895/1/3 896/1/3 894/1/3 893/1/3
f 893/1/4 894/1/4 890/1/4 889/1/4
f 891/1/5 895/1/5 893/1/5 889/1/5
f 896/1/6 892/1/6 890/1/6 894/1/6
f 897/1/1 898/1/1 900/1/1 899/1/1
f 899/1/2 900/1/2 904/1/2 903/1/2
f 903/1/3 904/1/3 902/1/3 901/1/3
f 901/1/4 902/1/4 898/1/4 897/1/4
f 899/1/5 903/1/5 901/1/5 897/1/5
f 904/1/6 900/1/6 898/1/6 902/1/6
f 905/1/1 906/1/1 908/1/1 907/1/1
f 907/1/2 908/1/2 912/1/2 911/1/2
f 911/1/3 912/1/3 910/1/3 909/1/3
f 909/1/4 910/1/4 906/1/4 905/1/4
f 907/1/5 911/1/5 909/1/5 905/1/5
f 912/1/6 908/1/6 906/1/6 910/1/6
f 913/1/1 914/1/1 916/1/1 915/1/1
f 915/1/2 916/1/2 920/1/2 919/1/2
f 919/1/3 920/1/3 918/1/3 917/1/3
f 917/1/4 918/1/4 914/1/4 913/1/4
f 915/1/5 919/1/5 917/1/5 913/1/5
f 920/1/6 916/1/6 914/1/6 918/1/6
f 921/1/1 922/1/1 924/1/1 923/1/1
f 923/1/2 924/1/2 928/1/2 927/1/2
f 927/1/3 928/1/3 926/1/3 925/1/3
f 925/1/4 926/1/4 922/1/4 921/1/4
f 923/1/5 927/1/5 925/1/5 921/1/5
f 928/1/6 924/1/6 922/1/6 926/1/6
f 929/1/1 930/1/1 932/1/1 931/1/1
f 931/1/2 932/1/2 936/1/2 935/1/2
f 935/1/3 936/1/3 934/1/3 933/1/3
f 933/1/4 934/1/4 930/1/4 929/1/4
f 931/1/5 935/1/5 933/1/5 929/1/5
f 936/1/6 932/1/6 930/1/6 934/1/6
f 937/1/1 938/1/1 940/1/1 939/1/1
f 939/1/2 940/1/2 944/1/2 943/1/2
f 943/1/3 944/1/3 942/1/3 941/1/3
f 941/1/4 942/1/4 938/1/4 937/1/4
f 939/1/5 943/1/5 941/1/5 937/1/5
f 944/1/6 940/1/6 938/1/6 942/1/6
f 945/1/1 946/1/1 948/1/1 947/1/1
f 947/1/2 948/1/2 952/1/2 951/1/2
f 951/1/3 952/1/3 950/1/3 949/1/3
f 949/1/4 950/1/4 946/1/4 945/1/4
f 947/1/5 951/1/5 949/1/5 945/1/5
f 952/1/6 948/1/6 946/1/6 950/1/6
f 953/1/1 954/1/1 956/1/1 955/1/1
f 955/1/2 956/1/2 960/1/2 959/1/2
f 959/1/3 960/1/3 958/1/3 957/1/3
f 957/1/4 958/1/4 954/1/4 953/1/4
f 955/1/5 959/1/5 957/1/5 953/1/5
f 960/1/6 956/1/6 954/1/6 958/1/6
f 961/1/1 962/1/1 964/1/1 963/1/1
f 963/1/2 964/1/2 968/1/2 967/1/2
f 967/1/3 968/1/3 966/1/3 965/1/3
f 965/1/4 966/1/4 962/1/4 961/1/4
f 963/1/5 967/1/5 965/1/5 961/1/5
f 968/1/6 964/1/6 962/1/6 966/1/6
f 969/1/1 970/1/1 972/1/1 971/1/1
f 971/1/2 972/1/2 976/1/2 975/1/2
f 975/1/3 976/1/3 974/1/3 973/1/3
f 973/1/4 974/1/4 970/1/4 969/1/4
f 971/1/5 975/1/5 973/1/5 969/1/5
f 976/1/6 972/1/6 970/1/6 974/1/6
f 977/1/1 978/1/1 980/1/1 979/1/1
f 979/1/2 980/1/2 984/1/2 983/1/2
f 983/1/3 984/1/3 982/1/3 981/1/3
f 981/1/4 982/1/4 978/1/4 977/1/4
f 979/1/5 983/1/5 981/1/5 977/1/5
f 984/1/6 980/1/6 978/1/6 982/1/6
f 985/1/1 986/1/1 988/1/1 987/1/1
f 987/1/2 988/1/2 992/1/2 991/1/2
f 991/1/3 992/1/3 990/1/3 989/1/3
f 989/1/4 990/1/4 986/1/4 985/1/4
f 987/1/5 991/1/5 989/1/5 985/1/5
f 992/1/6 988/1/6 986/1/6 990/1/6
f 993/1/1 994/1/1 996/1/1 995/1/1
f 995/1/2 996/1/2 1000/1/2 999/1/2
f 999/1/3 1000/1/3 998/1/3 997/1/3
f 997/1/4 998/1/4 994/1/4 993/1/4
f 995/1/5 999/1/5 997/1/5 993/1/5
f 1000/1/6 996/1/6 994/1/6 998/1/6
f 1001/1/1 1002/1/1 1004/1/1 1003/1/1
f 1003/1/2 1004/1/2 1008/1/2 1007/1/2
f 1007/1/3 1008/1/3 1006/1/3 1005/1/3
f 1005/1/4 1006/1/4 1002/1/4 1001/1/4
f 1003/1/5 1007/1/5 1005/1/5 1001/1/5
f 1008/1/6 1004/1/6 1002/1/6 1006/1/6
f 1009/1/1 1010/1/1 1012/1/1 1011/1/1
f 1011/1/2 1012/1/2 1016/1/2 1015/1/2
f 1015/1/3 1016/1/3 1014/1/3 1013/1/3
f 1013/1/4 1014/1/4 1010/1/4 1009/1/4
f 1011/1/5 1015/1/5 1013/1/5 1009/1/5
f 1016/1/6 1012/1/6 1010/1/6 1014/1/6
o M_f_sand
v 94.747040 26.000000 106.738869
v 94.747040 27.000000 106.738869
v 94.747040 26.000000 -101.261131
v 94.747040 27.000000 -101.261131
v 124.747040 26.000000 106.738869
v 124.747040 27.000000 106.738869
v 124.747040 26.000000 -101.261131
v 124.747040 27.000000 -101.261131
v -129.252960 26.000000 -93.261131
v -129.252960 27.000000 -93.261131
v -129.252960 26.000000 -123.261131
v -129.252960 27.000000 -123.261131
v 126.747040 26.000000 -93.261131
v 126.747040 27.000000 -93.261131
v 126.747040 26.000000 -123.261131
v 126.747040 27.000000 -123.261131
v -129.252960 26.000000 128.738861
v -129.252960 27.000000 128.738861
v -129.252960 26.000000 98.738869
v -129.252960 27.000000 98.738869
v 126.747040 26.000000 128.738861
v 126.747040 27.000000 128.738861
v 126.747040 26.000000 98.738869
v 126.747040 27.000000 98.738869
v -127.252960 26.000000 106.738869
v -127.252960 27.000000 106.738869
v -127.252960 26.000000 -101.261131
v -127.252960 27.000000 -101.261131
v -97.252960 26.000000 106.738869
v -97.252960 27.000000 106.738869
v -97.252960 26.000000 -101.261131
v -97.252960 27.000000 -101.261131
v -121.798439 26.123260 -93.261131
v -121.798439 27.323259 -93.261131
v -121.798439 26.123260 -108.015099
v -121.798439 27.323259 -108.015099
v -92.098442 26.123260 -93.261131
v -92.098442 27.323259 -93.261131
v -92.098442 26.123260 -108.015099
v -92.098442 27.323259 -108.015099
v -97.613884 26.112455 -93.261131
v -97.613884 27.312456 -93.261131
v -97.613884 26.112455 -111.212746
v -97.613884 27.312456 -111.212746
v -67.913887 26.112455 -93.261131
v -67.913887 27.312456 -93.261131
v -67.913887 26.112455 -111.212746
v -67.913887 27.312456 -111.212746
v -75.543953 26.000423 -93.261131
v -75.543953 27.200424 -93.261131
v -75.543953 26.000423 -108.679176
v -75.543953 27.200424 -108.679176
v -45.843956 26.000423 -93.261131
v -45.843956 27.200424 -93.261131
v -45.843956 26.000423 -108.679176
v -45.843956 27.200424 -108.679176
v -53.360069 26.015152 -93.261131
v -53.360069 27.215151 -93.261131
v -53.360069 26.015152 -107.982872
v -53.360069 27.215151 -107.982872
v -23.660070 26.015152 -93.261131
v -23.660070 27.215151 -93.261131
v -23.660070 26.015152 -107.982872
v -23.660070 27.215151 -107.982872
v -31.946693 26.119150 -93.261131
v -31.946693 27.319149 -93.261131
v -31.946693 26.119150 -112.782768
v -31.946693 27.319149 -112.782768
v -2.246692 26.119150 -93.261131
v -2.246692 27.319149 -93.261131
v -2.246692 26.119150 -112.782768
v -2.246692 27.319149 -112.782768
v -12.047433 26.106161 -93.261131
v -12.047433 27.306160 -93.261131
v -12.047433 26.106161 -109.943855
v -12.047433 27.306160 -109.943855
v 17.652569 26.106161 -93.261131
v 17.652569 27.306160 -93.261131
v 17.652569 26.106161 -109.943855
v 17.652569 27.306160 -109.943855
v 6.938957 26.108383 -93.261131
v 6.938957 27.308382 -93.261131
v 6.938957 26.108383 -110.253868
v 6.938957 27.308382 -110.253868
v 36.638958 26.108383 -93.261131
v 36.638958 27.308382 -93.261131
v 36.638958 26.108383 -110.253868
v 36.638958 27.308382 -110.253868
v 30.530996 26.070955 -93.261131
v 30.530996 27.270954 -93.261131
v 30.530996 26.070955 -109.549202
v 30.530996 27.270954 -109.549202
v 60.230995 26.070955 -93.261131
v 60.230995 27.270954 -93.261131
v 60.230995 26.070955 -109.549202
v 60.230995 27.270954 -109.549202
v 56.727493 26.132740 -93.261131
v 56.727493 27.332741 -93.261131
v 56.727493 26.132740 -110.144249
v 56.727493 27.332741 -110.144249
v 86.427490 26.132740 -93.261131
v 86.427490 27.332741 -93.261131
v 86.427490 26.132740 -110.144249
v 86.427490 27.332741 -110.144249
v 74.202515 26.009903 -93.261131
v 74.202515 27.209904 -93.261131
v 74.202515 26.009903 -112.774452
v 74.202515 27.209904 -112.774452
v 103.902512 26.009903 -93.261131
v 103.902512 27.209904 -93.261131
v 103.902512 26.009903 -112.774452
v 103.902512 27.209904 -112.774452
v 98.660881 26.081022 -93.261131
v 98.660881 27.281023 -93.261131
v 98.660881 26.081022 -109.188057
v 98.660881 27.281023 -109.188057
v 128.360886 26.081022 -93.261131
v 128.360886 27.281023 -93.261131
v 128.360886 26.081022 -109.188057
v 128.360886 27.281023 -109.188057
v -122.731956 25.960274 114.465721
v -122.731956 27.160273 114.465721
v -122.731956 25.960274 98.738869
v -122.731956 27.160273 98.738869
v -93.031960 25.960274 114.465721
v -93.031960 27.160273 114.465721
v -93.031960 25.960274 98.738869
v -93.031960 27.160273 98.738869
v -98.718483 26.049908 114.957573
v -98.718483 27.249908 114.957573
v -98.718483 26.049908 98.738869
v -98.718483 27.249908 98.738869
v -69.018486 26.049908 114.957573
v -69.018486 27.249908 114.957573
v -69.018486 26.049908 98.738869
v -69.018486 27.249908 98.738869
v -79.483948 26.079248 117.332115
v -79.483948 27.279249 117.332115
v -79.483948 26.079248 98.738869
v -79.483948 27.279249 98.738869
v -49.783943 26.079248 117.332115
v -49.783943 27.279249 117.332115
v -49.783943 26.079248 98.738869
v -49.783943 27.279249 98.738869
v -57.671150 26.109776 114.749016
v -57.671150 27.309776 114.749016
v -57.671150 26.109776 98.738869
v -57.671150 27.309776 98.738869
v -27.971148 26.109776 114.749016
v -27.971148 27.309776 114.749016
v -27.971148 26.109776 98.738869
v -27.971148 27.309776 98.738869
v -36.653137 25.980186 114.344017
v -36.653137 27.180187 114.344017
v -36.653137 25.980186 98.738869
v -36.653137 27.180187 98.738869
v -6.953136 25.980186 114.344017
v -6.953136 27.180187 114.344017
v -6.953136 25.980186 98.738869
v -6.953136 27.180187 98.738869
v -14.594730 26.099165 115.471809
v -14.594730 27.299166 115.471809
v -14.594730 26.099165 98.738869
v -14.594730 27.299166 98.738869
v 15.105270 26.099165 115.471809
v 15.105270 27.299166 115.471809
v 15.105270 26.099165 98.738869
v 15.105270 27.299166 98.738869
v 7.241116 26.147076 113.926491
v 7.241116 27.347076 113.926491
v 7.241116 26.147076 98.738869
v 7.241116 27.347076 98.738869
v 36.941116 26.147076 113.926491
v 36.941116 27.347076 113.926491
v 36.941116 26.147076 98.738869
v 36.941116 27.347076 98.738869
v 34.331253 26.129604 118.452461
v 34.331253 27.329605 118.452461
v 34.331253 26.129604 98.738869
v 34.331253 27.329605 98.738869
v 64.031250 26.129604 118.452461
v 64.031250 27.329605 118.452461
v 64.031250 26.129604 98.738869
v 64.031250 27.329605 98.738869
v 54.239944 26.074722 117.756523
v 54.239944 27.274723 117.756523
v 54.239944 26.074722 98.738869
v 54.239944 27.274723 98.738869
v 83.939941 26.074722 117.756523
v 83.939941 27.274723 117.756523
v 83.939941 26.074722 98.738869
v 83.939941 27.274723 98.738869
v 74.365456 25.949434 118.604195
v 74.365456 27.149433 118.604195
v 74.365456 25.949434 98.738869
v 74.365456 27.149433 98.738869
v 104.065453 25.949434 118.604195
v 104.065453 27.149433 118.604195
v 104.065453 25.949434 98.738869
v 104.065453 27.149433 98.738869
v 99.552956 26.032089 114.104698
v 99.552956 27.232088 114.104698
v 99.552956 26.032089 98.738869
v 99.552956 27.232088 98.738869
v 129.252960 26.032089 114.104698
v 129.252960 27.232088 114.104698
v 129.252960 26.032089 98.738869
v 129.252960 27.232088 98.738869
v 94.747040 26.140701 121.947739
v 94.747040 27.340702 121.947739
v 94.747040 26.140701 92.247742
v 94.747040 27.340702 92.247742
v 113.891891 26.140701 121.947739
v 113.891891 27.340702 121.947739
v 113.891891 26.140701 92.247742
v 113.891891 27.340702 92.247742
v 94.747040 26.066540 101.048157
v 94.747040 27.266539 101.048157
v 94.747040 26.066540 71.348160
v 94.747040 27.266539 71.348160
v 110.528748 26.066540 101.048157
v 110.528748 27.266539 101.048157
v 110.528748 26.066540 71.348160
v 110.528748 27.266539 71.348160
v 94.747040 26.101772 81.631317
v 94.747040 27.301773 81.631317
v 94.747040 26.101772 51.931320
v 94.747040 27.301773 51.931320
v 111.841431 26.101772 81.631317
v 111.841431 27.301773 81.631317
v 111.841431 26.101772 51.931320
v 111.841431 27.301773 51.931320
v 94.747040 26.099388 58.401474
v 94.747040 27.299387 58.401474
v 94.747040 26.099388 28.701475
v 94.747040 27.299387 28.701475
v 111.800980 26.099388 58.401474
v 111.800980 27.299387 58.401474
v 111.800980 26.099388 28.701475
v 111.800980 27.299387 28.701475
v 94.747040 25.989927 33.198326
v 94.747040 27.189928 33.198326
v 94.747040 25.989927 3.498327
v 94.747040 27.189928 3.498327
v 109.191315 25.989927 33.198326
v 109.191315 27.189928 33.198326
v 109.191315 25.989927 3.498327
v 109.191315 27.189928 3.498327
v 94.747040 26.019087 13.288340
v 94.747040 27.219086 13.288340
v 94.747040 26.019087 -16.411661
v 94.747040 27.219086 -16.411661
v 112.402481 26.019087 13.288340
v 112.402481 27.219086 13.288340
v 112.402481 26.019087 -16.411661
v 112.402481 27.219086 -16.411661
v 94.747040 25.960255 -11.374805
v 94.747040 27.160255 -11.374805
v 94.747040 25.960255 -41.074806
v 94.747040 27.160255 -41.074806
v 111.861359 25.960255 -11.374805
v 111.861359 27.160255 -11.374805
v 111.861359 25.960255 -41.074806
v 111.861359 27.160255 -41.074806
v 94.747040 26.030075 -32.182251
v 94.747040 27.230074 -32.182251
v 94.747040 26.030075 -61.882256
v 94.747040 27.230074 -61.882256
v 109.890884 26.030075 -32.182251
v 109.890884 27.230074 -32.182251
v 109.890884 26.030075 -61.882256
v 109.890884 27.230074 -61.882256
v 94.747040 25.969915 -52.636047
v 94.747040 27.169916 -52.636047
v 94.747040 25.969915 -82.336044
v 94.747040 27.169916 -82.336044
v 111.727737 25.969915 -52.636047
v 111.727737 27.169916 -52.636047
v 111.727737 25.969915 -82.336044
v 111.727737 27.169916 -82.336044
v 94.747040 26.133986 -74.874107
v 94.747040 27.333984 -74.874107
v 94.747040 26.133986 -104.574104
v 94.747040 27.333984 -104.574104
v 113.117371 26.133986 -74.874107
v 113.117371 27.333984 -74.874107
v 113.117371 26.133986 -104.574104
v 113.117371 27.333984 -104.574104
v 94.747040 26.126558 -99.038872
v 94.747040 27.326559 -99.038872
v 94.747040 26.126558 -128.738861
v 94.747040 27.326559 -128.738861
v 114.024048 26.126558 -99.038872
v 114.024048 27.326559 -99.038872
v 114.024048 26.126558 -128.738861
v 114.024048 27.326559 -128.738861
v -116.383774 26.061632 122.406693
v -116.383774 27.261631 122.406693
v -116.383774 26.061632 92.706696
v -116.383774 27.261631 92.706696
v -97.252960 26.061632 122.406693
v -97.252960 27.261631 122.406693
v -97.252960 26.061632 92.706696
v -97.252960 27.261631 92.706696
v -112.902863 26.056776 103.933846
v -112.902863 27.256777 103.933846
v -112.902863 26.056776 74.233849
v -112.902863 27.256777 74.233849
v -97.252960 26.056776 103.933846
v -97.252960 27.256777 103.933846
v -97.252960 26.056776 74.233849
v -97.252960 27.256777 74.233849
v -111.780609 26.027191 78.543892
v -111.780609 27.227192 78.543892
v -111.780609 26.027191 48.843887
v -111.780609 27.227192 48.843887
v -97.252960 26.027191 78.543892
v -97.252960 27.227192 78.543892
v -97.252960 26.027191 48.843887
v -97.252960 27.227192 48.843887
v -111.889816 26.087362 56.676163
v -111.889816 27.287361 56.676163
v -111.889816 26.087362 26.976164
v -111.889816 27.287361 26.976164
v -97.252960 26.087362 56.676163
v -97.252960 27.287361 56.676163
v -97.252960 26.087362 26.976164
v -97.252960 27.287361 26.976164
v -114.074051 26.046932 34.467987
v -114.074051 27.246933 34.467987
v -114.074051 26.046932 4.767988
v -114.074051 27.246933 4.767988
v -97.252960 26.046932 34.467987
v -97.252960 27.246933 34.467987
v -97.252960 26.046932 4.767988
v -97.252960 27.246933 4.767988
v -115.432571 25.992077 15.454700
v -115.432571 27.192078 15.454700
v -115.432571 25.992077 -14.245300
v -115.432571 27.192078 -14.245300
v -97.252960 25.992077 15.454700
v -97.252960 27.192078 15.454700
v -97.252960 25.992077 -14.245300
v -97.252960 27.192078 -14.245300
v -115.653503 26.147379 -7.243244
v -115.653503 27.347378 -7.243244
v -115.653503 26.147379 -36.943245
v -115.653503 27.347378 -36.943245
v -97.252960 26.147379 -7.243244
v -97.252960 27.347378 -7.243244
v -97.252960 26.147379 -36.943245
v -97.252960 27.347378 -36.943245
v -112.025558 25.987816 -32.310127
v -112.025558 27.187815 -32.310127
v -112.025558 25.987816 -62.010124
v -112.025558 27.187815 -62.010124
v -97.252960 25.987816 -32.310127
v -97.252960 27.187815 -32.310127
v -97.252960 25.987816 -62.010124
v -97.252960 27.187815 -62.010124
v -113.672546 26.097420 -53.802994
v -113.672546 27.297421 -53.802994
v -113.672546 26.097420 -83.502991
v -113.672546 27.297421 -83.502991
v -97.252960 26.097420 -53.802994
v -97.252960 27.297421 -53.802994
v -97.252960 26.097420 -83.502991
v -97.252960 27.297421 -83.502991
v -116.814392 26.109388 -72.541992
v -116.814392 27.309389 -72.541992
v -116.814392 26.109388 -102.241989
v -116.814392 27.309389 -102.241989
v -97.252960 26.109388 -72.541992
v -97.252960 27.309389 -72.541992
v -97.252960 26.109388 -102.241989
v -97.252960 27.309389 -102.241989
v -113.976013 26.101725 -94.053596
v -113.976013 27.301725 -94.053596
v -113.976013 26.101725 -123.753593
v -113.976013 27.301725 -123.753593
v -97.252960 26.101725 -94.053596
v -97.252960 27.301725 -94.053596
v -97.252960 26.101725 -123.753593
v -97.252960 27.301725 -123.753593
v -120.866753 25.427744 -101.261131
v -120.866753 26.627745 -101.261131
v -120.866753 25.427744 -115.542686
v -120.866753 26.627745 -115.542686
v -91.166756 25.427744 -101.261131
v -91.166756 26.627745 -101.261131
v -91.166756 25.427744 -115.542686
v -91.166756 26.627745 -115.542686
v -98.448761 25.454500 -101.261131
v -98.448761 26.654501 -101.261131
v -98.448761 25.454500 -111.281487
v -98.448761 26.654501 -111.281487
v -68.748764 25.454500 -101.261131
v -68.748764 26.654501 -101.261131
v -68.748764 25.454500 -111.281487
v -68.748764 26.654501 -111.281487
v -76.633377 25.534981 -101.261131
v -76.633377 26.734982 -101.261131
v -76.633377 25.534981 -114.576668
v -76.633377 26.734982 -114.576668
v -46.933380 25.534981 -101.261131
v -46.933380 26.734982 -101.261131
v -46.933380 25.534981 -114.576668
v -46.933380 26.734982 -114.576668
v -54.425293 25.507616 -101.261131
v -54.425293 26.707617 -101.261131
v -54.425293 25.507616 -116.687950
v -54.425293 26.707617 -116.687950
v -24.725290 25.507616 -101.261131
v -24.725290 26.707617 -101.261131
v -24.725290 25.507616 -116.687950
v -24.725290 26.707617 -116.687950
v -33.898964 25.475206 -101.261131
v -33.898964 26.675207 -101.261131
v -33.898964 25.475206 -114.964211
v -33.898964 26.675207 -114.964211
v -4.198961 25.475206 -101.261131
v -4.198961 26.675207 -101.261131
v -4.198961 25.475206 -114.964211
v -4.198961 26.675207 -114.964211
v -12.975184 25.402758 -101.261131
v -12.975184 26.602757 -101.261131
v -12.975184 25.402758 -113.492760
v -12.975184 26.602757 -113.492760
v 16.724815 25.402758 -101.261131
v 16.724815 26.602757 -101.261131
v 16.724815 25.402758 -113.492760
v 16.724815 26.602757 -113.492760
v 11.968119 25.368603 -101.261131
v 11.968119 26.568604 -101.261131
v 11.968119 25.368603 -111.887413
v 11.968119 26.568604 -111.887413
v 41.668121 25.368603 -101.261131
v 41.668121 26.568604 -101.261131
v 41.668121 25.368603 -111.887413
v 41.668121 26.568604 -111.887413
v 32.085541 25.394966 -101.261131
v 32.085541 26.594967 -101.261131
v 32.085541 25.394966 -115.759941
v 32.085541 26.594967 -115.759941
v 61.785538 25.394966 -101.261131
v 61.785538 26.594967 -101.261131
v 61.785538 25.394966 -115.759941
v 61.785538 26.594967 -115.759941
v 51.545998 25.370678 -101.261131
v 51.545998 26.570677 -101.261131
v 51.545998 25.370678 -111.802513
v 51.545998 26.570677 -111.802513
v 81.245995 25.370678 -101.261131
v 81.245995 26.570677 -101.261131
v 81.245995 25.370678 -111.802513
v 81.245995 26.570677 -111.802513
v 77.279655 25.525742 -101.261131
v 77.279655 26.725742 -101.261131
v 77.279655 25.525742 -114.886452
v 77.279655 26.725742 -114.886452
v 106.979652 25.525742 -101.261131
v 106.979652 26.725742 -101.261131
v 106.979652 25.525742 -114.886452
v 106.979652 26.725742 -114.886452
v 96.923019 25.499834 -101.261131
v 96.923019 26.699833 -101.261131
v 96.923019 25.499834 -113.561989
v 96.923019 26.699833 -113.561989
v 126.623016 25.499834 -101.261131
v 126.623016 26.699833 -101.261131
v 126.623016 25.499834 -113.561989
v 126.623016 26.699833 -113.561989
v -119.873489 25.356611 117.656242
v -119.873489 26.556612 117.656242
v -119.873489 25.356611 106.738869
v -119.873489 26.556612 106.738869
v -90.173492 25.356611 117.656242
v -90.173492 26.556612 117.656242
v -90.173492 25.356611 106.738869
v -90.173492 26.556612 106.738869
v -100.786331 25.402407 122.060524
v -100.786331 26.602407 122.060524
v -100.786331 25.402407 106.738869
v -100.786331 26.602407 106.738869
v -71.086334 25.402407 122.060524
v -71.086334 26.602407 122.060524
v -71.086334 25.402407 106.738869
v -71.086334 26.602407 106.738869
v -75.665108 25.514320 120.251427
v -75.665108 26.714321 120.251427
v -75.665108 25.514320 106.738869
v -75.665108 26.714321 106.738869
v -45.965111 25.514320 120.251427
v -45.965111 26.714321 120.251427
v -45.965111 25.514320 106.738869
v -45.965111 26.714321 106.738869
v -57.088280 25.450645 119.318153
v -57.088280 26.650646 119.318153
v -57.088280 25.450645 106.738869
v -57.088280 26.650646 106.738869
v -27.388281 25.450645 119.318153
v -27.388281 26.650646 119.318153
v -27.388281 25.450645 106.738869
v -27.388281 26.650646 106.738869
v -33.942348 25.537298 121.113655
v -33.942348 26.737299 121.113655
v -33.942348 25.537298 106.738869
v -33.942348 26.737299 106.738869
v -4.242348 25.537298 121.113655
v -4.242348 26.737299 121.113655
v -4.242348 25.537298 106.738869
v -4.242348 26.737299 106.738869
v -11.568123 25.542324 121.219078
v -11.568123 26.742323 121.219078
v -11.568123 25.542324 106.738869
v -11.568123 26.742323 106.738869
v 18.131878 25.542324 121.219078
v 18.131878 26.742323 121.219078
v 18.131878 25.542324 106.738869
v 18.131878 26.742323 106.738869
v 8.873304 25.332809 119.119347
v 8.873304 26.532808 119.119347
v 8.873304 25.332809 106.738869
v 8.873304 26.532808 106.738869
v 38.573303 25.332809 119.119347
v 38.573303 26.532808 119.119347
v 38.573303 25.332809 106.738869
v 38.573303 26.532808 106.738869
v 31.869499 25.406439 118.166100
v 31.869499 26.606440 118.166100
v 31.869499 25.406439 106.738869
v 31.869499 26.606440 106.738869
v 61.569496 25.406439 118.166100
v 61.569496 26.606440 118.166100
v 61.569496 25.406439 106.738869
v 61.569496 26.606440 106.738869
v 54.988899 25.483355 120.628746
v 54.988899 26.683353 120.628746
v 54.988899 25.483355 106.738869
v 54.988899 26.683353 106.738869
v 84.688896 25.483355 120.628746
v 84.688896 26.683353 120.628746
v 84.688896 25.483355 106.738869
v 84.688896 26.683353 106.738869
v 77.717552 25.510908 120.757530
v 77.717552 26.710907 120.757530
v 77.717552 25.510908 106.738869
v 77.717552 26.710907 106.738869
v 107.417549 25.510908 120.757530
v 107.417549 26.710907 120.757530
v 107.417549 25.510908 106.738869
v 107.417549 26.710907 106.738869
v 98.555832 25.408644 120.258644
v 98.555832 26.608644 120.258644
v 98.555832 25.408644 106.738869
v 98.555832 26.608644 106.738869
v 128.255829 25.408644 120.258644
v 128.255829 26.608644 120.258644
v 128.255829 25.408644 106.738869
v 128.255829 26.608644 106.738869
v 102.747040 25.522280 122.130203
v 102.747040 26.722281 122.130203
v 102.747040 25.522280 92.430206
v 102.747040 26.722281 92.430206
v 116.659836 25.522280 122.130203
v 116.659836 26.722281 122.130203
v 116.659836 25.522280 92.430206
v 116.659836 26.722281 92.430206
v 102.747040 25.353479 103.188225
v 102.747040 26.553480 103.188225
v 102.747040 25.353479 73.488228
v 102.747040 26.553480 73.488228
v 116.788773 25.353479 103.188225
v 116.788773 26.553480 103.188225
v 116.788773 25.353479 73.488228
v 116.788773 26.553480 73.488228
v 102.747040 25.395702 80.074478
v 102.747040 26.595701 80.074478
v 102.747040 25.395702 50.374474
v 102.747040 26.595701 50.374474
v 117.924011 25.395702 80.074478
v 117.924011 26.595701 80.074478
v 117.924011 25.395702 50.374474
v 117.924011 26.595701 50.374474
v 102.747040 25.358553 59.438843
v 102.747040 26.558554 59.438843
v 102.747040 25.358553 29.738844
v 102.747040 26.558554 29.738844
v 117.649612 25.358553 59.438843
v 117.649612 26.558554 59.438843
v 117.649612 25.358553 29.738844
v 117.649612 26.558554 29.738844
v 102.747040 25.357821 38.394062
v 102.747040 26.557819 38.394062
v 102.747040 25.357821 8.694061
v 102.747040 26.557819 8.694061
v 113.497528 25.357821 38.394062
v 113.497528 26.557819 38.394062
v 113.497528 25.357821 8.694061
v 113.497528 26.557819 8.694061
v 102.747040 25.478434 12.912344
v 102.747040 26.678434 12.912344
v 102.747040 25.478434 -16.787657
v 102.747040 26.678434 -16.787657
v 118.230286 25.478434 12.912344
v 118.230286 26.678434 12.912344
v 118.230286 25.478434 -16.787657
v 118.230286 26.678434 -16.787657
v 102.747040 25.507351 -7.140911
v 102.747040 26.707352 -7.140911
v 102.747040 25.507351 -36.840912
v 102.747040 26.707352 -36.840912
v 114.132584 25.507351 -7.140911
v 114.132584 26.707352 -7.140911
v 114.132584 25.507351 -36.840912
v 114.132584 26.707352 -36.840912
v 102.747040 25.399029 -28.628874
v 102.747040 26.599030 -28.628874
v 102.747040 25.399029 -58.328873
v 102.747040 26.599030 -58.328873
v 114.823532 25.399029 -28.628874
v 114.823532 26.599030 -28.628874
v 114.823532 25.399029 -58.328873
v 114.823532 26.599030 -58.328873
v 102.747040 25.402546 -51.833748
v 102.747040 26.602545 -51.833748
v 102.747040 25.402546 -81.533745
v 102.747040 26.602545 -81.533745
v 116.210602 25.402546 -51.833748
v 116.210602 26.602545 -51.833748
v 116.210602 25.402546 -81.533745
v 116.210602 26.602545 -81.533745
v 102.747040 25.408455 -77.096603
v 102.747040 26.608456 -77.096603
v 102.747040 25.408455 -106.796600
v 102.747040 26.608456 -106.796600
v 113.124878 25.408455 -77.096603
v 113.124878 26.608456 -77.096603
v 113.124878 25.408455 -106.796600
v 113.124878 26.608456 -106.796600
v 102.747040 25.339249 -97.601830
v 102.747040 26.539249 -97.601830
v 102.747040 25.339249 -127.301826
v 102.747040 26.539249 -127.301826
v 113.286270 25.339249 -97.601830
v 113.286270 26.539249 -97.601830
v 113.286270 25.339249 -127.301826
v 113.286270 26.539249 -127.301826
v -116.363342 25.357311 124.502235
v -116.363342 26.557312 124.502235
v -116.363342 25.357311 94.802238
v -116.363342 26.557312 94.802238
v -105.252960 25.357311 124.502235
v -105.252960 26.557312 124.502235
v -105.252960 25.357311 94.802238
v -105.252960 26.557312 94.802238
v -117.916733 25.465427 102.869835
v -117.916733 26.665426 102.869835
v -117.916733 25.465427 73.169838
v -117.916733 26.665426 73.169838
v -105.252960 25.465427 102.869835
v -105.252960 26.665426 102.869835
v -105.252960 25.465427 73.169838
v -105.252960 26.665426 73.169838
v -117.521942 25.536663 82.587341
v -117.521942 26.736662 82.587341
v -117.521942 25.536663 52.887344
v -117.521942 26.736662 52.887344
v -105.252960 25.536663 82.587341
v -105.252960 26.736662 82.587341
v -105.252960 25.536663 52.887344
v -105.252960 26.736662 52.887344
v -119.976212 25.419695 55.243546
v -119.976212 26.619696 55.243546
v -119.976212 25.419695 25.543543
v -119.976212 26.619696 25.543543
v -105.252960 25.419695 55.243546
v -105.252960 26.619696 55.243546
v -105.252960 25.419695 25.543543
v -105.252960 26.619696 25.543543
v -120.707306 25.350416 35.462875
v -120.707306 26.550417 35.462875
v -120.707306 25.350416 5.762875
v -120.707306 26.550417 5.762875
v -105.252960 25.350416 35.462875
v -105.252960 26.550417 35.462875
v -105.252960 25.350416 5.762875
v -105.252960 26.550417 5.762875
v -118.207138 25.472261 14.086676
v -118.207138 26.672262 14.086676
v -118.207138 25.472261 -15.613325
v -118.207138 26.672262 -15.613325
v -105.252960 25.472261 14.086676
v -105.252960 26.672262 14.086676
v -105.252960 25.472261 -15.613325
v -105.252960 26.672262 -15.613325
v -119.201508 25.533039 -6.371515
v -119.201508 26.733038 -6.371515
v -119.201508 25.533039 -36.071518
v -119.201508 26.733038 -36.071518
v -105.252960 25.533039 -6.371515
v -105.252960 26.733038 -6.371515
v -105.252960 25.533039 -36.071518
v -105.252960 26.733038 -36.071518
v -117.510437 25.509829 -31.383804
v -117.510437 26.709829 -31.383804
v -117.510437 25.509829 -61.083809
v -117.510437 26.709829 -61.083809
v -105.252960 25.509829 -31.383804
v -105.252960 26.709829 -31.383804
v -105.252960 25.509829 -61.083809
v -105.252960 26.709829 -61.083809
v -117.464005 25.438416 -54.990875
v -117.464005 26.638416 -54.990875
v -117.464005 25.438416 -84.690872
v -117.464005 26.638416 -84.690872
v -105.252960 25.438416 -54.990875
v -105.252960 26.638416 -54.990875
v -105.252960 25.438416 -84.690872
v -105.252960 26.638416 -84.690872
v -120.636673 25.495007 -74.280487
v -120.636673 26.695007 -74.280487
v -120.636673 25.495007 -103.980484
v -120.636673 26.695007 -103.980484
v -105.252960 25.495007 -74.280487
v -105.252960 26.695007 -74.280487
v -105.252960 25.495007 -103.980484
v -105.252960 26.695007 -103.980484
v -117.139114 25.468180 -95.362175
v -117.139114 26.668180 -95.362175
v -117.139114 25.468180 -125.062172
v -117.139114 26.668180 -125.062172
v -105.252960 25.468180 -95.362175
v -105.252960 26.668180 -95.362175
v -105.252960 25.468180 -125.062172
v -105.252960 26.668180 -125.062172
v -120.252960 19.000000 121.738869
v -120.252960 26.000000 121.738869
v -120.252960 19.000000 -116.261131
v -120.252960 26.000000 -116.261131
v 117.747040 19.000000 121.738869
v 117.747040 26.000000 121.738869
v 117.747040 19.000000 -116.261131
v 117.747040 26.000000 -116.261131
vn -1.0000 -0.0000 -0.0000
vn -0.0000 -0.0000 -1.0000
vn 1.0000 -0.0000 -0.0000
vn -0.0000 -0.0000 1.0000
vn -0.0000 -1.0000 -0.0000
vn -0.0000 1.0000 -0.0000
vt 0.500000 0.500000
s 0
usemtl M_f_sand
f 1017/2/7 1018/2/7 1020/2/7 1019/2/7
f 1019/2/8 1020/2/8 1024/2/8 1023/2/8
f 1023/2/9 1024/2/9 1022/2/9 1021/2/9
f 1021/2/10 1022/2/10 1018/2/10 1017/2/10
f 1019/2/11 1023/2/11 1021/2/11 1017/2/11
f 1024/2/12 1020/2/12 1018/2/12 1022/2/12
f 1025/2/7 1026/2/7 1028/2/7 1027/2/7
f 1027/2/8 1028/2/8 1032/2/8 1031/2/8
f 1031/2/9 1032/2/9 1030/2/9 1029/2/9
f 1029/2/10 1030/2/10 1026/2/10 1025/2/10
f 1027/2/11 1031/2/11 1029/2/11 1025/2/11
f 1032/2/12 1028/2/12 1026/2/12 1030/2/12
f 1033/2/7 1034/2/7 1036/2/7 1035/2/7
f 1035/2/8 1036/2/8 1040/2/8 1039/2/8
f 1039/2/9 1040/2/9 1038/2/9 1037/2/9
f 1037/2/10 1038/2/10 1034/2/10 1033/2/10
f 1035/2/11 1039/2/11 1037/2/11 1033/2/11
f 1040/2/12 1036/2/12 1034/2/12 1038/2/12
f 1041/2/7 1042/2/7 1044/2/7 1043/2/7
f 1043/2/8 1044/2/8 1048/2/8 1047/2/8
f 1047/2/9 1048/2/9 1046/2/9 1045/2/9
f 1045/2/10 1046/2/10 1042/2/10 1041/2/10
f 1043/2/11 1047/2/11 1045/2/11 1041/2/11
f 1048/2/12 1044/2/12 1042/2/12 1046/2/12
f 1049/2/7 1050/2/7 1052/2/7 1051/2/7
f 1051/2/8 1052/2/8 1056/2/8 1055/2/8
f 1055/2/9 1056/2/9 1054/2/9 1053/2/9
f 1053/2/10 1054/2/10 1050/2/10 1049/2/10
f 1051/2/11 1055/2/11 1053/2/11 1049/2/11
f 1057/2/7 1058/2/7 1060/2/7 1059/2/7
f 1059/2/8 1060/2/8 1064/2/8 1063/2/8
f 1063/2/9 1064/2/9 1062/2/9 1061/2/9
f 1061/2/10 1062/2/10 1058/2/10 1057/2/10
f 1059/2/11 1063/2/11 1061/2/11 1057/2/11
f 1065/2/7 1066/2/7 1068/2/7 1067/2/7
f 1067/2/8 1068/2/8 1072/2/8 1071/2/8
f 1071/2/9 1072/2/9 1070/2/9 1069/2/9
f 1069/2/10 1070/2/10 1066/2/10 1065/2/10
f 1067/2/11 1071/2/11 1069/2/11 1065/2/11
f 1073/2/7 1074/2/7 1076/2/7 1075/2/7
f 1075/2/8 1076/2/8 1080/2/8 1079/2/8
f 1079/2/9 1080/2/9 1078/2/9 1077/2/9
f 1077/2/10 1078/2/10 1074/2/10 1073/2/10
f 1075/2/11 1079/2/11 1077/2/11 1073/2/11
f 1081/2/7 1082/2/7 1084/2/7 1083/2/7
f 1083/2/8 1084/2/8 1088/2/8 1087/2/8
f 1087/2/9 1088/2/9 1086/2/9 1085/2/9
f 1085/2/10 1086/2/10 1082/2/10 1081/2/10
f 1083/2/11 1087/2/11 1085/2/11 1081/2/11
f 1089/2/7 1090/2/7 1092/2/7 1091/2/7
f 1091/2/8 1092/2/8 1096/2/8 1095/2/8
f 1095/2/9 1096/2/9 1094/2/9 1093/2/9
f 1093/2/10 1094/2/10 1090/2/10 1089/2/10
f 1091/2/11 1095/2/11 1093/2/11 1089/2/11
f 1097/2/7 1098/2/7 1100/2/7 1099/2/7
f 1099/2/8 1100/2/8 1104/2/8 1103/2/8
f 1103/2/9 1104/2/9 1102/2/9 1101/2/9
f 1101/2/10 1102/2/10 1098/2/10 1097/2/10
f 1099/2/11 1103/2/11 1101/2/11 1097/2/11
f 1105/2/7 1106/2/7 1108/2/7 1107/2/7
f 1107/2/8 1108/2/8 1112/2/8 1111/2/8
f 1111/2/9 1112/2/9 1110/2/9 1109/2/9
f 1109/2/10 1110/2/10 1106/2/10 1105/2/10
f 1107/2/11 1111/2/11 1109/2/11 1105/2/11
f 1113/2/7 1114/2/7 1116/2/7 1115/2/7
f 1115/2/8 1116/2/8 1120/2/8 1119/2/8
f 1119/2/9 1120/2/9 1118/2/9 1117/2/9
f 1117/2/10 1118/2/10 1114/2/10 1113/2/10
f 1115/2/11 1119/2/11 1117/2/11 1113/2/11
f 1121/2/7 1122/2/7 1124/2/7 1123/2/7
f 1123/2/8 1124/2/8 1128/2/8 1127/2/8
f 1127/2/9 1128/2/9 1126/2/9 1125/2/9
f 1125/2/10 1126/2/10 1122/2/10 1121/2/10
f 1123/2/11 1127/2/11 1125/2/11 1121/2/11
f 1129/2/7 1130/2/7 1132/2/7 1131/2/7
f 1131/2/8 1132/2/8 1136/2/8 1135/2/8
f 1135/2/9 1136/2/9 1134/2/9 1133/2/9
f 1133/2/10 1134/2/10 1130/2/10 1129/2/10
f 1131/2/11 1135/2/11 1133/2/11 1129/2/11
f 1137/2/7 1138/2/7 1140/2/7 1139/2/7
f 1139/2/8 1140/2/8 1144/2/8 1143/2/8
f 1143/2/9 1144/2/9 1142/2/9 1141/2/9
f 1141/2/10 1142/2/10 1138/2/10 1137/2/10
f 1139/2/11 1143/2/11 1141/2/11 1137/2/11
f 1145/2/7 1146/2/7 1148/2/7 1147/2/7
f 1147/2/8 1148/2/8 1152/2/8 1151/2/8
f 1151/2/9 1152/2/9 1150/2/9 1149/2/9
f 1149/2/10 1150/2/10 1146/2/10 1145/2/10
f 1147/2/11 1151/2/11 1149/2/11 1145/2/11
f 1153/2/7 1154/2/7 1156/2/7 1155/2/7
f 1155/2/8 1156/2/8 1160/2/8 1159/2/8
f 1159/2/9 1160/2/9 1158/2/9 1157/2/9
f 1157/2/10 1158/2/10 1154/2/10 1153/2/10
f 1155/2/11 1159/2/11 1157/2/11 1153/2/11
f 1161/2/7 1162/2/7 1164/2/7 1163/2/7
f 1163/2/8 1164/2/8 1168/2/8 1167/2/8
f 1167/2/9 1168/2/9 1166/2/9 1165/2/9
f 1165/2/10 1166/2/10 1162/2/10 1161/2/10
f 1163/2/11 1167/2/11 1165/2/11 1161/2/11
f 1169/2/7 1170/2/7 1172/2/7 1171/2/7
f 1171/2/8 1172/2/8 1176/2/8 1175/2/8
f 1175/2/9 1176/2/9 1174/2/9 1173/2/9
f 1173/2/10 1174/2/10 1170/2/10 1169/2/10
f 1171/2/11 1175/2/11 1173/2/11 1169/2/11
f 1177/2/7 1178/2/7 1180/2/7 1179/2/7
f 1179/2/8 1180/2/8 1184/2/8 1183/2/8
f 1183/2/9 1184/2/9 1182/2/9 1181/2/9
f 1181/2/10 1182/2/10 1178/2/10 1177/2/10
f 1179/2/11 1183/2/11 1181/2/11 1177/2/11
f 1185/2/7 1186/2/7 1188/2/7 1187/2/7
f 1187/2/8 1188/2/8 1192/2/8 1191/2/8
f 1191/2/9 1192/2/9 1190/2/9 1189/2/9
f 1189/2/10 1190/2/10 1186/2/10 1185/2/10
f 1187/2/11 1191/2/11 1189/2/11 1185/2/11
f 1193/2/7 1194/2/7 1196/2/7 1195/2/7
f 1195/2/8 1196/2/8 1200/2/8 1199/2/8
f 1199/2/9 1200/2/9 1198/2/9 1197/2/9
f 1197/2/10 1198/2/10 1194/2/10 1193/2/10
f 1195/2/11 1199/2/11 1197/2/11 1193/2/11
f 1201/2/7 1202/2/7 1204/2/7 1203/2/7
f 1203/2/8 1204/2/8 1208/2/8 1207/2/8
f 1207/2/9 1208/2/9 1206/2/9 1205/2/9
f 1205/2/10 1206/2/10 1202/2/10 1201/2/10
f 1203/2/11 1207/2/11 1205/2/11 1201/2/11
f 1209/2/7 1210/2/7 1212/2/7 1211/2/7
f 1211/2/8 1212/2/8 1216/2/8 1215/2/8
f 1215/2/9 1216/2/9 1214/2/9 1213/2/9
f 1213/2/10 1214/2/10 1210/2/10 1209/2/10
f 1211/2/11 1215/2/11 1213/2/11 1209/2/11
f 1217/2/7 1218/2/7 1220/2/7 1219/2/7
f 1219/2/8 1220/2/8 1224/2/8 1223/2/8
f 1223/2/9 1224/2/9 1222/2/9 1221/2/9
f 1221/2/10 1222/2/10 1218/2/10 1217/2/10
f 1219/2/11 1223/2/11 1221/2/11 1217/2/11
f 1225/2/7 1226/2/7 1228/2/7 1227/2/7
f 1227/2/8 1228/2/8 1232/2/8 1231/2/8
f 1231/2/9 1232/2/9 1230/2/9 1229/2/9
f 1229/2/10 1230/2/10 1226/2/10 1225/2/10
f 1227/2/11 1231/2/11 1229/2/11 1225/2/11
f 1233/2/7 1234/2/7 1236/2/7 1235/2/7
f 1235/2/8 1236/2/8 1240/2/8 1239/2/8
f 1239/2/9 1240/2/9 1238/2/9 1237/2/9
f 1237/2/10 1238/2/10 1234/2/10 1233/2/10
f 1235/2/11 1239/2/11 1237/2/11 1233/2/11
f 1241/2/7 1242/2/7 1244/2/7 1243/2/7
f 1243/2/8 1244/2/8 1248/2/8 1247/2/8
f 1247/2/9 1248/2/9 1246/2/9 1245/2/9
f 1245/2/10 1246/2/10 1242/2/10 1241/2/10
f 1243/2/11 1247/2/11 1245/2/11 1241/2/11
f 1249/2/7 1250/2/7 1252/2/7 1251/2/7
f 1251/2/8 1252/2/8 1256/2/8 1255/2/8
f 1255/2/9 1256/2/9 1254/2/9 1253/2/9
f 1253/2/10 1254/2/10 1250/2/10 1249/2/10
f 1251/2/11 1255/2/11 1253/2/11 1249/2/11
f 1257/2/7 1258/2/7 1260/2/7 1259/2/7
f 1259/2/8 1260/2/8 1264/2/8 1263/2/8
f 1263/2/9 1264/2/9 1262/2/9 1261/2/9
f 1261/2/10 1262/2/10 1258/2/10 1257/2/10
f 1259/2/11 1263/2/11 1261/2/11 1257/2/11
f 1265/2/7 1266/2/7 1268/2/7 1267/2/7
f 1267/2/8 1268/2/8 1272/2/8 1271/2/8
f 1271/2/9 1272/2/9 1270/2/9 1269/2/9
f 1269/2/10 1270/2/10 1266/2/10 1265/2/10
f 1267/2/11 1271/2/11 1269/2/11 1265/2/11
f 1273/2/7 1274/2/7 1276/2/7 1275/2/7
f 1275/2/8 1276/2/8 1280/2/8 1279/2/8
f 1279/2/9 1280/2/9 1278/2/9 1277/2/9
f 1277/2/10 1278/2/10 1274/2/10 1273/2/10
f 1275/2/11 1279/2/11 1277/2/11 1273/2/11
f 1281/2/7 1282/2/7 1284/2/7 1283/2/7
f 1283/2/8 1284/2/8 1288/2/8 1287/2/8
f 1287/2/9 1288/2/9 1286/2/9 1285/2/9
f 1285/2/10 1286/2/10 1282/2/10 1281/2/10
f 1283/2/11 1287/2/11 1285/2/11 1281/2/11
f 1289/2/7 1290/2/7 1292/2/7 1291/2/7
f 1291/2/8 1292/2/8 1296/2/8 1295/2/8
f 1295/2/9 1296/2/9 1294/2/9 1293/2/9
f 1293/2/10 1294/2/10 1290/2/10 1289/2/10
f 1291/2/11 1295/2/11 1293/2/11 1289/2/11
f 1297/2/7 1298/2/7 1300/2/7 1299/2/7
f 1299/2/8 1300/2/8 1304/2/8 1303/2/8
f 1303/2/9 1304/2/9 1302/2/9 1301/2/9
f 1301/2/10 1302/2/10 1298/2/10 1297/2/10
f 1299/2/11 1303/2/11 1301/2/11 1297/2/11
f 1305/2/7 1306/2/7 1308/2/7 1307/2/7
f 1307/2/8 1308/2/8 1312/2/8 1311/2/8
f 1311/2/9 1312/2/9 1310/2/9 1309/2/9
f 1309/2/10 1310/2/10 1306/2/10 1305/2/10
f 1307/2/11 1311/2/11 1309/2/11 1305/2/11
f 1313/2/7 1314/2/7 1316/2/7 1315/2/7
f 1315/2/8 1316/2/8 1320/2/8 1319/2/8
f 1319/2/9 1320/2/9 1318/2/9 1317/2/9
f 1317/2/10 1318/2/10 1314/2/10 1313/2/10
f 1315/2/11 1319/2/11 1317/2/11 1313/2/11
f 1321/2/7 1322/2/7 1324/2/7 1323/2/7
f 1323/2/8 1324/2/8 1328/2/8 1327/2/8
f 1327/2/9 1328/2/9 1326/2/9 1325/2/9
f 1325/2/10 1326/2/10 1322/2/10 1321/2/10
f 1323/2/11 1327/2/11 1325/2/11 1321/2/11
f 1329/2/7 1330/2/7 1332/2/7 1331/2/7
f 1331/2/8 1332/2/8 1336/2/8 1335/2/8
f 1335/2/9 1336/2/9 1334/2/9 1333/2/9
f 1333/2/10 1334/2/10 1330/2/10 1329/2/10
f 1331/2/11 1335/2/11 1333/2/11 1329/2/11
f 1337/2/7 1338/2/7 1340/2/7 1339/2/7
f 1339/2/8 1340/2/8 1344/2/8 1343/2/8
f 1343/2/9 1344/2/9 1342/2/9 1341/2/9
f 1341/2/10 1342/2/10 1338/2/10 1337/2/10
f 1339/2/11 1343/2/11 1341/2/11 1337/2/11
f 1345/2/7 1346/2/7 1348/2/7 1347/2/7
f 1347/2/8 1348/2/8 1352/2/8 1351/2/8
f 1351/2/9 1352/2/9 1350/2/9 1349/2/9
f 1349/2/10 1350/2/10 1346/2/10 1345/2/10
f 1347/2/11 1351/2/11 1349/2/11 1345/2/11
f 1353/2/7 1354/2/7 1356/2/7 1355/2/7
f 1355/2/8 1356/2/8 1360/2/8 1359/2/8
f 1359/2/9 1360/2/9 1358/2/9 1357/2/9
f 1357/2/10 1358/2/10 1354/2/10 1353/2/10
f 1355/2/11 1359/2/11 1357/2/11 1353/2/11
f 1361/2/7 1362/2/7 1364/2/7 1363/2/7
f 1363/2/8 1364/2/8 1368/2/8 1367/2/8
f 1367/2/9 1368/2/9 1366/2/9 1365/2/9
f 1365/2/10 1366/2/10 1362/2/10 1361/2/10
f 1363/2/11 1367/2/11 1365/2/11 1361/2/11
f 1369/2/7 1370/2/7 1372/2/7 1371/2/7
f 1371/2/8 1372/2/8 1376/2/8 1375/2/8
f 1375/2/9 1376/2/9 1374/2/9 1373/2/9
f 1373/2/10 1374/2/10 1370/2/10 1369/2/10
f 1371/2/11 1375/2/11 1373/2/11 1369/2/11
f 1377/2/7 1378/2/7 1380/2/7 1379/2/7
f 1379/2/8 1380/2/8 1384/2/8 1383/2/8
f 1383/2/9 1384/2/9 1382/2/9 1381/2/9
f 1381/2/10 1382/2/10 1378/2/10 1377/2/10
f 1379/2/11 1383/2/11 1381/2/11 1377/2/11
f 1385/2/7 1386/2/7 1388/2/7 1387/2/7
f 1387/2/8 1388/2/8 1392/2/8 1391/2/8
f 1391/2/9 1392/2/9 1390/2/9 1389/2/9
f 1389/2/10 1390/2/10 1386/2/10 1385/2/10
f 1387/2/11 1391/2/11 1389/2/11 1385/2/11
f 1393/2/7 1394/2/7 1396/2/7 1395/2/7
f 1395/2/8 1396/2/8 1400/2/8 1399/2/8
f 1399/2/9 1400/2/9 1398/2/9 1397/2/9
f 1397/2/10 1398/2/10 1394/2/10 1393/2/10
f 1395/2/11 1399/2/11 1397/2/11 1393/2/11
f 1401/2/7 1402/2/7 1404/2/7 1403/2/7
f 1403/2/8 1404/2/8 1408/2/8 1407/2/8
f 1407/2/9 1408/2/9 1406/2/9 1405/2/9
f 1405/2/10 1406/2/10 1402/2/10 1401/2/10
f 1403/2/11 1407/2/11 1405/2/11 1401/2/11
f 1409/2/7 1410/2/7 1412/2/7 1411/2/7
f 1411/2/8 1412/2/8 1416/2/8 1415/2/8
f 1415/2/9 1416/2/9 1414/2/9 1413/2/9
f 1413/2/10 1414/2/10 1410/2/10 1409/2/10
f 1411/2/11 1415/2/11 1413/2/11 1409/2/11
f 1417/2/7 1418/2/7 1420/2/7 1419/2/7
f 1419/2/8 1420/2/8 1424/2/8 1423/2/8
f 1423/2/9 1424/2/9 1422/2/9 1421/2/9
f 1421/2/10 1422/2/10 1418/2/10 1417/2/10
f 1419/2/11 1423/2/11 1421/2/11 1417/2/11
f 1425/2/7 1426/2/7 1428/2/7 1427/2/7
f 1427/2/8 1428/2/8 1432/2/8 1431/2/8
f 1431/2/9 1432/2/9 1430/2/9 1429/2/9
f 1429/2/10 1430/2/10 1426/2/10 1425/2/10
f 1427/2/11 1431/2/11 1429/2/11 1425/2/11
f 1433/2/7 1434/2/7 1436/2/7 1435/2/7
f 1435/2/8 1436/2/8 1440/2/8 1439/2/8
f 1439/2/9 1440/2/9 1438/2/9 1437/2/9
f 1437/2/10 1438/2/10 1434/2/10 1433/2/10
f 1435/2/11 1439/2/11 1437/2/11 1433/2/11
f 1441/2/7 1442/2/7 1444/2/7 1443/2/7
f 1443/2/8 1444/2/8 1448/2/8 1447/2/8
f 1447/2/9 1448/2/9 1446/2/9 1445/2/9
f 1445/2/10 1446/2/10 1442/2/10 1441/2/10
f 1443/2/11 1447/2/11 1445/2/11 1441/2/11
f 1449/2/7 1450/2/7 1452/2/7 1451/2/7
f 1451/2/8 1452/2/8 1456/2/8 1455/2/8
f 1455/2/9 1456/2/9 1454/2/9 1453/2/9
f 1453/2/10 1454/2/10 1450/2/10 1449/2/10
f 1451/2/11 1455/2/11 1453/2/11 1449/2/11
f 1457/2/7 1458/2/7 1460/2/7 1459/2/7
f 1459/2/8 1460/2/8 1464/2/8 1463/2/8
f 1463/2/9 1464/2/9 1462/2/9 1461/2/9
f 1461/2/10 1462/2/10 1458/2/10 1457/2/10
f 1459/2/11 1463/2/11 1461/2/11 1457/2/11
f 1465/2/7 1466/2/7 1468/2/7 1467/2/7
f 1467/2/8 1468/2/8 1472/2/8 1471/2/8
f 1471/2/9 1472/2/9 1470/2/9 1469/2/9
f 1469/2/10 1470/2/10 1466/2/10 1465/2/10
f 1467/2/11 1471/2/11 1469/2/11 1465/2/11
f 1473/2/7 1474/2/7 1476/2/7 1475/2/7
f 1475/2/8 1476/2/8 1480/2/8 1479/2/8
f 1479/2/9 1480/2/9 1478/2/9 1477/2/9
f 1477/2/10 1478/2/10 1474/2/10 1473/2/10
f 1475/2/11 1479/2/11 1477/2/11 1473/2/11
f 1481/2/7 1482/2/7 1484/2/7 1483/2/7
f 1483/2/8 1484/2/8 1488/2/8 1487/2/8
f 1487/2/9 1488/2/9 1486/2/9 1485/2/9
f 1485/2/10 1486/2/10 1482/2/10 1481/2/10
f 1483/2/11 1487/2/11 1485/2/11 1481/2/11
f 1489/2/7 1490/2/7 1492/2/7 1491/2/7
f 1491/2/8 1492/2/8 1496/2/8 1495/2/8
f 1495/2/9 1496/2/9 1494/2/9 1493/2/9
f 1493/2/10 1494/2/10 1490/2/10 1489/2/10
f 1491/2/11 1495/2/11 1493/2/11 1489/2/11
f 1497/2/7 1498/2/7 1500/2/7 1499/2/7
f 1499/2/8 1500/2/8 1504/2/8 1503/2/8
f 1503/2/9 1504/2/9 1502/2/9 1501/2/9
f 1501/2/10 1502/2/10 1498/2/10 1497/2/10
f 1499/2/11 1503/2/11 1501/2/11 1497/2/11
f 1505/2/7 1506/2/7 1508/2/7 1507/2/7
f 1507/2/8 1508/2/8 1512/2/8 1511/2/8
f 1511/2/9 1512/2/9 1510/2/9 1509/2/9
f 1509/2/10 1510/2/10 1506/2/10 1505/2/10
f 1507/2/11 1511/2/11 1509/2/11 1505/2/11
f 1513/2/7 1514/2/7 1516/2/7 1515/2/7
f 1515/2/8 1516/2/8 1520/2/8 1519/2/8
f 1519/2/9 1520/2/9 1518/2/9 1517/2/9
f 1517/2/10 1518/2/10 1514/2/10 1513/2/10
f 1515/2/11 1519/2/11 1517/2/11 1513/2/11
f 1521/2/7 1522/2/7 1524/2/7 1523/2/7
f 1523/2/8 1524/2/8 1528/2/8 1527/2/8
f 1527/2/9 1528/2/9 1526/2/9 1525/2/9
f 1525/2/10 1526/2/10 1522/2/10 1521/2/10
f 1523/2/11 1527/2/11 1525/2/11 1521/2/11
f 1529/2/7 1530/2/7 1532/2/7 1531/2/7
f 1531/2/8 1532/2/8 1536/2/8 1535/2/8
f 1535/2/9 1536/2/9 1534/2/9 1533/2/9
f 1533/2/10 1534/2/10 1530/2/10 1529/2/10
f 1531/2/11 1535/2/11 1533/2/11 1529/2/11
f 1537/2/7 1538/2/7 1540/2/7 1539/2/7
f 1539/2/8 1540/2/8 1544/2/8 1543/2/8
f 1543/2/9 1544/2/9 1542/2/9 1541/2/9
f 1541/2/10 1542/2/10 1538/2/10 1537/2/10
f 1539/2/11 1543/2/11 1541/2/11 1537/2/11
f 1545/2/7 1546/2/7 1548/2/7 1547/2/7
f 1547/2/8 1548/2/8 1552/2/8 1551/2/8
f 1551/2/9 1552/2/9 1550/2/9 1549/2/9
f 1549/2/10 1550/2/10 1546/2/10 1545/2/10
f 1547/2/11 1551/2/11 1549/2/11 1545/2/11
f 1553/2/7 1554/2/7 1556/2/7 1555/2/7
f 1555/2/8 1556/2/8 1560/2/8 1559/2/8
f 1559/2/9 1560/2/9 1558/2/9 1557/2/9
f 1557/2/10 1558/2/10 1554/2/10 1553/2/10
f 1555/2/11 1559/2/11 1557/2/11 1553/2/11
f 1561/2/7 1562/2/7 1564/2/7 1563/2/7
f 1563/2/8 1564/2/8 1568/2/8 1567/2/8
f 1567/2/9 1568/2/9 1566/2/9 1565/2/9
f 1565/2/10 1566/2/10 1562/2/10 1561/2/10
f 1563/2/11 1567/2/11 1565/2/11 1561/2/11
f 1569/2/7 1570/2/7 1572/2/7 1571/2/7
f 1571/2/8 1572/2/8 1576/2/8 1575/2/8
f 1575/2/9 1576/2/9 1574/2/9 1573/2/9
f 1573/2/10 1574/2/10 1570/2/10 1569/2/10
f 1571/2/11 1575/2/11 1573/2/11 1569/2/11
f 1577/2/7 1578/2/7 1580/2/7 1579/2/7
f 1579/2/8 1580/2/8 1584/2/8 1583/2/8
f 1583/2/9 1584/2/9 1582/2/9 1581/2/9
f 1581/2/10 1582/2/10 1578/2/10 1577/2/10
f 1579/2/11 1583/2/11 1581/2/11 1577/2/11
f 1585/2/7 1586/2/7 1588/2/7 1587/2/7
f 1587/2/8 1588/2/8 1592/2/8 1591/2/8
f 1591/2/9 1592/2/9 1590/2/9 1589/2/9
f 1589/2/10 1590/2/10 1586/2/10 1585/2/10
f 1587/2/11 1591/2/11 1589/2/11 1585/2/11
f 1593/2/7 1594/2/7 1596/2/7 1595/2/7
f 1595/2/8 1596/2/8 1600/2/8 1599/2/8
f 1599/2/9 1600/2/9 1598/2/9 1597/2/9
f 1597/2/10 1598/2/10 1594/2/10 1593/2/10
f 1595/2/11 1599/2/11 1597/2/11 1593/2/11
f 1601/2/7 1602/2/7 1604/2/7 1603/2/7
f 1603/2/8 1604/2/8 1608/2/8 1607/2/8
f 1607/2/9 1608/2/9 1606/2/9 1605/2/9
f 1605/2/10 1606/2/10 1602/2/10 1601/2/10
f 1603/2/11 1607/2/11 1605/2/11 1601/2/11
f 1609/2/7 1610/2/7 1612/2/7 1611/2/7
f 1611/2/8 1612/2/8 1616/2/8 1615/2/8
f 1615/2/9 1616/2/9 1614/2/9 1613/2/9
f 1613/2/10 1614/2/10 1610/2/10 1609/2/10
f 1611/2/11 1615/2/11 1613/2/11 1609/2/11
f 1617/2/7 1618/2/7 1620/2/7 1619/2/7
f 1619/2/8 1620/2/8 1624/2/8 1623/2/8
f 1623/2/9 1624/2/9 1622/2/9 1621/2/9
f 1621/2/10 1622/2/10 1618/2/10 1617/2/10
f 1619/2/11 1623/2/11 1621/2/11 1617/2/11
f 1625/2/7 1626/2/7 1628/2/7 1627/2/7
f 1627/2/8 1628/2/8 1632/2/8 1631/2/8
f 1631/2/9 1632/2/9 1630/2/9 1629/2/9
f 1629/2/10 1630/2/10 1626/2/10 1625/2/10
f 1627/2/11 1631/2/11 1629/2/11 1625/2/11
f 1633/2/7 1634/2/7 1636/2/7 1635/2/7
f 1635/2/8 1636/2/8 1640/2/8 1639/2/8
f 1639/2/9 1640/2/9 1638/2/9 1637/2/9
f 1637/2/10 1638/2/10 1634/2/10 1633/2/10
f 1635/2/11 1639/2/11 1637/2/11 1633/2/11
f 1641/2/7 1642/2/7 1644/2/7 1643/2/7
f 1643/2/8 1644/2/8 1648/2/8 1647/2/8
f 1647/2/9 1648/2/9 1646/2/9 1645/2/9
f 1645/2/10 1646/2/10 1642/2/10 1641/2/10
f 1643/2/11 1647/2/11 1645/2/11 1641/2/11
f 1649/2/7 1650/2/7 1652/2/7 1651/2/7
f 1651/2/8 1652/2/8 1656/2/8 1655/2/8
f 1655/2/9 1656/2/9 1654/2/9 1653/2/9
f 1653/2/10 1654/2/10 1650/2/10 1649/2/10
f 1651/2/11 1655/2/11 1653/2/11 1649/2/11
f 1657/2/7 1658/2/7 1660/2/7 1659/2/7
f 1659/2/8 1660/2/8 1664/2/8 1663/2/8
f 1663/2/9 1664/2/9 1662/2/9 1661/2/9
f 1661/2/10 1662/2/10 1658/2/10 1657/2/10
f 1659/2/11 1663/2/11 1661/2/11 1657/2/11
f 1665/2/7 1666/2/7 1668/2/7 1667/2/7
f 1667/2/8 1668/2/8 1672/2/8 1671/2/8
f 1671/2/9 1672/2/9 1670/2/9 1669/2/9
f 1669/2/10 1670/2/10 1666/2/10 1665/2/10
f 1667/2/11 1671/2/11 1669/2/11 1665/2/11
f 1673/2/7 1674/2/7 1676/2/7 1675/2/7
f 1675/2/8 1676/2/8 1680/2/8 1679/2/8
f 1679/2/9 1680/2/9 1678/2/9 1677/2/9
f 1677/2/10 1678/2/10 1674/2/10 1673/2/10
f 1675/2/11 1679/2/11 1677/2/11 1673/2/11
f 1681/2/7 1682/2/7 1684/2/7 1683/2/7
f 1683/2/8 1684/2/8 1688/2/8 1687/2/8
f 1687/2/9 1688/2/9 1686/2/9 1685/2/9
f 1685/2/10 1686/2/10 1682/2/10 1681/2/10
f 1683/2/11 1687/2/11 1685/2/11 1681/2/11
f 1689/2/7 1690/2/7 1692/2/7 1691/2/7
f 1691/2/8 1692/2/8 1696/2/8 1695/2/8
f 1695/2/9 1696/2/9 1694/2/9 1693/2/9
f 1693/2/10 1694/2/10 1690/2/10 1689/2/10
f 1691/2/11 1695/2/11 1693/2/11 1689/2/11
f 1697/2/7 1698/2/7 1700/2/7 1699/2/7
f 1699/2/8 1700/2/8 1704/2/8 1703/2/8
f 1703/2/9 1704/2/9 1702/2/9 1701/2/9
f 1701/2/10 1702/2/10 1698/2/10 1697/2/10
f 1699/2/11 1703/2/11 1701/2/11 1697/2/11
f 1705/2/7 1706/2/7 1708/2/7 1707/2/7
f 1707/2/8 1708/2/8 1712/2/8 1711/2/8
f 1711/2/9 1712/2/9 1710/2/9 1709/2/9
f 1709/2/10 1710/2/10 1706/2/10 1705/2/10
f 1707/2/11 1711/2/11 1709/2/11 1705/2/11
f 1713/2/7 1714/2/7 1716/2/7 1715/2/7
f 1715/2/8 1716/2/8 1720/2/8 1719/2/8
f 1719/2/9 1720/2/9 1718/2/9 1717/2/9
f 1717/2/10 1718/2/10 1714/2/10 1713/2/10
f 1715/2/11 1719/2/11 1717/2/11 1713/2/11
f 1721/2/7 1722/2/7 1724/2/7 1723/2/7
f 1723/2/8 1724/2/8 1728/2/8 1727/2/8
f 1727/2/9 1728/2/9 1726/2/9 1725/2/9
f 1725/2/10 1726/2/10 1722/2/10 1721/2/10
f 1723/2/11 1727/2/11 1725/2/11 1721/2/11
f 1729/2/7 1730/2/7 1732/2/7 1731/2/7
f 1731/2/8 1732/2/8 1736/2/8 1735/2/8
f 1735/2/9 1736/2/9 1734/2/9 1733/2/9
f 1733/2/10 1734/2/10 1730/2/10 1729/2/10
f 1731/2/11 1735/2/11 1733/2/11 1729/2/11
f 1737/2/7 1738/2/7 1740/2/7 1739/2/7
f 1739/2/8 1740/2/8 1744/2/8 1743/2/8
f 1743/2/9 1744/2/9 1742/2/9 1741/2/9
f 1741/2/10 1742/2/10 1738/2/10 1737/2/10
f 1739/2/11 1743/2/11 1741/2/11 1737/2/11
f 1745/2/7 1746/2/7 1748/2/7 1747/2/7
f 1747/2/8 1748/2/8 1752/2/8 1751/2/8
f 1751/2/9 1752/2/9 1750/2/9 1749/2/9
f 1749/2/10 1750/2/10 1746/2/10 1745/2/10
f 1747/2/11 1751/2/11 1749/2/11 1745/2/11
f 1753/2/7 1754/2/7 1756/2/7 1755/2/7
f 1755/2/8 1756/2/8 1760/2/8 1759/2/8
f 1759/2/9 1760/2/9 1758/2/9 1757/2/9
f 1757/2/10 1758/2/10 1754/2/10 1753/2/10
f 1755/2/11 1759/2/11 1757/2/11 1753/2/11
f 1760/2/12 1756/2/12 1754/2/12 1758/2/12
o M_f_green
v -103.252960 26.500000 104.738869
v -103.252960 27.700001 104.738869
v -103.252960 26.500000 -99.261131
v -103.252960 27.700001 -99.261131
v 100.747040 26.500000 104.738869
v 100.747040 27.700001 104.738869
v 100.747040 26.500000 -99.261131
v 100.747040 27.700001 -99.261131
v -68.252960 27.510000 69.738869
v -68.252960 27.950001 69.738869
v -68.252960 27.510000 -64.261131
v -68.252960 27.950001 -64.261131
v -5.252960 27.510000 69.738869
v -5.252960 27.950001 69.738869
v -5.252960 27.510000 -64.261131
v -5.252960 27.950001 -64.261131
vn -1.0000 -0.0000 -0.0000
vn -0.0000 -0.0000 -1.0000
vn 1.0000 -0.0000 -0.0000
vn -0.0000 -0.0000 1.0000
vn -0.0000 -1.0000 -0.0000
vt 0.500000 0.500000
s 0
usemtl M_f_green
f 1761/3/13 1762/3/13 1764/3/13 1763/3/13
f 1763/3/14 1764/3/14 1768/3/14 1767/3/14
f 1767/3/15 1768/3/15 1766/3/15 1765/3/15
f 1765/3/16 1766/3/16 1762/3/16 1761/3/16
f 1763/3/17 1767/3/17 1765/3/17 1761/3/17
f 1769/3/13 1770/3/13 1772/3/13 1771/3/13
f 1771/3/14 1772/3/14 1776/3/14 1775/3/14
f 1775/3/15 1776/3/15 1774/3/15 1773/3/15
f 1773/3/16 1774/3/16 1770/3/16 1769/3/16
f 1771/3/17 1775/3/17 1773/3/17 1769/3/17
o M_grass
v -103.252960 27.700001 104.738869
v -103.252960 27.700001 -99.261131
v 100.747040 27.700001 104.738869
v 100.747040 27.700001 -99.261131
v -68.252960 27.950001 69.738869
v -68.252960 27.950001 -64.261131
v -5.252960 27.950001 69.738869
v -5.252960 27.950001 -64.261131
vn -0.0000 1.0000 -0.0000
vt 25.500000 25.500000
vt -25.500000 25.500000
vt -25.500000 -25.500000
vt 25.500000 -25.500000
vt -1.000000 16.750000
vt -16.750000 16.750000
vt -16.750000 -16.750000
vt -1.000000 -16.750000
s 0
usemtl M_grass
f 1780/4/18 1778/5/18 1777/6/18 1779/7/18
f 1784/8/18 1782/9/18 1781/10/18 1783/11/18
o M_sand
v -121.798439 27.323259 -93.261131
v -121.798439 27.323259 -108.015099
v -92.098442 27.323259 -93.261131
v -92.098442 27.323259 -108.015099
v -75.543953 27.200424 -93.261131
v -75.543953 27.200424 -108.679176
v -45.843956 27.200424 -93.261131
v -45.843956 27.200424 -108.679176
v -31.946693 27.319149 -93.261131
v -31.946693 27.319149 -112.782768
v -2.246692 27.319149 -93.261131
v -2.246692 27.319149 -112.782768
v 6.938957 27.308382 -93.261131
v 6.938957 27.308382 -110.253868
v 36.638958 27.308382 -93.261131
v 36.638958 27.308382 -110.253868
v 56.727493 27.332741 -93.261131
v 56.727493 27.332741 -110.144249
v 86.427490 27.332741 -93.261131
v 86.427490 27.332741 -110.144249
v 98.660881 27.281023 -93.261131
v 98.660881 27.281023 -109.188057
v 128.360886 27.281023 -93.261131
v 128.360886 27.281023 -109.188057
v -98.718483 27.249908 114.957573
v -98.718483 27.249908 98.738869
v -69.018486 27.249908 114.957573
v -69.018486 27.249908 98.738869
v -57.671150 27.309776 114.749016
v -57.671150 27.309776 98.738869
v -27.971148 27.309776 114.749016
v -27.971148 27.309776 98.738869
v -14.594730 27.299166 115.471809
v -14.594730 27.299166 98.738869
v 15.105270 27.299166 115.471809
v 15.105270 27.299166 98.738869
v 34.331253 27.329605 118.452461
v 34.331253 27.329605 98.738869
v 64.031250 27.329605 118.452461
v 64.031250 27.329605 98.738869
v 74.365456 27.149433 118.604195
v 74.365456 27.149433 98.738869
v 104.065453 27.149433 118.604195
v 104.065453 27.149433 98.738869
v 94.747040 27.340702 121.947739
v 94.747040 27.340702 92.247742
v 113.891891 27.340702 121.947739
v 113.891891 27.340702 92.247742
v 94.747040 27.301773 81.631317
v 94.747040 27.301773 51.931320
v 111.841431 27.301773 81.631317
v 111.841431 27.301773 51.931320
v 94.747040 27.189928 33.198326
v 94.747040 27.189928 3.498327
v 109.191315 27.189928 33.198326
v 109.191315 27.189928 3.498327
v 94.747040 27.160255 -11.374805
v 94.747040 27.160255 -41.074806
v 111.861359 27.160255 -11.374805
v 111.861359 27.160255 -41.074806
v 94.747040 27.169916 -52.636047
v 94.747040 27.169916 -82.336044
v 111.727737 27.169916 -52.636047
v 111.727737 27.169916 -82.336044
v 94.747040 27.326559 -99.038872
v 94.747040 27.326559 -128.738861
v 114.024048 27.326559 -99.038872
v 114.024048 27.326559 -128.738861
v -112.902863 27.256777 103.933846
v -112.902863 27.256777 74.233849
v -97.252960 27.256777 103.933846
v -97.252960 27.256777 74.233849
v -111.889816 27.287361 56.676163
v -111.889816 27.287361 26.976164
v -97.252960 27.287361 56.676163
v -97.252960 27.287361 26.976164
v -115.432571 27.192078 15.454700
v -115.432571 27.192078 -14.245300
v -97.252960 27.192078 15.454700
v -97.252960 27.192078 -14.245300
v -112.025558 27.187815 -32.310127
v -112.025558 27.187815 -62.010124
v -97.252960 27.187815 -32.310127
v -97.252960 27.187815 -62.010124
v -116.814392 27.309389 -72.541992
v -116.814392 27.309389 -102.241989
v -97.252960 27.309389 -72.541992
v -97.252960 27.309389 -102.241989
v -98.448761 26.654501 -101.261131
v -98.448761 26.654501 -111.281487
v -68.748764 26.654501 -101.261131
v -68.748764 26.654501 -111.281487
v -54.425293 26.707617 -101.261131
v -54.425293 26.707617 -116.687950
v -24.725290 26.707617 -101.261131
v -24.725290 26.707617 -116.687950
v -12.975184 26.602757 -101.261131
v -12.975184 26.602757 -113.492760
v 16.724815 26.602757 -101.261131
v 16.724815 26.602757 -113.492760
v 32.085541 26.594967 -101.261131
v 32.085541 26.594967 -115.759941
v 61.785538 26.594967 -101.261131
v 61.785538 26.594967 -115.759941
v 77.279655 26.725742 -101.261131
v 77.279655 26.725742 -114.886452
v 106.979652 26.725742 -101.261131
v 106.979652 26.725742 -114.886452
v -119.873489 26.556612 117.656242
v -119.873489 26.556612 106.738869
v -90.173492 26.556612 117.656242
v -90.173492 26.556612 106.738869
v -75.665108 26.714321 120.251427
v -75.665108 26.714321 106.738869
v -45.965111 26.714321 120.251427
v -45.965111 26.714321 106.738869
v -33.942348 26.737299 121.113655
v -33.942348 26.737299 106.738869
v -4.242348 26.737299 121.113655
v -4.242348 26.737299 106.738869
v 8.873304 26.532808 119.119347
v 8.873304 26.532808 106.738869
v 38.573303 26.532808 119.119347
v 38.573303 26.532808 106.738869
v 54.988899 26.683353 120.628746
v 54.988899 26.683353 106.738869
v 84.688896 26.683353 120.628746
v 84.688896 26.683353 106.738869
v 98.555832 26.608644 120.258644
v 98.555832 26.608644 106.738869
v 128.255829 26.608644 120.258644
v 128.255829 26.608644 106.738869
v 102.747040 26.553480 103.188225
v 102.747040 26.553480 73.488228
v 116.788773 26.553480 103.188225
v 116.788773 26.553480 73.488228
v 102.747040 26.558554 59.438843
v 102.747040 26.558554 29.738844
v 117.649612 26.558554 59.438843
v 117.649612 26.558554 29.738844
v 102.747040 26.678434 12.912344
v 102.747040 26.678434 -16.787657
v 118.230286 26.678434 12.912344
v 118.230286 26.678434 -16.787657
v 102.747040 26.599030 -28.628874
v 102.747040 26.599030 -58.328873
v 114.823532 26.599030 -28.628874
v 114.823532 26.599030 -58.328873
v 102.747040 26.608456 -77.096603
v 102.747040 26.608456 -106.796600
v 113.124878 26.608456 -77.096603
v 113.124878 26.608456 -106.796600
v -116.363342 26.557312 124.502235
v -116.363342 26.557312 94.802238
v -105.252960 26.557312 124.502235
v -105.252960 26.557312 94.802238
v -117.521942 26.736662 82.587341
v -117.521942 26.736662 52.887344
v -105.252960 26.736662 82.587341
v -105.252960 26.736662 52.887344
v -120.707306 26.550417 35.462875
v -120.707306 26.550417 5.762875
v -105.252960 26.550417 35.462875
v -105.252960 26.550417 5.762875
v -119.201508 26.733038 -6.371515
v -119.201508 26.733038 -36.071518
v -105.252960 26.733038 -6.371515
v -105.252960 26.733038 -36.071518
v -117.464005 26.638416 -54.990875
v -117.464005 26.638416 -84.690872
v -105.252960 26.638416 -54.990875
v -105.252960 26.638416 -84.690872
v -117.139114 26.668180 -95.362175
v -117.139114 26.668180 -125.062172
v -105.252960 26.668180 -95.362175
v -105.252960 26.668180 -125.062172
vn -0.0000 1.0000 -0.0000
vt -22.711370 27.688492
vt -30.136370 27.688492
vt -30.136370 24.000000
vt -22.711370 24.000000
vt -11.147749 27.854511
vt -18.572748 27.854511
vt -18.572748 24.000000
vt -11.147749 24.000000
vt -0.248433 28.880409
vt -7.673433 28.880409
vt -7.673433 24.000000
vt -0.248433 24.000000
vt 9.472980 28.248184
vt 2.047979 28.248184
vt 2.047979 24.000000
vt 9.472980 24.000000
vt 21.920113 28.220779
vt 14.495113 28.220779
vt 14.495113 24.000000
vt 21.920113 24.000000
vt 32.403461 27.981731
vt 24.978460 27.981731
vt 24.978460 24.000000
vt 32.403461 24.000000
vt -16.941381 -24.000000
vt -24.366381 -24.000000
vt -24.366381 -28.054676
vt -16.941381 -28.054676
vt -6.679547 -24.000000
vt -14.104548 -24.000000
vt -14.104548 -28.002537
vt -6.679547 -28.002537
vt 4.089558 -24.000000
vt -3.335443 -24.000000
vt -3.335443 -28.183235
vt 4.089558 -28.183235
vt 16.321053 -24.000000
vt 8.896053 -24.000000
vt 8.896053 -28.928398
vt 16.321053 -28.928398
vt 26.329603 -24.000000
vt 18.904604 -24.000000
vt 18.904604 -28.966331
vt 26.329603 -28.966331
vt 28.786213 -22.377218
vt 24.000000 -22.377218
vt 24.000000 -29.802217
vt 28.786213 -29.802217
vt 28.273598 -12.298113
vt 24.000000 -12.298113
vt 24.000000 -19.723112
vt 28.273598 -19.723112
vt 27.611069 -0.189865
vt 24.000000 -0.189865
vt 24.000000 -7.614865
vt 27.611069 -7.614865
vt 28.278580 10.953419
vt 24.000000 10.953419
vt 24.000000 3.528419
vt 28.278580 3.528419
vt 28.245174 21.268728
vt 24.000000 21.268728
vt 24.000000 13.843729
vt 28.245174 13.843729
vt 28.819252 32.869434
vt 24.000000 32.869434
vt 24.000000 25.444435
vt 28.819252 25.444435
vt -24.000000 -17.873745
vt -27.912476 -17.873745
vt -27.912476 -25.298744
vt -24.000000 -25.298744
vt -24.000000 -6.059324
vt -27.659214 -6.059324
vt -27.659214 -13.484324
vt -24.000000 -13.484324
vt -24.000000 4.246042
vt -28.544903 4.246042
vt -28.544903 -3.178958
vt -24.000000 -3.178958
vt -24.000000 16.187248
vt -27.693150 16.187248
vt -27.693150 8.762249
vt -24.000000 8.762249
vt -24.000000 26.245214
vt -28.890358 26.245214
vt -28.890358 18.820215
vt -24.000000 18.820215
vt -16.873951 28.505089
vt -24.298950 28.505089
vt -24.298950 26.000000
vt -16.873951 26.000000
vt -5.868083 29.856705
vt -13.293083 29.856705
vt -13.293083 26.000000
vt -5.868083 26.000000
vt 4.494444 29.057907
vt -2.930556 29.057907
vt -2.930556 26.000000
vt 4.494444 26.000000
vt 15.759624 29.624702
vt 8.334625 29.624702
vt 8.334625 26.000000
vt 15.759624 26.000000
vt 27.058153 29.406330
vt 19.633154 29.406330
vt 19.633154 26.000000
vt 27.058153 26.000000
vt -22.230133 -26.000000
vt -29.655132 -26.000000
vt -29.655132 -28.729343
vt -22.230133 -28.729343
vt -11.178038 -26.000000
vt -18.603037 -26.000000
vt -18.603037 -29.378139
vt -11.178038 -29.378139
vt -0.747347 -26.000000
vt -8.172347 -26.000000
vt -8.172347 -29.593697
vt -0.747347 -29.593697
vt 9.956566 -26.000000
vt 2.531566 -26.000000
vt 2.531566 -29.095119
vt 9.956566 -29.095119
vt 21.485464 -26.000000
vt 14.060465 -26.000000
vt 14.060465 -29.472469
vt 21.485464 -29.472469
vt 32.377197 -26.000000
vt 24.952198 -26.000000
vt 24.952198 -29.379944
vt 32.377197 -29.379944
vt 29.510433 -17.687340
vt 26.000000 -17.687340
vt 26.000000 -25.112339
vt 29.510433 -25.112339
vt 29.725643 -6.749994
vt 26.000000 -6.749994
vt 26.000000 -14.174994
vt 29.725643 -14.174994
vt 29.870811 4.881631
vt 26.000000 4.881631
vt 26.000000 -2.543369
vt 29.870811 -2.543369
vt 29.019123 15.266935
vt 26.000000 15.266935
vt 26.000000 7.841936
vt 29.019123 7.841936
vt 28.594460 27.383867
vt 26.000000 27.383867
vt 26.000000 19.958868
vt 28.594460 19.958868
vt -26.000000 -23.015842
vt -28.777596 -23.015842
vt -28.777596 -30.440842
vt -26.000000 -30.440842
vt -26.000000 -12.537119
vt -29.067245 -12.537119
vt -29.067245 -19.962118
vt -26.000000 -19.962118
vt -26.000000 -0.756001
vt -29.863586 -0.756001
vt -29.863586 -8.181002
vt -26.000000 -8.181002
vt -26.000000 9.702597
vt -29.487137 9.702597
vt -29.487137 2.277596
vt -26.000000 2.277596
vt -26.000000 21.857435
vt -29.052761 21.857435
vt -29.052761 14.432436
vt -26.000000 14.432436
vt -26.000000 31.950260
vt -28.971539 31.950260
vt -28.971539 24.525261
vt -26.000000 24.525261
s 0
usemtl M_sand
f 1788/12/19 1786/13/19 1785/14/19 1787/15/19
f 1792/16/19 1790/17/19 1789/18/19 1791/19/19
f 1796/20/19 1794/21/19 1793/22/19 1795/23/19
f 1800/24/19 1798/25/19 1797/26/19 1799/27/19
f 1804/28/19 1802/29/19 1801/30/19 1803/31/19
f 1808/32/19 1806/33/19 1805/34/19 1807/35/19
f 1812/36/19 1810/37/19 1809/38/19 1811/39/19
f 1816/40/19 1814/41/19 1813/42/19 1815/43/19
f 1820/44/19 1818/45/19 1817/46/19 1819/47/19
f 1824/48/19 1822/49/19 1821/50/19 1823/51/19
f 1828/52/19 1826/53/19 1825/54/19 1827/55/19
f 1832/56/19 1830/57/19 1829/58/19 1831/59/19
f 1836/60/19 1834/61/19 1833/62/19 1835/63/19
f 1840/64/19 1838/65/19 1837/66/19 1839/67/19
f 1844/68/19 1842/69/19 1841/70/19 1843/71/19
f 1848/72/19 1846/73/19 1845/74/19 1847/75/19
f 1852/76/19 1850/77/19 1849/78/19 1851/79/19
f 1856/80/19 1854/81/19 1853/82/19 1855/83/19
f 1860/84/19 1858/85/19 1857/86/19 1859/87/19
f 1864/88/19 1862/89/19 1861/90/19 1863/91/19
f 1868/92/19 1866/93/19 1865/94/19 1867/95/19
f 1872/96/19 1870/97/19 1869/98/19 1871/99/19
f 1876/100/19 1874/101/19 1873/102/19 1875/103/19
f 1880/104/19 1878/105/19 1877/106/19 1879/107/19
f 1884/108/19 1882/109/19 1881/110/19 1883/111/19
f 1888/112/19 1886/113/19 1885/114/19 1887/115/19
f 1892/116/19 1890/117/19 1889/118/19 1891/119/19
f 1896/120/19 1894/121/19 1893/122/19 1895/123/19
f 1900/124/19 1898/125/19 1897/126/19 1899/127/19
f 1904/128/19 1902/129/19 1901/130/19 1903/131/19
f 1908/132/19 1906/133/19 1905/134/19 1907/135/19
f 1912/136/19 1910/137/19 1909/138/19 1911/139/19
f 1916/140/19 1914/141/19 1913/142/19 1915/143/19
f 1920/144/19 1918/145/19 1917/146/19 1919/147/19
f 1924/148/19 1922/149/19 1921/150/19 1923/151/19
f 1928/152/19 1926/153/19 1925/154/19 1927/155/19
f 1932/156/19 1930/157/19 1929/158/19 1931/159/19
f 1936/160/19 1934/161/19 1933/162/19 1935/163/19
f 1940/164/19 1938/165/19 1937/166/19 1939/167/19
f 1944/168/19 1942/169/19 1941/170/19 1943/171/19
f 1948/172/19 1946/173/19 1945/174/19 1947/175/19
f 1952/176/19 1950/177/19 1949/178/19 1951/179/19
f 1956/180/19 1954/181/19 1953/182/19 1955/183/19
f 1960/184/19 1958/185/19 1957/186/19 1959/187/19
o M_sand2
v -97.613884 27.312456 -93.261131
v -97.613884 27.312456 -111.212746
v -67.913887 27.312456 -93.261131
v -67.913887 27.312456 -111.212746
v -53.360069 27.215151 -93.261131
v -53.360069 27.215151 -107.982872
v -23.660070 27.215151 -93.261131
v -23.660070 27.215151 -107.982872
v -12.047433 27.306160 -93.261131
v -12.047433 27.306160 -109.943855
v 17.652569 27.306160 -93.261131
v 17.652569 27.306160 -109.943855
v 30.530996 27.270954 -93.261131
v 30.530996 27.270954 -109.549202
v 60.230995 27.270954 -93.261131
v 60.230995 27.270954 -109.549202
v 74.202515 27.209904 -93.261131
v 74.202515 27.209904 -112.774452
v 103.902512 27.209904 -93.261131
v 103.902512 27.209904 -112.774452
v -122.731956 27.160273 114.465721
v -122.731956 27.160273 98.738869
v -93.031960 27.160273 114.465721
v -93.031960 27.160273 98.738869
v -79.483948 27.279249 117.332115
v -79.483948 27.279249 98.738869
v -49.783943 27.279249 117.332115
v -49.783943 27.279249 98.738869
v -36.653137 27.180187 114.344017
v -36.653137 27.180187 98.738869
v -6.953136 27.180187 114.344017
v -6.953136 27.180187 98.738869
v 7.241116 27.347076 113.926491
v 7.241116 27.347076 98.738869
v 36.941116 27.347076 113.926491
v 36.941116 27.347076 98.738869
v 54.239944 27.274723 117.756523
v 54.239944 27.274723 98.738869
v 83.939941 27.274723 117.756523
v 83.939941 27.274723 98.738869
v 99.552956 27.232088 114.104698
v 99.552956 27.232088 98.738869
v 129.252960 27.232088 114.104698
v 129.252960 27.232088 98.738869
v 94.747040 27.266539 101.048157
v 94.747040 27.266539 71.348160
v 110.528748 27.266539 101.048157
v 110.528748 27.266539 71.348160
v 94.747040 27.299387 58.401474
v 94.747040 27.299387 28.701475
v 111.800980 27.299387 58.401474
v 111.800980 27.299387 28.701475
v 94.747040 27.219086 13.288340
v 94.747040 27.219086 -16.411661
v 112.402481 27.219086 13.288340
v 112.402481 27.219086 -16.411661
v 94.747040 27.230074 -32.182251
v 94.747040 27.230074 -61.882256
v 109.890884 27.230074 -32.182251
v 109.890884 27.230074 -61.882256
v 94.747040 27.333984 -74.874107
v 94.747040 27.333984 -104.574104
v 113.117371 27.333984 -74.874107
v 113.117371 27.333984 -104.574104
v -116.383774 27.261631 122.406693
v -116.383774 27.261631 92.706696
v -97.252960 27.261631 122.406693
v -97.252960 27.261631 92.706696
v -111.780609 27.227192 78.543892
v -111.780609 27.227192 48.843887
v -97.252960 27.227192 78.543892
v -97.252960 27.227192 48.843887
v -114.074051 27.246933 34.467987
v -114.074051 27.246933 4.767988
v -97.252960 27.246933 34.467987
v -97.252960 27.246933 4.767988
v -115.653503 27.347378 -7.243244
v -115.653503 27.347378 -36.943245
v -97.252960 27.347378 -7.243244
v -97.252960 27.347378 -36.943245
v -113.672546 27.297421 -53.802994
v -113.672546 27.297421 -83.502991
v -97.252960 27.297421 -53.802994
v -97.252960 27.297421 -83.502991
v -113.976013 27.301725 -94.053596
v -113.976013 27.301725 -123.753593
v -97.252960 27.301725 -94.053596
v -97.252960 27.301725 -123.753593
v -120.866753 26.627745 -101.261131
v -120.866753 26.627745 -115.542686
v -91.166756 26.627745 -101.261131
v -91.166756 26.627745 -115.542686
v -76.633377 26.734982 -101.261131
v -76.633377 26.734982 -114.576668
v -46.933380 26.734982 -101.261131
v -46.933380 26.734982 -114.576668
v -33.898964 26.675207 -101.261131
v -33.898964 26.675207 -114.964211
v -4.198961 26.675207 -101.261131
v -4.198961 26.675207 -114.964211
v 11.968119 26.568604 -101.261131
v 11.968119 26.568604 -111.887413
v 41.668121 26.568604 -101.261131
v 41.668121 26.568604 -111.887413
v 51.545998 26.570677 -101.261131
v 51.545998 26.570677 -111.802513
v 81.245995 26.570677 -101.261131
v 81.245995 26.570677 -111.802513
v 96.923019 26.699833 -101.261131
v 96.923019 26.699833 -113.561989
v 126.623016 26.699833 -101.261131
v 126.623016 26.699833 -113.561989
v -100.786331 26.602407 122.060524
v -100.786331 26.602407 106.738869
v -71.086334 26.602407 122.060524
v -71.086334 26.602407 106.738869
v -57.088280 26.650646 119.318153
v -57.088280 26.650646 106.738869
v -27.388281 26.650646 119.318153
v -27.388281 26.650646 106.738869
v -11.568123 26.742323 121.219078
v -11.568123 26.742323 106.738869
v 18.131878 26.742323 121.219078
v 18.131878 26.742323 106.738869
v 31.869499 26.606440 118.166100
v 31.869499 26.606440 106.738869
v 61.569496 26.606440 118.166100
v 61.569496 26.606440 106.738869
v 77.717552 26.710907 120.757530
v 77.717552 26.710907 106.738869
v 107.417549 26.710907 120.757530
v 107.417549 26.710907 106.738869
v 102.747040 26.722281 122.130203
v 102.747040 26.722281 92.430206
v 116.659836 26.722281 122.130203
v 116.659836 26.722281 92.430206
v 102.747040 26.595701 80.074478
v 102.747040 26.595701 50.374474
v 117.924011 26.595701 80.074478
v 117.924011 26.595701 50.374474
v 102.747040 26.557819 38.394062
v 102.747040 26.557819 8.694061
v 113.497528 26.557819 38.394062
v 113.497528 26.557819 8.694061
v 102.747040 26.707352 -7.140911
v 102.747040 26.707352 -36.840912
v 114.132584 26.707352 -7.140911
v 114.132584 26.707352 -36.840912
v 102.747040 26.602545 -51.833748
v 102.747040 26.602545 -81.533745
v 116.210602 26.602545 -51.833748
v 116.210602 26.602545 -81.533745
v 102.747040 26.539249 -97.601830
v 102.747040 26.539249 -127.301826
v 113.286270 26.539249 -97.601830
v 113.286270 26.539249 -127.301826
v -117.916733 26.665426 102.869835
v -117.916733 26.665426 73.169838
v -105.252960 26.665426 102.869835
v -105.252960 26.665426 73.169838
v -119.976212 26.619696 55.243546
v -119.976212 26.619696 25.543543
v -105.252960 26.619696 55.243546
v -105.252960 26.619696 25.543543
v -118.207138 26.672262 14.086676
v -118.207138 26.672262 -15.613325
v -105.252960 26.672262 14.086676
v -105.252960 26.672262 -15.613325
v -117.510437 26.709829 -31.383804
v -117.510437 26.709829 -61.083809
v -105.252960 26.709829 -31.383804
v -105.252960 26.709829 -61.083809
v -120.636673 26.695007 -74.280487
v -120.636673 26.695007 -103.980484
v -105.252960 26.695007 -74.280487
v -105.252960 26.695007 -103.980484
vn -0.0000 1.0000 -0.0000
vt -16.665232 28.487904
vt -24.090231 28.487904
vt -24.090231 24.000000
vt -16.665232 24.000000
vt -5.601778 27.680435
vt -13.026777 27.680435
vt -13.026777 24.000000
vt -5.601778 24.000000
vt 4.726382 28.170681
vt -2.698618 28.170681
vt -2.698618 24.000000
vt 4.726382 24.000000
vt 15.370989 28.072018
vt 7.945989 28.072018
vt 7.945989 24.000000
vt 15.370989 24.000000
vt 26.288868 28.878330
vt 18.863869 28.878330
vt 18.863869 24.000000
vt 26.288868 24.000000
vt -22.944750 -24.000000
vt -30.369749 -24.000000
vt -30.369749 -27.931713
vt -22.944750 -27.931713
vt -12.132746 -24.000000
vt -19.557747 -24.000000
vt -19.557747 -28.648312
vt -12.132746 -28.648312
vt -1.425044 -24.000000
vt -8.850044 -24.000000
vt -8.850044 -27.901287
vt -1.425044 -27.901287
vt 9.548519 -24.000000
vt 2.123519 -24.000000
vt 2.123519 -27.796906
vt 9.548519 -27.796906
vt 21.298225 -24.000000
vt 13.873226 -24.000000
vt 13.873226 -28.754414
vt 21.298225 -28.754414
vt 32.626480 -24.000000
vt 25.201479 -24.000000
vt 25.201479 -27.841457
vt 32.626480 -27.841457
vt 27.945427 -17.152323
vt 24.000000 -17.152323
vt 24.000000 -24.577322
vt 27.945427 -24.577322
vt 28.263485 -6.490652
vt 24.000000 -6.490652
vt 24.000000 -13.915651
vt 28.263485 -13.915651
vt 28.413860 4.787632
vt 24.000000 4.787632
vt 24.000000 -2.637368
vt 28.413860 -2.637368
vt 27.785961 16.155281
vt 24.000000 16.155281
vt 24.000000 8.730280
vt 27.785961 8.730280
vt 28.592583 26.828243
vt 24.000000 26.828243
vt 24.000000 19.403244
vt 28.592583 19.403244
vt -24.000000 -22.491957
vt -28.782703 -22.491957
vt -28.782703 -29.916956
vt -24.000000 -29.916956
vt -24.000000 -11.526255
vt -27.631912 -11.526255
vt -27.631912 -18.951256
vt -24.000000 -18.951256
vt -24.000000 -0.507280
vt -28.205273 -0.507280
vt -28.205273 -7.932280
vt -24.000000 -7.932280
vt -24.000000 9.920528
vt -28.600136 9.920528
vt -28.600136 2.495528
vt -24.000000 2.495528
vt -24.000000 21.560465
vt -28.104897 21.560465
vt -28.104897 14.135466
vt -24.000000 14.135466
vt -24.000000 31.623116
vt -28.180763 31.623116
vt -28.180763 24.198116
vt -24.000000 24.198116
vt -22.478449 29.570389
vt -29.903448 29.570389
vt -29.903448 26.000000
vt -22.478449 26.000000
vt -11.420105 29.328884
vt -18.845104 29.328884
vt -18.845104 26.000000
vt -11.420105 26.000000
vt -0.736500 29.425770
vt -8.161501 29.425770
vt -8.161501 26.000000
vt -0.736500 26.000000
vt 10.730270 28.656570
vt 3.305270 28.656570
vt 3.305270 26.000000
vt 10.730270 26.000000
vt 20.624739 28.635345
vt 13.199739 28.635345
vt 13.199739 26.000000
vt 20.624739 26.000000
vt 31.968994 29.075214
vt 24.543995 29.075214
vt 24.543995 26.000000
vt 31.968994 26.000000
vt -17.458344 -26.000000
vt -24.883343 -26.000000
vt -24.883343 -29.830414
vt -17.458344 -29.830414
vt -6.533830 -26.000000
vt -13.958830 -26.000000
vt -13.958830 -29.144821
vt -6.533830 -29.144821
vt 4.846210 -26.000000
vt -2.578791 -26.000000
vt -2.578791 -29.620052
vt 4.846210 -29.620052
vt 15.705614 -26.000000
vt 8.280615 -26.000000
vt 8.280615 -28.856808
vt 15.705614 -28.856808
vt 27.167627 -26.000000
vt 19.742628 -26.000000
vt 19.742628 -29.504665
vt 27.167627 -29.504665
vt 29.478199 -22.422834
vt 26.000000 -22.422834
vt 26.000000 -29.847834
vt 29.478199 -29.847834
vt 29.794243 -11.908901
vt 26.000000 -11.908901
vt 26.000000 -19.333902
vt 29.794243 -19.333902
vt 28.687622 -1.488798
vt 26.000000 -1.488798
vt 26.000000 -8.913798
vt 28.687622 -8.913798
vt 28.846386 9.894945
vt 26.000000 9.894945
vt 26.000000 2.469945
vt 28.846386 2.469945
vt 29.365891 21.068153
vt 26.000000 21.068153
vt 26.000000 13.643154
vt 29.365891 13.643154
vt 28.634808 32.510174
vt 26.000000 32.510174
vt 26.000000 25.085175
vt 28.634808 25.085175
vt -26.000000 -17.607742
vt -29.165943 -17.607742
vt -29.165943 -25.032742
vt -26.000000 -25.032742
vt -26.000000 -5.701169
vt -29.680813 -5.701169
vt -29.680813 -13.126169
vt -26.000000 -13.126169
vt -26.000000 4.588048
vt -29.238544 4.588048
vt -29.238544 -2.836952
vt -26.000000 -2.836952
vt -26.000000 15.955669
vt -29.064369 15.955669
vt -29.064369 8.530668
vt -26.000000 8.530668
vt -26.000000 26.679838
vt -29.845928 26.679838
vt -29.845928 19.254839
vt -26.000000 19.254839
s 0
usemtl M_sand2
f 1964/188/20 1962/189/20 1961/190/20 1963/191/20
f 1968/192/20 1966/193/20 1965/194/20 1967/195/20
f 1972/196/20 1970/197/20 1969/198/20 1971/199/20
f 1976/200/20 1974/201/20 1973/202/20 1975/203/20
f 1980/204/20 1978/205/20 1977/206/20 1979/207/20
f 1984/208/20 1982/209/20 1981/210/20 1983/211/20
f 1988/212/20 1986/213/20 1985/214/20 1987/215/20
f 1992/216/20 1990/217/20 1989/218/20 1991/219/20
f 1996/220/20 1994/221/20 1993/222/20 1995/223/20
f 2000/224/20 1998/225/20 1997/226/20 1999/227/20
f 2004/228/20 2002/229/20 2001/230/20 2003/231/20
f 2008/232/20 2006/233/20 2005/234/20 2007/235/20
f 2012/236/20 2010/237/20 2009/238/20 2011/239/20
f 2016/240/20 2014/241/20 2013/242/20 2015/243/20
f 2020/244/20 2018/245/20 2017/246/20 2019/247/20
f 2024/248/20 2022/249/20 2021/250/20 2023/251/20
f 2028/252/20 2026/253/20 2025/254/20 2027/255/20
f 2032/256/20 2030/257/20 2029/258/20 2031/259/20
f 2036/260/20 2034/261/20 2033/262/20 2035/263/20
f 2040/264/20 2038/265/20 2037/266/20 2039/267/20
f 2044/268/20 2042/269/20 2041/270/20 2043/271/20
f 2048/272/20 2046/273/20 2045/274/20 2047/275/20
f 2052/276/20 2050/277/20 2049/278/20 2051/279/20
f 2056/280/20 2054/281/20 2053/282/20 2055/283/20
f 2060/284/20 2058/285/20 2057/286/20 2059/287/20
f 2064/288/20 2062/289/20 2061/290/20 2063/291/20
f 2068/292/20 2066/293/20 2065/294/20 2067/295/20
f 2072/296/20 2070/297/20 2069/298/20 2071/299/20
f 2076/300/20 2074/301/20 2073/302/20 2075/303/20
f 2080/304/20 2078/305/20 2077/306/20 2079/307/20
f 2084/308/20 2082/309/20 2081/310/20 2083/311/20
f 2088/312/20 2086/313/20 2085/314/20 2087/315/20
f 2092/316/20 2090/317/20 2089/318/20 2091/319/20
f 2096/320/20 2094/321/20 2093/322/20 2095/323/20
f 2100/324/20 2098/325/20 2097/326/20 2099/327/20
f 2104/328/20 2102/329/20 2101/330/20 2103/331/20
f 2108/332/20 2106/333/20 2105/334/20 2107/335/20
f 2112/336/20 2110/337/20 2109/338/20 2111/339/20
f 2116/340/20 2114/341/20 2113/342/20 2115/343/20
f 2120/344/20 2118/345/20 2117/346/20 2119/347/20
f 2124/348/20 2122/349/20 2121/350/20 2123/351/20
f 2128/352/20 2126/353/20 2125/354/20 2127/355/20
f 2132/356/20 2130/357/20 2129/358/20 2131/359/20
f 2136/360/20 2134/361/20 2133/362/20 2135/363/20
o M_f_cliff
v -107.252960 12.000001 108.738869
v -107.252960 19.000000 108.738869
v -107.252960 12.000001 -103.261131
v -107.252960 19.000000 -103.261131
v 104.747040 12.000001 108.738869
v 104.747040 19.000000 108.738869
v 104.747040 12.000001 -103.261131
v 104.747040 19.000000 -103.261131
v -97.252960 5.000000 98.738869
v -97.252960 12.000000 98.738869
v -97.252960 5.000000 -93.261131
v -97.252960 12.000000 -93.261131
v 94.747040 5.000000 98.738869
v 94.747040 12.000000 98.738869
v 94.747040 5.000000 -93.261131
v 94.747040 12.000000 -93.261131
vn -1.0000 -0.0000 -0.0000
vn -0.0000 -0.0000 -1.0000
vn 1.0000 -0.0000 -0.0000
vn -0.0000 -0.0000 1.0000
vn -0.0000 -1.0000 -0.0000
vn -0.0000 1.0000 -0.0000
vt 0.500000 0.500000
s 0
usemtl M_f_cliff
f 2137/364/21 2138/364/21 2140/364/21 2139/364/21
f 2139/364/22 2140/364/22 2144/364/22 2143/364/22
f 2143/364/23 2144/364/23 2142/364/23 2141/364/23
f 2141/364/24 2142/364/24 2138/364/24 2137/364/24
f 2139/364/25 2143/364/25 2141/364/25 2137/364/25
f 2144/364/26 2140/364/26 2138/364/26 2142/364/26
f 2145/364/21 2146/364/21 2148/364/21 2147/364/21
f 2147/364/22 2148/364/22 2152/364/22 2151/364/22
f 2151/364/23 2152/364/23 2150/364/23 2149/364/23
f 2149/364/24 2150/364/24 2146/364/24 2145/364/24
f 2147/364/25 2151/364/25 2149/364/25 2145/364/25
f 2152/364/26 2148/364/26 2146/364/26 2150/364/26
o M_f_rock
v -87.252960 0.000000 88.738869
v -87.252960 5.000000 88.738869
v -87.252960 0.000000 -83.261131
v -87.252960 5.000000 -83.261131
v 84.747040 0.000000 88.738869
v 84.747040 5.000000 88.738869
v 84.747040 0.000000 -83.261131
v 84.747040 5.000000 -83.261131
vn -1.0000 -0.0000 -0.0000
vn -0.0000 -0.0000 -1.0000
vn 1.0000 -0.0000 -0.0000
vn -0.0000 -0.0000 1.0000
vn -0.0000 -1.0000 -0.0000
vn -0.0000 1.0000 -0.0000
vt 0.500000 0.500000
s 0
usemtl M_f_rock
f 2153/365/27 2154/365/27 2156/365/27 2155/365/27
f 2155/365/28 2156/365/28 2160/365/28 2159/365/28
f 2159/365/29 2160/365/29 2158/365/29 2157/365/29
f 2157/365/30 2158/365/30 2154/365/30 2153/365/30
f 2155/365/31 2159/365/31 2157/365/31 2153/365/31
f 2160/365/32 2156/365/32 2154/365/32 2158/365/32
o M_f_gray
v -88.252960 27.450001 -80.261131
v -88.252960 27.950001 -80.261131
v -88.252960 27.450001 -84.261131
v -88.252960 27.950001 -84.261131
v 85.747040 27.450001 -80.261131
v 85.747040 27.950001 -80.261131
v 85.747040 27.450001 -84.261131
v 85.747040 27.950001 -84.261131
v -88.252960 27.450001 89.738869
v -88.252960 27.950001 89.738869
v -88.252960 27.450001 85.738869
v -88.252960 27.950001 85.738869
v 85.747040 27.450001 89.738869
v 85.747040 27.950001 89.738869
v 85.747040 27.450001 85.738869
v 85.747040 27.950001 85.738869
v 81.747040 27.450001 85.738869
v 81.747040 27.950001 85.738869
v 81.747040 27.450001 -80.261131
v 81.747040 27.950001 -80.261131
v 85.747040 27.450001 85.738869
v 85.747040 27.950001 85.738869
v 85.747040 27.450001 -80.261131
v 85.747040 27.950001 -80.261131
v -88.252960 27.450001 85.738869
v -88.252960 27.950001 85.738869
v -88.252960 27.450001 -80.261131
v -88.252960 27.950001 -80.261131
v -84.252960 27.450001 85.738869
v -84.252960 27.950001 85.738869
v -84.252960 27.450001 -80.261131
v -84.252960 27.950001 -80.261131
v -72.252960 27.450001 -64.261131
v -72.252960 27.950001 -64.261131
v -72.252960 27.450001 -68.261131
v -72.252960 27.950001 -68.261131
v 69.747040 27.450001 -64.261131
v 69.747040 27.950001 -64.261131
v 69.747040 27.450001 -68.261131
v 69.747040 27.950001 -68.261131
v -72.252960 27.450001 73.738869
v -72.252960 27.950001 73.738869
v -72.252960 27.450001 69.738869
v -72.252960 27.950001 69.738869
v 69.747040 27.450001 73.738869
v 69.747040 27.950001 73.738869
v 69.747040 27.450001 69.738869
v 69.747040 27.950001 69.738869
v 65.747040 27.450001 69.738869
v 65.747040 27.950001 69.738869
v 65.747040 27.450001 -64.261131
v 65.747040 27.950001 -64.261131
v 69.747040 27.450001 69.738869
v 69.747040 27.950001 69.738869
v 69.747040 27.450001 -64.261131
v 69.747040 27.950001 -64.261131
v -72.252960 27.450001 69.738869
v -72.252960 27.950001 69.738869
v -72.252960 27.450001 -64.261131
v -72.252960 27.950001 -64.261131
v -68.252960 27.450001 69.738869
v -68.252960 27.950001 69.738869
v -68.252960 27.450001 -64.261131
v -68.252960 27.950001 -64.261131
v -5.252960 27.450001 69.738869
v -5.252960 27.950001 69.738869
v -5.252960 27.450001 -64.261131
v -5.252960 27.950001 -64.261131
v -1.252960 27.450001 69.738869
v -1.252960 27.950001 69.738869
v -1.252960 27.450001 -64.261131
v -1.252960 27.950001 -64.261131
v 10.747040 27.450001 69.738869
v 10.747040 27.950001 69.738869
v 10.747040 27.450001 -64.261131
v 10.747040 27.950001 -64.261131
v 14.747040 27.450001 69.738869
v 14.747040 27.950001 69.738869
v 14.747040 27.450001 -64.261131
v 14.747040 27.950001 -64.261131
v 14.747040 27.450001 69.738869
v 14.747040 27.950001 69.738869
v 14.747040 27.450001 -64.261131
v 14.747040 27.950001 -64.261131
v 65.747040 27.450001 69.738869
v 65.747040 27.950001 69.738869
v 65.747040 27.450001 -64.261131
v 65.747040 27.950001 -64.261131
vn -1.0000 -0.0000 -0.0000
vn -0.0000 -0.0000 -1.0000
vn 1.0000 -0.0000 -0.0000
vn -0.0000 -0.0000 1.0000
vn -0.0000 -1.0000 -0.0000
vt 0.500000 0.500000
s 0
usemtl M_f_gray
f 2161/366/33 2162/366/33 2164/366/33 2163/366/33
f 2163/366/34 2164/366/34 2168/366/34 2167/366/34
f 2167/366/35 2168/366/35 2166/366/35 2165/366/35
f 2165/366/36 2166/366/36 2162/366/36 2161/366/36
f 2163/366/37 2167/366/37 2165/366/37 2161/366/37
f 2169/366/33 2170/366/33 2172/366/33 2171/366/33
f 2171/366/34 2172/366/34 2176/366/34 2175/366/34
f 2175/366/35 2176/366/35 2174/366/35 2173/366/35
f 2173/366/36 2174/366/36 2170/366/36 2169/366/36
f 2171/366/37 2175/366/37 2173/366/37 2169/366/37
f 2177/366/33 2178/366/33 2180/366/33 2179/366/33
f 2179/366/34 2180/366/34 2184/366/34 2183/366/34
f 2183/366/35 2184/366/35 2182/366/35 2181/366/35
f 2181/366/36 2182/366/36 2178/366/36 2177/366/36
f 2179/366/37 2183/366/37 2181/366/37 2177/366/37
f 2185/366/33 2186/366/33 2188/366/33 2187/366/33
f 2187/366/34 2188/366/34 2192/366/34 2191/366/34
f 2191/366/35 2192/366/35 2190/366/35 2189/366/35
f 2189/366/36 2190/366/36 2186/366/36 2185/366/36
f 2187/366/37 2191/366/37 2189/366/37 2185/366/37
f 2193/366/33 2194/366/33 2196/366/33 2195/366/33
f 2195/366/34 2196/366/34 2200/366/34 2199/366/34
f 2199/366/35 2200/366/35 2198/366/35 2197/366/35
f 2197/366/36 2198/366/36 2194/366/36 2193/366/36
f 2195/366/37 2199/366/37 2197/366/37 2193/366/37
f 2201/366/33 2202/366/33 2204/366/33 2203/366/33
f 2203/366/34 2204/366/34 2208/366/34 2207/366/34
f 2207/366/35 2208/366/35 2206/366/35 2205/366/35
f 2205/366/36 2206/366/36 2202/366/36 2201/366/36
f 2203/366/37 2207/366/37 2205/366/37 2201/366/37
f 2209/366/33 2210/366/33 2212/366/33 2211/366/33
f 2211/366/34 2212/366/34 2216/366/34 2215/366/34
f 2215/366/35 2216/366/35 2214/366/35 2213/366/35
f 2213/366/36 2214/366/36 2210/366/36 2209/366/36
f 2211/366/37 2215/366/37 2213/366/37 2209/366/37
f 2217/366/33 2218/366/33 2220/366/33 2219/366/33
f 2219/366/34 2220/366/34 2224/366/34 2223/366/34
f 2223/366/35 2224/366/35 2222/366/35 2221/366/35
f 2221/366/36 2222/366/36 2218/366/36 2217/366/36
f 2219/366/37 2223/366/37 2221/366/37 2217/366/37
f 2225/366/33 2226/366/33 2228/366/33 2227/366/33
f 2227/366/34 2228/366/34 2232/366/34 2231/366/34
f 2231/366/35 2232/366/35 2230/366/35 2229/366/35
f 2229/366/36 2230/366/36 2226/366/36 2225/366/36
f 2227/366/37 2231/366/37 2229/366/37 2225/366/37
f 2233/366/33 2234/366/33 2236/366/33 2235/366/33
f 2235/366/34 2236/366/34 2240/366/34 2239/366/34
f 2239/366/35 2240/366/35 2238/366/35 2237/366/35
f 2237/366/36 2238/366/36 2234/366/36 2233/366/36
f 2235/366/37 2239/366/37 2237/366/37 2233/366/37
f 2241/366/33 2242/366/33 2244/366/33 2243/366/33
f 2243/366/34 2244/366/34 2248/366/34 2247/366/34
f 2247/366/35 2248/366/35 2246/366/35 2245/366/35
f 2245/366/36 2246/366/36 2242/366/36 2241/366/36
f 2243/366/37 2247/366/37 2245/366/37 2241/366/37
o M_sidewalk
v -88.252960 27.950001 -80.261131
v -88.252960 27.950001 -84.261131
v 85.747040 27.950001 -80.261131
v 85.747040 27.950001 -84.261131
v -88.252960 27.950001 89.738869
v -88.252960 27.950001 85.738869
v 85.747040 27.950001 89.738869
v 85.747040 27.950001 85.738869
v 81.747040 27.950001 85.738869
v 81.747040 27.950001 -80.261131
v 85.747040 27.950001 85.738869
v 85.747040 27.950001 -80.261131
v -88.252960 27.950001 85.738869
v -88.252960 27.950001 -80.261131
v -84.252960 27.950001 85.738869
v -84.252960 27.950001 -80.261131
v -72.252960 27.950001 -64.261131
v -72.252960 27.950001 -68.261131
v 69.747040 27.950001 -64.261131
v 69.747040 27.950001 -68.261131
v -72.252960 27.950001 73.738869
v -72.252960 27.950001 69.738869
v 69.747040 27.950001 73.738869
v 69.747040 27.950001 69.738869
v 65.747040 27.950001 69.738869
v 65.747040 27.950001 -64.261131
v 69.747040 27.950001 69.738869
v 69.747040 27.950001 -64.261131
v -72.252960 27.950001 69.738869
v -72.252960 27.950001 -64.261131
v -68.252960 27.950001 69.738869
v -68.252960 27.950001 -64.261131
v -5.252960 27.950001 69.738869
v -5.252960 27.950001 -64.261131
v -1.252960 27.950001 69.738869
v -1.252960 27.950001 -64.261131
v 10.747040 27.950001 69.738869
v 10.747040 27.950001 -64.261131
v 14.747040 27.950001 69.738869
v 14.747040 27.950001 -64.261131
vn -0.0000 1.0000 -0.0000
vt 21.750000 21.750000
vt -21.750000 21.750000
vt -21.750000 20.750000
vt 21.750000 20.750000
vt 21.750000 -20.750000
vt -21.750000 -20.750000
vt -21.750000 -21.750000
vt 21.750000 -21.750000
vt 20.750000 20.750000
vt 20.750000 -20.750000
vt -20.750000 20.750000
vt -20.750000 -20.750000
vt 17.750000 17.750000
vt -17.750000 17.750000
vt -17.750000 16.750000
vt 17.750000 16.750000
vt 17.750000 -16.750000
vt -17.750000 -16.750000
vt -17.750000 -17.750000
vt 17.750000 -17.750000
vt 16.750000 16.750000
vt 16.750000 -16.750000
vt -16.750000 16.750000
vt -16.750000 -16.750000
vt 0.000000 16.750000
vt -1.000000 16.750000
vt -1.000000 -16.750000
vt 0.000000 -16.750000
vt 4.000000 16.750000
vt 3.000000 16.750000
vt 3.000000 -16.750000
vt 4.000000 -16.750000
s 0
usemtl M_sidewalk
f 2252/367/38 2250/368/38 2249/369/38 2251/370/38
f 2256/371/38 2254/372/38 2253/373/38 2255/374/38
f 2260/370/38 2258/375/38 2257/376/38 2259/371/38
f 2264/377/38 2262/369/38 2261/372/38 2263/378/38
f 2268/379/38 2266/380/38 2265/381/38 2267/382/38
f 2272/383/38 2270/384/38 2269/385/38 2271/386/38
f 2276/382/38 2274/387/38 2273/388/38 2275/383/38
f 2280/389/38 2278/381/38 2277/384/38 2279/390/38
f 2284/391/38 2282/392/38 2281/393/38 2283/394/38
f 2288/395/38 2286/396/38 2285/397/38 2287/398/38
o M_f_asphalt
v -84.252960 27.450001 -68.261131
v -84.252960 27.810001 -68.261131
v -84.252960 27.450001 -80.261131
v -84.252960 27.810001 -80.261131
v 81.747040 27.450001 -68.261131
v 81.747040 27.810001 -68.261131
v 81.747040 27.450001 -80.261131
v 81.747040 27.810001 -80.261131
v -84.252960 27.450001 85.738869
v -84.252960 27.810001 85.738869
v -84.252960 27.450001 73.738869
v -84.252960 27.810001 73.738869
v 81.747040 27.450001 85.738869
v 81.747040 27.810001 85.738869
v 81.747040 27.450001 73.738869
v 81.747040 27.810001 73.738869
v 69.747040 27.450001 73.738869
v 69.747040 27.810001 73.738869
v 69.747040 27.450001 -68.261131
v 69.747040 27.810001 -68.261131
v 81.747040 27.450001 73.738869
v 81.747040 27.810001 73.738869
v 81.747040 27.450001 -68.261131
v 81.747040 27.810001 -68.261131
v -84.252960 27.450001 73.738869
v -84.252960 27.810001 73.738869
v -84.252960 27.450001 -68.261131
v -84.252960 27.810001 -68.261131
v -72.252960 27.450001 73.738869
v -72.252960 27.810001 73.738869
v -72.252960 27.450001 -68.261131
v -72.252960 27.810001 -68.261131
v -1.252960 27.450001 69.738869
v -1.252960 27.810001 69.738869
v -1.252960 27.450001 -64.261131
v -1.252960 27.810001 -64.261131
v 10.747040 27.450001 69.738869
v 10.747040 27.810001 69.738869
v 10.747040 27.450001 -64.261131
v 10.747040 27.810001 -64.261131
vn -1.0000 -0.0000 -0.0000
vn -0.0000 -0.0000 -1.0000
vn 1.0000 -0.0000 -0.0000
vn -0.0000 -0.0000 1.0000
vn -0.0000 -1.0000 -0.0000
vt 0.500000 0.500000
s 0
usemtl M_f_asphalt
f 2289/399/39 2290/399/39 2292/399/39 2291/399/39
f 2291/399/40 2292/399/40 2296/399/40 2295/399/40
f 2295/399/41 2296/399/41 2294/399/41 2293/399/41
f 2293/399/42 2294/399/42 2290/399/42 2289/399/42
f 2291/399/43 2295/399/43 2293/399/43 2289/399/43
f 2297/399/39 2298/399/39 2300/399/39 2299/399/39
f 2299/399/40 2300/399/40 2304/399/40 2303/399/40
f 2303/399/41 2304/399/41 2302/399/41 2301/399/41
f 2301/399/42 2302/399/42 2298/399/42 2297/399/42
f 2299/399/43 2303/399/43 2301/399/43 2297/399/43
f 2305/399/39 2306/399/39 2308/399/39 2307/399/39
f 2307/399/40 2308/399/40 2312/399/40 2311/399/40
f 2311/399/41 2312/399/41 2310/399/41 2309/399/41
f 2309/399/42 2310/399/42 2306/399/42 2305/399/42
f 2307/399/43 2311/399/43 2309/399/43 2305/399/43
f 2313/399/39 2314/399/39 2316/399/39 2315/399/39
f 2315/399/40 2316/399/40 2320/399/40 2319/399/40
f 2319/399/41 2320/399/41 2318/399/41 2317/399/41
f 2317/399/42 2318/399/42 2314/399/42 2313/399/42
f 2315/399/43 2319/399/43 2317/399/43 2313/399/43
f 2321/399/39 2322/399/39 2324/399/39 2323/399/39
f 2323/399/40 2324/399/40 2328/399/40 2327/399/40
f 2327/399/41 2328/399/41 2326/399/41 2325/399/41
f 2325/399/42 2326/399/42 2322/399/42 2321/399/42
f 2323/399/43 2327/399/43 2325/399/43 2321/399/43
o M_asphalt
v -84.252960 27.810001 -68.261131
v -84.252960 27.810001 -80.261131
v 81.747040 27.810001 -68.261131
v 81.747040 27.810001 -80.261131
v -84.252960 27.810001 85.738869
v -84.252960 27.810001 73.738869
v 81.747040 27.810001 85.738869
v 81.747040 27.810001 73.738869
v 69.747040 27.810001 73.738869
v 69.747040 27.810001 -68.261131
v 81.747040 27.810001 73.738869
v 81.747040 27.810001 -68.261131
v -84.252960 27.810001 73.738869
v -84.252960 27.810001 -68.261131
v -72.252960 27.810001 73.738869
v -72.252960 27.810001 -68.261131
v -1.252960 27.810001 69.738869
v -1.252960 27.810001 -64.261131
v 10.747040 27.810001 69.738869
v 10.747040 27.810001 -64.261131
vn -0.0000 1.0000 -0.0000
vt 20.750000 20.750000
vt -20.750000 20.750000
vt -20.750000 17.750000
vt 20.750000 17.750000
vt 20.750000 -17.750000
vt -20.750000 -17.750000
vt -20.750000 -20.750000
vt 20.750000 -20.750000
vt 17.750000 17.750000
vt 17.750000 -17.750000
vt -17.750000 17.750000
vt -17.750000 -17.750000
vt 3.000000 16.750000
vt 0.000000 16.750000
vt 0.000000 -16.750000
vt 3.000000 -16.750000
s 0
usemtl M_asphalt
f 2332/400/44 2330/401/44 2329/402/44 2331/403/44
f 2336/404/44 2334/405/44 2333/406/44 2335/407/44
f 2340/403/44 2338/408/44 2337/409/44 2339/404/44
f 2344/410/44 2342/402/44 2341/405/44 2343/411/44
f 2348/412/44 2346/413/44 2345/414/44 2347/415/44
o M_concrete
v 14.747040 27.950001 69.738869
v 14.747040 27.950001 -64.261131
v 65.747040 27.950001 69.738869
v 65.747040 27.950001 -64.261131
vn -0.0000 1.0000 -0.0000
vt 16.750000 16.750000
vt 4.000000 16.750000
vt 4.000000 -16.750000
vt 16.750000 -16.750000
s 0
usemtl M_concrete
f 2352/416/45 2350/417/45 2349/418/45 2351/419/45
o M_f_black
v 16.747040 27.510000 -59.261131
v 16.747040 28.010000 -59.261131
v 16.747040 27.510000 -62.261131
v 16.747040 28.010000 -62.261131
v 63.747040 27.510000 -59.261131
v 63.747040 28.010000 -59.261131
v 63.747040 27.510000 -62.261131
v 63.747040 28.010000 -62.261131
v 16.747040 27.510000 67.738869
v 16.747040 28.010000 67.738869
v 16.747040 27.510000 64.738869
v 16.747040 28.010000 64.738869
v 63.747040 27.510000 67.738869
v 63.747040 28.010000 67.738869
v 63.747040 27.510000 64.738869
v 63.747040 28.010000 64.738869
v 16.747040 27.510000 64.738869
v 16.747040 28.010000 64.738869
v 16.747040 27.510000 -59.261131
v 16.747040 28.010000 -59.261131
v 19.747040 27.510000 64.738869
v 19.747040 28.010000 64.738869
v 19.747040 27.510000 -59.261131
v 19.747040 28.010000 -59.261131
v 60.747040 27.510000 64.738869
v 60.747040 28.010000 64.738869
v 60.747040 27.510000 -59.261131
v 60.747040 28.010000 -59.261131
v 63.747040 27.510000 64.738869
v 63.747040 28.010000 64.738869
v 63.747040 27.510000 -59.261131
v 63.747040 28.010000 -59.261131
vn -1.0000 -0.0000 -0.0000
vn -0.0000 -0.0000 -1.0000
vn 1.0000 -0.0000 -0.0000
vn -0.0000 -0.0000 1.0000
vn -0.0000 -1.0000 -0.0000
vn -0.0000 1.0000 -0.0000
vt 0.500000 0.500000
s 0
usemtl M_f_black
f 2353/420/46 2354/420/46 2356/420/46 2355/420/46
f 2355/420/47 2356/420/47 2360/420/47 2359/420/47
f 2359/420/48 2360/420/48 2358/420/48 2357/420/48
f 2357/420/49 2358/420/49 2354/420/49 2353/420/49
f 2355/420/50 2359/420/50 2357/420/50 2353/420/50
f 2360/420/51 2356/420/51 2354/420/51 2358/420/51
f 2361/420/46 2362/420/46 2364/420/46 2363/420/46
f 2363/420/47 2364/420/47 2368/420/47 2367/420/47
f 2367/420/48 2368/420/48 2366/420/48 2365/420/48
f 2365/420/49 2366/420/49 2362/420/49 2361/420/49
f 2363/420/50 2367/420/50 2365/420/50 2361/420/50
f 2368/420/51 2364/420/51 2362/420/51 2366/420/51
f 2369/420/46 2370/420/46 2372/420/46 2371/420/46
f 2371/420/47 2372/420/47 2376/420/47 2375/420/47
f 2375/420/48 2376/420/48 2374/420/48 2373/420/48
f 2373/420/49 2374/420/49 2370/420/49 2369/420/49
f 2371/420/50 2375/420/50 2373/420/50 2369/420/50
f 2376/420/51 2372/420/51 2370/420/51 2374/420/51
f 2377/420/46 2378/420/46 2380/420/46 2379/420/46
f 2379/420/47 2380/420/47 2384/420/47 2383/420/47
f 2383/420/48 2384/420/48 2382/420/48 2381/420/48
f 2381/420/49 2382/420/49 2378/420/49 2377/420/49
f 2379/420/50 2383/420/50 2381/420/50 2377/420/50
f 2384/420/51 2380/420/51 2378/420/51 2382/420/51
