# Blender 4.2.3 LTS
# www.blender.org
mtllib pizza_shop.mtl
o PizzaShop
v 2.875000 2.695000 1.504244
v 2.875000 3.315000 1.504244
v 2.875000 2.695000 0.554244
v 2.875000 3.315000 0.554244
v 3.295000 2.695000 1.504244
v 3.295000 3.315000 1.504244
v 3.295000 2.695000 0.554244
v 3.295000 3.315000 0.554244
v -5.125000 0.005000 2.529244
v -5.125000 4.005000 2.529244
v -5.125000 0.005000 -3.470756
v -5.125000 4.005000 -3.470756
v 2.875000 0.005000 2.529244
v 2.875000 4.005000 2.529244
v 2.875000 0.005000 -3.470756
v 2.875000 4.005000 -3.470756
v -5.275000 0.000000 2.679245
v -5.275000 0.350000 2.679245
v -5.275000 0.000000 -3.620756
v -5.275000 0.350000 -3.620756
v 3.025000 0.000000 2.679245
v 3.025000 0.350000 2.679245
v 3.025000 0.000000 -3.620756
v 3.025000 0.350000 -3.620756
v -5.199999 3.995000 2.604244
v -5.199999 4.115000 2.604244
v -5.199999 3.995000 -3.545756
v -5.199999 4.115000 -3.545756
v 2.950000 3.995000 2.604244
v 2.950000 4.115000 2.604244
v 2.950000 3.995000 -3.545756
v 2.950000 4.115000 -3.545756
v -5.275000 4.054999 2.639245
v -5.275000 4.195000 2.639245
v -5.275000 4.054999 2.459244
v -5.275000 4.195000 2.459244
v 3.025000 4.054999 2.639245
v 3.025000 4.195000 2.639245
v 3.025000 4.054999 2.459244
v 3.025000 4.195000 2.459244
v -5.275000 4.054999 -3.400755
v -5.275000 4.195000 -3.400755
v -5.275000 4.054999 -3.580756
v -5.275000 4.195000 -3.580756
v 3.025000 4.054999 -3.400755
v 3.025000 4.195000 -3.400755
v 3.025000 4.054999 -3.580756
v 3.025000 4.195000 -3.580756
v -5.235000 4.054999 2.679245
v -5.235000 4.195000 2.679245
v -5.235000 4.054999 -3.620756
v -5.235000 4.195000 -3.620756
v -5.055000 4.054999 2.679245
v -5.055000 4.195000 2.679245
v -5.055000 4.054999 -3.620756
v -5.055000 4.195000 -3.620756
v 2.805000 4.054999 2.679245
v 2.805000 4.195000 2.679245
v 2.805000 4.054999 -3.620756
v 2.805000 4.195000 -3.620756
v 2.985000 4.054999 2.679245
v 2.985000 4.195000 2.679245
v 2.985000 4.054999 -3.620756
v 2.985000 4.195000 -3.620756
v -5.204999 0.005000 2.609244
v -5.204999 4.005000 2.609244
v -5.204999 0.005000 2.449244
v -5.204999 4.005000 2.449244
v -5.045000 0.005000 2.609244
v -5.045000 4.005000 2.609244
v -5.045000 0.005000 2.449244
v -5.045000 4.005000 2.449244
v 2.795000 0.005000 2.609244
v 2.795000 4.005000 2.609244
v 2.795000 0.005000 2.449244
v 2.795000 4.005000 2.449244
v 2.955000 0.005000 2.609244
v 2.955000 4.005000 2.609244
v 2.955000 0.005000 2.449244
v 2.955000 4.005000 2.449244
v -4.974999 2.680000 2.659245
v -4.974999 3.830000 2.659245
v -4.974999 2.680000 2.519244
v -4.974999 3.830000 2.519244
v 2.725000 2.680000 2.659245
v 2.725000 3.830000 2.659245
v 2.725000 2.680000 2.519244
v 2.725000 3.830000 2.519244
v -4.974999 3.825000 2.679245
v -4.974999 3.885000 2.679245
v -4.974999 3.825000 2.519244
v -4.974999 3.885000 2.519244
v 2.725000 3.825000 2.679245
v 2.725000 3.885000 2.679245
v 2.725000 3.825000 2.519244
v 2.725000 3.885000 2.519244
v -4.974999 2.625000 2.679245
v -4.974999 2.685000 2.679245
v -4.974999 2.625000 2.519244
v -4.974999 2.685000 2.519244
v 2.725000 2.625000 2.679245
v 2.725000 2.685000 2.679245
v 2.725000 2.625000 2.519244
v 2.725000 2.685000 2.519244
v -1.016260 2.835000 2.748245
v -1.099980 3.019920 2.748245
v -1.366780 3.019920 2.748245
v -1.445900 2.835000 2.748245
v -1.537900 2.835000 2.748245
v -1.268340 3.466120 2.748245
v -1.204860 3.466120 2.748245
v -0.924260 2.835000 2.748245
v -1.136780 3.100880 2.748245
v -1.237980 3.328120 2.748245
v -1.331820 3.100880 2.748245
v -2.092660 3.462440 2.748245
v -1.551700 3.462440 2.748245
v -1.950980 2.915960 2.748245
v -1.551700 2.915960 2.748245
v -1.551700 2.835000 2.748245
v -2.117500 2.835000 2.748245
v -1.718220 3.381480 2.748245
v -2.092660 3.381480 2.748245
v -2.686980 3.462440 2.748245
v -2.146020 3.462440 2.748245
v -2.545300 2.915960 2.748245
v -2.146020 2.915960 2.748245
v -2.146020 2.835000 2.748245
v -2.711820 2.835000 2.748245
v -2.312540 3.381480 2.748245
v -2.686980 3.381480 2.748245
v -2.886620 2.835000 2.748245
v -2.886620 3.462440 2.748245
v -2.796460 3.462440 2.748245
v -2.796460 2.835000 2.748245
v -3.132655 3.460789 2.748245
v -3.102995 3.455983 2.748245
v -3.076356 3.448237 2.748245
v -3.052697 3.437770 2.748245
v -3.031977 3.424798 2.748245
v -3.014155 3.409540 2.748245
v -2.999189 3.392211 2.748245
v -2.987036 3.373029 2.748245
v -2.977657 3.352212 2.748245
v -2.971009 3.329977 2.748245
v -2.967050 3.306540 2.748245
v -2.965740 3.282120 2.748245
v -2.967128 3.257983 2.748245
v -2.971319 3.234923 2.748245
v -2.978361 3.213134 2.748245
v -2.988297 3.192811 2.748245
v -3.001172 3.174150 2.748245
v -3.017030 3.157345 2.748245
v -3.035917 3.142590 2.748245
v -3.057876 3.130081 2.748245
v -3.082954 3.120013 2.748245
v -3.111193 3.112580 2.748245
v -3.142641 3.107977 2.748245
v -3.177340 3.106400 2.748245
v -3.271180 3.106400 2.748245
v -3.271180 2.835000 2.748245
v -3.361340 2.835000 2.748245
v -3.361340 3.462440 2.748245
v -3.165380 3.462440 2.748245
v -3.169060 3.187360 2.748245
v -3.152780 3.188102 2.748245
v -3.137563 3.190307 2.748245
v -3.123477 3.193944 2.748245
v -3.110589 3.198979 2.748245
v -3.098966 3.205382 2.748245
v -3.088675 3.213120 2.748245
v -3.079783 3.222161 2.748245
v -3.072358 3.232474 2.748245
v -3.066466 3.244026 2.748245
v -3.062174 3.256786 2.748245
v -3.059550 3.270721 2.748245
v -3.058660 3.285800 2.748245
v -3.059196 3.297346 2.748245
v -3.060879 3.308859 2.748245
v -3.063821 3.320156 2.748245
v -3.068133 3.331050 2.748245
v -3.073927 3.341357 2.748245
v -3.081315 3.350890 2.748245
v -3.090409 3.359465 2.748245
v -3.101321 3.366896 2.748245
v -3.114162 3.372998 2.748245
v -3.129044 3.377587 2.748245
v -3.146080 3.380476 2.748245
v -3.165380 3.381480 2.748245
v -3.271180 3.381480 2.748245
v -3.271180 3.187360 2.748245
v -1.016260 2.835000 2.630244
v -1.099980 3.019920 2.630244
v -1.366780 3.019920 2.630244
v -1.445900 2.835000 2.630244
v -1.537900 2.835000 2.630244
v -1.268340 3.466120 2.630244
v -1.204860 3.466120 2.630244
v -0.924260 2.835000 2.630244
v -1.136780 3.100880 2.630244
v -1.237980 3.328120 2.630244
v -1.331820 3.100880 2.630244
v -2.092660 3.462440 2.630244
v -1.551700 3.462440 2.630244
v -1.950980 2.915960 2.630244
v -1.551700 2.915960 2.630244
v -1.551700 2.835000 2.630244
v -2.117500 2.835000 2.630244
v -1.718220 3.381480 2.630244
v -2.092660 3.381480 2.630244
v -2.686980 3.462440 2.630244
v -2.146020 3.462440 2.630244
v -2.545300 2.915960 2.630244
v -2.146020 2.915960 2.630244
v -2.146020 2.835000 2.630244
v -2.711820 2.835000 2.630244
v -2.312540 3.381480 2.630244
v -2.686980 3.381480 2.630244
v -2.886620 2.835000 2.630244
v -2.886620 3.462440 2.630244
v -2.796460 3.462440 2.630244
v -2.796460 2.835000 2.630244
v -3.132655 3.460789 2.630244
v -3.102995 3.455983 2.630244
v -3.076356 3.448237 2.630244
v -3.052697 3.437770 2.630244
v -3.031977 3.424798 2.630244
v -3.014155 3.409540 2.630244
v -2.999189 3.392211 2.630244
v -2.987036 3.373029 2.630244
v -2.977657 3.352212 2.630244
v -2.971009 3.329977 2.630244
v -2.967050 3.306540 2.630244
v -2.965740 3.282120 2.630244
v -2.967128 3.257983 2.630244
v -2.971319 3.234923 2.630244
v -2.978361 3.213134 2.630244
v -2.988297 3.192811 2.630244
v -3.001172 3.174150 2.630244
v -3.017030 3.157345 2.630244
v -3.035917 3.142590 2.630244
v -3.057876 3.130081 2.630244
v -3.082954 3.120013 2.630244
v -3.111193 3.112580 2.630244
v -3.142641 3.107977 2.630244
v -3.177340 3.106400 2.630244
v -3.271180 3.106400 2.630244
v -3.271180 2.835000 2.630244
v -3.361340 2.835000 2.630244
v -3.361340 3.462440 2.630244
v -3.165380 3.462440 2.630244
v -3.169060 3.187360 2.630244
v -3.152780 3.188102 2.630244
v -3.137563 3.190307 2.630244
v -3.123477 3.193944 2.630244
v -3.110589 3.198979 2.630244
v -3.098966 3.205382 2.630244
v -3.088675 3.213120 2.630244
v -3.079783 3.222161 2.630244
v -3.072358 3.232474 2.630244
v -3.066466 3.244026 2.630244
v -3.062174 3.256786 2.630244
v -3.059550 3.270721 2.630244
v -3.058660 3.285800 2.630244
v -3.059196 3.297346 2.630244
v -3.060879 3.308859 2.630244
v -3.063821 3.320156 2.630244
v -3.068133 3.331050 2.630244
v -3.073927 3.341357 2.630244
v -3.081315 3.350890 2.630244
v -3.090409 3.359465 2.630244
v -3.101321 3.366896 2.630244
v -3.114162 3.372998 2.630244
v -3.129044 3.377587 2.630244
v -3.146080 3.380476 2.630244
v -3.165380 3.381480 2.630244
v -3.271180 3.381480 2.630244
v -3.271180 3.187360 2.630244
v -3.132655 3.460789 2.630244
v -3.132525 3.462020 2.630440
v -3.132407 3.463131 2.631008
v -3.132314 3.464012 2.631893
v -3.132254 3.464578 2.633008
v -3.132234 3.464773 2.634244
v -3.132234 3.464773 2.744245
v -3.132254 3.464578 2.745481
v -3.132314 3.464012 2.746596
v -3.132407 3.463131 2.747480
v -3.132525 3.462020 2.748049
v -3.132655 3.460789 2.748245
v -3.102995 3.455983 2.630244
v -3.102722 3.457191 2.630440
v -3.102476 3.458281 2.631008
v -3.102281 3.459145 2.631893
v -3.102156 3.459701 2.633008
v -3.102113 3.459892 2.634244
v -3.102113 3.459892 2.744245
v -3.102156 3.459701 2.745481
v -3.102281 3.459145 2.746596
v -3.102476 3.458281 2.747480
v -3.102722 3.457191 2.748049
v -3.102995 3.455983 2.748245
v -3.076356 3.448237 2.630244
v -3.075931 3.449401 2.630440
v -3.075548 3.450451 2.631008
v -3.075244 3.451284 2.631893
v -3.075050 3.451819 2.633008
v -3.074982 3.452003 2.634244
v -3.074982 3.452003 2.744245
v -3.075050 3.451819 2.745481
v -3.075244 3.451284 2.746596
v -3.075548 3.450451 2.747480
v -3.075931 3.449401 2.748049
v -3.076356 3.448237 2.748245
v -3.052697 3.437770 2.630244
v -3.052116 3.438865 2.630440
v -3.051592 3.439852 2.631008
v -3.051176 3.440636 2.631893
v -3.050909 3.441139 2.633008
v -3.050817 3.441312 2.634244
v -3.050817 3.441312 2.744245
v -3.050909 3.441139 2.745481
v -3.051176 3.440636 2.746596
v -3.051592 3.439852 2.747480
v -3.052116 3.438865 2.748049
v -3.052697 3.437770 2.748245
v -3.031977 3.424798 2.630244
v -3.031244 3.425797 2.630440
v -3.030581 3.426698 2.631008
v -3.030056 3.427413 2.631893
v -3.029718 3.427873 2.633008
v -3.029602 3.428031 2.634244
v -3.029602 3.428031 2.744245
v -3.029718 3.427873 2.745481
v -3.030056 3.427413 2.746596
v -3.030581 3.426698 2.747480
v -3.031244 3.425797 2.748049
v -3.031977 3.424798 2.748245
v -3.014155 3.409540 2.630244
v -3.013281 3.410418 2.630440
v -3.012491 3.411211 2.631008
v -3.011865 3.411839 2.631893
v -3.011463 3.412243 2.633008
v -3.011325 3.412382 2.634244
v -3.011325 3.412382 2.744245
v -3.011463 3.412243 2.745481
v -3.011865 3.411839 2.746596
v -3.012491 3.411211 2.747480
v -3.013281 3.410418 2.748049
v -3.014155 3.409540 2.748245
v -2.999189 3.392211 2.630244
v -2.998193 3.392950 2.630440
v -2.997296 3.393616 2.631008
v -2.996583 3.394145 2.631893
v -2.996125 3.394485 2.633008
v -2.995968 3.394602 2.634244
v -2.995968 3.394602 2.744245
v -2.996125 3.394485 2.745481
v -2.996583 3.394145 2.746596
v -2.997296 3.393616 2.747480
v -2.998193 3.392950 2.748049
v -2.999189 3.392211 2.748245
v -2.987036 3.373029 2.630244
v -2.985945 3.373617 2.630440
v -2.984961 3.374147 2.631008
v -2.984180 3.374568 2.631893
v -2.983679 3.374838 2.633008
v -2.983505 3.374931 2.634244
v -2.983505 3.374931 2.744245
v -2.983679 3.374838 2.745481
v -2.984180 3.374568 2.746596
v -2.984961 3.374147 2.747480
v -2.985945 3.373617 2.748049
v -2.987036 3.373029 2.748245
v -2.977657 3.352212 2.630244
v -2.976496 3.352645 2.630440
v -2.975449 3.353036 2.631008
v -2.974618 3.353345 2.631893
v -2.974085 3.353544 2.633008
v -2.973901 3.353613 2.634244
v -2.973901 3.353613 2.744245
v -2.974085 3.353544 2.745481
v -2.974618 3.353345 2.746596
v -2.975449 3.353036 2.747480
v -2.976496 3.352645 2.748049
v -2.977657 3.352212 2.748245
v -2.971009 3.329977 2.630244
v -2.969803 3.330258 2.630440
v -2.968714 3.330511 2.631008
v -2.967851 3.330713 2.631893
v -2.967297 3.330842 2.633008
v -2.967106 3.330886 2.634244
v -2.967106 3.330886 2.744245
v -2.967297 3.330842 2.745481
v -2.967851 3.330713 2.746596
v -2.968714 3.330511 2.747480
v -2.969803 3.330258 2.748049
v -2.971009 3.329977 2.748245
v -2.967050 3.306540 2.630244
v -2.965820 3.306677 2.630440
v -2.964710 3.306800 2.631008
v -2.963829 3.306898 2.631893
v -2.963263 3.306960 2.633008
v -2.963068 3.306982 2.634244
v -2.963068 3.306982 2.744245
v -2.963263 3.306960 2.745481
v -2.963829 3.306898 2.746596
v -2.964710 3.306800 2.747480
v -2.965820 3.306677 2.748049
v -2.967050 3.306540 2.748245
v -2.965740 3.282120 2.630244
v -2.964502 3.282117 2.630440
v -2.963385 3.282115 2.631008
v -2.962499 3.282114 2.631893
v -2.961930 3.282113 2.633008
v -2.961734 3.282112 2.634244
v -2.961734 3.282112 2.744245
v -2.961930 3.282113 2.745481
v -2.962499 3.282114 2.746596
v -2.963385 3.282115 2.747480
v -2.964502 3.282117 2.748049
v -2.965740 3.282120 2.748245
v -2.967128 3.257983 2.630244
v -2.965898 3.257837 2.630440
v -2.964788 3.257704 2.631008
v -2.963908 3.257599 2.631893
v -2.963343 3.257532 2.633008
v -2.963148 3.257509 2.634244
v -2.963148 3.257509 2.744245
v -2.963343 3.257532 2.745481
v -2.963908 3.257599 2.746596
v -2.964788 3.257704 2.747480
v -2.965898 3.257837 2.748049
v -2.967128 3.257983 2.748245
v -2.971319 3.234923 2.630244
v -2.970118 3.234621 2.630440
v -2.969034 3.234349 2.631008
v -2.968174 3.234133 2.631893
v -2.967622 3.233994 2.633008
v -2.967431 3.233946 2.634244
v -2.967431 3.233946 2.744245
v -2.967622 3.233994 2.745481
v -2.968174 3.234133 2.746596
v -2.969034 3.234349 2.747480
v -2.970118 3.234621 2.748049
v -2.971319 3.234923 2.748245
v -2.978361 3.213134 2.630244
v -2.977212 3.212670 2.630440
v -2.976176 3.212252 2.631008
v -2.975353 3.211920 2.631893
v -2.974825 3.211707 2.633008
v -2.974643 3.211633 2.634244
v -2.974643 3.211633 2.744245
v -2.974825 3.211707 2.745481
v -2.975353 3.211920 2.746596
v -2.976176 3.212252 2.747480
v -2.977212 3.212670 2.748049
v -2.978361 3.213134 2.748245
v -2.988297 3.192811 2.630244
v -2.987227 3.192186 2.630440
v -2.986262 3.191621 2.631008
v -2.985496 3.191173 2.631893
v -2.985005 3.190885 2.633008
v -2.984835 3.190786 2.634244
v -2.984835 3.190786 2.744245
v -2.985005 3.190885 2.745481
v -2.985496 3.191173 2.746596
v -2.986262 3.191621 2.747480
v -2.987227 3.192186 2.748049
v -2.988297 3.192811 2.748245
v -3.001172 3.174150 2.630244
v -3.000208 3.173371 2.630440
v -2.999338 3.172667 2.631008
v -2.998648 3.172109 2.631893
v -2.998205 3.171751 2.633008
v -2.998053 3.171627 2.634244
v -2.998053 3.171627 2.744245
v -2.998205 3.171751 2.745481
v -2.998648 3.172109 2.746596
v -2.999338 3.172667 2.747480
v -3.000208 3.173371 2.748049
v -3.001172 3.174150 2.748245
v -3.017030 3.157345 2.630244
v -3.016195 3.156428 2.630440
v -3.015442 3.155602 2.631008
v -3.014845 3.154946 2.631893
v -3.014461 3.154524 2.633008
v -3.014329 3.154379 2.634244
v -3.014329 3.154379 2.744245
v -3.014461 3.154524 2.745481
v -3.014845 3.154946 2.746596
v -3.015442 3.155602 2.747480
v -3.016195 3.156428 2.748049
v -3.017030 3.157345 2.748245
v -3.035917 3.142590 2.630244
v -3.035227 3.141561 2.630440
v -3.034604 3.140632 2.631008
v -3.034110 3.139895 2.631893
v -3.033793 3.139422 2.633008
v -3.033684 3.139259 2.634244
v -3.033684 3.139259 2.744245
v -3.033793 3.139422 2.745481
v -3.034110 3.139895 2.746596
v -3.034604 3.140632 2.747480
v -3.035227 3.141561 2.748049
v -3.035917 3.142590 2.748245
v -3.057876 3.130081 2.630244
v -3.057338 3.128966 2.630440
v -3.056852 3.127959 2.631008
v -3.056466 3.127160 2.631893
v -3.056218 3.126647 2.633008
v -3.056134 3.126471 2.634244
v -3.056134 3.126471 2.744245
v -3.056218 3.126647 2.745481
v -3.056466 3.127160 2.746596
v -3.056852 3.127959 2.747480
v -3.057338 3.128966 2.748049
v -3.057876 3.130081 2.748245
v -3.082954 3.120013 2.630244
v -3.082565 3.118837 2.630440
v -3.082214 3.117776 2.631008
v -3.081935 3.116935 2.631893
v -3.081756 3.116394 2.633008
v -3.081695 3.116208 2.634244
v -3.081695 3.116208 2.744245
v -3.081756 3.116394 2.745481
v -3.081935 3.116935 2.746596
v -3.082214 3.117776 2.747480
v -3.082565 3.118837 2.748049
v -3.082954 3.120013 2.748245
v -3.111193 3.112580 2.630244
v -3.110946 3.111367 2.630440
v -3.110723 3.110273 2.631008
v -3.110545 3.109404 2.631893
v -3.110432 3.108847 2.633008
v -3.110392 3.108655 2.634244
v -3.110392 3.108655 2.744245
v -3.110432 3.108847 2.745481
v -3.110545 3.109404 2.746596
v -3.110723 3.110273 2.747480
v -3.110946 3.111367 2.748049
v -3.111193 3.112580 2.748245
v -3.142641 3.107977 2.630244
v -3.142523 3.106745 2.630440
v -3.142417 3.105634 2.631008
v -3.142332 3.104752 2.631893
v -3.142278 3.104186 2.633008
v -3.142259 3.103991 2.634244
v -3.142259 3.103991 2.744245
v -3.142278 3.104186 2.745481
v -3.142332 3.104752 2.746596
v -3.142417 3.105634 2.747480
v -3.142523 3.106745 2.748049
v -3.142641 3.107977 2.748245
v -3.177340 3.106400 2.630244
v -3.177312 3.105164 2.630440
v -3.177286 3.104049 2.631008
v -3.177266 3.103164 2.631893
v -3.177253 3.102596 2.633008
v -3.177249 3.102400 2.634244
v -3.177249 3.102400 2.744245
v -3.177253 3.102596 2.745481
v -3.177266 3.103164 2.746596
v -3.177286 3.104049 2.747480
v -3.177312 3.105164 2.748049
v -3.177340 3.106400 2.748245
v -3.271180 3.106400 2.630244
v -3.269944 3.105164 2.630440
v -3.268829 3.104049 2.631008
v -3.267944 3.103164 2.631893
v -3.267376 3.102596 2.633008
v -3.267180 3.102400 2.634244
v -3.267180 3.102400 2.744245
v -3.267376 3.102596 2.745481
v -3.267944 3.103164 2.746596
v -3.268829 3.104049 2.747480
v -3.269944 3.105164 2.748049
v -3.271180 3.106400 2.748245
v -3.271180 2.835000 2.630244
v -3.269944 2.833764 2.630440
v -3.268829 2.832649 2.631008
v -3.267944 2.831764 2.631893
v -3.267376 2.831196 2.633008
v -3.267180 2.831000 2.634244
v -3.267180 2.831000 2.744245
v -3.267376 2.831196 2.745481
v -3.267944 2.831764 2.746596
v -3.268829 2.832649 2.747480
v -3.269944 2.833764 2.748049
v -3.271180 2.835000 2.748245
v -3.361340 2.835000 2.630244
v -3.362576 2.833764 2.630440
v -3.363691 2.832649 2.631008
v -3.364576 2.831764 2.631893
v -3.365144 2.831196 2.633008
v -3.365340 2.831000 2.634244
v -3.365340 2.831000 2.744245
v -3.365144 2.831196 2.745481
v -3.364576 2.831764 2.746596
v -3.363691 2.832649 2.747480
v -3.362576 2.833764 2.748049
v -3.361340 2.835000 2.748245
v -3.361340 3.462440 2.630244
v -3.362576 3.463676 2.630440
v -3.363691 3.464791 2.631008
v -3.364576 3.465676 2.631893
v -3.365144 3.466244 2.633008
v -3.365340 3.466440 2.634244
v -3.365340 3.466440 2.744245
v -3.365144 3.466244 2.745481
v -3.364576 3.465676 2.746596
v -3.363691 3.464791 2.747480
v -3.362576 3.463676 2.748049
v -3.361340 3.462440 2.748245
v -3.165380 3.462440 2.630244
v -3.165349 3.463676 2.630440
v -3.165321 3.464791 2.631008
v -3.165299 3.465676 2.631893
v -3.165284 3.466244 2.633008
v -3.165279 3.466440 2.634244
v -3.165279 3.466440 2.744245
v -3.165284 3.466244 2.745481
v -3.165299 3.465676 2.746596
v -3.165321 3.464791 2.747480
v -3.165349 3.463676 2.748049
v -3.165380 3.462440 2.748245
v -3.169060 3.187360 2.630244
v -3.169088 3.188596 2.630440
v -3.169114 3.189711 2.631008
v -3.169134 3.190596 2.631893
v -3.169147 3.191164 2.633008
v -3.169151 3.191360 2.634244
v -3.169151 3.191360 2.744245
v -3.169147 3.191164 2.745481
v -3.169134 3.190596 2.746596
v -3.169114 3.189711 2.747480
v -3.169088 3.188596 2.748049
v -3.169060 3.187360 2.748245
v -3.152780 3.188102 2.630244
v -3.152897 3.189334 2.630440
v -3.153003 3.190445 2.631008
v -3.153086 3.191327 2.631893
v -3.153140 3.191894 2.633008
v -3.153158 3.192089 2.634244
v -3.153158 3.192089 2.744245
v -3.153140 3.191894 2.745481
v -3.153086 3.191327 2.746596
v -3.153003 3.190445 2.747480
v -3.152897 3.189334 2.748049
v -3.152780 3.188102 2.748245
v -3.137563 3.190307 2.630244
v -3.137807 3.191521 2.630440
v -3.138027 3.192616 2.631008
v -3.138201 3.193485 2.631893
v -3.138313 3.194042 2.633008
v -3.138352 3.194235 2.634244
v -3.138352 3.194235 2.744245
v -3.138313 3.194042 2.745481
v -3.138201 3.193485 2.746596
v -3.138027 3.192616 2.747480
v -3.137807 3.191521 2.748049
v -3.137563 3.190307 2.748245
v -3.123477 3.193944 2.630244
v -3.123858 3.195122 2.630440
v -3.124201 3.196185 2.631008
v -3.124474 3.197028 2.631893
v -3.124649 3.197570 2.633008
v -3.124709 3.197757 2.634244
v -3.124709 3.197757 2.744245
v -3.124649 3.197570 2.745481
v -3.124474 3.197028 2.746596
v -3.124201 3.196185 2.747480
v -3.123858 3.195122 2.748049
v -3.123477 3.193944 2.748245
v -3.110589 3.198979 2.630244
v -3.111114 3.200101 2.630440
v -3.111588 3.201113 2.631008
v -3.111964 3.201916 2.631893
v -3.112206 3.202431 2.633008
v -3.112289 3.202609 2.634244
v -3.112289 3.202609 2.744245
v -3.112206 3.202431 2.745481
v -3.111964 3.201916 2.746596
v -3.111588 3.201113 2.747480
v -3.111114 3.200101 2.748049
v -3.110589 3.198979 2.748245
v -3.098966 3.205382 2.630244
v -3.099639 3.206422 2.630440
v -3.100246 3.207361 2.631008
v -3.100728 3.208106 2.631893
v -3.101037 3.208584 2.633008
v -3.101144 3.208749 2.634244
v -3.101144 3.208749 2.744245
v -3.101037 3.208584 2.745481
v -3.100728 3.208106 2.746596
v -3.100246 3.207361 2.747480
v -3.099639 3.206422 2.748049
v -3.098966 3.205382 2.748245
v -3.088675 3.213120 2.630244
v -3.089492 3.214052 2.630440
v -3.090228 3.214894 2.631008
v -3.090813 3.215561 2.631893
v -3.091188 3.215990 2.633008
v -3.091317 3.216137 2.634244
v -3.091317 3.216137 2.744245
v -3.091188 3.215990 2.745481
v -3.090813 3.215561 2.746596
v -3.090228 3.214894 2.747480
v -3.089492 3.214052 2.748049
v -3.088675 3.213120 2.748245
v -3.079783 3.222161 2.630244
v -3.080731 3.222960 2.630440
v -3.081586 3.223681 2.631008
v -3.082264 3.224253 2.631893
v -3.082700 3.224621 2.633008
v -3.082850 3.224747 2.634244
v -3.082850 3.224747 2.744245
v -3.082700 3.224621 2.745481
v -3.082264 3.224253 2.746596
v -3.081586 3.223681 2.747480
v -3.080731 3.222960 2.748049
v -3.079783 3.222161 2.748245
v -3.072358 3.232474 2.630244
v -3.073416 3.233119 2.630440
v -3.074371 3.233702 2.631008
v -3.075128 3.234164 2.631893
v -3.075615 3.234461 2.633008
v -3.075783 3.234563 2.634244
v -3.075783 3.234563 2.744245
v -3.075615 3.234461 2.745481
v -3.075128 3.234164 2.746596
v -3.074371 3.233702 2.747480
v -3.073416 3.233119 2.748049
v -3.072358 3.232474 2.748245
v -3.066466 3.244026 2.630244
v -3.067608 3.244506 2.630440
v -3.068639 3.244940 2.631008
v -3.069457 3.245284 2.631893
v -3.069982 3.245505 2.633008
v -3.070163 3.245581 2.634244
v -3.070163 3.245581 2.744245
v -3.069982 3.245505 2.745481
v -3.069457 3.245284 2.746596
v -3.068639 3.244940 2.747480
v -3.067608 3.244506 2.748049
v -3.066466 3.244026 2.748245
v -3.062174 3.256786 2.630244
v -3.063373 3.257099 2.630440
v -3.064454 3.257381 2.631008
v -3.065313 3.257605 2.631893
v -3.065864 3.257749 2.633008
v -3.066054 3.257798 2.634244
v -3.066054 3.257798 2.744245
v -3.065864 3.257749 2.745481
v -3.065313 3.257605 2.746596
v -3.064454 3.257381 2.747480
v -3.063373 3.257099 2.748049
v -3.062174 3.256786 2.748245
v -3.059550 3.270721 2.630244
v -3.060779 3.270872 2.630440
v -3.061888 3.271009 2.631008
v -3.062768 3.271117 2.631893
v -3.063333 3.271187 2.633008
v -3.063528 3.271211 2.634244
v -3.063528 3.271211 2.744245
v -3.063333 3.271187 2.745481
v -3.062768 3.271117 2.746596
v -3.061888 3.271009 2.747480
v -3.060779 3.270872 2.748049
v -3.059550 3.270721 2.748245
v -3.058660 3.285800 2.630244
v -3.059898 3.285808 2.630440
v -3.061014 3.285815 2.631008
v -3.061900 3.285820 2.631893
v -3.062470 3.285824 2.633008
v -3.062665 3.285825 2.634244
v -3.062665 3.285825 2.744245
v -3.062470 3.285824 2.745481
v -3.061900 3.285820 2.746596
v -3.061014 3.285815 2.747480
v -3.059898 3.285808 2.748049
v -3.058660 3.285800 2.748245
v -3.059196 3.297346 2.630244
v -3.060428 3.297227 2.630440
v -3.061539 3.297120 2.631008
v -3.062421 3.297036 2.631893
v -3.062988 3.296981 2.633008
v -3.063183 3.296962 2.634244
v -3.063183 3.296962 2.744245
v -3.062988 3.296981 2.745481
v -3.062421 3.297036 2.746596
v -3.061539 3.297120 2.747480
v -3.060428 3.297227 2.748049
v -3.059196 3.297346 2.748245
v -3.060879 3.308859 2.630244
v -3.062092 3.308614 2.630440
v -3.063187 3.308392 2.631008
v -3.064055 3.308216 2.631893
v -3.064613 3.308103 2.633008
v -3.064805 3.308064 2.634244
v -3.064805 3.308064 2.744245
v -3.064613 3.308103 2.745481
v -3.064055 3.308216 2.746596
v -3.063187 3.308392 2.747480
v -3.062092 3.308614 2.748049
v -3.060879 3.308859 2.748245
v -3.063821 3.320156 2.630244
v -3.064998 3.319772 2.630440
v -3.066060 3.319424 2.631008
v -3.066902 3.319149 2.631893
v -3.067444 3.318972 2.633008
v -3.067630 3.318911 2.634244
v -3.067630 3.318911 2.744245
v -3.067444 3.318972 2.745481
v -3.066902 3.319149 2.746596
v -3.066060 3.319424 2.747480
v -3.064998 3.319772 2.748049
v -3.063821 3.320156 2.748245
v -3.068133 3.331050 2.630244
v -3.069251 3.330518 2.630440
v -3.070260 3.330037 2.631008
v -3.071061 3.329655 2.631893
v -3.071575 3.329411 2.633008
v -3.071752 3.329326 2.634244
v -3.071752 3.329326 2.744245
v -3.071575 3.329411 2.745481
v -3.071061 3.329655 2.746596
v -3.070260 3.330037 2.747480
v -3.069251 3.330518 2.748049
v -3.068133 3.331050 2.748245
v -3.073927 3.341357 2.630244
v -3.074960 3.340671 2.630440
v -3.075891 3.340053 2.631008
v -3.076631 3.339563 2.631893
v -3.077105 3.339248 2.633008
v -3.077269 3.339139 2.634244
v -3.077269 3.339139 2.744245
v -3.077105 3.339248 2.745481
v -3.076631 3.339563 2.746596
v -3.075891 3.340053 2.747480
v -3.074960 3.340671 2.748049
v -3.073927 3.341357 2.748245
v -3.081315 3.350890 2.630244
v -3.082233 3.350056 2.630440
v -3.083061 3.349305 2.631008
v -3.083719 3.348708 2.631893
v -3.084141 3.348325 2.633008
v -3.084286 3.348193 2.634244
v -3.084286 3.348193 2.744245
v -3.084141 3.348325 2.745481
v -3.083719 3.348708 2.746596
v -3.083061 3.349305 2.747480
v -3.082233 3.350056 2.748049
v -3.081315 3.350890 2.748245
v -3.090409 3.359465 2.630244
v -3.091186 3.358498 2.630440
v -3.091887 3.357626 2.631008
v -3.092443 3.356934 2.631893
v -3.092799 3.356490 2.633008
v -3.092922 3.356337 2.634244
v -3.092922 3.356337 2.744245
v -3.092799 3.356490 2.745481
v -3.092443 3.356934 2.746596
v -3.091887 3.357626 2.747480
v -3.091186 3.358498 2.748049
v -3.090409 3.359465 2.748245
v -3.101321 3.366896 2.630244
v -3.101938 3.365821 2.630440
v -3.102494 3.364851 2.631008
v -3.102936 3.364081 2.631893
v -3.103219 3.363586 2.633008
v -3.103317 3.363416 2.634244
v -3.103317 3.363416 2.744245
v -3.103219 3.363586 2.745481
v -3.102936 3.364081 2.746596
v -3.102494 3.364851 2.747480
v -3.101938 3.365821 2.748049
v -3.101321 3.366896 2.748245
v -3.114162 3.372998 2.630244
v -3.114612 3.371844 2.630440
v -3.115017 3.370802 2.631008
v -3.115339 3.369975 2.631893
v -3.115546 3.369444 2.633008
v -3.115617 3.369262 2.634244
v -3.115617 3.369262 2.744245
v -3.115546 3.369444 2.745481
v -3.115339 3.369975 2.746596
v -3.115017 3.370802 2.747480
v -3.114612 3.371844 2.748049
v -3.114162 3.372998 2.748245
v -3.129044 3.377587 2.630244
v -3.129331 3.376382 2.630440
v -3.129589 3.375294 2.631008
v -3.129795 3.374432 2.631893
v -3.129926 3.373878 2.633008
v -3.129972 3.373687 2.634244
v -3.129972 3.373687 2.744245
v -3.129926 3.373878 2.745481
v -3.129795 3.374432 2.746596
v -3.129589 3.375294 2.747480
v -3.129331 3.376382 2.748049
v -3.129044 3.377587 2.748245
v -3.146080 3.380476 2.630244
v -3.146216 3.379245 2.630440
v -3.146338 3.378135 2.631008
v -3.146435 3.377254 2.631893
v -3.146498 3.376688 2.633008
v -3.146519 3.376493 2.634244
v -3.146519 3.376493 2.744245
v -3.146498 3.376688 2.745481
v -3.146435 3.377254 2.746596
v -3.146338 3.378135 2.747480
v -3.146216 3.379245 2.748049
v -3.146080 3.380476 2.748245
v -3.165380 3.381480 2.630244
v -3.165412 3.380244 2.630440
v -3.165441 3.379129 2.631008
v -3.165464 3.378244 2.631893
v -3.165479 3.377676 2.633008
v -3.165484 3.377480 2.634244
v -3.165484 3.377480 2.744245
v -3.165479 3.377676 2.745481
v -3.165464 3.378244 2.746596
v -3.165441 3.379129 2.747480
v -3.165412 3.380244 2.748049
v -3.165380 3.381480 2.748245
v -3.271180 3.381480 2.630244
v -3.269944 3.380244 2.630440
v -3.268829 3.379129 2.631008
v -3.267944 3.378244 2.631893
v -3.267376 3.377676 2.633008
v -3.267180 3.377480 2.634244
v -3.267180 3.377480 2.744245
v -3.267376 3.377676 2.745481
v -3.267944 3.378244 2.746596
v -3.268829 3.379129 2.747480
v -3.269944 3.380244 2.748049
v -3.271180 3.381480 2.748245
v -3.271180 3.187360 2.630244
v -3.269944 3.188596 2.630440
v -3.268829 3.189711 2.631008
v -3.267944 3.190596 2.631893
v -3.267376 3.191164 2.633008
v -3.267180 3.191360 2.634244
v -3.267180 3.191360 2.744245
v -3.267376 3.191164 2.745481
v -3.267944 3.190596 2.746596
v -3.268829 3.189711 2.747480
v -3.269944 3.188596 2.748049
v -3.271180 3.187360 2.748245
v -2.886620 2.835000 2.630244
v -2.887856 2.833764 2.630440
v -2.888971 2.832649 2.631008
v -2.889856 2.831764 2.631893
v -2.890424 2.831196 2.633008
v -2.890620 2.831000 2.634244
v -2.890620 2.831000 2.744245
v -2.890424 2.831196 2.745481
v -2.889856 2.831764 2.746596
v -2.888971 2.832649 2.747480
v -2.887856 2.833764 2.748049
v -2.886620 2.835000 2.748245
v -2.886620 3.462440 2.630244
v -2.887856 3.463676 2.630440
v -2.888971 3.464791 2.631008
v -2.889856 3.465676 2.631893
v -2.890424 3.466244 2.633008
v -2.890620 3.466440 2.634244
v -2.890620 3.466440 2.744245
v -2.890424 3.466244 2.745481
v -2.889856 3.465676 2.746596
v -2.888971 3.464791 2.747480
v -2.887856 3.463676 2.748049
v -2.886620 3.462440 2.748245
v -2.796460 3.462440 2.630244
v -2.795224 3.463676 2.630440
v -2.794109 3.464791 2.631008
v -2.793224 3.465676 2.631893
v -2.792656 3.466244 2.633008
v -2.792460 3.466440 2.634244
v -2.792460 3.466440 2.744245
v -2.792656 3.466244 2.745481
v -2.793224 3.465676 2.746596
v -2.794109 3.464791 2.747480
v -2.795224 3.463676 2.748049
v -2.796460 3.462440 2.748245
v -2.796460 2.835000 2.630244
v -2.795224 2.833764 2.630440
v -2.794109 2.832649 2.631008
v -2.793224 2.831764 2.631893
v -2.792656 2.831196 2.633008
v -2.792460 2.831000 2.634244
v -2.792460 2.831000 2.744245
v -2.792656 2.831196 2.745481
v -2.793224 2.831764 2.746596
v -2.794109 2.832649 2.747480
v -2.795224 2.833764 2.748049
v -2.796460 2.835000 2.748245
v -2.686980 3.462440 2.630244
v -2.688216 3.463676 2.630440
v -2.689331 3.464791 2.631008
v -2.690216 3.465676 2.631893
v -2.690784 3.466244 2.633008
v -2.690980 3.466440 2.634244
v -2.690980 3.466440 2.744245
v -2.690784 3.466244 2.745481
v -2.690216 3.465676 2.746596
v -2.689331 3.464791 2.747480
v -2.688216 3.463676 2.748049
v -2.686980 3.462440 2.748245
v -2.146020 3.462440 2.630244
v -2.143586 3.463676 2.630440
v -2.141391 3.464791 2.631008
v -2.139648 3.465676 2.631893
v -2.138529 3.466244 2.633008
v -2.138144 3.466440 2.634244
v -2.138144 3.466440 2.744245
v -2.138529 3.466244 2.745481
v -2.139648 3.465676 2.746596
v -2.141391 3.464791 2.747480
v -2.143586 3.463676 2.748049
v -2.146020 3.462440 2.748245
v -2.545300 2.915960 2.630244
v -2.542866 2.917196 2.630440
v -2.540670 2.918311 2.631008
v -2.538928 2.919196 2.631893
v -2.537809 2.919764 2.633008
v -2.537423 2.919960 2.634244
v -2.537423 2.919960 2.744245
v -2.537809 2.919764 2.745481
v -2.538928 2.919196 2.746596
v -2.540670 2.918311 2.747480
v -2.542866 2.917196 2.748049
v -2.545300 2.915960 2.748245
v -2.146020 2.915960 2.630244
v -2.144784 2.917196 2.630440
v -2.143669 2.918311 2.631008
v -2.142784 2.919196 2.631893
v -2.142215 2.919764 2.633008
v -2.142020 2.919960 2.634244
v -2.142020 2.919960 2.744245
v -2.142215 2.919764 2.745481
v -2.142784 2.919196 2.746596
v -2.143669 2.918311 2.747480
v -2.144784 2.917196 2.748049
v -2.146020 2.915960 2.748245
v -2.146020 2.835000 2.630244
v -2.144784 2.833764 2.630440
v -2.143669 2.832649 2.631008
v -2.142784 2.831764 2.631893
v -2.142215 2.831196 2.633008
v -2.142020 2.831000 2.634244
v -2.142020 2.831000 2.744245
v -2.142215 2.831196 2.745481
v -2.142784 2.831764 2.746596
v -2.143669 2.832649 2.747480
v -2.144784 2.833764 2.748049
v -2.146020 2.835000 2.748245
v -2.711820 2.835000 2.630244
v -2.714254 2.833764 2.630440
v -2.716449 2.832649 2.631008
v -2.718192 2.831764 2.631893
v -2.719311 2.831196 2.633008
v -2.719696 2.831000 2.634244
v -2.719696 2.831000 2.744245
v -2.719311 2.831196 2.745481
v -2.718192 2.831764 2.746596
v -2.716449 2.832649 2.747480
v -2.714254 2.833764 2.748049
v -2.711820 2.835000 2.748245
v -2.312540 3.381480 2.630244
v -2.314974 3.380244 2.630440
v -2.317169 3.379129 2.631008
v -2.318912 3.378244 2.631893
v -2.320031 3.377676 2.633008
v -2.320416 3.377480 2.634244
v -2.320416 3.377480 2.744245
v -2.320031 3.377676 2.745481
v -2.318912 3.378244 2.746596
v -2.317169 3.379129 2.747480
v -2.314974 3.380244 2.748049
v -2.312540 3.381480 2.748245
v -2.686980 3.381480 2.630244
v -2.688216 3.380244 2.630440
v -2.689331 3.379129 2.631008
v -2.690216 3.378244 2.631893
v -2.690784 3.377676 2.633008
v -2.690980 3.377480 2.634244
v -2.690980 3.377480 2.744245
v -2.690784 3.377676 2.745481
v -2.690216 3.378244 2.746596
v -2.689331 3.379129 2.747480
v -2.688216 3.380244 2.748049
v -2.686980 3.381480 2.748245
v -2.092660 3.462440 2.630244
v -2.093896 3.463676 2.630440
v -2.095011 3.464791 2.631008
v -2.095896 3.465676 2.631893
v -2.096464 3.466244 2.633008
v -2.096660 3.466440 2.634244
v -2.096660 3.466440 2.744245
v -2.096464 3.466244 2.745481
v -2.095896 3.465676 2.746596
v -2.095011 3.464791 2.747480
v -2.093896 3.463676 2.748049
v -2.092660 3.462440 2.748245
v -1.551700 3.462440 2.630244
v -1.549266 3.463676 2.630440
v -1.547070 3.464791 2.631008
v -1.545327 3.465676 2.631893
v -1.544209 3.466244 2.633008
v -1.543823 3.466440 2.634244
v -1.543823 3.466440 2.744245
v -1.544209 3.466244 2.745481
v -1.545327 3.465676 2.746596
v -1.547070 3.464791 2.747480
v -1.549266 3.463676 2.748049
v -1.551700 3.462440 2.748245
v -1.950980 2.915960 2.630244
v -1.948546 2.917196 2.630440
v -1.946350 2.918311 2.631008
v -1.944607 2.919196 2.631893
v -1.943489 2.919764 2.633008
v -1.943104 2.919960 2.634244
v -1.943104 2.919960 2.744245
v -1.943489 2.919764 2.745481
v -1.944607 2.919196 2.746596
v -1.946350 2.918311 2.747480
v -1.948546 2.917196 2.748049
v -1.950980 2.915960 2.748245
v -1.551700 2.915960 2.630244
v -1.550464 2.917196 2.630440
v -1.549349 2.918311 2.631008
v -1.548464 2.919196 2.631893
v -1.547896 2.919764 2.633008
v -1.547700 2.919960 2.634244
v -1.547700 2.919960 2.744245
v -1.547896 2.919764 2.745481
v -1.548464 2.919196 2.746596
v -1.549349 2.918311 2.747480
v -1.550464 2.917196 2.748049
v -1.551700 2.915960 2.748245
v -1.551700 2.835000 2.630244
v -1.550464 2.833764 2.630440
v -1.549349 2.832649 2.631008
v -1.548464 2.831764 2.631893
v -1.547896 2.831196 2.633008
v -1.547700 2.831000 2.634244
v -1.547700 2.831000 2.744245
v -1.547896 2.831196 2.745481
v -1.548464 2.831764 2.746596
v -1.549349 2.832649 2.747480
v -1.550464 2.833764 2.748049
v -1.551700 2.835000 2.748245
v -2.117500 2.835000 2.630244
v -2.119934 2.833764 2.630440
v -2.122130 2.832649 2.631008
v -2.123872 2.831764 2.631893
v -2.124991 2.831196 2.633008
v -2.125376 2.831000 2.634244
v -2.125376 2.831000 2.744245
v -2.124991 2.831196 2.745481
v -2.123872 2.831764 2.746596
v -2.122130 2.832649 2.747480
v -2.119934 2.833764 2.748049
v -2.117500 2.835000 2.748245
v -1.718220 3.381480 2.630244
v -1.720654 3.380244 2.630440
v -1.722850 3.379129 2.631008
v -1.724592 3.378244 2.631893
v -1.725711 3.377676 2.633008
v -1.726096 3.377480 2.634244
v -1.726096 3.377480 2.744245
v -1.725711 3.377676 2.745481
v -1.724592 3.378244 2.746596
v -1.722850 3.379129 2.747480
v -1.720654 3.380244 2.748049
v -1.718220 3.381480 2.748245
v -2.092660 3.381480 2.630244
v -2.093896 3.380244 2.630440
v -2.095011 3.379129 2.631008
v -2.095896 3.378244 2.631893
v -2.096464 3.377676 2.633008
v -2.096660 3.377480 2.634244
v -2.096660 3.377480 2.744245
v -2.096464 3.377676 2.745481
v -2.095896 3.378244 2.746596
v -2.095011 3.379129 2.747480
v -2.093896 3.380244 2.748049
v -2.092660 3.381480 2.748245
v -1.016260 2.835000 2.630244
v -1.017057 2.833764 2.630440
v -1.017776 2.832649 2.631008
v -1.018348 2.831764 2.631893
v -1.018714 2.831196 2.633008
v -1.018840 2.831000 2.634244
v -1.018840 2.831000 2.744245
v -1.018714 2.831196 2.745481
v -1.018348 2.831764 2.746596
v -1.017776 2.832649 2.747480
v -1.017057 2.833764 2.748049
v -1.016260 2.835000 2.748245
v -1.099980 3.019920 2.630244
v -1.100777 3.018684 2.630440
v -1.101496 3.017569 2.631008
v -1.102067 3.016684 2.631893
v -1.102434 3.016115 2.633008
v -1.102560 3.015920 2.634244
v -1.102560 3.015920 2.744245
v -1.102434 3.016115 2.745481
v -1.102067 3.016684 2.746596
v -1.101496 3.017569 2.747480
v -1.100777 3.018684 2.748049
v -1.099980 3.019920 2.748245
v -1.366780 3.019920 2.630244
v -1.365965 3.018684 2.630440
v -1.365228 3.017569 2.631008
v -1.364645 3.016684 2.631893
v -1.364269 3.016115 2.633008
v -1.364141 3.015920 2.634244
v -1.364141 3.015920 2.744245
v -1.364269 3.016115 2.745481
v -1.364645 3.016684 2.746596
v -1.365228 3.017569 2.747480
v -1.365965 3.018684 2.748049
v -1.366780 3.019920 2.748245
v -1.445900 2.835000 2.630244
v -1.445084 2.833764 2.630440
v -1.444349 2.832649 2.631008
v -1.443765 2.831764 2.631893
v -1.443390 2.831196 2.633008
v -1.443261 2.831000 2.634244
v -1.443261 2.831000 2.744245
v -1.443390 2.831196 2.745481
v -1.443765 2.831764 2.746596
v -1.444349 2.832649 2.747480
v -1.445084 2.833764 2.748049
v -1.445900 2.835000 2.748245
v -1.537900 2.835000 2.630244
v -1.539772 2.833764 2.630440
v -1.541461 2.832649 2.631008
v -1.542801 2.831764 2.631893
v -1.543661 2.831196 2.633008
v -1.543958 2.831000 2.634244
v -1.543958 2.831000 2.744245
v -1.543661 2.831196 2.745481
v -1.542801 2.831764 2.746596
v -1.541461 2.832649 2.747480
v -1.539772 2.833764 2.748049
v -1.537900 2.835000 2.748245
v -1.268340 3.466120 2.630244
v -1.269156 3.467356 2.630440
v -1.269892 3.468471 2.631008
v -1.270477 3.469356 2.631893
v -1.270852 3.469924 2.633008
v -1.270981 3.470120 2.634244
v -1.270981 3.470120 2.744245
v -1.270852 3.469924 2.745481
v -1.270477 3.469356 2.746596
v -1.269892 3.468471 2.747480
v -1.269156 3.467356 2.748049
v -1.268340 3.466120 2.748245
v -1.204860 3.466120 2.630244
v -1.204057 3.467356 2.630440
v -1.203332 3.468471 2.631008
v -1.202758 3.469356 2.631893
v -1.202388 3.469924 2.633008
v -1.202261 3.470120 2.634244
v -1.202261 3.470120 2.744245
v -1.202388 3.469924 2.745481
v -1.202758 3.469356 2.746596
v -1.203332 3.468471 2.747480
v -1.204057 3.467356 2.748049
v -1.204860 3.466120 2.748245
v -0.924260 2.835000 2.630244
v -0.922358 2.833764 2.630440
v -0.920642 2.832649 2.631008
v -0.919279 2.831764 2.631893
v -0.918405 2.831196 2.633008
v -0.918104 2.831000 2.634244
v -0.918104 2.831000 2.744245
v -0.918405 2.831196 2.745481
v -0.919279 2.831764 2.746596
v -0.920642 2.832649 2.747480
v -0.922358 2.833764 2.748049
v -0.924260 2.835000 2.748245
v -1.136780 3.100880 2.630244
v -1.138684 3.102116 2.630440
v -1.140401 3.103231 2.631008
v -1.141763 3.104116 2.631893
v -1.142639 3.104684 2.633008
v -1.142940 3.104880 2.634244
v -1.142940 3.104880 2.744245
v -1.142639 3.104684 2.745481
v -1.141763 3.104116 2.746596
v -1.140401 3.103231 2.747480
v -1.138684 3.102116 2.748049
v -1.136780 3.100880 2.748245
v -1.237980 3.328120 2.630244
v -1.237937 3.324985 2.630440
v -1.237899 3.322157 2.631008
v -1.237868 3.319913 2.631893
v -1.237848 3.318473 2.633008
v -1.237841 3.317976 2.634244
v -1.237841 3.317976 2.744245
v -1.237848 3.318473 2.745481
v -1.237868 3.319913 2.746596
v -1.237899 3.322157 2.747480
v -1.237937 3.324985 2.748049
v -1.237980 3.328120 2.748245
v -1.331820 3.100880 2.630244
v -1.329973 3.102116 2.630440
v -1.328305 3.103231 2.631008
v -1.326983 3.104116 2.631893
v -1.326133 3.104684 2.633008
v -1.325840 3.104880 2.634244
v -1.325840 3.104880 2.744245
v -1.326133 3.104684 2.745481
v -1.326983 3.104116 2.746596
v -1.328305 3.103231 2.747480
v -1.329973 3.102116 2.748049
v -1.331820 3.100880 2.748245
v 0.368590 3.348731 2.739244
v 1.101410 3.679449 2.739244
v 1.252321 2.658064 2.739244
v 0.368590 3.348731 2.659245
v 1.101410 3.679449 2.659245
v 1.252321 2.658064 2.659245
v 0.404366 3.227006 2.749245
v 0.311000 3.356939 2.749245
v 0.404366 3.227006 2.649245
v 0.311000 3.356939 2.649245
v 1.119000 3.740522 2.749245
v 1.025633 3.870456 2.749245
v 1.119000 3.740522 2.649245
v 1.025633 3.870456 2.649245
v 0.704916 3.306195 2.734245
v 0.704916 3.306195 2.764245
v 0.725417 3.314687 2.734245
v 0.725417 3.314687 2.764245
v 0.747416 3.317583 2.734245
v 0.747416 3.317583 2.764245
v 0.769416 3.314687 2.734245
v 0.769416 3.314687 2.764245
v 0.789917 3.306195 2.734245
v 0.789917 3.306195 2.764245
v 0.807521 3.292687 2.734245
v 0.807521 3.292687 2.764245
v 0.821029 3.275083 2.734245
v 0.821029 3.275083 2.764245
v 0.829520 3.254583 2.734245
v 0.829520 3.254583 2.764245
v 0.832417 3.232583 2.734245
v 0.832417 3.232583 2.764245
v 0.829520 3.210583 2.734245
v 0.829520 3.210583 2.764245
v 0.821029 3.190083 2.734245
v 0.821029 3.190083 2.764245
v 0.807521 3.172479 2.734245
v 0.807521 3.172479 2.764245
v 0.789917 3.158971 2.734245
v 0.789917 3.158971 2.764245
v 0.769416 3.150479 2.734245
v 0.769416 3.150479 2.764245
v 0.747416 3.147583 2.734245
v 0.747416 3.147583 2.764245
v 0.725417 3.150479 2.734245
v 0.725417 3.150479 2.764245
v 0.704916 3.158971 2.734245
v 0.704916 3.158971 2.764245
v 0.687312 3.172479 2.734245
v 0.687312 3.172479 2.764245
v 0.673804 3.190083 2.734245
v 0.673804 3.190083 2.764245
v 0.665313 3.210583 2.734245
v 0.665313 3.210583 2.764245
v 0.662416 3.232583 2.734245
v 0.662416 3.232583 2.764245
v 0.665313 3.254583 2.734245
v 0.665313 3.254583 2.764245
v 0.673804 3.275083 2.734245
v 0.673804 3.275083 2.764245
v 0.687312 3.292687 2.734245
v 0.687312 3.292687 2.764245
v 0.857763 3.521458 2.734245
v 0.857763 3.521458 2.764245
v 0.878263 3.529950 2.734245
v 0.878263 3.529950 2.764245
v 0.900263 3.532846 2.734245
v 0.900263 3.532846 2.764245
v 0.922262 3.529950 2.734245
v 0.922262 3.529950 2.764245
v 0.942763 3.521458 2.734245
v 0.942763 3.521458 2.764245
v 0.960367 3.507950 2.734245
v 0.960367 3.507950 2.764245
v 0.973875 3.490346 2.734245
v 0.973875 3.490346 2.764245
v 0.982367 3.469846 2.734245
v 0.982367 3.469846 2.764245
v 0.985263 3.447846 2.734245
v 0.985263 3.447846 2.764245
v 0.982367 3.425847 2.734245
v 0.982367 3.425847 2.764245
v 0.973875 3.405346 2.734245
v 0.973875 3.405346 2.764245
v 0.960367 3.387742 2.734245
v 0.960367 3.387742 2.764245
v 0.942763 3.374234 2.734245
v 0.942763 3.374234 2.764245
v 0.922262 3.365742 2.734245
v 0.922262 3.365742 2.764245
v 0.900263 3.362846 2.734245
v 0.900263 3.362846 2.764245
v 0.878263 3.365742 2.734245
v 0.878263 3.365742 2.764245
v 0.857763 3.374234 2.734245
v 0.857763 3.374234 2.764245
v 0.840159 3.387742 2.734245
v 0.840159 3.387742 2.764245
v 0.826651 3.405346 2.734245
v 0.826651 3.405346 2.764245
v 0.818159 3.425847 2.734245
v 0.818159 3.425847 2.764245
v 0.815263 3.447846 2.734245
v 0.815263 3.447846 2.764245
v 0.818159 3.469846 2.734245
v 0.818159 3.469846 2.764245
v 0.826651 3.490346 2.734245
v 0.826651 3.490346 2.764245
v 0.840159 3.507950 2.734245
v 0.840159 3.507950 2.764245
v 0.949820 3.182009 2.734245
v 0.949820 3.182009 2.764245
v 0.970320 3.190501 2.734245
v 0.970320 3.190501 2.764245
v 0.992320 3.193397 2.734245
v 0.992320 3.193397 2.764245
v 1.014320 3.190501 2.734245
v 1.014320 3.190501 2.764245
v 1.034820 3.182009 2.734245
v 1.034820 3.182009 2.764245
v 1.052424 3.168501 2.734245
v 1.052424 3.168501 2.764245
v 1.065933 3.150897 2.734245
v 1.065933 3.150897 2.764245
v 1.074424 3.130397 2.734245
v 1.074424 3.130397 2.764245
v 1.077320 3.108397 2.734245
v 1.077320 3.108397 2.764245
v 1.074424 3.086398 2.734245
v 1.074424 3.086398 2.764245
v 1.065933 3.065897 2.734245
v 1.065933 3.065897 2.764245
v 1.052424 3.048293 2.734245
v 1.052424 3.048293 2.764245
v 1.034820 3.034785 2.734245
v 1.034820 3.034785 2.764245
v 1.014320 3.026294 2.734245
v 1.014320 3.026294 2.764245
v 0.992320 3.023397 2.734245
v 0.992320 3.023397 2.764245
v 0.970320 3.026294 2.734245
v 0.970320 3.026294 2.764245
v 0.949820 3.034785 2.734245
v 0.949820 3.034785 2.764245
v 0.932216 3.048293 2.734245
v 0.932216 3.048293 2.764245
v 0.918708 3.065897 2.734245
v 0.918708 3.065897 2.764245
v 0.910216 3.086398 2.734245
v 0.910216 3.086398 2.764245
v 0.907320 3.108397 2.734245
v 0.907320 3.108397 2.764245
v 0.910216 3.130397 2.734245
v 0.910216 3.130397 2.764245
v 0.918708 3.150897 2.734245
v 0.918708 3.150897 2.764245
v 0.932216 3.168501 2.734245
v 0.932216 3.168501 2.764245
v 0.700179 3.534400 2.734245
v 0.700179 3.534400 2.764245
v 0.720680 3.542892 2.734245
v 0.720680 3.542892 2.764245
v 0.742679 3.545788 2.734245
v 0.742679 3.545788 2.764245
v 0.764679 3.542892 2.734245
v 0.764679 3.542892 2.764245
v 0.785179 3.534400 2.734245
v 0.785179 3.534400 2.764245
v 0.802783 3.520892 2.734245
v 0.802783 3.520892 2.764245
v 0.816292 3.503288 2.734245
v 0.816292 3.503288 2.764245
v 0.824783 3.482788 2.734245
v 0.824783 3.482788 2.764245
v 0.827679 3.460788 2.734245
v 0.827679 3.460788 2.764245
v 0.824783 3.438788 2.734245
v 0.824783 3.438788 2.764245
v 0.816292 3.418288 2.734245
v 0.816292 3.418288 2.764245
v 0.802783 3.400684 2.734245
v 0.802783 3.400684 2.764245
v 0.785179 3.387176 2.734245
v 0.785179 3.387176 2.764245
v 0.764679 3.378684 2.734245
v 0.764679 3.378684 2.764245
v 0.742679 3.375788 2.734245
v 0.742679 3.375788 2.764245
v 0.720680 3.378684 2.734245
v 0.720680 3.378684 2.764245
v 0.700179 3.387176 2.734245
v 0.700179 3.387176 2.764245
v 0.682575 3.400684 2.734245
v 0.682575 3.400684 2.764245
v 0.669067 3.418288 2.734245
v 0.669067 3.418288 2.764245
v 0.660576 3.438788 2.734245
v 0.660576 3.438788 2.764245
v 0.657679 3.460788 2.734245
v 0.657679 3.460788 2.764245
v 0.660576 3.482788 2.734245
v 0.660576 3.482788 2.764245
v 0.669067 3.503288 2.734245
v 0.669067 3.503288 2.764245
v 0.682575 3.520892 2.734245
v 0.682575 3.520892 2.764245
v -4.575000 2.138644 3.605365
v -4.575000 2.180931 3.620756
v -4.575000 2.549069 2.477734
v -4.575000 2.591355 2.493124
v -3.885000 2.138644 3.605365
v -3.885000 2.180931 3.620756
v -3.885000 2.549069 2.477734
v -3.885000 2.591355 2.493124
v -4.575000 1.985000 3.609244
v -4.575000 2.165000 3.609244
v -4.575000 1.985000 3.569244
v -4.575000 2.165000 3.569244
v -3.885000 1.985000 3.609244
v -3.885000 2.165000 3.609244
v -3.885000 1.985000 3.569244
v -3.885000 2.165000 3.569244
v -3.885000 2.138644 3.605365
v -3.885000 2.180931 3.620756
v -3.885000 2.549069 2.477734
v -3.885000 2.591355 2.493124
v -3.195000 2.138644 3.605365
v -3.195000 2.180931 3.620756
v -3.195000 2.549069 2.477734
v -3.195000 2.591355 2.493124
v -3.885000 1.985000 3.609244
v -3.885000 2.165000 3.609244
v -3.885000 1.985000 3.569244
v -3.885000 2.165000 3.569244
v -3.195000 1.985000 3.609244
v -3.195000 2.165000 3.609244
v -3.195000 1.985000 3.569244
v -3.195000 2.165000 3.569244
v -3.195000 2.138644 3.605365
v -3.195000 2.180931 3.620756
v -3.195000 2.549069 2.477734
v -3.195000 2.591355 2.493124
v -2.505000 2.138644 3.605365
v -2.505000 2.180931 3.620756
v -2.505000 2.549069 2.477734
v -2.505000 2.591355 2.493124
v -3.195000 1.985000 3.609244
v -3.195000 2.165000 3.609244
v -3.195000 1.985000 3.569244
v -3.195000 2.165000 3.569244
v -2.505000 1.985000 3.609244
v -2.505000 2.165000 3.609244
v -2.505000 1.985000 3.569244
v -2.505000 2.165000 3.569244
v -2.505000 2.138644 3.605365
v -2.505000 2.180931 3.620756
v -2.505000 2.549069 2.477734
v -2.505000 2.591355 2.493124
v -1.815000 2.138644 3.605365
v -1.815000 2.180931 3.620756
v -1.815000 2.549069 2.477734
v -1.815000 2.591355 2.493124
v -2.505000 1.985000 3.609244
v -2.505000 2.165000 3.609244
v -2.505000 1.985000 3.569244
v -2.505000 2.165000 3.569244
v -1.815000 1.985000 3.609244
v -1.815000 2.165000 3.609244
v -1.815000 1.985000 3.569244
v -1.815000 2.165000 3.569244
v -1.815000 2.138644 3.605365
v -1.815000 2.180931 3.620756
v -1.815000 2.549069 2.477734
v -1.815000 2.591355 2.493124
v -1.125000 2.138644 3.605365
v -1.125000 2.180931 3.620756
v -1.125000 2.549069 2.477734
v -1.125000 2.591355 2.493124
v -1.815000 1.985000 3.609244
v -1.815000 2.165000 3.609244
v -1.815000 1.985000 3.569244
v -1.815000 2.165000 3.569244
v -1.125000 1.985000 3.609244
v -1.125000 2.165000 3.609244
v -1.125000 1.985000 3.569244
v -1.125000 2.165000 3.569244
v -1.125000 2.138644 3.605365
v -1.125000 2.180931 3.620756
v -1.125000 2.549069 2.477734
v -1.125000 2.591355 2.493124
v -0.435000 2.138644 3.605365
v -0.435000 2.180931 3.620756
v -0.435000 2.549069 2.477734
v -0.435000 2.591355 2.493124
v -1.125000 1.985000 3.609244
v -1.125000 2.165000 3.609244
v -1.125000 1.985000 3.569244
v -1.125000 2.165000 3.569244
v -0.435000 1.985000 3.609244
v -0.435000 2.165000 3.609244
v -0.435000 1.985000 3.569244
v -0.435000 2.165000 3.569244
v -0.435000 2.138644 3.605365
v -0.435000 2.180931 3.620756
v -0.435000 2.549069 2.477734
v -0.435000 2.591355 2.493124
v 0.255000 2.138644 3.605365
v 0.255000 2.180931 3.620756
v 0.255000 2.549069 2.477734
v 0.255000 2.591355 2.493124
v -0.435000 1.985000 3.609244
v -0.435000 2.165000 3.609244
v -0.435000 1.985000 3.569244
v -0.435000 2.165000 3.569244
v 0.255000 1.985000 3.609244
v 0.255000 2.165000 3.609244
v 0.255000 1.985000 3.569244
v 0.255000 2.165000 3.569244
v 0.255000 2.138644 3.605365
v 0.255000 2.180931 3.620756
v 0.255000 2.549069 2.477734
v 0.255000 2.591355 2.493124
v 0.945000 2.138644 3.605365
v 0.945000 2.180931 3.620756
v 0.945000 2.549069 2.477734
v 0.945000 2.591355 2.493124
v 0.255000 1.985000 3.609244
v 0.255000 2.165000 3.609244
v 0.255000 1.985000 3.569244
v 0.255000 2.165000 3.569244
v 0.945000 1.985000 3.609244
v 0.945000 2.165000 3.609244
v 0.945000 1.985000 3.569244
v 0.945000 2.165000 3.569244
v 0.945000 2.138644 3.605365
v 0.945000 2.180931 3.620756
v 0.945000 2.549069 2.477734
v 0.945000 2.591355 2.493124
v 1.635000 2.138644 3.605365
v 1.635000 2.180931 3.620756
v 1.635000 2.549069 2.477734
v 1.635000 2.591355 2.493124
v 0.945000 1.985000 3.609244
v 0.945000 2.165000 3.609244
v 0.945000 1.985000 3.569244
v 0.945000 2.165000 3.569244
v 1.635000 1.985000 3.609244
v 1.635000 2.165000 3.609244
v 1.635000 1.985000 3.569244
v 1.635000 2.165000 3.569244
v 1.635000 2.138644 3.605365
v 1.635000 2.180931 3.620756
v 1.635000 2.549069 2.477734
v 1.635000 2.591355 2.493124
v 2.325000 2.138644 3.605365
v 2.325000 2.180931 3.620756
v 2.325000 2.549069 2.477734
v 2.325000 2.591355 2.493124
v 1.635000 1.985000 3.609244
v 1.635000 2.165000 3.609244
v 1.635000 1.985000 3.569244
v 1.635000 2.165000 3.569244
v 2.325000 1.985000 3.609244
v 2.325000 2.165000 3.609244
v 2.325000 1.985000 3.569244
v 2.325000 2.165000 3.569244
v -4.425000 1.005000 2.584244
v -4.425000 2.605000 2.584244
v -4.425000 1.005000 2.534245
v -4.425000 2.605000 2.534245
v -1.825000 1.005000 2.584244
v -1.825000 2.605000 2.584244
v -1.825000 1.005000 2.534245
v -1.825000 2.605000 2.534245
v -4.475000 2.585000 2.624244
v -4.475000 2.655000 2.624244
v -4.475000 2.585000 2.554245
v -4.475000 2.655000 2.554245
v -1.775000 2.585000 2.624244
v -1.775000 2.655000 2.624244
v -1.775000 2.585000 2.554245
v -1.775000 2.655000 2.554245
v -4.475000 0.955000 2.624244
v -4.475000 1.025000 2.624244
v -4.475000 0.955000 2.554245
v -4.475000 1.025000 2.554245
v -1.775000 0.955000 2.624244
v -1.775000 1.025000 2.624244
v -1.775000 0.955000 2.554245
v -1.775000 1.025000 2.554245
v -4.475000 0.955000 2.624244
v -4.475000 2.655000 2.624244
v -4.475000 0.955000 2.554245
v -4.475000 2.655000 2.554245
v -4.405000 0.955000 2.624244
v -4.405000 2.655000 2.624244
v -4.405000 0.955000 2.554245
v -4.405000 2.655000 2.554245
v -1.845000 0.955000 2.624244
v -1.845000 2.655000 2.624244
v -1.845000 0.955000 2.554245
v -1.845000 2.655000 2.554245
v -1.775000 0.955000 2.624244
v -1.775000 2.655000 2.624244
v -1.775000 0.955000 2.554245
v -1.775000 2.655000 2.554245
v -3.600000 1.005000 2.609244
v -3.600000 2.605000 2.609244
v -3.600000 1.005000 2.549244
v -3.600000 2.605000 2.549244
v -3.550000 1.005000 2.609244
v -3.550000 2.605000 2.609244
v -3.550000 1.005000 2.549244
v -3.550000 2.605000 2.549244
v -2.700000 1.005000 2.609244
v -2.700000 2.605000 2.609244
v -2.700000 1.005000 2.549244
v -2.700000 2.605000 2.549244
v -2.650000 1.005000 2.609244
v -2.650000 2.605000 2.609244
v -2.650000 1.005000 2.549244
v -2.650000 2.605000 2.549244
v 0.275000 1.005000 2.584244
v 0.275000 2.605000 2.584244
v 0.275000 1.005000 2.534245
v 0.275000 2.605000 2.534245
v 1.674999 1.005000 2.584244
v 1.674999 2.605000 2.584244
v 1.674999 1.005000 2.534245
v 1.674999 2.605000 2.534245
v 0.225000 2.585000 2.624244
v 0.225000 2.655000 2.624244
v 0.225000 2.585000 2.554245
v 0.225000 2.655000 2.554245
v 1.725000 2.585000 2.624244
v 1.725000 2.655000 2.624244
v 1.725000 2.585000 2.554245
v 1.725000 2.655000 2.554245
v 0.225000 0.955000 2.624244
v 0.225000 1.025000 2.624244
v 0.225000 0.955000 2.554245
v 0.225000 1.025000 2.554245
v 1.725000 0.955000 2.624244
v 1.725000 1.025000 2.624244
v 1.725000 0.955000 2.554245
v 1.725000 1.025000 2.554245
v 0.225000 0.955000 2.624244
v 0.225000 2.655000 2.624244
v 0.225000 0.955000 2.554245
v 0.225000 2.655000 2.554245
v 0.295000 0.955000 2.624244
v 0.295000 2.655000 2.624244
v 0.295000 0.955000 2.554245
v 0.295000 2.655000 2.554245
v 1.655000 0.955000 2.624244
v 1.655000 2.655000 2.624244
v 1.655000 0.955000 2.554245
v 1.655000 2.655000 2.554245
v 1.725000 0.955000 2.624244
v 1.725000 2.655000 2.624244
v 1.725000 0.955000 2.554245
v 1.725000 2.655000 2.554245
v 0.950000 1.005000 2.609244
v 0.950000 2.605000 2.609244
v 0.950000 1.005000 2.549244
v 0.950000 2.605000 2.549244
v 1.000000 1.005000 2.609244
v 1.000000 2.605000 2.609244
v 1.000000 1.005000 2.549244
v 1.000000 2.605000 2.549244
v -1.525000 0.055000 2.584244
v -1.525000 2.255000 2.584244
v -1.525000 0.055000 2.534245
v -1.525000 2.255000 2.534245
v -0.525000 0.055000 2.584244
v -0.525000 2.255000 2.584244
v -0.525000 0.055000 2.534245
v -0.525000 2.255000 2.534245
v -1.605000 0.010000 2.629244
v -1.605000 2.360000 2.629244
v -1.605000 0.010000 2.549244
v -1.605000 2.360000 2.549244
v -1.525000 0.010000 2.629244
v -1.525000 2.360000 2.629244
v -1.525000 0.010000 2.549244
v -1.525000 2.360000 2.549244
v -0.525000 0.010000 2.629244
v -0.525000 2.360000 2.629244
v -0.525000 0.010000 2.549244
v -0.525000 2.360000 2.549244
v -0.445000 0.010000 2.629244
v -0.445000 2.360000 2.629244
v -0.445000 0.010000 2.549244
v -0.445000 2.360000 2.549244
v -1.605000 2.285000 2.629244
v -1.605000 2.365000 2.629244
v -1.605000 2.285000 2.549244
v -1.605000 2.365000 2.549244
v -0.445000 2.285000 2.629244
v -0.445000 2.365000 2.629244
v -0.445000 2.285000 2.549244
v -0.445000 2.365000 2.549244
v -1.605000 2.365000 2.629244
v -1.605000 2.485000 2.629244
v -1.605000 2.365000 2.549244
v -1.605000 2.485000 2.549244
v -0.445000 2.365000 2.629244
v -0.445000 2.485000 2.629244
v -0.445000 2.365000 2.549244
v -0.445000 2.485000 2.549244
v -0.700000 0.855000 2.654244
v -0.700000 1.555000 2.654244
v -0.700000 0.855000 2.604244
v -0.700000 1.555000 2.604244
v -0.650000 0.855000 2.654244
v -0.650000 1.555000 2.654244
v -0.650000 0.855000 2.604244
v -0.650000 1.555000 2.604244
v -1.525000 0.039999 2.604244
v -1.525000 0.290000 2.604244
v -1.525000 0.039999 2.574244
v -1.525000 0.290000 2.574244
v -0.525000 0.039999 2.604244
v -0.525000 0.290000 2.604244
v -0.525000 0.039999 2.574244
v -0.525000 0.290000 2.574244
v -0.985000 1.505000 2.609244
v -0.985000 1.905000 2.609244
v -0.985000 1.505000 2.589244
v -0.985000 1.905000 2.589244
v -0.705000 1.505000 2.609244
v -0.705000 1.905000 2.609244
v -0.705000 1.505000 2.589244
v -0.705000 1.905000 2.589244
v -0.985000 1.815000 2.611244
v -0.985000 1.915000 2.611244
v -0.985000 1.815000 2.589244
v -0.985000 1.915000 2.589244
v -0.705000 1.815000 2.611244
v -0.705000 1.915000 2.611244
v -0.705000 1.815000 2.589244
v -0.705000 1.915000 2.589244
v -1.775000 0.005000 3.084244
v -1.775000 0.165000 3.084244
v -1.775000 0.005000 2.534245
v -1.775000 0.165000 2.534245
v -0.275000 0.005000 3.084244
v -0.275000 0.165000 3.084244
v -0.275000 0.005000 2.534245
v -0.275000 0.165000 2.534245
v 2.879999 2.630000 1.329244
v 2.879999 2.680000 1.329244
v 2.879999 2.630000 0.729244
v 2.879999 2.680000 0.729244
v 3.229999 2.630000 1.329244
v 3.229999 2.680000 1.329244
v 3.229999 2.630000 0.729244
v 3.229999 2.680000 0.729244
v 3.315000 2.785000 1.029244
v 3.325000 2.787679 1.029244
v 3.332320 2.795000 1.029244
v 3.335000 2.805000 1.029244
v 3.332320 2.815000 1.029244
v 3.325000 2.822320 1.029244
v 3.315000 2.825000 1.029244
v 3.305000 2.822320 1.029244
v 3.297679 2.815000 1.029244
v 3.295000 2.805000 1.029244
v 3.297679 2.795000 1.029244
v 3.305000 2.787679 1.029244
v 3.315000 2.786882 1.000529
v 3.325000 2.789539 1.000878
v 3.332320 2.796796 1.001834
v 3.335000 2.806711 1.003139
v 3.332320 2.816625 1.004444
v 3.325000 2.823883 1.005400
v 3.315000 2.826540 1.005750
v 3.305000 2.823883 1.005400
v 3.297679 2.816625 1.004444
v 3.295000 2.806711 1.003139
v 3.297679 2.796796 1.001834
v 3.305000 2.789539 1.000878
v 3.315000 2.792496 0.972304
v 3.325000 2.795084 0.972998
v 3.332320 2.802155 0.974892
v 3.335000 2.811815 0.977481
v 3.332320 2.821474 0.980069
v 3.325000 2.828545 0.981964
v 3.315000 2.831133 0.982657
v 3.305000 2.828545 0.981964
v 3.297679 2.821474 0.980069
v 3.295000 2.811815 0.977481
v 3.297679 2.802155 0.974892
v 3.305000 2.795084 0.972998
v 3.315000 2.801746 0.945054
v 3.325000 2.804222 0.946079
v 3.332320 2.810985 0.948881
v 3.335000 2.820224 0.952708
v 3.332320 2.829463 0.956535
v 3.325000 2.836226 0.959336
v 3.315000 2.838701 0.960361
v 3.305000 2.836226 0.959336
v 3.297679 2.829463 0.956535
v 3.295000 2.820224 0.952708
v 3.297679 2.810985 0.948881
v 3.305000 2.804222 0.946079
v 3.315000 2.814474 0.919244
v 3.325000 2.816795 0.920584
v 3.332320 2.823135 0.924244
v 3.335000 2.831795 0.929244
v 3.332320 2.840455 0.934244
v 3.325000 2.846795 0.937905
v 3.315000 2.849115 0.939244
v 3.305000 2.846795 0.937905
v 3.297679 2.840455 0.934244
v 3.295000 2.831795 0.929244
v 3.297679 2.823135 0.924244
v 3.305000 2.816795 0.920584
v 3.315000 2.830462 0.895317
v 3.325000 2.832588 0.896948
v 3.332320 2.838396 0.901405
v 3.335000 2.846329 0.907492
v 3.332320 2.854263 0.913580
v 3.325000 2.860070 0.918036
v 3.315000 2.862196 0.919667
v 3.305000 2.860070 0.918036
v 3.297679 2.854263 0.913580
v 3.295000 2.846329 0.907492
v 3.297679 2.838396 0.901405
v 3.305000 2.832588 0.896948
v 3.315000 2.849437 0.873681
v 3.325000 2.851331 0.875576
v 3.332320 2.856508 0.880752
v 3.335000 2.863579 0.887823
v 3.332320 2.870650 0.894894
v 3.325000 2.875826 0.900071
v 3.315000 2.877721 0.901965
v 3.305000 2.875826 0.900071
v 3.297679 2.870650 0.894894
v 3.295000 2.863579 0.887823
v 3.297679 2.856508 0.880752
v 3.305000 2.851331 0.875576
v 3.315000 2.871072 0.854707
v 3.325000 2.872704 0.856833
v 3.332320 2.877160 0.862640
v 3.335000 2.883248 0.870574
v 3.332320 2.889335 0.878507
v 3.325000 2.893792 0.884315
v 3.315000 2.895423 0.886441
v 3.305000 2.893792 0.884315
v 3.297679 2.889335 0.878507
v 3.295000 2.883248 0.870574
v 3.297679 2.877160 0.862640
v 3.305000 2.872704 0.856833
v 3.315000 2.895000 0.838719
v 3.325000 2.896340 0.841039
v 3.332320 2.900000 0.847379
v 3.335000 2.905000 0.856039
v 3.332320 2.910000 0.864700
v 3.325000 2.913660 0.871039
v 3.315000 2.915000 0.873360
v 3.305000 2.913660 0.871039
v 3.297679 2.910000 0.864700
v 3.295000 2.905000 0.856039
v 3.297679 2.900000 0.847379
v 3.305000 2.896340 0.841039
v 3.315000 2.920810 0.825991
v 3.325000 2.921835 0.828466
v 3.332320 2.924636 0.835230
v 3.335000 2.928463 0.844469
v 3.332320 2.932290 0.853707
v 3.325000 2.935091 0.860471
v 3.315000 2.936117 0.862946
v 3.305000 2.935091 0.860471
v 3.297679 2.932290 0.853707
v 3.295000 2.928463 0.844469
v 3.297679 2.924636 0.835230
v 3.305000 2.921835 0.828466
v 3.315000 2.948060 0.816741
v 3.325000 2.948753 0.819329
v 3.332320 2.950648 0.826400
v 3.335000 2.953236 0.836059
v 3.332320 2.955824 0.845719
v 3.325000 2.957719 0.852790
v 3.315000 2.958412 0.855378
v 3.305000 2.957719 0.852790
v 3.297679 2.955824 0.845719
v 3.295000 2.953236 0.836059
v 3.297679 2.950648 0.826400
v 3.305000 2.948753 0.819329
v 3.315000 2.976284 0.811126
v 3.325000 2.976634 0.813783
v 3.332320 2.977589 0.821041
v 3.335000 2.978895 0.830956
v 3.332320 2.980200 0.840870
v 3.325000 2.981155 0.848128
v 3.315000 2.981505 0.850784
v 3.305000 2.981155 0.848128
v 3.297679 2.980200 0.840870
v 3.295000 2.978895 0.830956
v 3.297679 2.977589 0.821041
v 3.305000 2.976634 0.813783
v 3.315000 3.005000 0.809244
v 3.325000 3.005000 0.811924
v 3.332320 3.005000 0.819244
v 3.335000 3.005000 0.829244
v 3.332320 3.005000 0.839244
v 3.325000 3.005000 0.846565
v 3.315000 3.005000 0.849244
v 3.305000 3.005000 0.846565
v 3.297679 3.005000 0.839244
v 3.295000 3.005000 0.829244
v 3.297679 3.005000 0.819244
v 3.305000 3.005000 0.811924
v 3.315000 3.033716 0.811127
v 3.325000 3.033366 0.813783
v 3.332320 3.032410 0.821041
v 3.335000 3.031105 0.830956
v 3.332320 3.029800 0.840870
v 3.325000 3.028844 0.848128
v 3.315000 3.028495 0.850784
v 3.305000 3.028844 0.848128
v 3.297679 3.029800 0.840870
v 3.295000 3.031105 0.830956
v 3.297679 3.032410 0.821041
v 3.305000 3.033366 0.813783
v 3.315000 3.061940 0.816741
v 3.325000 3.061247 0.819329
v 3.332320 3.059352 0.826400
v 3.335000 3.056764 0.836059
v 3.332320 3.054175 0.845719
v 3.325000 3.052281 0.852790
v 3.315000 3.051587 0.855378
v 3.305000 3.052281 0.852790
v 3.297679 3.054175 0.845719
v 3.295000 3.056764 0.836059
v 3.297679 3.059352 0.826400
v 3.305000 3.061247 0.819329
v 3.315000 3.089190 0.825991
v 3.325000 3.088165 0.828466
v 3.332320 3.085363 0.835230
v 3.335000 3.081537 0.844468
v 3.332320 3.077710 0.853707
v 3.325000 3.074908 0.860471
v 3.315000 3.073883 0.862946
v 3.305000 3.074908 0.860471
v 3.297679 3.077710 0.853707
v 3.295000 3.081537 0.844468
v 3.297679 3.085363 0.835230
v 3.305000 3.088165 0.828466
v 3.315000 3.115000 0.838719
v 3.325000 3.113660 0.841039
v 3.332320 3.110000 0.847379
v 3.335000 3.105000 0.856039
v 3.332320 3.100000 0.864700
v 3.325000 3.096340 0.871039
v 3.315000 3.095000 0.873360
v 3.305000 3.096340 0.871039
v 3.297679 3.100000 0.864700
v 3.295000 3.105000 0.856039
v 3.297679 3.110000 0.847379
v 3.305000 3.113660 0.841039
v 3.315000 3.138927 0.854707
v 3.325000 3.137296 0.856833
v 3.332320 3.132840 0.862640
v 3.335000 3.126752 0.870574
v 3.332320 3.120665 0.878507
v 3.325000 3.116208 0.884315
v 3.315000 3.114577 0.886441
v 3.305000 3.116208 0.884315
v 3.297679 3.120665 0.878507
v 3.295000 3.126752 0.870574
v 3.297679 3.132840 0.862640
v 3.305000 3.137296 0.856833
v 3.315000 3.160563 0.873681
v 3.325000 3.158669 0.875576
v 3.332320 3.153492 0.880752
v 3.335000 3.146421 0.887823
v 3.332320 3.139350 0.894894
v 3.325000 3.134174 0.900071
v 3.315000 3.132279 0.901965
v 3.305000 3.134174 0.900071
v 3.297679 3.139350 0.894894
v 3.295000 3.146421 0.887823
v 3.297679 3.153492 0.880752
v 3.305000 3.158669 0.875576
v 3.315000 3.179538 0.895317
v 3.325000 3.177412 0.896948
v 3.332320 3.171604 0.901405
v 3.335000 3.163671 0.907492
v 3.332320 3.155737 0.913580
v 3.325000 3.149929 0.918036
v 3.315000 3.147804 0.919667
v 3.305000 3.149929 0.918036
v 3.297679 3.155737 0.913580
v 3.295000 3.163671 0.907492
v 3.297679 3.171604 0.901405
v 3.305000 3.177412 0.896948
v 3.315000 3.195525 0.919244
v 3.325000 3.193205 0.920584
v 3.332320 3.186865 0.924244
v 3.335000 3.178205 0.929244
v 3.332320 3.169545 0.934244
v 3.325000 3.163205 0.937905
v 3.315000 3.160884 0.939244
v 3.305000 3.163205 0.937905
v 3.297679 3.169545 0.934244
v 3.295000 3.178205 0.929244
v 3.297679 3.186865 0.924244
v 3.305000 3.193205 0.920584
v 3.315000 3.208253 0.945054
v 3.325000 3.205778 0.946079
v 3.332320 3.199015 0.948881
v 3.335000 3.189776 0.952708
v 3.332320 3.180537 0.956535
v 3.325000 3.173774 0.959336
v 3.315000 3.171298 0.960361
v 3.305000 3.173774 0.959336
v 3.297679 3.180537 0.956535
v 3.295000 3.189776 0.952708
v 3.297679 3.199015 0.948881
v 3.305000 3.205778 0.946079
v 3.315000 3.217504 0.972304
v 3.325000 3.214915 0.972998
v 3.332320 3.207844 0.974892
v 3.335000 3.198185 0.977481
v 3.332320 3.188526 0.980069
v 3.325000 3.181455 0.981964
v 3.315000 3.178867 0.982657
v 3.305000 3.181455 0.981964
v 3.297679 3.188526 0.980069
v 3.295000 3.198185 0.977481
v 3.297679 3.207844 0.974892
v 3.305000 3.214915 0.972998
v 3.315000 3.223118 1.000529
v 3.325000 3.220461 1.000878
v 3.332320 3.213203 1.001834
v 3.335000 3.203289 1.003139
v 3.332320 3.193374 1.004444
v 3.325000 3.186116 1.005400
v 3.315000 3.183460 1.005750
v 3.305000 3.186116 1.005400
v 3.297679 3.193374 1.004444
v 3.295000 3.203289 1.003139
v 3.297679 3.213203 1.001834
v 3.305000 3.220461 1.000878
v 3.315000 3.225000 1.029244
v 3.325000 3.222320 1.029244
v 3.332320 3.215000 1.029244
v 3.335000 3.205000 1.029244
v 3.332320 3.195000 1.029244
v 3.325000 3.187679 1.029244
v 3.315000 3.185000 1.029244
v 3.305000 3.187679 1.029244
v 3.297679 3.195000 1.029244
v 3.295000 3.205000 1.029244
v 3.297679 3.215000 1.029244
v 3.305000 3.222320 1.029244
v 3.315000 3.223118 1.057960
v 3.325000 3.220461 1.057611
v 3.332320 3.213203 1.056655
v 3.335000 3.203289 1.055350
v 3.332320 3.193374 1.054044
v 3.325000 3.186116 1.053089
v 3.315000 3.183460 1.052739
v 3.305000 3.186116 1.053089
v 3.297679 3.193374 1.054044
v 3.295000 3.203289 1.055350
v 3.297679 3.213203 1.056655
v 3.305000 3.220461 1.057611
v 3.315000 3.217504 1.086185
v 3.325000 3.214915 1.085491
v 3.332320 3.207844 1.083596
v 3.335000 3.198185 1.081008
v 3.332320 3.188526 1.078420
v 3.325000 3.181455 1.076525
v 3.315000 3.178867 1.075832
v 3.305000 3.181455 1.076525
v 3.297679 3.188526 1.078420
v 3.295000 3.198185 1.081008
v 3.297679 3.207844 1.083596
v 3.305000 3.214915 1.085491
v 3.315000 3.208253 1.113435
v 3.325000 3.205778 1.112409
v 3.332320 3.199015 1.109608
v 3.335000 3.189776 1.105781
v 3.332320 3.180537 1.101954
v 3.325000 3.173774 1.099153
v 3.315000 3.171298 1.098127
v 3.305000 3.173774 1.099153
v 3.297679 3.180537 1.101954
v 3.295000 3.189776 1.105781
v 3.297679 3.199015 1.109608
v 3.305000 3.205778 1.112409
v 3.315000 3.195525 1.139244
v 3.325000 3.193205 1.137905
v 3.332320 3.186865 1.134244
v 3.335000 3.178205 1.129244
v 3.332320 3.169545 1.124244
v 3.325000 3.163205 1.120584
v 3.315000 3.160884 1.119244
v 3.305000 3.163205 1.120584
v 3.297679 3.169545 1.124244
v 3.295000 3.178205 1.129244
v 3.297679 3.186865 1.134244
v 3.305000 3.193205 1.137905
v 3.315000 3.179538 1.163172
v 3.325000 3.177412 1.161541
v 3.332320 3.171604 1.157084
v 3.335000 3.163671 1.150997
v 3.332320 3.155737 1.144909
v 3.325000 3.149929 1.140453
v 3.315000 3.147804 1.138821
v 3.305000 3.149929 1.140453
v 3.297679 3.155737 1.144909
v 3.295000 3.163671 1.150997
v 3.297679 3.171604 1.157084
v 3.305000 3.177412 1.161541
v 3.315000 3.160563 1.184808
v 3.325000 3.158669 1.182913
v 3.332320 3.153492 1.177737
v 3.335000 3.146421 1.170666
v 3.332320 3.139350 1.163595
v 3.325000 3.134174 1.158418
v 3.315000 3.132279 1.156524
v 3.305000 3.134174 1.158418
v 3.297679 3.139350 1.163595
v 3.295000 3.146421 1.170666
v 3.297679 3.153492 1.177737
v 3.305000 3.158669 1.182913
v 3.315000 3.138927 1.203782
v 3.325000 3.137296 1.201656
v 3.332320 3.132840 1.195849
v 3.335000 3.126752 1.187915
v 3.332320 3.120665 1.179981
v 3.325000 3.116208 1.174174
v 3.315000 3.114577 1.172048
v 3.305000 3.116208 1.174174
v 3.297679 3.120665 1.179981
v 3.295000 3.126752 1.187915
v 3.297679 3.132840 1.195849
v 3.305000 3.137296 1.201656
v 3.315000 3.115000 1.219770
v 3.325000 3.113660 1.217450
v 3.332320 3.110000 1.211110
v 3.335000 3.105000 1.202450
v 3.332320 3.100000 1.193789
v 3.325000 3.096340 1.187449
v 3.315000 3.095000 1.185129
v 3.305000 3.096340 1.187449
v 3.297679 3.100000 1.193789
v 3.295000 3.105000 1.202450
v 3.297679 3.110000 1.211110
v 3.305000 3.113660 1.217450
v 3.315000 3.089190 1.232498
v 3.325000 3.088165 1.230022
v 3.332320 3.085363 1.223259
v 3.335000 3.081537 1.214020
v 3.332320 3.077710 1.204782
v 3.325000 3.074908 1.198018
v 3.315000 3.073883 1.195543
v 3.305000 3.074908 1.198018
v 3.297679 3.077710 1.204782
v 3.295000 3.081537 1.214020
v 3.297679 3.085363 1.223259
v 3.305000 3.088165 1.230022
v 3.315000 3.061940 1.241748
v 3.325000 3.061247 1.239160
v 3.332320 3.059352 1.232089
v 3.335000 3.056764 1.222430
v 3.332320 3.054176 1.212770
v 3.325000 3.052281 1.205699
v 3.315000 3.051587 1.203111
v 3.305000 3.052281 1.205699
v 3.297679 3.054176 1.212770
v 3.295000 3.056764 1.222430
v 3.297679 3.059352 1.232089
v 3.305000 3.061247 1.239160
v 3.315000 3.033716 1.247362
v 3.325000 3.033366 1.244706
v 3.332320 3.032411 1.237448
v 3.335000 3.031105 1.227533
v 3.332320 3.029800 1.217619
v 3.325000 3.028844 1.210361
v 3.315000 3.028495 1.207705
v 3.305000 3.028844 1.210361
v 3.297679 3.029800 1.217619
v 3.295000 3.031105 1.227533
v 3.297679 3.032410 1.237448
v 3.305000 3.033366 1.244706
v 3.315000 3.005000 1.249244
v 3.325000 3.005000 1.246565
v 3.332320 3.005000 1.239244
v 3.335000 3.005000 1.229244
v 3.332320 3.005000 1.219244
v 3.325000 3.005000 1.211924
v 3.315000 3.005000 1.209244
v 3.305000 3.005000 1.211924
v 3.297679 3.005000 1.219244
v 3.295000 3.005000 1.229244
v 3.297679 3.005000 1.239244
v 3.305000 3.005000 1.246565
v 3.315000 2.976284 1.247362
v 3.325000 2.976634 1.244706
v 3.332320 2.977589 1.237448
v 3.335000 2.978895 1.227533
v 3.332320 2.980200 1.217619
v 3.325000 2.981155 1.210361
v 3.315000 2.981505 1.207705
v 3.305000 2.981155 1.210361
v 3.297679 2.980200 1.217619
v 3.295000 2.978895 1.227533
v 3.297679 2.977589 1.237448
v 3.305000 2.976634 1.244706
v 3.315000 2.948060 1.241748
v 3.325000 2.948753 1.239160
v 3.332320 2.950648 1.232089
v 3.335000 2.953236 1.222430
v 3.332320 2.955824 1.212770
v 3.325000 2.957719 1.205699
v 3.315000 2.958412 1.203111
v 3.305000 2.957719 1.205699
v 3.297679 2.955824 1.212770
v 3.295000 2.953236 1.222430
v 3.297679 2.950648 1.232089
v 3.305000 2.948753 1.239160
v 3.315000 2.920810 1.232498
v 3.325000 2.921835 1.230022
v 3.332320 2.924636 1.223259
v 3.335000 2.928463 1.214020
v 3.332320 2.932290 1.204782
v 3.325000 2.935091 1.198018
v 3.315000 2.936117 1.195543
v 3.305000 2.935091 1.198018
v 3.297679 2.932290 1.204782
v 3.295000 2.928463 1.214020
v 3.297679 2.924636 1.223259
v 3.305000 2.921835 1.230022
v 3.315000 2.895000 1.219770
v 3.325000 2.896340 1.217450
v 3.332320 2.900000 1.211110
v 3.335000 2.905000 1.202450
v 3.332320 2.910000 1.193789
v 3.325000 2.913660 1.187449
v 3.315000 2.915000 1.185129
v 3.305000 2.913660 1.187449
v 3.297679 2.910000 1.193789
v 3.295000 2.905000 1.202450
v 3.297679 2.900000 1.211110
v 3.305000 2.896340 1.217450
v 3.315000 2.871073 1.203782
v 3.325000 2.872704 1.201656
v 3.332320 2.877160 1.195849
v 3.335000 2.883248 1.187915
v 3.332320 2.889335 1.179982
v 3.325000 2.893792 1.174174
v 3.315000 2.895423 1.172048
v 3.305000 2.893792 1.174174
v 3.297679 2.889335 1.179982
v 3.295000 2.883248 1.187915
v 3.297679 2.877160 1.195849
v 3.305000 2.872704 1.201656
v 3.315000 2.849437 1.184808
v 3.325000 2.851331 1.182913
v 3.332320 2.856508 1.177737
v 3.335000 2.863579 1.170666
v 3.332320 2.870650 1.163595
v 3.325000 2.875826 1.158418
v 3.315000 2.877721 1.156524
v 3.305000 2.875826 1.158418
v 3.297679 2.870650 1.163595
v 3.295000 2.863579 1.170666
v 3.297679 2.856508 1.177737
v 3.305000 2.851331 1.182913
v 3.315000 2.830462 1.163172
v 3.325000 2.832588 1.161541
v 3.332320 2.838396 1.157084
v 3.335000 2.846329 1.150997
v 3.332320 2.854263 1.144909
v 3.325000 2.860070 1.140453
v 3.315000 2.862196 1.138821
v 3.305000 2.860070 1.140453
v 3.297679 2.854263 1.144909
v 3.295000 2.846329 1.150997
v 3.297679 2.838396 1.157084
v 3.305000 2.832588 1.161541
v 3.315000 2.814474 1.139244
v 3.325000 2.816795 1.137905
v 3.332320 2.823135 1.134244
v 3.335000 2.831795 1.129244
v 3.332320 2.840455 1.124244
v 3.325000 2.846795 1.120584
v 3.315000 2.849115 1.119244
v 3.305000 2.846795 1.120584
v 3.297679 2.840455 1.124244
v 3.295000 2.831795 1.129244
v 3.297679 2.823135 1.134244
v 3.305000 2.816795 1.137905
v 3.315000 2.801746 1.113435
v 3.325000 2.804222 1.112409
v 3.332320 2.810985 1.109608
v 3.335000 2.820224 1.105781
v 3.332320 2.829463 1.101954
v 3.325000 2.836226 1.099153
v 3.315000 2.838701 1.098127
v 3.305000 2.836226 1.099153
v 3.297679 2.829463 1.101954
v 3.295000 2.820224 1.105781
v 3.297679 2.810985 1.109608
v 3.305000 2.804222 1.112409
v 3.315000 2.792496 1.086185
v 3.325000 2.795084 1.085491
v 3.332320 2.802155 1.083596
v 3.335000 2.811815 1.081008
v 3.332320 2.821474 1.078420
v 3.325000 2.828545 1.076525
v 3.315000 2.831133 1.075832
v 3.305000 2.828545 1.076525
v 3.297679 2.821474 1.078420
v 3.295000 2.811815 1.081008
v 3.297679 2.802155 1.083596
v 3.305000 2.795084 1.085491
v 3.315000 2.786882 1.057960
v 3.325000 2.789539 1.057610
v 3.332320 2.796796 1.056655
v 3.335000 2.806711 1.055350
v 3.332320 2.816625 1.054044
v 3.325000 2.823883 1.053089
v 3.315000 2.826540 1.052739
v 3.305000 2.823883 1.053089
v 3.297679 2.816625 1.054044
v 3.295000 2.806711 1.055350
v 3.297679 2.796796 1.056655
v 3.305000 2.789539 1.057610
v 3.300000 3.005000 0.979244
v 3.330000 3.005000 0.979244
v 3.300000 2.992059 0.980948
v 3.330000 2.992059 0.980948
v 3.300000 2.980000 0.985943
v 3.330000 2.980000 0.985943
v 3.300000 2.969645 0.993889
v 3.330000 2.969645 0.993889
v 3.300000 2.961699 1.004244
v 3.330000 2.961699 1.004244
v 3.300000 2.956704 1.016303
v 3.330000 2.956704 1.016303
v 3.300000 2.955000 1.029244
v 3.330000 2.955000 1.029244
v 3.300000 2.956704 1.042185
v 3.330000 2.956704 1.042185
v 3.300000 2.961699 1.054244
v 3.330000 2.961699 1.054244
v 3.300000 2.969645 1.064600
v 3.330000 2.969645 1.064600
v 3.300000 2.980000 1.072546
v 3.330000 2.980000 1.072546
v 3.300000 2.992059 1.077541
v 3.330000 2.992059 1.077541
v 3.300000 3.005000 1.079244
v 3.330000 3.005000 1.079244
v 3.300000 3.017941 1.077541
v 3.330000 3.017941 1.077541
v 3.300000 3.030000 1.072546
v 3.330000 3.030000 1.072546
v 3.300000 3.040355 1.064600
v 3.330000 3.040355 1.064600
v 3.300000 3.048301 1.054244
v 3.330000 3.048301 1.054244
v 3.300000 3.053296 1.042185
v 3.330000 3.053296 1.042185
v 3.300000 3.055000 1.029244
v 3.330000 3.055000 1.029244
v 3.300000 3.053296 1.016303
v 3.330000 3.053296 1.016303
v 3.300000 3.048301 1.004244
v 3.330000 3.048301 1.004244
v 3.300000 3.040355 0.993889
v 3.330000 3.040355 0.993889
v 3.300000 3.030000 0.985943
v 3.330000 3.030000 0.985943
v 3.300000 3.017941 0.980948
v 3.330000 3.017941 0.980948
v 2.925000 0.005000 -1.100756
v 2.925000 3.605000 -1.100756
v 2.932765 0.005000 -1.099734
v 2.932765 3.605000 -1.099734
v 2.940000 0.005000 -1.096737
v 2.940000 3.605000 -1.096737
v 2.946213 0.005000 -1.091969
v 2.946213 3.605000 -1.091969
v 2.950981 0.005000 -1.085756
v 2.950981 3.605000 -1.085756
v 2.953978 0.005000 -1.078520
v 2.953978 3.605000 -1.078520
v 2.955000 0.005000 -1.070756
v 2.955000 3.605000 -1.070756
v 2.953978 0.005000 -1.062991
v 2.953978 3.605000 -1.062991
v 2.950981 0.005000 -1.055756
v 2.950981 3.605000 -1.055756
v 2.946213 0.005000 -1.049543
v 2.946213 3.605000 -1.049543
v 2.940000 0.005000 -1.044775
v 2.940000 3.605000 -1.044775
v 2.932765 0.005000 -1.041778
v 2.932765 3.605000 -1.041778
v 2.925000 0.005000 -1.040756
v 2.925000 3.605000 -1.040756
v 2.917236 0.005000 -1.041778
v 2.917236 3.605000 -1.041778
v 2.910000 0.005000 -1.044775
v 2.910000 3.605000 -1.044775
v 2.903787 0.005000 -1.049543
v 2.903787 3.605000 -1.049543
v 2.899019 0.005000 -1.055756
v 2.899019 3.605000 -1.055756
v 2.896022 0.005000 -1.062991
v 2.896022 3.605000 -1.062991
v 2.895000 0.005000 -1.070756
v 2.895000 3.605000 -1.070756
v 2.896022 0.005000 -1.078520
v 2.896022 3.605000 -1.078520
v 2.899019 0.005000 -1.085756
v 2.899019 3.605000 -1.085756
v 2.903787 0.005000 -1.091969
v 2.903787 3.605000 -1.091969
v 2.910000 0.005000 -1.096737
v 2.910000 3.605000 -1.096737
v 2.917236 0.005000 -1.099734
v 2.917236 3.605000 -1.099734
v 3.200000 0.080000 0.904244
v 3.200000 1.230000 0.904244
v 3.200000 0.080000 -0.045756
v 3.200000 1.230000 -0.045756
v 4.550000 0.080000 0.904244
v 4.550000 1.230000 0.904244
v 4.550000 0.080000 -0.045756
v 4.550000 1.230000 -0.045756
v 3.175000 1.182955 0.902324
v 3.175000 1.262516 0.910686
v 3.175000 1.287483 -0.092198
v 3.175000 1.367045 -0.083835
v 4.575000 1.182955 0.902324
v 4.575000 1.262516 0.910686
v 4.575000 1.287483 -0.092198
v 4.575000 1.367045 -0.083835
v 3.299999 0.075000 0.709244
v 3.350000 0.075000 0.709244
v 3.299999 0.056882 0.711630
v 3.350000 0.056882 0.711630
v 3.299999 0.039999 0.718623
v 3.350000 0.039999 0.718623
v 3.299999 0.025502 0.729747
v 3.350000 0.025502 0.729747
v 3.299999 0.014378 0.744244
v 3.350000 0.014378 0.744244
v 3.299999 0.007385 0.761127
v 3.350000 0.007385 0.761127
v 3.299999 0.005000 0.779244
v 3.350000 0.005000 0.779244
v 3.299999 0.007385 0.797362
v 3.350000 0.007385 0.797362
v 3.299999 0.014378 0.814244
v 3.350000 0.014378 0.814244
v 3.299999 0.025502 0.828742
v 3.350000 0.025502 0.828742
v 3.299999 0.039999 0.839866
v 3.350000 0.039999 0.839866
v 3.299999 0.056882 0.846859
v 3.350000 0.056882 0.846859
v 3.299999 0.075000 0.849244
v 3.350000 0.075000 0.849244
v 3.299999 0.093117 0.846859
v 3.350000 0.093117 0.846859
v 3.299999 0.110000 0.839866
v 3.350000 0.110000 0.839866
v 3.299999 0.124497 0.828742
v 3.350000 0.124497 0.828742
v 3.299999 0.135621 0.814244
v 3.350000 0.135621 0.814244
v 3.299999 0.142614 0.797362
v 3.350000 0.142614 0.797362
v 3.299999 0.145000 0.779244
v 3.350000 0.145000 0.779244
v 3.299999 0.142614 0.761127
v 3.350000 0.142614 0.761127
v 3.299999 0.135621 0.744244
v 3.350000 0.135621 0.744244
v 3.299999 0.124497 0.729747
v 3.350000 0.124497 0.729747
v 3.299999 0.110000 0.718623
v 3.350000 0.110000 0.718623
v 3.299999 0.093117 0.711630
v 3.350000 0.093117 0.711630
v 3.299999 0.075000 0.009244
v 3.350000 0.075000 0.009244
v 3.299999 0.056882 0.011630
v 3.350000 0.056882 0.011630
v 3.299999 0.039999 0.018623
v 3.350000 0.039999 0.018623
v 3.299999 0.025502 0.029747
v 3.350000 0.025502 0.029747
v 3.299999 0.014378 0.044244
v 3.350000 0.014378 0.044244
v 3.299999 0.007385 0.061127
v 3.350000 0.007385 0.061127
v 3.299999 0.005000 0.079244
v 3.350000 0.005000 0.079244
v 3.299999 0.007385 0.097362
v 3.350000 0.007385 0.097362
v 3.299999 0.014378 0.114244
v 3.350000 0.014378 0.114244
v 3.299999 0.025502 0.128742
v 3.350000 0.025502 0.128742
v 3.299999 0.039999 0.139866
v 3.350000 0.039999 0.139866
v 3.299999 0.056882 0.146859
v 3.350000 0.056882 0.146859
v 3.299999 0.075000 0.149244
v 3.350000 0.075000 0.149244
v 3.299999 0.093117 0.146859
v 3.350000 0.093117 0.146859
v 3.299999 0.110000 0.139866
v 3.350000 0.110000 0.139866
v 3.299999 0.124497 0.128742
v 3.350000 0.124497 0.128742
v 3.299999 0.135621 0.114244
v 3.350000 0.135621 0.114244
v 3.299999 0.142614 0.097362
v 3.350000 0.142614 0.097362
v 3.299999 0.145000 0.079244
v 3.350000 0.145000 0.079244
v 3.299999 0.142614 0.061127
v 3.350000 0.142614 0.061127
v 3.299999 0.135621 0.044244
v 3.350000 0.135621 0.044244
v 3.299999 0.124497 0.029747
v 3.350000 0.124497 0.029747
v 3.299999 0.110000 0.018623
v 3.350000 0.110000 0.018623
v 3.299999 0.093117 0.011630
v 3.350000 0.093117 0.011630
v 4.400000 0.075000 0.709244
v 4.450000 0.075000 0.709244
v 4.400000 0.056882 0.711630
v 4.450000 0.056882 0.711630
v 4.400000 0.039999 0.718623
v 4.450000 0.039999 0.718623
v 4.400000 0.025502 0.729747
v 4.450000 0.025502 0.729747
v 4.400000 0.014378 0.744244
v 4.450000 0.014378 0.744244
v 4.400000 0.007385 0.761127
v 4.450000 0.007385 0.761127
v 4.400000 0.005000 0.779244
v 4.450000 0.005000 0.779244
v 4.400000 0.007385 0.797362
v 4.450000 0.007385 0.797362
v 4.400000 0.014378 0.814244
v 4.450000 0.014378 0.814244
v 4.400000 0.025502 0.828742
v 4.450000 0.025502 0.828742
v 4.400000 0.039999 0.839866
v 4.450000 0.039999 0.839866
v 4.400000 0.056882 0.846859
v 4.450000 0.056882 0.846859
v 4.400000 0.075000 0.849244
v 4.450000 0.075000 0.849244
v 4.400000 0.093117 0.846859
v 4.450000 0.093117 0.846859
v 4.400000 0.110000 0.839866
v 4.450000 0.110000 0.839866
v 4.400000 0.124497 0.828742
v 4.450000 0.124497 0.828742
v 4.400000 0.135621 0.814244
v 4.450000 0.135621 0.814244
v 4.400000 0.142614 0.797362
v 4.450000 0.142614 0.797362
v 4.400000 0.145000 0.779244
v 4.450000 0.145000 0.779244
v 4.400000 0.142614 0.761127
v 4.450000 0.142614 0.761127
v 4.400000 0.135621 0.744244
v 4.450000 0.135621 0.744244
v 4.400000 0.124497 0.729747
v 4.450000 0.124497 0.729747
v 4.400000 0.110000 0.718623
v 4.450000 0.110000 0.718623
v 4.400000 0.093117 0.711630
v 4.450000 0.093117 0.711630
v 4.400000 0.075000 0.009244
v 4.450000 0.075000 0.009244
v 4.400000 0.056882 0.011630
v 4.450000 0.056882 0.011630
v 4.400000 0.039999 0.018623
v 4.450000 0.039999 0.018623
v 4.400000 0.025502 0.029747
v 4.450000 0.025502 0.029747
v 4.400000 0.014378 0.044244
v 4.450000 0.014378 0.044244
v 4.400000 0.007385 0.061127
v 4.450000 0.007385 0.061127
v 4.400000 0.005000 0.079244
v 4.450000 0.005000 0.079244
v 4.400000 0.007385 0.097362
v 4.450000 0.007385 0.097362
v 4.400000 0.014378 0.114244
v 4.450000 0.014378 0.114244
v 4.400000 0.025502 0.128742
v 4.450000 0.025502 0.128742
v 4.400000 0.039999 0.139866
v 4.450000 0.039999 0.139866
v 4.400000 0.056882 0.146859
v 4.450000 0.056882 0.146859
v 4.400000 0.075000 0.149244
v 4.450000 0.075000 0.149244
v 4.400000 0.093117 0.146859
v 4.450000 0.093117 0.146859
v 4.400000 0.110000 0.139866
v 4.450000 0.110000 0.139866
v 4.400000 0.124497 0.128742
v 4.450000 0.124497 0.128742
v 4.400000 0.135621 0.114244
v 4.450000 0.135621 0.114244
v 4.400000 0.142614 0.097362
v 4.450000 0.142614 0.097362
v 4.400000 0.145000 0.079244
v 4.450000 0.145000 0.079244
v 4.400000 0.142614 0.061127
v 4.450000 0.142614 0.061127
v 4.400000 0.135621 0.044244
v 4.450000 0.135621 0.044244
v 4.400000 0.124497 0.029747
v 4.450000 0.124497 0.029747
v 4.400000 0.110000 0.018623
v 4.450000 0.110000 0.018623
v 4.400000 0.093117 0.011630
v 4.450000 0.093117 0.011630
v 4.550000 0.080000 0.704244
v 4.550000 1.330000 0.704244
v 4.550000 0.080000 -0.145756
v 4.550000 1.330000 -0.145756
v 5.200000 0.080000 0.704244
v 5.200000 1.330000 0.704244
v 5.200000 0.080000 -0.145756
v 5.200000 1.330000 -0.145756
v 4.525000 1.369353 0.710582
v 4.525000 1.439087 0.704482
v 4.525000 1.290913 -0.185993
v 4.525000 1.360646 -0.192094
v 5.224999 1.369353 0.710582
v 5.224999 1.439087 0.704482
v 5.224999 1.290913 -0.185993
v 5.224999 1.360646 -0.192094
v -3.725000 0.005000 3.454244
v -3.725000 0.765000 3.454244
v -3.705589 0.005000 3.456800
v -3.705589 0.765000 3.456800
v -3.687500 0.005000 3.464293
v -3.687500 0.765000 3.464293
v -3.671967 0.005000 3.476211
v -3.671967 0.765000 3.476211
v -3.660048 0.005000 3.491744
v -3.660048 0.765000 3.491744
v -3.652555 0.005000 3.509833
v -3.652555 0.765000 3.509833
v -3.649999 0.005000 3.529244
v -3.649999 0.765000 3.529244
v -3.652555 0.005000 3.548656
v -3.652555 0.765000 3.548656
v -3.660048 0.005000 3.566745
v -3.660048 0.765000 3.566745
v -3.671967 0.005000 3.582277
v -3.671967 0.765000 3.582277
v -3.687500 0.005000 3.594196
v -3.687500 0.765000 3.594196
v -3.705589 0.005000 3.601688
v -3.705589 0.765000 3.601688
v -3.725000 0.005000 3.604244
v -3.725000 0.765000 3.604244
v -3.744411 0.005000 3.601688
v -3.744411 0.765000 3.601688
v -3.762499 0.005000 3.594196
v -3.762499 0.765000 3.594196
v -3.778033 0.005000 3.582277
v -3.778033 0.765000 3.582277
v -3.789952 0.005000 3.566745
v -3.789952 0.765000 3.566745
v -3.797444 0.005000 3.548656
v -3.797444 0.765000 3.548656
v -3.800000 0.005000 3.529244
v -3.800000 0.765000 3.529244
v -3.797444 0.005000 3.509833
v -3.797444 0.765000 3.509833
v -3.789952 0.005000 3.491744
v -3.789952 0.765000 3.491744
v -3.778033 0.005000 3.476211
v -3.778033 0.765000 3.476211
v -3.762499 0.005000 3.464293
v -3.762499 0.765000 3.464293
v -3.744411 0.005000 3.456800
v -3.744411 0.765000 3.456800
v -3.725000 0.842550 3.490244
v -3.725000 0.830154 3.474090
v -3.725000 0.775000 3.451244
v -3.725000 0.719846 3.474090
v -3.725000 0.707450 3.490244
v -3.725000 0.699657 3.509056
v -3.718762 0.850342 3.510045
v -3.712948 0.842550 3.492153
v -3.707956 0.830154 3.476789
v -3.704126 0.814000 3.465001
v -3.701718 0.795188 3.457590
v -3.700897 0.775000 3.455062
v -3.701718 0.754812 3.457590
v -3.704126 0.736000 3.465001
v -3.707956 0.719846 3.476789
v -3.712948 0.707450 3.492153
v -3.718762 0.699657 3.510045
v -3.713133 0.850342 3.512912
v -3.702076 0.842550 3.497693
v -3.692580 0.830154 3.484624
v -3.685294 0.814000 3.474595
v -3.680715 0.795188 3.468291
v -3.679153 0.775000 3.466141
v -3.680715 0.754812 3.468291
v -3.685294 0.736000 3.474595
v -3.692580 0.719846 3.484624
v -3.702076 0.707450 3.497693
v -3.713133 0.699657 3.512912
v -3.708667 0.850342 3.517378
v -3.693448 0.842550 3.506321
v -3.680379 0.830154 3.496825
v -3.670350 0.814000 3.489540
v -3.664047 0.795188 3.484959
v -3.661896 0.775000 3.483397
v -3.664047 0.754812 3.484959
v -3.670350 0.736000 3.489540
v -3.680379 0.719846 3.496825
v -3.693448 0.707450 3.506321
v -3.708667 0.699657 3.517378
v -3.705800 0.850342 3.523006
v -3.687908 0.842550 3.517193
v -3.672545 0.830154 3.512201
v -3.660756 0.814000 3.508370
v -3.653345 0.795188 3.505962
v -3.650818 0.775000 3.505141
v -3.653345 0.754812 3.505962
v -3.660756 0.736000 3.508370
v -3.672545 0.719846 3.512201
v -3.687908 0.707450 3.517193
v -3.705800 0.699657 3.523006
v -3.704811 0.850342 3.529244
v -3.686000 0.842550 3.529244
v -3.669846 0.830154 3.529244
v -3.657449 0.814000 3.529244
v -3.649657 0.795188 3.529244
v -3.647000 0.775000 3.529244
v -3.649657 0.754812 3.529244
v -3.657449 0.736000 3.529244
v -3.669846 0.719846 3.529244
v -3.686000 0.707450 3.529244
v -3.704811 0.699657 3.529244
v -3.705800 0.850342 3.535483
v -3.687908 0.842550 3.541296
v -3.672545 0.830154 3.546288
v -3.660756 0.814000 3.550118
v -3.653345 0.795188 3.552526
v -3.650818 0.775000 3.553348
v -3.653345 0.754812 3.552526
v -3.660756 0.736000 3.550118
v -3.672545 0.719846 3.546288
v -3.687908 0.707450 3.541296
v -3.705800 0.699657 3.535483
v -3.708667 0.850342 3.541111
v -3.693448 0.842550 3.552168
v -3.680379 0.830154 3.561663
v -3.670350 0.814000 3.568949
v -3.664047 0.795188 3.573529
v -3.661896 0.775000 3.575091
v -3.664047 0.754812 3.573529
v -3.670350 0.736000 3.568949
v -3.680379 0.719846 3.561663
v -3.693448 0.707450 3.552168
v -3.708667 0.699657 3.541111
v -3.713133 0.850342 3.545577
v -3.702076 0.842550 3.560796
v -3.692580 0.830154 3.573865
v -3.685294 0.814000 3.583894
v -3.680715 0.795188 3.590198
v -3.679153 0.775000 3.592348
v -3.680715 0.754812 3.590198
v -3.685294 0.736000 3.583894
v -3.692580 0.719846 3.573865
v -3.702076 0.707450 3.560796
v -3.713133 0.699657 3.545577
v -3.718762 0.850342 3.548444
v -3.712948 0.842550 3.566336
v -3.707956 0.830154 3.581699
v -3.704126 0.814000 3.593488
v -3.701718 0.795188 3.600899
v -3.700897 0.775000 3.603427
v -3.701718 0.754812 3.600899
v -3.704126 0.736000 3.593488
v -3.707956 0.719846 3.581699
v -3.712948 0.707450 3.566336
v -3.718762 0.699657 3.548444
v -3.725000 0.850342 3.549432
v -3.725000 0.842550 3.568244
v -3.725000 0.830154 3.584399
v -3.725000 0.814000 3.596794
v -3.725000 0.795188 3.604587
v -3.725000 0.775000 3.607244
v -3.725000 0.754812 3.604587
v -3.725000 0.736000 3.596794
v -3.725000 0.719846 3.584399
v -3.725000 0.707450 3.568244
v -3.725000 0.699657 3.549432
v -3.725000 0.853000 3.529244
v -3.731238 0.850342 3.548444
v -3.737051 0.842550 3.566336
v -3.742044 0.830154 3.581699
v -3.745874 0.814000 3.593488
v -3.748282 0.795188 3.600899
v -3.749103 0.775000 3.603427
v -3.748282 0.754812 3.600899
v -3.745874 0.736000 3.593488
v -3.742044 0.719846 3.581699
v -3.737051 0.707450 3.566336
v -3.731238 0.699657 3.548444
v -3.736866 0.850342 3.545577
v -3.747924 0.842550 3.560796
v -3.757419 0.830154 3.573865
v -3.764704 0.814000 3.583894
v -3.769284 0.795188 3.590198
v -3.770847 0.775000 3.592348
v -3.769284 0.754812 3.590198
v -3.764704 0.736000 3.583894
v -3.757419 0.719846 3.573865
v -3.747924 0.707450 3.560796
v -3.736866 0.699657 3.545577
v -3.741332 0.850342 3.541111
v -3.756551 0.842550 3.552168
v -3.769620 0.830154 3.561663
v -3.779649 0.814000 3.568949
v -3.785953 0.795188 3.573529
v -3.788103 0.775000 3.575091
v -3.785953 0.754812 3.573529
v -3.779649 0.736000 3.568949
v -3.769620 0.719846 3.561663
v -3.756551 0.707450 3.552168
v -3.741332 0.699657 3.541111
v -3.744200 0.850342 3.535483
v -3.762091 0.842550 3.541296
v -3.777455 0.830154 3.546288
v -3.789243 0.814000 3.550118
v -3.796654 0.795188 3.552526
v -3.799182 0.775000 3.553348
v -3.796654 0.754812 3.552526
v -3.789243 0.736000 3.550118
v -3.777455 0.719846 3.546288
v -3.762091 0.707450 3.541296
v -3.744200 0.699657 3.535483
v -3.725000 0.697000 3.529244
v -3.745188 0.850342 3.529244
v -3.764000 0.842550 3.529244
v -3.780154 0.830154 3.529244
v -3.792550 0.814000 3.529244
v -3.800342 0.795188 3.529244
v -3.803000 0.775000 3.529244
v -3.800342 0.754812 3.529244
v -3.792550 0.736000 3.529244
v -3.780154 0.719846 3.529244
v -3.764000 0.707450 3.529244
v -3.745188 0.699657 3.529244
v -3.744200 0.850342 3.523006
v -3.762091 0.842550 3.517193
v -3.777455 0.830154 3.512201
v -3.789243 0.814000 3.508370
v -3.796654 0.795188 3.505962
v -3.799182 0.775000 3.505141
v -3.796654 0.754812 3.505962
v -3.789243 0.736000 3.508370
v -3.777455 0.719846 3.512201
v -3.762091 0.707450 3.517193
v -3.744200 0.699657 3.523006
v -3.741332 0.850342 3.517378
v -3.756551 0.842550 3.506321
v -3.769620 0.830154 3.496825
v -3.779649 0.814000 3.489540
v -3.785953 0.795188 3.484959
v -3.788103 0.775000 3.483397
v -3.785953 0.754812 3.484959
v -3.779649 0.736000 3.489540
v -3.769620 0.719846 3.496825
v -3.756551 0.707450 3.506321
v -3.741332 0.699657 3.517378
v -3.736866 0.850342 3.512912
v -3.747924 0.842550 3.497693
v -3.757419 0.830154 3.484624
v -3.764704 0.814000 3.474595
v -3.769284 0.795188 3.468291
v -3.770847 0.775000 3.466141
v -3.769284 0.754812 3.468291
v -3.764704 0.736000 3.474595
v -3.757419 0.719846 3.484624
v -3.747924 0.707450 3.497693
v -3.736866 0.699657 3.512912
v -3.731238 0.850342 3.510045
v -3.737051 0.842550 3.492153
v -3.742044 0.830154 3.476789
v -3.745874 0.814000 3.465001
v -3.748282 0.795188 3.457590
v -3.749103 0.775000 3.455062
v -3.748282 0.754812 3.457590
v -3.745874 0.736000 3.465001
v -3.742044 0.719846 3.476789
v -3.737051 0.707450 3.492153
v -3.731238 0.699657 3.510045
v -3.725000 0.850342 3.509056
v -3.725000 0.814000 3.461694
v -3.725000 0.795188 3.453902
v -3.725000 0.754812 3.453902
v -3.725000 0.736000 3.461694
v 1.775000 0.005000 3.454244
v 1.775000 0.765000 3.454244
v 1.794411 0.005000 3.456800
v 1.794411 0.765000 3.456800
v 1.812500 0.005000 3.464293
v 1.812500 0.765000 3.464293
v 1.828033 0.005000 3.476211
v 1.828033 0.765000 3.476211
v 1.839952 0.005000 3.491744
v 1.839952 0.765000 3.491744
v 1.847445 0.005000 3.509833
v 1.847445 0.765000 3.509833
v 1.850000 0.005000 3.529244
v 1.850000 0.765000 3.529244
v 1.847445 0.005000 3.548656
v 1.847445 0.765000 3.548656
v 1.839952 0.005000 3.566745
v 1.839952 0.765000 3.566745
v 1.828033 0.005000 3.582277
v 1.828033 0.765000 3.582277
v 1.812500 0.005000 3.594196
v 1.812500 0.765000 3.594196
v 1.794411 0.005000 3.601688
v 1.794411 0.765000 3.601688
v 1.775000 0.005000 3.604244
v 1.775000 0.765000 3.604244
v 1.755589 0.005000 3.601688
v 1.755589 0.765000 3.601688
v 1.737500 0.005000 3.594196
v 1.737500 0.765000 3.594196
v 1.721967 0.005000 3.582277
v 1.721967 0.765000 3.582277
v 1.710048 0.005000 3.566745
v 1.710048 0.765000 3.566745
v 1.702555 0.005000 3.548656
v 1.702555 0.765000 3.548656
v 1.700000 0.005000 3.529244
v 1.700000 0.765000 3.529244
v 1.702555 0.005000 3.509833
v 1.702555 0.765000 3.509833
v 1.710048 0.005000 3.491744
v 1.710048 0.765000 3.491744
v 1.721967 0.005000 3.476211
v 1.721967 0.765000 3.476211
v 1.737500 0.005000 3.464293
v 1.737500 0.765000 3.464293
v 1.755589 0.005000 3.456800
v 1.755589 0.765000 3.456800
v 1.775000 0.842550 3.490244
v 1.775000 0.830154 3.474090
v 1.775000 0.775000 3.451244
v 1.775000 0.719846 3.474090
v 1.775000 0.707450 3.490244
v 1.775000 0.699657 3.509056
v 1.781238 0.850342 3.510045
v 1.787052 0.842550 3.492153
v 1.792044 0.830154 3.476789
v 1.795874 0.814000 3.465001
v 1.798282 0.795188 3.457590
v 1.799103 0.775000 3.455062
v 1.798282 0.754812 3.457590
v 1.795874 0.736000 3.465001
v 1.792044 0.719846 3.476789
v 1.787052 0.707450 3.492153
v 1.781238 0.699657 3.510045
v 1.786866 0.850342 3.512912
v 1.797924 0.842550 3.497693
v 1.807419 0.830154 3.484624
v 1.814705 0.814000 3.474595
v 1.819285 0.795188 3.468291
v 1.820847 0.775000 3.466141
v 1.819285 0.754812 3.468291
v 1.814705 0.736000 3.474595
v 1.807419 0.719846 3.484624
v 1.797924 0.707450 3.497693
v 1.786866 0.699657 3.512912
v 1.791332 0.850342 3.517378
v 1.806552 0.842550 3.506321
v 1.819621 0.830154 3.496825
v 1.829649 0.814000 3.489540
v 1.835953 0.795188 3.484959
v 1.838104 0.775000 3.483397
v 1.835953 0.754812 3.484959
v 1.829649 0.736000 3.489540
v 1.819621 0.719846 3.496825
v 1.806552 0.707450 3.506321
v 1.791332 0.699657 3.517378
v 1.794200 0.850342 3.523006
v 1.812091 0.842550 3.517193
v 1.827455 0.830154 3.512201
v 1.839244 0.814000 3.508370
v 1.846655 0.795188 3.505962
v 1.849182 0.775000 3.505141
v 1.846655 0.754812 3.505962
v 1.839244 0.736000 3.508370
v 1.827455 0.719846 3.512201
v 1.812091 0.707450 3.517193
v 1.794200 0.699657 3.523006
v 1.795188 0.850342 3.529244
v 1.814000 0.842550 3.529244
v 1.830154 0.830154 3.529244
v 1.842550 0.814000 3.529244
v 1.850342 0.795188 3.529244
v 1.853000 0.775000 3.529244
v 1.850342 0.754812 3.529244
v 1.842550 0.736000 3.529244
v 1.830154 0.719846 3.529244
v 1.814000 0.707450 3.529244
v 1.795188 0.699657 3.529244
v 1.794200 0.850342 3.535483
v 1.812091 0.842550 3.541296
v 1.827455 0.830154 3.546288
v 1.839244 0.814000 3.550118
v 1.846655 0.795188 3.552526
v 1.849182 0.775000 3.553348
v 1.846655 0.754812 3.552526
v 1.839244 0.736000 3.550118
v 1.827455 0.719846 3.546288
v 1.812091 0.707450 3.541296
v 1.794200 0.699657 3.535483
v 1.791332 0.850342 3.541111
v 1.806552 0.842550 3.552168
v 1.819621 0.830154 3.561663
v 1.829649 0.814000 3.568949
v 1.835953 0.795188 3.573529
v 1.838104 0.775000 3.575091
v 1.835953 0.754812 3.573529
v 1.829649 0.736000 3.568949
v 1.819621 0.719846 3.561663
v 1.806552 0.707450 3.552168
v 1.791332 0.699657 3.541111
v 1.786866 0.850342 3.545577
v 1.797924 0.842550 3.560796
v 1.807419 0.830154 3.573865
v 1.814705 0.814000 3.583894
v 1.819285 0.795188 3.590198
v 1.820847 0.775000 3.592348
v 1.819285 0.754812 3.590198
v 1.814705 0.736000 3.583894
v 1.807419 0.719846 3.573865
v 1.797924 0.707450 3.560796
v 1.786866 0.699657 3.545577
v 1.781238 0.850342 3.548444
v 1.787052 0.842550 3.566336
v 1.792044 0.830154 3.581699
v 1.795874 0.814000 3.593488
v 1.798282 0.795188 3.600899
v 1.799103 0.775000 3.603427
v 1.798282 0.754812 3.600899
v 1.795874 0.736000 3.593488
v 1.792044 0.719846 3.581699
v 1.787052 0.707450 3.566336
v 1.781238 0.699657 3.548444
v 1.775000 0.850342 3.549432
v 1.775000 0.842550 3.568244
v 1.775000 0.830154 3.584399
v 1.775000 0.814000 3.596794
v 1.775000 0.795188 3.604587
v 1.775000 0.775000 3.607244
v 1.775000 0.754812 3.604587
v 1.775000 0.736000 3.596794
v 1.775000 0.719846 3.584399
v 1.775000 0.707450 3.568244
v 1.775000 0.699657 3.549432
v 1.775000 0.853000 3.529244
v 1.768762 0.850342 3.548444
v 1.762948 0.842550 3.566336
v 1.757956 0.830154 3.581699
v 1.754126 0.814000 3.593488
v 1.751718 0.795188 3.600899
v 1.750897 0.775000 3.603427
v 1.751718 0.754812 3.600899
v 1.754126 0.736000 3.593488
v 1.757956 0.719846 3.581699
v 1.762948 0.707450 3.566336
v 1.768762 0.699657 3.548444
v 1.763134 0.850342 3.545577
v 1.752076 0.842550 3.560796
v 1.742581 0.830154 3.573865
v 1.735295 0.814000 3.583894
v 1.730715 0.795188 3.590198
v 1.729153 0.775000 3.592348
v 1.730715 0.754812 3.590198
v 1.735295 0.736000 3.583894
v 1.742581 0.719846 3.573865
v 1.752076 0.707450 3.560796
v 1.763134 0.699657 3.545577
v 1.758668 0.850342 3.541111
v 1.743448 0.842550 3.552168
v 1.730379 0.830154 3.561663
v 1.720351 0.814000 3.568949
v 1.714047 0.795188 3.573529
v 1.711897 0.775000 3.575091
v 1.714047 0.754812 3.573529
v 1.720351 0.736000 3.568949
v 1.730379 0.719846 3.561663
v 1.743448 0.707450 3.552168
v 1.758668 0.699657 3.541111
v 1.755800 0.850342 3.535483
v 1.737909 0.842550 3.541296
v 1.722545 0.830154 3.546288
v 1.710756 0.814000 3.550118
v 1.703345 0.795188 3.552526
v 1.700818 0.775000 3.553348
v 1.703345 0.754812 3.552526
v 1.710756 0.736000 3.550118
v 1.722545 0.719846 3.546288
v 1.737909 0.707450 3.541296
v 1.755800 0.699657 3.535483
v 1.775000 0.697000 3.529244
v 1.754812 0.850342 3.529244
v 1.736000 0.842550 3.529244
v 1.719846 0.830154 3.529244
v 1.707450 0.814000 3.529244
v 1.699658 0.795188 3.529244
v 1.697000 0.775000 3.529244
v 1.699658 0.754812 3.529244
v 1.707450 0.736000 3.529244
v 1.719846 0.719846 3.529244
v 1.736000 0.707450 3.529244
v 1.754812 0.699657 3.529244
v 1.755800 0.850342 3.523006
v 1.737909 0.842550 3.517193
v 1.722545 0.830154 3.512201
v 1.710756 0.814000 3.508370
v 1.703345 0.795188 3.505962
v 1.700818 0.775000 3.505141
v 1.703345 0.754812 3.505962
v 1.710756 0.736000 3.508370
v 1.722545 0.719846 3.512201
v 1.737909 0.707450 3.517193
v 1.755800 0.699657 3.523006
v 1.758668 0.850342 3.517378
v 1.743448 0.842550 3.506321
v 1.730379 0.830154 3.496825
v 1.720351 0.814000 3.489540
v 1.714047 0.795188 3.484959
v 1.711897 0.775000 3.483397
v 1.714047 0.754812 3.484959
v 1.720351 0.736000 3.489540
v 1.730379 0.719846 3.496825
v 1.743448 0.707450 3.506321
v 1.758668 0.699657 3.517378
v 1.763134 0.850342 3.512912
v 1.752076 0.842550 3.497693
v 1.742581 0.830154 3.484624
v 1.735295 0.814000 3.474595
v 1.730715 0.795188 3.468291
v 1.729153 0.775000 3.466141
v 1.730715 0.754812 3.468291
v 1.735295 0.736000 3.474595
v 1.742581 0.719846 3.484624
v 1.752076 0.707450 3.497693
v 1.763134 0.699657 3.512912
v 1.768762 0.850342 3.510045
v 1.762948 0.842550 3.492153
v 1.757956 0.830154 3.476789
v 1.754126 0.814000 3.465001
v 1.751718 0.795188 3.457590
v 1.750897 0.775000 3.455062
v 1.751718 0.754812 3.457590
v 1.754126 0.736000 3.465001
v 1.757956 0.719846 3.476789
v 1.762948 0.707450 3.492153
v 1.768762 0.699657 3.510045
v 1.775000 0.850342 3.509056
v 1.775000 0.814000 3.461694
v 1.775000 0.795188 3.453902
v 1.775000 0.754812 3.453902
v 1.775000 0.736000 3.461694
v -4.325000 0.626481 2.503951
v -4.325000 0.601506 2.461744
v -4.325000 0.385000 2.374244
v -4.325000 0.168494 2.461744
v -4.285010 0.626481 2.506168
v -4.247746 0.601506 2.466027
v -4.215746 0.561776 2.431557
v -4.191192 0.510000 2.405107
v -4.175756 0.449704 2.388481
v -4.170491 0.385000 2.382810
v -4.175756 0.320295 2.388481
v -4.191192 0.260000 2.405107
v -4.215746 0.208223 2.431557
v -4.247746 0.168494 2.466027
v -4.285010 0.143518 2.506168
v -4.248935 0.626481 2.512601
v -4.178053 0.601506 2.478456
v -4.117186 0.561776 2.449134
v -4.070481 0.510000 2.426634
v -4.041121 0.449704 2.412491
v -4.031107 0.385000 2.407666
v -4.041121 0.320295 2.412491
v -4.070481 0.260000 2.426634
v -4.117186 0.208223 2.449134
v -4.178053 0.168494 2.478456
v -4.248935 0.143518 2.512601
v -4.220304 0.626481 2.522622
v -4.122746 0.601506 2.497813
v -4.038969 0.561776 2.476510
v -3.974685 0.510000 2.460163
v -3.934274 0.449704 2.449887
v -3.920491 0.385000 2.446382
v -3.934274 0.320295 2.449887
v -3.974685 0.260000 2.460163
v -4.038969 0.208223 2.476510
v -4.122746 0.168494 2.497813
v -4.220304 0.143518 2.522622
v -4.201924 0.626481 2.535248
v -4.087235 0.601506 2.522205
v -3.988750 0.561776 2.511005
v -3.913181 0.510000 2.502411
v -3.865674 0.449704 2.497009
v -3.849472 0.385000 2.495166
v -3.865674 0.320295 2.497009
v -3.913181 0.260000 2.502411
v -3.988750 0.208223 2.511005
v -4.087235 0.168494 2.522205
v -4.201924 0.143518 2.535248
v -4.325000 0.135000 2.549244
v -4.195590 0.626481 2.549244
v -4.075000 0.601506 2.549244
v -3.971447 0.561776 2.549244
v -3.891987 0.510000 2.549244
v -3.842037 0.449704 2.549244
v -3.825000 0.385000 2.549244
v -3.842037 0.320295 2.549244
v -3.891987 0.260000 2.549244
v -3.971447 0.208223 2.549244
v -4.075000 0.168494 2.549244
v -4.195590 0.143518 2.549244
v -4.201924 0.626481 2.563241
v -4.087235 0.601506 2.576283
v -3.988750 0.561776 2.587483
v -3.913181 0.510000 2.596077
v -3.865674 0.449704 2.601480
v -3.849472 0.385000 2.603323
v -3.865674 0.320295 2.601480
v -3.913181 0.260000 2.596077
v -3.988750 0.208223 2.587483
v -4.087235 0.168494 2.576283
v -4.201924 0.143518 2.563241
v -4.220304 0.626481 2.575867
v -4.122746 0.601506 2.600676
v -4.038969 0.561776 2.621979
v -3.974685 0.510000 2.638326
v -3.934274 0.449704 2.648602
v -3.920491 0.385000 2.652107
v -3.934274 0.320295 2.648602
v -3.974685 0.260000 2.638326
v -4.038969 0.208223 2.621979
v -4.122746 0.168494 2.600676
v -4.220304 0.143518 2.575867
v -4.248935 0.626481 2.585887
v -4.178053 0.601506 2.620033
v -4.117186 0.561776 2.649355
v -4.070481 0.510000 2.671854
v -4.041121 0.449704 2.685998
v -4.031107 0.385000 2.690823
v -4.041121 0.320295 2.685998
v -4.070481 0.260000 2.671854
v -4.117186 0.208223 2.649355
v -4.178053 0.168494 2.620033
v -4.248935 0.143518 2.585887
v -4.285010 0.626481 2.592321
v -4.247746 0.601506 2.632462
v -4.215746 0.561776 2.666932
v -4.191191 0.510000 2.693381
v -4.175756 0.449704 2.710008
v -4.170491 0.385000 2.715679
v -4.175756 0.320295 2.710008
v -4.191191 0.260000 2.693381
v -4.215746 0.208223 2.666932
v -4.247746 0.168494 2.632462
v -4.285010 0.143518 2.592321
v -4.325000 0.626481 2.594538
v -4.325000 0.601506 2.636744
v -4.325000 0.561776 2.672988
v -4.325000 0.510000 2.700799
v -4.325000 0.449704 2.718282
v -4.325000 0.385000 2.724245
v -4.325000 0.320295 2.718282
v -4.325000 0.260000 2.700799
v -4.325000 0.208223 2.672988
v -4.325000 0.168494 2.636744
v -4.325000 0.143518 2.594538
v -4.364989 0.626481 2.592321
v -4.402254 0.601506 2.632462
v -4.434254 0.561776 2.666932
v -4.458808 0.510000 2.693381
v -4.474244 0.449704 2.710008
v -4.479508 0.385000 2.715679
v -4.474244 0.320295 2.710008
v -4.458808 0.260000 2.693381
v -4.434254 0.208223 2.666932
v -4.402254 0.168494 2.632462
v -4.364989 0.143518 2.592321
v -4.401065 0.626481 2.585887
v -4.471946 0.601506 2.620033
v -4.532813 0.561776 2.649355
v -4.579518 0.510000 2.671854
v -4.608878 0.449704 2.685998
v -4.618893 0.385000 2.690823
v -4.608878 0.320295 2.685998
v -4.579518 0.260000 2.671854
v -4.532813 0.208223 2.649355
v -4.471946 0.168494 2.620033
v -4.401065 0.143518 2.585887
v -4.325000 0.635000 2.549244
v -4.429694 0.626481 2.575867
v -4.527254 0.601506 2.600676
v -4.611030 0.561776 2.621979
v -4.675314 0.510000 2.638326
v -4.715725 0.449704 2.648602
v -4.729508 0.385000 2.652107
v -4.715725 0.320295 2.648602
v -4.675314 0.260000 2.638326
v -4.611030 0.208223 2.621979
v -4.527254 0.168494 2.600676
v -4.429694 0.143518 2.575867
v -4.448075 0.626481 2.563241
v -4.562764 0.601506 2.576283
v -4.661249 0.561776 2.587483
v -4.736819 0.510000 2.596077
v -4.784325 0.449704 2.601480
v -4.800528 0.385000 2.603323
v -4.784325 0.320295 2.601480
v -4.736819 0.260000 2.596077
v -4.661249 0.208223 2.587483
v -4.562764 0.168494 2.576283
v -4.448075 0.143518 2.563241
v -4.454410 0.626481 2.549244
v -4.575000 0.601506 2.549244
v -4.678553 0.561776 2.549244
v -4.758013 0.510000 2.549244
v -4.807962 0.449704 2.549244
v -4.825000 0.385000 2.549244
v -4.807962 0.320295 2.549244
v -4.758013 0.260000 2.549244
v -4.678553 0.208223 2.549244
v -4.575000 0.168494 2.549244
v -4.454410 0.143518 2.549244
v -4.448075 0.626481 2.535248
v -4.562764 0.601506 2.522205
v -4.661249 0.561776 2.511005
v -4.736819 0.510000 2.502411
v -4.784325 0.449704 2.497009
v -4.800528 0.385000 2.495166
v -4.784325 0.320295 2.497009
v -4.736819 0.260000 2.502411
v -4.661249 0.208223 2.511005
v -4.562764 0.168494 2.522205
v -4.448075 0.143518 2.535248
v -4.429694 0.626481 2.522622
v -4.527254 0.601506 2.497813
v -4.611030 0.561776 2.476510
v -4.675314 0.510000 2.460163
v -4.715725 0.449704 2.449887
v -4.729508 0.385000 2.446382
v -4.715725 0.320295 2.449887
v -4.675314 0.260000 2.460163
v -4.611030 0.208223 2.476510
v -4.527254 0.168494 2.497813
v -4.429694 0.143518 2.522622
v -4.401065 0.626481 2.512601
v -4.471946 0.601506 2.478456
v -4.532814 0.561776 2.449134
v -4.579518 0.510000 2.426634
v -4.608878 0.449704 2.412491
v -4.618893 0.385000 2.407666
v -4.608878 0.320295 2.412491
v -4.579518 0.260000 2.426634
v -4.532814 0.208223 2.449134
v -4.471946 0.168494 2.478456
v -4.401065 0.143518 2.512601
v -4.364989 0.626481 2.506168
v -4.402254 0.601506 2.466027
v -4.434254 0.561776 2.431557
v -4.458808 0.510000 2.405107
v -4.474244 0.449704 2.388481
v -4.479508 0.385000 2.382810
v -4.474244 0.320295 2.388481
v -4.458808 0.260000 2.405107
v -4.434254 0.208223 2.431557
v -4.402254 0.168494 2.466027
v -4.364989 0.143518 2.506168
v -4.325000 0.561776 2.425501
v -4.325000 0.510000 2.397690
v -4.325000 0.449704 2.380207
v -4.325000 0.320295 2.380207
v -4.325000 0.260000 2.397690
v -4.325000 0.208223 2.425501
v -4.325000 0.143518 2.503951
v -2.025000 0.626481 2.503951
v -2.025000 0.601506 2.461744
v -2.025000 0.385000 2.374244
v -2.025000 0.168494 2.461744
v -1.985010 0.626481 2.506168
v -1.947746 0.601506 2.466027
v -1.915745 0.561776 2.431557
v -1.891192 0.510000 2.405107
v -1.875756 0.449704 2.388481
v -1.870491 0.385000 2.382810
v -1.875756 0.320295 2.388481
v -1.891192 0.260000 2.405107
v -1.915745 0.208223 2.431557
v -1.947746 0.168494 2.466027
v -1.985010 0.143518 2.506168
v -1.948935 0.626481 2.512601
v -1.878053 0.601506 2.478456
v -1.817186 0.561776 2.449134
v -1.770481 0.510000 2.426634
v -1.741121 0.449704 2.412491
v -1.731107 0.385000 2.407666
v -1.741121 0.320295 2.412491
v -1.770481 0.260000 2.426634
v -1.817186 0.208223 2.449134
v -1.878053 0.168494 2.478456
v -1.948935 0.143518 2.512601
v -1.920305 0.626481 2.522622
v -1.822746 0.601506 2.497813
v -1.738969 0.561776 2.476510
v -1.674685 0.510000 2.460163
v -1.634275 0.449704 2.449887
v -1.620491 0.385000 2.446382
v -1.634275 0.320295 2.449887
v -1.674685 0.260000 2.460163
v -1.738969 0.208223 2.476510
v -1.822746 0.168494 2.497813
v -1.920305 0.143518 2.522622
v -1.901924 0.626481 2.535248
v -1.787235 0.601506 2.522205
v -1.688751 0.561776 2.511005
v -1.613180 0.510000 2.502411
v -1.565675 0.449704 2.497009
v -1.549472 0.385000 2.495166
v -1.565675 0.320295 2.497009
v -1.613180 0.260000 2.502411
v -1.688751 0.208223 2.511005
v -1.787235 0.168494 2.522205
v -1.901924 0.143518 2.535248
v -2.025000 0.135000 2.549244
v -1.895590 0.626481 2.549244
v -1.775000 0.601506 2.549244
v -1.671446 0.561776 2.549244
v -1.591987 0.510000 2.549244
v -1.542037 0.449704 2.549244
v -1.525000 0.385000 2.549244
v -1.542037 0.320295 2.549244
v -1.591987 0.260000 2.549244
v -1.671446 0.208223 2.549244
v -1.775000 0.168494 2.549244
v -1.895590 0.143518 2.549244
v -1.901924 0.626481 2.563241
v -1.787235 0.601506 2.576283
v -1.688751 0.561776 2.587483
v -1.613180 0.510000 2.596077
v -1.565675 0.449704 2.601480
v -1.549472 0.385000 2.603323
v -1.565675 0.320295 2.601480
v -1.613180 0.260000 2.596077
v -1.688751 0.208223 2.587483
v -1.787235 0.168494 2.576283
v -1.901924 0.143518 2.563241
v -1.920305 0.626481 2.575867
v -1.822746 0.601506 2.600676
v -1.738969 0.561776 2.621979
v -1.674685 0.510000 2.638326
v -1.634275 0.449704 2.648602
v -1.620491 0.385000 2.652107
v -1.634275 0.320295 2.648602
v -1.674685 0.260000 2.638326
v -1.738969 0.208223 2.621979
v -1.822746 0.168494 2.600676
v -1.920305 0.143518 2.575867
v -1.948935 0.626481 2.585887
v -1.878053 0.601506 2.620033
v -1.817186 0.561776 2.649355
v -1.770481 0.510000 2.671854
v -1.741121 0.449704 2.685998
v -1.731107 0.385000 2.690823
v -1.741121 0.320295 2.685998
v -1.770481 0.260000 2.671854
v -1.817186 0.208223 2.649355
v -1.878053 0.168494 2.620033
v -1.948935 0.143518 2.585887
v -1.985010 0.626481 2.592321
v -1.947746 0.601506 2.632462
v -1.915745 0.561776 2.666932
v -1.891192 0.510000 2.693381
v -1.875756 0.449704 2.710008
v -1.870491 0.385000 2.715679
v -1.875756 0.320295 2.710008
v -1.891192 0.260000 2.693381
v -1.915745 0.208223 2.666932
v -1.947746 0.168494 2.632462
v -1.985010 0.143518 2.592321
v -2.025000 0.626481 2.594538
v -2.025000 0.601506 2.636744
v -2.025000 0.561776 2.672988
v -2.025000 0.510000 2.700799
v -2.025000 0.449704 2.718282
v -2.025000 0.385000 2.724245
v -2.025000 0.320295 2.718282
v -2.025000 0.260000 2.700799
v -2.025000 0.208223 2.672988
v -2.025000 0.168494 2.636744
v -2.025000 0.143518 2.594538
v -2.064990 0.626481 2.592321
v -2.102254 0.601506 2.632462
v -2.134254 0.561776 2.666932
v -2.158808 0.510000 2.693381
v -2.174243 0.449704 2.710008
v -2.179508 0.385000 2.715679
v -2.174243 0.320295 2.710008
v -2.158808 0.260000 2.693381
v -2.134254 0.208223 2.666932
v -2.102254 0.168494 2.632462
v -2.064990 0.143518 2.592321
v -2.101065 0.626481 2.585887
v -2.171946 0.601506 2.620033
v -2.232813 0.561776 2.649355
v -2.279518 0.510000 2.671854
v -2.308878 0.449704 2.685998
v -2.318892 0.385000 2.690823
v -2.308878 0.320295 2.685998
v -2.279518 0.260000 2.671854
v -2.232813 0.208223 2.649355
v -2.171946 0.168494 2.620033
v -2.101065 0.143518 2.585887
v -2.025000 0.635000 2.549244
v -2.129694 0.626481 2.575867
v -2.227254 0.601506 2.600676
v -2.311031 0.561776 2.621979
v -2.375314 0.510000 2.638326
v -2.415725 0.449704 2.648602
v -2.429508 0.385000 2.652107
v -2.415725 0.320295 2.648602
v -2.375314 0.260000 2.638326
v -2.311031 0.208223 2.621979
v -2.227254 0.168494 2.600676
v -2.129694 0.143518 2.575867
v -2.148075 0.626481 2.563241
v -2.262764 0.601506 2.576283
v -2.361249 0.561776 2.587483
v -2.436819 0.510000 2.596077
v -2.484325 0.449704 2.601480
v -2.500528 0.385000 2.603323
v -2.484325 0.320295 2.601480
v -2.436819 0.260000 2.596077
v -2.361249 0.208223 2.587483
v -2.262764 0.168494 2.576283
v -2.148075 0.143518 2.563241
v -2.154409 0.626481 2.549244
v -2.274999 0.601506 2.549244
v -2.378553 0.561776 2.549244
v -2.458013 0.510000 2.549244
v -2.507963 0.449704 2.549244
v -2.525000 0.385000 2.549244
v -2.507963 0.320295 2.549244
v -2.458013 0.260000 2.549244
v -2.378553 0.208223 2.549244
v -2.274999 0.168494 2.549244
v -2.154409 0.143518 2.549244
v -2.148075 0.626481 2.535248
v -2.262764 0.601506 2.522205
v -2.361249 0.561776 2.511005
v -2.436819 0.510000 2.502411
v -2.484325 0.449704 2.497009
v -2.500528 0.385000 2.495166
v -2.484325 0.320295 2.497009
v -2.436819 0.260000 2.502411
v -2.361249 0.208223 2.511005
v -2.262764 0.168494 2.522205
v -2.148075 0.143518 2.535248
v -2.129694 0.626481 2.522622
v -2.227254 0.601506 2.497813
v -2.311031 0.561776 2.476510
v -2.375314 0.510000 2.460163
v -2.415725 0.449704 2.449887
v -2.429508 0.385000 2.446382
v -2.415725 0.320295 2.449887
v -2.375314 0.260000 2.460163
v -2.311031 0.208223 2.476510
v -2.227254 0.168494 2.497813
v -2.129694 0.143518 2.522622
v -2.101065 0.626481 2.512601
v -2.171946 0.601506 2.478456
v -2.232813 0.561776 2.449134
v -2.279518 0.510000 2.426634
v -2.308878 0.449704 2.412491
v -2.318892 0.385000 2.407666
v -2.308878 0.320295 2.412491
v -2.279518 0.260000 2.426634
v -2.232813 0.208223 2.449134
v -2.171946 0.168494 2.478456
v -2.101065 0.143518 2.512601
v -2.064990 0.626481 2.506168
v -2.102254 0.601506 2.466027
v -2.134254 0.561776 2.431557
v -2.158808 0.510000 2.405107
v -2.174244 0.449704 2.388481
v -2.179508 0.385000 2.382810
v -2.174244 0.320295 2.388481
v -2.158808 0.260000 2.405107
v -2.134254 0.208223 2.431557
v -2.102254 0.168494 2.466027
v -2.064990 0.143518 2.506168
v -2.025000 0.561776 2.425501
v -2.025000 0.510000 2.397690
v -2.025000 0.449704 2.380207
v -2.025000 0.320295 2.380207
v -2.025000 0.260000 2.397690
v -2.025000 0.208223 2.425501
v -2.025000 0.143518 2.503951
v 1.375000 0.626481 2.503951
v 1.375000 0.601506 2.461744
v 1.375000 0.385000 2.374244
v 1.375000 0.168494 2.461744
v 1.414990 0.626481 2.506168
v 1.452254 0.601506 2.466027
v 1.484254 0.561776 2.431557
v 1.508808 0.510000 2.405107
v 1.524244 0.449704 2.388481
v 1.529508 0.385000 2.382810
v 1.524244 0.320295 2.388481
v 1.508808 0.260000 2.405107
v 1.484254 0.208223 2.431557
v 1.452254 0.168494 2.466027
v 1.414990 0.143518 2.506168
v 1.451065 0.626481 2.512601
v 1.521946 0.601506 2.478456
v 1.582814 0.561776 2.449134
v 1.629518 0.510000 2.426634
v 1.658878 0.449704 2.412491
v 1.668893 0.385000 2.407666
v 1.658878 0.320295 2.412491
v 1.629518 0.260000 2.426634
v 1.582814 0.208223 2.449134
v 1.521946 0.168494 2.478456
v 1.451065 0.143518 2.512601
v 1.479695 0.626481 2.522622
v 1.577254 0.601506 2.497813
v 1.661031 0.561776 2.476510
v 1.725314 0.510000 2.460163
v 1.765725 0.449704 2.449887
v 1.779508 0.385000 2.446382
v 1.765725 0.320295 2.449887
v 1.725314 0.260000 2.460163
v 1.661031 0.208223 2.476510
v 1.577254 0.168494 2.497813
v 1.479695 0.143518 2.522622
v 1.498076 0.626481 2.535248
v 1.612764 0.601506 2.522205
v 1.711249 0.561776 2.511005
v 1.786819 0.510000 2.502411
v 1.834325 0.449704 2.497009
v 1.850528 0.385000 2.495166
v 1.834325 0.320295 2.497009
v 1.786819 0.260000 2.502411
v 1.711249 0.208223 2.511005
v 1.612764 0.168494 2.522205
v 1.498076 0.143518 2.535248
v 1.375000 0.135000 2.549244
v 1.504410 0.626481 2.549244
v 1.625000 0.601506 2.549244
v 1.728553 0.561776 2.549244
v 1.808013 0.510000 2.549244
v 1.857963 0.449704 2.549244
v 1.875000 0.385000 2.549244
v 1.857963 0.320295 2.549244
v 1.808013 0.260000 2.549244
v 1.728553 0.208223 2.549244
v 1.625000 0.168494 2.549244
v 1.504410 0.143518 2.549244
v 1.498076 0.626481 2.563241
v 1.612764 0.601506 2.576283
v 1.711249 0.561776 2.587483
v 1.786819 0.510000 2.596077
v 1.834325 0.449704 2.601480
v 1.850528 0.385000 2.603323
v 1.834325 0.320295 2.601480
v 1.786819 0.260000 2.596077
v 1.711249 0.208223 2.587483
v 1.612764 0.168494 2.576283
v 1.498076 0.143518 2.563241
v 1.479695 0.626481 2.575867
v 1.577254 0.601506 2.600676
v 1.661031 0.561776 2.621979
v 1.725314 0.510000 2.638326
v 1.765725 0.449704 2.648602
v 1.779508 0.385000 2.652107
v 1.765725 0.320295 2.648602
v 1.725314 0.260000 2.638326
v 1.661031 0.208223 2.621979
v 1.577254 0.168494 2.600676
v 1.479695 0.143518 2.575867
v 1.451065 0.626481 2.585887
v 1.521946 0.601506 2.620033
v 1.582814 0.561776 2.649355
v 1.629518 0.510000 2.671854
v 1.658879 0.449704 2.685998
v 1.668893 0.385000 2.690823
v 1.658879 0.320295 2.685998
v 1.629518 0.260000 2.671854
v 1.582814 0.208223 2.649355
v 1.521946 0.168494 2.620033
v 1.451065 0.143518 2.585887
v 1.414990 0.626481 2.592321
v 1.452254 0.601506 2.632462
v 1.484254 0.561776 2.666932
v 1.508808 0.510000 2.693381
v 1.524244 0.449704 2.710008
v 1.529508 0.385000 2.715679
v 1.524244 0.320295 2.710008
v 1.508808 0.260000 2.693381
v 1.484254 0.208223 2.666932
v 1.452254 0.168494 2.632462
v 1.414990 0.143518 2.592321
v 1.375000 0.626481 2.594538
v 1.375000 0.601506 2.636744
v 1.375000 0.561776 2.672988
v 1.375000 0.510000 2.700799
v 1.375000 0.449704 2.718282
v 1.375000 0.385000 2.724245
v 1.375000 0.320295 2.718282
v 1.375000 0.260000 2.700799
v 1.375000 0.208223 2.672988
v 1.375000 0.168494 2.636744
v 1.375000 0.143518 2.594538
v 1.335010 0.626481 2.592321
v 1.297745 0.601506 2.632462
v 1.265746 0.561776 2.666932
v 1.241192 0.510000 2.693381
v 1.225756 0.449704 2.710008
v 1.220491 0.385000 2.715679
v 1.225756 0.320295 2.710008
v 1.241192 0.260000 2.693381
v 1.265746 0.208223 2.666932
v 1.297745 0.168494 2.632462
v 1.335010 0.143518 2.592321
v 1.298935 0.626481 2.585887
v 1.228054 0.601506 2.620033
v 1.167186 0.561776 2.649355
v 1.120482 0.510000 2.671854
v 1.091121 0.449704 2.685998
v 1.081107 0.385000 2.690823
v 1.091121 0.320295 2.685998
v 1.120482 0.260000 2.671854
v 1.167186 0.208223 2.649355
v 1.228054 0.168494 2.620033
v 1.298935 0.143518 2.585887
v 1.375000 0.635000 2.549244
v 1.270305 0.626481 2.575867
v 1.172746 0.601506 2.600676
v 1.088969 0.561776 2.621979
v 1.024685 0.510000 2.638326
v 0.984275 0.449704 2.648602
v 0.970491 0.385000 2.652107
v 0.984275 0.320295 2.648602
v 1.024685 0.260000 2.638326
v 1.088969 0.208223 2.621979
v 1.172746 0.168494 2.600676
v 1.270305 0.143518 2.575867
v 1.251924 0.626481 2.563241
v 1.137236 0.601506 2.576283
v 1.038751 0.561776 2.587483
v 0.963181 0.510000 2.596077
v 0.915675 0.449704 2.601480
v 0.899472 0.385000 2.603323
v 0.915675 0.320295 2.601480
v 0.963181 0.260000 2.596077
v 1.038751 0.208223 2.587483
v 1.137236 0.168494 2.576283
v 1.251924 0.143518 2.563241
v 1.245590 0.626481 2.549244
v 1.125000 0.601506 2.549244
v 1.021447 0.561776 2.549244
v 0.941987 0.510000 2.549244
v 0.892037 0.449704 2.549244
v 0.875000 0.385000 2.549244
v 0.892037 0.320295 2.549244
v 0.941987 0.260000 2.549244
v 1.021447 0.208223 2.549244
v 1.125000 0.168494 2.549244
v 1.245590 0.143518 2.549244
v 1.251924 0.626481 2.535248
v 1.137236 0.601506 2.522205
v 1.038751 0.561776 2.511005
v 0.963181 0.510000 2.502411
v 0.915675 0.449704 2.497009
v 0.899472 0.385000 2.495166
v 0.915675 0.320295 2.497009
v 0.963181 0.260000 2.502411
v 1.038751 0.208223 2.511005
v 1.137236 0.168494 2.522205
v 1.251924 0.143518 2.535248
v 1.270305 0.626481 2.522622
v 1.172746 0.601506 2.497813
v 1.088969 0.561776 2.476510
v 1.024685 0.510000 2.460163
v 0.984275 0.449704 2.449887
v 0.970491 0.385000 2.446382
v 0.984275 0.320295 2.449887
v 1.024685 0.260000 2.460163
v 1.088969 0.208223 2.476510
v 1.172746 0.168494 2.497813
v 1.270305 0.143518 2.522622
v 1.298935 0.626481 2.512601
v 1.228054 0.601506 2.478456
v 1.167186 0.561776 2.449134
v 1.120482 0.510000 2.426634
v 1.091121 0.449704 2.412491
v 1.081107 0.385000 2.407666
v 1.091121 0.320295 2.412491
v 1.120482 0.260000 2.426634
v 1.167186 0.208223 2.449134
v 1.228054 0.168494 2.478456
v 1.298935 0.143518 2.512601
v 1.335010 0.626481 2.506168
v 1.297746 0.601506 2.466027
v 1.265746 0.561776 2.431557
v 1.241192 0.510000 2.405107
v 1.225756 0.449704 2.388481
v 1.220491 0.385000 2.382810
v 1.225756 0.320295 2.388481
v 1.241192 0.260000 2.405107
v 1.265746 0.208223 2.431557
v 1.297746 0.168494 2.466027
v 1.335010 0.143518 2.506168
v 1.375000 0.561776 2.425501
v 1.375000 0.510000 2.397690
v 1.375000 0.449704 2.380207
v 1.375000 0.320295 2.380207
v 1.375000 0.260000 2.397690
v 1.375000 0.208223 2.425501
v 1.375000 0.143518 2.503951
v 2.895000 0.626481 0.083951
v 2.895000 0.601506 0.041744
v 2.895000 0.385000 -0.045756
v 2.895000 0.168494 0.041744
v 2.934990 0.626481 0.086168
v 2.972254 0.601506 0.046027
v 3.004254 0.561776 0.011557
v 3.028808 0.510000 -0.014892
v 3.044244 0.449704 -0.031519
v 3.049508 0.385000 -0.037191
v 3.044244 0.320295 -0.031519
v 3.028808 0.260000 -0.014892
v 3.004254 0.208223 0.011557
v 2.972254 0.168494 0.046027
v 2.934990 0.143518 0.086168
v 2.971065 0.626481 0.092601
v 3.041946 0.601506 0.058455
v 3.102813 0.561776 0.029134
v 3.149518 0.510000 0.006634
v 3.178878 0.449704 -0.007509
v 3.188892 0.385000 -0.012334
v 3.178878 0.320295 -0.007509
v 3.149518 0.260000 0.006634
v 3.102813 0.208223 0.029134
v 3.041946 0.168494 0.058455
v 2.971065 0.143518 0.092601
v 2.999694 0.626481 0.102622
v 3.097254 0.601506 0.077813
v 3.181031 0.561776 0.056510
v 3.245314 0.510000 0.040163
v 3.285725 0.449704 0.029887
v 3.299508 0.385000 0.026382
v 3.285725 0.320295 0.029887
v 3.245314 0.260000 0.040163
v 3.181031 0.208223 0.056510
v 3.097254 0.168494 0.077813
v 2.999694 0.143518 0.102622
v 3.018076 0.626481 0.115248
v 3.132764 0.601506 0.102205
v 3.231249 0.561776 0.091006
v 3.306819 0.510000 0.082411
v 3.354325 0.449704 0.077009
v 3.370528 0.385000 0.075166
v 3.354325 0.320295 0.077009
v 3.306819 0.260000 0.082411
v 3.231249 0.208223 0.091006
v 3.132764 0.168494 0.102205
v 3.018076 0.143518 0.115248
v 2.895000 0.135000 0.129244
v 3.024409 0.626481 0.129244
v 3.145000 0.601506 0.129244
v 3.248553 0.561776 0.129244
v 3.328012 0.510000 0.129244
v 3.377963 0.449704 0.129244
v 3.395000 0.385000 0.129244
v 3.377963 0.320295 0.129244
v 3.328012 0.260000 0.129244
v 3.248553 0.208223 0.129244
v 3.145000 0.168494 0.129244
v 3.024409 0.143518 0.129244
v 3.018076 0.626481 0.143241
v 3.132764 0.601506 0.156283
v 3.231249 0.561776 0.167483
v 3.306819 0.510000 0.176077
v 3.354325 0.449704 0.181480
v 3.370528 0.385000 0.183322
v 3.354325 0.320295 0.181480
v 3.306819 0.260000 0.176077
v 3.231249 0.208223 0.167483
v 3.132764 0.168494 0.156283
v 3.018076 0.143518 0.143241
v 2.999694 0.626481 0.155867
v 3.097254 0.601506 0.180676
v 3.181031 0.561776 0.201979
v 3.245314 0.510000 0.218326
v 3.285725 0.449704 0.228602
v 3.299508 0.385000 0.232107
v 3.285725 0.320295 0.228602
v 3.245314 0.260000 0.218326
v 3.181031 0.208223 0.201979
v 3.097254 0.168494 0.180676
v 2.999694 0.143518 0.155867
v 2.971065 0.626481 0.165887
v 3.041946 0.601506 0.200033
v 3.102813 0.561776 0.229355
v 3.149518 0.510000 0.251855
v 3.178878 0.449704 0.265998
v 3.188892 0.385000 0.270822
v 3.178878 0.320295 0.265998
v 3.149518 0.260000 0.251855
v 3.102813 0.208223 0.229355
v 3.041946 0.168494 0.200033
v 2.971065 0.143518 0.165887
v 2.934990 0.626481 0.172321
v 2.972254 0.601506 0.212462
v 3.004254 0.561776 0.246932
v 3.028808 0.510000 0.273381
v 3.044244 0.449704 0.290008
v 3.049508 0.385000 0.295679
v 3.044244 0.320295 0.290008
v 3.028808 0.260000 0.273381
v 3.004254 0.208223 0.246932
v 2.972254 0.168494 0.212462
v 2.934990 0.143518 0.172321
v 2.895000 0.626481 0.174538
v 2.895000 0.601506 0.216744
v 2.895000 0.561776 0.252988
v 2.895000 0.510000 0.280799
v 2.895000 0.449704 0.298281
v 2.895000 0.385000 0.304244
v 2.895000 0.320295 0.298281
v 2.895000 0.260000 0.280799
v 2.895000 0.208223 0.252988
v 2.895000 0.168494 0.216744
v 2.895000 0.143518 0.174538
v 2.855010 0.626481 0.172321
v 2.817745 0.601506 0.212462
v 2.785746 0.561776 0.246932
v 2.761191 0.510000 0.273381
v 2.745756 0.449704 0.290008
v 2.740491 0.385000 0.295679
v 2.745756 0.320295 0.290008
v 2.761191 0.260000 0.273381
v 2.785746 0.208223 0.246932
v 2.817745 0.168494 0.212462
v 2.855010 0.143518 0.172321
v 2.818935 0.626481 0.165887
v 2.748053 0.601506 0.200033
v 2.687186 0.561776 0.229355
v 2.640481 0.510000 0.251855
v 2.611121 0.449704 0.265998
v 2.601107 0.385000 0.270822
v 2.611121 0.320295 0.265998
v 2.640481 0.260000 0.251855
v 2.687186 0.208223 0.229355
v 2.748053 0.168494 0.200033
v 2.818935 0.143518 0.165887
v 2.895000 0.635000 0.129244
v 2.790305 0.626481 0.155867
v 2.692745 0.601506 0.180676
v 2.608969 0.561776 0.201979
v 2.544685 0.510000 0.218326
v 2.504274 0.449704 0.228602
v 2.490491 0.385000 0.232107
v 2.504274 0.320295 0.228602
v 2.544685 0.260000 0.218326
v 2.608969 0.208223 0.201979
v 2.692745 0.168494 0.180676
v 2.790305 0.143518 0.155867
v 2.771924 0.626481 0.143241
v 2.657236 0.601506 0.156283
v 2.558750 0.561776 0.167483
v 2.483180 0.510000 0.176077
v 2.435675 0.449704 0.181480
v 2.419472 0.385000 0.183322
v 2.435675 0.320295 0.181480
v 2.483180 0.260000 0.176077
v 2.558750 0.208223 0.167483
v 2.657236 0.168494 0.156283
v 2.771924 0.143518 0.143241
v 2.765590 0.626481 0.129244
v 2.645000 0.601506 0.129244
v 2.541446 0.561776 0.129244
v 2.461987 0.510000 0.129244
v 2.412037 0.449704 0.129244
v 2.395000 0.385000 0.129244
v 2.412037 0.320295 0.129244
v 2.461987 0.260000 0.129244
v 2.541446 0.208223 0.129244
v 2.645000 0.168494 0.129244
v 2.765590 0.143518 0.129244
v 2.771924 0.626481 0.115248
v 2.657236 0.601506 0.102205
v 2.558750 0.561776 0.091006
v 2.483180 0.510000 0.082411
v 2.435675 0.449704 0.077009
v 2.419472 0.385000 0.075166
v 2.435675 0.320295 0.077009
v 2.483180 0.260000 0.082411
v 2.558750 0.208223 0.091006
v 2.657236 0.168494 0.102205
v 2.771924 0.143518 0.115248
v 2.790305 0.626481 0.102622
v 2.692745 0.601506 0.077813
v 2.608969 0.561776 0.056510
v 2.544685 0.510000 0.040163
v 2.504274 0.449704 0.029887
v 2.490491 0.385000 0.026382
v 2.504274 0.320295 0.029887
v 2.544685 0.260000 0.040163
v 2.608969 0.208223 0.056510
v 2.692745 0.168494 0.077813
v 2.790305 0.143518 0.102622
v 2.818935 0.626481 0.092601
v 2.748053 0.601506 0.058455
v 2.687186 0.561776 0.029134
v 2.640481 0.510000 0.006634
v 2.611121 0.449704 -0.007509
v 2.601107 0.385000 -0.012334
v 2.611121 0.320295 -0.007509
v 2.640481 0.260000 0.006634
v 2.687186 0.208223 0.029134
v 2.748053 0.168494 0.058455
v 2.818935 0.143518 0.092601
v 2.855010 0.626481 0.086168
v 2.817745 0.601506 0.046027
v 2.785746 0.561776 0.011557
v 2.761191 0.510000 -0.014892
v 2.745756 0.449704 -0.031519
v 2.740491 0.385000 -0.037191
v 2.745756 0.320295 -0.031519
v 2.761191 0.260000 -0.014892
v 2.785746 0.208223 0.011557
v 2.817745 0.168494 0.046027
v 2.855010 0.143518 0.086168
v 2.895000 0.561776 0.005501
v 2.895000 0.510000 -0.022310
v 2.895000 0.449704 -0.039793
v 2.895000 0.320295 -0.039793
v 2.895000 0.260000 -0.022310
v 2.895000 0.208223 0.005501
v 2.895000 0.143518 0.083951
v 2.895000 0.626481 -2.316049
v 2.895000 0.601506 -2.358256
v 2.895000 0.385000 -2.445756
v 2.895000 0.168494 -2.358256
v 2.934990 0.626481 -2.313832
v 2.972254 0.601506 -2.353973
v 3.004254 0.561776 -2.388443
v 3.028808 0.510000 -2.414892
v 3.044244 0.449704 -2.431519
v 3.049508 0.385000 -2.437191
v 3.044244 0.320295 -2.431519
v 3.028808 0.260000 -2.414892
v 3.004254 0.208223 -2.388443
v 2.972254 0.168494 -2.353973
v 2.934990 0.143518 -2.313832
v 2.971065 0.626481 -2.307399
v 3.041946 0.601506 -2.341545
v 3.102813 0.561776 -2.370867
v 3.149518 0.510000 -2.393366
v 3.178878 0.449704 -2.407510
v 3.188892 0.385000 -2.412334
v 3.178878 0.320295 -2.407510
v 3.149518 0.260000 -2.393366
v 3.102813 0.208223 -2.370867
v 3.041946 0.168494 -2.341545
v 2.971065 0.143518 -2.307399
v 2.999694 0.626481 -2.297378
v 3.097254 0.601506 -2.322187
v 3.181031 0.561776 -2.343490
v 3.245314 0.510000 -2.359837
v 3.285725 0.449704 -2.370113
v 3.299508 0.385000 -2.373618
v 3.285725 0.320295 -2.370113
v 3.245314 0.260000 -2.359837
v 3.181031 0.208223 -2.343490
v 3.097254 0.168494 -2.322187
v 2.999694 0.143518 -2.297378
v 3.018076 0.626481 -2.284752
v 3.132764 0.601506 -2.297795
v 3.231249 0.561776 -2.308995
v 3.306819 0.510000 -2.317589
v 3.354325 0.449704 -2.322991
v 3.370528 0.385000 -2.324834
v 3.354325 0.320295 -2.322991
v 3.306819 0.260000 -2.317589
v 3.231249 0.208223 -2.308995
v 3.132764 0.168494 -2.297795
v 3.018076 0.143518 -2.284752
v 2.895000 0.135000 -2.270756
v 3.024409 0.626481 -2.270756
v 3.145000 0.601506 -2.270756
v 3.248553 0.561776 -2.270756
v 3.328012 0.510000 -2.270756
v 3.377963 0.449704 -2.270756
v 3.395000 0.385000 -2.270756
v 3.377963 0.320295 -2.270756
v 3.328012 0.260000 -2.270756
v 3.248553 0.208223 -2.270756
v 3.145000 0.168494 -2.270756
v 3.024409 0.143518 -2.270756
v 3.018076 0.626481 -2.256759
v 3.132764 0.601506 -2.243716
v 3.231249 0.561776 -2.232517
v 3.306819 0.510000 -2.223923
v 3.354325 0.449704 -2.218520
v 3.370528 0.385000 -2.216678
v 3.354325 0.320295 -2.218520
v 3.306819 0.260000 -2.223923
v 3.231249 0.208223 -2.232517
v 3.132764 0.168494 -2.243716
v 3.018076 0.143518 -2.256759
v 2.999694 0.626481 -2.244133
v 3.097254 0.601506 -2.219324
v 3.181031 0.561776 -2.198021
v 3.245314 0.510000 -2.181674
v 3.285725 0.449704 -2.171398
v 3.299508 0.385000 -2.167893
v 3.285725 0.320295 -2.171398
v 3.245314 0.260000 -2.181674
v 3.181031 0.208223 -2.198021
v 3.097254 0.168494 -2.219324
v 2.999694 0.143518 -2.244133
v 2.971065 0.626481 -2.234113
v 3.041946 0.601506 -2.199967
v 3.102813 0.561776 -2.170645
v 3.149518 0.510000 -2.148145
v 3.178878 0.449704 -2.134002
v 3.188892 0.385000 -2.129178
v 3.178878 0.320295 -2.134002
v 3.149518 0.260000 -2.148145
v 3.102813 0.208223 -2.170645
v 3.041946 0.168494 -2.199967
v 2.971065 0.143518 -2.234113
v 2.934990 0.626481 -2.227679
v 2.972254 0.601506 -2.187538
v 3.004254 0.561776 -2.153068
v 3.028808 0.510000 -2.126619
v 3.044244 0.449704 -2.109992
v 3.049508 0.385000 -2.104321
v 3.044244 0.320295 -2.109992
v 3.028808 0.260000 -2.126619
v 3.004254 0.208223 -2.153068
v 2.972254 0.168494 -2.187538
v 2.934990 0.143518 -2.227679
v 2.895000 0.626481 -2.225462
v 2.895000 0.601506 -2.183255
v 2.895000 0.561776 -2.147012
v 2.895000 0.510000 -2.119201
v 2.895000 0.449704 -2.101719
v 2.895000 0.385000 -2.095756
v 2.895000 0.320295 -2.101719
v 2.895000 0.260000 -2.119201
v 2.895000 0.208223 -2.147012
v 2.895000 0.168494 -2.183255
v 2.895000 0.143518 -2.225462
v 2.855010 0.626481 -2.227679
v 2.817745 0.601506 -2.187538
v 2.785746 0.561776 -2.153068
v 2.761191 0.510000 -2.126619
v 2.745756 0.449704 -2.109992
v 2.740491 0.385000 -2.104321
v 2.745756 0.320295 -2.109992
v 2.761191 0.260000 -2.126619
v 2.785746 0.208223 -2.153068
v 2.817745 0.168494 -2.187538
v 2.855010 0.143518 -2.227679
v 2.818935 0.626481 -2.234113
v 2.748053 0.601506 -2.199967
v 2.687186 0.561776 -2.170645
v 2.640481 0.510000 -2.148145
v 2.611121 0.449704 -2.134002
v 2.601107 0.385000 -2.129178
v 2.611121 0.320295 -2.134002
v 2.640481 0.260000 -2.148145
v 2.687186 0.208223 -2.170645
v 2.748053 0.168494 -2.199967
v 2.818935 0.143518 -2.234113
v 2.895000 0.635000 -2.270756
v 2.790305 0.626481 -2.244133
v 2.692745 0.601506 -2.219324
v 2.608969 0.561776 -2.198021
v 2.544685 0.510000 -2.181674
v 2.504274 0.449704 -2.171398
v 2.490491 0.385000 -2.167893
v 2.504274 0.320295 -2.171398
v 2.544685 0.260000 -2.181674
v 2.608969 0.208223 -2.198021
v 2.692745 0.168494 -2.219324
v 2.790305 0.143518 -2.244133
v 2.771924 0.626481 -2.256759
v 2.657236 0.601506 -2.243716
v 2.558750 0.561776 -2.232517
v 2.483180 0.510000 -2.223923
v 2.435675 0.449704 -2.218520
v 2.419472 0.385000 -2.216678
v 2.435675 0.320295 -2.218520
v 2.483180 0.260000 -2.223923
v 2.558750 0.208223 -2.232517
v 2.657236 0.168494 -2.243716
v 2.771924 0.143518 -2.256759
v 2.765590 0.626481 -2.270756
v 2.645000 0.601506 -2.270756
v 2.541446 0.561776 -2.270756
v 2.461987 0.510000 -2.270756
v 2.412037 0.449704 -2.270756
v 2.395000 0.385000 -2.270756
v 2.412037 0.320295 -2.270756
v 2.461987 0.260000 -2.270756
v 2.541446 0.208223 -2.270756
v 2.645000 0.168494 -2.270756
v 2.765590 0.143518 -2.270756
v 2.771924 0.626481 -2.284752
v 2.657236 0.601506 -2.297795
v 2.558750 0.561776 -2.308995
v 2.483180 0.510000 -2.317589
v 2.435675 0.449704 -2.322991
v 2.419472 0.385000 -2.324834
v 2.435675 0.320295 -2.322991
v 2.483180 0.260000 -2.317589
v 2.558750 0.208223 -2.308995
v 2.657236 0.168494 -2.297795
v 2.771924 0.143518 -2.284752
v 2.790305 0.626481 -2.297378
v 2.692745 0.601506 -2.322187
v 2.608969 0.561776 -2.343490
v 2.544685 0.510000 -2.359837
v 2.504274 0.449704 -2.370113
v 2.490491 0.385000 -2.373618
v 2.504274 0.320295 -2.370113
v 2.544685 0.260000 -2.359837
v 2.608969 0.208223 -2.343490
v 2.692745 0.168494 -2.322187
v 2.790305 0.143518 -2.297378
v 2.818935 0.626481 -2.307399
v 2.748053 0.601506 -2.341545
v 2.687186 0.561776 -2.370867
v 2.640481 0.510000 -2.393366
v 2.611121 0.449704 -2.407510
v 2.601107 0.385000 -2.412334
v 2.611121 0.320295 -2.407510
v 2.640481 0.260000 -2.393366
v 2.687186 0.208223 -2.370867
v 2.748053 0.168494 -2.341545
v 2.818935 0.143518 -2.307399
v 2.855010 0.626481 -2.313832
v 2.817745 0.601506 -2.353973
v 2.785746 0.561776 -2.388443
v 2.761191 0.510000 -2.414892
v 2.745756 0.449704 -2.431519
v 2.740491 0.385000 -2.437191
v 2.745756 0.320295 -2.431519
v 2.761191 0.260000 -2.414892
v 2.785746 0.208223 -2.388443
v 2.817745 0.168494 -2.353973
v 2.855010 0.143518 -2.313832
v 2.895000 0.561776 -2.394499
v 2.895000 0.510000 -2.422310
v 2.895000 0.449704 -2.439793
v 2.895000 0.320295 -2.439793
v 2.895000 0.260000 -2.422310
v 2.895000 0.208223 -2.394499
v 2.895000 0.143518 -2.316049
v 4.425000 0.550629 1.145128
v 4.425000 0.523157 1.066744
v 4.425000 0.285000 0.904244
v 4.425000 0.046843 1.066744
v 4.454992 0.550629 1.149245
v 4.482941 0.523157 1.074698
v 4.506941 0.479454 1.010682
v 4.525356 0.422500 0.961562
v 4.536933 0.356175 0.930683
v 4.540881 0.285000 0.920151
v 4.536933 0.213825 0.930683
v 4.525356 0.147500 0.961562
v 4.506941 0.090545 1.010682
v 4.482941 0.046843 1.074698
v 4.454992 0.019370 1.149245
v 4.482049 0.550629 1.161193
v 4.535210 0.523157 1.097779
v 4.580860 0.479454 1.043324
v 4.615889 0.422500 1.001540
v 4.637909 0.356175 0.975273
v 4.645419 0.285000 0.966314
v 4.637909 0.213825 0.975273
v 4.615889 0.147500 1.001540
v 4.580860 0.090545 1.043324
v 4.535210 0.046843 1.097779
v 4.482049 0.019370 1.161193
v 4.503521 0.550629 1.179802
v 4.576691 0.523157 1.133729
v 4.639523 0.479454 1.094166
v 4.687736 0.422500 1.063807
v 4.718044 0.356175 1.044723
v 4.728381 0.285000 1.038214
v 4.718044 0.213825 1.044723
v 4.687736 0.147500 1.063807
v 4.639523 0.090545 1.094166
v 4.576691 0.046843 1.133729
v 4.503521 0.019370 1.179802
v 4.517306 0.550629 1.203251
v 4.603323 0.523157 1.179029
v 4.677187 0.479454 1.158229
v 4.733865 0.422500 1.142269
v 4.769494 0.356175 1.132236
v 4.781646 0.285000 1.128814
v 4.769494 0.213825 1.132236
v 4.733865 0.147500 1.142269
v 4.677187 0.090545 1.158229
v 4.603323 0.046843 1.179029
v 4.517306 0.019370 1.203251
v 4.425000 0.010000 1.229244
v 4.522057 0.550629 1.229244
v 4.612500 0.523157 1.229244
v 4.690165 0.479454 1.229244
v 4.749760 0.422500 1.229244
v 4.787222 0.356175 1.229244
v 4.800000 0.285000 1.229244
v 4.787222 0.213825 1.229244
v 4.749760 0.147500 1.229244
v 4.690165 0.090545 1.229244
v 4.612500 0.046843 1.229244
v 4.522057 0.019370 1.229244
v 4.517306 0.550629 1.255238
v 4.603323 0.523157 1.279460
v 4.677187 0.479454 1.300260
v 4.733865 0.422500 1.316220
v 4.769494 0.356175 1.326253
v 4.781646 0.285000 1.329675
v 4.769494 0.213825 1.326253
v 4.733865 0.147500 1.316220
v 4.677187 0.090545 1.300260
v 4.603323 0.046843 1.279460
v 4.517306 0.019370 1.255238
v 4.503521 0.550629 1.278687
v 4.576691 0.523157 1.324759
v 4.639523 0.479454 1.364323
v 4.687736 0.422500 1.394681
v 4.718044 0.356175 1.413765
v 4.728381 0.285000 1.420275
v 4.718044 0.213825 1.413765
v 4.687736 0.147500 1.394681
v 4.639523 0.090545 1.364323
v 4.576691 0.046843 1.324759
v 4.503521 0.019370 1.278687
v 4.482049 0.550629 1.297296
v 4.535210 0.523157 1.360710
v 4.580860 0.479454 1.415164
v 4.615889 0.422500 1.456949
v 4.637909 0.356175 1.483216
v 4.645419 0.285000 1.492175
v 4.637909 0.213825 1.483216
v 4.615889 0.147500 1.456949
v 4.580860 0.090545 1.415164
v 4.535210 0.046843 1.360710
v 4.482049 0.019370 1.297296
v 4.454992 0.550629 1.309244
v 4.482941 0.523157 1.383791
v 4.506941 0.479454 1.447806
v 4.525356 0.422500 1.496927
v 4.536933 0.356175 1.527806
v 4.540881 0.285000 1.538338
v 4.536933 0.213825 1.527806
v 4.525356 0.147500 1.496927
v 4.506941 0.090545 1.447806
v 4.482941 0.046843 1.383791
v 4.454992 0.019370 1.309244
v 4.425000 0.550629 1.313361
v 4.425000 0.523157 1.391744
v 4.425000 0.479454 1.459054
v 4.425000 0.422500 1.510703
v 4.425000 0.356175 1.543170
v 4.425000 0.285000 1.554245
v 4.425000 0.213825 1.543170
v 4.425000 0.147500 1.510703
v 4.425000 0.090545 1.459054
v 4.425000 0.046843 1.391744
v 4.425000 0.019370 1.313361
v 4.395008 0.550629 1.309244
v 4.367060 0.523157 1.383791
v 4.343060 0.479454 1.447806
v 4.324644 0.422500 1.496927
v 4.313067 0.356175 1.527806
v 4.309118 0.285000 1.538338
v 4.313067 0.213825 1.527806
v 4.324644 0.147500 1.496927
v 4.343060 0.090545 1.447806
v 4.367060 0.046843 1.383791
v 4.395008 0.019370 1.309244
v 4.367951 0.550629 1.297296
v 4.314790 0.523157 1.360710
v 4.269140 0.479454 1.415164
v 4.234111 0.422500 1.456949
v 4.212091 0.356175 1.483216
v 4.204580 0.285000 1.492175
v 4.212091 0.213825 1.483216
v 4.234111 0.147500 1.456949
v 4.269140 0.090545 1.415164
v 4.314790 0.046843 1.360710
v 4.367951 0.019370 1.297296
v 4.425000 0.560000 1.229244
v 4.346479 0.550629 1.278687
v 4.273309 0.523157 1.324759
v 4.210477 0.479454 1.364323
v 4.162264 0.422500 1.394681
v 4.131956 0.356175 1.413766
v 4.121618 0.285000 1.420275
v 4.131956 0.213825 1.413766
v 4.162264 0.147500 1.394681
v 4.210477 0.090545 1.364323
v 4.273309 0.046843 1.324759
v 4.346479 0.019370 1.278687
v 4.332693 0.550629 1.255238
v 4.246676 0.523157 1.279460
v 4.172813 0.479454 1.300260
v 4.116136 0.422500 1.316220
v 4.080506 0.356175 1.326253
v 4.068354 0.285000 1.329675
v 4.080506 0.213825 1.326253
v 4.116136 0.147500 1.316220
v 4.172813 0.090545 1.300260
v 4.246676 0.046843 1.279460
v 4.332693 0.019370 1.255238
v 4.327943 0.550629 1.229244
v 4.237500 0.523157 1.229244
v 4.159835 0.479454 1.229244
v 4.100241 0.422500 1.229244
v 4.062778 0.356175 1.229244
v 4.050000 0.285000 1.229244
v 4.062778 0.213825 1.229244
v 4.100241 0.147500 1.229244
v 4.159835 0.090545 1.229244
v 4.237500 0.046843 1.229244
v 4.327943 0.019370 1.229244
v 4.332693 0.550629 1.203251
v 4.246676 0.523157 1.179029
v 4.172813 0.479454 1.158229
v 4.116136 0.422500 1.142269
v 4.080506 0.356175 1.132236
v 4.068354 0.285000 1.128814
v 4.080506 0.213825 1.132236
v 4.116136 0.147500 1.142269
v 4.172813 0.090545 1.158229
v 4.246676 0.046843 1.179029
v 4.332693 0.019370 1.203251
v 4.346479 0.550629 1.179802
v 4.273309 0.523157 1.133729
v 4.210477 0.479454 1.094166
v 4.162264 0.422500 1.063807
v 4.131956 0.356175 1.044723
v 4.121618 0.285000 1.038214
v 4.131956 0.213825 1.044723
v 4.162264 0.147500 1.063807
v 4.210477 0.090545 1.094166
v 4.273309 0.046843 1.133729
v 4.346479 0.019370 1.179802
v 4.367951 0.550629 1.161193
v 4.314790 0.523157 1.097779
v 4.269140 0.479454 1.043324
v 4.234111 0.422500 1.001540
v 4.212091 0.356175 0.975273
v 4.204580 0.285000 0.966314
v 4.212091 0.213825 0.975273
v 4.234111 0.147500 1.001540
v 4.269140 0.090545 1.043324
v 4.314790 0.046843 1.097779
v 4.367951 0.019370 1.161193
v 4.395008 0.550629 1.149245
v 4.367060 0.523157 1.074698
v 4.343060 0.479454 1.010682
v 4.324644 0.422500 0.961562
v 4.313067 0.356175 0.930683
v 4.309118 0.285000 0.920151
v 4.313067 0.213825 0.930683
v 4.324644 0.147500 0.961562
v 4.343060 0.090545 1.010682
v 4.367060 0.046843 1.074698
v 4.395008 0.019370 1.149245
v 4.425000 0.479454 0.999435
v 4.425000 0.422500 0.947786
v 4.425000 0.356175 0.915318
v 4.425000 0.213825 0.915318
v 4.425000 0.147500 0.947786
v 4.425000 0.090545 0.999435
v 4.425000 0.019370 1.145128
v 4.974999 0.462333 1.008069
v 4.974999 0.439856 0.941744
v 4.974999 0.245000 0.804244
v 4.974999 0.050144 0.941744
v 4.998994 0.462333 1.011553
v 5.021352 0.439856 0.948474
v 5.040552 0.404099 0.894307
v 5.055285 0.357500 0.852744
v 5.064546 0.303234 0.826616
v 5.067705 0.245000 0.817704
v 5.064546 0.186765 0.826616
v 5.055285 0.132500 0.852744
v 5.040552 0.085901 0.894307
v 5.021352 0.050144 0.948474
v 4.998994 0.027666 1.011553
v 5.020638 0.462333 1.021662
v 5.063168 0.439856 0.968004
v 5.099688 0.404099 0.921927
v 5.127711 0.357500 0.886571
v 5.145327 0.303234 0.864345
v 5.151336 0.245000 0.856765
v 5.145327 0.186765 0.864345
v 5.127711 0.132500 0.886571
v 5.099688 0.085901 0.921927
v 5.063168 0.050144 0.968004
v 5.020638 0.027666 1.021662
v 5.037817 0.462333 1.037409
v 5.096353 0.439856 0.998424
v 5.146618 0.404099 0.964947
v 5.185188 0.357500 0.939259
v 5.209435 0.303234 0.923111
v 5.217705 0.245000 0.917603
v 5.209435 0.186765 0.923111
v 5.185188 0.132500 0.939259
v 5.146618 0.085901 0.964947
v 5.096353 0.050144 0.998424
v 5.037817 0.027666 1.037409
v 5.048845 0.462333 1.057250
v 5.117659 0.439856 1.036754
v 5.176749 0.404099 1.019155
v 5.222092 0.357500 1.005650
v 5.250595 0.303234 0.997160
v 5.260317 0.245000 0.994265
v 5.250595 0.186765 0.997160
v 5.222092 0.132500 1.005650
v 5.176749 0.085901 1.019155
v 5.117659 0.050144 1.036754
v 5.048845 0.027666 1.057250
v 4.974999 0.020000 1.079244
v 5.052646 0.462333 1.079244
v 5.125000 0.439856 1.079244
v 5.187132 0.404099 1.079244
v 5.234807 0.357500 1.079244
v 5.264777 0.303234 1.079244
v 5.275000 0.245000 1.079244
v 5.264777 0.186765 1.079244
v 5.234807 0.132500 1.079244
v 5.187132 0.085901 1.079244
v 5.125000 0.050144 1.079244
v 5.052646 0.027666 1.079244
v 5.048845 0.462333 1.101239
v 5.117659 0.439856 1.121734
v 5.176749 0.404099 1.139334
v 5.222092 0.357500 1.152839
v 5.250595 0.303234 1.161328
v 5.260317 0.245000 1.164224
v 5.250595 0.186765 1.161328
v 5.222092 0.132500 1.152839
v 5.176749 0.085901 1.139334
v 5.117659 0.050144 1.121734
v 5.048845 0.027666 1.101239
v 5.037817 0.462333 1.121080
v 5.096353 0.439856 1.160065
v 5.146618 0.404099 1.193542
v 5.185188 0.357500 1.219230
v 5.209435 0.303234 1.235378
v 5.217705 0.245000 1.240885
v 5.209435 0.186765 1.235378
v 5.185188 0.132500 1.219230
v 5.146618 0.085901 1.193542
v 5.096353 0.050144 1.160065
v 5.037817 0.027666 1.121080
v 5.020638 0.462333 1.136826
v 5.063168 0.439856 1.190484
v 5.099688 0.404099 1.236561
v 5.127711 0.357500 1.271917
v 5.145327 0.303234 1.294143
v 5.151336 0.245000 1.301724
v 5.145327 0.186765 1.294143
v 5.127711 0.132500 1.271917
v 5.099688 0.085901 1.236561
v 5.063168 0.050144 1.190484
v 5.020638 0.027666 1.136826
v 4.998994 0.462333 1.146936
v 5.021352 0.439856 1.210015
v 5.040552 0.404099 1.264181
v 5.055285 0.357500 1.305745
v 5.064546 0.303234 1.331873
v 5.067705 0.245000 1.340785
v 5.064546 0.186765 1.331873
v 5.055285 0.132500 1.305745
v 5.040552 0.085901 1.264181
v 5.021352 0.050144 1.210015
v 4.998994 0.027666 1.146936
v 4.974999 0.462333 1.150420
v 4.974999 0.439856 1.216744
v 4.974999 0.404099 1.273699
v 4.974999 0.357500 1.317401
v 4.974999 0.303234 1.344874
v 4.974999 0.245000 1.354244
v 4.974999 0.186765 1.344874
v 4.974999 0.132500 1.317401
v 4.974999 0.085901 1.273699
v 4.974999 0.050144 1.216744
v 4.974999 0.027666 1.150420
v 4.951006 0.462333 1.146936
v 4.928647 0.439856 1.210015
v 4.909448 0.404099 1.264181
v 4.894715 0.357500 1.305745
v 4.885453 0.303234 1.331873
v 4.882295 0.245000 1.340785
v 4.885453 0.186765 1.331873
v 4.894715 0.132500 1.305745
v 4.909448 0.085901 1.264181
v 4.928647 0.050144 1.210015
v 4.951006 0.027666 1.146936
v 4.929360 0.462333 1.136826
v 4.886832 0.439856 1.190484
v 4.850311 0.404099 1.236561
v 4.822289 0.357500 1.271917
v 4.804672 0.303234 1.294143
v 4.798664 0.245000 1.301724
v 4.804672 0.186765 1.294143
v 4.822289 0.132500 1.271917
v 4.850311 0.085901 1.236561
v 4.886832 0.050144 1.190484
v 4.929360 0.027666 1.136826
v 4.974999 0.470000 1.079244
v 4.912183 0.462333 1.121080
v 4.853647 0.439856 1.160065
v 4.803382 0.404099 1.193542
v 4.764812 0.357500 1.219230
v 4.740564 0.303234 1.235378
v 4.732295 0.245000 1.240885
v 4.740564 0.186765 1.235378
v 4.764812 0.132500 1.219230
v 4.803382 0.085901 1.193542
v 4.853647 0.050144 1.160065
v 4.912183 0.027666 1.121080
v 4.901155 0.462333 1.101239
v 4.832341 0.439856 1.121734
v 4.773251 0.404099 1.139334
v 4.727908 0.357500 1.152839
v 4.699405 0.303234 1.161328
v 4.689683 0.245000 1.164224
v 4.699405 0.186765 1.161328
v 4.727908 0.132500 1.152839
v 4.773251 0.085901 1.139334
v 4.832341 0.050144 1.121734
v 4.901155 0.027666 1.101239
v 4.897354 0.462333 1.079244
v 4.825000 0.439856 1.079244
v 4.762868 0.404099 1.079244
v 4.715192 0.357500 1.079244
v 4.685222 0.303234 1.079244
v 4.675000 0.245000 1.079244
v 4.685222 0.186765 1.079244
v 4.715192 0.132500 1.079244
v 4.762868 0.085901 1.079244
v 4.825000 0.050144 1.079244
v 4.897354 0.027666 1.079244
v 4.901155 0.462333 1.057250
v 4.832341 0.439856 1.036754
v 4.773251 0.404099 1.019155
v 4.727908 0.357500 1.005650
v 4.699405 0.303234 0.997160
v 4.689683 0.245000 0.994265
v 4.699405 0.186765 0.997160
v 4.727908 0.132500 1.005650
v 4.773251 0.085901 1.019155
v 4.832341 0.050144 1.036754
v 4.901155 0.027666 1.057250
v 4.912183 0.462333 1.037409
v 4.853647 0.439856 0.998424
v 4.803382 0.404099 0.964947
v 4.764812 0.357500 0.939259
v 4.740564 0.303234 0.923111
v 4.732295 0.245000 0.917603
v 4.740564 0.186765 0.923111
v 4.764812 0.132500 0.939259
v 4.803382 0.085901 0.964947
v 4.853647 0.050144 0.998424
v 4.912183 0.027666 1.037409
v 4.929360 0.462333 1.021662
v 4.886832 0.439856 0.968004
v 4.850311 0.404099 0.921927
v 4.822289 0.357500 0.886571
v 4.804672 0.303234 0.864345
v 4.798664 0.245000 0.856765
v 4.804672 0.186765 0.864345
v 4.822289 0.132500 0.886571
v 4.850311 0.085901 0.921927
v 4.886832 0.050144 0.968004
v 4.929360 0.027666 1.021662
v 4.951006 0.462333 1.011553
v 4.928647 0.439856 0.948474
v 4.909448 0.404099 0.894307
v 4.894715 0.357500 0.852744
v 4.885453 0.303234 0.826615
v 4.882295 0.245000 0.817704
v 4.885453 0.186765 0.826615
v 4.894715 0.132500 0.852744
v 4.909448 0.085901 0.894307
v 4.928647 0.050144 0.948474
v 4.951006 0.027666 1.011553
v 4.974999 0.404099 0.884790
v 4.974999 0.357500 0.841087
v 4.974999 0.303234 0.813615
v 4.974999 0.186765 0.813615
v 4.974999 0.132500 0.841087
v 4.974999 0.085901 0.884790
v 4.974999 0.027666 1.008069
v 3.232989 0.005000 2.078212
v 3.232989 0.385000 2.078212
v 3.093931 0.005000 1.650236
v 3.093931 0.385000 1.650236
v 3.756069 0.005000 1.908252
v 3.756069 0.385000 1.908252
v 3.617012 0.005000 1.480277
v 3.617012 0.385000 1.480277
vn -1.0000 -0.0000 -0.0000
vn -0.0000 -0.0000 -1.0000
vn 1.0000 -0.0000 -0.0000
vn -0.0000 -0.0000 1.0000
vn -0.0000 -1.0000 -0.0000
vn -0.0000 1.0000 -0.0000
vn -0.0000 0.0001 1.0000
vn -0.0000 -0.0001 1.0000
vn -0.0000 -0.0004 1.0000
vn -0.0000 -0.0001 -1.0000
vn 0.0330 0.3117 -0.9496
vn 0.0691 0.3063 -0.9494
vn 0.0343 0.1523 -0.9877
vn 0.0164 0.1552 -0.9877
vn 0.0622 0.5875 -0.8068
vn 0.1300 0.5766 -0.8066
vn 0.0854 0.8060 -0.5857
vn 0.1783 0.7908 -0.5855
vn 0.1002 0.9462 -0.3078
vn 0.2093 0.9282 -0.3077
vn 0.1050 0.9914 -0.0783
vn 0.2193 0.9725 -0.0784
vn 0.1050 0.9914 0.0783
vn 0.2193 0.9725 0.0784
vn 0.1002 0.9462 0.3078
vn 0.2093 0.9282 0.3078
vn 0.0854 0.8060 0.5857
vn 0.1783 0.7907 0.5856
vn 0.0622 0.5875 0.8068
vn 0.1300 0.5766 0.8066
vn 0.0330 0.3118 0.9496
vn 0.0691 0.3064 0.9494
vn 0.0164 0.1553 0.9877
vn 0.0343 0.1522 0.9878
vn 0.1077 0.2955 -0.9493
vn 0.0535 0.1467 -0.9877
vn 0.2026 0.5555 -0.8064
vn 0.2778 0.7617 -0.5854
vn 0.3260 0.8939 -0.3076
vn 0.3416 0.9366 -0.0785
vn 0.3416 0.9366 0.0784
vn 0.3260 0.8939 0.3077
vn 0.2778 0.7616 0.5854
vn 0.2026 0.5556 0.8064
vn 0.1078 0.2955 0.9493
vn 0.0535 0.1466 0.9878
vn 0.1476 0.2781 -0.9491
vn 0.0732 0.1380 -0.9877
vn 0.2773 0.5224 -0.8063
vn 0.3801 0.7162 -0.5854
vn 0.4461 0.8405 -0.3076
vn 0.4674 0.8806 -0.0784
vn 0.4674 0.8806 0.0784
vn 0.4461 0.8405 0.3076
vn 0.3801 0.7162 0.5854
vn 0.2773 0.5225 0.8063
vn 0.1476 0.2781 0.9492
vn 0.0731 0.1378 0.9878
vn 0.1865 0.2539 -0.9491
vn 0.0925 0.1259 -0.9877
vn 0.3503 0.4767 -0.8063
vn 0.4801 0.6534 -0.5853
vn 0.5634 0.7668 -0.3076
vn 0.5903 0.8034 -0.0784
vn 0.5903 0.8034 0.0784
vn 0.5634 0.7668 0.3076
vn 0.4801 0.6533 0.5854
vn 0.3503 0.4767 0.8062
vn 0.1865 0.2538 0.9491
vn 0.0924 0.1256 0.9878
vn 0.2223 0.2233 -0.9491
vn 0.1102 0.1106 -0.9877
vn 0.4174 0.4193 -0.8062
vn 0.5721 0.5746 -0.5853
vn 0.6714 0.6743 -0.3076
vn 0.7034 0.7065 -0.0784
vn 0.7034 0.7064 0.0784
vn 0.6714 0.6743 0.3077
vn 0.5721 0.5746 0.5853
vn 0.4175 0.4192 0.8062
vn 0.2223 0.2233 0.9491
vn 0.1101 0.1106 0.9878
vn 0.2529 0.1878 -0.9491
vn 0.1254 0.0931 -0.9877
vn 0.4750 0.3526 -0.8062
vn 0.6510 0.4833 -0.5853
vn 0.7640 0.5671 -0.3077
vn 0.8005 0.5942 -0.0785
vn 0.8005 0.5942 0.0785
vn 0.7640 0.5671 0.3078
vn 0.6510 0.4833 0.5854
vn 0.4751 0.3526 0.8062
vn 0.2529 0.1878 0.9491
vn 0.1252 0.0931 0.9878
vn 0.2771 0.1493 -0.9492
vn 0.1375 0.0741 -0.9877
vn 0.5207 0.2805 -0.8064
vn 0.7138 0.3845 -0.5854
vn 0.8377 0.4512 -0.3077
vn 0.8777 0.4727 -0.0785
vn 0.8777 0.4727 0.0785
vn 0.8377 0.4511 0.3077
vn 0.7138 0.3844 0.5854
vn 0.5208 0.2805 0.8063
vn 0.2772 0.1493 0.9492
vn 0.1374 0.0740 0.9878
vn 0.2946 0.1099 -0.9493
vn 0.1464 0.0545 -0.9877
vn 0.5540 0.2066 -0.8065
vn 0.7596 0.2833 -0.5854
vn 0.8915 0.3325 -0.3077
vn 0.9341 0.3483 -0.0785
vn 0.9341 0.3483 0.0785
vn 0.8915 0.3324 0.3077
vn 0.7596 0.2832 0.5855
vn 0.5540 0.2066 0.8065
vn 0.2946 0.1099 0.9493
vn 0.1462 0.0546 0.9877
vn 0.3059 0.0713 -0.9494
vn 0.1522 0.0354 -0.9877
vn 0.5757 0.1341 -0.8066
vn 0.7894 0.1839 -0.5856
vn 0.9266 0.2159 -0.3078
vn 0.9709 0.2262 -0.0785
vn 0.9709 0.2262 0.0785
vn 0.9266 0.2159 0.3079
vn 0.7894 0.1840 0.5857
vn 0.5757 0.1341 0.8066
vn 0.3059 0.0713 0.9494
vn 0.1520 0.0355 0.9877
vn 0.3119 0.0346 -0.9495
vn 0.1554 0.0172 -0.9877
vn 0.5873 0.0651 -0.8067
vn 0.8055 0.0893 -0.5858
vn 0.9456 0.1049 -0.3080
vn 0.9908 0.1099 -0.0784
vn 0.9908 0.1099 0.0784
vn 0.9456 0.1049 0.3080
vn 0.8055 0.0893 0.5858
vn 0.5874 0.0651 0.8067
vn 0.3119 0.0346 0.9495
vn 0.1552 0.0172 0.9877
vn 0.3137 -0.0006 -0.9495
vn 0.1564 -0.0003 -0.9877
vn 0.5909 -0.0011 -0.8068
vn 0.8105 -0.0016 -0.5857
vn 0.9514 -0.0018 -0.3080
vn 0.9969 -0.0019 -0.0785
vn 0.9969 -0.0019 0.0785
vn 0.9514 -0.0018 0.3081
vn 0.8105 -0.0016 0.5858
vn 0.5909 -0.0011 0.8067
vn 0.3137 -0.0006 0.9495
vn 0.1562 -0.0003 0.9877
vn 0.3118 -0.0372 -0.9494
vn 0.1552 -0.0185 -0.9877
vn 0.5870 -0.0700 -0.8066
vn 0.8050 -0.0959 -0.5855
vn 0.9447 -0.1126 -0.3079
vn 0.9899 -0.1180 -0.0785
vn 0.9899 -0.1180 0.0785
vn 0.9447 -0.1126 0.3080
vn 0.8049 -0.0959 0.5856
vn 0.5870 -0.0700 0.8065
vn 0.3118 -0.0372 0.9494
vn 0.1550 -0.0185 0.9877
vn 0.3050 -0.0766 -0.9493
vn 0.1515 -0.0381 -0.9877
vn 0.5735 -0.1441 -0.8065
vn 0.7863 -0.1976 -0.5854
vn 0.9228 -0.2319 -0.3077
vn 0.9669 -0.2430 -0.0785
vn 0.9669 -0.2430 0.0785
vn 0.9228 -0.2319 0.3078
vn 0.7863 -0.1976 0.5855
vn 0.5735 -0.1441 0.8064
vn 0.3050 -0.0766 0.9493
vn 0.1514 -0.0380 0.9877
vn 0.2920 -0.1178 -0.9491
vn 0.1449 -0.0585 -0.9877
vn 0.5485 -0.2214 -0.8063
vn 0.7518 -0.3035 -0.5853
vn 0.8823 -0.3562 -0.3076
vn 0.9244 -0.3732 -0.0784
vn 0.9244 -0.3732 0.0784
vn 0.8823 -0.3562 0.3076
vn 0.7518 -0.3035 0.5854
vn 0.5485 -0.2214 0.8063
vn 0.2919 -0.1178 0.9492
vn 0.1447 -0.0584 0.9878
vn 0.2719 -0.1591 -0.9491
vn 0.1348 -0.0788 -0.9877
vn 0.5106 -0.2987 -0.8063
vn 0.6999 -0.4094 -0.5853
vn 0.8213 -0.4805 -0.3075
vn 0.8605 -0.5034 -0.0784
vn 0.8605 -0.5034 0.0784
vn 0.8213 -0.4805 0.3075
vn 0.6998 -0.4094 0.5853
vn 0.5106 -0.2988 0.8062
vn 0.2719 -0.1591 0.9491
vn 0.1346 -0.0787 0.9878
vn 0.2450 -0.1982 -0.9491
vn 0.1214 -0.0982 -0.9877
vn 0.4599 -0.3720 -0.8062
vn 0.6304 -0.5100 -0.5852
vn 0.7398 -0.5985 -0.3075
vn 0.7751 -0.6270 -0.0784
vn 0.7751 -0.6270 0.0784
vn 0.7398 -0.5984 0.3075
vn 0.6304 -0.5100 0.5853
vn 0.4600 -0.3721 0.8062
vn 0.2450 -0.1982 0.9490
vn 0.1213 -0.0981 0.9878
vn 0.2122 -0.2329 -0.9491
vn 0.1051 -0.1155 -0.9877
vn 0.3984 -0.4373 -0.8063
vn 0.5460 -0.5994 -0.5853
vn 0.6407 -0.7034 -0.3076
vn 0.6713 -0.7370 -0.0784
vn 0.6713 -0.7370 0.0784
vn 0.6407 -0.7034 0.3076
vn 0.5460 -0.5994 0.5853
vn 0.3984 -0.4374 0.8062
vn 0.2122 -0.2329 0.9491
vn 0.1050 -0.1153 0.9878
vn 0.1753 -0.2616 -0.9491
vn 0.0870 -0.1298 -0.9877
vn 0.3293 -0.4913 -0.8063
vn 0.4514 -0.6735 -0.5854
vn 0.5298 -0.7904 -0.3076
vn 0.5551 -0.8281 -0.0784
vn 0.5551 -0.8281 0.0784
vn 0.5298 -0.7904 0.3076
vn 0.4514 -0.6735 0.5854
vn 0.3293 -0.4914 0.8063
vn 0.1753 -0.2616 0.9491
vn 0.0869 -0.1296 0.9878
vn 0.1368 -0.2833 -0.9492
vn 0.0679 -0.1407 -0.9877
vn 0.2571 -0.5325 -0.8064
vn 0.3525 -0.7301 -0.5854
vn 0.4137 -0.8569 -0.3076
vn 0.4334 -0.8978 -0.0783
vn 0.4334 -0.8978 0.0783
vn 0.4137 -0.8569 0.3076
vn 0.3525 -0.7300 0.5855
vn 0.2571 -0.5325 0.8064
vn 0.1368 -0.2833 0.9492
vn 0.0679 -0.1406 0.9877
vn 0.0987 -0.2982 -0.9494
vn 0.0491 -0.1484 -0.9877
vn 0.1857 -0.5612 -0.8066
vn 0.2547 -0.7696 -0.5855
vn 0.2989 -0.9033 -0.3077
vn 0.3132 -0.9465 -0.0783
vn 0.3132 -0.9464 0.0783
vn 0.2990 -0.9033 0.3077
vn 0.2547 -0.7696 0.5856
vn 0.1857 -0.5612 0.8066
vn 0.0987 -0.2982 0.9494
vn 0.0490 -0.1483 0.9877
vn 0.0627 -0.3074 -0.9495
vn 0.0313 -0.1532 -0.9877
vn 0.1181 -0.5789 -0.8068
vn 0.1621 -0.7941 -0.5857
vn 0.1903 -0.9323 -0.3077
vn 0.1994 -0.9768 -0.0783
vn 0.1994 -0.9768 0.0783
vn 0.1903 -0.9323 0.3077
vn 0.1621 -0.7941 0.5857
vn 0.1182 -0.5789 0.8068
vn 0.0627 -0.3073 0.9495
vn 0.0312 -0.1529 0.9877
vn 0.0298 -0.3119 -0.9497
vn 0.0149 -0.1557 -0.9877
vn 0.0562 -0.5878 -0.8070
vn 0.0772 -0.8067 -0.5859
vn 0.0906 -0.9471 -0.3078
vn 0.0949 -0.9924 -0.0783
vn 0.0949 -0.9924 0.0783
vn 0.0906 -0.9471 0.3078
vn 0.0772 -0.8067 0.5859
vn 0.0562 -0.5879 0.8070
vn 0.0298 -0.3118 0.9497
vn 0.0149 -0.1554 0.9877
vn 0.0071 -0.3109 -0.9504
vn 0.0036 -0.1564 -0.9877
vn 0.0134 -0.5889 -0.8081
vn 0.0184 -0.8095 -0.5868
vn 0.0216 -0.9510 -0.3084
vn 0.0226 -0.9967 -0.0784
vn 0.0226 -0.9967 0.0784
vn 0.0216 -0.9510 0.3084
vn 0.0184 -0.8095 0.5868
vn 0.0134 -0.5890 0.8080
vn 0.0071 -0.3109 0.9504
vn 0.0036 -0.1563 0.9877
vn 0.1204 -0.1204 -0.9854
vn 0.0788 -0.0788 -0.9938
vn 0.2882 -0.2881 -0.9132
vn 0.4665 -0.4667 -0.7514
vn 0.6320 -0.6320 -0.4485
vn 0.7024 -0.7023 -0.1157
vn 0.7024 -0.7023 0.1157
vn 0.6320 -0.6320 0.4485
vn 0.4665 -0.4666 0.7514
vn 0.2882 -0.2882 0.9132
vn 0.1203 -0.1203 0.9854
vn 0.0787 -0.0786 0.9938
vn 0.1980 -0.1980 -0.9600
vn 0.3608 -0.3610 -0.8599
vn 0.5227 -0.5226 -0.6736
vn 0.6543 -0.6543 -0.3791
vn 0.7032 -0.7032 -0.1048
vn 0.7032 -0.7032 0.1048
vn 0.6543 -0.6543 0.3791
vn 0.5226 -0.5225 0.6736
vn 0.3608 -0.3610 0.8599
vn 0.1981 -0.1980 0.9600
vn -0.1980 -0.1980 -0.9600
vn -0.0787 -0.0788 -0.9938
vn -0.3609 -0.3610 -0.8599
vn -0.5226 -0.5226 -0.6736
vn -0.6542 -0.6543 -0.3793
vn -0.7032 -0.7032 -0.1049
vn -0.7032 -0.7032 0.1049
vn -0.6542 -0.6543 0.3793
vn -0.5226 -0.5226 0.6737
vn -0.3609 -0.3610 0.8599
vn -0.1981 -0.1980 0.9600
vn -0.0787 -0.0786 0.9938
vn -0.1980 0.1980 -0.9600
vn -0.0787 0.0786 -0.9938
vn -0.3609 0.3610 -0.8599
vn -0.5226 0.5226 -0.6736
vn -0.6542 0.6543 -0.3793
vn -0.7032 0.7032 -0.1049
vn -0.7032 0.7032 0.1049
vn -0.6542 0.6543 0.3793
vn -0.5226 0.5225 0.6737
vn -0.3609 0.3610 0.8599
vn -0.1981 0.1981 0.9600
vn -0.0787 0.0787 0.9938
vn 0.0078 0.3110 -0.9504
vn 0.0039 0.1562 -0.9877
vn 0.0148 0.5891 -0.8079
vn 0.0204 0.8095 -0.5867
vn 0.0240 0.9510 -0.3083
vn 0.0251 0.9966 -0.0784
vn 0.0251 0.9966 0.0784
vn 0.0240 0.9510 0.3083
vn 0.0204 0.8095 0.5867
vn 0.0148 0.5892 0.8079
vn 0.0078 0.3112 0.9503
vn 0.0039 0.1564 0.9877
vn -0.0070 0.3069 -0.9517
vn -0.0288 0.3030 -0.9526
vn -0.0148 0.1558 -0.9877
vn -0.0036 0.1567 -0.9876
vn -0.0134 0.5860 -0.8102
vn -0.0552 0.5815 -0.8117
vn -0.0184 0.8079 -0.5890
vn -0.0764 0.8034 -0.5906
vn -0.0217 0.9506 -0.3097
vn -0.0899 0.9462 -0.3108
vn -0.0227 0.9966 -0.0786
vn -0.0943 0.9924 -0.0788
vn -0.0227 0.9966 0.0786
vn -0.0943 0.9924 0.0788
vn -0.0217 0.9506 0.3098
vn -0.0899 0.9462 0.3108
vn -0.0184 0.8079 0.5890
vn -0.0763 0.8034 0.5906
vn -0.0134 0.5861 0.8101
vn -0.0553 0.5815 0.8116
vn -0.0070 0.3069 0.9517
vn -0.0288 0.3029 0.9526
vn -0.0036 0.1564 0.9877
vn -0.0148 0.1555 0.9877
vn -0.0598 0.2978 -0.9527
vn -0.0308 0.1533 -0.9877
vn -0.1150 0.5722 -0.8120
vn -0.1589 0.7910 -0.5909
vn -0.1872 0.9318 -0.3110
vn -0.1964 0.9774 -0.0788
vn -0.1964 0.9774 0.0788
vn -0.1872 0.9318 0.3110
vn -0.1589 0.7909 0.5909
vn -0.1150 0.5723 0.8119
vn -0.0598 0.2978 0.9528
vn -0.0308 0.1532 0.9877
vn -0.0932 0.2885 -0.9529
vn -0.0481 0.1488 -0.9877
vn -0.1793 0.5549 -0.8124
vn -0.2480 0.7674 -0.5913
vn -0.2922 0.9043 -0.3112
vn -0.3066 0.9486 -0.0789
vn -0.3065 0.9486 0.0789
vn -0.2922 0.9043 0.3113
vn -0.2480 0.7674 0.5913
vn -0.1793 0.5550 0.8123
vn -0.0932 0.2885 0.9529
vn -0.0480 0.1486 0.9877
vn -0.1284 0.2741 -0.9531
vn -0.0663 0.1416 -0.9877
vn -0.2471 0.5276 -0.8128
vn -0.3419 0.7301 -0.5917
vn -0.4030 0.8606 -0.3115
vn -0.4228 0.9028 -0.0789
vn -0.4228 0.9028 0.0789
vn -0.4030 0.8605 0.3115
vn -0.3419 0.7301 0.5917
vn -0.2471 0.5277 0.8127
vn -0.1283 0.2741 0.9531
vn -0.0662 0.1414 0.9877
vn -0.1640 0.2536 -0.9533
vn -0.0848 0.1312 -0.9877
vn -0.3162 0.4888 -0.8131
vn -0.4377 0.6767 -0.5921
vn -0.5160 0.7978 -0.3117
vn -0.5414 0.8371 -0.0789
vn -0.5414 0.8371 0.0789
vn -0.5160 0.7978 0.3117
vn -0.4377 0.6767 0.5921
vn -0.3162 0.4889 0.8130
vn -0.1640 0.2536 0.9533
vn -0.0847 0.1311 0.9877
vn -0.1987 0.2269 -0.9534
vn -0.1029 0.1175 -0.9877
vn -0.3833 0.4377 -0.8133
vn -0.5308 0.6061 -0.5923
vn -0.6259 0.7148 -0.3119
vn -0.6567 0.7500 -0.0790
vn -0.6567 0.7500 0.0790
vn -0.6259 0.7148 0.3120
vn -0.5308 0.6061 0.5924
vn -0.3834 0.4378 0.8133
vn -0.1987 0.2269 0.9534
vn -0.1028 0.1175 0.9877
vn -0.2304 0.1943 -0.9535
vn -0.1194 0.1007 -0.9877
vn -0.4446 0.3749 -0.8135
vn -0.6159 0.5193 -0.5925
vn -0.7263 0.6124 -0.3121
vn -0.7621 0.6426 -0.0791
vn -0.7621 0.6426 0.0791
vn -0.7263 0.6125 0.3121
vn -0.6158 0.5193 0.5925
vn -0.4447 0.3750 0.8134
vn -0.2304 0.1943 0.9535
vn -0.1192 0.1007 0.9877
vn -0.2573 0.1570 -0.9535
vn -0.1333 0.0813 -0.9877
vn -0.4965 0.3029 -0.8135
vn -0.6877 0.4196 -0.5925
vn -0.8110 0.4948 -0.3120
vn -0.8510 0.5192 -0.0790
vn -0.8510 0.5192 0.0790
vn -0.8110 0.4949 0.3121
vn -0.6877 0.4196 0.5925
vn -0.4966 0.3030 0.8134
vn -0.2573 0.1570 0.9535
vn -0.1332 0.0813 0.9878
vn -0.2782 0.1169 -0.9534
vn -0.1440 0.0605 -0.9877
vn -0.5364 0.2255 -0.8133
vn -0.7427 0.3123 -0.5923
vn -0.8758 0.3683 -0.3119
vn -0.9189 0.3864 -0.0790
vn -0.9189 0.3864 0.0790
vn -0.8758 0.3683 0.3120
vn -0.7427 0.3123 0.5924
vn -0.5365 0.2256 0.8132
vn -0.2781 0.1170 0.9534
vn -0.1438 0.0605 0.9878
vn -0.2924 0.0763 -0.9532
vn -0.1512 0.0394 -0.9877
vn -0.5634 0.1470 -0.8130
vn -0.7798 0.2035 -0.5920
vn -0.9194 0.2399 -0.3117
vn -0.9646 0.2517 -0.0789
vn -0.9646 0.2517 0.0789
vn -0.9194 0.2399 0.3118
vn -0.7798 0.2035 0.5921
vn -0.5635 0.1471 0.8129
vn -0.2924 0.0763 0.9532
vn -0.1510 0.0394 0.9878
vn -0.3005 0.0370 -0.9531
vn -0.1551 0.0191 -0.9877
vn -0.5785 0.0712 -0.8126
vn -0.8002 0.0985 -0.5916
vn -0.9431 0.1161 -0.3114
vn -0.9894 0.1218 -0.0788
vn -0.9894 0.1219 0.0788
vn -0.9431 0.1161 0.3115
vn -0.8002 0.0985 0.5916
vn -0.5785 0.0712 0.8125
vn -0.3005 0.0370 0.9531
vn -0.1549 0.0191 0.9877
vn -0.3039 0.0019 -0.9527
vn -0.1564 0.0010 -0.9877
vn -0.5838 0.0037 -0.8119
vn -0.8068 0.0051 -0.5908
vn -0.9504 0.0060 -0.3109
vn -0.9969 0.0062 -0.0786
vn -0.9969 0.0062 0.0786
vn -0.9504 0.0060 0.3109
vn -0.8068 0.0051 0.5909
vn -0.5839 0.0037 0.8119
vn -0.3039 0.0019 0.9527
vn -0.1562 0.0010 0.9877
vn -0.3029 -0.0291 -0.9526
vn -0.1557 -0.0150 -0.9877
vn -0.5814 -0.0559 -0.8117
vn -0.8033 -0.0772 -0.5906
vn -0.9461 -0.0909 -0.3108
vn -0.9923 -0.0953 -0.0786
vn -0.9923 -0.0953 0.0786
vn -0.9461 -0.0909 0.3108
vn -0.8032 -0.0772 0.5907
vn -0.5815 -0.0559 0.8116
vn -0.3029 -0.0291 0.9526
vn -0.1555 -0.0149 0.9877
vn -0.2977 -0.0603 -0.9528
vn -0.1533 -0.0310 -0.9877
vn -0.5720 -0.1159 -0.8120
vn -0.7906 -0.1602 -0.5910
vn -0.9314 -0.1887 -0.3111
vn -0.9770 -0.1980 -0.0788
vn -0.9770 -0.1980 0.0788
vn -0.9314 -0.1888 0.3112
vn -0.7906 -0.1602 0.5910
vn -0.5721 -0.1160 0.8119
vn -0.2977 -0.0603 0.9528
vn -0.1531 -0.0310 0.9877
vn -0.2881 -0.0941 -0.9530
vn -0.1486 -0.0485 -0.9877
vn -0.5542 -0.1811 -0.8124
vn -0.7665 -0.2505 -0.5914
vn -0.9033 -0.2952 -0.3113
vn -0.9476 -0.3096 -0.0789
vn -0.9476 -0.3096 0.0788
vn -0.9033 -0.2952 0.3114
vn -0.7665 -0.2504 0.5914
vn -0.5543 -0.1811 0.8124
vn -0.2881 -0.0941 0.9530
vn -0.1484 -0.0485 0.9877
vn -0.2730 -0.1300 -0.9532
vn -0.1411 -0.0672 -0.9877
vn -0.5258 -0.2505 -0.8129
vn -0.7277 -0.3466 -0.5918
vn -0.8579 -0.4086 -0.3116
vn -0.9000 -0.4287 -0.0790
vn -0.9000 -0.4287 0.0790
vn -0.8578 -0.4086 0.3117
vn -0.7277 -0.3466 0.5919
vn -0.5259 -0.2505 0.8128
vn -0.2730 -0.1300 0.9532
vn -0.1409 -0.0671 0.9878
vn -0.2514 -0.1668 -0.9534
vn -0.1301 -0.0863 -0.9877
vn -0.4849 -0.3217 -0.8132
vn -0.6714 -0.4454 -0.5922
vn -0.7917 -0.5252 -0.3119
vn -0.8307 -0.5511 -0.0791
vn -0.8307 -0.5511 0.0791
vn -0.7917 -0.5252 0.3120
vn -0.6714 -0.4454 0.5923
vn -0.4850 -0.3217 0.8132
vn -0.2514 -0.1668 0.9534
vn -0.1300 -0.0863 0.9878
vn -0.2231 -0.2026 -0.9535
vn -0.1156 -0.1049 -0.9877
vn -0.4306 -0.3909 -0.8135
vn -0.5964 -0.5414 -0.5926
vn -0.7035 -0.6385 -0.3121
vn -0.7382 -0.6700 -0.0790
vn -0.7382 -0.6700 0.0790
vn -0.7035 -0.6385 0.3121
vn -0.5964 -0.5413 0.5926
vn -0.4306 -0.3909 0.8135
vn -0.2231 -0.2025 0.9535
vn -0.1155 -0.1048 0.9878
vn -0.1886 -0.2348 -0.9536
vn -0.0978 -0.1217 -0.9877
vn -0.3642 -0.4532 -0.8136
vn -0.5045 -0.6278 -0.5927
vn -0.5951 -0.7405 -0.3121
vn -0.6245 -0.7771 -0.0790
vn -0.6245 -0.7770 0.0790
vn -0.5951 -0.7405 0.3122
vn -0.5045 -0.6278 0.5927
vn -0.3642 -0.4533 0.8136
vn -0.1886 -0.2347 0.9536
vn -0.0977 -0.1214 0.9878
vn -0.1499 -0.2614 -0.9535
vn -0.0777 -0.1354 -0.9877
vn -0.2894 -0.5045 -0.8135
vn -0.4008 -0.6987 -0.5926
vn -0.4727 -0.8241 -0.3121
vn -0.4960 -0.8647 -0.0790
vn -0.4960 -0.8647 0.0790
vn -0.4727 -0.8241 0.3121
vn -0.4008 -0.6987 0.5926
vn -0.2894 -0.5045 0.8134
vn -0.1499 -0.2614 0.9535
vn -0.0776 -0.1353 0.9878
vn -0.1095 -0.2813 -0.9533
vn -0.0567 -0.1456 -0.9877
vn -0.2112 -0.5424 -0.8131
vn -0.2924 -0.7509 -0.5922
vn -0.3448 -0.8854 -0.3118
vn -0.3618 -0.9289 -0.0789
vn -0.3618 -0.9289 0.0789
vn -0.3448 -0.8854 0.3118
vn -0.2924 -0.7509 0.5922
vn -0.2112 -0.5425 0.8131
vn -0.1095 -0.2813 0.9533
vn -0.0566 -0.1454 0.9878
vn -0.0700 -0.2944 -0.9531
vn -0.0362 -0.1520 -0.9877
vn -0.1348 -0.5669 -0.8127
vn -0.1865 -0.7843 -0.5917
vn -0.2199 -0.9245 -0.3115
vn -0.2307 -0.9698 -0.0789
vn -0.2307 -0.9698 0.0789
vn -0.2199 -0.9244 0.3115
vn -0.1865 -0.7843 0.5917
vn -0.1349 -0.5669 0.8126
vn -0.0700 -0.2943 0.9531
vn -0.0361 -0.1518 0.9878
vn -0.0333 -0.3016 -0.9528
vn -0.0172 -0.1555 -0.9877
vn -0.0640 -0.5798 -0.8123
vn -0.0885 -0.8016 -0.5912
vn -0.1043 -0.9446 -0.3111
vn -0.1094 -0.9909 -0.0788
vn -0.1094 -0.9909 0.0788
vn -0.1043 -0.9446 0.3112
vn -0.0885 -0.8016 0.5912
vn -0.0640 -0.5798 0.8122
vn -0.0333 -0.3016 0.9529
vn -0.0171 -0.1552 0.9877
vn -0.0080 -0.3066 -0.9518
vn -0.0041 -0.1567 -0.9876
vn -0.0152 -0.5857 -0.8104
vn -0.0210 -0.8077 -0.5892
vn -0.0247 -0.9505 -0.3098
vn -0.0259 -0.9966 -0.0786
vn -0.0259 -0.9966 0.0786
vn -0.0247 -0.9505 0.3098
vn -0.0210 -0.8077 0.5892
vn -0.0152 -0.5858 0.8103
vn -0.0080 -0.3066 0.9518
vn -0.0041 -0.1564 0.9877
vn 0.1204 -0.1205 -0.9854
vn 0.6320 -0.6320 0.4486
vn 0.4665 -0.4666 0.7515
vn 0.2883 -0.2882 0.9132
vn 0.1203 -0.1204 0.9854
vn 0.0787 -0.0787 0.9938
vn 0.1204 0.1204 -0.9854
vn 0.0788 0.0788 -0.9938
vn 0.2882 0.2881 -0.9132
vn 0.4665 0.4666 -0.7514
vn 0.6320 0.6320 -0.4485
vn 0.7024 0.7023 -0.1157
vn 0.7024 0.7023 0.1157
vn 0.6320 0.6320 0.4486
vn 0.4665 0.4666 0.7514
vn 0.2883 0.2882 0.9131
vn 0.1203 0.1204 0.9854
vn 0.0787 0.0787 0.9938
vn -0.1980 -0.1981 -0.9600
vn -0.0788 0.0787 -0.9938
vn -0.0788 -0.0788 -0.9938
vn -0.3610 -0.3610 -0.8599
vn -0.3610 0.3610 -0.8599
vn -0.5225 -0.5227 -0.6736
vn -0.5225 0.5227 -0.6736
vn -0.7032 -0.7032 -0.1050
vn -0.7032 0.7032 -0.1050
vn -0.7032 -0.7032 0.1050
vn -0.7032 0.7032 0.1050
vn -0.6542 -0.6543 0.3794
vn -0.6542 0.6543 0.3794
vn -0.5225 -0.5226 0.6737
vn -0.5225 0.5226 0.6737
vn -0.3610 -0.3609 0.8599
vn -0.3610 0.3609 0.8599
vn -0.1980 -0.1980 0.9600
vn -0.1980 0.1979 0.9600
vn 0.1980 0.1980 -0.9600
vn 0.0787 0.0787 -0.9938
vn 0.3610 0.3610 -0.8599
vn 0.5226 0.5227 -0.6736
vn 0.6543 0.6543 -0.3792
vn 0.7032 0.7032 -0.1049
vn 0.7032 0.7032 0.1049
vn 0.6543 0.6543 0.3793
vn 0.5225 0.5226 0.6737
vn 0.3610 0.3609 0.8599
vn 0.1980 0.1979 0.9600
vn 0.1980 -0.1981 -0.9600
vn 0.0787 -0.0788 -0.9938
vn 0.3610 -0.3610 -0.8599
vn 0.5226 -0.5227 -0.6736
vn 0.6543 -0.6543 -0.3792
vn 0.7032 -0.7032 -0.1049
vn 0.7032 -0.7032 0.1049
vn 0.6543 -0.6543 0.3793
vn 0.5225 -0.5226 0.6737
vn 0.3610 -0.3609 0.8599
vn 0.1980 -0.1980 0.9600
vn 0.1784 0.0905 -0.9798
vn 0.0638 0.0324 -0.9974
vn -0.0787 0.0788 -0.9938
vn -0.3610 0.3610 -0.8598
vn 0.3361 0.1708 -0.9262
vn 0.5392 0.2738 -0.7964
vn -0.6542 0.6543 -0.3794
vn 0.7734 0.3928 -0.4976
vn 0.8810 0.4475 -0.1536
vn 0.8810 0.4474 0.1536
vn 0.7734 0.3928 0.4976
vn -0.5225 0.5226 0.6736
vn 0.5392 0.2739 0.7964
vn -0.3611 0.3610 0.8598
vn 0.3361 0.1708 0.9262
vn -0.1980 0.1980 0.9600
vn 0.1784 0.0905 0.9798
vn -0.0787 0.0788 0.9938
vn 0.0638 0.0325 0.9974
vn 0.0847 0.0430 -0.9955
vn 0.2292 0.1164 -0.9664
vn 0.4173 0.2119 -0.8837
vn 0.6859 0.3483 -0.6389
vn 0.8761 0.4449 -0.1857
vn 0.8761 0.4449 0.1857
vn 0.6859 0.3484 0.6389
vn 0.4173 0.2119 0.8837
vn 0.2292 0.1163 0.9664
vn 0.0847 0.0431 0.9955
vn 0.0788 0.0787 -0.9938
vn 0.3609 0.3609 -0.8599
vn 0.5226 0.5226 -0.6737
vn 0.6543 0.6542 -0.3792
vn 0.7032 0.7032 -0.1048
vn 0.7032 0.7032 0.1048
vn 0.6543 0.6543 0.3792
vn 0.1981 0.1980 0.9600
vn 0.3609 -0.3610 -0.8599
vn 0.5226 -0.5226 -0.6736
vn 0.6543 -0.6542 0.3792
vn 0.5226 -0.5226 0.6736
vn 0.3610 -0.3611 0.8599
vn -0.1783 -0.0906 -0.9798
vn -0.0639 -0.0324 -0.9974
vn -0.3361 -0.1708 -0.9262
vn -0.5393 -0.2738 -0.7964
vn -0.7734 -0.3927 -0.4976
vn -0.8810 -0.4474 -0.1536
vn -0.8810 -0.4475 0.1536
vn -0.7734 -0.3928 0.4976
vn -0.5392 -0.2738 0.7964
vn -0.3361 -0.1708 0.9262
vn -0.1784 -0.0906 0.9798
vn -0.0638 -0.0324 0.9974
vn -0.0848 -0.0430 -0.9955
vn -0.0638 -0.0324 -0.9974
vn -0.2291 -0.1163 -0.9664
vn -0.4173 -0.2120 -0.8837
vn -0.6860 -0.3483 -0.6388
vn -0.8761 -0.4449 -0.1857
vn -0.8761 -0.4449 0.1857
vn -0.6859 -0.3483 0.6389
vn -0.4173 -0.2119 0.8837
vn -0.2292 -0.1164 0.9664
vn -0.0847 -0.0431 0.9955
vn -0.0638 -0.0325 0.9974
vn -0.1979 -0.1980 -0.9600
vn -0.3611 -0.3609 -0.8599
vn -0.5226 -0.5227 -0.6736
vn -0.6542 -0.6543 -0.3794
vn -0.3611 -0.3609 0.8599
vn -0.1980 -0.1981 0.9600
vn -0.0787 -0.0787 0.9938
vn -0.1981 0.1979 -0.9600
vn 0.1783 0.0905 -0.9798
vn -0.0787 0.0787 -0.9938
vn 0.5393 0.2739 -0.7964
vn -0.6543 0.6543 -0.3792
vn 0.8811 0.4474 -0.1536
vn -0.6543 0.6542 0.3793
vn 0.5392 0.2738 0.7964
vn -0.3610 0.3610 0.8599
vn 0.3361 0.1707 0.9262
vn -0.1981 0.1980 0.9600
vn 0.2291 0.1164 -0.9664
vn 0.4174 0.2120 -0.8837
vn 0.6859 0.3483 0.6389
vn 0.3611 0.3610 -0.8599
vn 0.5226 0.5226 -0.6736
vn 0.6542 0.6543 -0.3794
vn 0.7032 0.7032 -0.1050
vn 0.7032 0.7032 0.1050
vn 0.6542 0.6543 0.3794
vn 0.3611 0.3609 0.8599
vn 0.1980 0.1980 0.9600
vn 0.6542 -0.6543 -0.3793
vn 0.7032 -0.7032 -0.1050
vn 0.7032 -0.7032 0.1050
vn 0.6542 -0.6543 0.3794
vn 0.5225 -0.5226 0.6736
vn 0.3611 -0.3610 0.8598
vn 0.1980 -0.1981 0.9600
vn -0.5392 -0.2738 -0.7964
vn -0.7734 -0.3927 -0.4975
vn -0.8810 -0.4475 -0.1536
vn -0.7734 -0.3927 0.4976
vn -0.5392 -0.2739 0.7964
vn -0.3362 -0.1708 0.9262
vn -0.0847 -0.0430 -0.9955
vn -0.2291 -0.1164 -0.9664
vn -0.4174 -0.2120 -0.8837
vn -0.6859 -0.3483 -0.6389
vn -0.8761 -0.4450 -0.1857
vn -0.8761 -0.4450 0.1857
vn -0.1981 -0.1980 -0.9600
vn -0.5225 -0.5226 -0.6737
vn -0.6543 -0.6542 -0.3793
vn -0.6543 -0.6542 0.3793
vn -0.3610 -0.3610 0.8599
vn -0.1981 -0.1981 0.9600
vn -0.1679 -0.2603 -0.9508
vn -0.1183 -0.1835 -0.9759
vn -0.0716 -0.1109 -0.9912
vn -0.0716 -0.1110 -0.9912
vn -0.3035 -0.4707 -0.8284
vn -0.2622 -0.4066 -0.8752
vn -0.4237 -0.6568 -0.6237
vn -0.3971 -0.6158 -0.6805
vn -0.5100 -0.7908 -0.3384
vn -0.5013 -0.7774 -0.3800
vn -0.5398 -0.8369 -0.0901
vn -0.5396 -0.8364 -0.0961
vn -0.5398 -0.8369 0.0901
vn -0.5395 -0.8365 0.0961
vn -0.5100 -0.7908 0.3384
vn -0.5013 -0.7773 0.3801
vn -0.4237 -0.6568 0.6237
vn -0.3971 -0.6157 0.6806
vn -0.3036 -0.4708 0.8284
vn -0.2623 -0.4066 0.8751
vn -0.1679 -0.2603 0.9508
vn -0.1183 -0.1834 0.9759
vn -0.0715 -0.1108 0.9913
vn 0.1190 -0.1803 -0.9764
vn 0.0722 -0.1095 -0.9914
vn 0.2646 -0.4011 -0.8770
vn 0.4021 -0.6092 -0.6835
vn 0.5087 -0.7712 -0.3827
vn 0.5482 -0.8307 -0.0968
vn 0.5482 -0.8307 0.0968
vn 0.5087 -0.7712 0.3827
vn 0.4021 -0.6092 0.6835
vn 0.2647 -0.4012 0.8769
vn 0.1190 -0.1803 0.9764
vn 0.0721 -0.1093 0.9914
vn 0.1700 -0.2577 -0.9511
vn 0.3075 -0.4661 -0.8296
vn 0.4296 -0.6512 -0.6256
vn 0.5180 -0.7849 -0.3399
vn 0.5484 -0.8313 -0.0906
vn 0.5484 -0.8313 0.0906
vn 0.5180 -0.7849 0.3399
vn 0.4296 -0.6512 0.6256
vn 0.3076 -0.4661 0.8296
vn 0.1700 -0.2577 0.9511
vn 0.0722 -0.1093 0.9914
vn -0.1953 -0.1290 -0.9722
vn -0.0726 -0.0479 -0.9962
vn -0.3629 -0.2397 -0.9005
vn -0.5569 -0.3676 -0.7448
vn -0.7477 -0.4938 -0.4439
vn -0.8274 -0.5463 -0.1303
vn -0.8274 -0.5463 0.1303
vn -0.7477 -0.4938 0.4439
vn -0.5568 -0.3676 0.7448
vn -0.3629 -0.2397 0.9005
vn -0.1954 -0.1290 0.9722
vn -0.0725 -0.0479 0.9962
vn -0.1701 0.2576 -0.9512
vn -0.0722 0.1093 -0.9914
vn -0.3076 0.4659 -0.8297
vn -0.4298 0.6510 -0.6257
vn -0.5182 0.7848 -0.3400
vn -0.5487 0.8311 -0.0908
vn -0.5487 0.8311 0.0908
vn -0.5182 0.7848 0.3400
vn -0.4298 0.6510 0.6257
vn -0.3076 0.4659 0.8296
vn -0.1701 0.2577 0.9511
vn -0.0722 0.1093 0.9914
vn 0.1686 0.2594 -0.9509
vn 0.0718 0.1104 -0.9913
vn 0.3049 0.4692 -0.8288
vn 0.4256 0.6551 -0.6243
vn 0.5127 0.7889 -0.3389
vn 0.5427 0.8351 -0.0903
vn 0.5427 0.8351 0.0903
vn 0.5126 0.7889 0.3389
vn 0.4256 0.6551 0.6243
vn 0.3049 0.4693 0.8287
vn 0.1686 0.2596 0.9509
vn 0.0717 0.1103 0.9913
vn 0.1945 -0.1264 -0.9727
vn 0.0721 -0.0469 -0.9963
vn 0.3618 -0.2351 -0.9021
vn 0.5567 -0.3616 -0.7479
vn 0.7501 -0.4874 -0.4469
vn 0.8312 -0.5402 -0.1315
vn 0.8312 -0.5402 0.1315
vn 0.7501 -0.4874 0.4469
vn 0.5566 -0.3616 0.7479
vn 0.3618 -0.2352 0.9021
vn 0.1946 -0.1264 0.9727
vn 0.0721 -0.0468 0.9963
vn -0.1008 0.0655 -0.9927
vn 0.0011 -0.0801 -0.9968
vn 0.0009 -0.0624 -0.9981
vn -0.0722 0.0470 -0.9963
vn -0.2615 0.1699 -0.9501
vn 0.0031 -0.2219 -0.9751
vn -0.4580 0.2973 -0.8378
vn 0.0057 -0.4135 -0.9105
vn -0.6952 0.4514 -0.5595
vn 0.0097 -0.7178 -0.6962
vn -0.8288 0.5382 -0.1528
vn 0.0134 -0.9766 -0.2147
vn -0.8288 0.5382 0.1528
vn 0.0133 -0.9766 0.2146
vn -0.6951 0.4513 0.5596
vn 0.0097 -0.7177 0.6962
vn -0.4580 0.2974 0.8377
vn 0.0057 -0.4134 0.9105
vn -0.2616 0.1699 0.9501
vn 0.0031 -0.2220 0.9750
vn -0.1007 0.0654 0.9928
vn 0.0011 -0.0800 0.9968
vn -0.0721 0.0468 0.9963
vn 0.0009 -0.0623 0.9981
vn 0.1026 0.0687 -0.9923
vn 0.0730 0.0489 -0.9961
vn 0.2649 0.1772 -0.9479
vn 0.4613 0.3086 -0.8318
vn 0.6938 0.4642 -0.5506
vn 0.8218 0.5498 -0.1496
vn 0.8218 0.5498 0.1496
vn 0.6938 0.4641 0.5507
vn 0.4613 0.3086 0.8318
vn 0.2650 0.1773 0.9478
vn 0.1026 0.0686 0.9924
vn 0.0729 0.0487 0.9961
vn -0.4113 0.9115 -0.0000
vn 0.9893 0.1462 -0.0000
vn -0.6158 -0.7879 -0.0000
vn -0.8121 -0.5835 -0.0000
vn 0.8121 0.5835 -0.0000
vn 0.5835 -0.8121 -0.0000
vn -0.5835 0.8121 -0.0000
vn -0.3671 0.6359 -0.6789
vn -0.3671 0.6359 0.6789
vn -0.1900 0.7092 0.6789
vn -0.1900 0.7092 -0.6789
vn -0.0000 0.7342 0.6789
vn -0.0000 0.7342 -0.6789
vn 0.1900 0.7092 0.6789
vn 0.1900 0.7092 -0.6789
vn 0.3671 0.6359 0.6789
vn 0.3671 0.6359 -0.6789
vn 0.5192 0.5192 0.6789
vn 0.5192 0.5192 -0.6789
vn 0.6359 0.3671 0.6789
vn 0.6359 0.3671 -0.6789
vn 0.7092 0.1900 0.6789
vn 0.7092 0.1900 -0.6789
vn 0.7342 -0.0000 0.6789
vn 0.7342 -0.0000 -0.6789
vn 0.7092 -0.1900 0.6789
vn 0.7092 -0.1900 -0.6789
vn 0.6359 -0.3671 0.6789
vn 0.6359 -0.3671 -0.6789
vn 0.5192 -0.5192 0.6789
vn 0.5192 -0.5192 -0.6789
vn 0.3671 -0.6359 0.6789
vn 0.3671 -0.6359 -0.6789
vn 0.1900 -0.7092 0.6789
vn 0.1900 -0.7092 -0.6789
vn -0.0000 -0.7342 0.6789
vn -0.0000 -0.7342 -0.6789
vn -0.1900 -0.7092 0.6789
vn -0.1900 -0.7092 -0.6789
vn -0.3671 -0.6359 0.6789
vn -0.3671 -0.6359 -0.6789
vn -0.5192 -0.5192 0.6789
vn -0.5192 -0.5192 -0.6789
vn -0.6359 -0.3671 0.6789
vn -0.6359 -0.3671 -0.6789
vn -0.7092 -0.1900 0.6789
vn -0.7092 -0.1900 -0.6789
vn -0.7342 -0.0000 0.6789
vn -0.7342 -0.0000 -0.6789
vn -0.7092 0.1900 0.6789
vn -0.7092 0.1900 -0.6789
vn -0.6359 0.3671 0.6789
vn -0.6359 0.3671 -0.6789
vn -0.5192 0.5192 0.6789
vn -0.5192 0.5192 -0.6789
vn -0.7343 -0.0000 0.6789
vn -0.7343 -0.0000 -0.6789
vn -0.0000 0.3420 -0.9397
vn -0.0000 -0.3420 0.9397
vn -0.0000 -0.9397 -0.3420
vn -0.0000 0.9397 0.3420
vn -0.0000 -0.9914 -0.1305
vn 0.4954 -0.8612 -0.1134
vn 0.4954 -0.8687 -0.0000
vn 0.8613 -0.5037 -0.0663
vn 0.8614 -0.5080 -0.0000
vn 0.9999 -0.0107 -0.0014
vn 0.9999 -0.0108 -0.0000
vn 0.8707 0.4876 0.0642
vn 0.8707 0.4918 -0.0000
vn 0.5047 0.8559 0.1127
vn 0.5047 0.8633 -0.0000
vn -0.0000 0.9914 0.1305
vn -0.5047 0.8559 0.1127
vn -0.5047 0.8633 -0.0000
vn -0.8707 0.4876 0.0642
vn -0.8707 0.4918 -0.0000
vn -0.9999 -0.0107 -0.0014
vn -0.9999 -0.0108 -0.0000
vn -0.8614 -0.5037 -0.0663
vn -0.8614 -0.5080 -0.0000
vn -0.4954 -0.8612 -0.1134
vn -0.4954 -0.8687 -0.0000
vn -0.0000 -0.9659 -0.2588
vn 0.4954 -0.8391 -0.2248
vn 0.8614 -0.4907 -0.1315
vn 0.9999 -0.0104 -0.0028
vn 0.8707 0.4751 0.1273
vn 0.5047 0.8339 0.2234
vn -0.0000 0.9659 0.2588
vn -0.5047 0.8339 0.2234
vn -0.8707 0.4751 0.1273
vn -0.9999 -0.0104 -0.0028
vn -0.8614 -0.4907 -0.1315
vn -0.4954 -0.8391 -0.2248
vn -0.0000 -0.9239 -0.3827
vn 0.4954 -0.8025 -0.3324
vn 0.8614 -0.4693 -0.1944
vn 0.9999 -0.0100 -0.0041
vn 0.8707 0.4544 0.1882
vn 0.5047 0.7976 0.3304
vn -0.0000 0.9239 0.3827
vn -0.5047 0.7976 0.3304
vn -0.8707 0.4544 0.1882
vn -0.9999 -0.0100 -0.0041
vn -0.8614 -0.4693 -0.1944
vn -0.4954 -0.8025 -0.3324
vn -0.0000 -0.8660 -0.5000
vn 0.4954 -0.7523 -0.4343
vn 0.8614 -0.4399 -0.2540
vn 0.9999 -0.0093 -0.0054
vn 0.8707 0.4260 0.2459
vn 0.5047 0.7476 0.4316
vn -0.0000 0.8660 0.5000
vn -0.5047 0.7476 0.4316
vn -0.8707 0.4259 0.2459
vn -0.9999 -0.0093 -0.0054
vn -0.8614 -0.4399 -0.2540
vn -0.4954 -0.7523 -0.4343
vn -0.0000 -0.7934 -0.6088
vn 0.4954 -0.6892 -0.5288
vn 0.8614 -0.4030 -0.3092
vn 0.9999 -0.0086 -0.0066
vn 0.8707 0.3902 0.2994
vn 0.5047 0.6849 0.5255
vn -0.0000 0.7934 0.6088
vn -0.5047 0.6849 0.5255
vn -0.8707 0.3902 0.2994
vn -0.9999 -0.0086 -0.0066
vn -0.8614 -0.4030 -0.3092
vn -0.4954 -0.6892 -0.5288
vn -0.0000 -0.7071 -0.7071
vn 0.4954 -0.6142 -0.6142
vn 0.8614 -0.3592 -0.3592
vn 0.9999 -0.0076 -0.0076
vn 0.8707 0.3478 0.3478
vn 0.5047 0.6104 0.6104
vn -0.0000 0.7071 0.7071
vn -0.5047 0.6104 0.6104
vn -0.8707 0.3478 0.3478
vn -0.9999 -0.0076 -0.0076
vn -0.8614 -0.3592 -0.3592
vn -0.4954 -0.6142 -0.6142
vn -0.0000 -0.6088 -0.7934
vn 0.4954 -0.5288 -0.6892
vn 0.8614 -0.3092 -0.4030
vn 0.9999 -0.0066 -0.0085
vn 0.8707 0.2994 0.3902
vn 0.5047 0.5255 0.6849
vn -0.0000 0.6088 0.7934
vn -0.5047 0.5255 0.6849
vn -0.8707 0.2994 0.3902
vn -0.9999 -0.0066 -0.0086
vn -0.8614 -0.3092 -0.4030
vn -0.4954 -0.5288 -0.6892
vn -0.0000 -0.5000 -0.8660
vn 0.4954 -0.4343 -0.7523
vn 0.8614 -0.2540 -0.4399
vn 0.9999 -0.0054 -0.0093
vn 0.8707 0.2459 0.4259
vn 0.5047 0.4316 0.7476
vn -0.0000 0.5000 0.8660
vn -0.5047 0.4316 0.7476
vn -0.8707 0.2459 0.4259
vn -0.9999 -0.0054 -0.0093
vn -0.8614 -0.2540 -0.4399
vn -0.4954 -0.4343 -0.7523
vn -0.0000 -0.3827 -0.9239
vn 0.4954 -0.3324 -0.8025
vn 0.8614 -0.1944 -0.4693
vn 0.9999 -0.0041 -0.0100
vn 0.8707 0.1882 0.4544
vn 0.5047 0.3304 0.7976
vn -0.0000 0.3827 0.9239
vn -0.5047 0.3304 0.7976
vn -0.8707 0.1882 0.4544
vn -0.9999 -0.0041 -0.0100
vn -0.8614 -0.1944 -0.4693
vn -0.4954 -0.3324 -0.8025
vn -0.0000 -0.2588 -0.9659
vn 0.4954 -0.2248 -0.8391
vn 0.8614 -0.1315 -0.4907
vn 0.9999 -0.0028 -0.0104
vn 0.8707 0.1273 0.4751
vn 0.5047 0.2234 0.8339
vn -0.0000 0.2588 0.9659
vn -0.5047 0.2234 0.8339
vn -0.8707 0.1273 0.4751
vn -0.9999 -0.0028 -0.0104
vn -0.8614 -0.1315 -0.4907
vn -0.4954 -0.2248 -0.8391
vn -0.0000 -0.1305 -0.9914
vn 0.4954 -0.1134 -0.8612
vn 0.8614 -0.0663 -0.5037
vn 0.9999 -0.0014 -0.0107
vn 0.8707 0.0642 0.4876
vn 0.5047 0.1127 0.8559
vn -0.0000 0.1305 0.9914
vn -0.5047 0.1127 0.8559
vn -0.8707 0.0642 0.4876
vn -0.9999 -0.0014 -0.0107
vn -0.8614 -0.0663 -0.5036
vn -0.4954 -0.1134 -0.8612
vn 0.4954 -0.0000 -0.8687
vn 0.8614 -0.0000 -0.5080
vn 0.9999 -0.0000 -0.0108
vn 0.8707 -0.0000 0.4918
vn 0.5047 -0.0000 0.8633
vn -0.5047 -0.0000 0.8633
vn -0.8707 -0.0000 0.4918
vn -0.9999 -0.0000 -0.0108
vn -0.8614 -0.0000 -0.5080
vn -0.4954 -0.0000 -0.8687
vn -0.0000 0.1305 -0.9914
vn 0.4954 0.1134 -0.8612
vn 0.8614 0.0663 -0.5037
vn 0.9999 0.0014 -0.0107
vn 0.8707 -0.0642 0.4876
vn 0.5047 -0.1127 0.8559
vn -0.0000 -0.1305 0.9914
vn -0.5047 -0.1127 0.8559
vn -0.8707 -0.0642 0.4876
vn -0.9999 0.0014 -0.0107
vn -0.8614 0.0663 -0.5036
vn -0.4954 0.1134 -0.8612
vn -0.0000 0.2588 -0.9659
vn 0.4954 0.2248 -0.8391
vn 0.8614 0.1315 -0.4907
vn 0.9999 0.0028 -0.0104
vn 0.8707 -0.1273 0.4751
vn 0.5047 -0.2234 0.8339
vn -0.0000 -0.2588 0.9659
vn -0.5047 -0.2234 0.8339
vn -0.8707 -0.1273 0.4751
vn -0.9999 0.0028 -0.0104
vn -0.8614 0.1315 -0.4907
vn -0.4954 0.2248 -0.8391
vn -0.0000 0.3827 -0.9239
vn 0.4954 0.3324 -0.8025
vn 0.8614 0.1944 -0.4693
vn 0.9999 0.0041 -0.0100
vn 0.8707 -0.1882 0.4544
vn 0.5047 -0.3304 0.7976
vn -0.0000 -0.3827 0.9239
vn -0.5047 -0.3304 0.7976
vn -0.8707 -0.1882 0.4544
vn -0.9999 0.0041 -0.0100
vn -0.8614 0.1944 -0.4693
vn -0.4954 0.3324 -0.8025
vn -0.0000 0.5000 -0.8660
vn 0.4954 0.4343 -0.7523
vn 0.8614 0.2540 -0.4399
vn 0.9999 0.0054 -0.0093
vn 0.8707 -0.2459 0.4259
vn 0.5047 -0.4316 0.7476
vn -0.0000 -0.5000 0.8660
vn -0.5047 -0.4316 0.7476
vn -0.8707 -0.2459 0.4259
vn -0.9999 0.0054 -0.0093
vn -0.8614 0.2540 -0.4399
vn -0.4954 0.4343 -0.7523
vn -0.0000 0.6088 -0.7934
vn 0.4954 0.5288 -0.6892
vn 0.8614 0.3093 -0.4030
vn 0.9999 0.0066 -0.0086
vn 0.8707 -0.2994 0.3902
vn 0.5047 -0.5255 0.6849
vn -0.0000 -0.6088 0.7934
vn -0.5047 -0.5255 0.6849
vn -0.8707 -0.2994 0.3902
vn -0.9999 0.0066 -0.0086
vn -0.8614 0.3092 -0.4030
vn -0.4954 0.5288 -0.6892
vn -0.0000 0.7071 -0.7071
vn 0.4954 0.6142 -0.6142
vn 0.8614 0.3592 -0.3592
vn 0.9999 0.0076 -0.0076
vn 0.8707 -0.3478 0.3478
vn 0.5047 -0.6104 0.6104
vn -0.0000 -0.7071 0.7071
vn -0.5047 -0.6104 0.6104
vn -0.8707 -0.3478 0.3478
vn -0.9999 0.0076 -0.0076
vn -0.8614 0.3592 -0.3592
vn -0.4954 0.6142 -0.6142
vn -0.0000 0.7934 -0.6088
vn 0.4954 0.6892 -0.5288
vn 0.8614 0.4030 -0.3092
vn 0.9999 0.0086 -0.0066
vn 0.8707 -0.3902 0.2994
vn 0.5047 -0.6849 0.5255
vn -0.0000 -0.7934 0.6088
vn -0.5047 -0.6849 0.5255
vn -0.8707 -0.3902 0.2994
vn -0.9999 0.0086 -0.0066
vn -0.8614 0.4030 -0.3092
vn -0.4954 0.6892 -0.5288
vn -0.0000 0.8660 -0.5000
vn 0.4954 0.7523 -0.4343
vn 0.8614 0.4399 -0.2540
vn 0.9999 0.0093 -0.0054
vn 0.8707 -0.4260 0.2459
vn 0.5047 -0.7476 0.4316
vn -0.0000 -0.8660 0.5000
vn -0.5047 -0.7476 0.4316
vn -0.8707 -0.4259 0.2459
vn -0.9999 0.0093 -0.0054
vn -0.8614 0.4399 -0.2540
vn -0.4954 0.7523 -0.4343
vn -0.0000 0.9239 -0.3827
vn 0.4954 0.8025 -0.3324
vn 0.8614 0.4693 -0.1944
vn 0.9999 0.0100 -0.0041
vn 0.8707 -0.4544 0.1882
vn 0.5047 -0.7976 0.3304
vn -0.0000 -0.9239 0.3827
vn -0.5047 -0.7976 0.3304
vn -0.8707 -0.4544 0.1882
vn -0.9999 0.0100 -0.0041
vn -0.8614 0.4693 -0.1944
vn -0.4954 0.8025 -0.3324
vn -0.0000 0.9659 -0.2588
vn 0.4954 0.8391 -0.2248
vn 0.8614 0.4907 -0.1315
vn 0.9999 0.0104 -0.0028
vn 0.8707 -0.4751 0.1273
vn 0.5047 -0.8339 0.2234
vn -0.0000 -0.9659 0.2588
vn -0.5047 -0.8339 0.2234
vn -0.8707 -0.4751 0.1273
vn -0.9999 0.0104 -0.0028
vn -0.8614 0.4907 -0.1315
vn -0.4954 0.8391 -0.2248
vn -0.0000 0.9914 -0.1305
vn 0.4954 0.8612 -0.1134
vn 0.8614 0.5037 -0.0663
vn 0.9999 0.0107 -0.0014
vn 0.8707 -0.4876 0.0642
vn 0.5047 -0.8559 0.1127
vn -0.0000 -0.9914 0.1305
vn -0.5047 -0.8559 0.1127
vn -0.8707 -0.4876 0.0642
vn -0.9999 0.0107 -0.0014
vn -0.8614 0.5036 -0.0663
vn -0.4954 0.8612 -0.1134
vn 0.4954 0.8687 -0.0000
vn 0.8614 0.5080 -0.0000
vn 0.9999 0.0108 -0.0000
vn 0.8707 -0.4918 -0.0000
vn 0.5047 -0.8633 -0.0000
vn -0.5047 -0.8633 -0.0000
vn -0.8707 -0.4918 -0.0000
vn -0.9999 0.0108 -0.0000
vn -0.8614 0.5080 -0.0000
vn -0.4954 0.8687 -0.0000
vn 0.4954 0.8612 0.1134
vn 0.8614 0.5037 0.0663
vn 0.9999 0.0107 0.0014
vn 0.8707 -0.4876 -0.0642
vn 0.5047 -0.8559 -0.1127
vn -0.5047 -0.8559 -0.1127
vn -0.8707 -0.4876 -0.0642
vn -0.9999 0.0107 0.0014
vn -0.8614 0.5036 0.0663
vn -0.4954 0.8612 0.1134
vn 0.4954 0.8391 0.2248
vn 0.8614 0.4907 0.1315
vn 0.9999 0.0104 0.0028
vn 0.8707 -0.4751 -0.1273
vn 0.5047 -0.8339 -0.2234
vn -0.5047 -0.8339 -0.2234
vn -0.8707 -0.4751 -0.1273
vn -0.9999 0.0104 0.0028
vn -0.8614 0.4907 0.1315
vn -0.4954 0.8391 0.2248
vn 0.4954 0.8025 0.3324
vn 0.8614 0.4693 0.1944
vn 0.9999 0.0100 0.0041
vn 0.8707 -0.4544 -0.1882
vn 0.5047 -0.7976 -0.3304
vn -0.5047 -0.7976 -0.3304
vn -0.8707 -0.4544 -0.1882
vn -0.9999 0.0100 0.0041
vn -0.8614 0.4693 0.1944
vn -0.4954 0.8025 0.3324
vn 0.4954 0.7523 0.4343
vn 0.8614 0.4399 0.2540
vn 0.9999 0.0093 0.0054
vn 0.8707 -0.4260 -0.2459
vn 0.5047 -0.7476 -0.4316
vn -0.5047 -0.7476 -0.4316
vn -0.8707 -0.4259 -0.2459
vn -0.9999 0.0093 0.0054
vn -0.8614 0.4399 0.2540
vn -0.4954 0.7523 0.4343
vn 0.4954 0.6892 0.5288
vn 0.8614 0.4030 0.3093
vn 0.9999 0.0085 0.0066
vn 0.8707 -0.3902 -0.2994
vn 0.5047 -0.6849 -0.5255
vn -0.5047 -0.6849 -0.5255
vn -0.8707 -0.3902 -0.2994
vn -0.9999 0.0085 0.0066
vn -0.8614 0.4030 0.3092
vn -0.4954 0.6892 0.5288
vn 0.4954 0.6142 0.6142
vn 0.8614 0.3592 0.3592
vn 0.9999 0.0076 0.0076
vn 0.8707 -0.3478 -0.3478
vn 0.5047 -0.6104 -0.6104
vn -0.5047 -0.6104 -0.6104
vn -0.8707 -0.3478 -0.3478
vn -0.9999 0.0076 0.0076
vn -0.8614 0.3592 0.3592
vn -0.4954 0.6142 0.6142
vn 0.4954 0.5288 0.6892
vn 0.8614 0.3093 0.4030
vn 0.9999 0.0066 0.0085
vn 0.8707 -0.2994 -0.3902
vn 0.5047 -0.5255 -0.6849
vn -0.5047 -0.5255 -0.6849
vn -0.8707 -0.2994 -0.3902
vn -0.9999 0.0066 0.0086
vn -0.8614 0.3092 0.4030
vn -0.4954 0.5288 0.6892
vn 0.4954 0.4343 0.7523
vn 0.8614 0.2540 0.4399
vn 0.9999 0.0054 0.0093
vn 0.8707 -0.2459 -0.4259
vn 0.5047 -0.4316 -0.7476
vn -0.5047 -0.4316 -0.7476
vn -0.8707 -0.2459 -0.4259
vn -0.9999 0.0054 0.0093
vn -0.8614 0.2540 0.4399
vn -0.4954 0.4343 0.7523
vn 0.4954 0.3324 0.8025
vn 0.8614 0.1944 0.4693
vn 0.9999 0.0041 0.0100
vn 0.8707 -0.1882 -0.4544
vn 0.5047 -0.3304 -0.7976
vn -0.5047 -0.3304 -0.7976
vn -0.8707 -0.1882 -0.4544
vn -0.9999 0.0041 0.0100
vn -0.8614 0.1944 0.4693
vn -0.4954 0.3324 0.8025
vn 0.4954 0.2248 0.8391
vn 0.8614 0.1315 0.4907
vn 0.9999 0.0028 0.0104
vn 0.8707 -0.1273 -0.4751
vn 0.5047 -0.2234 -0.8339
vn -0.5047 -0.2234 -0.8339
vn -0.8707 -0.1273 -0.4751
vn -0.9999 0.0028 0.0104
vn -0.8614 0.1315 0.4907
vn -0.4954 0.2248 0.8391
vn 0.4954 0.1134 0.8612
vn 0.8614 0.0663 0.5037
vn 0.9999 0.0014 0.0107
vn 0.8707 -0.0642 -0.4876
vn 0.5047 -0.1127 -0.8559
vn -0.5047 -0.1127 -0.8559
vn -0.8707 -0.0642 -0.4876
vn -0.9999 0.0014 0.0107
vn -0.8614 0.0663 0.5036
vn -0.4954 0.1134 0.8612
vn 0.4954 -0.0000 0.8687
vn 0.8614 -0.0000 0.5080
vn 0.9999 -0.0000 0.0108
vn 0.8707 -0.0000 -0.4918
vn 0.5047 -0.0000 -0.8633
vn -0.5047 -0.0000 -0.8633
vn -0.8707 -0.0000 -0.4918
vn -0.9999 -0.0000 0.0108
vn -0.8614 -0.0000 0.5080
vn -0.4954 -0.0000 0.8687
vn 0.4954 -0.1134 0.8612
vn 0.8614 -0.0663 0.5037
vn 0.9999 -0.0014 0.0107
vn 0.8707 0.0642 -0.4876
vn 0.5047 0.1127 -0.8559
vn -0.5047 0.1127 -0.8559
vn -0.8707 0.0642 -0.4876
vn -0.9999 -0.0014 0.0107
vn -0.8614 -0.0663 0.5036
vn -0.4954 -0.1134 0.8612
vn 0.4954 -0.2248 0.8391
vn 0.8614 -0.1315 0.4907
vn 0.9999 -0.0028 0.0104
vn 0.8707 0.1273 -0.4751
vn 0.5047 0.2234 -0.8339
vn -0.5047 0.2234 -0.8339
vn -0.8707 0.1273 -0.4751
vn -0.9999 -0.0028 0.0104
vn -0.8614 -0.1315 0.4907
vn -0.4954 -0.2248 0.8391
vn 0.4954 -0.3324 0.8025
vn 0.8614 -0.1944 0.4693
vn 0.9999 -0.0041 0.0100
vn 0.8707 0.1882 -0.4544
vn 0.5047 0.3304 -0.7976
vn -0.5047 0.3304 -0.7976
vn -0.8707 0.1882 -0.4544
vn -0.9999 -0.0041 0.0100
vn -0.8614 -0.1944 0.4693
vn -0.4954 -0.3324 0.8025
vn 0.4954 -0.4343 0.7523
vn 0.8614 -0.2540 0.4399
vn 0.9999 -0.0054 0.0093
vn 0.8707 0.2459 -0.4259
vn 0.5047 0.4316 -0.7476
vn -0.5047 0.4316 -0.7476
vn -0.8707 0.2459 -0.4259
vn -0.9999 -0.0054 0.0093
vn -0.8614 -0.2540 0.4399
vn -0.4954 -0.4343 0.7523
vn 0.4954 -0.5288 0.6892
vn 0.8614 -0.3093 0.4030
vn 0.9999 -0.0066 0.0085
vn 0.8707 0.2994 -0.3902
vn 0.5047 0.5255 -0.6849
vn -0.0000 0.6088 -0.7933
vn -0.5047 0.5255 -0.6849
vn -0.8707 0.2994 -0.3902
vn -0.9999 -0.0066 0.0086
vn -0.8614 -0.3092 0.4030
vn -0.4954 -0.5288 0.6892
vn 0.4954 -0.6142 0.6142
vn 0.8614 -0.3592 0.3592
vn 0.9999 -0.0076 0.0076
vn 0.8707 0.3478 -0.3478
vn 0.5047 0.6104 -0.6104
vn -0.5047 0.6104 -0.6104
vn -0.8707 0.3478 -0.3478
vn -0.9999 -0.0076 0.0076
vn -0.8614 -0.3592 0.3592
vn -0.4954 -0.6142 0.6142
vn 0.4954 -0.6892 0.5288
vn 0.8614 -0.4030 0.3092
vn 0.9999 -0.0086 0.0066
vn 0.8707 0.3902 -0.2994
vn 0.5047 0.6849 -0.5255
vn -0.5047 0.6849 -0.5255
vn -0.8707 0.3902 -0.2994
vn -0.9999 -0.0086 0.0066
vn -0.8614 -0.4030 0.3092
vn -0.4954 -0.6892 0.5288
vn 0.4954 -0.7523 0.4343
vn 0.8614 -0.4399 0.2540
vn 0.9999 -0.0093 0.0054
vn 0.8707 0.4259 -0.2459
vn 0.5047 0.7476 -0.4316
vn -0.5047 0.7476 -0.4316
vn -0.8707 0.4259 -0.2459
vn -0.9999 -0.0093 0.0054
vn -0.8614 -0.4399 0.2540
vn -0.4954 -0.7523 0.4343
vn 0.4954 -0.8025 0.3324
vn 0.8614 -0.4693 0.1944
vn 0.9999 -0.0100 0.0041
vn 0.8707 0.4544 -0.1882
vn 0.5047 0.7976 -0.3304
vn -0.5047 0.7976 -0.3304
vn -0.8707 0.4544 -0.1882
vn -0.9999 -0.0100 0.0041
vn -0.8614 -0.4693 0.1944
vn -0.4954 -0.8025 0.3324
vn 0.4954 -0.8391 0.2248
vn 0.8614 -0.4907 0.1315
vn 0.9999 -0.0104 0.0028
vn 0.8707 0.4751 -0.1273
vn 0.5047 0.8339 -0.2234
vn -0.5047 0.8339 -0.2234
vn -0.8707 0.4751 -0.1273
vn -0.9999 -0.0104 0.0028
vn -0.8614 -0.4907 0.1315
vn -0.4954 -0.8391 0.2248
vn 0.4954 -0.8612 0.1134
vn 0.8613 -0.5037 0.0663
vn 0.9999 -0.0107 0.0014
vn 0.8707 0.4876 -0.0642
vn 0.5047 0.8559 -0.1127
vn -0.5047 0.8559 -0.1127
vn -0.8707 0.4876 -0.0642
vn -0.9999 -0.0107 0.0014
vn -0.8614 -0.5037 0.0663
vn -0.4954 -0.8612 0.1134
vn -0.6789 -0.0000 -0.7342
vn 0.6789 -0.0000 -0.7342
vn 0.6789 -0.1900 -0.7092
vn -0.6789 -0.1900 -0.7092
vn 0.6789 -0.3671 -0.6359
vn -0.6789 -0.3671 -0.6359
vn 0.6789 -0.5192 -0.5192
vn -0.6789 -0.5192 -0.5192
vn 0.6789 -0.6359 -0.3671
vn -0.6789 -0.6359 -0.3671
vn 0.6789 -0.7092 -0.1900
vn -0.6789 -0.7092 -0.1900
vn 0.6789 -0.7342 -0.0000
vn -0.6789 -0.7342 -0.0000
vn 0.6789 -0.7092 0.1900
vn -0.6789 -0.7092 0.1900
vn 0.6789 -0.6359 0.3671
vn -0.6789 -0.6359 0.3671
vn 0.6789 -0.5192 0.5192
vn -0.6789 -0.5192 0.5192
vn 0.6789 -0.3671 0.6359
vn -0.6789 -0.3671 0.6359
vn 0.6789 -0.1900 0.7092
vn -0.6789 -0.1900 0.7092
vn 0.6789 -0.0000 0.7342
vn -0.6789 -0.0000 0.7342
vn 0.6789 0.1900 0.7092
vn -0.6789 0.1900 0.7092
vn 0.6789 0.3671 0.6359
vn -0.6789 0.3671 0.6359
vn 0.6789 0.5192 0.5192
vn -0.6789 0.5192 0.5192
vn 0.6789 0.6359 0.3671
vn -0.6789 0.6359 0.3671
vn 0.6789 0.7092 0.1900
vn -0.6789 0.7092 0.1900
vn 0.6789 0.7342 -0.0000
vn -0.6789 0.7342 -0.0000
vn 0.6789 0.7092 -0.1900
vn -0.6789 0.7092 -0.1900
vn 0.6789 0.6359 -0.3671
vn -0.6789 0.6359 -0.3671
vn 0.6789 0.5192 -0.5192
vn -0.6789 0.5192 -0.5192
vn 0.6789 0.3671 -0.6359
vn -0.6789 0.3671 -0.6359
vn 0.6789 0.1900 -0.7092
vn -0.6789 0.1900 -0.7092
vn -0.0000 -0.6789 -0.7342
vn -0.0000 0.6789 -0.7342
vn 0.1900 0.6789 -0.7092
vn 0.1900 -0.6789 -0.7092
vn 0.3671 0.6789 -0.6359
vn 0.3671 -0.6789 -0.6359
vn 0.5192 0.6789 -0.5192
vn 0.5192 -0.6789 -0.5192
vn 0.6359 0.6789 -0.3671
vn 0.6359 -0.6789 -0.3671
vn 0.7092 0.6789 -0.1900
vn 0.7092 -0.6789 -0.1900
vn 0.7343 0.6789 -0.0000
vn 0.7343 -0.6789 -0.0000
vn 0.7092 0.6789 0.1900
vn 0.7092 -0.6789 0.1900
vn 0.6359 0.6789 0.3671
vn 0.6359 -0.6789 0.3671
vn 0.5192 0.6789 0.5192
vn 0.5192 -0.6789 0.5192
vn 0.3671 0.6789 0.6359
vn 0.3671 -0.6789 0.6359
vn 0.1900 0.6789 0.7092
vn 0.1900 -0.6789 0.7092
vn -0.0000 0.6789 0.7343
vn -0.0000 -0.6789 0.7343
vn -0.1900 0.6789 0.7092
vn -0.1900 -0.6789 0.7092
vn -0.3671 0.6789 0.6359
vn -0.3671 -0.6789 0.6359
vn -0.5192 0.6789 0.5192
vn -0.5192 -0.6789 0.5192
vn -0.6359 0.6789 0.3671
vn -0.6359 -0.6789 0.3671
vn -0.7092 0.6789 0.1900
vn -0.7092 -0.6789 0.1900
vn -0.7342 0.6789 -0.0000
vn -0.7342 -0.6789 -0.0000
vn -0.7092 0.6789 -0.1900
vn -0.7092 -0.6789 -0.1900
vn -0.6359 0.6789 -0.3671
vn -0.6359 -0.6789 -0.3671
vn -0.5192 0.6789 -0.5192
vn -0.5192 -0.6789 -0.5192
vn -0.3671 0.6789 -0.6359
vn -0.3671 -0.6789 -0.6359
vn -0.1900 0.6789 -0.7092
vn -0.1900 -0.6789 -0.7092
vn -0.0000 0.1045 -0.9945
vn -0.0000 -0.1045 0.9945
vn -0.0000 -0.9945 -0.1045
vn -0.0000 0.9945 0.1045
vn 0.6789 0.7343 -0.0000
vn -0.6789 0.7343 -0.0000
vn -0.0000 -0.0872 -0.9962
vn -0.0000 0.0872 0.9962
vn -0.0000 -0.9962 0.0872
vn -0.0000 0.9962 -0.0872
vn -0.0000 -0.6789 -0.7343
vn -0.0000 0.6789 -0.7343
vn -0.7343 0.6789 -0.0000
vn -0.7343 -0.6789 -0.0000
vn -0.0000 0.2556 -0.9668
vn -0.0000 0.4944 -0.8692
vn 0.2686 0.4944 -0.8267
vn 0.2987 0.2556 -0.9195
vn -0.0000 -0.9626 -0.2709
vn 0.0837 -0.9626 -0.2576
vn -0.0000 0.8604 -0.5097
vn -0.0000 0.9626 -0.2709
vn 0.0837 0.9626 -0.2577
vn 0.1575 0.8604 -0.4847
vn -0.0000 -0.7007 -0.7135
vn -0.0000 -0.4944 -0.8692
vn 0.2686 -0.4944 -0.8267
vn 0.2205 -0.7007 -0.6786
vn 0.3090 -0.0000 -0.9511
vn -0.0000 0.7006 -0.7135
vn 0.2205 0.7007 -0.6786
vn -0.0000 -0.8604 -0.5096
vn 0.1575 -0.8604 -0.4847
vn -0.0000 -0.2556 -0.9668
vn 0.2987 -0.2556 -0.9195
vn 0.2996 0.8604 -0.4123
vn 0.4194 0.7007 -0.5772
vn 0.4194 -0.7007 -0.5772
vn 0.2996 -0.8604 -0.4123
vn 0.5878 -0.0000 -0.8090
vn 0.5683 -0.2556 -0.7821
vn 0.5109 0.4944 -0.7032
vn 0.1592 -0.9626 -0.2192
vn 0.1592 0.9626 -0.2192
vn 0.5109 -0.4944 -0.7032
vn 0.5683 0.2556 -0.7821
vn 0.2192 -0.9626 -0.1592
vn 0.2192 0.9626 -0.1592
vn 0.4123 0.8604 -0.2996
vn 0.7032 -0.4944 -0.5109
vn 0.5772 -0.7007 -0.4194
vn 0.7821 0.2556 -0.5683
vn 0.8090 -0.0000 -0.5878
vn 0.5772 0.7007 -0.4194
vn 0.4123 -0.8604 -0.2996
vn 0.7821 -0.2556 -0.5683
vn 0.7032 0.4944 -0.5109
vn 0.6786 0.7007 -0.2205
vn 0.8267 0.4945 -0.2686
vn 0.4847 -0.8604 -0.1575
vn 0.2576 -0.9626 -0.0837
vn 0.2576 0.9626 -0.0837
vn 0.9195 -0.2556 -0.2988
vn 0.8267 -0.4945 -0.2686
vn 0.9195 0.2556 -0.2988
vn 0.4847 0.8604 -0.1575
vn 0.6786 -0.7007 -0.2205
vn 0.9511 -0.0000 -0.3090
vn 0.5097 0.8604 -0.0000
vn 0.7135 0.7007 -0.0000
vn 0.7135 -0.7007 -0.0000
vn 0.5097 -0.8604 -0.0000
vn 0.9668 -0.2556 -0.0000
vn 0.8692 0.4945 -0.0000
vn 0.2709 -0.9626 -0.0000
vn 0.2709 0.9626 -0.0000
vn 0.8692 -0.4945 -0.0000
vn 0.9668 0.2556 -0.0000
vn 0.8267 0.4945 0.2686
vn 0.9195 0.2556 0.2988
vn 0.2577 -0.9626 0.0837
vn 0.2576 0.9626 0.0837
vn 0.4847 0.8604 0.1575
vn 0.8267 -0.4945 0.2686
vn 0.6786 -0.7007 0.2205
vn 0.9511 -0.0000 0.3090
vn 0.6786 0.7007 0.2205
vn 0.4847 -0.8604 0.1575
vn 0.9195 -0.2556 0.2988
vn 0.5772 0.7007 0.4194
vn 0.7032 0.4945 0.5109
vn 0.4123 -0.8604 0.2996
vn 0.2192 -0.9626 0.1592
vn 0.2192 0.9626 0.1592
vn 0.7821 -0.2556 0.5683
vn 0.7032 -0.4945 0.5109
vn 0.7821 0.2556 0.5683
vn 0.4123 0.8604 0.2996
vn 0.5772 -0.7007 0.4194
vn 0.8090 -0.0000 0.5878
vn 0.5683 0.2556 0.7821
vn 0.5878 -0.0000 0.8090
vn 0.2996 0.8604 0.4123
vn 0.4194 0.7007 0.5772
vn 0.4194 -0.7007 0.5772
vn 0.2996 -0.8604 0.4123
vn 0.5683 -0.2556 0.7821
vn 0.5109 0.4945 0.7032
vn 0.1592 -0.9626 0.2192
vn 0.1592 0.9626 0.2192
vn 0.5109 -0.4945 0.7032
vn 0.2686 0.4945 0.8267
vn 0.2987 0.2556 0.9195
vn 0.0837 -0.9626 0.2577
vn 0.0837 0.9626 0.2577
vn 0.1575 0.8604 0.4847
vn 0.2686 -0.4945 0.8267
vn 0.2205 -0.7007 0.6786
vn 0.3090 -0.0000 0.9511
vn 0.2205 0.7007 0.6786
vn 0.1575 -0.8604 0.4847
vn 0.2987 -0.2556 0.9195
vn -0.0000 -0.2556 0.9668
vn -0.0000 0.7007 0.7135
vn -0.0000 0.4945 0.8692
vn -0.0000 -0.8604 0.5096
vn -0.0000 -0.9626 0.2709
vn -0.0000 0.9626 0.2709
vn -0.0000 -0.4945 0.8692
vn -0.0000 0.2556 0.9668
vn -0.0000 0.8604 0.5096
vn -0.0000 -0.7007 0.7135
vn -0.2987 0.2556 0.9195
vn -0.3090 -0.0000 0.9511
vn -0.1575 0.8604 0.4847
vn -0.2205 0.7007 0.6786
vn -0.2205 -0.7007 0.6786
vn -0.1575 -0.8604 0.4847
vn -0.2987 -0.2556 0.9195
vn -0.2686 0.4945 0.8267
vn -0.0837 -0.9626 0.2577
vn -0.0837 0.9626 0.2577
vn -0.2686 -0.4945 0.8267
vn -0.5683 -0.2556 0.7821
vn -0.5109 -0.4945 0.7032
vn -0.5109 0.4945 0.7032
vn -0.5683 0.2556 0.7821
vn -0.1592 -0.9626 0.2192
vn -0.1592 0.9626 0.2192
vn -0.2996 0.8604 0.4123
vn -0.4194 -0.7007 0.5772
vn -0.5878 -0.0000 0.8090
vn -0.4194 0.7007 0.5772
vn -0.2996 -0.8604 0.4123
vn -0.8090 -0.0000 0.5878
vn -0.7821 -0.2556 0.5683
vn -0.5772 0.7007 0.4194
vn -0.7032 0.4945 0.5109
vn -0.4123 -0.8604 0.2996
vn -0.2192 -0.9626 0.1592
vn -0.2192 0.9626 0.1592
vn -0.7032 -0.4945 0.5109
vn -0.7821 0.2556 0.5683
vn -0.4123 0.8604 0.2996
vn -0.5772 -0.7007 0.4194
vn -0.8267 -0.4945 0.2686
vn -0.6786 -0.7007 0.2205
vn -0.9195 0.2556 0.2988
vn -0.9511 -0.0000 0.3090
vn -0.4847 0.8604 0.1575
vn -0.6786 0.7007 0.2205
vn -0.4847 -0.8604 0.1575
vn -0.9195 -0.2556 0.2988
vn -0.8267 0.4945 0.2686
vn -0.2576 -0.9626 0.0837
vn -0.2577 0.9626 0.0837
vn -0.2709 0.9626 -0.0000
vn -0.9668 -0.2556 -0.0000
vn -0.8692 -0.4945 -0.0000
vn -0.8692 0.4945 -0.0000
vn -0.9668 0.2556 -0.0000
vn -0.2709 -0.9626 -0.0000
vn -0.5097 0.8604 -0.0000
vn -0.7135 -0.7007 -0.0000
vn -0.7135 0.7007 -0.0000
vn -0.5097 -0.8604 -0.0000
vn -0.6786 -0.7007 -0.2205
vn -0.4847 -0.8604 -0.1575
vn -0.9511 -0.0000 -0.3090
vn -0.9195 -0.2556 -0.2988
vn -0.6786 0.7007 -0.2205
vn -0.8267 0.4945 -0.2686
vn -0.2577 -0.9626 -0.0837
vn -0.2576 0.9626 -0.0837
vn -0.8267 -0.4945 -0.2686
vn -0.9195 0.2556 -0.2988
vn -0.4847 0.8604 -0.1575
vn -0.2192 0.9626 -0.1592
vn -0.4123 0.8604 -0.2996
vn -0.7032 -0.4944 -0.5109
vn -0.5772 -0.7007 -0.4194
vn -0.7821 0.2556 -0.5683
vn -0.8090 -0.0000 -0.5878
vn -0.5772 0.7007 -0.4194
vn -0.4123 -0.8604 -0.2996
vn -0.7821 -0.2556 -0.5683
vn -0.7032 0.4944 -0.5109
vn -0.2192 -0.9626 -0.1592
vn -0.2996 -0.8604 -0.4123
vn -0.1592 -0.9626 -0.2192
vn -0.1592 0.9626 -0.2192
vn -0.5683 -0.2556 -0.7821
vn -0.5109 -0.4944 -0.7032
vn -0.5109 0.4945 -0.7032
vn -0.5683 0.2556 -0.7821
vn -0.2996 0.8604 -0.4123
vn -0.4194 -0.7007 -0.5772
vn -0.5878 -0.0000 -0.8090
vn -0.4194 0.7007 -0.5772
vn -0.1575 0.8604 -0.4847
vn -0.2205 0.7006 -0.6786
vn -0.2205 -0.7007 -0.6786
vn -0.1575 -0.8604 -0.4847
vn -0.3090 -0.0000 -0.9511
vn -0.2987 -0.2556 -0.9195
vn -0.2686 0.4945 -0.8267
vn -0.0837 -0.9626 -0.2577
vn -0.0837 0.9626 -0.2577
vn -0.2686 -0.4944 -0.8267
vn -0.2987 0.2556 -0.9195
vn 0.7342 0.6789 -0.0000
vn 0.7342 -0.6789 -0.0000
vn 0.2686 -0.4945 -0.8267
vn -0.0000 0.4945 -0.8692
vn 0.2686 0.4945 -0.8267
vn 0.0837 -0.9626 -0.2577
vn -0.0000 0.7007 -0.7135
vn -0.0000 -0.8604 -0.5097
vn 0.5109 0.4945 -0.7032
vn 0.5109 -0.4945 -0.7032
vn 0.7032 0.4945 -0.5109
vn 0.7032 -0.4945 -0.5109
vn 0.5772 0.7006 -0.4194
vn 0.2577 -0.9626 -0.0837
vn 0.9195 -0.2556 -0.2987
vn 0.8267 -0.4944 -0.2686
vn 0.9195 0.2556 -0.2987
vn 0.8692 -0.4944 -0.0000
vn 0.9195 0.2556 0.2987
vn 0.2577 0.9626 0.0837
vn 0.9195 -0.2556 0.2987
vn 0.0837 -0.9626 0.2576
vn 0.0837 0.9626 0.2576
vn -0.0000 -0.8604 0.5097
vn -0.0000 0.8604 0.5097
vn -0.0837 0.9626 0.2576
vn -0.8267 -0.4944 0.2686
vn -0.2577 -0.9626 0.0837
vn -0.7032 -0.4945 -0.5109
vn -0.5772 0.7006 -0.4194
vn -0.7032 0.4945 -0.5109
vn -0.5109 -0.4945 -0.7032
vn -0.2205 0.7007 -0.6786
vn -0.0000 -0.9338 -0.3577
vn 0.0361 -0.9378 -0.3453
vn -0.0000 0.7733 -0.6341
vn -0.0000 0.9338 -0.3577
vn 0.0361 0.9378 -0.3453
vn 0.0694 0.7861 -0.6142
vn -0.0000 -0.5759 -0.8175
vn -0.0000 -0.3766 -0.9264
vn 0.1080 -0.3921 -0.9136
vn 0.0931 -0.5935 -0.7995
vn -0.0000 0.1854 -0.9827
vn 0.1159 0.1942 -0.9741
vn 0.1183 -0.0000 -0.9930
vn -0.0000 0.5759 -0.8175
vn 0.0931 0.5935 -0.7995
vn -0.0000 -0.7733 -0.6341
vn 0.0694 -0.7861 -0.6142
vn -0.0000 -0.1854 -0.9827
vn 0.1159 -0.1942 -0.9741
vn -0.0000 0.3766 -0.9264
vn 0.1080 0.3921 -0.9136
vn 0.2601 -0.0000 -0.9656
vn 0.2524 -0.2237 -0.9414
vn 0.1917 0.6457 -0.7392
vn 0.2296 0.4416 -0.8673
vn 0.1387 -0.8222 -0.5520
vn 0.0722 -0.9492 -0.3061
vn 0.0722 0.9492 -0.3061
vn 0.2296 -0.4416 -0.8673
vn 0.2524 0.2237 -0.9414
vn 0.1387 0.8222 -0.5520
vn 0.1917 -0.6457 -0.7392
vn 0.3818 -0.5328 -0.7552
vn 0.3005 -0.7305 -0.6132
vn 0.4413 0.2843 -0.8511
vn 0.4642 -0.0000 -0.8857
vn 0.2071 0.8750 -0.4376
vn 0.3005 0.7305 -0.6132
vn 0.2071 -0.8750 -0.4376
vn 0.4413 -0.2843 -0.8511
vn 0.3818 0.5328 -0.7552
vn 0.1062 -0.9655 -0.2376
vn 0.1062 0.9655 -0.2376
vn 0.1362 0.9811 -0.1371
vn 0.7144 -0.3798 -0.5878
vn 0.5692 -0.6566 -0.4948
vn 0.5692 0.6566 -0.4948
vn 0.7144 0.3798 -0.5878
vn 0.1362 -0.9811 -0.1371
vn 0.2691 0.9284 -0.2561
vn 0.4135 -0.8285 -0.3776
vn 0.7807 -0.0000 -0.6249
vn 0.4135 0.8285 -0.3776
vn 0.2691 -0.9284 -0.2561
vn 0.4765 -0.8792 -0.0000
vn 0.3013 -0.9535 -0.0000
vn 0.9002 -0.4354 -0.0000
vn 0.4765 0.8792 -0.0000
vn 0.6867 0.7269 -0.0000
vn 0.1528 -0.9883 -0.0000
vn 0.1528 0.9883 -0.0000
vn 0.6867 -0.7269 -0.0000
vn 0.9002 0.4354 -0.0000
vn 0.3013 0.9535 -0.0000
vn 0.1362 0.9811 0.1371
vn 0.2691 0.9284 0.2561
vn 0.5692 -0.6566 0.4948
vn 0.4135 -0.8285 0.3776
vn 0.7144 0.3797 0.5878
vn 0.7807 -0.0000 0.6249
vn 0.4135 0.8285 0.3776
vn 0.2691 -0.9284 0.2561
vn 0.7144 -0.3798 0.5878
vn 0.5692 0.6566 0.4948
vn 0.1362 -0.9811 0.1371
vn 0.2070 -0.8750 0.4376
vn 0.1062 -0.9655 0.2376
vn 0.1062 0.9655 0.2376
vn 0.4413 -0.2843 0.8511
vn 0.3818 -0.5328 0.7552
vn 0.3818 0.5328 0.7552
vn 0.4413 0.2843 0.8511
vn 0.2070 0.8750 0.4376
vn 0.3005 -0.7305 0.6132
vn 0.4642 -0.0000 0.8857
vn 0.3005 0.7305 0.6132
vn 0.1387 0.8222 0.5520
vn 0.1917 0.6457 0.7392
vn 0.1917 -0.6457 0.7392
vn 0.1387 -0.8222 0.5520
vn 0.2601 -0.0000 0.9656
vn 0.2524 -0.2237 0.9414
vn 0.2296 0.4416 0.8673
vn 0.0722 -0.9492 0.3061
vn 0.0722 0.9492 0.3061
vn 0.2296 -0.4416 0.8673
vn 0.2524 0.2237 0.9414
vn 0.0361 -0.9378 0.3453
vn 0.0361 0.9378 0.3453
vn 0.0694 0.7861 0.6142
vn 0.1080 -0.3921 0.9136
vn 0.0931 -0.5935 0.7995
vn 0.1159 0.1941 0.9741
vn 0.1183 -0.0000 0.9930
vn 0.0931 0.5935 0.7995
vn 0.0694 -0.7861 0.6142
vn 0.1159 -0.1942 0.9741
vn 0.1080 0.3921 0.9136
vn -0.0000 0.5759 0.8175
vn -0.0000 0.3766 0.9264
vn -0.0000 -0.7733 0.6341
vn -0.0000 -0.9338 0.3577
vn -0.0000 0.9338 0.3577
vn -0.0000 -0.1854 0.9827
vn -0.0000 -0.3766 0.9264
vn -0.0000 0.1854 0.9827
vn -0.0000 0.7733 0.6341
vn -0.0000 -0.5759 0.8175
vn -0.0694 0.7861 0.6142
vn -0.0931 0.5935 0.7995
vn -0.0931 -0.5934 0.7995
vn -0.0694 -0.7861 0.6142
vn -0.1183 -0.0000 0.9930
vn -0.1159 -0.1942 0.9741
vn -0.1080 0.3921 0.9136
vn -0.0361 -0.9378 0.3453
vn -0.0361 0.9378 0.3453
vn -0.1080 -0.3921 0.9136
vn -0.1159 0.1942 0.9741
vn -0.2296 0.4416 0.8673
vn -0.2524 0.2237 0.9414
vn -0.0722 -0.9492 0.3061
vn -0.0722 0.9492 0.3061
vn -0.1387 0.8222 0.5520
vn -0.2296 -0.4416 0.8673
vn -0.1917 -0.6457 0.7392
vn -0.2601 -0.0000 0.9656
vn -0.1917 0.6457 0.7392
vn -0.1387 -0.8222 0.5520
vn -0.2524 -0.2237 0.9414
vn -0.3005 0.7305 0.6132
vn -0.3818 0.5328 0.7552
vn -0.2071 -0.8750 0.4376
vn -0.1062 -0.9655 0.2376
vn -0.1062 0.9655 0.2376
vn -0.4413 -0.2843 0.8511
vn -0.3818 -0.5328 0.7552
vn -0.4413 0.2843 0.8511
vn -0.2071 0.8750 0.4376
vn -0.3005 -0.7305 0.6132
vn -0.4642 -0.0000 0.8857
vn -0.7144 0.3797 0.5878
vn -0.7807 -0.0000 0.6249
vn -0.2691 0.9284 0.2561
vn -0.4135 0.8285 0.3776
vn -0.4135 -0.8285 0.3776
vn -0.2691 -0.9284 0.2561
vn -0.7144 -0.3798 0.5878
vn -0.5692 0.6566 0.4948
vn -0.1362 -0.9811 0.1372
vn -0.1362 0.9811 0.1372
vn -0.5692 -0.6566 0.4948
vn -0.6867 0.7269 -0.0000
vn -0.9002 0.4354 -0.0000
vn -0.1528 -0.9883 -0.0000
vn -0.1528 0.9883 -0.0000
vn -0.3013 0.9535 -0.0000
vn -0.6867 -0.7269 -0.0000
vn -0.4765 -0.8792 -0.0000
vn -0.4765 0.8792 -0.0000
vn -0.3013 -0.9535 -0.0000
vn -0.9002 -0.4354 -0.0000
vn -0.7807 -0.0000 -0.6249
vn -0.7144 -0.3797 -0.5878
vn -0.4135 0.8285 -0.3776
vn -0.5692 0.6566 -0.4948
vn -0.2691 -0.9284 -0.2561
vn -0.1362 -0.9811 -0.1371
vn -0.1362 0.9811 -0.1371
vn -0.5692 -0.6566 -0.4948
vn -0.7144 0.3797 -0.5878
vn -0.2691 0.9284 -0.2561
vn -0.4135 -0.8285 -0.3776
vn -0.4413 0.2843 -0.8511
vn -0.4642 -0.0000 -0.8857
vn -0.2071 0.8750 -0.4376
vn -0.3005 0.7305 -0.6132
vn -0.3005 -0.7305 -0.6132
vn -0.2070 -0.8750 -0.4376
vn -0.4413 -0.2843 -0.8511
vn -0.3818 0.5328 -0.7552
vn -0.1062 -0.9655 -0.2376
vn -0.1062 0.9655 -0.2376
vn -0.3818 -0.5328 -0.7552
vn -0.2524 -0.2237 -0.9414
vn -0.2296 -0.4416 -0.8673
vn -0.2296 0.4416 -0.8673
vn -0.2524 0.2237 -0.9414
vn -0.0722 -0.9492 -0.3061
vn -0.0722 0.9492 -0.3061
vn -0.1387 0.8222 -0.5520
vn -0.1917 -0.6457 -0.7392
vn -0.2601 -0.0000 -0.9656
vn -0.1917 0.6457 -0.7392
vn -0.1387 -0.8222 -0.5520
vn -0.1183 -0.0000 -0.9930
vn -0.1159 -0.1942 -0.9741
vn -0.0931 0.5935 -0.7995
vn -0.1080 0.3921 -0.9136
vn -0.0694 -0.7861 -0.6142
vn -0.0361 -0.9378 -0.3453
vn -0.0361 0.9378 -0.3453
vn -0.1080 -0.3921 -0.9136
vn -0.1159 0.1942 -0.9741
vn -0.0694 0.7861 -0.6142
vn -0.0931 -0.5935 -0.7995
vn 0.2070 0.8750 -0.4376
vn 0.2070 -0.8750 -0.4376
vn 0.7144 0.3797 -0.5878
vn 0.1362 0.9811 0.1372
vn 0.7144 -0.3797 0.5878
vn 0.1362 -0.9811 0.1372
vn 0.2071 0.8750 0.4376
vn 0.1159 0.1942 0.9741
vn 0.0931 0.5934 0.7995
vn -0.0931 0.5934 0.7995
vn -0.2070 -0.8750 0.4376
vn -0.1362 -0.9811 0.1371
vn -0.1362 0.9811 0.1371
vn -0.7144 -0.3798 -0.5878
vn -0.1159 0.1941 -0.9741
vn 0.1159 0.1941 -0.9741
vn 0.2071 -0.8750 0.4376
vn 0.0931 -0.5934 0.7995
vn -0.0931 -0.5935 0.7995
vn -0.2070 0.8750 0.4376
vn -0.7144 0.3798 0.5878
vn -0.7144 0.3798 -0.5878
vn 0.0931 0.5934 -0.7995
vn 0.7144 0.3798 0.5878
vn -0.2071 -0.8750 -0.4376
vn -0.0931 0.5934 -0.7995
vn 0.0931 -0.5934 -0.7995
vn -0.0931 -0.5934 -0.7995
vn -0.0000 0.2964 -0.9550
vn -0.0000 0.5557 -0.8314
vn 0.2258 0.5600 -0.7971
vn 0.2608 0.2995 -0.9177
vn -0.0000 -0.9729 -0.2314
vn 0.0614 -0.9734 -0.2208
vn -0.0000 0.8935 -0.4490
vn -0.0000 0.9729 -0.2314
vn 0.0614 0.9734 -0.2208
vn 0.1203 0.8955 -0.4285
vn -0.0000 -0.7561 -0.6545
vn -0.0000 -0.5557 -0.8314
vn 0.2258 -0.5600 -0.7971
vn 0.1766 -0.7597 -0.6258
vn 0.2737 -0.0000 -0.9618
vn -0.0000 0.7561 -0.6545
vn 0.1766 0.7597 -0.6258
vn -0.0000 -0.8935 -0.4490
vn 0.1203 -0.8955 -0.4285
vn -0.0000 -0.2964 -0.9550
vn 0.2608 -0.2995 -0.9177
vn 0.3408 -0.7694 -0.5402
vn 0.2309 -0.9007 -0.3679
vn 0.5371 -0.0000 -0.8435
vn 0.5105 -0.3079 -0.8029
vn 0.3408 0.7694 -0.5402
vn 0.4391 0.5718 -0.6930
vn 0.1178 -0.9748 -0.1893
vn 0.1178 0.9748 -0.1893
vn 0.4391 -0.5718 -0.6930
vn 0.5105 0.3079 -0.8029
vn 0.2309 0.9007 -0.3679
vn 0.1639 0.9766 -0.1390
vn 0.3216 0.9074 -0.2706
vn 0.6219 -0.5873 -0.5180
vn 0.4780 -0.7820 -0.4001
vn 0.7293 0.3192 -0.6052
vn 0.7701 -0.0000 -0.6380
vn 0.4780 0.7820 -0.4001
vn 0.3216 -0.9074 -0.2706
vn 0.7293 -0.3192 -0.6052
vn 0.6219 0.5873 -0.5180
vn 0.1639 -0.9766 -0.1390
vn 0.3820 -0.9129 -0.1437
vn 0.1945 -0.9781 -0.0738
vn 0.1945 0.9781 -0.0738
vn 0.8854 -0.3291 -0.3284
vn 0.7492 -0.6007 -0.2791
vn 0.7492 0.6007 -0.2791
vn 0.8854 0.3291 -0.3284
vn 0.3820 0.9129 -0.1437
vn 0.5711 -0.7925 -0.2138
vn 0.9378 -0.0000 -0.3472
vn 0.5711 0.7925 -0.2138
vn 0.4033 0.9151 -0.0000
vn 0.6044 0.7967 -0.0000
vn 0.6044 -0.7967 -0.0000
vn 0.4033 -0.9151 -0.0000
vn 0.9429 -0.3331 -0.0000
vn 0.7955 0.6060 -0.0000
vn 0.2053 -0.9787 -0.0000
vn 0.2053 0.9787 -0.0000
vn 0.7955 -0.6060 -0.0000
vn 0.9429 0.3331 -0.0000
vn 0.1945 -0.9781 0.0738
vn 0.1945 0.9781 0.0738
vn 0.3820 0.9129 0.1437
vn 0.7492 -0.6007 0.2791
vn 0.5711 -0.7925 0.2138
vn 0.8854 0.3291 0.3284
vn 0.9378 -0.0000 0.3472
vn 0.5711 0.7925 0.2138
vn 0.3820 -0.9129 0.1437
vn 0.8854 -0.3291 0.3284
vn 0.7492 0.6007 0.2791
vn 0.4780 0.7820 0.4001
vn 0.6219 0.5873 0.5180
vn 0.3216 -0.9074 0.2706
vn 0.1639 -0.9766 0.1390
vn 0.1639 0.9766 0.1390
vn 0.7293 -0.3192 0.6052
vn 0.6219 -0.5873 0.5180
vn 0.7293 0.3192 0.6052
vn 0.3216 0.9074 0.2706
vn 0.4780 -0.7820 0.4001
vn 0.7701 -0.0000 0.6380
vn 0.2309 0.9007 0.3679
vn 0.3408 0.7694 0.5402
vn 0.3408 -0.7694 0.5402
vn 0.2309 -0.9007 0.3679
vn 0.5371 -0.0000 0.8435
vn 0.5105 -0.3079 0.8029
vn 0.4391 0.5718 0.6930
vn 0.1178 -0.9748 0.1893
vn 0.1178 0.9748 0.1893
vn 0.4391 -0.5718 0.6930
vn 0.5105 0.3079 0.8029
vn 0.2258 0.5600 0.7971
vn 0.2608 0.2995 0.9177
vn 0.0614 -0.9734 0.2208
vn 0.0614 0.9734 0.2208
vn 0.1203 0.8955 0.4285
vn 0.2258 -0.5600 0.7971
vn 0.1766 -0.7597 0.6258
vn 0.2737 -0.0000 0.9618
vn 0.1766 0.7597 0.6258
vn 0.1203 -0.8955 0.4285
vn 0.2608 -0.2995 0.9177
vn -0.0000 0.7561 0.6545
vn -0.0000 0.5557 0.8314
vn -0.0000 -0.8935 0.4490
vn -0.0000 -0.9729 0.2314
vn -0.0000 0.9729 0.2314
vn -0.0000 -0.2964 0.9550
vn -0.0000 -0.5557 0.8314
vn -0.0000 0.2964 0.9550
vn -0.0000 0.8935 0.4490
vn -0.0000 -0.7561 0.6545
vn -0.2608 0.2995 0.9177
vn -0.2737 -0.0000 0.9618
vn -0.1203 0.8955 0.4285
vn -0.1766 0.7597 0.6258
vn -0.1766 -0.7597 0.6258
vn -0.1203 -0.8955 0.4285
vn -0.2608 -0.2995 0.9177
vn -0.2258 0.5600 0.7971
vn -0.0614 -0.9734 0.2208
vn -0.0614 0.9734 0.2208
vn -0.2258 -0.5600 0.7971
vn -0.4391 0.5718 0.6930
vn -0.5105 0.3079 0.8029
vn -0.1178 -0.9748 0.1893
vn -0.1178 0.9748 0.1893
vn -0.2309 0.9007 0.3679
vn -0.4391 -0.5718 0.6930
vn -0.3408 -0.7694 0.5402
vn -0.5371 -0.0000 0.8435
vn -0.3408 0.7694 0.5402
vn -0.2309 -0.9007 0.3679
vn -0.5105 -0.3079 0.8029
vn -0.7701 -0.0000 0.6380
vn -0.7293 -0.3192 0.6052
vn -0.4780 0.7820 0.4001
vn -0.6219 0.5873 0.5180
vn -0.3216 -0.9074 0.2706
vn -0.1639 -0.9766 0.1390
vn -0.1639 0.9766 0.1390
vn -0.6219 -0.5873 0.5180
vn -0.7293 0.3192 0.6052
vn -0.3216 0.9074 0.2706
vn -0.4780 -0.7820 0.4001
vn -0.8854 0.3291 0.3284
vn -0.9378 -0.0000 0.3472
vn -0.3820 0.9129 0.1437
vn -0.5711 0.7925 0.2138
vn -0.5711 -0.7925 0.2138
vn -0.3820 -0.9129 0.1437
vn -0.8854 -0.3291 0.3284
vn -0.7492 0.6007 0.2791
vn -0.1945 -0.9781 0.0738
vn -0.1945 0.9781 0.0738
vn -0.7492 -0.6007 0.2791
vn -0.9429 -0.3331 -0.0000
vn -0.7955 -0.6060 -0.0000
vn -0.7955 0.6060 -0.0000
vn -0.9429 0.3331 -0.0000
vn -0.2053 -0.9787 -0.0000
vn -0.2053 0.9787 -0.0000
vn -0.4033 0.9151 -0.0000
vn -0.6044 -0.7967 -0.0000
vn -0.6044 0.7967 -0.0000
vn -0.4033 -0.9151 -0.0000
vn -0.9378 -0.0000 -0.3472
vn -0.8854 -0.3291 -0.3284
vn -0.5711 0.7925 -0.2138
vn -0.7492 0.6007 -0.2791
vn -0.3820 -0.9129 -0.1437
vn -0.1945 -0.9781 -0.0738
vn -0.1945 0.9781 -0.0738
vn -0.7492 -0.6007 -0.2791
vn -0.8854 0.3291 -0.3284
vn -0.3820 0.9129 -0.1437
vn -0.5711 -0.7925 -0.2138
vn -0.6219 -0.5873 -0.5180
vn -0.4780 -0.7820 -0.4001
vn -0.7293 0.3192 -0.6052
vn -0.7701 -0.0000 -0.6380
vn -0.3216 0.9074 -0.2706
vn -0.4780 0.7820 -0.4001
vn -0.3216 -0.9074 -0.2706
vn -0.7293 -0.3192 -0.6052
vn -0.6219 0.5873 -0.5180
vn -0.1639 -0.9766 -0.1390
vn -0.1639 0.9766 -0.1390
vn -0.1178 0.9748 -0.1893
vn -0.5105 -0.3079 -0.8029
vn -0.4391 -0.5718 -0.6930
vn -0.4391 0.5718 -0.6930
vn -0.5105 0.3079 -0.8029
vn -0.1178 -0.9748 -0.1893
vn -0.2309 0.9007 -0.3679
vn -0.3408 -0.7694 -0.5402
vn -0.5371 -0.0000 -0.8435
vn -0.3408 0.7694 -0.5402
vn -0.2309 -0.9007 -0.3679
vn -0.1766 -0.7597 -0.6258
vn -0.1203 -0.8955 -0.4285
vn -0.2737 -0.0000 -0.9618
vn -0.2608 -0.2995 -0.9177
vn -0.1766 0.7597 -0.6258
vn -0.2258 0.5600 -0.7971
vn -0.0614 -0.9734 -0.2208
vn -0.0614 0.9734 -0.2208
vn -0.2258 -0.5600 -0.7971
vn -0.2608 0.2995 -0.9177
vn -0.1203 0.8955 -0.4285
vn -0.0000 0.7661 -0.6427
vn -0.0000 0.8990 -0.4379
vn 0.1241 0.9002 -0.4174
vn 0.1829 0.7684 -0.6133
vn -0.0000 -0.8990 -0.4379
vn -0.0000 -0.7661 -0.6427
vn 0.1829 -0.7684 -0.6133
vn 0.1241 -0.9002 -0.4174
vn -0.0000 -0.3049 -0.9524
vn 0.2872 -0.0000 -0.9579
vn 0.2731 -0.3069 -0.9117
vn -0.0000 0.5677 -0.8233
vn 0.2353 0.5704 -0.7870
vn -0.0000 -0.9744 -0.2249
vn 0.0634 -0.9747 -0.2143
vn -0.0000 0.9744 -0.2249
vn 0.0634 0.9747 -0.2143
vn -0.0000 -0.5677 -0.8233
vn 0.2353 -0.5704 -0.7870
vn -0.0000 0.3049 -0.9524
vn 0.2731 0.3069 -0.9117
vn 0.1211 0.9756 -0.1832
vn 0.5288 -0.3122 -0.7893
vn 0.4536 -0.5778 -0.6785
vn 0.4536 0.5778 -0.6785
vn 0.5288 0.3122 -0.7893
vn 0.1211 -0.9756 -0.1832
vn 0.2373 0.9034 -0.3571
vn 0.3510 -0.7744 -0.5265
vn 0.5569 -0.0000 -0.8306
vn 0.3510 0.7744 -0.5265
vn 0.2373 -0.9034 -0.3571
vn 0.4887 -0.7820 -0.3869
vn 0.3290 -0.9074 -0.2613
vn 0.7858 -0.0000 -0.6184
vn 0.7445 -0.3191 -0.5864
vn 0.4887 0.7820 -0.3869
vn 0.6353 0.5872 -0.5016
vn 0.1678 -0.9767 -0.1340
vn 0.1678 0.9767 -0.1340
vn 0.6353 -0.5872 -0.5016
vn 0.7445 0.3191 -0.5864
vn 0.3290 0.9074 -0.2613
vn 0.1984 0.9776 -0.0708
vn 0.3892 0.9107 -0.1382
vn 0.7578 -0.5951 -0.2676
vn 0.5801 -0.7883 -0.2054
vn 0.8920 0.3249 -0.3142
vn 0.9433 -0.0000 -0.3319
vn 0.5801 0.7883 -0.2054
vn 0.3892 -0.9107 -0.1382
vn 0.8920 -0.3249 -0.3142
vn 0.7578 0.5951 -0.2676
vn 0.1984 -0.9776 -0.0708
vn 0.4102 -0.9120 -0.0000
vn 0.2090 -0.9779 -0.0000
vn 0.2090 0.9779 -0.0000
vn 0.9449 -0.3272 -0.0000
vn 0.8013 -0.5982 -0.0000
vn 0.8013 0.5982 -0.0000
vn 0.9449 0.3272 -0.0000
vn 0.4102 0.9120 -0.0000
vn 0.6122 -0.7907 -0.0000
vn 0.6122 0.7907 -0.0000
vn 0.3892 0.9107 0.1382
vn 0.5801 0.7883 0.2054
vn 0.5801 -0.7883 0.2054
vn 0.3892 -0.9107 0.1382
vn 0.9433 -0.0000 0.3319
vn 0.8920 -0.3249 0.3142
vn 0.7578 0.5951 0.2676
vn 0.1984 -0.9776 0.0708
vn 0.1984 0.9776 0.0708
vn 0.7578 -0.5951 0.2676
vn 0.8920 0.3249 0.3142
vn 0.1678 -0.9767 0.1340
vn 0.1678 0.9767 0.1340
vn 0.3290 0.9074 0.2613
vn 0.6353 -0.5872 0.5016
vn 0.4887 -0.7820 0.3869
vn 0.7445 0.3191 0.5864
vn 0.7858 -0.0000 0.6184
vn 0.4887 0.7820 0.3869
vn 0.3290 -0.9074 0.2613
vn 0.7445 -0.3191 0.5864
vn 0.6353 0.5872 0.5016
vn 0.3510 0.7744 0.5265
vn 0.4536 0.5778 0.6785
vn 0.2373 -0.9034 0.3571
vn 0.1211 -0.9756 0.1832
vn 0.1211 0.9756 0.1832
vn 0.5288 -0.3122 0.7893
vn 0.4536 -0.5778 0.6785
vn 0.5288 0.3122 0.7893
vn 0.2373 0.9034 0.3571
vn 0.3510 -0.7744 0.5265
vn 0.5569 -0.0000 0.8306
vn 0.1241 0.9002 0.4174
vn 0.1829 0.7684 0.6133
vn 0.1829 -0.7684 0.6133
vn 0.1241 -0.9002 0.4174
vn 0.2872 -0.0000 0.9579
vn 0.2731 -0.3069 0.9117
vn 0.2353 0.5704 0.7870
vn 0.0634 -0.9747 0.2143
vn 0.0634 0.9747 0.2143
vn 0.2353 -0.5704 0.7870
vn 0.2731 0.3069 0.9117
vn -0.0000 0.5677 0.8233
vn -0.0000 0.3049 0.9524
vn -0.0000 -0.9744 0.2249
vn -0.0000 0.9744 0.2249
vn -0.0000 0.8990 0.4379
vn -0.0000 -0.5677 0.8233
vn -0.0000 -0.7661 0.6427
vn -0.0000 0.7661 0.6427
vn -0.0000 -0.8990 0.4379
vn -0.0000 -0.3049 0.9524
vn -0.1829 0.7684 0.6133
vn -0.2353 0.5704 0.7870
vn -0.1241 -0.9002 0.4174
vn -0.0634 -0.9747 0.2143
vn -0.0634 0.9747 0.2143
vn -0.2731 -0.3069 0.9117
vn -0.2353 -0.5704 0.7870
vn -0.2731 0.3069 0.9117
vn -0.1241 0.9002 0.4174
vn -0.1829 -0.7684 0.6133
vn -0.2872 -0.0000 0.9579
vn -0.5288 0.3122 0.7893
vn -0.5569 -0.0000 0.8306
vn -0.2373 0.9034 0.3571
vn -0.3510 0.7744 0.5265
vn -0.3510 -0.7744 0.5265
vn -0.2373 -0.9034 0.3571
vn -0.5288 -0.3122 0.7893
vn -0.4536 0.5778 0.6785
vn -0.1211 -0.9756 0.1832
vn -0.1211 0.9756 0.1832
vn -0.4536 -0.5778 0.6785
vn -0.6353 0.5872 0.5016
vn -0.7445 0.3191 0.5864
vn -0.1678 -0.9767 0.1340
vn -0.1678 0.9767 0.1340
vn -0.3290 0.9074 0.2613
vn -0.6353 -0.5872 0.5016
vn -0.4887 -0.7820 0.3869
vn -0.7858 -0.0000 0.6184
vn -0.4887 0.7820 0.3869
vn -0.3290 -0.9074 0.2613
vn -0.7445 -0.3191 0.5864
vn -0.9433 -0.0000 0.3319
vn -0.8920 -0.3249 0.3142
vn -0.5801 0.7883 0.2054
vn -0.7578 0.5951 0.2676
vn -0.3892 -0.9107 0.1382
vn -0.1984 -0.9776 0.0708
vn -0.1984 0.9776 0.0708
vn -0.7578 -0.5951 0.2676
vn -0.8920 0.3249 0.3142
vn -0.3892 0.9107 0.1382
vn -0.5801 -0.7883 0.2054
vn -0.9449 0.3272 -0.0000
vn -0.4102 0.9120 -0.0000
vn -0.6122 0.7907 -0.0000
vn -0.6122 -0.7907 -0.0000
vn -0.4102 -0.9120 -0.0000
vn -0.9449 -0.3272 -0.0000
vn -0.8013 0.5982 -0.0000
vn -0.2090 -0.9779 -0.0000
vn -0.2090 0.9779 -0.0000
vn -0.8013 -0.5982 -0.0000
vn -0.8920 -0.3249 -0.3142
vn -0.7578 -0.5951 -0.2676
vn -0.7578 0.5951 -0.2676
vn -0.8920 0.3249 -0.3142
vn -0.1984 -0.9776 -0.0708
vn -0.1984 0.9776 -0.0708
vn -0.3892 0.9107 -0.1382
vn -0.5801 -0.7883 -0.2054
vn -0.9433 -0.0000 -0.3319
vn -0.5801 0.7883 -0.2054
vn -0.3892 -0.9107 -0.1382
vn -0.7858 -0.0000 -0.6184
vn -0.7445 -0.3191 -0.5864
vn -0.4887 0.7820 -0.3869
vn -0.6353 0.5872 -0.5016
vn -0.3290 -0.9074 -0.2613
vn -0.1678 -0.9767 -0.1340
vn -0.1678 0.9767 -0.1340
vn -0.6353 -0.5872 -0.5016
vn -0.7445 0.3191 -0.5864
vn -0.3290 0.9074 -0.2613
vn -0.4887 -0.7820 -0.3869
vn -0.4536 -0.5778 -0.6785
vn -0.3510 -0.7744 -0.5265
vn -0.5288 0.3122 -0.7893
vn -0.5569 -0.0000 -0.8306
vn -0.2373 0.9034 -0.3571
vn -0.3510 0.7744 -0.5265
vn -0.2373 -0.9034 -0.3571
vn -0.5288 -0.3122 -0.7893
vn -0.4536 0.5778 -0.6785
vn -0.1211 -0.9756 -0.1832
vn -0.1211 0.9756 -0.1832
vn -0.0634 0.9747 -0.2143
vn -0.2731 -0.3069 -0.9117
vn -0.2353 -0.5704 -0.7869
vn -0.2353 0.5704 -0.7870
vn -0.2731 0.3069 -0.9117
vn -0.0634 -0.9747 -0.2143
vn -0.1241 0.9002 -0.4174
vn -0.1829 -0.7684 -0.6133
vn -0.2872 -0.0000 -0.9579
vn -0.1829 0.7684 -0.6133
vn -0.1241 -0.9002 -0.4174
vt 0.455114 0.910859
vt 0.432628 0.910850
vt 0.432628 0.876465
vt 0.455114 0.876474
vt 0.908653 0.607093
vt 0.908653 0.584607
vt 0.923885 0.584607
vt 0.923885 0.607093
vt 0.210374 0.911160
vt 0.187888 0.911156
vt 0.187888 0.876772
vt 0.210374 0.876777
vt 0.909224 0.300000
vt 0.909224 0.277515
vt 0.924456 0.277515
vt 0.924456 0.300000
vt 0.244680 0.903971
vt 0.259912 0.903971
vt 0.259912 0.938425
vt 0.244680 0.938425
vt 0.909224 0.237044
vt 0.924456 0.237044
vt 0.924456 0.271498
vt 0.909224 0.271498
vt 0.606199 0.823439
vt 0.461130 0.823382
vt 0.461130 0.606212
vt 0.606199 0.606269
vt 0.684751 0.310050
vt 0.829822 0.310050
vt 0.829822 0.600194
vt 0.684751 0.600194
vt 0.757287 0.823404
vt 0.612216 0.823372
vt 0.612216 0.606212
vt 0.757287 0.606243
vt 0.695631 0.003010
vt 0.840697 0.003008
vt 0.840697 0.293151
vt 0.695631 0.293153
vt 0.461130 0.600195
vt 0.461130 0.310052
vt 0.678734 0.310050
vt 0.678734 0.600193
vt 0.689615 0.003010
vt 0.689615 0.293153
vt 0.472010 0.293151
vt 0.472010 0.003008
vt 0.775997 0.834245
vt 0.763303 0.834240
vt 0.763303 0.606212
vt 0.775997 0.606217
vt 0.846714 0.003008
vt 0.859408 0.003008
vt 0.859408 0.304032
vt 0.846714 0.304032
vt 0.794707 0.834233
vt 0.782013 0.834230
vt 0.782013 0.606212
vt 0.794707 0.606215
vt 0.865424 0.003008
vt 0.878118 0.003008
vt 0.878118 0.304032
vt 0.865424 0.304032
vt 0.003008 0.304034
vt 0.003008 0.003010
vt 0.231493 0.003008
vt 0.231493 0.304032
vt 0.465994 0.003010
vt 0.465994 0.304034
vt 0.237509 0.304032
vt 0.237509 0.003008
vt 0.924099 0.839691
vt 0.919747 0.839689
vt 0.919747 0.617090
vt 0.924099 0.617092
vt 0.409808 0.611652
vt 0.414160 0.611652
vt 0.414160 0.907235
vt 0.409808 0.907235
vt 0.924670 0.225599
vt 0.920318 0.225598
vt 0.920318 0.003008
vt 0.924670 0.003009
vt 0.420177 0.611652
vt 0.424529 0.611652
vt 0.424529 0.907235
vt 0.420177 0.907235
vt 0.003008 0.605635
vt 0.003008 0.310052
vt 0.226053 0.310050
vt 0.226053 0.605633
vt 0.455114 0.310052
vt 0.455114 0.605635
vt 0.232069 0.605633
vt 0.232069 0.310050
vt 0.528291 0.991747
vt 0.523213 0.991745
vt 0.523213 0.985230
vt 0.528291 0.985232
vt 0.824745 0.606210
vt 0.829822 0.606210
vt 0.829822 0.907234
vt 0.824745 0.907234
vt 0.302511 0.992580
vt 0.297434 0.992579
vt 0.297434 0.986064
vt 0.302511 0.986065
vt 0.329249 0.611652
vt 0.334326 0.611652
vt 0.334326 0.912675
vt 0.329249 0.912675
vt 0.896679 0.304032
vt 0.896679 0.003008
vt 0.903207 0.003008
vt 0.903207 0.304032
vt 0.902636 0.310050
vt 0.902636 0.611074
vt 0.896108 0.611074
vt 0.896108 0.310050
vt 0.464969 0.991598
vt 0.459892 0.991596
vt 0.459892 0.985081
vt 0.464969 0.985083
vt 0.813650 0.606210
vt 0.818728 0.606210
vt 0.818728 0.907234
vt 0.813650 0.907234
vt 0.991782 0.948904
vt 0.986705 0.948903
vt 0.986705 0.942388
vt 0.991782 0.942389
vt 0.802557 0.606210
vt 0.807634 0.606210
vt 0.807634 0.907234
vt 0.802557 0.907234
vt 0.884134 0.304032
vt 0.884134 0.003008
vt 0.890662 0.003008
vt 0.890662 0.304032
vt 0.890091 0.310050
vt 0.890091 0.611074
vt 0.883563 0.611074
vt 0.883563 0.310050
vt 0.913730 0.845121
vt 0.908653 0.845119
vt 0.908653 0.617090
vt 0.913730 0.617092
vt 0.323083 0.989922
vt 0.318006 0.989922
vt 0.318006 0.983394
vt 0.323083 0.983394
vt 0.924824 0.538070
vt 0.919747 0.538069
vt 0.919747 0.310050
vt 0.924824 0.310051
vt 0.470986 0.985079
vt 0.476063 0.985079
vt 0.476063 0.991607
vt 0.470986 0.991607
vt 0.883563 0.617090
vt 0.890091 0.617090
vt 0.890091 0.845575
vt 0.883563 0.845575
vt 0.896108 0.617090
vt 0.902636 0.617090
vt 0.902636 0.845575
vt 0.896108 0.845575
vt 0.913730 0.538081
vt 0.908653 0.538079
vt 0.908653 0.310050
vt 0.913730 0.310052
vt 0.703061 0.982984
vt 0.708138 0.982984
vt 0.708138 0.989513
vt 0.703061 0.989513
vt 0.914301 0.231028
vt 0.909224 0.231027
vt 0.909224 0.003008
vt 0.914301 0.003009
vt 0.647391 0.984188
vt 0.652469 0.984188
vt 0.652469 0.990716
vt 0.647391 0.990716
vt 0.443090 0.611652
vt 0.449618 0.611652
vt 0.449618 0.840136
vt 0.443090 0.840136
vt 0.430545 0.611652
vt 0.437074 0.611652
vt 0.437074 0.840136
vt 0.430545 0.840136
vt 0.003008 0.912015
vt 0.003008 0.766946
vt 0.008799 0.766944
vt 0.008799 0.912013
vt 0.107524 0.857037
vt 0.107524 0.711966
vt 0.113327 0.711966
vt 0.113327 0.857037
vt 0.067053 0.912016
vt 0.067053 0.766946
vt 0.072844 0.766944
vt 0.072844 0.912015
vt 0.171497 0.875742
vt 0.171497 0.730676
vt 0.177299 0.730676
vt 0.177299 0.875742
vt 0.721985 0.988790
vt 0.721985 0.982987
vt 0.727787 0.982987
vt 0.727787 0.988790
vt 0.638985 0.983903
vt 0.638985 0.989706
vt 0.633183 0.989706
vt 0.633182 0.983903
vt 0.014816 0.912015
vt 0.014816 0.766946
vt 0.020607 0.766944
vt 0.020607 0.912013
vt 0.043479 0.857036
vt 0.043479 0.711965
vt 0.049282 0.711965
vt 0.049282 0.857036
vt 0.026624 0.912016
vt 0.026624 0.766945
vt 0.032415 0.766944
vt 0.032415 0.912015
vt 0.228290 0.875740
vt 0.228290 0.730674
vt 0.234093 0.730674
vt 0.234093 0.875740
vt 0.760930 0.987730
vt 0.760930 0.981927
vt 0.766733 0.981927
vt 0.766733 0.987730
vt 0.960133 0.982354
vt 0.960133 0.988157
vt 0.954331 0.988157
vt 0.954331 0.982354
vt 0.636286 0.960169
vt 0.636286 0.918461
vt 0.641354 0.918459
vt 0.641354 0.960167
vt 0.835839 0.310050
vt 0.877546 0.310050
vt 0.877546 0.589313
vt 0.835839 0.589313
vt 0.329249 0.960401
vt 0.329249 0.918693
vt 0.334316 0.918692
vt 0.334316 0.960400
vt 0.835839 0.595330
vt 0.877545 0.595330
vt 0.877545 0.874593
vt 0.835839 0.874593
vt 0.398714 0.890915
vt 0.398714 0.611652
vt 0.403792 0.611652
vt 0.403792 0.890914
vt 0.392697 0.611652
vt 0.392697 0.890915
vt 0.387620 0.890915
vt 0.387620 0.611652
vt 0.484256 0.990871
vt 0.482080 0.990870
vt 0.482080 0.985079
vt 0.484256 0.985080
vt 0.930115 0.617090
vt 0.932291 0.617090
vt 0.932291 0.896353
vt 0.930115 0.896353
vt 0.279591 0.995518
vt 0.277415 0.995518
vt 0.277415 0.989727
vt 0.279591 0.989727
vt 0.938308 0.617090
vt 0.940484 0.617090
vt 0.940484 0.896353
vt 0.938308 0.896353
vt 0.363981 0.890915
vt 0.363981 0.611652
vt 0.369784 0.611652
vt 0.369784 0.890914
vt 0.381603 0.611652
vt 0.381603 0.890915
vt 0.375801 0.890915
vt 0.375801 0.611652
vt 0.828488 0.995318
vt 0.826312 0.995317
vt 0.826312 0.989526
vt 0.828488 0.989527
vt 0.930687 0.003008
vt 0.932863 0.003008
vt 0.932863 0.282271
vt 0.930687 0.282271
vt 0.101328 0.995610
vt 0.099152 0.995610
vt 0.099152 0.989819
vt 0.101328 0.989819
vt 0.930841 0.310050
vt 0.933017 0.310050
vt 0.933017 0.589313
vt 0.930841 0.589313
vt 0.352162 0.890915
vt 0.352162 0.611652
vt 0.357965 0.611652
vt 0.357965 0.890915
vt 0.346145 0.611652
vt 0.346145 0.890915
vt 0.340343 0.890915
vt 0.340343 0.611652
vt 0.545469 0.937875
vt 0.533390 0.914986
vt 0.535692 0.914986
vt 0.534591 0.919991
vt 0.523213 0.937875
vt 0.537994 0.928232
vt 0.530921 0.928232
vt 0.539262 0.931168
vt 0.529586 0.931168
vt 0.542132 0.937875
vt 0.526550 0.937875
vt 0.031514 0.920969
vt 0.011894 0.918032
vt 0.031514 0.918033
vt 0.017934 0.920969
vt 0.026375 0.937852
vt 0.032415 0.940788
vt 0.011894 0.937851
vt 0.011894 0.940788
vt 0.855458 0.920390
vt 0.835839 0.917454
vt 0.855458 0.917454
vt 0.841878 0.920390
vt 0.850320 0.937273
vt 0.856359 0.940209
vt 0.835839 0.937273
vt 0.835839 0.940209
vt 0.797935 0.986133
vt 0.794665 0.963378
vt 0.797935 0.963378
vt 0.794665 0.986133
vt 0.682103 0.946193
vt 0.678833 0.926374
vt 0.682103 0.923438
vt 0.674996 0.923438
vt 0.673809 0.923497
vt 0.672733 0.923672
vt 0.671767 0.923953
vt 0.670909 0.924332
vt 0.670158 0.924803
vt 0.669511 0.925356
vt 0.668969 0.925984
vt 0.674996 0.926374
vt 0.668528 0.926680
vt 0.678833 0.933414
vt 0.674296 0.926410
vt 0.673678 0.926515
vt 0.673138 0.926681
vt 0.668188 0.927435
vt 0.672673 0.926903
vt 0.672277 0.927172
vt 0.671947 0.927483
vt 0.667947 0.928241
vt 0.671679 0.927829
vt 0.671469 0.928203
vt 0.671313 0.928598
vt 0.667803 0.929091
vt 0.671206 0.929007
vt 0.671145 0.929425
vt 0.667755 0.929977
vt 0.671126 0.929844
vt 0.671158 0.930390
vt 0.667806 0.930852
vt 0.671253 0.930896
vt 0.667958 0.931689
vt 0.671409 0.931359
vt 0.671622 0.931778
vt 0.668213 0.932479
vt 0.671892 0.932152
vt 0.672214 0.932479
vt 0.668574 0.933216
vt 0.672587 0.932760
vt 0.673009 0.932992
vt 0.673476 0.933175
vt 0.673987 0.933307
vt 0.669041 0.933893
vt 0.674539 0.933387
vt 0.675129 0.933414
vt 0.678833 0.936350
vt 0.669616 0.934502
vt 0.670301 0.935037
vt 0.671097 0.935491
vt 0.672007 0.935856
vt 0.673031 0.936126
vt 0.674171 0.936293
vt 0.675430 0.936350
vt 0.678833 0.946193
vt 0.785378 0.936140
vt 0.795155 0.913251
vt 0.797457 0.913251
vt 0.796256 0.918256
vt 0.807634 0.936140
vt 0.792852 0.926497
vt 0.799926 0.926497
vt 0.791585 0.929433
vt 0.801261 0.929433
vt 0.788715 0.936140
vt 0.804297 0.936140
vt 0.162252 0.920113
vt 0.162252 0.917177
vt 0.181871 0.917177
vt 0.175832 0.920113
vt 0.167390 0.936997
vt 0.161351 0.939933
vt 0.181871 0.936997
vt 0.181871 0.939933
vt 0.215674 0.920113
vt 0.215674 0.917177
vt 0.235294 0.917177
vt 0.229254 0.920113
vt 0.220812 0.936997
vt 0.214773 0.939933
vt 0.235294 0.936997
vt 0.235294 0.939933
vt 0.785378 0.986134
vt 0.785378 0.963378
vt 0.788648 0.963378
vt 0.788648 0.986134
vt 0.647391 0.946193
vt 0.647391 0.923437
vt 0.650661 0.926374
vt 0.654498 0.923437
vt 0.655685 0.923497
vt 0.656761 0.923672
vt 0.657727 0.923953
vt 0.658585 0.924332
vt 0.659337 0.924803
vt 0.659983 0.925356
vt 0.660526 0.925985
vt 0.654498 0.926374
vt 0.660967 0.926680
vt 0.650661 0.933414
vt 0.655198 0.926410
vt 0.655816 0.926515
vt 0.656356 0.926681
vt 0.661307 0.927435
vt 0.656822 0.926903
vt 0.657217 0.927172
vt 0.657547 0.927483
vt 0.661548 0.928242
vt 0.657815 0.927829
vt 0.658025 0.928203
vt 0.658182 0.928598
vt 0.661691 0.929092
vt 0.658288 0.929008
vt 0.658350 0.929425
vt 0.661739 0.929977
vt 0.658369 0.929844
vt 0.658337 0.930391
vt 0.661689 0.930853
vt 0.658242 0.930896
vt 0.661537 0.931689
vt 0.658086 0.931359
vt 0.657872 0.931778
vt 0.661281 0.932479
vt 0.657603 0.932152
vt 0.657280 0.932480
vt 0.660921 0.933216
vt 0.656907 0.932760
vt 0.656486 0.932993
vt 0.656018 0.933175
vt 0.655507 0.933307
vt 0.660454 0.933893
vt 0.654955 0.933387
vt 0.654365 0.933414
vt 0.650661 0.936350
vt 0.659879 0.934503
vt 0.659194 0.935038
vt 0.658397 0.935491
vt 0.657488 0.935857
vt 0.656464 0.936126
vt 0.655323 0.936293
vt 0.654065 0.936350
vt 0.650661 0.946193
vt 0.274790 0.909700
vt 0.275871 0.909876
vt 0.275861 0.909920
vt 0.274785 0.909744
vt 0.274794 0.909659
vt 0.275880 0.909837
vt 0.274798 0.909627
vt 0.275887 0.909805
vt 0.360111 0.979250
vt 0.360111 0.978158
vt 0.360151 0.978163
vt 0.360152 0.979252
vt 0.360067 0.979249
vt 0.360066 0.978157
vt 0.356077 0.979248
vt 0.356076 0.978156
vt 0.356032 0.979249
vt 0.356032 0.978158
vt 0.355992 0.979251
vt 0.355991 0.978162
vt 0.355960 0.979255
vt 0.355959 0.978170
vt 0.821406 0.913383
vt 0.820325 0.913558
vt 0.820316 0.913519
vt 0.821402 0.913343
vt 0.821411 0.913427
vt 0.820335 0.913602
vt 0.276842 0.910160
vt 0.276827 0.910203
vt 0.276856 0.910122
vt 0.276867 0.910092
vt 0.360109 0.977176
vt 0.360150 0.977183
vt 0.360064 0.977173
vt 0.356075 0.977173
vt 0.356030 0.977175
vt 0.355990 0.977182
vt 0.819340 0.913803
vt 0.819329 0.913773
vt 0.820309 0.913488
vt 0.819354 0.913840
vt 0.819369 0.913883
vt 0.277705 0.910544
vt 0.277684 0.910583
vt 0.277724 0.910508
vt 0.277739 0.910479
vt 0.360107 0.976301
vt 0.360148 0.976311
vt 0.360062 0.976297
vt 0.356073 0.976297
vt 0.356028 0.976300
vt 0.355988 0.976310
vt 0.818471 0.914187
vt 0.818456 0.914159
vt 0.818490 0.914223
vt 0.818511 0.914262
vt 0.278462 0.911019
vt 0.278435 0.911055
vt 0.278486 0.910986
vt 0.278505 0.910960
vt 0.360105 0.975533
vt 0.360145 0.975545
vt 0.360060 0.975529
vt 0.356070 0.975528
vt 0.356026 0.975532
vt 0.355985 0.975545
vt 0.817709 0.914664
vt 0.817690 0.914638
vt 0.817733 0.914696
vt 0.817759 0.914733
vt 0.279112 0.911577
vt 0.279081 0.911609
vt 0.279141 0.911549
vt 0.279164 0.911526
vt 0.360102 0.974872
vt 0.360142 0.974886
vt 0.360057 0.974867
vt 0.356067 0.974866
vt 0.356022 0.974871
vt 0.355982 0.974886
vt 0.817053 0.915226
vt 0.817030 0.915203
vt 0.817081 0.915254
vt 0.817113 0.915286
vt 0.279659 0.912212
vt 0.279622 0.912238
vt 0.279691 0.912187
vt 0.279717 0.912168
vt 0.930273 0.975701
vt 0.930237 0.976343
vt 0.930197 0.976355
vt 0.930233 0.975716
vt 0.930317 0.975696
vt 0.930281 0.976339
vt 0.934299 0.975698
vt 0.934262 0.976341
vt 0.934344 0.975703
vt 0.934308 0.976345
vt 0.934385 0.975718
vt 0.934349 0.976358
vt 0.816502 0.915864
vt 0.816476 0.915845
vt 0.816534 0.915888
vt 0.816570 0.915914
vt 0.280102 0.912913
vt 0.280062 0.912935
vt 0.280138 0.912894
vt 0.280166 0.912879
vt 0.930207 0.977054
vt 0.930168 0.977064
vt 0.930252 0.977051
vt 0.934233 0.977053
vt 0.934278 0.977056
vt 0.934320 0.977066
vt 0.816054 0.916570
vt 0.816026 0.916555
vt 0.816090 0.916589
vt 0.816130 0.916610
vt 0.280443 0.913674
vt 0.280401 0.913690
vt 0.280481 0.913660
vt 0.280512 0.913649
vt 0.930184 0.977825
vt 0.930145 0.977832
vt 0.930229 0.977823
vt 0.934210 0.977825
vt 0.934255 0.977827
vt 0.934297 0.977835
vt 0.815709 0.917335
vt 0.815679 0.917324
vt 0.815747 0.917349
vt 0.815789 0.917365
vt 0.280685 0.914487
vt 0.280641 0.914497
vt 0.280725 0.914478
vt 0.280756 0.914470
vt 0.930168 0.978648
vt 0.930129 0.978652
vt 0.930212 0.978646
vt 0.934194 0.978648
vt 0.934239 0.978650
vt 0.934280 0.978655
vt 0.934331 0.977846
vt 0.934314 0.978662
vt 0.815505 0.918161
vt 0.815465 0.918152
vt 0.815548 0.918171
vt 0.280828 0.915342
vt 0.280784 0.915347
vt 0.280869 0.915338
vt 0.280901 0.915334
vt 0.930158 0.979513
vt 0.930119 0.979516
vt 0.930202 0.979512
vt 0.934184 0.979515
vt 0.934229 0.979515
vt 0.934270 0.979518
vt 0.934305 0.979521
vt 0.815360 0.919016
vt 0.815320 0.919012
vt 0.815405 0.919021
vt 0.280875 0.916233
vt 0.280830 0.916233
vt 0.280915 0.916233
vt 0.280948 0.916233
vt 0.930154 0.980414
vt 0.930115 0.980414
vt 0.930199 0.980414
vt 0.934180 0.980416
vt 0.934225 0.980416
vt 0.934267 0.980416
vt 0.934301 0.980416
vt 0.815312 0.919907
vt 0.815272 0.919907
vt 0.815357 0.919907
vt 0.280823 0.917113
vt 0.280778 0.917108
vt 0.280863 0.917118
vt 0.280895 0.917122
vt 0.930157 0.981306
vt 0.930118 0.981303
vt 0.930201 0.981307
vt 0.934182 0.981309
vt 0.934228 0.981308
vt 0.934269 0.981306
vt 0.934303 0.981302
vt 0.815363 0.920788
vt 0.815323 0.920793
vt 0.815408 0.920782
vt 0.280669 0.917955
vt 0.280625 0.917944
vt 0.280708 0.917965
vt 0.280739 0.917973
vt 0.930166 0.982160
vt 0.930127 0.982155
vt 0.930210 0.982162
vt 0.934192 0.982164
vt 0.934237 0.982162
vt 0.934279 0.982157
vt 0.934313 0.982150
vt 0.815516 0.921630
vt 0.815477 0.921640
vt 0.815560 0.921619
vt 0.280410 0.918751
vt 0.280369 0.918734
vt 0.280448 0.918766
vt 0.280478 0.918778
vt 0.930182 0.982969
vt 0.930143 0.982962
vt 0.930227 0.982972
vt 0.934208 0.982974
vt 0.934253 0.982971
vt 0.934295 0.982964
vt 0.934329 0.982952
vt 0.815773 0.922426
vt 0.815736 0.922441
vt 0.815815 0.922409
vt 0.280046 0.919493
vt 0.280007 0.919471
vt 0.280081 0.919514
vt 0.280109 0.919530
vt 0.930205 0.983726
vt 0.930166 0.983715
vt 0.930250 0.983729
vt 0.934231 0.983731
vt 0.934276 0.983728
vt 0.934318 0.983718
vt 0.816101 0.923189
vt 0.816074 0.923206
vt 0.815706 0.922453
vt 0.816136 0.923169
vt 0.816175 0.923146
vt 0.279574 0.920175
vt 0.279539 0.920147
vt 0.279606 0.920201
vt 0.279631 0.920221
vt 0.930236 0.984421
vt 0.930196 0.984408
vt 0.930280 0.984426
vt 0.934261 0.984428
vt 0.934306 0.984423
vt 0.934348 0.984411
vt 0.816576 0.923877
vt 0.816551 0.923897
vt 0.816607 0.923851
vt 0.816642 0.923823
vt 0.278994 0.920789
vt 0.278963 0.920756
vt 0.279021 0.920819
vt 0.279043 0.920842
vt 0.930273 0.985048
vt 0.930233 0.985033
vt 0.930317 0.985053
vt 0.934299 0.985055
vt 0.934344 0.985050
vt 0.934385 0.985035
vt 0.817160 0.924496
vt 0.817138 0.924520
vt 0.817187 0.924466
vt 0.817217 0.924432
vt 0.278303 0.921327
vt 0.278278 0.921290
vt 0.278325 0.921361
vt 0.278343 0.921387
vt 0.214836 0.976996
vt 0.214839 0.977698
vt 0.214799 0.977709
vt 0.214796 0.977010
vt 0.214881 0.976991
vt 0.214884 0.977694
vt 0.218871 0.976991
vt 0.218874 0.977694
vt 0.218915 0.976996
vt 0.218918 0.977698
vt 0.218956 0.977010
vt 0.218959 0.977709
vt 0.817855 0.925039
vt 0.817837 0.925066
vt 0.817877 0.925005
vt 0.817902 0.924967
vt 0.277500 0.921783
vt 0.277481 0.921742
vt 0.277518 0.921819
vt 0.277532 0.921848
vt 0.214842 0.978512
vt 0.214801 0.978521
vt 0.214887 0.978509
vt 0.218876 0.978509
vt 0.218921 0.978512
vt 0.218961 0.978521
vt 0.818662 0.925498
vt 0.818648 0.925527
vt 0.818679 0.925462
vt 0.818699 0.925421
vt 0.276585 0.922149
vt 0.276571 0.922106
vt 0.276597 0.922187
vt 0.276607 0.922218
vt 0.214844 0.979438
vt 0.214803 0.979445
vt 0.214889 0.979436
vt 0.218878 0.979436
vt 0.218923 0.979439
vt 0.218963 0.979445
vt 0.819581 0.925867
vt 0.819571 0.925898
vt 0.819594 0.925829
vt 0.819608 0.925786
vt 0.275555 0.922418
vt 0.275546 0.922374
vt 0.275563 0.922458
vt 0.275569 0.922489
vt 0.214845 0.980479
vt 0.214805 0.980483
vt 0.214890 0.980477
vt 0.218879 0.980478
vt 0.218924 0.980479
vt 0.218965 0.980483
vt 0.820615 0.926140
vt 0.820609 0.926171
vt 0.820624 0.926100
vt 0.820632 0.926056
vt 0.274410 0.922584
vt 0.274405 0.922540
vt 0.274413 0.922625
vt 0.274416 0.922656
vt 0.214846 0.981634
vt 0.214805 0.981636
vt 0.214891 0.981633
vt 0.218880 0.981634
vt 0.218925 0.981634
vt 0.218965 0.981636
vt 0.821765 0.926308
vt 0.821762 0.926340
vt 0.821769 0.926267
vt 0.821773 0.926223
vt 0.273148 0.922640
vt 0.273147 0.922595
vt 0.273149 0.922680
vt 0.214806 0.982903
vt 0.214773 0.982904
vt 0.214773 0.981639
vt 0.214846 0.982903
vt 0.214891 0.982903
vt 0.218880 0.982903
vt 0.218925 0.982903
vt 0.218966 0.982903
vt 0.823029 0.926365
vt 0.823029 0.926398
vt 0.823030 0.926325
vt 0.823031 0.926280
vt 0.269788 0.922635
vt 0.269743 0.922590
vt 0.269829 0.922676
vt 0.214805 0.986192
vt 0.214773 0.986224
vt 0.214846 0.986171
vt 0.214891 0.986164
vt 0.218880 0.986164
vt 0.218925 0.986171
vt 0.218965 0.986192
vt 0.826350 0.926365
vt 0.826317 0.926398
vt 0.826390 0.926325
vt 0.826435 0.926280
vt 0.269774 0.932478
vt 0.269730 0.932433
vt 0.269815 0.932519
vt 0.269861 0.922708
vt 0.269847 0.932551
vt 0.244719 0.975537
vt 0.244719 0.985380
vt 0.244680 0.985359
vt 0.244680 0.975516
vt 0.244763 0.975544
vt 0.244763 0.985387
vt 0.248744 0.975543
vt 0.248744 0.985386
vt 0.248789 0.975536
vt 0.248789 0.985379
vt 0.248831 0.975515
vt 0.248831 0.985358
vt 0.248865 0.975483
vt 0.248865 0.985326
vt 0.826390 0.936168
vt 0.826350 0.936208
vt 0.826435 0.936123
vt 0.266415 0.932474
vt 0.266460 0.932429
vt 0.266374 0.932514
vt 0.644224 0.299202
vt 0.640720 0.299202
vt 0.640752 0.299170
vt 0.644192 0.299170
vt 0.644245 0.299243
vt 0.640699 0.299243
vt 0.644252 0.299288
vt 0.640692 0.299287
vt 0.644252 0.303277
vt 0.640692 0.303277
vt 0.644245 0.303322
vt 0.640699 0.303322
vt 0.644224 0.303362
vt 0.640720 0.303362
vt 0.829790 0.936208
vt 0.829822 0.936241
vt 0.826317 0.936241
vt 0.829750 0.936168
vt 0.829705 0.936123
vt 0.266447 0.909628
vt 0.266492 0.909673
vt 0.266406 0.909588
vt 0.739332 0.981240
vt 0.739332 0.958250
vt 0.739366 0.958282
vt 0.739366 0.981208
vt 0.739290 0.981261
vt 0.739290 0.958229
vt 0.739245 0.981268
vt 0.739245 0.958222
vt 0.735264 0.981269
vt 0.735264 0.958224
vt 0.735220 0.981262
vt 0.735220 0.958231
vt 0.735180 0.981242
vt 0.735180 0.958252
vt 0.829790 0.913283
vt 0.829822 0.913251
vt 0.829750 0.913323
vt 0.829705 0.913368
vt 0.273600 0.909638
vt 0.273599 0.909683
vt 0.273601 0.909598
vt 0.266374 0.909555
vt 0.273602 0.909565
vt 0.360111 0.987696
vt 0.360112 0.980448
vt 0.360152 0.980448
vt 0.360151 0.987676
vt 0.360066 0.987703
vt 0.360067 0.980447
vt 0.356076 0.987703
vt 0.356077 0.980447
vt 0.356032 0.987696
vt 0.356033 0.980447
vt 0.355991 0.987675
vt 0.355992 0.980448
vt 0.355959 0.987643
vt 0.355960 0.980448
vt 0.822597 0.913323
vt 0.822596 0.913283
vt 0.822598 0.913368
vt 0.551530 0.978841
vt 0.551557 0.979428
vt 0.551512 0.979432
vt 0.551485 0.978842
vt 0.551571 0.978840
vt 0.551597 0.979424
vt 0.551603 0.978839
vt 0.551629 0.979421
vt 0.993237 0.469248
vt 0.993236 0.468667
vt 0.993277 0.468665
vt 0.993277 0.469247
vt 0.993192 0.469248
vt 0.993192 0.468668
vt 0.989203 0.469251
vt 0.989202 0.468671
vt 0.989158 0.469251
vt 0.989157 0.468670
vt 0.989117 0.469251
vt 0.989117 0.468669
vt 0.989085 0.469250
vt 0.989085 0.468666
vt 0.564587 0.979143
vt 0.564614 0.978556
vt 0.564654 0.978560
vt 0.564627 0.979144
vt 0.564542 0.979142
vt 0.564569 0.978552
vt 0.551636 0.979975
vt 0.551592 0.979984
vt 0.551676 0.979967
vt 0.551708 0.979961
vt 0.993237 0.468129
vt 0.993277 0.468125
vt 0.993192 0.468131
vt 0.989202 0.468134
vt 0.989157 0.468133
vt 0.989117 0.468129
vt 0.989085 0.468122
vt 0.564693 0.978009
vt 0.564732 0.978017
vt 0.564649 0.978000
vt 0.551767 0.980481
vt 0.551724 0.980495
vt 0.551805 0.980469
vt 0.551836 0.980459
vt 0.993237 0.467634
vt 0.993277 0.467627
vt 0.993192 0.467636
vt 0.989203 0.467639
vt 0.989158 0.467637
vt 0.989117 0.467631
vt 0.564862 0.977515
vt 0.564892 0.977525
vt 0.564764 0.978023
vt 0.564824 0.977503
vt 0.564781 0.977489
vt 0.551947 0.980943
vt 0.551907 0.980962
vt 0.551984 0.980926
vt 0.552013 0.980913
vt 0.993237 0.467182
vt 0.993278 0.467173
vt 0.993193 0.467185
vt 0.989203 0.467188
vt 0.989158 0.467185
vt 0.989118 0.467177
vt 0.565041 0.977058
vt 0.565069 0.977071
vt 0.565004 0.977041
vt 0.564963 0.977022
vt 0.552177 0.981360
vt 0.552139 0.981384
vt 0.552211 0.981337
vt 0.552238 0.981320
vt 0.993238 0.466777
vt 0.993279 0.466765
vt 0.993194 0.466781
vt 0.989204 0.466784
vt 0.989159 0.466780
vt 0.989119 0.466769
vt 0.565267 0.976646
vt 0.565294 0.976664
vt 0.565233 0.976624
vt 0.565196 0.976600
vt 0.552453 0.981728
vt 0.552419 0.981757
vt 0.552484 0.981701
vt 0.552508 0.981680
vt 0.993240 0.466419
vt 0.993280 0.466405
vt 0.993195 0.466424
vt 0.989205 0.466427
vt 0.989161 0.466422
vt 0.989120 0.466409
vt 0.565540 0.976283
vt 0.565564 0.976304
vt 0.565510 0.976256
vt 0.565476 0.976227
vt 0.552776 0.982045
vt 0.552747 0.982080
vt 0.552803 0.982014
vt 0.552823 0.981990
vt 0.476103 0.303981
vt 0.476122 0.303670
vt 0.476164 0.303684
vt 0.476144 0.303997
vt 0.476058 0.303976
vt 0.476077 0.303666
vt 0.472076 0.303976
vt 0.472096 0.303666
vt 0.989162 0.466114
vt 0.989207 0.466119
vt 0.989121 0.466098
vt 0.565859 0.975970
vt 0.565880 0.975994
vt 0.565833 0.975939
vt 0.565804 0.975904
vt 0.553145 0.982311
vt 0.553121 0.982349
vt 0.553166 0.982276
vt 0.553183 0.982248
vt 0.476139 0.303315
vt 0.476180 0.303326
vt 0.476094 0.303311
vt 0.472112 0.303311
vt 0.472051 0.303670
vt 0.472068 0.303315
vt 0.472012 0.303684
vt 0.472029 0.303326
vt 0.566222 0.975708
vt 0.566239 0.975735
vt 0.566202 0.975673
vt 0.566178 0.975635
vt 0.553558 0.982521
vt 0.553540 0.982563
vt 0.553574 0.982484
vt 0.553586 0.982454
vt 0.476152 0.302916
vt 0.476193 0.302924
vt 0.476107 0.302913
vt 0.472125 0.302913
vt 0.472081 0.302916
vt 0.472042 0.302924
vt 0.566630 0.975500
vt 0.566642 0.975530
vt 0.566615 0.975463
vt 0.566597 0.975421
vt 0.554014 0.982675
vt 0.554003 0.982718
vt 0.554025 0.982636
vt 0.476203 0.302478
vt 0.476237 0.302486
vt 0.476227 0.302937
vt 0.476161 0.302473
vt 0.476116 0.302471
vt 0.472135 0.302471
vt 0.472091 0.302473
vt 0.472051 0.302478
vt 0.567081 0.975348
vt 0.567089 0.975379
vt 0.567071 0.975309
vt 0.567060 0.975266
vt 0.554514 0.982769
vt 0.554508 0.982813
vt 0.554519 0.982729
vt 0.476209 0.301989
vt 0.476243 0.301993
vt 0.476168 0.301986
vt 0.476122 0.301985
vt 0.472141 0.301985
vt 0.472097 0.301986
vt 0.472058 0.301989
vt 0.567575 0.975255
vt 0.567579 0.975287
vt 0.567571 0.975215
vt 0.567565 0.975170
vt 0.555056 0.982801
vt 0.555055 0.982846
vt 0.555056 0.982760
vt 0.476211 0.301455
vt 0.476245 0.301456
vt 0.476170 0.301455
vt 0.476124 0.301455
vt 0.472143 0.301455
vt 0.472099 0.301455
vt 0.472060 0.301455
vt 0.568112 0.975223
vt 0.568112 0.975256
vt 0.568112 0.975183
vt 0.568112 0.975138
vt 0.555470 0.982782
vt 0.555474 0.982826
vt 0.555466 0.982741
vt 0.476210 0.301049
vt 0.476244 0.301046
vt 0.476169 0.301050
vt 0.476123 0.301051
vt 0.472142 0.301051
vt 0.472098 0.301050
vt 0.472059 0.301049
vt 0.568522 0.975242
vt 0.568519 0.975274
vt 0.568527 0.975202
vt 0.568531 0.975157
vt 0.555883 0.982721
vt 0.555892 0.982765
vt 0.555875 0.982682
vt 0.476207 0.300643
vt 0.476241 0.300637
vt 0.476165 0.300647
vt 0.476120 0.300648
vt 0.472138 0.300648
vt 0.472094 0.300647
vt 0.472055 0.300643
vt 0.568931 0.975302
vt 0.568925 0.975334
vt 0.568939 0.975263
vt 0.568948 0.975219
vt 0.556287 0.982616
vt 0.556301 0.982659
vt 0.556275 0.982577
vt 0.476200 0.300246
vt 0.476234 0.300236
vt 0.476159 0.300252
vt 0.476114 0.300254
vt 0.472132 0.300254
vt 0.472088 0.300252
vt 0.472049 0.300246
vt 0.569331 0.975406
vt 0.569321 0.975437
vt 0.569344 0.975368
vt 0.569358 0.975325
vt 0.556677 0.982462
vt 0.556696 0.982502
vt 0.556660 0.982425
vt 0.556265 0.982547
vt 0.556646 0.982396
vt 0.476149 0.299872
vt 0.476191 0.299864
vt 0.476104 0.299875
vt 0.472123 0.299875
vt 0.472078 0.299872
vt 0.472039 0.299864
vt 0.569716 0.975559
vt 0.569702 0.975588
vt 0.569734 0.975522
vt 0.569753 0.975482
vt 0.557045 0.982255
vt 0.557070 0.982292
vt 0.557023 0.982221
vt 0.557005 0.982194
vt 0.476137 0.299514
vt 0.476178 0.299503
vt 0.476092 0.299518
vt 0.472110 0.299518
vt 0.472066 0.299514
vt 0.472027 0.299503
vt 0.570080 0.975763
vt 0.570061 0.975790
vt 0.570102 0.975729
vt 0.570127 0.975692
vt 0.557386 0.981991
vt 0.557416 0.982024
vt 0.557359 0.981961
vt 0.557337 0.981937
vt 0.476121 0.299184
vt 0.476162 0.299170
vt 0.476076 0.299188
vt 0.472094 0.299188
vt 0.472050 0.299184
vt 0.472010 0.299170
vt 0.570415 0.976023
vt 0.570393 0.976047
vt 0.570442 0.975993
vt 0.570473 0.975960
vt 0.557692 0.981666
vt 0.557727 0.981694
vt 0.557660 0.981641
vt 0.557635 0.981621
vt 0.914849 0.987839
vt 0.914848 0.988153
vt 0.914807 0.988140
vt 0.914809 0.987824
vt 0.914894 0.987845
vt 0.914893 0.988157
vt 0.918884 0.987843
vt 0.918882 0.988156
vt 0.918928 0.987838
vt 0.918927 0.988152
vt 0.918969 0.987823
vt 0.918967 0.988139
vt 0.570717 0.976343
vt 0.570691 0.976363
vt 0.570749 0.976318
vt 0.570784 0.976290
vt 0.557958 0.981276
vt 0.557997 0.981299
vt 0.557922 0.981256
vt 0.557895 0.981240
vt 0.914846 0.988530
vt 0.914806 0.988520
vt 0.914891 0.988534
vt 0.918881 0.988533
vt 0.918926 0.988529
vt 0.918966 0.988519
vt 0.570979 0.976728
vt 0.570951 0.976744
vt 0.571014 0.976708
vt 0.571053 0.976685
vt 0.558176 0.980816
vt 0.558218 0.980833
vt 0.558138 0.980802
vt 0.558108 0.980790
vt 0.914845 0.988977
vt 0.914805 0.988970
vt 0.914890 0.988980
vt 0.918880 0.988978
vt 0.918925 0.988976
vt 0.918965 0.988968
vt 0.571195 0.977182
vt 0.571164 0.977194
vt 0.571233 0.977167
vt 0.571275 0.977151
vt 0.558341 0.980283
vt 0.558384 0.980293
vt 0.558301 0.980273
vt 0.558270 0.980266
vt 0.914845 0.989498
vt 0.914804 0.989494
vt 0.914890 0.989500
vt 0.918879 0.989499
vt 0.918924 0.989497
vt 0.918964 0.989492
vt 0.571358 0.977710
vt 0.571326 0.977718
vt 0.571397 0.977701
vt 0.571441 0.977691
vt 0.558444 0.979670
vt 0.558489 0.979675
vt 0.558404 0.979666
vt 0.558372 0.979662
vt 0.914844 0.990099
vt 0.914804 0.990097
vt 0.914889 0.990100
vt 0.918879 0.990099
vt 0.918923 0.990098
vt 0.918964 0.990096
vt 0.571461 0.978318
vt 0.571428 0.978321
vt 0.571501 0.978314
vt 0.571546 0.978309
vt 0.558481 0.978974
vt 0.558525 0.978975
vt 0.558440 0.978973
vt 0.914804 0.990787
vt 0.914771 0.990786
vt 0.914771 0.990093
vt 0.914844 0.990788
vt 0.914889 0.990788
vt 0.918879 0.990787
vt 0.918923 0.990786
vt 0.918964 0.990786
vt 0.571497 0.979011
vt 0.571464 0.979012
vt 0.571537 0.979010
vt 0.571582 0.979009
vt 0.558481 0.975183
vt 0.558525 0.975138
vt 0.558440 0.975223
vt 0.914805 0.994504
vt 0.914773 0.994536
vt 0.914845 0.994483
vt 0.914890 0.994476
vt 0.918880 0.994475
vt 0.918924 0.994482
vt 0.918965 0.994502
vt 0.571497 0.982760
vt 0.571464 0.982728
vt 0.571537 0.982801
vt 0.571582 0.982846
vt 0.551530 0.975183
vt 0.551485 0.975138
vt 0.551571 0.975223
vt 0.558408 0.975255
vt 0.551603 0.975255
vt 0.987668 0.648186
vt 0.987668 0.654950
vt 0.987629 0.654971
vt 0.987629 0.648165
vt 0.987712 0.648193
vt 0.987712 0.654943
vt 0.991694 0.648192
vt 0.991694 0.654942
vt 0.991739 0.648185
vt 0.991739 0.654949
vt 0.991781 0.648165
vt 0.991781 0.654970
vt 0.991815 0.648133
vt 0.991815 0.655002
vt 0.564587 0.982801
vt 0.564627 0.982760
vt 0.564542 0.982846
vt 0.993240 0.472810
vt 0.993280 0.472831
vt 0.993195 0.472803
vt 0.989205 0.472806
vt 0.989161 0.472814
vt 0.989120 0.472834
vt 0.989088 0.472866
vt 0.088374 0.983730
vt 0.088374 0.960885
vt 0.088419 0.960930
vt 0.088419 0.983686
vt 0.088334 0.983771
vt 0.088334 0.960844
vt 0.749534 0.981240
vt 0.749534 0.958250
vt 0.749568 0.958282
vt 0.749568 0.981208
vt 0.749493 0.981261
vt 0.749493 0.958229
vt 0.749448 0.981268
vt 0.749448 0.958222
vt 0.745466 0.981269
vt 0.745466 0.958224
vt 0.745422 0.981262
vt 0.745422 0.958231
vt 0.745383 0.981242
vt 0.745383 0.958252
vt 0.101296 0.983770
vt 0.101296 0.960844
vt 0.101328 0.960812
vt 0.101328 0.983802
vt 0.101255 0.983729
vt 0.101255 0.960884
vt 0.101210 0.983684
vt 0.101210 0.960929
vt 0.091734 0.960885
vt 0.091689 0.960930
vt 0.091774 0.960844
vt 0.088302 0.960812
vt 0.091806 0.960812
vt 0.634668 0.299210
vt 0.631122 0.299210
vt 0.631143 0.299170
vt 0.634648 0.299170
vt 0.634675 0.299255
vt 0.631115 0.299255
vt 0.634675 0.303244
vt 0.631115 0.303244
vt 0.634668 0.303289
vt 0.631122 0.303289
vt 0.634648 0.303330
vt 0.631143 0.303330
vt 0.634616 0.303362
vt 0.631175 0.303362
vt 0.097896 0.960884
vt 0.097855 0.960844
vt 0.097940 0.960929
vt 0.091734 0.983730
vt 0.091689 0.983686
vt 0.091774 0.983771
vt 0.091806 0.983803
vt 0.977826 0.959441
vt 0.977826 0.982473
vt 0.977787 0.982453
vt 0.977787 0.959462
vt 0.977870 0.959434
vt 0.977870 0.982480
vt 0.981851 0.959433
vt 0.981851 0.982479
vt 0.981897 0.959440
vt 0.981897 0.982472
vt 0.981938 0.959461
vt 0.981938 0.982452
vt 0.981972 0.959493
vt 0.981972 0.982420
vt 0.097896 0.983729
vt 0.097855 0.983770
vt 0.097940 0.983684
vt 0.625071 0.299202
vt 0.621566 0.299202
vt 0.621598 0.299170
vt 0.625039 0.299170
vt 0.625091 0.299243
vt 0.621546 0.299243
vt 0.625099 0.299287
vt 0.621539 0.299287
vt 0.625099 0.303277
vt 0.621539 0.303277
vt 0.625092 0.303322
vt 0.621546 0.303322
vt 0.625071 0.303362
vt 0.621566 0.303362
vt 0.097823 0.983802
vt 0.552459 0.915157
vt 0.572211 0.915059
vt 0.572123 0.915105
vt 0.552504 0.915202
vt 0.552418 0.915117
vt 0.572291 0.915018
vt 0.552386 0.915085
vt 0.572354 0.914986
vt 0.829632 0.983502
vt 0.829632 0.963473
vt 0.829673 0.963514
vt 0.829673 0.983482
vt 0.829588 0.983509
vt 0.829588 0.963459
vt 0.825598 0.983509
vt 0.825598 0.963459
vt 0.825553 0.983502
vt 0.825553 0.963473
vt 0.825513 0.983482
vt 0.825513 0.963514
vt 0.825481 0.983450
vt 0.825481 0.963577
vt 0.425638 0.917046
vt 0.405885 0.916948
vt 0.405806 0.916908
vt 0.425678 0.917006
vt 0.425593 0.917091
vt 0.405973 0.916994
vt 0.557828 0.934950
vt 0.557740 0.934996
vt 0.557908 0.934909
vt 0.557971 0.934877
vt 0.266413 0.963608
vt 0.266413 0.983499
vt 0.266374 0.983518
vt 0.266374 0.963627
vt 0.266457 0.963603
vt 0.266457 0.983493
vt 0.270434 0.963788
vt 0.270434 0.983678
vt 0.270479 0.963797
vt 0.270479 0.983688
vt 0.270521 0.963820
vt 0.270521 0.983710
vt 0.420189 0.936798
vt 0.420126 0.936766
vt 0.405743 0.916876
vt 0.420268 0.936839
vt 0.420356 0.936884
vt 0.572266 0.934879
vt 0.572221 0.934924
vt 0.572306 0.934838
vt 0.572338 0.934806
vt 0.679737 0.986408
vt 0.679737 0.972061
vt 0.679778 0.972082
vt 0.679778 0.986449
vt 0.679693 0.986394
vt 0.679693 0.972054
vt 0.675703 0.986394
vt 0.675703 0.972054
vt 0.675658 0.986408
vt 0.675658 0.972061
vt 0.675618 0.986449
vt 0.675618 0.972082
vt 0.675585 0.986512
vt 0.675585 0.972114
vt 0.405831 0.936767
vt 0.405790 0.936727
vt 0.405875 0.936812
vt 0.572281 0.937905
vt 0.572236 0.937860
vt 0.572321 0.937945
vt 0.572354 0.937977
vt 0.668761 0.303316
vt 0.671974 0.303317
vt 0.671953 0.303356
vt 0.668782 0.303355
vt 0.668754 0.303272
vt 0.671981 0.303273
vt 0.668754 0.299291
vt 0.671981 0.299291
vt 0.668761 0.299246
vt 0.671974 0.299246
vt 0.668782 0.299204
vt 0.671953 0.299205
vt 0.668814 0.299170
vt 0.671921 0.299170
vt 0.405816 0.939793
vt 0.405775 0.939833
vt 0.405861 0.939748
vt 0.551628 0.938007
vt 0.551716 0.937962
vt 0.551548 0.938048
vt 0.913602 0.960883
vt 0.913602 0.981752
vt 0.913570 0.981688
vt 0.913570 0.960915
vt 0.913643 0.960862
vt 0.913643 0.981792
vt 0.913688 0.960855
vt 0.913688 0.981806
vt 0.917677 0.960855
vt 0.917677 0.981806
vt 0.917722 0.960862
vt 0.917722 0.981792
vt 0.917762 0.960883
vt 0.917762 0.981752
vt 0.426548 0.939937
vt 0.426611 0.939969
vt 0.405743 0.939866
vt 0.426469 0.939896
vt 0.426381 0.939850
vt 0.566010 0.918116
vt 0.566098 0.918071
vt 0.565931 0.918157
vt 0.551485 0.938080
vt 0.565868 0.918189
vt 0.887668 0.983882
vt 0.887668 0.964132
vt 0.887710 0.964110
vt 0.887710 0.983860
vt 0.887623 0.983892
vt 0.887623 0.964141
vt 0.883646 0.984078
vt 0.883646 0.964328
vt 0.883602 0.984073
vt 0.883602 0.964323
vt 0.883563 0.984055
vt 0.883563 0.964304
vt 0.412166 0.920046
vt 0.412229 0.920079
vt 0.412086 0.920005
vt 0.411998 0.919960
vt 0.552474 0.918183
vt 0.552518 0.918138
vt 0.552434 0.918224
vt 0.286996 0.974084
vt 0.286996 0.987550
vt 0.286964 0.987518
vt 0.286964 0.974020
vt 0.287037 0.974124
vt 0.287037 0.987571
vt 0.287082 0.974138
vt 0.287082 0.987578
vt 0.291071 0.974138
vt 0.291071 0.987578
vt 0.291116 0.974124
vt 0.291116 0.987571
vt 0.291156 0.974084
vt 0.291156 0.987550
vt 0.425663 0.920113
vt 0.425695 0.920145
vt 0.425623 0.920072
vt 0.425578 0.920027
vt 0.662710 0.299205
vt 0.659539 0.299204
vt 0.659572 0.299170
vt 0.662678 0.299171
vt 0.662731 0.299247
vt 0.659519 0.299245
vt 0.662738 0.299292
vt 0.659512 0.299291
vt 0.662738 0.303273
vt 0.659512 0.303272
vt 0.662731 0.303318
vt 0.659519 0.303316
vt 0.662710 0.303357
vt 0.659539 0.303355
vt 0.425710 0.916975
vt 0.433602 0.917047
vt 0.453354 0.916949
vt 0.453266 0.916994
vt 0.433647 0.917091
vt 0.433561 0.917006
vt 0.453434 0.916908
vt 0.433529 0.916974
vt 0.453497 0.916876
vt 0.819424 0.983502
vt 0.819424 0.963473
vt 0.819464 0.963514
vt 0.819464 0.983482
vt 0.819379 0.983509
vt 0.819379 0.963459
vt 0.815389 0.983509
vt 0.815389 0.963459
vt 0.815345 0.983502
vt 0.815345 0.963473
vt 0.815304 0.983482
vt 0.815304 0.963514
vt 0.815272 0.983450
vt 0.815272 0.963577
vt 0.207783 0.917348
vt 0.188031 0.917250
vt 0.187951 0.917209
vt 0.207824 0.917308
vt 0.207738 0.917392
vt 0.188119 0.917295
vt 0.438971 0.936840
vt 0.438883 0.936885
vt 0.439051 0.936799
vt 0.439114 0.936767
vt 0.276577 0.963608
vt 0.276577 0.983499
vt 0.276538 0.983517
vt 0.276538 0.963627
vt 0.276621 0.963603
vt 0.276621 0.983493
vt 0.280598 0.963788
vt 0.280598 0.983678
vt 0.280643 0.963797
vt 0.280643 0.983688
vt 0.280685 0.963820
vt 0.280685 0.983710
vt 0.202334 0.937100
vt 0.202271 0.937068
vt 0.187888 0.917177
vt 0.202413 0.937140
vt 0.202501 0.937186
vt 0.453409 0.936769
vt 0.453364 0.936814
vt 0.453449 0.936728
vt 0.453481 0.936696
vt 0.977758 0.545604
vt 0.977758 0.531256
vt 0.977798 0.531277
vt 0.977798 0.545644
vt 0.977713 0.545590
vt 0.977713 0.531249
vt 0.973724 0.545590
vt 0.973724 0.531249
vt 0.973679 0.545604
vt 0.973679 0.531256
vt 0.973638 0.545644
vt 0.973638 0.531277
vt 0.973606 0.545707
vt 0.973606 0.531309
vt 0.187976 0.937069
vt 0.187936 0.937028
vt 0.188021 0.937114
vt 0.453424 0.939794
vt 0.453379 0.939750
vt 0.453464 0.939835
vt 0.453497 0.939866
vt 0.678005 0.303316
vt 0.681217 0.303317
vt 0.681196 0.303356
vt 0.678025 0.303355
vt 0.677997 0.303272
vt 0.681224 0.303273
vt 0.677997 0.299291
vt 0.681224 0.299291
vt 0.678005 0.299246
vt 0.681217 0.299246
vt 0.678025 0.299204
vt 0.681196 0.299205
vt 0.678057 0.299170
vt 0.681164 0.299170
vt 0.187961 0.940095
vt 0.187920 0.940135
vt 0.188006 0.940050
vt 0.432770 0.939897
vt 0.432858 0.939851
vt 0.432691 0.939937
vt 0.903394 0.960883
vt 0.903394 0.981752
vt 0.903361 0.981688
vt 0.903361 0.960915
vt 0.903434 0.960862
vt 0.903434 0.981792
vt 0.903479 0.960855
vt 0.903479 0.981806
vt 0.907469 0.960855
vt 0.907469 0.981806
vt 0.907513 0.960862
vt 0.907513 0.981792
vt 0.907554 0.960883
vt 0.907554 0.981752
vt 0.208694 0.940238
vt 0.208757 0.940271
vt 0.187888 0.940167
vt 0.208614 0.940197
vt 0.208526 0.940152
vt 0.447153 0.920006
vt 0.447241 0.919960
vt 0.447074 0.920046
vt 0.432628 0.939970
vt 0.447011 0.920079
vt 0.516991 0.985530
vt 0.516991 0.965780
vt 0.517033 0.965757
vt 0.517033 0.985508
vt 0.516946 0.985539
vt 0.516946 0.965789
vt 0.512969 0.985726
vt 0.512969 0.965976
vt 0.512925 0.985721
vt 0.512925 0.965971
vt 0.512886 0.985703
vt 0.512886 0.965952
vt 0.194311 0.920347
vt 0.194374 0.920380
vt 0.194231 0.920306
vt 0.194143 0.920261
vt 0.433617 0.920073
vt 0.433661 0.920028
vt 0.433576 0.920113
vt 0.340375 0.974929
vt 0.340375 0.988396
vt 0.340343 0.988364
vt 0.340343 0.974866
vt 0.340415 0.974970
vt 0.340415 0.988416
vt 0.340460 0.974984
vt 0.340460 0.988424
vt 0.344450 0.974984
vt 0.344450 0.988424
vt 0.344494 0.974970
vt 0.344494 0.988416
vt 0.344535 0.974929
vt 0.344535 0.988396
vt 0.207808 0.920414
vt 0.207840 0.920447
vt 0.207768 0.920374
vt 0.207723 0.920328
vt 0.653467 0.299205
vt 0.650297 0.299204
vt 0.650329 0.299170
vt 0.653436 0.299171
vt 0.653488 0.299247
vt 0.650276 0.299245
vt 0.653495 0.299292
vt 0.650269 0.299291
vt 0.653495 0.303273
vt 0.650269 0.303272
vt 0.653488 0.303318
vt 0.650276 0.303316
vt 0.653467 0.303357
vt 0.650297 0.303355
vt 0.207856 0.917276
vt 0.451567 0.870376
vt 0.448531 0.863669
vt 0.448560 0.863624
vt 0.451596 0.870331
vt 0.451541 0.870416
vt 0.448505 0.863710
vt 0.451521 0.870448
vt 0.448484 0.863742
vt 0.992312 0.218280
vt 0.992312 0.211552
vt 0.992354 0.211532
vt 0.992354 0.218260
vt 0.992267 0.218286
vt 0.992267 0.211557
vt 0.988287 0.218173
vt 0.988287 0.211445
vt 0.988243 0.218165
vt 0.988243 0.211437
vt 0.988204 0.218143
vt 0.988204 0.211415
vt 0.091874 0.933152
vt 0.094910 0.926446
vt 0.094931 0.926478
vt 0.091895 0.933185
vt 0.091848 0.933112
vt 0.094884 0.926405
vt 0.091819 0.933067
vt 0.094855 0.926360
vt 0.438913 0.863669
vt 0.438884 0.863624
vt 0.438940 0.863710
vt 0.980013 0.601529
vt 0.980013 0.611053
vt 0.979981 0.611074
vt 0.979981 0.601509
vt 0.980054 0.601543
vt 0.980054 0.611039
vt 0.980099 0.601547
vt 0.980099 0.611034
vt 0.984088 0.601547
vt 0.984088 0.611034
vt 0.984133 0.601543
vt 0.984133 0.611039
vt 0.984173 0.601529
vt 0.984173 0.611053
vt 0.104475 0.926446
vt 0.104454 0.926478
vt 0.104502 0.926405
vt 0.104532 0.926360
vt 0.436044 0.870376
vt 0.436014 0.870331
vt 0.436070 0.870416
vt 0.438961 0.863742
vt 0.436092 0.870448
vt 0.989123 0.453246
vt 0.989123 0.459965
vt 0.989085 0.459944
vt 0.989085 0.453225
vt 0.989168 0.453255
vt 0.989168 0.459973
vt 0.993147 0.453363
vt 0.993147 0.460082
vt 0.993193 0.453357
vt 0.993193 0.460076
vt 0.993235 0.453337
vt 0.993235 0.460056
vt 0.107345 0.933152
vt 0.107324 0.933185
vt 0.107372 0.933112
vt 0.107401 0.933067
vt 0.432610 0.870376
vt 0.432678 0.870331
vt 0.432548 0.870416
vt 0.615504 0.299202
vt 0.611912 0.299202
vt 0.611961 0.299170
vt 0.615483 0.299170
vt 0.615517 0.299243
vt 0.611881 0.299243
vt 0.615522 0.299287
vt 0.611870 0.299287
vt 0.615522 0.303277
vt 0.611870 0.303277
vt 0.615517 0.303322
vt 0.611881 0.303322
vt 0.615504 0.303362
vt 0.611912 0.303362
vt 0.110867 0.933152
vt 0.110916 0.933185
vt 0.110806 0.933112
vt 0.110738 0.933067
vt 0.442424 0.847397
vt 0.442454 0.847442
vt 0.442398 0.847356
vt 0.432500 0.870448
vt 0.442376 0.847324
vt 0.776858 0.975760
vt 0.776858 0.952648
vt 0.776900 0.952668
vt 0.776900 0.975738
vt 0.776813 0.975768
vt 0.776813 0.952642
vt 0.772833 0.975878
vt 0.772833 0.952752
vt 0.772788 0.975872
vt 0.772788 0.952760
vt 0.772750 0.975853
vt 0.772750 0.952782
vt 0.101018 0.910093
vt 0.101039 0.910061
vt 0.100991 0.910134
vt 0.100961 0.910178
vt 0.444785 0.847397
vt 0.444756 0.847442
vt 0.444812 0.847356
vt 0.444832 0.847324
vt 0.708938 0.299801
vt 0.706455 0.299801
vt 0.706469 0.299760
vt 0.708925 0.299760
vt 0.708943 0.299845
vt 0.706451 0.299845
vt 0.708943 0.303835
vt 0.706451 0.303835
vt 0.708938 0.303880
vt 0.706455 0.303880
vt 0.708925 0.303920
vt 0.706469 0.303920
vt 0.708904 0.303952
vt 0.706490 0.303952
vt 0.098630 0.910134
vt 0.098604 0.910093
vt 0.098659 0.910178
vt 0.455002 0.870376
vt 0.454933 0.870331
vt 0.455064 0.870416
vt 0.455114 0.870448
vt 0.762622 0.952765
vt 0.762622 0.975905
vt 0.762583 0.975885
vt 0.762583 0.952787
vt 0.762666 0.952757
vt 0.762666 0.975911
vt 0.766646 0.952642
vt 0.766646 0.975796
vt 0.766691 0.952648
vt 0.766691 0.975788
vt 0.766733 0.952667
vt 0.766733 0.975766
vt 0.088351 0.933152
vt 0.088302 0.933185
vt 0.098583 0.910061
vt 0.088414 0.933112
vt 0.088483 0.933067
vt 0.605811 0.299202
vt 0.602218 0.299202
vt 0.602239 0.299170
vt 0.605761 0.299170
vt 0.605843 0.299243
vt 0.602205 0.299243
vt 0.605853 0.299288
vt 0.602200 0.299287
vt 0.605853 0.303277
vt 0.602200 0.303277
vt 0.605843 0.303322
vt 0.602205 0.303322
vt 0.605811 0.303362
vt 0.602218 0.303362
vt 0.372586 0.983819
vt 0.372586 0.974971
vt 0.372630 0.974866
vt 0.372630 0.983888
vt 0.372545 0.983757
vt 0.372545 0.975065
vt 0.372513 0.983707
vt 0.372513 0.975140
vt 0.059407 0.856491
vt 0.059407 0.848713
vt 0.059448 0.848662
vt 0.059448 0.856513
vt 0.059361 0.856483
vt 0.059361 0.848730
vt 0.055382 0.856372
vt 0.055382 0.848619
vt 0.055337 0.856378
vt 0.055337 0.848600
vt 0.055298 0.856398
vt 0.055298 0.848547
vt 0.378732 0.983757
vt 0.378732 0.975065
vt 0.378764 0.975140
vt 0.378764 0.983707
vt 0.378692 0.983819
vt 0.378692 0.974971
vt 0.378647 0.983888
vt 0.378647 0.974866
vt 0.366248 0.980996
vt 0.366169 0.981010
vt 0.366320 0.980984
vt 0.366377 0.980974
vt 0.621173 0.981672
vt 0.621173 0.989439
vt 0.621134 0.989459
vt 0.621134 0.981619
vt 0.621217 0.981691
vt 0.621217 0.989433
vt 0.625197 0.981796
vt 0.625197 0.989538
vt 0.625242 0.981779
vt 0.625242 0.989546
vt 0.625284 0.981728
vt 0.625284 0.989568
vt 0.384958 0.980984
vt 0.384901 0.980974
vt 0.385029 0.980996
vt 0.385109 0.981010
vt 0.992356 0.293122
vt 0.992356 0.286467
vt 0.992396 0.286435
vt 0.992396 0.293152
vt 0.992311 0.293111
vt 0.992311 0.286478
vt 0.988322 0.293111
vt 0.988322 0.286478
vt 0.988277 0.293122
vt 0.988277 0.286467
vt 0.988236 0.293152
vt 0.988236 0.286435
vt 0.988204 0.293200
vt 0.988204 0.286386
vt 0.622464 0.865435
vt 0.612216 0.829420
vt 0.641375 0.829420
vt 0.286964 0.813596
vt 0.315010 0.805615
vt 0.315010 0.843061
vt 0.981662 0.029612
vt 0.981662 0.003016
vt 0.984563 0.003008
vt 0.984563 0.029605
vt 0.320901 0.940323
vt 0.320901 0.977350
vt 0.318006 0.977378
vt 0.318006 0.940351
vt 0.615117 0.948033
vt 0.615117 0.980045
vt 0.612216 0.980058
vt 0.612216 0.948045
vt 0.611501 0.990812
vt 0.611501 0.986074
vt 0.615117 0.986237
vt 0.615117 0.990975
vt 0.122245 0.971706
vt 0.116442 0.971706
vt 0.116442 0.939790
vt 0.122245 0.939790
vt 0.088302 0.994693
vt 0.088302 0.989987
vt 0.091917 0.989819
vt 0.091917 0.994525
vt 0.865429 0.941028
vt 0.871232 0.941028
vt 0.871232 0.972944
vt 0.865429 0.972944
vt 0.647391 0.978157
vt 0.647391 0.952210
vt 0.651018 0.952224
vt 0.651018 0.978172
vt 0.660661 0.952210
vt 0.660661 0.978157
vt 0.657035 0.978171
vt 0.657035 0.952224
vt 0.231022 0.995800
vt 0.229934 0.995800
vt 0.229936 0.995056
vt 0.231024 0.995056
vt 0.229936 0.994258
vt 0.231024 0.994258
vt 0.229936 0.993460
vt 0.231024 0.993460
vt 0.229934 0.992717
vt 0.231022 0.992717
vt 0.229931 0.992079
vt 0.231019 0.992079
vt 0.003066 0.990995
vt 0.004152 0.990995
vt 0.004121 0.991632
vt 0.003035 0.991632
vt 0.004101 0.992374
vt 0.003015 0.992374
vt 0.004094 0.993172
vt 0.003008 0.993172
vt 0.004101 0.993970
vt 0.003015 0.993970
vt 0.004121 0.994714
vt 0.003035 0.994715
vt 0.004152 0.995354
vt 0.003066 0.995355
vt 0.412852 0.992116
vt 0.413940 0.992116
vt 0.413943 0.992755
vt 0.412855 0.992755
vt 0.413945 0.993499
vt 0.412857 0.993499
vt 0.413945 0.994297
vt 0.412857 0.994297
vt 0.413945 0.995095
vt 0.412857 0.995095
vt 0.413943 0.995838
vt 0.412855 0.995838
vt 0.413940 0.996475
vt 0.412852 0.996475
vt 0.873732 0.995450
vt 0.872646 0.995450
vt 0.872615 0.994808
vt 0.873701 0.994808
vt 0.872596 0.994063
vt 0.873681 0.994063
vt 0.872589 0.993264
vt 0.873675 0.993264
vt 0.872596 0.992467
vt 0.873681 0.992467
vt 0.872615 0.991726
vt 0.873701 0.991725
vt 0.605455 0.984942
vt 0.605247 0.985719
vt 0.604844 0.986416
vt 0.604275 0.986985
vt 0.603578 0.987388
vt 0.602801 0.987596
vt 0.601996 0.987596
vt 0.601219 0.987388
vt 0.600522 0.986985
vt 0.599953 0.986416
vt 0.599551 0.985719
vt 0.599342 0.984942
vt 0.599342 0.984137
vt 0.599551 0.983360
vt 0.599953 0.982663
vt 0.600522 0.982094
vt 0.601219 0.981691
vt 0.601996 0.981483
vt 0.602801 0.981483
vt 0.603578 0.981691
vt 0.604275 0.982094
vt 0.604844 0.982663
vt 0.605247 0.983360
vt 0.605455 0.984137
vt 0.872646 0.991090
vt 0.873732 0.991090
vt 0.231019 0.996439
vt 0.229931 0.996439
vt 0.143124 0.982413
vt 0.142916 0.981636
vt 0.142916 0.980831
vt 0.143124 0.980054
vt 0.143526 0.979357
vt 0.144095 0.978788
vt 0.144792 0.978385
vt 0.145570 0.978177
vt 0.146374 0.978177
vt 0.147152 0.978385
vt 0.147849 0.978788
vt 0.148418 0.979357
vt 0.148820 0.980054
vt 0.149028 0.980831
vt 0.149028 0.981636
vt 0.148820 0.982413
vt 0.148418 0.983110
vt 0.147849 0.983679
vt 0.147152 0.984081
vt 0.146374 0.984290
vt 0.145570 0.984290
vt 0.144792 0.984081
vt 0.144095 0.983679
vt 0.143526 0.983110
vt 0.715245 0.995407
vt 0.714157 0.995407
vt 0.714159 0.994663
vt 0.715247 0.994663
vt 0.714160 0.993864
vt 0.715248 0.993865
vt 0.714159 0.993067
vt 0.715247 0.993067
vt 0.714157 0.992324
vt 0.715245 0.992324
vt 0.714155 0.991686
vt 0.715243 0.991686
vt 0.930173 0.991072
vt 0.931259 0.991072
vt 0.931228 0.991709
vt 0.930142 0.991709
vt 0.931208 0.992451
vt 0.930122 0.992452
vt 0.931201 0.993249
vt 0.930115 0.993249
vt 0.931208 0.994047
vt 0.930122 0.994047
vt 0.931228 0.994792
vt 0.930142 0.994792
vt 0.931259 0.995432
vt 0.930173 0.995432
vt 0.405743 0.992116
vt 0.406831 0.992116
vt 0.406833 0.992755
vt 0.405745 0.992755
vt 0.406835 0.993499
vt 0.405747 0.993499
vt 0.406836 0.994297
vt 0.405748 0.994297
vt 0.406835 0.995095
vt 0.405747 0.995095
vt 0.406833 0.995838
vt 0.405745 0.995838
vt 0.406831 0.996475
vt 0.405743 0.996475
vt 0.245823 0.995763
vt 0.244737 0.995763
vt 0.244706 0.995122
vt 0.245792 0.995121
vt 0.244686 0.994376
vt 0.245772 0.994376
vt 0.244680 0.993578
vt 0.245765 0.993577
vt 0.244686 0.992781
vt 0.245772 0.992780
vt 0.244706 0.992039
vt 0.245792 0.992039
vt 0.066846 0.983426
vt 0.066846 0.984231
vt 0.066638 0.985008
vt 0.066236 0.985705
vt 0.065667 0.986274
vt 0.064970 0.986676
vt 0.064193 0.986885
vt 0.063388 0.986885
vt 0.062611 0.986676
vt 0.061914 0.986274
vt 0.061345 0.985705
vt 0.060942 0.985008
vt 0.060734 0.984231
vt 0.060734 0.983426
vt 0.060942 0.982648
vt 0.061345 0.981951
vt 0.061914 0.981382
vt 0.062610 0.980980
vt 0.063388 0.980772
vt 0.064193 0.980772
vt 0.064970 0.980980
vt 0.065667 0.981382
vt 0.066236 0.981951
vt 0.066638 0.982648
vt 0.244737 0.991404
vt 0.245823 0.991403
vt 0.715243 0.996046
vt 0.714155 0.996046
vt 0.070967 0.918241
vt 0.071664 0.918644
vt 0.072233 0.919213
vt 0.072636 0.919910
vt 0.072844 0.920687
vt 0.072844 0.921492
vt 0.072636 0.922269
vt 0.072234 0.922966
vt 0.071664 0.923535
vt 0.070968 0.923938
vt 0.070190 0.924146
vt 0.069385 0.924146
vt 0.068608 0.923938
vt 0.067911 0.923535
vt 0.067342 0.922966
vt 0.066940 0.922269
vt 0.066731 0.921492
vt 0.066731 0.920687
vt 0.066940 0.919910
vt 0.067342 0.919213
vt 0.067911 0.918644
vt 0.068608 0.918241
vt 0.069385 0.918033
vt 0.070190 0.918033
vt 0.238132 0.995800
vt 0.237044 0.995800
vt 0.237045 0.995056
vt 0.238133 0.995056
vt 0.237046 0.994258
vt 0.238134 0.994258
vt 0.237045 0.993460
vt 0.238133 0.993460
vt 0.237044 0.992717
vt 0.238132 0.992717
vt 0.237041 0.992079
vt 0.238129 0.992079
vt 0.937333 0.991072
vt 0.938419 0.991072
vt 0.938388 0.991709
vt 0.937302 0.991709
vt 0.938368 0.992451
vt 0.937282 0.992452
vt 0.938361 0.993249
vt 0.937276 0.993249
vt 0.938368 0.994047
vt 0.937282 0.994047
vt 0.938388 0.994792
vt 0.937302 0.994792
vt 0.938419 0.995432
vt 0.937333 0.995432
vt 0.439737 0.992116
vt 0.440826 0.992116
vt 0.440828 0.992755
vt 0.439740 0.992755
vt 0.440830 0.993499
vt 0.439742 0.993499
vt 0.440830 0.994297
vt 0.439742 0.994297
vt 0.440830 0.995095
vt 0.439742 0.995095
vt 0.440828 0.995838
vt 0.439740 0.995838
vt 0.440826 0.996476
vt 0.439737 0.996476
vt 0.866572 0.995449
vt 0.865487 0.995450
vt 0.865456 0.994808
vt 0.866541 0.994808
vt 0.865436 0.994063
vt 0.866522 0.994063
vt 0.865429 0.993264
vt 0.866515 0.993264
vt 0.865436 0.992467
vt 0.866522 0.992467
vt 0.865456 0.991726
vt 0.866541 0.991725
vt 0.871542 0.981615
vt 0.871542 0.982419
vt 0.871334 0.983197
vt 0.870931 0.983894
vt 0.870362 0.984463
vt 0.869665 0.984865
vt 0.868888 0.985073
vt 0.868083 0.985073
vt 0.867306 0.984865
vt 0.866609 0.984463
vt 0.866040 0.983894
vt 0.865638 0.983197
vt 0.865429 0.982419
vt 0.865429 0.981615
vt 0.865638 0.980837
vt 0.866040 0.980140
vt 0.866609 0.979571
vt 0.867306 0.979169
vt 0.868083 0.978961
vt 0.868888 0.978961
vt 0.869665 0.979169
vt 0.870362 0.979571
vt 0.870931 0.980140
vt 0.871334 0.980837
vt 0.865487 0.991090
vt 0.866572 0.991090
vt 0.238129 0.996439
vt 0.237041 0.996439
vt 0.017397 0.979026
vt 0.017799 0.979723
vt 0.018007 0.980500
vt 0.018007 0.981305
vt 0.017799 0.982082
vt 0.017397 0.982779
vt 0.016827 0.983348
vt 0.016131 0.983750
vt 0.015353 0.983959
vt 0.014548 0.983959
vt 0.013771 0.983750
vt 0.013074 0.983348
vt 0.012505 0.982779
vt 0.012103 0.982082
vt 0.011894 0.981305
vt 0.011894 0.980500
vt 0.012103 0.979723
vt 0.012505 0.979026
vt 0.013074 0.978457
vt 0.013771 0.978054
vt 0.014548 0.977846
vt 0.015353 0.977846
vt 0.016131 0.978054
vt 0.016827 0.978457
vt 0.513977 0.995463
vt 0.512889 0.995463
vt 0.512890 0.994719
vt 0.513978 0.994719
vt 0.512891 0.993921
vt 0.513979 0.993921
vt 0.512890 0.993124
vt 0.513978 0.993124
vt 0.512889 0.992381
vt 0.513977 0.992381
vt 0.512886 0.991743
vt 0.513974 0.991743
vt 0.993715 0.739378
vt 0.994801 0.739378
vt 0.994769 0.740015
vt 0.993683 0.740015
vt 0.994749 0.740757
vt 0.993664 0.740758
vt 0.994743 0.741555
vt 0.993657 0.741555
vt 0.994749 0.742353
vt 0.993664 0.742353
vt 0.994769 0.743098
vt 0.993683 0.743098
vt 0.994801 0.743738
vt 0.993715 0.743738
vt 0.432628 0.992116
vt 0.433716 0.992116
vt 0.433719 0.992755
vt 0.432631 0.992755
vt 0.433720 0.993499
vt 0.432632 0.993499
vt 0.433721 0.994297
vt 0.432633 0.994297
vt 0.433720 0.995095
vt 0.432632 0.995095
vt 0.433719 0.995838
vt 0.432631 0.995838
vt 0.433716 0.996476
vt 0.432628 0.996476
vt 0.806320 0.995974
vt 0.805234 0.995975
vt 0.805203 0.995333
vt 0.806288 0.995333
vt 0.805183 0.994588
vt 0.806269 0.994587
vt 0.805176 0.993789
vt 0.806262 0.993789
vt 0.805183 0.992992
vt 0.806269 0.992992
vt 0.805203 0.992250
vt 0.806288 0.992250
vt 0.778862 0.985353
vt 0.778654 0.986130
vt 0.778251 0.986827
vt 0.777682 0.987396
vt 0.776985 0.987799
vt 0.776208 0.988007
vt 0.775403 0.988007
vt 0.774626 0.987799
vt 0.773929 0.987396
vt 0.773360 0.986827
vt 0.772958 0.986130
vt 0.772750 0.985353
vt 0.772750 0.984548
vt 0.772958 0.983771
vt 0.773360 0.983074
vt 0.773929 0.982505
vt 0.774626 0.982103
vt 0.775403 0.981894
vt 0.776208 0.981894
vt 0.776986 0.982103
vt 0.777682 0.982505
vt 0.778251 0.983074
vt 0.778654 0.983771
vt 0.778862 0.984548
vt 0.805234 0.991615
vt 0.806320 0.991615
vt 0.513974 0.996103
vt 0.512886 0.996103
vt 0.130995 0.982415
vt 0.130786 0.981638
vt 0.130786 0.980833
vt 0.130995 0.980055
vt 0.131397 0.979358
vt 0.131966 0.978789
vt 0.132663 0.978387
vt 0.133440 0.978179
vt 0.134245 0.978179
vt 0.135022 0.978387
vt 0.135719 0.978789
vt 0.136288 0.979358
vt 0.136691 0.980055
vt 0.136899 0.980833
vt 0.136899 0.981638
vt 0.136691 0.982415
vt 0.136288 0.983112
vt 0.135719 0.983681
vt 0.135022 0.984083
vt 0.134245 0.984292
vt 0.133440 0.984292
vt 0.132663 0.984083
vt 0.131966 0.983681
vt 0.131397 0.983112
vt 0.982187 0.150401
vt 0.980556 0.150398
vt 0.980556 0.106948
vt 0.982187 0.106951
vt 0.988536 0.666559
vt 0.990072 0.666559
vt 0.990072 0.691584
vt 0.988536 0.691584
vt 0.982524 0.478977
vt 0.984156 0.478975
vt 0.984156 0.522414
vt 0.982524 0.522416
vt 0.986924 0.067850
vt 0.988462 0.067850
vt 0.988462 0.092875
vt 0.986924 0.092874
vt 0.883563 0.851605
vt 0.908588 0.851591
vt 0.908588 0.892569
vt 0.883563 0.892583
vt 0.647391 0.829420
vt 0.672416 0.829434
vt 0.672416 0.870413
vt 0.647391 0.870399
vt 0.035480 0.995549
vt 0.035480 0.989021
vt 0.036927 0.989021
vt 0.036927 0.995549
vt 0.214773 0.945949
vt 0.221301 0.945949
vt 0.221301 0.970974
vt 0.214773 0.970974
vt 0.883563 0.996623
vt 0.883563 0.990095
vt 0.885011 0.990095
vt 0.885011 0.996623
vt 0.445173 0.945986
vt 0.451701 0.945986
vt 0.451701 0.971011
vt 0.445173 0.971011
vt 0.990580 0.028033
vt 0.990580 0.003008
vt 0.992031 0.003008
vt 0.992031 0.028033
vt 0.995108 0.708337
vt 0.995108 0.733362
vt 0.993657 0.733362
vt 0.993657 0.708337
vt 0.066847 0.974755
vt 0.065215 0.974753
vt 0.065215 0.931303
vt 0.066847 0.931305
vt 0.988204 0.169032
vt 0.989739 0.169032
vt 0.989739 0.194057
vt 0.988204 0.194057
vt 0.981432 0.310052
vt 0.983064 0.310050
vt 0.983064 0.353490
vt 0.981432 0.353492
vt 0.986552 0.875875
vt 0.988091 0.875876
vt 0.988091 0.900901
vt 0.986552 0.900900
vt 0.088302 0.863067
vt 0.113327 0.863053
vt 0.113327 0.904031
vt 0.088302 0.904045
vt 0.492172 0.829456
vt 0.517197 0.829470
vt 0.517197 0.870448
vt 0.492172 0.870435
vt 0.366168 0.996433
vt 0.366168 0.989905
vt 0.367616 0.989905
vt 0.367616 0.996433
vt 0.564030 0.944097
vt 0.570558 0.944097
vt 0.570558 0.969121
vt 0.564030 0.969121
vt 0.011894 0.996504
vt 0.011894 0.989976
vt 0.013342 0.989975
vt 0.013342 0.996503
vt 0.835839 0.946226
vt 0.842367 0.946226
vt 0.842367 0.971251
vt 0.835839 0.971251
vt 0.050946 0.992718
vt 0.050946 0.967693
vt 0.052397 0.967693
vt 0.052397 0.992718
vt 0.991623 0.510016
vt 0.991623 0.535041
vt 0.990173 0.535041
vt 0.990173 0.510016
vt 0.982187 0.199869
vt 0.980556 0.199867
vt 0.980556 0.156417
vt 0.982187 0.156420
vt 0.988204 0.255344
vt 0.989740 0.255344
vt 0.989740 0.280369
vt 0.988204 0.280369
vt 0.540773 0.943893
vt 0.542404 0.943891
vt 0.542404 0.987331
vt 0.540773 0.987332
vt 0.987629 0.617090
vt 0.989168 0.617091
vt 0.989168 0.642116
vt 0.987629 0.642115
vt 0.461130 0.876479
vt 0.486155 0.876465
vt 0.486155 0.917443
vt 0.461130 0.917457
vt 0.523213 0.829456
vt 0.548238 0.829470
vt 0.548238 0.870448
vt 0.523213 0.870435
vt 0.981432 0.366037
vt 0.981432 0.359509
vt 0.982880 0.359508
vt 0.982880 0.366036
vt 0.930115 0.944655
vt 0.936643 0.944654
vt 0.936643 0.969679
vt 0.930115 0.969679
vt 0.130786 0.996837
vt 0.130786 0.990309
vt 0.132234 0.990308
vt 0.132234 0.996836
vt 0.200433 0.946287
vt 0.206961 0.946287
vt 0.206961 0.971312
vt 0.200433 0.971312
vt 0.072863 0.993753
vt 0.072863 0.968728
vt 0.074314 0.968728
vt 0.074314 0.993753
vt 0.995833 0.750621
vt 0.995833 0.775646
vt 0.994382 0.775646
vt 0.994382 0.750621
vt 0.980536 0.801258
vt 0.978904 0.801255
vt 0.978904 0.757806
vt 0.980536 0.757808
vt 0.988204 0.224302
vt 0.989740 0.224302
vt 0.989740 0.249327
vt 0.988204 0.249327
vt 0.980556 0.255346
vt 0.982187 0.255344
vt 0.982187 0.298783
vt 0.980556 0.298785
vt 0.987989 0.959433
vt 0.989527 0.959434
vt 0.989527 0.984459
vt 0.987989 0.984458
vt 0.709474 0.876443
vt 0.734499 0.876429
vt 0.734499 0.917407
vt 0.709474 0.917421
vt 0.554255 0.829456
vt 0.579279 0.829470
vt 0.579279 0.870448
vt 0.554255 0.870435
vt 0.373633 0.996433
vt 0.373633 0.989905
vt 0.375081 0.989905
vt 0.375081 0.996433
vt 0.161351 0.945949
vt 0.167879 0.945949
vt 0.167879 0.970974
vt 0.161351 0.970974
vt 0.995184 0.623619
vt 0.995184 0.617091
vt 0.996632 0.617090
vt 0.996632 0.623619
vt 0.011894 0.946804
vt 0.018422 0.946804
vt 0.018422 0.971829
vt 0.011894 0.971829
vt 0.990522 0.576749
vt 0.990522 0.551724
vt 0.991973 0.551724
vt 0.991973 0.576749
vt 0.995833 0.782025
vt 0.995833 0.807050
vt 0.994382 0.807050
vt 0.994382 0.782025
vt 0.302511 0.980047
vt 0.300880 0.980045
vt 0.300880 0.936595
vt 0.302511 0.936598
vt 0.990173 0.478975
vt 0.991708 0.478975
vt 0.991708 0.504000
vt 0.990173 0.503999
vt 0.981436 0.422185
vt 0.983068 0.422183
vt 0.983068 0.465622
vt 0.981436 0.465624
vt 0.988204 0.106948
vt 0.989742 0.106949
vt 0.989742 0.131974
vt 0.988204 0.131973
vt 0.492172 0.876479
vt 0.517197 0.876465
vt 0.517197 0.917443
vt 0.492172 0.917457
vt 0.187888 0.829763
vt 0.212913 0.829777
vt 0.212913 0.870755
vt 0.187888 0.870741
vt 0.994479 0.055881
vt 0.994479 0.049353
vt 0.995927 0.049353
vt 0.995927 0.055881
vt 0.173896 0.945949
vt 0.180424 0.945949
vt 0.180424 0.970974
vt 0.173896 0.970974
vt 0.995544 0.965962
vt 0.995544 0.959434
vt 0.996992 0.959433
vt 0.996992 0.965962
vt 0.187888 0.946287
vt 0.194416 0.946287
vt 0.194416 0.971312
vt 0.187888 0.971312
vt 0.080330 0.993753
vt 0.080330 0.968728
vt 0.081781 0.968728
vt 0.081781 0.993753
vt 0.995558 0.875875
vt 0.995558 0.900900
vt 0.994107 0.900900
vt 0.994107 0.875875
vt 0.980536 0.900195
vt 0.978904 0.900193
vt 0.978904 0.856743
vt 0.980536 0.856746
vt 0.989081 0.310050
vt 0.990616 0.310051
vt 0.990616 0.335075
vt 0.989081 0.335075
vt 0.982874 0.551726
vt 0.984505 0.551724
vt 0.984505 0.595163
vt 0.982874 0.595165
vt 0.986552 0.844833
vt 0.988091 0.844834
vt 0.988091 0.869858
vt 0.986552 0.869858
vt 0.286964 0.849091
vt 0.311989 0.849077
vt 0.311989 0.890055
vt 0.286964 0.890069
vt 0.709474 0.829420
vt 0.734499 0.829434
vt 0.734499 0.870413
vt 0.709474 0.870399
vt 0.994479 0.068426
vt 0.994479 0.061898
vt 0.995927 0.061898
vt 0.995927 0.068426
vt 0.551485 0.944097
vt 0.558013 0.944097
vt 0.558013 0.969122
vt 0.551485 0.969122
vt 0.995184 0.636164
vt 0.995184 0.629636
vt 0.996632 0.629636
vt 0.996632 0.636164
vt 0.227318 0.945949
vt 0.233846 0.945949
vt 0.233846 0.970974
vt 0.227318 0.970974
vt 0.043479 0.992718
vt 0.043479 0.967693
vt 0.044930 0.967693
vt 0.044930 0.992718
vt 0.995829 0.813428
vt 0.995829 0.838453
vt 0.994378 0.838453
vt 0.994378 0.813428
vt 0.980536 0.751789
vt 0.978904 0.751786
vt 0.978904 0.708337
vt 0.980536 0.708339
vt 0.989085 0.422183
vt 0.990620 0.422183
vt 0.990620 0.447208
vt 0.989085 0.447208
vt 0.983975 0.372727
vt 0.985607 0.372725
vt 0.985607 0.416165
vt 0.983975 0.416166
vt 0.893727 0.964110
vt 0.895265 0.964110
vt 0.895265 0.989135
vt 0.893727 0.989134
vt 0.647391 0.876443
vt 0.672416 0.876429
vt 0.672416 0.917407
vt 0.647391 0.917421
vt 0.131096 0.838826
vt 0.156121 0.838840
vt 0.156121 0.879819
vt 0.131096 0.879805
vt 0.383661 0.996433
vt 0.383661 0.989905
vt 0.385109 0.989904
vt 0.385109 0.996432
vt 0.244680 0.944442
vt 0.251208 0.944442
vt 0.251208 0.969467
vt 0.244680 0.969467
vt 0.491121 0.996616
vt 0.491121 0.990088
vt 0.492568 0.990087
vt 0.492568 0.996615
vt 0.848383 0.946226
vt 0.854911 0.946226
vt 0.854911 0.971251
vt 0.848383 0.971251
vt 0.994107 0.869858
vt 0.994107 0.844833
vt 0.995558 0.844833
vt 0.995558 0.869858
vt 0.970334 0.968138
vt 0.970334 0.993163
vt 0.968884 0.993163
vt 0.968884 0.968138
vt 0.399337 0.980893
vt 0.397705 0.980890
vt 0.397705 0.937441
vt 0.399337 0.937443
vt 0.988204 0.137990
vt 0.989739 0.137991
vt 0.989739 0.163016
vt 0.988204 0.163015
vt 0.980556 0.205888
vt 0.982187 0.205886
vt 0.982187 0.249325
vt 0.980556 0.249327
vt 0.986705 0.911346
vt 0.988243 0.911347
vt 0.988243 0.936372
vt 0.986705 0.936371
vt 0.612216 0.871465
vt 0.637241 0.871451
vt 0.637241 0.912429
vt 0.612216 0.912443
vt 0.678433 0.829420
vt 0.703458 0.829434
vt 0.703458 0.870413
vt 0.678433 0.870399
vt 0.994479 0.080972
vt 0.994479 0.074444
vt 0.995927 0.074443
vt 0.995927 0.080971
vt 0.171497 0.881759
vt 0.178025 0.881759
vt 0.178025 0.906783
vt 0.171497 0.906783
vt 0.142916 0.996835
vt 0.142916 0.990307
vt 0.144363 0.990306
vt 0.144363 0.996835
vt 0.418287 0.945986
vt 0.424815 0.945986
vt 0.424815 0.971011
vt 0.418287 0.971011
vt 0.695587 0.994950
vt 0.695587 0.969925
vt 0.697038 0.969925
vt 0.697038 0.994950
vt 0.689570 0.969925
vt 0.689570 0.994950
vt 0.688120 0.994950
vt 0.688120 0.969925
vt 0.981613 0.660543
vt 0.979981 0.660540
vt 0.979981 0.617090
vt 0.981613 0.617093
vt 0.989081 0.341092
vt 0.990616 0.341092
vt 0.990616 0.366117
vt 0.989081 0.366117
vt 0.805176 0.942158
vt 0.806808 0.942157
vt 0.806808 0.985596
vt 0.805176 0.985598
vt 0.986924 0.036807
vt 0.988462 0.036808
vt 0.988462 0.061833
vt 0.986924 0.061832
vt 0.244680 0.856977
vt 0.269704 0.856963
vt 0.269704 0.897940
vt 0.244680 0.897954
vt 0.461130 0.829456
vt 0.486155 0.829470
vt 0.486155 0.870448
vt 0.461130 0.870435
vt 0.994479 0.043336
vt 0.994479 0.036808
vt 0.995927 0.036807
vt 0.995927 0.043335
vt 0.228290 0.881757
vt 0.234818 0.881757
vt 0.234818 0.906782
vt 0.228290 0.906782
vt 0.150380 0.996835
vt 0.150380 0.990307
vt 0.151828 0.990306
vt 0.151828 0.996835
vt 0.432628 0.945986
vt 0.439156 0.945986
vt 0.439156 0.971011
vt 0.432628 0.971011
vt 0.945775 0.994406
vt 0.945775 0.969381
vt 0.947226 0.969381
vt 0.947226 0.994406
vt 0.991973 0.582765
vt 0.991973 0.607790
vt 0.990522 0.607790
vt 0.990522 0.582765
vt 0.980536 0.850727
vt 0.978904 0.850724
vt 0.978904 0.807274
vt 0.980536 0.807277
vt 0.329249 0.966418
vt 0.330784 0.966418
vt 0.330784 0.991443
vt 0.329249 0.991442
vt 0.257224 0.944444
vt 0.258856 0.944442
vt 0.258856 0.987881
vt 0.257224 0.987883
vt 0.308690 0.963755
vt 0.310228 0.963756
vt 0.310228 0.988781
vt 0.308690 0.988780
vt 0.678433 0.876443
vt 0.703458 0.876429
vt 0.703458 0.917407
vt 0.678433 0.917421
vt 0.763303 0.840262
vt 0.788328 0.840276
vt 0.788328 0.881254
vt 0.763303 0.881241
vt 0.994479 0.093517
vt 0.994479 0.086989
vt 0.995927 0.086988
vt 0.995927 0.093516
vt 0.959254 0.003008
vt 0.965782 0.003008
vt 0.965782 0.028033
vt 0.959254 0.028033
vt 0.995544 0.978507
vt 0.995544 0.971979
vt 0.996992 0.971978
vt 0.996992 0.978507
vt 0.405743 0.945986
vt 0.412271 0.945986
vt 0.412271 0.971011
vt 0.405743 0.971011
vt 0.991623 0.397750
vt 0.991623 0.372725
vt 0.993074 0.372725
vt 0.993074 0.397750
vt 0.995710 0.911346
vt 0.995710 0.936371
vt 0.994260 0.936371
vt 0.994260 0.911346
vt 0.972729 0.164977
vt 0.972729 0.106949
vt 0.974539 0.106948
vt 0.974539 0.164976
vt 0.003008 0.611652
vt 0.061037 0.611652
vt 0.061037 0.705949
vt 0.003008 0.705949
vt 0.972729 0.293067
vt 0.972729 0.235038
vt 0.974539 0.235038
vt 0.974539 0.293066
vt 0.067053 0.611653
vt 0.125080 0.611652
vt 0.125080 0.705948
vt 0.067053 0.705949
vt 0.946501 0.902946
vt 0.946501 0.808650
vt 0.948314 0.808650
vt 0.948314 0.902946
vt 0.948314 0.708337
vt 0.948314 0.802633
vt 0.946501 0.802633
vt 0.946501 0.708337
vt 0.196439 0.994955
vt 0.196439 0.992416
vt 0.198973 0.992415
vt 0.198973 0.994954
vt 0.078861 0.827363
vt 0.081400 0.827363
vt 0.081399 0.925286
vt 0.078861 0.925286
vt 0.424066 0.994953
vt 0.424066 0.992414
vt 0.426600 0.992413
vt 0.426600 0.994952
vt 0.586550 0.829456
vt 0.589088 0.829456
vt 0.589088 0.927379
vt 0.586550 0.927379
vt 0.740516 0.927344
vt 0.740516 0.829420
vt 0.743054 0.829420
vt 0.743054 0.927344
vt 0.597644 0.829456
vt 0.597644 0.927379
vt 0.595105 0.927379
vt 0.595105 0.829456
vt 0.187888 0.994954
vt 0.187889 0.992415
vt 0.190423 0.992415
vt 0.190422 0.994954
vt 0.278409 0.805615
vt 0.280948 0.805615
vt 0.280948 0.903539
vt 0.278409 0.903539
vt 0.855701 0.995192
vt 0.855702 0.992653
vt 0.858235 0.992653
vt 0.858234 0.995192
vt 0.938879 0.003008
vt 0.941418 0.003008
vt 0.941418 0.100932
vt 0.938879 0.100932
vt 0.749071 0.927344
vt 0.749071 0.829420
vt 0.751610 0.829420
vt 0.751610 0.927343
vt 0.606199 0.829456
vt 0.606199 0.927379
vt 0.603660 0.927379
vt 0.603660 0.829456
vt 0.955624 0.236275
vt 0.955624 0.174621
vt 0.958157 0.174620
vt 0.958157 0.236274
vt 0.947945 0.371705
vt 0.947945 0.310050
vt 0.950484 0.310050
vt 0.950484 0.371705
vt 0.956501 0.371706
vt 0.956501 0.310051
vt 0.959034 0.310050
vt 0.959034 0.371705
vt 0.954331 0.769990
vt 0.954331 0.708337
vt 0.956869 0.708337
vt 0.956869 0.769990
vt 0.793978 0.906846
vt 0.793978 0.904307
vt 0.796516 0.904307
vt 0.796516 0.906846
vt 0.967590 0.608516
vt 0.967590 0.611055
vt 0.965051 0.611055
vt 0.965051 0.608516
vt 0.955413 0.678746
vt 0.955413 0.617091
vt 0.957946 0.617090
vt 0.957946 0.678745
vt 0.947945 0.574720
vt 0.947945 0.513065
vt 0.950484 0.513065
vt 0.950484 0.574720
vt 0.956501 0.507050
vt 0.956501 0.445395
vt 0.959034 0.445395
vt 0.959034 0.507050
vt 0.308690 0.957739
vt 0.308690 0.896086
vt 0.311229 0.896086
vt 0.311229 0.957739
vt 0.785378 0.992151
vt 0.787917 0.992151
vt 0.787917 0.994689
vt 0.785378 0.994689
vt 0.838377 0.992353
vt 0.838377 0.994892
vt 0.835839 0.994892
vt 0.835839 0.992353
vt 0.794345 0.898290
vt 0.794345 0.840263
vt 0.796516 0.840262
vt 0.796516 0.898289
vt 0.971074 0.766365
vt 0.971074 0.708337
vt 0.972888 0.708337
vt 0.972888 0.766365
vt 0.963963 0.675119
vt 0.963963 0.617091
vt 0.966134 0.617090
vt 0.966134 0.675119
vt 0.578370 0.973012
vt 0.578370 0.914986
vt 0.580184 0.914986
vt 0.580184 0.973012
vt 0.161351 0.993162
vt 0.163164 0.993162
vt 0.163164 0.995338
vt 0.161351 0.995338
vt 0.172808 0.993162
vt 0.174621 0.993162
vt 0.174621 0.995338
vt 0.172808 0.995338
vt 0.961988 0.094836
vt 0.961988 0.036808
vt 0.964159 0.036807
vt 0.964159 0.094835
vt 0.970176 0.094836
vt 0.970176 0.036807
vt 0.971989 0.036807
vt 0.971989 0.094836
vt 0.962886 0.830411
vt 0.962886 0.772382
vt 0.965057 0.772382
vt 0.965057 0.830410
vt 0.971074 0.894454
vt 0.971074 0.836427
vt 0.972888 0.836427
vt 0.972888 0.894454
vt 0.540773 0.993349
vt 0.542586 0.993349
vt 0.542586 0.995525
vt 0.540773 0.995525
vt 0.286964 0.993594
vt 0.288778 0.993594
vt 0.288778 0.995770
vt 0.286964 0.995770
vt 0.972729 0.229021
vt 0.972729 0.170994
vt 0.974539 0.170993
vt 0.974539 0.229021
vt 0.131096 0.669680
vt 0.131096 0.611652
vt 0.181871 0.611652
vt 0.181871 0.669680
vt 0.973606 0.368079
vt 0.973606 0.310051
vt 0.975416 0.310050
vt 0.975416 0.368079
vt 0.187888 0.669678
vt 0.187888 0.611652
vt 0.238663 0.611652
vt 0.238663 0.669679
vt 0.973606 0.472958
vt 0.973606 0.422183
vt 0.975420 0.422183
vt 0.975420 0.472958
vt 0.004822 0.918031
vt 0.004822 0.968806
vt 0.003008 0.968806
vt 0.003008 0.918031
vt 0.845770 0.994893
vt 0.845770 0.992354
vt 0.848303 0.992353
vt 0.848303 0.994892
vt 0.964174 0.106948
vt 0.966713 0.106948
vt 0.966713 0.161350
vt 0.964174 0.161350
vt 0.450949 0.994953
vt 0.450949 0.992414
vt 0.453482 0.992414
vt 0.453482 0.994953
vt 0.965051 0.430887
vt 0.967590 0.430887
vt 0.967590 0.485289
vt 0.965051 0.485289
vt 0.964174 0.282187
vt 0.964174 0.227785
vt 0.966713 0.227785
vt 0.966713 0.282187
vt 0.967590 0.370469
vt 0.967590 0.424871
vt 0.965051 0.424871
vt 0.965051 0.370469
vt 0.204989 0.994955
vt 0.204989 0.992416
vt 0.207523 0.992415
vt 0.207523 0.994954
vt 0.945775 0.908963
vt 0.948314 0.908963
vt 0.948314 0.963365
vt 0.945775 0.963365
vt 0.675586 0.995068
vt 0.675586 0.992529
vt 0.678119 0.992529
vt 0.678119 0.995068
vt 0.965051 0.491306
vt 0.967590 0.491306
vt 0.967590 0.545707
vt 0.965051 0.545707
vt 0.964174 0.221769
vt 0.964174 0.167367
vt 0.966713 0.167367
vt 0.966713 0.221769
vt 0.967590 0.310050
vt 0.967590 0.364452
vt 0.965051 0.364452
vt 0.965051 0.310050
vt 0.955624 0.168604
vt 0.955624 0.106949
vt 0.958157 0.106948
vt 0.958157 0.168603
vt 0.947945 0.439377
vt 0.947945 0.377722
vt 0.950484 0.377722
vt 0.950484 0.439377
vt 0.956501 0.439378
vt 0.956501 0.377723
vt 0.959034 0.377723
vt 0.959034 0.439378
vt 0.954331 0.837660
vt 0.954331 0.776006
vt 0.956869 0.776006
vt 0.956869 0.837660
vt 0.794665 0.994689
vt 0.794665 0.992150
vt 0.797204 0.992150
vt 0.797204 0.994689
vt 0.109883 0.992216
vt 0.109883 0.994755
vt 0.107344 0.994755
vt 0.107344 0.992216
vt 0.955624 0.303947
vt 0.955624 0.242293
vt 0.958157 0.242292
vt 0.958157 0.303946
vt 0.947945 0.507049
vt 0.947945 0.445394
vt 0.950484 0.445394
vt 0.950484 0.507049
vt 0.956501 0.574723
vt 0.956501 0.513068
vt 0.959034 0.513067
vt 0.959034 0.574722
vt 0.954331 0.905329
vt 0.954331 0.843676
vt 0.956869 0.843676
vt 0.956869 0.905329
vt 0.501392 0.994842
vt 0.501392 0.992303
vt 0.503931 0.992303
vt 0.503931 0.994842
vt 0.217312 0.992240
vt 0.217312 0.994779
vt 0.214773 0.994779
vt 0.214773 0.992240
vt 0.962886 0.766365
vt 0.962886 0.708337
vt 0.965058 0.708337
vt 0.965058 0.766364
vt 0.971074 0.830410
vt 0.971074 0.772382
vt 0.972888 0.772382
vt 0.972888 0.830410
vt 0.962886 0.894456
vt 0.962886 0.836428
vt 0.965058 0.836427
vt 0.965058 0.894455
vt 0.972151 0.675117
vt 0.972151 0.617090
vt 0.973964 0.617090
vt 0.973964 0.675117
vt 0.599342 0.993612
vt 0.601156 0.993612
vt 0.601156 0.995788
vt 0.599342 0.995788
vt 0.355959 0.993720
vt 0.357772 0.993720
vt 0.357772 0.995896
vt 0.355959 0.995896
vt 0.947797 0.186737
vt 0.947797 0.106949
vt 0.949607 0.106948
vt 0.949607 0.186736
vt 0.244680 0.691441
vt 0.244680 0.611652
vt 0.280948 0.611652
vt 0.280948 0.691441
vt 0.947797 0.272543
vt 0.947797 0.192754
vt 0.949607 0.192753
vt 0.949607 0.272542
vt 0.286964 0.691438
vt 0.286964 0.611652
vt 0.323232 0.611652
vt 0.323232 0.691439
vt 0.714155 0.985670
vt 0.714155 0.949402
vt 0.715968 0.949402
vt 0.715968 0.985669
vt 0.322840 0.805615
vt 0.322840 0.841883
vt 0.321026 0.841883
vt 0.321026 0.805615
vt 0.939033 0.395279
vt 0.939033 0.310051
vt 0.941929 0.310050
vt 0.941929 0.395278
vt 0.119343 0.933774
vt 0.119343 0.848545
vt 0.122245 0.848545
vt 0.122245 0.933774
vt 0.939033 0.577771
vt 0.939033 0.492542
vt 0.941929 0.492542
vt 0.941929 0.577771
vt 0.938879 0.192175
vt 0.938879 0.106948
vt 0.941781 0.106948
vt 0.941781 0.192175
vt 0.723877 0.302662
vt 0.723878 0.299760
vt 0.726779 0.299760
vt 0.726779 0.302662
vt 0.735697 0.299760
vt 0.735697 0.302662
vt 0.732795 0.302662
vt 0.732795 0.299760
vt 0.939033 0.486525
vt 0.939033 0.401297
vt 0.941929 0.401296
vt 0.941929 0.486524
vt 0.318006 0.934307
vt 0.318006 0.849077
vt 0.320907 0.849077
vt 0.320907 0.934307
vt 0.946501 0.702320
vt 0.946501 0.617091
vt 0.949396 0.617090
vt 0.949396 0.702319
vt 0.938879 0.283418
vt 0.938879 0.198191
vt 0.941781 0.198191
vt 0.941781 0.283418
vt 0.714959 0.302662
vt 0.714959 0.299760
vt 0.717861 0.299760
vt 0.717861 0.302662
vt 0.744615 0.299760
vt 0.744615 0.302662
vt 0.741713 0.302662
vt 0.741713 0.299760
vt 0.750631 0.302663
vt 0.750631 0.299761
vt 0.753527 0.299760
vt 0.753527 0.302662
vt 0.235612 0.675696
vt 0.238514 0.675696
vt 0.238514 0.717766
vt 0.235612 0.717766
vt 0.759544 0.302662
vt 0.759544 0.299761
vt 0.762439 0.299760
vt 0.762439 0.302662
vt 0.978006 0.036807
vt 0.980907 0.036807
vt 0.980907 0.078878
vt 0.978006 0.078878
vt 0.973606 0.521045
vt 0.973606 0.478975
vt 0.976508 0.478975
vt 0.976508 0.521045
vt 0.976857 0.551724
vt 0.976857 0.593795
vt 0.973956 0.593795
vt 0.973956 0.551724
vt 0.826926 0.304034
vt 0.826926 0.299682
vt 0.829822 0.299680
vt 0.829822 0.304033
vt 0.601103 0.933396
vt 0.605455 0.933396
vt 0.605455 0.975466
vt 0.601103 0.975466
vt 0.818014 0.304033
vt 0.818014 0.299681
vt 0.820910 0.299680
vt 0.820910 0.304033
vt 0.973606 0.374096
vt 0.977958 0.374096
vt 0.977958 0.416166
vt 0.973606 0.416166
vt 0.178819 0.717768
vt 0.178819 0.675697
vt 0.181721 0.675697
vt 0.181721 0.717768
vt 0.980688 0.911346
vt 0.980688 0.953417
vt 0.977787 0.953417
vt 0.977787 0.911346
vt 0.947797 0.303947
vt 0.947797 0.278560
vt 0.949607 0.278559
vt 0.949607 0.303946
vt 0.986552 0.776009
vt 0.986552 0.750621
vt 0.988366 0.750621
vt 0.988366 0.776009
vt 0.986552 0.838816
vt 0.986552 0.813429
vt 0.988362 0.813428
vt 0.988362 0.838816
vt 0.986552 0.807412
vt 0.986552 0.782025
vt 0.988366 0.782025
vt 0.988366 0.807412
vt 0.095246 0.855140
vt 0.097059 0.855140
vt 0.097059 0.856953
vt 0.095246 0.856953
vt 0.089230 0.855140
vt 0.089230 0.856953
vt 0.087416 0.856953
vt 0.087416 0.855140
vt 0.991623 0.412834
vt 0.991623 0.403767
vt 0.992709 0.403767
vt 0.992709 0.412833
vt 0.914604 0.851592
vt 0.923671 0.851591
vt 0.923671 0.887859
vt 0.914604 0.887859
vt 0.658485 0.993255
vt 0.658485 0.984188
vt 0.659571 0.984188
vt 0.659571 0.993255
vt 0.930115 0.902370
vt 0.939182 0.902370
vt 0.939182 0.938638
vt 0.930115 0.938638
vt 0.986552 0.744605
vt 0.986552 0.708337
vt 0.987640 0.708337
vt 0.987640 0.744605
vt 0.517033 0.923473
vt 0.517033 0.959741
vt 0.515945 0.959741
vt 0.515945 0.923473
vt 0.157060 0.792915
vt 0.157060 0.778408
vt 0.157784 0.778408
vt 0.157784 0.792915
vt 0.930841 0.304034
vt 0.930841 0.289527
vt 0.940996 0.289527
vt 0.940996 0.304034
vt 0.157060 0.813439
vt 0.157060 0.798932
vt 0.157784 0.798931
vt 0.157784 0.813439
vt 0.688120 0.963908
vt 0.688120 0.949402
vt 0.698275 0.949402
vt 0.698275 0.963908
vt 0.003008 0.984978
vt 0.003008 0.974823
vt 0.003734 0.974823
vt 0.003734 0.984978
vt 0.181363 0.976991
vt 0.181363 0.987146
vt 0.180638 0.987146
vt 0.180638 0.976991
vt 0.732794 0.927065
vt 0.732794 0.923438
vt 0.733590 0.923438
vt 0.733590 0.927064
vt 0.161351 0.976991
vt 0.164978 0.976991
vt 0.164978 0.987146
vt 0.161351 0.987146
vt 0.207750 0.980956
vt 0.207750 0.977329
vt 0.208547 0.977329
vt 0.208547 0.980955
vt 0.170994 0.976991
vt 0.174621 0.976991
vt 0.174621 0.987146
vt 0.170994 0.987146
vt 0.755585 0.968377
vt 0.755585 0.958222
vt 0.756383 0.958222
vt 0.756383 0.968377
vt 0.157858 0.819455
vt 0.157858 0.829610
vt 0.157060 0.829610
vt 0.157060 0.819455
vt 0.136899 0.972162
vt 0.131096 0.972160
vt 0.131096 0.952253
vt 0.136899 0.952255
vt 0.865429 0.880610
vt 0.871232 0.880610
vt 0.871232 0.935012
vt 0.865429 0.935012
vt 0.148719 0.972160
vt 0.142916 0.972159
vt 0.142916 0.952253
vt 0.148719 0.952254
vt 0.947434 0.003008
vt 0.953237 0.003008
vt 0.953237 0.057410
vt 0.947434 0.057410
vt 0.078861 0.821346
vt 0.078861 0.766944
vt 0.098808 0.766944
vt 0.098808 0.821346
vt 0.151043 0.778408
vt 0.151043 0.832810
vt 0.131096 0.832809
vt 0.131096 0.778408
vt 0.588363 0.992539
vt 0.586550 0.992538
vt 0.586550 0.970821
vt 0.588363 0.970822
vt 0.785029 0.887271
vt 0.786842 0.887271
vt 0.786842 0.899965
vt 0.785029 0.899965
vt 0.669569 0.993770
vt 0.667756 0.993770
vt 0.667756 0.972054
vt 0.669569 0.972054
vt 0.930115 0.598380
vt 0.931929 0.598380
vt 0.931929 0.611074
vt 0.930115 0.611074
vt 0.939033 0.583788
vt 0.951727 0.583788
vt 0.951727 0.605549
vt 0.939033 0.605549
vt 0.087416 0.827363
vt 0.100110 0.827363
vt 0.100110 0.849123
vt 0.087416 0.849123
vt 0.971779 0.690417
vt 0.971779 0.689375
vt 0.972142 0.689387
vt 0.972142 0.690416
vt 0.972408 0.689420
vt 0.972408 0.690415
vt 0.910449 0.954572
vt 0.909463 0.954442
vt 0.909527 0.954085
vt 0.910466 0.954209
vt 0.909604 0.953730
vt 0.910496 0.953848
vt 0.957744 0.605785
vt 0.957744 0.604886
vt 0.958009 0.604919
vt 0.958009 0.605784
vt 0.958371 0.604931
vt 0.958371 0.605783
vt 0.958734 0.604919
vt 0.958734 0.605784
vt 0.959000 0.604886
vt 0.959000 0.605785
vt 0.095433 0.953804
vt 0.096332 0.953804
vt 0.096350 0.954165
vt 0.095403 0.954165
vt 0.096379 0.954528
vt 0.095385 0.954528
vt 0.096413 0.954796
vt 0.095384 0.954796
vt 0.971417 0.690416
vt 0.971417 0.689387
vt 0.971779 0.688350
vt 0.972142 0.688375
vt 0.909428 0.954704
vt 0.908434 0.954438
vt 0.908503 0.954185
vt 0.908613 0.953840
vt 0.908735 0.953498
vt 0.908837 0.953248
vt 0.909673 0.953472
vt 0.958009 0.604068
vt 0.958371 0.604092
vt 0.958734 0.604068
vt 0.959000 0.604001
vt 0.097224 0.953687
vt 0.097289 0.954041
vt 0.097365 0.954398
vt 0.097433 0.954661
vt 0.971417 0.688375
vt 0.971780 0.687360
vt 0.972143 0.687397
vt 0.907484 0.954044
vt 0.907584 0.953804
vt 0.907738 0.953478
vt 0.907904 0.953153
vt 0.908038 0.952917
vt 0.958008 0.603246
vt 0.958371 0.603282
vt 0.958733 0.603246
vt 0.097190 0.953429
vt 0.098025 0.953205
vt 0.098094 0.953453
vt 0.098204 0.953796
vt 0.098326 0.954140
vt 0.098427 0.954394
vt 0.971417 0.687397
vt 0.971780 0.686422
vt 0.972143 0.686470
vt 0.906593 0.953529
vt 0.906723 0.953306
vt 0.906918 0.953004
vt 0.907125 0.952703
vt 0.907289 0.952484
vt 0.958008 0.602466
vt 0.958370 0.602514
vt 0.958733 0.602466
vt 0.098824 0.952873
vt 0.098925 0.953108
vt 0.099079 0.953433
vt 0.099245 0.953759
vt 0.099378 0.954000
vt 0.971418 0.686470
vt 0.971781 0.685551
vt 0.972144 0.685609
vt 0.905777 0.952902
vt 0.905934 0.952700
vt 0.906167 0.952426
vt 0.906412 0.952154
vt 0.906603 0.951957
vt 0.958007 0.601743
vt 0.958369 0.601802
vt 0.958732 0.601743
vt 0.099574 0.952440
vt 0.099704 0.952658
vt 0.099899 0.952958
vt 0.100106 0.953261
vt 0.100270 0.953484
vt 0.971419 0.685609
vt 0.971782 0.684762
vt 0.972145 0.684831
vt 0.905049 0.952173
vt 0.905231 0.951996
vt 0.905497 0.951756
vt 0.905776 0.951517
vt 0.905992 0.951344
vt 0.958006 0.601088
vt 0.958368 0.601157
vt 0.958731 0.601088
vt 0.100260 0.951912
vt 0.100418 0.952109
vt 0.100651 0.952381
vt 0.100895 0.952654
vt 0.101086 0.952857
vt 0.971420 0.684831
vt 0.978369 0.096179
vt 0.978369 0.095396
vt 0.978732 0.095337
vt 0.978732 0.096110
vt 0.904423 0.951355
vt 0.904626 0.951206
vt 0.904921 0.951003
vt 0.905228 0.950803
vt 0.905465 0.950657
vt 0.855704 0.986637
vt 0.855703 0.985990
vt 0.856066 0.985930
vt 0.856067 0.986567
vt 0.856428 0.985990
vt 0.856429 0.986637
vt 0.100872 0.951299
vt 0.101055 0.951472
vt 0.101321 0.951710
vt 0.101599 0.951950
vt 0.101815 0.952128
vt 0.978007 0.096110
vt 0.978007 0.095337
vt 0.978369 0.094530
vt 0.978732 0.094482
vt 0.903908 0.950463
vt 0.904129 0.950343
vt 0.904447 0.950182
vt 0.904778 0.950022
vt 0.905033 0.949907
vt 0.855702 0.985274
vt 0.856065 0.985224
vt 0.856428 0.985274
vt 0.101399 0.950612
vt 0.101603 0.950757
vt 0.101898 0.950957
vt 0.102205 0.951160
vt 0.102441 0.951310
vt 0.978006 0.094482
vt 0.978369 0.093596
vt 0.978731 0.093558
vt 0.903515 0.949511
vt 0.903749 0.949423
vt 0.904085 0.949306
vt 0.904434 0.949190
vt 0.904702 0.949106
vt 0.855702 0.984500
vt 0.856064 0.984462
vt 0.856427 0.984500
vt 0.101832 0.949861
vt 0.102053 0.949976
vt 0.102372 0.950136
vt 0.102702 0.950297
vt 0.102956 0.950417
vt 0.978006 0.093558
vt 0.978369 0.092609
vt 0.978731 0.092583
vt 0.978997 0.092514
vt 0.978997 0.093456
vt 0.903491 0.948461
vt 0.903840 0.948389
vt 0.904201 0.948319
vt 0.904478 0.948269
vt 0.855701 0.983682
vt 0.856064 0.983656
vt 0.856427 0.983682
vt 0.856692 0.983753
vt 0.856692 0.984604
vt 0.102398 0.949143
vt 0.102735 0.949259
vt 0.103083 0.949377
vt 0.103351 0.949465
vt 0.978006 0.092583
vt 0.978369 0.091586
vt 0.978731 0.091573
vt 0.978997 0.091537
vt 0.903361 0.947473
vt 0.903716 0.947449
vt 0.904084 0.947426
vt 0.904365 0.947410
vt 0.855701 0.982833
vt 0.856064 0.982820
vt 0.856426 0.982833
vt 0.856691 0.982870
vt 0.102631 0.948273
vt 0.102980 0.948343
vt 0.103341 0.948414
vt 0.103618 0.948469
vt 0.978006 0.091573
vt 0.978369 0.090545
vt 0.978731 0.090544
vt 0.978997 0.090543
vt 0.903361 0.946477
vt 0.903716 0.946500
vt 0.904084 0.946524
vt 0.904365 0.946543
vt 0.855701 0.981969
vt 0.856064 0.981968
vt 0.856426 0.981969
vt 0.856691 0.981971
vt 0.102749 0.947379
vt 0.103104 0.947402
vt 0.103472 0.947427
vt 0.103753 0.947447
vt 0.978006 0.090544
vt 0.978369 0.089503
vt 0.978731 0.089515
vt 0.978997 0.089549
vt 0.903491 0.945489
vt 0.903840 0.945559
vt 0.904201 0.945630
vt 0.904478 0.945684
vt 0.855701 0.981104
vt 0.856064 0.981116
vt 0.856426 0.981104
vt 0.856691 0.981071
vt 0.102750 0.946478
vt 0.103105 0.946453
vt 0.103472 0.946430
vt 0.103753 0.946416
vt 0.978006 0.089515
vt 0.978369 0.088479
vt 0.978731 0.088503
vt 0.978997 0.088571
vt 0.903749 0.944527
vt 0.904085 0.944643
vt 0.904434 0.944760
vt 0.904702 0.944847
vt 0.855701 0.980252
vt 0.856064 0.980277
vt 0.856427 0.980252
vt 0.856692 0.980186
vt 0.102633 0.945584
vt 0.102982 0.945512
vt 0.103343 0.945443
vt 0.103620 0.945394
vt 0.978006 0.088503
vt 0.978369 0.087489
vt 0.978732 0.087526
vt 0.978997 0.087627
vt 0.904129 0.943606
vt 0.904447 0.943766
vt 0.904778 0.943927
vt 0.905033 0.944046
vt 0.855702 0.979429
vt 0.856064 0.979466
vt 0.856427 0.979429
vt 0.856692 0.979330
vt 0.102401 0.944714
vt 0.102738 0.944596
vt 0.103086 0.944480
vt 0.103354 0.944398
vt 0.978006 0.087526
vt 0.978369 0.086552
vt 0.978732 0.086600
vt 0.903908 0.943491
vt 0.904423 0.942598
vt 0.904626 0.942743
vt 0.904921 0.942944
vt 0.905228 0.943146
vt 0.905465 0.943295
vt 0.855702 0.978649
vt 0.856065 0.978696
vt 0.856428 0.978649
vt 0.102167 0.944802
vt 0.101836 0.944001
vt 0.102057 0.943881
vt 0.102376 0.943720
vt 0.102707 0.943560
vt 0.102961 0.943445
vt 0.978006 0.086600
vt 0.978369 0.085682
vt 0.978732 0.085741
vt 0.905049 0.941780
vt 0.905231 0.941953
vt 0.905497 0.942191
vt 0.905776 0.942431
vt 0.905992 0.942608
vt 0.855703 0.977924
vt 0.856066 0.977982
vt 0.856428 0.977924
vt 0.101404 0.943251
vt 0.101608 0.943100
vt 0.101903 0.942898
vt 0.102210 0.942697
vt 0.102447 0.942553
vt 0.978007 0.085741
vt 0.978369 0.084895
vt 0.978732 0.084963
vt 0.905777 0.941050
vt 0.905934 0.941248
vt 0.906167 0.941520
vt 0.906412 0.941793
vt 0.906603 0.941995
vt 0.855704 0.977267
vt 0.856067 0.977335
vt 0.856429 0.977267
vt 0.100878 0.942563
vt 0.101061 0.942385
vt 0.101327 0.942145
vt 0.101605 0.941907
vt 0.101821 0.941735
vt 0.978007 0.084963
vt 0.958375 0.583788
vt 0.958374 0.584569
vt 0.958012 0.584628
vt 0.958013 0.583857
vt 0.906593 0.940422
vt 0.906723 0.940641
vt 0.906918 0.940942
vt 0.907125 0.941244
vt 0.907289 0.941467
vt 0.426331 0.977027
vt 0.426332 0.977676
vt 0.425969 0.977735
vt 0.425968 0.977096
vt 0.425606 0.977676
vt 0.425605 0.977027
vt 0.100267 0.941950
vt 0.100425 0.941748
vt 0.100658 0.941474
vt 0.100903 0.941203
vt 0.101094 0.941006
vt 0.958738 0.583857
vt 0.958737 0.584628
vt 0.958373 0.585433
vt 0.958011 0.585482
vt 0.907484 0.939906
vt 0.907584 0.940143
vt 0.907738 0.940467
vt 0.907904 0.940793
vt 0.908038 0.941033
vt 0.426332 0.978394
vt 0.425970 0.978443
vt 0.425607 0.978394
vt 0.099581 0.941423
vt 0.099712 0.941199
vt 0.099907 0.940897
vt 0.100114 0.940596
vt 0.100278 0.940378
vt 0.958736 0.585483
vt 0.958372 0.586367
vt 0.958010 0.586405
vt 0.908434 0.939511
vt 0.908503 0.939761
vt 0.908613 0.940103
vt 0.908735 0.940448
vt 0.908837 0.940701
vt 0.426333 0.979169
vt 0.425970 0.979206
vt 0.425608 0.979169
vt 0.098832 0.940989
vt 0.098933 0.940749
vt 0.099087 0.940422
vt 0.099253 0.940098
vt 0.099387 0.939863
vt 0.958735 0.586405
vt 0.958372 0.587353
vt 0.958009 0.587379
vt 0.909428 0.939244
vt 0.909463 0.939503
vt 0.909527 0.939857
vt 0.909604 0.940214
vt 0.909673 0.940476
vt 0.426333 0.979988
vt 0.425971 0.980014
vt 0.425608 0.979988
vt 0.098033 0.940658
vt 0.098102 0.940404
vt 0.098212 0.940059
vt 0.098335 0.939717
vt 0.098437 0.939468
vt 0.958735 0.587379
vt 0.958371 0.588376
vt 0.958009 0.588389
vt 0.910448 0.939109
vt 0.910449 0.939372
vt 0.910466 0.939733
vt 0.910496 0.940096
vt 0.910530 0.940363
vt 0.426334 0.980837
vt 0.425971 0.980850
vt 0.425608 0.980837
vt 0.097198 0.940434
vt 0.097233 0.940170
vt 0.097298 0.939814
vt 0.097375 0.939459
vt 0.097443 0.939201
vt 0.958734 0.588389
vt 0.958371 0.589417
vt 0.958009 0.589417
vt 0.957744 0.589419
vt 0.957744 0.588425
vt 0.911443 0.939372
vt 0.911413 0.939733
vt 0.911396 0.940095
vt 0.911395 0.940362
vt 0.426334 0.981701
vt 0.425971 0.981702
vt 0.425608 0.981701
vt 0.096341 0.940320
vt 0.096341 0.940053
vt 0.096359 0.939690
vt 0.096389 0.939329
vt 0.959000 0.588425
vt 0.959000 0.589419
vt 0.958734 0.589417
vt 0.958371 0.590459
vt 0.958009 0.590447
vt 0.957744 0.590413
vt 0.912429 0.939501
vt 0.912352 0.939856
vt 0.912288 0.940213
vt 0.426600 0.981700
vt 0.426600 0.982600
vt 0.426334 0.982566
vt 0.425971 0.982554
vt 0.425608 0.982566
vt 0.095476 0.940320
vt 0.095442 0.940053
vt 0.095412 0.939690
vt 0.095395 0.939329
vt 0.959000 0.590413
vt 0.958734 0.590447
vt 0.958371 0.591483
vt 0.958009 0.591459
vt 0.912497 0.939243
vt 0.913491 0.939509
vt 0.913389 0.939758
vt 0.913267 0.940101
vt 0.913156 0.940445
vt 0.913088 0.940699
vt 0.912253 0.940475
vt 0.426333 0.983417
vt 0.425971 0.983393
vt 0.425608 0.983417
vt 0.094618 0.940434
vt 0.094550 0.940170
vt 0.094473 0.939814
vt 0.094409 0.939459
vt 0.959000 0.591392
vt 0.958734 0.591459
vt 0.958372 0.592474
vt 0.958009 0.592437
vt 0.914442 0.939903
vt 0.914308 0.940139
vt 0.914141 0.940464
vt 0.913987 0.940790
vt 0.913887 0.941030
vt 0.426333 0.984240
vt 0.425970 0.984203
vt 0.425608 0.984240
vt 0.093782 0.940658
vt 0.093681 0.940404
vt 0.093558 0.940059
vt 0.093448 0.939717
vt 0.093380 0.939468
vt 0.094374 0.939201
vt 0.958735 0.592437
vt 0.958372 0.593412
vt 0.958010 0.593364
vt 0.915333 0.940418
vt 0.915169 0.940637
vt 0.914961 0.940938
vt 0.914766 0.941240
vt 0.914636 0.941463
vt 0.426332 0.985019
vt 0.425970 0.984971
vt 0.425607 0.985019
vt 0.092983 0.940990
vt 0.092849 0.940749
vt 0.092683 0.940422
vt 0.092530 0.940098
vt 0.092429 0.939863
vt 0.958735 0.593364
vt 0.958373 0.594283
vt 0.958011 0.594225
vt 0.916149 0.941045
vt 0.915957 0.941243
vt 0.915713 0.941515
vt 0.915480 0.941789
vt 0.915322 0.941990
vt 0.426332 0.985742
vt 0.425969 0.985683
vt 0.425606 0.985742
vt 0.092234 0.941423
vt 0.092070 0.941199
vt 0.091863 0.940897
vt 0.091668 0.940596
vt 0.091538 0.940378
vt 0.958736 0.594225
vt 0.958374 0.595072
vt 0.958012 0.595003
vt 0.916877 0.941774
vt 0.916660 0.941947
vt 0.916382 0.942186
vt 0.916116 0.942426
vt 0.915934 0.942603
vt 0.426331 0.986397
vt 0.425968 0.986328
vt 0.425605 0.986397
vt 0.091547 0.941950
vt 0.091356 0.941748
vt 0.091111 0.941474
vt 0.090879 0.941203
vt 0.090721 0.941006
vt 0.958737 0.595003
vt 0.964537 0.288204
vt 0.964538 0.288982
vt 0.964175 0.289042
vt 0.964174 0.288273
vt 0.917503 0.942592
vt 0.917266 0.942737
vt 0.916959 0.942938
vt 0.916664 0.943141
vt 0.916460 0.943290
vt 0.453216 0.977028
vt 0.453216 0.977677
vt 0.452853 0.977737
vt 0.452853 0.977097
vt 0.452491 0.977677
vt 0.452491 0.977028
vt 0.090935 0.942563
vt 0.090719 0.942385
vt 0.090441 0.942145
vt 0.090175 0.941907
vt 0.089993 0.941735
vt 0.964899 0.288273
vt 0.964900 0.289042
vt 0.964539 0.289845
vt 0.964176 0.289894
vt 0.918017 0.943484
vt 0.917763 0.943600
vt 0.917432 0.943760
vt 0.917114 0.943921
vt 0.916893 0.944040
vt 0.453216 0.978396
vt 0.452854 0.978445
vt 0.452491 0.978396
vt 0.090408 0.943251
vt 0.090171 0.943100
vt 0.089864 0.942898
vt 0.089570 0.942697
vt 0.089366 0.942553
vt 0.964901 0.289894
vt 0.964539 0.290777
vt 0.964177 0.290815
vt 0.918411 0.944436
vt 0.918143 0.944520
vt 0.917794 0.944636
vt 0.917458 0.944753
vt 0.917224 0.944841
vt 0.453217 0.979172
vt 0.452854 0.979210
vt 0.452491 0.979172
vt 0.089975 0.944001
vt 0.089721 0.943881
vt 0.089390 0.943720
vt 0.089072 0.943560
vt 0.088851 0.943446
vt 0.964902 0.290815
vt 0.964540 0.291762
vt 0.964177 0.291788
vt 0.918677 0.945432
vt 0.918401 0.945482
vt 0.918039 0.945552
vt 0.917691 0.945624
vt 0.453482 0.979070
vt 0.453482 0.979922
vt 0.453217 0.979992
vt 0.452854 0.980017
vt 0.452491 0.979992
vt 0.089644 0.944802
vt 0.089376 0.944714
vt 0.089027 0.944596
vt 0.088691 0.944481
vt 0.965167 0.290919
vt 0.965167 0.291859
vt 0.964902 0.291788
vt 0.964540 0.292784
vt 0.964177 0.292798
vt 0.918812 0.946454
vt 0.918530 0.946470
vt 0.918163 0.946493
vt 0.917808 0.946518
vt 0.453482 0.980806
vt 0.453217 0.980841
vt 0.452854 0.980854
vt 0.452491 0.980841
vt 0.089419 0.945639
vt 0.089143 0.945584
vt 0.088782 0.945513
vt 0.088433 0.945443
vt 0.965168 0.292835
vt 0.964903 0.292798
vt 0.964540 0.293825
vt 0.964177 0.293826
vt 0.918812 0.947485
vt 0.918530 0.947466
vt 0.918163 0.947442
vt 0.917808 0.947419
vt 0.453482 0.981705
vt 0.453217 0.981706
vt 0.452854 0.981706
vt 0.452491 0.981706
vt 0.089306 0.946498
vt 0.089025 0.946478
vt 0.088658 0.946453
vt 0.088302 0.946431
vt 0.965168 0.293828
vt 0.964903 0.293826
vt 0.964540 0.294867
vt 0.964177 0.294855
vt 0.918677 0.948507
vt 0.918401 0.948454
vt 0.918039 0.948382
vt 0.917691 0.948313
vt 0.453482 0.982605
vt 0.453217 0.982571
vt 0.452854 0.982558
vt 0.452491 0.982571
vt 0.089305 0.947365
vt 0.089024 0.947379
vt 0.088657 0.947402
vt 0.088302 0.947427
vt 0.965168 0.294823
vt 0.964903 0.294855
vt 0.964540 0.295892
vt 0.964177 0.295868
vt 0.918411 0.949503
vt 0.918143 0.949416
vt 0.917794 0.949299
vt 0.917458 0.949183
vt 0.453482 0.983489
vt 0.453217 0.983421
vt 0.452854 0.983397
vt 0.452491 0.983421
vt 0.089418 0.948224
vt 0.089141 0.948273
vt 0.088780 0.948343
vt 0.088431 0.948414
vt 0.965167 0.295802
vt 0.964902 0.295868
vt 0.964539 0.296884
vt 0.964177 0.296847
vt 0.918017 0.950456
vt 0.917763 0.950337
vt 0.917432 0.950176
vt 0.917114 0.950016
vt 0.453482 0.984344
vt 0.453217 0.984243
vt 0.452854 0.984206
vt 0.452491 0.984243
vt 0.089641 0.949061
vt 0.089373 0.949144
vt 0.089024 0.949259
vt 0.088688 0.949377
vt 0.965167 0.296748
vt 0.964902 0.296847
vt 0.964539 0.297824
vt 0.964176 0.297776
vt 0.917503 0.951349
vt 0.917266 0.951200
vt 0.916959 0.950998
vt 0.916664 0.950797
vt 0.916460 0.950652
vt 0.916893 0.949901
vt 0.453216 0.985022
vt 0.452854 0.984973
vt 0.452491 0.985022
vt 0.089971 0.949862
vt 0.089717 0.949976
vt 0.089386 0.950136
vt 0.089068 0.950297
vt 0.088847 0.950417
vt 0.088453 0.949465
vt 0.964901 0.297776
vt 0.964538 0.298696
vt 0.964175 0.298638
vt 0.916877 0.952167
vt 0.916660 0.951990
vt 0.916382 0.951751
vt 0.916116 0.951512
vt 0.915934 0.951339
vt 0.453216 0.985744
vt 0.452853 0.985685
vt 0.452491 0.985744
vt 0.090403 0.950612
vt 0.090166 0.950757
vt 0.089859 0.950957
vt 0.089564 0.951160
vt 0.089360 0.951310
vt 0.964900 0.298638
vt 0.964537 0.299487
vt 0.964174 0.299419
vt 0.916149 0.952897
vt 0.915957 0.952695
vt 0.915713 0.952422
vt 0.915480 0.952150
vt 0.915322 0.951953
vt 0.453216 0.986397
vt 0.452853 0.986329
vt 0.452491 0.986397
vt 0.090930 0.951300
vt 0.090714 0.951472
vt 0.090435 0.951710
vt 0.090169 0.951950
vt 0.089986 0.952128
vt 0.964899 0.299419
vt 0.971783 0.696046
vt 0.971782 0.695265
vt 0.972145 0.695205
vt 0.972146 0.695977
vt 0.915333 0.953525
vt 0.915169 0.953302
vt 0.914961 0.953000
vt 0.914766 0.952699
vt 0.914636 0.952480
vt 0.958006 0.610458
vt 0.958007 0.609809
vt 0.958369 0.609750
vt 0.958368 0.610389
vt 0.958732 0.609809
vt 0.958731 0.610458
vt 0.091541 0.951912
vt 0.091349 0.952109
vt 0.091104 0.952381
vt 0.090872 0.952655
vt 0.090713 0.952857
vt 0.971421 0.695977
vt 0.971420 0.695206
vt 0.971781 0.694400
vt 0.972144 0.694351
vt 0.914442 0.954041
vt 0.914308 0.953801
vt 0.914141 0.953475
vt 0.913987 0.953150
vt 0.913887 0.952914
vt 0.958007 0.609092
vt 0.958370 0.609043
vt 0.958733 0.609092
vt 0.092227 0.952440
vt 0.092063 0.952658
vt 0.091855 0.952958
vt 0.091660 0.953261
vt 0.091529 0.953484
vt 0.971419 0.694351
vt 0.971780 0.693467
vt 0.972143 0.693429
vt 0.913491 0.954436
vt 0.913389 0.954182
vt 0.913267 0.953838
vt 0.913156 0.953496
vt 0.913088 0.953246
vt 0.958008 0.608316
vt 0.958371 0.608279
vt 0.958733 0.608316
vt 0.092975 0.952873
vt 0.092841 0.953109
vt 0.092675 0.953433
vt 0.092521 0.953759
vt 0.092420 0.954000
vt 0.971418 0.693429
vt 0.971780 0.692480
vt 0.972143 0.692455
vt 0.912497 0.954703
vt 0.912429 0.954441
vt 0.912352 0.954084
vt 0.912288 0.953729
vt 0.912253 0.953471
vt 0.958009 0.607497
vt 0.958371 0.607472
vt 0.958734 0.607497
vt 0.093774 0.953205
vt 0.093672 0.953453
vt 0.093550 0.953796
vt 0.093439 0.954140
vt 0.093370 0.954394
vt 0.971417 0.692455
vt 0.971779 0.691458
vt 0.972142 0.691445
vt 0.911477 0.954838
vt 0.911443 0.954571
vt 0.911413 0.954208
vt 0.911396 0.953847
vt 0.911395 0.953584
vt 0.958009 0.606648
vt 0.958371 0.606635
vt 0.958734 0.606648
vt 0.094610 0.953429
vt 0.094541 0.953687
vt 0.094464 0.954041
vt 0.094399 0.954398
vt 0.094364 0.954661
vt 0.971417 0.691445
vt 0.910448 0.954838
vt 0.957744 0.606684
vt 0.959000 0.606684
vt 0.772750 0.995308
vt 0.773838 0.995308
vt 0.773838 0.995777
vt 0.772750 0.995777
vt 0.773838 0.996214
vt 0.772750 0.996214
vt 0.773838 0.996588
vt 0.772750 0.996588
vt 0.180638 0.993162
vt 0.181726 0.993162
vt 0.181726 0.993540
vt 0.180638 0.993540
vt 0.181726 0.993978
vt 0.180638 0.993978
vt 0.181726 0.994448
vt 0.180638 0.994448
vt 0.181726 0.994917
vt 0.180638 0.994917
vt 0.181726 0.995353
vt 0.180638 0.995353
vt 0.181726 0.995727
vt 0.180638 0.995727
vt 0.258312 0.996464
vt 0.257224 0.996464
vt 0.257225 0.996086
vt 0.258313 0.996086
vt 0.257225 0.995647
vt 0.258313 0.995647
vt 0.257225 0.995177
vt 0.258313 0.995177
vt 0.257225 0.994708
vt 0.258313 0.994708
vt 0.257225 0.994273
vt 0.258313 0.994273
vt 0.257224 0.993900
vt 0.258312 0.993900
vt 0.762019 0.996311
vt 0.760931 0.996311
vt 0.760931 0.995934
vt 0.762019 0.995934
vt 0.760930 0.995496
vt 0.762018 0.995496
vt 0.760930 0.995026
vt 0.762018 0.995026
vt 0.760930 0.994557
vt 0.762018 0.994557
vt 0.760931 0.994121
vt 0.762019 0.994121
vt 0.760931 0.993747
vt 0.762019 0.993747
vt 0.772750 0.994024
vt 0.773838 0.994024
vt 0.773838 0.994400
vt 0.772750 0.994400
vt 0.696968 0.302252
vt 0.696845 0.301795
vt 0.696845 0.301321
vt 0.696967 0.300864
vt 0.697204 0.300454
vt 0.697537 0.300119
vt 0.697946 0.299883
vt 0.698403 0.299760
vt 0.698875 0.299760
vt 0.699332 0.299883
vt 0.699741 0.300119
vt 0.700075 0.300454
vt 0.700311 0.300864
vt 0.700434 0.301321
vt 0.700434 0.301795
vt 0.700312 0.302252
vt 0.700076 0.302662
vt 0.699742 0.302997
vt 0.699333 0.303233
vt 0.698876 0.303356
vt 0.698404 0.303356
vt 0.697948 0.303233
vt 0.697538 0.302997
vt 0.697204 0.302662
vt 0.773838 0.994838
vt 0.772750 0.994838
vt 0.690829 0.301322
vt 0.690829 0.301795
vt 0.690706 0.302252
vt 0.690470 0.302662
vt 0.690136 0.302997
vt 0.689727 0.303234
vt 0.689271 0.303356
vt 0.688798 0.303356
vt 0.688342 0.303233
vt 0.687933 0.302997
vt 0.687599 0.302662
vt 0.687363 0.302252
vt 0.687240 0.301794
vt 0.687240 0.301321
vt 0.687363 0.300864
vt 0.687599 0.300454
vt 0.687933 0.300119
vt 0.688342 0.299883
vt 0.688798 0.299760
vt 0.689271 0.299760
vt 0.689727 0.299883
vt 0.690136 0.300120
vt 0.690470 0.300454
vt 0.690706 0.300864
vt 0.056068 0.842530
vt 0.056068 0.711966
vt 0.056349 0.711966
vt 0.056349 0.842530
vt 0.056612 0.711966
vt 0.056612 0.842529
vt 0.056837 0.711965
vt 0.056837 0.842529
vt 0.220738 0.908976
vt 0.220738 0.778413
vt 0.220951 0.778412
vt 0.220951 0.908976
vt 0.221206 0.778412
vt 0.221206 0.908975
vt 0.221485 0.778411
vt 0.221485 0.908975
vt 0.221768 0.778412
vt 0.221768 0.908975
vt 0.222037 0.778412
vt 0.222037 0.908976
vt 0.222273 0.778412
vt 0.222273 0.908976
vt 0.119343 0.842528
vt 0.119343 0.711968
vt 0.119569 0.711967
vt 0.119569 0.842527
vt 0.119831 0.711966
vt 0.119831 0.842526
vt 0.120113 0.711966
vt 0.120113 0.842525
vt 0.120395 0.711966
vt 0.120395 0.842526
vt 0.120657 0.711967
vt 0.120657 0.842527
vt 0.120882 0.711968
vt 0.120882 0.842528
vt 0.163944 0.908972
vt 0.163944 0.778410
vt 0.164158 0.778409
vt 0.164158 0.908971
vt 0.164413 0.778408
vt 0.164413 0.908970
vt 0.164692 0.778408
vt 0.164692 0.908970
vt 0.164975 0.778408
vt 0.164975 0.908970
vt 0.165244 0.778408
vt 0.165244 0.908970
vt 0.165480 0.778409
vt 0.165480 0.908971
vt 0.055298 0.842529
vt 0.055298 0.711965
vt 0.055524 0.711966
vt 0.055524 0.842529
vt 0.062475 0.993117
vt 0.062676 0.993318
vt 0.062818 0.993564
vt 0.062891 0.993838
vt 0.062891 0.994122
vt 0.062818 0.994396
vt 0.062676 0.994642
vt 0.062475 0.994843
vt 0.062229 0.994985
vt 0.061955 0.995059
vt 0.061671 0.995059
vt 0.061396 0.994985
vt 0.061150 0.994843
vt 0.060949 0.994642
vt 0.060807 0.994396
vt 0.060734 0.994122
vt 0.060734 0.993838
vt 0.060807 0.993564
vt 0.060949 0.993318
vt 0.061150 0.993117
vt 0.061396 0.992975
vt 0.061671 0.992901
vt 0.061955 0.992901
vt 0.062229 0.992975
vt 0.055786 0.711966
vt 0.055786 0.842530
vt 0.116657 0.993225
vt 0.116858 0.993024
vt 0.117104 0.992882
vt 0.117379 0.992809
vt 0.117663 0.992809
vt 0.117937 0.992882
vt 0.118183 0.993024
vt 0.118384 0.993225
vt 0.118526 0.993471
vt 0.118599 0.993746
vt 0.118599 0.994030
vt 0.118526 0.994304
vt 0.118384 0.994550
vt 0.118183 0.994751
vt 0.117937 0.994893
vt 0.117663 0.994966
vt 0.117379 0.994966
vt 0.117104 0.994893
vt 0.116858 0.994751
vt 0.116657 0.994550
vt 0.116515 0.994304
vt 0.116442 0.994030
vt 0.116442 0.993746
vt 0.116515 0.993471
vt 0.187888 0.772395
vt 0.187888 0.730688
vt 0.222273 0.730674
vt 0.222273 0.772381
vt 0.187888 0.675696
vt 0.229596 0.675696
vt 0.229596 0.724657
vt 0.187888 0.724657
vt 0.131096 0.772391
vt 0.131096 0.730683
vt 0.165480 0.730676
vt 0.165480 0.772384
vt 0.131096 0.675697
vt 0.172803 0.675697
vt 0.172803 0.724659
vt 0.131096 0.724659
vt 0.003008 0.760927
vt 0.003008 0.711966
vt 0.037462 0.711965
vt 0.037462 0.760927
vt 0.101507 0.711966
vt 0.101507 0.760928
vt 0.067053 0.760927
vt 0.067053 0.711966
vt 0.027340 0.983004
vt 0.024439 0.983002
vt 0.024439 0.946804
vt 0.027340 0.946807
vt 0.968884 0.911346
vt 0.971770 0.911346
vt 0.971770 0.962121
vt 0.968884 0.962121
vt 0.033357 0.946805
vt 0.036258 0.946804
vt 0.036258 0.982998
vt 0.033357 0.982998
vt 0.965051 0.551724
vt 0.967939 0.551724
vt 0.967939 0.602499
vt 0.965051 0.602499
vt 0.244680 0.748232
vt 0.244680 0.697457
vt 0.280769 0.697463
vt 0.280769 0.748238
vt 0.323054 0.697455
vt 0.323054 0.748230
vt 0.286964 0.748236
vt 0.286964 0.697461
vt 0.988204 0.301015
vt 0.990017 0.301015
vt 0.990017 0.301672
vt 0.988204 0.301672
vt 0.990017 0.302283
vt 0.988204 0.302283
vt 0.990018 0.302807
vt 0.988204 0.302807
vt 0.791950 0.299760
vt 0.793764 0.299760
vt 0.793763 0.300288
vt 0.791950 0.300288
vt 0.793763 0.300902
vt 0.791949 0.300902
vt 0.793762 0.301559
vt 0.791949 0.301559
vt 0.793763 0.302216
vt 0.791949 0.302216
vt 0.793763 0.302827
vt 0.791950 0.302827
vt 0.793764 0.303350
vt 0.791950 0.303350
vt 0.580184 0.982619
vt 0.578370 0.982619
vt 0.578371 0.982090
vt 0.580184 0.982090
vt 0.578371 0.981476
vt 0.580185 0.981476
vt 0.578371 0.980818
vt 0.580185 0.980818
vt 0.578371 0.980161
vt 0.580185 0.980161
vt 0.578371 0.979551
vt 0.580184 0.979551
vt 0.578370 0.979029
vt 0.580184 0.979029
vt 0.785932 0.303350
vt 0.784119 0.303350
vt 0.784118 0.302822
vt 0.785932 0.302822
vt 0.784118 0.302209
vt 0.785931 0.302209
vt 0.784118 0.301551
vt 0.785931 0.301551
vt 0.784118 0.300895
vt 0.785931 0.300895
vt 0.784118 0.300284
vt 0.785932 0.300284
vt 0.784119 0.299760
vt 0.785932 0.299760
vt 0.988204 0.299217
vt 0.990018 0.299217
vt 0.990017 0.299744
vt 0.988204 0.299744
vt 0.024611 0.992509
vt 0.024439 0.991869
vt 0.024439 0.991206
vt 0.024610 0.990566
vt 0.024940 0.989992
vt 0.025408 0.989524
vt 0.025981 0.989192
vt 0.026619 0.989021
vt 0.027281 0.989021
vt 0.027920 0.989192
vt 0.028493 0.989524
vt 0.028960 0.989992
vt 0.029291 0.990566
vt 0.029463 0.991206
vt 0.029463 0.991869
vt 0.029292 0.992509
vt 0.028961 0.993083
vt 0.028494 0.993552
vt 0.027921 0.993883
vt 0.027282 0.994055
vt 0.026621 0.994055
vt 0.025982 0.993883
vt 0.025409 0.993552
vt 0.024941 0.993083
vt 0.990017 0.300357
vt 0.988204 0.300357
vt 0.993228 0.202550
vt 0.993228 0.203213
vt 0.993057 0.203853
vt 0.992726 0.204427
vt 0.992258 0.204896
vt 0.991686 0.205227
vt 0.991047 0.205399
vt 0.990385 0.205398
vt 0.989746 0.205227
vt 0.989174 0.204895
vt 0.988706 0.204427
vt 0.988375 0.203853
vt 0.988204 0.203212
vt 0.988204 0.202550
vt 0.988375 0.201910
vt 0.988706 0.201336
vt 0.989174 0.200867
vt 0.989746 0.200536
vt 0.990385 0.200364
vt 0.991047 0.200364
vt 0.991686 0.200536
vt 0.992258 0.200868
vt 0.992726 0.201336
vt 0.993057 0.201910
vt 0.987989 0.992273
vt 0.989802 0.992273
vt 0.989802 0.992930
vt 0.987989 0.992930
vt 0.989802 0.993542
vt 0.987989 0.993542
vt 0.989803 0.994066
vt 0.987989 0.994066
vt 0.776288 0.299760
vt 0.778101 0.299760
vt 0.778101 0.300288
vt 0.776287 0.300288
vt 0.778100 0.300902
vt 0.776287 0.300902
vt 0.778100 0.301559
vt 0.776287 0.301559
vt 0.778100 0.302216
vt 0.776287 0.302216
vt 0.778101 0.302827
vt 0.776287 0.302827
vt 0.778101 0.303350
vt 0.776288 0.303350
vt 0.972530 0.904063
vt 0.970717 0.904063
vt 0.970718 0.903534
vt 0.972531 0.903534
vt 0.970718 0.902919
vt 0.972531 0.902919
vt 0.970718 0.902261
vt 0.972532 0.902261
vt 0.970718 0.901605
vt 0.972531 0.901605
vt 0.970718 0.900995
vt 0.972531 0.900995
vt 0.970717 0.900473
vt 0.972530 0.900473
vt 0.809426 0.303350
vt 0.807612 0.303350
vt 0.807612 0.302822
vt 0.809425 0.302822
vt 0.807611 0.302209
vt 0.809425 0.302209
vt 0.807611 0.301551
vt 0.809425 0.301551
vt 0.807611 0.300895
vt 0.809425 0.300895
vt 0.807612 0.300284
vt 0.809425 0.300284
vt 0.807612 0.299760
vt 0.809426 0.299760
vt 0.987989 0.990476
vt 0.989803 0.990476
vt 0.989802 0.991003
vt 0.987989 0.991003
vt 0.815443 0.993014
vt 0.815272 0.992374
vt 0.815272 0.991711
vt 0.815443 0.991071
vt 0.815774 0.990497
vt 0.816241 0.990028
vt 0.816814 0.989697
vt 0.817453 0.989526
vt 0.818114 0.989526
vt 0.818753 0.989698
vt 0.819326 0.990029
vt 0.819794 0.990498
vt 0.820124 0.991072
vt 0.820296 0.991712
vt 0.820296 0.992375
vt 0.820124 0.993015
vt 0.819794 0.993589
vt 0.819326 0.994058
vt 0.818753 0.994389
vt 0.818114 0.994560
vt 0.817453 0.994560
vt 0.816814 0.994388
vt 0.816241 0.994057
vt 0.815774 0.993588
vt 0.989802 0.991616
vt 0.987989 0.991616
vt 0.556509 0.991048
vt 0.556509 0.991711
vt 0.556338 0.992351
vt 0.556007 0.992925
vt 0.555539 0.993394
vt 0.554967 0.993725
vt 0.554328 0.993897
vt 0.553666 0.993896
vt 0.553028 0.993725
vt 0.552455 0.993393
vt 0.551987 0.992925
vt 0.551656 0.992351
vt 0.551485 0.991711
vt 0.551485 0.991048
vt 0.551656 0.990408
vt 0.551987 0.989834
vt 0.552455 0.989365
vt 0.553028 0.989034
vt 0.553666 0.988862
vt 0.554328 0.988863
vt 0.554967 0.989034
vt 0.555539 0.989366
vt 0.556007 0.989834
vt 0.556338 0.990408
vt 0.988536 0.699399
vt 0.990350 0.699399
vt 0.990350 0.700055
vt 0.988536 0.700055
vt 0.990350 0.700667
vt 0.988536 0.700667
vt 0.990350 0.701191
vt 0.988536 0.701191
vt 0.799781 0.299760
vt 0.801595 0.299760
vt 0.801594 0.300288
vt 0.799781 0.300288
vt 0.801594 0.300902
vt 0.799780 0.300902
vt 0.801594 0.301559
vt 0.799780 0.301559
vt 0.801594 0.302216
vt 0.799780 0.302216
vt 0.801594 0.302827
vt 0.799781 0.302827
vt 0.801595 0.303350
vt 0.799781 0.303350
vt 0.985628 0.545707
vt 0.983815 0.545707
vt 0.983816 0.545178
vt 0.985629 0.545178
vt 0.983816 0.544564
vt 0.985629 0.544564
vt 0.983816 0.543906
vt 0.985629 0.543906
vt 0.983816 0.543250
vt 0.985629 0.543250
vt 0.983816 0.542639
vt 0.985629 0.542639
vt 0.983815 0.542117
vt 0.985628 0.542117
vt 0.964701 0.904063
vt 0.962887 0.904063
vt 0.962887 0.903535
vt 0.964700 0.903535
vt 0.962886 0.902921
vt 0.964700 0.902921
vt 0.962886 0.902264
vt 0.964699 0.902264
vt 0.962886 0.901607
vt 0.964700 0.901607
vt 0.962887 0.900996
vt 0.964700 0.900996
vt 0.962887 0.900473
vt 0.964701 0.900473
vt 0.988536 0.697601
vt 0.990350 0.697601
vt 0.990350 0.698128
vt 0.988536 0.698128
vt 0.573737 0.992350
vt 0.573566 0.991710
vt 0.573566 0.991047
vt 0.573737 0.990407
vt 0.574068 0.989833
vt 0.574536 0.989365
vt 0.575108 0.989034
vt 0.575747 0.988862
vt 0.576409 0.988863
vt 0.577047 0.989034
vt 0.577620 0.989366
vt 0.578088 0.989835
vt 0.578419 0.990409
vt 0.578590 0.991049
vt 0.578590 0.991712
vt 0.578419 0.992352
vt 0.578088 0.992926
vt 0.577620 0.993394
vt 0.577047 0.993725
vt 0.576409 0.993896
vt 0.575747 0.993896
vt 0.575108 0.993725
vt 0.574536 0.993393
vt 0.574068 0.992924
vt 0.990350 0.698741
vt 0.988536 0.698741
vt 0.981972 0.990683
vt 0.981972 0.991346
vt 0.981801 0.991986
vt 0.981471 0.992560
vt 0.981003 0.993028
vt 0.980430 0.993360
vt 0.979791 0.993531
vt 0.979130 0.993531
vt 0.978491 0.993359
vt 0.977918 0.993028
vt 0.977450 0.992559
vt 0.977120 0.991985
vt 0.976949 0.991345
vt 0.976949 0.990682
vt 0.977120 0.990042
vt 0.977450 0.989468
vt 0.977918 0.989000
vt 0.978491 0.988668
vt 0.979130 0.988497
vt 0.979791 0.988497
vt 0.980430 0.988669
vt 0.981003 0.989000
vt 0.981471 0.989469
vt 0.981801 0.990043
vt 0.991646 0.543915
vt 0.993459 0.543915
vt 0.993459 0.544572
vt 0.991646 0.544572
vt 0.993460 0.545183
vt 0.991646 0.545183
vt 0.993460 0.545708
vt 0.991646 0.545708
vt 0.768457 0.299760
vt 0.770270 0.299760
vt 0.770270 0.300288
vt 0.768456 0.300288
vt 0.770269 0.300902
vt 0.768456 0.300902
vt 0.770269 0.301559
vt 0.768456 0.301559
vt 0.770269 0.302216
vt 0.768456 0.302216
vt 0.770270 0.302827
vt 0.768456 0.302827
vt 0.770270 0.303350
vt 0.768457 0.303350
vt 0.974538 0.302674
vt 0.972724 0.302674
vt 0.972725 0.302144
vt 0.974538 0.302144
vt 0.972725 0.301530
vt 0.974539 0.301530
vt 0.972726 0.300872
vt 0.974539 0.300872
vt 0.972725 0.300216
vt 0.974539 0.300216
vt 0.972725 0.299606
vt 0.974538 0.299606
vt 0.972724 0.299083
vt 0.974538 0.299083
vt 0.837653 0.303271
vt 0.835840 0.303271
vt 0.835839 0.302743
vt 0.837653 0.302743
vt 0.835839 0.302129
vt 0.837652 0.302129
vt 0.835839 0.301471
vt 0.837652 0.301471
vt 0.835839 0.300815
vt 0.837652 0.300815
vt 0.835839 0.300204
vt 0.837653 0.300204
vt 0.835840 0.299680
vt 0.837653 0.299680
vt 0.991646 0.542117
vt 0.993460 0.542117
vt 0.993460 0.542644
vt 0.991646 0.542644
vt 0.266546 0.993216
vt 0.266375 0.992575
vt 0.266374 0.991913
vt 0.266545 0.991272
vt 0.266876 0.990699
vt 0.267343 0.990230
vt 0.267916 0.989899
vt 0.268555 0.989727
vt 0.269216 0.989727
vt 0.269855 0.989899
vt 0.270428 0.990230
vt 0.270896 0.990699
vt 0.271227 0.991272
vt 0.271398 0.991913
vt 0.271398 0.992575
vt 0.271227 0.993216
vt 0.270897 0.993789
vt 0.270429 0.994258
vt 0.269857 0.994589
vt 0.269218 0.994761
vt 0.268556 0.994761
vt 0.267918 0.994589
vt 0.267345 0.994258
vt 0.266877 0.993789
vt 0.993459 0.543258
vt 0.991646 0.543258
vt 0.567549 0.991048
vt 0.567549 0.991711
vt 0.567378 0.992351
vt 0.567048 0.992925
vt 0.566580 0.993394
vt 0.566007 0.993725
vt 0.565368 0.993896
vt 0.564707 0.993896
vt 0.564068 0.993725
vt 0.563495 0.993393
vt 0.563028 0.992925
vt 0.562697 0.992351
vt 0.562526 0.991710
vt 0.562526 0.991048
vt 0.562697 0.990408
vt 0.563028 0.989834
vt 0.563495 0.989365
vt 0.564068 0.989034
vt 0.564707 0.988862
vt 0.565368 0.988862
vt 0.566007 0.989034
vt 0.566580 0.989365
vt 0.567048 0.989834
vt 0.567378 0.990408
vt 0.286964 0.799599
vt 0.286964 0.754265
vt 0.317730 0.754253
vt 0.317730 0.799587
vt 0.187888 0.823746
vt 0.187888 0.778411
vt 0.211462 0.778412
vt 0.211462 0.823746
vt 0.244680 0.799596
vt 0.244680 0.754261
vt 0.275444 0.754255
vt 0.275444 0.799589
vt 0.244680 0.850946
vt 0.244680 0.805613
vt 0.268254 0.805613
vt 0.268254 0.850946
vt 0.835839 0.880610
vt 0.859413 0.880610
vt 0.859413 0.911437
vt 0.835839 0.911437
vt 0.131096 0.885836
vt 0.154670 0.885835
vt 0.154670 0.916663
vt 0.131096 0.916663
vt 0.491121 0.951496
vt 0.493659 0.951496
vt 0.493659 0.984071
vt 0.491121 0.984070
vt 0.107344 0.960812
vt 0.109873 0.960812
vt 0.109873 0.986200
vt 0.107344 0.986200
vt 0.982520 0.699136
vt 0.979981 0.699134
vt 0.979981 0.666559
vt 0.982520 0.666561
vt 0.501392 0.960899
vt 0.503919 0.960899
vt 0.503919 0.986286
vt 0.501392 0.986286
vt 0.523213 0.876465
vt 0.548601 0.876468
vt 0.548601 0.908969
vt 0.523213 0.908966
vt 0.554617 0.876468
vt 0.580005 0.876465
vt 0.580005 0.908965
vt 0.554617 0.908969
vt 0.706214 0.976968
vt 0.706214 0.949404
vt 0.706918 0.949404
vt 0.706918 0.976968
vt 0.707574 0.949403
vt 0.707574 0.976967
vt 0.708138 0.949402
vt 0.708138 0.976965
vt 0.470986 0.979062
vt 0.470986 0.951499
vt 0.471520 0.951497
vt 0.471520 0.979061
vt 0.472158 0.951496
vt 0.472158 0.979060
vt 0.472854 0.951496
vt 0.472854 0.979059
vt 0.473563 0.951496
vt 0.473563 0.979059
vt 0.474235 0.951497
vt 0.474235 0.979060
vt 0.474825 0.951498
vt 0.474825 0.979061
vt 0.971798 0.030578
vt 0.971798 0.003015
vt 0.972363 0.003011
vt 0.972363 0.030574
vt 0.973019 0.003009
vt 0.973019 0.030572
vt 0.973723 0.003008
vt 0.973723 0.030571
vt 0.974427 0.003009
vt 0.974427 0.030572
vt 0.975083 0.003011
vt 0.975083 0.030574
vt 0.975645 0.003015
vt 0.975645 0.030578
vt 0.721985 0.976970
vt 0.721985 0.949407
vt 0.722519 0.949404
vt 0.722519 0.976968
vt 0.723157 0.949402
vt 0.723157 0.976966
vt 0.723854 0.949402
vt 0.723854 0.976965
vt 0.724562 0.949402
vt 0.724562 0.976965
vt 0.725234 0.949403
vt 0.725234 0.976966
vt 0.725824 0.949406
vt 0.725824 0.976969
vt 0.704291 0.976965
vt 0.704291 0.949402
vt 0.704854 0.949403
vt 0.704854 0.976967
vt 0.393943 0.989251
vt 0.394127 0.988565
vt 0.394482 0.987950
vt 0.394984 0.987448
vt 0.395599 0.987093
vt 0.396285 0.986910
vt 0.396995 0.986910
vt 0.397681 0.987093
vt 0.398296 0.987448
vt 0.398798 0.987950
vt 0.399153 0.988565
vt 0.399337 0.989251
vt 0.399337 0.989961
vt 0.399153 0.990647
vt 0.398798 0.991262
vt 0.398296 0.991764
vt 0.397681 0.992119
vt 0.396995 0.992303
vt 0.396285 0.992303
vt 0.395599 0.992119
vt 0.394984 0.991764
vt 0.394482 0.991262
vt 0.394127 0.990647
vt 0.393943 0.989961
vt 0.705510 0.949404
vt 0.705510 0.976968
vt 0.903361 0.990875
vt 0.903361 0.990165
vt 0.903545 0.989479
vt 0.903900 0.988864
vt 0.904402 0.988362
vt 0.905017 0.988007
vt 0.905703 0.987823
vt 0.906413 0.987823
vt 0.907099 0.988006
vt 0.907714 0.988362
vt 0.908216 0.988864
vt 0.908571 0.989479
vt 0.908755 0.990164
vt 0.908755 0.990875
vt 0.908571 0.991560
vt 0.908216 0.992175
vt 0.907714 0.992678
vt 0.907099 0.993033
vt 0.906413 0.993216
vt 0.905703 0.993216
vt 0.905017 0.993033
vt 0.904402 0.992678
vt 0.903900 0.992175
vt 0.903545 0.991561
vt 0.593894 0.300442
vt 0.593894 0.299758
vt 0.594651 0.299758
vt 0.594739 0.300441
vt 0.504301 0.301171
vt 0.503568 0.301179
vt 0.503601 0.300952
vt 0.515730 0.301154
vt 0.515049 0.301161
vt 0.515011 0.300935
vt 0.515656 0.300718
vt 0.593894 0.303172
vt 0.593894 0.302587
vt 0.594651 0.302587
vt 0.594513 0.303171
vt 0.593894 0.301174
vt 0.594768 0.301174
vt 0.516313 0.301149
vt 0.516209 0.300532
vt 0.502884 0.301185
vt 0.502296 0.301191
vt 0.502387 0.300572
vt 0.502949 0.300748
vt 0.593894 0.301906
vt 0.594739 0.301906
vt 0.593894 0.299171
vt 0.594513 0.299171
vt 0.514318 0.301169
vt 0.515451 0.300326
vt 0.515919 0.299977
vt 0.502666 0.300011
vt 0.503146 0.300351
vt 0.595557 0.301172
vt 0.595501 0.301904
vt 0.595070 0.299170
vt 0.595335 0.299757
vt 0.503703 0.300747
vt 0.514905 0.300732
vt 0.595335 0.302586
vt 0.595501 0.300440
vt 0.595070 0.303170
vt 0.503864 0.300583
vt 0.514741 0.300572
vt 0.515135 0.300016
vt 0.502296 0.299750
vt 0.502832 0.299202
vt 0.503103 0.299564
vt 0.596105 0.300438
vt 0.596183 0.301170
vt 0.515472 0.299539
vt 0.503455 0.300035
vt 0.596105 0.301902
vt 0.516277 0.299710
vt 0.515729 0.299174
vt 0.595877 0.302584
vt 0.595877 0.299755
vt 0.542572 0.299756
vt 0.542859 0.299171
vt 0.543397 0.299170
vt 0.543231 0.299755
vt 0.503847 0.299830
vt 0.504067 0.300477
vt 0.514536 0.300470
vt 0.542571 0.302585
vt 0.542391 0.301902
vt 0.543126 0.301900
vt 0.543230 0.302583
vt 0.542391 0.300437
vt 0.543126 0.300436
vt 0.514739 0.299819
vt 0.542858 0.303172
vt 0.543396 0.303171
vt 0.542329 0.301169
vt 0.543091 0.301168
vt 0.514911 0.299261
vt 0.503658 0.299274
vt 0.514301 0.299755
vt 0.514292 0.299170
vt 0.504275 0.299170
vt 0.504284 0.299756
vt 0.543954 0.301167
vt 0.543960 0.301900
vt 0.544008 0.299170
vt 0.543979 0.299754
vt 0.504292 0.300439
vt 0.514309 0.300437
vt 0.543978 0.302583
vt 0.543960 0.300435
vt 0.544007 0.303170
vt 0.544742 0.299755
vt 0.544812 0.300436
vt 0.504519 0.300472
vt 0.514084 0.300475
vt 0.513864 0.299829
vt 0.544741 0.302583
vt 0.544630 0.303171
vt 0.544835 0.301168
vt 0.513675 0.299274
vt 0.504894 0.299261
vt 0.504722 0.299821
vt 0.544811 0.301900
vt 0.544631 0.299170
vt 0.545205 0.299171
vt 0.545446 0.299756
vt 0.505118 0.300018
vt 0.504724 0.300574
vt 0.513881 0.300581
vt 0.545596 0.301902
vt 0.545445 0.302585
vt 0.545597 0.300437
vt 0.513472 0.300034
vt 0.545205 0.303172
vt 0.545648 0.301169
vt 0.513120 0.299564
vt 0.505455 0.299539
vt 0.546239 0.300439
vt 0.546313 0.301171
vt 0.513163 0.300350
vt 0.512683 0.300011
vt 0.505902 0.299977
vt 0.505434 0.300327
vt 0.546238 0.301904
vt 0.512849 0.299204
vt 0.512313 0.299752
vt 0.504888 0.300734
vt 0.513720 0.300745
vt 0.546021 0.302586
vt 0.546021 0.299758
vt 0.505712 0.299172
vt 0.506260 0.299708
vt 0.572353 0.300436
vt 0.572519 0.299756
vt 0.573202 0.299753
vt 0.573115 0.300433
vt 0.504994 0.300938
vt 0.513619 0.300950
vt 0.512966 0.300746
vt 0.572782 0.303174
vt 0.572519 0.302585
vt 0.573202 0.302582
vt 0.573340 0.303171
vt 0.572296 0.301167
vt 0.573086 0.301164
vt 0.512404 0.300572
vt 0.506192 0.300532
vt 0.505639 0.300719
vt 0.572353 0.301900
vt 0.573115 0.301897
vt 0.572782 0.299173
vt 0.573340 0.299171
vt 0.573960 0.301163
vt 0.573960 0.301896
vt 0.573959 0.299170
vt 0.573959 0.299752
vt 0.505713 0.301156
vt 0.505032 0.301163
vt 0.513585 0.301176
vt 0.573959 0.302580
vt 0.573960 0.300431
vt 0.512901 0.301184
vt 0.573959 0.303170
vt 0.512313 0.301191
vt 0.506296 0.301149
vt 0.574804 0.300433
vt 0.574834 0.301164
vt 0.512975 0.301620
vt 0.512417 0.301808
vt 0.506205 0.301768
vt 0.505648 0.301594
vt 0.574804 0.301897
vt 0.574577 0.299171
vt 0.574716 0.299753
vt 0.504999 0.301390
vt 0.513623 0.301402
vt 0.574716 0.302582
vt 0.574577 0.303171
vt 0.575565 0.301900
vt 0.575399 0.302585
vt 0.575399 0.299756
vt 0.575565 0.300436
vt 0.504897 0.301595
vt 0.513729 0.301605
vt 0.513180 0.302013
vt 0.575134 0.303174
vt 0.575622 0.301167
vt 0.512707 0.302363
vt 0.505927 0.302329
vt 0.505452 0.301990
vt 0.575134 0.299173
vt 0.576247 0.301173
vt 0.576169 0.301906
vt 0.512343 0.302631
vt 0.513154 0.302800
vt 0.512891 0.303168
vt 0.505142 0.302306
vt 0.504737 0.301759
vt 0.513893 0.301766
vt 0.575940 0.302589
vt 0.575940 0.299761
vt 0.576169 0.300441
vt 0.513496 0.302322
vt 0.506290 0.302588
vt 0.505754 0.303136
vt 0.505489 0.302776
vt 0.532857 0.303173
vt 0.532571 0.302585
vt 0.533230 0.302582
vt 0.533396 0.303171
vt 0.532330 0.301168
vt 0.532391 0.300437
vt 0.533127 0.300434
vt 0.533091 0.301166
vt 0.513893 0.302519
vt 0.513715 0.303079
vt 0.504934 0.303066
vt 0.504750 0.302511
vt 0.532391 0.301901
vt 0.533126 0.301898
vt 0.532572 0.299756
vt 0.532859 0.299172
vt 0.533397 0.299170
vt 0.533231 0.299754
vt 0.504534 0.301865
vt 0.514098 0.301867
vt 0.514325 0.301901
vt 0.533961 0.301898
vt 0.533978 0.302582
vt 0.533979 0.299753
vt 0.533961 0.300433
vt 0.504308 0.301903
vt 0.514330 0.302584
vt 0.534006 0.303170
vt 0.533955 0.301165
vt 0.514334 0.303170
vt 0.504317 0.303170
vt 0.504313 0.302585
vt 0.534008 0.299170
vt 0.503698 0.303079
vt 0.503876 0.302520
vt 0.534836 0.301166
vt 0.534812 0.301898
vt 0.534631 0.299170
vt 0.534742 0.299754
vt 0.504081 0.301870
vt 0.514551 0.301863
vt 0.534741 0.302582
vt 0.534812 0.300434
vt 0.514767 0.302510
vt 0.534630 0.303171
vt 0.514951 0.303066
vt 0.514754 0.301757
vt 0.515159 0.302305
vt 0.535445 0.302585
vt 0.535204 0.303173
vt 0.535597 0.300437
vt 0.535648 0.301168
vt 0.515506 0.302776
vt 0.503137 0.302800
vt 0.503479 0.302324
vt 0.535597 0.301901
vt 0.535206 0.299172
vt 0.535446 0.299756
vt 0.503876 0.301768
vt 0.503163 0.302014
vt 0.503712 0.301608
vt 0.514914 0.301593
vt 0.536238 0.301905
vt 0.536020 0.302588
vt 0.536021 0.299759
vt 0.536239 0.300440
vt 0.515469 0.301989
vt 0.502874 0.303166
vt 0.502326 0.302630
vt 0.502690 0.302363
vt 0.536313 0.301172
vt 0.515944 0.302329
vt 0.515770 0.303138
vt 0.516307 0.302590
vt 0.515665 0.301592
vt 0.516222 0.301768
vt 0.502400 0.301808
vt 0.502958 0.301622
vt 0.592288 0.301904
vt 0.592232 0.301172
vt 0.593020 0.301174
vt 0.593050 0.301906
vt 0.592454 0.299757
vt 0.592719 0.299170
vt 0.593276 0.299171
vt 0.593137 0.299758
vt 0.503606 0.301405
vt 0.515016 0.301388
vt 0.592454 0.302586
vt 0.593137 0.302587
vt 0.592288 0.300440
vt 0.593050 0.300441
vt 0.592719 0.303170
vt 0.593276 0.303171
vt 0.956254 0.976338
vt 0.956254 0.948774
vt 0.956958 0.948774
vt 0.956958 0.976337
vt 0.957614 0.948773
vt 0.957614 0.976336
vt 0.958177 0.948772
vt 0.958177 0.976335
vt 0.481265 0.979062
vt 0.481265 0.951499
vt 0.481800 0.951497
vt 0.481800 0.979061
vt 0.482437 0.951496
vt 0.482437 0.979060
vt 0.483133 0.951496
vt 0.483133 0.979059
vt 0.483842 0.951496
vt 0.483842 0.979059
vt 0.484514 0.951497
vt 0.484514 0.979060
vt 0.485104 0.951498
vt 0.485104 0.979061
vt 0.621134 0.975602
vt 0.621134 0.948040
vt 0.621698 0.948036
vt 0.621698 0.975598
vt 0.622354 0.948033
vt 0.622354 0.975596
vt 0.623058 0.948033
vt 0.623058 0.975595
vt 0.623762 0.948034
vt 0.623762 0.975596
vt 0.624418 0.948036
vt 0.624418 0.975598
vt 0.624981 0.948040
vt 0.624981 0.975602
vt 0.461130 0.979065
vt 0.461130 0.951501
vt 0.461665 0.951499
vt 0.461665 0.979062
vt 0.462303 0.951497
vt 0.462303 0.979060
vt 0.462999 0.951496
vt 0.462999 0.979059
vt 0.463708 0.951496
vt 0.463708 0.979059
vt 0.464380 0.951497
vt 0.464380 0.979061
vt 0.464969 0.951500
vt 0.464969 0.979063
vt 0.954331 0.976335
vt 0.954331 0.948772
vt 0.954894 0.948773
vt 0.954894 0.976336
vt 0.740390 0.988942
vt 0.740574 0.989628
vt 0.740574 0.990338
vt 0.740390 0.991024
vt 0.740035 0.991639
vt 0.739533 0.992141
vt 0.738918 0.992496
vt 0.738232 0.992679
vt 0.737522 0.992679
vt 0.736836 0.992496
vt 0.736221 0.992141
vt 0.735719 0.991639
vt 0.735364 0.991024
vt 0.735180 0.990338
vt 0.735180 0.989628
vt 0.735364 0.988942
vt 0.735719 0.988327
vt 0.736221 0.987825
vt 0.736836 0.987470
vt 0.737522 0.987286
vt 0.738232 0.987286
vt 0.738918 0.987470
vt 0.739533 0.987825
vt 0.740035 0.988327
vt 0.955550 0.948774
vt 0.955550 0.976337
vt 0.746591 0.990338
vt 0.746591 0.989628
vt 0.746774 0.988942
vt 0.747129 0.988327
vt 0.747632 0.987825
vt 0.748247 0.987470
vt 0.748932 0.987286
vt 0.749642 0.987286
vt 0.750328 0.987470
vt 0.750943 0.987825
vt 0.751445 0.988327
vt 0.751800 0.988942
vt 0.751984 0.989628
vt 0.751984 0.990338
vt 0.751800 0.991024
vt 0.751445 0.991639
vt 0.750943 0.992141
vt 0.750328 0.992496
vt 0.749642 0.992680
vt 0.748932 0.992680
vt 0.748246 0.992496
vt 0.747632 0.992141
vt 0.747129 0.991639
vt 0.746774 0.991024
vt 0.583926 0.302587
vt 0.583926 0.301906
vt 0.584770 0.301906
vt 0.584683 0.302587
vt 0.583926 0.300442
vt 0.583926 0.299759
vt 0.584683 0.299758
vt 0.584770 0.300441
vt 0.494284 0.301171
vt 0.493551 0.301163
vt 0.493589 0.300938
vt 0.485679 0.301184
vt 0.484998 0.301177
vt 0.484965 0.300950
vt 0.485614 0.300746
vt 0.583926 0.303172
vt 0.584544 0.303171
vt 0.583926 0.301174
vt 0.584800 0.301174
vt 0.486262 0.301191
vt 0.486171 0.300572
vt 0.492867 0.301156
vt 0.492279 0.301149
vt 0.492383 0.300532
vt 0.492941 0.300719
vt 0.583926 0.299171
vt 0.584544 0.299171
vt 0.484267 0.301169
vt 0.485418 0.300350
vt 0.485893 0.300011
vt 0.492673 0.299977
vt 0.493146 0.300327
vt 0.585589 0.301172
vt 0.585532 0.301904
vt 0.585102 0.299170
vt 0.585366 0.299757
vt 0.493695 0.300735
vt 0.484863 0.300745
vt 0.585366 0.302586
vt 0.585532 0.300440
vt 0.585102 0.303170
vt 0.585909 0.299755
vt 0.586137 0.300438
vt 0.493859 0.300574
vt 0.484703 0.300581
vt 0.485108 0.300034
vt 0.492309 0.299708
vt 0.492857 0.299172
vt 0.493120 0.299539
vt 0.586215 0.301170
vt 0.485455 0.299564
vt 0.493462 0.300018
vt 0.586137 0.301902
vt 0.486256 0.299752
vt 0.485720 0.299204
vt 0.585909 0.302584
vt 0.552572 0.299756
vt 0.552859 0.299171
vt 0.553397 0.299170
vt 0.553231 0.299755
vt 0.493859 0.299821
vt 0.494064 0.300472
vt 0.484500 0.300475
vt 0.552571 0.302585
vt 0.552391 0.301902
vt 0.553126 0.301900
vt 0.553230 0.302583
vt 0.552391 0.300437
vt 0.553126 0.300436
vt 0.484716 0.299829
vt 0.552858 0.303172
vt 0.553396 0.303171
vt 0.552329 0.301169
vt 0.553091 0.301168
vt 0.484900 0.299274
vt 0.493681 0.299261
vt 0.553960 0.300435
vt 0.553954 0.301167
vt 0.484280 0.299755
vt 0.484283 0.299170
vt 0.494300 0.299170
vt 0.494296 0.299756
vt 0.553960 0.301900
vt 0.554008 0.299170
vt 0.553979 0.299754
vt 0.494291 0.300439
vt 0.484274 0.300437
vt 0.553978 0.302583
vt 0.554007 0.303170
vt 0.554742 0.299755
vt 0.554812 0.300436
vt 0.494517 0.300477
vt 0.484047 0.300470
vt 0.483842 0.299820
vt 0.554741 0.302583
vt 0.554630 0.303171
vt 0.554835 0.301168
vt 0.483664 0.299261
vt 0.494917 0.299274
vt 0.494733 0.299830
vt 0.554811 0.301900
vt 0.554631 0.299170
vt 0.555648 0.301169
vt 0.555596 0.301902
vt 0.555205 0.299171
vt 0.555446 0.299756
vt 0.495125 0.300035
vt 0.494720 0.300583
vt 0.483842 0.300572
vt 0.555445 0.302585
vt 0.555597 0.300437
vt 0.483445 0.300016
vt 0.555205 0.303172
vt 0.483103 0.299539
vt 0.495472 0.299564
vt 0.556239 0.300439
vt 0.556313 0.301171
vt 0.483129 0.300326
vt 0.482656 0.299977
vt 0.495910 0.300011
vt 0.495435 0.300351
vt 0.556238 0.301904
vt 0.482840 0.299174
vt 0.482292 0.299710
vt 0.494880 0.300747
vt 0.483678 0.300732
vt 0.556021 0.302586
vt 0.556021 0.299758
vt 0.495737 0.299202
vt 0.496273 0.299750
vt 0.562552 0.302585
vt 0.562386 0.301900
vt 0.563148 0.301897
vt 0.563235 0.302582
vt 0.562386 0.300436
vt 0.562552 0.299756
vt 0.563235 0.299753
vt 0.563148 0.300433
vt 0.494982 0.300952
vt 0.483572 0.300935
vt 0.482924 0.300718
vt 0.562815 0.303174
vt 0.563373 0.303171
vt 0.562329 0.301167
vt 0.563118 0.301164
vt 0.482366 0.300532
vt 0.496188 0.300572
vt 0.495631 0.300748
vt 0.562815 0.299173
vt 0.563373 0.299171
vt 0.563993 0.301163
vt 0.563993 0.301896
vt 0.563992 0.299170
vt 0.563992 0.299752
vt 0.495696 0.301186
vt 0.495015 0.301179
vt 0.483534 0.301161
vt 0.563992 0.302580
vt 0.563993 0.300431
vt 0.482850 0.301154
vt 0.563992 0.303170
vt 0.482262 0.301149
vt 0.496279 0.301191
vt 0.564749 0.302582
vt 0.564610 0.303171
vt 0.564837 0.300433
vt 0.564867 0.301164
vt 0.482915 0.301592
vt 0.482353 0.301768
vt 0.496175 0.301808
vt 0.495622 0.301622
vt 0.564837 0.301897
vt 0.564610 0.299171
vt 0.564749 0.299753
vt 0.494977 0.301405
vt 0.483568 0.301388
vt 0.483669 0.301593
vt 0.565598 0.301900
vt 0.565432 0.302585
vt 0.565432 0.299756
vt 0.565598 0.300436
vt 0.494871 0.301608
vt 0.483112 0.301989
vt 0.565167 0.303174
vt 0.565655 0.301167
vt 0.482632 0.302329
vt 0.495885 0.302363
vt 0.495417 0.302014
vt 0.565167 0.299173
vt 0.495438 0.302801
vt 0.495101 0.302324
vt 0.566280 0.301173
vt 0.566202 0.301906
vt 0.482262 0.302590
vt 0.483070 0.302776
vt 0.482798 0.303138
vt 0.494707 0.301768
vt 0.483830 0.301757
vt 0.565973 0.302589
vt 0.565973 0.299761
vt 0.566202 0.300441
vt 0.483421 0.302305
vt 0.496243 0.302630
vt 0.495695 0.303166
vt 0.484033 0.301863
vt 0.483814 0.302510
vt 0.522858 0.303173
vt 0.522571 0.302585
vt 0.523231 0.302582
vt 0.523396 0.303171
vt 0.522330 0.301168
vt 0.522392 0.300437
vt 0.523127 0.300434
vt 0.523091 0.301166
vt 0.483624 0.303066
vt 0.494877 0.303079
vt 0.494705 0.302520
vt 0.522391 0.301901
vt 0.523127 0.301898
vt 0.522572 0.299756
vt 0.522859 0.299172
vt 0.523398 0.299170
vt 0.523232 0.299754
vt 0.494502 0.301870
vt 0.494267 0.302585
vt 0.494275 0.301903
vt 0.484259 0.301901
vt 0.523961 0.301898
vt 0.523979 0.302582
vt 0.523980 0.299753
vt 0.523961 0.300433
vt 0.484250 0.302584
vt 0.524007 0.303170
vt 0.523955 0.301165
vt 0.484241 0.303170
vt 0.494258 0.303170
vt 0.524008 0.299170
vt 0.484688 0.302519
vt 0.484860 0.303079
vt 0.493641 0.303066
vt 0.493830 0.302511
vt 0.524836 0.301166
vt 0.524812 0.301898
vt 0.524632 0.299170
vt 0.524743 0.299754
vt 0.494050 0.301865
vt 0.484485 0.301868
vt 0.524742 0.302582
vt 0.524813 0.300434
vt 0.524630 0.303171
vt 0.493847 0.301759
vt 0.484690 0.301766
vt 0.485084 0.302322
vt 0.525445 0.302585
vt 0.525204 0.303173
vt 0.525597 0.300437
vt 0.525649 0.301168
vt 0.485421 0.302800
vt 0.493086 0.302776
vt 0.493438 0.302306
vt 0.525597 0.301901
vt 0.525206 0.299172
vt 0.525446 0.299756
vt 0.485678 0.303168
vt 0.485868 0.302363
vt 0.486226 0.302632
vt 0.493129 0.301990
vt 0.493686 0.301595
vt 0.484854 0.301605
vt 0.526239 0.301905
vt 0.526021 0.302588
vt 0.526022 0.299759
vt 0.526239 0.300440
vt 0.485400 0.302013
vt 0.492815 0.303136
vt 0.492279 0.302588
vt 0.492649 0.302329
vt 0.526313 0.301172
vt 0.485605 0.301620
vt 0.486158 0.301808
vt 0.492370 0.301768
vt 0.492932 0.301594
vt 0.582320 0.301904
vt 0.582263 0.301172
vt 0.583052 0.301174
vt 0.583082 0.301906
vt 0.582486 0.299757
vt 0.582751 0.299170
vt 0.583308 0.299171
vt 0.583169 0.299758
vt 0.493584 0.301390
vt 0.484960 0.301402
vt 0.582486 0.302586
vt 0.583169 0.302587
vt 0.582320 0.300440
vt 0.583082 0.300441
vt 0.582751 0.303170
vt 0.583308 0.303171
vt 0.374157 0.953152
vt 0.372513 0.953152
vt 0.372593 0.951701
vt 0.961780 0.927045
vt 0.960254 0.927044
vt 0.960174 0.925594
vt 0.961625 0.924244
vt 0.044915 0.920807
vt 0.046790 0.920807
vt 0.046791 0.925660
vt 0.044916 0.924770
vt 0.051320 0.920807
vt 0.053668 0.920807
vt 0.053669 0.926220
vt 0.051321 0.926410
vt 0.057738 0.920807
vt 0.059183 0.920808
vt 0.059184 0.923610
vt 0.057739 0.924770
vt 0.043479 0.920808
vt 0.043479 0.923610
vt 0.048974 0.920807
vt 0.048975 0.926220
vt 0.055857 0.920807
vt 0.055857 0.925660
vt 0.370977 0.953150
vt 0.371132 0.950349
vt 0.958614 0.927043
vt 0.051324 0.931466
vt 0.048978 0.931103
vt 0.057741 0.928345
vt 0.055860 0.930038
vt 0.371583 0.947821
vt 0.372826 0.950393
vt 0.959941 0.924285
vt 0.046793 0.930038
vt 0.053672 0.931103
vt 0.961174 0.921716
vt 0.044918 0.928345
vt 0.962867 0.923085
vt 0.962230 0.919511
vt 0.369874 0.949186
vt 0.370512 0.945611
vt 0.046797 0.933513
vt 0.044922 0.931182
vt 0.053676 0.934979
vt 0.051329 0.935478
vt 0.960472 0.919710
vt 0.961237 0.916674
vt 0.371505 0.942774
vt 0.372285 0.945815
vt 0.048983 0.934979
vt 0.057744 0.931182
vt 0.055864 0.933513
vt 0.373190 0.949355
vt 0.959577 0.923247
vt 0.959119 0.922580
vt 0.048989 0.937467
vt 0.046803 0.935744
vt 0.055870 0.935744
vt 0.053682 0.937467
vt 0.373648 0.948688
vt 0.959587 0.918422
vt 0.370901 0.940440
vt 0.372434 0.938209
vt 0.372756 0.940953
vt 0.051335 0.938055
vt 0.959986 0.914853
vt 0.373170 0.944527
vt 0.961819 0.914345
vt 0.960287 0.912115
vt 0.374142 0.940325
vt 0.374150 0.944083
vt 0.187992 0.984206
vt 0.187888 0.981857
vt 0.189788 0.981854
vt 0.189828 0.984203
vt 0.958599 0.914225
vt 0.958588 0.911346
vt 0.374155 0.948458
vt 0.958612 0.922351
vt 0.188297 0.986398
vt 0.189943 0.986396
vt 0.187993 0.979512
vt 0.188299 0.977331
vt 0.189945 0.977329
vt 0.189829 0.979509
vt 0.958607 0.917978
vt 0.374132 0.937441
vt 0.958104 0.922580
vt 0.957626 0.918422
vt 0.375831 0.938209
vt 0.375529 0.940953
vt 0.191774 0.979512
vt 0.191803 0.981857
vt 0.957212 0.914852
vt 0.375131 0.944527
vt 0.191773 0.984206
vt 0.956890 0.912115
vt 0.374663 0.948688
vt 0.191687 0.986398
vt 0.191689 0.977331
vt 0.376016 0.945815
vt 0.375121 0.949355
vt 0.957646 0.923247
vt 0.343654 0.899242
vt 0.345842 0.897519
vt 0.345857 0.900009
vt 0.343667 0.901474
vt 0.350535 0.897519
vt 0.352720 0.899241
vt 0.352734 0.901474
vt 0.350550 0.900009
vt 0.956742 0.919710
vt 0.377363 0.940440
vt 0.376780 0.942774
vt 0.348189 0.896931
vt 0.348205 0.899510
vt 0.955961 0.916674
vt 0.955358 0.914345
vt 0.956039 0.921716
vt 0.954968 0.919511
vt 0.377773 0.945611
vt 0.376718 0.947821
vt 0.348217 0.903524
vt 0.345869 0.903886
vt 0.354606 0.903805
vt 0.354615 0.906643
vt 0.352744 0.904950
vt 0.375484 0.950393
vt 0.957283 0.924285
vt 0.343678 0.904951
vt 0.350562 0.903886
vt 0.341784 0.903805
vt 0.341793 0.906643
vt 0.375718 0.951701
vt 0.957049 0.925594
vt 0.955589 0.924244
vt 0.343684 0.909330
vt 0.341798 0.910219
vt 0.350570 0.908771
vt 0.348225 0.908580
vt 0.954331 0.923085
vt 0.340343 0.908849
vt 0.340346 0.911377
vt 0.345876 0.908771
vt 0.354620 0.910219
vt 0.352751 0.909330
vt 0.377168 0.950348
vt 0.354622 0.914181
vt 0.352753 0.914183
vt 0.377324 0.953150
vt 0.375798 0.953152
vt 0.956969 0.927044
vt 0.345879 0.914184
vt 0.343687 0.914183
vt 0.350572 0.914184
vt 0.955433 0.927045
vt 0.341800 0.914182
vt 0.348228 0.914184
vt 0.356050 0.911377
vt 0.356052 0.914179
vt 0.340348 0.914180
vt 0.356050 0.916981
vt 0.354620 0.918143
vt 0.341798 0.918144
vt 0.340346 0.916981
vt 0.348225 0.919787
vt 0.345876 0.919596
vt 0.352751 0.919035
vt 0.377168 0.955952
vt 0.375718 0.954602
vt 0.957049 0.928494
vt 0.343684 0.919036
vt 0.350570 0.919596
vt 0.955589 0.929847
vt 0.352744 0.923412
vt 0.350562 0.924478
vt 0.375484 0.955911
vt 0.957283 0.929803
vt 0.956039 0.932375
vt 0.343678 0.923412
vt 0.341793 0.921717
vt 0.348217 0.924841
vt 0.954331 0.931010
vt 0.954968 0.934584
vt 0.340343 0.919508
vt 0.345869 0.924478
vt 0.354615 0.921717
vt 0.376718 0.958480
vt 0.354606 0.924552
vt 0.352734 0.926885
vt 0.376016 0.960486
vt 0.375121 0.956949
vt 0.957646 0.930841
vt 0.345857 0.928351
vt 0.343667 0.926885
vt 0.350550 0.928351
vt 0.956742 0.934381
vt 0.341784 0.924552
vt 0.348205 0.928851
vt 0.955961 0.937421
vt 0.377773 0.960685
vt 0.376780 0.963522
vt 0.350535 0.930836
vt 0.348189 0.931424
vt 0.957626 0.935669
vt 0.957212 0.939243
vt 0.375529 0.965343
vt 0.375131 0.961774
vt 0.345842 0.930836
vt 0.955358 0.939756
vt 0.956890 0.941986
vt 0.374663 0.957615
vt 0.958104 0.931508
vt 0.343654 0.929113
vt 0.352720 0.929113
vt 0.377363 0.965850
vt 0.375831 0.968081
vt 0.405848 0.979208
vt 0.406153 0.977032
vt 0.407800 0.977027
vt 0.407684 0.979203
vt 0.374155 0.957845
vt 0.958612 0.931737
vt 0.958607 0.936112
vt 0.374132 0.968850
vt 0.374142 0.965971
vt 0.405743 0.981551
vt 0.407644 0.981546
vt 0.958599 0.939870
vt 0.374150 0.962217
vt 0.405846 0.983901
vt 0.407682 0.983896
vt 0.958588 0.942755
vt 0.406150 0.986099
vt 0.407796 0.986094
vt 0.409658 0.981551
vt 0.409627 0.983901
vt 0.959986 0.939243
vt 0.960287 0.941986
vt 0.373170 0.961774
vt 0.373648 0.957615
vt 0.959119 0.931508
vt 0.409540 0.986099
vt 0.409544 0.977032
vt 0.409629 0.979208
vt 0.959587 0.935669
vt 0.372434 0.968081
vt 0.372756 0.965343
vt 0.051335 0.903562
vt 0.053682 0.904150
vt 0.053676 0.906637
vt 0.051329 0.906137
vt 0.960472 0.934381
vt 0.961237 0.937421
vt 0.371505 0.963522
vt 0.372285 0.960486
vt 0.048989 0.904150
vt 0.048983 0.906637
vt 0.961819 0.939756
vt 0.373190 0.956949
vt 0.959577 0.930841
vt 0.046803 0.905873
vt 0.046797 0.908103
vt 0.055870 0.905873
vt 0.055864 0.908103
vt 0.370901 0.965850
vt 0.048978 0.910512
vt 0.046793 0.911577
vt 0.055860 0.911577
vt 0.053672 0.910512
vt 0.372826 0.955911
vt 0.959941 0.929803
vt 0.961174 0.932375
vt 0.044922 0.910434
vt 0.044918 0.913271
vt 0.051324 0.910148
vt 0.962229 0.934585
vt 0.370512 0.960685
vt 0.371583 0.958480
vt 0.057744 0.910434
vt 0.057741 0.913271
vt 0.051321 0.915203
vt 0.048975 0.915394
vt 0.057739 0.916845
vt 0.055857 0.915954
vt 0.371132 0.955952
vt 0.372593 0.954602
vt 0.960174 0.928494
vt 0.046791 0.915954
vt 0.053669 0.915394
vt 0.961625 0.929847
vt 0.044916 0.916845
vt 0.962867 0.931010
vt 0.369874 0.957111
vt 0.059184 0.918006
vt 0.043479 0.918006
vt 0.388073 0.953152
vt 0.386428 0.953152
vt 0.386509 0.951701
vt 0.508842 0.939173
vt 0.507316 0.939171
vt 0.507236 0.937721
vt 0.508686 0.936371
vt 0.884999 0.915845
vt 0.886874 0.915845
vt 0.886875 0.920698
vt 0.885000 0.919808
vt 0.891404 0.915844
vt 0.893752 0.915844
vt 0.893753 0.921257
vt 0.891405 0.921448
vt 0.897822 0.915845
vt 0.899267 0.915846
vt 0.899268 0.918647
vt 0.897823 0.919808
vt 0.883563 0.915846
vt 0.883564 0.918648
vt 0.889058 0.915844
vt 0.889059 0.921257
vt 0.895941 0.915845
vt 0.895942 0.920698
vt 0.384893 0.953150
vt 0.385048 0.950348
vt 0.505675 0.939171
vt 0.891408 0.926504
vt 0.889062 0.926141
vt 0.897825 0.923382
vt 0.895944 0.925076
vt 0.385499 0.947821
vt 0.386742 0.950393
vt 0.507002 0.936412
vt 0.886877 0.925076
vt 0.893756 0.926141
vt 0.508236 0.933843
vt 0.885002 0.923382
vt 0.509928 0.935212
vt 0.509291 0.931638
vt 0.383790 0.949186
vt 0.384427 0.945611
vt 0.886882 0.928551
vt 0.885006 0.926220
vt 0.893760 0.930016
vt 0.891413 0.930516
vt 0.507534 0.931837
vt 0.508298 0.928801
vt 0.385420 0.942774
vt 0.386201 0.945815
vt 0.889067 0.930016
vt 0.897828 0.926220
vt 0.895948 0.928551
vt 0.387105 0.949355
vt 0.506639 0.935374
vt 0.506181 0.934707
vt 0.889073 0.932505
vt 0.886887 0.930782
vt 0.895954 0.930782
vt 0.893766 0.932505
vt 0.387563 0.948688
vt 0.506649 0.930549
vt 0.384817 0.940440
vt 0.386349 0.938209
vt 0.386671 0.940953
vt 0.891419 0.933092
vt 0.507047 0.926980
vt 0.387085 0.944527
vt 0.508881 0.926472
vt 0.507348 0.924242
vt 0.388058 0.940325
vt 0.388066 0.944083
vt 0.835943 0.984144
vt 0.835839 0.981795
vt 0.837739 0.981793
vt 0.837778 0.984141
vt 0.505660 0.926352
vt 0.505650 0.923473
vt 0.388071 0.948458
vt 0.505673 0.934478
vt 0.836248 0.986337
vt 0.837894 0.986334
vt 0.835944 0.979451
vt 0.836250 0.977270
vt 0.837896 0.977267
vt 0.837779 0.979448
vt 0.505668 0.930106
vt 0.388048 0.937441
vt 0.505166 0.934707
vt 0.504688 0.930549
vt 0.389746 0.938209
vt 0.389445 0.940953
vt 0.839725 0.979451
vt 0.839753 0.981795
vt 0.504273 0.926980
vt 0.389047 0.944527
vt 0.839724 0.984144
vt 0.503951 0.924242
vt 0.388578 0.948688
vt 0.839638 0.986337
vt 0.839640 0.977270
vt 0.389931 0.945815
vt 0.389036 0.949355
vt 0.504708 0.935374
vt 0.766614 0.889581
vt 0.768803 0.887858
vt 0.768818 0.890349
vt 0.766628 0.891814
vt 0.773496 0.887858
vt 0.775681 0.889581
vt 0.775694 0.891814
vt 0.773511 0.890349
vt 0.503803 0.931837
vt 0.391279 0.940440
vt 0.390696 0.942774
vt 0.771150 0.887271
vt 0.771165 0.889849
vt 0.503022 0.928801
vt 0.502419 0.926472
vt 0.503101 0.933843
vt 0.502030 0.931638
vt 0.391689 0.945611
vt 0.390633 0.947821
vt 0.771178 0.893863
vt 0.768829 0.894226
vt 0.777567 0.894144
vt 0.777576 0.896983
vt 0.775705 0.895290
vt 0.389400 0.950393
vt 0.504344 0.936412
vt 0.766638 0.895290
vt 0.773523 0.894226
vt 0.764745 0.894145
vt 0.764753 0.896983
vt 0.389633 0.951701
vt 0.504111 0.937721
vt 0.502650 0.936371
vt 0.766645 0.899669
vt 0.764759 0.900558
vt 0.773530 0.899110
vt 0.771185 0.898920
vt 0.501392 0.935212
vt 0.763303 0.899189
vt 0.763307 0.901717
vt 0.768837 0.899110
vt 0.777581 0.900558
vt 0.775712 0.899669
vt 0.391084 0.950348
vt 0.777583 0.904521
vt 0.775714 0.904522
vt 0.391239 0.953150
vt 0.389714 0.953152
vt 0.504031 0.939171
vt 0.768840 0.904523
vt 0.766647 0.904523
vt 0.773533 0.904523
vt 0.502495 0.939172
vt 0.764761 0.904521
vt 0.771188 0.904524
vt 0.779011 0.901717
vt 0.779012 0.904519
vt 0.763309 0.904519
vt 0.779011 0.907321
vt 0.777581 0.908483
vt 0.764759 0.908483
vt 0.763307 0.907321
vt 0.771185 0.910127
vt 0.768837 0.909936
vt 0.775712 0.909375
vt 0.391084 0.955952
vt 0.389633 0.954602
vt 0.504111 0.940621
vt 0.766645 0.909375
vt 0.773530 0.909936
vt 0.502650 0.941974
vt 0.775705 0.913752
vt 0.773523 0.914817
vt 0.389400 0.955910
vt 0.504344 0.941930
vt 0.503101 0.944502
vt 0.766638 0.913752
vt 0.764753 0.912057
vt 0.771178 0.915181
vt 0.501392 0.943137
vt 0.502030 0.946712
vt 0.763303 0.909848
vt 0.768829 0.914817
vt 0.777576 0.912057
vt 0.390633 0.958480
vt 0.777567 0.914892
vt 0.775694 0.917224
vt 0.389931 0.960486
vt 0.389036 0.956949
vt 0.504708 0.942968
vt 0.768818 0.918691
vt 0.766628 0.917224
vt 0.773511 0.918690
vt 0.503803 0.946508
vt 0.764745 0.914892
vt 0.771165 0.919191
vt 0.503022 0.949548
vt 0.391689 0.960685
vt 0.390696 0.963522
vt 0.773496 0.921176
vt 0.771150 0.921764
vt 0.504688 0.947796
vt 0.504273 0.951370
vt 0.389445 0.965343
vt 0.389047 0.961774
vt 0.768803 0.921176
vt 0.502419 0.951883
vt 0.503951 0.954113
vt 0.388579 0.957615
vt 0.505166 0.943635
vt 0.766614 0.919453
vt 0.775681 0.919453
vt 0.391279 0.965850
vt 0.389746 0.968081
vt 0.415779 0.979208
vt 0.416085 0.977032
vt 0.417731 0.977027
vt 0.417615 0.979203
vt 0.388071 0.957845
vt 0.505673 0.943865
vt 0.505668 0.948239
vt 0.388048 0.968850
vt 0.388058 0.965971
vt 0.415674 0.981551
vt 0.417575 0.981545
vt 0.505660 0.951997
vt 0.388066 0.962217
vt 0.415777 0.983901
vt 0.417613 0.983896
vt 0.505650 0.954882
vt 0.416081 0.986099
vt 0.417727 0.986094
vt 0.419589 0.981551
vt 0.419558 0.983901
vt 0.507047 0.951370
vt 0.507348 0.954113
vt 0.387085 0.961774
vt 0.387563 0.957615
vt 0.506181 0.943635
vt 0.419471 0.986099
vt 0.419475 0.977032
vt 0.419560 0.979208
vt 0.506649 0.947796
vt 0.386349 0.968081
vt 0.386671 0.965343
vt 0.891419 0.898600
vt 0.893766 0.899187
vt 0.893760 0.901675
vt 0.891413 0.901175
vt 0.507534 0.946508
vt 0.508298 0.949548
vt 0.385420 0.963522
vt 0.386201 0.960486
vt 0.889073 0.899187
vt 0.889067 0.901675
vt 0.508881 0.951883
vt 0.387105 0.956949
vt 0.506639 0.942968
vt 0.886887 0.900910
vt 0.886882 0.903140
vt 0.895954 0.900910
vt 0.895948 0.903140
vt 0.384817 0.965850
vt 0.889062 0.905549
vt 0.886877 0.906614
vt 0.895944 0.906614
vt 0.893756 0.905549
vt 0.386742 0.955910
vt 0.507002 0.941930
vt 0.508236 0.944502
vt 0.885006 0.905472
vt 0.885002 0.908308
vt 0.891408 0.905186
vt 0.509291 0.946712
vt 0.384427 0.960685
vt 0.385499 0.958480
vt 0.897828 0.905472
vt 0.897825 0.908308
vt 0.891405 0.910241
vt 0.889059 0.910432
vt 0.897823 0.911883
vt 0.895942 0.910992
vt 0.385048 0.955952
vt 0.386509 0.954602
vt 0.507236 0.940621
vt 0.886875 0.910992
vt 0.893753 0.910432
vt 0.508686 0.941974
vt 0.885000 0.911883
vt 0.509928 0.943137
vt 0.383790 0.957111
vt 0.899268 0.913044
vt 0.883564 0.913044
vt 0.078787 0.947001
vt 0.077146 0.947000
vt 0.078707 0.945551
vt 0.908595 0.915845
vt 0.910780 0.915844
vt 0.910781 0.921257
vt 0.908596 0.920698
vt 0.915473 0.915844
vt 0.917662 0.915845
vt 0.917663 0.920698
vt 0.915474 0.921257
vt 0.344625 0.953152
vt 0.342981 0.953152
vt 0.343061 0.951701
vt 0.080313 0.947002
vt 0.080157 0.944200
vt 0.906721 0.915845
vt 0.906722 0.919808
vt 0.913126 0.915844
vt 0.913127 0.921448
vt 0.919544 0.915845
vt 0.920989 0.915846
vt 0.920989 0.918647
vt 0.919544 0.919808
vt 0.905285 0.915846
vt 0.905285 0.918648
vt 0.341445 0.953150
vt 0.341601 0.950348
vt 0.915477 0.926141
vt 0.913130 0.926504
vt 0.081399 0.943042
vt 0.079707 0.941673
vt 0.080762 0.939467
vt 0.340343 0.949186
vt 0.340980 0.945611
vt 0.342051 0.947821
vt 0.910784 0.926141
vt 0.919546 0.923382
vt 0.917666 0.925076
vt 0.343295 0.950393
vt 0.078473 0.944242
vt 0.908599 0.925076
vt 0.906724 0.923382
vt 0.917670 0.928551
vt 0.915482 0.930016
vt 0.343658 0.949355
vt 0.078110 0.943204
vt 0.079005 0.939667
vt 0.908603 0.928551
vt 0.906727 0.926220
vt 0.913135 0.930516
vt 0.079769 0.936631
vt 0.341973 0.942774
vt 0.342753 0.945815
vt 0.910789 0.930016
vt 0.919550 0.926220
vt 0.913141 0.933092
vt 0.910794 0.932505
vt 0.080352 0.934302
vt 0.078518 0.934809
vt 0.078819 0.932072
vt 0.343638 0.944527
vt 0.344116 0.948688
vt 0.077652 0.942537
vt 0.908608 0.930782
vt 0.917675 0.930782
vt 0.915488 0.932505
vt 0.078120 0.938379
vt 0.341370 0.940440
vt 0.342902 0.938209
vt 0.343224 0.940953
vt 0.845770 0.981795
vt 0.845875 0.979451
vt 0.847710 0.979448
vt 0.847670 0.981792
vt 0.077139 0.937935
vt 0.077131 0.934182
vt 0.344611 0.940325
vt 0.344619 0.944083
vt 0.845874 0.984144
vt 0.847709 0.984141
vt 0.077121 0.931303
vt 0.344624 0.948458
vt 0.077144 0.942307
vt 0.846179 0.986337
vt 0.847825 0.986334
vt 0.846181 0.977270
vt 0.847827 0.977267
vt 0.344600 0.937441
vt 0.849655 0.984144
vt 0.849569 0.986337
vt 0.849571 0.977270
vt 0.849656 0.979451
vt 0.345131 0.948688
vt 0.076637 0.942537
vt 0.076159 0.938379
vt 0.346299 0.938209
vt 0.345998 0.940953
vt 0.849684 0.981795
vt 0.075744 0.934809
vt 0.345599 0.944527
vt 0.075422 0.932072
vt 0.292464 0.896673
vt 0.294811 0.896086
vt 0.294826 0.898664
vt 0.292479 0.899164
vt 0.074493 0.936631
vt 0.073890 0.934302
vt 0.346484 0.945815
vt 0.345589 0.949355
vt 0.076179 0.943204
vt 0.290275 0.898396
vt 0.290289 0.900629
vt 0.297157 0.896673
vt 0.299342 0.898396
vt 0.299355 0.900629
vt 0.297172 0.899164
vt 0.075274 0.939667
vt 0.347831 0.940440
vt 0.347249 0.942774
vt 0.288406 0.902959
vt 0.290299 0.904105
vt 0.288414 0.905798
vt 0.297184 0.903041
vt 0.294839 0.902678
vt 0.074572 0.941673
vt 0.073501 0.939467
vt 0.348242 0.945611
vt 0.347186 0.947821
vt 0.292490 0.903041
vt 0.301228 0.902959
vt 0.301236 0.905797
vt 0.299366 0.904105
vt 0.345953 0.950393
vt 0.075815 0.944242
vt 0.075582 0.945550
vt 0.292498 0.907925
vt 0.290306 0.908484
vt 0.299373 0.908484
vt 0.297191 0.907925
vt 0.346186 0.951701
vt 0.074121 0.944200
vt 0.288420 0.909373
vt 0.294846 0.907734
vt 0.072863 0.943042
vt 0.286964 0.908004
vt 0.286968 0.910532
vt 0.301242 0.909373
vt 0.347637 0.950348
vt 0.288422 0.913336
vt 0.286969 0.913334
vt 0.294849 0.913339
vt 0.292501 0.913338
vt 0.301244 0.913336
vt 0.299375 0.913337
vt 0.347792 0.953150
vt 0.346266 0.953152
vt 0.075502 0.947001
vt 0.290308 0.913337
vt 0.297194 0.913338
vt 0.073966 0.947002
vt 0.302672 0.910532
vt 0.302673 0.913334
vt 0.075582 0.948451
vt 0.074121 0.949804
vt 0.290306 0.918190
vt 0.288420 0.917298
vt 0.297191 0.918751
vt 0.294846 0.918942
vt 0.302672 0.916135
vt 0.301242 0.917298
vt 0.286968 0.916135
vt 0.292498 0.918751
vt 0.299373 0.918190
vt 0.347637 0.955952
vt 0.346186 0.954602
vt 0.347186 0.958480
vt 0.345953 0.955910
vt 0.075815 0.949760
vt 0.292490 0.923632
vt 0.290299 0.922567
vt 0.299366 0.922566
vt 0.297184 0.923632
vt 0.074572 0.952332
vt 0.288414 0.920871
vt 0.294839 0.923996
vt 0.072863 0.950967
vt 0.073501 0.954541
vt 0.286964 0.918662
vt 0.301236 0.920871
vt 0.075274 0.954338
vt 0.074493 0.957378
vt 0.348242 0.960685
vt 0.347249 0.963522
vt 0.346484 0.960486
vt 0.294826 0.928005
vt 0.292479 0.927505
vt 0.301228 0.923707
vt 0.299355 0.926039
vt 0.345589 0.956949
vt 0.076179 0.950798
vt 0.290289 0.926039
vt 0.297172 0.927505
vt 0.288406 0.923707
vt 0.345131 0.957615
vt 0.076637 0.951465
vt 0.076159 0.955625
vt 0.347831 0.965850
vt 0.346299 0.968081
vt 0.345998 0.965343
vt 0.297157 0.929991
vt 0.294811 0.930578
vt 0.075744 0.959199
vt 0.345599 0.961773
vt 0.292464 0.929991
vt 0.073890 0.959712
vt 0.075422 0.961943
vt 0.290275 0.928267
vt 0.299342 0.928267
vt 0.077131 0.959827
vt 0.077121 0.962712
vt 0.344619 0.962217
vt 0.344624 0.957845
vt 0.077144 0.951694
vt 0.433035 0.986099
vt 0.432731 0.983902
vt 0.434567 0.983896
vt 0.434681 0.986095
vt 0.432733 0.979208
vt 0.433038 0.977033
vt 0.434685 0.977028
vt 0.434569 0.979203
vt 0.077139 0.956069
vt 0.344600 0.968850
vt 0.344611 0.965971
vt 0.432628 0.981551
vt 0.434529 0.981546
vt 0.078120 0.955625
vt 0.078518 0.959199
vt 0.343224 0.965343
vt 0.343638 0.961773
vt 0.436543 0.981551
vt 0.436512 0.983902
vt 0.078819 0.961943
vt 0.344116 0.957615
vt 0.077652 0.951465
vt 0.436425 0.986099
vt 0.436429 0.977033
vt 0.436514 0.979208
vt 0.342902 0.968081
vt 0.915488 0.899187
vt 0.917675 0.900910
vt 0.917670 0.903140
vt 0.915482 0.901675
vt 0.343658 0.956949
vt 0.078110 0.950798
vt 0.079005 0.954338
vt 0.341370 0.965850
vt 0.341973 0.963522
vt 0.913141 0.898600
vt 0.913135 0.901175
vt 0.079769 0.957378
vt 0.342753 0.960486
vt 0.910794 0.899187
vt 0.910789 0.901675
vt 0.080352 0.959713
vt 0.908608 0.900910
vt 0.908603 0.903140
vt 0.919550 0.905472
vt 0.919546 0.908308
vt 0.917666 0.906614
vt 0.342051 0.958480
vt 0.343295 0.955910
vt 0.078473 0.949760
vt 0.910784 0.905549
vt 0.908599 0.906614
vt 0.915477 0.905549
vt 0.079707 0.952332
vt 0.906727 0.905472
vt 0.906724 0.908308
vt 0.913130 0.905186
vt 0.080762 0.954541
vt 0.340980 0.960685
vt 0.915474 0.910432
vt 0.913127 0.910241
vt 0.080157 0.949804
vt 0.081399 0.950967
vt 0.340343 0.957110
vt 0.341601 0.955952
vt 0.910781 0.910432
vt 0.919544 0.911883
vt 0.917663 0.910992
vt 0.343061 0.954602
vt 0.078707 0.948451
vt 0.908596 0.910992
vt 0.906722 0.911883
vt 0.920989 0.913044
vt 0.905285 0.913044
vt 0.374446 0.914176
vt 0.376327 0.914177
vt 0.376328 0.918139
vt 0.374447 0.919029
vt 0.358597 0.953152
vt 0.357061 0.953150
vt 0.357217 0.950348
vt 0.358677 0.951701
vt 0.592474 0.949094
vt 0.590833 0.949093
vt 0.592393 0.947643
vt 0.365379 0.914176
vt 0.367564 0.914176
vt 0.367565 0.919589
vt 0.365380 0.919029
vt 0.372257 0.914176
vt 0.372258 0.919589
vt 0.360241 0.953152
vt 0.593999 0.949095
vt 0.593844 0.946293
vt 0.363505 0.914177
vt 0.363505 0.918139
vt 0.369910 0.914176
vt 0.369911 0.919780
vt 0.377773 0.914177
vt 0.377773 0.916979
vt 0.362068 0.914177
vt 0.362069 0.916979
vt 0.365383 0.923408
vt 0.363508 0.921714
vt 0.372261 0.924472
vt 0.369914 0.924835
vt 0.595086 0.945135
vt 0.593393 0.943766
vt 0.594449 0.941560
vt 0.355959 0.949186
vt 0.356596 0.945611
vt 0.357667 0.947821
vt 0.367568 0.924472
vt 0.376330 0.921714
vt 0.374450 0.923408
vt 0.358911 0.950393
vt 0.592160 0.946335
vt 0.591797 0.945297
vt 0.367572 0.928348
vt 0.365387 0.926882
vt 0.374454 0.926882
vt 0.372266 0.928348
vt 0.359274 0.949355
vt 0.592691 0.941760
vt 0.363511 0.924551
vt 0.369919 0.928848
vt 0.593456 0.938724
vt 0.357589 0.942774
vt 0.358369 0.945815
vt 0.376334 0.924551
vt 0.358840 0.940953
vt 0.359254 0.944527
vt 0.369925 0.931424
vt 0.367578 0.930836
vt 0.594038 0.936395
vt 0.592205 0.936902
vt 0.592506 0.934164
vt 0.359732 0.948688
vt 0.591339 0.944630
vt 0.365392 0.929114
vt 0.374459 0.929114
vt 0.372272 0.930836
vt 0.591807 0.940472
vt 0.356986 0.940440
vt 0.358518 0.938209
vt 0.590831 0.944400
vt 0.590826 0.940028
vt 0.360217 0.937441
vt 0.360227 0.940325
vt 0.197819 0.981857
vt 0.197924 0.979512
vt 0.199760 0.979509
vt 0.199720 0.981854
vt 0.590818 0.936275
vt 0.360235 0.944083
vt 0.197923 0.984206
vt 0.199759 0.984203
vt 0.590808 0.933396
vt 0.360240 0.948458
vt 0.198228 0.986398
vt 0.199874 0.986396
vt 0.198230 0.977331
vt 0.199876 0.977329
vt 0.361215 0.944527
vt 0.360747 0.948688
vt 0.590323 0.944630
vt 0.201704 0.984206
vt 0.201619 0.986398
vt 0.201620 0.977331
vt 0.201705 0.979512
vt 0.589845 0.940472
vt 0.361915 0.938209
vt 0.361614 0.940953
vt 0.201734 0.981857
vt 0.589431 0.936902
vt 0.589109 0.934164
vt 0.588961 0.941760
vt 0.588180 0.938724
vt 0.362865 0.942774
vt 0.362100 0.945815
vt 0.048978 0.863640
vt 0.051326 0.863053
vt 0.051341 0.865631
vt 0.048993 0.866131
vt 0.587577 0.936395
vt 0.361205 0.949355
vt 0.589866 0.945297
vt 0.046790 0.865363
vt 0.046803 0.867596
vt 0.053672 0.863640
vt 0.055857 0.865363
vt 0.055870 0.867596
vt 0.053686 0.866131
vt 0.363447 0.940440
vt 0.361569 0.950393
vt 0.589502 0.946335
vt 0.588259 0.943766
vt 0.044920 0.869926
vt 0.046814 0.871072
vt 0.044929 0.872765
vt 0.053698 0.870008
vt 0.051353 0.869645
vt 0.587187 0.941560
vt 0.363858 0.945611
vt 0.362802 0.947821
vt 0.049005 0.870008
vt 0.057743 0.869926
vt 0.057751 0.872764
vt 0.055881 0.871072
vt 0.057757 0.876340
vt 0.055887 0.875451
vt 0.363253 0.950348
vt 0.361802 0.951701
vt 0.589269 0.947643
vt 0.049013 0.874892
vt 0.046821 0.875451
vt 0.053706 0.874892
vt 0.587808 0.946293
vt 0.044935 0.876340
vt 0.051361 0.874701
vt 0.586550 0.945135
vt 0.043479 0.874971
vt 0.043483 0.877499
vt 0.059187 0.877499
vt 0.059188 0.880301
vt 0.057759 0.880303
vt 0.044937 0.880303
vt 0.043484 0.880301
vt 0.051364 0.880306
vt 0.049015 0.880305
vt 0.055890 0.880304
vt 0.363408 0.953150
vt 0.361882 0.953152
vt 0.589188 0.949094
vt 0.046823 0.880304
vt 0.053709 0.880305
vt 0.587653 0.949095
vt 0.055887 0.885157
vt 0.053706 0.885718
vt 0.361802 0.954602
vt 0.589269 0.950544
vt 0.587808 0.951897
vt 0.046821 0.885157
vt 0.044935 0.884265
vt 0.051361 0.885909
vt 0.059187 0.883102
vt 0.057757 0.884265
vt 0.043483 0.883103
vt 0.049013 0.885718
vt 0.363253 0.955952
vt 0.057751 0.887838
vt 0.055881 0.889534
vt 0.362802 0.958480
vt 0.361569 0.955910
vt 0.589502 0.951852
vt 0.049005 0.890599
vt 0.046814 0.889534
vt 0.053698 0.890599
vt 0.588259 0.954425
vt 0.044929 0.887839
vt 0.051353 0.890963
vt 0.586550 0.953060
vt 0.587187 0.956634
vt 0.043479 0.885629
vt 0.053686 0.894472
vt 0.051341 0.894972
vt 0.588961 0.956430
vt 0.588180 0.959471
vt 0.363858 0.960685
vt 0.362865 0.963522
vt 0.362100 0.960486
vt 0.048993 0.894472
vt 0.057743 0.890674
vt 0.055870 0.893006
vt 0.361205 0.956949
vt 0.589866 0.952891
vt 0.046803 0.893006
vt 0.044920 0.890674
vt 0.055857 0.895234
vt 0.053672 0.896958
vt 0.360747 0.957615
vt 0.590323 0.953557
vt 0.589845 0.957718
vt 0.363447 0.965850
vt 0.361915 0.968081
vt 0.361614 0.965343
vt 0.051326 0.897545
vt 0.589431 0.961292
vt 0.361215 0.961773
vt 0.048978 0.896958
vt 0.587577 0.961805
vt 0.589109 0.964036
vt 0.046790 0.895234
vt 0.442662 0.983902
vt 0.442559 0.981551
vt 0.444460 0.981546
vt 0.444499 0.983896
vt 0.590818 0.961920
vt 0.590808 0.964805
vt 0.360235 0.962217
vt 0.360240 0.957845
vt 0.590831 0.953787
vt 0.442966 0.986099
vt 0.444613 0.986094
vt 0.442664 0.979208
vt 0.442970 0.977032
vt 0.444616 0.977028
vt 0.444500 0.979203
vt 0.590826 0.958162
vt 0.360217 0.968850
vt 0.360227 0.965971
vt 0.446445 0.979208
vt 0.446474 0.981551
vt 0.591807 0.957718
vt 0.592205 0.961292
vt 0.358840 0.965343
vt 0.359254 0.961774
vt 0.446444 0.983902
vt 0.592506 0.964036
vt 0.359732 0.957615
vt 0.591339 0.953557
vt 0.446356 0.986099
vt 0.446360 0.977032
vt 0.358518 0.968081
vt 0.365392 0.899242
vt 0.367578 0.897519
vt 0.367572 0.900006
vt 0.365387 0.901472
vt 0.372272 0.897519
vt 0.374459 0.899242
vt 0.374454 0.901472
vt 0.372266 0.900006
vt 0.359274 0.956949
vt 0.591797 0.952891
vt 0.592691 0.956430
vt 0.356986 0.965850
vt 0.357589 0.963522
vt 0.369925 0.896931
vt 0.369919 0.899506
vt 0.593456 0.959471
vt 0.358369 0.960486
vt 0.594038 0.961805
vt 0.369914 0.903518
vt 0.367568 0.903881
vt 0.376334 0.903804
vt 0.376330 0.906640
vt 0.374450 0.904946
vt 0.357667 0.958480
vt 0.358911 0.955910
vt 0.592160 0.951852
vt 0.365383 0.904946
vt 0.372261 0.903881
vt 0.593393 0.954425
vt 0.363511 0.903804
vt 0.363508 0.906640
vt 0.594449 0.956634
vt 0.356596 0.960685
vt 0.365380 0.909323
vt 0.363505 0.910214
vt 0.372258 0.908763
vt 0.369911 0.908572
vt 0.593844 0.951897
vt 0.595086 0.953060
vt 0.355959 0.957111
vt 0.357217 0.955952
vt 0.367565 0.908763
vt 0.376328 0.910214
vt 0.374447 0.909323
vt 0.358677 0.954602
vt 0.592393 0.950544
vt 0.377773 0.911375
vt 0.362069 0.911375
vt 0.387101 0.914176
vt 0.389285 0.914176
vt 0.389286 0.919589
vt 0.387101 0.919029
vt 0.393978 0.914176
vt 0.396167 0.914176
vt 0.396168 0.919029
vt 0.393980 0.919589
vt 0.291247 0.952306
vt 0.289602 0.952306
vt 0.289683 0.950856
vt 0.954884 0.079126
vt 0.953358 0.079125
vt 0.953278 0.077674
vt 0.954729 0.076324
vt 0.385226 0.914177
vt 0.385227 0.918139
vt 0.391631 0.914176
vt 0.391632 0.919780
vt 0.398049 0.914177
vt 0.399494 0.914177
vt 0.399495 0.916979
vt 0.398049 0.918139
vt 0.383790 0.914177
vt 0.383790 0.916979
vt 0.288067 0.952304
vt 0.288222 0.949503
vt 0.951717 0.079124
vt 0.955971 0.075166
vt 0.954278 0.073797
vt 0.955334 0.071591
vt 0.286964 0.948340
vt 0.287602 0.944765
vt 0.288673 0.946975
vt 0.391635 0.924835
vt 0.389289 0.924472
vt 0.398052 0.921714
vt 0.396171 0.923408
vt 0.289916 0.949547
vt 0.953045 0.076366
vt 0.387104 0.923408
vt 0.393982 0.924472
vt 0.385229 0.921714
vt 0.396175 0.926882
vt 0.393987 0.928348
vt 0.290280 0.948509
vt 0.952681 0.075328
vt 0.953576 0.071791
vt 0.387108 0.926882
vt 0.385233 0.924551
vt 0.391640 0.928848
vt 0.954341 0.068755
vt 0.288594 0.941929
vt 0.289375 0.944969
vt 0.389294 0.928348
vt 0.398055 0.924551
vt 0.954923 0.066426
vt 0.953090 0.066933
vt 0.953391 0.064195
vt 0.290260 0.943681
vt 0.290738 0.947842
vt 0.952223 0.074661
vt 0.389300 0.930836
vt 0.387114 0.929114
vt 0.396181 0.929114
vt 0.393993 0.930836
vt 0.952691 0.070503
vt 0.287991 0.939594
vt 0.289524 0.937364
vt 0.289845 0.940107
vt 0.391646 0.931424
vt 0.116442 0.982251
vt 0.116547 0.979906
vt 0.118382 0.979903
vt 0.118342 0.982248
vt 0.951711 0.070059
vt 0.951703 0.066306
vt 0.291232 0.939480
vt 0.291240 0.943237
vt 0.116546 0.984600
vt 0.118381 0.984597
vt 0.951692 0.063427
vt 0.291245 0.947612
vt 0.951716 0.074431
vt 0.116851 0.986792
vt 0.118497 0.986790
vt 0.116853 0.977725
vt 0.118499 0.977723
vt 0.291222 0.936595
vt 0.120243 0.977725
vt 0.120328 0.979906
vt 0.291753 0.947842
vt 0.951208 0.074661
vt 0.950730 0.070503
vt 0.292921 0.937363
vt 0.292619 0.940107
vt 0.120356 0.982251
vt 0.950316 0.066933
vt 0.292221 0.943681
vt 0.120327 0.984600
vt 0.949994 0.064195
vt 0.120241 0.986792
vt 0.914152 0.544685
vt 0.916499 0.544097
vt 0.916515 0.546676
vt 0.914167 0.547175
vt 0.949065 0.068755
vt 0.948462 0.066426
vt 0.293105 0.944969
vt 0.292211 0.948509
vt 0.950750 0.075328
vt 0.911964 0.546407
vt 0.911977 0.548640
vt 0.918845 0.544685
vt 0.921030 0.546407
vt 0.921044 0.548640
vt 0.918860 0.547175
vt 0.949845 0.071791
vt 0.294453 0.939594
vt 0.293870 0.941928
vt 0.918872 0.551052
vt 0.916527 0.550690
vt 0.949143 0.073797
vt 0.948072 0.071591
vt 0.294863 0.944765
vt 0.293808 0.946975
vt 0.914179 0.551052
vt 0.922916 0.550971
vt 0.922925 0.553809
vt 0.921054 0.552116
vt 0.292574 0.949547
vt 0.950387 0.076366
vt 0.911988 0.552117
vt 0.910094 0.550971
vt 0.910103 0.553809
vt 0.914186 0.555937
vt 0.911994 0.556496
vt 0.921061 0.556495
vt 0.918880 0.555937
vt 0.292807 0.950855
vt 0.950154 0.077674
vt 0.948693 0.076324
vt 0.910108 0.557385
vt 0.916535 0.555746
vt 0.947435 0.075166
vt 0.908653 0.556015
vt 0.908656 0.558543
vt 0.922930 0.557385
vt 0.294258 0.949503
vt 0.916537 0.561350
vt 0.914189 0.561350
vt 0.922932 0.561347
vt 0.921063 0.561349
vt 0.294414 0.952304
vt 0.292888 0.952306
vt 0.950073 0.079125
vt 0.911997 0.561349
vt 0.918882 0.561350
vt 0.948537 0.079126
vt 0.910110 0.561347
vt 0.924360 0.558543
vt 0.924362 0.561345
vt 0.908658 0.561346
vt 0.911994 0.566202
vt 0.910108 0.565310
vt 0.918880 0.566762
vt 0.916535 0.566953
vt 0.924360 0.564147
vt 0.922930 0.565309
vt 0.908656 0.564147
vt 0.914186 0.566762
vt 0.921061 0.566201
vt 0.294258 0.955106
vt 0.292807 0.953756
vt 0.950154 0.080575
vt 0.948693 0.081928
vt 0.950387 0.081883
vt 0.914179 0.571644
vt 0.911988 0.570578
vt 0.921054 0.570578
vt 0.918872 0.571644
vt 0.292574 0.955065
vt 0.949143 0.084456
vt 0.910103 0.568883
vt 0.916527 0.572007
vt 0.947435 0.083091
vt 0.948072 0.086665
vt 0.908653 0.566674
vt 0.922925 0.568883
vt 0.293808 0.957634
vt 0.294863 0.959839
vt 0.293870 0.962676
vt 0.293105 0.959640
vt 0.916515 0.576017
vt 0.914167 0.575517
vt 0.922916 0.571718
vt 0.921044 0.574051
vt 0.292211 0.956103
vt 0.950750 0.082922
vt 0.911977 0.574051
vt 0.918860 0.575517
vt 0.949845 0.086461
vt 0.910094 0.571718
vt 0.949065 0.089502
vt 0.951208 0.083588
vt 0.950730 0.087749
vt 0.294453 0.965004
vt 0.292921 0.967235
vt 0.292619 0.964497
vt 0.918845 0.578002
vt 0.916499 0.578590
vt 0.950316 0.091323
vt 0.292221 0.960928
vt 0.914152 0.578002
vt 0.948462 0.091836
vt 0.949994 0.094067
vt 0.291753 0.956770
vt 0.911964 0.576279
vt 0.921030 0.576279
vt 0.291240 0.961371
vt 0.291245 0.956999
vt 0.951716 0.083818
vt 0.230338 0.986062
vt 0.230034 0.983865
vt 0.231871 0.983860
vt 0.231984 0.986058
vt 0.230036 0.979172
vt 0.230342 0.976996
vt 0.231988 0.976991
vt 0.231872 0.979166
vt 0.951711 0.088193
vt 0.291222 0.968004
vt 0.291232 0.965125
vt 0.229931 0.981515
vt 0.231832 0.981509
vt 0.951703 0.091951
vt 0.951692 0.094836
vt 0.952691 0.087749
vt 0.953090 0.091323
vt 0.289845 0.964497
vt 0.290260 0.960928
vt 0.233846 0.981515
vt 0.233816 0.983865
vt 0.953391 0.094067
vt 0.290738 0.956770
vt 0.952223 0.083588
vt 0.233728 0.986062
vt 0.233732 0.976996
vt 0.233817 0.979172
vt 0.289524 0.967235
vt 0.290280 0.956103
vt 0.952681 0.082922
vt 0.953576 0.086461
vt 0.287991 0.965005
vt 0.288594 0.962676
vt 0.391646 0.896931
vt 0.393993 0.897519
vt 0.393987 0.900006
vt 0.391640 0.899506
vt 0.954341 0.089502
vt 0.289375 0.959640
vt 0.389300 0.897519
vt 0.389294 0.900006
vt 0.954923 0.091836
vt 0.387114 0.899242
vt 0.387108 0.901472
vt 0.396181 0.899242
vt 0.396175 0.901472
vt 0.398055 0.903804
vt 0.398052 0.906640
vt 0.396171 0.904946
vt 0.288673 0.957634
vt 0.289916 0.955065
vt 0.953045 0.081883
vt 0.389289 0.903881
vt 0.387104 0.904946
vt 0.393982 0.903881
vt 0.954278 0.084456
vt 0.385233 0.903804
vt 0.385229 0.906640
vt 0.391635 0.903518
vt 0.955334 0.086665
vt 0.287602 0.959839
vt 0.954729 0.081928
vt 0.955971 0.083091
vt 0.286964 0.956265
vt 0.288222 0.955106
vt 0.391632 0.908572
vt 0.389286 0.908763
vt 0.398049 0.910214
vt 0.396168 0.909323
vt 0.289683 0.953756
vt 0.953278 0.080575
vt 0.387101 0.909323
vt 0.393980 0.908763
vt 0.385227 0.910214
vt 0.399495 0.911375
vt 0.383790 0.911375
vt 0.490888 0.934474
vt 0.493298 0.934475
vt 0.493300 0.938115
vt 0.490890 0.938534
vt 0.140832 0.934465
vt 0.137779 0.934465
vt 0.137929 0.933377
vt 0.627838 0.930232
vt 0.625000 0.930230
vt 0.624851 0.929143
vt 0.627549 0.928131
vt 0.481265 0.934476
vt 0.483324 0.934475
vt 0.483326 0.938115
vt 0.481267 0.937448
vt 0.488306 0.934474
vt 0.488308 0.938677
vt 0.630270 0.930235
vt 0.629862 0.927263
vt 0.134931 0.934463
vt 0.132481 0.934461
vt 0.132889 0.931489
vt 0.135219 0.932362
vt 0.485726 0.934474
vt 0.485728 0.938534
vt 0.495370 0.934476
vt 0.495371 0.937448
vt 0.621952 0.930230
vt 0.134073 0.928808
vt 0.136057 0.930466
vt 0.488313 0.942469
vt 0.485733 0.942197
vt 0.495375 0.940129
vt 0.493305 0.941399
vt 0.138362 0.932396
vt 0.624418 0.928162
vt 0.483331 0.941399
vt 0.490896 0.942197
vt 0.626712 0.926235
vt 0.131096 0.930818
vt 0.132546 0.927535
vt 0.628678 0.924582
vt 0.623743 0.927383
vt 0.625408 0.924731
vt 0.134805 0.924929
vt 0.135917 0.926681
vt 0.490905 0.945104
vt 0.488322 0.945479
vt 0.626834 0.922454
vt 0.137360 0.928962
vt 0.485742 0.945104
vt 0.630182 0.923315
vt 0.627924 0.920709
vt 0.139037 0.931617
vt 0.483339 0.944005
vt 0.493312 0.944005
vt 0.139003 0.927996
vt 0.139887 0.931117
vt 0.622892 0.926883
vt 0.677737 0.965018
vt 0.675328 0.965778
vt 0.675321 0.962731
vt 0.677731 0.962285
vt 0.670165 0.965777
vt 0.667763 0.965016
vt 0.667757 0.962283
vt 0.670159 0.962729
vt 0.623765 0.923765
vt 0.137650 0.923256
vt 0.138240 0.925315
vt 0.672745 0.966037
vt 0.672738 0.962882
vt 0.624511 0.921088
vt 0.625078 0.919036
vt 0.621944 0.923432
vt 0.621935 0.920618
vt 0.140816 0.924844
vt 0.140824 0.927663
vt 0.672736 0.959290
vt 0.675319 0.959261
vt 0.621924 0.918459
vt 0.140830 0.930945
vt 0.621950 0.926710
vt 0.677729 0.959174
vt 0.667755 0.959172
vt 0.670156 0.959260
vt 0.140804 0.922679
vt 0.141773 0.931117
vt 0.621007 0.926883
vt 0.620123 0.923765
vt 0.143959 0.923256
vt 0.143391 0.925315
vt 0.670159 0.955707
vt 0.672738 0.955612
vt 0.619360 0.921088
vt 0.142646 0.927996
vt 0.675321 0.955708
vt 0.618769 0.919036
vt 0.677731 0.955989
vt 0.667757 0.955987
vt 0.617036 0.922454
vt 0.615924 0.920709
vt 0.144289 0.928962
vt 0.142623 0.931617
vt 0.620156 0.927383
vt 0.675328 0.952422
vt 0.677737 0.953042
vt 0.667763 0.953040
vt 0.670165 0.952420
vt 0.618480 0.924730
vt 0.146804 0.924929
vt 0.145715 0.926681
vt 0.672745 0.952209
vt 0.617176 0.926235
vt 0.615192 0.924582
vt 0.147559 0.928808
vt 0.145592 0.930466
vt 0.465601 0.923848
vt 0.468184 0.923473
vt 0.468207 0.926486
vt 0.465623 0.926758
vt 0.613666 0.923314
vt 0.143298 0.932396
vt 0.619482 0.928161
vt 0.463189 0.924946
vt 0.463209 0.927555
vt 0.470763 0.923848
vt 0.473163 0.924946
vt 0.473182 0.927555
vt 0.470785 0.926758
vt 0.149063 0.927535
vt 0.473195 0.930840
vt 0.470799 0.930422
vt 0.143731 0.933377
vt 0.619048 0.929143
vt 0.616339 0.928131
vt 0.461130 0.928823
vt 0.463222 0.930841
vt 0.461141 0.931506
vt 0.468221 0.930280
vt 0.614009 0.927263
vt 0.148742 0.931489
vt 0.146429 0.932362
vt 0.465637 0.930422
vt 0.612216 0.926598
vt 0.475245 0.931506
vt 0.475249 0.934478
vt 0.473199 0.934481
vt 0.146718 0.934463
vt 0.143881 0.934465
vt 0.618899 0.930230
vt 0.465642 0.934483
vt 0.463226 0.934481
vt 0.470804 0.934483
vt 0.616051 0.930232
vt 0.461144 0.934478
vt 0.468226 0.934483
vt 0.613601 0.930234
vt 0.149150 0.934461
vt 0.470799 0.938541
vt 0.468221 0.938685
vt 0.616339 0.932333
vt 0.614009 0.933206
vt 0.148742 0.937433
vt 0.146429 0.936565
vt 0.465637 0.938542
vt 0.475245 0.937449
vt 0.473195 0.938120
vt 0.143731 0.935553
vt 0.619048 0.931318
vt 0.463222 0.938120
vt 0.461141 0.937450
vt 0.473182 0.941401
vt 0.470785 0.942201
vt 0.143298 0.936534
vt 0.619482 0.932299
vt 0.617176 0.934229
vt 0.463209 0.941401
vt 0.461130 0.940129
vt 0.468207 0.942474
vt 0.615192 0.935887
vt 0.147559 0.940114
vt 0.145592 0.938460
vt 0.465623 0.942201
vt 0.612216 0.933877
vt 0.613666 0.937161
vt 0.468184 0.945479
vt 0.465601 0.945104
vt 0.617036 0.938015
vt 0.615924 0.939766
vt 0.144289 0.939965
vt 0.142623 0.937313
vt 0.620156 0.933078
vt 0.463189 0.944004
vt 0.473163 0.944004
vt 0.470763 0.945104
vt 0.618480 0.935734
vt 0.149063 0.941381
vt 0.146804 0.943987
vt 0.145715 0.942241
vt 0.960404 0.698591
vt 0.957825 0.698330
vt 0.957814 0.695281
vt 0.960392 0.695434
vt 0.620123 0.936699
vt 0.619360 0.939381
vt 0.143391 0.943607
vt 0.142646 0.940931
vt 0.962988 0.698332
vt 0.962976 0.695283
vt 0.618770 0.941440
vt 0.141773 0.937813
vt 0.621007 0.933578
vt 0.965400 0.697573
vt 0.965390 0.694839
vt 0.955427 0.697569
vt 0.955416 0.694835
vt 0.143959 0.945660
vt 0.962972 0.691813
vt 0.965386 0.691728
vt 0.955413 0.691724
vt 0.957810 0.691811
vt 0.140830 0.937985
vt 0.621950 0.933751
vt 0.621944 0.937032
vt 0.140804 0.946236
vt 0.140816 0.944078
vt 0.960388 0.691841
vt 0.621935 0.939851
vt 0.140824 0.941264
vt 0.621924 0.942016
vt 0.960392 0.688164
vt 0.962976 0.688261
vt 0.624511 0.939381
vt 0.625078 0.941440
vt 0.139003 0.940931
vt 0.139887 0.937813
vt 0.622892 0.933578
vt 0.965390 0.688543
vt 0.955416 0.688539
vt 0.957814 0.688259
vt 0.623765 0.936699
vt 0.137650 0.945660
vt 0.138240 0.943607
vt 0.134805 0.943987
vt 0.135917 0.942241
vt 0.957825 0.684973
vt 0.960404 0.684762
vt 0.625408 0.935734
vt 0.626834 0.938015
vt 0.137360 0.939965
vt 0.962988 0.684975
vt 0.627924 0.939767
vt 0.139037 0.937313
vt 0.623743 0.933078
vt 0.965400 0.685597
vt 0.955427 0.685593
vt 0.624418 0.932300
vt 0.483339 0.924948
vt 0.485742 0.923848
vt 0.485733 0.926753
vt 0.483331 0.927552
vt 0.490905 0.923848
vt 0.493312 0.924948
vt 0.493305 0.927552
vt 0.490896 0.926753
vt 0.138362 0.936534
vt 0.626712 0.934229
vt 0.132546 0.941381
vt 0.134073 0.940114
vt 0.488322 0.923473
vt 0.488313 0.926481
vt 0.628678 0.935887
vt 0.136057 0.938461
vt 0.630182 0.937161
vt 0.132889 0.937433
vt 0.135219 0.936565
vt 0.488308 0.930272
vt 0.485728 0.930415
vt 0.495375 0.928823
vt 0.495371 0.931504
vt 0.493300 0.930835
vt 0.137929 0.935553
vt 0.624851 0.931318
vt 0.483326 0.930835
vt 0.490890 0.930415
vt 0.627549 0.932333
vt 0.131096 0.938097
vt 0.629862 0.933206
vt 0.481267 0.931504
vt 0.750457 0.942780
vt 0.748398 0.942778
vt 0.748154 0.941097
vt 0.750112 0.940403
vt 0.765827 0.937208
vt 0.763755 0.937206
vt 0.764100 0.934828
vt 0.766071 0.935527
vt 0.047128 0.952872
vt 0.049239 0.952872
vt 0.049241 0.956235
vt 0.047130 0.956120
vt 0.053324 0.952873
vt 0.055019 0.952873
vt 0.055020 0.955251
vt 0.053325 0.955785
vt 0.768237 0.937209
vt 0.768364 0.936339
vt 0.745998 0.942777
vt 0.743418 0.942777
vt 0.745871 0.941907
vt 0.045163 0.952873
vt 0.045165 0.955785
vt 0.051352 0.952872
vt 0.051354 0.956120
vt 0.770820 0.937209
vt 0.043479 0.952873
vt 0.043480 0.955251
vt 0.745505 0.941122
vt 0.047134 0.959050
vt 0.045169 0.958412
vt 0.053329 0.958412
vt 0.051359 0.959050
vt 0.768730 0.935554
vt 0.747446 0.939581
vt 0.762583 0.934291
vt 0.763810 0.931665
vt 0.765102 0.932684
vt 0.049246 0.959268
vt 0.749110 0.938258
vt 0.766780 0.934010
vt 0.751610 0.939871
vt 0.750383 0.937244
vt 0.766662 0.930982
vt 0.767883 0.932806
vt 0.049253 0.961676
vt 0.047142 0.961376
vt 0.747550 0.936556
vt 0.748472 0.935160
vt 0.769301 0.934931
vt 0.744933 0.940499
vt 0.045176 0.960497
vt 0.053336 0.960497
vt 0.051366 0.961376
vt 0.746343 0.938377
vt 0.765721 0.929580
vt 0.744214 0.940099
vt 0.744953 0.937604
vt 0.768129 0.928242
vt 0.768628 0.929889
vt 0.527295 0.979213
vt 0.525184 0.978994
vt 0.525179 0.976410
vt 0.527290 0.976538
vt 0.745584 0.935463
vt 0.769273 0.932034
vt 0.529408 0.978995
vt 0.529403 0.976411
vt 0.746064 0.933821
vt 0.770021 0.934531
vt 0.531379 0.978355
vt 0.531375 0.976038
vt 0.523219 0.978353
vt 0.523215 0.976036
vt 0.770814 0.931768
vt 0.770819 0.934393
vt 0.743416 0.939961
vt 0.529402 0.973473
vt 0.531373 0.973404
vt 0.523213 0.973402
vt 0.525178 0.973472
vt 0.743412 0.937338
vt 0.770798 0.927780
vt 0.770807 0.929512
vt 0.527288 0.973496
vt 0.743405 0.935087
vt 0.743395 0.933360
vt 0.741871 0.937604
vt 0.741225 0.935463
vt 0.772986 0.929889
vt 0.772355 0.932034
vt 0.527290 0.970386
vt 0.529403 0.970469
vt 0.740726 0.933821
vt 0.771616 0.934531
vt 0.742619 0.940099
vt 0.531375 0.970710
vt 0.523215 0.970709
vt 0.525179 0.970468
vt 0.773467 0.928242
vt 0.772336 0.934931
vt 0.741899 0.940499
vt 0.740481 0.938377
vt 0.775875 0.929580
vt 0.774952 0.930981
vt 0.525184 0.967692
vt 0.527295 0.967513
vt 0.739259 0.936556
vt 0.773745 0.932806
vt 0.529408 0.967693
vt 0.738318 0.935160
vt 0.531379 0.968222
vt 0.523219 0.968220
vt 0.737699 0.938258
vt 0.736407 0.937244
vt 0.774849 0.934010
vt 0.772907 0.935554
vt 0.741328 0.941122
vt 0.524889 0.945069
vt 0.526862 0.944191
vt 0.526881 0.946519
vt 0.524906 0.947157
vt 0.531086 0.944191
vt 0.533049 0.945069
vt 0.533066 0.947157
vt 0.531105 0.946519
vt 0.739377 0.939581
vt 0.777786 0.931664
vt 0.776513 0.932683
vt 0.528976 0.943891
vt 0.528995 0.946302
vt 0.738669 0.941097
vt 0.736697 0.940403
vt 0.777514 0.934828
vt 0.775557 0.935527
vt 0.529007 0.949337
vt 0.526893 0.949451
vt 0.735181 0.939871
vt 0.773274 0.936339
vt 0.740961 0.941907
vt 0.524916 0.949785
vt 0.533076 0.949785
vt 0.531116 0.949451
vt 0.779012 0.934291
vt 0.533080 0.952698
vt 0.531121 0.952699
vt 0.773400 0.937209
vt 0.740835 0.942777
vt 0.738425 0.942778
vt 0.523213 0.950317
vt 0.524920 0.952698
vt 0.523216 0.952695
vt 0.529012 0.952700
vt 0.736352 0.942780
vt 0.777859 0.937206
vt 0.775801 0.937208
vt 0.526897 0.952699
vt 0.534753 0.950317
vt 0.534756 0.952695
vt 0.534753 0.955072
vt 0.533076 0.955609
vt 0.775557 0.938889
vt 0.773274 0.938079
vt 0.740961 0.943647
vt 0.526893 0.955946
vt 0.524916 0.955609
vt 0.531116 0.955946
vt 0.738669 0.944459
vt 0.523213 0.955072
vt 0.529007 0.956061
vt 0.736697 0.945158
vt 0.777514 0.939583
vt 0.531105 0.958874
vt 0.528995 0.959092
vt 0.739377 0.945976
vt 0.737699 0.947302
vt 0.776513 0.941728
vt 0.774849 0.940405
vt 0.526881 0.958874
vt 0.735181 0.945695
vt 0.736407 0.948321
vt 0.772907 0.938864
vt 0.741328 0.944432
vt 0.524906 0.958234
vt 0.533066 0.958234
vt 0.779012 0.940115
vt 0.777786 0.942742
vt 0.533049 0.960315
vt 0.531086 0.961196
vt 0.772336 0.939487
vt 0.741899 0.945055
vt 0.740481 0.947179
vt 0.775875 0.944826
vt 0.774952 0.943430
vt 0.528976 0.961496
vt 0.739259 0.949004
vt 0.773745 0.941609
vt 0.526862 0.961196
vt 0.738318 0.950406
vt 0.524889 0.960316
vt 0.639380 0.977669
vt 0.637266 0.977886
vt 0.637257 0.975210
vt 0.639371 0.975083
vt 0.741225 0.950097
vt 0.740726 0.951744
vt 0.772355 0.942382
vt 0.771616 0.939887
vt 0.742619 0.945455
vt 0.641354 0.977030
vt 0.641345 0.974711
vt 0.635156 0.977667
vt 0.633194 0.977026
vt 0.633185 0.974708
vt 0.635147 0.975082
vt 0.741871 0.947952
vt 0.773467 0.946165
vt 0.772986 0.944523
vt 0.635144 0.972143
vt 0.637253 0.972168
vt 0.743412 0.948218
vt 0.743405 0.950474
vt 0.770807 0.944899
vt 0.770814 0.942648
vt 0.639368 0.972145
vt 0.743395 0.952205
vt 0.770819 0.940025
vt 0.743416 0.945593
vt 0.641343 0.972077
vt 0.633182 0.972074
vt 0.770798 0.946626
vt 0.639371 0.969141
vt 0.641345 0.969384
vt 0.633185 0.969381
vt 0.635147 0.969140
vt 0.770021 0.939887
vt 0.744214 0.945455
vt 0.744953 0.947952
vt 0.768129 0.946165
vt 0.768628 0.944523
vt 0.637257 0.969058
vt 0.745584 0.950097
vt 0.769273 0.942382
vt 0.746064 0.951744
vt 0.637266 0.966185
vt 0.639380 0.966366
vt 0.747550 0.949004
vt 0.748472 0.950406
vt 0.767883 0.941609
vt 0.769301 0.939487
vt 0.744933 0.945055
vt 0.641354 0.966896
vt 0.633194 0.966893
vt 0.635156 0.966365
vt 0.746343 0.947179
vt 0.765721 0.944826
vt 0.766662 0.943430
vt 0.763810 0.942742
vt 0.765102 0.941728
vt 0.049253 0.944071
vt 0.051366 0.944371
vt 0.051359 0.946696
vt 0.049246 0.946478
vt 0.747446 0.945976
vt 0.749110 0.947302
vt 0.766780 0.940405
vt 0.047142 0.944371
vt 0.047134 0.946696
vt 0.750383 0.948321
vt 0.768730 0.938864
vt 0.745505 0.944432
vt 0.045176 0.945251
vt 0.045169 0.947335
vt 0.053336 0.945251
vt 0.053329 0.947335
vt 0.745871 0.943647
vt 0.047130 0.949625
vt 0.045165 0.949961
vt 0.053325 0.949961
vt 0.051354 0.949625
vt 0.768364 0.938079
vt 0.748154 0.944459
vt 0.762583 0.940115
vt 0.764100 0.939583
vt 0.049241 0.949510
vt 0.750112 0.945158
vt 0.766071 0.938889
vt 0.751610 0.945695
vt 0.055020 0.950496
vt 0.043480 0.950496
vt 0.799160 0.957362
vt 0.785378 0.957327
vt 0.785378 0.942157
vt 0.799160 0.942191
vt 0.883563 0.939125
vt 0.897345 0.939109
vt 0.897345 0.958078
vt 0.883563 0.958093
vt 0.829053 0.957443
vt 0.815272 0.957424
vt 0.815272 0.942257
vt 0.829053 0.942276
vt 0.280156 0.957587
vt 0.266374 0.957548
vt 0.266374 0.938567
vt 0.280156 0.938606
vt 0.710457 0.943385
vt 0.710457 0.923438
vt 0.726777 0.923437
vt 0.726777 0.943385
vt 0.704440 0.923438
vt 0.704440 0.943385
vt 0.688120 0.943385
vt 0.688120 0.923437
s 0
usemtl PizzaShopBaked
f 1/1/1 2/2/1 4/3/1 3/4/1
f 3/5/2 4/6/2 8/7/2 7/8/2
f 7/9/3 8/10/3 6/11/3 5/12/3
f 5/13/4 6/14/4 2/15/4 1/16/4
f 3/17/5 7/18/5 5/19/5 1/20/5
f 8/21/6 4/22/6 2/23/6 6/24/6
f 9/25/1 10/26/1 12/27/1 11/28/1
f 11/29/2 12/30/2 16/31/2 15/32/2
f 15/33/3 16/34/3 14/35/3 13/36/3
f 13/37/4 14/38/4 10/39/4 9/40/4
f 11/41/5 15/42/5 13/43/5 9/44/5
f 16/45/6 12/46/6 10/47/6 14/48/6
f 17/49/1 18/50/1 20/51/1 19/52/1
f 19/53/2 20/54/2 24/55/2 23/56/2
f 23/57/3 24/58/3 22/59/3 21/60/3
f 21/61/4 22/62/4 18/63/4 17/64/4
f 19/65/5 23/66/5 21/67/5 17/68/5
f 24/69/6 20/70/6 18/71/6 22/72/6
f 25/73/1 26/74/1 28/75/1 27/76/1
f 27/77/2 28/78/2 32/79/2 31/80/2
f 31/81/3 32/82/3 30/83/3 29/84/3
f 29/85/4 30/86/4 26/87/4 25/88/4
f 27/89/5 31/90/5 29/91/5 25/92/5
f 32/93/6 28/94/6 26/95/6 30/96/6
f 33/97/1 34/98/1 36/99/1 35/100/1
f 35/101/2 36/102/2 40/103/2 39/104/2
f 39/105/3 40/106/3 38/107/3 37/108/3
f 37/109/4 38/110/4 34/111/4 33/112/4
f 35/113/5 39/114/5 37/115/5 33/116/5
f 40/117/6 36/118/6 34/119/6 38/120/6
f 41/121/1 42/122/1 44/123/1 43/124/1
f 43/125/2 44/126/2 48/127/2 47/128/2
f 47/129/3 48/130/3 46/131/3 45/132/3
f 45/133/4 46/134/4 42/135/4 41/136/4
f 43/137/5 47/138/5 45/139/5 41/140/5
f 48/141/6 44/142/6 42/143/6 46/144/6
f 49/145/1 50/146/1 52/147/1 51/148/1
f 51/149/2 52/150/2 56/151/2 55/152/2
f 55/153/3 56/154/3 54/155/3 53/156/3
f 53/157/4 54/158/4 50/159/4 49/160/4
f 51/161/5 55/162/5 53/163/5 49/164/5
f 56/165/6 52/166/6 50/167/6 54/168/6
f 57/169/1 58/170/1 60/171/1 59/172/1
f 59/173/2 60/174/2 64/175/2 63/176/2
f 63/177/3 64/178/3 62/179/3 61/180/3
f 61/181/4 62/182/4 58/183/4 57/184/4
f 59/185/5 63/186/5 61/187/5 57/188/5
f 64/189/6 60/190/6 58/191/6 62/192/6
f 65/193/1 66/194/1 68/195/1 67/196/1
f 67/197/2 68/198/2 72/199/2 71/200/2
f 71/201/3 72/202/3 70/203/3 69/204/3
f 69/205/4 70/206/4 66/207/4 65/208/4
f 67/209/5 71/210/5 69/211/5 65/212/5
f 72/213/6 68/214/6 66/215/6 70/216/6
f 73/217/1 74/218/1 76/219/1 75/220/1
f 75/221/2 76/222/2 80/223/2 79/224/2
f 79/225/3 80/226/3 78/227/3 77/228/3
f 77/229/4 78/230/4 74/231/4 73/232/4
f 75/233/5 79/234/5 77/235/5 73/236/5
f 80/237/6 76/238/6 74/239/6 78/240/6
f 81/241/1 82/242/1 84/243/1 83/244/1
f 83/245/2 84/246/2 88/247/2 87/248/2
f 87/249/3 88/250/3 86/251/3 85/252/3
f 85/253/4 86/254/4 82/255/4 81/256/4
f 83/257/5 87/258/5 85/259/5 81/260/5
f 88/261/6 84/262/6 82/263/6 86/264/6
f 89/265/1 90/266/1 92/267/1 91/268/1
f 91/269/2 92/270/2 96/271/2 95/272/2
f 95/273/3 96/274/3 94/275/3 93/276/3
f 93/277/4 94/278/4 90/279/4 89/280/4
f 91/281/5 95/282/5 93/283/5 89/284/5
f 96/285/6 92/286/6 90/287/6 94/288/6
f 97/289/1 98/290/1 100/291/1 99/292/1
f 99/293/2 100/294/2 104/295/2 103/296/2
f 103/297/3 104/298/3 102/299/3 101/300/3
f 101/301/4 102/302/4 98/303/4 97/304/4
f 99/305/5 103/306/5 101/307/5 97/308/5
f 104/309/6 100/310/6 98/311/6 102/312/6
f 109/313/4 111/314/4 110/315/4
f 109/313/4 114/316/4 111/314/4
f 114/316/4 112/317/4 111/314/4
f 109/313/4 115/318/4 114/316/4
f 113/319/4 112/317/4 114/316/4
f 109/313/4 107/320/4 115/318/4
f 107/320/4 113/319/4 115/318/4
f 107/320/4 106/321/4 113/319/4
f 106/321/4 112/317/4 113/319/4
f 109/313/4 108/322/4 107/320/4
f 105/323/4 112/317/4 106/321/4
f 123/324/4 117/325/4 116/326/4
f 123/324/4 122/327/4 117/325/4
f 122/327/4 118/328/4 117/325/4
f 121/329/4 118/328/4 122/327/4
f 121/329/4 119/330/4 118/328/4
f 121/329/4 120/331/4 119/330/4
f 131/332/4 125/333/4 124/334/4
f 131/332/4 130/335/4 125/333/4
f 130/335/4 126/336/4 125/333/4
f 129/337/4 126/336/4 130/335/4
f 129/337/4 127/338/4 126/336/4
f 129/337/4 128/339/4 127/338/4
f 132/340/4 134/341/4 133/342/4
f 132/340/4 135/343/4 134/341/4
f 162/344/4 190/345/4 163/346/4
f 190/345/4 164/347/4 163/346/4
f 190/345/4 136/348/4 164/347/4
f 190/345/4 137/349/4 136/348/4
f 190/345/4 138/350/4 137/349/4
f 190/345/4 139/351/4 138/350/4
f 190/345/4 140/352/4 139/351/4
f 190/345/4 141/353/4 140/352/4
f 190/345/4 142/354/4 141/353/4
f 190/345/7 189/355/7 142/354/7
f 189/355/4 143/356/4 142/354/4
f 162/344/4 191/357/4 190/345/4
f 188/358/4 143/356/4 189/355/4
f 187/359/4 143/356/4 188/358/4
f 186/360/4 143/356/4 187/359/4
f 186/360/4 144/361/4 143/356/4
f 185/362/7 144/361/7 186/360/7
f 184/363/8 144/361/8 185/362/8
f 183/364/4 144/361/4 184/363/4
f 183/364/4 145/365/4 144/361/4
f 182/366/7 145/365/7 183/364/7
f 181/367/4 145/365/4 182/366/4
f 180/368/4 145/365/4 181/367/4
f 180/368/4 146/369/4 145/365/4
f 179/370/4 146/369/4 180/368/4
f 178/371/4 146/369/4 179/370/4
f 178/371/4 147/372/4 146/369/4
f 177/373/4 147/372/4 178/371/4
f 176/374/4 147/372/4 177/373/4
f 176/374/4 148/375/4 147/372/4
f 175/376/4 148/375/4 176/374/4
f 175/376/4 149/377/4 148/375/4
f 174/378/4 149/377/4 175/376/4
f 173/379/8 149/377/8 174/378/8
f 173/379/4 150/380/4 149/377/4
f 172/381/4 150/380/4 173/379/4
f 171/382/4 150/380/4 172/381/4
f 171/382/4 151/383/4 150/380/4
f 170/384/4 151/383/4 171/382/4
f 169/385/7 151/383/7 170/384/7
f 168/386/8 151/383/8 169/385/8
f 167/387/7 151/383/7 168/386/7
f 167/387/4 152/388/4 151/383/4
f 166/389/4 152/388/4 167/387/4
f 165/390/4 152/388/4 166/389/4
f 162/344/4 160/391/4 191/357/4
f 160/391/4 165/390/4 191/357/4
f 160/391/4 152/388/4 165/390/4
f 160/391/4 153/392/4 152/388/4
f 160/391/4 154/393/4 153/392/4
f 160/391/4 155/394/4 154/393/4
f 160/391/4 156/395/4 155/394/4
f 160/391/4 157/396/4 156/395/4
f 160/391/7 158/397/7 157/396/7
f 160/391/9 159/398/9 158/397/9
f 162/344/4 161/399/4 160/391/4
f 196/400/2 197/401/2 198/402/2
f 196/400/2 198/402/2 201/403/2
f 201/403/2 198/402/2 199/404/2
f 196/400/2 201/403/2 202/405/2
f 200/406/2 201/403/2 199/404/2
f 196/400/2 202/405/2 194/407/2
f 194/407/2 202/405/2 200/406/2
f 194/407/2 200/406/2 193/408/2
f 193/408/2 200/406/2 199/404/2
f 196/400/2 194/407/2 195/409/2
f 192/410/2 193/408/2 199/404/2
f 210/411/2 203/412/2 204/413/2
f 210/411/2 204/413/2 209/414/2
f 209/414/2 204/413/2 205/415/2
f 208/416/2 209/414/2 205/415/2
f 208/416/2 205/415/2 206/417/2
f 208/416/2 206/417/2 207/418/2
f 218/419/2 211/420/2 212/421/2
f 218/419/2 212/421/2 217/422/2
f 217/422/2 212/421/2 213/423/2
f 216/424/2 217/422/2 213/423/2
f 216/424/2 213/423/2 214/425/2
f 216/424/2 214/425/2 215/426/2
f 219/427/2 220/428/2 221/429/2
f 219/427/2 221/429/2 222/430/2
f 249/431/2 250/432/2 277/433/2
f 277/433/2 250/432/2 251/434/2
f 277/433/2 251/434/2 223/435/2
f 277/433/2 223/435/2 224/436/2
f 277/433/2 224/436/2 225/437/2
f 277/433/2 225/437/2 226/438/2
f 277/433/2 226/438/2 227/439/2
f 277/433/2 227/439/2 228/440/2
f 277/433/2 228/440/2 229/441/2
f 277/433/2 229/441/2 276/442/2
f 276/442/2 229/441/2 230/443/2
f 249/431/2 277/433/2 278/444/2
f 275/445/2 276/442/2 230/443/2
f 274/446/2 275/445/2 230/443/2
f 273/447/2 274/446/2 230/443/2
f 273/447/2 230/443/2 231/448/2
f 272/449/2 273/447/2 231/448/2
f 271/450/2 272/449/2 231/448/2
f 270/451/2 271/450/2 231/448/2
f 270/451/2 231/448/2 232/452/2
f 269/453/2 270/451/2 232/452/2
f 268/454/10 269/453/10 232/452/10
f 267/455/2 268/454/2 232/452/2
f 267/455/2 232/452/2 233/456/2
f 266/457/10 267/455/10 233/456/10
f 265/458/2 266/457/2 233/456/2
f 265/458/2 233/456/2 234/459/2
f 264/460/2 265/458/2 234/459/2
f 263/461/2 264/460/2 234/459/2
f 263/461/2 234/459/2 235/462/2
f 262/463/2 263/461/2 235/462/2
f 262/463/2 235/462/2 236/464/2
f 261/465/2 262/463/2 236/464/2
f 260/466/2 261/465/2 236/464/2
f 260/466/2 236/464/2 237/467/2
f 259/468/2 260/466/2 237/467/2
f 258/469/2 259/468/2 237/467/2
f 258/469/2 237/467/2 238/470/2
f 257/471/2 258/469/2 238/470/2
f 256/472/2 257/471/2 238/470/2
f 255/473/2 256/472/2 238/470/2
f 254/474/2 255/473/2 238/470/2
f 254/474/2 238/470/2 239/475/2
f 253/476/2 254/474/2 239/475/2
f 252/477/2 253/476/2 239/475/2
f 249/431/2 278/444/2 247/478/2
f 247/478/2 278/444/2 252/477/2
f 247/478/2 252/477/2 239/475/2
f 247/478/2 239/475/2 240/479/2
f 247/478/2 240/479/2 241/480/2
f 247/478/2 241/480/2 242/481/2
f 247/478/2 242/481/2 243/482/2
f 247/478/2 243/482/2 244/483/2
f 247/478/2 244/483/2 245/484/2
f 247/478/2 245/484/2 246/485/2
f 249/431/2 247/478/2 248/486/2
s 1
f 280/487/11 292/488/12 291/489/13 279/490/14
f 281/491/15 293/492/16 292/488/12 280/487/11
f 282/493/17 294/494/18 293/492/16 281/491/15
f 283/495/19 295/496/20 294/497/18 282/498/17
f 284/499/21 296/500/22 295/496/20 283/495/19
f 285/501/23 297/502/24 296/500/22 284/499/21
f 286/503/25 298/504/26 297/502/24 285/501/23
f 287/505/27 299/506/28 298/504/26 286/503/25
f 288/507/29 300/508/30 299/506/28 287/505/27
f 289/509/31 301/510/32 300/511/30 288/512/29
f 290/513/33 302/514/34 301/510/32 289/509/31
f 292/488/12 304/515/35 303/516/36 291/489/13
f 293/492/16 305/517/37 304/515/35 292/488/12
f 294/494/18 306/518/38 305/517/37 293/492/16
f 295/496/20 307/519/39 306/520/38 294/497/18
f 296/500/22 308/521/40 307/519/39 295/496/20
f 297/502/24 309/522/41 308/521/40 296/500/22
f 298/504/26 310/523/42 309/522/41 297/502/24
f 299/506/28 311/524/43 310/523/42 298/504/26
f 300/511/30 312/525/44 311/526/43 299/527/28
f 301/510/32 313/528/45 312/525/44 300/511/30
f 302/514/34 314/529/46 313/528/45 301/510/32
f 304/515/35 316/530/47 315/531/48 303/516/36
f 305/517/37 317/532/49 316/530/47 304/515/35
f 306/518/38 318/533/50 317/532/49 305/517/37
f 307/519/39 319/534/51 318/535/50 306/520/38
f 308/521/40 320/536/52 319/534/51 307/519/39
f 309/522/41 321/537/53 320/536/52 308/521/40
f 310/523/42 322/538/54 321/537/53 309/522/41
f 311/524/43 323/539/55 322/538/54 310/523/42
f 312/525/44 324/540/56 323/541/55 311/526/43
f 313/528/45 325/542/57 324/540/56 312/525/44
f 314/529/46 326/543/58 325/542/57 313/528/45
f 316/530/47 328/544/59 327/545/60 315/531/48
f 317/532/49 329/546/61 328/544/59 316/530/47
f 318/533/50 330/547/62 329/546/61 317/532/49
f 319/534/51 331/548/63 330/549/62 318/535/50
f 320/536/52 332/550/64 331/548/63 319/534/51
f 321/537/53 333/551/65 332/550/64 320/536/52
f 322/538/54 334/552/66 333/551/65 321/537/53
f 323/539/55 335/553/67 334/552/66 322/538/54
f 324/540/56 336/554/68 335/555/67 323/541/55
f 325/542/57 337/556/69 336/554/68 324/540/56
f 326/543/58 338/557/70 337/556/69 325/542/57
f 328/544/59 340/558/71 339/559/72 327/545/60
f 329/546/61 341/560/73 340/558/71 328/544/59
f 330/547/62 342/561/74 341/560/73 329/546/61
f 331/548/63 343/562/75 342/563/74 330/549/62
f 332/550/64 344/564/76 343/562/75 331/548/63
f 333/551/65 345/565/77 344/564/76 332/550/64
f 334/552/66 346/566/78 345/565/77 333/551/65
f 335/553/67 347/567/79 346/566/78 334/552/66
f 336/554/68 348/568/80 347/569/79 335/555/67
f 337/556/69 349/570/81 348/568/80 336/554/68
f 338/557/70 350/571/82 349/570/81 337/556/69
f 340/558/71 352/572/83 351/573/84 339/559/72
f 341/560/73 353/574/85 352/572/83 340/558/71
f 342/561/74 354/575/86 353/574/85 341/560/73
f 343/576/75 355/577/87 354/578/86 342/579/74
f 344/580/76 356/581/88 355/577/87 343/576/75
f 345/582/77 357/583/89 356/581/88 344/580/76
f 346/584/78 358/585/90 357/583/89 345/582/77
f 347/586/79 359/587/91 358/585/90 346/584/78
f 348/568/80 360/588/92 359/589/91 347/569/79
f 349/570/81 361/590/93 360/588/92 348/568/80
f 350/571/82 362/591/94 361/590/93 349/570/81
f 352/572/83 364/592/95 363/593/96 351/573/84
f 353/574/85 365/594/97 364/592/95 352/572/83
f 354/575/86 366/595/98 365/594/97 353/574/85
f 355/577/87 367/596/99 366/597/98 354/578/86
f 356/581/88 368/598/100 367/596/99 355/577/87
f 357/583/89 369/599/101 368/598/100 356/581/88
f 358/585/90 370/600/102 369/599/101 357/583/89
f 359/587/91 371/601/103 370/600/102 358/585/90
f 360/588/92 372/602/104 371/603/103 359/589/91
f 361/590/93 373/604/105 372/602/104 360/588/92
f 362/591/94 374/605/106 373/604/105 361/590/93
f 364/592/95 376/606/107 375/607/108 363/593/96
f 365/594/97 377/608/109 376/606/107 364/592/95
f 366/595/98 378/609/110 377/608/109 365/594/97
f 367/596/99 379/610/111 378/611/110 366/597/98
f 368/598/100 380/612/112 379/610/111 367/596/99
f 369/599/101 381/613/113 380/612/112 368/598/100
f 370/600/102 382/614/114 381/613/113 369/599/101
f 371/601/103 383/615/115 382/614/114 370/600/102
f 372/602/104 384/616/116 383/617/115 371/603/103
f 373/604/105 385/618/117 384/616/116 372/602/104
f 374/605/106 386/619/118 385/618/117 373/604/105
f 376/606/107 388/620/119 387/621/120 375/607/108
f 377/608/109 389/622/121 388/620/119 376/606/107
f 378/609/110 390/623/122 389/622/121 377/608/109
f 379/610/111 391/624/123 390/625/122 378/611/110
f 380/612/112 392/626/124 391/624/123 379/610/111
f 381/613/113 393/627/125 392/626/124 380/612/112
f 382/614/114 394/628/126 393/627/125 381/613/113
f 383/615/115 395/629/127 394/628/126 382/614/114
f 384/630/116 396/631/128 395/629/127 383/615/115
f 385/618/117 397/632/129 396/633/128 384/616/116
f 386/619/118 398/634/130 397/632/129 385/618/117
f 388/620/119 400/635/131 399/636/132 387/621/120
f 389/622/121 401/637/133 400/635/131 388/620/119
f 390/623/122 402/638/134 401/637/133 389/622/121
f 391/624/123 403/639/135 402/640/134 390/625/122
f 392/626/124 404/641/136 403/639/135 391/624/123
f 393/627/125 405/642/137 404/641/136 392/626/124
f 394/628/126 406/643/138 405/642/137 393/627/125
f 395/629/127 407/644/139 406/643/138 394/628/126
f 396/631/128 408/645/140 407/644/139 395/629/127
f 397/632/129 409/646/141 408/647/140 396/633/128
f 398/634/130 410/648/142 409/646/141 397/632/129
f 400/635/131 412/649/143 411/650/144 399/636/132
f 401/637/133 413/651/145 412/649/143 400/635/131
f 402/638/134 414/652/146 413/651/145 401/637/133
f 403/639/135 415/653/147 414/654/146 402/640/134
f 404/641/136 416/655/148 415/653/147 403/639/135
f 405/642/137 417/656/149 416/655/148 404/641/136
f 406/643/138 418/657/150 417/656/149 405/642/137
f 407/644/139 419/658/151 418/657/150 406/643/138
f 408/645/140 420/659/152 419/658/151 407/644/139
f 409/646/141 421/660/153 420/661/152 408/647/140
f 410/648/142 422/662/154 421/660/153 409/646/141
f 412/649/143 424/663/155 423/664/156 411/650/144
f 413/651/145 425/665/157 424/663/155 412/649/143
f 414/652/146 426/666/158 425/665/157 413/651/145
f 415/653/147 427/667/159 426/668/158 414/654/146
f 416/655/148 428/669/160 427/667/159 415/653/147
f 417/656/149 429/670/161 428/669/160 416/655/148
f 418/657/150 430/671/162 429/670/161 417/656/149
f 419/658/151 431/672/163 430/671/162 418/657/150
f 420/659/152 432/673/164 431/672/163 419/658/151
f 421/660/153 433/674/165 432/675/164 420/661/152
f 422/662/154 434/676/166 433/674/165 421/660/153
f 424/663/155 436/677/167 435/678/168 423/664/156
f 425/665/157 437/679/169 436/677/167 424/663/155
f 426/666/158 438/680/170 437/679/169 425/665/157
f 427/667/159 439/681/171 438/682/170 426/668/158
f 428/669/160 440/683/172 439/681/171 427/667/159
f 429/670/161 441/684/173 440/683/172 428/669/160
f 430/671/162 442/685/174 441/684/173 429/670/161
f 431/672/163 443/686/175 442/685/174 430/671/162
f 432/673/164 444/687/176 443/686/175 431/672/163
f 433/674/165 445/688/177 444/689/176 432/675/164
f 434/676/166 446/690/178 445/688/177 433/674/165
f 436/677/167 448/691/179 447/692/180 435/678/168
f 437/679/169 449/693/181 448/691/179 436/677/167
f 438/680/170 450/694/182 449/693/181 437/679/169
f 439/681/171 451/695/183 450/696/182 438/682/170
f 440/683/172 452/697/184 451/695/183 439/681/171
f 441/684/173 453/698/185 452/697/184 440/683/172
f 442/685/174 454/699/186 453/698/185 441/684/173
f 443/686/175 455/700/187 454/699/186 442/685/174
f 444/687/176 456/701/188 455/700/187 443/686/175
f 445/688/177 457/702/189 456/703/188 444/689/176
f 446/690/178 458/704/190 457/702/189 445/688/177
f 448/691/179 460/705/191 459/706/192 447/692/180
f 449/693/181 461/707/193 460/705/191 448/691/179
f 450/694/182 462/708/194 461/707/193 449/693/181
f 451/695/183 463/709/195 462/710/194 450/696/182
f 452/697/184 464/711/196 463/709/195 451/695/183
f 453/698/185 465/712/197 464/711/196 452/697/184
f 454/699/186 466/713/198 465/712/197 453/698/185
f 455/700/187 467/714/199 466/713/198 454/699/186
f 456/703/188 468/715/200 467/716/199 455/717/187
f 457/702/189 469/718/201 468/715/200 456/703/188
f 458/704/190 470/719/202 469/718/201 457/702/189
f 460/705/191 472/720/203 471/721/204 459/706/192
f 461/707/193 473/722/205 472/720/203 460/705/191
f 462/708/194 474/723/206 473/722/205 461/707/193
f 463/709/195 475/724/207 474/725/206 462/710/194
f 464/711/196 476/726/208 475/724/207 463/709/195
f 465/712/197 477/727/209 476/726/208 464/711/196
f 466/713/198 478/728/210 477/727/209 465/712/197
f 467/714/199 479/729/211 478/728/210 466/713/198
f 468/715/200 480/730/212 479/731/211 467/716/199
f 469/718/201 481/732/213 480/730/212 468/715/200
f 470/719/202 482/733/214 481/732/213 469/718/201
f 472/720/203 484/734/215 483/735/216 471/721/204
f 473/722/205 485/736/217 484/734/215 472/720/203
f 474/723/206 486/737/218 485/736/217 473/722/205
f 475/724/207 487/738/219 486/739/218 474/725/206
f 476/726/208 488/740/220 487/738/219 475/724/207
f 477/727/209 489/741/221 488/740/220 476/726/208
f 478/728/210 490/742/222 489/741/221 477/727/209
f 479/729/211 491/743/223 490/742/222 478/728/210
f 480/730/212 492/744/224 491/745/223 479/731/211
f 481/732/213 493/746/225 492/744/224 480/730/212
f 482/733/214 494/747/226 493/746/225 481/732/213
f 484/734/215 496/748/227 495/749/228 483/735/216
f 485/736/217 497/750/229 496/748/227 484/734/215
f 486/737/218 498/751/230 497/750/229 485/736/217
f 487/752/219 499/753/231 498/754/230 486/755/218
f 488/756/220 500/757/232 499/753/231 487/752/219
f 489/758/221 501/759/233 500/757/232 488/756/220
f 490/760/222 502/761/234 501/759/233 489/758/221
f 491/762/223 503/763/235 502/761/234 490/760/222
f 492/744/224 504/764/236 503/765/235 491/745/223
f 493/746/225 505/766/237 504/764/236 492/744/224
f 494/747/226 506/767/238 505/766/237 493/746/225
f 496/748/227 508/768/239 507/769/240 495/749/228
f 497/750/229 509/770/241 508/768/239 496/748/227
f 498/751/230 510/771/242 509/770/241 497/750/229
f 499/753/231 511/772/243 510/773/242 498/754/230
f 500/757/232 512/774/244 511/772/243 499/753/231
f 501/759/233 513/775/245 512/774/244 500/757/232
f 502/761/234 514/776/246 513/775/245 501/759/233
f 503/763/235 515/777/247 514/776/246 502/761/234
f 504/764/236 516/778/248 515/779/247 503/765/235
f 505/766/237 517/780/249 516/778/248 504/764/236
f 506/767/238 518/781/250 517/780/249 505/766/237
f 508/768/239 520/782/251 519/783/252 507/769/240
f 509/770/241 521/784/253 520/782/251 508/768/239
f 510/771/242 522/785/254 521/784/253 509/770/241
f 511/772/243 523/786/255 522/787/254 510/773/242
f 512/774/244 524/788/256 523/786/255 511/772/243
f 513/775/245 525/789/257 524/788/256 512/774/244
f 514/776/246 526/790/258 525/789/257 513/775/245
f 515/777/247 527/791/259 526/790/258 514/776/246
f 516/778/248 528/792/260 527/793/259 515/779/247
f 517/780/249 529/794/261 528/792/260 516/778/248
f 518/781/250 530/795/262 529/794/261 517/780/249
f 520/782/251 532/796/263 531/797/264 519/783/252
f 521/784/253 533/798/265 532/796/263 520/782/251
f 522/785/254 534/799/266 533/798/265 521/784/253
f 523/786/255 535/800/267 534/801/266 522/787/254
f 524/788/256 536/802/268 535/800/267 523/786/255
f 525/789/257 537/803/269 536/802/268 524/788/256
f 526/790/258 538/804/270 537/803/269 525/789/257
f 527/791/259 539/805/271 538/804/270 526/790/258
f 528/792/260 540/806/272 539/807/271 527/793/259
f 529/794/261 541/808/273 540/806/272 528/792/260
f 530/795/262 542/809/274 541/808/273 529/794/261
f 532/796/263 544/810/275 543/811/276 531/797/264
f 533/798/265 545/812/277 544/810/275 532/796/263
f 534/799/266 546/813/278 545/812/277 533/798/265
f 535/800/267 547/814/279 546/815/278 534/801/266
f 536/802/268 548/816/280 547/814/279 535/800/267
f 537/803/269 549/817/281 548/816/280 536/802/268
f 538/804/270 550/818/282 549/817/281 537/803/269
f 539/805/271 551/819/283 550/818/282 538/804/270
f 540/806/272 552/820/284 551/821/283 539/807/271
f 541/808/273 553/822/285 552/820/284 540/806/272
f 542/809/274 554/823/286 553/822/285 541/808/273
f 544/810/275 556/824/287 555/825/288 543/811/276
f 545/812/277 557/826/289 556/824/287 544/810/275
f 546/815/278 558/827/290 557/828/289 545/829/277
f 547/814/279 559/830/291 558/827/290 546/815/278
f 548/816/280 560/831/292 559/830/291 547/814/279
f 549/817/281 561/832/293 560/831/292 548/816/280
f 550/818/282 562/833/294 561/832/293 549/817/281
f 551/819/283 563/834/295 562/833/294 550/818/282
f 552/820/284 564/835/296 563/836/295 551/821/283
f 553/822/285 565/837/297 564/835/296 552/820/284
f 554/823/286 566/838/298 565/837/297 553/822/285
f 556/824/287 568/839/299 567/840/300 555/825/288
f 557/826/289 569/841/301 568/839/299 556/824/287
f 558/827/290 570/842/302 569/843/301 557/828/289
f 559/830/291 571/844/303 570/842/302 558/827/290
f 560/831/292 572/845/304 571/844/303 559/830/291
f 561/832/293 573/846/305 572/845/304 560/831/292
f 562/833/294 574/847/306 573/846/305 561/832/293
f 563/834/295 575/848/307 574/847/306 562/833/294
f 564/835/296 576/849/308 575/850/307 563/836/295
f 565/837/297 577/851/309 576/849/308 564/835/296
f 566/838/298 578/852/310 577/851/309 565/837/297
f 568/839/299 580/853/311 579/854/300 567/840/300
f 569/841/301 581/855/312 580/853/311 568/839/299
f 570/856/302 582/857/313 581/855/312 569/841/301
f 571/858/303 583/859/314 582/860/313 570/861/302
f 572/862/304 584/863/315 583/859/314 571/858/303
f 573/864/305 585/865/316 584/863/315 572/862/304
f 574/866/306 586/867/317 585/865/316 573/864/305
f 575/868/307 587/869/318 586/867/317 574/866/306
f 576/870/308 588/871/319 587/869/318 575/868/307
f 577/851/309 589/872/320 588/873/319 576/849/308
f 578/852/310 590/874/310 589/872/320 577/851/309
f 580/853/311 592/875/321 591/876/322 579/854/300
f 581/855/312 593/877/323 592/875/321 580/853/311
f 582/878/313 594/879/324 593/880/323 581/881/312
f 583/882/314 595/883/325 594/879/324 582/878/313
f 584/884/315 596/885/326 595/883/325 583/882/314
f 585/886/316 597/887/327 596/885/326 584/884/315
f 586/888/317 598/889/328 597/887/327 585/886/316
f 587/890/318 599/891/329 598/889/328 586/888/317
f 588/873/319 600/892/330 599/893/329 587/894/318
f 589/872/320 601/895/331 600/892/330 588/873/319
f 590/874/310 602/896/332 601/895/331 589/872/320
f 592/875/321 604/897/333 603/898/334 591/876/322
f 593/877/323 605/899/335 604/897/333 592/875/321
f 594/900/324 606/901/336 605/902/335 593/903/323
f 595/904/325 607/905/337 606/901/336 594/900/324
f 596/906/326 608/907/338 607/905/337 595/904/325
f 597/908/327 609/909/339 608/907/338 596/906/326
f 598/910/328 610/911/340 609/909/339 597/908/327
f 599/912/329 611/913/341 610/911/340 598/910/328
f 600/892/330 612/914/342 611/915/341 599/893/329
f 601/895/331 613/916/343 612/914/342 600/892/330
f 602/896/332 614/917/344 613/916/343 601/895/331
f 604/897/333 616/918/345 615/919/346 603/898/334
f 605/899/335 617/920/347 616/918/345 604/897/333
f 606/921/336 618/922/348 617/920/347 605/899/335
f 607/923/337 619/924/349 618/925/348 606/926/336
f 608/927/338 620/928/350 619/924/349 607/923/337
f 609/929/339 621/930/351 620/928/350 608/927/338
f 610/931/340 622/932/352 621/930/351 609/929/339
f 611/933/341 623/934/353 622/932/352 610/931/340
f 612/935/342 624/936/354 623/934/353 611/933/341
f 613/916/343 625/937/355 624/938/354 612/914/342
f 614/917/344 626/939/356 625/937/355 613/916/343
f 616/918/345 280/487/11 279/490/14 615/919/346
f 617/920/347 281/491/15 280/487/11 616/918/345
f 618/922/348 282/493/17 281/491/15 617/920/347
f 619/924/349 283/495/19 282/498/17 618/925/348
f 620/928/350 284/499/21 283/495/19 619/924/349
f 621/930/351 285/501/23 284/499/21 620/928/350
f 622/932/352 286/503/25 285/501/23 621/930/351
f 623/934/353 287/505/27 286/503/25 622/932/352
f 624/936/354 288/507/29 287/505/27 623/934/353
f 625/937/355 289/509/31 288/512/29 624/938/354
f 626/939/356 290/513/33 289/509/31 625/937/355
f 628/940/357 640/941/358 639/942/359 627/943/360
f 629/944/361 641/945/362 640/941/358 628/940/357
f 630/946/363 642/947/364 641/945/362 629/944/361
f 631/948/365 643/949/366 642/950/364 630/951/363
f 632/952/367 644/953/368 643/949/366 631/948/365
f 633/954/369 645/955/370 644/953/368 632/952/367
f 634/956/371 646/957/372 645/955/370 633/954/369
f 635/958/373 647/959/374 646/957/372 634/956/371
f 636/960/375 648/961/376 647/959/374 635/958/373
f 637/962/377 649/963/378 648/964/376 636/965/375
f 638/966/379 650/967/380 649/963/378 637/962/377
f 640/941/358 652/968/381 651/969/382 639/942/359
f 641/945/362 653/970/383 652/968/381 640/941/358
f 642/947/364 654/971/384 653/970/383 641/945/362
f 643/949/366 655/972/385 654/973/384 642/950/364
f 644/953/368 656/974/386 655/972/385 643/949/366
f 645/955/370 657/975/387 656/974/386 644/953/368
f 646/957/372 658/976/388 657/975/387 645/955/370
f 647/959/374 659/977/389 658/976/388 646/957/372
f 648/961/376 660/978/390 659/977/389 647/959/374
f 649/963/378 661/979/391 660/980/390 648/964/376
f 650/967/380 662/981/392 661/979/391 649/963/378
f 652/968/381 664/982/393 663/983/394 651/969/382
f 653/970/383 665/984/395 664/982/393 652/968/381
f 654/971/384 666/985/396 665/984/395 653/970/383
f 655/972/385 667/986/397 666/987/396 654/973/384
f 656/974/386 668/988/398 667/986/397 655/972/385
f 657/975/387 669/989/399 668/988/398 656/974/386
f 658/976/388 670/990/400 669/989/399 657/975/387
f 659/977/389 671/991/401 670/990/400 658/976/388
f 660/980/390 672/992/402 671/993/401 659/994/389
f 661/979/391 673/995/403 672/992/402 660/980/390
f 662/981/392 674/996/404 673/995/403 661/979/391
f 664/982/393 676/997/405 675/998/406 663/983/394
f 665/984/395 677/999/407 676/997/405 664/982/393
f 666/985/396 678/1000/408 677/999/407 665/984/395
f 667/986/397 679/1001/409 678/1002/408 666/987/396
f 668/988/398 680/1003/410 679/1001/409 667/986/397
f 669/989/399 681/1004/411 680/1003/410 668/988/398
f 670/990/400 682/1005/412 681/1004/411 669/989/399
f 671/991/401 683/1006/413 682/1005/412 670/990/400
f 672/992/402 684/1007/414 683/1008/413 671/993/401
f 673/995/403 685/1009/415 684/1007/414 672/992/402
f 674/996/404 686/1010/416 685/1009/415 673/995/403
f 676/997/405 688/1011/417 687/1012/418 675/998/406
f 677/999/407 689/1013/419 688/1011/417 676/997/405
f 678/1000/408 690/1014/420 689/1013/419 677/999/407
f 679/1001/409 691/1015/421 690/1016/420 678/1002/408
f 680/1003/410 692/1017/422 691/1015/421 679/1001/409
f 681/1004/411 693/1018/423 692/1017/422 680/1003/410
f 682/1005/412 694/1019/424 693/1018/423 681/1004/411
f 683/1006/413 695/1020/425 694/1019/424 682/1005/412
f 684/1007/414 696/1021/426 695/1022/425 683/1008/413
f 685/1009/415 697/1023/427 696/1021/426 684/1007/414
f 686/1010/416 698/1024/428 697/1023/427 685/1009/415
f 688/1011/417 700/1025/429 699/1026/430 687/1012/418
f 689/1013/419 701/1027/431 700/1025/429 688/1011/417
f 690/1014/420 702/1028/432 701/1027/431 689/1013/419
f 691/1015/421 703/1029/433 702/1030/432 690/1016/420
f 692/1017/422 704/1031/434 703/1029/433 691/1015/421
f 693/1018/423 705/1032/435 704/1031/434 692/1017/422
f 694/1019/424 706/1033/436 705/1032/435 693/1018/423
f 695/1020/425 707/1034/437 706/1033/436 694/1019/424
f 696/1021/426 708/1035/438 707/1036/437 695/1022/425
f 697/1023/427 709/1037/439 708/1035/438 696/1021/426
f 698/1024/428 710/1038/440 709/1037/439 697/1023/427
f 700/1025/429 712/1039/441 711/1040/442 699/1026/430
f 701/1027/431 713/1041/443 712/1039/441 700/1025/429
f 702/1028/432 714/1042/444 713/1041/443 701/1027/431
f 703/1043/433 715/1044/445 714/1045/444 702/1046/432
f 704/1047/434 716/1048/446 715/1044/445 703/1043/433
f 705/1049/435 717/1050/447 716/1048/446 704/1047/434
f 706/1033/436 718/1051/448 717/1052/447 705/1032/435
f 707/1034/437 719/1053/449 718/1051/448 706/1033/436
f 708/1035/438 720/1054/450 719/1055/449 707/1036/437
f 709/1037/439 721/1056/451 720/1054/450 708/1035/438
f 710/1038/440 722/1057/452 721/1056/451 709/1037/439
f 712/1039/441 724/1058/453 723/1059/454 711/1040/442
f 713/1041/443 725/1060/455 724/1058/453 712/1039/441
f 714/1042/444 726/1061/456 725/1060/455 713/1041/443
f 715/1044/445 727/1062/457 726/1063/456 714/1045/444
f 716/1048/446 728/1064/458 727/1062/457 715/1044/445
f 717/1050/447 729/1065/459 728/1064/458 716/1048/446
f 718/1066/448 730/1067/460 729/1065/459 717/1050/447
f 719/1068/449 731/1069/461 730/1067/460 718/1066/448
f 720/1054/450 732/1070/462 731/1071/461 719/1055/449
f 721/1056/451 733/1072/463 732/1070/462 720/1054/450
f 722/1057/452 734/1073/464 733/1072/463 721/1056/451
f 724/1058/453 736/1074/465 735/1075/466 723/1059/454
f 725/1060/455 737/1076/467 736/1074/465 724/1058/453
f 726/1061/456 738/1077/468 737/1076/467 725/1060/455
f 727/1062/457 739/1078/469 738/1079/468 726/1063/456
f 728/1064/458 740/1080/470 739/1078/469 727/1062/457
f 729/1065/459 741/1081/471 740/1080/470 728/1064/458
f 730/1067/460 742/1082/472 741/1081/471 729/1065/459
f 731/1069/461 743/1083/473 742/1082/472 730/1067/460
f 732/1070/462 744/1084/474 743/1085/473 731/1071/461
f 733/1072/463 745/1086/475 744/1084/474 732/1070/462
f 734/1073/464 746/1087/476 745/1086/475 733/1072/463
f 736/1074/465 748/1088/477 747/1089/478 735/1075/466
f 737/1076/467 749/1090/479 748/1088/477 736/1074/465
f 738/1079/468 750/1091/480 749/1092/479 737/1093/467
f 739/1078/469 751/1094/481 750/1091/480 738/1079/468
f 740/1080/470 752/1095/482 751/1094/481 739/1078/469
f 741/1081/471 753/1096/483 752/1095/482 740/1080/470
f 742/1082/472 754/1097/484 753/1096/483 741/1081/471
f 743/1083/473 755/1098/485 754/1097/484 742/1082/472
f 744/1084/474 756/1099/486 755/1100/485 743/1085/473
f 745/1086/475 757/1101/487 756/1099/486 744/1084/474
f 746/1087/476 758/1102/488 757/1101/487 745/1086/475
f 748/1088/477 760/1103/489 759/1104/490 747/1089/478
f 749/1090/479 761/1105/491 760/1103/489 748/1088/477
f 750/1091/480 762/1106/492 761/1107/491 749/1092/479
f 751/1094/481 763/1108/493 762/1106/492 750/1091/480
f 752/1095/482 764/1109/494 763/1108/493 751/1094/481
f 753/1096/483 765/1110/495 764/1109/494 752/1095/482
f 754/1097/484 766/1111/496 765/1110/495 753/1096/483
f 755/1098/485 767/1112/497 766/1111/496 754/1097/484
f 756/1099/486 768/1113/498 767/1114/497 755/1100/485
f 757/1101/487 769/1115/499 768/1113/498 756/1099/486
f 758/1102/488 770/1116/500 769/1115/499 757/1101/487
f 760/1103/489 772/1117/501 771/1118/502 759/1104/490
f 761/1105/491 773/1119/503 772/1117/501 760/1103/489
f 762/1106/492 774/1120/504 773/1121/503 761/1107/491
f 763/1108/493 775/1122/505 774/1120/504 762/1106/492
f 764/1109/494 776/1123/506 775/1122/505 763/1108/493
f 765/1110/495 777/1124/507 776/1123/506 764/1109/494
f 766/1111/496 778/1125/508 777/1124/507 765/1110/495
f 767/1112/497 779/1126/509 778/1125/508 766/1111/496
f 768/1113/498 780/1127/510 779/1128/509 767/1114/497
f 769/1115/499 781/1129/511 780/1127/510 768/1113/498
f 770/1116/500 782/1130/512 781/1129/511 769/1115/499
f 772/1117/501 784/1131/513 783/1132/514 771/1118/502
f 773/1119/503 785/1133/515 784/1131/513 772/1117/501
f 774/1120/504 786/1134/516 785/1135/515 773/1121/503
f 775/1122/505 787/1136/517 786/1134/516 774/1120/504
f 776/1123/506 788/1137/518 787/1136/517 775/1122/505
f 777/1124/507 789/1138/519 788/1137/518 776/1123/506
f 778/1125/508 790/1139/520 789/1138/519 777/1124/507
f 779/1126/509 791/1140/521 790/1139/520 778/1125/508
f 780/1127/510 792/1141/522 791/1142/521 779/1128/509
f 781/1129/511 793/1143/523 792/1141/522 780/1127/510
f 782/1130/512 794/1144/524 793/1143/523 781/1129/511
f 784/1131/513 796/1145/525 795/1146/526 783/1132/514
f 785/1133/515 797/1147/527 796/1145/525 784/1131/513
f 786/1134/516 798/1148/528 797/1149/527 785/1135/515
f 787/1136/517 799/1150/529 798/1148/528 786/1134/516
f 788/1137/518 800/1151/530 799/1150/529 787/1136/517
f 789/1138/519 801/1152/531 800/1151/530 788/1137/518
f 790/1139/520 802/1153/532 801/1152/531 789/1138/519
f 791/1140/521 803/1154/533 802/1153/532 790/1139/520
f 792/1141/522 804/1155/534 803/1156/533 791/1142/521
f 793/1143/523 805/1157/535 804/1155/534 792/1141/522
f 794/1144/524 806/1158/536 805/1157/535 793/1143/523
f 796/1145/525 808/1159/537 807/1160/538 795/1146/526
f 797/1147/527 809/1161/539 808/1159/537 796/1145/525
f 798/1148/528 810/1162/540 809/1163/539 797/1149/527
f 799/1150/529 811/1164/541 810/1162/540 798/1148/528
f 800/1151/530 812/1165/542 811/1164/541 799/1150/529
f 801/1152/531 813/1166/543 812/1165/542 800/1151/530
f 802/1153/532 814/1167/544 813/1166/543 801/1152/531
f 803/1154/533 815/1168/545 814/1167/544 802/1153/532
f 804/1155/534 816/1169/546 815/1170/545 803/1156/533
f 805/1157/535 817/1171/547 816/1169/546 804/1155/534
f 806/1158/536 818/1172/548 817/1171/547 805/1157/535
f 808/1159/537 820/1173/549 819/1174/550 807/1160/538
f 809/1161/539 821/1175/551 820/1173/549 808/1159/537
f 810/1176/540 822/1177/552 821/1175/551 809/1161/539
f 811/1164/541 823/1178/553 822/1179/552 810/1162/540
f 812/1165/542 824/1180/554 823/1178/553 811/1164/541
f 813/1166/543 825/1181/555 824/1180/554 812/1165/542
f 814/1167/544 826/1182/556 825/1181/555 813/1166/543
f 815/1168/545 827/1183/557 826/1182/556 814/1167/544
f 816/1169/546 828/1184/558 827/1185/557 815/1170/545
f 817/1171/547 829/1186/559 828/1184/558 816/1169/546
f 818/1172/548 830/1187/560 829/1186/559 817/1171/547
f 820/1173/549 832/1188/561 831/1189/562 819/1174/550
f 821/1175/551 833/1190/563 832/1188/561 820/1173/549
f 822/1177/552 834/1191/564 833/1190/563 821/1175/551
f 823/1178/553 835/1192/565 834/1193/564 822/1179/552
f 824/1180/554 836/1194/566 835/1192/565 823/1178/553
f 825/1181/555 837/1195/567 836/1194/566 824/1180/554
f 826/1182/556 838/1196/568 837/1195/567 825/1181/555
f 827/1183/557 839/1197/569 838/1196/568 826/1182/556
f 828/1184/558 840/1198/570 839/1199/569 827/1185/557
f 829/1186/559 841/1200/571 840/1198/570 828/1184/558
f 830/1187/560 842/1201/572 841/1200/571 829/1186/559
f 832/1188/561 844/1202/573 843/1203/574 831/1189/562
f 833/1190/563 845/1204/575 844/1202/573 832/1188/561
f 834/1191/564 846/1205/576 845/1204/575 833/1190/563
f 835/1192/565 847/1206/577 846/1207/576 834/1193/564
f 836/1194/566 848/1208/578 847/1206/577 835/1192/565
f 837/1195/567 849/1209/579 848/1208/578 836/1194/566
f 838/1196/568 850/1210/580 849/1209/579 837/1195/567
f 839/1197/569 851/1211/581 850/1210/580 838/1196/568
f 840/1198/570 852/1212/582 851/1213/581 839/1199/569
f 841/1200/571 853/1214/583 852/1212/582 840/1198/570
f 842/1201/572 854/1215/584 853/1214/583 841/1200/571
f 844/1202/573 856/1216/585 855/1217/586 843/1203/574
f 845/1204/575 857/1218/587 856/1216/585 844/1202/573
f 846/1205/576 858/1219/588 857/1218/587 845/1204/575
f 847/1220/577 859/1221/589 858/1222/588 846/1223/576
f 848/1224/578 860/1225/590 859/1221/589 847/1220/577
f 849/1226/579 861/1227/591 860/1225/590 848/1224/578
f 850/1228/580 862/1229/592 861/1227/591 849/1226/579
f 851/1230/581 863/1231/593 862/1229/592 850/1228/580
f 852/1212/582 864/1232/594 863/1233/593 851/1213/581
f 853/1214/583 865/1234/595 864/1232/594 852/1212/582
f 854/1215/584 866/1235/596 865/1234/595 853/1214/583
f 856/1216/585 868/1236/597 867/1237/598 855/1217/586
f 857/1218/587 869/1238/599 868/1236/597 856/1216/585
f 858/1219/588 870/1239/600 869/1238/599 857/1218/587
f 859/1221/589 871/1240/601 870/1241/600 858/1222/588
f 860/1225/590 872/1242/602 871/1240/601 859/1221/589
f 861/1227/591 873/1243/603 872/1242/602 860/1225/590
f 862/1229/592 874/1244/604 873/1243/603 861/1227/591
f 863/1231/593 875/1245/605 874/1244/604 862/1229/592
f 864/1232/594 876/1246/606 875/1247/605 863/1233/593
f 865/1234/595 877/1248/607 876/1246/606 864/1232/594
f 866/1235/596 878/1249/608 877/1248/607 865/1234/595
f 868/1236/597 880/1250/609 879/1251/610 867/1237/598
f 869/1238/599 881/1252/611 880/1250/609 868/1236/597
f 870/1239/600 882/1253/612 881/1252/611 869/1238/599
f 871/1240/601 883/1254/613 882/1255/612 870/1241/600
f 872/1242/602 884/1256/614 883/1254/613 871/1240/601
f 873/1243/603 885/1257/615 884/1256/614 872/1242/602
f 874/1244/604 886/1258/616 885/1257/615 873/1243/603
f 875/1245/605 887/1259/617 886/1258/616 874/1244/604
f 876/1246/606 888/1260/618 887/1261/617 875/1247/605
f 877/1248/607 889/1262/619 888/1260/618 876/1246/606
f 878/1249/608 890/1263/620 889/1262/619 877/1248/607
f 880/1250/609 892/1264/621 891/1265/622 879/1251/610
f 881/1252/611 893/1266/623 892/1264/621 880/1250/609
f 882/1253/612 894/1267/624 893/1266/623 881/1252/611
f 883/1254/613 895/1268/625 894/1269/624 882/1255/612
f 884/1256/614 896/1270/626 895/1268/625 883/1254/613
f 885/1257/615 897/1271/627 896/1270/626 884/1256/614
f 886/1258/616 898/1272/628 897/1271/627 885/1257/615
f 887/1259/617 899/1273/629 898/1272/628 886/1258/616
f 888/1260/618 900/1274/630 899/1275/629 887/1261/617
f 889/1262/619 901/1276/631 900/1274/630 888/1260/618
f 890/1263/620 902/1277/632 901/1276/631 889/1262/619
f 892/1264/621 904/1278/633 903/1279/634 891/1265/622
f 893/1266/623 905/1280/635 904/1278/633 892/1264/621
f 894/1267/624 906/1281/636 905/1280/635 893/1266/623
f 895/1268/625 907/1282/637 906/1283/636 894/1269/624
f 896/1270/626 908/1284/638 907/1282/637 895/1268/625
f 897/1271/627 909/1285/639 908/1284/638 896/1270/626
f 898/1272/628 910/1286/640 909/1285/639 897/1271/627
f 899/1273/629 911/1287/641 910/1286/640 898/1272/628
f 900/1274/630 912/1288/642 911/1289/641 899/1275/629
f 901/1276/631 913/1290/643 912/1288/642 900/1274/630
f 902/1277/632 914/1291/644 913/1290/643 901/1276/631
f 904/1278/633 916/1292/645 915/1293/646 903/1279/634
f 905/1280/635 917/1294/647 916/1292/645 904/1278/633
f 906/1283/636 918/1295/648 917/1296/647 905/1297/635
f 907/1282/637 919/1298/649 918/1295/648 906/1283/636
f 908/1284/638 920/1299/650 919/1298/649 907/1282/637
f 909/1285/639 921/1300/651 920/1299/650 908/1284/638
f 910/1286/640 922/1301/652 921/1300/651 909/1285/639
f 911/1287/641 923/1302/653 922/1301/652 910/1286/640
f 912/1288/642 924/1303/654 923/1304/653 911/1289/641
f 913/1290/643 925/1305/655 924/1303/654 912/1288/642
f 914/1291/644 926/1306/656 925/1305/655 913/1290/643
f 916/1292/645 928/1307/657 927/1308/300 915/1293/646
f 917/1294/647 929/1309/301 928/1307/657 916/1292/645
f 918/1295/648 930/1310/302 929/1311/301 917/1296/647
f 919/1298/649 931/1312/303 930/1310/302 918/1295/648
f 920/1299/650 932/1313/304 931/1312/303 919/1298/649
f 921/1300/651 933/1314/305 932/1313/304 920/1299/650
f 922/1301/652 934/1315/658 933/1314/305 921/1300/651
f 923/1302/653 935/1316/659 934/1315/658 922/1301/652
f 924/1303/654 936/1317/660 935/1318/659 923/1304/653
f 925/1305/655 937/1319/661 936/1317/660 924/1303/654
f 926/1306/656 938/1320/662 937/1319/661 925/1305/655
f 928/1307/657 940/1321/663 939/1322/664 927/1308/300
f 929/1309/301 941/1323/665 940/1321/663 928/1307/657
f 930/1324/302 942/1325/666 941/1323/665 929/1309/301
f 931/1326/303 943/1327/667 942/1328/666 930/1329/302
f 932/1330/304 944/1331/668 943/1327/667 931/1326/303
f 933/1332/305 945/1333/669 944/1331/668 932/1330/304
f 934/1334/658 946/1335/670 945/1333/669 933/1332/305
f 935/1336/659 947/1337/671 946/1335/670 934/1334/658
f 936/1338/660 948/1339/672 947/1337/671 935/1336/659
f 937/1319/661 949/1340/673 948/1341/672 936/1317/660
f 938/1320/662 950/1342/674 949/1340/673 937/1319/661
f 940/1321/663 628/940/357 627/943/360 939/1322/664
f 941/1323/665 629/944/361 628/940/357 940/1321/663
f 942/1325/666 630/946/363 629/944/361 941/1323/665
f 943/1343/667 631/948/365 630/951/363 942/1344/666
f 944/1345/668 632/952/367 631/948/365 943/1343/667
f 945/1346/669 633/954/369 632/952/367 944/1345/668
f 946/1347/670 634/956/371 633/954/369 945/1346/669
f 947/1348/671 635/958/373 634/956/371 946/1347/670
f 948/1349/672 636/960/375 635/958/373 947/1348/671
f 949/1340/673 637/962/377 636/965/375 948/1341/672
f 950/1342/674 638/966/379 637/962/377 949/1340/673
f 952/1350/675 964/1351/333 963/1352/676 951/1353/677
f 953/1354/678 965/1355/679 964/1351/333 952/1350/675
f 954/1356/680 966/1357/681 965/1358/679 953/1359/678
f 955/1360/325 967/1361/337 966/1357/681 954/1356/680
f 956/1362/682 968/1363/683 967/1361/337 955/1360/325
f 957/1364/684 969/1365/685 968/1363/683 956/1362/682
f 958/1366/686 970/1367/687 969/1365/685 957/1364/684
f 959/1368/688 971/1369/689 970/1367/687 958/1366/686
f 960/1370/690 972/1371/691 971/1372/689 959/1373/688
f 961/1374/692 973/1375/693 972/1371/691 960/1370/690
f 962/1376/332 974/1377/344 973/1375/693 961/1374/692
f 964/1351/333 976/1378/694 975/1379/695 963/1352/676
f 965/1355/679 977/1380/696 976/1378/694 964/1351/333
f 966/1381/681 978/1382/697 977/1380/696 965/1355/679
f 967/1383/337 979/1384/698 978/1385/697 966/1386/681
f 968/1387/683 980/1388/699 979/1384/698 967/1383/337
f 969/1389/685 981/1390/700 980/1388/699 968/1387/683
f 970/1391/687 982/1392/701 981/1390/700 969/1389/685
f 971/1393/689 983/1394/702 982/1392/701 970/1391/687
f 972/1395/691 984/1396/703 983/1394/702 971/1393/689
f 973/1375/693 985/1397/704 984/1398/703 972/1371/691
f 974/1377/344 986/1399/674 985/1397/704 973/1375/693
f 976/1378/694 988/1400/705 987/1401/706 975/1379/695
f 977/1380/696 989/1402/707 988/1400/705 976/1378/694
f 978/1382/697 990/1403/708 989/1402/707 977/1380/696
f 979/1404/698 991/1405/709 990/1406/708 978/1407/697
f 980/1408/699 992/1409/710 991/1405/709 979/1404/698
f 981/1410/700 993/1411/711 992/1409/710 980/1408/699
f 982/1412/701 994/1413/712 993/1411/711 981/1410/700
f 983/1414/702 995/1415/713 994/1413/712 982/1412/701
f 984/1416/703 996/1417/714 995/1415/713 983/1414/702
f 985/1397/704 997/1418/715 996/1419/714 984/1398/703
f 986/1399/674 998/1420/310 997/1418/715 985/1397/704
f 988/1400/705 952/1350/675 951/1353/677 987/1401/706
f 989/1402/707 953/1354/678 952/1350/675 988/1400/705
f 990/1421/708 954/1422/680 953/1423/678 989/1424/707
f 991/1425/709 955/1426/325 954/1422/680 990/1421/708
f 992/1427/710 956/1428/682 955/1426/325 991/1425/709
f 993/1429/711 957/1430/684 956/1428/682 992/1427/710
f 994/1431/712 958/1432/686 957/1430/684 993/1429/711
f 995/1433/713 959/1434/688 958/1432/686 994/1431/712
f 996/1419/714 960/1370/690 959/1373/688 995/1435/713
f 997/1418/715 961/1374/692 960/1370/690 996/1419/714
f 998/1420/310 962/1376/332 961/1374/692 997/1418/715
f 1000/1436/333 1012/1437/716 1011/1438/717 999/1439/718
f 1001/1440/719 1013/1441/720 1012/1437/716 1000/1436/333
f 1002/1442/336 1014/1443/721 1013/1441/720 1001/1440/719
f 1003/1444/722 1015/1445/723 1014/1446/721 1002/1447/336
f 1004/1448/683 1016/1449/724 1015/1445/723 1003/1444/722
f 1005/1450/685 1017/1451/725 1016/1449/724 1004/1448/683
f 1006/1452/687 1018/1453/726 1017/1451/725 1005/1450/685
f 1007/1454/727 1019/1455/728 1018/1453/726 1006/1452/687
f 1008/1456/729 1020/1457/730 1019/1455/728 1007/1454/727
f 1009/1458/731 1021/1459/732 1020/1460/730 1008/1461/729
f 1010/1462/733 1022/1463/734 1021/1459/732 1009/1458/731
f 1012/1437/716 1024/1464/735 1023/1465/717 1011/1438/717
f 1013/1441/720 1025/1466/736 1024/1464/735 1012/1437/716
f 1014/1443/721 1026/1467/737 1025/1466/736 1013/1441/720
f 1015/1468/723 1027/1469/738 1026/1470/737 1014/1471/721
f 1016/1472/724 1028/1473/739 1027/1469/738 1015/1468/723
f 1017/1474/725 1029/1475/740 1028/1473/739 1016/1472/724
f 1018/1476/726 1030/1477/741 1029/1475/740 1017/1474/725
f 1019/1478/728 1031/1479/742 1030/1477/741 1018/1476/726
f 1020/1460/730 1032/1480/743 1031/1481/742 1019/1482/728
f 1021/1459/732 1033/1483/744 1032/1480/743 1020/1460/730
f 1022/1463/734 1034/1484/734 1033/1483/744 1021/1459/732
f 1024/1464/735 1036/1485/694 1035/1486/745 1023/1465/717
f 1025/1466/736 1037/1487/746 1036/1485/694 1024/1464/735
f 1026/1467/737 1038/1488/747 1037/1487/746 1025/1466/736
f 1027/1489/738 1039/1490/748 1038/1491/747 1026/1492/737
f 1028/1493/739 1040/1494/749 1039/1490/748 1027/1489/738
f 1029/1495/740 1041/1496/750 1040/1494/749 1028/1493/739
f 1030/1497/741 1042/1498/751 1041/1496/750 1029/1495/740
f 1031/1499/742 1043/1500/702 1042/1498/751 1030/1497/741
f 1032/1501/743 1044/1502/703 1043/1500/702 1031/1499/742
f 1033/1483/744 1045/1503/752 1044/1504/703 1032/1480/743
f 1034/1484/734 1046/1505/674 1045/1503/752 1033/1483/744
f 1036/1485/694 1048/1506/311 1047/1507/300 1035/1486/745
f 1037/1487/746 1049/1508/753 1048/1506/311 1036/1485/694
f 1038/1488/747 1050/1509/754 1049/1508/753 1037/1487/746
f 1039/1510/748 1051/1511/709 1050/1512/754 1038/1513/747
f 1040/1514/749 1052/1515/710 1051/1511/709 1039/1510/748
f 1041/1516/750 1053/1517/711 1052/1515/710 1040/1514/749
f 1042/1518/751 1054/1519/755 1053/1517/711 1041/1516/750
f 1043/1520/702 1055/1521/756 1054/1519/755 1042/1518/751
f 1044/1522/703 1056/1523/757 1055/1521/756 1043/1520/702
f 1045/1503/752 1057/1524/320 1056/1525/757 1044/1504/703
f 1046/1505/674 1058/1526/662 1057/1524/320 1045/1503/752
f 1048/1506/311 1060/1527/758 1059/1528/759 1047/1507/300
f 1049/1508/753 1061/1529/760 1060/1527/758 1048/1506/311
f 1050/1530/754 1062/1531/761 1061/1532/760 1049/1533/753
f 1051/1534/709 1063/1535/762 1062/1531/761 1050/1530/754
f 1052/1536/710 1064/1537/763 1063/1535/762 1051/1534/709
f 1053/1538/711 1065/1539/764 1064/1537/763 1052/1536/710
f 1054/1540/755 1066/1541/765 1065/1539/764 1053/1538/711
f 1055/1542/756 1067/1543/766 1066/1541/765 1054/1540/755
f 1056/1525/757 1068/1544/767 1067/1545/766 1055/1546/756
f 1057/1524/320 1069/1547/768 1068/1544/767 1056/1525/757
f 1058/1526/662 1070/1548/769 1069/1547/768 1057/1524/320
f 1060/1527/758 1072/1549/770 1071/1550/771 1059/1528/759
f 1061/1529/760 1073/1551/772 1072/1549/770 1060/1527/758
f 1062/1552/761 1074/1553/773 1073/1551/772 1061/1529/760
f 1063/1554/762 1075/1555/774 1074/1556/773 1062/1557/761
f 1064/1558/763 1076/1559/775 1075/1555/774 1063/1554/762
f 1065/1560/764 1077/1561/776 1076/1559/775 1064/1558/763
f 1066/1562/765 1078/1563/777 1077/1561/776 1065/1560/764
f 1067/1564/766 1079/1565/778 1078/1563/777 1066/1562/765
f 1068/1544/767 1080/1566/779 1079/1567/778 1067/1545/766
f 1069/1547/768 1081/1568/780 1080/1566/779 1068/1544/767
f 1070/1548/769 1082/1569/781 1081/1568/780 1069/1547/768
f 1072/1549/770 1084/1570/782 1083/1571/322 1071/1550/771
f 1073/1551/772 1085/1572/783 1084/1570/782 1072/1549/770
f 1074/1573/773 1086/1574/784 1085/1575/783 1073/1576/772
f 1075/1577/774 1087/1578/785 1086/1574/784 1074/1573/773
f 1076/1579/775 1088/1580/682 1087/1578/785 1075/1577/774
f 1077/1581/776 1089/1582/684 1088/1580/682 1076/1579/775
f 1078/1583/777 1090/1584/686 1089/1582/684 1077/1581/776
f 1079/1585/778 1091/1586/688 1090/1584/686 1078/1583/777
f 1080/1566/779 1092/1587/786 1091/1588/688 1079/1567/778
f 1081/1568/780 1093/1589/787 1092/1587/786 1080/1566/779
f 1082/1569/781 1094/1590/788 1093/1589/787 1081/1568/780
f 1084/1570/782 1000/1436/333 999/1439/718 1083/1571/322
f 1085/1572/783 1001/1440/719 1000/1436/333 1084/1570/782
f 1086/1591/784 1002/1592/336 1001/1593/719 1085/1594/783
f 1087/1595/785 1003/1596/722 1002/1592/336 1086/1591/784
f 1088/1597/682 1004/1598/683 1003/1596/722 1087/1595/785
f 1089/1599/684 1005/1600/685 1004/1598/683 1088/1597/682
f 1090/1601/686 1006/1602/687 1005/1600/685 1089/1599/684
f 1091/1603/688 1007/1604/727 1006/1602/687 1090/1601/686
f 1092/1587/786 1008/1461/729 1007/1605/727 1091/1588/688
f 1093/1589/787 1009/1458/731 1008/1461/729 1092/1587/786
f 1094/1590/788 1010/1462/733 1009/1458/731 1093/1589/787
f 1096/1606/789 1108/1607/790 1107/1608/717 1095/1609/791
f 1097/1610/335 1109/1611/720 1108/1607/790 1096/1606/789
f 1098/1612/336 1110/1613/792 1109/1611/720 1097/1610/335
f 1099/1614/793 1111/1615/723 1110/1616/792 1098/1617/336
f 1100/1618/338 1112/1619/794 1111/1615/723 1099/1614/793
f 1101/1620/339 1113/1621/725 1112/1619/794 1100/1618/338
f 1102/1622/795 1114/1623/726 1113/1621/725 1101/1620/339
f 1103/1624/689 1115/1625/796 1114/1623/726 1102/1622/795
f 1104/1626/797 1116/1627/798 1115/1625/796 1103/1624/689
f 1105/1628/799 1117/1629/732 1116/1630/798 1104/1631/797
f 1106/1632/733 1118/1633/734 1117/1629/732 1105/1628/799
f 1108/1607/790 1120/1634/735 1119/1635/717 1107/1608/717
f 1109/1611/720 1121/1636/800 1120/1634/735 1108/1607/790
f 1110/1613/792 1122/1637/801 1121/1636/800 1109/1611/720
f 1111/1638/723 1123/1639/738 1122/1640/801 1110/1641/792
f 1112/1642/794 1124/1643/739 1123/1639/738 1111/1638/723
f 1113/1644/725 1125/1645/740 1124/1643/739 1112/1642/794
f 1114/1646/726 1126/1647/802 1125/1645/740 1113/1644/725
f 1115/1648/796 1127/1649/742 1126/1647/802 1114/1646/726
f 1116/1630/798 1128/1650/743 1127/1651/742 1115/1652/796
f 1117/1629/732 1129/1653/744 1128/1650/743 1116/1630/798
f 1118/1633/734 1130/1654/734 1129/1653/744 1117/1629/732
f 1120/1634/735 1132/1655/694 1131/1656/745 1119/1635/717
f 1121/1636/800 1133/1657/803 1132/1655/694 1120/1634/735
f 1122/1637/801 1134/1658/804 1133/1657/803 1121/1636/800
f 1123/1659/738 1135/1660/805 1134/1661/804 1122/1662/801
f 1124/1663/739 1136/1664/806 1135/1660/805 1123/1659/738
f 1125/1665/740 1137/1666/807 1136/1664/806 1124/1663/739
f 1126/1667/802 1138/1668/808 1137/1666/807 1125/1665/740
f 1127/1669/742 1139/1670/702 1138/1668/808 1126/1667/802
f 1128/1671/743 1140/1672/809 1139/1670/702 1127/1669/742
f 1129/1653/744 1141/1673/810 1140/1674/809 1128/1650/743
f 1130/1654/734 1142/1675/674 1141/1673/810 1129/1653/744
f 1132/1655/694 1144/1676/311 1143/1677/300 1131/1656/745
f 1133/1657/803 1145/1678/707 1144/1676/311 1132/1655/694
f 1134/1658/804 1146/1679/708 1145/1678/707 1133/1657/803
f 1135/1680/805 1147/1681/811 1146/1682/708 1134/1683/804
f 1136/1684/806 1148/1685/812 1147/1681/811 1135/1680/805
f 1137/1686/807 1149/1687/813 1148/1685/812 1136/1684/806
f 1138/1688/808 1150/1689/814 1149/1687/813 1137/1686/807
f 1139/1690/702 1151/1691/815 1150/1689/814 1138/1688/808
f 1140/1692/809 1152/1693/816 1151/1691/815 1139/1690/702
f 1141/1673/810 1153/1694/817 1152/1695/816 1140/1674/809
f 1142/1675/674 1154/1696/662 1153/1694/817 1141/1673/810
f 1144/1676/311 1156/1697/758 1155/1698/771 1143/1677/300
f 1145/1678/707 1157/1699/760 1156/1697/758 1144/1676/311
f 1146/1700/708 1158/1701/818 1157/1702/760 1145/1703/707
f 1147/1704/811 1159/1705/819 1158/1701/818 1146/1700/708
f 1148/1706/812 1160/1707/820 1159/1705/819 1147/1704/811
f 1149/1708/813 1161/1709/764 1160/1707/820 1148/1706/812
f 1150/1710/814 1162/1711/821 1161/1709/764 1149/1708/813
f 1151/1712/815 1163/1713/822 1162/1711/821 1150/1710/814
f 1152/1695/816 1164/1714/823 1163/1715/822 1151/1716/815
f 1153/1694/817 1165/1717/768 1164/1714/823 1152/1695/816
f 1154/1696/662 1166/1718/769 1165/1717/768 1153/1694/817
f 1156/1697/758 1168/1719/824 1167/1720/759 1155/1698/771
f 1157/1699/760 1169/1721/825 1168/1719/824 1156/1697/758
f 1158/1722/818 1170/1723/826 1169/1721/825 1157/1699/760
f 1159/1724/819 1171/1725/827 1170/1726/826 1158/1727/818
f 1160/1728/820 1172/1729/828 1171/1725/827 1159/1724/819
f 1161/1730/764 1173/1731/829 1172/1729/828 1160/1728/820
f 1162/1732/821 1174/1733/777 1173/1731/829 1161/1730/764
f 1163/1734/822 1175/1735/778 1174/1733/777 1162/1732/821
f 1164/1714/823 1176/1736/779 1175/1737/778 1163/1715/822
f 1165/1717/768 1177/1738/780 1176/1736/779 1164/1714/823
f 1166/1718/769 1178/1739/769 1177/1738/780 1165/1717/768
f 1168/1719/824 1180/1740/830 1179/1741/322 1167/1720/759
f 1169/1721/825 1181/1742/323 1180/1740/830 1168/1719/824
f 1170/1743/826 1182/1744/831 1181/1745/323 1169/1746/825
f 1171/1747/827 1183/1748/832 1182/1744/831 1170/1743/826
f 1172/1749/828 1184/1750/326 1183/1748/832 1171/1747/827
f 1173/1751/829 1185/1752/327 1184/1750/326 1172/1749/828
f 1174/1753/777 1186/1754/833 1185/1752/327 1173/1751/829
f 1175/1755/778 1187/1756/688 1186/1754/833 1174/1753/777
f 1176/1736/779 1188/1757/834 1187/1758/688 1175/1737/778
f 1177/1738/780 1189/1759/835 1188/1757/834 1176/1736/779
f 1178/1739/769 1190/1760/788 1189/1759/835 1177/1738/780
f 1180/1740/830 1096/1606/789 1095/1609/791 1179/1741/322
f 1181/1742/323 1097/1610/335 1096/1606/789 1180/1740/830
f 1182/1761/831 1098/1762/336 1097/1763/335 1181/1764/323
f 1183/1765/832 1099/1766/793 1098/1762/336 1182/1761/831
f 1184/1767/326 1100/1768/338 1099/1766/793 1183/1765/832
f 1185/1769/327 1101/1770/339 1100/1768/338 1184/1767/326
f 1186/1771/833 1102/1772/795 1101/1770/339 1185/1769/327
f 1187/1773/688 1103/1774/689 1102/1772/795 1186/1771/833
f 1188/1757/834 1104/1631/797 1103/1775/689 1187/1758/688
f 1189/1759/835 1105/1628/799 1104/1631/797 1188/1757/834
f 1190/1760/788 1106/1632/733 1105/1628/799 1189/1759/835
f 1192/1776/836 1204/1777/837 1203/1778/838 1191/1779/839
f 1193/1780/840 1205/1781/841 1204/1777/837 1192/1776/836
f 1194/1782/842 1206/1783/843 1205/1781/841 1193/1780/840
f 1195/1784/844 1207/1785/845 1206/1786/843 1194/1787/842
f 1196/1788/846 1208/1789/847 1207/1785/845 1195/1784/844
f 1197/1790/848 1209/1791/849 1208/1789/847 1196/1788/846
f 1198/1792/850 1210/1793/851 1209/1791/849 1197/1790/848
f 1199/1794/852 1211/1795/853 1210/1793/851 1198/1792/850
f 1200/1796/854 1212/1797/855 1211/1798/853 1199/1799/852
f 1201/1800/856 1213/1801/857 1212/1797/855 1200/1796/854
f 1202/1802/858 1214/1803/858 1213/1801/857 1201/1800/856
f 1204/1777/837 1216/1804/859 1215/1805/860 1203/1778/838
f 1205/1781/841 1217/1806/861 1216/1804/859 1204/1777/837
f 1206/1807/843 1218/1808/862 1217/1809/861 1205/1810/841
f 1207/1811/845 1219/1812/863 1218/1808/862 1206/1807/843
f 1208/1813/847 1220/1814/864 1219/1812/863 1207/1811/845
f 1209/1815/849 1221/1816/865 1220/1814/864 1208/1813/847
f 1210/1817/851 1222/1818/866 1221/1816/865 1209/1815/849
f 1211/1819/853 1223/1820/867 1222/1818/866 1210/1817/851
f 1212/1797/855 1224/1821/868 1223/1822/867 1211/1798/853
f 1213/1801/857 1225/1823/869 1224/1821/868 1212/1797/855
f 1214/1803/858 1226/1824/870 1225/1823/869 1213/1801/857
f 1216/1804/859 1228/1825/871 1227/1826/860 1215/1805/860
f 1217/1806/861 1229/1827/872 1228/1825/871 1216/1804/859
f 1218/1828/862 1230/1829/873 1229/1827/872 1217/1806/861
f 1219/1830/863 1231/1831/874 1230/1832/873 1218/1833/862
f 1220/1834/864 1232/1835/875 1231/1831/874 1219/1830/863
f 1221/1836/865 1233/1837/876 1232/1835/875 1220/1834/864
f 1222/1838/866 1234/1839/877 1233/1837/876 1221/1836/865
f 1223/1840/867 1235/1841/878 1234/1839/877 1222/1838/866
f 1224/1821/868 1236/1842/879 1235/1843/878 1223/1822/867
f 1225/1823/869 1237/1844/880 1236/1842/879 1224/1821/868
f 1226/1824/870 1238/1845/881 1237/1844/880 1225/1823/869
f 1228/1825/871 1240/1846/882 1239/1847/883 1227/1826/860
f 1229/1827/872 1241/1848/884 1240/1846/882 1228/1825/871
f 1230/1849/873 1242/1850/885 1241/1851/884 1229/1852/872
f 1231/1853/874 1243/1854/886 1242/1850/885 1230/1849/873
f 1232/1855/875 1244/1856/887 1243/1854/886 1231/1853/874
f 1233/1857/876 1245/1858/888 1244/1856/887 1232/1855/875
f 1234/1859/877 1246/1860/889 1245/1858/888 1233/1857/876
f 1235/1861/878 1247/1862/890 1246/1860/889 1234/1859/877
f 1236/1842/879 1248/1863/891 1247/1864/890 1235/1843/878
f 1237/1844/880 1249/1865/892 1248/1863/891 1236/1842/879
f 1238/1845/881 1250/1866/893 1249/1865/892 1237/1844/880
f 1240/1846/882 1252/1867/894 1251/1868/895 1239/1847/883
f 1241/1848/884 1253/1869/896 1252/1867/894 1240/1846/882
f 1242/1870/885 1254/1871/897 1253/1869/896 1241/1848/884
f 1243/1872/886 1255/1873/898 1254/1874/897 1242/1875/885
f 1244/1876/887 1256/1877/899 1255/1873/898 1243/1872/886
f 1245/1878/888 1257/1879/900 1256/1877/899 1244/1876/887
f 1246/1880/889 1258/1881/901 1257/1879/900 1245/1878/888
f 1247/1882/890 1259/1883/902 1258/1881/901 1246/1880/889
f 1248/1863/891 1260/1884/903 1259/1885/902 1247/1864/890
f 1249/1865/892 1261/1886/904 1260/1884/903 1248/1863/891
f 1250/1866/893 1262/1887/905 1261/1886/904 1249/1865/892
f 1252/1867/894 1264/1888/906 1263/1889/907 1251/1868/895
f 1253/1869/896 1265/1890/908 1264/1888/906 1252/1867/894
f 1254/1871/897 1266/1891/909 1265/1890/908 1253/1869/896
f 1255/1892/898 1267/1893/910 1266/1894/909 1254/1895/897
f 1256/1896/899 1268/1897/911 1267/1893/910 1255/1892/898
f 1257/1898/900 1269/1899/912 1268/1897/911 1256/1896/899
f 1258/1900/901 1270/1901/913 1269/1899/912 1257/1898/900
f 1259/1902/902 1271/1903/914 1270/1901/913 1258/1900/901
f 1260/1904/903 1272/1905/915 1271/1903/914 1259/1902/902
f 1261/1886/904 1273/1906/916 1272/1907/915 1260/1884/903
f 1262/1887/905 1274/1908/917 1273/1906/916 1261/1886/904
f 1264/1888/906 1276/1909/918 1275/1910/919 1263/1889/907
f 1265/1890/908 1277/1911/920 1276/1909/918 1264/1888/906
f 1266/1891/909 1278/1912/921 1277/1911/920 1265/1890/908
f 1267/1913/910 1279/1914/922 1278/1915/921 1266/1916/909
f 1268/1917/911 1280/1918/923 1279/1914/922 1267/1913/910
f 1269/1919/912 1281/1920/924 1280/1918/923 1268/1917/911
f 1270/1921/913 1282/1922/925 1281/1920/924 1269/1919/912
f 1271/1923/914 1283/1924/926 1282/1922/925 1270/1921/913
f 1272/1907/915 1284/1925/927 1283/1926/926 1271/1927/914
f 1273/1906/916 1285/1928/928 1284/1925/927 1272/1907/915
f 1274/1908/917 1286/1929/929 1285/1928/928 1273/1906/916
f 1276/1909/918 1192/1776/836 1191/1779/839 1275/1910/919
f 1277/1911/920 1193/1780/840 1192/1776/836 1276/1909/918
f 1278/1930/921 1194/1931/842 1193/1932/840 1277/1933/920
f 1279/1934/922 1195/1935/844 1194/1931/842 1278/1930/921
f 1280/1936/923 1196/1937/846 1195/1935/844 1279/1934/922
f 1281/1938/924 1197/1939/848 1196/1937/846 1280/1936/923
f 1282/1940/925 1198/1941/850 1197/1939/848 1281/1938/924
f 1283/1942/926 1199/1943/852 1198/1941/850 1282/1940/925
f 1284/1925/927 1200/1796/854 1199/1799/852 1283/1926/926
f 1285/1928/928 1201/1800/856 1200/1796/854 1284/1925/927
f 1286/1929/929 1202/1802/858 1201/1800/856 1285/1928/928
f 1288/1944/930 1300/1945/931 1299/1946/932 1287/1947/933
f 1289/1948/934 1301/1949/935 1300/1945/931 1288/1944/930
f 1290/1950/936 1302/1951/937 1301/1949/935 1289/1948/934
f 1291/1952/938 1303/1953/939 1302/1954/937 1290/1955/936
f 1292/1956/940 1304/1957/941 1303/1953/939 1291/1952/938
f 1293/1958/942 1305/1959/943 1304/1957/941 1292/1956/940
f 1294/1960/944 1306/1961/945 1305/1959/943 1293/1958/942
f 1295/1962/946 1307/1963/947 1306/1961/945 1294/1960/944
f 1296/1964/948 1308/1965/949 1307/1966/947 1295/1967/946
f 1297/1968/950 1309/1969/951 1308/1965/949 1296/1964/948
f 1298/1970/952 1310/1971/953 1309/1969/951 1297/1968/950
f 1300/1945/931 1312/1972/954 1311/1973/955 1299/1946/932
f 1301/1949/935 1313/1974/956 1312/1972/954 1300/1945/931
f 1302/1951/937 1314/1975/957 1313/1974/956 1301/1949/935
f 1303/1976/939 1315/1977/958 1314/1978/957 1302/1979/937
f 1304/1980/941 1316/1981/959 1315/1977/958 1303/1976/939
f 1305/1982/943 1317/1983/960 1316/1981/959 1304/1980/941
f 1306/1984/945 1318/1985/961 1317/1983/960 1305/1982/943
f 1307/1986/947 1319/1987/962 1318/1985/961 1306/1984/945
f 1308/1965/949 1320/1988/963 1319/1989/962 1307/1966/947
f 1309/1969/951 1321/1990/964 1320/1988/963 1308/1965/949
f 1310/1971/953 1322/1991/965 1321/1990/964 1309/1969/951
f 1312/1972/954 1288/1944/930 1287/1947/933 1311/1973/955
f 1313/1974/956 1289/1948/934 1288/1944/930 1312/1972/954
f 1314/1975/957 1290/1950/936 1289/1948/934 1313/1974/956
f 1315/1992/958 1291/1993/938 1290/1994/936 1314/1995/957
f 1316/1996/959 1292/1997/940 1291/1993/938 1315/1992/958
f 1317/1998/960 1293/1999/942 1292/1997/940 1316/1996/959
f 1318/2000/961 1294/2001/944 1293/1999/942 1317/1998/960
f 1319/2002/962 1295/2003/946 1294/2001/944 1318/2000/961
f 1320/2004/963 1296/2005/948 1295/2003/946 1319/2002/962
f 1321/1990/964 1297/1968/950 1296/1964/948 1320/1988/963
f 1322/1991/965 1298/1970/952 1297/1968/950 1321/1990/964
s 0
f 1325/2006/4 1324/2007/4 1323/2008/4
f 1326/2009/2 1327/2010/2 1328/2011/2
f 1323/2012/966 1324/2013/966 1327/2014/966 1326/2015/966
f 1324/2016/967 1325/2017/967 1328/2018/967 1327/2019/967
f 1325/2020/968 1323/2021/968 1326/2022/968 1328/2023/968
f 1329/2024/969 1330/2025/969 1332/2026/969 1331/2027/969
f 1331/2028/2 1332/2029/2 1336/2030/2 1335/2031/2
f 1335/2032/970 1336/2033/970 1334/2034/970 1333/2035/970
f 1333/2036/4 1334/2037/4 1330/2038/4 1329/2039/4
f 1331/2040/971 1335/2041/971 1333/2042/971 1329/2043/971
f 1336/2044/972 1332/2045/972 1330/2046/972 1334/2047/972
s 1
f 1337/2048/973 1338/2049/974 1340/2050/975 1339/2051/976
f 1339/2051/976 1340/2050/975 1342/2052/977 1341/2053/978
f 1341/2053/978 1342/2052/977 1344/2054/979 1343/2055/980
f 1343/2055/980 1344/2054/979 1346/2056/981 1345/2057/982
f 1345/2057/982 1346/2056/981 1348/2058/983 1347/2059/984
f 1347/2060/984 1348/2061/983 1350/2062/985 1349/2063/986
f 1349/2063/986 1350/2062/985 1352/2064/987 1351/2065/988
f 1351/2065/988 1352/2064/987 1354/2066/989 1353/2067/990
f 1353/2067/990 1354/2066/989 1356/2068/991 1355/2069/992
f 1355/2069/992 1356/2068/991 1358/2070/993 1357/2071/994
f 1357/2071/994 1358/2070/993 1360/2072/995 1359/2073/996
f 1359/2074/996 1360/2075/995 1362/2076/997 1361/2077/998
f 1361/2077/998 1362/2076/997 1364/2078/999 1363/2079/1000
f 1363/2079/1000 1364/2078/999 1366/2080/1001 1365/2081/1002
f 1365/2081/1002 1366/2080/1001 1368/2082/1003 1367/2083/1004
f 1367/2083/1004 1368/2082/1003 1370/2084/1005 1369/2085/1006
f 1369/2085/1006 1370/2084/1005 1372/2086/1007 1371/2087/1008
f 1371/2088/1008 1372/2089/1007 1374/2090/1009 1373/2091/1010
f 1373/2091/1010 1374/2090/1009 1376/2092/1011 1375/2093/1012
f 1375/2093/1012 1376/2092/1011 1378/2094/1013 1377/2095/1014
f 1377/2095/1014 1378/2094/1013 1380/2096/1015 1379/2097/1016
f 1379/2097/1016 1380/2096/1015 1382/2098/1017 1381/2099/1018
f 1340/2100/975 1338/2101/974 1384/2102/1019 1382/2103/1017 1380/2104/1015 1378/2105/1013 1376/2106/1011 1374/2107/1009 1372/2108/1007 1370/2109/1005 1368/2110/1003 1366/2111/1001 1364/2112/999 1362/2113/997 1360/2114/995 1358/2115/993 1356/2116/991 1354/2117/989 1352/2118/987 1350/2119/985 1348/2120/983 1346/2121/981 1344/2122/979 1342/2123/977
f 1381/2099/1018 1382/2098/1017 1384/2124/1019 1383/2125/1020
f 1383/2126/1020 1384/2127/1019 1338/2049/974 1337/2048/973
f 1337/2128/973 1339/2129/976 1341/2130/978 1343/2131/980 1345/2132/982 1347/2133/984 1349/2134/986 1351/2135/988 1353/2136/990 1355/2137/992 1357/2138/994 1359/2139/996 1361/2140/998 1363/2141/1000 1365/2142/1002 1367/2143/1004 1369/2144/1006 1371/2145/1008 1373/2146/1010 1375/2147/1012 1377/2148/1014 1379/2149/1016 1381/2150/1018 1383/2151/1020
f 1385/2152/973 1386/2153/974 1388/2154/975 1387/2155/976
f 1387/2155/976 1388/2154/975 1390/2156/977 1389/2157/978
f 1389/2157/978 1390/2156/977 1392/2158/979 1391/2159/980
f 1391/2159/980 1392/2158/979 1394/2160/981 1393/2161/982
f 1393/2161/982 1394/2160/981 1396/2162/983 1395/2163/984
f 1395/2164/984 1396/2165/983 1398/2166/985 1397/2167/986
f 1397/2167/986 1398/2166/985 1400/2168/987 1399/2169/988
f 1399/2169/988 1400/2168/987 1402/2170/989 1401/2171/990
f 1401/2171/990 1402/2170/989 1404/2172/991 1403/2173/992
f 1403/2173/992 1404/2172/991 1406/2174/993 1405/2175/994
f 1405/2175/994 1406/2174/993 1408/2176/995 1407/2177/996
f 1407/2178/996 1408/2179/995 1410/2180/997 1409/2181/998
f 1409/2181/998 1410/2180/997 1412/2182/999 1411/2183/1000
f 1411/2183/1000 1412/2182/999 1414/2184/1001 1413/2185/1002
f 1413/2185/1002 1414/2184/1001 1416/2186/1003 1415/2187/1004
f 1415/2187/1004 1416/2186/1003 1418/2188/1005 1417/2189/1006
f 1417/2189/1006 1418/2188/1005 1420/2190/1007 1419/2191/1008
f 1419/2192/1008 1420/2193/1007 1422/2194/1009 1421/2195/1010
f 1421/2195/1010 1422/2194/1009 1424/2196/1011 1423/2197/1012
f 1423/2197/1012 1424/2196/1011 1426/2198/1021 1425/2199/1022
f 1425/2199/1022 1426/2198/1021 1428/2200/1015 1427/2201/1016
f 1427/2201/1016 1428/2200/1015 1430/2202/1017 1429/2203/1018
f 1388/2204/975 1386/2205/974 1432/2206/1019 1430/2207/1017 1428/2208/1015 1426/2209/1021 1424/2210/1011 1422/2211/1009 1420/2212/1007 1418/2213/1005 1416/2214/1003 1414/2215/1001 1412/2216/999 1410/2217/997 1408/2218/995 1406/2219/993 1404/2220/991 1402/2221/989 1400/2222/987 1398/2223/985 1396/2224/983 1394/2225/981 1392/2226/979 1390/2227/977
f 1429/2203/1018 1430/2202/1017 1432/2228/1019 1431/2229/1020
f 1431/2230/1020 1432/2231/1019 1386/2153/974 1385/2152/973
f 1385/2232/973 1387/2233/976 1389/2234/978 1391/2235/980 1393/2236/982 1395/2237/984 1397/2238/986 1399/2239/988 1401/2240/990 1403/2241/992 1405/2242/994 1407/2243/996 1409/2244/998 1411/2245/1000 1413/2246/1002 1415/2247/1004 1417/2248/1006 1419/2249/1008 1421/2250/1010 1423/2251/1012 1425/2252/1022 1427/2253/1016 1429/2254/1018 1431/2255/1020
f 1433/2256/973 1434/2257/974 1436/2258/975 1435/2259/976
f 1435/2259/976 1436/2258/975 1438/2260/977 1437/2261/978
f 1437/2261/978 1438/2260/977 1440/2262/979 1439/2263/980
f 1439/2263/980 1440/2262/979 1442/2264/981 1441/2265/982
f 1441/2265/982 1442/2264/981 1444/2266/983 1443/2267/984
f 1443/2268/984 1444/2269/983 1446/2270/985 1445/2271/986
f 1445/2271/986 1446/2270/985 1448/2272/987 1447/2273/988
f 1447/2273/988 1448/2272/987 1450/2274/989 1449/2275/990
f 1449/2275/990 1450/2274/989 1452/2276/991 1451/2277/992
f 1451/2277/992 1452/2276/991 1454/2278/993 1453/2279/994
f 1453/2279/994 1454/2278/993 1456/2280/995 1455/2281/996
f 1455/2282/996 1456/2283/995 1458/2284/997 1457/2285/998
f 1457/2285/998 1458/2284/997 1460/2286/999 1459/2287/1000
f 1459/2287/1000 1460/2286/999 1462/2288/1001 1461/2289/1002
f 1461/2289/1002 1462/2288/1001 1464/2290/1003 1463/2291/1004
f 1463/2291/1004 1464/2290/1003 1466/2292/1005 1465/2293/1006
f 1465/2293/1006 1466/2292/1005 1468/2294/1007 1467/2295/1008
f 1467/2296/1008 1468/2297/1007 1470/2298/1009 1469/2299/1010
f 1469/2299/1010 1470/2298/1009 1472/2300/1011 1471/2301/1012
f 1471/2301/1012 1472/2300/1011 1474/2302/1013 1473/2303/1014
f 1473/2303/1014 1474/2302/1013 1476/2304/1015 1475/2305/1016
f 1475/2305/1016 1476/2304/1015 1478/2306/1017 1477/2307/1018
f 1436/2308/975 1434/2309/974 1480/2310/1019 1478/2311/1017 1476/2312/1015 1474/2313/1013 1472/2314/1011 1470/2315/1009 1468/2316/1007 1466/2317/1005 1464/2318/1003 1462/2319/1001 1460/2320/999 1458/2321/997 1456/2322/995 1454/2323/993 1452/2324/991 1450/2325/989 1448/2326/987 1446/2327/985 1444/2328/983 1442/2329/981 1440/2330/979 1438/2331/977
f 1477/2307/1018 1478/2306/1017 1480/2332/1019 1479/2333/1020
f 1479/2334/1020 1480/2335/1019 1434/2257/974 1433/2256/973
f 1433/2336/973 1435/2337/976 1437/2338/978 1439/2339/980 1441/2340/982 1443/2341/984 1445/2342/986 1447/2343/988 1449/2344/990 1451/2345/992 1453/2346/994 1455/2347/996 1457/2348/998 1459/2349/1000 1461/2350/1002 1463/2351/1004 1465/2352/1006 1467/2353/1008 1469/2354/1010 1471/2355/1012 1473/2356/1014 1475/2357/1016 1477/2358/1018 1479/2359/1020
f 1481/2360/973 1482/2361/974 1484/2362/975 1483/2363/976
f 1483/2363/976 1484/2362/975 1486/2364/977 1485/2365/978
f 1485/2365/978 1486/2364/977 1488/2366/979 1487/2367/980
f 1487/2367/980 1488/2366/979 1490/2368/981 1489/2369/982
f 1489/2369/982 1490/2368/981 1492/2370/983 1491/2371/984
f 1491/2372/984 1492/2373/983 1494/2374/985 1493/2375/986
f 1493/2375/986 1494/2374/985 1496/2376/987 1495/2377/988
f 1495/2377/988 1496/2376/987 1498/2378/989 1497/2379/990
f 1497/2379/990 1498/2378/989 1500/2380/991 1499/2381/992
f 1499/2381/992 1500/2380/991 1502/2382/993 1501/2383/994
f 1501/2383/994 1502/2382/993 1504/2384/995 1503/2385/996
f 1503/2386/996 1504/2387/995 1506/2388/997 1505/2389/998
f 1505/2389/998 1506/2388/997 1508/2390/999 1507/2391/1000
f 1507/2391/1000 1508/2390/999 1510/2392/1001 1509/2393/1002
f 1509/2393/1002 1510/2392/1001 1512/2394/1003 1511/2395/1004
f 1511/2395/1004 1512/2394/1003 1514/2396/1005 1513/2397/1006
f 1513/2397/1006 1514/2396/1005 1516/2398/1007 1515/2399/1008
f 1515/2400/1008 1516/2401/1007 1518/2402/1009 1517/2403/1010
f 1517/2403/1010 1518/2402/1009 1520/2404/1011 1519/2405/1012
f 1519/2405/1012 1520/2404/1011 1522/2406/1013 1521/2407/1014
f 1521/2407/1014 1522/2406/1013 1524/2408/1015 1523/2409/1016
f 1523/2409/1016 1524/2408/1015 1526/2410/1017 1525/2411/1018
f 1484/2412/975 1482/2413/974 1528/2414/1019 1526/2415/1017 1524/2416/1015 1522/2417/1013 1520/2418/1011 1518/2419/1009 1516/2420/1007 1514/2421/1005 1512/2422/1003 1510/2423/1001 1508/2424/999 1506/2425/997 1504/2426/995 1502/2427/993 1500/2428/991 1498/2429/989 1496/2430/987 1494/2431/985 1492/2432/983 1490/2433/981 1488/2434/979 1486/2435/977
f 1525/2411/1018 1526/2410/1017 1528/2436/1019 1527/2437/1020
f 1527/2438/1020 1528/2439/1019 1482/2361/974 1481/2360/973
f 1481/2440/973 1483/2441/976 1485/2442/978 1487/2443/980 1489/2444/982 1491/2445/984 1493/2446/986 1495/2447/988 1497/2448/990 1499/2449/992 1501/2450/994 1503/2451/996 1505/2452/998 1507/2453/1000 1509/2454/1002 1511/2455/1004 1513/2456/1006 1515/2457/1008 1517/2458/1010 1519/2459/1012 1521/2460/1014 1523/2461/1016 1525/2462/1018 1527/2463/1020
s 0
f 1529/2464/1 1530/2465/1 1532/2466/1 1531/2467/1
f 1531/2468/1023 1532/2469/1023 1536/2470/1023 1535/2471/1023
f 1535/2472/3 1536/2473/3 1534/2474/3 1533/2475/3
f 1533/2476/1024 1534/2477/1024 1530/2478/1024 1529/2479/1024
f 1531/2480/1025 1535/2481/1025 1533/2482/1025 1529/2483/1025
f 1536/2484/1026 1532/2485/1026 1530/2486/1026 1534/2487/1026
f 1537/2488/1 1538/2489/1 1540/2490/1 1539/2491/1
f 1539/2492/2 1540/2493/2 1544/2494/2 1543/2495/2
f 1543/2496/3 1544/2497/3 1542/2498/3 1541/2499/3
f 1541/2500/4 1542/2501/4 1538/2502/4 1537/2503/4
f 1539/2504/5 1543/2505/5 1541/2506/5 1537/2507/5
f 1544/2508/6 1540/2509/6 1538/2510/6 1542/2511/6
f 1545/2512/1 1546/2513/1 1548/2514/1 1547/2515/1
f 1547/2516/1023 1548/2517/1023 1552/2518/1023 1551/2519/1023
f 1551/2520/3 1552/2521/3 1550/2522/3 1549/2523/3
f 1549/2524/1024 1550/2525/1024 1546/2526/1024 1545/2527/1024
f 1547/2528/1025 1551/2529/1025 1549/2530/1025 1545/2531/1025
f 1552/2532/1026 1548/2533/1026 1546/2534/1026 1550/2535/1026
f 1553/2536/1 1554/2537/1 1556/2538/1 1555/2539/1
f 1555/2540/2 1556/2541/2 1560/2542/2 1559/2543/2
f 1559/2544/3 1560/2545/3 1558/2546/3 1557/2547/3
f 1557/2548/4 1558/2549/4 1554/2550/4 1553/2551/4
f 1555/2552/5 1559/2553/5 1557/2554/5 1553/2555/5
f 1560/2556/6 1556/2557/6 1554/2558/6 1558/2559/6
f 1561/2560/1 1562/2561/1 1564/2562/1 1563/2563/1
f 1563/2564/1023 1564/2565/1023 1568/2566/1023 1567/2567/1023
f 1567/2568/3 1568/2569/3 1566/2570/3 1565/2571/3
f 1565/2572/1024 1566/2573/1024 1562/2574/1024 1561/2575/1024
f 1563/2576/1025 1567/2577/1025 1565/2578/1025 1561/2579/1025
f 1568/2580/1026 1564/2581/1026 1562/2582/1026 1566/2583/1026
f 1569/2584/1 1570/2585/1 1572/2586/1 1571/2587/1
f 1571/2588/2 1572/2589/2 1576/2590/2 1575/2591/2
f 1575/2592/3 1576/2593/3 1574/2594/3 1573/2595/3
f 1573/2596/4 1574/2597/4 1570/2598/4 1569/2599/4
f 1571/2600/5 1575/2601/5 1573/2602/5 1569/2603/5
f 1576/2604/6 1572/2605/6 1570/2606/6 1574/2607/6
f 1577/2608/1 1578/2609/1 1580/2610/1 1579/2611/1
f 1579/2612/1023 1580/2613/1023 1584/2614/1023 1583/2615/1023
f 1583/2616/3 1584/2617/3 1582/2618/3 1581/2619/3
f 1581/2620/1024 1582/2621/1024 1578/2622/1024 1577/2623/1024
f 1579/2624/1025 1583/2625/1025 1581/2626/1025 1577/2627/1025
f 1584/2628/1026 1580/2629/1026 1578/2630/1026 1582/2631/1026
f 1585/2632/1 1586/2633/1 1588/2634/1 1587/2635/1
f 1587/2636/2 1588/2637/2 1592/2638/2 1591/2639/2
f 1591/2640/3 1592/2641/3 1590/2642/3 1589/2643/3
f 1589/2644/4 1590/2645/4 1586/2646/4 1585/2647/4
f 1587/2648/5 1591/2649/5 1589/2650/5 1585/2651/5
f 1592/2652/6 1588/2653/6 1586/2654/6 1590/2655/6
f 1593/2656/1 1594/2657/1 1596/2658/1 1595/2659/1
f 1595/2660/1023 1596/2661/1023 1600/2662/1023 1599/2663/1023
f 1599/2664/3 1600/2665/3 1598/2666/3 1597/2667/3
f 1597/2668/1024 1598/2669/1024 1594/2670/1024 1593/2671/1024
f 1595/2672/1025 1599/2673/1025 1597/2674/1025 1593/2675/1025
f 1600/2676/1026 1596/2677/1026 1594/2678/1026 1598/2679/1026
f 1601/2680/1 1602/2681/1 1604/2682/1 1603/2683/1
f 1603/2684/2 1604/2685/2 1608/2686/2 1607/2687/2
f 1607/2688/3 1608/2689/3 1606/2690/3 1605/2691/3
f 1605/2692/4 1606/2693/4 1602/2694/4 1601/2695/4
f 1603/2696/5 1607/2697/5 1605/2698/5 1601/2699/5
f 1608/2700/6 1604/2701/6 1602/2702/6 1606/2703/6
f 1609/2704/1 1610/2705/1 1612/2706/1 1611/2707/1
f 1611/2708/1023 1612/2709/1023 1616/2710/1023 1615/2711/1023
f 1615/2712/3 1616/2713/3 1614/2714/3 1613/2715/3
f 1613/2716/1024 1614/2717/1024 1610/2718/1024 1609/2719/1024
f 1611/2720/1025 1615/2721/1025 1613/2722/1025 1609/2723/1025
f 1616/2724/1026 1612/2725/1026 1610/2726/1026 1614/2727/1026
f 1617/2728/1 1618/2729/1 1620/2730/1 1619/2731/1
f 1619/2732/2 1620/2733/2 1624/2734/2 1623/2735/2
f 1623/2736/3 1624/2737/3 1622/2738/3 1621/2739/3
f 1621/2740/4 1622/2741/4 1618/2742/4 1617/2743/4
f 1619/2744/5 1623/2745/5 1621/2746/5 1617/2747/5
f 1624/2748/6 1620/2749/6 1618/2750/6 1622/2751/6
f 1625/2752/1 1626/2753/1 1628/2754/1 1627/2755/1
f 1627/2756/1023 1628/2757/1023 1632/2758/1023 1631/2759/1023
f 1631/2760/3 1632/2761/3 1630/2762/3 1629/2763/3
f 1629/2764/1024 1630/2765/1024 1626/2766/1024 1625/2767/1024
f 1627/2768/1025 1631/2769/1025 1629/2770/1025 1625/2771/1025
f 1632/2772/1026 1628/2773/1026 1626/2774/1026 1630/2775/1026
f 1633/2776/1 1634/2777/1 1636/2778/1 1635/2779/1
f 1635/2780/2 1636/2781/2 1640/2782/2 1639/2783/2
f 1639/2784/3 1640/2785/3 1638/2786/3 1637/2787/3
f 1637/2788/4 1638/2789/4 1634/2790/4 1633/2791/4
f 1635/2792/5 1639/2793/5 1637/2794/5 1633/2795/5
f 1640/2796/6 1636/2797/6 1634/2798/6 1638/2799/6
f 1641/2800/1 1642/2801/1 1644/2802/1 1643/2803/1
f 1643/2804/1023 1644/2805/1023 1648/2806/1023 1647/2807/1023
f 1647/2808/3 1648/2809/3 1646/2810/3 1645/2811/3
f 1645/2812/1024 1646/2813/1024 1642/2814/1024 1641/2815/1024
f 1643/2816/1025 1647/2817/1025 1645/2818/1025 1641/2819/1025
f 1648/2820/1026 1644/2821/1026 1642/2822/1026 1646/2823/1026
f 1649/2824/1 1650/2825/1 1652/2826/1 1651/2827/1
f 1651/2828/2 1652/2829/2 1656/2830/2 1655/2831/2
f 1655/2832/3 1656/2833/3 1654/2834/3 1653/2835/3
f 1653/2836/4 1654/2837/4 1650/2838/4 1649/2839/4
f 1651/2840/5 1655/2841/5 1653/2842/5 1649/2843/5
f 1656/2844/6 1652/2845/6 1650/2846/6 1654/2847/6
f 1657/2848/1 1658/2849/1 1660/2850/1 1659/2851/1
f 1659/2852/1023 1660/2853/1023 1664/2854/1023 1663/2855/1023
f 1663/2856/3 1664/2857/3 1662/2858/3 1661/2859/3
f 1661/2860/1024 1662/2861/1024 1658/2862/1024 1657/2863/1024
f 1659/2864/1025 1663/2865/1025 1661/2866/1025 1657/2867/1025
f 1664/2868/1026 1660/2869/1026 1658/2870/1026 1662/2871/1026
f 1665/2872/1 1666/2873/1 1668/2874/1 1667/2875/1
f 1667/2876/2 1668/2877/2 1672/2878/2 1671/2879/2
f 1671/2880/3 1672/2881/3 1670/2882/3 1669/2883/3
f 1669/2884/4 1670/2885/4 1666/2886/4 1665/2887/4
f 1667/2888/5 1671/2889/5 1669/2890/5 1665/2891/5
f 1672/2892/6 1668/2893/6 1666/2894/6 1670/2895/6
f 1673/2896/1 1674/2897/1 1676/2898/1 1675/2899/1
f 1675/2900/1023 1676/2901/1023 1680/2902/1023 1679/2903/1023
f 1679/2904/3 1680/2905/3 1678/2906/3 1677/2907/3
f 1677/2908/1024 1678/2909/1024 1674/2910/1024 1673/2911/1024
f 1675/2912/1025 1679/2913/1025 1677/2914/1025 1673/2915/1025
f 1680/2916/1026 1676/2917/1026 1674/2918/1026 1678/2919/1026
f 1681/2920/1 1682/2921/1 1684/2922/1 1683/2923/1
f 1683/2924/2 1684/2925/2 1688/2926/2 1687/2927/2
f 1687/2928/3 1688/2929/3 1686/2930/3 1685/2931/3
f 1685/2932/4 1686/2933/4 1682/2934/4 1681/2935/4
f 1683/2936/5 1687/2937/5 1685/2938/5 1681/2939/5
f 1688/2940/6 1684/2941/6 1682/2942/6 1686/2943/6
f 1689/2944/1 1690/2945/1 1692/2946/1 1691/2947/1
f 1691/2948/2 1692/2949/2 1696/2950/2 1695/2951/2
f 1695/2952/3 1696/2953/3 1694/2954/3 1693/2955/3
f 1693/2956/4 1694/2957/4 1690/2958/4 1689/2959/4
f 1691/2960/5 1695/2961/5 1693/2962/5 1689/2963/5
f 1696/2964/6 1692/2965/6 1690/2966/6 1694/2967/6
f 1697/2968/1 1698/2969/1 1700/2970/1 1699/2971/1
f 1699/2972/2 1700/2973/2 1704/2974/2 1703/2975/2
f 1703/2976/3 1704/2977/3 1702/2978/3 1701/2979/3
f 1701/2980/4 1702/2981/4 1698/2982/4 1697/2983/4
f 1699/2984/5 1703/2985/5 1701/2986/5 1697/2987/5
f 1704/2988/6 1700/2989/6 1698/2990/6 1702/2991/6
f 1705/2992/1 1706/2993/1 1708/2994/1 1707/2995/1
f 1707/2996/2 1708/2997/2 1712/2998/2 1711/2999/2
f 1711/3000/3 1712/3001/3 1710/3002/3 1709/3003/3
f 1709/3004/4 1710/3005/4 1706/3006/4 1705/3007/4
f 1707/3008/5 1711/3009/5 1709/3010/5 1705/3011/5
f 1712/3012/6 1708/3013/6 1706/3014/6 1710/3015/6
f 1713/3016/1 1714/3017/1 1716/3018/1 1715/3019/1
f 1715/3020/2 1716/3021/2 1720/3022/2 1719/3023/2
f 1719/3024/3 1720/3025/3 1718/3026/3 1717/3027/3
f 1717/3028/4 1718/3029/4 1714/3030/4 1713/3031/4
f 1715/3032/5 1719/3033/5 1717/3034/5 1713/3035/5
f 1720/3036/6 1716/3037/6 1714/3038/6 1718/3039/6
f 1721/3040/1 1722/3041/1 1724/3042/1 1723/3043/1
f 1723/3044/2 1724/3045/2 1728/3046/2 1727/3047/2
f 1727/3048/3 1728/3049/3 1726/3050/3 1725/3051/3
f 1725/3052/4 1726/3053/4 1722/3054/4 1721/3055/4
f 1723/3056/5 1727/3057/5 1725/3058/5 1721/3059/5
f 1728/3060/6 1724/3061/6 1722/3062/6 1726/3063/6
f 1729/3064/1 1730/3065/1 1732/3066/1 1731/3067/1
f 1731/3068/2 1732/3069/2 1736/3070/2 1735/3071/2
f 1735/3072/3 1736/3073/3 1734/3074/3 1733/3075/3
f 1733/3076/4 1734/3077/4 1730/3078/4 1729/3079/4
f 1731/3080/5 1735/3081/5 1733/3082/5 1729/3083/5
f 1736/3084/6 1732/3085/6 1730/3086/6 1734/3087/6
f 1737/3088/1 1738/3089/1 1740/3090/1 1739/3091/1
f 1739/3092/2 1740/3093/2 1744/3094/2 1743/3095/2
f 1743/3096/3 1744/3097/3 1742/3098/3 1741/3099/3
f 1741/3100/4 1742/3101/4 1738/3102/4 1737/3103/4
f 1739/3104/5 1743/3105/5 1741/3106/5 1737/3107/5
f 1744/3108/6 1740/3109/6 1738/3110/6 1742/3111/6
f 1745/3112/1 1746/3113/1 1748/3114/1 1747/3115/1
f 1747/3116/2 1748/3117/2 1752/3118/2 1751/3119/2
f 1751/3120/3 1752/3121/3 1750/3122/3 1749/3123/3
f 1749/3124/4 1750/3125/4 1746/3126/4 1745/3127/4
f 1747/3128/5 1751/3129/5 1749/3130/5 1745/3131/5
f 1752/3132/6 1748/3133/6 1746/3134/6 1750/3135/6
f 1753/3136/1 1754/3137/1 1756/3138/1 1755/3139/1
f 1755/3140/2 1756/3141/2 1760/3142/2 1759/3143/2
f 1759/3144/3 1760/3145/3 1758/3146/3 1757/3147/3
f 1757/3148/4 1758/3149/4 1754/3150/4 1753/3151/4
f 1755/3152/5 1759/3153/5 1757/3154/5 1753/3155/5
f 1760/3156/6 1756/3157/6 1754/3158/6 1758/3159/6
f 1761/3160/1 1762/3161/1 1764/3162/1 1763/3163/1
f 1763/3164/2 1764/3165/2 1768/3166/2 1767/3167/2
f 1767/3168/3 1768/3169/3 1766/3170/3 1765/3171/3
f 1765/3172/4 1766/3173/4 1762/3174/4 1761/3175/4
f 1763/3176/5 1767/3177/5 1765/3178/5 1761/3179/5
f 1768/3180/6 1764/3181/6 1762/3182/6 1766/3183/6
f 1769/3184/1 1770/3185/1 1772/3186/1 1771/3187/1
f 1771/3188/2 1772/3189/2 1776/3190/2 1775/3191/2
f 1775/3192/3 1776/3193/3 1774/3194/3 1773/3195/3
f 1773/3196/4 1774/3197/4 1770/3198/4 1769/3199/4
f 1771/3200/5 1775/3201/5 1773/3202/5 1769/3203/5
f 1776/3204/6 1772/3205/6 1770/3206/6 1774/3207/6
f 1777/3208/1 1778/3209/1 1780/3210/1 1779/3211/1
f 1779/3212/2 1780/3213/2 1784/3214/2 1783/3215/2
f 1783/3216/3 1784/3217/3 1782/3218/3 1781/3219/3
f 1781/3220/4 1782/3221/4 1778/3222/4 1777/3223/4
f 1779/3224/5 1783/3225/5 1781/3226/5 1777/3227/5
f 1784/3228/6 1780/3229/6 1778/3230/6 1782/3231/6
f 1785/3232/1 1786/3233/1 1788/3234/1 1787/3235/1
f 1787/3236/2 1788/3237/2 1792/3238/2 1791/3239/2
f 1791/3240/3 1792/3241/3 1790/3242/3 1789/3243/3
f 1789/3244/4 1790/3245/4 1786/3246/4 1785/3247/4
f 1787/3248/5 1791/3249/5 1789/3250/5 1785/3251/5
f 1792/3252/6 1788/3253/6 1786/3254/6 1790/3255/6
f 1793/3256/1 1794/3257/1 1796/3258/1 1795/3259/1
f 1795/3260/2 1796/3261/2 1800/3262/2 1799/3263/2
f 1799/3264/3 1800/3265/3 1798/3266/3 1797/3267/3
f 1797/3268/4 1798/3269/4 1794/3270/4 1793/3271/4
f 1795/3272/5 1799/3273/5 1797/3274/5 1793/3275/5
f 1800/3276/6 1796/3277/6 1794/3278/6 1798/3279/6
f 1801/3280/1 1802/3281/1 1804/3282/1 1803/3283/1
f 1803/3284/2 1804/3285/2 1808/3286/2 1807/3287/2
f 1807/3288/3 1808/3289/3 1806/3290/3 1805/3291/3
f 1805/3292/4 1806/3293/4 1802/3294/4 1801/3295/4
f 1803/3296/5 1807/3297/5 1805/3298/5 1801/3299/5
f 1808/3300/6 1804/3301/6 1802/3302/6 1806/3303/6
f 1809/3304/1 1810/3305/1 1812/3306/1 1811/3307/1
f 1811/3308/2 1812/3309/2 1816/3310/2 1815/3311/2
f 1815/3312/3 1816/3313/3 1814/3314/3 1813/3315/3
f 1813/3316/4 1814/3317/4 1810/3318/4 1809/3319/4
f 1811/3320/5 1815/3321/5 1813/3322/5 1809/3323/5
f 1816/3324/6 1812/3325/6 1810/3326/6 1814/3327/6
f 1817/3328/1 1818/3329/1 1820/3330/1 1819/3331/1
f 1819/3332/2 1820/3333/2 1824/3334/2 1823/3335/2
f 1823/3336/3 1824/3337/3 1822/3338/3 1821/3339/3
f 1821/3340/4 1822/3341/4 1818/3342/4 1817/3343/4
f 1819/3344/5 1823/3345/5 1821/3346/5 1817/3347/5
f 1824/3348/6 1820/3349/6 1818/3350/6 1822/3351/6
f 1825/3352/1 1826/3353/1 1828/3354/1 1827/3355/1
f 1827/3356/2 1828/3357/2 1832/3358/2 1831/3359/2
f 1831/3360/3 1832/3361/3 1830/3362/3 1829/3363/3
f 1829/3364/4 1830/3365/4 1826/3366/4 1825/3367/4
f 1827/3368/5 1831/3369/5 1829/3370/5 1825/3371/5
f 1832/3372/6 1828/3373/6 1826/3374/6 1830/3375/6
f 1833/3376/1 1834/3377/1 1836/3378/1 1835/3379/1
f 1835/3380/2 1836/3381/2 1840/3382/2 1839/3383/2
f 1839/3384/3 1840/3385/3 1838/3386/3 1837/3387/3
f 1837/3388/4 1838/3389/4 1834/3390/4 1833/3391/4
f 1835/3392/5 1839/3393/5 1837/3394/5 1833/3395/5
f 1840/3396/6 1836/3397/6 1834/3398/6 1838/3399/6
f 1841/3400/1 1842/3401/1 1844/3402/1 1843/3403/1
f 1843/3404/2 1844/3405/2 1848/3406/2 1847/3407/2
f 1847/3408/3 1848/3409/3 1846/3410/3 1845/3411/3
f 1845/3412/4 1846/3413/4 1842/3414/4 1841/3415/4
f 1843/3416/5 1847/3417/5 1845/3418/5 1841/3419/5
f 1848/3420/6 1844/3421/6 1842/3422/6 1846/3423/6
f 1849/3424/1 1850/3425/1 1852/3426/1 1851/3427/1
f 1851/3428/2 1852/3429/2 1856/3430/2 1855/3431/2
f 1855/3432/3 1856/3433/3 1854/3434/3 1853/3435/3
f 1853/3436/4 1854/3437/4 1850/3438/4 1849/3439/4
f 1851/3440/5 1855/3441/5 1853/3442/5 1849/3443/5
f 1856/3444/6 1852/3445/6 1850/3446/6 1854/3447/6
f 1857/3448/1 1858/3449/1 1860/3450/1 1859/3451/1
f 1859/3452/2 1860/3453/2 1864/3454/2 1863/3455/2
f 1863/3456/3 1864/3457/3 1862/3458/3 1861/3459/3
f 1861/3460/4 1862/3461/4 1858/3462/4 1857/3463/4
f 1859/3464/5 1863/3465/5 1861/3466/5 1857/3467/5
f 1864/3468/6 1860/3469/6 1858/3470/6 1862/3471/6
f 1865/3472/1 1866/3473/1 1868/3474/1 1867/3475/1
f 1867/3476/2 1868/3477/2 1872/3478/2 1871/3479/2
f 1871/3480/3 1872/3481/3 1870/3482/3 1869/3483/3
f 1869/3484/4 1870/3485/4 1866/3486/4 1865/3487/4
f 1867/3488/5 1871/3489/5 1869/3490/5 1865/3491/5
f 1872/3492/6 1868/3493/6 1866/3494/6 1870/3495/6
f 1873/3496/1 1874/3497/1 1876/3498/1 1875/3499/1
f 1875/3500/2 1876/3501/2 1880/3502/2 1879/3503/2
f 1879/3504/3 1880/3505/3 1878/3506/3 1877/3507/3
f 1877/3508/4 1878/3509/4 1874/3510/4 1873/3511/4
f 1875/3512/5 1879/3513/5 1877/3514/5 1873/3515/5
f 1880/3516/6 1876/3517/6 1874/3518/6 1878/3519/6
s 1
f 1881/3520/5 1893/3521/1027 1894/3522/1028 1882/3523/1029
f 1882/3523/1029 1894/3522/1028 1895/3524/1030 1883/3525/1031
f 1883/3526/1031 1895/3527/1030 1896/3528/1032 1884/3529/1033
f 1884/3529/1033 1896/3528/1032 1897/3530/1034 1885/3531/1035
f 1885/3532/1035 1897/3533/1034 1898/3534/1036 1886/3535/1037
f 1886/3535/1037 1898/3534/1036 1899/3536/1038 1887/3537/6
f 1887/3537/6 1899/3536/1038 1900/3538/1039 1888/3539/1040
f 1888/3539/1040 1900/3538/1039 1901/3540/1041 1889/3541/1042
f 1889/3542/1042 1901/3543/1041 1902/3544/1043 1890/3545/1044
f 1890/3545/1044 1902/3544/1043 1903/3546/1045 1891/3547/1046
f 1891/3547/1046 1903/3546/1045 1904/3548/1047 1892/3549/1048
f 1892/3550/1048 1904/3551/1047 1893/3521/1027 1881/3520/5
f 1893/3521/1027 1905/3552/1049 1906/3553/1050 1894/3522/1028
f 1894/3554/1028 1906/3555/1050 1907/3556/1051 1895/3527/1030
f 1895/3527/1030 1907/3556/1051 1908/3557/1052 1896/3528/1032
f 1896/3528/1032 1908/3557/1052 1909/3558/1053 1897/3530/1034
f 1897/3530/1034 1909/3558/1053 1910/3559/1054 1898/3560/1036
f 1898/3534/1036 1910/3561/1054 1911/3562/1055 1899/3536/1038
f 1899/3536/1038 1911/3562/1055 1912/3563/1056 1900/3538/1039
f 1900/3538/1039 1912/3563/1056 1913/3564/1057 1901/3540/1041
f 1901/3543/1041 1913/3565/1057 1914/3566/1058 1902/3544/1043
f 1902/3544/1043 1914/3566/1058 1915/3567/1059 1903/3546/1045
f 1903/3546/1045 1915/3567/1059 1916/3568/1060 1904/3548/1047
f 1904/3551/1047 1916/3569/1060 1905/3552/1049 1893/3521/1027
f 1905/3552/1049 1917/3570/1061 1918/3571/1062 1906/3553/1050
f 1906/3555/1050 1918/3572/1062 1919/3573/1063 1907/3556/1051
f 1907/3556/1051 1919/3573/1063 1920/3574/1064 1908/3557/1052
f 1908/3557/1052 1920/3574/1064 1921/3575/1065 1909/3558/1053
f 1909/3558/1053 1921/3575/1065 1922/3576/1066 1910/3559/1054
f 1910/3561/1054 1922/3577/1066 1923/3578/1067 1911/3562/1055
f 1911/3562/1055 1923/3578/1067 1924/3579/1068 1912/3563/1056
f 1912/3580/1056 1924/3581/1068 1925/3582/1069 1913/3565/1057
f 1913/3565/1057 1925/3582/1069 1926/3583/1070 1914/3566/1058
f 1914/3566/1058 1926/3583/1070 1927/3584/1071 1915/3567/1059
f 1915/3567/1059 1927/3584/1071 1928/3585/1072 1916/3568/1060
f 1916/3569/1060 1928/3586/1072 1917/3570/1061 1905/3552/1049
f 1917/3570/1061 1929/3587/1073 1930/3588/1074 1918/3571/1062
f 1918/3572/1062 1930/3589/1074 1931/3590/1075 1919/3573/1063
f 1919/3573/1063 1931/3590/1075 1932/3591/1076 1920/3574/1064
f 1920/3574/1064 1932/3591/1076 1933/3592/1077 1921/3575/1065
f 1921/3575/1065 1933/3592/1077 1934/3593/1078 1922/3576/1066
f 1922/3577/1066 1934/3594/1078 1935/3595/1079 1923/3578/1067
f 1923/3578/1067 1935/3595/1079 1936/3596/1080 1924/3579/1068
f 1924/3581/1068 1936/3597/1080 1937/3598/1081 1925/3582/1069
f 1925/3582/1069 1937/3598/1081 1938/3599/1082 1926/3583/1070
f 1926/3583/1070 1938/3599/1082 1939/3600/1083 1927/3584/1071
f 1927/3584/1071 1939/3600/1083 1940/3601/1084 1928/3585/1072
f 1928/3586/1072 1940/3602/1084 1929/3587/1073 1917/3570/1061
f 1929/3587/1073 1941/3603/1085 1942/3604/1086 1930/3588/1074
f 1930/3589/1074 1942/3605/1086 1943/3606/1087 1931/3590/1075
f 1931/3590/1075 1943/3606/1087 1944/3607/1088 1932/3591/1076
f 1932/3591/1076 1944/3607/1088 1945/3608/1089 1933/3592/1077
f 1933/3592/1077 1945/3608/1089 1946/3609/1090 1934/3593/1078
f 1934/3594/1078 1946/3610/1090 1947/3611/1091 1935/3595/1079
f 1935/3595/1079 1947/3611/1091 1948/3612/1092 1936/3596/1080
f 1936/3597/1080 1948/3613/1092 1949/3614/1093 1937/3598/1081
f 1937/3598/1081 1949/3614/1093 1950/3615/1094 1938/3599/1082
f 1938/3599/1082 1950/3615/1094 1951/3616/1095 1939/3600/1083
f 1939/3600/1083 1951/3616/1095 1952/3617/1096 1940/3601/1084
f 1940/3602/1084 1952/3618/1096 1941/3603/1085 1929/3587/1073
f 1941/3603/1085 1953/3619/1097 1954/3620/1098 1942/3604/1086
f 1942/3605/1086 1954/3621/1098 1955/3622/1099 1943/3606/1087
f 1943/3606/1087 1955/3622/1099 1956/3623/1100 1944/3607/1088
f 1944/3607/1088 1956/3623/1100 1957/3624/1101 1945/3608/1089
f 1945/3608/1089 1957/3624/1101 1958/3625/1102 1946/3609/1090
f 1946/3610/1090 1958/3626/1102 1959/3627/1103 1947/3611/1091
f 1947/3611/1091 1959/3627/1103 1960/3628/1104 1948/3612/1092
f 1948/3613/1092 1960/3629/1104 1961/3630/1105 1949/3614/1093
f 1949/3614/1093 1961/3630/1105 1962/3631/1106 1950/3615/1094
f 1950/3615/1094 1962/3631/1106 1963/3632/1107 1951/3616/1095
f 1951/3616/1095 1963/3632/1107 1964/3633/1108 1952/3617/1096
f 1952/3618/1096 1964/3634/1108 1953/3619/1097 1941/3603/1085
f 1953/3635/1097 1965/3636/1109 1966/3637/1110 1954/3638/1098
f 1954/3621/1098 1966/3639/1110 1967/3640/1111 1955/3622/1099
f 1955/3622/1099 1967/3640/1111 1968/3641/1112 1956/3623/1100
f 1956/3623/1100 1968/3641/1112 1969/3642/1113 1957/3624/1101
f 1957/3624/1101 1969/3642/1113 1970/3643/1114 1958/3625/1102
f 1958/3644/1102 1970/3645/1114 1971/3646/1115 1959/3647/1103
f 1959/3647/1103 1971/3646/1115 1972/3648/1116 1960/3649/1104
f 1960/3629/1104 1972/3650/1116 1973/3651/1117 1961/3630/1105
f 1961/3630/1105 1973/3651/1117 1974/3652/1118 1962/3631/1106
f 1962/3631/1106 1974/3652/1118 1975/3653/1119 1963/3632/1107
f 1963/3632/1107 1975/3653/1119 1976/3654/1120 1964/3633/1108
f 1964/3655/1108 1976/3656/1120 1965/3636/1109 1953/3635/1097
f 1965/3636/1109 1977/3657/1121 1978/3658/1122 1966/3637/1110
f 1966/3639/1110 1978/3659/1122 1979/3660/1123 1967/3640/1111
f 1967/3640/1111 1979/3660/1123 1980/3661/1124 1968/3641/1112
f 1968/3641/1112 1980/3661/1124 1981/3662/1125 1969/3642/1113
f 1969/3642/1113 1981/3662/1125 1982/3663/1126 1970/3643/1114
f 1970/3645/1114 1982/3664/1126 1983/3665/1127 1971/3646/1115
f 1971/3646/1115 1983/3665/1127 1984/3666/1128 1972/3648/1116
f 1972/3650/1116 1984/3667/1128 1985/3668/1129 1973/3651/1117
f 1973/3651/1117 1985/3668/1129 1986/3669/1130 1974/3652/1118
f 1974/3652/1118 1986/3669/1130 1987/3670/1131 1975/3653/1119
f 1975/3653/1119 1987/3670/1131 1988/3671/1132 1976/3654/1120
f 1976/3656/1120 1988/3672/1132 1977/3657/1121 1965/3636/1109
f 1977/3657/1121 1989/3673/1133 1990/3674/1134 1978/3658/1122
f 1978/3659/1122 1990/3675/1134 1991/3676/1135 1979/3660/1123
f 1979/3660/1123 1991/3676/1135 1992/3677/1136 1980/3661/1124
f 1980/3661/1124 1992/3677/1136 1993/3678/1137 1981/3662/1125
f 1981/3662/1125 1993/3678/1137 1994/3679/1138 1982/3663/1126
f 1982/3664/1126 1994/3680/1138 1995/3681/1139 1983/3665/1127
f 1983/3665/1127 1995/3681/1139 1996/3682/1140 1984/3666/1128
f 1984/3667/1128 1996/3683/1140 1997/3684/1141 1985/3668/1129
f 1985/3668/1129 1997/3684/1141 1998/3685/1142 1986/3669/1130
f 1986/3669/1130 1998/3685/1142 1999/3686/1143 1987/3670/1131
f 1987/3670/1131 1999/3686/1143 2000/3687/1144 1988/3671/1132
f 1988/3672/1132 2000/3688/1144 1989/3673/1133 1977/3657/1121
f 1989/3673/1133 2001/3689/1145 2002/3690/1146 1990/3674/1134
f 1990/3674/1134 2002/3690/1146 2003/3691/1147 1991/3692/1135
f 1991/3676/1135 2003/3693/1147 2004/3694/1148 1992/3677/1136
f 1992/3677/1136 2004/3694/1148 2005/3695/1149 1993/3678/1137
f 1993/3678/1137 2005/3695/1149 2006/3696/1150 1994/3679/1138
f 1994/3680/1138 2006/3697/1150 2007/3698/1151 1995/3681/1139
f 1995/3681/1139 2007/3698/1151 2008/3699/1152 1996/3682/1140
f 1996/3682/1140 2008/3699/1152 2009/3700/1153 1997/3701/1141
f 1997/3684/1141 2009/3702/1153 2010/3703/1154 1998/3685/1142
f 1998/3685/1142 2010/3703/1154 2011/3704/1155 1999/3686/1143
f 1999/3686/1143 2011/3704/1155 2012/3705/1156 2000/3687/1144
f 2000/3688/1144 2012/3706/1156 2001/3689/1145 1989/3673/1133
f 2001/3689/1145 2013/3707/1157 2014/3708/1158 2002/3690/1146
f 2002/3690/1146 2014/3708/1158 2015/3709/1159 2003/3691/1147
f 2003/3693/1147 2015/3710/1159 2016/3711/1160 2004/3694/1148
f 2004/3694/1148 2016/3711/1160 2017/3712/1161 2005/3695/1149
f 2005/3695/1149 2017/3712/1161 2018/3713/1162 2006/3696/1150
f 2006/3697/1150 2018/3714/1162 2019/3715/1163 2007/3698/1151
f 2007/3698/1151 2019/3715/1163 2020/3716/1164 2008/3699/1152
f 2008/3699/1152 2020/3716/1164 2021/3717/1165 2009/3700/1153
f 2009/3702/1153 2021/3718/1165 2022/3719/1166 2010/3703/1154
f 2010/3703/1154 2022/3719/1166 2023/3720/1167 2011/3704/1155
f 2011/3704/1155 2023/3720/1167 2024/3721/1168 2012/3705/1156
f 2012/3706/1156 2024/3722/1168 2013/3707/1157 2001/3689/1145
f 2013/3707/1157 2025/3723/2 2026/3724/1169 2014/3708/1158
f 2014/3708/1158 2026/3724/1169 2027/3725/1170 2015/3709/1159
f 2015/3710/1159 2027/3726/1170 2028/3727/1171 2016/3711/1160
f 2016/3711/1160 2028/3727/1171 2029/3728/1172 2017/3712/1161
f 2017/3712/1161 2029/3728/1172 2030/3729/1173 2018/3713/1162
f 2018/3714/1162 2030/3730/1173 2031/3731/4 2019/3715/1163
f 2019/3715/1163 2031/3731/4 2032/3732/1174 2020/3716/1164
f 2020/3716/1164 2032/3732/1174 2033/3733/1175 2021/3717/1165
f 2021/3718/1165 2033/3734/1175 2034/3735/1176 2022/3719/1166
f 2022/3719/1166 2034/3735/1176 2035/3736/1177 2023/3720/1167
f 2023/3720/1167 2035/3736/1177 2036/3737/1178 2024/3721/1168
f 2024/3722/1168 2036/3738/1178 2025/3723/2 2013/3707/1157
f 2025/3723/2 2037/3739/1179 2038/3740/1180 2026/3724/1169
f 2026/3724/1169 2038/3740/1180 2039/3741/1181 2027/3725/1170
f 2027/3726/1170 2039/3742/1181 2040/3743/1182 2028/3727/1171
f 2028/3727/1171 2040/3743/1182 2041/3744/1183 2029/3728/1172
f 2029/3728/1172 2041/3744/1183 2042/3745/1184 2030/3729/1173
f 2030/3730/1173 2042/3746/1184 2043/3747/1185 2031/3731/4
f 2031/3731/4 2043/3747/1185 2044/3748/1186 2032/3732/1174
f 2032/3732/1174 2044/3748/1186 2045/3749/1187 2033/3733/1175
f 2033/3734/1175 2045/3750/1187 2046/3751/1188 2034/3735/1176
f 2034/3735/1176 2046/3751/1188 2047/3752/1189 2035/3736/1177
f 2035/3736/1177 2047/3752/1189 2048/3753/1190 2036/3737/1178
f 2036/3738/1178 2048/3754/1190 2037/3739/1179 2025/3723/2
f 2037/3739/1179 2049/3755/1191 2050/3756/1192 2038/3740/1180
f 2038/3740/1180 2050/3756/1192 2051/3757/1193 2039/3741/1181
f 2039/3742/1181 2051/3758/1193 2052/3759/1194 2040/3743/1182
f 2040/3743/1182 2052/3759/1194 2053/3760/1195 2041/3744/1183
f 2041/3744/1183 2053/3760/1195 2054/3761/1196 2042/3745/1184
f 2042/3746/1184 2054/3762/1196 2055/3763/1197 2043/3747/1185
f 2043/3747/1185 2055/3763/1197 2056/3764/1198 2044/3748/1186
f 2044/3748/1186 2056/3764/1198 2057/3765/1199 2045/3749/1187
f 2045/3750/1187 2057/3766/1199 2058/3767/1200 2046/3751/1188
f 2046/3751/1188 2058/3767/1200 2059/3768/1201 2047/3752/1189
f 2047/3752/1189 2059/3768/1201 2060/3769/1202 2048/3753/1190
f 2048/3754/1190 2060/3770/1202 2049/3755/1191 2037/3739/1179
f 2049/3755/1191 2061/3771/1203 2062/3772/1204 2050/3756/1192
f 2050/3756/1192 2062/3772/1204 2063/3773/1205 2051/3757/1193
f 2051/3758/1193 2063/3774/1205 2064/3775/1206 2052/3759/1194
f 2052/3759/1194 2064/3775/1206 2065/3776/1207 2053/3760/1195
f 2053/3760/1195 2065/3776/1207 2066/3777/1208 2054/3761/1196
f 2054/3762/1196 2066/3778/1208 2067/3779/1209 2055/3763/1197
f 2055/3763/1197 2067/3779/1209 2068/3780/1210 2056/3764/1198
f 2056/3764/1198 2068/3780/1210 2069/3781/1211 2057/3765/1199
f 2057/3766/1199 2069/3782/1211 2070/3783/1212 2058/3767/1200
f 2058/3767/1200 2070/3783/1212 2071/3784/1213 2059/3768/1201
f 2059/3768/1201 2071/3784/1213 2072/3785/1214 2060/3769/1202
f 2060/3770/1202 2072/3786/1214 2061/3771/1203 2049/3755/1191
f 2061/3771/1203 2073/3787/1215 2074/3788/1216 2062/3772/1204
f 2062/3789/1204 2074/3790/1216 2075/3791/1217 2063/3774/1205
f 2063/3774/1205 2075/3791/1217 2076/3792/1218 2064/3775/1206
f 2064/3775/1206 2076/3792/1218 2077/3793/1219 2065/3776/1207
f 2065/3776/1207 2077/3793/1219 2078/3794/1220 2066/3777/1208
f 2066/3778/1208 2078/3795/1220 2079/3796/1221 2067/3779/1209
f 2067/3779/1209 2079/3796/1221 2080/3797/1222 2068/3780/1210
f 2068/3798/1210 2080/3799/1222 2081/3800/1223 2069/3782/1211
f 2069/3782/1211 2081/3800/1223 2082/3801/1224 2070/3783/1212
f 2070/3783/1212 2082/3801/1224 2083/3802/1225 2071/3784/1213
f 2071/3784/1213 2083/3802/1225 2084/3803/1226 2072/3785/1214
f 2072/3786/1214 2084/3804/1226 2073/3787/1215 2061/3771/1203
f 2073/3787/1215 2085/3805/1227 2086/3806/1228 2074/3788/1216
f 2074/3790/1216 2086/3807/1228 2087/3808/1229 2075/3791/1217
f 2075/3791/1217 2087/3808/1229 2088/3809/1230 2076/3792/1218
f 2076/3792/1218 2088/3809/1230 2089/3810/1231 2077/3793/1219
f 2077/3793/1219 2089/3810/1231 2090/3811/1232 2078/3794/1220
f 2078/3795/1220 2090/3812/1232 2091/3813/1233 2079/3796/1221
f 2079/3796/1221 2091/3813/1233 2092/3814/1234 2080/3797/1222
f 2080/3799/1222 2092/3815/1234 2093/3816/1235 2081/3800/1223
f 2081/3800/1223 2093/3816/1235 2094/3817/1236 2082/3801/1224
f 2082/3801/1224 2094/3817/1236 2095/3818/1237 2083/3802/1225
f 2083/3802/1225 2095/3818/1237 2096/3819/1238 2084/3803/1226
f 2084/3804/1226 2096/3820/1238 2085/3805/1227 2073/3787/1215
f 2085/3805/1227 2097/3821/1239 2098/3822/1240 2086/3806/1228
f 2086/3807/1228 2098/3823/1240 2099/3824/1241 2087/3808/1229
f 2087/3808/1229 2099/3824/1241 2100/3825/1242 2088/3809/1230
f 2088/3809/1230 2100/3825/1242 2101/3826/1243 2089/3810/1231
f 2089/3810/1231 2101/3826/1243 2102/3827/1244 2090/3811/1232
f 2090/3812/1232 2102/3828/1244 2103/3829/1245 2091/3813/1233
f 2091/3813/1233 2103/3829/1245 2104/3830/1246 2092/3814/1234
f 2092/3815/1234 2104/3831/1246 2105/3832/1247 2093/3816/1235
f 2093/3816/1235 2105/3832/1247 2106/3833/1248 2094/3817/1236
f 2094/3817/1236 2106/3833/1248 2107/3834/1249 2095/3818/1237
f 2095/3818/1237 2107/3834/1249 2108/3835/1250 2096/3819/1238
f 2096/3820/1238 2108/3836/1250 2097/3821/1239 2085/3805/1227
f 2097/3837/1239 2109/3838/1251 2110/3839/1252 2098/3840/1240
f 2098/3823/1240 2110/3841/1252 2111/3842/1253 2099/3824/1241
f 2099/3824/1241 2111/3842/1253 2112/3843/1254 2100/3825/1242
f 2100/3825/1242 2112/3843/1254 2113/3844/1255 2101/3826/1243
f 2101/3826/1243 2113/3844/1255 2114/3845/1256 2102/3827/1244
f 2102/3846/1244 2114/3847/1256 2115/3848/1257 2103/3849/1245
f 2103/3849/1245 2115/3848/1257 2116/3850/1258 2104/3851/1246
f 2104/3831/1246 2116/3852/1258 2117/3853/1259 2105/3832/1247
f 2105/3832/1247 2117/3853/1259 2118/3854/1260 2106/3833/1248
f 2106/3833/1248 2118/3854/1260 2119/3855/1261 2107/3834/1249
f 2107/3834/1249 2119/3855/1261 2120/3856/1262 2108/3835/1250
f 2108/3857/1250 2120/3858/1262 2109/3838/1251 2097/3837/1239
f 2109/3838/1251 2121/3859/1263 2122/3860/1264 2110/3839/1252
f 2110/3841/1252 2122/3861/1264 2123/3862/1265 2111/3842/1253
f 2111/3842/1253 2123/3862/1265 2124/3863/1266 2112/3843/1254
f 2112/3843/1254 2124/3863/1266 2125/3864/1267 2113/3844/1255
f 2113/3844/1255 2125/3864/1267 2126/3865/1268 2114/3845/1256
f 2114/3847/1256 2126/3866/1268 2127/3867/1269 2115/3848/1257
f 2115/3848/1257 2127/3867/1269 2128/3868/1270 2116/3850/1258
f 2116/3852/1258 2128/3869/1270 2129/3870/1271 2117/3853/1259
f 2117/3853/1259 2129/3870/1271 2130/3871/1272 2118/3854/1260
f 2118/3854/1260 2130/3871/1272 2131/3872/1273 2119/3855/1261
f 2119/3855/1261 2131/3872/1273 2132/3873/1274 2120/3856/1262
f 2120/3858/1262 2132/3874/1274 2121/3859/1263 2109/3838/1251
f 2121/3859/1263 2133/3875/1275 2134/3876/1276 2122/3860/1264
f 2122/3861/1264 2134/3877/1276 2135/3878/1277 2123/3862/1265
f 2123/3862/1265 2135/3878/1277 2136/3879/1278 2124/3863/1266
f 2124/3863/1266 2136/3879/1278 2137/3880/1279 2125/3864/1267
f 2125/3864/1267 2137/3880/1279 2138/3881/1280 2126/3865/1268
f 2126/3866/1268 2138/3882/1280 2139/3883/1281 2127/3867/1269
f 2127/3867/1269 2139/3883/1281 2140/3884/1282 2128/3868/1270
f 2128/3869/1270 2140/3885/1282 2141/3886/1283 2129/3870/1271
f 2129/3870/1271 2141/3886/1283 2142/3887/1284 2130/3871/1272
f 2130/3871/1272 2142/3887/1284 2143/3888/1285 2131/3872/1273
f 2131/3872/1273 2143/3888/1285 2144/3889/1286 2132/3873/1274
f 2132/3874/1274 2144/3890/1286 2133/3875/1275 2121/3859/1263
f 2133/3875/1275 2145/3891/1287 2146/3892/1288 2134/3876/1276
f 2134/3877/1276 2146/3893/1288 2147/3894/1289 2135/3878/1277
f 2135/3878/1277 2147/3894/1289 2148/3895/1290 2136/3879/1278
f 2136/3879/1278 2148/3895/1290 2149/3896/1291 2137/3880/1279
f 2137/3880/1279 2149/3896/1291 2150/3897/1292 2138/3881/1280
f 2138/3882/1280 2150/3898/1292 2151/3899/1293 2139/3883/1281
f 2139/3883/1281 2151/3899/1293 2152/3900/1294 2140/3884/1282
f 2140/3885/1282 2152/3901/1294 2153/3902/1295 2141/3886/1283
f 2141/3886/1283 2153/3902/1295 2154/3903/1296 2142/3887/1284
f 2142/3887/1284 2154/3903/1296 2155/3904/1297 2143/3888/1285
f 2143/3888/1285 2155/3904/1297 2156/3905/1298 2144/3889/1286
f 2144/3890/1286 2156/3906/1298 2145/3891/1287 2133/3875/1275
f 2145/3891/1287 2157/3907/1299 2158/3908/1300 2146/3892/1288
f 2146/3893/1288 2158/3909/1300 2159/3910/1301 2147/3894/1289
f 2147/3894/1289 2159/3910/1301 2160/3911/1302 2148/3895/1290
f 2148/3895/1290 2160/3911/1302 2161/3912/1303 2149/3896/1291
f 2149/3896/1291 2161/3912/1303 2162/3913/1304 2150/3897/1292
f 2150/3898/1292 2162/3914/1304 2163/3915/1305 2151/3899/1293
f 2151/3899/1293 2163/3915/1305 2164/3916/1306 2152/3900/1294
f 2152/3901/1294 2164/3917/1306 2165/3918/1307 2153/3902/1295
f 2153/3902/1295 2165/3918/1307 2166/3919/1308 2154/3903/1296
f 2154/3903/1296 2166/3919/1308 2167/3920/1309 2155/3904/1297
f 2155/3904/1297 2167/3920/1309 2168/3921/1310 2156/3905/1298
f 2156/3906/1298 2168/3922/1310 2157/3907/1299 2145/3891/1287
f 2157/3907/1299 2169/3923/6 2170/3924/1311 2158/3908/1300
f 2158/3908/1300 2170/3924/1311 2171/3925/1312 2159/3926/1301
f 2159/3910/1301 2171/3927/1312 2172/3928/1313 2160/3911/1302
f 2160/3911/1302 2172/3928/1313 2173/3929/1314 2161/3912/1303
f 2161/3912/1303 2173/3929/1314 2174/3930/1315 2162/3913/1304
f 2162/3914/1304 2174/3931/1315 2175/3932/5 2163/3915/1305
f 2163/3915/1305 2175/3932/5 2176/3933/1316 2164/3916/1306
f 2164/3917/1306 2176/3934/1316 2177/3935/1317 2165/3918/1307
f 2165/3918/1307 2177/3935/1317 2178/3936/1318 2166/3919/1308
f 2166/3919/1308 2178/3936/1318 2179/3937/1319 2167/3920/1309
f 2167/3938/1309 2179/3939/1319 2180/3940/1320 2168/3922/1310
f 2168/3922/1310 2180/3940/1320 2169/3923/6 2157/3907/1299
f 2169/3923/6 2181/3941/1038 2182/3942/1321 2170/3924/1311
f 2170/3924/1311 2182/3942/1321 2183/3943/1322 2171/3925/1312
f 2171/3927/1312 2183/3944/1322 2184/3945/1323 2172/3928/1313
f 2172/3928/1313 2184/3945/1323 2185/3946/1324 2173/3929/1314
f 2173/3947/1314 2185/3948/1324 2186/3949/1325 2174/3931/1315
f 2174/3931/1315 2186/3949/1325 2187/3950/1027 2175/3932/5
f 2175/3932/5 2187/3950/1027 2188/3951/1326 2176/3933/1316
f 2176/3934/1316 2188/3952/1326 2189/3953/1327 2177/3935/1317
f 2177/3935/1317 2189/3953/1327 2190/3954/1328 2178/3936/1318
f 2178/3936/1318 2190/3954/1328 2191/3955/1329 2179/3937/1319
f 2179/3939/1319 2191/3956/1329 2192/3957/1330 2180/3940/1320
f 2180/3940/1320 2192/3957/1330 2181/3941/1038 2169/3923/6
f 2181/3941/1038 2193/3958/1055 2194/3959/1331 2182/3942/1321
f 2182/3960/1321 2194/3961/1331 2195/3962/1332 2183/3944/1322
f 2183/3944/1322 2195/3962/1332 2196/3963/1333 2184/3945/1323
f 2184/3945/1323 2196/3963/1333 2197/3964/1334 2185/3946/1324
f 2185/3946/1324 2197/3964/1334 2198/3965/1335 2186/3966/1325
f 2186/3949/1325 2198/3967/1335 2199/3968/1049 2187/3950/1027
f 2187/3950/1027 2199/3968/1049 2200/3969/1336 2188/3951/1326
f 2188/3952/1326 2200/3970/1336 2201/3971/1337 2189/3953/1327
f 2189/3953/1327 2201/3971/1337 2202/3972/1338 2190/3954/1328
f 2190/3954/1328 2202/3972/1338 2203/3973/1339 2191/3955/1329
f 2191/3956/1329 2203/3974/1339 2204/3975/1340 2192/3957/1330
f 2192/3957/1330 2204/3975/1340 2193/3958/1055 2181/3941/1038
f 2193/3958/1055 2205/3976/1067 2206/3977/1341 2194/3959/1331
f 2194/3961/1331 2206/3978/1341 2207/3979/1342 2195/3962/1332
f 2195/3962/1332 2207/3979/1342 2208/3980/1343 2196/3963/1333
f 2196/3963/1333 2208/3980/1343 2209/3981/1344 2197/3964/1334
f 2197/3964/1334 2209/3981/1344 2210/3982/1345 2198/3965/1335
f 2198/3967/1335 2210/3983/1345 2211/3984/1061 2199/3968/1049
f 2199/3968/1049 2211/3984/1061 2212/3985/1346 2200/3969/1336
f 2200/3970/1336 2212/3986/1346 2213/3987/1347 2201/3971/1337
f 2201/3971/1337 2213/3987/1347 2214/3988/1348 2202/3972/1338
f 2202/3972/1338 2214/3988/1348 2215/3989/1349 2203/3973/1339
f 2203/3973/1339 2215/3989/1349 2216/3990/1350 2204/3991/1340
f 2204/3975/1340 2216/3992/1350 2205/3976/1067 2193/3958/1055
f 2205/3976/1067 2217/3993/1079 2218/3994/1351 2206/3977/1341
f 2206/3978/1341 2218/3995/1351 2219/3996/1352 2207/3979/1342
f 2207/3979/1342 2219/3996/1352 2220/3997/1353 2208/3980/1343
f 2208/3980/1343 2220/3997/1353 2221/3998/1354 2209/3981/1344
f 2209/3981/1344 2221/3998/1354 2222/3999/1355 2210/3982/1345
f 2210/3983/1345 2222/4000/1355 2223/4001/1073 2211/3984/1061
f 2211/3984/1061 2223/4001/1073 2224/4002/1356 2212/3985/1346
f 2212/3986/1346 2224/4003/1356 2225/4004/1357 2213/3987/1347
f 2213/3987/1347 2225/4004/1357 2226/4005/1358 2214/3988/1348
f 2214/3988/1348 2226/4005/1358 2227/4006/1359 2215/3989/1349
f 2215/3989/1349 2227/4006/1359 2228/4007/1360 2216/3990/1350
f 2216/3992/1350 2228/4008/1360 2217/3993/1079 2205/3976/1067
f 2217/3993/1079 2229/4009/1091 2230/4010/1361 2218/3994/1351
f 2218/3995/1351 2230/4011/1361 2231/4012/1362 2219/3996/1352
f 2219/3996/1352 2231/4012/1362 2232/4013/1363 2220/3997/1353
f 2220/3997/1353 2232/4013/1363 2233/4014/1364 2221/3998/1354
f 2221/3998/1354 2233/4014/1364 2234/4015/1365 2222/3999/1355
f 2222/4000/1355 2234/4016/1365 2235/4017/1085 2223/4001/1073
f 2223/4001/1073 2235/4017/1085 2236/4018/1366 2224/4002/1356
f 2224/4003/1356 2236/4019/1366 2237/4020/1367 2225/4004/1357
f 2225/4004/1357 2237/4020/1367 2238/4021/1368 2226/4005/1358
f 2226/4005/1358 2238/4021/1368 2239/4022/1369 2227/4006/1359
f 2227/4006/1359 2239/4022/1369 2240/4023/1370 2228/4007/1360
f 2228/4008/1360 2240/4024/1370 2229/4009/1091 2217/3993/1079
f 2229/4009/1091 2241/4025/1103 2242/4026/1371 2230/4010/1361
f 2230/4011/1361 2242/4027/1371 2243/4028/1372 2231/4012/1362
f 2231/4012/1362 2243/4028/1372 2244/4029/1373 2232/4013/1363
f 2232/4013/1363 2244/4029/1373 2245/4030/1374 2233/4014/1364
f 2233/4014/1364 2245/4030/1374 2246/4031/1375 2234/4015/1365
f 2234/4016/1365 2246/4032/1375 2247/4033/1097 2235/4017/1085
f 2235/4017/1085 2247/4033/1097 2248/4034/1376 2236/4018/1366
f 2236/4019/1366 2248/4035/1376 2249/4036/1377 2237/4020/1367
f 2237/4020/1367 2249/4036/1377 2250/4037/1378 2238/4021/1368
f 2238/4021/1368 2250/4037/1378 2251/4038/1379 2239/4022/1369
f 2239/4022/1369 2251/4038/1379 2252/4039/1380 2240/4023/1370
f 2240/4024/1370 2252/4040/1380 2241/4025/1103 2229/4009/1091
f 2241/4041/1103 2253/4042/1115 2254/4043/1381 2242/4044/1371
f 2242/4027/1371 2254/4045/1381 2255/4046/1382 2243/4028/1372
f 2243/4028/1372 2255/4046/1382 2256/4047/1383 2244/4029/1373
f 2244/4029/1373 2256/4047/1383 2257/4048/1384 2245/4030/1374
f 2245/4030/1374 2257/4048/1384 2258/4049/1385 2246/4031/1375
f 2246/4050/1375 2258/4051/1385 2259/4052/1109 2247/4053/1097
f 2247/4053/1097 2259/4052/1109 2260/4054/1386 2248/4055/1376
f 2248/4035/1376 2260/4056/1386 2261/4057/1387 2249/4036/1377
f 2249/4036/1377 2261/4057/1387 2262/4058/1388 2250/4037/1378
f 2250/4037/1378 2262/4058/1388 2263/4059/1389 2251/4038/1379
f 2251/4038/1379 2263/4059/1389 2264/4060/1390 2252/4039/1380
f 2252/4061/1380 2264/4062/1390 2253/4042/1115 2241/4041/1103
f 2253/4042/1115 2265/4063/1127 2266/4064/1391 2254/4043/1381
f 2254/4045/1381 2266/4065/1391 2267/4066/1392 2255/4046/1382
f 2255/4046/1382 2267/4066/1392 2268/4067/1393 2256/4047/1383
f 2256/4047/1383 2268/4067/1393 2269/4068/1394 2257/4048/1384
f 2257/4048/1384 2269/4068/1394 2270/4069/1395 2258/4049/1385
f 2258/4051/1385 2270/4070/1395 2271/4071/1121 2259/4052/1109
f 2259/4052/1109 2271/4071/1121 2272/4072/1396 2260/4054/1386
f 2260/4056/1386 2272/4073/1396 2273/4074/1397 2261/4057/1387
f 2261/4057/1387 2273/4074/1397 2274/4075/1398 2262/4058/1388
f 2262/4058/1388 2274/4075/1398 2275/4076/1399 2263/4059/1389
f 2263/4059/1389 2275/4076/1399 2276/4077/1400 2264/4060/1390
f 2264/4062/1390 2276/4078/1400 2265/4063/1127 2253/4042/1115
f 2265/4063/1127 2277/4079/1139 2278/4080/1401 2266/4064/1391
f 2266/4065/1391 2278/4081/1401 2279/4082/1402 2267/4066/1392
f 2267/4066/1392 2279/4082/1402 2280/4083/1403 2268/4067/1393
f 2268/4067/1393 2280/4083/1403 2281/4084/1404 2269/4068/1394
f 2269/4068/1394 2281/4084/1404 2282/4085/1405 2270/4069/1395
f 2270/4070/1395 2282/4086/1405 2283/4087/1133 2271/4071/1121
f 2271/4071/1121 2283/4087/1133 2284/4088/1406 2272/4072/1396
f 2272/4073/1396 2284/4089/1406 2285/4090/1407 2273/4074/1397
f 2273/4074/1397 2285/4090/1407 2286/4091/1408 2274/4075/1398
f 2274/4075/1398 2286/4091/1408 2287/4092/1409 2275/4076/1399
f 2275/4076/1399 2287/4092/1409 2288/4093/1410 2276/4077/1400
f 2276/4078/1400 2288/4094/1410 2277/4079/1139 2265/4063/1127
f 2277/4079/1139 2289/4095/1151 2290/4096/1411 2278/4080/1401
f 2278/4081/1401 2290/4097/1411 2291/4098/1412 2279/4082/1402
f 2279/4082/1402 2291/4098/1412 2292/4099/1413 2280/4083/1403
f 2280/4083/1403 2292/4099/1413 2293/4100/1414 2281/4084/1404
f 2281/4101/1404 2293/4102/1414 2294/4103/1415 2282/4086/1405
f 2282/4086/1405 2294/4103/1415 2295/4104/1145 2283/4087/1133
f 2283/4087/1133 2295/4104/1145 2296/4105/1416 2284/4088/1406
f 2284/4089/1406 2296/4106/1416 2297/4107/1417 2285/4090/1407
f 2285/4090/1407 2297/4107/1417 2298/4108/1418 2286/4091/1408
f 2286/4091/1408 2298/4108/1418 2299/4109/1419 2287/4092/1409
f 2287/4110/1409 2299/4111/1419 2300/4112/1420 2288/4094/1410
f 2288/4094/1410 2300/4112/1420 2289/4095/1151 2277/4079/1139
f 2289/4095/1151 2301/4113/1163 2302/4114/1421 2290/4096/1411
f 2290/4097/1411 2302/4115/1421 2303/4116/1422 2291/4098/1412
f 2291/4098/1412 2303/4116/1422 2304/4117/1423 2292/4099/1413
f 2292/4099/1413 2304/4117/1423 2305/4118/1424 2293/4100/1414
f 2293/4102/1414 2305/4119/1424 2306/4120/1425 2294/4103/1415
f 2294/4103/1415 2306/4120/1425 2307/4121/1157 2295/4104/1145
f 2295/4104/1145 2307/4121/1157 2308/4122/1426 2296/4105/1416
f 2296/4106/1416 2308/4123/1426 2309/4124/1427 2297/4107/1417
f 2297/4107/1417 2309/4124/1427 2310/4125/1428 2298/4108/1418
f 2298/4108/1418 2310/4125/1428 2311/4126/1429 2299/4109/1419
f 2299/4111/1419 2311/4127/1429 2312/4128/1430 2300/4112/1420
f 2300/4112/1420 2312/4128/1430 2301/4113/1163 2289/4095/1151
f 2301/4113/1163 2313/4129/4 2314/4130/1431 2302/4114/1421
f 2302/4115/1421 2314/4131/1431 2315/4132/1432 2303/4116/1422
f 2303/4116/1422 2315/4132/1432 2316/4133/1433 2304/4117/1423
f 2304/4117/1423 2316/4133/1433 2317/4134/1434 2305/4118/1424
f 2305/4119/1424 2317/4135/1434 2318/4136/1435 2306/4120/1425
f 2306/4120/1425 2318/4136/1435 2319/4137/2 2307/4121/1157
f 2307/4121/1157 2319/4137/2 2320/4138/1436 2308/4122/1426
f 2308/4123/1426 2320/4139/1436 2321/4140/1437 2309/4124/1427
f 2309/4124/1427 2321/4140/1437 2322/4141/1438 2310/4125/1428
f 2310/4125/1428 2322/4141/1438 2323/4142/1439 2311/4126/1429
f 2311/4127/1429 2323/4143/1439 2324/4144/1440 2312/4128/1430
f 2312/4128/1430 2324/4144/1440 2313/4129/4 2301/4113/1163
f 2313/4129/4 2325/4145/1185 2326/4146/1441 2314/4130/1431
f 2314/4131/1431 2326/4147/1441 2327/4148/1442 2315/4132/1432
f 2315/4132/1432 2327/4148/1442 2328/4149/1443 2316/4133/1433
f 2316/4133/1433 2328/4149/1443 2329/4150/1444 2317/4134/1434
f 2317/4135/1434 2329/4151/1444 2330/4152/1445 2318/4136/1435
f 2318/4136/1435 2330/4152/1445 2331/4153/1179 2319/4137/2
f 2319/4137/2 2331/4153/1179 2332/4154/1446 2320/4138/1436
f 2320/4139/1436 2332/4155/1446 2333/4156/1447 2321/4140/1437
f 2321/4140/1437 2333/4156/1447 2334/4157/1448 2322/4141/1438
f 2322/4141/1438 2334/4157/1448 2335/4158/1449 2323/4142/1439
f 2323/4143/1439 2335/4159/1449 2336/4160/1450 2324/4144/1440
f 2324/4144/1440 2336/4160/1450 2325/4145/1185 2313/4129/4
f 2325/4145/1185 2337/4161/1197 2338/4162/1451 2326/4146/1441
f 2326/4147/1441 2338/4163/1451 2339/4164/1452 2327/4148/1442
f 2327/4148/1442 2339/4164/1452 2340/4165/1453 2328/4149/1443
f 2328/4149/1443 2340/4165/1453 2341/4166/1454 2329/4150/1444
f 2329/4151/1444 2341/4167/1454 2342/4168/1455 2330/4152/1445
f 2330/4152/1445 2342/4168/1455 2343/4169/1191 2331/4153/1179
f 2331/4153/1179 2343/4169/1191 2344/4170/1456 2332/4154/1446
f 2332/4155/1446 2344/4171/1456 2345/4172/1457 2333/4156/1447
f 2333/4156/1447 2345/4172/1457 2346/4173/1458 2334/4157/1448
f 2334/4157/1448 2346/4173/1458 2347/4174/1459 2335/4158/1449
f 2335/4159/1449 2347/4175/1459 2348/4176/1460 2336/4160/1450
f 2336/4160/1450 2348/4176/1460 2337/4161/1197 2325/4145/1185
f 2337/4161/1197 2349/4177/1209 2350/4178/1461 2338/4162/1451
f 2338/4163/1451 2350/4179/1461 2351/4180/1462 2339/4164/1452
f 2339/4164/1452 2351/4180/1462 2352/4181/1463 2340/4165/1453
f 2340/4165/1453 2352/4181/1463 2353/4182/1464 2341/4166/1454
f 2341/4167/1454 2353/4183/1464 2354/4184/1465 2342/4168/1455
f 2342/4168/1455 2354/4184/1465 2355/4185/1203 2343/4169/1191
f 2343/4169/1191 2355/4185/1203 2356/4186/1466 2344/4170/1456
f 2344/4171/1456 2356/4187/1466 2357/4188/1467 2345/4172/1457
f 2345/4172/1457 2357/4188/1467 2358/4189/1468 2346/4173/1458
f 2346/4173/1458 2358/4189/1468 2359/4190/1469 2347/4174/1459
f 2347/4175/1459 2359/4191/1469 2360/4192/1470 2348/4176/1460
f 2348/4176/1460 2360/4192/1470 2349/4177/1209 2337/4161/1197
f 2349/4177/1209 2361/4193/1221 2362/4194/1471 2350/4178/1461
f 2350/4179/1461 2362/4195/1471 2363/4196/1472 2351/4180/1462
f 2351/4180/1462 2363/4196/1472 2364/4197/1473 2352/4181/1463
f 2352/4181/1463 2364/4197/1473 2365/4198/1474 2353/4182/1464
f 2353/4182/1464 2365/4198/1474 2366/4199/1475 2354/4200/1465
f 2354/4184/1465 2366/4201/1475 2367/4202/1215 2355/4185/1203
f 2355/4185/1203 2367/4202/1215 2368/4203/1476 2356/4186/1466
f 2356/4187/1466 2368/4204/1476 2369/4205/1477 2357/4188/1467
f 2357/4188/1467 2369/4205/1477 2370/4206/1478 2358/4189/1468
f 2358/4189/1468 2370/4206/1478 2371/4207/1479 2359/4190/1469
f 2359/4190/1469 2371/4207/1479 2372/4208/1480 2360/4209/1470
f 2360/4192/1470 2372/4210/1480 2361/4193/1221 2349/4177/1209
f 2361/4193/1221 2373/4211/1233 2374/4212/1481 2362/4194/1471
f 2362/4195/1471 2374/4213/1481 2375/4214/1482 2363/4196/1472
f 2363/4196/1472 2375/4214/1482 2376/4215/1483 2364/4197/1473
f 2364/4197/1473 2376/4215/1483 2377/4216/1484 2365/4198/1474
f 2365/4198/1474 2377/4216/1484 2378/4217/1485 2366/4199/1475
f 2366/4201/1475 2378/4218/1485 2379/4219/1486 2367/4202/1215
f 2367/4202/1215 2379/4219/1486 2380/4220/1487 2368/4203/1476
f 2368/4204/1476 2380/4221/1487 2381/4222/1488 2369/4205/1477
f 2369/4205/1477 2381/4222/1488 2382/4223/1489 2370/4206/1478
f 2370/4206/1478 2382/4223/1489 2383/4224/1490 2371/4207/1479
f 2371/4207/1479 2383/4224/1490 2384/4225/1491 2372/4208/1480
f 2372/4210/1480 2384/4226/1491 2373/4211/1233 2361/4193/1221
f 2373/4211/1233 2385/4227/1245 2386/4228/1492 2374/4212/1481
f 2374/4213/1481 2386/4229/1492 2387/4230/1493 2375/4214/1482
f 2375/4214/1482 2387/4230/1493 2388/4231/1494 2376/4215/1483
f 2376/4215/1483 2388/4231/1494 2389/4232/1495 2377/4216/1484
f 2377/4216/1484 2389/4232/1495 2390/4233/1496 2378/4217/1485
f 2378/4218/1485 2390/4234/1496 2391/4235/1239 2379/4219/1486
f 2379/4219/1486 2391/4235/1239 2392/4236/1497 2380/4220/1487
f 2380/4221/1487 2392/4237/1497 2393/4238/1498 2381/4222/1488
f 2381/4222/1488 2393/4238/1498 2394/4239/1499 2382/4223/1489
f 2382/4223/1489 2394/4239/1499 2395/4240/1500 2383/4224/1490
f 2383/4224/1490 2395/4240/1500 2396/4241/1501 2384/4225/1491
f 2384/4226/1491 2396/4242/1501 2385/4227/1245 2373/4211/1233
f 2385/4243/1245 2397/4244/1257 2398/4245/1502 2386/4246/1492
f 2386/4229/1492 2398/4247/1502 2399/4248/1503 2387/4230/1493
f 2387/4230/1493 2399/4248/1503 2400/4249/1504 2388/4231/1494
f 2388/4231/1494 2400/4249/1504 2401/4250/1505 2389/4232/1495
f 2389/4232/1495 2401/4250/1505 2402/4251/1506 2390/4233/1496
f 2390/4252/1496 2402/4253/1506 2403/4254/1251 2391/4255/1239
f 2391/4255/1239 2403/4254/1251 2404/4256/1507 2392/4257/1497
f 2392/4237/1497 2404/4258/1507 2405/4259/1508 2393/4238/1498
f 2393/4238/1498 2405/4259/1508 2406/4260/1509 2394/4239/1499
f 2394/4239/1499 2406/4260/1509 2407/4261/1510 2395/4240/1500
f 2395/4240/1500 2407/4261/1510 2408/4262/1511 2396/4241/1501
f 2396/4263/1501 2408/4264/1511 2397/4244/1257 2385/4243/1245
f 2397/4244/1257 2409/4265/1269 2410/4266/1512 2398/4245/1502
f 2398/4247/1502 2410/4267/1512 2411/4268/1513 2399/4248/1503
f 2399/4248/1503 2411/4268/1513 2412/4269/1514 2400/4249/1504
f 2400/4249/1504 2412/4269/1514 2413/4270/1515 2401/4250/1505
f 2401/4250/1505 2413/4270/1515 2414/4271/1516 2402/4251/1506
f 2402/4253/1506 2414/4272/1516 2415/4273/1263 2403/4254/1251
f 2403/4254/1251 2415/4273/1263 2416/4274/1517 2404/4256/1507
f 2404/4258/1507 2416/4275/1517 2417/4276/1518 2405/4259/1508
f 2405/4259/1508 2417/4276/1518 2418/4277/1519 2406/4260/1509
f 2406/4260/1509 2418/4277/1519 2419/4278/1520 2407/4261/1510
f 2407/4261/1510 2419/4278/1520 2420/4279/1521 2408/4262/1511
f 2408/4264/1511 2420/4280/1521 2409/4265/1269 2397/4244/1257
f 2409/4265/1269 2421/4281/1281 2422/4282/1522 2410/4266/1512
f 2410/4267/1512 2422/4283/1522 2423/4284/1523 2411/4268/1513
f 2411/4268/1513 2423/4284/1523 2424/4285/1524 2412/4269/1514
f 2412/4269/1514 2424/4285/1524 2425/4286/1525 2413/4270/1515
f 2413/4270/1515 2425/4286/1525 2426/4287/1526 2414/4271/1516
f 2414/4272/1516 2426/4288/1526 2427/4289/1275 2415/4273/1263
f 2415/4273/1263 2427/4289/1275 2428/4290/1527 2416/4274/1517
f 2416/4275/1517 2428/4291/1527 2429/4292/1528 2417/4276/1518
f 2417/4276/1518 2429/4292/1528 2430/4293/1529 2418/4277/1519
f 2418/4277/1519 2430/4293/1529 2431/4294/1530 2419/4278/1520
f 2419/4278/1520 2431/4294/1530 2432/4295/1531 2420/4279/1521
f 2420/4280/1521 2432/4296/1531 2421/4281/1281 2409/4265/1269
f 2421/4281/1281 2433/4297/1293 2434/4298/1532 2422/4282/1522
f 2422/4283/1522 2434/4299/1532 2435/4300/1533 2423/4284/1523
f 2423/4284/1523 2435/4300/1533 2436/4301/1534 2424/4285/1524
f 2424/4285/1524 2436/4301/1534 2437/4302/1535 2425/4286/1525
f 2425/4286/1525 2437/4302/1535 2438/4303/1536 2426/4287/1526
f 2426/4288/1526 2438/4304/1536 2439/4305/1287 2427/4289/1275
f 2427/4289/1275 2439/4305/1287 2440/4306/1537 2428/4290/1527
f 2428/4291/1527 2440/4307/1537 2441/4308/1538 2429/4292/1528
f 2429/4292/1528 2441/4308/1538 2442/4309/1539 2430/4293/1529
f 2430/4293/1529 2442/4309/1539 2443/4310/1540 2431/4294/1530
f 2431/4294/1530 2443/4310/1540 2444/4311/1541 2432/4295/1531
f 2432/4296/1531 2444/4312/1541 2433/4297/1293 2421/4281/1281
f 2433/4297/1293 2445/4313/1305 2446/4314/1542 2434/4298/1532
f 2434/4299/1532 2446/4315/1542 2447/4316/1543 2435/4300/1533
f 2435/4300/1533 2447/4316/1543 2448/4317/1544 2436/4301/1534
f 2436/4301/1534 2448/4317/1544 2449/4318/1545 2437/4302/1535
f 2437/4302/1535 2449/4318/1545 2450/4319/1546 2438/4303/1536
f 2438/4304/1536 2450/4320/1546 2451/4321/1299 2439/4305/1287
f 2439/4305/1287 2451/4321/1299 2452/4322/1547 2440/4306/1537
f 2440/4307/1537 2452/4323/1547 2453/4324/1548 2441/4308/1538
f 2441/4308/1538 2453/4324/1548 2454/4325/1549 2442/4309/1539
f 2442/4309/1539 2454/4325/1549 2455/4326/1550 2443/4310/1540
f 2443/4310/1540 2455/4326/1550 2456/4327/1551 2444/4311/1541
f 2444/4312/1541 2456/4328/1551 2445/4313/1305 2433/4297/1293
f 2445/4313/1305 1881/3520/5 1882/3523/1029 2446/4314/1542
f 2446/4315/1542 1882/4329/1029 1883/3526/1031 2447/4316/1543
f 2447/4316/1543 1883/3526/1031 1884/3529/1033 2448/4317/1544
f 2448/4317/1544 1884/3529/1033 1885/3531/1035 2449/4318/1545
f 2449/4330/1545 1885/3532/1035 1886/3535/1037 2450/4320/1546
f 2450/4320/1546 1886/3535/1037 1887/3537/6 2451/4321/1299
f 2451/4321/1299 1887/3537/6 1888/3539/1040 2452/4322/1547
f 2452/4322/1547 1888/3539/1040 1889/3541/1042 2453/4331/1548
f 2453/4324/1548 1889/3542/1042 1890/3545/1044 2454/4325/1549
f 2454/4325/1549 1890/3545/1044 1891/3547/1046 2455/4326/1550
f 2455/4326/1550 1891/3547/1046 1892/3549/1048 2456/4327/1551
f 2456/4328/1551 1892/3550/1048 1881/3520/5 2445/4313/1305
f 2457/4332/1552 2458/4333/1553 2460/4334/1554 2459/4335/1555
f 2459/4335/1555 2460/4334/1554 2462/4336/1556 2461/4337/1557
f 2461/4337/1557 2462/4336/1556 2464/4338/1558 2463/4339/1559
f 2463/4340/1559 2464/4341/1558 2466/4342/1560 2465/4343/1561
f 2465/4343/1561 2466/4342/1560 2468/4344/1562 2467/4345/1563
f 2467/4345/1563 2468/4344/1562 2470/4346/1564 2469/4347/1565
f 2469/4347/1565 2470/4346/1564 2472/4348/1566 2471/4349/1567
f 2471/4349/1567 2472/4348/1566 2474/4350/1568 2473/4351/1569
f 2473/4351/1569 2474/4350/1568 2476/4352/1570 2475/4353/1571
f 2475/4354/1571 2476/4355/1570 2478/4356/1572 2477/4357/1573
f 2477/4357/1573 2478/4356/1572 2480/4358/1574 2479/4359/1575
f 2479/4359/1575 2480/4358/1574 2482/4360/1576 2481/4361/1577
f 2481/4361/1577 2482/4360/1576 2484/4362/1578 2483/4363/1579
f 2483/4363/1579 2484/4362/1578 2486/4364/1580 2485/4365/1581
f 2485/4365/1581 2486/4364/1580 2488/4366/1582 2487/4367/1583
f 2487/4368/1583 2488/4369/1582 2490/4370/1584 2489/4371/1585
f 2489/4371/1585 2490/4370/1584 2492/4372/1586 2491/4373/1587
f 2491/4373/1587 2492/4372/1586 2494/4374/1588 2493/4375/1589
f 2493/4375/1589 2494/4374/1588 2496/4376/1590 2495/4377/1591
f 2495/4377/1591 2496/4376/1590 2498/4378/1592 2497/4379/1593
f 2497/4379/1593 2498/4378/1592 2500/4380/1594 2499/4381/1595
f 2499/4382/1595 2500/4383/1594 2502/4384/1596 2501/4385/1597
f 2460/4386/1554 2458/4387/1553 2504/4388/1598 2502/4389/1596 2500/4390/1594 2498/4391/1592 2496/4392/1590 2494/4393/1588 2492/4394/1586 2490/4395/1584 2488/4396/1582 2486/4397/1580 2484/4398/1578 2482/4399/1576 2480/4400/1574 2478/4401/1572 2476/4402/1570 2474/4403/1568 2472/4404/1566 2470/4405/1564 2468/4406/1562 2466/4407/1560 2464/4408/1558 2462/4409/1556
f 2501/4385/1597 2502/4384/1596 2504/4410/1598 2503/4411/1599
f 2503/4411/1599 2504/4410/1598 2458/4333/1553 2457/4332/1552
f 2457/4412/1552 2459/4413/1555 2461/4414/1557 2463/4415/1559 2465/4416/1561 2467/4417/1563 2469/4418/1565 2471/4419/1567 2473/4420/1569 2475/4421/1571 2477/4422/1573 2479/4423/1575 2481/4424/1577 2483/4425/1579 2485/4426/1581 2487/4427/1583 2489/4428/1585 2491/4429/1587 2493/4430/1589 2495/4431/1591 2497/4432/1593 2499/4433/1595 2501/4434/1597 2503/4435/1599
f 2505/4436/1600 2506/4437/1601 2508/4438/1602 2507/4439/1603
f 2507/4439/1603 2508/4438/1602 2510/4440/1604 2509/4441/1605
f 2509/4441/1605 2510/4440/1604 2512/4442/1606 2511/4443/1607
f 2511/4444/1607 2512/4445/1606 2514/4446/1608 2513/4447/1609
f 2513/4447/1609 2514/4446/1608 2516/4448/1610 2515/4449/1611
f 2515/4449/1611 2516/4448/1610 2518/4450/1612 2517/4451/1613
f 2517/4451/1613 2518/4450/1612 2520/4452/1614 2519/4453/1615
f 2519/4453/1615 2520/4452/1614 2522/4454/1616 2521/4455/1617
f 2521/4455/1617 2522/4454/1616 2524/4456/1618 2523/4457/1619
f 2523/4458/1619 2524/4459/1618 2526/4460/1620 2525/4461/1621
f 2525/4461/1621 2526/4460/1620 2528/4462/1622 2527/4463/1623
f 2527/4463/1623 2528/4462/1622 2530/4464/1624 2529/4465/1625
f 2529/4465/1625 2530/4464/1624 2532/4466/1626 2531/4467/1627
f 2531/4467/1627 2532/4466/1626 2534/4468/1628 2533/4469/1629
f 2533/4469/1629 2534/4468/1628 2536/4470/1630 2535/4471/1631
f 2535/4472/1631 2536/4473/1630 2538/4474/1632 2537/4475/1633
f 2537/4475/1633 2538/4474/1632 2540/4476/1634 2539/4477/1635
f 2539/4477/1635 2540/4476/1634 2542/4478/1636 2541/4479/1637
f 2541/4479/1637 2542/4478/1636 2544/4480/1638 2543/4481/1639
f 2543/4481/1639 2544/4480/1638 2546/4482/1640 2545/4483/1641
f 2545/4483/1641 2546/4482/1640 2548/4484/1642 2547/4485/1643
f 2547/4486/1643 2548/4487/1642 2550/4488/1644 2549/4489/1645
f 2508/4490/1602 2506/4491/1601 2552/4492/1646 2550/4493/1644 2548/4494/1642 2546/4495/1640 2544/4496/1638 2542/4497/1636 2540/4498/1634 2538/4499/1632 2536/4500/1630 2534/4501/1628 2532/4502/1626 2530/4503/1624 2528/4504/1622 2526/4505/1620 2524/4506/1618 2522/4507/1616 2520/4508/1614 2518/4509/1612 2516/4510/1610 2514/4511/1608 2512/4512/1606 2510/4513/1604
f 2549/4489/1645 2550/4488/1644 2552/4514/1646 2551/4515/1647
f 2551/4515/1647 2552/4514/1646 2506/4437/1601 2505/4436/1600
f 2505/4516/1600 2507/4517/1603 2509/4518/1605 2511/4519/1607 2513/4520/1609 2515/4521/1611 2517/4522/1613 2519/4523/1615 2521/4524/1617 2523/4525/1619 2525/4526/1621 2527/4527/1623 2529/4528/1625 2531/4529/1627 2533/4530/1629 2535/4531/1631 2537/4532/1633 2539/4533/1635 2541/4534/1637 2543/4535/1639 2545/4536/1641 2547/4537/1643 2549/4538/1645 2551/4539/1647
s 0
f 2553/4540/1 2554/4541/1 2556/4542/1 2555/4543/1
f 2555/4544/2 2556/4545/2 2560/4546/2 2559/4547/2
f 2559/4548/3 2560/4549/3 2558/4550/3 2557/4551/3
f 2557/4552/4 2558/4553/4 2554/4554/4 2553/4555/4
f 2555/4556/5 2559/4557/5 2557/4558/5 2553/4559/5
f 2560/4560/6 2556/4561/6 2554/4562/6 2558/4563/6
f 2561/4564/1 2562/4565/1 2564/4566/1 2563/4567/1
f 2563/4568/1648 2564/4569/1648 2568/4570/1648 2567/4571/1648
f 2567/4572/3 2568/4573/3 2566/4574/3 2565/4575/3
f 2565/4576/1649 2566/4577/1649 2562/4578/1649 2561/4579/1649
f 2563/4580/1650 2567/4581/1650 2565/4582/1650 2561/4583/1650
f 2568/4584/1651 2564/4585/1651 2562/4586/1651 2566/4587/1651
s 1
f 2569/4588/1552 2570/4589/1553 2572/4590/1554 2571/4591/1555
f 2571/4591/1555 2572/4590/1554 2574/4592/1556 2573/4593/1557
f 2573/4593/1557 2574/4592/1556 2576/4594/1558 2575/4595/1559
f 2575/4596/1559 2576/4597/1558 2578/4598/1560 2577/4599/1561
f 2577/4599/1561 2578/4598/1560 2580/4600/1562 2579/4601/1563
f 2579/4601/1563 2580/4600/1562 2582/4602/1564 2581/4603/1565
f 2581/4603/1565 2582/4602/1564 2584/4604/1566 2583/4605/1567
f 2583/4605/1567 2584/4604/1566 2586/4606/1568 2585/4607/1569
f 2585/4607/1569 2586/4606/1568 2588/4608/1570 2587/4609/1571
f 2587/4610/1571 2588/4611/1570 2590/4612/1572 2589/4613/1573
f 2589/4613/1573 2590/4612/1572 2592/4614/1574 2591/4615/1575
f 2591/4615/1575 2592/4614/1574 2594/4616/1576 2593/4617/1577
f 2593/4617/1577 2594/4616/1576 2596/4618/1578 2595/4619/1579
f 2595/4619/1579 2596/4618/1578 2598/4620/1580 2597/4621/1581
f 2597/4621/1581 2598/4620/1580 2600/4622/1582 2599/4623/1583
f 2599/4624/1583 2600/4625/1582 2602/4626/1584 2601/4627/1585
f 2601/4627/1585 2602/4626/1584 2604/4628/1586 2603/4629/1587
f 2603/4629/1587 2604/4628/1586 2606/4630/1652 2605/4631/1653
f 2605/4631/1653 2606/4630/1652 2608/4632/1590 2607/4633/1591
f 2607/4633/1591 2608/4632/1590 2610/4634/1592 2609/4635/1593
f 2609/4635/1593 2610/4634/1592 2612/4636/1594 2611/4637/1595
f 2611/4638/1595 2612/4639/1594 2614/4640/1596 2613/4641/1597
f 2572/4642/1554 2570/4643/1553 2616/4644/1598 2614/4645/1596 2612/4646/1594 2610/4647/1592 2608/4648/1590 2606/4649/1652 2604/4650/1586 2602/4651/1584 2600/4652/1582 2598/4653/1580 2596/4654/1578 2594/4655/1576 2592/4656/1574 2590/4657/1572 2588/4658/1570 2586/4659/1568 2584/4660/1566 2582/4661/1564 2580/4662/1562 2578/4663/1560 2576/4664/1558 2574/4665/1556
f 2613/4641/1597 2614/4640/1596 2616/4666/1598 2615/4667/1599
f 2615/4667/1599 2616/4666/1598 2570/4589/1553 2569/4588/1552
f 2569/4668/1552 2571/4669/1555 2573/4670/1557 2575/4671/1559 2577/4672/1561 2579/4673/1563 2581/4674/1565 2583/4675/1567 2585/4676/1569 2587/4677/1571 2589/4678/1573 2591/4679/1575 2593/4680/1577 2595/4681/1579 2597/4682/1581 2599/4683/1583 2601/4684/1585 2603/4685/1587 2605/4686/1653 2607/4687/1591 2609/4688/1593 2611/4689/1595 2613/4690/1597 2615/4691/1599
f 2617/4692/1552 2618/4693/1553 2620/4694/1554 2619/4695/1555
f 2619/4695/1555 2620/4694/1554 2622/4696/1556 2621/4697/1557
f 2621/4697/1557 2622/4696/1556 2624/4698/1558 2623/4699/1559
f 2623/4700/1559 2624/4701/1558 2626/4702/1560 2625/4703/1561
f 2625/4703/1561 2626/4702/1560 2628/4704/1562 2627/4705/1563
f 2627/4705/1563 2628/4704/1562 2630/4706/1564 2629/4707/1565
f 2629/4707/1565 2630/4706/1564 2632/4708/1566 2631/4709/1567
f 2631/4709/1567 2632/4708/1566 2634/4710/1568 2633/4711/1569
f 2633/4711/1569 2634/4710/1568 2636/4712/1570 2635/4713/1571
f 2635/4714/1571 2636/4715/1570 2638/4716/1572 2637/4717/1573
f 2637/4717/1573 2638/4716/1572 2640/4718/1574 2639/4719/1575
f 2639/4719/1575 2640/4718/1574 2642/4720/1576 2641/4721/1577
f 2641/4721/1577 2642/4720/1576 2644/4722/1578 2643/4723/1579
f 2643/4723/1579 2644/4722/1578 2646/4724/1580 2645/4725/1581
f 2645/4725/1581 2646/4724/1580 2648/4726/1582 2647/4727/1583
f 2647/4728/1583 2648/4729/1582 2650/4730/1584 2649/4731/1585
f 2649/4731/1585 2650/4730/1584 2652/4732/1586 2651/4733/1587
f 2651/4733/1587 2652/4732/1586 2654/4734/1652 2653/4735/1653
f 2653/4735/1653 2654/4734/1652 2656/4736/1590 2655/4737/1591
f 2655/4737/1591 2656/4736/1590 2658/4738/1592 2657/4739/1593
f 2657/4739/1593 2658/4738/1592 2660/4740/1594 2659/4741/1595
f 2659/4742/1595 2660/4743/1594 2662/4744/1596 2661/4745/1597
f 2620/4746/1554 2618/4747/1553 2664/4748/1598 2662/4749/1596 2660/4750/1594 2658/4751/1592 2656/4752/1590 2654/4753/1652 2652/4754/1586 2650/4755/1584 2648/4756/1582 2646/4757/1580 2644/4758/1578 2642/4759/1576 2640/4760/1574 2638/4761/1572 2636/4762/1570 2634/4763/1568 2632/4764/1566 2630/4765/1564 2628/4766/1562 2626/4767/1560 2624/4768/1558 2622/4769/1556
f 2661/4745/1597 2662/4744/1596 2664/4770/1598 2663/4771/1599
f 2663/4771/1599 2664/4770/1598 2618/4693/1553 2617/4692/1552
f 2617/4772/1552 2619/4773/1555 2621/4774/1557 2623/4775/1559 2625/4776/1561 2627/4777/1563 2629/4778/1565 2631/4779/1567 2633/4780/1569 2635/4781/1571 2637/4782/1573 2639/4783/1575 2641/4784/1577 2643/4785/1579 2645/4786/1581 2647/4787/1583 2649/4788/1585 2651/4789/1587 2653/4790/1653 2655/4791/1591 2657/4792/1593 2659/4793/1595 2661/4794/1597 2663/4795/1599
f 2665/4796/1552 2666/4797/1553 2668/4798/1554 2667/4799/1555
f 2667/4799/1555 2668/4798/1554 2670/4800/1556 2669/4801/1557
f 2669/4801/1557 2670/4800/1556 2672/4802/1558 2671/4803/1559
f 2671/4804/1559 2672/4805/1558 2674/4806/1560 2673/4807/1561
f 2673/4807/1561 2674/4806/1560 2676/4808/1562 2675/4809/1563
f 2675/4809/1563 2676/4808/1562 2678/4810/1564 2677/4811/1565
f 2677/4811/1565 2678/4810/1564 2680/4812/1566 2679/4813/1567
f 2679/4813/1567 2680/4812/1566 2682/4814/1568 2681/4815/1569
f 2681/4815/1569 2682/4814/1568 2684/4816/1570 2683/4817/1571
f 2683/4818/1571 2684/4819/1570 2686/4820/1572 2685/4821/1573
f 2685/4821/1573 2686/4820/1572 2688/4822/1574 2687/4823/1575
f 2687/4823/1575 2688/4822/1574 2690/4824/1576 2689/4825/1577
f 2689/4825/1577 2690/4824/1576 2692/4826/1578 2691/4827/1579
f 2691/4827/1579 2692/4826/1578 2694/4828/1580 2693/4829/1581
f 2693/4829/1581 2694/4828/1580 2696/4830/1582 2695/4831/1583
f 2695/4832/1583 2696/4833/1582 2698/4834/1584 2697/4835/1585
f 2697/4835/1585 2698/4834/1584 2700/4836/1586 2699/4837/1587
f 2699/4837/1587 2700/4836/1586 2702/4838/1652 2701/4839/1653
f 2701/4839/1653 2702/4838/1652 2704/4840/1590 2703/4841/1591
f 2703/4841/1591 2704/4840/1590 2706/4842/1592 2705/4843/1593
f 2705/4843/1593 2706/4842/1592 2708/4844/1594 2707/4845/1595
f 2707/4846/1595 2708/4847/1594 2710/4848/1596 2709/4849/1597
f 2668/4850/1554 2666/4851/1553 2712/4852/1598 2710/4853/1596 2708/4854/1594 2706/4855/1592 2704/4856/1590 2702/4857/1652 2700/4858/1586 2698/4859/1584 2696/4860/1582 2694/4861/1580 2692/4862/1578 2690/4863/1576 2688/4864/1574 2686/4865/1572 2684/4866/1570 2682/4867/1568 2680/4868/1566 2678/4869/1564 2676/4870/1562 2674/4871/1560 2672/4872/1558 2670/4873/1556
f 2709/4849/1597 2710/4848/1596 2712/4874/1598 2711/4875/1599
f 2711/4875/1599 2712/4874/1598 2666/4797/1553 2665/4796/1552
f 2665/4876/1552 2667/4877/1555 2669/4878/1557 2671/4879/1559 2673/4880/1561 2675/4881/1563 2677/4882/1565 2679/4883/1567 2681/4884/1569 2683/4885/1571 2685/4886/1573 2687/4887/1575 2689/4888/1577 2691/4889/1579 2693/4890/1581 2695/4891/1583 2697/4892/1585 2699/4893/1587 2701/4894/1653 2703/4895/1591 2705/4896/1593 2707/4897/1595 2709/4898/1597 2711/4899/1599
f 2713/4900/1552 2714/4901/1553 2716/4902/1554 2715/4903/1555
f 2715/4903/1555 2716/4902/1554 2718/4904/1556 2717/4905/1557
f 2717/4905/1557 2718/4904/1556 2720/4906/1558 2719/4907/1559
f 2719/4908/1559 2720/4909/1558 2722/4910/1560 2721/4911/1561
f 2721/4911/1561 2722/4910/1560 2724/4912/1562 2723/4913/1563
f 2723/4913/1563 2724/4912/1562 2726/4914/1564 2725/4915/1565
f 2725/4915/1565 2726/4914/1564 2728/4916/1566 2727/4917/1567
f 2727/4917/1567 2728/4916/1566 2730/4918/1568 2729/4919/1569
f 2729/4919/1569 2730/4918/1568 2732/4920/1570 2731/4921/1571
f 2731/4922/1571 2732/4923/1570 2734/4924/1572 2733/4925/1573
f 2733/4925/1573 2734/4924/1572 2736/4926/1574 2735/4927/1575
f 2735/4927/1575 2736/4926/1574 2738/4928/1576 2737/4929/1577
f 2737/4929/1577 2738/4928/1576 2740/4930/1578 2739/4931/1579
f 2739/4931/1579 2740/4930/1578 2742/4932/1580 2741/4933/1581
f 2741/4933/1581 2742/4932/1580 2744/4934/1582 2743/4935/1583
f 2743/4936/1583 2744/4937/1582 2746/4938/1584 2745/4939/1585
f 2745/4939/1585 2746/4938/1584 2748/4940/1586 2747/4941/1587
f 2747/4941/1587 2748/4940/1586 2750/4942/1652 2749/4943/1653
f 2749/4943/1653 2750/4942/1652 2752/4944/1590 2751/4945/1591
f 2751/4945/1591 2752/4944/1590 2754/4946/1592 2753/4947/1593
f 2753/4947/1593 2754/4946/1592 2756/4948/1594 2755/4949/1595
f 2755/4950/1595 2756/4951/1594 2758/4952/1596 2757/4953/1597
f 2716/4954/1554 2714/4955/1553 2760/4956/1598 2758/4957/1596 2756/4958/1594 2754/4959/1592 2752/4960/1590 2750/4961/1652 2748/4962/1586 2746/4963/1584 2744/4964/1582 2742/4965/1580 2740/4966/1578 2738/4967/1576 2736/4968/1574 2734/4969/1572 2732/4970/1570 2730/4971/1568 2728/4972/1566 2726/4973/1564 2724/4974/1562 2722/4975/1560 2720/4976/1558 2718/4977/1556
f 2757/4953/1597 2758/4952/1596 2760/4978/1598 2759/4979/1599
f 2759/4979/1599 2760/4978/1598 2714/4901/1553 2713/4900/1552
f 2713/4980/1552 2715/4981/1555 2717/4982/1557 2719/4983/1559 2721/4984/1561 2723/4985/1563 2725/4986/1565 2727/4987/1567 2729/4988/1569 2731/4989/1571 2733/4990/1573 2735/4991/1575 2737/4992/1577 2739/4993/1579 2741/4994/1581 2743/4995/1583 2745/4996/1585 2747/4997/1587 2749/4998/1653 2751/4999/1591 2753/5000/1593 2755/5001/1595 2757/5002/1597 2759/5003/1599
s 0
f 2761/5004/1 2762/5005/1 2764/5006/1 2763/5007/1
f 2763/5008/2 2764/5009/2 2768/5010/2 2767/5011/2
f 2767/5012/3 2768/5013/3 2766/5014/3 2765/5015/3
f 2765/5016/4 2766/5017/4 2762/5018/4 2761/5019/4
f 2763/5020/5 2767/5021/5 2765/5022/5 2761/5023/5
f 2768/5024/6 2764/5025/6 2762/5026/6 2766/5027/6
f 2769/5028/1 2770/5029/1 2772/5030/1 2771/5031/1
f 2771/5032/1654 2772/5033/1654 2776/5034/1654 2775/5035/1654
f 2775/5036/3 2776/5037/3 2774/5038/3 2773/5039/3
f 2773/5040/1655 2774/5041/1655 2770/5042/1655 2769/5043/1655
f 2771/5044/1656 2775/5045/1656 2773/5046/1656 2769/5047/1656
f 2776/5048/1657 2772/5049/1657 2770/5050/1657 2774/5051/1657
s 1
f 2777/5052/1658 2778/5053/1659 2780/5054/1602 2779/5055/1603
f 2779/5055/1603 2780/5054/1602 2782/5056/1604 2781/5057/1605
f 2781/5057/1605 2782/5056/1604 2784/5058/1606 2783/5059/1607
f 2783/5060/1607 2784/5061/1606 2786/5062/1608 2785/5063/1609
f 2785/5063/1609 2786/5062/1608 2788/5064/1610 2787/5065/1611
f 2787/5065/1611 2788/5064/1610 2790/5066/1612 2789/5067/1613
f 2789/5067/1613 2790/5066/1612 2792/5068/1614 2791/5069/1615
f 2791/5069/1615 2792/5068/1614 2794/5070/1616 2793/5071/1617
f 2793/5071/1617 2794/5070/1616 2796/5072/1618 2795/5073/1619
f 2795/5074/1619 2796/5075/1618 2798/5076/1620 2797/5077/1621
f 2797/5077/1621 2798/5076/1620 2800/5078/1622 2799/5079/1623
f 2799/5079/1623 2800/5078/1622 2802/5080/1624 2801/5081/1625
f 2801/5081/1625 2802/5080/1624 2804/5082/1626 2803/5083/1627
f 2803/5083/1627 2804/5082/1626 2806/5084/1628 2805/5085/1629
f 2805/5085/1629 2806/5084/1628 2808/5086/1630 2807/5087/1631
f 2807/5088/1631 2808/5089/1630 2810/5090/1632 2809/5091/1633
f 2809/5091/1633 2810/5090/1632 2812/5092/1634 2811/5093/1635
f 2811/5093/1635 2812/5092/1634 2814/5094/1660 2813/5095/1661
f 2813/5095/1661 2814/5094/1660 2816/5096/1638 2815/5097/1639
f 2815/5097/1639 2816/5096/1638 2818/5098/1640 2817/5099/1641
f 2817/5099/1641 2818/5098/1640 2820/5100/1642 2819/5101/1643
f 2819/5102/1643 2820/5103/1642 2822/5104/1644 2821/5105/1645
f 2780/5106/1602 2778/5107/1659 2824/5108/1646 2822/5109/1644 2820/5110/1642 2818/5111/1640 2816/5112/1638 2814/5113/1660 2812/5114/1634 2810/5115/1632 2808/5116/1630 2806/5117/1628 2804/5118/1626 2802/5119/1624 2800/5120/1622 2798/5121/1620 2796/5122/1618 2794/5123/1616 2792/5124/1614 2790/5125/1612 2788/5126/1610 2786/5127/1608 2784/5128/1606 2782/5129/1604
f 2821/5105/1645 2822/5104/1644 2824/5130/1646 2823/5131/1647
f 2823/5131/1647 2824/5130/1646 2778/5053/1659 2777/5052/1658
f 2777/5132/1658 2779/5133/1603 2781/5134/1605 2783/5135/1607 2785/5136/1609 2787/5137/1611 2789/5138/1613 2791/5139/1615 2793/5140/1617 2795/5141/1619 2797/5142/1621 2799/5143/1623 2801/5144/1625 2803/5145/1627 2805/5146/1629 2807/5147/1631 2809/5148/1633 2811/5149/1635 2813/5150/1661 2815/5151/1639 2817/5152/1641 2819/5153/1643 2821/5154/1645 2823/5155/1647
f 3044/5156/1662 3043/5157/1663 2834/5158/1664 2835/5159/1665
f 2986/5160/5 2830/5161/1666 2841/5162/1667
f 2825/5163/1668 3042/5164/1669 2831/5165/1670 2832/5166/1671
f 2828/5167/1672 3046/5168/1673 2838/5169/1674 2839/5170/1675
f 2827/5171/2 3044/5156/1662 2835/5159/1665 2836/5172/1676
f 2826/5173/1677 2825/5163/1668 2832/5166/1671 2833/5174/1678
f 2829/5175/1679 2828/5176/1672 2839/5177/1675 2840/5178/1680
f 3045/5179/1681 2827/5171/2 2836/5172/1676 2837/5180/1682
f 3043/5157/1663 2826/5181/1677 2833/5182/1678 2834/5158/1664
f 2830/5161/1666 2829/5175/1679 2840/5178/1680 2841/5162/1667
f 3042/5164/1669 2941/5183/6 2831/5165/1670
f 3046/5168/1673 3045/5179/1681 2837/5180/1682 2838/5169/1674
f 2833/5174/1678 2832/5166/1671 2843/5184/1683 2844/5185/1684
f 2840/5178/1680 2839/5177/1675 2850/5186/1685 2851/5187/1686
f 2837/5180/1682 2836/5172/1676 2847/5188/1687 2848/5189/1688
f 2834/5158/1664 2833/5182/1678 2844/5190/1684 2845/5191/1689
f 2841/5162/1667 2840/5178/1680 2851/5187/1686 2852/5192/1690
f 2831/5165/1670 2941/5183/6 2842/5193/1691
f 2838/5169/1674 2837/5180/1682 2848/5189/1688 2849/5194/1692
f 2835/5159/1665 2834/5158/1664 2845/5191/1689 2846/5195/1693
f 2986/5160/5 2841/5162/1667 2852/5192/1690
f 2832/5166/1671 2831/5165/1670 2842/5193/1691 2843/5184/1683
f 2839/5170/1675 2838/5169/1674 2849/5194/1692 2850/5196/1685
f 2836/5172/1676 2835/5159/1665 2846/5195/1693 2847/5188/1687
f 2986/5160/5 2852/5192/1690 2863/5197/1694
f 2843/5184/1683 2842/5193/1691 2853/5198/1695 2854/5199/1696
f 2850/5186/1685 2849/5200/1692 2860/5201/1697 2861/5202/1698
f 2847/5188/1687 2846/5195/1693 2857/5203/1699 2858/5204/1700
f 2844/5185/1684 2843/5184/1683 2854/5199/1696 2855/5205/1701
f 2851/5187/1686 2850/5186/1685 2861/5202/1698 2862/5206/1702
f 2848/5189/1688 2847/5188/1687 2858/5204/1700 2859/5207/1703
f 2845/5208/1689 2844/5185/1684 2855/5205/1701 2856/5209/1704
f 2852/5192/1690 2851/5187/1686 2862/5206/1702 2863/5197/1694
f 2842/5193/1691 2941/5183/6 2853/5198/1695
f 2849/5194/1692 2848/5189/1688 2859/5207/1703 2860/5210/1697
f 2846/5195/1693 2845/5191/1689 2856/5211/1704 2857/5203/1699
f 2856/5212/1704 2855/5213/1701 2866/5214/1705 2867/5215/1706
f 2863/5197/1694 2862/5206/1702 2873/5216/1707 2874/5217/1708
f 2853/5198/1695 2941/5183/6 2864/5218/1709
f 2860/5219/1697 2859/5220/1703 2870/5221/1710 2871/5222/1711
f 2857/5223/1699 2856/5212/1704 2867/5215/1706 2868/5224/1712
f 2986/5160/5 2863/5197/1694 2874/5217/1708
f 2854/5199/1696 2853/5198/1695 2864/5218/1709 2865/5225/1713
f 2861/5226/1698 2860/5219/1697 2871/5222/1711 2872/5227/1714
f 2858/5228/1700 2857/5223/1699 2868/5224/1712 2869/5229/1715
f 2855/5205/1701 2854/5199/1696 2865/5225/1713 2866/5230/1705
f 2862/5206/1702 2861/5202/1698 2872/5231/1714 2873/5216/1707
f 2859/5220/1703 2858/5228/1700 2869/5229/1715 2870/5221/1710
f 2866/5230/1705 2865/5225/1713 2876/5232/1716 2877/5233/1717
f 2873/5216/1707 2872/5231/1714 2883/5234/1718 2884/5235/1719
f 2870/5221/1710 2869/5229/1715 2880/5236/3 2881/5237/1720
f 2867/5215/1706 2866/5214/1705 2877/5238/1717 2878/5239/1721
f 2874/5217/1708 2873/5216/1707 2884/5235/1719 2885/5240/1722
f 2864/5218/1709 2941/5183/6 2875/5241/1723
f 2871/5222/1711 2870/5221/1710 2881/5237/1720 2882/5242/1724
f 2868/5224/1712 2867/5215/1706 2878/5239/1721 2879/5243/1725
f 2986/5160/5 2874/5217/1708 2885/5240/1722
f 2865/5225/1713 2864/5218/1709 2875/5241/1723 2876/5232/1716
f 2872/5227/1714 2871/5222/1711 2882/5242/1724 2883/5244/1718
f 2869/5229/1715 2868/5224/1712 2879/5243/1725 2880/5236/3
f 2879/5243/1725 2878/5239/1721 2889/5245/1726 2890/5246/1727
f 2986/5160/5 2885/5240/1722 2896/5247/1728
f 2876/5232/1716 2875/5241/1723 2886/5248/1729 2887/5249/1730
f 2883/5244/1718 2882/5242/1724 2893/5250/1731 2894/5251/1732
f 2880/5236/3 2879/5243/1725 2890/5246/1727 2891/5252/1733
f 2877/5233/1717 2876/5232/1716 2887/5249/1730 2888/5253/1734
f 2884/5235/1719 2883/5234/1718 2894/5254/1732 2895/5255/1735
f 2881/5237/1720 2880/5236/3 2891/5252/1733 2892/5256/1736
f 2878/5239/1721 2877/5238/1717 2888/5257/1734 2889/5245/1726
f 2885/5240/1722 2884/5235/1719 2895/5255/1735 2896/5247/1728
f 2875/5241/1723 2941/5183/6 2886/5248/1729
f 2882/5242/1724 2881/5237/1720 2892/5256/1736 2893/5250/1731
f 2889/5245/1726 2888/5257/1734 2899/5258/1737 2900/5259/1738
f 2896/5247/1728 2895/5255/1735 2906/5260/1739 2907/5261/1740
f 2886/5248/1729 2941/5183/6 2897/5262/1741
f 2893/5250/1731 2892/5256/1736 2903/5263/1742 2904/5264/1743
f 2890/5246/1727 2889/5245/1726 2900/5259/1738 2901/5265/1744
f 2986/5160/5 2896/5247/1728 2907/5261/1740
f 2887/5249/1730 2886/5248/1729 2897/5262/1741 2898/5266/1745
f 2894/5251/1732 2893/5250/1731 2904/5264/1743 2905/5267/1746
f 2891/5252/1733 2890/5246/1727 2901/5265/1744 2902/5268/1747
f 2888/5253/1734 2887/5249/1730 2898/5266/1745 2899/5269/1737
f 2895/5255/1735 2894/5254/1732 2905/5270/1746 2906/5260/1739
f 2892/5256/1736 2891/5252/1733 2902/5268/1747 2903/5263/1742
f 2902/5268/1747 2901/5265/1744 2912/5271/1748 2913/5272/1749
f 2899/5269/1737 2898/5266/1745 2909/5273/1750 2910/5274/1751
f 2906/5260/1739 2905/5270/1746 2916/5275/1752 2917/5276/1753
f 2903/5263/1742 2902/5268/1747 2913/5272/1749 2914/5277/1754
f 2900/5278/1738 2899/5269/1737 2910/5274/1751 2911/5279/1755
f 2907/5261/1740 2906/5260/1739 2917/5276/1753 2918/5280/1756
f 2897/5262/1741 2941/5183/6 2908/5281/1757
f 2904/5264/1743 2903/5263/1742 2914/5277/1754 2915/5282/1758
f 2901/5265/1744 2900/5259/1738 2911/5283/1755 2912/5271/1748
f 2986/5160/5 2907/5261/1740 2918/5280/1756
f 2898/5266/1745 2897/5262/1741 2908/5281/1757 2909/5273/1750
f 2905/5270/1746 2904/5284/1743 2915/5285/1758 2916/5275/1752
f 2912/5286/1748 2911/5287/1755 2922/5288/1759 2923/5289/1760
f 2986/5160/5 2918/5280/1756 2929/5290/1761
f 2909/5273/1750 2908/5281/1757 2919/5291/1762 2920/5292/1763
f 2916/5293/1752 2915/5294/1758 2926/5295/1764 2927/5296/1765
f 2913/5297/1749 2912/5286/1748 2923/5289/1760 2924/5298/1766
f 2910/5274/1751 2909/5273/1750 2920/5292/1763 2921/5299/1767
f 2917/5276/1753 2916/5275/1752 2927/5300/1765 2928/5301/1768
f 2914/5302/1754 2913/5297/1749 2924/5298/1766 2925/5303/1769
f 2911/5287/1755 2910/5304/1751 2921/5305/1767 2922/5288/1759
f 2918/5280/1756 2917/5276/1753 2928/5301/1768 2929/5290/1761
f 2908/5281/1757 2941/5183/6 2919/5291/1762
f 2915/5294/1758 2914/5302/1754 2925/5303/1769 2926/5295/1764
f 2925/5303/1769 2924/5298/1766 2935/5306/4 2936/5307/1770
f 2922/5288/1759 2921/5305/1767 2932/5308/1771 2933/5309/1772
f 2929/5290/1761 2928/5301/1768 2939/5310/1773 2940/5311/1774
f 2919/5291/1762 2941/5183/6 2930/5312/1775
f 2926/5295/1764 2925/5303/1769 2936/5307/1770 2937/5313/1776
f 2923/5289/1760 2922/5288/1759 2933/5309/1772 2934/5314/1777
f 2986/5160/5 2929/5290/1761 2940/5311/1774
f 2920/5292/1763 2919/5291/1762 2930/5312/1775 2931/5315/1778
f 2927/5296/1765 2926/5295/1764 2937/5313/1776 2938/5316/1779
f 2924/5298/1766 2923/5289/1760 2934/5314/1777 2935/5306/4
f 2921/5299/1767 2920/5292/1763 2931/5315/1778 2932/5317/1771
f 2928/5301/1768 2927/5300/1765 2938/5318/1779 2939/5310/1773
f 2935/5306/4 2934/5314/1777 2946/5319/1780 2947/5320/1781
f 2932/5317/1771 2931/5315/1778 2943/5321/1782 2944/5322/1783
f 2939/5310/1773 2938/5318/1779 2950/5323/1784 2951/5324/1785
f 2936/5307/1770 2935/5306/4 2947/5320/1781 2948/5325/1786
f 2933/5309/1772 2932/5308/1771 2944/5326/1783 2945/5327/1787
f 2940/5311/1774 2939/5310/1773 2951/5324/1785 2952/5328/1788
f 2930/5312/1775 2941/5183/6 2942/5329/1789
f 2937/5313/1776 2936/5307/1770 2948/5325/1786 2949/5330/1790
f 2934/5314/1777 2933/5309/1772 2945/5327/1787 2946/5319/1780
f 2986/5160/5 2940/5311/1774 2952/5328/1788
f 2931/5315/1778 2930/5312/1775 2942/5329/1789 2943/5321/1782
f 2938/5316/1779 2937/5313/1776 2949/5330/1790 2950/5331/1784
f 2949/5330/1790 2948/5325/1786 2959/5332/1791 2960/5333/1792
f 2946/5319/1780 2945/5327/1787 2956/5334/1793 2957/5335/1794
f 2986/5160/5 2952/5328/1788 2963/5336/1795
f 2943/5321/1782 2942/5329/1789 2953/5337/1796 2954/5338/1797
f 2950/5331/1784 2949/5330/1790 2960/5333/1792 2961/5339/1798
f 2947/5320/1781 2946/5319/1780 2957/5335/1794 2958/5340/1799
f 2944/5322/1783 2943/5321/1782 2954/5338/1797 2955/5341/1800
f 2951/5324/1785 2950/5323/1784 2961/5342/1798 2962/5343/1801
f 2948/5325/1786 2947/5320/1781 2958/5340/1799 2959/5332/1791
f 2945/5327/1787 2944/5326/1783 2955/5344/1800 2956/5334/1793
f 2952/5328/1788 2951/5324/1785 2962/5343/1801 2963/5336/1795
f 2942/5329/1789 2941/5183/6 2953/5337/1796
f 2959/5332/1791 2958/5340/1799 2969/5345/1802 2970/5346/1803
f 2956/5347/1793 2955/5341/1800 2966/5348/1804 2967/5349/1805
f 2963/5336/1795 2962/5343/1801 2973/5350/1806 2974/5351/1807
f 2953/5337/1796 2941/5183/6 2964/5352/1808
f 2960/5333/1792 2959/5332/1791 2970/5346/1803 2971/5353/1809
f 2957/5335/1794 2956/5334/1793 2967/5354/1805 2968/5355/1810
f 2986/5160/5 2963/5336/1795 2974/5351/1807
f 2954/5338/1797 2953/5337/1796 2964/5352/1808 2965/5356/1811
f 2961/5342/1798 2960/5357/1792 2971/5358/1809 2972/5359/1812
f 2958/5340/1799 2957/5335/1794 2968/5355/1810 2969/5345/1802
f 2955/5341/1800 2954/5338/1797 2965/5356/1811 2966/5348/1804
f 2962/5343/1801 2961/5342/1798 2972/5359/1812 2973/5350/1806
f 2972/5360/1812 2971/5361/1809 2982/5362/1813 2983/5363/1814
f 2969/5364/1802 2968/5365/1810 2979/5366/1815 2980/5367/1816
f 2966/5348/1804 2965/5356/1811 2976/5368/1817 2977/5369/1818
f 2973/5350/1806 2972/5359/1812 2983/5370/1814 2984/5371/1819
f 2970/5372/1803 2969/5364/1802 2980/5367/1816 2981/5373/1820
f 2967/5374/1805 2966/5375/1804 2977/5376/1818 2978/5377/1821
f 2974/5351/1807 2973/5350/1806 2984/5371/1819 2985/5378/1822
f 2964/5352/1808 2941/5183/6 2975/5379/1823
f 2971/5361/1809 2970/5372/1803 2981/5373/1820 2982/5362/1813
f 2968/5365/1810 2967/5374/1805 2978/5377/1821 2979/5366/1815
f 2986/5160/5 2974/5351/1807 2985/5378/1822
f 2965/5356/1811 2964/5352/1808 2975/5379/1823 2976/5368/1817
f 2975/5379/1823 2941/5183/6 2987/5380/1824
f 2982/5362/1813 2981/5373/1820 2993/5381/1825 2994/5382/1826
f 2979/5366/1815 2978/5377/1821 2990/5383/1827 2991/5384/1828
f 2986/5160/5 2985/5378/1822 2997/5385/1829
f 2976/5368/1817 2975/5379/1823 2987/5380/1824 2988/5386/1830
f 2983/5363/1814 2982/5362/1813 2994/5382/1826 2995/5387/1831
f 2980/5367/1816 2979/5366/1815 2991/5384/1828 2992/5388/1
f 2977/5369/1818 2976/5368/1817 2988/5386/1830 2989/5389/1832
f 2984/5371/1819 2983/5370/1814 2995/5390/1831 2996/5391/1833
f 2981/5373/1820 2980/5367/1816 2992/5388/1 2993/5381/1825
f 2978/5377/1821 2977/5376/1818 2989/5392/1832 2990/5383/1827
f 2985/5378/1822 2984/5371/1819 2996/5391/1833 2997/5385/1829
f 2996/5391/1833 2995/5390/1831 3006/5393/1834 3007/5394/1835
f 2993/5381/1825 2992/5388/1 3003/5395/1836 3004/5396/1837
f 2990/5383/1827 2989/5392/1832 3000/5397/1838 3001/5398/1839
f 2997/5385/1829 2996/5391/1833 3007/5394/1835 3008/5399/1840
f 2987/5380/1824 2941/5183/6 2998/5400/1841
f 2994/5382/1826 2993/5381/1825 3004/5396/1837 3005/5401/1842
f 2991/5384/1828 2990/5383/1827 3001/5398/1839 3002/5402/1843
f 2986/5160/5 2997/5385/1829 3008/5399/1840
f 2988/5386/1830 2987/5380/1824 2998/5400/1841 2999/5403/1844
f 2995/5387/1831 2994/5382/1826 3005/5401/1842 3006/5404/1834
f 2992/5388/1 2991/5384/1828 3002/5402/1843 3003/5395/1836
f 2989/5389/1832 2988/5386/1830 2999/5403/1844 3000/5405/1838
f 2999/5403/1844 2998/5400/1841 3009/5406/1845 3010/5407/1846
f 3006/5404/1834 3005/5401/1842 3016/5408/1847 3017/5409/1848
f 3003/5395/1836 3002/5402/1843 3013/5410/1849 3014/5411/1850
f 3000/5405/1838 2999/5403/1844 3010/5407/1846 3011/5412/1851
f 3007/5394/1835 3006/5393/1834 3017/5413/1848 3018/5414/1852
f 3004/5396/1837 3003/5395/1836 3014/5411/1850 3015/5415/1853
f 3001/5398/1839 3000/5397/1838 3011/5416/1851 3012/5417/1854
f 3008/5399/1840 3007/5394/1835 3018/5414/1852 3019/5418/1855
f 2998/5400/1841 2941/5183/6 3009/5406/1845
f 3005/5401/1842 3004/5396/1837 3015/5415/1853 3016/5408/1847
f 3002/5402/1843 3001/5398/1839 3012/5417/1854 3013/5410/1849
f 2986/5160/5 3008/5399/1840 3019/5418/1855
f 3019/5418/1855 3018/5414/1852 3029/5419/1856 3030/5420/1857
f 3009/5406/1845 2941/5183/6 3020/5421/1858
f 3016/5408/1847 3015/5415/1853 3026/5422/1859 3027/5423/1860
f 3013/5410/1849 3012/5417/1854 3023/5424/1861 3024/5425/1862
f 2986/5160/5 3019/5418/1855 3030/5420/1857
f 3010/5407/1846 3009/5406/1845 3020/5421/1858 3021/5426/1863
f 3017/5413/1848 3016/5427/1847 3027/5428/1860 3028/5429/1864
f 3014/5411/1850 3013/5410/1849 3024/5425/1862 3025/5430/1865
f 3011/5412/1851 3010/5407/1846 3021/5426/1863 3022/5431/1866
f 3018/5414/1852 3017/5413/1848 3028/5429/1864 3029/5419/1856
f 3015/5415/1853 3014/5411/1850 3025/5430/1865 3026/5422/1859
f 3012/5432/1854 3011/5412/1851 3022/5431/1866 3023/5433/1861
f 3022/5431/1866 3021/5426/1863 3032/5434/1867 3033/5435/1868
f 3029/5419/1856 3028/5429/1864 3039/5436/1869 3040/5437/1870
f 3026/5438/1859 3025/5439/1865 3036/5440/1871 3037/5441/1872
f 3023/5442/1861 3022/5443/1866 3033/5444/1868 3034/5445/1873
f 3030/5420/1857 3029/5419/1856 3040/5437/1870 3041/5446/1874
f 3020/5421/1858 2941/5183/6 3031/5447/1875
f 3027/5448/1860 3026/5438/1859 3037/5441/1872 3038/5449/1876
f 3024/5450/1862 3023/5442/1861 3034/5445/1873 3035/5451/1877
f 2986/5160/5 3030/5420/1857 3041/5446/1874
f 3021/5426/1863 3020/5421/1858 3031/5447/1875 3032/5434/1867
f 3028/5452/1864 3027/5448/1860 3038/5449/1876 3039/5453/1869
f 3025/5439/1865 3024/5450/1862 3035/5451/1877 3036/5440/1871
f 2986/5160/5 3041/5446/1874 2830/5161/1666
f 3032/5434/1867 3031/5447/1875 3042/5164/1669 2825/5163/1668
f 3039/5453/1869 3038/5449/1876 3046/5168/1673 2828/5167/1672
f 3036/5440/1871 3035/5451/1877 3044/5156/1662 2827/5171/2
f 3033/5435/1868 3032/5434/1867 2825/5163/1668 2826/5173/1677
f 3040/5437/1870 3039/5436/1869 2828/5176/1672 2829/5175/1679
f 3037/5441/1872 3036/5440/1871 2827/5171/2 3045/5179/1681
f 3034/5445/1873 3033/5444/1868 2826/5181/1677 3043/5157/1663
f 3041/5446/1874 3040/5437/1870 2829/5175/1679 2830/5161/1666
f 3031/5447/1875 2941/5183/6 3042/5164/1669
f 3038/5449/1876 3037/5441/1872 3045/5179/1681 3046/5168/1673
f 3035/5451/1877 3034/5445/1873 3043/5157/1663 3044/5156/1662
f 3047/5454/1600 3048/5455/1601 3050/5456/1602 3049/5457/1603
f 3049/5457/1603 3050/5456/1602 3052/5458/1604 3051/5459/1605
f 3051/5459/1605 3052/5458/1604 3054/5460/1606 3053/5461/1607
f 3053/5462/1607 3054/5463/1606 3056/5464/1608 3055/5465/1609
f 3055/5465/1609 3056/5464/1608 3058/5466/1610 3057/5467/1611
f 3057/5467/1611 3058/5466/1610 3060/5468/1878 3059/5469/1879
f 3059/5469/1879 3060/5468/1878 3062/5470/1614 3061/5471/1615
f 3061/5471/1615 3062/5470/1614 3064/5472/1616 3063/5473/1617
f 3063/5473/1617 3064/5472/1616 3066/5474/1618 3065/5475/1619
f 3065/5476/1619 3066/5477/1618 3068/5478/1620 3067/5479/1621
f 3067/5479/1621 3068/5478/1620 3070/5480/1622 3069/5481/1623
f 3069/5481/1623 3070/5480/1622 3072/5482/1624 3071/5483/1625
f 3071/5483/1625 3072/5482/1624 3074/5484/1626 3073/5485/1627
f 3073/5485/1627 3074/5484/1626 3076/5486/1628 3075/5487/1629
f 3075/5487/1629 3076/5486/1628 3078/5488/1630 3077/5489/1631
f 3077/5490/1631 3078/5491/1630 3080/5492/1632 3079/5493/1633
f 3079/5493/1633 3080/5492/1632 3082/5494/1634 3081/5495/1635
f 3081/5495/1635 3082/5494/1634 3084/5496/1636 3083/5497/1637
f 3083/5497/1637 3084/5496/1636 3086/5498/1638 3085/5499/1639
f 3085/5499/1639 3086/5498/1638 3088/5500/1640 3087/5501/1641
f 3087/5501/1641 3088/5500/1640 3090/5502/1642 3089/5503/1643
f 3089/5504/1643 3090/5505/1642 3092/5506/1644 3091/5507/1645
f 3050/5508/1602 3048/5509/1601 3094/5510/1646 3092/5511/1644 3090/5512/1642 3088/5513/1640 3086/5514/1638 3084/5515/1636 3082/5516/1634 3080/5517/1632 3078/5518/1630 3076/5519/1628 3074/5520/1626 3072/5521/1624 3070/5522/1622 3068/5523/1620 3066/5524/1618 3064/5525/1616 3062/5526/1614 3060/5527/1878 3058/5528/1610 3056/5529/1608 3054/5530/1606 3052/5531/1604
f 3091/5507/1645 3092/5506/1644 3094/5532/1646 3093/5533/1647
f 3093/5533/1647 3094/5532/1646 3048/5455/1601 3047/5454/1600
f 3047/5534/1600 3049/5535/1603 3051/5536/1605 3053/5537/1607 3055/5538/1609 3057/5539/1611 3059/5540/1879 3061/5541/1615 3063/5542/1617 3065/5543/1619 3067/5544/1621 3069/5545/1623 3071/5546/1625 3073/5547/1627 3075/5548/1629 3077/5549/1631 3079/5550/1633 3081/5551/1635 3083/5552/1637 3085/5553/1639 3087/5554/1641 3089/5555/1643 3091/5556/1645 3093/5557/1647
f 3316/5558/1673 3315/5559/1681 3107/5560/1682 3108/5561/1880
f 3314/5562/1662 3313/5563/1881 3104/5564/1882 3105/5565/1665
f 3256/5566/5 3100/5567/1666 3111/5568/1883
f 3095/5569/1668 3312/5570/1669 3101/5571/1670 3102/5572/1671
f 3098/5573/1672 3316/5558/1673 3108/5561/1880 3109/5574/1675
f 3097/5575/2 3314/5562/1662 3105/5565/1665 3106/5576/1676
f 3096/5577/1884 3095/5569/1668 3102/5572/1671 3103/5578/1678
f 3099/5579/1885 3098/5580/1672 3109/5581/1675 3110/5582/1680
f 3315/5559/1681 3097/5575/2 3106/5576/1676 3107/5560/1682
f 3313/5563/1881 3096/5583/1884 3103/5584/1678 3104/5564/1882
f 3100/5567/1666 3099/5579/1885 3110/5582/1680 3111/5568/1883
f 3312/5570/1669 3211/5585/6 3101/5571/1670
f 3103/5578/1678 3102/5572/1671 3113/5586/1683 3114/5587/1684
f 3110/5582/1680 3109/5581/1675 3120/5588/1685 3121/5589/1686
f 3107/5560/1682 3106/5576/1676 3117/5590/1687 3118/5591/1688
f 3104/5564/1882 3103/5584/1678 3114/5592/1684 3115/5593/1886
f 3111/5568/1883 3110/5582/1680 3121/5589/1686 3122/5594/1690
f 3101/5571/1670 3211/5585/6 3112/5595/1691
f 3108/5561/1880 3107/5560/1682 3118/5591/1688 3119/5596/1887
f 3105/5565/1665 3104/5564/1882 3115/5593/1886 3116/5597/1693
f 3256/5566/5 3111/5568/1883 3122/5594/1690
f 3102/5572/1671 3101/5571/1670 3112/5595/1691 3113/5586/1683
f 3109/5574/1675 3108/5561/1880 3119/5596/1887 3120/5598/1685
f 3106/5576/1676 3105/5565/1665 3116/5597/1693 3117/5590/1687
f 3116/5597/1693 3115/5593/1886 3126/5599/1888 3127/5600/1699
f 3256/5566/5 3122/5594/1690 3133/5601/1694
f 3113/5586/1683 3112/5595/1691 3123/5602/1695 3124/5603/1696
f 3120/5588/1685 3119/5604/1887 3130/5605/1889 3131/5606/1698
f 3117/5590/1687 3116/5597/1693 3127/5600/1699 3128/5607/1700
f 3114/5587/1684 3113/5586/1683 3124/5603/1696 3125/5608/1890
f 3121/5589/1686 3120/5588/1685 3131/5606/1698 3132/5609/1702
f 3118/5591/1688 3117/5590/1687 3128/5607/1700 3129/5610/1703
f 3115/5611/1886 3114/5587/1684 3125/5608/1890 3126/5612/1888
f 3122/5594/1690 3121/5589/1686 3132/5609/1702 3133/5601/1694
f 3112/5595/1691 3211/5585/6 3123/5602/1695
f 3119/5596/1887 3118/5591/1688 3129/5610/1703 3130/5613/1889
f 3126/5614/1888 3125/5615/1890 3136/5616/1705 3137/5617/1706
f 3133/5601/1694 3132/5609/1702 3143/5618/1707 3144/5619/1891
f 3123/5602/1695 3211/5585/6 3134/5620/1709
f 3130/5621/1889 3129/5622/1703 3140/5623/1892 3141/5624/1893
f 3127/5625/1699 3126/5614/1888 3137/5617/1706 3138/5626/1894
f 3256/5566/5 3133/5601/1694 3144/5619/1891
f 3124/5603/1696 3123/5602/1695 3134/5620/1709 3135/5627/1713
f 3131/5628/1698 3130/5621/1889 3141/5624/1893 3142/5629/1714
f 3128/5630/1700 3127/5625/1699 3138/5626/1894 3139/5631/1715
f 3125/5608/1890 3124/5603/1696 3135/5627/1713 3136/5632/1705
f 3132/5609/1702 3131/5606/1698 3142/5633/1714 3143/5618/1707
f 3129/5622/1703 3128/5630/1700 3139/5631/1715 3140/5623/1892
f 3139/5631/1715 3138/5626/1894 3149/5634/1725 3150/5635/3
f 3136/5632/1705 3135/5627/1713 3146/5636/1716 3147/5637/1717
f 3143/5618/1707 3142/5633/1714 3153/5638/1718 3154/5639/1719
f 3140/5623/1892 3139/5631/1715 3150/5635/3 3151/5640/1720
f 3137/5617/1706 3136/5616/1705 3147/5641/1717 3148/5642/1721
f 3144/5619/1891 3143/5618/1707 3154/5639/1719 3155/5643/1722
f 3134/5620/1709 3211/5585/6 3145/5644/1723
f 3141/5624/1893 3140/5623/1892 3151/5640/1720 3152/5645/1895
f 3138/5626/1894 3137/5617/1706 3148/5642/1721 3149/5634/1725
f 3256/5566/5 3144/5619/1891 3155/5643/1722
f 3135/5627/1713 3134/5620/1709 3145/5644/1723 3146/5636/1716
f 3142/5629/1714 3141/5624/1893 3152/5645/1895 3153/5646/1718
f 3149/5634/1725 3148/5642/1721 3159/5647/1726 3160/5648/1896
f 3256/5566/5 3155/5643/1722 3166/5649/1728
f 3146/5636/1716 3145/5644/1723 3156/5650/1897 3157/5651/1730
f 3153/5646/1718 3152/5645/1895 3163/5652/1731 3164/5653/1732
f 3150/5635/3 3149/5634/1725 3160/5648/1896 3161/5654/1733
f 3147/5637/1717 3146/5636/1716 3157/5651/1730 3158/5655/1734
f 3154/5639/1719 3153/5638/1718 3164/5656/1732 3165/5657/1735
f 3151/5640/1720 3150/5635/3 3161/5654/1733 3162/5658/1898
f 3148/5642/1721 3147/5641/1717 3158/5659/1734 3159/5647/1726
f 3155/5643/1722 3154/5639/1719 3165/5657/1735 3166/5649/1728
f 3145/5644/1723 3211/5585/6 3156/5650/1897
f 3152/5645/1895 3151/5640/1720 3162/5658/1898 3163/5652/1731
f 3162/5658/1898 3161/5654/1733 3172/5660/1747 3173/5661/1742
f 3159/5647/1726 3158/5659/1734 3169/5662/1737 3170/5663/1738
f 3166/5649/1728 3165/5657/1735 3176/5664/1739 3177/5665/1740
f 3156/5650/1897 3211/5585/6 3167/5666/1741
f 3163/5652/1731 3162/5658/1898 3173/5661/1742 3174/5667/1743
f 3160/5648/1896 3159/5647/1726 3170/5663/1738 3171/5668/1744
f 3256/5566/5 3166/5649/1728 3177/5665/1740
f 3157/5651/1730 3156/5650/1897 3167/5666/1741 3168/5669/1745
f 3164/5653/1732 3163/5652/1731 3174/5667/1743 3175/5670/1746
f 3161/5654/1733 3160/5648/1896 3171/5668/1744 3172/5660/1747
f 3158/5655/1734 3157/5651/1730 3168/5669/1745 3169/5671/1737
f 3165/5657/1735 3164/5656/1732 3175/5672/1746 3176/5664/1739
f 3172/5660/1747 3171/5668/1744 3182/5673/1748 3183/5674/1749
f 3169/5671/1737 3168/5669/1745 3179/5675/1750 3180/5676/1751
f 3176/5664/1739 3175/5672/1746 3186/5677/1752 3187/5678/1753
f 3173/5661/1742 3172/5660/1747 3183/5674/1749 3184/5679/1754
f 3170/5680/1738 3169/5671/1737 3180/5676/1751 3181/5681/1755
f 3177/5665/1740 3176/5664/1739 3187/5678/1753 3188/5682/1756
f 3167/5666/1741 3211/5585/6 3178/5683/1757
f 3174/5667/1743 3173/5661/1742 3184/5679/1754 3185/5684/1758
f 3171/5668/1744 3170/5663/1738 3181/5685/1755 3182/5673/1748
f 3256/5566/5 3177/5665/1740 3188/5682/1756
f 3168/5669/1745 3167/5666/1741 3178/5683/1757 3179/5675/1750
f 3175/5672/1746 3174/5686/1743 3185/5687/1758 3186/5677/1752
f 3185/5688/1758 3184/5689/1754 3195/5690/1769 3196/5691/1764
f 3182/5692/1748 3181/5693/1755 3192/5694/1759 3193/5695/1760
f 3256/5566/5 3188/5682/1756 3199/5696/1899
f 3179/5675/1750 3178/5683/1757 3189/5697/1900 3190/5698/1763
f 3186/5699/1752 3185/5688/1758 3196/5691/1764 3197/5700/1765
f 3183/5701/1749 3182/5692/1748 3193/5695/1760 3194/5702/1766
f 3180/5676/1751 3179/5675/1750 3190/5698/1763 3191/5703/1767
f 3187/5678/1753 3186/5677/1752 3197/5704/1765 3198/5705/1768
f 3184/5689/1754 3183/5701/1749 3194/5702/1766 3195/5690/1769
f 3181/5693/1755 3180/5706/1751 3191/5707/1767 3192/5694/1759
f 3188/5682/1756 3187/5678/1753 3198/5705/1768 3199/5696/1899
f 3178/5683/1757 3211/5585/6 3189/5697/1900
f 3195/5690/1769 3194/5702/1766 3205/5708/4 3206/5709/1770
f 3192/5694/1759 3191/5707/1767 3202/5710/1771 3203/5711/1772
f 3199/5696/1899 3198/5705/1768 3209/5712/1901 3210/5713/1774
f 3189/5697/1900 3211/5585/6 3200/5714/1775
f 3196/5691/1764 3195/5690/1769 3206/5709/1770 3207/5715/1776
f 3193/5695/1760 3192/5694/1759 3203/5711/1772 3204/5716/1777
f 3256/5566/5 3199/5696/1899 3210/5713/1774
f 3190/5698/1763 3189/5697/1900 3200/5714/1775 3201/5717/1902
f 3197/5700/1765 3196/5691/1764 3207/5715/1776 3208/5718/1779
f 3194/5702/1766 3193/5695/1760 3204/5716/1777 3205/5708/4
f 3191/5703/1767 3190/5698/1763 3201/5717/1902 3202/5719/1771
f 3198/5705/1768 3197/5704/1765 3208/5720/1779 3209/5712/1901
f 3208/5718/1779 3207/5715/1776 3219/5721/1790 3220/5722/1784
f 3205/5708/4 3204/5716/1777 3216/5723/1780 3217/5724/1781
f 3202/5719/1771 3201/5717/1902 3213/5725/1782 3214/5726/1783
f 3209/5712/1901 3208/5720/1779 3220/5727/1784 3221/5728/1785
f 3206/5709/1770 3205/5708/4 3217/5724/1781 3218/5729/1786
f 3203/5711/1772 3202/5710/1771 3214/5730/1783 3215/5731/1787
f 3210/5713/1774 3209/5712/1901 3221/5728/1785 3222/5732/1788
f 3200/5714/1775 3211/5585/6 3212/5733/1903
f 3207/5715/1776 3206/5709/1770 3218/5729/1786 3219/5721/1790
f 3204/5716/1777 3203/5711/1772 3215/5731/1787 3216/5723/1780
f 3256/5566/5 3210/5713/1774 3222/5732/1788
f 3201/5717/1902 3200/5714/1775 3212/5733/1903 3213/5725/1782
f 3212/5733/1903 3211/5585/6 3223/5734/1796
f 3219/5721/1790 3218/5729/1786 3229/5735/1791 3230/5736/1792
f 3216/5723/1780 3215/5731/1787 3226/5737/1793 3227/5738/1794
f 3256/5566/5 3222/5732/1788 3233/5739/1795
f 3213/5725/1782 3212/5733/1903 3223/5734/1796 3224/5740/1797
f 3220/5722/1784 3219/5721/1790 3230/5736/1792 3231/5741/1798
f 3217/5724/1781 3216/5723/1780 3227/5738/1794 3228/5742/1799
f 3214/5726/1783 3213/5725/1782 3224/5740/1797 3225/5743/1800
f 3221/5728/1785 3220/5727/1784 3231/5744/1798 3232/5745/1801
f 3218/5729/1786 3217/5724/1781 3228/5742/1799 3229/5735/1791
f 3215/5731/1787 3214/5730/1783 3225/5746/1800 3226/5737/1793
f 3222/5732/1788 3221/5728/1785 3232/5745/1801 3233/5739/1795
f 3232/5745/1801 3231/5744/1798 3242/5747/1812 3243/5748/1806
f 3229/5735/1791 3228/5742/1799 3239/5749/1802 3240/5750/1803
f 3226/5751/1793 3225/5743/1800 3236/5752/1804 3237/5753/1805
f 3233/5739/1795 3232/5745/1801 3243/5748/1806 3244/5754/1807
f 3223/5734/1796 3211/5585/6 3234/5755/1808
f 3230/5736/1792 3229/5735/1791 3240/5750/1803 3241/5756/1809
f 3227/5738/1794 3226/5737/1793 3237/5757/1805 3238/5758/1810
f 3256/5566/5 3233/5739/1795 3244/5754/1807
f 3224/5740/1797 3223/5734/1796 3234/5755/1808 3235/5759/1811
f 3231/5744/1798 3230/5760/1792 3241/5761/1809 3242/5747/1812
f 3228/5742/1799 3227/5738/1794 3238/5758/1810 3239/5749/1802
f 3225/5743/1800 3224/5740/1797 3235/5759/1811 3236/5752/1804
f 3235/5759/1811 3234/5755/1808 3245/5762/1823 3246/5763/1817
f 3242/5764/1812 3241/5765/1809 3252/5766/1904 3253/5767/1814
f 3239/5768/1802 3238/5769/1810 3249/5770/1815 3250/5771/1816
f 3236/5752/1804 3235/5759/1811 3246/5763/1817 3247/5772/1818
f 3243/5748/1806 3242/5747/1812 3253/5773/1814 3254/5774/1819
f 3240/5775/1803 3239/5768/1802 3250/5771/1816 3251/5776/1820
f 3237/5777/1805 3236/5778/1804 3247/5779/1818 3248/5780/1821
f 3244/5754/1807 3243/5748/1806 3254/5774/1819 3255/5781/1905
f 3234/5755/1808 3211/5585/6 3245/5762/1823
f 3241/5765/1809 3240/5775/1803 3251/5776/1820 3252/5766/1904
f 3238/5769/1810 3237/5777/1805 3248/5780/1821 3249/5770/1815
f 3256/5566/5 3244/5754/1807 3255/5781/1905
f 3255/5781/1905 3254/5774/1819 3266/5782/1833 3267/5783/1829
f 3245/5762/1823 3211/5585/6 3257/5784/1824
f 3252/5766/1904 3251/5776/1820 3263/5785/1825 3264/5786/1826
f 3249/5770/1815 3248/5780/1821 3260/5787/1827 3261/5788/1828
f 3256/5566/5 3255/5781/1905 3267/5783/1829
f 3246/5763/1817 3245/5762/1823 3257/5784/1824 3258/5789/1830
f 3253/5767/1814 3252/5766/1904 3264/5786/1826 3265/5790/1831
f 3250/5771/1816 3249/5770/1815 3261/5788/1828 3262/5791/1
f 3247/5772/1818 3246/5763/1817 3258/5789/1830 3259/5792/1832
f 3254/5774/1819 3253/5773/1814 3265/5793/1831 3266/5782/1833
f 3251/5776/1820 3250/5771/1816 3262/5791/1 3263/5785/1825
f 3248/5780/1821 3247/5779/1818 3259/5794/1832 3260/5787/1827
f 3259/5792/1832 3258/5789/1830 3269/5795/1844 3270/5796/1838
f 3266/5782/1833 3265/5793/1831 3276/5797/1834 3277/5798/1835
f 3263/5785/1825 3262/5791/1 3273/5799/1836 3274/5800/1837
f 3260/5787/1827 3259/5794/1832 3270/5801/1838 3271/5802/1839
f 3267/5783/1829 3266/5782/1833 3277/5798/1835 3278/5803/1840
f 3257/5784/1824 3211/5585/6 3268/5804/1841
f 3264/5786/1826 3263/5785/1825 3274/5800/1837 3275/5805/1842
f 3261/5788/1828 3260/5787/1827 3271/5802/1839 3272/5806/1843
f 3256/5566/5 3267/5783/1829 3278/5803/1840
f 3258/5789/1830 3257/5784/1824 3268/5804/1841 3269/5795/1844
f 3265/5790/1831 3264/5786/1826 3275/5805/1842 3276/5807/1834
f 3262/5791/1 3261/5788/1828 3272/5806/1843 3273/5799/1836
f 3256/5566/5 3278/5803/1840 3289/5808/1855
f 3269/5795/1844 3268/5804/1841 3279/5809/1845 3280/5810/1846
f 3276/5807/1834 3275/5805/1842 3286/5811/1906 3287/5812/1848
f 3273/5799/1836 3272/5806/1843 3283/5813/1849 3284/5814/1850
f 3270/5796/1838 3269/5795/1844 3280/5810/1846 3281/5815/1907
f 3277/5798/1835 3276/5797/1834 3287/5816/1848 3288/5817/1852
f 3274/5800/1837 3273/5799/1836 3284/5814/1850 3285/5818/1853
f 3271/5802/1839 3270/5801/1838 3281/5819/1907 3282/5820/1908
f 3278/5803/1840 3277/5798/1835 3288/5817/1852 3289/5808/1855
f 3268/5804/1841 3211/5585/6 3279/5809/1845
f 3275/5805/1842 3274/5800/1837 3285/5818/1853 3286/5811/1906
f 3272/5806/1843 3271/5802/1839 3282/5820/1908 3283/5813/1849
f 3282/5821/1908 3281/5815/1907 3292/5822/1866 3293/5823/1861
f 3289/5808/1855 3288/5817/1852 3299/5824/1856 3300/5825/1857
f 3279/5809/1845 3211/5585/6 3290/5826/1858
f 3286/5811/1906 3285/5818/1853 3296/5827/1859 3297/5828/1909
f 3283/5813/1849 3282/5820/1908 3293/5829/1861 3294/5830/1862
f 3256/5566/5 3289/5808/1855 3300/5825/1857
f 3280/5810/1846 3279/5809/1845 3290/5826/1858 3291/5831/1863
f 3287/5816/1848 3286/5832/1906 3297/5833/1909 3298/5834/1864
f 3284/5814/1850 3283/5813/1849 3294/5830/1862 3295/5835/1865
f 3281/5815/1907 3280/5810/1846 3291/5831/1863 3292/5822/1866
f 3288/5817/1852 3287/5816/1848 3298/5834/1864 3299/5824/1856
f 3285/5818/1853 3284/5814/1850 3295/5835/1865 3296/5827/1859
f 3292/5822/1866 3291/5831/1863 3302/5836/1867 3303/5837/1910
f 3299/5824/1856 3298/5834/1864 3309/5838/1869 3310/5839/1870
f 3296/5840/1859 3295/5841/1865 3306/5842/1871 3307/5843/1872
f 3293/5844/1861 3292/5845/1866 3303/5846/1910 3304/5847/1873
f 3300/5825/1857 3299/5824/1856 3310/5839/1870 3311/5848/1874
f 3290/5826/1858 3211/5585/6 3301/5849/1875
f 3297/5850/1909 3296/5840/1859 3307/5843/1872 3308/5851/1876
f 3294/5852/1862 3293/5844/1861 3304/5847/1873 3305/5853/1877
f 3256/5566/5 3300/5825/1857 3311/5848/1874
f 3291/5831/1863 3290/5826/1858 3301/5849/1875 3302/5836/1867
f 3298/5854/1864 3297/5850/1909 3308/5851/1876 3309/5855/1869
f 3295/5841/1865 3294/5852/1862 3305/5853/1877 3306/5842/1871
f 3305/5853/1877 3304/5847/1873 3313/5563/1881 3314/5562/1662
f 3256/5566/5 3311/5848/1874 3100/5567/1666
f 3302/5836/1867 3301/5849/1875 3312/5570/1669 3095/5569/1668
f 3309/5855/1869 3308/5851/1876 3316/5558/1673 3098/5573/1672
f 3306/5842/1871 3305/5853/1877 3314/5562/1662 3097/5575/2
f 3303/5837/1910 3302/5836/1867 3095/5569/1668 3096/5577/1884
f 3310/5839/1870 3309/5838/1869 3098/5580/1672 3099/5579/1885
f 3307/5843/1872 3306/5842/1871 3097/5575/2 3315/5559/1681
f 3304/5847/1873 3303/5846/1910 3096/5583/1884 3313/5563/1881
f 3311/5848/1874 3310/5839/1870 3099/5579/1885 3100/5567/1666
f 3301/5849/1875 3211/5585/6 3312/5570/1669
f 3308/5851/1876 3307/5843/1872 3315/5559/1681 3316/5558/1673
f 3365/5856/5 3538/5857/1911 3331/5858/1912
f 3318/5859/1913 3317/5860/1914 3321/5861/1915 3322/5862/1916
f 3537/5863/1917 3536/5864/1918 3328/5865/1919 3329/5866/1920
f 3319/5867/2 3534/5868/1921 3325/5869/1922 3326/5870/1923
f 3532/5871/1924 3318/5872/1913 3322/5873/1916 3323/5874/1925
f 3320/5875/1926 3537/5863/1917 3329/5866/1920 3330/5876/1927
f 3535/5877/1928 3319/5867/2 3326/5870/1923 3327/5878/1929
f 3533/5879/1930 3532/5871/1924 3323/5874/1925 3324/5880/1931
f 3538/5857/1911 3320/5881/1926 3330/5882/1927 3331/5858/1912
f 3317/5860/1914 3454/5883/6 3321/5861/1915
f 3536/5864/1918 3535/5877/1928 3327/5878/1929 3328/5865/1919
f 3534/5868/1921 3533/5879/1930 3324/5880/1931 3325/5869/1922
f 3327/5878/1929 3326/5870/1923 3337/5884/1932 3338/5885/1933
f 3324/5880/1931 3323/5874/1925 3334/5886/1934 3335/5887/1935
f 3331/5858/1912 3330/5882/1927 3341/5888/1936 3342/5889/1937
f 3321/5861/1915 3454/5883/6 3332/5890/1938
f 3328/5865/1919 3327/5878/1929 3338/5885/1933 3339/5891/1939
f 3325/5869/1922 3324/5880/1931 3335/5887/1935 3336/5892/1940
f 3365/5856/5 3331/5858/1912 3342/5889/1937
f 3322/5862/1916 3321/5861/1915 3332/5890/1938 3333/5893/1941
f 3329/5866/1920 3328/5865/1919 3339/5891/1939 3340/5894/1942
f 3326/5870/1923 3325/5869/1922 3336/5892/1940 3337/5884/1932
f 3323/5895/1925 3322/5862/1916 3333/5893/1941 3334/5896/1934
f 3330/5882/1927 3329/5897/1920 3340/5898/1942 3341/5888/1936
f 3340/5894/1942 3339/5891/1939 3350/5899/1943 3351/5900/1944
f 3337/5884/1932 3336/5892/1940 3347/5901/1945 3348/5902/1946
f 3334/5896/1934 3333/5893/1941 3344/5903/1947 3345/5904/1948
f 3341/5888/1936 3340/5898/1942 3351/5905/1944 3352/5906/1949
f 3338/5885/1933 3337/5884/1932 3348/5902/1946 3349/5907/1950
f 3335/5887/1935 3334/5886/1934 3345/5908/1948 3346/5909/1951
f 3342/5889/1937 3341/5888/1936 3352/5906/1949 3353/5910/1952
f 3332/5890/1938 3454/5883/6 3343/5911/1953
f 3339/5891/1939 3338/5885/1933 3349/5907/1950 3350/5899/1943
f 3336/5892/1940 3335/5887/1935 3346/5909/1951 3347/5901/1945
f 3365/5856/5 3342/5889/1937 3353/5910/1952
f 3333/5893/1941 3332/5890/1938 3343/5911/1953 3344/5903/1947
f 3343/5911/1953 3454/5883/6 3354/5912/1954
f 3350/5899/1943 3349/5907/1950 3360/5913/1955 3361/5914/1956
f 3347/5901/1945 3346/5909/1951 3357/5915/1957 3358/5916/1958
f 3365/5856/5 3353/5910/1952 3364/5917/1959
f 3344/5903/1947 3343/5911/1953 3354/5912/1954 3355/5918/1960
f 3351/5905/1944 3350/5919/1943 3361/5920/1956 3362/5921/1961
f 3348/5902/1946 3347/5901/1945 3358/5916/1958 3359/5922/1962
f 3345/5904/1948 3344/5903/1947 3355/5918/1960 3356/5923/1963
f 3352/5906/1949 3351/5905/1944 3362/5921/1961 3363/5924/1964
f 3349/5907/1950 3348/5902/1946 3359/5922/1962 3360/5913/1955
f 3346/5925/1951 3345/5904/1948 3356/5923/1963 3357/5926/1957
f 3353/5910/1952 3352/5906/1949 3363/5924/1964 3364/5917/1959
f 3363/5924/1964 3362/5921/1961 3374/5927/1965 3375/5928/1966
f 3360/5929/1955 3359/5930/1962 3371/5931/3 3372/5932/1967
f 3357/5926/1957 3356/5923/1963 3368/5933/1968 3369/5934/1969
f 3364/5917/1959 3363/5924/1964 3375/5928/1966 3376/5935/1970
f 3354/5912/1954 3454/5883/6 3366/5936/1971
f 3361/5937/1956 3360/5929/1955 3372/5932/1967 3373/5938/1972
f 3358/5939/1958 3357/5940/1957 3369/5941/1969 3370/5942/1973
f 3365/5856/5 3364/5917/1959 3376/5935/1970
f 3355/5918/1960 3354/5912/1954 3366/5936/1971 3367/5943/1974
f 3362/5921/1961 3361/5920/1956 3373/5944/1972 3374/5927/1965
f 3359/5930/1962 3358/5939/1958 3370/5942/1973 3371/5931/3
f 3356/5923/1963 3355/5918/1960 3367/5943/1974 3368/5933/1968
f 3367/5943/1974 3366/5936/1971 3377/5945/1975 3378/5946/1976
f 3374/5927/1965 3373/5944/1972 3384/5947/1977 3385/5948/1978
f 3371/5931/3 3370/5942/1973 3381/5949/1979 3382/5950/1980
f 3368/5933/1968 3367/5943/1974 3378/5946/1976 3379/5951/1981
f 3375/5928/1966 3374/5927/1965 3385/5948/1978 3386/5952/1982
f 3372/5932/1967 3371/5931/3 3382/5950/1980 3383/5953/1983
f 3369/5934/1969 3368/5933/1968 3379/5951/1981 3380/5954/1984
f 3376/5935/1970 3375/5928/1966 3386/5952/1982 3387/5955/1985
f 3366/5936/1971 3454/5883/6 3377/5945/1975
f 3373/5938/1972 3372/5932/1967 3383/5953/1983 3384/5956/1977
f 3370/5942/1973 3369/5941/1969 3380/5957/1984 3381/5949/1979
f 3365/5856/5 3376/5935/1970 3387/5955/1985
f 3387/5955/1985 3386/5952/1982 3397/5958/1986 3398/5959/1987
f 3377/5945/1975 3454/5883/6 3388/5960/1988
f 3384/5961/1977 3383/5962/1983 3394/5963/1989 3395/5964/1990
f 3381/5965/1979 3380/5966/1984 3391/5967/1991 3392/5968/1992
f 3365/5856/5 3387/5955/1985 3398/5959/1987
f 3378/5946/1976 3377/5945/1975 3388/5960/1988 3389/5969/1993
f 3385/5948/1978 3384/5947/1977 3395/5970/1990 3396/5971/1994
f 3382/5972/1980 3381/5965/1979 3392/5968/1992 3393/5973/1995
f 3379/5951/1981 3378/5946/1976 3389/5969/1993 3390/5974/1996
f 3386/5952/1982 3385/5948/1978 3396/5971/1994 3397/5958/1986
f 3383/5962/1983 3382/5972/1980 3393/5973/1995 3394/5963/1989
f 3380/5954/1984 3379/5951/1981 3390/5974/1996 3391/5975/1991
f 3390/5974/1996 3389/5969/1993 3400/5976/1997 3401/5977/1998
f 3397/5958/1986 3396/5971/1994 3407/5978/1999 3408/5979/2000
f 3394/5963/1989 3393/5973/1995 3404/5980/2001 3405/5981/2002
f 3391/5967/1991 3390/5982/1996 3401/5983/1998 3402/5984/2003
f 3398/5959/1987 3397/5958/1986 3408/5979/2000 3409/5985/2004
f 3388/5960/1988 3454/5883/6 3399/5986/2005
f 3395/5964/1990 3394/5963/1989 3405/5981/2002 3406/5987/2006
f 3392/5968/1992 3391/5967/1991 3402/5984/2003 3403/5988/2007
f 3365/5856/5 3398/5959/1987 3409/5985/2004
f 3389/5969/1993 3388/5960/1988 3399/5986/2005 3400/5976/1997
f 3396/5989/1994 3395/5964/1990 3406/5987/2006 3407/5990/1999
f 3393/5973/1995 3392/5968/1992 3403/5988/2007 3404/5980/2001
f 3365/5856/5 3409/5985/2004 3420/5991/2008
f 3400/5976/1997 3399/5986/2005 3410/5992/2009 3411/5993/2010
f 3407/5990/1999 3406/5987/2006 3417/5994/2011 3418/5995/2012
f 3404/5980/2001 3403/5988/2007 3414/5996/2013 3415/5997/2014
f 3401/5977/1998 3400/5976/1997 3411/5993/2010 3412/5998/2015
f 3408/5999/2000 3407/5990/1999 3418/5995/2012 3419/6000/2016
f 3405/5981/2002 3404/5980/2001 3415/5997/2014 3416/6001/2017
f 3402/5984/2003 3401/5983/1998 3412/6002/2015 3413/6003/2018
f 3409/5985/2004 3408/5979/2000 3419/6004/2016 3420/5991/2008
f 3399/5986/2005 3454/5883/6 3410/5992/2009
f 3406/5987/2006 3405/5981/2002 3416/6001/2017 3417/5994/2011
f 3403/5988/2007 3402/5984/2003 3413/6003/2018 3414/5996/2013
f 3413/6003/2018 3412/6002/2015 3423/6005/2019 3424/6006/2020
f 3420/5991/2008 3419/6004/2016 3430/6007/2021 3431/6008/2022
f 3410/5992/2009 3454/5883/6 3421/6009/2023
f 3417/5994/2011 3416/6001/2017 3427/6010/2024 3428/6011/2025
f 3414/5996/2013 3413/6003/2018 3424/6006/2020 3425/6012/2026
f 3365/5856/5 3420/5991/2008 3431/6008/2022
f 3411/5993/2010 3410/5992/2009 3421/6009/2023 3422/6013/2027
f 3418/5995/2012 3417/5994/2011 3428/6011/2025 3429/6014/2028
f 3415/5997/2014 3414/5996/2013 3425/6012/2026 3426/6015/4
f 3412/6002/2015 3411/6016/2010 3422/6017/2027 3423/6005/2019
f 3419/6000/2016 3418/5995/2012 3429/6014/2028 3430/6018/2021
f 3416/6001/2017 3415/5997/2014 3426/6015/4 3427/6010/2024
f 3423/6005/2019 3422/6017/2027 3433/6019/2029 3434/6020/2030
f 3430/6018/2021 3429/6014/2028 3440/6021/2031 3441/6022/2032
f 3427/6010/2024 3426/6015/4 3437/6023/2033 3438/6024/2034
f 3424/6006/2020 3423/6005/2019 3434/6020/2030 3435/6025/2035
f 3431/6008/2022 3430/6007/2021 3441/6026/2032 3442/6027/2036
f 3421/6009/2023 3454/5883/6 3432/6028/2037
f 3428/6011/2025 3427/6010/2024 3438/6024/2034 3439/6029/2038
f 3425/6012/2026 3424/6006/2020 3435/6025/2035 3436/6030/2039
f 3365/5856/5 3431/6008/2022 3442/6027/2036
f 3422/6013/2027 3421/6009/2023 3432/6028/2037 3433/6031/2029
f 3429/6014/2028 3428/6011/2025 3439/6029/2038 3440/6021/2031
f 3426/6015/4 3425/6012/2026 3436/6030/2039 3437/6023/2033
f 3436/6030/2039 3435/6025/2035 3446/6032/2040 3447/6033/2041
f 3365/5856/5 3442/6027/2036 3453/6034/2042
f 3433/6031/2029 3432/6028/2037 3443/6035/2043 3444/6036/2044
f 3440/6021/2031 3439/6029/2038 3450/6037/2045 3451/6038/2046
f 3437/6023/2033 3436/6030/2039 3447/6033/2041 3448/6039/2047
f 3434/6040/2030 3433/6031/2029 3444/6036/2044 3445/6041/2048
f 3441/6022/2032 3440/6021/2031 3451/6038/2046 3452/6042/2049
f 3438/6024/2034 3437/6023/2033 3448/6039/2047 3449/6043/2050
f 3435/6025/2035 3434/6020/2030 3445/6044/2048 3446/6032/2040
f 3442/6027/2036 3441/6026/2032 3452/6045/2049 3453/6034/2042
f 3432/6028/2037 3454/5883/6 3443/6035/2043
f 3439/6029/2038 3438/6024/2034 3449/6043/2050 3450/6037/2045
f 3446/6032/2040 3445/6044/2048 3457/6046/2051 3458/6047/2052
f 3453/6034/2042 3452/6045/2049 3464/6048/2053 3465/6049/2054
f 3443/6035/2043 3454/5883/6 3455/6050/2055
f 3450/6037/2045 3449/6043/2050 3461/6051/2056 3462/6052/2057
f 3447/6033/2041 3446/6032/2040 3458/6047/2052 3459/6053/2058
f 3365/5856/5 3453/6034/2042 3465/6049/2054
f 3444/6036/2044 3443/6035/2043 3455/6050/2055 3456/6054/2059
f 3451/6038/2046 3450/6037/2045 3462/6052/2057 3463/6055/2060
f 3448/6039/2047 3447/6033/2041 3459/6053/2058 3460/6056/2061
f 3445/6041/2048 3444/6036/2044 3456/6054/2059 3457/6057/2051
f 3452/6045/2049 3451/6058/2046 3463/6059/2060 3464/6048/2053
f 3449/6043/2050 3448/6039/2047 3460/6056/2061 3461/6051/2056
f 3460/6056/2061 3459/6053/2058 3470/6060/2062 3471/6061/2063
f 3457/6057/2051 3456/6054/2059 3467/6062/2064 3468/6063/2065
f 3464/6048/2053 3463/6059/2060 3474/6064/2066 3475/6065/2067
f 3461/6051/2056 3460/6056/2061 3471/6061/2063 3472/6066/2068
f 3458/6067/2052 3457/6057/2051 3468/6063/2065 3469/6068/2069
f 3465/6049/2054 3464/6048/2053 3475/6065/2067 3476/6069/2070
f 3455/6050/2055 3454/5883/6 3466/6070/2071
f 3462/6052/2057 3461/6051/2056 3472/6066/2068 3473/6071/2072
f 3459/6053/2058 3458/6047/2052 3469/6072/2069 3470/6060/2062
f 3365/5856/5 3465/6049/2054 3476/6069/2070
f 3456/6054/2059 3455/6050/2055 3466/6070/2071 3467/6062/2064
f 3463/6059/2060 3462/6073/2057 3473/6074/2072 3474/6064/2066
f 3470/6075/2062 3469/6076/2069 3480/6077/2073 3481/6078/2074
f 3365/5856/5 3476/6069/2070 3487/6079/2075
f 3467/6062/2064 3466/6070/2071 3477/6080/2076 3478/6081/2077
f 3474/6064/2066 3473/6074/2072 3484/6082/2078 3485/6083/2079
f 3471/6084/2063 3470/6075/2062 3481/6078/2074 3482/6085/1
f 3468/6063/2065 3467/6062/2064 3478/6081/2077 3479/6086/2080
f 3475/6065/2067 3474/6064/2066 3485/6083/2079 3486/6087/2081
f 3472/6088/2068 3471/6084/2063 3482/6085/1 3483/6089/2082
f 3469/6068/2069 3468/6063/2065 3479/6086/2080 3480/6090/2073
f 3476/6069/2070 3475/6065/2067 3486/6087/2081 3487/6079/2075
f 3466/6070/2071 3454/5883/6 3477/6080/2076
f 3473/6091/2072 3472/6088/2068 3483/6089/2082 3484/6092/2078
f 3483/6089/2082 3482/6085/1 3493/6093/2083 3494/6094/2084
f 3480/6090/2073 3479/6086/2080 3490/6095/2085 3491/6096/2086
f 3487/6079/2075 3486/6087/2081 3497/6097/2087 3498/6098/2088
f 3477/6080/2076 3454/5883/6 3488/6099/2089
f 3484/6092/2078 3483/6089/2082 3494/6094/2084 3495/6100/2090
f 3481/6078/2074 3480/6077/2073 3491/6101/2086 3492/6102/2091
f 3365/5856/5 3487/6079/2075 3498/6098/2088
f 3478/6081/2077 3477/6080/2076 3488/6099/2089 3489/6103/2092
f 3485/6083/2079 3484/6082/2078 3495/6104/2090 3496/6105/2093
f 3482/6085/1 3481/6078/2074 3492/6102/2091 3493/6093/2083
f 3479/6086/2080 3478/6081/2077 3489/6103/2092 3490/6095/2085
f 3486/6087/2081 3485/6083/2079 3496/6105/2093 3497/6097/2087
f 3493/6106/2083 3492/6107/2091 3503/6108/2094 3504/6109/2095
f 3490/6095/2085 3489/6103/2092 3500/6110/2096 3501/6111/2097
f 3497/6097/2087 3496/6105/2093 3507/6112/2098 3508/6113/2099
f 3494/6114/2084 3493/6106/2083 3504/6109/2095 3505/6115/2100
f 3491/6096/2086 3490/6095/2085 3501/6111/2097 3502/6116/2101
f 3498/6098/2088 3497/6097/2087 3508/6113/2099 3509/6117/2102
f 3488/6099/2089 3454/5883/6 3499/6118/2103
f 3495/6119/2090 3494/6114/2084 3505/6115/2100 3506/6120/2104
f 3492/6107/2091 3491/6121/2086 3502/6122/2101 3503/6108/2094
f 3365/5856/5 3498/6098/2088 3509/6117/2102
f 3489/6103/2092 3488/6099/2089 3499/6118/2103 3500/6110/2096
f 3496/6105/2093 3495/6104/2090 3506/6123/2104 3507/6112/2098
f 3506/6120/2104 3505/6115/2100 3516/6124/2105 3517/6125/2106
f 3503/6108/2094 3502/6122/2101 3513/6126/2107 3514/6127/2108
f 3365/5856/5 3509/6117/2102 3520/6128/2109
f 3500/6110/2096 3499/6118/2103 3510/6129/2110 3511/6130/2111
f 3507/6131/2098 3506/6120/2104 3517/6125/2106 3518/6132/2112
f 3504/6109/2095 3503/6108/2094 3514/6127/2108 3515/6133/2113
f 3501/6111/2097 3500/6110/2096 3511/6130/2111 3512/6134/2114
f 3508/6113/2099 3507/6112/2098 3518/6135/2112 3519/6136/2115
f 3505/6115/2100 3504/6109/2095 3515/6133/2113 3516/6124/2105
f 3502/6122/2101 3501/6137/2097 3512/6138/2114 3513/6126/2107
f 3509/6117/2102 3508/6113/2099 3519/6136/2115 3520/6128/2109
f 3499/6118/2103 3454/5883/6 3510/6129/2110
f 3516/6124/2105 3515/6133/2113 3526/6139/2116 3527/6140/2117
f 3513/6126/2107 3512/6138/2114 3523/6141/2118 3524/6142/2119
f 3520/6128/2109 3519/6136/2115 3530/6143/2120 3531/6144/2121
f 3510/6129/2110 3454/5883/6 3521/6145/2122
f 3517/6125/2106 3516/6124/2105 3527/6140/2117 3528/6146/2123
f 3514/6127/2108 3513/6126/2107 3524/6142/2119 3525/6147/2124
f 3365/5856/5 3520/6128/2109 3531/6144/2121
f 3511/6130/2111 3510/6129/2110 3521/6145/2122 3522/6148/2125
f 3518/6132/2112 3517/6125/2106 3528/6146/2123 3529/6149/2126
f 3515/6133/2113 3514/6127/2108 3525/6147/2124 3526/6139/2116
f 3512/6134/2114 3511/6130/2111 3522/6148/2125 3523/6150/2118
f 3519/6136/2115 3518/6135/2112 3529/6151/2126 3530/6143/2120
f 3529/6149/2126 3528/6146/2123 3536/5864/1918 3537/5863/1917
f 3526/6139/2116 3525/6147/2124 3534/5868/1921 3319/5867/2
f 3523/6141/2118 3522/6152/2125 3318/5872/1913 3532/5871/1924
f 3530/6153/2120 3529/6149/2126 3537/5863/1917 3320/5875/1926
f 3527/6140/2117 3526/6139/2116 3319/5867/2 3535/5877/1928
f 3524/6142/2119 3523/6141/2118 3532/5871/1924 3533/5879/1930
f 3531/6144/2121 3530/6143/2120 3320/5881/1926 3538/5857/1911
f 3521/6145/2122 3454/5883/6 3317/5860/1914
f 3528/6146/2123 3527/6140/2117 3535/5877/1928 3536/5864/1918
f 3525/6147/2124 3524/6142/2119 3533/5879/1930 3534/5868/1921
f 3365/5856/5 3531/6144/2121 3538/5857/1911
f 3522/6148/2125 3521/6145/2122 3317/5860/1914 3318/5859/1913
f 3587/6154/5 3760/6155/1911 3553/6156/1912
f 3540/6157/1913 3539/6158/1914 3543/6159/1915 3544/6160/1916
f 3759/6161/1917 3758/6162/1918 3550/6163/1919 3551/6164/1920
f 3541/6165/2 3756/6166/1921 3547/6167/1922 3548/6168/1923
f 3754/6169/1924 3540/6170/1913 3544/6171/1916 3545/6172/1925
f 3542/6173/1926 3759/6161/1917 3551/6164/1920 3552/6174/1927
f 3757/6175/1928 3541/6165/2 3548/6168/1923 3549/6176/1929
f 3755/6177/1930 3754/6169/1924 3545/6172/1925 3546/6178/1931
f 3760/6155/1911 3542/6179/1926 3552/6180/1927 3553/6156/1912
f 3539/6158/1914 3676/6181/6 3543/6159/1915
f 3758/6162/1918 3757/6175/1928 3549/6176/1929 3550/6163/1919
f 3756/6166/1921 3755/6177/1930 3546/6178/1931 3547/6167/1922
f 3549/6176/1929 3548/6168/1923 3559/6182/1932 3560/6183/1933
f 3546/6178/1931 3545/6172/1925 3556/6184/1934 3557/6185/1935
f 3553/6156/1912 3552/6180/1927 3563/6186/1936 3564/6187/1937
f 3543/6159/1915 3676/6181/6 3554/6188/1938
f 3550/6163/1919 3549/6176/1929 3560/6183/1933 3561/6189/1939
f 3547/6167/1922 3546/6178/1931 3557/6185/1935 3558/6190/1940
f 3587/6154/5 3553/6156/1912 3564/6187/1937
f 3544/6160/1916 3543/6159/1915 3554/6188/1938 3555/6191/1941
f 3551/6164/1920 3550/6163/1919 3561/6189/1939 3562/6192/1942
f 3548/6168/1923 3547/6167/1922 3558/6190/1940 3559/6182/1932
f 3545/6193/1925 3544/6160/1916 3555/6191/1941 3556/6194/1934
f 3552/6180/1927 3551/6195/1920 3562/6196/1942 3563/6186/1936
f 3562/6192/1942 3561/6189/1939 3572/6197/1943 3573/6198/1944
f 3559/6182/1932 3558/6190/1940 3569/6199/1945 3570/6200/1946
f 3556/6194/1934 3555/6191/1941 3566/6201/2127 3567/6202/1948
f 3563/6186/1936 3562/6196/1942 3573/6203/1944 3574/6204/2128
f 3560/6183/1933 3559/6182/1932 3570/6200/1946 3571/6205/1950
f 3557/6185/1935 3556/6184/1934 3567/6206/1948 3568/6207/1951
f 3564/6187/1937 3563/6186/1936 3574/6204/2128 3575/6208/1952
f 3554/6188/1938 3676/6181/6 3565/6209/1953
f 3561/6189/1939 3560/6183/1933 3571/6205/1950 3572/6197/1943
f 3558/6190/1940 3557/6185/1935 3568/6207/1951 3569/6199/1945
f 3587/6154/5 3564/6187/1937 3575/6208/1952
f 3555/6191/1941 3554/6188/1938 3565/6209/1953 3566/6201/2127
f 3565/6209/1953 3676/6181/6 3576/6210/1954
f 3572/6197/1943 3571/6205/1950 3582/6211/1955 3583/6212/1956
f 3569/6199/1945 3568/6207/1951 3579/6213/1957 3580/6214/2129
f 3587/6154/5 3575/6208/1952 3586/6215/1959
f 3566/6201/2127 3565/6209/1953 3576/6210/1954 3577/6216/1960
f 3573/6203/1944 3572/6217/1943 3583/6218/1956 3584/6219/1961
f 3570/6200/1946 3569/6199/1945 3580/6214/2129 3581/6220/1962
f 3567/6202/1948 3566/6201/2127 3577/6216/1960 3578/6221/1963
f 3574/6204/2128 3573/6203/1944 3584/6219/1961 3585/6222/1964
f 3571/6205/1950 3570/6200/1946 3581/6220/1962 3582/6211/1955
f 3568/6223/1951 3567/6202/1948 3578/6221/1963 3579/6224/1957
f 3575/6208/1952 3574/6204/2128 3585/6222/1964 3586/6215/1959
f 3585/6222/1964 3584/6219/1961 3596/6225/1965 3597/6226/1966
f 3582/6227/1955 3581/6228/1962 3593/6229/3 3594/6230/1967
f 3579/6224/1957 3578/6221/1963 3590/6231/1968 3591/6232/1969
f 3586/6215/1959 3585/6222/1964 3597/6226/1966 3598/6233/1970
f 3576/6210/1954 3676/6181/6 3588/6234/1971
f 3583/6235/1956 3582/6227/1955 3594/6230/1967 3595/6236/1972
f 3580/6237/2129 3579/6238/1957 3591/6239/1969 3592/6240/1973
f 3587/6154/5 3586/6215/1959 3598/6233/1970
f 3577/6216/1960 3576/6210/1954 3588/6234/1971 3589/6241/1974
f 3584/6219/1961 3583/6218/1956 3595/6242/1972 3596/6225/1965
f 3581/6228/1962 3580/6237/2129 3592/6240/1973 3593/6229/3
f 3578/6221/1963 3577/6216/1960 3589/6241/1974 3590/6231/1968
f 3589/6241/1974 3588/6234/1971 3599/6243/2130 3600/6244/1976
f 3596/6225/1965 3595/6242/1972 3606/6245/1977 3607/6246/1978
f 3593/6229/3 3592/6240/1973 3603/6247/1979 3604/6248/1980
f 3590/6231/1968 3589/6241/1974 3600/6244/1976 3601/6249/1981
f 3597/6226/1966 3596/6225/1965 3607/6246/1978 3608/6250/1982
f 3594/6230/1967 3593/6229/3 3604/6248/1980 3605/6251/2131
f 3591/6232/1969 3590/6231/1968 3601/6249/1981 3602/6252/1984
f 3598/6233/1970 3597/6226/1966 3608/6250/1982 3609/6253/2132
f 3588/6234/1971 3676/6181/6 3599/6243/2130
f 3595/6236/1972 3594/6230/1967 3605/6251/2131 3606/6254/1977
f 3592/6240/1973 3591/6239/1969 3602/6255/1984 3603/6247/1979
f 3587/6154/5 3598/6233/1970 3609/6253/2132
f 3609/6253/2132 3608/6250/1982 3619/6256/1986 3620/6257/1987
f 3599/6243/2130 3676/6181/6 3610/6258/1988
f 3606/6259/1977 3605/6260/2131 3616/6261/1989 3617/6262/1990
f 3603/6263/1979 3602/6264/1984 3613/6265/1991 3614/6266/1992
f 3587/6154/5 3609/6253/2132 3620/6257/1987
f 3600/6244/1976 3599/6243/2130 3610/6258/1988 3611/6267/2133
f 3607/6246/1978 3606/6245/1977 3617/6268/1990 3618/6269/1994
f 3604/6270/1980 3603/6263/1979 3614/6266/1992 3615/6271/1995
f 3601/6249/1981 3600/6244/1976 3611/6267/2133 3612/6272/1996
f 3608/6250/1982 3607/6246/1978 3618/6269/1994 3619/6256/1986
f 3605/6260/2131 3604/6270/1980 3615/6271/1995 3616/6261/1989
f 3602/6252/1984 3601/6249/1981 3612/6272/1996 3613/6273/1991
f 3612/6272/1996 3611/6267/2133 3622/6274/1997 3623/6275/1998
f 3619/6256/1986 3618/6269/1994 3629/6276/1999 3630/6277/2000
f 3616/6261/1989 3615/6271/1995 3626/6278/2001 3627/6279/2002
f 3613/6265/1991 3612/6280/1996 3623/6281/1998 3624/6282/2003
f 3620/6257/1987 3619/6256/1986 3630/6277/2000 3631/6283/2004
f 3610/6258/1988 3676/6181/6 3621/6284/2005
f 3617/6262/1990 3616/6261/1989 3627/6279/2002 3628/6285/2006
f 3614/6266/1992 3613/6265/1991 3624/6282/2003 3625/6286/2007
f 3587/6154/5 3620/6257/1987 3631/6283/2004
f 3611/6267/2133 3610/6258/1988 3621/6284/2005 3622/6274/1997
f 3618/6287/1994 3617/6262/1990 3628/6285/2006 3629/6288/1999
f 3615/6271/1995 3614/6266/1992 3625/6286/2007 3626/6278/2001
f 3587/6154/5 3631/6283/2004 3642/6289/2008
f 3622/6274/1997 3621/6284/2005 3632/6290/2009 3633/6291/2010
f 3629/6288/1999 3628/6285/2006 3639/6292/2011 3640/6293/2012
f 3626/6278/2001 3625/6286/2007 3636/6294/2134 3637/6295/2014
f 3623/6275/1998 3622/6274/1997 3633/6291/2010 3634/6296/2135
f 3630/6297/2000 3629/6288/1999 3640/6293/2012 3641/6298/2016
f 3627/6279/2002 3626/6278/2001 3637/6295/2014 3638/6299/2017
f 3624/6282/2003 3623/6281/1998 3634/6300/2135 3635/6301/2018
f 3631/6283/2004 3630/6277/2000 3641/6302/2016 3642/6289/2008
f 3621/6284/2005 3676/6181/6 3632/6290/2009
f 3628/6285/2006 3627/6279/2002 3638/6299/2017 3639/6292/2011
f 3625/6286/2007 3624/6282/2003 3635/6301/2018 3636/6294/2134
f 3635/6301/2018 3634/6300/2135 3645/6303/2019 3646/6304/2020
f 3642/6289/2008 3641/6302/2016 3652/6305/2021 3653/6306/2022
f 3632/6290/2009 3676/6181/6 3643/6307/2023
f 3639/6292/2011 3638/6299/2017 3649/6308/2024 3650/6309/2025
f 3636/6294/2134 3635/6301/2018 3646/6304/2020 3647/6310/2026
f 3587/6154/5 3642/6289/2008 3653/6306/2022
f 3633/6291/2010 3632/6290/2009 3643/6307/2023 3644/6311/2027
f 3640/6293/2012 3639/6292/2011 3650/6309/2025 3651/6312/2028
f 3637/6295/2014 3636/6294/2134 3647/6310/2026 3648/6313/4
f 3634/6300/2135 3633/6314/2010 3644/6315/2027 3645/6303/2019
f 3641/6298/2016 3640/6293/2012 3651/6312/2028 3652/6316/2021
f 3638/6299/2017 3637/6295/2014 3648/6313/4 3649/6308/2024
f 3645/6303/2019 3644/6315/2027 3655/6317/2029 3656/6318/2136
f 3652/6316/2021 3651/6312/2028 3662/6319/2031 3663/6320/2032
f 3649/6308/2024 3648/6313/4 3659/6321/2033 3660/6322/2034
f 3646/6304/2020 3645/6303/2019 3656/6318/2136 3657/6323/2035
f 3653/6306/2022 3652/6305/2021 3663/6324/2032 3664/6325/2036
f 3643/6307/2023 3676/6181/6 3654/6326/2037
f 3650/6309/2025 3649/6308/2024 3660/6322/2034 3661/6327/2038
f 3647/6310/2026 3646/6304/2020 3657/6323/2035 3658/6328/2039
f 3587/6154/5 3653/6306/2022 3664/6325/2036
f 3644/6311/2027 3643/6307/2023 3654/6326/2037 3655/6329/2029
f 3651/6312/2028 3650/6309/2025 3661/6327/2038 3662/6319/2031
f 3648/6313/4 3647/6310/2026 3658/6328/2039 3659/6321/2033
f 3658/6328/2039 3657/6323/2035 3668/6330/2040 3669/6331/2041
f 3587/6154/5 3664/6325/2036 3675/6332/2042
f 3655/6329/2029 3654/6326/2037 3665/6333/2043 3666/6334/2044
f 3662/6319/2031 3661/6327/2038 3672/6335/2045 3673/6336/2046
f 3659/6321/2033 3658/6328/2039 3669/6331/2041 3670/6337/2047
f 3656/6338/2136 3655/6329/2029 3666/6334/2044 3667/6339/2048
f 3663/6320/2032 3662/6319/2031 3673/6336/2046 3674/6340/2049
f 3660/6322/2034 3659/6321/2033 3670/6337/2047 3671/6341/2050
f 3657/6323/2035 3656/6318/2136 3667/6342/2048 3668/6330/2040
f 3664/6325/2036 3663/6324/2032 3674/6343/2049 3675/6332/2042
f 3654/6326/2037 3676/6181/6 3665/6333/2043
f 3661/6327/2038 3660/6322/2034 3671/6341/2050 3672/6335/2045
f 3668/6330/2040 3667/6342/2048 3679/6344/2051 3680/6345/2052
f 3675/6332/2042 3674/6343/2049 3686/6346/2137 3687/6347/2054
f 3665/6333/2043 3676/6181/6 3677/6348/2055
f 3672/6335/2045 3671/6341/2050 3683/6349/2056 3684/6350/2057
f 3669/6331/2041 3668/6330/2040 3680/6345/2052 3681/6351/2058
f 3587/6154/5 3675/6332/2042 3687/6347/2054
f 3666/6334/2044 3665/6333/2043 3677/6348/2055 3678/6352/2059
f 3673/6336/2046 3672/6335/2045 3684/6350/2057 3685/6353/2060
f 3670/6337/2047 3669/6331/2041 3681/6351/2058 3682/6354/2061
f 3667/6339/2048 3666/6334/2044 3678/6352/2059 3679/6355/2051
f 3674/6343/2049 3673/6356/2046 3685/6357/2060 3686/6346/2137
f 3671/6341/2050 3670/6337/2047 3682/6354/2061 3683/6349/2056
f 3682/6354/2061 3681/6351/2058 3692/6358/2062 3693/6359/2063
f 3679/6355/2051 3678/6352/2059 3689/6360/2064 3690/6361/2065
f 3686/6346/2137 3685/6357/2060 3696/6362/2066 3697/6363/2067
f 3683/6349/2056 3682/6354/2061 3693/6359/2063 3694/6364/2068
f 3680/6365/2052 3679/6355/2051 3690/6361/2065 3691/6366/2069
f 3687/6347/2054 3686/6346/2137 3697/6363/2067 3698/6367/2138
f 3677/6348/2055 3676/6181/6 3688/6368/2139
f 3684/6350/2057 3683/6349/2056 3694/6364/2068 3695/6369/2072
f 3681/6351/2058 3680/6345/2052 3691/6370/2069 3692/6358/2062
f 3587/6154/5 3687/6347/2054 3698/6367/2138
f 3678/6352/2059 3677/6348/2055 3688/6368/2139 3689/6360/2064
f 3685/6357/2060 3684/6371/2057 3695/6372/2072 3696/6362/2066
f 3692/6373/2062 3691/6374/2069 3702/6375/2073 3703/6376/2074
f 3587/6154/5 3698/6367/2138 3709/6377/2075
f 3689/6360/2064 3688/6368/2139 3699/6378/2076 3700/6379/2077
f 3696/6362/2066 3695/6372/2072 3706/6380/2078 3707/6381/2079
f 3693/6382/2063 3692/6373/2062 3703/6376/2074 3704/6383/1
f 3690/6361/2065 3689/6360/2064 3700/6379/2077 3701/6384/2080
f 3697/6363/2067 3696/6362/2066 3707/6381/2079 3708/6385/2081
f 3694/6386/2068 3693/6382/2063 3704/6383/1 3705/6387/2082
f 3691/6366/2069 3690/6361/2065 3701/6384/2080 3702/6388/2073
f 3698/6367/2138 3697/6363/2067 3708/6385/2081 3709/6377/2075
f 3688/6368/2139 3676/6181/6 3699/6378/2076
f 3695/6389/2072 3694/6386/2068 3705/6387/2082 3706/6390/2078
f 3705/6387/2082 3704/6383/1 3715/6391/2083 3716/6392/2140
f 3702/6388/2073 3701/6384/2080 3712/6393/2085 3713/6394/2086
f 3709/6377/2075 3708/6385/2081 3719/6395/2087 3720/6396/2088
f 3699/6378/2076 3676/6181/6 3710/6397/2089
f 3706/6390/2078 3705/6387/2082 3716/6392/2140 3717/6398/2090
f 3703/6376/2074 3702/6375/2073 3713/6399/2086 3714/6400/2091
f 3587/6154/5 3709/6377/2075 3720/6396/2088
f 3700/6379/2077 3699/6378/2076 3710/6397/2089 3711/6401/2092
f 3707/6381/2079 3706/6380/2078 3717/6402/2090 3718/6403/2093
f 3704/6383/1 3703/6376/2074 3714/6400/2091 3715/6391/2083
f 3701/6384/2080 3700/6379/2077 3711/6401/2092 3712/6393/2085
f 3708/6385/2081 3707/6381/2079 3718/6403/2093 3719/6395/2087
f 3715/6404/2083 3714/6405/2091 3725/6406/2094 3726/6407/2095
f 3712/6393/2085 3711/6401/2092 3722/6408/2096 3723/6409/2097
f 3719/6395/2087 3718/6403/2093 3729/6410/2098 3730/6411/2099
f 3716/6412/2140 3715/6404/2083 3726/6407/2095 3727/6413/2100
f 3713/6394/2086 3712/6393/2085 3723/6409/2097 3724/6414/2101
f 3720/6396/2088 3719/6395/2087 3730/6411/2099 3731/6415/2102
f 3710/6397/2089 3676/6181/6 3721/6416/2103
f 3717/6417/2090 3716/6412/2140 3727/6413/2100 3728/6418/2104
f 3714/6405/2091 3713/6419/2086 3724/6420/2101 3725/6406/2094
f 3587/6154/5 3720/6396/2088 3731/6415/2102
f 3711/6401/2092 3710/6397/2089 3721/6416/2103 3722/6408/2096
f 3718/6403/2093 3717/6402/2090 3728/6421/2104 3729/6410/2098
f 3728/6418/2104 3727/6413/2100 3738/6422/2105 3739/6423/2106
f 3725/6406/2094 3724/6420/2101 3735/6424/2107 3736/6425/2108
f 3587/6154/5 3731/6415/2102 3742/6426/2109
f 3722/6408/2096 3721/6416/2103 3732/6427/2110 3733/6428/2111
f 3729/6429/2098 3728/6418/2104 3739/6423/2106 3740/6430/2112
f 3726/6407/2095 3725/6406/2094 3736/6425/2108 3737/6431/2113
f 3723/6409/2097 3722/6408/2096 3733/6428/2111 3734/6432/2114
f 3730/6411/2099 3729/6410/2098 3740/6433/2112 3741/6434/2115
f 3727/6413/2100 3726/6407/2095 3737/6431/2113 3738/6422/2105
f 3724/6420/2101 3723/6435/2097 3734/6436/2114 3735/6424/2107
f 3731/6415/2102 3730/6411/2099 3741/6434/2115 3742/6426/2109
f 3721/6416/2103 3676/6181/6 3732/6427/2110
f 3738/6422/2105 3737/6431/2113 3748/6437/2116 3749/6438/2117
f 3735/6424/2107 3734/6436/2114 3745/6439/2118 3746/6440/2119
f 3742/6426/2109 3741/6434/2115 3752/6441/2120 3753/6442/2121
f 3732/6427/2110 3676/6181/6 3743/6443/2122
f 3739/6423/2106 3738/6422/2105 3749/6438/2117 3750/6444/2123
f 3736/6425/2108 3735/6424/2107 3746/6440/2119 3747/6445/2141
f 3587/6154/5 3742/6426/2109 3753/6442/2121
f 3733/6428/2111 3732/6427/2110 3743/6443/2122 3744/6446/2125
f 3740/6430/2112 3739/6423/2106 3750/6444/2123 3751/6447/2126
f 3737/6431/2113 3736/6425/2108 3747/6445/2141 3748/6437/2116
f 3734/6432/2114 3733/6428/2111 3744/6446/2125 3745/6448/2118
f 3741/6434/2115 3740/6433/2112 3751/6449/2126 3752/6441/2120
f 3751/6447/2126 3750/6444/2123 3758/6162/1918 3759/6161/1917
f 3748/6437/2116 3747/6445/2141 3756/6166/1921 3541/6165/2
f 3745/6439/2118 3744/6450/2125 3540/6170/1913 3754/6169/1924
f 3752/6451/2120 3751/6447/2126 3759/6161/1917 3542/6173/1926
f 3749/6438/2117 3748/6437/2116 3541/6165/2 3757/6175/1928
f 3746/6440/2119 3745/6439/2118 3754/6169/1924 3755/6177/1930
f 3753/6442/2121 3752/6441/2120 3542/6179/1926 3760/6155/1911
f 3743/6443/2122 3676/6181/6 3539/6158/1914
f 3750/6444/2123 3749/6438/2117 3757/6175/1928 3758/6162/1918
f 3747/6445/2141 3746/6440/2119 3755/6177/1930 3756/6166/1921
f 3587/6154/5 3753/6442/2121 3760/6155/1911
f 3744/6446/2125 3743/6443/2122 3539/6158/1914 3540/6157/1913
f 3761/6452/1914 3898/6453/6 3765/6454/1915
f 3980/6455/1918 3979/6456/1928 3771/6457/1929 3772/6458/1919
f 3978/6459/1921 3977/6460/1930 3768/6461/1931 3769/6462/2142
f 3809/6463/5 3982/6464/1911 3775/6465/1912
f 3762/6466/1913 3761/6452/1914 3765/6454/1915 3766/6467/1916
f 3981/6468/1917 3980/6455/1918 3772/6458/1919 3773/6469/1920
f 3763/6470/2 3978/6459/1921 3769/6462/2142 3770/6471/1923
f 3976/6472/1924 3762/6473/1913 3766/6474/1916 3767/6475/1925
f 3764/6476/1926 3981/6468/1917 3773/6469/1920 3774/6477/1927
f 3979/6456/1928 3763/6470/2 3770/6471/1923 3771/6457/1929
f 3977/6460/1930 3976/6472/1924 3767/6475/1925 3768/6461/1931
f 3982/6464/1911 3764/6478/1926 3774/6479/1927 3775/6465/1912
f 3770/6471/1923 3769/6462/2142 3780/6480/1940 3781/6481/1932
f 3767/6482/1925 3766/6467/1916 3777/6483/1941 3778/6484/1934
f 3774/6479/1927 3773/6485/1920 3784/6486/1942 3785/6487/1936
f 3771/6457/1929 3770/6471/1923 3781/6481/1932 3782/6488/1933
f 3768/6461/1931 3767/6475/1925 3778/6489/1934 3779/6490/1935
f 3775/6465/1912 3774/6479/1927 3785/6487/1936 3786/6491/1937
f 3765/6454/1915 3898/6453/6 3776/6492/1938
f 3772/6458/1919 3771/6457/1929 3782/6488/1933 3783/6493/1939
f 3769/6462/2142 3768/6461/1931 3779/6490/1935 3780/6480/1940
f 3809/6463/5 3775/6465/1912 3786/6491/1937
f 3766/6467/1916 3765/6454/1915 3776/6492/1938 3777/6483/1941
f 3773/6469/1920 3772/6458/1919 3783/6493/1939 3784/6494/1942
f 3780/6480/1940 3779/6490/1935 3790/6495/1951 3791/6496/1945
f 3809/6463/5 3786/6491/1937 3797/6497/1952
f 3777/6483/1941 3776/6492/1938 3787/6498/1953 3788/6499/1947
f 3784/6494/1942 3783/6493/1939 3794/6500/1943 3795/6501/1944
f 3781/6481/1932 3780/6480/1940 3791/6496/1945 3792/6502/1946
f 3778/6484/1934 3777/6483/1941 3788/6499/1947 3789/6503/1948
f 3785/6487/1936 3784/6486/1942 3795/6504/1944 3796/6505/1949
f 3782/6488/1933 3781/6481/1932 3792/6502/1946 3793/6506/1950
f 3779/6490/1935 3778/6489/1934 3789/6507/1948 3790/6495/1951
f 3786/6491/1937 3785/6487/1936 3796/6505/1949 3797/6497/1952
f 3776/6492/1938 3898/6453/6 3787/6498/1953
f 3783/6493/1939 3782/6488/1933 3793/6506/1950 3794/6500/1943
f 3793/6506/1950 3792/6502/1946 3803/6508/1962 3804/6509/1955
f 3790/6510/1951 3789/6503/1948 3800/6511/1963 3801/6512/1957
f 3797/6497/1952 3796/6505/1949 3807/6513/1964 3808/6514/1959
f 3787/6498/1953 3898/6453/6 3798/6515/1954
f 3794/6500/1943 3793/6506/1950 3804/6509/1955 3805/6516/1956
f 3791/6496/1945 3790/6495/1951 3801/6517/1957 3802/6518/2129
f 3809/6463/5 3797/6497/1952 3808/6514/1959
f 3788/6499/1947 3787/6498/1953 3798/6515/1954 3799/6519/1960
f 3795/6504/1944 3794/6520/1943 3805/6521/1956 3806/6522/1961
f 3792/6502/1946 3791/6496/1945 3802/6518/2129 3803/6508/1962
f 3789/6503/1948 3788/6499/1947 3799/6519/1960 3800/6511/1963
f 3796/6505/1949 3795/6504/1944 3806/6522/1961 3807/6513/1964
f 3803/6523/1962 3802/6524/2129 3814/6525/1973 3815/6526/3
f 3800/6511/1963 3799/6519/1960 3811/6527/1974 3812/6528/1968
f 3807/6513/1964 3806/6522/1961 3818/6529/1965 3819/6530/1966
f 3804/6531/1955 3803/6523/1962 3815/6526/3 3816/6532/1967
f 3801/6512/1957 3800/6511/1963 3812/6528/1968 3813/6533/1969
f 3808/6514/1959 3807/6513/1964 3819/6530/1966 3820/6534/1970
f 3798/6515/1954 3898/6453/6 3810/6535/1971
f 3805/6536/1956 3804/6531/1955 3816/6532/1967 3817/6537/1972
f 3802/6524/2129 3801/6538/1957 3813/6539/1969 3814/6525/1973
f 3809/6463/5 3808/6514/1959 3820/6534/1970
f 3799/6519/1960 3798/6515/1954 3810/6535/1971 3811/6527/1974
f 3806/6522/1961 3805/6521/1956 3817/6540/1972 3818/6529/1965
f 3817/6537/1972 3816/6532/1967 3827/6541/2131 3828/6542/1977
f 3814/6525/1973 3813/6539/1969 3824/6543/1984 3825/6544/1979
f 3809/6463/5 3820/6534/1970 3831/6545/1985
f 3811/6527/1974 3810/6535/1971 3821/6546/1975 3822/6547/1976
f 3818/6529/1965 3817/6540/1972 3828/6548/1977 3829/6549/1978
f 3815/6526/3 3814/6525/1973 3825/6544/1979 3826/6550/1980
f 3812/6528/1968 3811/6527/1974 3822/6547/1976 3823/6551/1981
f 3819/6530/1966 3818/6529/1965 3829/6549/1978 3830/6552/1982
f 3816/6532/1967 3815/6526/3 3826/6550/1980 3827/6541/2131
f 3813/6533/1969 3812/6528/1968 3823/6551/1981 3824/6553/1984
f 3820/6534/1970 3819/6530/1966 3830/6552/1982 3831/6545/1985
f 3810/6535/1971 3898/6453/6 3821/6546/1975
f 3827/6554/2131 3826/6555/1980 3837/6556/1995 3838/6557/1989
f 3824/6553/1984 3823/6551/1981 3834/6558/1996 3835/6559/1991
f 3831/6545/1985 3830/6552/1982 3841/6560/2143 3842/6561/1987
f 3821/6546/1975 3898/6453/6 3832/6562/1988
f 3828/6563/1977 3827/6554/2131 3838/6557/1989 3839/6564/1990
f 3825/6565/1979 3824/6566/1984 3835/6567/1991 3836/6568/1992
f 3809/6463/5 3831/6545/1985 3842/6561/1987
f 3822/6547/1976 3821/6546/1975 3832/6562/1988 3833/6569/2133
f 3829/6549/1978 3828/6548/1977 3839/6570/1990 3840/6571/1994
f 3826/6555/1980 3825/6565/1979 3836/6568/1992 3837/6556/1995
f 3823/6551/1981 3822/6547/1976 3833/6569/2133 3834/6558/1996
f 3830/6552/1982 3829/6549/1978 3840/6571/1994 3841/6560/2143
f 3840/6572/1994 3839/6564/1990 3850/6573/2006 3851/6574/1999
f 3837/6556/1995 3836/6568/1992 3847/6575/2007 3848/6576/2001
f 3834/6558/1996 3833/6569/2133 3844/6577/1997 3845/6578/1998
f 3841/6560/2143 3840/6571/1994 3851/6579/1999 3852/6580/2000
f 3838/6557/1989 3837/6556/1995 3848/6576/2001 3849/6581/2002
f 3835/6567/1991 3834/6582/1996 3845/6583/1998 3846/6584/2003
f 3842/6561/1987 3841/6560/2143 3852/6580/2000 3853/6585/2004
f 3832/6562/1988 3898/6453/6 3843/6586/2005
f 3839/6564/1990 3838/6557/1989 3849/6581/2002 3850/6573/2006
f 3836/6568/1992 3835/6567/1991 3846/6584/2003 3847/6575/2007
f 3809/6463/5 3842/6561/1987 3853/6585/2004
f 3833/6569/2133 3832/6562/1988 3843/6586/2005 3844/6577/1997
f 3843/6586/2005 3898/6453/6 3854/6587/2009
f 3850/6573/2006 3849/6581/2002 3860/6588/2017 3861/6589/2011
f 3847/6575/2007 3846/6584/2003 3857/6590/2018 3858/6591/2134
f 3809/6463/5 3853/6585/2004 3864/6592/2008
f 3844/6577/1997 3843/6586/2005 3854/6587/2009 3855/6593/2010
f 3851/6574/1999 3850/6573/2006 3861/6589/2011 3862/6594/2144
f 3848/6576/2001 3847/6575/2007 3858/6591/2134 3859/6595/2014
f 3845/6578/1998 3844/6577/1997 3855/6593/2010 3856/6596/2135
f 3852/6597/2000 3851/6574/1999 3862/6594/2144 3863/6598/2016
f 3849/6581/2002 3848/6576/2001 3859/6595/2014 3860/6588/2017
f 3846/6584/2003 3845/6583/1998 3856/6599/2135 3857/6590/2018
f 3853/6585/2004 3852/6580/2000 3863/6600/2016 3864/6592/2008
f 3863/6598/2016 3862/6594/2144 3873/6601/2028 3874/6602/2021
f 3860/6588/2017 3859/6595/2014 3870/6603/4 3871/6604/2024
f 3857/6590/2018 3856/6599/2135 3867/6605/2019 3868/6606/2020
f 3864/6592/2008 3863/6600/2016 3874/6607/2021 3875/6608/2022
f 3854/6587/2009 3898/6453/6 3865/6609/2023
f 3861/6589/2011 3860/6588/2017 3871/6604/2024 3872/6610/2025
f 3858/6591/2134 3857/6590/2018 3868/6606/2020 3869/6611/2026
f 3809/6463/5 3864/6592/2008 3875/6608/2022
f 3855/6593/2010 3854/6587/2009 3865/6609/2023 3866/6612/2027
f 3862/6594/2144 3861/6589/2011 3872/6610/2025 3873/6601/2028
f 3859/6595/2014 3858/6591/2134 3869/6611/2026 3870/6603/4
f 3856/6599/2135 3855/6613/2010 3866/6614/2027 3867/6605/2019
f 3866/6612/2027 3865/6609/2023 3876/6615/2037 3877/6616/2029
f 3873/6601/2028 3872/6610/2025 3883/6617/2038 3884/6618/2145
f 3870/6603/4 3869/6611/2026 3880/6619/2039 3881/6620/2033
f 3867/6605/2019 3866/6614/2027 3877/6621/2029 3878/6622/2030
f 3874/6602/2021 3873/6601/2028 3884/6618/2145 3885/6623/2032
f 3871/6604/2024 3870/6603/4 3881/6620/2033 3882/6624/2034
f 3868/6606/2020 3867/6605/2019 3878/6622/2030 3879/6625/2035
f 3875/6608/2022 3874/6607/2021 3885/6626/2032 3886/6627/2036
f 3865/6609/2023 3898/6453/6 3876/6615/2037
f 3872/6610/2025 3871/6604/2024 3882/6624/2034 3883/6617/2038
f 3869/6611/2026 3868/6606/2020 3879/6625/2035 3880/6619/2039
f 3809/6463/5 3875/6608/2022 3886/6627/2036
f 3886/6627/2036 3885/6626/2032 3896/6628/2049 3897/6629/2042
f 3876/6615/2037 3898/6453/6 3887/6630/2043
f 3883/6617/2038 3882/6624/2034 3893/6631/2050 3894/6632/2045
f 3880/6619/2039 3879/6625/2035 3890/6633/2040 3891/6634/2041
f 3809/6463/5 3886/6627/2036 3897/6629/2042
f 3877/6616/2029 3876/6615/2037 3887/6630/2043 3888/6635/2044
f 3884/6618/2145 3883/6617/2038 3894/6632/2045 3895/6636/2046
f 3881/6620/2033 3880/6619/2039 3891/6634/2041 3892/6637/2047
f 3878/6638/2030 3877/6616/2029 3888/6635/2044 3889/6639/2048
f 3885/6623/2032 3884/6618/2145 3895/6636/2046 3896/6640/2049
f 3882/6624/2034 3881/6620/2033 3892/6637/2047 3893/6631/2050
f 3879/6625/2035 3878/6622/2030 3889/6641/2048 3890/6633/2040
f 3889/6639/2048 3888/6635/2044 3900/6642/2146 3901/6643/2051
f 3896/6628/2049 3895/6644/2046 3907/6645/2060 3908/6646/2137
f 3893/6631/2050 3892/6637/2047 3904/6647/2061 3905/6648/2056
f 3890/6633/2040 3889/6641/2048 3901/6649/2051 3902/6650/2052
f 3897/6629/2042 3896/6628/2049 3908/6646/2137 3909/6651/2054
f 3887/6630/2043 3898/6453/6 3899/6652/2055
f 3894/6632/2045 3893/6631/2050 3905/6648/2056 3906/6653/2057
f 3891/6634/2041 3890/6633/2040 3902/6650/2052 3903/6654/2058
f 3809/6463/5 3897/6629/2042 3909/6651/2054
f 3888/6635/2044 3887/6630/2043 3899/6652/2055 3900/6642/2146
f 3895/6636/2046 3894/6632/2045 3906/6653/2057 3907/6655/2060
f 3892/6637/2047 3891/6634/2041 3903/6654/2058 3904/6647/2061
f 3809/6463/5 3909/6651/2054 3920/6656/2138
f 3900/6642/2146 3899/6652/2055 3910/6657/2139 3911/6658/2064
f 3907/6645/2060 3906/6659/2057 3917/6660/2072 3918/6661/2066
f 3904/6647/2061 3903/6654/2058 3914/6662/2147 3915/6663/2063
f 3901/6643/2051 3900/6642/2146 3911/6658/2064 3912/6664/2065
f 3908/6646/2137 3907/6645/2060 3918/6661/2066 3919/6665/2067
f 3905/6648/2056 3904/6647/2061 3915/6663/2063 3916/6666/2068
f 3902/6667/2052 3901/6643/2051 3912/6664/2065 3913/6668/2069
f 3909/6651/2054 3908/6646/2137 3919/6665/2067 3920/6656/2138
f 3899/6652/2055 3898/6453/6 3910/6657/2139
f 3906/6653/2057 3905/6648/2056 3916/6666/2068 3917/6669/2072
f 3903/6654/2058 3902/6650/2052 3913/6670/2069 3914/6662/2147
f 3913/6668/2069 3912/6664/2065 3923/6671/2080 3924/6672/2073
f 3920/6656/2138 3919/6665/2067 3930/6673/2081 3931/6674/2075
f 3910/6657/2139 3898/6453/6 3921/6675/2076
f 3917/6676/2072 3916/6677/2068 3927/6678/2082 3928/6679/2078
f 3914/6680/2147 3913/6681/2069 3924/6682/2073 3925/6683/2074
f 3809/6463/5 3920/6656/2138 3931/6674/2075
f 3911/6658/2064 3910/6657/2139 3921/6675/2076 3922/6684/2077
f 3918/6661/2066 3917/6660/2072 3928/6685/2078 3929/6686/2079
f 3915/6687/2063 3914/6680/2147 3925/6683/2074 3926/6688/1
f 3912/6664/2065 3911/6658/2064 3922/6684/2077 3923/6671/2080
f 3919/6665/2067 3918/6661/2066 3929/6686/2079 3930/6673/2081
f 3916/6677/2068 3915/6687/2063 3926/6688/1 3927/6678/2082
f 3923/6671/2080 3922/6684/2077 3933/6689/2092 3934/6690/2085
f 3930/6673/2081 3929/6686/2079 3940/6691/2093 3941/6692/2087
f 3927/6678/2082 3926/6688/1 3937/6693/2083 3938/6694/2140
f 3924/6672/2073 3923/6671/2080 3934/6690/2085 3935/6695/2086
f 3931/6674/2075 3930/6673/2081 3941/6692/2087 3942/6696/2088
f 3921/6675/2076 3898/6453/6 3932/6697/2089
f 3928/6679/2078 3927/6678/2082 3938/6694/2140 3939/6698/2090
f 3925/6683/2074 3924/6682/2073 3935/6699/2086 3936/6700/2148
f 3809/6463/5 3931/6674/2075 3942/6696/2088
f 3922/6684/2077 3921/6675/2076 3932/6697/2089 3933/6689/2092
f 3929/6686/2079 3928/6685/2078 3939/6701/2090 3940/6691/2093
f 3926/6688/1 3925/6683/2074 3936/6700/2148 3937/6693/2083
f 3936/6702/2148 3935/6703/2086 3946/6704/2101 3947/6705/2094
f 3809/6463/5 3942/6696/2088 3953/6706/2102
f 3933/6689/2092 3932/6697/2089 3943/6707/2103 3944/6708/2096
f 3940/6691/2093 3939/6701/2090 3950/6709/2104 3951/6710/2098
f 3937/6711/2083 3936/6702/2148 3947/6705/2094 3948/6712/2095
f 3934/6690/2085 3933/6689/2092 3944/6708/2096 3945/6713/2097
f 3941/6692/2087 3940/6691/2093 3951/6710/2098 3952/6714/2099
f 3938/6715/2140 3937/6711/2083 3948/6712/2095 3949/6716/2100
f 3935/6695/2086 3934/6690/2085 3945/6713/2097 3946/6717/2101
f 3942/6696/2088 3941/6692/2087 3952/6714/2099 3953/6706/2102
f 3932/6697/2089 3898/6453/6 3943/6707/2103
f 3939/6718/2090 3938/6715/2140 3949/6716/2100 3950/6719/2104
f 3946/6704/2101 3945/6720/2097 3956/6721/2114 3957/6722/2107
f 3953/6706/2102 3952/6714/2099 3963/6723/2115 3964/6724/2109
f 3943/6707/2103 3898/6453/6 3954/6725/2110
f 3950/6719/2104 3949/6716/2100 3960/6726/2105 3961/6727/2106
f 3947/6705/2094 3946/6704/2101 3957/6722/2107 3958/6728/2108
f 3809/6463/5 3953/6706/2102 3964/6724/2109
f 3944/6708/2096 3943/6707/2103 3954/6725/2110 3955/6729/2111
f 3951/6730/2098 3950/6719/2104 3961/6727/2106 3962/6731/2112
f 3948/6712/2095 3947/6705/2094 3958/6728/2108 3959/6732/2113
f 3945/6713/2097 3944/6708/2096 3955/6729/2111 3956/6733/2114
f 3952/6714/2099 3951/6710/2098 3962/6734/2112 3963/6723/2115
f 3949/6716/2100 3948/6712/2095 3959/6732/2113 3960/6726/2105
f 3959/6732/2113 3958/6728/2108 3969/6735/2124 3970/6736/2116
f 3956/6733/2114 3955/6729/2111 3966/6737/2125 3967/6738/2118
f 3963/6723/2115 3962/6734/2112 3973/6739/2126 3974/6740/2120
f 3960/6726/2105 3959/6732/2113 3970/6736/2116 3971/6741/2117
f 3957/6722/2107 3956/6721/2114 3967/6742/2118 3968/6743/2119
f 3964/6724/2109 3963/6723/2115 3974/6740/2120 3975/6744/2121
f 3954/6725/2110 3898/6453/6 3965/6745/2122
f 3961/6727/2106 3960/6726/2105 3971/6741/2117 3972/6746/2123
f 3958/6728/2108 3957/6722/2107 3968/6743/2119 3969/6735/2124
f 3809/6463/5 3964/6724/2109 3975/6744/2121
f 3955/6729/2111 3954/6725/2110 3965/6745/2122 3966/6737/2125
f 3962/6731/2112 3961/6727/2106 3972/6746/2123 3973/6747/2126
f 3969/6735/2124 3968/6743/2119 3977/6460/1930 3978/6459/1921
f 3809/6463/5 3975/6744/2121 3982/6464/1911
f 3966/6737/2125 3965/6745/2122 3761/6452/1914 3762/6466/1913
f 3973/6747/2126 3972/6746/2123 3980/6455/1918 3981/6468/1917
f 3970/6736/2116 3969/6735/2124 3978/6459/1921 3763/6470/2
f 3967/6742/2118 3966/6748/2125 3762/6473/1913 3976/6472/1924
f 3974/6749/2120 3973/6747/2126 3981/6468/1917 3764/6476/1926
f 3971/6741/2117 3970/6736/2116 3763/6470/2 3979/6456/1928
f 3968/6743/2119 3967/6742/2118 3976/6472/1924 3977/6460/1930
f 3975/6744/2121 3974/6740/2120 3764/6478/1926 3982/6464/1911
f 3965/6745/2122 3898/6453/6 3761/6452/1914
f 3972/6746/2123 3971/6741/2117 3979/6456/1928 3980/6455/1918
f 4199/6750/1930 4198/6751/1924 3989/6752/2149 3990/6753/1931
f 4204/6754/1911 3986/6755/1926 3996/6756/1927 3997/6757/1912
f 3983/6758/1914 4120/6759/6 3987/6760/1915
f 4202/6761/1918 4201/6762/1928 3993/6763/1929 3994/6764/1919
f 4200/6765/1921 4199/6750/1930 3990/6753/1931 3991/6766/1922
f 4031/6767/5 4204/6754/1911 3997/6757/1912
f 3984/6768/1913 3983/6758/1914 3987/6760/1915 3988/6769/1916
f 4203/6770/1917 4202/6761/1918 3994/6764/1919 3995/6771/1920
f 3985/6772/2 4200/6765/1921 3991/6766/1922 3992/6773/1923
f 4198/6751/1924 3984/6774/1913 3988/6775/1916 3989/6752/2149
f 3986/6776/1926 4203/6770/1917 3995/6771/1920 3996/6777/1927
f 4201/6762/1928 3985/6772/2 3992/6773/1923 3993/6763/1929
f 3995/6771/1920 3994/6764/1919 4005/6778/1939 4006/6779/1942
f 3992/6773/1923 3991/6766/1922 4002/6780/1940 4003/6781/1932
f 3989/6782/2149 3988/6769/1916 3999/6783/1941 4000/6784/1934
f 3996/6756/1927 3995/6785/1920 4006/6786/1942 4007/6787/1936
f 3993/6763/1929 3992/6773/1923 4003/6781/1932 4004/6788/1933
f 3990/6753/1931 3989/6752/2149 4000/6789/1934 4001/6790/1935
f 3997/6757/1912 3996/6756/1927 4007/6787/1936 4008/6791/1937
f 3987/6760/1915 4120/6759/6 3998/6792/1938
f 3994/6764/1919 3993/6763/1929 4004/6788/1933 4005/6778/1939
f 3991/6766/1922 3990/6753/1931 4001/6790/1935 4002/6780/1940
f 4031/6767/5 3997/6757/1912 4008/6791/1937
f 3988/6769/1916 3987/6760/1915 3998/6792/1938 3999/6783/1941
f 3998/6792/1938 4120/6759/6 4009/6793/1953
f 4005/6778/1939 4004/6788/1933 4015/6794/1950 4016/6795/1943
f 4002/6780/1940 4001/6790/1935 4012/6796/1951 4013/6797/1945
f 4031/6767/5 4008/6791/1937 4019/6798/1952
f 3999/6783/1941 3998/6792/1938 4009/6793/1953 4010/6799/1947
f 4006/6779/1942 4005/6778/1939 4016/6795/1943 4017/6800/1944
f 4003/6781/1932 4002/6780/1940 4013/6797/1945 4014/6801/1946
f 4000/6784/1934 3999/6783/1941 4010/6799/1947 4011/6802/1948
f 4007/6787/1936 4006/6786/1942 4017/6803/1944 4018/6804/1949
f 4004/6788/1933 4003/6781/1932 4014/6801/1946 4015/6794/1950
f 4001/6790/1935 4000/6789/1934 4011/6805/1948 4012/6796/1951
f 4008/6791/1937 4007/6787/1936 4018/6804/1949 4019/6798/1952
f 4018/6804/1949 4017/6803/1944 4028/6806/1961 4029/6807/1964
f 4015/6794/1950 4014/6801/1946 4025/6808/1962 4026/6809/1955
f 4012/6810/1951 4011/6802/1948 4022/6811/1963 4023/6812/1957
f 4019/6798/1952 4018/6804/1949 4029/6807/1964 4030/6813/1959
f 4009/6793/1953 4120/6759/6 4020/6814/1954
f 4016/6795/1943 4015/6794/1950 4026/6809/1955 4027/6815/1956
f 4013/6797/1945 4012/6796/1951 4023/6816/1957 4024/6817/1958
f 4031/6767/5 4019/6798/1952 4030/6813/1959
f 4010/6799/1947 4009/6793/1953 4020/6814/1954 4021/6818/1960
f 4017/6803/1944 4016/6819/1943 4027/6820/1956 4028/6806/1961
f 4014/6801/1946 4013/6797/1945 4024/6817/1958 4025/6808/1962
f 4011/6802/1948 4010/6799/1947 4021/6818/1960 4022/6811/1963
f 4021/6818/1960 4020/6814/1954 4032/6821/1971 4033/6822/1974
f 4028/6806/1961 4027/6820/1956 4039/6823/1972 4040/6824/1965
f 4025/6825/1962 4024/6826/1958 4036/6827/1973 4037/6828/3
f 4022/6811/1963 4021/6818/1960 4033/6822/1974 4034/6829/1968
f 4029/6807/1964 4028/6806/1961 4040/6824/1965 4041/6830/1966
f 4026/6831/1955 4025/6825/1962 4037/6828/3 4038/6832/1967
f 4023/6812/1957 4022/6811/1963 4034/6829/1968 4035/6833/1969
f 4030/6813/1959 4029/6807/1964 4041/6830/1966 4042/6834/1970
f 4020/6814/1954 4120/6759/6 4032/6821/1971
f 4027/6835/1956 4026/6831/1955 4038/6832/1967 4039/6836/1972
f 4024/6826/1958 4023/6837/1957 4035/6838/1969 4036/6827/1973
f 4031/6767/5 4030/6813/1959 4042/6834/1970
f 4042/6834/1970 4041/6830/1966 4052/6839/1982 4053/6840/1985
f 4032/6821/1971 4120/6759/6 4043/6841/1975
f 4039/6836/1972 4038/6832/1967 4049/6842/1983 4050/6843/1977
f 4036/6827/1973 4035/6838/1969 4046/6844/1984 4047/6845/2150
f 4031/6767/5 4042/6834/1970 4053/6840/1985
f 4033/6822/1974 4032/6821/1971 4043/6841/1975 4044/6846/1976
f 4040/6824/1965 4039/6823/1972 4050/6847/1977 4051/6848/1978
f 4037/6828/3 4036/6827/1973 4047/6845/2150 4048/6849/1980
f 4034/6829/1968 4033/6822/1974 4044/6846/1976 4045/6850/1981
f 4041/6830/1966 4040/6824/1965 4051/6848/1978 4052/6839/1982
f 4038/6832/1967 4037/6828/3 4048/6849/1980 4049/6842/1983
f 4035/6833/1969 4034/6829/1968 4045/6850/1981 4046/6851/1984
f 4045/6850/1981 4044/6846/1976 4055/6852/2133 4056/6853/1996
f 4052/6839/1982 4051/6848/1978 4062/6854/1994 4063/6855/2143
f 4049/6856/1983 4048/6857/1980 4059/6858/1995 4060/6859/1989
f 4046/6851/1984 4045/6850/1981 4056/6853/1996 4057/6860/1991
f 4053/6840/1985 4052/6839/1982 4063/6855/2143 4064/6861/1987
f 4043/6841/1975 4120/6759/6 4054/6862/1988
f 4050/6863/1977 4049/6856/1983 4060/6859/1989 4061/6864/1990
f 4047/6865/2150 4046/6866/1984 4057/6867/1991 4058/6868/1992
f 4031/6767/5 4053/6840/1985 4064/6861/1987
f 4044/6846/1976 4043/6841/1975 4054/6862/1988 4055/6852/2133
f 4051/6848/1978 4050/6847/1977 4061/6869/1990 4062/6854/1994
f 4048/6857/1980 4047/6865/2150 4058/6868/1992 4059/6858/1995
f 4031/6767/5 4064/6861/1987 4075/6870/2004
f 4055/6852/2133 4054/6862/1988 4065/6871/2005 4066/6872/1997
f 4062/6873/1994 4061/6864/1990 4072/6874/2006 4073/6875/1999
f 4059/6858/1995 4058/6868/1992 4069/6876/2007 4070/6877/2001
f 4056/6853/1996 4055/6852/2133 4066/6872/1997 4067/6878/1998
f 4063/6855/2143 4062/6854/1994 4073/6879/1999 4074/6880/2000
f 4060/6859/1989 4059/6858/1995 4070/6877/2001 4071/6881/2002
f 4057/6867/1991 4056/6882/1996 4067/6883/1998 4068/6884/2003
f 4064/6861/1987 4063/6855/2143 4074/6880/2000 4075/6870/2004
f 4054/6862/1988 4120/6759/6 4065/6871/2005
f 4061/6864/1990 4060/6859/1989 4071/6881/2002 4072/6874/2006
f 4058/6868/1992 4057/6867/1991 4068/6884/2003 4069/6876/2007
f 4068/6884/2003 4067/6883/1998 4078/6885/2135 4079/6886/2018
f 4075/6870/2004 4074/6880/2000 4085/6887/2016 4086/6888/2008
f 4065/6871/2005 4120/6759/6 4076/6889/2009
f 4072/6874/2006 4071/6881/2002 4082/6890/2017 4083/6891/2011
f 4069/6876/2007 4068/6884/2003 4079/6886/2018 4080/6892/2134
f 4031/6767/5 4075/6870/2004 4086/6888/2008
f 4066/6872/1997 4065/6871/2005 4076/6889/2009 4077/6893/2010
f 4073/6875/1999 4072/6874/2006 4083/6891/2011 4084/6894/2144
f 4070/6877/2001 4069/6876/2007 4080/6892/2134 4081/6895/2014
f 4067/6878/1998 4066/6872/1997 4077/6893/2010 4078/6896/2135
f 4074/6897/2000 4073/6875/1999 4084/6894/2144 4085/6898/2016
f 4071/6881/2002 4070/6877/2001 4081/6895/2014 4082/6890/2017
f 4078/6885/2135 4077/6899/2010 4088/6900/2027 4089/6901/2019
f 4085/6898/2016 4084/6894/2144 4095/6902/2028 4096/6903/2021
f 4082/6890/2017 4081/6895/2014 4092/6904/4 4093/6905/2024
f 4079/6886/2018 4078/6885/2135 4089/6901/2019 4090/6906/2020
f 4086/6888/2008 4085/6887/2016 4096/6907/2021 4097/6908/2022
f 4076/6889/2009 4120/6759/6 4087/6909/2023
f 4083/6891/2011 4082/6890/2017 4093/6905/2024 4094/6910/2025
f 4080/6892/2134 4079/6886/2018 4090/6906/2020 4091/6911/2026
f 4031/6767/5 4086/6888/2008 4097/6908/2022
f 4077/6893/2010 4076/6889/2009 4087/6909/2023 4088/6912/2027
f 4084/6894/2144 4083/6891/2011 4094/6910/2025 4095/6902/2028
f 4081/6895/2014 4080/6892/2134 4091/6911/2026 4092/6904/4
f 4091/6911/2026 4090/6906/2020 4101/6913/2035 4102/6914/2039
f 4031/6767/5 4097/6908/2022 4108/6915/2036
f 4088/6912/2027 4087/6909/2023 4098/6916/2037 4099/6917/2029
f 4095/6902/2028 4094/6910/2025 4105/6918/2038 4106/6919/2031
f 4092/6904/4 4091/6911/2026 4102/6914/2039 4103/6920/2033
f 4089/6901/2019 4088/6900/2027 4099/6921/2029 4100/6922/2136
f 4096/6903/2021 4095/6902/2028 4106/6919/2031 4107/6923/2032
f 4093/6905/2024 4092/6904/4 4103/6920/2033 4104/6924/2034
f 4090/6906/2020 4089/6901/2019 4100/6922/2136 4101/6913/2035
f 4097/6908/2022 4096/6907/2021 4107/6925/2032 4108/6915/2036
f 4087/6909/2023 4120/6759/6 4098/6916/2037
f 4094/6910/2025 4093/6905/2024 4104/6924/2034 4105/6918/2038
f 4101/6913/2035 4100/6922/2136 4111/6926/2048 4112/6927/2040
f 4108/6915/2036 4107/6925/2032 4118/6928/2049 4119/6929/2042
f 4098/6916/2037 4120/6759/6 4109/6930/2043
f 4105/6918/2038 4104/6924/2034 4115/6931/2050 4116/6932/2045
f 4102/6914/2039 4101/6913/2035 4112/6927/2040 4113/6933/2041
f 4031/6767/5 4108/6915/2036 4119/6929/2042
f 4099/6917/2029 4098/6916/2037 4109/6930/2043 4110/6934/2044
f 4106/6919/2031 4105/6918/2038 4116/6932/2045 4117/6935/2046
f 4103/6920/2033 4102/6914/2039 4113/6933/2041 4114/6936/2047
f 4100/6937/2136 4099/6917/2029 4110/6934/2044 4111/6938/2048
f 4107/6923/2032 4106/6919/2031 4117/6935/2046 4118/6939/2049
f 4104/6924/2034 4103/6920/2033 4114/6936/2047 4115/6931/2050
f 4114/6936/2047 4113/6933/2041 4125/6940/2058 4126/6941/2061
f 4111/6938/2048 4110/6934/2044 4122/6942/2059 4123/6943/2051
f 4118/6928/2049 4117/6944/2046 4129/6945/2060 4130/6946/2053
f 4115/6931/2050 4114/6936/2047 4126/6941/2061 4127/6947/2056
f 4112/6927/2040 4111/6926/2048 4123/6948/2051 4124/6949/2052
f 4119/6929/2042 4118/6928/2049 4130/6946/2053 4131/6950/2054
f 4109/6930/2043 4120/6759/6 4121/6951/2055
f 4116/6932/2045 4115/6931/2050 4127/6947/2056 4128/6952/2057
f 4113/6933/2041 4112/6927/2040 4124/6949/2052 4125/6940/2058
f 4031/6767/5 4119/6929/2042 4131/6950/2054
f 4110/6934/2044 4109/6930/2043 4121/6951/2055 4122/6942/2059
f 4117/6935/2046 4116/6932/2045 4128/6952/2057 4129/6953/2060
f 4125/6940/2058 4124/6949/2052 4135/6954/2069 4136/6955/2147
f 4031/6767/5 4131/6950/2054 4142/6956/2138
f 4122/6942/2059 4121/6951/2055 4132/6957/2139 4133/6958/2064
f 4129/6945/2060 4128/6959/2057 4139/6960/2072 4140/6961/2066
f 4126/6941/2061 4125/6940/2058 4136/6955/2147 4137/6962/2063
f 4123/6943/2051 4122/6942/2059 4133/6958/2064 4134/6963/2065
f 4130/6946/2053 4129/6945/2060 4140/6961/2066 4141/6964/2067
f 4127/6947/2056 4126/6941/2061 4137/6962/2063 4138/6965/2068
f 4124/6966/2052 4123/6943/2051 4134/6963/2065 4135/6967/2069
f 4131/6950/2054 4130/6946/2053 4141/6964/2067 4142/6956/2138
f 4121/6951/2055 4120/6759/6 4132/6957/2139
f 4128/6952/2057 4127/6947/2056 4138/6965/2068 4139/6968/2072
f 4138/6969/2068 4137/6970/2063 4148/6971/1 4149/6972/2082
f 4135/6967/2069 4134/6963/2065 4145/6973/2080 4146/6974/2073
f 4142/6956/2138 4141/6964/2067 4152/6975/2081 4153/6976/2075
f 4132/6957/2139 4120/6759/6 4143/6977/2076
f 4139/6978/2072 4138/6969/2068 4149/6972/2082 4150/6979/2078
f 4136/6980/2147 4135/6981/2069 4146/6982/2073 4147/6983/2074
f 4031/6767/5 4142/6956/2138 4153/6976/2075
f 4133/6958/2064 4132/6957/2139 4143/6977/2076 4144/6984/2077
f 4140/6961/2066 4139/6960/2072 4150/6985/2078 4151/6986/2079
f 4137/6970/2063 4136/6980/2147 4147/6983/2074 4148/6971/1
f 4134/6963/2065 4133/6958/2064 4144/6984/2077 4145/6973/2080
f 4141/6964/2067 4140/6961/2066 4151/6986/2079 4152/6975/2081
f 4148/6971/1 4147/6983/2074 4158/6987/2148 4159/6988/2083
f 4145/6973/2080 4144/6984/2077 4155/6989/2092 4156/6990/2085
f 4152/6975/2081 4151/6986/2079 4162/6991/2093 4163/6992/2087
f 4149/6972/2082 4148/6971/1 4159/6988/2083 4160/6993/2140
f 4146/6974/2073 4145/6973/2080 4156/6990/2085 4157/6994/2086
f 4153/6976/2075 4152/6975/2081 4163/6992/2087 4164/6995/2088
f 4143/6977/2076 4120/6759/6 4154/6996/2089
f 4150/6979/2078 4149/6972/2082 4160/6993/2140 4161/6997/2090
f 4147/6983/2074 4146/6982/2073 4157/6998/2086 4158/6987/2148
f 4031/6767/5 4153/6976/2075 4164/6995/2088
f 4144/6984/2077 4143/6977/2076 4154/6996/2089 4155/6989/2092
f 4151/6986/2079 4150/6985/2078 4161/6999/2090 4162/6991/2093
f 4161/7000/2090 4160/7001/2140 4171/7002/2100 4172/7003/2104
f 4158/7004/2148 4157/7005/2086 4168/7006/2101 4169/7007/2094
f 4031/6767/5 4164/6995/2088 4175/7008/2102
f 4155/6989/2092 4154/6996/2089 4165/7009/2103 4166/7010/2096
f 4162/6991/2093 4161/6999/2090 4172/7011/2104 4173/7012/2098
f 4159/7013/2083 4158/7004/2148 4169/7007/2094 4170/7014/2095
f 4156/6990/2085 4155/6989/2092 4166/7010/2096 4167/7015/2097
f 4163/6992/2087 4162/6991/2093 4173/7012/2098 4174/7016/2151
f 4160/7001/2140 4159/7013/2083 4170/7014/2095 4171/7002/2100
f 4157/6994/2086 4156/6990/2085 4167/7015/2097 4168/7017/2101
f 4164/6995/2088 4163/6992/2087 4174/7016/2151 4175/7008/2102
f 4154/6996/2089 4120/6759/6 4165/7009/2103
f 4171/7002/2100 4170/7014/2095 4181/7018/2113 4182/7019/2105
f 4168/7006/2101 4167/7020/2097 4178/7021/2114 4179/7022/2107
f 4175/7008/2102 4174/7016/2151 4185/7023/2115 4186/7024/2109
f 4165/7009/2103 4120/6759/6 4176/7025/2110
f 4172/7003/2104 4171/7002/2100 4182/7019/2105 4183/7026/2106
f 4169/7007/2094 4168/7006/2101 4179/7022/2107 4180/7027/2108
f 4031/6767/5 4175/7008/2102 4186/7024/2109
f 4166/7010/2096 4165/7009/2103 4176/7025/2110 4177/7028/2111
f 4173/7029/2098 4172/7003/2104 4183/7026/2106 4184/7030/2112
f 4170/7014/2095 4169/7007/2094 4180/7027/2108 4181/7018/2113
f 4167/7015/2097 4166/7010/2096 4177/7028/2111 4178/7031/2114
f 4174/7016/2151 4173/7012/2098 4184/7032/2112 4185/7023/2115
f 4184/7030/2112 4183/7026/2106 4194/7033/2123 4195/7034/2126
f 4181/7018/2113 4180/7027/2108 4191/7035/2124 4192/7036/2116
f 4178/7031/2114 4177/7028/2111 4188/7037/2125 4189/7038/2152
f 4185/7023/2115 4184/7032/2112 4195/7039/2126 4196/7040/2120
f 4182/7019/2105 4181/7018/2113 4192/7036/2116 4193/7041/2117
f 4179/7022/2107 4178/7021/2114 4189/7042/2152 4190/7043/2119
f 4186/7024/2109 4185/7023/2115 4196/7040/2120 4197/7044/2121
f 4176/7025/2110 4120/6759/6 4187/7045/2122
f 4183/7026/2106 4182/7019/2105 4193/7041/2117 4194/7033/2123
f 4180/7027/2108 4179/7022/2107 4190/7043/2119 4191/7035/2124
f 4031/6767/5 4186/7024/2109 4197/7044/2121
f 4177/7028/2111 4176/7025/2110 4187/7045/2122 4188/7037/2125
f 4187/7045/2122 4120/6759/6 3983/6758/1914
f 4194/7033/2123 4193/7041/2117 4201/6762/1928 4202/6761/1918
f 4191/7035/2124 4190/7043/2119 4199/6750/1930 4200/6765/1921
f 4031/6767/5 4197/7044/2121 4204/6754/1911
f 4188/7037/2125 4187/7045/2122 3983/6758/1914 3984/6768/1913
f 4195/7034/2126 4194/7033/2123 4202/6761/1918 4203/6770/1917
f 4192/7036/2116 4191/7035/2124 4200/6765/1921 3985/6772/2
f 4189/7042/2152 4188/7046/2125 3984/6774/1913 4198/6751/1924
f 4196/7047/2120 4195/7034/2126 4203/6770/1917 3986/6776/1926
f 4193/7041/2117 4192/7036/2116 3985/6772/2 4201/6762/1928
f 4190/7043/2119 4189/7042/2152 4198/6751/1924 4199/6750/1930
f 4197/7044/2121 4196/7040/2120 3986/6755/1926 4204/6754/1911
f 4424/7048/1918 4423/7049/1928 4215/7050/1929 4216/7051/1919
f 4422/7052/1921 4421/7053/1930 4212/7054/1931 4213/7055/1922
f 4253/7056/5 4426/7057/1911 4219/7058/1912
f 4206/7059/1913 4205/7060/1914 4209/7061/1915 4210/7062/1916
f 4425/7063/1917 4424/7048/1918 4216/7051/1919 4217/7064/2153
f 4207/7065/2 4422/7052/1921 4213/7055/1922 4214/7066/1923
f 4420/7067/1924 4206/7068/1913 4210/7069/1916 4211/7070/2149
f 4208/7071/1926 4425/7063/1917 4217/7064/2153 4218/7072/1927
f 4423/7049/1928 4207/7065/2 4214/7066/1923 4215/7050/1929
f 4421/7053/1930 4420/7067/1924 4211/7070/2149 4212/7054/1931
f 4426/7057/1911 4208/7073/1926 4218/7074/1927 4219/7058/1912
f 4205/7060/1914 4342/7075/6 4209/7061/1915
f 4211/7076/2149 4210/7062/1916 4221/7077/1941 4222/7078/1934
f 4218/7074/1927 4217/7079/2153 4228/7080/1942 4229/7081/1936
f 4215/7050/1929 4214/7066/1923 4225/7082/1932 4226/7083/1933
f 4212/7054/1931 4211/7070/2149 4222/7084/1934 4223/7085/1935
f 4219/7058/1912 4218/7074/1927 4229/7081/1936 4230/7086/1937
f 4209/7061/1915 4342/7075/6 4220/7087/1938
f 4216/7051/1919 4215/7050/1929 4226/7083/1933 4227/7088/1939
f 4213/7055/1922 4212/7054/1931 4223/7085/1935 4224/7089/1940
f 4253/7056/5 4219/7058/1912 4230/7086/1937
f 4210/7062/1916 4209/7061/1915 4220/7087/1938 4221/7077/1941
f 4217/7064/2153 4216/7051/1919 4227/7088/1939 4228/7090/1942
f 4214/7066/1923 4213/7055/1922 4224/7089/1940 4225/7082/1932
f 4224/7089/1940 4223/7085/1935 4234/7091/1951 4235/7092/1945
f 4253/7056/5 4230/7086/1937 4241/7093/1952
f 4221/7077/1941 4220/7087/1938 4231/7094/1953 4232/7095/1947
f 4228/7090/1942 4227/7088/1939 4238/7096/1943 4239/7097/1944
f 4225/7082/1932 4224/7089/1940 4235/7092/1945 4236/7098/1946
f 4222/7078/1934 4221/7077/1941 4232/7095/1947 4233/7099/1948
f 4229/7081/1936 4228/7080/1942 4239/7100/1944 4240/7101/1949
f 4226/7083/1933 4225/7082/1932 4236/7098/1946 4237/7102/1950
f 4223/7085/1935 4222/7084/1934 4233/7103/1948 4234/7091/1951
f 4230/7086/1937 4229/7081/1936 4240/7101/1949 4241/7093/1952
f 4220/7087/1938 4342/7075/6 4231/7094/1953
f 4227/7088/1939 4226/7083/1933 4237/7102/1950 4238/7096/1943
f 4234/7104/1951 4233/7099/1948 4244/7105/1963 4245/7106/1957
f 4241/7093/1952 4240/7101/1949 4251/7107/1964 4252/7108/1959
f 4231/7094/1953 4342/7075/6 4242/7109/1954
f 4238/7096/1943 4237/7102/1950 4248/7110/1955 4249/7111/1956
f 4235/7092/1945 4234/7091/1951 4245/7112/1957 4246/7113/1958
f 4253/7056/5 4241/7093/1952 4252/7108/1959
f 4232/7095/1947 4231/7094/1953 4242/7109/1954 4243/7114/1960
f 4239/7100/1944 4238/7115/1943 4249/7116/1956 4250/7117/1961
f 4236/7098/1946 4235/7092/1945 4246/7113/1958 4247/7118/1962
f 4233/7099/1948 4232/7095/1947 4243/7114/1960 4244/7105/1963
f 4240/7101/1949 4239/7100/1944 4250/7117/1961 4251/7107/1964
f 4237/7102/1950 4236/7098/1946 4247/7118/1962 4248/7110/1955
f 4247/7119/1962 4246/7120/1958 4258/7121/1973 4259/7122/3
f 4244/7105/1963 4243/7114/1960 4255/7123/1974 4256/7124/1968
f 4251/7107/1964 4250/7117/1961 4262/7125/1965 4263/7126/1966
f 4248/7127/1955 4247/7119/1962 4259/7122/3 4260/7128/1967
f 4245/7106/1957 4244/7105/1963 4256/7124/1968 4257/7129/1969
f 4252/7108/1959 4251/7107/1964 4263/7126/1966 4264/7130/1970
f 4242/7109/1954 4342/7075/6 4254/7131/1971
f 4249/7132/1956 4248/7127/1955 4260/7128/1967 4261/7133/1972
f 4246/7120/1958 4245/7134/1957 4257/7135/1969 4258/7121/1973
f 4253/7056/5 4252/7108/1959 4264/7130/1970
f 4243/7114/1960 4242/7109/1954 4254/7131/1971 4255/7123/1974
f 4250/7117/1961 4249/7116/1956 4261/7136/1972 4262/7125/1965
f 4258/7121/1973 4257/7135/1969 4268/7137/1984 4269/7138/2150
f 4253/7056/5 4264/7130/1970 4275/7139/1985
f 4255/7123/1974 4254/7131/1971 4265/7140/1975 4266/7141/1976
f 4262/7125/1965 4261/7136/1972 4272/7142/1977 4273/7143/1978
f 4259/7122/3 4258/7121/1973 4269/7138/2150 4270/7144/1980
f 4256/7124/1968 4255/7123/1974 4266/7141/1976 4267/7145/1981
f 4263/7126/1966 4262/7125/1965 4273/7143/1978 4274/7146/1982
f 4260/7128/1967 4259/7122/3 4270/7144/1980 4271/7147/1983
f 4257/7129/1969 4256/7124/1968 4267/7145/1981 4268/7148/1984
f 4264/7130/1970 4263/7126/1966 4274/7146/1982 4275/7139/1985
f 4254/7131/1971 4342/7075/6 4265/7140/1975
f 4261/7133/1972 4260/7128/1967 4271/7147/1983 4272/7149/1977
f 4271/7150/1983 4270/7151/1980 4281/7152/1995 4282/7153/1989
f 4268/7148/1984 4267/7145/1981 4278/7154/1996 4279/7155/1991
f 4275/7139/1985 4274/7146/1982 4285/7156/1986 4286/7157/1987
f 4265/7140/1975 4342/7075/6 4276/7158/1988
f 4272/7159/1977 4271/7150/1983 4282/7153/1989 4283/7160/1990
f 4269/7161/2150 4268/7162/1984 4279/7163/1991 4280/7164/1992
f 4253/7056/5 4275/7139/1985 4286/7157/1987
f 4266/7141/1976 4265/7140/1975 4276/7158/1988 4277/7165/2133
f 4273/7143/1978 4272/7142/1977 4283/7166/1990 4284/7167/1994
f 4270/7151/1980 4269/7161/2150 4280/7164/1992 4281/7152/1995
f 4267/7145/1981 4266/7141/1976 4277/7165/2133 4278/7154/1996
f 4274/7146/1982 4273/7143/1978 4284/7167/1994 4285/7156/1986
f 4281/7152/1995 4280/7164/1992 4291/7168/2007 4292/7169/2001
f 4278/7154/1996 4277/7165/2133 4288/7170/1997 4289/7171/1998
f 4285/7156/1986 4284/7167/1994 4295/7172/1999 4296/7173/2000
f 4282/7153/1989 4281/7152/1995 4292/7169/2001 4293/7174/2002
f 4279/7163/1991 4278/7175/1996 4289/7176/1998 4290/7177/2003
f 4286/7157/1987 4285/7156/1986 4296/7173/2000 4297/7178/2004
f 4276/7158/1988 4342/7075/6 4287/7179/2005
f 4283/7160/1990 4282/7153/1989 4293/7174/2002 4294/7180/2006
f 4280/7164/1992 4279/7163/1991 4290/7177/2003 4291/7168/2007
f 4253/7056/5 4286/7157/1987 4297/7178/2004
f 4277/7165/2133 4276/7158/1988 4287/7179/2005 4288/7170/1997
f 4284/7181/1994 4283/7160/1990 4294/7180/2006 4295/7182/1999
f 4294/7180/2006 4293/7174/2002 4304/7183/2017 4305/7184/2011
f 4291/7168/2007 4290/7177/2003 4301/7185/2018 4302/7186/2134
f 4253/7056/5 4297/7178/2004 4308/7187/2008
f 4288/7170/1997 4287/7179/2005 4298/7188/2009 4299/7189/2010
f 4295/7182/1999 4294/7180/2006 4305/7184/2011 4306/7190/2144
f 4292/7169/2001 4291/7168/2007 4302/7186/2134 4303/7191/2014
f 4289/7171/1998 4288/7170/1997 4299/7189/2010 4300/7192/2135
f 4296/7193/2000 4295/7182/1999 4306/7190/2144 4307/7194/2016
f 4293/7174/2002 4292/7169/2001 4303/7191/2014 4304/7183/2017
f 4290/7177/2003 4289/7176/1998 4300/7195/2135 4301/7185/2018
f 4297/7178/2004 4296/7173/2000 4307/7196/2016 4308/7187/2008
f 4287/7179/2005 4342/7075/6 4298/7188/2009
f 4304/7183/2017 4303/7191/2014 4314/7197/4 4315/7198/2024
f 4301/7185/2018 4300/7195/2135 4311/7199/2019 4312/7200/2020
f 4308/7187/2008 4307/7196/2016 4318/7201/2021 4319/7202/2022
f 4298/7188/2009 4342/7075/6 4309/7203/2023
f 4305/7184/2011 4304/7183/2017 4315/7198/2024 4316/7204/2025
f 4302/7186/2134 4301/7185/2018 4312/7200/2020 4313/7205/2026
f 4253/7056/5 4308/7187/2008 4319/7202/2022
f 4299/7189/2010 4298/7188/2009 4309/7203/2023 4310/7206/2027
f 4306/7190/2144 4305/7184/2011 4316/7204/2025 4317/7207/2028
f 4303/7191/2014 4302/7186/2134 4313/7205/2026 4314/7197/4
f 4300/7195/2135 4299/7208/2010 4310/7209/2027 4311/7199/2019
f 4307/7194/2016 4306/7190/2144 4317/7207/2028 4318/7210/2021
f 4317/7207/2028 4316/7204/2025 4327/7211/2038 4328/7212/2031
f 4314/7197/4 4313/7205/2026 4324/7213/2039 4325/7214/2033
f 4311/7199/2019 4310/7209/2027 4321/7215/2029 4322/7216/2136
f 4318/7210/2021 4317/7207/2028 4328/7212/2031 4329/7217/2032
f 4315/7198/2024 4314/7197/4 4325/7214/2033 4326/7218/2034
f 4312/7200/2020 4311/7199/2019 4322/7216/2136 4323/7219/2035
f 4319/7202/2022 4318/7201/2021 4329/7220/2032 4330/7221/2036
f 4309/7203/2023 4342/7075/6 4320/7222/2037
f 4316/7204/2025 4315/7198/2024 4326/7218/2034 4327/7211/2038
f 4313/7205/2026 4312/7200/2020 4323/7219/2035 4324/7213/2039
f 4253/7056/5 4319/7202/2022 4330/7221/2036
f 4310/7206/2027 4309/7203/2023 4320/7222/2037 4321/7223/2029
f 4320/7222/2037 4342/7075/6 4331/7224/2043
f 4327/7211/2038 4326/7218/2034 4337/7225/2050 4338/7226/2045
f 4324/7213/2039 4323/7219/2035 4334/7227/2040 4335/7228/2041
f 4253/7056/5 4330/7221/2036 4341/7229/2042
f 4321/7223/2029 4320/7222/2037 4331/7224/2043 4332/7230/2044
f 4328/7212/2031 4327/7211/2038 4338/7226/2045 4339/7231/2046
f 4325/7214/2033 4324/7213/2039 4335/7228/2041 4336/7232/2047
f 4322/7233/2136 4321/7223/2029 4332/7230/2044 4333/7234/2048
f 4329/7217/2032 4328/7212/2031 4339/7231/2046 4340/7235/2049
f 4326/7218/2034 4325/7214/2033 4336/7232/2047 4337/7225/2050
f 4323/7219/2035 4322/7216/2136 4333/7236/2048 4334/7227/2040
f 4330/7221/2036 4329/7220/2032 4340/7237/2049 4341/7229/2042
f 4340/7237/2049 4339/7238/2046 4351/7239/2060 4352/7240/2137
f 4337/7225/2050 4336/7232/2047 4348/7241/2061 4349/7242/2056
f 4334/7227/2040 4333/7236/2048 4345/7243/2051 4346/7244/2052
f 4341/7229/2042 4340/7237/2049 4352/7240/2137 4353/7245/2054
f 4331/7224/2043 4342/7075/6 4343/7246/2055
f 4338/7226/2045 4337/7225/2050 4349/7242/2056 4350/7247/2057
f 4335/7228/2041 4334/7227/2040 4346/7244/2052 4347/7248/2058
f 4253/7056/5 4341/7229/2042 4353/7245/2054
f 4332/7230/2044 4331/7224/2043 4343/7246/2055 4344/7249/2059
f 4339/7231/2046 4338/7226/2045 4350/7247/2057 4351/7250/2060
f 4336/7232/2047 4335/7228/2041 4347/7248/2058 4348/7241/2061
f 4333/7234/2048 4332/7230/2044 4344/7249/2059 4345/7251/2051
f 4344/7249/2059 4343/7246/2055 4354/7252/2139 4355/7253/2064
f 4351/7239/2060 4350/7254/2057 4361/7255/2072 4362/7256/2066
f 4348/7241/2061 4347/7248/2058 4358/7257/2147 4359/7258/2063
f 4345/7251/2051 4344/7249/2059 4355/7253/2064 4356/7259/2065
f 4352/7240/2137 4351/7239/2060 4362/7256/2066 4363/7260/2067
f 4349/7242/2056 4348/7241/2061 4359/7258/2063 4360/7261/2068
f 4346/7262/2052 4345/7251/2051 4356/7259/2065 4357/7263/2069
f 4353/7245/2054 4352/7240/2137 4363/7260/2067 4364/7264/2138
f 4343/7246/2055 4342/7075/6 4354/7252/2139
f 4350/7247/2057 4349/7242/2056 4360/7261/2068 4361/7265/2072
f 4347/7248/2058 4346/7244/2052 4357/7266/2069 4358/7257/2147
f 4253/7056/5 4353/7245/2054 4364/7264/2138
f 4364/7264/2138 4363/7260/2067 4374/7267/2081 4375/7268/2075
f 4354/7252/2139 4342/7075/6 4365/7269/2076
f 4361/7270/2072 4360/7271/2068 4371/7272/2082 4372/7273/2078
f 4358/7274/2147 4357/7275/2069 4368/7276/2073 4369/7277/2074
f 4253/7056/5 4364/7264/2138 4375/7268/2075
f 4355/7253/2064 4354/7252/2139 4365/7269/2076 4366/7278/2077
f 4362/7256/2066 4361/7255/2072 4372/7279/2078 4373/7280/2079
f 4359/7281/2063 4358/7274/2147 4369/7277/2074 4370/7282/1
f 4356/7259/2065 4355/7253/2064 4366/7278/2077 4367/7283/2080
f 4363/7260/2067 4362/7256/2066 4373/7280/2079 4374/7267/2081
f 4360/7271/2068 4359/7281/2063 4370/7282/1 4371/7272/2082
f 4357/7263/2069 4356/7259/2065 4367/7283/2080 4368/7284/2073
f 4367/7283/2080 4366/7278/2077 4377/7285/2092 4378/7286/2085
f 4374/7267/2081 4373/7280/2079 4384/7287/2093 4385/7288/2087
f 4371/7272/2082 4370/7282/1 4381/7289/2083 4382/7290/2140
f 4368/7284/2073 4367/7283/2080 4378/7286/2085 4379/7291/2086
f 4375/7268/2075 4374/7267/2081 4385/7288/2087 4386/7292/2088
f 4365/7269/2076 4342/7075/6 4376/7293/2089
f 4372/7273/2078 4371/7272/2082 4382/7290/2140 4383/7294/2090
f 4369/7277/2074 4368/7276/2073 4379/7295/2086 4380/7296/2148
f 4253/7056/5 4375/7268/2075 4386/7292/2088
f 4366/7278/2077 4365/7269/2076 4376/7293/2089 4377/7285/2092
f 4373/7280/2079 4372/7279/2078 4383/7297/2090 4384/7287/2093
f 4370/7282/1 4369/7277/2074 4380/7296/2148 4381/7289/2083
f 4253/7056/5 4386/7292/2088 4397/7298/2102
f 4377/7285/2092 4376/7293/2089 4387/7299/2103 4388/7300/2096
f 4384/7287/2093 4383/7297/2090 4394/7301/2104 4395/7302/2098
f 4381/7303/2083 4380/7304/2148 4391/7305/2094 4392/7306/2095
f 4378/7286/2085 4377/7285/2092 4388/7300/2096 4389/7307/2097
f 4385/7288/2087 4384/7287/2093 4395/7302/2098 4396/7308/2151
f 4382/7309/2140 4381/7303/2083 4392/7306/2095 4393/7310/2100
f 4379/7291/2086 4378/7286/2085 4389/7307/2097 4390/7311/2101
f 4386/7292/2088 4385/7288/2087 4396/7308/2151 4397/7298/2102
f 4376/7293/2089 4342/7075/6 4387/7299/2103
f 4383/7312/2090 4382/7309/2140 4393/7310/2100 4394/7313/2104
f 4380/7304/2148 4379/7314/2086 4390/7315/2101 4391/7305/2094
f 4390/7315/2101 4389/7316/2097 4400/7317/2114 4401/7318/2107
f 4397/7298/2102 4396/7308/2151 4407/7319/2115 4408/7320/2109
f 4387/7299/2103 4342/7075/6 4398/7321/2110
f 4394/7313/2104 4393/7310/2100 4404/7322/2105 4405/7323/2106
f 4391/7305/2094 4390/7315/2101 4401/7318/2107 4402/7324/2108
f 4253/7056/5 4397/7298/2102 4408/7320/2109
f 4388/7300/2096 4387/7299/2103 4398/7321/2110 4399/7325/2111
f 4395/7326/2098 4394/7313/2104 4405/7323/2106 4406/7327/2112
f 4392/7306/2095 4391/7305/2094 4402/7324/2108 4403/7328/2113
f 4389/7307/2097 4388/7300/2096 4399/7325/2111 4400/7329/2114
f 4396/7308/2151 4395/7302/2098 4406/7330/2112 4407/7319/2115
f 4393/7310/2100 4392/7306/2095 4403/7328/2113 4404/7322/2105
f 4400/7329/2114 4399/7325/2111 4410/7331/2125 4411/7332/2152
f 4407/7319/2115 4406/7330/2112 4417/7333/2154 4418/7334/2120
f 4404/7322/2105 4403/7328/2113 4414/7335/2116 4415/7336/2117
f 4401/7318/2107 4400/7317/2114 4411/7337/2152 4412/7338/2119
f 4408/7320/2109 4407/7319/2115 4418/7334/2120 4419/7339/2121
f 4398/7321/2110 4342/7075/6 4409/7340/2122
f 4405/7323/2106 4404/7322/2105 4415/7336/2117 4416/7341/2123
f 4402/7324/2108 4401/7318/2107 4412/7338/2119 4413/7342/2124
f 4253/7056/5 4408/7320/2109 4419/7339/2121
f 4399/7325/2111 4398/7321/2110 4409/7340/2122 4410/7331/2125
f 4406/7327/2112 4405/7323/2106 4416/7341/2123 4417/7343/2154
f 4403/7328/2113 4402/7324/2108 4413/7342/2124 4414/7335/2116
f 4413/7342/2124 4412/7338/2119 4421/7053/1930 4422/7052/1921
f 4253/7056/5 4419/7339/2121 4426/7057/1911
f 4410/7331/2125 4409/7340/2122 4205/7060/1914 4206/7059/1913
f 4417/7343/2154 4416/7341/2123 4424/7048/1918 4425/7063/1917
f 4414/7335/2116 4413/7342/2124 4422/7052/1921 4207/7065/2
f 4411/7337/2152 4410/7344/2125 4206/7068/1913 4420/7067/1924
f 4418/7345/2120 4417/7343/2154 4425/7063/1917 4208/7071/1926
f 4415/7336/2117 4414/7335/2116 4207/7065/2 4423/7049/1928
f 4412/7338/2119 4411/7337/2152 4420/7067/1924 4421/7053/1930
f 4419/7339/2121 4418/7334/2120 4208/7073/1926 4426/7057/1911
f 4409/7340/2122 4342/7075/6 4205/7060/1914
f 4416/7341/2123 4415/7336/2117 4423/7049/1928 4424/7048/1918
f 4644/7346/2155 4643/7347/2156 4434/7348/2157 4435/7349/2158
f 4475/7350/5 4648/7351/2159 4441/7352/2160
f 4428/7353/2161 4427/7354/2162 4431/7355/2163 4432/7356/2164
f 4647/7357/2165 4646/7358/2166 4438/7359/2167 4439/7360/2168
f 4429/7361/2 4644/7346/2155 4435/7349/2158 4436/7362/2169
f 4642/7363/2170 4428/7353/2161 4432/7356/2164 4433/7364/2171
f 4430/7365/2172 4647/7366/2165 4439/7367/2168 4440/7368/2173
f 4645/7369/2174 4429/7361/2 4436/7362/2169 4437/7370/2175
f 4643/7347/2156 4642/7371/2170 4433/7372/2171 4434/7348/2157
f 4648/7351/2159 4430/7365/2172 4440/7368/2173 4441/7352/2160
f 4427/7354/2162 4564/7373/6 4431/7355/2163
f 4646/7358/2166 4645/7369/2174 4437/7370/2175 4438/7359/2167
f 4440/7368/2173 4439/7367/2168 4450/7374/2176 4451/7375/2177
f 4437/7370/2175 4436/7362/2169 4447/7376/2178 4448/7377/2179
f 4434/7348/2157 4433/7372/2171 4444/7378/2180 4445/7379/2181
f 4441/7352/2160 4440/7368/2173 4451/7375/2177 4452/7380/2182
f 4431/7355/2163 4564/7373/6 4442/7381/2183
f 4438/7359/2167 4437/7370/2175 4448/7377/2179 4449/7382/2184
f 4435/7349/2158 4434/7348/2157 4445/7379/2181 4446/7383/2185
f 4475/7350/5 4441/7352/2160 4452/7380/2182
f 4432/7356/2164 4431/7355/2163 4442/7381/2183 4443/7384/2186
f 4439/7367/2168 4438/7385/2167 4449/7386/2184 4450/7374/2176
f 4436/7362/2169 4435/7349/2158 4446/7383/2185 4447/7376/2178
f 4433/7364/2171 4432/7356/2164 4443/7384/2186 4444/7387/2180
f 4443/7384/2186 4442/7381/2183 4453/7388/2187 4454/7389/2188
f 4450/7374/2176 4449/7386/2184 4460/7390/2189 4461/7391/2190
f 4447/7376/2178 4446/7383/2185 4457/7392/2191 4458/7393/2192
f 4444/7387/2180 4443/7384/2186 4454/7389/2188 4455/7394/2193
f 4451/7375/2177 4450/7374/2176 4461/7391/2190 4462/7395/2194
f 4448/7377/2179 4447/7376/2178 4458/7393/2192 4459/7396/2195
f 4445/7397/2181 4444/7387/2180 4455/7394/2193 4456/7398/2196
f 4452/7380/2182 4451/7375/2177 4462/7395/2194 4463/7399/2197
f 4442/7381/2183 4564/7373/6 4453/7388/2187
f 4449/7382/2184 4448/7377/2179 4459/7396/2195 4460/7400/2189
f 4446/7383/2185 4445/7379/2181 4456/7401/2196 4457/7392/2191
f 4475/7350/5 4452/7380/2182 4463/7399/2197
f 4463/7399/2197 4462/7395/2194 4473/7402/2198 4474/7403/2199
f 4453/7388/2187 4564/7373/6 4464/7404/2200
f 4460/7405/2189 4459/7406/2195 4470/7407/2201 4471/7408/2202
f 4457/7409/2191 4456/7410/2196 4467/7411/2203 4468/7412/2204
f 4475/7350/5 4463/7399/2197 4474/7403/2199
f 4454/7389/2188 4453/7388/2187 4464/7404/2200 4465/7413/2205
f 4461/7391/2190 4460/7390/2189 4471/7414/2202 4472/7415/2206
f 4458/7416/2192 4457/7409/2191 4468/7412/2204 4469/7417/2207
f 4455/7394/2193 4454/7389/2188 4465/7413/2205 4466/7418/2208
f 4462/7395/2194 4461/7391/2190 4472/7415/2206 4473/7402/2198
f 4459/7406/2195 4458/7416/2192 4469/7417/2207 4470/7407/2201
f 4456/7398/2196 4455/7394/2193 4466/7418/2208 4467/7419/2203
f 4466/7418/2208 4465/7413/2205 4477/7420/2209 4478/7421/2210
f 4473/7402/2198 4472/7415/2206 4484/7422/2211 4485/7423/2212
f 4470/7407/2201 4469/7417/2207 4481/7424/3 4482/7425/2213
f 4467/7419/2203 4466/7418/2208 4478/7421/2210 4479/7426/2214
f 4474/7403/2199 4473/7402/2198 4485/7423/2212 4486/7427/2215
f 4464/7404/2200 4564/7373/6 4476/7428/2216
f 4471/7408/2202 4470/7407/2201 4482/7425/2213 4483/7429/2217
f 4468/7412/2204 4467/7411/2203 4479/7430/2214 4480/7431/2218
f 4475/7350/5 4474/7403/2199 4486/7427/2215
f 4465/7413/2205 4464/7404/2200 4476/7428/2216 4477/7420/2209
f 4472/7415/2206 4471/7414/2202 4483/7432/2217 4484/7422/2211
f 4469/7417/2207 4468/7412/2204 4480/7431/2218 4481/7424/3
f 4475/7350/5 4486/7427/2215 4497/7433/2219
f 4477/7420/2209 4476/7428/2216 4487/7434/2220 4488/7435/2221
f 4484/7422/2211 4483/7432/2217 4494/7436/2222 4495/7437/2223
f 4481/7424/3 4480/7431/2218 4491/7438/2224 4492/7439/2225
f 4478/7421/2210 4477/7420/2209 4488/7435/2221 4489/7440/2226
f 4485/7423/2212 4484/7422/2211 4495/7437/2223 4496/7441/2227
f 4482/7425/2213 4481/7424/3 4492/7439/2225 4493/7442/2228
f 4479/7426/2214 4478/7421/2210 4489/7440/2226 4490/7443/2229
f 4486/7427/2215 4485/7423/2212 4496/7441/2227 4497/7433/2219
f 4476/7428/2216 4564/7373/6 4487/7434/2220
f 4483/7429/2217 4482/7425/2213 4493/7442/2228 4494/7444/2222
f 4480/7431/2218 4479/7430/2214 4490/7445/2229 4491/7438/2224
f 4490/7443/2229 4489/7440/2226 4500/7446/2230 4501/7447/2231
f 4497/7433/2219 4496/7441/2227 4507/7448/2232 4508/7449/2233
f 4487/7434/2220 4564/7373/6 4498/7450/2234
f 4494/7444/2222 4493/7442/2228 4504/7451/2235 4505/7452/2236
f 4491/7438/2224 4490/7445/2229 4501/7453/2231 4502/7454/2237
f 4475/7350/5 4497/7433/2219 4508/7449/2233
f 4488/7435/2221 4487/7434/2220 4498/7450/2234 4499/7455/2238
f 4495/7437/2223 4494/7436/2222 4505/7456/2236 4506/7457/2239
f 4492/7439/2225 4491/7438/2224 4502/7454/2237 4503/7458/2240
f 4489/7440/2226 4488/7435/2221 4499/7455/2238 4500/7446/2230
f 4496/7441/2227 4495/7437/2223 4506/7457/2239 4507/7448/2232
f 4493/7442/2228 4492/7439/2225 4503/7458/2240 4504/7451/2235
f 4500/7446/2230 4499/7455/2238 4510/7459/2241 4511/7460/2242
f 4507/7448/2232 4506/7457/2239 4517/7461/2243 4518/7462/2244
f 4504/7463/2235 4503/7464/2240 4514/7465/2245 4515/7466/2246
f 4501/7447/2231 4500/7446/2230 4511/7460/2242 4512/7467/2247
f 4508/7449/2233 4507/7448/2232 4518/7462/2244 4519/7468/2248
f 4498/7450/2234 4564/7373/6 4509/7469/2249
f 4505/7470/2236 4504/7463/2235 4515/7466/2246 4516/7471/2250
f 4502/7472/2237 4501/7473/2231 4512/7474/2247 4513/7475/2251
f 4475/7350/5 4508/7449/2233 4519/7468/2248
f 4499/7455/2238 4498/7450/2234 4509/7469/2249 4510/7459/2241
f 4506/7457/2239 4505/7456/2236 4516/7476/2250 4517/7461/2243
f 4503/7464/2240 4502/7472/2237 4513/7475/2251 4514/7465/2245
f 4513/7475/2251 4512/7474/2247 4523/7477/2252 4524/7478/2253
f 4475/7350/5 4519/7468/2248 4530/7479/2254
f 4510/7459/2241 4509/7469/2249 4520/7480/2255 4521/7481/2256
f 4517/7482/2243 4516/7471/2250 4527/7483/2257 4528/7484/2258
f 4514/7465/2245 4513/7475/2251 4524/7478/2253 4525/7485/2259
f 4511/7460/2242 4510/7459/2241 4521/7481/2256 4522/7486/2260
f 4518/7462/2244 4517/7461/2243 4528/7487/2258 4529/7488/2261
f 4515/7466/2246 4514/7465/2245 4525/7485/2259 4526/7489/2262
f 4512/7467/2247 4511/7460/2242 4522/7486/2260 4523/7490/2252
f 4519/7468/2248 4518/7462/2244 4529/7488/2261 4530/7479/2254
f 4509/7469/2249 4564/7373/6 4520/7480/2255
f 4516/7471/2250 4515/7466/2246 4526/7489/2262 4527/7483/2257
f 4523/7477/2252 4522/7491/2260 4533/7492/2263 4534/7493/2264
f 4530/7479/2254 4529/7488/2261 4540/7494/2265 4541/7495/2266
f 4520/7480/2255 4564/7373/6 4531/7496/2267
f 4527/7483/2257 4526/7489/2262 4537/7497/2268 4538/7498/2269
f 4524/7478/2253 4523/7477/2252 4534/7493/2264 4535/7499/2270
f 4475/7350/5 4530/7479/2254 4541/7495/2266
f 4521/7481/2256 4520/7480/2255 4531/7496/2267 4532/7500/2271
f 4528/7484/2258 4527/7483/2257 4538/7498/2269 4539/7501/2272
f 4525/7485/2259 4524/7478/2253 4535/7499/2270 4536/7502/4
f 4522/7486/2260 4521/7481/2256 4532/7500/2271 4533/7503/2263
f 4529/7488/2261 4528/7487/2258 4539/7504/2272 4540/7494/2265
f 4526/7489/2262 4525/7485/2259 4536/7502/4 4537/7497/2268
f 4536/7502/4 4535/7499/2270 4546/7505/2273 4547/7506/2274
f 4533/7503/2263 4532/7500/2271 4543/7507/2275 4544/7508/2276
f 4540/7494/2265 4539/7504/2272 4550/7509/2277 4551/7510/2278
f 4537/7497/2268 4536/7502/4 4547/7506/2274 4548/7511/2279
f 4534/7493/2264 4533/7492/2263 4544/7512/2276 4545/7513/2280
f 4541/7495/2266 4540/7494/2265 4551/7510/2278 4552/7514/2281
f 4531/7496/2267 4564/7373/6 4542/7515/2282
f 4538/7498/2269 4537/7497/2268 4548/7511/2279 4549/7516/2283
f 4535/7499/2270 4534/7493/2264 4545/7513/2280 4546/7505/2273
f 4475/7350/5 4541/7495/2266 4552/7514/2281
f 4532/7500/2271 4531/7496/2267 4542/7515/2282 4543/7507/2275
f 4539/7501/2272 4538/7498/2269 4549/7516/2283 4550/7517/2277
f 4546/7505/2273 4545/7513/2280 4556/7518/2284 4557/7519/2285
f 4475/7350/5 4552/7514/2281 4563/7520/2286
f 4543/7507/2275 4542/7515/2282 4553/7521/2287 4554/7522/2288
f 4550/7517/2277 4549/7516/2283 4560/7523/2289 4561/7524/2290
f 4547/7506/2274 4546/7505/2273 4557/7519/2285 4558/7525/2291
f 4544/7508/2276 4543/7507/2275 4554/7522/2288 4555/7526/2292
f 4551/7510/2278 4550/7509/2277 4561/7527/2290 4562/7528/2293
f 4548/7511/2279 4547/7506/2274 4558/7525/2291 4559/7529/2294
f 4545/7530/2280 4544/7508/2276 4555/7526/2292 4556/7531/2284
f 4552/7514/2281 4551/7510/2278 4562/7528/2293 4563/7520/2286
f 4542/7515/2282 4564/7373/6 4553/7521/2287
f 4549/7516/2283 4548/7511/2279 4559/7529/2294 4560/7523/2289
f 4559/7529/2294 4558/7525/2291 4570/7532/2295 4571/7533/2296
f 4556/7531/2284 4555/7526/2292 4567/7534/2297 4568/7535/2298
f 4563/7520/2286 4562/7528/2293 4574/7536/2299 4575/7537/2300
f 4553/7521/2287 4564/7373/6 4565/7538/2301
f 4560/7523/2289 4559/7529/2294 4571/7533/2296 4572/7539/2302
f 4557/7519/2285 4556/7518/2284 4568/7540/2298 4569/7541/2303
f 4475/7350/5 4563/7520/2286 4575/7537/2300
f 4554/7522/2288 4553/7521/2287 4565/7538/2301 4566/7542/2304
f 4561/7527/2290 4560/7543/2289 4572/7544/2302 4573/7545/2305
f 4558/7525/2291 4557/7519/2285 4569/7541/2303 4570/7532/2295
f 4555/7526/2292 4554/7522/2288 4566/7542/2304 4567/7534/2297
f 4562/7528/2293 4561/7527/2290 4573/7545/2305 4574/7536/2299
f 4570/7546/2295 4569/7547/2303 4580/7548/2306 4581/7549/2307
f 4567/7534/2297 4566/7542/2304 4577/7550/2308 4578/7551/2309
f 4574/7536/2299 4573/7545/2305 4584/7552/2310 4585/7553/2311
f 4571/7554/2296 4570/7546/2295 4581/7549/2307 4582/7555/2312
f 4568/7535/2298 4567/7534/2297 4578/7551/2309 4579/7556/2313
f 4575/7537/2300 4574/7536/2299 4585/7553/2311 4586/7557/2314
f 4565/7538/2301 4564/7373/6 4576/7558/2315
f 4572/7559/2302 4571/7554/2296 4582/7555/2312 4583/7560/2316
f 4569/7547/2303 4568/7561/2298 4579/7562/2313 4580/7548/2306
f 4475/7350/5 4575/7537/2300 4586/7557/2314
f 4566/7542/2304 4565/7538/2301 4576/7558/2315 4577/7550/2308
f 4573/7545/2305 4572/7544/2302 4583/7563/2316 4584/7552/2310
f 4583/7560/2316 4582/7555/2312 4593/7564/2317 4594/7565/2318
f 4580/7548/2306 4579/7562/2313 4590/7566/2319 4591/7567/2320
f 4475/7350/5 4586/7557/2314 4597/7568/2321
f 4577/7550/2308 4576/7558/2315 4587/7569/2322 4588/7570/2323
f 4584/7552/2310 4583/7563/2316 4594/7571/2318 4595/7572/2324
f 4581/7549/2307 4580/7548/2306 4591/7567/2320 4592/7573/1
f 4578/7551/2309 4577/7550/2308 4588/7570/2323 4589/7574/2325
f 4585/7553/2311 4584/7552/2310 4595/7572/2324 4596/7575/2326
f 4582/7555/2312 4581/7549/2307 4592/7573/1 4593/7564/2317
f 4579/7556/2313 4578/7551/2309 4589/7574/2325 4590/7576/2319
f 4586/7557/2314 4585/7553/2311 4596/7575/2326 4597/7568/2321
f 4576/7558/2315 4564/7373/6 4587/7569/2322
f 4593/7564/2317 4592/7573/1 4603/7577/2327 4604/7578/2328
f 4590/7576/2319 4589/7574/2325 4600/7579/2329 4601/7580/2330
f 4597/7568/2321 4596/7575/2326 4607/7581/2331 4608/7582/2332
f 4587/7569/2322 4564/7373/6 4598/7583/2333
f 4594/7565/2318 4593/7564/2317 4604/7578/2328 4605/7584/2334
f 4591/7567/2320 4590/7566/2319 4601/7585/2330 4602/7586/2335
f 4475/7350/5 4597/7568/2321 4608/7582/2332
f 4588/7570/2323 4587/7569/2322 4598/7583/2333 4599/7587/2336
f 4595/7572/2324 4594/7571/2318 4605/7588/2334 4606/7589/2337
f 4592/7573/1 4591/7567/2320 4602/7586/2335 4603/7577/2327
f 4589/7574/2325 4588/7570/2323 4599/7587/2336 4600/7579/2329
f 4596/7575/2326 4595/7572/2324 4606/7589/2337 4607/7581/2331
f 4606/7589/2337 4605/7588/2334 4616/7590/2338 4617/7591/2339
f 4603/7577/2327 4602/7586/2335 4613/7592/2340 4614/7593/2341
f 4600/7579/2329 4599/7587/2336 4610/7594/2342 4611/7595/2343
f 4607/7581/2331 4606/7589/2337 4617/7591/2339 4618/7596/2344
f 4604/7578/2328 4603/7577/2327 4614/7593/2341 4615/7597/2345
f 4601/7580/2330 4600/7579/2329 4611/7595/2343 4612/7598/2346
f 4608/7582/2332 4607/7581/2331 4618/7596/2344 4619/7599/2347
f 4598/7583/2333 4564/7373/6 4609/7600/2348
f 4605/7584/2334 4604/7578/2328 4615/7597/2345 4616/7601/2338
f 4602/7586/2335 4601/7585/2330 4612/7602/2346 4613/7592/2340
f 4475/7350/5 4608/7582/2332 4619/7599/2347
f 4599/7587/2336 4598/7583/2333 4609/7600/2348 4610/7594/2342
f 4609/7600/2348 4564/7373/6 4620/7603/2349
f 4616/7604/2338 4615/7605/2345 4626/7606/2350 4627/7607/2351
f 4613/7608/2340 4612/7609/2346 4623/7610/2352 4624/7611/2353
f 4475/7350/5 4619/7599/2347 4630/7612/2354
f 4610/7594/2342 4609/7600/2348 4620/7603/2349 4621/7613/2355
f 4617/7591/2339 4616/7590/2338 4627/7614/2351 4628/7615/2356
f 4614/7616/2341 4613/7608/2340 4624/7611/2353 4625/7617/2357
f 4611/7595/2343 4610/7594/2342 4621/7613/2355 4622/7618/2358
f 4618/7596/2344 4617/7591/2339 4628/7615/2356 4629/7619/2359
f 4615/7605/2345 4614/7616/2341 4625/7617/2357 4626/7606/2350
f 4612/7598/2346 4611/7595/2343 4622/7618/2358 4623/7620/2352
f 4619/7599/2347 4618/7596/2344 4629/7619/2359 4630/7612/2354
f 4629/7619/2359 4628/7615/2356 4639/7621/2360 4640/7622/2361
f 4626/7606/2350 4625/7617/2357 4636/7623/2362 4637/7624/2363
f 4623/7610/2352 4622/7625/2358 4633/7626/2364 4634/7627/2365
f 4630/7612/2354 4629/7619/2359 4640/7622/2361 4641/7628/2366
f 4620/7603/2349 4564/7373/6 4631/7629/2367
f 4627/7607/2351 4626/7606/2350 4637/7624/2363 4638/7630/2368
f 4624/7611/2353 4623/7610/2352 4634/7627/2365 4635/7631/2369
f 4475/7350/5 4630/7612/2354 4641/7628/2366
f 4621/7613/2355 4620/7603/2349 4631/7629/2367 4632/7632/2370
f 4628/7615/2356 4627/7614/2351 4638/7633/2368 4639/7621/2360
f 4625/7617/2357 4624/7611/2353 4635/7631/2369 4636/7623/2362
f 4622/7618/2358 4621/7613/2355 4632/7632/2370 4633/7634/2364
f 4632/7632/2370 4631/7629/2367 4427/7354/2162 4428/7353/2161
f 4639/7635/2360 4638/7630/2368 4646/7358/2166 4647/7357/2165
f 4636/7623/2362 4635/7631/2369 4644/7346/2155 4429/7361/2
f 4633/7634/2364 4632/7632/2370 4428/7353/2161 4642/7363/2170
f 4640/7622/2361 4639/7621/2360 4647/7366/2165 4430/7365/2172
f 4637/7624/2363 4636/7623/2362 4429/7361/2 4645/7369/2174
f 4634/7627/2365 4633/7626/2364 4642/7371/2170 4643/7347/2156
f 4641/7628/2366 4640/7622/2361 4430/7365/2172 4648/7351/2159
f 4631/7629/2367 4564/7373/6 4427/7354/2162
f 4638/7630/2368 4637/7624/2363 4645/7369/2174 4646/7358/2166
f 4635/7631/2369 4634/7627/2365 4643/7347/2156 4644/7346/2155
f 4475/7350/5 4641/7628/2366 4648/7351/2159
f 4864/7636/2371 4650/7637/2372 4654/7638/2373 4655/7639/2374
f 4652/7640/2375 4869/7641/2376 4661/7642/2377 4662/7643/2378
f 4867/7644/2379 4651/7645/2 4658/7646/2380 4659/7647/2381
f 4865/7648/2382 4864/7649/2371 4655/7650/2374 4656/7651/2383
f 4870/7652/2384 4652/7640/2375 4662/7643/2378 4663/7653/2385
f 4649/7654/2386 4786/7655/6 4653/7656/2387
f 4868/7657/2388 4867/7644/2379 4659/7647/2381 4660/7658/2389
f 4866/7659/2390 4865/7648/2382 4656/7651/2383 4657/7660/2391
f 4697/7661/5 4870/7652/2384 4663/7653/2385
f 4650/7637/2372 4649/7654/2386 4653/7656/2387 4654/7638/2373
f 4869/7662/2376 4868/7657/2388 4660/7658/2389 4661/7663/2377
f 4651/7645/2 4866/7659/2390 4657/7660/2391 4658/7646/2380
f 4653/7656/2387 4786/7655/6 4664/7664/2392
f 4660/7658/2389 4659/7647/2381 4670/7665/2393 4671/7666/2394
f 4657/7660/2391 4656/7651/2383 4667/7667/2395 4668/7668/2396
f 4697/7661/5 4663/7653/2385 4674/7669/2397
f 4654/7638/2373 4653/7656/2387 4664/7664/2392 4665/7670/2398
f 4661/7642/2377 4660/7671/2389 4671/7672/2394 4672/7673/2399
f 4658/7646/2380 4657/7660/2391 4668/7668/2396 4669/7674/2400
f 4655/7639/2374 4654/7638/2373 4665/7670/2398 4666/7675/2401
f 4662/7643/2378 4661/7642/2377 4672/7673/2399 4673/7676/2402
f 4659/7647/2381 4658/7646/2380 4669/7674/2400 4670/7665/2393
f 4656/7677/2383 4655/7639/2374 4666/7675/2401 4667/7678/2395
f 4663/7653/2385 4662/7643/2378 4673/7676/2402 4674/7669/2397
f 4673/7676/2402 4672/7673/2399 4683/7679/2403 4684/7680/2404
f 4670/7665/2393 4669/7674/2400 4680/7681/2405 4681/7682/2406
f 4667/7678/2395 4666/7675/2401 4677/7683/2407 4678/7684/2408
f 4674/7669/2397 4673/7676/2402 4684/7680/2404 4685/7685/2409
f 4664/7664/2392 4786/7655/6 4675/7686/2410
f 4671/7666/2394 4670/7665/2393 4681/7682/2406 4682/7687/2411
f 4668/7668/2396 4667/7667/2395 4678/7688/2408 4679/7689/2412
f 4697/7661/5 4674/7669/2397 4685/7685/2409
f 4665/7670/2398 4664/7664/2392 4675/7686/2410 4676/7690/2413
f 4672/7673/2399 4671/7672/2394 4682/7691/2411 4683/7679/2403
f 4669/7674/2400 4668/7668/2396 4679/7689/2412 4680/7681/2405
f 4666/7675/2401 4665/7670/2398 4676/7690/2413 4677/7683/2407
f 4676/7690/2413 4675/7686/2410 4686/7692/2414 4687/7693/2415
f 4683/7679/2403 4682/7691/2411 4693/7694/2416 4694/7695/2417
f 4680/7696/2405 4679/7697/2412 4690/7698/2418 4691/7699/2419
f 4677/7683/2407 4676/7690/2413 4687/7693/2415 4688/7700/2420
f 4684/7680/2404 4683/7679/2403 4694/7695/2417 4695/7701/2421
f 4681/7702/2406 4680/7696/2405 4691/7699/2419 4692/7703/2422
f 4678/7684/2408 4677/7683/2407 4688/7700/2420 4689/7704/2423
f 4685/7685/2409 4684/7680/2404 4695/7701/2421 4696/7705/2424
f 4675/7686/2410 4786/7655/6 4686/7692/2414
f 4682/7706/2411 4681/7702/2406 4692/7703/2422 4693/7707/2416
f 4679/7697/2412 4678/7708/2408 4689/7709/2423 4690/7698/2418
f 4697/7661/5 4685/7685/2409 4696/7705/2424
f 4696/7705/2424 4695/7701/2421 4707/7710/2425 4708/7711/2426
f 4686/7692/2414 4786/7655/6 4698/7712/2427
f 4693/7707/2416 4692/7703/2422 4704/7713/2428 4705/7714/2429
f 4690/7698/2418 4689/7709/2423 4701/7715/2430 4702/7716/2431
f 4697/7661/5 4696/7705/2424 4708/7711/2426
f 4687/7693/2415 4686/7692/2414 4698/7712/2427 4699/7717/2432
f 4694/7695/2417 4693/7694/2416 4705/7718/2429 4706/7719/2433
f 4691/7699/2419 4690/7698/2418 4702/7716/2431 4703/7720/3
f 4688/7700/2420 4687/7693/2415 4699/7717/2432 4700/7721/2434
f 4695/7701/2421 4694/7695/2417 4706/7719/2433 4707/7710/2425
f 4692/7703/2422 4691/7699/2419 4703/7720/3 4704/7713/2428
f 4689/7704/2423 4688/7700/2420 4700/7721/2434 4701/7722/2430
f 4700/7721/2434 4699/7717/2432 4710/7723/2435 4711/7724/2436
f 4707/7710/2425 4706/7719/2433 4717/7725/2437 4718/7726/2438
f 4704/7713/2428 4703/7720/3 4714/7727/2439 4715/7728/2440
f 4701/7722/2430 4700/7721/2434 4711/7724/2436 4712/7729/2441
f 4708/7711/2426 4707/7710/2425 4718/7726/2438 4719/7730/2442
f 4698/7712/2427 4786/7655/6 4709/7731/2443
f 4705/7714/2429 4704/7713/2428 4715/7728/2440 4716/7732/2444
f 4702/7716/2431 4701/7715/2430 4712/7733/2441 4713/7734/2445
f 4697/7661/5 4708/7711/2426 4719/7730/2442
f 4699/7717/2432 4698/7712/2427 4709/7731/2443 4710/7723/2435
f 4706/7719/2433 4705/7718/2429 4716/7735/2444 4717/7725/2437
f 4703/7720/3 4702/7716/2431 4713/7734/2445 4714/7727/2439
f 4697/7661/5 4719/7730/2442 4730/7736/2446
f 4710/7723/2435 4709/7731/2443 4720/7737/2447 4721/7738/2448
f 4717/7725/2437 4716/7735/2444 4727/7739/2449 4728/7740/2450
f 4714/7727/2439 4713/7734/2445 4724/7741/2451 4725/7742/2452
f 4711/7724/2436 4710/7723/2435 4721/7738/2448 4722/7743/2453
f 4718/7726/2438 4717/7725/2437 4728/7740/2450 4729/7744/2454
f 4715/7728/2440 4714/7727/2439 4725/7742/2452 4726/7745/2455
f 4712/7729/2441 4711/7724/2436 4722/7743/2453 4723/7746/2456
f 4719/7730/2442 4718/7726/2438 4729/7744/2454 4730/7736/2446
f 4709/7731/2443 4786/7655/6 4720/7737/2447
f 4716/7732/2444 4715/7728/2440 4726/7745/2455 4727/7747/2449
f 4713/7734/2445 4712/7733/2441 4723/7748/2456 4724/7741/2451
f 4723/7746/2456 4722/7743/2453 4733/7749/2457 4734/7750/2458
f 4730/7736/2446 4729/7744/2454 4740/7751/2459 4741/7752/2460
f 4720/7737/2447 4786/7655/6 4731/7753/2461
f 4727/7754/2449 4726/7755/2455 4737/7756/2462 4738/7757/2463
f 4724/7758/2451 4723/7759/2456 4734/7760/2458 4735/7761/2464
f 4697/7661/5 4730/7736/2446 4741/7752/2460
f 4721/7738/2448 4720/7737/2447 4731/7753/2461 4732/7762/2465
f 4728/7740/2450 4727/7739/2449 4738/7763/2463 4739/7764/2466
f 4725/7765/2452 4724/7758/2451 4735/7761/2464 4736/7766/2467
f 4722/7743/2453 4721/7738/2448 4732/7762/2465 4733/7749/2457
f 4729/7744/2454 4728/7740/2450 4739/7764/2466 4740/7751/2459
f 4726/7755/2455 4725/7765/2452 4736/7766/2467 4737/7756/2462
f 4733/7749/2457 4732/7762/2465 4743/7767/2468 4744/7768/2469
f 4740/7751/2459 4739/7764/2466 4750/7769/2470 4751/7770/2471
f 4737/7756/2462 4736/7766/2467 4747/7771/2472 4748/7772/2473
f 4734/7750/2458 4733/7749/2457 4744/7768/2469 4745/7773/2474
f 4741/7752/2460 4740/7751/2459 4751/7770/2471 4752/7774/2475
f 4731/7753/2461 4786/7655/6 4742/7775/2476
f 4738/7757/2463 4737/7756/2462 4748/7772/2473 4749/7776/2477
f 4735/7761/2464 4734/7760/2458 4745/7777/2474 4746/7778/2478
f 4697/7661/5 4741/7752/2460 4752/7774/2475
f 4732/7762/2465 4731/7753/2461 4742/7775/2476 4743/7767/2468
f 4739/7764/2466 4738/7763/2463 4749/7779/2477 4750/7769/2470
f 4736/7766/2467 4735/7761/2464 4746/7778/2478 4747/7771/2472
f 4746/7778/2478 4745/7777/2474 4756/7780/2479 4757/7781/2480
f 4697/7661/5 4752/7774/2475 4763/7782/2481
f 4743/7767/2468 4742/7775/2476 4753/7783/2482 4754/7784/2483
f 4750/7785/2470 4749/7776/2477 4760/7786/2484 4761/7787/2485
f 4747/7771/2472 4746/7778/2478 4757/7781/2480 4758/7788/4
f 4744/7768/2469 4743/7767/2468 4754/7784/2483 4755/7789/2486
f 4751/7770/2471 4750/7769/2470 4761/7790/2485 4762/7791/2487
f 4748/7772/2473 4747/7771/2472 4758/7788/4 4759/7792/2488
f 4745/7777/2474 4744/7793/2469 4755/7794/2486 4756/7780/2479
f 4752/7774/2475 4751/7770/2471 4762/7791/2487 4763/7782/2481
f 4742/7775/2476 4786/7655/6 4753/7783/2482
f 4749/7776/2477 4748/7772/2473 4759/7792/2488 4760/7786/2484
f 4756/7780/2479 4755/7794/2486 4766/7795/2489 4767/7796/2490
f 4763/7782/2481 4762/7791/2487 4773/7797/2491 4774/7798/2492
f 4753/7783/2482 4786/7655/6 4764/7799/2493
f 4760/7786/2484 4759/7792/2488 4770/7800/2494 4771/7801/2495
f 4757/7781/2480 4756/7780/2479 4767/7796/2490 4768/7802/2496
f 4697/7661/5 4763/7782/2481 4774/7798/2492
f 4754/7784/2483 4753/7783/2482 4764/7799/2493 4765/7803/2497
f 4761/7787/2485 4760/7786/2484 4771/7801/2495 4772/7804/2498
f 4758/7788/4 4757/7781/2480 4768/7802/2496 4769/7805/2499
f 4755/7789/2486 4754/7784/2483 4765/7803/2497 4766/7806/2489
f 4762/7791/2487 4761/7790/2485 4772/7807/2498 4773/7797/2491
f 4759/7792/2488 4758/7788/4 4769/7805/2499 4770/7800/2494
f 4769/7805/2499 4768/7802/2496 4779/7808/2500 4780/7809/2501
f 4766/7806/2489 4765/7803/2497 4776/7810/2502 4777/7811/2503
f 4773/7797/2491 4772/7807/2498 4783/7812/2504 4784/7813/2505
f 4770/7800/2494 4769/7805/2499 4780/7809/2501 4781/7814/2506
f 4767/7815/2490 4766/7806/2489 4777/7811/2503 4778/7816/2507
f 4774/7798/2492 4773/7797/2491 4784/7813/2505 4785/7817/2508
f 4764/7799/2493 4786/7655/6 4775/7818/2509
f 4771/7801/2495 4770/7800/2494 4781/7814/2506 4782/7819/2510
f 4768/7802/2496 4767/7796/2490 4778/7820/2507 4779/7808/2500
f 4697/7661/5 4774/7798/2492 4785/7817/2508
f 4765/7803/2497 4764/7799/2493 4775/7818/2509 4776/7810/2502
f 4772/7807/2498 4771/7821/2495 4782/7822/2510 4783/7812/2504
f 4779/7808/2500 4778/7820/2507 4790/7823/2511 4791/7824/2512
f 4697/7661/5 4785/7817/2508 4797/7825/2513
f 4776/7810/2502 4775/7818/2509 4787/7826/2514 4788/7827/2515
f 4783/7812/2504 4782/7822/2510 4794/7828/2516 4795/7829/2517
f 4780/7809/2501 4779/7808/2500 4791/7824/2512 4792/7830/2518
f 4777/7811/2503 4776/7810/2502 4788/7827/2515 4789/7831/2519
f 4784/7813/2505 4783/7812/2504 4795/7829/2517 4796/7832/2520
f 4781/7814/2506 4780/7809/2501 4792/7830/2518 4793/7833/2521
f 4778/7816/2507 4777/7811/2503 4789/7831/2519 4790/7834/2511
f 4785/7817/2508 4784/7813/2505 4796/7832/2520 4797/7825/2513
f 4775/7818/2509 4786/7655/6 4787/7826/2514
f 4782/7819/2510 4781/7814/2506 4793/7833/2521 4794/7835/2516
f 4793/7836/2521 4792/7837/2518 4803/7838/2522 4804/7839/2523
f 4790/7834/2511 4789/7831/2519 4800/7840/2524 4801/7841/2525
f 4797/7825/2513 4796/7832/2520 4807/7842/2526 4808/7843/2527
f 4787/7826/2514 4786/7655/6 4798/7844/2528
f 4794/7845/2516 4793/7836/2521 4804/7839/2523 4805/7846/2529
f 4791/7847/2512 4790/7848/2511 4801/7849/2525 4802/7850/2530
f 4697/7661/5 4797/7825/2513 4808/7843/2527
f 4788/7827/2515 4787/7826/2514 4798/7844/2528 4799/7851/2531
f 4795/7829/2517 4794/7828/2516 4805/7852/2529 4806/7853/2532
f 4792/7837/2518 4791/7847/2512 4802/7850/2530 4803/7838/2522
f 4789/7831/2519 4788/7827/2515 4799/7851/2531 4800/7840/2524
f 4796/7832/2520 4795/7829/2517 4806/7853/2532 4807/7842/2526
f 4803/7838/2522 4802/7850/2530 4813/7854/2533 4814/7855/1
f 4800/7840/2524 4799/7851/2531 4810/7856/2534 4811/7857/2535
f 4807/7842/2526 4806/7853/2532 4817/7858/2536 4818/7859/2537
f 4804/7839/2523 4803/7838/2522 4814/7855/1 4815/7860/2538
f 4801/7841/2525 4800/7840/2524 4811/7857/2535 4812/7861/2539
f 4808/7843/2527 4807/7842/2526 4818/7859/2537 4819/7862/2540
f 4798/7844/2528 4786/7655/6 4809/7863/2541
f 4805/7846/2529 4804/7839/2523 4815/7860/2538 4816/7864/2542
f 4802/7850/2530 4801/7849/2525 4812/7865/2539 4813/7854/2533
f 4697/7661/5 4808/7843/2527 4819/7862/2540
f 4799/7851/2531 4798/7844/2528 4809/7863/2541 4810/7856/2534
f 4806/7853/2532 4805/7852/2529 4816/7866/2542 4817/7858/2536
f 4816/7864/2542 4815/7860/2538 4826/7867/2543 4827/7868/2544
f 4813/7854/2533 4812/7865/2539 4823/7869/2545 4824/7870/2546
f 4697/7661/5 4819/7862/2540 4830/7871/2547
f 4810/7856/2534 4809/7863/2541 4820/7872/2548 4821/7873/2549
f 4817/7858/2536 4816/7866/2542 4827/7874/2544 4828/7875/2550
f 4814/7855/1 4813/7854/2533 4824/7870/2546 4825/7876/2551
f 4811/7857/2535 4810/7856/2534 4821/7873/2549 4822/7877/2552
f 4818/7859/2537 4817/7858/2536 4828/7875/2550 4829/7878/2553
f 4815/7860/2538 4814/7855/1 4825/7876/2551 4826/7867/2543
f 4812/7861/2539 4811/7857/2535 4822/7877/2552 4823/7879/2545
f 4819/7862/2540 4818/7859/2537 4829/7878/2553 4830/7871/2547
f 4809/7863/2541 4786/7655/6 4820/7872/2548
f 4826/7867/2543 4825/7876/2551 4836/7880/2554 4837/7881/2555
f 4823/7879/2545 4822/7877/2552 4833/7882/2556 4834/7883/2557
f 4830/7871/2547 4829/7878/2553 4840/7884/2558 4841/7885/2559
f 4820/7872/2548 4786/7655/6 4831/7886/2560
f 4827/7868/2544 4826/7867/2543 4837/7881/2555 4838/7887/2561
f 4824/7870/2546 4823/7869/2545 4834/7888/2557 4835/7889/2562
f 4697/7661/5 4830/7871/2547 4841/7885/2559
f 4821/7873/2549 4820/7872/2548 4831/7886/2560 4832/7890/2563
f 4828/7875/2550 4827/7874/2544 4838/7891/2561 4839/7892/2564
f 4825/7876/2551 4824/7870/2546 4835/7889/2562 4836/7880/2554
f 4822/7877/2552 4821/7873/2549 4832/7890/2563 4833/7882/2556
f 4829/7878/2553 4828/7875/2550 4839/7892/2564 4840/7884/2558
f 4839/7892/2564 4838/7891/2561 4849/7893/2565 4850/7894/2566
f 4836/7895/2554 4835/7896/2562 4846/7897/2567 4847/7898/2568
f 4833/7882/2556 4832/7890/2563 4843/7899/2569 4844/7900/2570
f 4840/7884/2558 4839/7892/2564 4850/7894/2566 4851/7901/2571
f 4837/7902/2555 4836/7895/2554 4847/7898/2568 4848/7903/2572
f 4834/7883/2557 4833/7882/2556 4844/7900/2570 4845/7904/2573
f 4841/7885/2559 4840/7884/2558 4851/7901/2571 4852/7905/2574
f 4831/7886/2560 4786/7655/6 4842/7906/2575
f 4838/7907/2561 4837/7902/2555 4848/7903/2572 4849/7908/2565
f 4835/7896/2562 4834/7909/2557 4845/7910/2573 4846/7897/2567
f 4697/7661/5 4841/7885/2559 4852/7905/2574
f 4832/7890/2563 4831/7886/2560 4842/7906/2575 4843/7899/2569
f 4842/7906/2575 4786/7655/6 4853/7911/2576
f 4849/7908/2565 4848/7903/2572 4859/7912/2577 4860/7913/2578
f 4846/7897/2567 4845/7910/2573 4856/7914/2579 4857/7915/2580
f 4697/7661/5 4852/7905/2574 4863/7916/2581
f 4843/7899/2569 4842/7906/2575 4853/7911/2576 4854/7917/2582
f 4850/7894/2566 4849/7893/2565 4860/7918/2578 4861/7919/2583
f 4847/7898/2568 4846/7897/2567 4857/7915/2580 4858/7920/2584
f 4844/7900/2570 4843/7899/2569 4854/7917/2582 4855/7921/2585
f 4851/7901/2571 4850/7894/2566 4861/7919/2583 4862/7922/2586
f 4848/7903/2572 4847/7898/2568 4858/7920/2584 4859/7912/2577
f 4845/7904/2573 4844/7900/2570 4855/7921/2585 4856/7923/2579
f 4852/7905/2574 4851/7901/2571 4862/7922/2586 4863/7916/2581
f 4862/7922/2586 4861/7919/2583 4869/7641/2376 4652/7640/2375
f 4859/7912/2577 4858/7920/2584 4651/7645/2 4867/7644/2379
f 4856/7914/2579 4855/7924/2585 4864/7649/2371 4865/7648/2382
f 4863/7916/2581 4862/7922/2586 4652/7640/2375 4870/7652/2384
f 4853/7911/2576 4786/7655/6 4649/7654/2386
f 4860/7913/2578 4859/7912/2577 4867/7644/2379 4868/7657/2388
f 4857/7915/2580 4856/7914/2579 4865/7648/2382 4866/7659/2390
f 4697/7661/5 4863/7916/2581 4870/7652/2384
f 4854/7917/2582 4853/7911/2576 4649/7654/2386 4650/7637/2372
f 4861/7925/2583 4860/7913/2578 4868/7657/2388 4869/7662/2376
f 4858/7920/2584 4857/7915/2580 4866/7659/2390 4651/7645/2
f 4855/7921/2585 4854/7917/2582 4650/7637/2372 4864/7636/2371
s 0
f 4871/7926/1816 4872/7927/1816 4874/7928/1816 4873/7929/1816
f 4873/7930/1871 4874/7931/1871 4878/7932/1871 4877/7933/1871
f 4877/7934/1715 4878/7935/1715 4876/7936/1715 4875/7937/1715
f 4875/7938/1766 4876/7939/1766 4872/7940/1766 4871/7941/1766
f 4873/7942/5 4877/7943/5 4875/7944/5 4871/7945/5
f 4878/7946/6 4874/7947/6 4872/7948/6 4876/7949/6
