# Blender 4.2.3 LTS
# www.blender.org
mtllib pizza_shop_lvl5.mtl
o PizzaShop
v 2.900000 2.695000 1.504244
v 2.900000 3.315000 1.504244
v 2.900000 2.695000 0.554244
v 2.900000 3.315000 0.554244
v 3.320000 2.695000 1.504244
v 3.320000 3.315000 1.504244
v 3.320000 2.695000 0.554244
v 3.320000 3.315000 0.554244
v -5.100000 0.005000 2.529244
v -5.100000 4.005000 2.529244
v -5.100000 0.005000 -3.470756
v -5.100000 4.005000 -3.470756
v 2.900000 0.005000 2.529244
v 2.900000 4.005000 2.529244
v 2.900000 0.005000 -3.470756
v 2.900000 4.005000 -3.470756
v -5.250000 0.000000 2.679245
v -5.250000 0.350000 2.679245
v -5.250000 0.000000 -3.620756
v -5.250000 0.350000 -3.620756
v 3.050000 0.000000 2.679245
v 3.050000 0.350000 2.679245
v 3.050000 0.000000 -3.620756
v 3.050000 0.350000 -3.620756
v -5.174999 3.995000 2.604244
v -5.174999 4.115000 2.604244
v -5.174999 3.995000 -3.545756
v -5.174999 4.115000 -3.545756
v 2.975000 3.995000 2.604244
v 2.975000 4.115000 2.604244
v 2.975000 3.995000 -3.545756
v 2.975000 4.115000 -3.545756
v -5.250000 4.054999 2.639245
v -5.250000 4.195000 2.639245
v -5.250000 4.054999 2.459244
v -5.250000 4.195000 2.459244
v 3.050000 4.054999 2.639245
v 3.050000 4.195000 2.639245
v 3.050000 4.054999 2.459244
v 3.050000 4.195000 2.459244
v -5.250000 4.054999 -3.400755
v -5.250000 4.195000 -3.400755
v -5.250000 4.054999 -3.580756
v -5.250000 4.195000 -3.580756
v 3.050000 4.054999 -3.400755
v 3.050000 4.195000 -3.400755
v 3.050000 4.054999 -3.580756
v 3.050000 4.195000 -3.580756
v -5.210000 4.054999 2.679245
v -5.210000 4.195000 2.679245
v -5.210000 4.054999 -3.620756
v -5.210000 4.195000 -3.620756
v -5.030001 4.054999 2.679245
v -5.030001 4.195000 2.679245
v -5.030001 4.054999 -3.620756
v -5.030001 4.195000 -3.620756
v 2.830000 4.054999 2.679245
v 2.830000 4.195000 2.679245
v 2.830000 4.054999 -3.620756
v 2.830000 4.195000 -3.620756
v 3.010000 4.054999 2.679245
v 3.010000 4.195000 2.679245
v 3.010000 4.054999 -3.620756
v 3.010000 4.195000 -3.620756
v -5.179999 0.005000 2.609244
v -5.179999 4.005000 2.609244
v -5.179999 0.005000 2.449244
v -5.179999 4.005000 2.449244
v -5.020000 0.005000 2.609244
v -5.020000 4.005000 2.609244
v -5.020000 0.005000 2.449244
v -5.020000 4.005000 2.449244
v 2.820000 0.005000 2.609244
v 2.820000 4.005000 2.609244
v 2.820000 0.005000 2.449244
v 2.820000 4.005000 2.449244
v 2.980000 0.005000 2.609244
v 2.980000 4.005000 2.609244
v 2.980000 0.005000 2.449244
v 2.980000 4.005000 2.449244
v -4.950000 2.680000 2.659245
v -4.950000 3.830000 2.659245
v -4.950000 2.680000 2.519244
v -4.950000 3.830000 2.519244
v 2.750000 2.680000 2.659245
v 2.750000 3.830000 2.659245
v 2.750000 2.680000 2.519244
v 2.750000 3.830000 2.519244
v -4.950000 3.825000 2.679245
v -4.950000 3.885000 2.679245
v -4.950000 3.825000 2.519244
v -4.950000 3.885000 2.519244
v 2.750000 3.825000 2.679245
v 2.750000 3.885000 2.679245
v 2.750000 3.825000 2.519244
v 2.750000 3.885000 2.519244
v -4.950000 2.625000 2.679245
v -4.950000 2.685000 2.679245
v -4.950000 2.625000 2.519244
v -4.950000 2.685000 2.519244
v 2.750000 2.625000 2.679245
v 2.750000 2.685000 2.679245
v 2.750000 2.625000 2.519244
v 2.750000 2.685000 2.519244
v -0.991260 2.835000 2.748245
v -1.074980 3.019920 2.748245
v -1.341780 3.019920 2.748245
v -1.420900 2.835000 2.748245
v -1.512900 2.835000 2.748245
v -1.243340 3.466120 2.748245
v -1.179860 3.466120 2.748245
v -0.899260 2.835000 2.748245
v -1.111780 3.100880 2.748245
v -1.212980 3.328120 2.748245
v -1.306820 3.100880 2.748245
v -2.067660 3.462440 2.748245
v -1.526700 3.462440 2.748245
v -1.925980 2.915960 2.748245
v -1.526700 2.915960 2.748245
v -1.526700 2.835000 2.748245
v -2.092500 2.835000 2.748245
v -1.693219 3.381480 2.748245
v -2.067660 3.381480 2.748245
v -2.661980 3.462440 2.748245
v -2.121020 3.462440 2.748245
v -2.520300 2.915960 2.748245
v -2.121020 2.915960 2.748245
v -2.121020 2.835000 2.748245
v -2.686820 2.835000 2.748245
v -2.287540 3.381480 2.748245
v -2.661980 3.381480 2.748245
v -2.861620 2.835000 2.748245
v -2.861620 3.462440 2.748245
v -2.771460 3.462440 2.748245
v -2.771460 2.835000 2.748245
v -3.107655 3.460789 2.748245
v -3.077995 3.455983 2.748245
v -3.051356 3.448237 2.748245
v -3.027697 3.437770 2.748245
v -3.006977 3.424798 2.748245
v -2.989155 3.409540 2.748245
v -2.974189 3.392211 2.748245
v -2.962036 3.373029 2.748245
v -2.952657 3.352212 2.748245
v -2.946008 3.329977 2.748245
v -2.942050 3.306540 2.748245
v -2.940740 3.282120 2.748245
v -2.942127 3.257983 2.748245
v -2.946319 3.234923 2.748245
v -2.953361 3.213134 2.748245
v -2.963297 3.192811 2.748245
v -2.976172 3.174150 2.748245
v -2.992030 3.157345 2.748245
v -3.010916 3.142590 2.748245
v -3.032876 3.130081 2.748245
v -3.057954 3.120013 2.748245
v -3.086193 3.112580 2.748245
v -3.117641 3.107977 2.748245
v -3.152340 3.106400 2.748245
v -3.246180 3.106400 2.748245
v -3.246180 2.835000 2.748245
v -3.336340 2.835000 2.748245
v -3.336340 3.462440 2.748245
v -3.140380 3.462440 2.748245
v -3.144060 3.187360 2.748245
v -3.127780 3.188102 2.748245
v -3.112563 3.190307 2.748245
v -3.098477 3.193944 2.748245
v -3.085589 3.198979 2.748245
v -3.073966 3.205382 2.748245
v -3.063675 3.213120 2.748245
v -3.054783 3.222161 2.748245
v -3.047358 3.232474 2.748245
v -3.041466 3.244026 2.748245
v -3.037174 3.256786 2.748245
v -3.034549 3.270721 2.748245
v -3.033660 3.285800 2.748245
v -3.034196 3.297346 2.748245
v -3.035879 3.308859 2.748245
v -3.038821 3.320156 2.748245
v -3.043133 3.331050 2.748245
v -3.048927 3.341357 2.748245
v -3.056315 3.350890 2.748245
v -3.065409 3.359465 2.748245
v -3.076320 3.366896 2.748245
v -3.089162 3.372998 2.748245
v -3.104044 3.377587 2.748245
v -3.121080 3.380476 2.748245
v -3.140380 3.381480 2.748245
v -3.246180 3.381480 2.748245
v -3.246180 3.187360 2.748245
v -0.991260 2.835000 2.630244
v -1.074980 3.019920 2.630244
v -1.341780 3.019920 2.630244
v -1.420900 2.835000 2.630244
v -1.512900 2.835000 2.630244
v -1.243340 3.466120 2.630244
v -1.179860 3.466120 2.630244
v -0.899260 2.835000 2.630244
v -1.111780 3.100880 2.630244
v -1.212980 3.328120 2.630244
v -1.306820 3.100880 2.630244
v -2.067660 3.462440 2.630244
v -1.526700 3.462440 2.630244
v -1.925980 2.915960 2.630244
v -1.526700 2.915960 2.630244
v -1.526700 2.835000 2.630244
v -2.092500 2.835000 2.630244
v -1.693219 3.381480 2.630244
v -2.067660 3.381480 2.630244
v -2.661980 3.462440 2.630244
v -2.121020 3.462440 2.630244
v -2.520300 2.915960 2.630244
v -2.121020 2.915960 2.630244
v -2.121020 2.835000 2.630244
v -2.686820 2.835000 2.630244
v -2.287540 3.381480 2.630244
v -2.661980 3.381480 2.630244
v -2.861620 2.835000 2.630244
v -2.861620 3.462440 2.630244
v -2.771460 3.462440 2.630244
v -2.771460 2.835000 2.630244
v -3.107655 3.460789 2.630244
v -3.077995 3.455983 2.630244
v -3.051356 3.448237 2.630244
v -3.027697 3.437770 2.630244
v -3.006977 3.424798 2.630244
v -2.989155 3.409540 2.630244
v -2.974189 3.392211 2.630244
v -2.962036 3.373029 2.630244
v -2.952657 3.352212 2.630244
v -2.946008 3.329977 2.630244
v -2.942050 3.306540 2.630244
v -2.940740 3.282120 2.630244
v -2.942127 3.257983 2.630244
v -2.946319 3.234923 2.630244
v -2.953361 3.213134 2.630244
v -2.963297 3.192811 2.630244
v -2.976172 3.174150 2.630244
v -2.992030 3.157345 2.630244
v -3.010916 3.142590 2.630244
v -3.032876 3.130081 2.630244
v -3.057954 3.120013 2.630244
v -3.086193 3.112580 2.630244
v -3.117641 3.107977 2.630244
v -3.152340 3.106400 2.630244
v -3.246180 3.106400 2.630244
v -3.246180 2.835000 2.630244
v -3.336340 2.835000 2.630244
v -3.336340 3.462440 2.630244
v -3.140380 3.462440 2.630244
v -3.144060 3.187360 2.630244
v -3.127780 3.188102 2.630244
v -3.112563 3.190307 2.630244
v -3.098477 3.193944 2.630244
v -3.085589 3.198979 2.630244
v -3.073966 3.205382 2.630244
v -3.063675 3.213120 2.630244
v -3.054783 3.222161 2.630244
v -3.047358 3.232474 2.630244
v -3.041466 3.244026 2.630244
v -3.037174 3.256786 2.630244
v -3.034549 3.270721 2.630244
v -3.033660 3.285800 2.630244
v -3.034196 3.297346 2.630244
v -3.035879 3.308859 2.630244
v -3.038821 3.320156 2.630244
v -3.043133 3.331050 2.630244
v -3.048927 3.341357 2.630244
v -3.056315 3.350890 2.630244
v -3.065409 3.359465 2.630244
v -3.076320 3.366896 2.630244
v -3.089162 3.372998 2.630244
v -3.104044 3.377587 2.630244
v -3.121080 3.380476 2.630244
v -3.140380 3.381480 2.630244
v -3.246180 3.381480 2.630244
v -3.246180 3.187360 2.630244
v -3.107655 3.460789 2.630244
v -3.107525 3.462020 2.630440
v -3.107407 3.463131 2.631008
v -3.107314 3.464012 2.631893
v -3.107254 3.464578 2.633008
v -3.107234 3.464773 2.634244
v -3.107234 3.464773 2.744245
v -3.107254 3.464578 2.745481
v -3.107314 3.464012 2.746596
v -3.107407 3.463131 2.747480
v -3.107525 3.462020 2.748049
v -3.107655 3.460789 2.748245
v -3.077995 3.455983 2.630244
v -3.077722 3.457191 2.630440
v -3.077476 3.458281 2.631008
v -3.077281 3.459145 2.631893
v -3.077156 3.459701 2.633008
v -3.077113 3.459892 2.634244
v -3.077113 3.459892 2.744245
v -3.077156 3.459701 2.745481
v -3.077281 3.459145 2.746596
v -3.077476 3.458281 2.747480
v -3.077722 3.457191 2.748049
v -3.077995 3.455983 2.748245
v -3.051356 3.448237 2.630244
v -3.050931 3.449401 2.630440
v -3.050548 3.450451 2.631008
v -3.050244 3.451284 2.631893
v -3.050050 3.451819 2.633008
v -3.049982 3.452003 2.634244
v -3.049982 3.452003 2.744245
v -3.050050 3.451819 2.745481
v -3.050244 3.451284 2.746596
v -3.050548 3.450451 2.747480
v -3.050931 3.449401 2.748049
v -3.051356 3.448237 2.748245
v -3.027697 3.437770 2.630244
v -3.027116 3.438865 2.630440
v -3.026592 3.439852 2.631008
v -3.026176 3.440636 2.631893
v -3.025909 3.441139 2.633008
v -3.025817 3.441312 2.634244
v -3.025817 3.441312 2.744245
v -3.025909 3.441139 2.745481
v -3.026176 3.440636 2.746596
v -3.026592 3.439852 2.747480
v -3.027116 3.438865 2.748049
v -3.027697 3.437770 2.748245
v -3.006977 3.424798 2.630244
v -3.006243 3.425797 2.630440
v -3.005581 3.426698 2.631008
v -3.005056 3.427413 2.631893
v -3.004718 3.427873 2.633008
v -3.004602 3.428031 2.634244
v -3.004602 3.428031 2.744245
v -3.004718 3.427873 2.745481
v -3.005056 3.427413 2.746596
v -3.005581 3.426698 2.747480
v -3.006243 3.425797 2.748049
v -3.006977 3.424798 2.748245
v -2.989155 3.409540 2.630244
v -2.988281 3.410418 2.630440
v -2.987491 3.411211 2.631008
v -2.986865 3.411839 2.631893
v -2.986463 3.412243 2.633008
v -2.986325 3.412382 2.634244
v -2.986325 3.412382 2.744245
v -2.986463 3.412243 2.745481
v -2.986865 3.411839 2.746596
v -2.987491 3.411211 2.747480
v -2.988281 3.410418 2.748049
v -2.989155 3.409540 2.748245
v -2.974189 3.392211 2.630244
v -2.973193 3.392950 2.630440
v -2.972296 3.393616 2.631008
v -2.971583 3.394145 2.631893
v -2.971125 3.394485 2.633008
v -2.970968 3.394602 2.634244
v -2.970968 3.394602 2.744245
v -2.971125 3.394485 2.745481
v -2.971583 3.394145 2.746596
v -2.972296 3.393616 2.747480
v -2.973193 3.392950 2.748049
v -2.974189 3.392211 2.748245
v -2.962036 3.373029 2.630244
v -2.960945 3.373617 2.630440
v -2.959961 3.374147 2.631008
v -2.959180 3.374568 2.631893
v -2.958678 3.374838 2.633008
v -2.958505 3.374931 2.634244
v -2.958505 3.374931 2.744245
v -2.958678 3.374838 2.745481
v -2.959180 3.374568 2.746596
v -2.959961 3.374147 2.747480
v -2.960945 3.373617 2.748049
v -2.962036 3.373029 2.748245
v -2.952657 3.352212 2.630244
v -2.951496 3.352645 2.630440
v -2.950449 3.353036 2.631008
v -2.949618 3.353345 2.631893
v -2.949085 3.353544 2.633008
v -2.948900 3.353613 2.634244
v -2.948900 3.353613 2.744245
v -2.949085 3.353544 2.745481
v -2.949618 3.353345 2.746596
v -2.950449 3.353036 2.747480
v -2.951496 3.352645 2.748049
v -2.952657 3.352212 2.748245
v -2.946008 3.329977 2.630244
v -2.944803 3.330258 2.630440
v -2.943714 3.330511 2.631008
v -2.942851 3.330713 2.631893
v -2.942297 3.330842 2.633008
v -2.942106 3.330886 2.634244
v -2.942106 3.330886 2.744245
v -2.942297 3.330842 2.745481
v -2.942851 3.330713 2.746596
v -2.943714 3.330511 2.747480
v -2.944803 3.330258 2.748049
v -2.946008 3.329977 2.748245
v -2.942050 3.306540 2.630244
v -2.940820 3.306677 2.630440
v -2.939710 3.306800 2.631008
v -2.938829 3.306898 2.631893
v -2.938263 3.306960 2.633008
v -2.938068 3.306982 2.634244
v -2.938068 3.306982 2.744245
v -2.938263 3.306960 2.745481
v -2.938829 3.306898 2.746596
v -2.939710 3.306800 2.747480
v -2.940820 3.306677 2.748049
v -2.942050 3.306540 2.748245
v -2.940740 3.282120 2.630244
v -2.939502 3.282117 2.630440
v -2.938385 3.282115 2.631008
v -2.937499 3.282114 2.631893
v -2.936930 3.282113 2.633008
v -2.936733 3.282112 2.634244
v -2.936733 3.282112 2.744245
v -2.936930 3.282113 2.745481
v -2.937499 3.282114 2.746596
v -2.938385 3.282115 2.747480
v -2.939502 3.282117 2.748049
v -2.940740 3.282120 2.748245
v -2.942127 3.257983 2.630244
v -2.940898 3.257837 2.630440
v -2.939788 3.257704 2.631008
v -2.938908 3.257599 2.631893
v -2.938343 3.257532 2.633008
v -2.938148 3.257509 2.634244
v -2.938148 3.257509 2.744245
v -2.938343 3.257532 2.745481
v -2.938908 3.257599 2.746596
v -2.939788 3.257704 2.747480
v -2.940898 3.257837 2.748049
v -2.942127 3.257983 2.748245
v -2.946319 3.234923 2.630244
v -2.945118 3.234621 2.630440
v -2.944034 3.234349 2.631008
v -2.943174 3.234133 2.631893
v -2.942622 3.233994 2.633008
v -2.942431 3.233946 2.634244
v -2.942431 3.233946 2.744245
v -2.942622 3.233994 2.745481
v -2.943174 3.234133 2.746596
v -2.944034 3.234349 2.747480
v -2.945118 3.234621 2.748049
v -2.946319 3.234923 2.748245
v -2.953361 3.213134 2.630244
v -2.952212 3.212670 2.630440
v -2.951175 3.212252 2.631008
v -2.950353 3.211920 2.631893
v -2.949825 3.211707 2.633008
v -2.949643 3.211633 2.634244
v -2.949643 3.211633 2.744245
v -2.949825 3.211707 2.745481
v -2.950353 3.211920 2.746596
v -2.951175 3.212252 2.747480
v -2.952212 3.212670 2.748049
v -2.953361 3.213134 2.748245
v -2.963297 3.192811 2.630244
v -2.962227 3.192186 2.630440
v -2.961262 3.191621 2.631008
v -2.960496 3.191173 2.631893
v -2.960005 3.190885 2.633008
v -2.959835 3.190786 2.634244
v -2.959835 3.190786 2.744245
v -2.960005 3.190885 2.745481
v -2.960496 3.191173 2.746596
v -2.961262 3.191621 2.747480
v -2.962227 3.192186 2.748049
v -2.963297 3.192811 2.748245
v -2.976172 3.174150 2.630244
v -2.975208 3.173371 2.630440
v -2.974338 3.172667 2.631008
v -2.973648 3.172109 2.631893
v -2.973205 3.171751 2.633008
v -2.973053 3.171627 2.634244
v -2.973053 3.171627 2.744245
v -2.973205 3.171751 2.745481
v -2.973648 3.172109 2.746596
v -2.974338 3.172667 2.747480
v -2.975208 3.173371 2.748049
v -2.976172 3.174150 2.748245
v -2.992030 3.157345 2.630244
v -2.991195 3.156428 2.630440
v -2.990442 3.155602 2.631008
v -2.989845 3.154946 2.631893
v -2.989461 3.154524 2.633008
v -2.989329 3.154379 2.634244
v -2.989329 3.154379 2.744245
v -2.989461 3.154524 2.745481
v -2.989845 3.154946 2.746596
v -2.990442 3.155602 2.747480
v -2.991195 3.156428 2.748049
v -2.992030 3.157345 2.748245
v -3.010916 3.142590 2.630244
v -3.010226 3.141561 2.630440
v -3.009604 3.140632 2.631008
v -3.009110 3.139895 2.631893
v -3.008793 3.139422 2.633008
v -3.008683 3.139259 2.634244
v -3.008683 3.139259 2.744245
v -3.008793 3.139422 2.745481
v -3.009110 3.139895 2.746596
v -3.009604 3.140632 2.747480
v -3.010226 3.141561 2.748049
v -3.010916 3.142590 2.748245
v -3.032876 3.130081 2.630244
v -3.032338 3.128966 2.630440
v -3.031852 3.127959 2.631008
v -3.031466 3.127160 2.631893
v -3.031218 3.126647 2.633008
v -3.031133 3.126471 2.634244
v -3.031133 3.126471 2.744245
v -3.031218 3.126647 2.745481
v -3.031466 3.127160 2.746596
v -3.031852 3.127959 2.747480
v -3.032338 3.128966 2.748049
v -3.032876 3.130081 2.748245
v -3.057954 3.120013 2.630244
v -3.057564 3.118837 2.630440
v -3.057214 3.117776 2.631008
v -3.056935 3.116935 2.631893
v -3.056756 3.116394 2.633008
v -3.056695 3.116208 2.634244
v -3.056695 3.116208 2.744245
v -3.056756 3.116394 2.745481
v -3.056935 3.116935 2.746596
v -3.057214 3.117776 2.747480
v -3.057564 3.118837 2.748049
v -3.057954 3.120013 2.748245
v -3.086193 3.112580 2.630244
v -3.085946 3.111367 2.630440
v -3.085723 3.110273 2.631008
v -3.085545 3.109404 2.631893
v -3.085432 3.108847 2.633008
v -3.085392 3.108655 2.634244
v -3.085392 3.108655 2.744245
v -3.085432 3.108847 2.745481
v -3.085545 3.109404 2.746596
v -3.085723 3.110273 2.747480
v -3.085946 3.111367 2.748049
v -3.086193 3.112580 2.748245
v -3.117641 3.107977 2.630244
v -3.117523 3.106745 2.630440
v -3.117417 3.105634 2.631008
v -3.117332 3.104752 2.631893
v -3.117278 3.104186 2.633008
v -3.117259 3.103991 2.634244
v -3.117259 3.103991 2.744245
v -3.117278 3.104186 2.745481
v -3.117332 3.104752 2.746596
v -3.117417 3.105634 2.747480
v -3.117523 3.106745 2.748049
v -3.117641 3.107977 2.748245
v -3.152340 3.106400 2.630244
v -3.152312 3.105164 2.630440
v -3.152286 3.104049 2.631008
v -3.152266 3.103164 2.631893
v -3.152253 3.102596 2.633008
v -3.152249 3.102400 2.634244
v -3.152249 3.102400 2.744245
v -3.152253 3.102596 2.745481
v -3.152266 3.103164 2.746596
v -3.152286 3.104049 2.747480
v -3.152312 3.105164 2.748049
v -3.152340 3.106400 2.748245
v -3.246180 3.106400 2.630244
v -3.244944 3.105164 2.630440
v -3.243829 3.104049 2.631008
v -3.242944 3.103164 2.631893
v -3.242376 3.102596 2.633008
v -3.242180 3.102400 2.634244
v -3.242180 3.102400 2.744245
v -3.242376 3.102596 2.745481
v -3.242944 3.103164 2.746596
v -3.243829 3.104049 2.747480
v -3.244944 3.105164 2.748049
v -3.246180 3.106400 2.748245
v -3.246180 2.835000 2.630244
v -3.244944 2.833764 2.630440
v -3.243829 2.832649 2.631008
v -3.242944 2.831764 2.631893
v -3.242376 2.831196 2.633008
v -3.242180 2.831000 2.634244
v -3.242180 2.831000 2.744245
v -3.242376 2.831196 2.745481
v -3.242944 2.831764 2.746596
v -3.243829 2.832649 2.747480
v -3.244944 2.833764 2.748049
v -3.246180 2.835000 2.748245
v -3.336340 2.835000 2.630244
v -3.337576 2.833764 2.630440
v -3.338691 2.832649 2.631008
v -3.339576 2.831764 2.631893
v -3.340144 2.831196 2.633008
v -3.340340 2.831000 2.634244
v -3.340340 2.831000 2.744245
v -3.340144 2.831196 2.745481
v -3.339576 2.831764 2.746596
v -3.338691 2.832649 2.747480
v -3.337576 2.833764 2.748049
v -3.336340 2.835000 2.748245
v -3.336340 3.462440 2.630244
v -3.337576 3.463676 2.630440
v -3.338691 3.464791 2.631008
v -3.339576 3.465676 2.631893
v -3.340144 3.466244 2.633008
v -3.340340 3.466440 2.634244
v -3.340340 3.466440 2.744245
v -3.340144 3.466244 2.745481
v -3.339576 3.465676 2.746596
v -3.338691 3.464791 2.747480
v -3.337576 3.463676 2.748049
v -3.336340 3.462440 2.748245
v -3.140380 3.462440 2.630244
v -3.140349 3.463676 2.630440
v -3.140321 3.464791 2.631008
v -3.140299 3.465676 2.631893
v -3.140284 3.466244 2.633008
v -3.140279 3.466440 2.634244
v -3.140279 3.466440 2.744245
v -3.140284 3.466244 2.745481
v -3.140299 3.465676 2.746596
v -3.140321 3.464791 2.747480
v -3.140349 3.463676 2.748049
v -3.140380 3.462440 2.748245
v -3.144060 3.187360 2.630244
v -3.144088 3.188596 2.630440
v -3.144114 3.189711 2.631008
v -3.144134 3.190596 2.631893
v -3.144147 3.191164 2.633008
v -3.144151 3.191360 2.634244
v -3.144151 3.191360 2.744245
v -3.144147 3.191164 2.745481
v -3.144134 3.190596 2.746596
v -3.144114 3.189711 2.747480
v -3.144088 3.188596 2.748049
v -3.144060 3.187360 2.748245
v -3.127780 3.188102 2.630244
v -3.127897 3.189334 2.630440
v -3.128002 3.190445 2.631008
v -3.128086 3.191327 2.631893
v -3.128140 3.191894 2.633008
v -3.128158 3.192089 2.634244
v -3.128158 3.192089 2.744245
v -3.128140 3.191894 2.745481
v -3.128086 3.191327 2.746596
v -3.128002 3.190445 2.747480
v -3.127897 3.189334 2.748049
v -3.127780 3.188102 2.748245
v -3.112563 3.190307 2.630244
v -3.112807 3.191521 2.630440
v -3.113027 3.192616 2.631008
v -3.113201 3.193485 2.631893
v -3.113313 3.194042 2.633008
v -3.113352 3.194235 2.634244
v -3.113352 3.194235 2.744245
v -3.113313 3.194042 2.745481
v -3.113201 3.193485 2.746596
v -3.113027 3.192616 2.747480
v -3.112807 3.191521 2.748049
v -3.112563 3.190307 2.748245
v -3.098477 3.193944 2.630244
v -3.098858 3.195122 2.630440
v -3.099201 3.196185 2.631008
v -3.099474 3.197028 2.631893
v -3.099649 3.197570 2.633008
v -3.099709 3.197757 2.634244
v -3.099709 3.197757 2.744245
v -3.099649 3.197570 2.745481
v -3.099474 3.197028 2.746596
v -3.099201 3.196185 2.747480
v -3.098858 3.195122 2.748049
v -3.098477 3.193944 2.748245
v -3.085589 3.198979 2.630244
v -3.086114 3.200101 2.630440
v -3.086588 3.201113 2.631008
v -3.086964 3.201916 2.631893
v -3.087206 3.202431 2.633008
v -3.087289 3.202609 2.634244
v -3.087289 3.202609 2.744245
v -3.087206 3.202431 2.745481
v -3.086964 3.201916 2.746596
v -3.086588 3.201113 2.747480
v -3.086114 3.200101 2.748049
v -3.085589 3.198979 2.748245
v -3.073966 3.205382 2.630244
v -3.074639 3.206422 2.630440
v -3.075246 3.207361 2.631008
v -3.075728 3.208106 2.631893
v -3.076037 3.208584 2.633008
v -3.076144 3.208749 2.634244
v -3.076144 3.208749 2.744245
v -3.076037 3.208584 2.745481
v -3.075728 3.208106 2.746596
v -3.075246 3.207361 2.747480
v -3.074639 3.206422 2.748049
v -3.073966 3.205382 2.748245
v -3.063675 3.213120 2.630244
v -3.064492 3.214052 2.630440
v -3.065228 3.214894 2.631008
v -3.065813 3.215561 2.631893
v -3.066188 3.215990 2.633008
v -3.066317 3.216137 2.634244
v -3.066317 3.216137 2.744245
v -3.066188 3.215990 2.745481
v -3.065813 3.215561 2.746596
v -3.065228 3.214894 2.747480
v -3.064492 3.214052 2.748049
v -3.063675 3.213120 2.748245
v -3.054783 3.222161 2.630244
v -3.055731 3.222960 2.630440
v -3.056586 3.223681 2.631008
v -3.057264 3.224253 2.631893
v -3.057700 3.224621 2.633008
v -3.057850 3.224747 2.634244
v -3.057850 3.224747 2.744245
v -3.057700 3.224621 2.745481
v -3.057264 3.224253 2.746596
v -3.056586 3.223681 2.747480
v -3.055731 3.222960 2.748049
v -3.054783 3.222161 2.748245
v -3.047358 3.232474 2.630244
v -3.048416 3.233119 2.630440
v -3.049371 3.233702 2.631008
v -3.050128 3.234164 2.631893
v -3.050615 3.234461 2.633008
v -3.050782 3.234563 2.634244
v -3.050782 3.234563 2.744245
v -3.050615 3.234461 2.745481
v -3.050128 3.234164 2.746596
v -3.049371 3.233702 2.747480
v -3.048416 3.233119 2.748049
v -3.047358 3.232474 2.748245
v -3.041466 3.244026 2.630244
v -3.042608 3.244506 2.630440
v -3.043638 3.244940 2.631008
v -3.044457 3.245284 2.631893
v -3.044982 3.245505 2.633008
v -3.045163 3.245581 2.634244
v -3.045163 3.245581 2.744245
v -3.044982 3.245505 2.745481
v -3.044457 3.245284 2.746596
v -3.043638 3.244940 2.747480
v -3.042608 3.244506 2.748049
v -3.041466 3.244026 2.748245
v -3.037174 3.256786 2.630244
v -3.038373 3.257099 2.630440
v -3.039454 3.257381 2.631008
v -3.040313 3.257605 2.631893
v -3.040864 3.257749 2.633008
v -3.041054 3.257798 2.634244
v -3.041054 3.257798 2.744245
v -3.040864 3.257749 2.745481
v -3.040313 3.257605 2.746596
v -3.039454 3.257381 2.747480
v -3.038373 3.257099 2.748049
v -3.037174 3.256786 2.748245
v -3.034549 3.270721 2.630244
v -3.035779 3.270872 2.630440
v -3.036888 3.271009 2.631008
v -3.037768 3.271117 2.631893
v -3.038333 3.271187 2.633008
v -3.038528 3.271211 2.634244
v -3.038528 3.271211 2.744245
v -3.038333 3.271187 2.745481
v -3.037768 3.271117 2.746596
v -3.036888 3.271009 2.747480
v -3.035779 3.270872 2.748049
v -3.034549 3.270721 2.748245
v -3.033660 3.285800 2.630244
v -3.034898 3.285808 2.630440
v -3.036014 3.285815 2.631008
v -3.036900 3.285820 2.631893
v -3.037470 3.285824 2.633008
v -3.037665 3.285825 2.634244
v -3.037665 3.285825 2.744245
v -3.037470 3.285824 2.745481
v -3.036900 3.285820 2.746596
v -3.036014 3.285815 2.747480
v -3.034898 3.285808 2.748049
v -3.033660 3.285800 2.748245
v -3.034196 3.297346 2.630244
v -3.035428 3.297227 2.630440
v -3.036539 3.297120 2.631008
v -3.037421 3.297036 2.631893
v -3.037987 3.296981 2.633008
v -3.038182 3.296962 2.634244
v -3.038182 3.296962 2.744245
v -3.037987 3.296981 2.745481
v -3.037421 3.297036 2.746596
v -3.036539 3.297120 2.747480
v -3.035428 3.297227 2.748049
v -3.034196 3.297346 2.748245
v -3.035879 3.308859 2.630244
v -3.037092 3.308614 2.630440
v -3.038187 3.308392 2.631008
v -3.039055 3.308216 2.631893
v -3.039613 3.308103 2.633008
v -3.039805 3.308064 2.634244
v -3.039805 3.308064 2.744245
v -3.039613 3.308103 2.745481
v -3.039055 3.308216 2.746596
v -3.038187 3.308392 2.747480
v -3.037092 3.308614 2.748049
v -3.035879 3.308859 2.748245
v -3.038821 3.320156 2.630244
v -3.039998 3.319772 2.630440
v -3.041060 3.319424 2.631008
v -3.041902 3.319149 2.631893
v -3.042444 3.318972 2.633008
v -3.042629 3.318911 2.634244
v -3.042629 3.318911 2.744245
v -3.042444 3.318972 2.745481
v -3.041902 3.319149 2.746596
v -3.041060 3.319424 2.747480
v -3.039998 3.319772 2.748049
v -3.038821 3.320156 2.748245
v -3.043133 3.331050 2.630244
v -3.044251 3.330518 2.630440
v -3.045260 3.330037 2.631008
v -3.046061 3.329655 2.631893
v -3.046575 3.329411 2.633008
v -3.046752 3.329326 2.634244
v -3.046752 3.329326 2.744245
v -3.046575 3.329411 2.745481
v -3.046061 3.329655 2.746596
v -3.045260 3.330037 2.747480
v -3.044251 3.330518 2.748049
v -3.043133 3.331050 2.748245
v -3.048927 3.341357 2.630244
v -3.049959 3.340671 2.630440
v -3.050891 3.340053 2.631008
v -3.051631 3.339563 2.631893
v -3.052105 3.339248 2.633008
v -3.052269 3.339139 2.634244
v -3.052269 3.339139 2.744245
v -3.052105 3.339248 2.745481
v -3.051631 3.339563 2.746596
v -3.050891 3.340053 2.747480
v -3.049959 3.340671 2.748049
v -3.048927 3.341357 2.748245
v -3.056315 3.350890 2.630244
v -3.057233 3.350056 2.630440
v -3.058061 3.349305 2.631008
v -3.058718 3.348708 2.631893
v -3.059140 3.348325 2.633008
v -3.059286 3.348193 2.634244
v -3.059286 3.348193 2.744245
v -3.059140 3.348325 2.745481
v -3.058718 3.348708 2.746596
v -3.058061 3.349305 2.747480
v -3.057233 3.350056 2.748049
v -3.056315 3.350890 2.748245
v -3.065409 3.359465 2.630244
v -3.066186 3.358498 2.630440
v -3.066887 3.357626 2.631008
v -3.067443 3.356934 2.631893
v -3.067799 3.356490 2.633008
v -3.067922 3.356337 2.634244
v -3.067922 3.356337 2.744245
v -3.067799 3.356490 2.745481
v -3.067443 3.356934 2.746596
v -3.066887 3.357626 2.747480
v -3.066186 3.358498 2.748049
v -3.065409 3.359465 2.748245
v -3.076320 3.366896 2.630244
v -3.076937 3.365821 2.630440
v -3.077494 3.364851 2.631008
v -3.077935 3.364081 2.631893
v -3.078219 3.363586 2.633008
v -3.078317 3.363416 2.634244
v -3.078317 3.363416 2.744245
v -3.078219 3.363586 2.745481
v -3.077935 3.364081 2.746596
v -3.077494 3.364851 2.747480
v -3.076937 3.365821 2.748049
v -3.076320 3.366896 2.748245
v -3.089162 3.372998 2.630244
v -3.089612 3.371844 2.630440
v -3.090017 3.370802 2.631008
v -3.090339 3.369975 2.631893
v -3.090546 3.369444 2.633008
v -3.090617 3.369262 2.634244
v -3.090617 3.369262 2.744245
v -3.090546 3.369444 2.745481
v -3.090339 3.369975 2.746596
v -3.090017 3.370802 2.747480
v -3.089612 3.371844 2.748049
v -3.089162 3.372998 2.748245
v -3.104044 3.377587 2.630244
v -3.104331 3.376382 2.630440
v -3.104589 3.375294 2.631008
v -3.104795 3.374432 2.631893
v -3.104926 3.373878 2.633008
v -3.104972 3.373687 2.634244
v -3.104972 3.373687 2.744245
v -3.104926 3.373878 2.745481
v -3.104795 3.374432 2.746596
v -3.104589 3.375294 2.747480
v -3.104331 3.376382 2.748049
v -3.104044 3.377587 2.748245
v -3.121080 3.380476 2.630244
v -3.121216 3.379245 2.630440
v -3.121338 3.378135 2.631008
v -3.121435 3.377254 2.631893
v -3.121498 3.376688 2.633008
v -3.121519 3.376493 2.634244
v -3.121519 3.376493 2.744245
v -3.121498 3.376688 2.745481
v -3.121435 3.377254 2.746596
v -3.121338 3.378135 2.747480
v -3.121216 3.379245 2.748049
v -3.121080 3.380476 2.748245
v -3.140380 3.381480 2.630244
v -3.140412 3.380244 2.630440
v -3.140441 3.379129 2.631008
v -3.140464 3.378244 2.631893
v -3.140479 3.377676 2.633008
v -3.140484 3.377480 2.634244
v -3.140484 3.377480 2.744245
v -3.140479 3.377676 2.745481
v -3.140464 3.378244 2.746596
v -3.140441 3.379129 2.747480
v -3.140412 3.380244 2.748049
v -3.140380 3.381480 2.748245
v -3.246180 3.381480 2.630244
v -3.244944 3.380244 2.630440
v -3.243829 3.379129 2.631008
v -3.242944 3.378244 2.631893
v -3.242376 3.377676 2.633008
v -3.242180 3.377480 2.634244
v -3.242180 3.377480 2.744245
v -3.242376 3.377676 2.745481
v -3.242944 3.378244 2.746596
v -3.243829 3.379129 2.747480
v -3.244944 3.380244 2.748049
v -3.246180 3.381480 2.748245
v -3.246180 3.187360 2.630244
v -3.244944 3.188596 2.630440
v -3.243829 3.189711 2.631008
v -3.242944 3.190596 2.631893
v -3.242376 3.191164 2.633008
v -3.242180 3.191360 2.634244
v -3.242180 3.191360 2.744245
v -3.242376 3.191164 2.745481
v -3.242944 3.190596 2.746596
v -3.243829 3.189711 2.747480
v -3.244944 3.188596 2.748049
v -3.246180 3.187360 2.748245
v -2.861620 2.835000 2.630244
v -2.862856 2.833764 2.630440
v -2.863971 2.832649 2.631008
v -2.864856 2.831764 2.631893
v -2.865424 2.831196 2.633008
v -2.865620 2.831000 2.634244
v -2.865620 2.831000 2.744245
v -2.865424 2.831196 2.745481
v -2.864856 2.831764 2.746596
v -2.863971 2.832649 2.747480
v -2.862856 2.833764 2.748049
v -2.861620 2.835000 2.748245
v -2.861620 3.462440 2.630244
v -2.862856 3.463676 2.630440
v -2.863971 3.464791 2.631008
v -2.864856 3.465676 2.631893
v -2.865424 3.466244 2.633008
v -2.865620 3.466440 2.634244
v -2.865620 3.466440 2.744245
v -2.865424 3.466244 2.745481
v -2.864856 3.465676 2.746596
v -2.863971 3.464791 2.747480
v -2.862856 3.463676 2.748049
v -2.861620 3.462440 2.748245
v -2.771460 3.462440 2.630244
v -2.770224 3.463676 2.630440
v -2.769109 3.464791 2.631008
v -2.768224 3.465676 2.631893
v -2.767656 3.466244 2.633008
v -2.767460 3.466440 2.634244
v -2.767460 3.466440 2.744245
v -2.767656 3.466244 2.745481
v -2.768224 3.465676 2.746596
v -2.769109 3.464791 2.747480
v -2.770224 3.463676 2.748049
v -2.771460 3.462440 2.748245
v -2.771460 2.835000 2.630244
v -2.770224 2.833764 2.630440
v -2.769109 2.832649 2.631008
v -2.768224 2.831764 2.631893
v -2.767656 2.831196 2.633008
v -2.767460 2.831000 2.634244
v -2.767460 2.831000 2.744245
v -2.767656 2.831196 2.745481
v -2.768224 2.831764 2.746596
v -2.769109 2.832649 2.747480
v -2.770224 2.833764 2.748049
v -2.771460 2.835000 2.748245
v -2.661980 3.462440 2.630244
v -2.663216 3.463676 2.630440
v -2.664331 3.464791 2.631008
v -2.665216 3.465676 2.631893
v -2.665784 3.466244 2.633008
v -2.665980 3.466440 2.634244
v -2.665980 3.466440 2.744245
v -2.665784 3.466244 2.745481
v -2.665216 3.465676 2.746596
v -2.664331 3.464791 2.747480
v -2.663216 3.463676 2.748049
v -2.661980 3.462440 2.748245
v -2.121020 3.462440 2.630244
v -2.118586 3.463676 2.630440
v -2.116390 3.464791 2.631008
v -2.114648 3.465676 2.631893
v -2.113529 3.466244 2.633008
v -2.113144 3.466440 2.634244
v -2.113144 3.466440 2.744245
v -2.113529 3.466244 2.745481
v -2.114648 3.465676 2.746596
v -2.116390 3.464791 2.747480
v -2.118586 3.463676 2.748049
v -2.121020 3.462440 2.748245
v -2.520300 2.915960 2.630244
v -2.517866 2.917196 2.630440
v -2.515670 2.918311 2.631008
v -2.513928 2.919196 2.631893
v -2.512809 2.919764 2.633008
v -2.512423 2.919960 2.634244
v -2.512423 2.919960 2.744245
v -2.512809 2.919764 2.745481
v -2.513928 2.919196 2.746596
v -2.515670 2.918311 2.747480
v -2.517866 2.917196 2.748049
v -2.520300 2.915960 2.748245
v -2.121020 2.915960 2.630244
v -2.119784 2.917196 2.630440
v -2.118669 2.918311 2.631008
v -2.117784 2.919196 2.631893
v -2.117215 2.919764 2.633008
v -2.117020 2.919960 2.634244
v -2.117020 2.919960 2.744245
v -2.117215 2.919764 2.745481
v -2.117784 2.919196 2.746596
v -2.118669 2.918311 2.747480
v -2.119784 2.917196 2.748049
v -2.121020 2.915960 2.748245
v -2.121020 2.835000 2.630244
v -2.119784 2.833764 2.630440
v -2.118669 2.832649 2.631008
v -2.117784 2.831764 2.631893
v -2.117215 2.831196 2.633008
v -2.117020 2.831000 2.634244
v -2.117020 2.831000 2.744245
v -2.117215 2.831196 2.745481
v -2.117784 2.831764 2.746596
v -2.118669 2.832649 2.747480
v -2.119784 2.833764 2.748049
v -2.121020 2.835000 2.748245
v -2.686820 2.835000 2.630244
v -2.689254 2.833764 2.630440
v -2.691449 2.832649 2.631008
v -2.693192 2.831764 2.631893
v -2.694311 2.831196 2.633008
v -2.694696 2.831000 2.634244
v -2.694696 2.831000 2.744245
v -2.694311 2.831196 2.745481
v -2.693192 2.831764 2.746596
v -2.691449 2.832649 2.747480
v -2.689254 2.833764 2.748049
v -2.686820 2.835000 2.748245
v -2.287540 3.381480 2.630244
v -2.289973 3.380244 2.630440
v -2.292169 3.379129 2.631008
v -2.293912 3.378244 2.631893
v -2.295031 3.377676 2.633008
v -2.295416 3.377480 2.634244
v -2.295416 3.377480 2.744245
v -2.295031 3.377676 2.745481
v -2.293912 3.378244 2.746596
v -2.292169 3.379129 2.747480
v -2.289973 3.380244 2.748049
v -2.287540 3.381480 2.748245
v -2.661980 3.381480 2.630244
v -2.663216 3.380244 2.630440
v -2.664331 3.379129 2.631008
v -2.665216 3.378244 2.631893
v -2.665784 3.377676 2.633008
v -2.665980 3.377480 2.634244
v -2.665980 3.377480 2.744245
v -2.665784 3.377676 2.745481
v -2.665216 3.378244 2.746596
v -2.664331 3.379129 2.747480
v -2.663216 3.380244 2.748049
v -2.661980 3.381480 2.748245
v -2.067660 3.462440 2.630244
v -2.068896 3.463676 2.630440
v -2.070011 3.464791 2.631008
v -2.070896 3.465676 2.631893
v -2.071464 3.466244 2.633008
v -2.071660 3.466440 2.634244
v -2.071660 3.466440 2.744245
v -2.071464 3.466244 2.745481
v -2.070896 3.465676 2.746596
v -2.070011 3.464791 2.747480
v -2.068896 3.463676 2.748049
v -2.067660 3.462440 2.748245
v -1.526700 3.462440 2.630244
v -1.524266 3.463676 2.630440
v -1.522070 3.464791 2.631008
v -1.520327 3.465676 2.631893
v -1.519209 3.466244 2.633008
v -1.518823 3.466440 2.634244
v -1.518823 3.466440 2.744245
v -1.519209 3.466244 2.745481
v -1.520327 3.465676 2.746596
v -1.522070 3.464791 2.747480
v -1.524266 3.463676 2.748049
v -1.526700 3.462440 2.748245
v -1.925980 2.915960 2.630244
v -1.923546 2.917196 2.630440
v -1.921350 2.918311 2.631008
v -1.919607 2.919196 2.631893
v -1.918489 2.919764 2.633008
v -1.918103 2.919960 2.634244
v -1.918103 2.919960 2.744245
v -1.918489 2.919764 2.745481
v -1.919607 2.919196 2.746596
v -1.921350 2.918311 2.747480
v -1.923546 2.917196 2.748049
v -1.925980 2.915960 2.748245
v -1.526700 2.915960 2.630244
v -1.525464 2.917196 2.630440
v -1.524348 2.918311 2.631008
v -1.523464 2.919196 2.631893
v -1.522896 2.919764 2.633008
v -1.522700 2.919960 2.634244
v -1.522700 2.919960 2.744245
v -1.522896 2.919764 2.745481
v -1.523464 2.919196 2.746596
v -1.524348 2.918311 2.747480
v -1.525464 2.917196 2.748049
v -1.526700 2.915960 2.748245
v -1.526700 2.835000 2.630244
v -1.525464 2.833764 2.630440
v -1.524348 2.832649 2.631008
v -1.523464 2.831764 2.631893
v -1.522896 2.831196 2.633008
v -1.522700 2.831000 2.634244
v -1.522700 2.831000 2.744245
v -1.522896 2.831196 2.745481
v -1.523464 2.831764 2.746596
v -1.524348 2.832649 2.747480
v -1.525464 2.833764 2.748049
v -1.526700 2.835000 2.748245
v -2.092500 2.835000 2.630244
v -2.094934 2.833764 2.630440
v -2.097130 2.832649 2.631008
v -2.098872 2.831764 2.631893
v -2.099991 2.831196 2.633008
v -2.100376 2.831000 2.634244
v -2.100376 2.831000 2.744245
v -2.099991 2.831196 2.745481
v -2.098872 2.831764 2.746596
v -2.097130 2.832649 2.747480
v -2.094934 2.833764 2.748049
v -2.092500 2.835000 2.748245
v -1.693219 3.381480 2.630244
v -1.695654 3.380244 2.630440
v -1.697850 3.379129 2.631008
v -1.699592 3.378244 2.631893
v -1.700711 3.377676 2.633008
v -1.701096 3.377480 2.634244
v -1.701096 3.377480 2.744245
v -1.700711 3.377676 2.745481
v -1.699592 3.378244 2.746596
v -1.697850 3.379129 2.747480
v -1.695654 3.380244 2.748049
v -1.693219 3.381480 2.748245
v -2.067660 3.381480 2.630244
v -2.068896 3.380244 2.630440
v -2.070011 3.379129 2.631008
v -2.070896 3.378244 2.631893
v -2.071464 3.377676 2.633008
v -2.071660 3.377480 2.634244
v -2.071660 3.377480 2.744245
v -2.071464 3.377676 2.745481
v -2.070896 3.378244 2.746596
v -2.070011 3.379129 2.747480
v -2.068896 3.380244 2.748049
v -2.067660 3.381480 2.748245
v -0.991260 2.835000 2.630244
v -0.992057 2.833764 2.630440
v -0.992776 2.832649 2.631008
v -0.993347 2.831764 2.631893
v -0.993714 2.831196 2.633008
v -0.993840 2.831000 2.634244
v -0.993840 2.831000 2.744245
v -0.993714 2.831196 2.745481
v -0.993347 2.831764 2.746596
v -0.992776 2.832649 2.747480
v -0.992057 2.833764 2.748049
v -0.991260 2.835000 2.748245
v -1.074980 3.019920 2.630244
v -1.075777 3.018684 2.630440
v -1.076496 3.017569 2.631008
v -1.077067 3.016684 2.631893
v -1.077434 3.016115 2.633008
v -1.077560 3.015920 2.634244
v -1.077560 3.015920 2.744245
v -1.077434 3.016115 2.745481
v -1.077067 3.016684 2.746596
v -1.076496 3.017569 2.747480
v -1.075777 3.018684 2.748049
v -1.074980 3.019920 2.748245
v -1.341780 3.019920 2.630244
v -1.340965 3.018684 2.630440
v -1.340228 3.017569 2.631008
v -1.339645 3.016684 2.631893
v -1.339269 3.016115 2.633008
v -1.339141 3.015920 2.634244
v -1.339141 3.015920 2.744245
v -1.339269 3.016115 2.745481
v -1.339645 3.016684 2.746596
v -1.340228 3.017569 2.747480
v -1.340965 3.018684 2.748049
v -1.341780 3.019920 2.748245
v -1.420900 2.835000 2.630244
v -1.420084 2.833764 2.630440
v -1.419348 2.832649 2.631008
v -1.418765 2.831764 2.631893
v -1.418390 2.831196 2.633008
v -1.418261 2.831000 2.634244
v -1.418261 2.831000 2.744245
v -1.418390 2.831196 2.745481
v -1.418765 2.831764 2.746596
v -1.419348 2.832649 2.747480
v -1.420084 2.833764 2.748049
v -1.420900 2.835000 2.748245
v -1.512900 2.835000 2.630244
v -1.514772 2.833764 2.630440
v -1.516461 2.832649 2.631008
v -1.517801 2.831764 2.631893
v -1.518661 2.831196 2.633008
v -1.518958 2.831000 2.634244
v -1.518958 2.831000 2.744245
v -1.518661 2.831196 2.745481
v -1.517801 2.831764 2.746596
v -1.516461 2.832649 2.747480
v -1.514772 2.833764 2.748049
v -1.512900 2.835000 2.748245
v -1.243340 3.466120 2.630244
v -1.244156 3.467356 2.630440
v -1.244892 3.468471 2.631008
v -1.245476 3.469356 2.631893
v -1.245852 3.469924 2.633008
v -1.245981 3.470120 2.634244
v -1.245981 3.470120 2.744245
v -1.245852 3.469924 2.745481
v -1.245476 3.469356 2.746596
v -1.244892 3.468471 2.747480
v -1.244156 3.467356 2.748049
v -1.243340 3.466120 2.748245
v -1.179860 3.466120 2.630244
v -1.179057 3.467356 2.630440
v -1.178332 3.468471 2.631008
v -1.177758 3.469356 2.631893
v -1.177388 3.469924 2.633008
v -1.177261 3.470120 2.634244
v -1.177261 3.470120 2.744245
v -1.177388 3.469924 2.745481
v -1.177758 3.469356 2.746596
v -1.178332 3.468471 2.747480
v -1.179057 3.467356 2.748049
v -1.179860 3.466120 2.748245
v -0.899260 2.835000 2.630244
v -0.897358 2.833764 2.630440
v -0.895642 2.832649 2.631008
v -0.894279 2.831764 2.631893
v -0.893405 2.831196 2.633008
v -0.893104 2.831000 2.634244
v -0.893104 2.831000 2.744245
v -0.893405 2.831196 2.745481
v -0.894279 2.831764 2.746596
v -0.895642 2.832649 2.747480
v -0.897358 2.833764 2.748049
v -0.899260 2.835000 2.748245
v -1.111780 3.100880 2.630244
v -1.113683 3.102116 2.630440
v -1.115401 3.103231 2.631008
v -1.116763 3.104116 2.631893
v -1.117639 3.104684 2.633008
v -1.117940 3.104880 2.634244
v -1.117940 3.104880 2.744245
v -1.117639 3.104684 2.745481
v -1.116763 3.104116 2.746596
v -1.115401 3.103231 2.747480
v -1.113683 3.102116 2.748049
v -1.111780 3.100880 2.748245
v -1.212980 3.328120 2.630244
v -1.212937 3.324985 2.630440
v -1.212898 3.322157 2.631008
v -1.212868 3.319913 2.631893
v -1.212848 3.318473 2.633008
v -1.212841 3.317976 2.634244
v -1.212841 3.317976 2.744245
v -1.212848 3.318473 2.745481
v -1.212868 3.319913 2.746596
v -1.212898 3.322157 2.747480
v -1.212937 3.324985 2.748049
v -1.212980 3.328120 2.748245
v -1.306820 3.100880 2.630244
v -1.304972 3.102116 2.630440
v -1.303305 3.103231 2.631008
v -1.301983 3.104116 2.631893
v -1.301133 3.104684 2.633008
v -1.300840 3.104880 2.634244
v -1.300840 3.104880 2.744245
v -1.301133 3.104684 2.745481
v -1.301983 3.104116 2.746596
v -1.303305 3.103231 2.747480
v -1.304972 3.102116 2.748049
v -1.306820 3.100880 2.748245
v 0.393590 3.348731 2.739244
v 1.126410 3.679449 2.739244
v 1.277321 2.658064 2.739244
v 0.393590 3.348731 2.659245
v 1.126410 3.679449 2.659245
v 1.277321 2.658064 2.659245
v 0.429367 3.227006 2.749245
v 0.336000 3.356939 2.749245
v 0.429367 3.227006 2.649245
v 0.336000 3.356939 2.649245
v 1.144000 3.740522 2.749245
v 1.050633 3.870456 2.749245
v 1.144000 3.740522 2.649245
v 1.050633 3.870456 2.649245
v 0.729917 3.306195 2.734245
v 0.729917 3.306195 2.764245
v 0.761322 3.316856 2.734245
v 0.761322 3.316856 2.764245
v 0.794416 3.314687 2.734245
v 0.794416 3.314687 2.764245
v 0.824161 3.300018 2.734245
v 0.824161 3.300018 2.764245
v 0.846029 3.275083 2.734245
v 0.846029 3.275083 2.764245
v 0.856689 3.243678 2.734245
v 0.856689 3.243678 2.764245
v 0.854520 3.210583 2.734245
v 0.854520 3.210583 2.764245
v 0.839852 3.180838 2.734245
v 0.839852 3.180838 2.764245
v 0.814917 3.158971 2.734245
v 0.814917 3.158971 2.764245
v 0.783511 3.148310 2.734245
v 0.783511 3.148310 2.764245
v 0.750417 3.150479 2.734245
v 0.750417 3.150479 2.764245
v 0.720672 3.165148 2.734245
v 0.720672 3.165148 2.764245
v 0.698804 3.190083 2.734245
v 0.698804 3.190083 2.764245
v 0.688144 3.221488 2.734245
v 0.688144 3.221488 2.764245
v 0.690313 3.254583 2.734245
v 0.690313 3.254583 2.764245
v 0.704982 3.284328 2.734245
v 0.704982 3.284328 2.764245
v 0.882763 3.521458 2.734245
v 0.882763 3.521458 2.764245
v 0.914168 3.532119 2.734245
v 0.914168 3.532119 2.764245
v 0.947263 3.529950 2.734245
v 0.947263 3.529950 2.764245
v 0.977008 3.515281 2.734245
v 0.977008 3.515281 2.764245
v 0.998875 3.490346 2.734245
v 0.998875 3.490346 2.764245
v 1.009536 3.458941 2.734245
v 1.009536 3.458941 2.764245
v 1.007367 3.425847 2.734245
v 1.007367 3.425847 2.764245
v 0.992698 3.396101 2.734245
v 0.992698 3.396101 2.764245
v 0.967763 3.374234 2.734245
v 0.967763 3.374234 2.764245
v 0.936357 3.363573 2.734245
v 0.936357 3.363573 2.764245
v 0.903263 3.365742 2.734245
v 0.903263 3.365742 2.764245
v 0.873518 3.380411 2.734245
v 0.873518 3.380411 2.764245
v 0.851651 3.405346 2.734245
v 0.851651 3.405346 2.764245
v 0.840990 3.436751 2.734245
v 0.840990 3.436751 2.764245
v 0.843159 3.469846 2.734245
v 0.843159 3.469846 2.764245
v 0.857828 3.499591 2.734245
v 0.857828 3.499591 2.764245
v 0.974820 3.182009 2.734245
v 0.974820 3.182009 2.764245
v 1.006226 3.192670 2.734245
v 1.006226 3.192670 2.764245
v 1.039320 3.190501 2.734245
v 1.039320 3.190501 2.764245
v 1.069065 3.175832 2.734245
v 1.069065 3.175832 2.764245
v 1.090933 3.150897 2.734245
v 1.090933 3.150897 2.764245
v 1.101593 3.119492 2.734245
v 1.101593 3.119492 2.764245
v 1.099424 3.086398 2.734245
v 1.099424 3.086398 2.764245
v 1.084755 3.056653 2.734245
v 1.084755 3.056653 2.764245
v 1.059820 3.034785 2.734245
v 1.059820 3.034785 2.764245
v 1.028415 3.024124 2.734245
v 1.028415 3.024124 2.764245
v 0.995321 3.026294 2.734245
v 0.995321 3.026294 2.764245
v 0.965575 3.040962 2.734245
v 0.965575 3.040962 2.764245
v 0.943708 3.065897 2.734245
v 0.943708 3.065897 2.764245
v 0.933047 3.097302 2.734245
v 0.933047 3.097302 2.764245
v 0.935216 3.130397 2.734245
v 0.935216 3.130397 2.764245
v 0.949885 3.160142 2.734245
v 0.949885 3.160142 2.764245
v 0.725179 3.534400 2.734245
v 0.725179 3.534400 2.764245
v 0.756585 3.545061 2.734245
v 0.756585 3.545061 2.764245
v 0.789679 3.542892 2.734245
v 0.789679 3.542892 2.764245
v 0.819424 3.528223 2.734245
v 0.819424 3.528223 2.764245
v 0.841292 3.503288 2.734245
v 0.841292 3.503288 2.764245
v 0.851952 3.471883 2.734245
v 0.851952 3.471883 2.764245
v 0.849783 3.438788 2.734245
v 0.849783 3.438788 2.764245
v 0.835114 3.409043 2.734245
v 0.835114 3.409043 2.764245
v 0.810179 3.387176 2.734245
v 0.810179 3.387176 2.764245
v 0.778774 3.376515 2.734245
v 0.778774 3.376515 2.764245
v 0.745680 3.378684 2.734245
v 0.745680 3.378684 2.764245
v 0.715935 3.393353 2.734245
v 0.715935 3.393353 2.764245
v 0.694067 3.418288 2.734245
v 0.694067 3.418288 2.764245
v 0.683407 3.449693 2.734245
v 0.683407 3.449693 2.764245
v 0.685576 3.482788 2.734245
v 0.685576 3.482788 2.764245
v 0.700244 3.512533 2.734245
v 0.700244 3.512533 2.764245
v -4.549999 2.138644 3.605365
v -4.549999 2.180931 3.620756
v -4.549999 2.549069 2.477734
v -4.549999 2.591355 2.493124
v -3.860000 2.138644 3.605365
v -3.860000 2.180931 3.620756
v -3.860000 2.549069 2.477734
v -3.860000 2.591355 2.493124
v -4.549999 1.985000 3.609244
v -4.549999 2.165000 3.609244
v -4.549999 1.985000 3.569244
v -4.549999 2.165000 3.569244
v -3.860000 1.985000 3.609244
v -3.860000 2.165000 3.609244
v -3.860000 1.985000 3.569244
v -3.860000 2.165000 3.569244
v -3.860000 2.138644 3.605365
v -3.860000 2.180931 3.620756
v -3.860000 2.549069 2.477734
v -3.860000 2.591355 2.493124
v -3.170000 2.138644 3.605365
v -3.170000 2.180931 3.620756
v -3.170000 2.549069 2.477734
v -3.170000 2.591355 2.493124
v -3.860000 1.985000 3.609244
v -3.860000 2.165000 3.609244
v -3.860000 1.985000 3.569244
v -3.860000 2.165000 3.569244
v -3.170000 1.985000 3.609244
v -3.170000 2.165000 3.609244
v -3.170000 1.985000 3.569244
v -3.170000 2.165000 3.569244
v -3.170000 2.138644 3.605365
v -3.170000 2.180931 3.620756
v -3.170000 2.549069 2.477734
v -3.170000 2.591355 2.493124
v -2.480000 2.138644 3.605365
v -2.480000 2.180931 3.620756
v -2.480000 2.549069 2.477734
v -2.480000 2.591355 2.493124
v -3.170000 1.985000 3.609244
v -3.170000 2.165000 3.609244
v -3.170000 1.985000 3.569244
v -3.170000 2.165000 3.569244
v -2.480000 1.985000 3.609244
v -2.480000 2.165000 3.609244
v -2.480000 1.985000 3.569244
v -2.480000 2.165000 3.569244
v -2.480000 2.138644 3.605365
v -2.480000 2.180931 3.620756
v -2.480000 2.549069 2.477734
v -2.480000 2.591355 2.493124
v -1.790000 2.138644 3.605365
v -1.790000 2.180931 3.620756
v -1.790000 2.549069 2.477734
v -1.790000 2.591355 2.493124
v -2.480000 1.985000 3.609244
v -2.480000 2.165000 3.609244
v -2.480000 1.985000 3.569244
v -2.480000 2.165000 3.569244
v -1.790000 1.985000 3.609244
v -1.790000 2.165000 3.609244
v -1.790000 1.985000 3.569244
v -1.790000 2.165000 3.569244
v -1.790000 2.138644 3.605365
v -1.790000 2.180931 3.620756
v -1.790000 2.549069 2.477734
v -1.790000 2.591355 2.493124
v -1.100000 2.138644 3.605365
v -1.100000 2.180931 3.620756
v -1.100000 2.549069 2.477734
v -1.100000 2.591355 2.493124
v -1.790000 1.985000 3.609244
v -1.790000 2.165000 3.609244
v -1.790000 1.985000 3.569244
v -1.790000 2.165000 3.569244
v -1.100000 1.985000 3.609244
v -1.100000 2.165000 3.609244
v -1.100000 1.985000 3.569244
v -1.100000 2.165000 3.569244
v -1.100000 2.138644 3.605365
v -1.100000 2.180931 3.620756
v -1.100000 2.549069 2.477734
v -1.100000 2.591355 2.493124
v -0.410000 2.138644 3.605365
v -0.410000 2.180931 3.620756
v -0.410000 2.549069 2.477734
v -0.410000 2.591355 2.493124
v -1.100000 1.985000 3.609244
v -1.100000 2.165000 3.609244
v -1.100000 1.985000 3.569244
v -1.100000 2.165000 3.569244
v -0.410000 1.985000 3.609244
v -0.410000 2.165000 3.609244
v -0.410000 1.985000 3.569244
v -0.410000 2.165000 3.569244
v -0.410000 2.138644 3.605365
v -0.410000 2.180931 3.620756
v -0.410000 2.549069 2.477734
v -0.410000 2.591355 2.493124
v 0.280000 2.138644 3.605365
v 0.280000 2.180931 3.620756
v 0.280000 2.549069 2.477734
v 0.280000 2.591355 2.493124
v -0.410000 1.985000 3.609244
v -0.410000 2.165000 3.609244
v -0.410000 1.985000 3.569244
v -0.410000 2.165000 3.569244
v 0.280000 1.985000 3.609244
v 0.280000 2.165000 3.609244
v 0.280000 1.985000 3.569244
v 0.280000 2.165000 3.569244
v 0.280000 2.138644 3.605365
v 0.280000 2.180931 3.620756
v 0.280000 2.549069 2.477734
v 0.280000 2.591355 2.493124
v 0.970000 2.138644 3.605365
v 0.970000 2.180931 3.620756
v 0.970000 2.549069 2.477734
v 0.970000 2.591355 2.493124
v 0.280000 1.985000 3.609244
v 0.280000 2.165000 3.609244
v 0.280000 1.985000 3.569244
v 0.280000 2.165000 3.569244
v 0.970000 1.985000 3.609244
v 0.970000 2.165000 3.609244
v 0.970000 1.985000 3.569244
v 0.970000 2.165000 3.569244
v 0.970000 2.138644 3.605365
v 0.970000 2.180931 3.620756
v 0.970000 2.549069 2.477734
v 0.970000 2.591355 2.493124
v 1.660000 2.138644 3.605365
v 1.660000 2.180931 3.620756
v 1.660000 2.549069 2.477734
v 1.660000 2.591355 2.493124
v 0.970000 1.985000 3.609244
v 0.970000 2.165000 3.609244
v 0.970000 1.985000 3.569244
v 0.970000 2.165000 3.569244
v 1.660000 1.985000 3.609244
v 1.660000 2.165000 3.609244
v 1.660000 1.985000 3.569244
v 1.660000 2.165000 3.569244
v 1.660000 2.138644 3.605365
v 1.660000 2.180931 3.620756
v 1.660000 2.549069 2.477734
v 1.660000 2.591355 2.493124
v 2.350000 2.138644 3.605365
v 2.350000 2.180931 3.620756
v 2.350000 2.549069 2.477734
v 2.350000 2.591355 2.493124
v 1.660000 1.985000 3.609244
v 1.660000 2.165000 3.609244
v 1.660000 1.985000 3.569244
v 1.660000 2.165000 3.569244
v 2.350000 1.985000 3.609244
v 2.350000 2.165000 3.609244
v 2.350000 1.985000 3.569244
v 2.350000 2.165000 3.569244
v -4.400000 1.005000 2.584244
v -4.400000 2.605000 2.584244
v -4.400000 1.005000 2.534245
v -4.400000 2.605000 2.534245
v -1.800000 1.005000 2.584244
v -1.800000 2.605000 2.584244
v -1.800000 1.005000 2.534245
v -1.800000 2.605000 2.534245
v -4.450000 2.585000 2.624244
v -4.450000 2.655000 2.624244
v -4.450000 2.585000 2.554245
v -4.450000 2.655000 2.554245
v -1.750000 2.585000 2.624244
v -1.750000 2.655000 2.624244
v -1.750000 2.585000 2.554245
v -1.750000 2.655000 2.554245
v -4.450000 0.955000 2.624244
v -4.450000 1.025000 2.624244
v -4.450000 0.955000 2.554245
v -4.450000 1.025000 2.554245
v -1.750000 0.955000 2.624244
v -1.750000 1.025000 2.624244
v -1.750000 0.955000 2.554245
v -1.750000 1.025000 2.554245
v -4.450000 0.955000 2.624244
v -4.450000 2.655000 2.624244
v -4.450000 0.955000 2.554245
v -4.450000 2.655000 2.554245
v -4.379999 0.955000 2.624244
v -4.379999 2.655000 2.624244
v -4.379999 0.955000 2.554245
v -4.379999 2.655000 2.554245
v -1.820000 0.955000 2.624244
v -1.820000 2.655000 2.624244
v -1.820000 0.955000 2.554245
v -1.820000 2.655000 2.554245
v -1.750000 0.955000 2.624244
v -1.750000 2.655000 2.624244
v -1.750000 0.955000 2.554245
v -1.750000 2.655000 2.554245
v -3.575000 1.005000 2.609244
v -3.575000 2.605000 2.609244
v -3.575000 1.005000 2.549244
v -3.575000 2.605000 2.549244
v -3.525000 1.005000 2.609244
v -3.525000 2.605000 2.609244
v -3.525000 1.005000 2.549244
v -3.525000 2.605000 2.549244
v -2.674999 1.005000 2.609244
v -2.674999 2.605000 2.609244
v -2.674999 1.005000 2.549244
v -2.674999 2.605000 2.549244
v -2.625000 1.005000 2.609244
v -2.625000 2.605000 2.609244
v -2.625000 1.005000 2.549244
v -2.625000 2.605000 2.549244
v 0.300000 1.005000 2.584244
v 0.300000 2.605000 2.584244
v 0.300000 1.005000 2.534245
v 0.300000 2.605000 2.534245
v 1.700000 1.005000 2.584244
v 1.700000 2.605000 2.584244
v 1.700000 1.005000 2.534245
v 1.700000 2.605000 2.534245
v 0.250000 2.585000 2.624244
v 0.250000 2.655000 2.624244
v 0.250000 2.585000 2.554245
v 0.250000 2.655000 2.554245
v 1.750000 2.585000 2.624244
v 1.750000 2.655000 2.624244
v 1.750000 2.585000 2.554245
v 1.750000 2.655000 2.554245
v 0.250000 0.955000 2.624244
v 0.250000 1.025000 2.624244
v 0.250000 0.955000 2.554245
v 0.250000 1.025000 2.554245
v 1.750000 0.955000 2.624244
v 1.750000 1.025000 2.624244
v 1.750000 0.955000 2.554245
v 1.750000 1.025000 2.554245
v 0.250000 0.955000 2.624244
v 0.250000 2.655000 2.624244
v 0.250000 0.955000 2.554245
v 0.250000 2.655000 2.554245
v 0.320000 0.955000 2.624244
v 0.320000 2.655000 2.624244
v 0.320000 0.955000 2.554245
v 0.320000 2.655000 2.554245
v 1.680000 0.955000 2.624244
v 1.680000 2.655000 2.624244
v 1.680000 0.955000 2.554245
v 1.680000 2.655000 2.554245
v 1.750000 0.955000 2.624244
v 1.750000 2.655000 2.624244
v 1.750000 0.955000 2.554245
v 1.750000 2.655000 2.554245
v 0.975000 1.005000 2.609244
v 0.975000 2.605000 2.609244
v 0.975000 1.005000 2.549244
v 0.975000 2.605000 2.549244
v 1.025000 1.005000 2.609244
v 1.025000 2.605000 2.609244
v 1.025000 1.005000 2.549244
v 1.025000 2.605000 2.549244
v -1.500000 0.055000 2.584244
v -1.500000 2.255000 2.584244
v -1.500000 0.055000 2.534245
v -1.500000 2.255000 2.534245
v -0.500000 0.055000 2.584244
v -0.500000 2.255000 2.584244
v -0.500000 0.055000 2.534245
v -0.500000 2.255000 2.534245
v -1.580000 0.010000 2.629244
v -1.580000 2.360000 2.629244
v -1.580000 0.010000 2.549244
v -1.580000 2.360000 2.549244
v -1.500000 0.010000 2.629244
v -1.500000 2.360000 2.629244
v -1.500000 0.010000 2.549244
v -1.500000 2.360000 2.549244
v -0.500000 0.010000 2.629244
v -0.500000 2.360000 2.629244
v -0.500000 0.010000 2.549244
v -0.500000 2.360000 2.549244
v -0.420000 0.010000 2.629244
v -0.420000 2.360000 2.629244
v -0.420000 0.010000 2.549244
v -0.420000 2.360000 2.549244
v -1.580000 2.285000 2.629244
v -1.580000 2.365000 2.629244
v -1.580000 2.285000 2.549244
v -1.580000 2.365000 2.549244
v -0.420000 2.285000 2.629244
v -0.420000 2.365000 2.629244
v -0.420000 2.285000 2.549244
v -0.420000 2.365000 2.549244
v -1.580000 2.365000 2.629244
v -1.580000 2.485000 2.629244
v -1.580000 2.365000 2.549244
v -1.580000 2.485000 2.549244
v -0.420000 2.365000 2.629244
v -0.420000 2.485000 2.629244
v -0.420000 2.365000 2.549244
v -0.420000 2.485000 2.549244
v -0.675000 0.855000 2.654244
v -0.675000 1.555000 2.654244
v -0.675000 0.855000 2.604244
v -0.675000 1.555000 2.604244
v -0.625000 0.855000 2.654244
v -0.625000 1.555000 2.654244
v -0.625000 0.855000 2.604244
v -0.625000 1.555000 2.604244
v -1.500000 0.039999 2.604244
v -1.500000 0.290000 2.604244
v -1.500000 0.039999 2.574244
v -1.500000 0.290000 2.574244
v -0.500000 0.039999 2.604244
v -0.500000 0.290000 2.604244
v -0.500000 0.039999 2.574244
v -0.500000 0.290000 2.574244
v -0.960000 1.505000 2.609244
v -0.960000 1.905000 2.609244
v -0.960000 1.505000 2.589244
v -0.960000 1.905000 2.589244
v -0.680000 1.505000 2.609244
v -0.680000 1.905000 2.609244
v -0.680000 1.505000 2.589244
v -0.680000 1.905000 2.589244
v -0.960000 1.815000 2.611244
v -0.960000 1.915000 2.611244
v -0.960000 1.815000 2.589244
v -0.960000 1.915000 2.589244
v -0.680000 1.815000 2.611244
v -0.680000 1.915000 2.611244
v -0.680000 1.815000 2.589244
v -0.680000 1.915000 2.589244
v -1.750000 0.005000 3.084244
v -1.750000 0.165000 3.084244
v -1.750000 0.005000 2.534245
v -1.750000 0.165000 2.534245
v -0.250000 0.005000 3.084244
v -0.250000 0.165000 3.084244
v -0.250000 0.005000 2.534245
v -0.250000 0.165000 2.534245
v 2.904999 2.630000 1.329244
v 2.904999 2.680000 1.329244
v 2.904999 2.630000 0.729244
v 2.904999 2.680000 0.729244
v 3.254999 2.630000 1.329244
v 3.254999 2.680000 1.329244
v 3.254999 2.630000 0.729244
v 3.254999 2.680000 0.729244
v 3.340000 2.785000 1.029244
v 3.350000 2.787679 1.029244
v 3.357321 2.795000 1.029244
v 3.360000 2.805000 1.029244
v 3.357321 2.815000 1.029244
v 3.350000 2.822320 1.029244
v 3.340000 2.825000 1.029244
v 3.330000 2.822320 1.029244
v 3.322679 2.815000 1.029244
v 3.320000 2.805000 1.029244
v 3.322679 2.795000 1.029244
v 3.330000 2.787679 1.029244
v 3.340000 2.786882 1.000529
v 3.350000 2.789539 1.000878
v 3.357321 2.796796 1.001834
v 3.360000 2.806711 1.003139
v 3.357321 2.816625 1.004444
v 3.350000 2.823883 1.005400
v 3.340000 2.826540 1.005750
v 3.330000 2.823883 1.005400
v 3.322679 2.816625 1.004444
v 3.320000 2.806711 1.003139
v 3.322679 2.796796 1.001834
v 3.330000 2.789539 1.000878
v 3.340000 2.792496 0.972304
v 3.350000 2.795084 0.972998
v 3.357321 2.802155 0.974892
v 3.360000 2.811815 0.977481
v 3.357321 2.821474 0.980069
v 3.350000 2.828545 0.981964
v 3.340000 2.831133 0.982657
v 3.330000 2.828545 0.981964
v 3.322679 2.821474 0.980069
v 3.320000 2.811815 0.977481
v 3.322679 2.802155 0.974892
v 3.330000 2.795084 0.972998
v 3.340000 2.801746 0.945054
v 3.350000 2.804222 0.946079
v 3.357321 2.810985 0.948881
v 3.360000 2.820224 0.952708
v 3.357321 2.829463 0.956535
v 3.350000 2.836226 0.959336
v 3.340000 2.838701 0.960361
v 3.330000 2.836226 0.959336
v 3.322679 2.829463 0.956535
v 3.320000 2.820224 0.952708
v 3.322679 2.810985 0.948881
v 3.330000 2.804222 0.946079
v 3.340000 2.814474 0.919244
v 3.350000 2.816795 0.920584
v 3.357321 2.823135 0.924244
v 3.360000 2.831795 0.929244
v 3.357321 2.840455 0.934244
v 3.350000 2.846795 0.937905
v 3.340000 2.849115 0.939244
v 3.330000 2.846795 0.937905
v 3.322679 2.840455 0.934244
v 3.320000 2.831795 0.929244
v 3.322679 2.823135 0.924244
v 3.330000 2.816795 0.920584
v 3.340000 2.830462 0.895317
v 3.350000 2.832588 0.896948
v 3.357321 2.838396 0.901405
v 3.360000 2.846329 0.907492
v 3.357321 2.854263 0.913580
v 3.350000 2.860070 0.918036
v 3.340000 2.862196 0.919667
v 3.330000 2.860070 0.918036
v 3.322679 2.854263 0.913580
v 3.320000 2.846329 0.907492
v 3.322679 2.838396 0.901405
v 3.330000 2.832588 0.896948
v 3.340000 2.849437 0.873681
v 3.350000 2.851331 0.875576
v 3.357321 2.856508 0.880752
v 3.360000 2.863579 0.887823
v 3.357321 2.870650 0.894894
v 3.350000 2.875826 0.900071
v 3.340000 2.877721 0.901965
v 3.330000 2.875826 0.900071
v 3.322679 2.870650 0.894894
v 3.320000 2.863579 0.887823
v 3.322679 2.856508 0.880752
v 3.330000 2.851331 0.875576
v 3.340000 2.871072 0.854707
v 3.350000 2.872704 0.856833
v 3.357321 2.877160 0.862640
v 3.360000 2.883248 0.870574
v 3.357321 2.889335 0.878507
v 3.350000 2.893792 0.884315
v 3.340000 2.895423 0.886441
v 3.330000 2.893792 0.884315
v 3.322679 2.889335 0.878507
v 3.320000 2.883248 0.870574
v 3.322679 2.877160 0.862640
v 3.330000 2.872704 0.856833
v 3.340000 2.895000 0.838719
v 3.350000 2.896340 0.841039
v 3.357321 2.900000 0.847379
v 3.360000 2.905000 0.856039
v 3.357321 2.910000 0.864700
v 3.350000 2.913660 0.871039
v 3.340000 2.915000 0.873360
v 3.330000 2.913660 0.871039
v 3.322679 2.910000 0.864700
v 3.320000 2.905000 0.856039
v 3.322679 2.900000 0.847379
v 3.330000 2.896340 0.841039
v 3.340000 2.920810 0.825991
v 3.350000 2.921835 0.828466
v 3.357321 2.924636 0.835230
v 3.360000 2.928463 0.844469
v 3.357321 2.932290 0.853707
v 3.350000 2.935091 0.860471
v 3.340000 2.936117 0.862946
v 3.330000 2.935091 0.860471
v 3.322679 2.932290 0.853707
v 3.320000 2.928463 0.844469
v 3.322679 2.924636 0.835230
v 3.330000 2.921835 0.828466
v 3.340000 2.948060 0.816741
v 3.350000 2.948753 0.819329
v 3.357321 2.950648 0.826400
v 3.360000 2.953236 0.836059
v 3.357321 2.955824 0.845719
v 3.350000 2.957719 0.852790
v 3.340000 2.958412 0.855378
v 3.330000 2.957719 0.852790
v 3.322679 2.955824 0.845719
v 3.320000 2.953236 0.836059
v 3.322679 2.950648 0.826400
v 3.330000 2.948753 0.819329
v 3.340000 2.976284 0.811126
v 3.350000 2.976634 0.813783
v 3.357321 2.977589 0.821041
v 3.360000 2.978895 0.830956
v 3.357321 2.980200 0.840870
v 3.350000 2.981155 0.848128
v 3.340000 2.981505 0.850784
v 3.330000 2.981155 0.848128
v 3.322679 2.980200 0.840870
v 3.320000 2.978895 0.830956
v 3.322679 2.977589 0.821041
v 3.330000 2.976634 0.813783
v 3.340000 3.005000 0.809244
v 3.350000 3.005000 0.811924
v 3.357321 3.005000 0.819244
v 3.360000 3.005000 0.829244
v 3.357321 3.005000 0.839244
v 3.350000 3.005000 0.846565
v 3.340000 3.005000 0.849244
v 3.330000 3.005000 0.846565
v 3.322679 3.005000 0.839244
v 3.320000 3.005000 0.829244
v 3.322679 3.005000 0.819244
v 3.330000 3.005000 0.811924
v 3.340000 3.033716 0.811127
v 3.350000 3.033366 0.813783
v 3.357321 3.032410 0.821041
v 3.360000 3.031105 0.830956
v 3.357321 3.029800 0.840870
v 3.350000 3.028844 0.848128
v 3.340000 3.028495 0.850784
v 3.330000 3.028844 0.848128
v 3.322679 3.029800 0.840870
v 3.320000 3.031105 0.830956
v 3.322679 3.032410 0.821041
v 3.330000 3.033366 0.813783
v 3.340000 3.061940 0.816741
v 3.350000 3.061247 0.819329
v 3.357321 3.059352 0.826400
v 3.360000 3.056764 0.836059
v 3.357321 3.054175 0.845719
v 3.350000 3.052281 0.852790
v 3.340000 3.051587 0.855378
v 3.330000 3.052281 0.852790
v 3.322679 3.054175 0.845719
v 3.320000 3.056764 0.836059
v 3.322679 3.059352 0.826400
v 3.330000 3.061247 0.819329
v 3.340000 3.089190 0.825991
v 3.350000 3.088165 0.828466
v 3.357320 3.085363 0.835230
v 3.360000 3.081537 0.844468
v 3.357320 3.077710 0.853707
v 3.350000 3.074908 0.860471
v 3.340000 3.073883 0.862946
v 3.330000 3.074908 0.860471
v 3.322679 3.077710 0.853707
v 3.320000 3.081537 0.844468
v 3.322679 3.085363 0.835230
v 3.330000 3.088165 0.828466
v 3.340000 3.115000 0.838719
v 3.350000 3.113660 0.841039
v 3.357320 3.110000 0.847379
v 3.360000 3.105000 0.856039
v 3.357320 3.100000 0.864700
v 3.350000 3.096340 0.871039
v 3.340000 3.095000 0.873360
v 3.330000 3.096340 0.871039
v 3.322679 3.100000 0.864700
v 3.320000 3.105000 0.856039
v 3.322679 3.110000 0.847379
v 3.330000 3.113660 0.841039
v 3.340000 3.138927 0.854707
v 3.350000 3.137296 0.856833
v 3.357320 3.132840 0.862640
v 3.360000 3.126752 0.870574
v 3.357320 3.120665 0.878507
v 3.350000 3.116208 0.884315
v 3.340000 3.114577 0.886441
v 3.330000 3.116208 0.884315
v 3.322679 3.120665 0.878507
v 3.320000 3.126752 0.870574
v 3.322679 3.132840 0.862640
v 3.330000 3.137296 0.856833
v 3.340000 3.160563 0.873681
v 3.350000 3.158669 0.875576
v 3.357320 3.153492 0.880752
v 3.360000 3.146421 0.887823
v 3.357320 3.139350 0.894894
v 3.350000 3.134174 0.900071
v 3.340000 3.132279 0.901965
v 3.330000 3.134174 0.900071
v 3.322679 3.139350 0.894894
v 3.320000 3.146421 0.887823
v 3.322679 3.153492 0.880752
v 3.330000 3.158669 0.875576
v 3.340000 3.179538 0.895317
v 3.350000 3.177412 0.896948
v 3.357320 3.171604 0.901405
v 3.360000 3.163671 0.907492
v 3.357320 3.155737 0.913580
v 3.350000 3.149929 0.918036
v 3.340000 3.147804 0.919667
v 3.330000 3.149929 0.918036
v 3.322679 3.155737 0.913580
v 3.320000 3.163671 0.907492
v 3.322679 3.171604 0.901405
v 3.330000 3.177412 0.896948
v 3.340000 3.195525 0.919244
v 3.350000 3.193205 0.920584
v 3.357320 3.186865 0.924244
v 3.360000 3.178205 0.929244
v 3.357320 3.169545 0.934244
v 3.350000 3.163205 0.937905
v 3.340000 3.160884 0.939244
v 3.330000 3.163205 0.937905
v 3.322679 3.169545 0.934244
v 3.320000 3.178205 0.929244
v 3.322679 3.186865 0.924244
v 3.330000 3.193205 0.920584
v 3.340000 3.208253 0.945054
v 3.350000 3.205778 0.946079
v 3.357320 3.199015 0.948881
v 3.360000 3.189776 0.952708
v 3.357320 3.180537 0.956535
v 3.350000 3.173774 0.959336
v 3.340000 3.171298 0.960361
v 3.330000 3.173774 0.959336
v 3.322679 3.180537 0.956535
v 3.320000 3.189776 0.952708
v 3.322679 3.199015 0.948881
v 3.330000 3.205778 0.946079
v 3.340000 3.217504 0.972304
v 3.350000 3.214915 0.972998
v 3.357320 3.207844 0.974892
v 3.360000 3.198185 0.977481
v 3.357320 3.188526 0.980069
v 3.350000 3.181455 0.981964
v 3.340000 3.178867 0.982657
v 3.330000 3.181455 0.981964
v 3.322679 3.188526 0.980069
v 3.320000 3.198185 0.977481
v 3.322679 3.207844 0.974892
v 3.330000 3.214915 0.972998
v 3.340000 3.223118 1.000529
v 3.350000 3.220461 1.000878
v 3.357320 3.213203 1.001834
v 3.360000 3.203289 1.003139
v 3.357320 3.193374 1.004444
v 3.350000 3.186116 1.005400
v 3.340000 3.183460 1.005750
v 3.330000 3.186116 1.005400
v 3.322679 3.193374 1.004444
v 3.320000 3.203289 1.003139
v 3.322679 3.213203 1.001834
v 3.330000 3.220461 1.000878
v 3.340000 3.225000 1.029244
v 3.350000 3.222320 1.029244
v 3.357320 3.215000 1.029244
v 3.360000 3.205000 1.029244
v 3.357320 3.195000 1.029244
v 3.350000 3.187679 1.029244
v 3.340000 3.185000 1.029244
v 3.330000 3.187679 1.029244
v 3.322679 3.195000 1.029244
v 3.320000 3.205000 1.029244
v 3.322679 3.215000 1.029244
v 3.330000 3.222320 1.029244
v 3.340000 3.223118 1.057960
v 3.350000 3.220461 1.057611
v 3.357320 3.213203 1.056655
v 3.360000 3.203289 1.055350
v 3.357320 3.193374 1.054044
v 3.350000 3.186116 1.053089
v 3.340000 3.183460 1.052739
v 3.330000 3.186116 1.053089
v 3.322679 3.193374 1.054044
v 3.320000 3.203289 1.055350
v 3.322679 3.213203 1.056655
v 3.330000 3.220461 1.057611
v 3.340000 3.217504 1.086185
v 3.350000 3.214915 1.085491
v 3.357320 3.207844 1.083596
v 3.360000 3.198185 1.081008
v 3.357320 3.188526 1.078420
v 3.350000 3.181455 1.076525
v 3.340000 3.178867 1.075832
v 3.330000 3.181455 1.076525
v 3.322679 3.188526 1.078420
v 3.320000 3.198185 1.081008
v 3.322679 3.207844 1.083596
v 3.330000 3.214915 1.085491
v 3.340000 3.208253 1.113435
v 3.350000 3.205778 1.112409
v 3.357320 3.199015 1.109608
v 3.360000 3.189776 1.105781
v 3.357320 3.180537 1.101954
v 3.350000 3.173774 1.099153
v 3.340000 3.171298 1.098127
v 3.330000 3.173774 1.099153
v 3.322679 3.180537 1.101954
v 3.320000 3.189776 1.105781
v 3.322679 3.199015 1.109608
v 3.330000 3.205778 1.112409
v 3.340000 3.195525 1.139244
v 3.350000 3.193205 1.137905
v 3.357320 3.186865 1.134244
v 3.360000 3.178205 1.129244
v 3.357320 3.169545 1.124244
v 3.350000 3.163205 1.120584
v 3.340000 3.160884 1.119244
v 3.330000 3.163205 1.120584
v 3.322679 3.169545 1.124244
v 3.320000 3.178205 1.129244
v 3.322679 3.186865 1.134244
v 3.330000 3.193205 1.137905
v 3.340000 3.179538 1.163172
v 3.350000 3.177412 1.161541
v 3.357320 3.171604 1.157084
v 3.360000 3.163671 1.150997
v 3.357320 3.155737 1.144909
v 3.350000 3.149929 1.140453
v 3.340000 3.147804 1.138821
v 3.330000 3.149929 1.140453
v 3.322679 3.155737 1.144909
v 3.320000 3.163671 1.150997
v 3.322679 3.171604 1.157084
v 3.330000 3.177412 1.161541
v 3.340000 3.160563 1.184808
v 3.350000 3.158669 1.182913
v 3.357320 3.153492 1.177737
v 3.360000 3.146421 1.170666
v 3.357320 3.139350 1.163595
v 3.350000 3.134174 1.158418
v 3.340000 3.132279 1.156524
v 3.330000 3.134174 1.158418
v 3.322679 3.139350 1.163595
v 3.320000 3.146421 1.170666
v 3.322679 3.153492 1.177737
v 3.330000 3.158669 1.182913
v 3.340000 3.138927 1.203782
v 3.350000 3.137296 1.201656
v 3.357320 3.132840 1.195849
v 3.360000 3.126752 1.187915
v 3.357320 3.120665 1.179981
v 3.350000 3.116208 1.174174
v 3.340000 3.114577 1.172048
v 3.330000 3.116208 1.174174
v 3.322679 3.120665 1.179981
v 3.320000 3.126752 1.187915
v 3.322679 3.132840 1.195849
v 3.330000 3.137296 1.201656
v 3.340000 3.115000 1.219770
v 3.350000 3.113660 1.217450
v 3.357320 3.110000 1.211110
v 3.360000 3.105000 1.202450
v 3.357320 3.100000 1.193789
v 3.350000 3.096340 1.187449
v 3.340000 3.095000 1.185129
v 3.330000 3.096340 1.187449
v 3.322679 3.100000 1.193789
v 3.320000 3.105000 1.202450
v 3.322679 3.110000 1.211110
v 3.330000 3.113660 1.217450
v 3.340000 3.089190 1.232498
v 3.350000 3.088165 1.230022
v 3.357320 3.085363 1.223259
v 3.360000 3.081537 1.214020
v 3.357320 3.077710 1.204782
v 3.350000 3.074908 1.198018
v 3.340000 3.073883 1.195543
v 3.330000 3.074908 1.198018
v 3.322679 3.077710 1.204782
v 3.320000 3.081537 1.214020
v 3.322679 3.085363 1.223259
v 3.330000 3.088165 1.230022
v 3.340000 3.061940 1.241748
v 3.350000 3.061247 1.239160
v 3.357321 3.059352 1.232089
v 3.360000 3.056764 1.222430
v 3.357321 3.054176 1.212770
v 3.350000 3.052281 1.205699
v 3.340000 3.051587 1.203111
v 3.330000 3.052281 1.205699
v 3.322679 3.054176 1.212770
v 3.320000 3.056764 1.222430
v 3.322679 3.059352 1.232089
v 3.330000 3.061247 1.239160
v 3.340000 3.033716 1.247362
v 3.350000 3.033366 1.244706
v 3.357321 3.032411 1.237448
v 3.360000 3.031105 1.227533
v 3.357321 3.029800 1.217619
v 3.350000 3.028844 1.210361
v 3.340000 3.028495 1.207705
v 3.330000 3.028844 1.210361
v 3.322679 3.029800 1.217619
v 3.320000 3.031105 1.227533
v 3.322679 3.032410 1.237448
v 3.330000 3.033366 1.244706
v 3.340000 3.005000 1.249244
v 3.350000 3.005000 1.246565
v 3.357321 3.005000 1.239244
v 3.360000 3.005000 1.229244
v 3.357321 3.005000 1.219244
v 3.350000 3.005000 1.211924
v 3.340000 3.005000 1.209244
v 3.330000 3.005000 1.211924
v 3.322679 3.005000 1.219244
v 3.320000 3.005000 1.229244
v 3.322679 3.005000 1.239244
v 3.330000 3.005000 1.246565
v 3.340000 2.976284 1.247362
v 3.350000 2.976634 1.244706
v 3.357321 2.977589 1.237448
v 3.360000 2.978895 1.227533
v 3.357321 2.980200 1.217619
v 3.350000 2.981155 1.210361
v 3.340000 2.981505 1.207705
v 3.330000 2.981155 1.210361
v 3.322679 2.980200 1.217619
v 3.320000 2.978895 1.227533
v 3.322679 2.977589 1.237448
v 3.330000 2.976634 1.244706
v 3.340000 2.948060 1.241748
v 3.350000 2.948753 1.239160
v 3.357321 2.950648 1.232089
v 3.360000 2.953236 1.222430
v 3.357321 2.955824 1.212770
v 3.350000 2.957719 1.205699
v 3.340000 2.958412 1.203111
v 3.330000 2.957719 1.205699
v 3.322679 2.955824 1.212770
v 3.320000 2.953236 1.222430
v 3.322679 2.950648 1.232089
v 3.330000 2.948753 1.239160
v 3.340000 2.920810 1.232498
v 3.350000 2.921835 1.230022
v 3.357321 2.924636 1.223259
v 3.360000 2.928463 1.214020
v 3.357321 2.932290 1.204782
v 3.350000 2.935091 1.198018
v 3.340000 2.936117 1.195543
v 3.330000 2.935091 1.198018
v 3.322679 2.932290 1.204782
v 3.320000 2.928463 1.214020
v 3.322679 2.924636 1.223259
v 3.330000 2.921835 1.230022
v 3.340000 2.895000 1.219770
v 3.350000 2.896340 1.217450
v 3.357321 2.900000 1.211110
v 3.360000 2.905000 1.202450
v 3.357321 2.910000 1.193789
v 3.350000 2.913660 1.187449
v 3.340000 2.915000 1.185129
v 3.330000 2.913660 1.187449
v 3.322679 2.910000 1.193789
v 3.320000 2.905000 1.202450
v 3.322679 2.900000 1.211110
v 3.330000 2.896340 1.217450
v 3.340000 2.871073 1.203782
v 3.350000 2.872704 1.201656
v 3.357321 2.877160 1.195849
v 3.360000 2.883248 1.187915
v 3.357321 2.889335 1.179982
v 3.350000 2.893792 1.174174
v 3.340000 2.895423 1.172048
v 3.330000 2.893792 1.174174
v 3.322679 2.889335 1.179982
v 3.320000 2.883248 1.187915
v 3.322679 2.877160 1.195849
v 3.330000 2.872704 1.201656
v 3.340000 2.849437 1.184808
v 3.350000 2.851331 1.182913
v 3.357321 2.856508 1.177737
v 3.360000 2.863579 1.170666
v 3.357321 2.870650 1.163595
v 3.350000 2.875826 1.158418
v 3.340000 2.877721 1.156524
v 3.330000 2.875826 1.158418
v 3.322679 2.870650 1.163595
v 3.320000 2.863579 1.170666
v 3.322679 2.856508 1.177737
v 3.330000 2.851331 1.182913
v 3.340000 2.830462 1.163172
v 3.350000 2.832588 1.161541
v 3.357321 2.838396 1.157084
v 3.360000 2.846329 1.150997
v 3.357321 2.854263 1.144909
v 3.350000 2.860070 1.140453
v 3.340000 2.862196 1.138821
v 3.330000 2.860070 1.140453
v 3.322679 2.854263 1.144909
v 3.320000 2.846329 1.150997
v 3.322679 2.838396 1.157084
v 3.330000 2.832588 1.161541
v 3.340000 2.814474 1.139244
v 3.350000 2.816795 1.137905
v 3.357321 2.823135 1.134244
v 3.360000 2.831795 1.129244
v 3.357321 2.840455 1.124244
v 3.350000 2.846795 1.120584
v 3.340000 2.849115 1.119244
v 3.330000 2.846795 1.120584
v 3.322679 2.840455 1.124244
v 3.320000 2.831795 1.129244
v 3.322679 2.823135 1.134244
v 3.330000 2.816795 1.137905
v 3.340000 2.801746 1.113435
v 3.350000 2.804222 1.112409
v 3.357321 2.810985 1.109608
v 3.360000 2.820224 1.105781
v 3.357321 2.829463 1.101954
v 3.350000 2.836226 1.099153
v 3.340000 2.838701 1.098127
v 3.330000 2.836226 1.099153
v 3.322679 2.829463 1.101954
v 3.320000 2.820224 1.105781
v 3.322679 2.810985 1.109608
v 3.330000 2.804222 1.112409
v 3.340000 2.792496 1.086185
v 3.350000 2.795084 1.085491
v 3.357321 2.802155 1.083596
v 3.360000 2.811815 1.081008
v 3.357321 2.821474 1.078420
v 3.350000 2.828545 1.076525
v 3.340000 2.831133 1.075832
v 3.330000 2.828545 1.076525
v 3.322679 2.821474 1.078420
v 3.320000 2.811815 1.081008
v 3.322679 2.802155 1.083596
v 3.330000 2.795084 1.085491
v 3.340000 2.786882 1.057960
v 3.350000 2.789539 1.057610
v 3.357321 2.796796 1.056655
v 3.360000 2.806711 1.055350
v 3.357321 2.816625 1.054044
v 3.350000 2.823883 1.053089
v 3.340000 2.826540 1.052739
v 3.330000 2.823883 1.053089
v 3.322679 2.816625 1.054044
v 3.320000 2.806711 1.055350
v 3.322679 2.796796 1.056655
v 3.330000 2.789539 1.057610
v 3.325000 3.005000 0.979244
v 3.355000 3.005000 0.979244
v 3.325000 2.985866 0.983050
v 3.355000 2.985866 0.983050
v 3.325000 2.969645 0.993889
v 3.355000 2.969645 0.993889
v 3.325000 2.958806 1.010110
v 3.355000 2.958806 1.010110
v 3.325000 2.955000 1.029244
v 3.355000 2.955000 1.029244
v 3.325000 2.958806 1.048379
v 3.355000 2.958806 1.048379
v 3.325000 2.969645 1.064600
v 3.355000 2.969645 1.064600
v 3.325000 2.985866 1.075438
v 3.355000 2.985866 1.075438
v 3.325000 3.005000 1.079244
v 3.355000 3.005000 1.079244
v 3.325000 3.024134 1.075438
v 3.355000 3.024134 1.075438
v 3.325000 3.040355 1.064600
v 3.355000 3.040355 1.064600
v 3.325000 3.051194 1.048379
v 3.355000 3.051194 1.048379
v 3.325000 3.055000 1.029244
v 3.355000 3.055000 1.029244
v 3.325000 3.051194 1.010110
v 3.355000 3.051194 1.010110
v 3.325000 3.040355 0.993889
v 3.355000 3.040355 0.993889
v 3.325000 3.024134 0.983050
v 3.355000 3.024134 0.983050
v 2.950000 0.005000 -1.100756
v 2.950000 3.605000 -1.100756
v 2.961480 0.005000 -1.098472
v 2.961480 3.605000 -1.098472
v 2.971213 0.005000 -1.091969
v 2.971213 3.605000 -1.091969
v 2.977717 0.005000 -1.082236
v 2.977717 3.605000 -1.082236
v 2.980000 0.005000 -1.070756
v 2.980000 3.605000 -1.070756
v 2.977717 0.005000 -1.059275
v 2.977717 3.605000 -1.059275
v 2.971213 0.005000 -1.049543
v 2.971213 3.605000 -1.049543
v 2.961480 0.005000 -1.043039
v 2.961480 3.605000 -1.043039
v 2.950000 0.005000 -1.040756
v 2.950000 3.605000 -1.040756
v 2.938520 0.005000 -1.043039
v 2.938520 3.605000 -1.043039
v 2.928787 0.005000 -1.049543
v 2.928787 3.605000 -1.049543
v 2.922284 0.005000 -1.059275
v 2.922284 3.605000 -1.059275
v 2.920000 0.005000 -1.070756
v 2.920000 3.605000 -1.070756
v 2.922284 0.005000 -1.082236
v 2.922284 3.605000 -1.082236
v 2.928787 0.005000 -1.091969
v 2.928787 3.605000 -1.091969
v 2.938520 0.005000 -1.098472
v 2.938520 3.605000 -1.098472
v 3.225000 0.080000 0.904244
v 3.225000 1.230000 0.904244
v 3.225000 0.080000 -0.045756
v 3.225000 1.230000 -0.045756
v 4.575000 0.080000 0.904244
v 4.575000 1.230000 0.904244
v 4.575000 0.080000 -0.045756
v 4.575000 1.230000 -0.045756
v 3.200000 1.182955 0.902324
v 3.200000 1.262516 0.910686
v 3.200000 1.287483 -0.092198
v 3.200000 1.367045 -0.083835
v 4.600000 1.182955 0.902324
v 4.600000 1.262516 0.910686
v 4.600000 1.287483 -0.092198
v 4.600000 1.367045 -0.083835
v 3.325000 0.075000 0.709244
v 3.375000 0.075000 0.709244
v 3.325000 0.048212 0.714573
v 3.375000 0.048212 0.714573
v 3.325000 0.025502 0.729747
v 3.375000 0.025502 0.729747
v 3.325000 0.010328 0.752457
v 3.375000 0.010328 0.752457
v 3.325000 0.005000 0.779244
v 3.375000 0.005000 0.779244
v 3.325000 0.010328 0.806032
v 3.375000 0.010328 0.806032
v 3.325000 0.025502 0.828742
v 3.375000 0.025502 0.828742
v 3.325000 0.048212 0.843916
v 3.375000 0.048212 0.843916
v 3.325000 0.075000 0.849244
v 3.375000 0.075000 0.849244
v 3.325000 0.101788 0.843916
v 3.375000 0.101788 0.843916
v 3.325000 0.124497 0.828742
v 3.375000 0.124497 0.828742
v 3.325000 0.139671 0.806032
v 3.375000 0.139671 0.806032
v 3.325000 0.145000 0.779244
v 3.375000 0.145000 0.779244
v 3.325000 0.139671 0.752457
v 3.375000 0.139671 0.752457
v 3.325000 0.124497 0.729747
v 3.375000 0.124497 0.729747
v 3.325000 0.101788 0.714573
v 3.375000 0.101788 0.714573
v 3.325000 0.075000 0.009244
v 3.375000 0.075000 0.009244
v 3.325000 0.048212 0.014573
v 3.375000 0.048212 0.014573
v 3.325000 0.025502 0.029747
v 3.375000 0.025502 0.029747
v 3.325000 0.010328 0.052457
v 3.375000 0.010328 0.052457
v 3.325000 0.005000 0.079244
v 3.375000 0.005000 0.079244
v 3.325000 0.010328 0.106032
v 3.375000 0.010328 0.106032
v 3.325000 0.025502 0.128742
v 3.375000 0.025502 0.128742
v 3.325000 0.048212 0.143916
v 3.375000 0.048212 0.143916
v 3.325000 0.075000 0.149244
v 3.375000 0.075000 0.149244
v 3.325000 0.101788 0.143916
v 3.375000 0.101788 0.143916
v 3.325000 0.124497 0.128742
v 3.375000 0.124497 0.128742
v 3.325000 0.139671 0.106032
v 3.375000 0.139671 0.106032
v 3.325000 0.145000 0.079244
v 3.375000 0.145000 0.079244
v 3.325000 0.139671 0.052457
v 3.375000 0.139671 0.052457
v 3.325000 0.124497 0.029747
v 3.375000 0.124497 0.029747
v 3.325000 0.101788 0.014573
v 3.375000 0.101788 0.014573
v 4.425000 0.075000 0.709244
v 4.474999 0.075000 0.709244
v 4.425000 0.048212 0.714573
v 4.474999 0.048212 0.714573
v 4.425000 0.025502 0.729747
v 4.474999 0.025502 0.729747
v 4.425000 0.010328 0.752457
v 4.474999 0.010328 0.752457
v 4.425000 0.005000 0.779244
v 4.474999 0.005000 0.779244
v 4.425000 0.010328 0.806032
v 4.474999 0.010328 0.806032
v 4.425000 0.025502 0.828742
v 4.474999 0.025502 0.828742
v 4.425000 0.048212 0.843916
v 4.474999 0.048212 0.843916
v 4.425000 0.075000 0.849244
v 4.474999 0.075000 0.849244
v 4.425000 0.101788 0.843916
v 4.474999 0.101788 0.843916
v 4.425000 0.124497 0.828742
v 4.474999 0.124497 0.828742
v 4.425000 0.139671 0.806032
v 4.474999 0.139671 0.806032
v 4.425000 0.145000 0.779244
v 4.474999 0.145000 0.779244
v 4.425000 0.139671 0.752457
v 4.474999 0.139671 0.752457
v 4.425000 0.124497 0.729747
v 4.474999 0.124497 0.729747
v 4.425000 0.101788 0.714573
v 4.474999 0.101788 0.714573
v 4.425000 0.075000 0.009244
v 4.474999 0.075000 0.009244
v 4.425000 0.048212 0.014573
v 4.474999 0.048212 0.014573
v 4.425000 0.025502 0.029747
v 4.474999 0.025502 0.029747
v 4.425000 0.010328 0.052457
v 4.474999 0.010328 0.052457
v 4.425000 0.005000 0.079244
v 4.474999 0.005000 0.079244
v 4.425000 0.010328 0.106032
v 4.474999 0.010328 0.106032
v 4.425000 0.025502 0.128742
v 4.474999 0.025502 0.128742
v 4.425000 0.048212 0.143916
v 4.474999 0.048212 0.143916
v 4.425000 0.075000 0.149244
v 4.474999 0.075000 0.149244
v 4.425000 0.101788 0.143916
v 4.474999 0.101788 0.143916
v 4.425000 0.124497 0.128742
v 4.474999 0.124497 0.128742
v 4.425000 0.139671 0.106032
v 4.474999 0.139671 0.106032
v 4.425000 0.145000 0.079244
v 4.474999 0.145000 0.079244
v 4.425000 0.139671 0.052457
v 4.474999 0.139671 0.052457
v 4.425000 0.124497 0.029747
v 4.474999 0.124497 0.029747
v 4.425000 0.101788 0.014573
v 4.474999 0.101788 0.014573
v 4.575000 0.080000 0.704244
v 4.575000 1.330000 0.704244
v 4.575000 0.080000 -0.145756
v 4.575000 1.330000 -0.145756
v 5.224999 0.080000 0.704244
v 5.224999 1.330000 0.704244
v 5.224999 0.080000 -0.145756
v 5.224999 1.330000 -0.145756
v 4.550000 1.369353 0.710582
v 4.550000 1.439087 0.704482
v 4.550000 1.290913 -0.185993
v 4.550000 1.360646 -0.192094
v 5.250000 1.369353 0.710582
v 5.250000 1.439087 0.704482
v 5.250000 1.290913 -0.185993
v 5.250000 1.360646 -0.192094
v -3.700000 0.005000 3.454244
v -3.700000 0.765000 3.454244
v -3.671298 0.005000 3.459953
v -3.671298 0.765000 3.459953
v -3.646967 0.005000 3.476211
v -3.646967 0.765000 3.476211
v -3.630709 0.005000 3.500543
v -3.630709 0.765000 3.500543
v -3.624999 0.005000 3.529244
v -3.624999 0.765000 3.529244
v -3.630709 0.005000 3.557946
v -3.630709 0.765000 3.557946
v -3.646967 0.005000 3.582277
v -3.646967 0.765000 3.582277
v -3.671298 0.005000 3.598536
v -3.671298 0.765000 3.598536
v -3.700000 0.005000 3.604244
v -3.700000 0.765000 3.604244
v -3.728701 0.005000 3.598536
v -3.728701 0.765000 3.598536
v -3.753032 0.005000 3.582277
v -3.753032 0.765000 3.582277
v -3.769290 0.005000 3.557946
v -3.769290 0.765000 3.557946
v -3.775000 0.005000 3.529244
v -3.775000 0.765000 3.529244
v -3.769290 0.005000 3.500543
v -3.769290 0.765000 3.500543
v -3.753032 0.005000 3.476211
v -3.753032 0.765000 3.476211
v -3.728701 0.005000 3.459953
v -3.728701 0.765000 3.459953
v -3.700000 0.847062 3.499395
v -3.700000 0.804849 3.457182
v -3.700000 0.775000 3.451244
v -3.700000 0.745150 3.457182
v -3.700000 0.702937 3.499395
v -3.700000 0.853000 3.529244
v -3.687048 0.847062 3.502351
v -3.676069 0.830154 3.479552
v -3.668733 0.804849 3.464318
v -3.666157 0.775000 3.458969
v -3.668733 0.745150 3.464318
v -3.676069 0.719846 3.479552
v -3.687048 0.702937 3.502351
v -3.676662 0.847062 3.510634
v -3.656878 0.830154 3.494856
v -3.643658 0.804849 3.484314
v -3.639017 0.775000 3.480612
v -3.643658 0.745150 3.484314
v -3.656878 0.719846 3.494856
v -3.676662 0.702937 3.510634
v -3.670899 0.847062 3.522602
v -3.646228 0.830154 3.516971
v -3.629743 0.804849 3.513209
v -3.623955 0.775000 3.511888
v -3.629743 0.745150 3.513209
v -3.646228 0.719846 3.516971
v -3.670899 0.702937 3.522602
v -3.670899 0.847062 3.535887
v -3.646228 0.830154 3.541517
v -3.629743 0.804849 3.545280
v -3.623955 0.775000 3.546601
v -3.629743 0.745150 3.545280
v -3.646228 0.719846 3.541517
v -3.670899 0.702937 3.535887
v -3.676662 0.847062 3.547855
v -3.656878 0.830154 3.563632
v -3.643658 0.804849 3.574175
v -3.639017 0.775000 3.577877
v -3.643658 0.745150 3.574175
v -3.656878 0.719846 3.563632
v -3.676662 0.702937 3.547855
v -3.687048 0.847062 3.556138
v -3.676069 0.830154 3.578937
v -3.668733 0.804849 3.594171
v -3.666157 0.775000 3.599520
v -3.668733 0.745150 3.594171
v -3.676069 0.719846 3.578937
v -3.687048 0.702937 3.556138
v -3.700000 0.847062 3.559093
v -3.700000 0.830154 3.584398
v -3.700000 0.804849 3.601307
v -3.700000 0.775000 3.607244
v -3.700000 0.745150 3.601307
v -3.700000 0.719846 3.584398
v -3.700000 0.702937 3.559093
v -3.712951 0.847062 3.556138
v -3.723931 0.830154 3.578937
v -3.731266 0.804849 3.594171
v -3.733842 0.775000 3.599520
v -3.731266 0.745150 3.594171
v -3.723931 0.719846 3.578937
v -3.712951 0.702937 3.556138
v -3.723337 0.847062 3.547855
v -3.743121 0.830154 3.563632
v -3.756341 0.804849 3.574175
v -3.760982 0.775000 3.577877
v -3.756341 0.745150 3.574175
v -3.743121 0.719846 3.563632
v -3.723337 0.702937 3.547855
v -3.729100 0.847062 3.535887
v -3.753771 0.830154 3.541517
v -3.770256 0.804849 3.545280
v -3.776044 0.775000 3.546601
v -3.770256 0.745150 3.545280
v -3.753771 0.719846 3.541517
v -3.729100 0.702937 3.535887
v -3.729100 0.847062 3.522602
v -3.753771 0.830154 3.516971
v -3.770256 0.804849 3.513209
v -3.776044 0.775000 3.511888
v -3.770256 0.745150 3.513209
v -3.753771 0.719846 3.516971
v -3.729100 0.702937 3.522602
v -3.723337 0.847062 3.510633
v -3.743121 0.830154 3.494856
v -3.756340 0.804849 3.484314
v -3.760982 0.775000 3.480612
v -3.756340 0.745150 3.484314
v -3.743121 0.719846 3.494856
v -3.723337 0.702937 3.510633
v -3.712951 0.847062 3.502351
v -3.723931 0.830154 3.479552
v -3.731266 0.804849 3.464318
v -3.733842 0.775000 3.458969
v -3.731266 0.745150 3.464318
v -3.723931 0.719846 3.479552
v -3.712951 0.702937 3.502351
v -3.700000 0.830154 3.474090
v -3.700000 0.719846 3.474090
v -3.700000 0.697000 3.529244
v 1.800000 0.005000 3.454244
v 1.800000 0.765000 3.454244
v 1.828701 0.005000 3.459953
v 1.828701 0.765000 3.459953
v 1.853033 0.005000 3.476211
v 1.853033 0.765000 3.476211
v 1.869291 0.005000 3.500543
v 1.869291 0.765000 3.500543
v 1.875000 0.005000 3.529244
v 1.875000 0.765000 3.529244
v 1.869291 0.005000 3.557946
v 1.869291 0.765000 3.557946
v 1.853033 0.005000 3.582277
v 1.853033 0.765000 3.582277
v 1.828701 0.005000 3.598536
v 1.828701 0.765000 3.598536
v 1.800000 0.005000 3.604244
v 1.800000 0.765000 3.604244
v 1.771299 0.005000 3.598536
v 1.771299 0.765000 3.598536
v 1.746967 0.005000 3.582277
v 1.746967 0.765000 3.582277
v 1.730709 0.005000 3.557946
v 1.730709 0.765000 3.557946
v 1.725000 0.005000 3.529244
v 1.725000 0.765000 3.529244
v 1.730709 0.005000 3.500543
v 1.730709 0.765000 3.500543
v 1.746967 0.005000 3.476211
v 1.746967 0.765000 3.476211
v 1.771299 0.005000 3.459953
v 1.771299 0.765000 3.459953
v 1.800000 0.847062 3.499395
v 1.800000 0.804849 3.457182
v 1.800000 0.775000 3.451244
v 1.800000 0.745150 3.457182
v 1.800000 0.702937 3.499395
v 1.800000 0.853000 3.529244
v 1.812951 0.847062 3.502351
v 1.823931 0.830154 3.479552
v 1.831267 0.804849 3.464318
v 1.833843 0.775000 3.458969
v 1.831267 0.745150 3.464318
v 1.823931 0.719846 3.479552
v 1.812951 0.702937 3.502351
v 1.823337 0.847062 3.510634
v 1.843122 0.830154 3.494856
v 1.856341 0.804849 3.484314
v 1.860983 0.775000 3.480612
v 1.856341 0.745150 3.484314
v 1.843122 0.719846 3.494856
v 1.823337 0.702937 3.510634
v 1.829101 0.847062 3.522602
v 1.853772 0.830154 3.516971
v 1.870256 0.804849 3.513209
v 1.876045 0.775000 3.511888
v 1.870256 0.745150 3.513209
v 1.853772 0.719846 3.516971
v 1.829101 0.702937 3.522602
v 1.829101 0.847062 3.535887
v 1.853772 0.830154 3.541517
v 1.870256 0.804849 3.545280
v 1.876045 0.775000 3.546601
v 1.870256 0.745150 3.545280
v 1.853772 0.719846 3.541517
v 1.829101 0.702937 3.535887
v 1.823337 0.847062 3.547855
v 1.843122 0.830154 3.563632
v 1.856341 0.804849 3.574175
v 1.860983 0.775000 3.577877
v 1.856341 0.745150 3.574175
v 1.843122 0.719846 3.563632
v 1.823337 0.702937 3.547855
v 1.812951 0.847062 3.556138
v 1.823931 0.830154 3.578937
v 1.831267 0.804849 3.594171
v 1.833843 0.775000 3.599520
v 1.831267 0.745150 3.594171
v 1.823931 0.719846 3.578937
v 1.812951 0.702937 3.556138
v 1.800000 0.847062 3.559093
v 1.800000 0.830154 3.584398
v 1.800000 0.804849 3.601307
v 1.800000 0.775000 3.607244
v 1.800000 0.745150 3.601307
v 1.800000 0.719846 3.584398
v 1.800000 0.702937 3.559093
v 1.787049 0.847062 3.556138
v 1.776069 0.830154 3.578937
v 1.768733 0.804849 3.594171
v 1.766157 0.775000 3.599520
v 1.768733 0.745150 3.594171
v 1.776069 0.719846 3.578937
v 1.787049 0.702937 3.556138
v 1.776663 0.847062 3.547855
v 1.756879 0.830154 3.563632
v 1.743659 0.804849 3.574175
v 1.739017 0.775000 3.577877
v 1.743659 0.745150 3.574175
v 1.756879 0.719846 3.563632
v 1.776663 0.702937 3.547855
v 1.770899 0.847062 3.535887
v 1.746228 0.830154 3.541517
v 1.729744 0.804849 3.545280
v 1.723956 0.775000 3.546601
v 1.729744 0.745150 3.545280
v 1.746228 0.719846 3.541517
v 1.770899 0.702937 3.535887
v 1.770899 0.847062 3.522602
v 1.746228 0.830154 3.516971
v 1.729744 0.804849 3.513209
v 1.723956 0.775000 3.511888
v 1.729744 0.745150 3.513209
v 1.746228 0.719846 3.516971
v 1.770899 0.702937 3.522602
v 1.776663 0.847062 3.510633
v 1.756879 0.830154 3.494856
v 1.743659 0.804849 3.484314
v 1.739017 0.775000 3.480612
v 1.743659 0.745150 3.484314
v 1.756879 0.719846 3.494856
v 1.776663 0.702937 3.510633
v 1.787049 0.847062 3.502351
v 1.776069 0.830154 3.479552
v 1.768733 0.804849 3.464318
v 1.766157 0.775000 3.458969
v 1.768733 0.745150 3.464318
v 1.776069 0.719846 3.479552
v 1.787049 0.702937 3.502351
v 1.800000 0.830154 3.474090
v 1.800000 0.719846 3.474090
v 1.800000 0.697000 3.529244
vn -1.0000 -0.0000 -0.0000
vn -0.0000 -0.0000 -1.0000
vn 1.0000 -0.0000 -0.0000
vn -0.0000 -0.0000 1.0000
vn -0.0000 -1.0000 -0.0000
vn -0.0000 1.0000 -0.0000
vn -0.0000 0.0001 1.0000
vn -0.0000 -0.0001 1.0000
vn -0.0000 -0.0004 1.0000
vn -0.0000 -0.0001 -1.0000
vn 0.0330 0.3117 -0.9496
vn 0.0691 0.3063 -0.9494
vn 0.0343 0.1523 -0.9877
vn 0.0164 0.1552 -0.9877
vn 0.0622 0.5875 -0.8068
vn 0.1300 0.5766 -0.8066
vn 0.0854 0.8060 -0.5857
vn 0.1783 0.7908 -0.5855
vn 0.1002 0.9462 -0.3078
vn 0.2093 0.9282 -0.3077
vn 0.1050 0.9914 -0.0783
vn 0.2193 0.9725 -0.0784
vn 0.1050 0.9914 0.0783
vn 0.2193 0.9725 0.0784
vn 0.1002 0.9462 0.3078
vn 0.2093 0.9282 0.3077
vn 0.0854 0.8060 0.5857
vn 0.1783 0.7907 0.5856
vn 0.0622 0.5875 0.8068
vn 0.1300 0.5766 0.8066
vn 0.0330 0.3118 0.9496
vn 0.0691 0.3064 0.9494
vn 0.0164 0.1553 0.9877
vn 0.0343 0.1522 0.9878
vn 0.1077 0.2955 -0.9492
vn 0.0535 0.1467 -0.9877
vn 0.2026 0.5555 -0.8064
vn 0.2778 0.7617 -0.5854
vn 0.3260 0.8939 -0.3076
vn 0.3416 0.9366 -0.0784
vn 0.3416 0.9366 0.0784
vn 0.3260 0.8939 0.3077
vn 0.2778 0.7616 0.5855
vn 0.2026 0.5556 0.8064
vn 0.1078 0.2955 0.9493
vn 0.0535 0.1466 0.9878
vn 0.1476 0.2781 -0.9491
vn 0.0732 0.1380 -0.9877
vn 0.2773 0.5225 -0.8063
vn 0.3801 0.7162 -0.5854
vn 0.4461 0.8405 -0.3076
vn 0.4674 0.8806 -0.0784
vn 0.4674 0.8806 0.0784
vn 0.4461 0.8405 0.3076
vn 0.3801 0.7161 0.5854
vn 0.2773 0.5225 0.8063
vn 0.1476 0.2781 0.9491
vn 0.0731 0.1378 0.9878
vn 0.1865 0.2539 -0.9491
vn 0.0925 0.1259 -0.9877
vn 0.3503 0.4767 -0.8063
vn 0.4801 0.6534 -0.5853
vn 0.5634 0.7668 -0.3076
vn 0.5903 0.8034 -0.0784
vn 0.5903 0.8034 0.0784
vn 0.5634 0.7668 0.3076
vn 0.4801 0.6534 0.5853
vn 0.3503 0.4767 0.8062
vn 0.1865 0.2538 0.9491
vn 0.0924 0.1256 0.9878
vn 0.2223 0.2232 -0.9491
vn 0.1102 0.1106 -0.9877
vn 0.4174 0.4192 -0.8062
vn 0.5721 0.5746 -0.5853
vn 0.6714 0.6743 -0.3076
vn 0.7034 0.7065 -0.0784
vn 0.7034 0.7064 0.0784
vn 0.6714 0.6743 0.3076
vn 0.5721 0.5746 0.5853
vn 0.4175 0.4192 0.8062
vn 0.2223 0.2232 0.9491
vn 0.1101 0.1106 0.9878
vn 0.2529 0.1878 -0.9491
vn 0.1254 0.0931 -0.9877
vn 0.4750 0.3526 -0.8063
vn 0.6510 0.4833 -0.5853
vn 0.7640 0.5671 -0.3077
vn 0.8005 0.5942 -0.0785
vn 0.8005 0.5942 0.0785
vn 0.7640 0.5671 0.3077
vn 0.6510 0.4833 0.5853
vn 0.4750 0.3526 0.8062
vn 0.2529 0.1878 0.9491
vn 0.1252 0.0931 0.9878
vn 0.2771 0.1493 -0.9492
vn 0.1375 0.0741 -0.9877
vn 0.5207 0.2805 -0.8064
vn 0.7138 0.3845 -0.5854
vn 0.8377 0.4512 -0.3076
vn 0.8777 0.4727 -0.0784
vn 0.8777 0.4727 0.0784
vn 0.8377 0.4511 0.3077
vn 0.7138 0.3844 0.5854
vn 0.5208 0.2805 0.8063
vn 0.2771 0.1492 0.9492
vn 0.1373 0.0740 0.9878
vn 0.2946 0.1099 -0.9493
vn 0.1464 0.0545 -0.9877
vn 0.5540 0.2066 -0.8065
vn 0.7596 0.2832 -0.5855
vn 0.8915 0.3325 -0.3077
vn 0.9341 0.3483 -0.0784
vn 0.9341 0.3483 0.0784
vn 0.8915 0.3324 0.3078
vn 0.7596 0.2832 0.5855
vn 0.5541 0.2066 0.8064
vn 0.2946 0.1099 0.9493
vn 0.1462 0.0546 0.9878
vn 0.3059 0.0713 -0.9494
vn 0.1522 0.0354 -0.9877
vn 0.5757 0.1342 -0.8066
vn 0.7895 0.1839 -0.5856
vn 0.9266 0.2159 -0.3078
vn 0.9709 0.2262 -0.0784
vn 0.9709 0.2262 0.0784
vn 0.9266 0.2159 0.3078
vn 0.7894 0.1840 0.5856
vn 0.5758 0.1342 0.8065
vn 0.3059 0.0713 0.9494
vn 0.1520 0.0355 0.9877
vn 0.3119 0.0346 -0.9495
vn 0.1554 0.0172 -0.9877
vn 0.5873 0.0651 -0.8067
vn 0.8055 0.0894 -0.5858
vn 0.9456 0.1049 -0.3078
vn 0.9909 0.1099 -0.0783
vn 0.9909 0.1099 0.0783
vn 0.9456 0.1049 0.3079
vn 0.8055 0.0893 0.5858
vn 0.5874 0.0651 0.8067
vn 0.3119 0.0346 0.9495
vn 0.1552 0.0172 0.9877
vn 0.3137 -0.0006 -0.9495
vn 0.1564 -0.0003 -0.9877
vn 0.5909 -0.0011 -0.8068
vn 0.8105 -0.0016 -0.5858
vn 0.9514 -0.0018 -0.3080
vn 0.9969 -0.0019 -0.0784
vn 0.9969 -0.0019 0.0784
vn 0.9514 -0.0018 0.3080
vn 0.8104 -0.0016 0.5858
vn 0.5909 -0.0011 0.8067
vn 0.3137 -0.0006 0.9495
vn 0.1562 -0.0003 0.9877
vn 0.3118 -0.0372 -0.9494
vn 0.1552 -0.0185 -0.9877
vn 0.5869 -0.0700 -0.8066
vn 0.8049 -0.0959 -0.5856
vn 0.9447 -0.1126 -0.3079
vn 0.9899 -0.1180 -0.0785
vn 0.9899 -0.1180 0.0785
vn 0.9447 -0.1126 0.3080
vn 0.8049 -0.0959 0.5856
vn 0.5870 -0.0700 0.8066
vn 0.3118 -0.0372 0.9494
vn 0.1551 -0.0185 0.9877
vn 0.3050 -0.0766 -0.9493
vn 0.1516 -0.0381 -0.9877
vn 0.5735 -0.1441 -0.8065
vn 0.7862 -0.1976 -0.5855
vn 0.9228 -0.2319 -0.3078
vn 0.9669 -0.2430 -0.0785
vn 0.9669 -0.2430 0.0785
vn 0.9228 -0.2319 0.3078
vn 0.7862 -0.1976 0.5855
vn 0.5735 -0.1441 0.8064
vn 0.3050 -0.0767 0.9493
vn 0.1514 -0.0380 0.9877
vn 0.2919 -0.1178 -0.9492
vn 0.1449 -0.0585 -0.9877
vn 0.5485 -0.2214 -0.8063
vn 0.7519 -0.3035 -0.5853
vn 0.8824 -0.3562 -0.3076
vn 0.9244 -0.3732 -0.0784
vn 0.9244 -0.3732 0.0784
vn 0.8823 -0.3562 0.3076
vn 0.7518 -0.3035 0.5853
vn 0.5485 -0.2214 0.8063
vn 0.2919 -0.1178 0.9492
vn 0.1447 -0.0584 0.9878
vn 0.2719 -0.1591 -0.9491
vn 0.1348 -0.0788 -0.9877
vn 0.5106 -0.2987 -0.8063
vn 0.6999 -0.4095 -0.5852
vn 0.8213 -0.4805 -0.3075
vn 0.8605 -0.5034 -0.0784
vn 0.8605 -0.5034 0.0784
vn 0.8213 -0.4805 0.3076
vn 0.6999 -0.4094 0.5853
vn 0.5106 -0.2988 0.8062
vn 0.2719 -0.1591 0.9491
vn 0.1346 -0.0787 0.9878
vn 0.2450 -0.1982 -0.9491
vn 0.1214 -0.0982 -0.9877
vn 0.4599 -0.3720 -0.8063
vn 0.6304 -0.5100 -0.5852
vn 0.7398 -0.5985 -0.3075
vn 0.7751 -0.6270 -0.0784
vn 0.7751 -0.6270 0.0784
vn 0.7398 -0.5984 0.3076
vn 0.6304 -0.5100 0.5853
vn 0.4600 -0.3721 0.8062
vn 0.2450 -0.1982 0.9491
vn 0.1213 -0.0981 0.9878
vn 0.2122 -0.2329 -0.9491
vn 0.1051 -0.1155 -0.9877
vn 0.3984 -0.4373 -0.8062
vn 0.5460 -0.5994 -0.5853
vn 0.6408 -0.7034 -0.3076
vn 0.6713 -0.7370 -0.0784
vn 0.6713 -0.7370 0.0784
vn 0.6407 -0.7034 0.3076
vn 0.5460 -0.5994 0.5853
vn 0.3984 -0.4374 0.8062
vn 0.2122 -0.2329 0.9491
vn 0.1050 -0.1153 0.9878
vn 0.1753 -0.2616 -0.9491
vn 0.0870 -0.1298 -0.9877
vn 0.3293 -0.4913 -0.8063
vn 0.4514 -0.6735 -0.5854
vn 0.5298 -0.7904 -0.3076
vn 0.5551 -0.8281 -0.0784
vn 0.5551 -0.8281 0.0784
vn 0.5298 -0.7904 0.3076
vn 0.4514 -0.6735 0.5854
vn 0.3293 -0.4914 0.8063
vn 0.1753 -0.2616 0.9491
vn 0.0869 -0.1296 0.9878
vn 0.1368 -0.2833 -0.9492
vn 0.0679 -0.1407 -0.9877
vn 0.2570 -0.5325 -0.8064
vn 0.3525 -0.7301 -0.5854
vn 0.4137 -0.8569 -0.3076
vn 0.4334 -0.8978 -0.0783
vn 0.4334 -0.8978 0.0783
vn 0.4137 -0.8568 0.3076
vn 0.3525 -0.7300 0.5855
vn 0.2571 -0.5325 0.8064
vn 0.1368 -0.2833 0.9492
vn 0.0679 -0.1406 0.9877
vn 0.0987 -0.2982 -0.9494
vn 0.0491 -0.1484 -0.9877
vn 0.1857 -0.5612 -0.8066
vn 0.2547 -0.7696 -0.5856
vn 0.2989 -0.9033 -0.3077
vn 0.3132 -0.9465 -0.0783
vn 0.3132 -0.9464 0.0783
vn 0.2990 -0.9033 0.3077
vn 0.2547 -0.7695 0.5856
vn 0.1857 -0.5612 0.8066
vn 0.0987 -0.2982 0.9494
vn 0.0490 -0.1483 0.9877
vn 0.0627 -0.3074 -0.9495
vn 0.0313 -0.1532 -0.9877
vn 0.1182 -0.5789 -0.8068
vn 0.1621 -0.7941 -0.5857
vn 0.1903 -0.9322 -0.3078
vn 0.1994 -0.9768 -0.0783
vn 0.1994 -0.9768 0.0783
vn 0.1903 -0.9322 0.3078
vn 0.1621 -0.7941 0.5857
vn 0.1182 -0.5789 0.8068
vn 0.0627 -0.3073 0.9495
vn 0.0312 -0.1529 0.9877
vn 0.0298 -0.3119 -0.9497
vn 0.0149 -0.1557 -0.9877
vn 0.0562 -0.5878 -0.8070
vn 0.0772 -0.8067 -0.5859
vn 0.0906 -0.9471 -0.3078
vn 0.0949 -0.9924 -0.0783
vn 0.0949 -0.9924 0.0783
vn 0.0906 -0.9471 0.3078
vn 0.0772 -0.8067 0.5859
vn 0.0562 -0.5879 0.8070
vn 0.0298 -0.3118 0.9497
vn 0.0149 -0.1554 0.9877
vn 0.0071 -0.3109 -0.9504
vn 0.0036 -0.1564 -0.9877
vn 0.0134 -0.5889 -0.8081
vn 0.0184 -0.8095 -0.5868
vn 0.0216 -0.9510 -0.3084
vn 0.0226 -0.9967 -0.0784
vn 0.0226 -0.9967 0.0784
vn 0.0216 -0.9510 0.3084
vn 0.0184 -0.8095 0.5868
vn 0.0134 -0.5890 0.8080
vn 0.0071 -0.3109 0.9504
vn 0.0036 -0.1563 0.9877
vn 0.1204 -0.1204 -0.9854
vn 0.0788 -0.0788 -0.9938
vn 0.2882 -0.2881 -0.9132
vn 0.4665 -0.4667 -0.7514
vn 0.6320 -0.6320 -0.4485
vn 0.7024 -0.7023 -0.1158
vn 0.7024 -0.7023 0.1158
vn 0.6320 -0.6320 0.4485
vn 0.4665 -0.4667 0.7514
vn 0.2882 -0.2882 0.9132
vn 0.1203 -0.1203 0.9854
vn 0.0787 -0.0786 0.9938
vn 0.1980 -0.1980 -0.9600
vn 0.3608 -0.3610 -0.8599
vn 0.5227 -0.5226 -0.6736
vn 0.6543 -0.6543 -0.3791
vn 0.7032 -0.7032 -0.1049
vn 0.7032 -0.7032 0.1049
vn 0.6543 -0.6543 0.3792
vn 0.5227 -0.5226 0.6736
vn 0.3608 -0.3610 0.8599
vn 0.1981 -0.1980 0.9600
vn -0.1980 -0.1980 -0.9600
vn -0.0787 -0.0788 -0.9938
vn -0.3611 -0.3610 -0.8598
vn -0.5227 -0.5226 -0.6736
vn -0.6542 -0.6543 -0.3793
vn -0.7032 -0.7032 -0.1049
vn -0.7032 -0.7032 0.1049
vn -0.6542 -0.6543 0.3793
vn -0.5227 -0.5226 0.6736
vn -0.3611 -0.3610 0.8598
vn -0.1981 -0.1980 0.9600
vn -0.0787 -0.0786 0.9938
vn -0.1980 0.1980 -0.9600
vn -0.0787 0.0786 -0.9938
vn -0.3610 0.3610 -0.8598
vn -0.5227 0.5226 -0.6736
vn -0.6542 0.6543 -0.3793
vn -0.7032 0.7032 -0.1049
vn -0.7032 0.7032 0.1049
vn -0.6542 0.6543 0.3793
vn -0.5227 0.5226 0.6736
vn -0.3611 0.3610 0.8598
vn -0.1981 0.1981 0.9600
vn -0.0787 0.0787 0.9938
vn 0.0078 0.3110 -0.9504
vn 0.0039 0.1562 -0.9877
vn 0.0148 0.5891 -0.8079
vn 0.0204 0.8095 -0.5867
vn 0.0240 0.9510 -0.3083
vn 0.0251 0.9966 -0.0784
vn 0.0251 0.9966 0.0784
vn 0.0240 0.9510 0.3083
vn 0.0204 0.8095 0.5867
vn 0.0148 0.5892 0.8079
vn 0.0078 0.3112 0.9503
vn 0.0039 0.1564 0.9877
vn -0.0070 0.3069 -0.9517
vn -0.0288 0.3030 -0.9526
vn -0.0148 0.1558 -0.9877
vn -0.0036 0.1567 -0.9876
vn -0.0134 0.5860 -0.8102
vn -0.0552 0.5815 -0.8117
vn -0.0184 0.8079 -0.5890
vn -0.0764 0.8034 -0.5906
vn -0.0217 0.9506 -0.3097
vn -0.0899 0.9462 -0.3108
vn -0.0227 0.9966 -0.0786
vn -0.0943 0.9924 -0.0788
vn -0.0227 0.9967 0.0786
vn -0.0943 0.9924 0.0788
vn -0.0217 0.9506 0.3098
vn -0.0899 0.9462 0.3108
vn -0.0184 0.8079 0.5890
vn -0.0763 0.8033 0.5906
vn -0.0134 0.5861 0.8101
vn -0.0553 0.5815 0.8116
vn -0.0070 0.3069 0.9517
vn -0.0288 0.3029 0.9526
vn -0.0036 0.1564 0.9877
vn -0.0148 0.1555 0.9877
vn -0.0598 0.2978 -0.9527
vn -0.0308 0.1533 -0.9877
vn -0.1150 0.5722 -0.8120
vn -0.1589 0.7909 -0.5909
vn -0.1872 0.9318 -0.3110
vn -0.1964 0.9774 -0.0788
vn -0.1964 0.9774 0.0788
vn -0.1872 0.9318 0.3111
vn -0.1589 0.7909 0.5909
vn -0.1150 0.5723 0.8120
vn -0.0598 0.2978 0.9527
vn -0.0308 0.1532 0.9877
vn -0.0932 0.2885 -0.9529
vn -0.0481 0.1488 -0.9877
vn -0.1793 0.5549 -0.8124
vn -0.2480 0.7674 -0.5913
vn -0.2922 0.9043 -0.3112
vn -0.3066 0.9486 -0.0789
vn -0.3065 0.9486 0.0789
vn -0.2922 0.9043 0.3113
vn -0.2480 0.7674 0.5913
vn -0.1793 0.5550 0.8123
vn -0.0932 0.2885 0.9529
vn -0.0480 0.1486 0.9877
vn -0.1284 0.2741 -0.9531
vn -0.0663 0.1416 -0.9877
vn -0.2471 0.5276 -0.8128
vn -0.3419 0.7301 -0.5917
vn -0.4030 0.8606 -0.3115
vn -0.4228 0.9028 -0.0789
vn -0.4228 0.9028 0.0789
vn -0.4030 0.8605 0.3115
vn -0.3419 0.7301 0.5917
vn -0.2471 0.5277 0.8127
vn -0.1283 0.2740 0.9531
vn -0.0662 0.1414 0.9877
vn -0.1641 0.2536 -0.9533
vn -0.0848 0.1312 -0.9877
vn -0.3162 0.4888 -0.8131
vn -0.4377 0.6767 -0.5921
vn -0.5160 0.7978 -0.3117
vn -0.5414 0.8371 -0.0789
vn -0.5414 0.8371 0.0789
vn -0.5160 0.7978 0.3118
vn -0.4377 0.6767 0.5921
vn -0.3162 0.4889 0.8130
vn -0.1640 0.2536 0.9533
vn -0.0847 0.1311 0.9877
vn -0.1987 0.2269 -0.9534
vn -0.1029 0.1175 -0.9877
vn -0.3833 0.4377 -0.8133
vn -0.5308 0.6061 -0.5924
vn -0.6259 0.7148 -0.3119
vn -0.6567 0.7500 -0.0790
vn -0.6567 0.7500 0.0790
vn -0.6259 0.7148 0.3120
vn -0.5308 0.6061 0.5924
vn -0.3834 0.4378 0.8133
vn -0.1987 0.2269 0.9534
vn -0.1028 0.1175 0.9877
vn -0.2304 0.1943 -0.9535
vn -0.1194 0.1007 -0.9877
vn -0.4446 0.3749 -0.8135
vn -0.6158 0.5192 -0.5926
vn -0.7263 0.6124 -0.3121
vn -0.7621 0.6426 -0.0790
vn -0.7621 0.6426 0.0790
vn -0.7263 0.6125 0.3121
vn -0.6158 0.5193 0.5926
vn -0.4447 0.3750 0.8134
vn -0.2304 0.1943 0.9535
vn -0.1192 0.1007 0.9877
vn -0.2573 0.1570 -0.9535
vn -0.1333 0.0813 -0.9877
vn -0.4965 0.3029 -0.8135
vn -0.6876 0.4195 -0.5926
vn -0.8110 0.4948 -0.3121
vn -0.8510 0.5192 -0.0790
vn -0.8510 0.5192 0.0790
vn -0.8110 0.4949 0.3122
vn -0.6876 0.4195 0.5926
vn -0.4966 0.3030 0.8134
vn -0.2573 0.1570 0.9535
vn -0.1332 0.0813 0.9878
vn -0.2782 0.1169 -0.9534
vn -0.1440 0.0605 -0.9877
vn -0.5364 0.2255 -0.8133
vn -0.7427 0.3123 -0.5924
vn -0.8758 0.3683 -0.3119
vn -0.9189 0.3864 -0.0789
vn -0.9189 0.3864 0.0789
vn -0.8758 0.3683 0.3119
vn -0.7427 0.3123 0.5924
vn -0.5365 0.2256 0.8132
vn -0.2782 0.1170 0.9534
vn -0.1438 0.0605 0.9878
vn -0.2924 0.0763 -0.9532
vn -0.1512 0.0394 -0.9877
vn -0.5635 0.1471 -0.8129
vn -0.7798 0.2036 -0.5920
vn -0.9194 0.2400 -0.3117
vn -0.9646 0.2517 -0.0789
vn -0.9646 0.2517 0.0789
vn -0.9194 0.2399 0.3117
vn -0.7798 0.2035 0.5920
vn -0.5635 0.1471 0.8129
vn -0.2924 0.0763 0.9532
vn -0.1510 0.0394 0.9878
vn -0.3005 0.0370 -0.9531
vn -0.1551 0.0191 -0.9877
vn -0.5785 0.0712 -0.8126
vn -0.8002 0.0985 -0.5916
vn -0.9431 0.1161 -0.3115
vn -0.9894 0.1218 -0.0788
vn -0.9894 0.1219 0.0788
vn -0.9431 0.1161 0.3115
vn -0.8001 0.0985 0.5917
vn -0.5786 0.0712 0.8125
vn -0.3005 0.0370 0.9531
vn -0.1549 0.0191 0.9877
vn -0.3039 0.0019 -0.9527
vn -0.1564 0.0010 -0.9877
vn -0.5838 0.0037 -0.8119
vn -0.8068 0.0051 -0.5909
vn -0.9504 0.0060 -0.3109
vn -0.9969 0.0062 -0.0787
vn -0.9969 0.0063 0.0787
vn -0.9504 0.0060 0.3110
vn -0.8067 0.0051 0.5909
vn -0.5839 0.0037 0.8118
vn -0.3039 0.0019 0.9527
vn -0.1562 0.0010 0.9877
vn -0.3029 -0.0291 -0.9526
vn -0.1557 -0.0150 -0.9877
vn -0.5814 -0.0559 -0.8117
vn -0.8033 -0.0772 -0.5906
vn -0.9461 -0.0909 -0.3108
vn -0.9923 -0.0953 -0.0786
vn -0.9923 -0.0953 0.0786
vn -0.9461 -0.0909 0.3108
vn -0.8032 -0.0772 0.5907
vn -0.5815 -0.0559 0.8116
vn -0.3029 -0.0291 0.9526
vn -0.1555 -0.0149 0.9877
vn -0.2977 -0.0603 -0.9528
vn -0.1532 -0.0310 -0.9877
vn -0.5720 -0.1159 -0.8120
vn -0.7906 -0.1602 -0.5910
vn -0.9315 -0.1888 -0.3110
vn -0.9770 -0.1980 -0.0787
vn -0.9770 -0.1980 0.0787
vn -0.9315 -0.1888 0.3111
vn -0.7906 -0.1602 0.5910
vn -0.5721 -0.1160 0.8120
vn -0.2976 -0.0603 0.9528
vn -0.1531 -0.0310 0.9877
vn -0.2881 -0.0941 -0.9530
vn -0.1486 -0.0485 -0.9877
vn -0.5542 -0.1811 -0.8124
vn -0.7665 -0.2505 -0.5913
vn -0.9033 -0.2952 -0.3112
vn -0.9476 -0.3096 -0.0788
vn -0.9476 -0.3096 0.0788
vn -0.9033 -0.2952 0.3113
vn -0.7665 -0.2505 0.5914
vn -0.5543 -0.1811 0.8124
vn -0.2880 -0.0941 0.9530
vn -0.1484 -0.0485 0.9877
vn -0.2730 -0.1300 -0.9532
vn -0.1410 -0.0672 -0.9877
vn -0.5259 -0.2505 -0.8128
vn -0.7278 -0.3467 -0.5918
vn -0.8579 -0.4086 -0.3116
vn -0.9000 -0.4287 -0.0790
vn -0.9000 -0.4287 0.0790
vn -0.8579 -0.4086 0.3116
vn -0.7277 -0.3466 0.5918
vn -0.5259 -0.2505 0.8128
vn -0.2730 -0.1300 0.9532
vn -0.1409 -0.0671 0.9878
vn -0.2514 -0.1668 -0.9534
vn -0.1301 -0.0863 -0.9877
vn -0.4849 -0.3217 -0.8132
vn -0.6714 -0.4454 -0.5923
vn -0.7917 -0.5252 -0.3119
vn -0.8307 -0.5511 -0.0791
vn -0.8307 -0.5511 0.0791
vn -0.7917 -0.5252 0.3120
vn -0.6714 -0.4454 0.5923
vn -0.4850 -0.3217 0.8132
vn -0.2514 -0.1668 0.9534
vn -0.1300 -0.0863 0.9878
vn -0.2231 -0.2026 -0.9535
vn -0.1156 -0.1050 -0.9877
vn -0.4306 -0.3909 -0.8135
vn -0.5965 -0.5414 -0.5926
vn -0.7035 -0.6385 -0.3121
vn -0.7382 -0.6700 -0.0791
vn -0.7382 -0.6700 0.0791
vn -0.7035 -0.6385 0.3121
vn -0.5964 -0.5413 0.5926
vn -0.4307 -0.3909 0.8135
vn -0.2231 -0.2025 0.9535
vn -0.1155 -0.1048 0.9878
vn -0.1886 -0.2348 -0.9536
vn -0.0978 -0.1217 -0.9877
vn -0.3642 -0.4532 -0.8136
vn -0.5046 -0.6278 -0.5927
vn -0.5951 -0.7405 -0.3121
vn -0.6245 -0.7771 -0.0790
vn -0.6245 -0.7770 0.0790
vn -0.5951 -0.7405 0.3121
vn -0.5045 -0.6278 0.5927
vn -0.3642 -0.4533 0.8135
vn -0.1886 -0.2347 0.9536
vn -0.0977 -0.1215 0.9878
vn -0.1499 -0.2614 -0.9535
vn -0.0777 -0.1354 -0.9877
vn -0.2894 -0.5045 -0.8135
vn -0.4008 -0.6987 -0.5926
vn -0.4727 -0.8241 -0.3121
vn -0.4960 -0.8647 -0.0790
vn -0.4960 -0.8647 0.0790
vn -0.4727 -0.8241 0.3121
vn -0.4008 -0.6987 0.5926
vn -0.2894 -0.5045 0.8134
vn -0.1499 -0.2614 0.9535
vn -0.0776 -0.1353 0.9878
vn -0.1095 -0.2813 -0.9533
vn -0.0567 -0.1456 -0.9877
vn -0.2112 -0.5424 -0.8131
vn -0.2924 -0.7509 -0.5922
vn -0.3448 -0.8854 -0.3118
vn -0.3618 -0.9289 -0.0789
vn -0.3618 -0.9289 0.0789
vn -0.3448 -0.8854 0.3119
vn -0.2924 -0.7509 0.5922
vn -0.2112 -0.5425 0.8131
vn -0.1095 -0.2813 0.9533
vn -0.0566 -0.1454 0.9878
vn -0.0700 -0.2944 -0.9531
vn -0.0362 -0.1520 -0.9877
vn -0.1348 -0.5669 -0.8127
vn -0.1865 -0.7843 -0.5917
vn -0.2199 -0.9245 -0.3115
vn -0.2307 -0.9698 -0.0789
vn -0.2307 -0.9698 0.0789
vn -0.2199 -0.9244 0.3115
vn -0.1865 -0.7843 0.5917
vn -0.1349 -0.5669 0.8126
vn -0.0700 -0.2943 0.9531
vn -0.0361 -0.1518 0.9878
vn -0.0333 -0.3016 -0.9528
vn -0.0172 -0.1555 -0.9877
vn -0.0640 -0.5798 -0.8123
vn -0.0885 -0.8016 -0.5912
vn -0.1043 -0.9446 -0.3111
vn -0.1094 -0.9909 -0.0788
vn -0.1094 -0.9909 0.0788
vn -0.1043 -0.9446 0.3112
vn -0.0885 -0.8016 0.5912
vn -0.0640 -0.5798 0.8122
vn -0.0333 -0.3016 0.9529
vn -0.0171 -0.1552 0.9877
vn -0.0080 -0.3066 -0.9518
vn -0.0041 -0.1567 -0.9876
vn -0.0152 -0.5857 -0.8104
vn -0.0210 -0.8077 -0.5892
vn -0.0247 -0.9505 -0.3098
vn -0.0259 -0.9966 -0.0786
vn -0.0259 -0.9966 0.0786
vn -0.0247 -0.9505 0.3098
vn -0.0210 -0.8077 0.5892
vn -0.0152 -0.5858 0.8103
vn -0.0080 -0.3066 0.9518
vn -0.0041 -0.1564 0.9877
vn 0.1204 -0.1205 -0.9854
vn 0.7024 -0.7023 -0.1156
vn 0.7024 -0.7023 0.1156
vn 0.4665 -0.4666 0.7514
vn 0.2883 -0.2882 0.9132
vn 0.1203 -0.1204 0.9854
vn 0.0787 -0.0787 0.9938
vn 0.1204 0.1204 -0.9854
vn 0.0788 0.0788 -0.9938
vn 0.2882 0.2881 -0.9132
vn 0.4665 0.4667 -0.7514
vn 0.6320 0.6320 -0.4485
vn 0.7024 0.7023 -0.1156
vn 0.7024 0.7023 0.1156
vn 0.6320 0.6320 0.4485
vn 0.4665 0.4666 0.7514
vn 0.2883 0.2882 0.9131
vn 0.1203 0.1204 0.9854
vn 0.0787 0.0787 0.9938
vn -0.1980 -0.1981 -0.9600
vn -0.0787 0.0787 -0.9938
vn -0.3611 0.3610 -0.8598
vn -0.5226 -0.5227 -0.6736
vn -0.5226 0.5227 -0.6736
vn -0.7032 -0.7032 -0.1050
vn -0.7032 0.7032 -0.1050
vn -0.7032 -0.7032 0.1050
vn -0.7032 0.7032 0.1050
vn -0.6542 -0.6543 0.3794
vn -0.6542 0.6543 0.3794
vn -0.5225 -0.5226 0.6737
vn -0.5225 0.5226 0.6737
vn -0.3611 -0.3609 0.8598
vn -0.3611 0.3609 0.8599
vn -0.1980 -0.1980 0.9600
vn -0.1980 0.1979 0.9600
vn 0.1980 0.1980 -0.9600
vn 0.0787 0.0787 -0.9938
vn 0.3610 0.3610 -0.8599
vn 0.5226 0.5227 -0.6736
vn 0.6543 0.6543 -0.3792
vn 0.7032 0.7032 -0.1049
vn 0.7032 0.7032 0.1049
vn 0.6543 0.6543 0.3793
vn 0.5225 0.5226 0.6737
vn 0.3611 0.3609 0.8599
vn 0.1980 0.1979 0.9600
vn 0.1980 -0.1981 -0.9600
vn 0.0787 -0.0788 -0.9938
vn 0.3610 -0.3610 -0.8599
vn 0.5226 -0.5227 -0.6736
vn 0.6543 -0.6543 -0.3792
vn 0.6543 -0.6543 0.3793
vn 0.5225 -0.5226 0.6737
vn 0.3611 -0.3609 0.8599
vn 0.1980 -0.1980 0.9600
vn 0.1784 0.0905 -0.9798
vn 0.0638 0.0324 -0.9974
vn -0.0787 0.0788 -0.9938
vn -0.3610 0.3610 -0.8599
vn 0.3361 0.1708 -0.9262
vn -0.5226 0.5226 -0.6736
vn 0.5393 0.2738 -0.7964
vn 0.7734 0.3928 -0.4975
vn 0.8810 0.4475 -0.1535
vn 0.8810 0.4474 0.1535
vn 0.7734 0.3928 0.4975
vn 0.5392 0.2739 0.7964
vn -0.3610 0.3610 0.8598
vn 0.3361 0.1708 0.9262
vn -0.1981 0.1980 0.9600
vn 0.1784 0.0905 0.9798
vn -0.0787 0.0788 0.9938
vn 0.0638 0.0325 0.9974
vn 0.0847 0.0430 -0.9955
vn 0.2291 0.1164 -0.9664
vn 0.4174 0.2119 -0.8837
vn 0.6859 0.3483 -0.6389
vn 0.8761 0.4449 -0.1856
vn 0.8761 0.4449 0.1856
vn 0.6859 0.3484 0.6389
vn 0.4174 0.2119 0.8837
vn 0.2292 0.1163 0.9664
vn 0.0847 0.0431 0.9955
vn 0.1981 0.1980 -0.9600
vn 0.0788 0.0787 -0.9938
vn 0.3609 0.3609 -0.8599
vn 0.5225 0.5226 -0.6737
vn 0.6544 0.6543 -0.3791
vn 0.7032 0.7032 -0.1048
vn 0.7032 0.7032 0.1048
vn 0.6544 0.6543 0.3791
vn 0.3609 0.3609 0.8599
vn 0.1981 0.1980 0.9600
vn 0.1981 -0.1980 -0.9600
vn 0.3609 -0.3610 -0.8599
vn 0.5225 -0.5226 -0.6737
vn 0.6544 -0.6543 -0.3791
vn 0.7032 -0.7032 -0.1048
vn 0.7032 -0.7032 0.1048
vn 0.6544 -0.6543 0.3792
vn 0.3609 -0.3611 0.8599
vn -0.1784 -0.0905 -0.9798
vn -0.0639 -0.0324 -0.9974
vn -0.3360 -0.1708 -0.9262
vn -0.5393 -0.2738 -0.7964
vn -0.7734 -0.3927 -0.4976
vn -0.8810 -0.4474 -0.1536
vn -0.8810 -0.4475 0.1536
vn -0.7734 -0.3928 0.4976
vn -0.5392 -0.2738 0.7964
vn -0.3360 -0.1708 0.9262
vn -0.1784 -0.0906 0.9798
vn -0.0638 -0.0324 0.9974
vn -0.0848 -0.0430 -0.9955
vn -0.0638 -0.0324 -0.9974
vn -0.2291 -0.1163 -0.9664
vn -0.4173 -0.2120 -0.8837
vn -0.6860 -0.3483 -0.6388
vn -0.8761 -0.4449 -0.1857
vn -0.8761 -0.4449 0.1857
vn -0.6859 -0.3483 0.6389
vn -0.4172 -0.2119 0.8837
vn -0.2292 -0.1164 0.9664
vn -0.0847 -0.0431 0.9955
vn -0.0638 -0.0325 0.9974
vn -0.3610 -0.3609 -0.8599
vn -0.5225 -0.5226 -0.6736
vn -0.6543 -0.6543 -0.3793
vn -0.3611 -0.3609 0.8599
vn -0.1981 -0.1981 0.9600
vn -0.0787 -0.0787 0.9938
vn -0.1980 0.1979 -0.9600
vn 0.1783 0.0905 -0.9798
vn 0.0638 0.0323 -0.9974
vn -0.3609 0.3610 -0.8599
vn 0.5393 0.2739 -0.7963
vn -0.6543 0.6543 -0.3792
vn 0.7734 0.3928 -0.4976
vn 0.8811 0.4474 -0.1536
vn 0.8810 0.4474 0.1536
vn -0.6543 0.6543 0.3792
vn 0.7734 0.3928 0.4976
vn 0.5392 0.2738 0.7964
vn -0.3609 0.3610 0.8599
vn 0.3361 0.1707 0.9262
vn 0.4173 0.2120 -0.8837
vn 0.6860 0.3483 -0.6389
vn 0.8761 0.4449 -0.1857
vn 0.8761 0.4449 0.1857
vn 0.6859 0.3483 0.6389
vn 0.4173 0.2119 0.8837
vn 0.3611 0.3610 -0.8599
vn 0.5226 0.5226 -0.6736
vn 0.6543 0.6543 -0.3793
vn 0.1980 0.1980 0.9600
vn 0.5225 -0.5226 0.6736
vn 0.3611 -0.3610 0.8598
vn 0.1980 -0.1981 0.9600
vn -0.1783 -0.0906 -0.9798
vn -0.3362 -0.1708 -0.9262
vn -0.5392 -0.2739 -0.7964
vn -0.8810 -0.4475 -0.1536
vn -0.7734 -0.3927 0.4976
vn -0.5391 -0.2739 0.7964
vn -0.3362 -0.1707 0.9262
vn -0.0847 -0.0430 -0.9955
vn -0.4174 -0.2120 -0.8837
vn -0.6859 -0.3483 -0.6389
vn -0.8761 -0.4450 -0.1857
vn -0.8761 -0.4450 0.1857
vn -0.6858 -0.3483 0.6390
vn -0.4174 -0.2119 0.8837
vn -0.3609 -0.3610 -0.8599
vn -0.5226 -0.5226 -0.6736
vn -0.6543 -0.6543 -0.3792
vn -0.7032 -0.7032 -0.1048
vn -0.7032 -0.7032 0.1048
vn -0.6543 -0.6542 0.3792
vn -0.3609 -0.3610 0.8599
vn -0.1679 -0.2603 -0.9508
vn -0.1184 -0.1835 -0.9759
vn -0.0716 -0.1109 -0.9912
vn -0.0716 -0.1110 -0.9912
vn -0.3035 -0.4707 -0.8284
vn -0.2622 -0.4066 -0.8752
vn -0.4237 -0.6568 -0.6237
vn -0.3972 -0.6158 -0.6805
vn -0.5100 -0.7908 -0.3384
vn -0.5013 -0.7774 -0.3800
vn -0.5398 -0.8369 -0.0902
vn -0.5396 -0.8364 -0.0961
vn -0.5398 -0.8369 0.0902
vn -0.5395 -0.8365 0.0961
vn -0.5100 -0.7908 0.3384
vn -0.5013 -0.7773 0.3801
vn -0.4237 -0.6568 0.6237
vn -0.3971 -0.6157 0.6806
vn -0.3036 -0.4708 0.8283
vn -0.2623 -0.4066 0.8751
vn -0.1680 -0.2603 0.9508
vn -0.1183 -0.1834 0.9759
vn -0.0715 -0.1108 0.9913
vn 0.1190 -0.1803 -0.9764
vn 0.0722 -0.1095 -0.9914
vn 0.2646 -0.4012 -0.8770
vn 0.4021 -0.6092 -0.6835
vn 0.5087 -0.7712 -0.3827
vn 0.5482 -0.8307 -0.0967
vn 0.5482 -0.8307 0.0967
vn 0.5087 -0.7712 0.3827
vn 0.4020 -0.6092 0.6835
vn 0.2647 -0.4012 0.8769
vn 0.1190 -0.1803 0.9764
vn 0.0721 -0.1093 0.9914
vn 0.1700 -0.2577 -0.9511
vn 0.3075 -0.4661 -0.8296
vn 0.4296 -0.6512 -0.6257
vn 0.5180 -0.7849 -0.3399
vn 0.5484 -0.8313 -0.0906
vn 0.5484 -0.8313 0.0906
vn 0.5180 -0.7849 0.3399
vn 0.4295 -0.6512 0.6257
vn 0.3076 -0.4661 0.8295
vn 0.1700 -0.2577 0.9511
vn 0.0722 -0.1093 0.9914
vn -0.1953 -0.1290 -0.9722
vn -0.0726 -0.0479 -0.9962
vn -0.3629 -0.2397 -0.9005
vn -0.5569 -0.3676 -0.7448
vn -0.7477 -0.4938 -0.4439
vn -0.8274 -0.5463 -0.1303
vn -0.8274 -0.5463 0.1303
vn -0.7477 -0.4938 0.4439
vn -0.5569 -0.3676 0.7448
vn -0.3629 -0.2397 0.9005
vn -0.1954 -0.1290 0.9722
vn -0.0725 -0.0479 0.9962
vn -0.1701 0.2576 -0.9512
vn -0.0722 0.1093 -0.9914
vn -0.3076 0.4659 -0.8297
vn -0.4298 0.6510 -0.6256
vn -0.5182 0.7848 -0.3400
vn -0.5487 0.8311 -0.0908
vn -0.5487 0.8311 0.0908
vn -0.5182 0.7848 0.3400
vn -0.4298 0.6510 0.6257
vn -0.3076 0.4659 0.8296
vn -0.1701 0.2577 0.9511
vn -0.0722 0.1093 0.9914
vn 0.1686 0.2594 -0.9509
vn 0.0718 0.1104 -0.9913
vn 0.3049 0.4692 -0.8288
vn 0.4256 0.6551 -0.6243
vn 0.5127 0.7889 -0.3389
vn 0.5427 0.8351 -0.0903
vn 0.5427 0.8351 0.0903
vn 0.5126 0.7889 0.3389
vn 0.4255 0.6551 0.6243
vn 0.3049 0.4692 0.8288
vn 0.1686 0.2596 0.9509
vn 0.0717 0.1103 0.9913
vn 0.1945 -0.1264 -0.9727
vn 0.0721 -0.0469 -0.9963
vn 0.3618 -0.2351 -0.9021
vn 0.5567 -0.3616 -0.7479
vn 0.7501 -0.4874 -0.4469
vn 0.8312 -0.5402 -0.1315
vn 0.8312 -0.5402 0.1315
vn 0.7501 -0.4874 0.4469
vn 0.5566 -0.3616 0.7479
vn 0.3618 -0.2352 0.9021
vn 0.1946 -0.1264 0.9727
vn 0.0721 -0.0468 0.9963
vn -0.1008 0.0655 -0.9927
vn 0.0011 -0.0801 -0.9968
vn 0.0009 -0.0624 -0.9981
vn -0.0722 0.0470 -0.9963
vn -0.2615 0.1699 -0.9501
vn 0.0030 -0.2219 -0.9751
vn -0.4580 0.2973 -0.8378
vn 0.0057 -0.4135 -0.9105
vn -0.6951 0.4514 -0.5595
vn 0.0097 -0.7178 -0.6962
vn -0.8288 0.5382 -0.1529
vn 0.0134 -0.9766 -0.2147
vn -0.8288 0.5382 0.1529
vn 0.0134 -0.9766 0.2146
vn -0.6951 0.4513 0.5596
vn 0.0097 -0.7177 0.6963
vn -0.4580 0.2974 0.8377
vn 0.0057 -0.4134 0.9105
vn -0.2616 0.1699 0.9501
vn 0.0030 -0.2220 0.9750
vn -0.1008 0.0654 0.9928
vn 0.0011 -0.0800 0.9968
vn -0.0721 0.0468 0.9963
vn 0.0009 -0.0623 0.9981
vn 0.1026 0.0687 -0.9923
vn 0.0730 0.0489 -0.9961
vn 0.2649 0.1772 -0.9479
vn 0.4613 0.3086 -0.8318
vn 0.6938 0.4642 -0.5506
vn 0.8218 0.5498 -0.1496
vn 0.8218 0.5498 0.1496
vn 0.6938 0.4641 0.5507
vn 0.4613 0.3086 0.8318
vn 0.2649 0.1773 0.9478
vn 0.1026 0.0686 0.9924
vn 0.0729 0.0487 0.9961
vn -0.4113 0.9115 -0.0000
vn 0.9893 0.1462 -0.0000
vn -0.6158 -0.7879 -0.0000
vn -0.8121 -0.5835 -0.0000
vn 0.8121 0.5835 -0.0000
vn 0.5835 -0.8121 -0.0000
vn -0.5835 0.8121 -0.0000
vn -0.3731 0.6462 -0.6657
vn -0.3731 0.6462 0.6657
vn -0.0974 0.7398 0.6657
vn -0.0974 0.7398 -0.6657
vn 0.1931 0.7208 0.6657
vn 0.1931 0.7208 -0.6657
vn 0.4543 0.5920 0.6657
vn 0.4543 0.5920 -0.6657
vn 0.6462 0.3731 0.6657
vn 0.6462 0.3731 -0.6657
vn 0.7398 0.0974 0.6657
vn 0.7398 0.0974 -0.6657
vn 0.7208 -0.1931 0.6657
vn 0.7208 -0.1931 -0.6657
vn 0.5920 -0.4543 0.6657
vn 0.5920 -0.4543 -0.6657
vn 0.3731 -0.6462 0.6657
vn 0.3731 -0.6462 -0.6657
vn 0.0974 -0.7398 0.6657
vn 0.0974 -0.7398 -0.6657
vn -0.1931 -0.7208 0.6657
vn -0.1931 -0.7208 -0.6657
vn -0.4543 -0.5920 0.6657
vn -0.4543 -0.5920 -0.6657
vn -0.6462 -0.3731 0.6657
vn -0.6462 -0.3731 -0.6657
vn -0.7398 -0.0974 0.6657
vn -0.7398 -0.0974 -0.6657
vn -0.7208 0.1931 0.6657
vn -0.7208 0.1931 -0.6657
vn -0.5920 0.4543 0.6657
vn -0.5920 0.4543 -0.6657
vn -0.0000 0.3420 -0.9397
vn -0.0000 -0.3420 0.9397
vn -0.0000 -0.9397 -0.3420
vn -0.0000 0.9397 0.3420
vn -0.0000 -0.9914 -0.1305
vn 0.4954 -0.8612 -0.1134
vn 0.4954 -0.8687 -0.0000
vn 0.8614 -0.5037 -0.0663
vn 0.8614 -0.5080 -0.0000
vn 0.9999 -0.0107 -0.0014
vn 0.9999 -0.0108 -0.0000
vn 0.8707 0.4876 0.0642
vn 0.8707 0.4918 -0.0000
vn 0.5047 0.8559 0.1127
vn 0.5047 0.8633 -0.0000
vn -0.0000 0.9914 0.1305
vn -0.5047 0.8559 0.1127
vn -0.5047 0.8633 -0.0000
vn -0.8707 0.4876 0.0642
vn -0.8707 0.4918 -0.0000
vn -0.9999 -0.0107 -0.0014
vn -0.9999 -0.0108 -0.0000
vn -0.8614 -0.5037 -0.0663
vn -0.8614 -0.5080 -0.0000
vn -0.4954 -0.8612 -0.1134
vn -0.4954 -0.8687 -0.0000
vn -0.0000 -0.9659 -0.2588
vn 0.4954 -0.8391 -0.2248
vn 0.8614 -0.4907 -0.1315
vn 0.9999 -0.0104 -0.0028
vn 0.8707 0.4751 0.1273
vn 0.5047 0.8339 0.2234
vn -0.0000 0.9659 0.2588
vn -0.5047 0.8339 0.2234
vn -0.8707 0.4751 0.1273
vn -0.9999 -0.0104 -0.0028
vn -0.8614 -0.4907 -0.1315
vn -0.4954 -0.8391 -0.2248
vn -0.0000 -0.9239 -0.3827
vn 0.4954 -0.8025 -0.3324
vn 0.8614 -0.4693 -0.1944
vn 0.9999 -0.0100 -0.0041
vn 0.8707 0.4544 0.1882
vn 0.5047 0.7976 0.3304
vn -0.0000 0.9239 0.3827
vn -0.5047 0.7976 0.3304
vn -0.8707 0.4544 0.1882
vn -0.9999 -0.0100 -0.0041
vn -0.8614 -0.4693 -0.1944
vn -0.4954 -0.8025 -0.3324
vn -0.0000 -0.8660 -0.5000
vn 0.4954 -0.7523 -0.4343
vn 0.8614 -0.4399 -0.2540
vn 0.9999 -0.0093 -0.0054
vn 0.8707 0.4260 0.2459
vn 0.5047 0.7476 0.4316
vn -0.0000 0.8660 0.5000
vn -0.5047 0.7476 0.4316
vn -0.8707 0.4259 0.2459
vn -0.9999 -0.0093 -0.0054
vn -0.8614 -0.4399 -0.2540
vn -0.4954 -0.7523 -0.4343
vn -0.0000 -0.7934 -0.6088
vn 0.4954 -0.6892 -0.5288
vn 0.8614 -0.4030 -0.3092
vn 0.9999 -0.0086 -0.0066
vn 0.8707 0.3902 0.2994
vn 0.5047 0.6849 0.5255
vn -0.0000 0.7934 0.6088
vn -0.5047 0.6849 0.5255
vn -0.8707 0.3902 0.2994
vn -0.9999 -0.0086 -0.0066
vn -0.8614 -0.4030 -0.3092
vn -0.4954 -0.6892 -0.5288
vn -0.0000 -0.7071 -0.7071
vn 0.4954 -0.6142 -0.6142
vn 0.8614 -0.3592 -0.3592
vn 0.9999 -0.0076 -0.0076
vn 0.8707 0.3478 0.3478
vn 0.5047 0.6104 0.6104
vn -0.0000 0.7071 0.7071
vn -0.5047 0.6104 0.6104
vn -0.8707 0.3478 0.3478
vn -0.9999 -0.0076 -0.0076
vn -0.8614 -0.3592 -0.3592
vn -0.4954 -0.6142 -0.6142
vn -0.0000 -0.6088 -0.7934
vn 0.4954 -0.5288 -0.6892
vn 0.8614 -0.3092 -0.4030
vn 0.9999 -0.0066 -0.0086
vn 0.8707 0.2994 0.3902
vn 0.5047 0.5255 0.6849
vn -0.0000 0.6088 0.7934
vn -0.5047 0.5255 0.6849
vn -0.8707 0.2994 0.3902
vn -0.9999 -0.0066 -0.0085
vn -0.8614 -0.3092 -0.4030
vn -0.4954 -0.5288 -0.6892
vn -0.0000 -0.5000 -0.8660
vn 0.4954 -0.4343 -0.7523
vn 0.8614 -0.2540 -0.4399
vn 0.9999 -0.0054 -0.0093
vn 0.8707 0.2459 0.4259
vn 0.5047 0.4316 0.7476
vn -0.0000 0.5000 0.8660
vn -0.5047 0.4316 0.7476
vn -0.8707 0.2459 0.4259
vn -0.9999 -0.0054 -0.0093
vn -0.8614 -0.2540 -0.4399
vn -0.4954 -0.4343 -0.7523
vn -0.0000 -0.3827 -0.9239
vn 0.4954 -0.3324 -0.8026
vn 0.8614 -0.1944 -0.4693
vn 0.9999 -0.0041 -0.0100
vn 0.8707 0.1882 0.4544
vn 0.5047 0.3304 0.7976
vn -0.0000 0.3827 0.9239
vn -0.5047 0.3304 0.7976
vn -0.8707 0.1882 0.4544
vn -0.9999 -0.0041 -0.0100
vn -0.8614 -0.1944 -0.4693
vn -0.4954 -0.3324 -0.8025
vn -0.0000 -0.2588 -0.9659
vn 0.4954 -0.2248 -0.8391
vn 0.8614 -0.1315 -0.4907
vn 0.9999 -0.0028 -0.0104
vn 0.8707 0.1273 0.4751
vn 0.5047 0.2234 0.8339
vn -0.0000 0.2588 0.9659
vn -0.5047 0.2234 0.8339
vn -0.8707 0.1273 0.4751
vn -0.9999 -0.0028 -0.0104
vn -0.8614 -0.1315 -0.4907
vn -0.4954 -0.2248 -0.8391
vn -0.0000 -0.1305 -0.9914
vn 0.4954 -0.1134 -0.8612
vn 0.8614 -0.0663 -0.5037
vn 0.9999 -0.0014 -0.0107
vn 0.8707 0.0642 0.4876
vn 0.5047 0.1127 0.8559
vn -0.0000 0.1305 0.9914
vn -0.5047 0.1127 0.8559
vn -0.8707 0.0642 0.4876
vn -0.9999 -0.0014 -0.0107
vn -0.8614 -0.0663 -0.5036
vn -0.4954 -0.1134 -0.8612
vn 0.4954 -0.0000 -0.8687
vn 0.8614 -0.0000 -0.5080
vn 0.9999 -0.0000 -0.0108
vn 0.8707 -0.0000 0.4918
vn 0.5047 -0.0000 0.8633
vn -0.5047 -0.0000 0.8633
vn -0.8707 -0.0000 0.4918
vn -0.9999 -0.0000 -0.0108
vn -0.8614 -0.0000 -0.5080
vn -0.4954 -0.0000 -0.8687
vn -0.0000 0.1305 -0.9914
vn 0.4954 0.1134 -0.8612
vn 0.8614 0.0663 -0.5037
vn 0.9999 0.0014 -0.0107
vn 0.8707 -0.0642 0.4876
vn 0.5047 -0.1127 0.8559
vn -0.0000 -0.1305 0.9914
vn -0.5047 -0.1127 0.8559
vn -0.8707 -0.0642 0.4876
vn -0.9999 0.0014 -0.0107
vn -0.8614 0.0663 -0.5036
vn -0.4954 0.1134 -0.8612
vn -0.0000 0.2588 -0.9659
vn 0.4954 0.2248 -0.8391
vn 0.8614 0.1315 -0.4907
vn 0.9999 0.0028 -0.0104
vn 0.8707 -0.1273 0.4751
vn 0.5047 -0.2234 0.8339
vn -0.0000 -0.2588 0.9659
vn -0.5047 -0.2234 0.8339
vn -0.8707 -0.1273 0.4751
vn -0.9999 0.0028 -0.0104
vn -0.8614 0.1315 -0.4907
vn -0.4954 0.2248 -0.8391
vn -0.0000 0.3827 -0.9239
vn 0.4954 0.3324 -0.8025
vn 0.8614 0.1944 -0.4693
vn 0.9999 0.0041 -0.0099
vn 0.8707 -0.1882 0.4544
vn 0.5047 -0.3304 0.7976
vn -0.0000 -0.3827 0.9239
vn -0.5047 -0.3304 0.7976
vn -0.8707 -0.1882 0.4544
vn -0.9999 0.0041 -0.0100
vn -0.8614 0.1944 -0.4693
vn -0.4954 0.3324 -0.8025
vn -0.0000 0.5000 -0.8660
vn 0.4954 0.4343 -0.7523
vn 0.8614 0.2540 -0.4399
vn 0.9999 0.0054 -0.0093
vn 0.8707 -0.2459 0.4259
vn 0.5047 -0.4316 0.7476
vn -0.0000 -0.5000 0.8660
vn -0.5047 -0.4316 0.7476
vn -0.8707 -0.2459 0.4259
vn -0.9999 0.0054 -0.0093
vn -0.8614 0.2540 -0.4399
vn -0.4954 0.4343 -0.7523
vn -0.0000 0.6088 -0.7934
vn 0.4954 0.5288 -0.6892
vn 0.8614 0.3093 -0.4030
vn 0.9999 0.0066 -0.0085
vn 0.8707 -0.2994 0.3902
vn 0.5047 -0.5255 0.6849
vn -0.0000 -0.6088 0.7934
vn -0.5047 -0.5255 0.6849
vn -0.8707 -0.2994 0.3902
vn -0.9999 0.0066 -0.0085
vn -0.8614 0.3092 -0.4030
vn -0.4954 0.5288 -0.6892
vn -0.0000 0.7071 -0.7071
vn 0.4954 0.6142 -0.6142
vn 0.8614 0.3592 -0.3592
vn 0.9999 0.0076 -0.0076
vn 0.8707 -0.3478 0.3478
vn 0.5047 -0.6104 0.6104
vn -0.0000 -0.7071 0.7071
vn -0.5047 -0.6104 0.6104
vn -0.8707 -0.3478 0.3478
vn -0.9999 0.0076 -0.0076
vn -0.8614 0.3592 -0.3592
vn -0.4954 0.6142 -0.6142
vn -0.0000 0.7933 -0.6088
vn 0.4954 0.6892 -0.5288
vn 0.8614 0.4030 -0.3093
vn 0.9999 0.0086 -0.0066
vn 0.8707 -0.3902 0.2994
vn 0.5047 -0.6849 0.5255
vn -0.0000 -0.7934 0.6088
vn -0.5047 -0.6849 0.5255
vn -0.8707 -0.3902 0.2994
vn -0.9999 0.0086 -0.0066
vn -0.8614 0.4030 -0.3092
vn -0.4954 0.6892 -0.5288
vn -0.0000 0.8660 -0.5000
vn 0.4954 0.7523 -0.4343
vn 0.8614 0.4399 -0.2540
vn 0.9999 0.0093 -0.0054
vn 0.8707 -0.4260 0.2459
vn 0.5047 -0.7476 0.4316
vn -0.0000 -0.8660 0.5000
vn -0.5047 -0.7476 0.4316
vn -0.8707 -0.4259 0.2459
vn -0.9999 0.0093 -0.0054
vn -0.8614 0.4399 -0.2540
vn -0.4954 0.7523 -0.4343
vn -0.0000 0.9239 -0.3827
vn 0.4954 0.8025 -0.3324
vn 0.8614 0.4693 -0.1944
vn 0.9999 0.0100 -0.0041
vn 0.8707 -0.4544 0.1882
vn 0.5047 -0.7976 0.3304
vn -0.0000 -0.9239 0.3827
vn -0.5047 -0.7976 0.3304
vn -0.8707 -0.4544 0.1882
vn -0.9999 0.0100 -0.0041
vn -0.8614 0.4693 -0.1944
vn -0.4954 0.8025 -0.3324
vn -0.0000 0.9659 -0.2588
vn 0.4954 0.8391 -0.2248
vn 0.8614 0.4907 -0.1315
vn 0.9999 0.0104 -0.0028
vn 0.8707 -0.4751 0.1273
vn 0.5047 -0.8339 0.2234
vn -0.0000 -0.9659 0.2588
vn -0.5047 -0.8339 0.2234
vn -0.8707 -0.4751 0.1273
vn -0.9999 0.0104 -0.0028
vn -0.8614 0.4907 -0.1315
vn -0.4954 0.8391 -0.2248
vn -0.0000 0.9914 -0.1305
vn 0.4954 0.8612 -0.1134
vn 0.8614 0.5037 -0.0663
vn 0.9999 0.0107 -0.0014
vn 0.8707 -0.4876 0.0642
vn 0.5047 -0.8559 0.1127
vn -0.0000 -0.9914 0.1305
vn -0.5047 -0.8559 0.1127
vn -0.8707 -0.4876 0.0642
vn -0.9999 0.0107 -0.0014
vn -0.8614 0.5036 -0.0663
vn -0.4954 0.8612 -0.1134
vn 0.4954 0.8687 -0.0000
vn 0.8614 0.5080 -0.0000
vn 0.9999 0.0108 -0.0000
vn 0.8707 -0.4918 -0.0000
vn 0.5047 -0.8633 -0.0000
vn -0.5047 -0.8633 -0.0000
vn -0.8707 -0.4918 -0.0000
vn -0.9999 0.0108 -0.0000
vn -0.8614 0.5080 -0.0000
vn -0.4954 0.8687 -0.0000
vn 0.4954 0.8612 0.1134
vn 0.8614 0.5037 0.0663
vn 0.9999 0.0107 0.0014
vn 0.8707 -0.4876 -0.0642
vn 0.5047 -0.8559 -0.1127
vn -0.5047 -0.8559 -0.1127
vn -0.8707 -0.4876 -0.0642
vn -0.9999 0.0107 0.0014
vn -0.8614 0.5036 0.0663
vn -0.4954 0.8612 0.1134
vn 0.4954 0.8391 0.2248
vn 0.8614 0.4907 0.1315
vn 0.9999 0.0104 0.0028
vn 0.8707 -0.4751 -0.1273
vn 0.5047 -0.8339 -0.2234
vn -0.5047 -0.8339 -0.2234
vn -0.8707 -0.4751 -0.1273
vn -0.9999 0.0104 0.0028
vn -0.8614 0.4907 0.1315
vn -0.4954 0.8391 0.2248
vn 0.4954 0.8025 0.3324
vn 0.8614 0.4693 0.1944
vn 0.9999 0.0100 0.0041
vn 0.8707 -0.4544 -0.1882
vn 0.5047 -0.7976 -0.3304
vn -0.5047 -0.7976 -0.3304
vn -0.8707 -0.4544 -0.1882
vn -0.9999 0.0100 0.0041
vn -0.8614 0.4693 0.1944
vn -0.4954 0.8025 0.3324
vn 0.4954 0.7523 0.4343
vn 0.8614 0.4399 0.2540
vn 0.9999 0.0093 0.0054
vn 0.8707 -0.4260 -0.2459
vn 0.5047 -0.7476 -0.4316
vn -0.5047 -0.7476 -0.4316
vn -0.8707 -0.4259 -0.2459
vn -0.9999 0.0093 0.0054
vn -0.8614 0.4399 0.2540
vn -0.4954 0.7523 0.4343
vn 0.4954 0.6892 0.5288
vn 0.8614 0.4030 0.3092
vn 0.9999 0.0085 0.0066
vn 0.8707 -0.3902 -0.2994
vn 0.5047 -0.6849 -0.5255
vn -0.5047 -0.6849 -0.5255
vn -0.8707 -0.3902 -0.2994
vn -0.9999 0.0085 0.0066
vn -0.8614 0.4030 0.3092
vn -0.4954 0.6892 0.5288
vn 0.4954 0.6142 0.6142
vn 0.8614 0.3592 0.3592
vn 0.9999 0.0076 0.0076
vn 0.8707 -0.3478 -0.3478
vn 0.5047 -0.6104 -0.6104
vn -0.5047 -0.6104 -0.6104
vn -0.8707 -0.3478 -0.3478
vn -0.9999 0.0076 0.0076
vn -0.8614 0.3592 0.3592
vn -0.4954 0.6142 0.6142
vn 0.4954 0.5288 0.6892
vn 0.8614 0.3093 0.4030
vn 0.9999 0.0066 0.0086
vn 0.8707 -0.2994 -0.3902
vn 0.5047 -0.5255 -0.6849
vn -0.5047 -0.5255 -0.6849
vn -0.8707 -0.2994 -0.3902
vn -0.9999 0.0066 0.0085
vn -0.8614 0.3092 0.4030
vn -0.4954 0.5288 0.6892
vn 0.4954 0.4343 0.7523
vn 0.8614 0.2540 0.4399
vn 0.9999 0.0054 0.0093
vn 0.8707 -0.2459 -0.4259
vn 0.5047 -0.4316 -0.7476
vn -0.5047 -0.4316 -0.7476
vn -0.8707 -0.2459 -0.4259
vn -0.9999 0.0054 0.0093
vn -0.8614 0.2540 0.4399
vn -0.4954 0.4343 0.7523
vn 0.4954 0.3324 0.8025
vn 0.8614 0.1944 0.4693
vn 0.9999 0.0041 0.0099
vn 0.8707 -0.1882 -0.4544
vn 0.5047 -0.3304 -0.7976
vn -0.5047 -0.3304 -0.7976
vn -0.8707 -0.1882 -0.4544
vn -0.9999 0.0041 0.0100
vn -0.8614 0.1944 0.4693
vn -0.4954 0.3324 0.8025
vn 0.4954 0.2248 0.8391
vn 0.8614 0.1315 0.4907
vn 0.9999 0.0028 0.0104
vn 0.8707 -0.1273 -0.4751
vn 0.5047 -0.2234 -0.8339
vn -0.5047 -0.2234 -0.8339
vn -0.8707 -0.1273 -0.4751
vn -0.9999 0.0028 0.0104
vn -0.8614 0.1315 0.4907
vn -0.4954 0.2248 0.8391
vn 0.4954 0.1134 0.8612
vn 0.8614 0.0663 0.5037
vn 0.9999 0.0014 0.0107
vn 0.8707 -0.0642 -0.4876
vn 0.5047 -0.1127 -0.8559
vn -0.5047 -0.1127 -0.8559
vn -0.8707 -0.0642 -0.4876
vn -0.9999 0.0014 0.0107
vn -0.8614 0.0663 0.5036
vn -0.4954 0.1134 0.8612
vn 0.4954 -0.0000 0.8687
vn 0.8614 -0.0000 0.5080
vn 0.9999 -0.0000 0.0108
vn 0.8707 -0.0000 -0.4918
vn 0.5047 -0.0000 -0.8633
vn -0.5047 -0.0000 -0.8633
vn -0.8707 -0.0000 -0.4918
vn -0.9999 -0.0000 0.0108
vn -0.8614 -0.0000 0.5080
vn -0.4954 -0.0000 0.8687
vn 0.4954 -0.1134 0.8612
vn 0.8614 -0.0663 0.5036
vn 0.9999 -0.0014 0.0107
vn 0.8707 0.0642 -0.4876
vn 0.5047 0.1127 -0.8559
vn -0.5047 0.1127 -0.8559
vn -0.8707 0.0642 -0.4876
vn -0.9999 -0.0014 0.0107
vn -0.8614 -0.0663 0.5036
vn -0.4954 -0.1134 0.8612
vn 0.4954 -0.2248 0.8391
vn 0.8614 -0.1315 0.4907
vn 0.9999 -0.0028 0.0104
vn 0.8707 0.1273 -0.4751
vn 0.5047 0.2234 -0.8339
vn -0.5047 0.2234 -0.8339
vn -0.8707 0.1273 -0.4751
vn -0.9999 -0.0028 0.0104
vn -0.8614 -0.1315 0.4907
vn -0.4954 -0.2248 0.8391
vn 0.4954 -0.3324 0.8026
vn 0.8614 -0.1944 0.4693
vn 0.9999 -0.0041 0.0100
vn 0.8707 0.1882 -0.4544
vn 0.5047 0.3304 -0.7976
vn -0.5047 0.3304 -0.7976
vn -0.8707 0.1882 -0.4544
vn -0.9999 -0.0041 0.0100
vn -0.8614 -0.1944 0.4693
vn -0.4954 -0.3324 0.8025
vn 0.4954 -0.4343 0.7523
vn 0.8614 -0.2540 0.4399
vn 0.9999 -0.0054 0.0093
vn 0.8707 0.2459 -0.4259
vn 0.5047 0.4316 -0.7476
vn -0.5047 0.4316 -0.7476
vn -0.8707 0.2459 -0.4259
vn -0.9999 -0.0054 0.0093
vn -0.8614 -0.2540 0.4399
vn -0.4954 -0.4343 0.7523
vn -0.0000 -0.6088 0.7933
vn 0.4954 -0.5288 0.6892
vn 0.8614 -0.3092 0.4030
vn 0.9999 -0.0066 0.0085
vn 0.8707 0.2994 -0.3902
vn 0.5047 0.5255 -0.6849
vn -0.5047 0.5255 -0.6849
vn -0.8707 0.2994 -0.3902
vn -0.9999 -0.0066 0.0085
vn -0.8614 -0.3092 0.4030
vn -0.4954 -0.5288 0.6892
vn 0.4954 -0.6142 0.6142
vn 0.8614 -0.3592 0.3592
vn 0.9999 -0.0076 0.0076
vn 0.8707 0.3478 -0.3478
vn 0.5047 0.6104 -0.6104
vn -0.5047 0.6104 -0.6104
vn -0.8707 0.3478 -0.3478
vn -0.9999 -0.0076 0.0076
vn -0.8614 -0.3592 0.3592
vn -0.4954 -0.6142 0.6142
vn 0.4954 -0.6892 0.5288
vn 0.8614 -0.4030 0.3093
vn 0.9999 -0.0086 0.0066
vn 0.8707 0.3902 -0.2994
vn 0.5047 0.6849 -0.5255
vn -0.0000 0.7934 -0.6088
vn -0.5047 0.6849 -0.5255
vn -0.8707 0.3902 -0.2994
vn -0.9999 -0.0086 0.0066
vn -0.8614 -0.4030 0.3092
vn -0.4954 -0.6892 0.5288
vn 0.4954 -0.7523 0.4343
vn 0.8614 -0.4399 0.2540
vn 0.9999 -0.0093 0.0054
vn 0.8707 0.4259 -0.2459
vn 0.5047 0.7476 -0.4316
vn -0.5047 0.7476 -0.4316
vn -0.8707 0.4259 -0.2459
vn -0.9999 -0.0093 0.0054
vn -0.8614 -0.4399 0.2540
vn -0.4954 -0.7523 0.4343
vn 0.4954 -0.8025 0.3324
vn 0.8614 -0.4693 0.1944
vn 0.9999 -0.0100 0.0041
vn 0.8707 0.4544 -0.1882
vn 0.5047 0.7976 -0.3304
vn -0.5047 0.7976 -0.3304
vn -0.8707 0.4544 -0.1882
vn -0.9999 -0.0100 0.0041
vn -0.8614 -0.4693 0.1944
vn -0.4954 -0.8025 0.3324
vn 0.4954 -0.8391 0.2248
vn 0.8614 -0.4907 0.1315
vn 0.9999 -0.0104 0.0028
vn 0.8707 0.4751 -0.1273
vn 0.5047 0.8339 -0.2234
vn -0.5047 0.8339 -0.2234
vn -0.8707 0.4751 -0.1273
vn -0.9999 -0.0104 0.0028
vn -0.8614 -0.4907 0.1315
vn -0.4954 -0.8391 0.2248
vn 0.4954 -0.8612 0.1134
vn 0.8613 -0.5037 0.0663
vn 0.9999 -0.0107 0.0014
vn 0.8707 0.4876 -0.0642
vn 0.5047 0.8559 -0.1127
vn -0.5047 0.8559 -0.1127
vn -0.8707 0.4876 -0.0642
vn -0.9999 -0.0107 0.0014
vn -0.8614 -0.5037 0.0663
vn -0.4954 -0.8612 0.1134
vn -0.6657 -0.0000 -0.7462
vn 0.6657 -0.0000 -0.7462
vn 0.6657 -0.2856 -0.6894
vn -0.6657 -0.2856 -0.6894
vn 0.6657 -0.5276 -0.5276
vn -0.6657 -0.5276 -0.5276
vn 0.6657 -0.6894 -0.2856
vn -0.6657 -0.6894 -0.2856
vn 0.6657 -0.7462 -0.0000
vn -0.6657 -0.7462 -0.0000
vn 0.6657 -0.6894 0.2856
vn -0.6657 -0.6894 0.2856
vn 0.6657 -0.5276 0.5276
vn -0.6657 -0.5276 0.5276
vn 0.6657 -0.2856 0.6894
vn -0.6657 -0.2856 0.6894
vn 0.6657 -0.0000 0.7462
vn -0.6657 -0.0000 0.7462
vn 0.6657 0.2856 0.6894
vn -0.6657 0.2856 0.6894
vn 0.6657 0.5276 0.5276
vn -0.6657 0.5276 0.5276
vn 0.6657 0.6894 0.2856
vn -0.6657 0.6894 0.2856
vn 0.6657 0.7462 -0.0000
vn -0.6657 0.7462 -0.0000
vn 0.6657 0.6894 -0.2856
vn -0.6657 0.6894 -0.2856
vn 0.6657 0.5276 -0.5276
vn -0.6657 0.5276 -0.5276
vn 0.6657 0.2856 -0.6894
vn -0.6657 0.2856 -0.6894
vn -0.0000 -0.6657 -0.7462
vn -0.0000 0.6657 -0.7462
vn 0.2856 0.6657 -0.6894
vn 0.2856 -0.6657 -0.6894
vn 0.5276 0.6657 -0.5277
vn 0.5276 -0.6657 -0.5277
vn 0.6894 0.6657 -0.2856
vn 0.6894 -0.6657 -0.2856
vn 0.7462 0.6657 -0.0000
vn 0.7462 -0.6657 -0.0000
vn 0.6894 0.6657 0.2856
vn 0.6894 -0.6657 0.2856
vn 0.5276 0.6657 0.5276
vn 0.5276 -0.6657 0.5276
vn 0.2856 0.6657 0.6894
vn 0.2856 -0.6657 0.6894
vn -0.0000 0.6657 0.7462
vn -0.0000 -0.6657 0.7462
vn -0.2856 0.6657 0.6894
vn -0.2856 -0.6657 0.6894
vn -0.5276 0.6657 0.5276
vn -0.5276 -0.6657 0.5276
vn -0.6894 0.6657 0.2856
vn -0.6894 -0.6657 0.2856
vn -0.7462 0.6657 -0.0000
vn -0.7462 -0.6657 -0.0000
vn -0.6894 0.6657 -0.2856
vn -0.6894 -0.6657 -0.2856
vn -0.5276 0.6657 -0.5276
vn -0.5276 -0.6657 -0.5276
vn -0.2856 0.6657 -0.6894
vn -0.2856 -0.6657 -0.6894
vn -0.0000 0.1045 -0.9945
vn -0.0000 -0.1045 0.9945
vn -0.0000 -0.9945 -0.1045
vn -0.0000 0.9945 0.1045
vn -0.0000 -0.0872 -0.9962
vn -0.0000 0.0872 0.9962
vn -0.0000 -0.9962 0.0872
vn -0.0000 0.9962 -0.0872
vn 0.5276 0.6657 -0.5276
vn 0.5276 -0.6657 -0.5276
vn -0.0000 -0.3732 -0.9277
vn 0.4339 -0.0000 -0.9010
vn 0.4025 -0.3732 -0.8359
vn -0.0000 0.3732 -0.9277
vn -0.0000 0.6935 -0.7205
vn 0.3126 0.6935 -0.6491
vn 0.4025 0.3732 -0.8359
vn -0.0000 0.9139 -0.4059
vn 0.1761 0.9139 -0.3657
vn -0.0000 -0.9139 -0.4059
vn 0.1761 -0.9139 -0.3657
vn -0.0000 -0.6935 -0.7205
vn 0.3126 -0.6935 -0.6491
vn 0.3174 -0.9139 -0.2531
vn 0.7253 -0.3732 -0.5784
vn 0.5633 -0.6935 -0.4492
vn 0.7253 0.3732 -0.5784
vn 0.7818 -0.0000 -0.6235
vn 0.3174 0.9139 -0.2531
vn 0.5633 0.6935 -0.4492
vn 0.3958 0.9139 -0.0903
vn 0.7024 0.6935 -0.1603
vn 0.7024 -0.6935 -0.1603
vn 0.3958 -0.9139 -0.0903
vn 0.9749 -0.0000 -0.2225
vn 0.9045 -0.3732 -0.2064
vn 0.9045 0.3732 -0.2064
vn 0.7024 -0.6935 0.1603
vn 0.3958 -0.9139 0.0903
vn 0.9749 -0.0000 0.2225
vn 0.9045 -0.3732 0.2064
vn 0.7024 0.6935 0.1603
vn 0.9045 0.3732 0.2064
vn 0.3958 0.9139 0.0903
vn 0.3174 0.9139 0.2531
vn 0.3174 -0.9139 0.2531
vn 0.7253 -0.3732 0.5784
vn 0.5633 -0.6935 0.4492
vn 0.7253 0.3732 0.5784
vn 0.7818 -0.0000 0.6235
vn 0.5633 0.6935 0.4492
vn 0.4025 -0.3732 0.8359
vn 0.3126 -0.6935 0.6491
vn 0.4025 0.3732 0.8359
vn 0.4339 -0.0000 0.9010
vn 0.1761 0.9139 0.3657
vn 0.3126 0.6935 0.6491
vn 0.1761 -0.9139 0.3657
vn -0.0000 -0.6935 0.7205
vn -0.0000 -0.9139 0.4059
vn -0.0000 -0.3732 0.9277
vn -0.0000 0.6935 0.7205
vn -0.0000 0.3732 0.9277
vn -0.0000 0.9139 0.4059
vn -0.4339 -0.0000 0.9010
vn -0.4025 -0.3732 0.8359
vn -0.3126 0.6935 0.6491
vn -0.4025 0.3732 0.8359
vn -0.1761 0.9139 0.3657
vn -0.1761 -0.9139 0.3657
vn -0.3126 -0.6935 0.6491
vn -0.3174 -0.9139 0.2531
vn -0.7253 -0.3732 0.5784
vn -0.5633 -0.6935 0.4492
vn -0.7253 0.3732 0.5784
vn -0.7818 -0.0000 0.6235
vn -0.3174 0.9139 0.2531
vn -0.5633 0.6935 0.4492
vn -0.9045 0.3732 0.2064
vn -0.9749 -0.0000 0.2225
vn -0.3958 0.9139 0.0903
vn -0.7024 0.6935 0.1603
vn -0.7024 -0.6935 0.1603
vn -0.3958 -0.9139 0.0903
vn -0.9045 -0.3732 0.2064
vn -0.7024 -0.6935 -0.1603
vn -0.3958 -0.9139 -0.0903
vn -0.9749 -0.0000 -0.2225
vn -0.9045 -0.3732 -0.2064
vn -0.7024 0.6935 -0.1603
vn -0.9045 0.3732 -0.2064
vn -0.3958 0.9139 -0.0903
vn -0.5633 0.6935 -0.4492
vn -0.7253 0.3732 -0.5784
vn -0.3174 0.9139 -0.2531
vn -0.3174 -0.9139 -0.2531
vn -0.7253 -0.3732 -0.5784
vn -0.5633 -0.6935 -0.4492
vn -0.7818 -0.0000 -0.6235
vn -0.1761 -0.9139 -0.3657
vn -0.4025 -0.3732 -0.8359
vn -0.3126 -0.6935 -0.6491
vn -0.4025 0.3732 -0.8359
vn -0.4339 -0.0000 -0.9010
vn -0.1761 0.9139 -0.3657
vn -0.3126 0.6935 -0.6491
vt 0.588994 0.931596
vt 0.565961 0.931596
vt 0.565961 0.896303
vt 0.588994 0.896303
vt 0.914918 0.934781
vt 0.914918 0.911748
vt 0.930521 0.911748
vt 0.930521 0.934781
vt 0.617739 0.931596
vt 0.594706 0.931596
vt 0.594706 0.896303
vt 0.617739 0.896303
vt 0.854085 0.952896
vt 0.854085 0.929864
vt 0.869688 0.929864
vt 0.869688 0.952896
vt 0.914918 0.870746
vt 0.930521 0.870746
vt 0.930521 0.906036
vt 0.914918 0.906035
vt 0.683171 0.896303
vt 0.698774 0.896302
vt 0.698774 0.931591
vt 0.683171 0.931592
vt 0.619782 0.842747
vt 0.471181 0.842747
vt 0.471181 0.619843
vt 0.619782 0.619843
vt 0.699772 0.316923
vt 0.848373 0.316922
vt 0.848373 0.614128
vt 0.699772 0.614129
vt 0.774095 0.842747
vt 0.625494 0.842747
vt 0.625494 0.619843
vt 0.774095 0.619843
vt 0.710914 0.002859
vt 0.859504 0.002856
vt 0.859504 0.300061
vt 0.710914 0.300064
vt 0.471181 0.614131
vt 0.471181 0.316925
vt 0.694060 0.316922
vt 0.694060 0.614128
vt 0.705202 0.002859
vt 0.705202 0.300065
vt 0.482325 0.300062
vt 0.482325 0.002856
vt 0.792809 0.853893
vt 0.779806 0.853893
vt 0.779806 0.619843
vt 0.792809 0.619843
vt 0.865215 0.002856
vt 0.878218 0.002856
vt 0.878218 0.311207
vt 0.865215 0.311207
vt 0.798521 0.619843
vt 0.811523 0.619843
vt 0.811523 0.853893
vt 0.798521 0.853893
vt 0.883930 0.002856
vt 0.896931 0.002856
vt 0.896931 0.311207
vt 0.883930 0.311207
vt 0.002856 0.311210
vt 0.002856 0.002859
vt 0.236879 0.002856
vt 0.236879 0.311207
vt 0.476613 0.002859
vt 0.476613 0.311210
vt 0.242591 0.311207
vt 0.242591 0.002856
vt 0.460308 0.625416
vt 0.464766 0.625416
vt 0.464766 0.853893
vt 0.460308 0.853893
vt 0.402772 0.625416
vt 0.407230 0.625416
vt 0.407230 0.928194
vt 0.402772 0.928194
vt 0.938228 0.316922
vt 0.942686 0.316922
vt 0.942686 0.545399
vt 0.938228 0.545399
vt 0.412942 0.625416
vt 0.417399 0.625416
vt 0.417399 0.928194
vt 0.412942 0.928194
vt 0.002856 0.619704
vt 0.002856 0.316925
vt 0.231307 0.316922
vt 0.231307 0.619700
vt 0.465469 0.316925
vt 0.465469 0.619704
vt 0.237019 0.619700
vt 0.237019 0.316922
vt 0.538505 0.993184
vt 0.533304 0.993184
vt 0.533304 0.986497
vt 0.538505 0.986497
vt 0.832259 0.619841
vt 0.837460 0.619841
vt 0.837460 0.928191
vt 0.832259 0.928191
vt 0.709687 0.993730
vt 0.704486 0.993730
vt 0.704486 0.987042
vt 0.709687 0.987042
vt 0.821347 0.619841
vt 0.826547 0.619841
vt 0.826547 0.928191
vt 0.821347 0.928191
vt 0.902643 0.311207
vt 0.902643 0.002856
vt 0.909330 0.002856
vt 0.909330 0.311207
vt 0.921728 0.002856
vt 0.921728 0.311207
vt 0.915041 0.311207
vt 0.915041 0.002856
vt 0.992562 0.745688
vt 0.987361 0.745688
vt 0.987361 0.739001
vt 0.992562 0.739001
vt 0.843172 0.619841
vt 0.848373 0.619841
vt 0.848373 0.928191
vt 0.843172 0.928191
vt 0.993661 0.680535
vt 0.988460 0.680535
vt 0.988460 0.673847
vt 0.993661 0.673847
vt 0.927316 0.316922
vt 0.932516 0.316922
vt 0.932516 0.625273
vt 0.927316 0.625273
vt 0.902519 0.625273
vt 0.902519 0.316922
vt 0.909206 0.316922
vt 0.909206 0.625273
vt 0.921604 0.316922
vt 0.921604 0.625273
vt 0.914917 0.625273
vt 0.914917 0.316922
vt 0.925831 0.630985
vt 0.931032 0.630985
vt 0.931032 0.865035
vt 0.925831 0.865035
vt 0.512565 0.986476
vt 0.517766 0.986476
vt 0.517766 0.993164
vt 0.512565 0.993164
vt 0.927439 0.002856
vt 0.932640 0.002856
vt 0.932640 0.236906
vt 0.927439 0.236906
vt 0.133156 0.987651
vt 0.138356 0.987651
vt 0.138356 0.994338
vt 0.133156 0.994338
vt 0.435510 0.625416
vt 0.442197 0.625416
vt 0.442197 0.859439
vt 0.435510 0.859439
vt 0.902519 0.630985
vt 0.909206 0.630985
vt 0.909206 0.865007
vt 0.902519 0.865007
vt 0.920119 0.865034
vt 0.914918 0.865034
vt 0.914918 0.630985
vt 0.920119 0.630985
vt 0.544217 0.986419
vt 0.549418 0.986419
vt 0.549418 0.993106
vt 0.544217 0.993106
vt 0.936744 0.630985
vt 0.941945 0.630985
vt 0.941945 0.865035
vt 0.936744 0.865035
vt 0.989031 0.543725
vt 0.994231 0.543725
vt 0.994231 0.550412
vt 0.989031 0.550412
vt 0.423111 0.625416
vt 0.429798 0.625416
vt 0.429798 0.859439
vt 0.423111 0.859439
vt 0.447909 0.625416
vt 0.454596 0.625416
vt 0.454596 0.859437
vt 0.447909 0.859437
vt 0.055513 0.876321
vt 0.055513 0.727720
vt 0.061457 0.727720
vt 0.061457 0.876321
vt 0.174161 0.895035
vt 0.174161 0.746434
vt 0.180105 0.746434
vt 0.180105 0.895035
vt 0.120665 0.876321
vt 0.120665 0.727720
vt 0.126609 0.727720
vt 0.126609 0.876321
vt 0.014512 0.932175
vt 0.014512 0.783585
vt 0.020456 0.783586
vt 0.020456 0.932175
vt 0.863386 0.991725
vt 0.863386 0.985781
vt 0.869330 0.985781
vt 0.869330 0.991725
vt 0.506854 0.986387
vt 0.506854 0.992331
vt 0.500910 0.992330
vt 0.500910 0.986386
vt 0.043857 0.876321
vt 0.043857 0.727720
vt 0.049801 0.727720
vt 0.049801 0.876321
vt 0.109009 0.876321
vt 0.109009 0.727720
vt 0.114953 0.727720
vt 0.114953 0.876321
vt 0.231883 0.895030
vt 0.231883 0.746430
vt 0.237827 0.746430
vt 0.237827 0.895030
vt 0.002856 0.932175
vt 0.002856 0.783586
vt 0.008800 0.783586
vt 0.008800 0.932175
vt 0.291464 0.991626
vt 0.291464 0.985682
vt 0.297407 0.985682
vt 0.297407 0.991626
vt 0.887255 0.985819
vt 0.887255 0.991763
vt 0.881312 0.991763
vt 0.881312 0.985819
vt 0.321323 0.865451
vt 0.321323 0.822728
vt 0.326524 0.822728
vt 0.326524 0.865451
vt 0.854085 0.316922
vt 0.896807 0.316922
vt 0.896807 0.602982
vt 0.854085 0.602983
vt 0.278157 0.971475
vt 0.278157 0.928753
vt 0.283358 0.928753
vt 0.283358 0.971475
vt 0.854085 0.608695
vt 0.896804 0.608695
vt 0.896804 0.894755
vt 0.854085 0.894756
vt 0.380947 0.911476
vt 0.380947 0.625416
vt 0.386148 0.625416
vt 0.386148 0.911476
vt 0.397060 0.625416
vt 0.397060 0.911476
vt 0.391859 0.911476
vt 0.391859 0.625416
vt 0.895196 0.993611
vt 0.892967 0.993611
vt 0.892967 0.987667
vt 0.895196 0.987667
vt 0.938352 0.002856
vt 0.940581 0.002856
vt 0.940581 0.288916
vt 0.938352 0.288916
vt 0.203080 0.994479
vt 0.200851 0.994479
vt 0.200851 0.988535
vt 0.203080 0.988535
vt 0.947657 0.630985
vt 0.949886 0.630985
vt 0.949886 0.917045
vt 0.947657 0.917045
vt 0.334326 0.911476
vt 0.334326 0.625416
vt 0.340270 0.625416
vt 0.340270 0.911476
vt 0.363580 0.625416
vt 0.363580 0.911476
vt 0.357637 0.911476
vt 0.357637 0.625416
vt 0.215398 0.994388
vt 0.213169 0.994388
vt 0.213169 0.988444
vt 0.215398 0.988444
vt 0.946293 0.002856
vt 0.948522 0.002856
vt 0.948522 0.288916
vt 0.946293 0.288916
vt 0.646306 0.994528
vt 0.644077 0.994528
vt 0.644077 0.988584
vt 0.646306 0.988584
vt 0.948398 0.316922
vt 0.950627 0.316922
vt 0.950627 0.602982
vt 0.948398 0.602982
vt 0.345981 0.911476
vt 0.345981 0.625416
vt 0.351925 0.625416
vt 0.351925 0.911476
vt 0.375235 0.625416
vt 0.375235 0.911476
vt 0.369292 0.911476
vt 0.369292 0.625416
vt 0.213675 0.927583
vt 0.201302 0.904139
vt 0.203661 0.904139
vt 0.202533 0.909265
vt 0.190878 0.927583
vt 0.206019 0.917706
vt 0.198773 0.917706
vt 0.207318 0.920714
vt 0.197406 0.920714
vt 0.210258 0.927583
vt 0.194296 0.927583
vt 0.903058 0.932633
vt 0.882961 0.929626
vt 0.903058 0.929626
vt 0.889147 0.932633
vt 0.897794 0.949926
vt 0.903981 0.952934
vt 0.882961 0.949926
vt 0.882961 0.952933
vt 0.724583 0.928709
vt 0.704486 0.925701
vt 0.724583 0.925701
vt 0.710672 0.928709
vt 0.719319 0.946002
vt 0.725506 0.949009
vt 0.704486 0.946001
vt 0.704486 0.949009
vt 0.905378 0.981953
vt 0.902028 0.958646
vt 0.905378 0.958646
vt 0.902028 0.981953
vt 0.407230 0.957213
vt 0.403880 0.936913
vt 0.407230 0.933906
vt 0.399950 0.933905
vt 0.398734 0.933967
vt 0.397632 0.934145
vt 0.396642 0.934433
vt 0.395763 0.934822
vt 0.394994 0.935304
vt 0.394332 0.935870
vt 0.393776 0.936514
vt 0.399950 0.936913
vt 0.393324 0.937227
vt 0.403880 0.944124
vt 0.399233 0.936950
vt 0.398600 0.937058
vt 0.398047 0.937228
vt 0.392976 0.938000
vt 0.397570 0.937455
vt 0.397164 0.937731
vt 0.396827 0.938049
vt 0.392729 0.938826
vt 0.396552 0.938403
vt 0.396337 0.938786
vt 0.396177 0.939191
vt 0.392582 0.939697
vt 0.396067 0.939611
vt 0.396005 0.940038
vt 0.392533 0.940604
vt 0.395985 0.940467
vt 0.396018 0.941027
vt 0.392584 0.941500
vt 0.396116 0.941545
vt 0.392740 0.942357
vt 0.396275 0.942019
vt 0.396494 0.942448
vt 0.393002 0.943166
vt 0.396770 0.942831
vt 0.397100 0.943167
vt 0.393371 0.943921
vt 0.397482 0.943455
vt 0.397914 0.943692
vt 0.398393 0.943879
vt 0.398916 0.944014
vt 0.393849 0.944615
vt 0.399482 0.944096
vt 0.400086 0.944124
vt 0.403880 0.947132
vt 0.394438 0.945239
vt 0.395140 0.945787
vt 0.395956 0.946252
vt 0.396888 0.946626
vt 0.397937 0.946902
vt 0.399105 0.947073
vt 0.400394 0.947131
vt 0.403880 0.957213
vt 0.882961 0.923914
vt 0.892975 0.900468
vt 0.895333 0.900468
vt 0.894103 0.905594
vt 0.905758 0.923914
vt 0.890617 0.914036
vt 0.897863 0.914036
vt 0.889318 0.917044
vt 0.899230 0.917044
vt 0.886379 0.923914
vt 0.902340 0.923914
vt 0.292386 0.925718
vt 0.292386 0.922711
vt 0.312483 0.922711
vt 0.306297 0.925718
vt 0.297650 0.943012
vt 0.291464 0.946020
vt 0.312483 0.943012
vt 0.312483 0.946020
vt 0.249524 0.920958
vt 0.249524 0.917950
vt 0.269621 0.917950
vt 0.263434 0.920958
vt 0.254787 0.938252
vt 0.248601 0.941260
vt 0.269621 0.938252
vt 0.269621 0.941260
vt 0.892967 0.981955
vt 0.892967 0.958646
vt 0.896316 0.958646
vt 0.896316 0.981955
vt 0.644077 0.956899
vt 0.644077 0.933589
vt 0.647427 0.936597
vt 0.651357 0.933589
vt 0.652573 0.933651
vt 0.653675 0.933829
vt 0.654664 0.934117
vt 0.655543 0.934506
vt 0.656313 0.934988
vt 0.656975 0.935555
vt 0.657531 0.936198
vt 0.651357 0.936597
vt 0.657983 0.936911
vt 0.647427 0.943809
vt 0.652074 0.936634
vt 0.652707 0.936742
vt 0.653260 0.936912
vt 0.658331 0.937684
vt 0.653737 0.937139
vt 0.654142 0.937415
vt 0.654480 0.937733
vt 0.658578 0.938510
vt 0.654755 0.938088
vt 0.654970 0.938470
vt 0.655130 0.938875
vt 0.658725 0.939381
vt 0.655239 0.939295
vt 0.655302 0.939723
vt 0.658774 0.940288
vt 0.655322 0.940152
vt 0.655289 0.940712
vt 0.658722 0.941185
vt 0.655191 0.941229
vt 0.658567 0.942042
vt 0.655032 0.941703
vt 0.654813 0.942133
vt 0.658305 0.942851
vt 0.654537 0.942516
vt 0.654207 0.942852
vt 0.657936 0.943606
vt 0.653824 0.943139
vt 0.653393 0.943377
vt 0.652914 0.943564
vt 0.652390 0.943699
vt 0.657458 0.944299
vt 0.651825 0.943781
vt 0.651220 0.943809
vt 0.647427 0.946816
vt 0.656868 0.944924
vt 0.656167 0.945472
vt 0.655351 0.945937
vt 0.654419 0.946311
vt 0.653370 0.946587
vt 0.652202 0.946758
vt 0.650913 0.946816
vt 0.647427 0.956899
vt 0.199499 0.933443
vt 0.200606 0.933624
vt 0.200596 0.933669
vt 0.199494 0.933489
vt 0.199503 0.933402
vt 0.200615 0.933583
vt 0.199507 0.933369
vt 0.200622 0.933551
vt 0.437372 0.978193
vt 0.437370 0.977075
vt 0.437411 0.977080
vt 0.437414 0.978196
vt 0.437327 0.978193
vt 0.437324 0.977074
vt 0.433241 0.978191
vt 0.433238 0.977072
vt 0.433195 0.978192
vt 0.433192 0.977074
vt 0.433153 0.978194
vt 0.433150 0.977078
vt 0.433119 0.978197
vt 0.433117 0.977086
vt 0.629777 0.933690
vt 0.628670 0.933868
vt 0.628661 0.933828
vt 0.629773 0.933649
vt 0.629782 0.933736
vt 0.628680 0.933913
vt 0.201601 0.933915
vt 0.201585 0.933958
vt 0.201615 0.933876
vt 0.201626 0.933845
vt 0.437366 0.976069
vt 0.437407 0.976076
vt 0.437320 0.976066
vt 0.433234 0.976064
vt 0.433188 0.976067
vt 0.433146 0.976074
vt 0.627660 0.934117
vt 0.627648 0.934087
vt 0.628653 0.933796
vt 0.627674 0.934156
vt 0.627690 0.934199
vt 0.202485 0.934308
vt 0.202463 0.934348
vt 0.202505 0.934271
vt 0.202520 0.934241
vt 0.437360 0.975172
vt 0.437401 0.975182
vt 0.437314 0.975169
vt 0.433228 0.975167
vt 0.433182 0.975170
vt 0.433141 0.975180
vt 0.626769 0.934510
vt 0.626754 0.934481
vt 0.626789 0.934546
vt 0.626810 0.934587
vt 0.203260 0.934794
vt 0.203232 0.934831
vt 0.203284 0.934761
vt 0.203304 0.934734
vt 0.437353 0.974385
vt 0.437394 0.974398
vt 0.437307 0.974381
vt 0.433221 0.974379
vt 0.433175 0.974384
vt 0.433133 0.974396
vt 0.625988 0.934997
vt 0.625968 0.934971
vt 0.626013 0.935030
vt 0.626040 0.935068
vt 0.203926 0.935366
vt 0.203894 0.935399
vt 0.203956 0.935337
vt 0.203979 0.935313
vt 0.437344 0.973708
vt 0.437385 0.973723
vt 0.437298 0.973702
vt 0.433212 0.973701
vt 0.433166 0.973706
vt 0.433125 0.973721
vt 0.625315 0.935572
vt 0.625292 0.935549
vt 0.625344 0.935601
vt 0.625377 0.935633
vt 0.204486 0.936016
vt 0.204449 0.936044
vt 0.204519 0.935991
vt 0.204546 0.935971
vt 0.362457 0.980515
vt 0.362457 0.981171
vt 0.362416 0.981184
vt 0.362416 0.980530
vt 0.362503 0.980509
vt 0.362503 0.981167
vt 0.366590 0.980509
vt 0.366590 0.981167
vt 0.366636 0.980515
vt 0.366636 0.981171
vt 0.366677 0.980530
vt 0.366677 0.981184
vt 0.624750 0.936224
vt 0.624723 0.936205
vt 0.624783 0.936249
vt 0.624820 0.936276
vt 0.204940 0.936735
vt 0.204899 0.936757
vt 0.204977 0.936715
vt 0.205006 0.936699
vt 0.362457 0.981898
vt 0.362416 0.981909
vt 0.362503 0.981895
vt 0.366590 0.981895
vt 0.366636 0.981898
vt 0.366677 0.981909
vt 0.624290 0.936947
vt 0.624261 0.936932
vt 0.624327 0.936966
vt 0.624367 0.936988
vt 0.205290 0.937515
vt 0.205247 0.937531
vt 0.205329 0.937500
vt 0.205360 0.937488
vt 0.362457 0.982687
vt 0.362416 0.982695
vt 0.362503 0.982685
vt 0.366590 0.982685
vt 0.366636 0.982687
vt 0.366677 0.982695
vt 0.623936 0.937731
vt 0.623905 0.937720
vt 0.623975 0.937745
vt 0.624018 0.937761
vt 0.205537 0.938347
vt 0.205493 0.938357
vt 0.205578 0.938337
vt 0.205610 0.938330
vt 0.362457 0.983529
vt 0.362416 0.983534
vt 0.362503 0.983528
vt 0.366590 0.983528
vt 0.366636 0.983529
vt 0.366677 0.983534
vt 0.623685 0.938567
vt 0.623652 0.938560
vt 0.623725 0.938576
vt 0.623770 0.938587
vt 0.205684 0.939223
vt 0.205638 0.939228
vt 0.205725 0.939218
vt 0.205758 0.939214
vt 0.362457 0.984416
vt 0.362416 0.984418
vt 0.362503 0.984415
vt 0.366590 0.984415
vt 0.366636 0.984416
vt 0.366677 0.984418
vt 0.623535 0.939448
vt 0.623502 0.939444
vt 0.623576 0.939452
vt 0.623622 0.939457
vt 0.205732 0.940135
vt 0.205686 0.940135
vt 0.205773 0.940135
vt 0.205806 0.940135
vt 0.362457 0.985339
vt 0.362416 0.985339
vt 0.362503 0.985339
vt 0.366590 0.985339
vt 0.366636 0.985339
vt 0.366677 0.985339
vt 0.623484 0.940365
vt 0.623451 0.940365
vt 0.623526 0.940364
vt 0.623572 0.940364
vt 0.205679 0.941037
vt 0.205633 0.941032
vt 0.205720 0.941042
vt 0.205753 0.941046
vt 0.362457 0.986252
vt 0.362416 0.986250
vt 0.362503 0.986253
vt 0.366590 0.986253
vt 0.366636 0.986252
vt 0.366677 0.986250
vt 0.623535 0.941271
vt 0.623502 0.941276
vt 0.623576 0.941266
vt 0.623622 0.941261
vt 0.205521 0.941899
vt 0.205476 0.941888
vt 0.205561 0.941910
vt 0.205593 0.941917
vt 0.362457 0.987127
vt 0.362416 0.987122
vt 0.362503 0.987129
vt 0.366590 0.987129
vt 0.366636 0.987127
vt 0.366677 0.987122
vt 0.623691 0.942139
vt 0.623659 0.942148
vt 0.623732 0.942129
vt 0.623776 0.942118
vt 0.205256 0.942715
vt 0.205213 0.942697
vt 0.205295 0.942730
vt 0.205325 0.942742
vt 0.362457 0.987957
vt 0.362416 0.987949
vt 0.362503 0.987960
vt 0.366590 0.987960
vt 0.366636 0.987957
vt 0.366677 0.987949
vt 0.623956 0.942961
vt 0.623925 0.942973
vt 0.623994 0.942945
vt 0.624037 0.942927
vt 0.204883 0.943475
vt 0.204843 0.943452
vt 0.204919 0.943496
vt 0.204947 0.943512
vt 0.362457 0.988733
vt 0.362416 0.988722
vt 0.362503 0.988736
vt 0.366590 0.988736
vt 0.366636 0.988733
vt 0.366677 0.988722
vt 0.624329 0.943727
vt 0.624301 0.943744
vt 0.624365 0.943706
vt 0.624405 0.943683
vt 0.204400 0.944173
vt 0.204364 0.944144
vt 0.204432 0.944199
vt 0.204458 0.944220
vt 0.362457 0.989446
vt 0.362416 0.989433
vt 0.362503 0.989451
vt 0.366590 0.989451
vt 0.366636 0.989446
vt 0.366677 0.989433
vt 0.624814 0.944432
vt 0.624788 0.944453
vt 0.624846 0.944406
vt 0.624882 0.944377
vt 0.203805 0.944802
vt 0.203774 0.944768
vt 0.203833 0.944833
vt 0.203855 0.944857
vt 0.362457 0.990089
vt 0.362416 0.990074
vt 0.362503 0.990095
vt 0.366590 0.990095
vt 0.366636 0.990089
vt 0.366677 0.990074
vt 0.625411 0.945067
vt 0.625389 0.945092
vt 0.625440 0.945036
vt 0.625471 0.945002
vt 0.203097 0.945353
vt 0.203071 0.945315
vt 0.203120 0.945388
vt 0.203139 0.945415
vt 0.015306 0.980754
vt 0.015314 0.981473
vt 0.015272 0.981485
vt 0.015264 0.980768
vt 0.015352 0.980749
vt 0.015360 0.981469
vt 0.019438 0.980752
vt 0.019446 0.981471
vt 0.019484 0.980757
vt 0.019492 0.981475
vt 0.019525 0.980771
vt 0.019533 0.981487
vt 0.626123 0.945624
vt 0.626104 0.945652
vt 0.626146 0.945589
vt 0.626171 0.945551
vt 0.202275 0.945820
vt 0.202255 0.945779
vt 0.202293 0.945857
vt 0.202307 0.945887
vt 0.015321 0.982307
vt 0.015279 0.982316
vt 0.015367 0.982303
vt 0.019453 0.982306
vt 0.019499 0.982309
vt 0.019540 0.982318
vt 0.626948 0.946096
vt 0.626934 0.946126
vt 0.626967 0.946058
vt 0.626987 0.946017
vt 0.201337 0.946195
vt 0.201323 0.946151
vt 0.201350 0.946234
vt 0.201361 0.946265
vt 0.015326 0.983256
vt 0.015284 0.983262
vt 0.015372 0.983253
vt 0.019458 0.983256
vt 0.019504 0.983258
vt 0.019545 0.983265
vt 0.627890 0.946476
vt 0.627880 0.946507
vt 0.627903 0.946436
vt 0.627918 0.946392
vt 0.200282 0.946471
vt 0.200273 0.946426
vt 0.200291 0.946512
vt 0.200297 0.946544
vt 0.015329 0.984321
vt 0.015288 0.984325
vt 0.015375 0.984320
vt 0.019461 0.984322
vt 0.019507 0.984324
vt 0.019548 0.984328
vt 0.628949 0.946756
vt 0.628942 0.946788
vt 0.628957 0.946715
vt 0.628966 0.946670
vt 0.199109 0.946641
vt 0.199105 0.946595
vt 0.199113 0.946682
vt 0.015289 0.985507
vt 0.015256 0.985510
vt 0.015254 0.984332
vt 0.015331 0.985505
vt 0.015377 0.985504
vt 0.019463 0.985506
vt 0.019509 0.985507
vt 0.019550 0.985509
vt 0.630126 0.946930
vt 0.630123 0.946963
vt 0.630130 0.946888
vt 0.630135 0.946842
vt 0.197817 0.946698
vt 0.197816 0.946652
vt 0.197818 0.946739
vt 0.015290 0.986804
vt 0.015256 0.986805
vt 0.015331 0.986804
vt 0.015377 0.986804
vt 0.019463 0.986806
vt 0.019509 0.986806
vt 0.019550 0.986807
vt 0.631421 0.946991
vt 0.631421 0.947024
vt 0.631422 0.946949
vt 0.631424 0.946903
vt 0.194375 0.946693
vt 0.194329 0.946647
vt 0.194417 0.946735
vt 0.015288 0.990173
vt 0.015254 0.990206
vt 0.015329 0.990152
vt 0.015375 0.990145
vt 0.019462 0.990147
vt 0.019507 0.990154
vt 0.019548 0.990176
vt 0.634822 0.946995
vt 0.634789 0.947029
vt 0.634864 0.946954
vt 0.634910 0.946908
vt 0.194361 0.956776
vt 0.194315 0.956730
vt 0.194403 0.956817
vt 0.194450 0.946767
vt 0.194435 0.956850
vt 0.146120 0.974065
vt 0.146120 0.984147
vt 0.146079 0.984126
vt 0.146079 0.974044
vt 0.146166 0.974072
vt 0.146166 0.984155
vt 0.150253 0.974072
vt 0.150253 0.984155
vt 0.150299 0.974065
vt 0.150299 0.984147
vt 0.150340 0.974044
vt 0.150340 0.984126
vt 0.634808 0.957077
vt 0.634775 0.957110
vt 0.634850 0.957035
vt 0.634896 0.956990
vt 0.190920 0.956771
vt 0.190966 0.956725
vt 0.190878 0.956812
vt 0.698342 0.305810
vt 0.694752 0.305810
vt 0.694785 0.305777
vt 0.698309 0.305777
vt 0.698363 0.305852
vt 0.694731 0.305852
vt 0.698370 0.305898
vt 0.694723 0.305898
vt 0.698370 0.309984
vt 0.694723 0.309984
vt 0.698363 0.310030
vt 0.694731 0.310030
vt 0.698342 0.310071
vt 0.694752 0.310071
vt 0.638332 0.957082
vt 0.638365 0.957115
vt 0.638291 0.957040
vt 0.638245 0.956994
vt 0.190952 0.933370
vt 0.190998 0.933416
vt 0.190911 0.933328
vt 0.718206 0.978300
vt 0.718206 0.954750
vt 0.718239 0.954783
vt 0.718239 0.978267
vt 0.718165 0.978321
vt 0.718165 0.954728
vt 0.718119 0.978328
vt 0.718119 0.954721
vt 0.714032 0.978328
vt 0.714032 0.954721
vt 0.713986 0.978321
vt 0.713986 0.954728
vt 0.713945 0.978300
vt 0.713945 0.954750
vt 0.713912 0.978267
vt 0.713912 0.954783
vt 0.638324 0.933641
vt 0.638365 0.933600
vt 0.638278 0.933687
vt 0.198280 0.933380
vt 0.198278 0.933426
vt 0.198281 0.933338
vt 0.190878 0.933295
vt 0.198282 0.933305
vt 0.437370 0.986845
vt 0.437373 0.979420
vt 0.437414 0.979421
vt 0.437411 0.986824
vt 0.437324 0.986853
vt 0.437327 0.979420
vt 0.433238 0.986851
vt 0.433241 0.979419
vt 0.433192 0.986844
vt 0.433195 0.979419
vt 0.433150 0.986823
vt 0.433153 0.979419
vt 0.433117 0.986790
vt 0.433120 0.979420
vt 0.630997 0.933630
vt 0.630996 0.933589
vt 0.630998 0.933676
vt 0.133202 0.977837
vt 0.133229 0.978438
vt 0.133183 0.978443
vt 0.133156 0.977838
vt 0.133243 0.977836
vt 0.133270 0.978434
vt 0.133276 0.977835
vt 0.133303 0.978431
vt 0.747205 0.990616
vt 0.747205 0.990021
vt 0.747246 0.990019
vt 0.747246 0.990616
vt 0.747159 0.990616
vt 0.747159 0.990022
vt 0.743073 0.990619
vt 0.743073 0.990025
vt 0.743027 0.990619
vt 0.743027 0.990024
vt 0.742985 0.990619
vt 0.742985 0.990022
vt 0.742952 0.990618
vt 0.742952 0.990019
vt 0.278203 0.981290
vt 0.278230 0.980688
vt 0.278271 0.980692
vt 0.278244 0.981290
vt 0.278157 0.981288
vt 0.278185 0.980684
vt 0.133310 0.978999
vt 0.133265 0.979008
vt 0.133351 0.978991
vt 0.133383 0.978984
vt 0.747206 0.989470
vt 0.747247 0.989466
vt 0.747160 0.989472
vt 0.743074 0.989475
vt 0.743028 0.989473
vt 0.742986 0.989469
vt 0.742953 0.989463
vt 0.278312 0.980127
vt 0.278352 0.980136
vt 0.278267 0.980118
vt 0.133444 0.979517
vt 0.133400 0.979531
vt 0.133484 0.979504
vt 0.133515 0.979494
vt 0.747208 0.988963
vt 0.747249 0.988956
vt 0.747162 0.988965
vt 0.743076 0.988968
vt 0.743030 0.988966
vt 0.742988 0.988959
vt 0.278485 0.979622
vt 0.278516 0.979632
vt 0.278384 0.980142
vt 0.278445 0.979609
vt 0.278402 0.979595
vt 0.133629 0.979990
vt 0.133587 0.980010
vt 0.133667 0.979973
vt 0.133697 0.979959
vt 0.747210 0.988500
vt 0.747251 0.988491
vt 0.747164 0.988503
vt 0.743078 0.988506
vt 0.743032 0.988503
vt 0.742990 0.988494
vt 0.278668 0.979153
vt 0.278697 0.979167
vt 0.278630 0.979136
vt 0.278589 0.979116
vt 0.133864 0.980417
vt 0.133825 0.980442
vt 0.133899 0.980394
vt 0.133927 0.980376
vt 0.747213 0.988085
vt 0.747254 0.988074
vt 0.747167 0.988089
vt 0.743081 0.988092
vt 0.743035 0.988088
vt 0.742994 0.988077
vt 0.278900 0.978732
vt 0.278927 0.978750
vt 0.278865 0.978709
vt 0.278827 0.978684
vt 0.134147 0.980794
vt 0.134113 0.980824
vt 0.134179 0.980766
vt 0.134204 0.980745
vt 0.747217 0.987719
vt 0.747258 0.987705
vt 0.747171 0.987724
vt 0.743085 0.987727
vt 0.743039 0.987722
vt 0.742998 0.987708
vt 0.279180 0.978360
vt 0.279204 0.978381
vt 0.279149 0.978332
vt 0.279114 0.978302
vt 0.134478 0.981119
vt 0.134448 0.981154
vt 0.134505 0.981088
vt 0.134526 0.981062
vt 0.573081 0.310706
vt 0.573081 0.310387
vt 0.573122 0.310400
vt 0.573122 0.310722
vt 0.573035 0.310700
vt 0.573035 0.310382
vt 0.568948 0.310700
vt 0.568948 0.310382
vt 0.568902 0.310706
vt 0.568902 0.310387
vt 0.568861 0.310722
vt 0.568861 0.310400
vt 0.279506 0.978039
vt 0.279527 0.978064
vt 0.279480 0.978007
vt 0.279450 0.977972
vt 0.134856 0.981391
vt 0.134832 0.981430
vt 0.134877 0.981356
vt 0.134895 0.981327
vt 0.573081 0.310022
vt 0.573122 0.310033
vt 0.573035 0.310019
vt 0.568948 0.310019
vt 0.568902 0.310022
vt 0.568861 0.310033
vt 0.279878 0.977771
vt 0.279895 0.977799
vt 0.279857 0.977735
vt 0.279833 0.977696
vt 0.135279 0.981607
vt 0.135261 0.981649
vt 0.135295 0.981569
vt 0.135308 0.981538
vt 0.573081 0.309613
vt 0.573122 0.309621
vt 0.573035 0.309610
vt 0.568948 0.309610
vt 0.568902 0.309613
vt 0.568861 0.309621
vt 0.280296 0.977558
vt 0.280308 0.977588
vt 0.280280 0.977519
vt 0.280262 0.977477
vt 0.135746 0.981764
vt 0.135735 0.981809
vt 0.135757 0.981724
vt 0.135765 0.981692
vt 0.573081 0.309159
vt 0.573122 0.309164
vt 0.573035 0.309157
vt 0.568948 0.309157
vt 0.568902 0.309159
vt 0.568861 0.309164
vt 0.280758 0.977402
vt 0.280766 0.977434
vt 0.280748 0.977362
vt 0.280736 0.977318
vt 0.136258 0.981860
vt 0.136252 0.981906
vt 0.136263 0.981819
vt 0.136267 0.981787
vt 0.573081 0.308660
vt 0.573122 0.308663
vt 0.573035 0.308659
vt 0.568948 0.308659
vt 0.568902 0.308660
vt 0.568861 0.308663
vt 0.281264 0.977307
vt 0.281268 0.977339
vt 0.281259 0.977266
vt 0.281254 0.977220
vt 0.136813 0.981893
vt 0.136813 0.981939
vt 0.136813 0.981852
vt 0.136814 0.981819
vt 0.573081 0.308116
vt 0.573122 0.308117
vt 0.573035 0.308116
vt 0.568948 0.308116
vt 0.568902 0.308116
vt 0.568861 0.308117
vt 0.568828 0.308667
vt 0.568828 0.308117
vt 0.281814 0.977233
vt 0.281814 0.977274
vt 0.281814 0.977187
vt 0.137237 0.981874
vt 0.137242 0.981919
vt 0.137233 0.981832
vt 0.573122 0.307700
vt 0.573155 0.307697
vt 0.573155 0.308117
vt 0.573081 0.307702
vt 0.573035 0.307703
vt 0.568948 0.307703
vt 0.568902 0.307702
vt 0.568861 0.307700
vt 0.568828 0.307697
vt 0.282238 0.977253
vt 0.282234 0.977294
vt 0.282243 0.977207
vt 0.137660 0.981812
vt 0.137669 0.981857
vt 0.137652 0.981771
vt 0.137230 0.981800
vt 0.137646 0.981739
vt 0.573081 0.307288
vt 0.573122 0.307284
vt 0.573035 0.307290
vt 0.568948 0.307290
vt 0.568902 0.307288
vt 0.568861 0.307284
vt 0.282653 0.977355
vt 0.282646 0.977387
vt 0.282231 0.977327
vt 0.282661 0.977314
vt 0.282671 0.977269
vt 0.138075 0.981704
vt 0.138089 0.981747
vt 0.138062 0.981664
vt 0.138052 0.981633
vt 0.573081 0.306884
vt 0.573122 0.306878
vt 0.573035 0.306886
vt 0.568948 0.306886
vt 0.568902 0.306884
vt 0.568861 0.306878
vt 0.283063 0.977462
vt 0.283052 0.977493
vt 0.283076 0.977422
vt 0.283090 0.977379
vt 0.138474 0.981546
vt 0.138494 0.981587
vt 0.138456 0.981508
vt 0.138442 0.981479
vt 0.573081 0.306496
vt 0.573122 0.306487
vt 0.573035 0.306499
vt 0.568948 0.306499
vt 0.568902 0.306496
vt 0.568861 0.306487
vt 0.283457 0.977618
vt 0.283442 0.977648
vt 0.283475 0.977580
vt 0.283495 0.977539
vt 0.138851 0.981334
vt 0.138877 0.981372
vt 0.138828 0.981299
vt 0.138810 0.981272
vt 0.573081 0.306129
vt 0.573122 0.306118
vt 0.573035 0.306133
vt 0.568948 0.306133
vt 0.568902 0.306129
vt 0.568861 0.306118
vt 0.283829 0.977827
vt 0.283810 0.977854
vt 0.283852 0.977792
vt 0.283878 0.977754
vt 0.139200 0.981063
vt 0.139231 0.981098
vt 0.139172 0.981033
vt 0.139150 0.981008
vt 0.573081 0.305791
vt 0.573122 0.305777
vt 0.573035 0.305796
vt 0.568948 0.305796
vt 0.568902 0.305791
vt 0.568861 0.305777
vt 0.284173 0.978093
vt 0.284150 0.978118
vt 0.284201 0.978063
vt 0.284232 0.978029
vt 0.139513 0.980731
vt 0.139549 0.980760
vt 0.139481 0.980705
vt 0.139456 0.980684
vt 0.732732 0.987021
vt 0.732728 0.987343
vt 0.732687 0.987329
vt 0.732691 0.987006
vt 0.732778 0.987027
vt 0.732774 0.987347
vt 0.736865 0.987023
vt 0.736860 0.987344
vt 0.736910 0.987018
vt 0.736906 0.987339
vt 0.736952 0.987002
vt 0.736947 0.987326
vt 0.284482 0.978421
vt 0.284456 0.978442
vt 0.284514 0.978395
vt 0.284550 0.978366
vt 0.139785 0.980331
vt 0.139825 0.980354
vt 0.139750 0.980311
vt 0.139721 0.980294
vt 0.732725 0.987730
vt 0.732683 0.987719
vt 0.732771 0.987733
vt 0.736857 0.987730
vt 0.736903 0.987726
vt 0.736944 0.987716
vt 0.284750 0.978815
vt 0.284721 0.978832
vt 0.284786 0.978795
vt 0.284826 0.978772
vt 0.140009 0.979861
vt 0.140052 0.979877
vt 0.139971 0.979846
vt 0.139940 0.979834
vt 0.732722 0.988187
vt 0.732680 0.988180
vt 0.732768 0.988190
vt 0.736854 0.988187
vt 0.736900 0.988184
vt 0.736941 0.988176
vt 0.284971 0.979281
vt 0.284940 0.979292
vt 0.285010 0.979266
vt 0.285053 0.979249
vt 0.140178 0.979314
vt 0.140223 0.979324
vt 0.140138 0.979304
vt 0.140106 0.979297
vt 0.732720 0.988721
vt 0.732678 0.988716
vt 0.732766 0.988723
vt 0.736852 0.988720
vt 0.736898 0.988718
vt 0.736939 0.988713
vt 0.285138 0.979822
vt 0.285106 0.979829
vt 0.285179 0.979812
vt 0.285224 0.979802
vt 0.140284 0.978686
vt 0.140330 0.978691
vt 0.140243 0.978682
vt 0.732677 0.989335
vt 0.732643 0.989331
vt 0.732645 0.988709
vt 0.732719 0.989337
vt 0.732765 0.989338
vt 0.736851 0.989334
vt 0.736897 0.989334
vt 0.736938 0.989331
vt 0.285244 0.980444
vt 0.285210 0.980448
vt 0.285285 0.980440
vt 0.285331 0.980435
vt 0.140321 0.977973
vt 0.140367 0.977974
vt 0.140280 0.977972
vt 0.732677 0.990041
vt 0.732643 0.990041
vt 0.732719 0.990042
vt 0.732765 0.990042
vt 0.736851 0.990039
vt 0.736897 0.990039
vt 0.736938 0.990038
vt 0.285280 0.981154
vt 0.285247 0.981155
vt 0.285322 0.981153
vt 0.285368 0.981152
vt 0.140321 0.974090
vt 0.140367 0.974044
vt 0.140280 0.974131
vt 0.732680 0.993849
vt 0.732646 0.993882
vt 0.732722 0.993828
vt 0.732768 0.993820
vt 0.736854 0.993817
vt 0.736899 0.993824
vt 0.736941 0.993845
vt 0.285280 0.984995
vt 0.285247 0.984962
vt 0.285322 0.985036
vt 0.285368 0.985082
vt 0.133202 0.974090
vt 0.133156 0.974044
vt 0.133243 0.974131
vt 0.140247 0.974164
vt 0.133276 0.974164
vt 0.460349 0.986590
vt 0.460349 0.993519
vt 0.460308 0.993540
vt 0.460308 0.986569
vt 0.460395 0.986598
vt 0.460395 0.993512
vt 0.464482 0.986598
vt 0.464482 0.993512
vt 0.464528 0.986590
vt 0.464528 0.993519
vt 0.464569 0.986569
vt 0.464569 0.993540
vt 0.278244 0.984995
vt 0.278277 0.984962
vt 0.278203 0.985036
vt 0.278157 0.985082
vt 0.747208 0.994265
vt 0.747249 0.994286
vt 0.747162 0.994258
vt 0.743076 0.994261
vt 0.743030 0.994268
vt 0.742988 0.994289
vt 0.742955 0.994322
vt 0.733436 0.981216
vt 0.733436 0.957815
vt 0.733482 0.957861
vt 0.733482 0.981171
vt 0.733395 0.981258
vt 0.733395 0.957774
vt 0.506821 0.980646
vt 0.506821 0.957096
vt 0.506854 0.957129
vt 0.506854 0.980614
vt 0.506779 0.980667
vt 0.506779 0.957075
vt 0.506733 0.980675
vt 0.506733 0.957068
vt 0.502647 0.980675
vt 0.502647 0.957068
vt 0.502601 0.980667
vt 0.502601 0.957075
vt 0.502559 0.980646
vt 0.502559 0.957096
vt 0.502527 0.980614
vt 0.502527 0.957129
vt 0.857600 0.982081
vt 0.857600 0.958681
vt 0.857642 0.958640
vt 0.857642 0.982123
vt 0.857554 0.982035
vt 0.857554 0.958727
vt 0.736877 0.957815
vt 0.736831 0.957861
vt 0.736919 0.957774
vt 0.733362 0.957740
vt 0.736952 0.957740
vt 0.717080 0.305818
vt 0.713448 0.305818
vt 0.713469 0.305777
vt 0.717059 0.305777
vt 0.717087 0.305864
vt 0.713440 0.305864
vt 0.717087 0.309950
vt 0.713440 0.309950
vt 0.717080 0.309996
vt 0.713448 0.309996
vt 0.717059 0.310037
vt 0.713469 0.310037
vt 0.717026 0.310071
vt 0.713502 0.310071
vt 0.854159 0.958681
vt 0.854118 0.958640
vt 0.854205 0.958727
vt 0.736877 0.981216
vt 0.736831 0.981171
vt 0.736919 0.981258
vt 0.736952 0.981290
vt 0.544258 0.957108
vt 0.544258 0.980700
vt 0.544217 0.980679
vt 0.544217 0.957129
vt 0.544304 0.957101
vt 0.544304 0.980707
vt 0.548391 0.957101
vt 0.548391 0.980707
vt 0.548437 0.957108
vt 0.548437 0.980700
vt 0.548478 0.957129
vt 0.548478 0.980679
vt 0.854118 0.982122
vt 0.854085 0.982156
vt 0.854085 0.958608
vt 0.854159 0.982081
vt 0.854205 0.982035
vt 0.707700 0.305810
vt 0.704110 0.305810
vt 0.704143 0.305777
vt 0.707667 0.305777
vt 0.707721 0.305852
vt 0.704089 0.305852
vt 0.707729 0.305898
vt 0.704082 0.305898
vt 0.707729 0.309984
vt 0.704082 0.309984
vt 0.707721 0.310030
vt 0.704089 0.310030
vt 0.707700 0.310071
vt 0.704110 0.310071
vt 0.857675 0.982156
vt 0.424108 0.913163
vt 0.444342 0.913063
vt 0.444251 0.913109
vt 0.424155 0.913208
vt 0.424067 0.913121
vt 0.444423 0.913021
vt 0.424034 0.913088
vt 0.444488 0.912987
vt 0.825599 0.982434
vt 0.825599 0.961918
vt 0.825641 0.961959
vt 0.825641 0.982413
vt 0.825554 0.982441
vt 0.825554 0.961903
vt 0.821468 0.982441
vt 0.821468 0.961903
vt 0.821422 0.982434
vt 0.821422 0.961917
vt 0.821380 0.982413
vt 0.821380 0.961959
vt 0.821346 0.982380
vt 0.821346 0.962024
vt 0.354705 0.917363
vt 0.334472 0.917262
vt 0.334391 0.917221
vt 0.354747 0.917322
vt 0.354659 0.917408
vt 0.334562 0.917309
vt 0.429609 0.933437
vt 0.429518 0.933484
vt 0.429690 0.933396
vt 0.429755 0.933362
vt 0.213210 0.962326
vt 0.213210 0.982710
vt 0.213169 0.982732
vt 0.213169 0.962347
vt 0.213256 0.962318
vt 0.213256 0.982703
vt 0.217343 0.962318
vt 0.217343 0.982703
vt 0.217389 0.962326
vt 0.217389 0.982710
vt 0.217430 0.962347
vt 0.217430 0.982732
vt 0.349124 0.937594
vt 0.349059 0.937562
vt 0.334326 0.917188
vt 0.349205 0.937636
vt 0.349295 0.937682
vt 0.444398 0.933364
vt 0.444352 0.933411
vt 0.444439 0.933323
vt 0.444472 0.933289
vt 0.919171 0.986542
vt 0.919171 0.971846
vt 0.919212 0.971867
vt 0.919212 0.986584
vt 0.919125 0.986528
vt 0.919125 0.971839
vt 0.915039 0.986528
vt 0.915039 0.971839
vt 0.914993 0.986542
vt 0.914993 0.971846
vt 0.914952 0.986584
vt 0.914952 0.971867
vt 0.914918 0.986649
vt 0.914918 0.971900
vt 0.334416 0.937562
vt 0.334375 0.937521
vt 0.334462 0.937609
vt 0.444413 0.936464
vt 0.444367 0.936418
vt 0.444455 0.936505
vt 0.444488 0.936538
vt 0.778141 0.309996
vt 0.781431 0.309996
vt 0.781410 0.310038
vt 0.778162 0.310038
vt 0.778133 0.309951
vt 0.781438 0.309951
vt 0.778133 0.305864
vt 0.781438 0.305864
vt 0.778141 0.305818
vt 0.781431 0.305818
vt 0.778162 0.305777
vt 0.781410 0.305777
vt 0.334359 0.940703
vt 0.334326 0.940736
vt 0.334342 0.937489
vt 0.334401 0.940662
vt 0.334447 0.940616
vt 0.423257 0.936568
vt 0.423347 0.936522
vt 0.423176 0.936610
vt 0.882994 0.958674
vt 0.882994 0.980051
vt 0.882961 0.979986
vt 0.882961 0.958707
vt 0.883036 0.958653
vt 0.883036 0.980092
vt 0.883082 0.958646
vt 0.883082 0.980107
vt 0.887168 0.958646
vt 0.887168 0.980107
vt 0.887214 0.958653
vt 0.887214 0.980092
vt 0.887255 0.958674
vt 0.887255 0.980051
vt 0.355638 0.940809
vt 0.355703 0.940843
vt 0.355557 0.940767
vt 0.355467 0.940720
vt 0.437990 0.916194
vt 0.438080 0.916147
vt 0.437909 0.916235
vt 0.423111 0.936643
vt 0.437844 0.916268
vt 0.205071 0.982816
vt 0.205071 0.962583
vt 0.205113 0.962562
vt 0.205113 0.982795
vt 0.205025 0.982823
vt 0.205025 0.962590
vt 0.200939 0.982823
vt 0.200939 0.962590
vt 0.200893 0.982816
vt 0.200893 0.962583
vt 0.200851 0.982795
vt 0.200851 0.962562
vt 0.340905 0.920435
vt 0.340970 0.920469
vt 0.340824 0.920393
vt 0.340734 0.920347
vt 0.424124 0.916262
vt 0.424169 0.916216
vt 0.424083 0.916304
vt 0.840094 0.972372
vt 0.840094 0.986166
vt 0.840061 0.986134
vt 0.840061 0.972307
vt 0.840136 0.972414
vt 0.840136 0.986188
vt 0.840182 0.972428
vt 0.840182 0.986195
vt 0.844268 0.972428
vt 0.844268 0.986195
vt 0.844314 0.972414
vt 0.844314 0.986188
vt 0.844355 0.972372
vt 0.844355 0.986166
vt 0.354731 0.920504
vt 0.354764 0.920537
vt 0.354690 0.920462
vt 0.354644 0.920416
vt 0.763376 0.305810
vt 0.760128 0.305810
vt 0.760161 0.305777
vt 0.763344 0.305777
vt 0.763398 0.305851
vt 0.760107 0.305851
vt 0.763405 0.305897
vt 0.760100 0.305897
vt 0.763405 0.309983
vt 0.760100 0.309983
vt 0.763398 0.310029
vt 0.760107 0.310029
vt 0.763376 0.310071
vt 0.760128 0.310071
vt 0.763344 0.310104
vt 0.760161 0.310104
vt 0.780804 0.907616
vt 0.801037 0.907516
vt 0.800947 0.907562
vt 0.780850 0.907662
vt 0.780762 0.907575
vt 0.801118 0.907474
vt 0.780729 0.907542
vt 0.801183 0.907441
vt 0.747205 0.981986
vt 0.747205 0.961469
vt 0.747246 0.961511
vt 0.747246 0.981965
vt 0.747159 0.981993
vt 0.747159 0.961455
vt 0.743073 0.981993
vt 0.743073 0.961455
vt 0.743027 0.981986
vt 0.743027 0.961469
vt 0.742985 0.981965
vt 0.742985 0.961511
vt 0.742952 0.981932
vt 0.742952 0.961576
vt 0.381794 0.917363
vt 0.361560 0.917262
vt 0.361479 0.917221
vt 0.381835 0.917322
vt 0.381747 0.917408
vt 0.361651 0.917309
vt 0.786304 0.927891
vt 0.786214 0.927937
vt 0.786385 0.927849
vt 0.786450 0.927815
vt 0.190920 0.962569
vt 0.190920 0.982954
vt 0.190878 0.982975
vt 0.190878 0.962590
vt 0.190966 0.962562
vt 0.190966 0.982947
vt 0.195052 0.962562
vt 0.195052 0.982947
vt 0.195098 0.962569
vt 0.195098 0.982954
vt 0.195140 0.962590
vt 0.195140 0.982975
vt 0.376212 0.937594
vt 0.376147 0.937562
vt 0.361414 0.917188
vt 0.376293 0.937636
vt 0.376384 0.937682
vt 0.801093 0.927818
vt 0.801047 0.927864
vt 0.801134 0.927776
vt 0.801167 0.927743
vt 0.942481 0.311104
vt 0.942481 0.296407
vt 0.942522 0.296429
vt 0.942522 0.311146
vt 0.942435 0.311090
vt 0.942435 0.296400
vt 0.938349 0.311090
vt 0.938349 0.296400
vt 0.938303 0.311104
vt 0.938303 0.296407
vt 0.938261 0.311146
vt 0.938261 0.296429
vt 0.938228 0.311210
vt 0.938228 0.296461
vt 0.361505 0.937562
vt 0.361463 0.937521
vt 0.361550 0.937609
vt 0.801108 0.930917
vt 0.801062 0.930872
vt 0.801150 0.930958
vt 0.801183 0.930991
vt 0.787157 0.309996
vt 0.790448 0.309996
vt 0.790427 0.310038
vt 0.787179 0.310038
vt 0.787150 0.309951
vt 0.790455 0.309951
vt 0.787150 0.305864
vt 0.790455 0.305864
vt 0.787157 0.305818
vt 0.790448 0.305818
vt 0.787179 0.305777
vt 0.790427 0.305777
vt 0.361448 0.940703
vt 0.361414 0.940736
vt 0.361431 0.937489
vt 0.361489 0.940662
vt 0.361535 0.940616
vt 0.779952 0.931022
vt 0.780042 0.930975
vt 0.779871 0.931063
vt 0.863420 0.958636
vt 0.863420 0.980013
vt 0.863386 0.979948
vt 0.863386 0.958669
vt 0.863461 0.958615
vt 0.863461 0.980055
vt 0.863508 0.958608
vt 0.863508 0.980069
vt 0.867594 0.958608
vt 0.867594 0.980069
vt 0.867639 0.958615
vt 0.867639 0.980054
vt 0.867681 0.958636
vt 0.867681 0.980013
vt 0.382726 0.940809
vt 0.382791 0.940843
vt 0.382645 0.940767
vt 0.382555 0.940720
vt 0.794685 0.910647
vt 0.794775 0.910600
vt 0.794604 0.910689
vt 0.779806 0.931096
vt 0.794539 0.910722
vt 0.648297 0.982865
vt 0.648297 0.962632
vt 0.648338 0.962611
vt 0.648338 0.982844
vt 0.648251 0.982872
vt 0.648251 0.962639
vt 0.644164 0.982872
vt 0.644164 0.962639
vt 0.644118 0.982865
vt 0.644118 0.962632
vt 0.644077 0.982844
vt 0.644077 0.962611
vt 0.367994 0.920435
vt 0.368058 0.920469
vt 0.367912 0.920393
vt 0.367822 0.920347
vt 0.780819 0.910715
vt 0.780865 0.910669
vt 0.780778 0.910757
vt 0.423144 0.973766
vt 0.423144 0.987560
vt 0.423111 0.987527
vt 0.423111 0.973701
vt 0.423186 0.973807
vt 0.423186 0.987581
vt 0.423232 0.973822
vt 0.423232 0.987588
vt 0.427318 0.973822
vt 0.427318 0.987588
vt 0.427364 0.973807
vt 0.427364 0.987581
vt 0.427405 0.973766
vt 0.427405 0.987560
vt 0.381819 0.920504
vt 0.381852 0.920537
vt 0.381778 0.920462
vt 0.381733 0.920416
vt 0.772393 0.305810
vt 0.769145 0.305810
vt 0.769178 0.305777
vt 0.772361 0.305777
vt 0.772414 0.305851
vt 0.769124 0.305851
vt 0.772421 0.305897
vt 0.769117 0.305897
vt 0.772421 0.309983
vt 0.769117 0.309983
vt 0.772414 0.310029
vt 0.769124 0.310029
vt 0.772393 0.310071
vt 0.769145 0.310071
vt 0.772361 0.310104
vt 0.769178 0.310104
vt 0.724017 0.919915
vt 0.720907 0.913045
vt 0.720937 0.912999
vt 0.724047 0.919869
vt 0.723991 0.919956
vt 0.720880 0.913087
vt 0.723970 0.919989
vt 0.720859 0.913119
vt 0.906248 0.994570
vt 0.906248 0.987686
vt 0.906289 0.987665
vt 0.906289 0.994549
vt 0.906202 0.994578
vt 0.906202 0.987693
vt 0.902115 0.994578
vt 0.902115 0.987693
vt 0.902069 0.994570
vt 0.902069 0.987686
vt 0.902028 0.994549
vt 0.902028 0.987665
vt 0.857744 0.924119
vt 0.860854 0.917250
vt 0.860875 0.917283
vt 0.857765 0.924152
vt 0.857717 0.924077
vt 0.860827 0.917208
vt 0.857688 0.924031
vt 0.860798 0.917162
vt 0.711055 0.913045
vt 0.711025 0.912999
vt 0.711083 0.913087
vt 0.450233 0.978161
vt 0.450233 0.987916
vt 0.450199 0.987938
vt 0.450199 0.978140
vt 0.450275 0.978175
vt 0.450275 0.987902
vt 0.450321 0.978179
vt 0.450321 0.987897
vt 0.454407 0.978179
vt 0.454407 0.987897
vt 0.454453 0.978175
vt 0.454453 0.987902
vt 0.454494 0.978161
vt 0.454494 0.987916
vt 0.870652 0.917250
vt 0.870630 0.917283
vt 0.870679 0.917208
vt 0.870710 0.917162
vt 0.708116 0.919915
vt 0.708086 0.919869
vt 0.708143 0.919956
vt 0.711104 0.913119
vt 0.708165 0.919989
vt 0.613007 0.987621
vt 0.613007 0.994507
vt 0.612966 0.994486
vt 0.612966 0.987600
vt 0.613053 0.987628
vt 0.613053 0.994515
vt 0.617139 0.987628
vt 0.617139 0.994515
vt 0.617185 0.987621
vt 0.617185 0.994507
vt 0.617227 0.987600
vt 0.617227 0.994486
vt 0.873591 0.924119
vt 0.873570 0.924152
vt 0.873619 0.924077
vt 0.873649 0.924031
vt 0.704598 0.919915
vt 0.704668 0.919869
vt 0.704536 0.919956
vt 0.688993 0.305810
vt 0.685314 0.305810
vt 0.685363 0.305777
vt 0.688971 0.305777
vt 0.689007 0.305852
vt 0.685282 0.305852
vt 0.689011 0.305898
vt 0.685270 0.305898
vt 0.689011 0.309984
vt 0.685270 0.309984
vt 0.689007 0.310030
vt 0.685282 0.310030
vt 0.688993 0.310071
vt 0.685314 0.310071
vt 0.877199 0.924119
vt 0.877249 0.924152
vt 0.877137 0.924077
vt 0.877067 0.924031
vt 0.714652 0.896377
vt 0.714682 0.896423
vt 0.714624 0.896336
vt 0.704486 0.919989
vt 0.714603 0.896302
vt 0.516785 0.980757
vt 0.516785 0.957075
vt 0.516827 0.957096
vt 0.516827 0.980736
vt 0.516739 0.980765
vt 0.516739 0.957068
vt 0.512653 0.980765
vt 0.512653 0.957068
vt 0.512607 0.980757
vt 0.512607 0.957075
vt 0.512565 0.980736
vt 0.512565 0.957096
vt 0.867110 0.900500
vt 0.867131 0.900468
vt 0.867082 0.900541
vt 0.867052 0.900587
vt 0.717070 0.896377
vt 0.717040 0.896423
vt 0.717097 0.896336
vt 0.717118 0.896302
vt 0.834794 0.305818
vt 0.832250 0.305818
vt 0.832264 0.305777
vt 0.834780 0.305777
vt 0.834799 0.305864
vt 0.832246 0.305864
vt 0.834799 0.309950
vt 0.832246 0.309950
vt 0.834794 0.309996
vt 0.832250 0.309996
vt 0.834780 0.310037
vt 0.832264 0.310037
vt 0.834758 0.310071
vt 0.832285 0.310071
vt 0.864664 0.900541
vt 0.864637 0.900500
vt 0.864694 0.900587
vt 0.727536 0.919915
vt 0.727465 0.919869
vt 0.727599 0.919956
vt 0.727650 0.919989
vt 0.534285 0.957108
vt 0.534285 0.980778
vt 0.534244 0.980757
vt 0.534244 0.957129
vt 0.534331 0.957101
vt 0.534331 0.980785
vt 0.538418 0.957101
vt 0.538418 0.980785
vt 0.538464 0.957108
vt 0.538464 0.980778
vt 0.538505 0.957129
vt 0.538505 0.980757
vt 0.854135 0.924119
vt 0.854085 0.924152
vt 0.864616 0.900468
vt 0.854199 0.924077
vt 0.854270 0.924031
vt 0.679515 0.305810
vt 0.675835 0.305810
vt 0.675856 0.305777
vt 0.679465 0.305777
vt 0.679548 0.305852
vt 0.675821 0.305852
vt 0.679559 0.305898
vt 0.675816 0.305898
vt 0.679559 0.309984
vt 0.675816 0.309984
vt 0.679548 0.310030
vt 0.675821 0.310030
vt 0.679515 0.310071
vt 0.675835 0.310071
vt 0.395117 0.923540
vt 0.388549 0.917295
vt 0.388503 0.917188
vt 0.395200 0.923556
vt 0.395042 0.923526
vt 0.388590 0.917391
vt 0.394983 0.923515
vt 0.388623 0.917468
vt 0.930247 0.991367
vt 0.930247 0.983409
vt 0.930288 0.983355
vt 0.930288 0.991389
vt 0.930201 0.991360
vt 0.930201 0.983427
vt 0.926114 0.991360
vt 0.926114 0.983427
vt 0.926069 0.991367
vt 0.926069 0.983409
vt 0.926027 0.991389
vt 0.926027 0.983355
vt 0.035495 0.982220
vt 0.039116 0.974088
vt 0.039115 0.974172
vt 0.035545 0.982188
vt 0.035431 0.982261
vt 0.039118 0.973982
vt 0.035360 0.982307
vt 0.039120 0.973866
vt 0.388549 0.926253
vt 0.388503 0.926321
vt 0.388590 0.926191
vt 0.388623 0.926141
vt 0.248322 0.980980
vt 0.248322 0.988941
vt 0.248280 0.988962
vt 0.248280 0.980926
vt 0.248368 0.980998
vt 0.248368 0.988933
vt 0.252454 0.980998
vt 0.252454 0.988933
vt 0.252500 0.980980
vt 0.252500 0.988941
vt 0.252542 0.980926
vt 0.252542 0.988962
vt 0.042475 0.982220
vt 0.042426 0.982188
vt 0.042537 0.982261
vt 0.042606 0.982307
vt 0.559383 0.993319
vt 0.559383 0.986502
vt 0.559424 0.986470
vt 0.559424 0.993351
vt 0.559337 0.993308
vt 0.559337 0.986514
vt 0.555251 0.993308
vt 0.555251 0.986513
vt 0.555205 0.993319
vt 0.555205 0.986502
vt 0.555163 0.993351
vt 0.555163 0.986470
vt 0.555130 0.993400
vt 0.555130 0.986419
vt 0.078504 0.881914
vt 0.068008 0.845024
vt 0.097877 0.845024
vt 0.248601 0.822734
vt 0.275046 0.836619
vt 0.248601 0.864402
vt 0.723951 0.981979
vt 0.723951 0.954742
vt 0.726923 0.954721
vt 0.726923 0.981958
vt 0.698541 0.937303
vt 0.698541 0.975217
vt 0.695569 0.975217
vt 0.695569 0.937303
vt 0.337298 0.946554
vt 0.337298 0.979362
vt 0.334326 0.979397
vt 0.334326 0.946589
vt 0.618134 0.310620
vt 0.618134 0.305777
vt 0.621850 0.305777
vt 0.621850 0.310620
vt 0.846005 0.966596
vt 0.840061 0.966596
vt 0.840061 0.933903
vt 0.846005 0.933903
vt 0.627561 0.310584
vt 0.627561 0.305777
vt 0.631277 0.305777
vt 0.631277 0.310584
vt 0.036662 0.935462
vt 0.042606 0.935462
vt 0.042606 0.968154
vt 0.036662 0.968154
vt 0.704486 0.981291
vt 0.704486 0.954721
vt 0.708200 0.954761
vt 0.708200 0.981331
vt 0.973830 0.211170
vt 0.973830 0.237738
vt 0.970115 0.237779
vt 0.970115 0.211211
vt 0.996177 0.308542
vt 0.995063 0.308544
vt 0.995066 0.307377
vt 0.996181 0.307375
vt 0.995063 0.306148
vt 0.996177 0.306146
vt 0.995052 0.305043
vt 0.996166 0.305041
vt 0.995116 0.935590
vt 0.996230 0.935590
vt 0.996230 0.936511
vt 0.995116 0.936511
vt 0.996230 0.937676
vt 0.995116 0.937676
vt 0.996230 0.938906
vt 0.995116 0.938906
vt 0.996230 0.940014
vt 0.995116 0.940014
vt 0.995116 0.874737
vt 0.996230 0.874739
vt 0.996240 0.875666
vt 0.995126 0.875664
vt 0.996244 0.876833
vt 0.995130 0.876831
vt 0.996240 0.878063
vt 0.995126 0.878061
vt 0.996230 0.879167
vt 0.995116 0.879165
vt 0.996230 0.929878
vt 0.995116 0.929878
vt 0.995116 0.928948
vt 0.996230 0.928948
vt 0.995116 0.927779
vt 0.996230 0.927779
vt 0.995116 0.926550
vt 0.996230 0.926550
vt 0.331104 0.987590
vt 0.331575 0.986451
vt 0.332447 0.985580
vt 0.333585 0.985109
vt 0.334817 0.985109
vt 0.335955 0.985580
vt 0.336826 0.986451
vt 0.337298 0.987590
vt 0.337298 0.988822
vt 0.336826 0.989960
vt 0.335955 0.990831
vt 0.334817 0.991303
vt 0.333585 0.991303
vt 0.332446 0.990831
vt 0.331575 0.989960
vt 0.331104 0.988822
vt 0.995116 0.925448
vt 0.996230 0.925448
vt 0.996166 0.309469
vt 0.995052 0.309471
vt 0.667601 0.982867
vt 0.668472 0.983739
vt 0.668944 0.984877
vt 0.668944 0.986109
vt 0.668472 0.987247
vt 0.667601 0.988119
vt 0.666463 0.988590
vt 0.665231 0.988590
vt 0.664092 0.988119
vt 0.663221 0.987247
vt 0.662749 0.986109
vt 0.662749 0.984877
vt 0.663221 0.983739
vt 0.664092 0.982867
vt 0.665230 0.982396
vt 0.666463 0.982396
vt 0.859003 0.309278
vt 0.857889 0.309280
vt 0.857892 0.308113
vt 0.859007 0.308111
vt 0.857889 0.306883
vt 0.859003 0.306881
vt 0.857878 0.305779
vt 0.858992 0.305777
vt 0.995116 0.945726
vt 0.996230 0.945726
vt 0.996230 0.946648
vt 0.995116 0.946648
vt 0.996230 0.947812
vt 0.995116 0.947812
vt 0.996230 0.949042
vt 0.995116 0.949042
vt 0.996230 0.950150
vt 0.995116 0.950150
vt 0.995116 0.884879
vt 0.996230 0.884881
vt 0.996240 0.885809
vt 0.995126 0.885806
vt 0.996244 0.886976
vt 0.995129 0.886973
vt 0.996240 0.888205
vt 0.995126 0.888203
vt 0.996230 0.889310
vt 0.995116 0.889307
vt 0.996230 0.909594
vt 0.995116 0.909594
vt 0.995116 0.908664
vt 0.996230 0.908664
vt 0.995116 0.907495
vt 0.996230 0.907495
vt 0.995116 0.906266
vt 0.996230 0.906266
vt 0.980163 0.985233
vt 0.980634 0.984095
vt 0.981506 0.983223
vt 0.982644 0.982752
vt 0.983876 0.982752
vt 0.985014 0.983223
vt 0.985885 0.984095
vt 0.986357 0.985233
vt 0.986357 0.986465
vt 0.985885 0.987603
vt 0.985014 0.988475
vt 0.983876 0.988946
vt 0.982644 0.988946
vt 0.981505 0.988475
vt 0.980634 0.987603
vt 0.980163 0.986465
vt 0.995116 0.905163
vt 0.996230 0.905163
vt 0.858992 0.310205
vt 0.857878 0.310207
vt 0.416928 0.984055
vt 0.417399 0.985193
vt 0.417399 0.986425
vt 0.416928 0.987564
vt 0.416057 0.988435
vt 0.414918 0.988907
vt 0.413686 0.988907
vt 0.412548 0.988435
vt 0.411677 0.987564
vt 0.411205 0.986425
vt 0.411205 0.985193
vt 0.411677 0.984055
vt 0.412548 0.983184
vt 0.413686 0.982712
vt 0.414918 0.982712
vt 0.416057 0.983184
vt 0.996177 0.298400
vt 0.995063 0.298402
vt 0.995067 0.297235
vt 0.996181 0.297233
vt 0.995063 0.296006
vt 0.996177 0.296003
vt 0.995052 0.294901
vt 0.996167 0.294899
vt 0.995116 0.955862
vt 0.996230 0.955862
vt 0.996230 0.956784
vt 0.995116 0.956784
vt 0.996230 0.957948
vt 0.995116 0.957948
vt 0.996230 0.959178
vt 0.995116 0.959178
vt 0.996230 0.960286
vt 0.995116 0.960286
vt 0.995131 0.221312
vt 0.996245 0.221314
vt 0.996256 0.222241
vt 0.995141 0.222239
vt 0.996259 0.223408
vt 0.995145 0.223406
vt 0.996256 0.224638
vt 0.995141 0.224636
vt 0.996245 0.225742
vt 0.995131 0.225740
vt 0.996230 0.919736
vt 0.995116 0.919736
vt 0.995116 0.918806
vt 0.996230 0.918806
vt 0.995116 0.917637
vt 0.996230 0.917637
vt 0.995116 0.916408
vt 0.996230 0.916408
vt 0.943692 0.986676
vt 0.944163 0.985538
vt 0.945035 0.984667
vt 0.946173 0.984195
vt 0.947405 0.984195
vt 0.948543 0.984666
vt 0.949414 0.985538
vt 0.949886 0.986676
vt 0.949886 0.987908
vt 0.949414 0.989046
vt 0.948543 0.989918
vt 0.947405 0.990389
vt 0.946173 0.990389
vt 0.945035 0.989918
vt 0.944163 0.989047
vt 0.943692 0.987908
vt 0.995116 0.915306
vt 0.996230 0.915306
vt 0.996167 0.299327
vt 0.995052 0.299329
vt 0.261966 0.980922
vt 0.263105 0.981394
vt 0.263976 0.982265
vt 0.264448 0.983403
vt 0.264448 0.984635
vt 0.263976 0.985774
vt 0.263105 0.986645
vt 0.261966 0.987116
vt 0.260734 0.987116
vt 0.259596 0.986645
vt 0.258725 0.985774
vt 0.258253 0.984635
vt 0.258253 0.983403
vt 0.258725 0.982265
vt 0.259596 0.981394
vt 0.260734 0.980922
vt 0.996256 0.214671
vt 0.995142 0.214673
vt 0.995145 0.213506
vt 0.996260 0.213503
vt 0.995142 0.212276
vt 0.996256 0.212274
vt 0.995131 0.211172
vt 0.996245 0.211170
vt 0.995116 0.965998
vt 0.996230 0.965998
vt 0.996230 0.966920
vt 0.995116 0.966920
vt 0.996230 0.968084
vt 0.995116 0.968084
vt 0.996230 0.969314
vt 0.995116 0.969314
vt 0.996230 0.970422
vt 0.995116 0.970422
vt 0.995131 0.231454
vt 0.996245 0.231456
vt 0.996256 0.232383
vt 0.995141 0.232381
vt 0.996259 0.233551
vt 0.995145 0.233548
vt 0.996256 0.234780
vt 0.995141 0.234778
vt 0.996245 0.235884
vt 0.995131 0.235882
vt 0.996230 0.899452
vt 0.995116 0.899452
vt 0.995116 0.898522
vt 0.996230 0.898522
vt 0.995116 0.897353
vt 0.996230 0.897353
vt 0.995116 0.896124
vt 0.996230 0.896124
vt 0.310768 0.988163
vt 0.311240 0.987024
vt 0.312111 0.986153
vt 0.313249 0.985682
vt 0.314481 0.985682
vt 0.315619 0.986153
vt 0.316490 0.987024
vt 0.316962 0.988163
vt 0.316962 0.989395
vt 0.316490 0.990533
vt 0.315619 0.991404
vt 0.314481 0.991876
vt 0.313249 0.991876
vt 0.312111 0.991404
vt 0.311239 0.990533
vt 0.310768 0.989395
vt 0.995116 0.895021
vt 0.996230 0.895021
vt 0.996245 0.215598
vt 0.995131 0.215600
vt 0.697199 0.981400
vt 0.698070 0.982271
vt 0.698541 0.983410
vt 0.698541 0.984642
vt 0.698070 0.985780
vt 0.697199 0.986651
vt 0.696060 0.987123
vt 0.694828 0.987123
vt 0.693690 0.986651
vt 0.692819 0.985780
vt 0.692347 0.984642
vt 0.692347 0.983410
vt 0.692819 0.982271
vt 0.693690 0.981400
vt 0.694828 0.980929
vt 0.696060 0.980929
vt 0.183216 0.988190
vt 0.181544 0.988190
vt 0.181544 0.943610
vt 0.183216 0.943610
vt 0.071573 0.966808
vt 0.073147 0.966808
vt 0.073147 0.992442
vt 0.071573 0.992441
vt 0.987732 0.874737
vt 0.989404 0.874737
vt 0.989404 0.919318
vt 0.987732 0.919318
vt 0.988845 0.316922
vt 0.990424 0.316923
vt 0.990424 0.342557
vt 0.988845 0.342556
vt 0.471181 0.896311
vt 0.496815 0.896303
vt 0.496815 0.938418
vt 0.471181 0.938427
vt 0.690601 0.848459
vt 0.716235 0.848467
vt 0.716235 0.890591
vt 0.690601 0.890582
vt 0.993285 0.136286
vt 0.993285 0.129599
vt 0.994771 0.129599
vt 0.994771 0.136286
vt 0.565961 0.937308
vt 0.572648 0.937307
vt 0.572648 0.962941
vt 0.565961 0.962941
vt 0.994558 0.772946
vt 0.994558 0.766259
vt 0.996044 0.766259
vt 0.996044 0.772946
vt 0.435509 0.942355
vt 0.442196 0.942355
vt 0.442196 0.967989
vt 0.435509 0.967989
vt 0.322809 0.993516
vt 0.322809 0.967882
vt 0.324295 0.967882
vt 0.324295 0.993516
vt 0.577849 0.968653
vt 0.577849 0.994287
vt 0.576363 0.994287
vt 0.576363 0.968653
vt 0.472852 0.988720
vt 0.471181 0.988720
vt 0.471181 0.944139
vt 0.472852 0.944139
vt 0.989576 0.562673
vt 0.991150 0.562674
vt 0.991150 0.588308
vt 0.989576 0.588307
vt 0.157952 0.942698
vt 0.159624 0.942698
vt 0.159624 0.987279
vt 0.157952 0.987279
vt 0.631020 0.962827
vt 0.632599 0.962828
vt 0.632599 0.988462
vt 0.631020 0.988461
vt 0.190878 0.856311
vt 0.216512 0.856302
vt 0.216512 0.898418
vt 0.190878 0.898427
vt 0.133156 0.847018
vt 0.158790 0.847027
vt 0.158790 0.889150
vt 0.133156 0.889142
vt 0.190878 0.995374
vt 0.190878 0.988687
vt 0.192364 0.988687
vt 0.192364 0.995374
vt 0.081799 0.935462
vt 0.088486 0.935462
vt 0.088486 0.961096
vt 0.081799 0.961096
vt 0.994744 0.695395
vt 0.994744 0.688708
vt 0.996230 0.688708
vt 0.996230 0.695395
vt 0.578360 0.937308
vt 0.585047 0.937308
vt 0.585047 0.962942
vt 0.578360 0.962942
vt 0.115791 0.992442
vt 0.115791 0.966808
vt 0.117277 0.966807
vt 0.117277 0.992441
vt 0.781292 0.968154
vt 0.781292 0.993788
vt 0.779806 0.993788
vt 0.779806 0.968154
vt 0.981463 0.798441
vt 0.979791 0.798441
vt 0.979791 0.753861
vt 0.981463 0.753861
vt 0.057001 0.966808
vt 0.058575 0.966808
vt 0.058575 0.992442
vt 0.057001 0.992442
vt 0.493332 0.944139
vt 0.495003 0.944139
vt 0.495003 0.988720
vt 0.493332 0.988719
vt 0.988845 0.348269
vt 0.990424 0.348269
vt 0.990424 0.373903
vt 0.988845 0.373903
vt 0.036662 0.887634
vt 0.062296 0.887626
vt 0.062296 0.929741
vt 0.036662 0.929750
vt 0.721947 0.848459
vt 0.747581 0.848468
vt 0.747581 0.890591
vt 0.721947 0.890582
vt 0.303119 0.992369
vt 0.303119 0.985682
vt 0.304605 0.985682
vt 0.304605 0.992369
vt 0.118996 0.935462
vt 0.125683 0.935462
vt 0.125683 0.961096
vt 0.118996 0.961096
vt 0.994866 0.263692
vt 0.994866 0.257005
vt 0.996352 0.257005
vt 0.996352 0.263692
vt 0.133156 0.942698
vt 0.139842 0.942698
vt 0.139842 0.968332
vt 0.133156 0.968332
vt 0.372389 0.992759
vt 0.372389 0.967125
vt 0.373875 0.967125
vt 0.373875 0.992759
vt 0.599442 0.968653
vt 0.599442 0.994287
vt 0.597956 0.994287
vt 0.597956 0.968653
vt 0.617227 0.981888
vt 0.615555 0.981888
vt 0.615555 0.937307
vt 0.617227 0.937307
vt 0.086144 0.966808
vt 0.087718 0.966808
vt 0.087718 0.992442
vt 0.086144 0.992442
vt 0.987175 0.753860
vt 0.988846 0.753861
vt 0.988846 0.798441
vt 0.987175 0.798441
vt 0.988845 0.379615
vt 0.990424 0.379616
vt 0.990424 0.405250
vt 0.988845 0.405249
vt 0.099354 0.887634
vt 0.124988 0.887625
vt 0.124988 0.929741
vt 0.099354 0.929750
vt 0.565218 0.848459
vt 0.590852 0.848468
vt 0.590852 0.890591
vt 0.565218 0.890582
vt 0.994309 0.198585
vt 0.994309 0.191898
vt 0.995795 0.191898
vt 0.995795 0.198585
vt 0.683171 0.937304
vt 0.689858 0.937303
vt 0.689858 0.962937
vt 0.683171 0.962937
vt 0.994744 0.707794
vt 0.994744 0.701107
vt 0.996230 0.701107
vt 0.996230 0.707794
vt 0.145554 0.942698
vt 0.152240 0.942698
vt 0.152240 0.968332
vt 0.145554 0.968332
vt 0.108593 0.992442
vt 0.108593 0.966808
vt 0.110079 0.966808
vt 0.110079 0.992442
vt 0.567447 0.968653
vt 0.567447 0.994287
vt 0.565961 0.994287
vt 0.565961 0.968653
vt 0.480236 0.988720
vt 0.478564 0.988720
vt 0.478564 0.944139
vt 0.480236 0.944139
vt 0.078859 0.966807
vt 0.080433 0.966808
vt 0.080433 0.992442
vt 0.078859 0.992441
vt 0.174161 0.943610
vt 0.175832 0.943610
vt 0.175832 0.988190
vt 0.174161 0.988190
vt 0.988845 0.410962
vt 0.990424 0.410963
vt 0.990424 0.436597
vt 0.988845 0.436596
vt 0.133156 0.894871
vt 0.158790 0.894862
vt 0.158790 0.936977
vt 0.133156 0.936986
vt 0.627910 0.848459
vt 0.653544 0.848468
vt 0.653544 0.890591
vt 0.627910 0.890582
vt 0.994309 0.148990
vt 0.994309 0.142302
vt 0.995795 0.142302
vt 0.995795 0.148990
vt 0.792205 0.936808
vt 0.798892 0.936808
vt 0.798892 0.962442
vt 0.792205 0.962442
vt 0.994744 0.720193
vt 0.994744 0.713506
vt 0.996230 0.713506
vt 0.996230 0.720193
vt 0.590758 0.937308
vt 0.597445 0.937308
vt 0.597445 0.962941
vt 0.590758 0.962942
vt 0.350207 0.992760
vt 0.350207 0.967126
vt 0.351693 0.967126
vt 0.351693 0.992760
vt 0.585047 0.968653
vt 0.585047 0.994287
vt 0.583561 0.994287
vt 0.583561 0.968653
vt 0.983319 0.556959
vt 0.981647 0.556959
vt 0.981647 0.512378
vt 0.983319 0.512378
vt 0.989216 0.447226
vt 0.990790 0.447227
vt 0.990790 0.472861
vt 0.989216 0.472860
vt 0.987732 0.925030
vt 0.989404 0.925030
vt 0.989404 0.969610
vt 0.987732 0.969610
vt 0.392533 0.962925
vt 0.394111 0.962926
vt 0.394111 0.988560
vt 0.392533 0.988559
vt 0.779806 0.859613
vt 0.805440 0.859604
vt 0.805440 0.901720
vt 0.779806 0.901729
vt 0.471181 0.848459
vt 0.496815 0.848468
vt 0.496815 0.890591
vt 0.471181 0.890582
vt 0.994309 0.161388
vt 0.994309 0.154701
vt 0.995795 0.154701
vt 0.995795 0.161388
vt 0.069400 0.935462
vt 0.076087 0.935462
vt 0.076087 0.961096
vt 0.069400 0.961096
vt 0.994558 0.785345
vt 0.994558 0.778658
vt 0.996044 0.778658
vt 0.996044 0.785345
vt 0.603157 0.937308
vt 0.609843 0.937307
vt 0.609843 0.962941
vt 0.603157 0.962942
vt 0.101396 0.992442
vt 0.101396 0.966808
vt 0.102881 0.966808
vt 0.102881 0.992442
vt 0.592244 0.968653
vt 0.592244 0.994287
vt 0.590758 0.994287
vt 0.590758 0.968653
vt 0.487620 0.988720
vt 0.485948 0.988720
vt 0.485948 0.944139
vt 0.487620 0.944139
vt 0.989576 0.594020
vt 0.991150 0.594020
vt 0.991150 0.619654
vt 0.989576 0.619654
vt 0.231883 0.943605
vt 0.233555 0.943605
vt 0.233555 0.988186
vt 0.231883 0.988185
vt 0.936233 0.963761
vt 0.937812 0.963762
vt 0.937812 0.989396
vt 0.936233 0.989395
vt 0.423111 0.865160
vt 0.448745 0.865151
vt 0.448745 0.907266
vt 0.423111 0.907275
vt 0.596564 0.848459
vt 0.622198 0.848467
vt 0.622198 0.890591
vt 0.596564 0.890582
vt 0.994558 0.760548
vt 0.994558 0.753861
vt 0.996044 0.753861
vt 0.996044 0.760548
vt 0.779806 0.936808
vt 0.786493 0.936808
vt 0.786493 0.962442
vt 0.779806 0.962442
vt 0.994744 0.732592
vt 0.994744 0.725905
vt 0.996230 0.725905
vt 0.996230 0.732592
vt 0.423111 0.942355
vt 0.429798 0.942355
vt 0.429798 0.967989
vt 0.423111 0.967989
vt 0.343009 0.992760
vt 0.343009 0.967126
vt 0.344495 0.967126
vt 0.344495 0.992760
vt 0.684656 0.968649
vt 0.684656 0.994283
vt 0.683171 0.994283
vt 0.683171 0.968649
vt 0.877072 0.974445
vt 0.875400 0.974445
vt 0.875400 0.929864
vt 0.877072 0.929864
vt 0.989031 0.512378
vt 0.990605 0.512379
vt 0.990605 0.538013
vt 0.989031 0.538012
vt 0.987361 0.688708
vt 0.989032 0.688708
vt 0.989032 0.733289
vt 0.987361 0.733289
vt 0.961522 0.105160
vt 0.963101 0.105160
vt 0.963101 0.130794
vt 0.961522 0.130794
vt 0.248601 0.870123
vt 0.274235 0.870114
vt 0.274235 0.912230
vt 0.248601 0.912238
vt 0.502527 0.848459
vt 0.528161 0.848468
vt 0.528161 0.890591
vt 0.502527 0.890582
vt 0.994309 0.173787
vt 0.994309 0.167100
vt 0.995795 0.167100
vt 0.995795 0.173787
vt 0.057001 0.935462
vt 0.063688 0.935462
vt 0.063688 0.961096
vt 0.057001 0.961096
vt 0.994866 0.276091
vt 0.994866 0.269404
vt 0.996352 0.269404
vt 0.996352 0.276091
vt 0.002856 0.937887
vt 0.009542 0.937887
vt 0.009542 0.963521
vt 0.002856 0.963521
vt 0.094198 0.992442
vt 0.094198 0.966808
vt 0.095684 0.966807
vt 0.095684 0.992441
vt 0.795687 0.968154
vt 0.795687 0.993788
vt 0.794202 0.993788
vt 0.794202 0.968154
vt 0.965581 0.988185
vt 0.963909 0.988185
vt 0.963909 0.943604
vt 0.965581 0.943604
vt 0.989216 0.478573
vt 0.990790 0.478574
vt 0.990790 0.504208
vt 0.989216 0.504207
vt 0.239267 0.943605
vt 0.240939 0.943605
vt 0.240939 0.988185
vt 0.239267 0.988185
vt 0.399823 0.962925
vt 0.401402 0.962926
vt 0.401402 0.988560
vt 0.399823 0.988559
vt 0.291464 0.874883
vt 0.317098 0.874874
vt 0.317098 0.916990
vt 0.291464 0.916999
vt 0.533872 0.848459
vt 0.559506 0.848468
vt 0.559506 0.890591
vt 0.533872 0.890582
vt 0.994309 0.186186
vt 0.994309 0.179499
vt 0.995795 0.179499
vt 0.995795 0.186186
vt 0.094198 0.935462
vt 0.100885 0.935462
vt 0.100885 0.961096
vt 0.094198 0.961096
vt 0.994558 0.797744
vt 0.994558 0.791057
vt 0.996044 0.791057
vt 0.996044 0.797744
vt 0.956338 0.595960
vt 0.963025 0.595959
vt 0.963025 0.621593
vt 0.956338 0.621594
vt 0.122989 0.992442
vt 0.122989 0.966808
vt 0.124474 0.966808
vt 0.124474 0.992442
vt 0.788490 0.968154
vt 0.788490 0.993788
vt 0.787004 0.993788
vt 0.787004 0.968154
vt 0.973894 0.984470
vt 0.972222 0.984470
vt 0.972222 0.939889
vt 0.973894 0.939889
vt 0.064287 0.966808
vt 0.065861 0.966808
vt 0.065861 0.992442
vt 0.064287 0.992442
vt 0.987483 0.244606
vt 0.989155 0.244606
vt 0.989155 0.289187
vt 0.987483 0.289187
vt 0.987841 0.211170
vt 0.989419 0.211170
vt 0.989419 0.236804
vt 0.987841 0.236804
vt 0.068008 0.887634
vt 0.093642 0.887626
vt 0.093642 0.929741
vt 0.068008 0.929750
vt 0.659256 0.848459
vt 0.684890 0.848468
vt 0.684890 0.890591
vt 0.659256 0.890582
vt 0.993285 0.123888
vt 0.993285 0.117201
vt 0.994771 0.117201
vt 0.994771 0.123888
vt 0.106597 0.935462
vt 0.113284 0.935462
vt 0.113284 0.961096
vt 0.106597 0.961096
vt 0.994866 0.251293
vt 0.994866 0.244606
vt 0.996352 0.244606
vt 0.996352 0.251293
vt 0.914918 0.940493
vt 0.921605 0.940493
vt 0.921605 0.966127
vt 0.914918 0.966127
vt 0.379586 0.992759
vt 0.379586 0.967125
vt 0.381072 0.967125
vt 0.381072 0.992759
vt 0.802885 0.968154
vt 0.802885 0.993788
vt 0.801399 0.993788
vt 0.801399 0.968154
vt 0.980163 0.934178
vt 0.980163 0.874737
vt 0.982020 0.874737
vt 0.982020 0.934178
vt 0.002856 0.625416
vt 0.062296 0.625416
vt 0.062296 0.722007
vt 0.002856 0.722008
vt 0.985716 0.062296
vt 0.985716 0.002856
vt 0.987573 0.002856
vt 0.987573 0.062296
vt 0.068008 0.625417
vt 0.127444 0.625416
vt 0.127444 0.722007
vt 0.068008 0.722009
vt 0.961522 0.099448
vt 0.961522 0.002856
vt 0.963379 0.002856
vt 0.963379 0.099448
vt 0.964403 0.142303
vt 0.964403 0.238894
vt 0.962546 0.238894
vt 0.962546 0.142302
vt 0.833953 0.996221
vt 0.831352 0.996221
vt 0.831352 0.993620
vt 0.833953 0.993620
vt 0.753293 0.848459
vt 0.755893 0.848459
vt 0.755893 0.948766
vt 0.753293 0.948766
vt 0.234484 0.996498
vt 0.231883 0.996498
vt 0.231883 0.993897
vt 0.234484 0.993897
vt 0.769917 0.848459
vt 0.772518 0.848459
vt 0.772518 0.948766
vt 0.769917 0.948766
vt 0.955597 0.731292
vt 0.955597 0.630985
vt 0.958198 0.630985
vt 0.958198 0.731292
vt 0.958198 0.737004
vt 0.958198 0.837311
vt 0.955597 0.837311
vt 0.955597 0.737004
vt 0.425712 0.995901
vt 0.423111 0.995901
vt 0.423111 0.993300
vt 0.425712 0.993300
vt 0.280758 0.822734
vt 0.283358 0.822734
vt 0.283358 0.923041
vt 0.280758 0.923041
vt 0.452800 0.996250
vt 0.450199 0.996250
vt 0.450199 0.993649
vt 0.452800 0.993649
vt 0.761605 0.848459
vt 0.764206 0.848459
vt 0.764206 0.948766
vt 0.761605 0.948766
vt 0.954234 0.242609
vt 0.954234 0.142303
vt 0.956834 0.142302
vt 0.956834 0.242609
vt 0.958198 0.843022
vt 0.958198 0.943329
vt 0.955597 0.943329
vt 0.955597 0.843022
vt 0.938228 0.614266
vt 0.938228 0.551111
vt 0.940829 0.551111
vt 0.940829 0.614266
vt 0.927439 0.305773
vt 0.927439 0.242617
vt 0.930040 0.242617
vt 0.930040 0.305773
vt 0.970115 0.205458
vt 0.970115 0.142302
vt 0.972716 0.142302
vt 0.972716 0.205458
vt 0.970858 0.307757
vt 0.970858 0.244606
vt 0.973459 0.244606
vt 0.973459 0.307757
vt 0.223142 0.996636
vt 0.223142 0.994035
vt 0.225742 0.994035
vt 0.225742 0.996636
vt 0.395133 0.994272
vt 0.395133 0.996872
vt 0.392533 0.996872
vt 0.392533 0.994272
vt 0.962546 0.307762
vt 0.962546 0.244606
vt 0.965147 0.244606
vt 0.965147 0.307762
vt 0.965022 0.517812
vt 0.965022 0.454656
vt 0.967623 0.454656
vt 0.967623 0.517812
vt 0.965022 0.586679
vt 0.965022 0.523524
vt 0.967623 0.523524
vt 0.967623 0.586679
vt 0.972222 0.869020
vt 0.972222 0.805870
vt 0.974822 0.805870
vt 0.974822 0.869020
vt 0.662749 0.996903
vt 0.662749 0.994302
vt 0.665350 0.994302
vt 0.665350 0.996903
vt 0.473781 0.994431
vt 0.473781 0.997032
vt 0.471181 0.997032
vt 0.471181 0.994431
vt 0.954234 0.307762
vt 0.954234 0.248321
vt 0.956463 0.248321
vt 0.956463 0.307762
vt 0.980534 0.865310
vt 0.980534 0.805870
vt 0.982392 0.805870
vt 0.982392 0.865310
vt 0.973335 0.376362
vt 0.973335 0.316922
vt 0.975564 0.316922
vt 0.975564 0.376362
vt 0.981276 0.441514
vt 0.981276 0.382079
vt 0.983133 0.382079
vt 0.983133 0.441514
vt 0.487391 0.994431
vt 0.489248 0.994431
vt 0.489248 0.996660
vt 0.487391 0.996660
vt 0.980163 0.994658
vt 0.982020 0.994658
vt 0.982020 0.996887
vt 0.980163 0.996887
vt 0.745017 0.955743
vt 0.745017 0.896303
vt 0.747246 0.896303
vt 0.747246 0.955743
vt 0.981276 0.376362
vt 0.981276 0.316922
vt 0.983133 0.316922
vt 0.983133 0.376362
vt 0.972222 0.934177
vt 0.972222 0.874737
vt 0.974451 0.874737
vt 0.974451 0.934177
vt 0.985716 0.127444
vt 0.985716 0.068008
vt 0.987573 0.068008
vt 0.987573 0.127444
vt 0.623451 0.994542
vt 0.625309 0.994542
vt 0.625309 0.996771
vt 0.623451 0.996771
vt 0.995287 0.640412
vt 0.997144 0.640412
vt 0.997144 0.642641
vt 0.995287 0.642641
vt 0.979791 0.748149
vt 0.979791 0.688708
vt 0.981649 0.688708
vt 0.981649 0.748149
vt 0.133156 0.684856
vt 0.133156 0.625416
vt 0.185167 0.625416
vt 0.185167 0.684856
vt 0.982006 0.622113
vt 0.982006 0.562673
vt 0.983864 0.562673
vt 0.983864 0.622113
vt 0.190878 0.684851
vt 0.190878 0.625416
vt 0.242889 0.625417
vt 0.242889 0.684852
vt 0.217021 0.846875
vt 0.217021 0.794864
vt 0.218878 0.794864
vt 0.218878 0.846875
vt 0.677459 0.933589
vt 0.677459 0.985600
vt 0.675601 0.985600
vt 0.675601 0.933589
vt 0.755894 0.996226
vt 0.753293 0.996226
vt 0.753293 0.993625
vt 0.755894 0.993625
vt 0.973335 0.508664
vt 0.975935 0.508664
vt 0.975935 0.564390
vt 0.973335 0.564390
vt 0.175832 0.996503
vt 0.173232 0.996503
vt 0.173232 0.993902
vt 0.175832 0.993902
vt 0.026168 0.923040
vt 0.028768 0.923040
vt 0.028768 0.978766
vt 0.026168 0.978766
vt 0.977403 0.058582
vt 0.977403 0.002856
vt 0.980004 0.002856
vt 0.980004 0.058582
vt 0.981028 0.142303
vt 0.981028 0.198029
vt 0.978428 0.198029
vt 0.978428 0.142302
vt 0.987573 0.135756
vt 0.984972 0.135756
vt 0.984972 0.133156
vt 0.987573 0.133156
vt 0.973335 0.447226
vt 0.975935 0.447226
vt 0.975935 0.502952
vt 0.973335 0.502952
vt 0.966510 0.996498
vt 0.963910 0.996498
vt 0.963910 0.993897
vt 0.966510 0.993897
vt 0.947285 0.922757
vt 0.949886 0.922757
vt 0.949886 0.978483
vt 0.947285 0.978483
vt 0.977403 0.120020
vt 0.977403 0.064294
vt 0.980004 0.064294
vt 0.980004 0.120020
vt 0.981771 0.244606
vt 0.981771 0.300332
vt 0.979171 0.300332
vt 0.979171 0.244606
vt 0.963909 0.869025
vt 0.963909 0.805870
vt 0.966510 0.805870
vt 0.966510 0.869025
vt 0.965022 0.380077
vt 0.965022 0.316922
vt 0.967623 0.316922
vt 0.967623 0.380077
vt 0.969091 0.066011
vt 0.969091 0.002856
vt 0.971692 0.002856
vt 0.971692 0.066011
vt 0.971479 0.694135
vt 0.971479 0.630985
vt 0.974079 0.630985
vt 0.974079 0.694135
vt 0.400845 0.996872
vt 0.400845 0.994272
vt 0.403445 0.994272
vt 0.403445 0.996872
vt 0.443869 0.994273
vt 0.443869 0.996873
vt 0.441269 0.996873
vt 0.441269 0.994273
vt 0.963909 0.937893
vt 0.963909 0.874737
vt 0.966510 0.874737
vt 0.966510 0.937893
vt 0.965022 0.448945
vt 0.965022 0.385789
vt 0.967623 0.385789
vt 0.967623 0.448945
vt 0.969091 0.134878
vt 0.969091 0.071723
vt 0.971692 0.071723
vt 0.971692 0.134878
vt 0.971479 0.762998
vt 0.971479 0.699847
vt 0.974079 0.699847
vt 0.974079 0.762998
vt 0.631020 0.996774
vt 0.631020 0.994174
vt 0.633621 0.994174
vt 0.633621 0.996774
vt 0.656650 0.994328
vt 0.656650 0.996928
vt 0.654050 0.996928
vt 0.654050 0.994328
vt 0.450199 0.972428
vt 0.450199 0.912987
vt 0.452428 0.912987
vt 0.452428 0.972428
vt 0.981647 0.506667
vt 0.981647 0.447226
vt 0.983505 0.447226
vt 0.983505 0.506667
vt 0.973335 0.441514
vt 0.973335 0.382074
vt 0.975564 0.382074
vt 0.975564 0.441514
vt 0.986740 0.201738
vt 0.986740 0.142302
vt 0.988597 0.142303
vt 0.988597 0.201738
vt 0.411205 0.994618
vt 0.413063 0.994618
vt 0.413063 0.996847
vt 0.411205 0.996847
vt 0.248280 0.994674
vt 0.250138 0.994674
vt 0.250138 0.996902
vt 0.248280 0.996902
vt 0.963909 0.712716
vt 0.963909 0.630985
vt 0.965767 0.630985
vt 0.965767 0.712716
vt 0.248601 0.707146
vt 0.248601 0.625416
vt 0.285752 0.625416
vt 0.285752 0.707146
vt 0.963909 0.800158
vt 0.963909 0.718427
vt 0.965767 0.718427
vt 0.965767 0.800158
vt 0.291464 0.707140
vt 0.291464 0.625416
vt 0.328614 0.625416
vt 0.328614 0.707140
vt 0.955597 0.986192
vt 0.955597 0.949041
vt 0.957455 0.949041
vt 0.957455 0.986192
vt 0.982020 0.939889
vt 0.982020 0.977040
vt 0.980163 0.977040
vt 0.980163 0.939889
vt 0.460308 0.946908
vt 0.460308 0.859604
vt 0.463280 0.859604
vt 0.463280 0.946908
vt 0.811152 0.946907
vt 0.811152 0.859604
vt 0.814124 0.859604
vt 0.814124 0.946907
vt 0.956338 0.404225
vt 0.956338 0.316922
vt 0.959311 0.316922
vt 0.959311 0.404225
vt 0.956338 0.590248
vt 0.956338 0.502951
vt 0.959311 0.502951
vt 0.959311 0.590248
vt 0.033456 0.879573
vt 0.033456 0.876601
vt 0.036427 0.876601
vt 0.036427 0.879573
vt 0.149051 0.989866
vt 0.149051 0.992839
vt 0.146079 0.992839
vt 0.146079 0.989866
vt 0.033456 0.870889
vt 0.033456 0.783586
vt 0.036428 0.783586
vt 0.036428 0.870889
vt 0.936233 0.958049
vt 0.936233 0.870746
vt 0.939205 0.870746
vt 0.939205 0.958049
vt 0.956338 0.497240
vt 0.956338 0.409937
vt 0.959310 0.409937
vt 0.959310 0.497240
vt 0.322809 0.962171
vt 0.322809 0.874874
vt 0.325781 0.874874
vt 0.325781 0.962171
vt 0.938228 0.622950
vt 0.938228 0.619978
vt 0.941200 0.619978
vt 0.941200 0.622950
vt 0.281129 0.990794
vt 0.281129 0.993766
vt 0.278157 0.993766
vt 0.278157 0.990794
vt 0.843482 0.308749
vt 0.840510 0.308749
vt 0.840510 0.305777
vt 0.843482 0.305777
vt 0.239313 0.690564
vt 0.242285 0.690564
vt 0.242285 0.733659
vt 0.239313 0.733659
vt 0.852166 0.308749
vt 0.849194 0.308749
vt 0.849194 0.305777
vt 0.852166 0.305777
vt 0.181587 0.690568
vt 0.184559 0.690568
vt 0.184559 0.733663
vt 0.181587 0.733663
vt 0.165477 0.977418
vt 0.165477 0.934323
vt 0.168449 0.934323
vt 0.168449 0.977418
vt 0.527219 0.935278
vt 0.527219 0.978373
vt 0.524247 0.978373
vt 0.524247 0.935278
vt 0.796167 0.310235
vt 0.796167 0.305777
vt 0.799139 0.305777
vt 0.799139 0.310235
vt 0.664486 0.933589
vt 0.668944 0.933589
vt 0.668944 0.976684
vt 0.664486 0.976684
vt 0.804851 0.310235
vt 0.804851 0.305777
vt 0.807823 0.305777
vt 0.807823 0.310235
vt 0.412942 0.933906
vt 0.417399 0.933906
vt 0.417399 0.977000
vt 0.412942 0.977000
vt 0.556068 0.978371
vt 0.556068 0.935276
vt 0.559040 0.935276
vt 0.559040 0.978371
vt 0.051289 0.935462
vt 0.051289 0.978556
vt 0.048318 0.978556
vt 0.048318 0.935462
vt 0.831352 0.987908
vt 0.831352 0.961903
vt 0.833210 0.961903
vt 0.833210 0.987908
vt 0.654050 0.988616
vt 0.654050 0.962611
vt 0.655908 0.962611
vt 0.655908 0.988616
vt 0.223142 0.988323
vt 0.223142 0.962318
vt 0.224999 0.962318
vt 0.224999 0.988323
vt 0.623451 0.988830
vt 0.623451 0.962827
vt 0.625309 0.962827
vt 0.625309 0.988830
vt 0.995287 0.650210
vt 0.995287 0.648352
vt 0.997144 0.648352
vt 0.997144 0.650210
vt 0.997144 0.655922
vt 0.997144 0.657779
vt 0.995287 0.657779
vt 0.995287 0.655922
vt 0.026168 0.993766
vt 0.026168 0.984478
vt 0.027282 0.984478
vt 0.027282 0.993766
vt 0.231883 0.900742
vt 0.241171 0.900742
vt 0.241171 0.937893
vt 0.231883 0.937893
vt 0.993285 0.096180
vt 0.993285 0.086893
vt 0.994399 0.086893
vt 0.994399 0.096180
vt 0.174161 0.900747
vt 0.183447 0.900747
vt 0.183447 0.937898
vt 0.174161 0.937898
vt 0.988104 0.843020
vt 0.988104 0.805870
vt 0.989218 0.805870
vt 0.989218 0.843020
vt 0.989575 0.630985
vt 0.989575 0.668136
vt 0.988460 0.668136
vt 0.988460 0.630985
vt 0.804604 0.951668
vt 0.804604 0.936808
vt 0.805347 0.936808
vt 0.805347 0.951668
vt 0.343009 0.961415
vt 0.343009 0.946554
vt 0.353412 0.946554
vt 0.353412 0.961415
vt 0.443126 0.988561
vt 0.443126 0.973701
vt 0.443869 0.973701
vt 0.443869 0.988561
vt 0.372389 0.961413
vt 0.372389 0.946554
vt 0.382791 0.946555
vt 0.382791 0.961414
vt 0.993285 0.065067
vt 0.993285 0.054665
vt 0.994028 0.054665
vt 0.994028 0.065067
vt 0.994028 0.070779
vt 0.994028 0.081181
vt 0.993285 0.081181
vt 0.993285 0.070779
vt 0.804604 0.961095
vt 0.804604 0.957380
vt 0.805421 0.957380
vt 0.805421 0.961095
vt 0.946912 0.608694
vt 0.950627 0.608694
vt 0.950627 0.619097
vt 0.946912 0.619097
vt 0.995287 0.634700
vt 0.995287 0.630985
vt 0.996104 0.630985
vt 0.996104 0.634700
vt 0.766574 0.980623
vt 0.770288 0.980623
vt 0.770288 0.991025
vt 0.766574 0.991025
vt 0.992069 0.993154
vt 0.992069 0.982752
vt 0.992886 0.982752
vt 0.992886 0.993154
vt 0.166294 0.983130
vt 0.166294 0.993532
vt 0.165477 0.993532
vt 0.165477 0.983130
vt 0.908463 0.891151
vt 0.902519 0.891151
vt 0.902519 0.870718
vt 0.908463 0.870718
vt 0.094150 0.783586
vt 0.100095 0.783586
vt 0.100095 0.839312
vt 0.094150 0.839312
vt 0.772518 0.974911
vt 0.766574 0.974911
vt 0.766574 0.954478
vt 0.772518 0.954478
vt 0.733362 0.896303
vt 0.739305 0.896303
vt 0.739305 0.952029
vt 0.733362 0.952029
vt 0.068008 0.839312
vt 0.068008 0.783586
vt 0.088439 0.783586
vt 0.088439 0.839312
vt 0.211309 0.794865
vt 0.211309 0.850591
vt 0.190878 0.850590
vt 0.190878 0.794864
vt 0.004713 0.991523
vt 0.002856 0.991523
vt 0.002856 0.969233
vt 0.004713 0.969233
vt 0.987483 0.294899
vt 0.989340 0.294899
vt 0.989340 0.307902
vt 0.987483 0.307902
vt 0.607011 0.990944
vt 0.605154 0.990944
vt 0.605154 0.968653
vt 0.607011 0.968653
vt 0.988104 0.848732
vt 0.989961 0.848732
vt 0.989961 0.861735
vt 0.988104 0.861735
vt 0.821347 0.933903
vt 0.834349 0.933903
vt 0.834349 0.956191
vt 0.821347 0.956191
vt 0.213169 0.934319
vt 0.226171 0.934318
vt 0.226171 0.956606
vt 0.213169 0.956606
vt 0.993656 0.043210
vt 0.993656 0.042142
vt 0.994028 0.042154
vt 0.994028 0.043208
vt 0.510531 0.951356
vt 0.509477 0.951287
vt 0.509513 0.951016
vt 0.510531 0.951083
vt 0.509561 0.950647
vt 0.510531 0.950710
vt 0.509610 0.950279
vt 0.510531 0.950340
vt 0.977403 0.130565
vt 0.977403 0.129643
vt 0.977675 0.129674
vt 0.977675 0.130561
vt 0.978046 0.129686
vt 0.978047 0.130559
vt 0.978418 0.129674
vt 0.978418 0.130561
vt 0.978690 0.129643
vt 0.978690 0.130565
vt 0.535378 0.944709
vt 0.535617 0.945601
vt 0.535266 0.945721
vt 0.535015 0.944782
vt 0.534914 0.945840
vt 0.534650 0.944854
vt 0.534655 0.945928
vt 0.534382 0.944908
vt 0.993285 0.043208
vt 0.993285 0.042154
vt 0.993657 0.041091
vt 0.994028 0.041115
vt 0.508442 0.951081
vt 0.508512 0.950817
vt 0.508608 0.950457
vt 0.508704 0.950099
vt 0.508775 0.949838
vt 0.509645 0.950011
vt 0.977675 0.128801
vt 0.978046 0.128825
vt 0.978418 0.128801
vt 0.535874 0.945514
vt 0.536213 0.946334
vt 0.535971 0.946454
vt 0.535638 0.946619
vt 0.535304 0.946783
vt 0.535059 0.946903
vt 0.993285 0.041115
vt 0.993657 0.040073
vt 0.994029 0.040110
vt 0.507441 0.950741
vt 0.507546 0.950489
vt 0.507688 0.950145
vt 0.507830 0.949802
vt 0.507934 0.949552
vt 0.977675 0.127956
vt 0.978046 0.127993
vt 0.978418 0.127956
vt 0.536657 0.947103
vt 0.536432 0.947254
vt 0.536124 0.947460
vt 0.535815 0.947667
vt 0.535587 0.947818
vt 0.993285 0.040110
vt 0.993657 0.039107
vt 0.994029 0.039156
vt 0.506494 0.950274
vt 0.506630 0.950037
vt 0.506816 0.949715
vt 0.507002 0.949394
vt 0.507138 0.949160
vt 0.977674 0.127154
vt 0.978046 0.127202
vt 0.978417 0.127154
vt 0.537198 0.947807
vt 0.536994 0.947986
vt 0.536716 0.948231
vt 0.536436 0.948476
vt 0.536230 0.948656
vt 0.993286 0.039156
vt 0.993658 0.038210
vt 0.994030 0.038269
vt 0.505616 0.949688
vt 0.505782 0.949470
vt 0.506008 0.949175
vt 0.506234 0.948881
vt 0.506400 0.948667
vt 0.977674 0.126408
vt 0.978045 0.126468
vt 0.978417 0.126408
vt 0.537825 0.948435
vt 0.537647 0.948639
vt 0.537403 0.948919
vt 0.537157 0.949198
vt 0.536977 0.949403
vt 0.993287 0.038269
vt 0.993659 0.037395
vt 0.994030 0.037465
vt 0.504822 0.948991
vt 0.505014 0.948798
vt 0.505277 0.948534
vt 0.505540 0.948272
vt 0.505732 0.948081
vt 0.977673 0.125732
vt 0.978045 0.125801
vt 0.978416 0.125732
vt 0.538530 0.948976
vt 0.538380 0.949201
vt 0.538174 0.949510
vt 0.537967 0.949819
vt 0.537815 0.950046
vt 0.993287 0.037465
vt 0.993660 0.014414
vt 0.993659 0.013614
vt 0.994030 0.013553
vt 0.994031 0.014344
vt 0.504126 0.948197
vt 0.504342 0.948030
vt 0.504636 0.947804
vt 0.504931 0.947578
vt 0.505147 0.947414
vt 0.048593 0.993865
vt 0.048592 0.993206
vt 0.048964 0.993144
vt 0.048965 0.993794
vt 0.049335 0.993206
vt 0.049336 0.993865
vt 0.539299 0.949419
vt 0.539179 0.949663
vt 0.539016 0.949996
vt 0.538851 0.950329
vt 0.538729 0.950574
vt 0.993288 0.014344
vt 0.993287 0.013553
vt 0.993658 0.012729
vt 0.994029 0.012678
vt 0.503539 0.947319
vt 0.503775 0.947182
vt 0.504096 0.946995
vt 0.504418 0.946810
vt 0.504654 0.946676
vt 0.048592 0.992474
vt 0.048963 0.992423
vt 0.049335 0.992474
vt 0.540119 0.949759
vt 0.540033 0.950016
vt 0.539914 0.950368
vt 0.539794 0.950720
vt 0.539705 0.950978
vt 0.993286 0.012678
vt 0.993657 0.011772
vt 0.994029 0.011734
vt 0.503072 0.946372
vt 0.503323 0.946267
vt 0.503667 0.946124
vt 0.504010 0.945982
vt 0.504261 0.945880
vt 0.048591 0.991684
vt 0.048963 0.991644
vt 0.049334 0.991684
vt 0.540976 0.949989
vt 0.540924 0.950255
vt 0.540852 0.950620
vt 0.540779 0.950984
vt 0.540725 0.951251
vt 0.993286 0.011734
vt 0.993657 0.010762
vt 0.994028 0.010735
vt 0.502733 0.945372
vt 0.502995 0.945300
vt 0.503354 0.945203
vt 0.503713 0.945108
vt 0.503976 0.945039
vt 0.048590 0.990847
vt 0.048962 0.990820
vt 0.049334 0.990847
vt 0.541856 0.950105
vt 0.541840 0.950376
vt 0.541816 0.950747
vt 0.541791 0.951117
vt 0.541772 0.951389
vt 0.993285 0.010735
vt 0.993656 0.009714
vt 0.994028 0.009701
vt 0.502527 0.944336
vt 0.502796 0.944299
vt 0.503165 0.944250
vt 0.503533 0.944202
vt 0.503802 0.944168
vt 0.048590 0.989979
vt 0.048962 0.989964
vt 0.049333 0.989979
vt 0.542744 0.950105
vt 0.542763 0.950376
vt 0.542788 0.950747
vt 0.542812 0.951117
vt 0.542828 0.951389
vt 0.993285 0.009701
vt 0.993656 0.008648
vt 0.994028 0.008647
vt 0.994300 0.008646
vt 0.994300 0.009664
vt 0.502729 0.943281
vt 0.503101 0.943280
vt 0.503472 0.943281
vt 0.048318 0.990018
vt 0.048318 0.989097
vt 0.048590 0.989094
vt 0.048962 0.989092
vt 0.049333 0.989094
vt 0.543624 0.949989
vt 0.543678 0.950255
vt 0.543751 0.950620
vt 0.543823 0.950984
vt 0.543875 0.951251
vt 0.993285 0.008647
vt 0.993656 0.007581
vt 0.994028 0.007593
vt 0.994300 0.007627
vt 0.502796 0.942263
vt 0.503165 0.942311
vt 0.503533 0.942360
vt 0.048318 0.988175
vt 0.048590 0.988207
vt 0.048962 0.988219
vt 0.049333 0.988207
vt 0.544482 0.949759
vt 0.544570 0.950016
vt 0.544690 0.950368
vt 0.544809 0.950720
vt 0.544895 0.950978
vt 0.993285 0.007593
vt 0.993657 0.006531
vt 0.994028 0.006556
vt 0.502527 0.942229
vt 0.502733 0.941193
vt 0.502995 0.941262
vt 0.503354 0.941357
vt 0.503713 0.941454
vt 0.503976 0.941526
vt 0.503802 0.942397
vt 0.048590 0.987334
vt 0.048962 0.987359
vt 0.049334 0.987334
vt 0.545302 0.949419
vt 0.545423 0.949663
vt 0.545588 0.949996
vt 0.545752 0.950329
vt 0.545871 0.950574
vt 0.993285 0.006556
vt 0.993657 0.005517
vt 0.994029 0.005555
vt 0.503072 0.940193
vt 0.503323 0.940295
vt 0.503667 0.940437
vt 0.504010 0.940580
vt 0.504261 0.940685
vt 0.048591 0.986490
vt 0.048963 0.986527
vt 0.049334 0.986490
vt 0.546071 0.948976
vt 0.546223 0.949201
vt 0.546430 0.949510
vt 0.546636 0.949819
vt 0.546786 0.950046
vt 0.993286 0.005555
vt 0.993658 0.004556
vt 0.994029 0.004605
vt 0.503539 0.939246
vt 0.503775 0.939380
vt 0.504096 0.939565
vt 0.504418 0.939752
vt 0.504654 0.939889
vt 0.048592 0.985688
vt 0.048963 0.985737
vt 0.049335 0.985688
vt 0.546775 0.948435
vt 0.546955 0.948639
vt 0.547201 0.948919
vt 0.547445 0.949198
vt 0.547623 0.949403
vt 0.993286 0.004605
vt 0.993659 0.003663
vt 0.994030 0.003724
vt 0.504126 0.938368
vt 0.504342 0.938532
vt 0.504636 0.938757
vt 0.504931 0.938984
vt 0.505147 0.939151
vt 0.048592 0.984944
vt 0.048964 0.985003
vt 0.049335 0.984944
vt 0.547403 0.947807
vt 0.547608 0.947986
vt 0.547888 0.948231
vt 0.548167 0.948476
vt 0.548370 0.948656
vt 0.993287 0.003724
vt 0.993660 0.002856
vt 0.994031 0.002926
vt 0.504822 0.937574
vt 0.505014 0.937764
vt 0.505277 0.938027
vt 0.505540 0.938290
vt 0.505732 0.938484
vt 0.048593 0.984268
vt 0.048965 0.984338
vt 0.049336 0.984268
vt 0.547943 0.947103
vt 0.548170 0.947254
vt 0.548480 0.947460
vt 0.548788 0.947667
vt 0.549013 0.947818
vt 0.993288 0.002926
vt 0.270805 0.980922
vt 0.270804 0.981715
vt 0.270433 0.981776
vt 0.270433 0.980993
vt 0.505616 0.936877
vt 0.505782 0.937092
vt 0.506008 0.937386
vt 0.506234 0.937681
vt 0.506400 0.937898
vt 0.994028 0.101892
vt 0.994028 0.102551
vt 0.993657 0.102612
vt 0.993656 0.101963
vt 0.993285 0.102551
vt 0.993285 0.101892
vt 0.548387 0.946334
vt 0.548632 0.946454
vt 0.548966 0.946619
vt 0.549298 0.946783
vt 0.549541 0.946903
vt 0.271176 0.980993
vt 0.271176 0.981776
vt 0.270803 0.982594
vt 0.270432 0.982645
vt 0.506494 0.936291
vt 0.506630 0.936525
vt 0.506816 0.936846
vt 0.507002 0.937168
vt 0.507138 0.937405
vt 0.994029 0.103281
vt 0.993657 0.103332
vt 0.993286 0.103281
vt 0.548727 0.945514
vt 0.548985 0.945601
vt 0.549338 0.945721
vt 0.549689 0.945840
vt 0.549945 0.945928
vt 0.271175 0.982645
vt 0.270803 0.983546
vt 0.270432 0.983585
vt 0.507441 0.935824
vt 0.507546 0.936073
vt 0.507688 0.936416
vt 0.507830 0.936760
vt 0.507934 0.937013
vt 0.994029 0.104072
vt 0.993658 0.104111
vt 0.993286 0.104072
vt 0.548956 0.944657
vt 0.549224 0.944709
vt 0.549589 0.944782
vt 0.549953 0.944854
vt 0.550219 0.944908
vt 0.271175 0.983585
vt 0.270803 0.984553
vt 0.270431 0.984580
vt 0.508442 0.935484
vt 0.508512 0.935745
vt 0.508608 0.936104
vt 0.508704 0.936463
vt 0.508775 0.936727
vt 0.994030 0.104908
vt 0.993658 0.104935
vt 0.993287 0.104908
vt 0.549072 0.943776
vt 0.549345 0.943794
vt 0.549716 0.943818
vt 0.550086 0.943843
vt 0.550356 0.943861
vt 0.271174 0.984580
vt 0.270802 0.985598
vt 0.270431 0.985612
vt 0.509477 0.935278
vt 0.509513 0.935546
vt 0.509561 0.935914
vt 0.509610 0.936283
vt 0.509645 0.936554
vt 0.994030 0.105776
vt 0.993658 0.105790
vt 0.993287 0.105776
vt 0.549072 0.942889
vt 0.549345 0.942871
vt 0.549716 0.942846
vt 0.550086 0.942822
vt 0.550356 0.942805
vt 0.271174 0.985612
vt 0.270802 0.986663
vt 0.270431 0.986665
vt 0.270159 0.986669
vt 0.270159 0.985652
vt 0.510531 0.935479
vt 0.510531 0.935850
vt 0.510531 0.936222
vt 0.510531 0.936496
vt 0.994030 0.106661
vt 0.993658 0.106662
vt 0.993287 0.106661
vt 0.548956 0.942009
vt 0.549224 0.941955
vt 0.549589 0.941883
vt 0.549953 0.941810
vt 0.271446 0.985652
vt 0.271446 0.986669
vt 0.271174 0.986665
vt 0.270802 0.987731
vt 0.270431 0.987720
vt 0.270159 0.987688
vt 0.511549 0.935546
vt 0.511501 0.935914
vt 0.511452 0.936283
vt 0.511417 0.936554
vt 0.994030 0.107547
vt 0.993658 0.107536
vt 0.993287 0.107547
vt 0.548727 0.941151
vt 0.548985 0.941063
vt 0.549338 0.940944
vt 0.549689 0.940825
vt 0.271446 0.987688
vt 0.271174 0.987720
vt 0.270803 0.988783
vt 0.270431 0.988759
vt 0.511585 0.935278
vt 0.512621 0.935484
vt 0.512550 0.935745
vt 0.512454 0.936104
vt 0.512358 0.936463
vt 0.512288 0.936727
vt 0.994030 0.108420
vt 0.993658 0.108396
vt 0.993287 0.108420
vt 0.548387 0.940331
vt 0.548632 0.940210
vt 0.548966 0.940046
vt 0.549298 0.939882
vt 0.549541 0.939762
vt 0.549945 0.940737
vt 0.271174 0.988759
vt 0.270803 0.989800
vt 0.270432 0.989764
vt 0.513621 0.935824
vt 0.513517 0.936073
vt 0.513375 0.936416
vt 0.513232 0.936760
vt 0.513128 0.937013
vt 0.994029 0.109265
vt 0.993658 0.109229
vt 0.993286 0.109265
vt 0.547943 0.939562
vt 0.548170 0.939411
vt 0.548480 0.939204
vt 0.548788 0.938998
vt 0.549013 0.938847
vt 0.271175 0.989764
vt 0.270803 0.990766
vt 0.270432 0.990718
vt 0.514568 0.936291
vt 0.514432 0.936525
vt 0.514246 0.936846
vt 0.514060 0.937168
vt 0.513924 0.937405
vt 0.994029 0.110067
vt 0.993657 0.110019
vt 0.993286 0.110067
vt 0.547403 0.938858
vt 0.547608 0.938678
vt 0.547888 0.938433
vt 0.548167 0.938188
vt 0.548370 0.938009
vt 0.271175 0.990718
vt 0.270804 0.991664
vt 0.270433 0.991605
vt 0.515446 0.936877
vt 0.515280 0.937092
vt 0.515054 0.937386
vt 0.514828 0.937681
vt 0.514663 0.937898
vt 0.994028 0.110813
vt 0.993657 0.110753
vt 0.993285 0.110813
vt 0.546775 0.938230
vt 0.546955 0.938025
vt 0.547201 0.937746
vt 0.547445 0.937467
vt 0.547623 0.937263
vt 0.271176 0.991605
vt 0.270805 0.992479
vt 0.270433 0.992410
vt 0.516240 0.937574
vt 0.516048 0.937764
vt 0.515785 0.938027
vt 0.515522 0.938290
vt 0.515330 0.938484
vt 0.994028 0.111489
vt 0.993656 0.111419
vt 0.993285 0.111489
vt 0.546071 0.937690
vt 0.546223 0.937463
vt 0.546430 0.937154
vt 0.546636 0.936846
vt 0.546786 0.936620
vt 0.271176 0.992410
vt 0.993925 0.020126
vt 0.993926 0.020920
vt 0.993555 0.020982
vt 0.993554 0.020197
vt 0.516936 0.938368
vt 0.516721 0.938532
vt 0.516426 0.938757
vt 0.516131 0.938984
vt 0.515915 0.939151
vt 0.524990 0.984085
vt 0.524991 0.984749
vt 0.524620 0.984810
vt 0.524619 0.984156
vt 0.524248 0.984749
vt 0.524247 0.984085
vt 0.545302 0.937246
vt 0.545423 0.937002
vt 0.545588 0.936668
vt 0.545752 0.936335
vt 0.545871 0.936092
vt 0.994297 0.020197
vt 0.994298 0.020982
vt 0.993927 0.021801
vt 0.993556 0.021852
vt 0.517523 0.939246
vt 0.517288 0.939380
vt 0.516966 0.939565
vt 0.516644 0.939752
vt 0.516409 0.939889
vt 0.524992 0.985485
vt 0.524620 0.985535
vt 0.524249 0.985485
vt 0.544482 0.936906
vt 0.544570 0.936648
vt 0.544690 0.936296
vt 0.544809 0.935945
vt 0.544895 0.935687
vt 0.994299 0.021852
vt 0.993928 0.022753
vt 0.993556 0.022793
vt 0.517990 0.940193
vt 0.517739 0.940295
vt 0.517396 0.940437
vt 0.517052 0.940580
vt 0.516801 0.940685
vt 0.524993 0.986279
vt 0.524621 0.986317
vt 0.524250 0.986279
vt 0.543624 0.936676
vt 0.543678 0.936409
vt 0.543751 0.936045
vt 0.543823 0.935681
vt 0.543875 0.935414
vt 0.994299 0.022793
vt 0.993928 0.023761
vt 0.993557 0.023788
vt 0.518330 0.941193
vt 0.518067 0.941262
vt 0.517708 0.941357
vt 0.517349 0.941454
vt 0.517087 0.941526
vt 0.524993 0.987118
vt 0.524621 0.987144
vt 0.524250 0.987118
vt 0.542744 0.936560
vt 0.542763 0.936289
vt 0.542788 0.935918
vt 0.542812 0.935547
vt 0.542828 0.935276
vt 0.994300 0.023788
vt 0.993929 0.024807
vt 0.993557 0.024821
vt 0.518536 0.942229
vt 0.518266 0.942263
vt 0.517898 0.942311
vt 0.517529 0.942360
vt 0.517260 0.942397
vt 0.524993 0.987988
vt 0.524622 0.988001
vt 0.524250 0.987988
vt 0.541856 0.936560
vt 0.541840 0.936289
vt 0.541816 0.935918
vt 0.541791 0.935547
vt 0.541772 0.935276
vt 0.994300 0.024821
vt 0.993929 0.025872
vt 0.993557 0.025874
vt 0.993285 0.025877
vt 0.993285 0.024860
vt 0.518333 0.943281
vt 0.517961 0.943280
vt 0.517590 0.943281
vt 0.525266 0.987951
vt 0.525266 0.988872
vt 0.524993 0.988873
vt 0.524622 0.988874
vt 0.524250 0.988873
vt 0.540976 0.936676
vt 0.540924 0.936409
vt 0.540852 0.936045
vt 0.540779 0.935681
vt 0.540725 0.935414
vt 0.994300 0.025874
vt 0.993929 0.026940
vt 0.993557 0.026928
vt 0.993285 0.026897
vt 0.518266 0.944299
vt 0.517898 0.944250
vt 0.517529 0.944202
vt 0.525266 0.989793
vt 0.524993 0.989759
vt 0.524622 0.989747
vt 0.524250 0.989759
vt 0.540119 0.936906
vt 0.540032 0.936648
vt 0.539913 0.936296
vt 0.539794 0.935945
vt 0.539705 0.935687
vt 0.994300 0.026928
vt 0.993928 0.027991
vt 0.993557 0.027967
vt 0.518536 0.944336
vt 0.518330 0.945372
vt 0.518067 0.945300
vt 0.517708 0.945203
vt 0.517349 0.945108
vt 0.517087 0.945039
vt 0.517260 0.944168
vt 0.524993 0.990631
vt 0.524621 0.990606
vt 0.524250 0.990631
vt 0.539298 0.937246
vt 0.539179 0.937002
vt 0.539016 0.936668
vt 0.538851 0.936335
vt 0.538729 0.936092
vt 0.994300 0.027967
vt 0.993928 0.029008
vt 0.993556 0.028971
vt 0.517990 0.946372
vt 0.517739 0.946267
vt 0.517396 0.946124
vt 0.517052 0.945982
vt 0.516801 0.945880
vt 0.524993 0.991473
vt 0.524621 0.991435
vt 0.524250 0.991473
vt 0.538530 0.937690
vt 0.538380 0.937463
vt 0.538174 0.937154
vt 0.537967 0.936846
vt 0.537815 0.936620
vt 0.994299 0.028971
vt 0.993927 0.029973
vt 0.993556 0.029925
vt 0.517523 0.947319
vt 0.517288 0.947182
vt 0.516966 0.946995
vt 0.516644 0.946810
vt 0.516409 0.946676
vt 0.524992 0.992271
vt 0.524620 0.992222
vt 0.524249 0.992271
vt 0.537825 0.938230
vt 0.537647 0.938025
vt 0.537403 0.937746
vt 0.537157 0.937467
vt 0.536977 0.937263
vt 0.994299 0.029925
vt 0.993926 0.030870
vt 0.993555 0.030811
vt 0.516936 0.948197
vt 0.516721 0.948030
vt 0.516426 0.947804
vt 0.516131 0.947578
vt 0.515915 0.947414
vt 0.524991 0.993012
vt 0.524620 0.992952
vt 0.524248 0.993012
vt 0.537198 0.938858
vt 0.536994 0.938678
vt 0.536716 0.938433
vt 0.536436 0.938188
vt 0.536230 0.938009
vt 0.994298 0.030811
vt 0.993925 0.031684
vt 0.993554 0.031614
vt 0.516240 0.948991
vt 0.516048 0.948798
vt 0.515785 0.948534
vt 0.515522 0.948272
vt 0.515330 0.948081
vt 0.524990 0.993683
vt 0.524619 0.993612
vt 0.524247 0.993683
vt 0.536657 0.939562
vt 0.536432 0.939411
vt 0.536124 0.939204
vt 0.535815 0.938998
vt 0.535587 0.938847
vt 0.994297 0.031614
vt 0.993659 0.048953
vt 0.993658 0.048160
vt 0.994030 0.048098
vt 0.994030 0.048881
vt 0.515446 0.949688
vt 0.515280 0.949470
vt 0.515054 0.949175
vt 0.514828 0.948881
vt 0.514663 0.948667
vt 0.977673 0.135328
vt 0.977674 0.134670
vt 0.978045 0.134608
vt 0.978045 0.135257
vt 0.978417 0.134670
vt 0.978416 0.135328
vt 0.536213 0.940331
vt 0.535971 0.940210
vt 0.535638 0.940046
vt 0.535304 0.939882
vt 0.535059 0.939762
vt 0.993287 0.048881
vt 0.993287 0.048098
vt 0.993657 0.047280
vt 0.994029 0.047229
vt 0.514568 0.950274
vt 0.514432 0.950037
vt 0.514246 0.949715
vt 0.514060 0.949394
vt 0.513924 0.949160
vt 0.977674 0.133940
vt 0.978046 0.133889
vt 0.978417 0.133940
vt 0.535874 0.941151
vt 0.535617 0.941063
vt 0.535266 0.940944
vt 0.534914 0.940825
vt 0.534655 0.940737
vt 0.993286 0.047229
vt 0.993657 0.046328
vt 0.994029 0.046289
vt 0.513621 0.950741
vt 0.513517 0.950489
vt 0.513375 0.950145
vt 0.513232 0.949802
vt 0.513128 0.949552
vt 0.977675 0.133150
vt 0.978046 0.133110
vt 0.978418 0.133150
vt 0.535644 0.942009
vt 0.535378 0.941955
vt 0.535015 0.941883
vt 0.534650 0.941810
vt 0.534382 0.941758
vt 0.993285 0.046289
vt 0.993657 0.045321
vt 0.994028 0.045294
vt 0.512621 0.951081
vt 0.512550 0.950817
vt 0.512454 0.950457
vt 0.512358 0.950099
vt 0.512288 0.949838
vt 0.977675 0.132314
vt 0.978046 0.132286
vt 0.978418 0.132314
vt 0.535528 0.942889
vt 0.535258 0.942871
vt 0.534888 0.942846
vt 0.534517 0.942822
vt 0.534244 0.942805
vt 0.993285 0.045294
vt 0.993656 0.044276
vt 0.994028 0.044261
vt 0.511585 0.951287
vt 0.511549 0.951016
vt 0.511501 0.950647
vt 0.511452 0.950279
vt 0.511417 0.950011
vt 0.977675 0.131446
vt 0.978046 0.131431
vt 0.978418 0.131446
vt 0.535528 0.943776
vt 0.535258 0.943794
vt 0.534888 0.943818
vt 0.534516 0.943843
vt 0.534244 0.943861
vt 0.993285 0.044261
vt 0.977403 0.131485
vt 0.978690 0.131485
vt 0.995287 0.664807
vt 0.996401 0.664807
vt 0.996401 0.665518
vt 0.995287 0.665518
vt 0.996402 0.666118
vt 0.995287 0.666118
vt 0.995673 0.848732
vt 0.996788 0.848732
vt 0.996787 0.849341
vt 0.995673 0.849341
vt 0.996787 0.850054
vt 0.995673 0.850054
vt 0.996787 0.850762
vt 0.995673 0.850762
vt 0.996788 0.851359
vt 0.995673 0.851359
vt 0.183215 0.996529
vt 0.182101 0.996529
vt 0.182101 0.995921
vt 0.183216 0.995921
vt 0.182101 0.995208
vt 0.183216 0.995208
vt 0.182101 0.994499
vt 0.183216 0.994499
vt 0.182101 0.993902
vt 0.183215 0.993902
vt 0.996788 0.859697
vt 0.995673 0.859697
vt 0.995673 0.859089
vt 0.996787 0.859089
vt 0.995673 0.858376
vt 0.996787 0.858376
vt 0.995673 0.857667
vt 0.996787 0.857667
vt 0.995673 0.857071
vt 0.996788 0.857071
vt 0.824349 0.309420
vt 0.823680 0.309143
vt 0.823167 0.308630
vt 0.822890 0.307961
vt 0.822890 0.307236
vt 0.823167 0.306567
vt 0.823680 0.306054
vt 0.824349 0.305777
vt 0.825074 0.305777
vt 0.825744 0.306054
vt 0.826256 0.306567
vt 0.826534 0.307236
vt 0.826534 0.307961
vt 0.826256 0.308630
vt 0.825744 0.309143
vt 0.825074 0.309420
vt 0.995287 0.663491
vt 0.996402 0.663491
vt 0.996401 0.664096
vt 0.995287 0.664096
vt 0.816388 0.309143
vt 0.815719 0.309420
vt 0.814994 0.309420
vt 0.814324 0.309143
vt 0.813812 0.308630
vt 0.813534 0.307961
vt 0.813534 0.307236
vt 0.813812 0.306567
vt 0.814324 0.306054
vt 0.814994 0.305777
vt 0.815719 0.305777
vt 0.816388 0.306054
vt 0.816901 0.306567
vt 0.817178 0.307236
vt 0.817178 0.307961
vt 0.816901 0.308630
vt 0.167660 0.928611
vt 0.167660 0.794870
vt 0.168087 0.794870
vt 0.168087 0.928611
vt 0.168449 0.794869
vt 0.168449 0.928609
vt 0.224595 0.928607
vt 0.224595 0.794866
vt 0.224957 0.794865
vt 0.224957 0.928605
vt 0.225383 0.794864
vt 0.225383 0.928605
vt 0.225810 0.794865
vt 0.225810 0.928605
vt 0.226172 0.794866
vt 0.226172 0.928607
vt 0.954234 0.136591
vt 0.954234 0.002860
vt 0.954596 0.002857
vt 0.954596 0.136587
vt 0.955023 0.002856
vt 0.955023 0.136586
vt 0.955449 0.002857
vt 0.955449 0.136587
vt 0.955810 0.002860
vt 0.955810 0.136591
vt 0.026168 0.917328
vt 0.026168 0.783587
vt 0.026529 0.783586
vt 0.026529 0.917327
vt 0.026956 0.783586
vt 0.026956 0.917327
vt 0.027382 0.783586
vt 0.027382 0.917327
vt 0.027744 0.783587
vt 0.027744 0.917328
vt 0.479493 0.995742
vt 0.479493 0.995307
vt 0.479659 0.994905
vt 0.479967 0.994598
vt 0.480368 0.994431
vt 0.480803 0.994431
vt 0.481205 0.994598
vt 0.481512 0.994905
vt 0.481679 0.995307
vt 0.481679 0.995742
vt 0.481512 0.996144
vt 0.481205 0.996451
vt 0.480803 0.996618
vt 0.480368 0.996618
vt 0.479967 0.996451
vt 0.479659 0.996144
vt 0.166873 0.928609
vt 0.166873 0.794869
vt 0.167234 0.794870
vt 0.167234 0.928611
vt 0.242382 0.994773
vt 0.242382 0.995208
vt 0.242215 0.995610
vt 0.241908 0.995917
vt 0.241506 0.996083
vt 0.241071 0.996083
vt 0.240670 0.995917
vt 0.240362 0.995610
vt 0.240196 0.995208
vt 0.240196 0.994773
vt 0.240362 0.994371
vt 0.240669 0.994064
vt 0.241071 0.993897
vt 0.241506 0.993897
vt 0.241908 0.994064
vt 0.242215 0.994371
vt 0.190878 0.789153
vt 0.190878 0.746430
vt 0.226172 0.746430
vt 0.226172 0.789153
vt 0.190878 0.690564
vt 0.233601 0.690564
vt 0.233601 0.740718
vt 0.190878 0.740718
vt 0.133156 0.789157
vt 0.133156 0.746434
vt 0.168449 0.746434
vt 0.168449 0.789157
vt 0.133156 0.690569
vt 0.175875 0.690568
vt 0.175875 0.740722
vt 0.133156 0.740722
vt 0.002856 0.777874
vt 0.002856 0.727720
vt 0.038145 0.727720
vt 0.038145 0.777873
vt 0.103297 0.727721
vt 0.103297 0.777874
vt 0.068008 0.777874
vt 0.068008 0.727720
vt 0.018226 0.975037
vt 0.015254 0.975037
vt 0.015254 0.937887
vt 0.018226 0.937887
vt 0.979791 0.630985
vt 0.982749 0.630985
vt 0.982749 0.682996
vt 0.979791 0.682996
vt 0.927316 0.940493
vt 0.930288 0.940493
vt 0.930288 0.977643
vt 0.927316 0.977643
vt 0.973335 0.570102
vt 0.976294 0.570102
vt 0.976294 0.622113
vt 0.973335 0.622113
vt 0.248601 0.764869
vt 0.248601 0.712858
vt 0.285602 0.712862
vt 0.285602 0.764873
vt 0.328466 0.712852
vt 0.328466 0.764863
vt 0.291464 0.764866
vt 0.291464 0.712855
vt 0.979171 0.307887
vt 0.981028 0.307887
vt 0.981029 0.308881
vt 0.979171 0.308881
vt 0.981030 0.309722
vt 0.979172 0.309722
vt 0.692348 0.992835
vt 0.694206 0.992835
vt 0.694205 0.993687
vt 0.692347 0.993687
vt 0.694205 0.994685
vt 0.692347 0.994685
vt 0.694205 0.995677
vt 0.692347 0.995677
vt 0.694206 0.996512
vt 0.692348 0.996512
vt 0.841919 0.995584
vt 0.840061 0.995584
vt 0.840062 0.994733
vt 0.841919 0.994733
vt 0.840062 0.993735
vt 0.841920 0.993735
vt 0.840062 0.992743
vt 0.841919 0.992743
vt 0.840061 0.991907
vt 0.841919 0.991907
vt 0.996788 0.809547
vt 0.994930 0.809547
vt 0.994930 0.808695
vt 0.996787 0.808694
vt 0.994930 0.807696
vt 0.996787 0.807696
vt 0.994930 0.806704
vt 0.996787 0.806704
vt 0.994930 0.805870
vt 0.996788 0.805870
vt 0.549245 0.310878
vt 0.548308 0.310489
vt 0.547591 0.309772
vt 0.547202 0.308835
vt 0.547202 0.307820
vt 0.547591 0.306882
vt 0.548308 0.306165
vt 0.549246 0.305777
vt 0.550260 0.305777
vt 0.551198 0.306165
vt 0.551915 0.306882
vt 0.552303 0.307820
vt 0.552303 0.308835
vt 0.551915 0.309772
vt 0.551198 0.310489
vt 0.550260 0.310878
vt 0.979172 0.306044
vt 0.981030 0.306044
vt 0.981029 0.306891
vt 0.979171 0.306891
vt 0.486320 0.306165
vt 0.487037 0.306882
vt 0.487426 0.307820
vt 0.487426 0.308835
vt 0.487037 0.309772
vt 0.486320 0.310490
vt 0.485382 0.310878
vt 0.484368 0.310878
vt 0.483430 0.310489
vt 0.482713 0.309772
vt 0.482325 0.308835
vt 0.482325 0.307820
vt 0.482713 0.306882
vt 0.483430 0.306165
vt 0.484368 0.305777
vt 0.485383 0.305777
vt 0.972222 0.992024
vt 0.974079 0.992024
vt 0.974080 0.993019
vt 0.972222 0.993019
vt 0.974081 0.993859
vt 0.972223 0.993859
vt 0.258254 0.992828
vt 0.260112 0.992828
vt 0.260111 0.993680
vt 0.258254 0.993680
vt 0.260111 0.994678
vt 0.258253 0.994678
vt 0.260111 0.995670
vt 0.258254 0.995670
vt 0.260112 0.996505
vt 0.258254 0.996505
vt 0.957455 0.995581
vt 0.955597 0.995581
vt 0.955598 0.994730
vt 0.957456 0.994730
vt 0.955598 0.993732
vt 0.957456 0.993732
vt 0.955598 0.992740
vt 0.957456 0.992740
vt 0.955597 0.991904
vt 0.957455 0.991904
vt 0.996788 0.818936
vt 0.994931 0.818936
vt 0.994930 0.818084
vt 0.996787 0.818084
vt 0.994930 0.817086
vt 0.996787 0.817086
vt 0.994930 0.816094
vt 0.996787 0.816094
vt 0.994931 0.815259
vt 0.996788 0.815259
vt 0.525965 0.306882
vt 0.526682 0.306165
vt 0.527620 0.305777
vt 0.528634 0.305777
vt 0.529572 0.306165
vt 0.530289 0.306882
vt 0.530677 0.307820
vt 0.530677 0.308835
vt 0.530289 0.309772
vt 0.529572 0.310489
vt 0.528634 0.310878
vt 0.527620 0.310878
vt 0.526682 0.310489
vt 0.525965 0.309772
vt 0.525576 0.308835
vt 0.525576 0.307820
vt 0.972223 0.990182
vt 0.974081 0.990182
vt 0.974080 0.991028
vt 0.972222 0.991028
vt 0.497133 0.306165
vt 0.497850 0.306882
vt 0.498239 0.307820
vt 0.498239 0.308835
vt 0.497850 0.309772
vt 0.497133 0.310489
vt 0.496195 0.310878
vt 0.495181 0.310878
vt 0.494243 0.310489
vt 0.493526 0.309772
vt 0.493138 0.308835
vt 0.493138 0.307820
vt 0.493526 0.306882
vt 0.494243 0.306165
vt 0.495181 0.305777
vt 0.496195 0.305777
vt 0.675600 0.993155
vt 0.677458 0.993155
vt 0.677458 0.994149
vt 0.675601 0.994149
vt 0.677459 0.994990
vt 0.675601 0.994990
vt 0.994867 0.281803
vt 0.996725 0.281803
vt 0.996724 0.282655
vt 0.994867 0.282655
vt 0.996724 0.283653
vt 0.994866 0.283653
vt 0.996724 0.284645
vt 0.994867 0.284645
vt 0.996725 0.285480
vt 0.994867 0.285480
vt 0.916776 0.996038
vt 0.914918 0.996038
vt 0.914919 0.995187
vt 0.916776 0.995187
vt 0.914919 0.994189
vt 0.916777 0.994189
vt 0.914919 0.993197
vt 0.916776 0.993197
vt 0.914918 0.992361
vt 0.916776 0.992361
vt 0.996788 0.837714
vt 0.994930 0.837714
vt 0.994930 0.836862
vt 0.996787 0.836862
vt 0.994930 0.835864
vt 0.996787 0.835864
vt 0.994930 0.834872
vt 0.996787 0.834872
vt 0.994930 0.834037
vt 0.996788 0.834037
vt 0.558403 0.306882
vt 0.559121 0.306165
vt 0.560058 0.305777
vt 0.561073 0.305777
vt 0.562010 0.306165
vt 0.562728 0.306883
vt 0.563116 0.307820
vt 0.563116 0.308835
vt 0.562728 0.309772
vt 0.562011 0.310490
vt 0.561073 0.310878
vt 0.560058 0.310878
vt 0.559121 0.310490
vt 0.558403 0.309772
vt 0.558015 0.308835
vt 0.558015 0.307820
vt 0.675601 0.991312
vt 0.677459 0.991312
vt 0.677458 0.992159
vt 0.675601 0.992158
vt 0.518759 0.310489
vt 0.517821 0.310878
vt 0.516807 0.310878
vt 0.515869 0.310489
vt 0.515152 0.309772
vt 0.514763 0.308835
vt 0.514763 0.307820
vt 0.515152 0.306882
vt 0.515869 0.306165
vt 0.516807 0.305777
vt 0.517821 0.305777
vt 0.518759 0.306165
vt 0.519476 0.306882
vt 0.519864 0.307820
vt 0.519865 0.308835
vt 0.519476 0.309772
vt 0.811152 0.993609
vt 0.813010 0.993610
vt 0.813010 0.994604
vt 0.811152 0.994604
vt 0.813011 0.995444
vt 0.811153 0.995444
vt 0.157766 0.992990
vt 0.159624 0.992990
vt 0.159623 0.993843
vt 0.157766 0.993842
vt 0.159623 0.994841
vt 0.157766 0.994841
vt 0.159623 0.995833
vt 0.157766 0.995833
vt 0.159624 0.996668
vt 0.157766 0.996668
vt 0.434975 0.996242
vt 0.433117 0.996242
vt 0.433118 0.995391
vt 0.434975 0.995391
vt 0.433118 0.994393
vt 0.434976 0.994393
vt 0.433118 0.993400
vt 0.434975 0.993400
vt 0.433117 0.992564
vt 0.434975 0.992564
vt 0.996788 0.828325
vt 0.994930 0.828325
vt 0.994930 0.827473
vt 0.996787 0.827473
vt 0.994930 0.826475
vt 0.996787 0.826475
vt 0.994930 0.825483
vt 0.996787 0.825483
vt 0.994930 0.824648
vt 0.996788 0.824648
vt 0.538432 0.310878
vt 0.537495 0.310489
vt 0.536778 0.309772
vt 0.536389 0.308835
vt 0.536389 0.307820
vt 0.536778 0.306882
vt 0.537495 0.306165
vt 0.538433 0.305777
vt 0.539447 0.305777
vt 0.540385 0.306165
vt 0.541102 0.306882
vt 0.541490 0.307820
vt 0.541490 0.308835
vt 0.541102 0.309772
vt 0.540385 0.310489
vt 0.539447 0.310878
vt 0.811153 0.991767
vt 0.813011 0.991767
vt 0.813010 0.992613
vt 0.811152 0.992613
vt 0.507946 0.306165
vt 0.508663 0.306882
vt 0.509052 0.307820
vt 0.509052 0.308835
vt 0.508663 0.309772
vt 0.507946 0.310490
vt 0.507008 0.310878
vt 0.505994 0.310878
vt 0.505056 0.310489
vt 0.504339 0.309772
vt 0.503951 0.308835
vt 0.503951 0.307820
vt 0.504339 0.306882
vt 0.505056 0.306165
vt 0.505994 0.305777
vt 0.507008 0.305777
vt 0.291464 0.817016
vt 0.291464 0.770578
vt 0.323042 0.770578
vt 0.323042 0.817016
vt 0.133156 0.841306
vt 0.133156 0.794869
vt 0.157303 0.794869
vt 0.157303 0.841307
vt 0.248601 0.817022
vt 0.248601 0.770584
vt 0.280179 0.770584
vt 0.280179 0.817022
vt 0.291464 0.869162
vt 0.291464 0.822728
vt 0.315612 0.822729
vt 0.315612 0.869163
vt 0.623451 0.896303
vt 0.647599 0.896303
vt 0.647599 0.927877
vt 0.623451 0.927877
vt 0.653311 0.896303
vt 0.677459 0.896302
vt 0.677459 0.927877
vt 0.653311 0.927877
vt 0.811152 0.952619
vt 0.813752 0.952619
vt 0.813752 0.986055
vt 0.811152 0.986055
vt 0.971479 0.768710
vt 0.974068 0.768709
vt 0.974068 0.794715
vt 0.971479 0.794715
vt 0.755893 0.987913
vt 0.753293 0.987913
vt 0.753293 0.954478
vt 0.755893 0.954478
vt 0.979541 0.211170
vt 0.982129 0.211170
vt 0.982129 0.237175
vt 0.979541 0.237175
vt 0.502527 0.896302
vt 0.528532 0.896305
vt 0.528532 0.929566
vt 0.502527 0.929564
vt 0.534244 0.896305
vt 0.560249 0.896302
vt 0.560249 0.929562
vt 0.534244 0.929564
vt 0.303085 0.979970
vt 0.303085 0.951736
vt 0.304151 0.951735
vt 0.304151 0.979969
vt 0.305056 0.951732
vt 0.305056 0.979966
vt 0.258253 0.975210
vt 0.258253 0.946976
vt 0.259157 0.946973
vt 0.259157 0.975207
vt 0.260224 0.946971
vt 0.260224 0.975206
vt 0.261290 0.946973
vt 0.261290 0.975207
vt 0.262194 0.946976
vt 0.262194 0.975210
vt 0.248601 0.975214
vt 0.248601 0.946983
vt 0.249506 0.946974
vt 0.249506 0.975206
vt 0.250573 0.946971
vt 0.250573 0.975203
vt 0.251638 0.946974
vt 0.251638 0.975206
vt 0.252542 0.946983
vt 0.252542 0.975215
vt 0.310768 0.979970
vt 0.310768 0.951736
vt 0.311672 0.951733
vt 0.311672 0.979967
vt 0.312738 0.951732
vt 0.312738 0.979966
vt 0.313805 0.951733
vt 0.313805 0.979967
vt 0.314709 0.951736
vt 0.314709 0.979970
vt 0.035360 0.991296
vt 0.035360 0.990208
vt 0.035776 0.989204
vt 0.036545 0.988435
vt 0.037549 0.988019
vt 0.038636 0.988019
vt 0.039640 0.988435
vt 0.040409 0.989204
vt 0.040825 0.990208
vt 0.040825 0.991295
vt 0.040409 0.992300
vt 0.039640 0.993068
vt 0.038636 0.993485
vt 0.037549 0.993485
vt 0.036545 0.993069
vt 0.035776 0.992300
vt 0.301116 0.979966
vt 0.301116 0.951732
vt 0.302019 0.951735
vt 0.302019 0.979969
vt 0.726923 0.989880
vt 0.726923 0.990967
vt 0.726507 0.991971
vt 0.725738 0.992740
vt 0.724734 0.993156
vt 0.723647 0.993156
vt 0.722642 0.992740
vt 0.721874 0.991971
vt 0.721458 0.990967
vt 0.721458 0.989880
vt 0.721874 0.988875
vt 0.722642 0.988107
vt 0.723647 0.987691
vt 0.724734 0.987691
vt 0.725738 0.988107
vt 0.726507 0.988875
vt 0.609257 0.308041
vt 0.610365 0.308041
vt 0.610367 0.309298
vt 0.609259 0.309203
vt 0.611475 0.308041
vt 0.612419 0.308042
vt 0.612420 0.308931
vt 0.611477 0.309203
vt 0.668106 0.306707
vt 0.668106 0.307812
vt 0.667625 0.306817
vt 0.638973 0.307828
vt 0.640058 0.307580
vt 0.640058 0.308074
vt 0.608321 0.308042
vt 0.608322 0.308931
vt 0.668107 0.305777
vt 0.667218 0.305980
vt 0.640983 0.307370
vt 0.640983 0.308282
vt 0.639843 0.308519
vt 0.609263 0.310136
vt 0.608325 0.309645
vt 0.611481 0.310136
vt 0.610371 0.310308
vt 0.667239 0.307124
vt 0.666505 0.306548
vt 0.640588 0.309103
vt 0.612423 0.309645
vt 0.667025 0.307569
vt 0.666109 0.307370
vt 0.639875 0.309672
vt 0.639458 0.308826
vt 0.722936 0.308934
vt 0.722799 0.307824
vt 0.723961 0.307821
vt 0.724010 0.308931
vt 0.722936 0.306716
vt 0.723328 0.305779
vt 0.724150 0.305777
vt 0.724010 0.306713
vt 0.723328 0.309877
vt 0.724150 0.309875
vt 0.638986 0.309875
vt 0.638977 0.308936
vt 0.725250 0.307821
vt 0.725201 0.308931
vt 0.725062 0.305777
vt 0.725201 0.306713
vt 0.667025 0.308062
vt 0.725062 0.309875
vt 0.666109 0.308281
vt 0.667239 0.308507
vt 0.638496 0.308826
vt 0.726275 0.308934
vt 0.725883 0.309877
vt 0.726275 0.306716
vt 0.726412 0.307824
vt 0.666505 0.309103
vt 0.638097 0.309672
vt 0.725883 0.305779
vt 0.588687 0.306439
vt 0.589632 0.305949
vt 0.589642 0.306882
vt 0.588695 0.307153
vt 0.590743 0.305777
vt 0.591850 0.305949
vt 0.591860 0.306882
vt 0.590754 0.306786
vt 0.667625 0.308815
vt 0.667218 0.309671
vt 0.637384 0.309103
vt 0.638110 0.308518
vt 0.592785 0.306439
vt 0.592792 0.307153
vt 0.636988 0.308282
vt 0.637896 0.308074
vt 0.590758 0.308044
vt 0.589646 0.308044
vt 0.592795 0.308043
vt 0.591863 0.308043
vt 0.668106 0.308924
vt 0.588697 0.308043
vt 0.668107 0.309874
vt 0.590754 0.309301
vt 0.589642 0.309205
vt 0.592792 0.308931
vt 0.591860 0.309205
vt 0.668587 0.308815
vt 0.637896 0.307580
vt 0.588695 0.308931
vt 0.668996 0.309671
vt 0.636988 0.307370
vt 0.638110 0.307136
vt 0.589632 0.310135
vt 0.588687 0.309643
vt 0.591850 0.310135
vt 0.590743 0.310308
vt 0.668973 0.308507
vt 0.669709 0.309103
vt 0.637384 0.306548
vt 0.592785 0.309643
vt 0.741449 0.307824
vt 0.741587 0.306716
vt 0.742660 0.306714
vt 0.742611 0.307822
vt 0.669187 0.308062
vt 0.670105 0.308281
vt 0.638097 0.305979
vt 0.638496 0.306828
vt 0.741587 0.308934
vt 0.742660 0.308932
vt 0.741979 0.305779
vt 0.742800 0.305777
vt 0.741979 0.309876
vt 0.742800 0.309875
vt 0.638986 0.305777
vt 0.638977 0.306718
vt 0.743901 0.307822
vt 0.743852 0.308932
vt 0.743712 0.305777
vt 0.743852 0.306714
vt 0.669187 0.307569
vt 0.743712 0.309875
vt 0.670105 0.307370
vt 0.744534 0.305779
vt 0.744925 0.306716
vt 0.668973 0.307124
vt 0.639458 0.306828
vt 0.744925 0.308934
vt 0.744534 0.309876
vt 0.745063 0.307824
vt 0.669709 0.306548
vt 0.639875 0.305980
vt 0.639843 0.307136
vt 0.608325 0.306441
vt 0.609263 0.305949
vt 0.609259 0.306880
vt 0.608322 0.307153
vt 0.610371 0.305777
vt 0.611481 0.305949
vt 0.611477 0.306880
vt 0.610367 0.306784
vt 0.668587 0.306817
vt 0.668996 0.305980
vt 0.640588 0.306548
vt 0.612423 0.306441
vt 0.612420 0.307153
vt 0.293433 0.979970
vt 0.293433 0.951736
vt 0.294499 0.951735
vt 0.294499 0.979969
vt 0.295404 0.951732
vt 0.295404 0.979966
vt 0.267906 0.975210
vt 0.267906 0.946976
vt 0.268809 0.946973
vt 0.268809 0.975207
vt 0.269876 0.946971
vt 0.269876 0.975206
vt 0.270942 0.946973
vt 0.270942 0.975207
vt 0.271846 0.946976
vt 0.271846 0.975210
vt 0.362737 0.974797
vt 0.362737 0.946565
vt 0.363641 0.946557
vt 0.363641 0.974789
vt 0.364708 0.946554
vt 0.364708 0.974786
vt 0.365774 0.946557
vt 0.365774 0.974789
vt 0.366677 0.946566
vt 0.366677 0.974797
vt 0.460308 0.980858
vt 0.460308 0.952623
vt 0.461212 0.952621
vt 0.461212 0.980855
vt 0.462278 0.952619
vt 0.462278 0.980854
vt 0.463344 0.952621
vt 0.463344 0.980855
vt 0.464248 0.952623
vt 0.464248 0.980858
vt 0.820176 0.991430
vt 0.820176 0.990343
vt 0.820592 0.989338
vt 0.821360 0.988570
vt 0.822365 0.988153
vt 0.823452 0.988153
vt 0.824456 0.988569
vt 0.825225 0.989338
vt 0.825641 0.990342
vt 0.825641 0.991430
vt 0.825225 0.992434
vt 0.824456 0.993203
vt 0.823452 0.993619
vt 0.822365 0.993619
vt 0.821360 0.993203
vt 0.820592 0.992434
vt 0.291464 0.979966
vt 0.291464 0.951732
vt 0.292367 0.951735
vt 0.292367 0.979969
vt 0.857675 0.990057
vt 0.857675 0.991144
vt 0.857259 0.992149
vt 0.856490 0.992917
vt 0.855486 0.993333
vt 0.854399 0.993333
vt 0.853394 0.992917
vt 0.852626 0.992148
vt 0.852210 0.991144
vt 0.852210 0.990057
vt 0.852626 0.989052
vt 0.853394 0.988284
vt 0.854399 0.987868
vt 0.855486 0.987868
vt 0.856490 0.988284
vt 0.857259 0.989053
vt 0.658885 0.306817
vt 0.658405 0.307813
vt 0.658403 0.306708
vt 0.648692 0.307838
vt 0.648692 0.306726
vt 0.649173 0.306836
vt 0.598507 0.308042
vt 0.599443 0.308041
vt 0.599445 0.309203
vt 0.598508 0.308931
vt 0.600551 0.308041
vt 0.601661 0.308041
vt 0.601663 0.309203
vt 0.600553 0.309298
vt 0.659289 0.305980
vt 0.658400 0.305777
vt 0.648693 0.305777
vt 0.649582 0.305980
vt 0.602605 0.308042
vt 0.602606 0.308931
vt 0.601667 0.310136
vt 0.600557 0.310308
vt 0.657922 0.306817
vt 0.657511 0.305979
vt 0.650295 0.306548
vt 0.649559 0.307144
vt 0.599449 0.310136
vt 0.602609 0.309645
vt 0.598511 0.309645
vt 0.650690 0.307370
vt 0.649773 0.307588
vt 0.732262 0.308934
vt 0.732124 0.307824
vt 0.733286 0.307821
vt 0.733335 0.308931
vt 0.732262 0.306716
vt 0.732653 0.305779
vt 0.733475 0.305777
vt 0.733335 0.306713
vt 0.657537 0.307125
vt 0.732653 0.309877
vt 0.733475 0.309875
vt 0.656798 0.306548
vt 0.734387 0.305777
vt 0.734527 0.306713
vt 0.657322 0.307570
vt 0.649773 0.308082
vt 0.734527 0.308931
vt 0.734387 0.309875
vt 0.734576 0.307821
vt 0.656402 0.307369
vt 0.650690 0.308281
vt 0.649559 0.308526
vt 0.735600 0.308934
vt 0.735208 0.309877
vt 0.735600 0.306716
vt 0.735738 0.307824
vt 0.657322 0.308063
vt 0.656402 0.308281
vt 0.650295 0.309103
vt 0.735208 0.305779
vt 0.657537 0.308508
vt 0.656798 0.309103
vt 0.649582 0.309671
vt 0.649173 0.308834
vt 0.579812 0.305949
vt 0.580923 0.305777
vt 0.580934 0.306786
vt 0.579822 0.306882
vt 0.582030 0.305949
vt 0.582965 0.306439
vt 0.582972 0.307153
vt 0.582040 0.306881
vt 0.578867 0.306439
vt 0.578875 0.307153
vt 0.648693 0.309874
vt 0.648692 0.308944
vt 0.580938 0.308044
vt 0.579826 0.308044
vt 0.582975 0.308043
vt 0.582044 0.308043
vt 0.657922 0.308815
vt 0.578877 0.308043
vt 0.657511 0.309671
vt 0.658403 0.308925
vt 0.648211 0.308834
vt 0.579822 0.309205
vt 0.578875 0.308931
vt 0.582040 0.309205
vt 0.580934 0.309301
vt 0.658400 0.309874
vt 0.647804 0.309671
vt 0.582972 0.308931
vt 0.579812 0.310135
vt 0.578867 0.309643
vt 0.582030 0.310135
vt 0.580923 0.310308
vt 0.658885 0.308815
vt 0.659289 0.309671
vt 0.647091 0.309103
vt 0.647825 0.308526
vt 0.582965 0.309643
vt 0.646695 0.308281
vt 0.647611 0.308082
vt 0.750912 0.308934
vt 0.750775 0.307824
vt 0.751936 0.307822
vt 0.751986 0.308932
vt 0.750912 0.306716
vt 0.751304 0.305778
vt 0.752125 0.305777
vt 0.751986 0.306714
vt 0.659270 0.308508
vt 0.751304 0.309876
vt 0.752125 0.309875
vt 0.660002 0.309103
vt 0.753226 0.307822
vt 0.753177 0.308932
vt 0.753037 0.305777
vt 0.753177 0.306714
vt 0.659485 0.308063
vt 0.647611 0.307588
vt 0.753037 0.309875
vt 0.660397 0.308282
vt 0.646695 0.307370
vt 0.647825 0.307143
vt 0.754251 0.308934
vt 0.753859 0.309876
vt 0.754251 0.306716
vt 0.754388 0.307824
vt 0.659485 0.307570
vt 0.660397 0.307370
vt 0.647091 0.306548
vt 0.753859 0.305778
vt 0.600557 0.305777
vt 0.601667 0.305949
vt 0.601663 0.306880
vt 0.600553 0.306784
vt 0.659270 0.307125
vt 0.660002 0.306548
vt 0.647804 0.305980
vt 0.648211 0.306836
vt 0.599449 0.305949
vt 0.599445 0.306880
vt 0.602609 0.306441
vt 0.602606 0.307153
vt 0.598511 0.306441
vt 0.598508 0.307153
s 0
usemtl PizzaShopBaked_lvl5
f 1/1/1 2/2/1 4/3/1 3/4/1
f 3/5/2 4/6/2 8/7/2 7/8/2
f 7/9/3 8/10/3 6/11/3 5/12/3
f 5/13/4 6/14/4 2/15/4 1/16/4
f 3/17/5 7/18/5 5/19/5 1/20/5
f 8/21/6 4/22/6 2/23/6 6/24/6
f 9/25/1 10/26/1 12/27/1 11/28/1
f 11/29/2 12/30/2 16/31/2 15/32/2
f 15/33/3 16/34/3 14/35/3 13/36/3
f 13/37/4 14/38/4 10/39/4 9/40/4
f 11/41/5 15/42/5 13/43/5 9/44/5
f 16/45/6 12/46/6 10/47/6 14/48/6
f 17/49/1 18/50/1 20/51/1 19/52/1
f 19/53/2 20/54/2 24/55/2 23/56/2
f 23/57/3 24/58/3 22/59/3 21/60/3
f 21/61/4 22/62/4 18/63/4 17/64/4
f 19/65/5 23/66/5 21/67/5 17/68/5
f 24/69/6 20/70/6 18/71/6 22/72/6
f 25/73/1 26/74/1 28/75/1 27/76/1
f 27/77/2 28/78/2 32/79/2 31/80/2
f 31/81/3 32/82/3 30/83/3 29/84/3
f 29/85/4 30/86/4 26/87/4 25/88/4
f 27/89/5 31/90/5 29/91/5 25/92/5
f 32/93/6 28/94/6 26/95/6 30/96/6
f 33/97/1 34/98/1 36/99/1 35/100/1
f 35/101/2 36/102/2 40/103/2 39/104/2
f 39/105/3 40/106/3 38/107/3 37/108/3
f 37/109/4 38/110/4 34/111/4 33/112/4
f 35/113/5 39/114/5 37/115/5 33/116/5
f 40/117/6 36/118/6 34/119/6 38/120/6
f 41/121/1 42/122/1 44/123/1 43/124/1
f 43/125/2 44/126/2 48/127/2 47/128/2
f 47/129/3 48/130/3 46/131/3 45/132/3
f 45/133/4 46/134/4 42/135/4 41/136/4
f 43/137/5 47/138/5 45/139/5 41/140/5
f 48/141/6 44/142/6 42/143/6 46/144/6
f 49/145/1 50/146/1 52/147/1 51/148/1
f 51/149/2 52/150/2 56/151/2 55/152/2
f 55/153/3 56/154/3 54/155/3 53/156/3
f 53/157/4 54/158/4 50/159/4 49/160/4
f 51/161/5 55/162/5 53/163/5 49/164/5
f 56/165/6 52/166/6 50/167/6 54/168/6
f 57/169/1 58/170/1 60/171/1 59/172/1
f 59/173/2 60/174/2 64/175/2 63/176/2
f 63/177/3 64/178/3 62/179/3 61/180/3
f 61/181/4 62/182/4 58/183/4 57/184/4
f 59/185/5 63/186/5 61/187/5 57/188/5
f 64/189/6 60/190/6 58/191/6 62/192/6
f 65/193/1 66/194/1 68/195/1 67/196/1
f 67/197/2 68/198/2 72/199/2 71/200/2
f 71/201/3 72/202/3 70/203/3 69/204/3
f 69/205/4 70/206/4 66/207/4 65/208/4
f 67/209/5 71/210/5 69/211/5 65/212/5
f 72/213/6 68/214/6 66/215/6 70/216/6
f 73/217/1 74/218/1 76/219/1 75/220/1
f 75/221/2 76/222/2 80/223/2 79/224/2
f 79/225/3 80/226/3 78/227/3 77/228/3
f 77/229/4 78/230/4 74/231/4 73/232/4
f 75/233/5 79/234/5 77/235/5 73/236/5
f 80/237/6 76/238/6 74/239/6 78/240/6
f 81/241/1 82/242/1 84/243/1 83/244/1
f 83/245/2 84/246/2 88/247/2 87/248/2
f 87/249/3 88/250/3 86/251/3 85/252/3
f 85/253/4 86/254/4 82/255/4 81/256/4
f 83/257/5 87/258/5 85/259/5 81/260/5
f 88/261/6 84/262/6 82/263/6 86/264/6
f 89/265/1 90/266/1 92/267/1 91/268/1
f 91/269/2 92/270/2 96/271/2 95/272/2
f 95/273/3 96/274/3 94/275/3 93/276/3
f 93/277/4 94/278/4 90/279/4 89/280/4
f 91/281/5 95/282/5 93/283/5 89/284/5
f 96/285/6 92/286/6 90/287/6 94/288/6
f 97/289/1 98/290/1 100/291/1 99/292/1
f 99/293/2 100/294/2 104/295/2 103/296/2
f 103/297/3 104/298/3 102/299/3 101/300/3
f 101/301/4 102/302/4 98/303/4 97/304/4
f 99/305/5 103/306/5 101/307/5 97/308/5
f 104/309/6 100/310/6 98/311/6 102/312/6
f 109/313/4 111/314/4 110/315/4
f 109/313/4 114/316/4 111/314/4
f 114/316/4 112/317/4 111/314/4
f 109/313/4 115/318/4 114/316/4
f 113/319/4 112/317/4 114/316/4
f 109/313/4 107/320/4 115/318/4
f 107/320/4 113/319/4 115/318/4
f 107/320/4 106/321/4 113/319/4
f 106/321/4 112/317/4 113/319/4
f 109/313/4 108/322/4 107/320/4
f 105/323/4 112/317/4 106/321/4
f 123/324/4 117/325/4 116/326/4
f 123/324/4 122/327/4 117/325/4
f 122/327/4 118/328/4 117/325/4
f 121/329/4 118/328/4 122/327/4
f 121/329/4 119/330/4 118/328/4
f 121/329/4 120/331/4 119/330/4
f 131/332/4 125/333/4 124/334/4
f 131/332/4 130/335/4 125/333/4
f 130/335/4 126/336/4 125/333/4
f 129/337/4 126/336/4 130/335/4
f 129/337/4 127/338/4 126/336/4
f 129/337/4 128/339/4 127/338/4
f 132/340/4 134/341/4 133/342/4
f 132/340/4 135/343/4 134/341/4
f 162/344/4 190/345/4 163/346/4
f 190/345/4 164/347/4 163/346/4
f 190/345/4 136/348/4 164/347/4
f 190/345/4 137/349/4 136/348/4
f 190/345/4 138/350/4 137/349/4
f 190/345/4 139/351/4 138/350/4
f 190/345/4 140/352/4 139/351/4
f 190/345/4 141/353/4 140/352/4
f 190/345/4 142/354/4 141/353/4
f 190/345/7 189/355/7 142/354/7
f 189/355/4 143/356/4 142/354/4
f 162/344/4 191/357/4 190/345/4
f 188/358/4 143/356/4 189/355/4
f 187/359/4 143/356/4 188/358/4
f 186/360/4 143/356/4 187/359/4
f 186/360/4 144/361/4 143/356/4
f 185/362/7 144/361/7 186/360/7
f 184/363/8 144/361/8 185/362/8
f 183/364/4 144/361/4 184/363/4
f 183/364/4 145/365/4 144/361/4
f 182/366/7 145/365/7 183/364/7
f 181/367/4 145/365/4 182/366/4
f 180/368/4 145/365/4 181/367/4
f 180/368/4 146/369/4 145/365/4
f 179/370/4 146/369/4 180/368/4
f 178/371/4 146/369/4 179/370/4
f 178/371/4 147/372/4 146/369/4
f 177/373/4 147/372/4 178/371/4
f 176/374/4 147/372/4 177/373/4
f 176/374/4 148/375/4 147/372/4
f 175/376/4 148/375/4 176/374/4
f 175/376/4 149/377/4 148/375/4
f 174/378/4 149/377/4 175/376/4
f 173/379/8 149/377/8 174/378/8
f 173/379/4 150/380/4 149/377/4
f 172/381/4 150/380/4 173/379/4
f 171/382/4 150/380/4 172/381/4
f 171/382/4 151/383/4 150/380/4
f 170/384/4 151/383/4 171/382/4
f 169/385/7 151/383/7 170/384/7
f 168/386/8 151/383/8 169/385/8
f 167/387/7 151/383/7 168/386/7
f 167/387/4 152/388/4 151/383/4
f 166/389/4 152/388/4 167/387/4
f 165/390/4 152/388/4 166/389/4
f 162/344/4 160/391/4 191/357/4
f 160/391/4 165/390/4 191/357/4
f 160/391/4 152/388/4 165/390/4
f 160/391/4 153/392/4 152/388/4
f 160/391/4 154/393/4 153/392/4
f 160/391/4 155/394/4 154/393/4
f 160/391/4 156/395/4 155/394/4
f 160/391/4 157/396/4 156/395/4
f 160/391/7 158/397/7 157/396/7
f 160/391/9 159/398/9 158/397/9
f 162/344/4 161/399/4 160/391/4
f 196/400/2 197/401/2 198/402/2
f 196/400/2 198/402/2 201/403/2
f 201/403/2 198/402/2 199/404/2
f 196/400/2 201/403/2 202/405/2
f 200/406/2 201/403/2 199/404/2
f 196/400/2 202/405/2 194/407/2
f 194/407/2 202/405/2 200/406/2
f 194/407/2 200/406/2 193/408/2
f 193/408/2 200/406/2 199/404/2
f 196/400/2 194/407/2 195/409/2
f 192/410/2 193/408/2 199/404/2
f 210/411/2 203/412/2 204/413/2
f 210/411/2 204/413/2 209/414/2
f 209/414/2 204/413/2 205/415/2
f 208/416/2 209/414/2 205/415/2
f 208/416/2 205/415/2 206/417/2
f 208/416/2 206/417/2 207/418/2
f 218/419/2 211/420/2 212/421/2
f 218/419/2 212/421/2 217/422/2
f 217/422/2 212/421/2 213/423/2
f 216/424/2 217/422/2 213/423/2
f 216/424/2 213/423/2 214/425/2
f 216/424/2 214/425/2 215/426/2
f 219/427/2 220/428/2 221/429/2
f 219/427/2 221/429/2 222/430/2
f 249/431/2 250/432/2 277/433/2
f 277/433/2 250/432/2 251/434/2
f 277/433/2 251/434/2 223/435/2
f 277/433/2 223/435/2 224/436/2
f 277/433/2 224/436/2 225/437/2
f 277/433/2 225/437/2 226/438/2
f 277/433/2 226/438/2 227/439/2
f 277/433/2 227/439/2 228/440/2
f 277/433/2 228/440/2 229/441/2
f 277/433/2 229/441/2 276/442/2
f 276/442/2 229/441/2 230/443/2
f 249/431/2 277/433/2 278/444/2
f 275/445/2 276/442/2 230/443/2
f 274/446/2 275/445/2 230/443/2
f 273/447/2 274/446/2 230/443/2
f 273/447/2 230/443/2 231/448/2
f 272/449/2 273/447/2 231/448/2
f 271/450/2 272/449/2 231/448/2
f 270/451/2 271/450/2 231/448/2
f 270/451/2 231/448/2 232/452/2
f 269/453/2 270/451/2 232/452/2
f 268/454/10 269/453/10 232/452/10
f 267/455/2 268/454/2 232/452/2
f 267/455/2 232/452/2 233/456/2
f 266/457/10 267/455/10 233/456/10
f 265/458/2 266/457/2 233/456/2
f 265/458/2 233/456/2 234/459/2
f 264/460/2 265/458/2 234/459/2
f 263/461/2 264/460/2 234/459/2
f 263/461/2 234/459/2 235/462/2
f 262/463/2 263/461/2 235/462/2
f 262/463/2 235/462/2 236/464/2
f 261/465/2 262/463/2 236/464/2
f 260/466/2 261/465/2 236/464/2
f 260/466/2 236/464/2 237/467/2
f 259/468/2 260/466/2 237/467/2
f 258/469/2 259/468/2 237/467/2
f 258/469/2 237/467/2 238/470/2
f 257/471/2 258/469/2 238/470/2
f 256/472/2 257/471/2 238/470/2
f 255/473/2 256/472/2 238/470/2
f 254/474/2 255/473/2 238/470/2
f 254/474/2 238/470/2 239/475/2
f 253/476/2 254/474/2 239/475/2
f 252/477/2 253/476/2 239/475/2
f 249/431/2 278/444/2 247/478/2
f 247/478/2 278/444/2 252/477/2
f 247/478/2 252/477/2 239/475/2
f 247/478/2 239/475/2 240/479/2
f 247/478/2 240/479/2 241/480/2
f 247/478/2 241/480/2 242/481/2
f 247/478/2 242/481/2 243/482/2
f 247/478/2 243/482/2 244/483/2
f 247/478/2 244/483/2 245/484/2
f 247/478/2 245/484/2 246/485/2
f 249/431/2 247/478/2 248/486/2
s 1
f 280/487/11 292/488/12 291/489/13 279/490/14
f 281/491/15 293/492/16 292/488/12 280/487/11
f 282/493/17 294/494/18 293/492/16 281/491/15
f 283/495/19 295/496/20 294/497/18 282/498/17
f 284/499/21 296/500/22 295/496/20 283/495/19
f 285/501/23 297/502/24 296/500/22 284/499/21
f 286/503/25 298/504/26 297/502/24 285/501/23
f 287/505/27 299/506/28 298/504/26 286/503/25
f 288/507/29 300/508/30 299/506/28 287/505/27
f 289/509/31 301/510/32 300/511/30 288/512/29
f 290/513/33 302/514/34 301/510/32 289/509/31
f 292/488/12 304/515/35 303/516/36 291/489/13
f 293/492/16 305/517/37 304/515/35 292/488/12
f 294/494/18 306/518/38 305/517/37 293/492/16
f 295/496/20 307/519/39 306/520/38 294/497/18
f 296/500/22 308/521/40 307/519/39 295/496/20
f 297/502/24 309/522/41 308/521/40 296/500/22
f 298/504/26 310/523/42 309/522/41 297/502/24
f 299/506/28 311/524/43 310/523/42 298/504/26
f 300/511/30 312/525/44 311/526/43 299/527/28
f 301/510/32 313/528/45 312/525/44 300/511/30
f 302/514/34 314/529/46 313/528/45 301/510/32
f 304/515/35 316/530/47 315/531/48 303/516/36
f 305/517/37 317/532/49 316/530/47 304/515/35
f 306/518/38 318/533/50 317/532/49 305/517/37
f 307/519/39 319/534/51 318/535/50 306/520/38
f 308/521/40 320/536/52 319/534/51 307/519/39
f 309/522/41 321/537/53 320/536/52 308/521/40
f 310/523/42 322/538/54 321/537/53 309/522/41
f 311/524/43 323/539/55 322/538/54 310/523/42
f 312/525/44 324/540/56 323/541/55 311/526/43
f 313/528/45 325/542/57 324/540/56 312/525/44
f 314/529/46 326/543/58 325/542/57 313/528/45
f 316/530/47 328/544/59 327/545/60 315/531/48
f 317/532/49 329/546/61 328/544/59 316/530/47
f 318/533/50 330/547/62 329/546/61 317/532/49
f 319/534/51 331/548/63 330/549/62 318/535/50
f 320/536/52 332/550/64 331/548/63 319/534/51
f 321/537/53 333/551/65 332/550/64 320/536/52
f 322/538/54 334/552/66 333/551/65 321/537/53
f 323/539/55 335/553/67 334/552/66 322/538/54
f 324/540/56 336/554/68 335/555/67 323/541/55
f 325/542/57 337/556/69 336/554/68 324/540/56
f 326/543/58 338/557/70 337/556/69 325/542/57
f 328/544/59 340/558/71 339/559/72 327/545/60
f 329/546/61 341/560/73 340/558/71 328/544/59
f 330/547/62 342/561/74 341/560/73 329/546/61
f 331/548/63 343/562/75 342/563/74 330/549/62
f 332/550/64 344/564/76 343/562/75 331/548/63
f 333/551/65 345/565/77 344/564/76 332/550/64
f 334/552/66 346/566/78 345/565/77 333/551/65
f 335/553/67 347/567/79 346/566/78 334/552/66
f 336/554/68 348/568/80 347/569/79 335/555/67
f 337/556/69 349/570/81 348/568/80 336/554/68
f 338/557/70 350/571/82 349/570/81 337/556/69
f 340/558/71 352/572/83 351/573/84 339/559/72
f 341/560/73 353/574/85 352/572/83 340/558/71
f 342/561/74 354/575/86 353/574/85 341/560/73
f 343/576/75 355/577/87 354/578/86 342/579/74
f 344/580/76 356/581/88 355/577/87 343/576/75
f 345/582/77 357/583/89 356/581/88 344/580/76
f 346/584/78 358/585/90 357/583/89 345/582/77
f 347/586/79 359/587/91 358/585/90 346/584/78
f 348/568/80 360/588/92 359/589/91 347/569/79
f 349/570/81 361/590/93 360/588/92 348/568/80
f 350/571/82 362/591/94 361/590/93 349/570/81
f 352/572/83 364/592/95 363/593/96 351/573/84
f 353/574/85 365/594/97 364/592/95 352/572/83
f 354/575/86 366/595/98 365/594/97 353/574/85
f 355/577/87 367/596/99 366/597/98 354/578/86
f 356/581/88 368/598/100 367/596/99 355/577/87
f 357/583/89 369/599/101 368/598/100 356/581/88
f 358/585/90 370/600/102 369/599/101 357/583/89
f 359/587/91 371/601/103 370/600/102 358/585/90
f 360/588/92 372/602/104 371/603/103 359/589/91
f 361/590/93 373/604/105 372/602/104 360/588/92
f 362/591/94 374/605/106 373/604/105 361/590/93
f 364/592/95 376/606/107 375/607/108 363/593/96
f 365/594/97 377/608/109 376/606/107 364/592/95
f 366/595/98 378/609/110 377/608/109 365/594/97
f 367/596/99 379/610/111 378/611/110 366/597/98
f 368/598/100 380/612/112 379/610/111 367/596/99
f 369/599/101 381/613/113 380/612/112 368/598/100
f 370/600/102 382/614/114 381/613/113 369/599/101
f 371/601/103 383/615/115 382/614/114 370/600/102
f 372/602/104 384/616/116 383/617/115 371/603/103
f 373/604/105 385/618/117 384/616/116 372/602/104
f 374/605/106 386/619/118 385/618/117 373/604/105
f 376/606/107 388/620/119 387/621/120 375/607/108
f 377/608/109 389/622/121 388/620/119 376/606/107
f 378/609/110 390/623/122 389/622/121 377/608/109
f 379/610/111 391/624/123 390/625/122 378/611/110
f 380/612/112 392/626/124 391/624/123 379/610/111
f 381/613/113 393/627/125 392/626/124 380/612/112
f 382/614/114 394/628/126 393/627/125 381/613/113
f 383/615/115 395/629/127 394/628/126 382/614/114
f 384/616/116 396/630/128 395/631/127 383/617/115
f 385/618/117 397/632/129 396/630/128 384/616/116
f 386/619/118 398/633/130 397/632/129 385/618/117
f 388/620/119 400/634/131 399/635/132 387/621/120
f 389/622/121 401/636/133 400/634/131 388/620/119
f 390/623/122 402/637/134 401/636/133 389/622/121
f 391/624/123 403/638/135 402/639/134 390/625/122
f 392/626/124 404/640/136 403/638/135 391/624/123
f 393/627/125 405/641/137 404/640/136 392/626/124
f 394/628/126 406/642/138 405/641/137 393/627/125
f 395/629/127 407/643/139 406/642/138 394/628/126
f 396/630/128 408/644/140 407/645/139 395/631/127
f 397/632/129 409/646/141 408/644/140 396/630/128
f 398/633/130 410/647/142 409/646/141 397/632/129
f 400/634/131 412/648/143 411/649/144 399/635/132
f 401/636/133 413/650/145 412/648/143 400/634/131
f 402/637/134 414/651/146 413/650/145 401/636/133
f 403/638/135 415/652/147 414/653/146 402/639/134
f 404/640/136 416/654/148 415/652/147 403/638/135
f 405/641/137 417/655/149 416/654/148 404/640/136
f 406/642/138 418/656/150 417/655/149 405/641/137
f 407/643/139 419/657/151 418/656/150 406/642/138
f 408/644/140 420/658/152 419/659/151 407/645/139
f 409/646/141 421/660/153 420/658/152 408/644/140
f 410/647/142 422/661/154 421/660/153 409/646/141
f 412/648/143 424/662/155 423/663/156 411/649/144
f 413/650/145 425/664/157 424/662/155 412/648/143
f 414/651/146 426/665/158 425/664/157 413/650/145
f 415/652/147 427/666/159 426/667/158 414/653/146
f 416/654/148 428/668/160 427/666/159 415/652/147
f 417/655/149 429/669/161 428/668/160 416/654/148
f 418/656/150 430/670/162 429/669/161 417/655/149
f 419/657/151 431/671/163 430/670/162 418/656/150
f 420/658/152 432/672/164 431/673/163 419/659/151
f 421/660/153 433/674/165 432/672/164 420/658/152
f 422/661/154 434/675/166 433/674/165 421/660/153
f 424/662/155 436/676/167 435/677/168 423/663/156
f 425/664/157 437/678/169 436/676/167 424/662/155
f 426/665/158 438/679/170 437/678/169 425/664/157
f 427/666/159 439/680/171 438/681/170 426/667/158
f 428/668/160 440/682/172 439/680/171 427/666/159
f 429/669/161 441/683/173 440/682/172 428/668/160
f 430/670/162 442/684/174 441/683/173 429/669/161
f 431/671/163 443/685/175 442/684/174 430/670/162
f 432/672/164 444/686/176 443/687/175 431/673/163
f 433/674/165 445/688/177 444/686/176 432/672/164
f 434/675/166 446/689/178 445/688/177 433/674/165
f 436/676/167 448/690/179 447/691/180 435/677/168
f 437/678/169 449/692/181 448/690/179 436/676/167
f 438/679/170 450/693/182 449/692/181 437/678/169
f 439/680/171 451/694/183 450/695/182 438/681/170
f 440/682/172 452/696/184 451/694/183 439/680/171
f 441/683/173 453/697/185 452/696/184 440/682/172
f 442/684/174 454/698/186 453/697/185 441/683/173
f 443/685/175 455/699/187 454/698/186 442/684/174
f 444/686/176 456/700/188 455/701/187 443/687/175
f 445/688/177 457/702/189 456/700/188 444/686/176
f 446/689/178 458/703/190 457/702/189 445/688/177
f 448/690/179 460/704/191 459/705/192 447/691/180
f 449/692/181 461/706/193 460/704/191 448/690/179
f 450/693/182 462/707/194 461/706/193 449/692/181
f 451/694/183 463/708/195 462/709/194 450/695/182
f 452/696/184 464/710/196 463/708/195 451/694/183
f 453/697/185 465/711/197 464/710/196 452/696/184
f 454/698/186 466/712/198 465/711/197 453/697/185
f 455/699/187 467/713/199 466/712/198 454/698/186
f 456/700/188 468/714/200 467/715/199 455/701/187
f 457/702/189 469/716/201 468/714/200 456/700/188
f 458/703/190 470/717/202 469/716/201 457/702/189
f 460/704/191 472/718/203 471/719/204 459/705/192
f 461/706/193 473/720/205 472/718/203 460/704/191
f 462/707/194 474/721/206 473/720/205 461/706/193
f 463/708/195 475/722/207 474/723/206 462/709/194
f 464/710/196 476/724/208 475/722/207 463/708/195
f 465/711/197 477/725/209 476/724/208 464/710/196
f 466/712/198 478/726/210 477/725/209 465/711/197
f 467/713/199 479/727/211 478/726/210 466/712/198
f 468/714/200 480/728/212 479/729/211 467/715/199
f 469/716/201 481/730/213 480/728/212 468/714/200
f 470/717/202 482/731/214 481/730/213 469/716/201
f 472/718/203 484/732/215 483/733/216 471/719/204
f 473/720/205 485/734/217 484/732/215 472/718/203
f 474/721/206 486/735/218 485/734/217 473/720/205
f 475/722/207 487/736/219 486/737/218 474/723/206
f 476/724/208 488/738/220 487/736/219 475/722/207
f 477/725/209 489/739/221 488/738/220 476/724/208
f 478/726/210 490/740/222 489/739/221 477/725/209
f 479/727/211 491/741/223 490/740/222 478/726/210
f 480/728/212 492/742/224 491/743/223 479/729/211
f 481/730/213 493/744/225 492/742/224 480/728/212
f 482/731/214 494/745/226 493/744/225 481/730/213
f 484/732/215 496/746/227 495/747/228 483/733/216
f 485/734/217 497/748/229 496/746/227 484/732/215
f 486/735/218 498/749/230 497/748/229 485/734/217
f 487/750/219 499/751/231 498/752/230 486/753/218
f 488/754/220 500/755/232 499/751/231 487/750/219
f 489/756/221 501/757/233 500/755/232 488/754/220
f 490/758/222 502/759/234 501/757/233 489/756/221
f 491/760/223 503/761/235 502/759/234 490/758/222
f 492/742/224 504/762/236 503/763/235 491/743/223
f 493/744/225 505/764/237 504/762/236 492/742/224
f 494/745/226 506/765/238 505/764/237 493/744/225
f 496/746/227 508/766/239 507/767/240 495/747/228
f 497/748/229 509/768/241 508/766/239 496/746/227
f 498/749/230 510/769/242 509/768/241 497/748/229
f 499/751/231 511/770/243 510/771/242 498/752/230
f 500/755/232 512/772/244 511/770/243 499/751/231
f 501/757/233 513/773/245 512/772/244 500/755/232
f 502/759/234 514/774/246 513/773/245 501/757/233
f 503/761/235 515/775/247 514/774/246 502/759/234
f 504/762/236 516/776/248 515/777/247 503/763/235
f 505/764/237 517/778/249 516/776/248 504/762/236
f 506/765/238 518/779/250 517/778/249 505/764/237
f 508/766/239 520/780/251 519/781/252 507/767/240
f 509/768/241 521/782/253 520/780/251 508/766/239
f 510/769/242 522/783/254 521/782/253 509/768/241
f 511/770/243 523/784/255 522/785/254 510/771/242
f 512/772/244 524/786/256 523/784/255 511/770/243
f 513/773/245 525/787/257 524/786/256 512/772/244
f 514/774/246 526/788/258 525/787/257 513/773/245
f 515/775/247 527/789/259 526/788/258 514/774/246
f 516/776/248 528/790/260 527/791/259 515/777/247
f 517/778/249 529/792/261 528/790/260 516/776/248
f 518/779/250 530/793/262 529/792/261 517/778/249
f 520/780/251 532/794/263 531/795/264 519/781/252
f 521/782/253 533/796/265 532/794/263 520/780/251
f 522/783/254 534/797/266 533/796/265 521/782/253
f 523/784/255 535/798/267 534/799/266 522/785/254
f 524/786/256 536/800/268 535/798/267 523/784/255
f 525/787/257 537/801/269 536/800/268 524/786/256
f 526/788/258 538/802/270 537/801/269 525/787/257
f 527/789/259 539/803/271 538/802/270 526/788/258
f 528/790/260 540/804/272 539/805/271 527/791/259
f 529/792/261 541/806/273 540/804/272 528/790/260
f 530/793/262 542/807/274 541/806/273 529/792/261
f 532/794/263 544/808/275 543/809/276 531/795/264
f 533/796/265 545/810/277 544/808/275 532/794/263
f 534/799/266 546/811/278 545/812/277 533/813/265
f 535/798/267 547/814/279 546/811/278 534/799/266
f 536/800/268 548/815/280 547/814/279 535/798/267
f 537/801/269 549/816/281 548/815/280 536/800/268
f 538/802/270 550/817/282 549/816/281 537/801/269
f 539/803/271 551/818/283 550/817/282 538/802/270
f 540/804/272 552/819/284 551/820/283 539/805/271
f 541/806/273 553/821/285 552/819/284 540/804/272
f 542/807/274 554/822/286 553/821/285 541/806/273
f 544/808/275 556/823/287 555/824/288 543/809/276
f 545/810/277 557/825/289 556/823/287 544/808/275
f 546/811/278 558/826/290 557/827/289 545/812/277
f 547/814/279 559/828/291 558/826/290 546/811/278
f 548/815/280 560/829/292 559/828/291 547/814/279
f 549/816/281 561/830/293 560/829/292 548/815/280
f 550/817/282 562/831/294 561/830/293 549/816/281
f 551/818/283 563/832/295 562/831/294 550/817/282
f 552/819/284 564/833/296 563/834/295 551/820/283
f 553/821/285 565/835/297 564/833/296 552/819/284
f 554/822/286 566/836/298 565/835/297 553/821/285
f 556/823/287 568/837/299 567/838/300 555/824/288
f 557/825/289 569/839/301 568/837/299 556/823/287
f 558/826/290 570/840/302 569/841/301 557/827/289
f 559/828/291 571/842/303 570/840/302 558/826/290
f 560/829/292 572/843/304 571/842/303 559/828/291
f 561/830/293 573/844/305 572/843/304 560/829/292
f 562/831/294 574/845/306 573/844/305 561/830/293
f 563/832/295 575/846/307 574/845/306 562/831/294
f 564/833/296 576/847/308 575/848/307 563/834/295
f 565/835/297 577/849/309 576/847/308 564/833/296
f 566/836/298 578/850/310 577/849/309 565/835/297
f 568/837/299 580/851/311 579/852/300 567/838/300
f 569/839/301 581/853/312 580/851/311 568/837/299
f 570/854/302 582/855/313 581/853/312 569/839/301
f 571/856/303 583/857/314 582/858/313 570/859/302
f 572/860/304 584/861/315 583/857/314 571/856/303
f 573/862/305 585/863/316 584/861/315 572/860/304
f 574/864/306 586/865/317 585/863/316 573/862/305
f 575/866/307 587/867/318 586/865/317 574/864/306
f 576/847/308 588/868/319 587/869/318 575/848/307
f 577/849/309 589/870/320 588/868/319 576/847/308
f 578/850/310 590/871/310 589/870/320 577/849/309
f 580/851/311 592/872/321 591/873/322 579/852/300
f 581/853/312 593/874/323 592/872/321 580/851/311
f 582/875/313 594/876/324 593/877/323 581/878/312
f 583/879/314 595/880/325 594/876/324 582/875/313
f 584/881/315 596/882/326 595/880/325 583/879/314
f 585/883/316 597/884/327 596/882/326 584/881/315
f 586/885/317 598/886/328 597/884/327 585/883/316
f 587/887/318 599/888/329 598/886/328 586/885/317
f 588/868/319 600/889/330 599/890/329 587/869/318
f 589/870/320 601/891/331 600/889/330 588/868/319
f 590/871/310 602/892/332 601/891/331 589/870/320
f 592/872/321 604/893/333 603/894/334 591/873/322
f 593/874/323 605/895/335 604/893/333 592/872/321
f 594/896/324 606/897/336 605/898/335 593/899/323
f 595/900/325 607/901/337 606/897/336 594/896/324
f 596/902/326 608/903/338 607/901/337 595/900/325
f 597/904/327 609/905/339 608/903/338 596/902/326
f 598/906/328 610/907/340 609/905/339 597/904/327
f 599/908/329 611/909/341 610/907/340 598/906/328
f 600/910/330 612/911/342 611/909/341 599/908/329
f 601/891/331 613/912/343 612/913/342 600/889/330
f 602/892/332 614/914/344 613/912/343 601/891/331
f 604/893/333 616/915/345 615/916/346 603/894/334
f 605/895/335 617/917/347 616/915/345 604/893/333
f 606/918/336 618/919/348 617/917/347 605/895/335
f 607/920/337 619/921/349 618/922/348 606/923/336
f 608/924/338 620/925/350 619/921/349 607/920/337
f 609/926/339 621/927/351 620/925/350 608/924/338
f 610/928/340 622/929/352 621/927/351 609/926/339
f 611/930/341 623/931/353 622/929/352 610/928/340
f 612/932/342 624/933/354 623/931/353 611/930/341
f 613/912/343 625/934/355 624/935/354 612/913/342
f 614/914/344 626/936/356 625/934/355 613/912/343
f 616/915/345 280/487/11 279/490/14 615/916/346
f 617/917/347 281/491/15 280/487/11 616/915/345
f 618/919/348 282/493/17 281/491/15 617/917/347
f 619/921/349 283/495/19 282/498/17 618/922/348
f 620/925/350 284/499/21 283/495/19 619/921/349
f 621/927/351 285/501/23 284/499/21 620/925/350
f 622/929/352 286/503/25 285/501/23 621/927/351
f 623/931/353 287/505/27 286/503/25 622/929/352
f 624/933/354 288/507/29 287/505/27 623/931/353
f 625/934/355 289/509/31 288/512/29 624/935/354
f 626/936/356 290/513/33 289/509/31 625/934/355
f 628/937/357 640/938/358 639/939/359 627/940/360
f 629/941/361 641/942/362 640/938/358 628/937/357
f 630/943/363 642/944/364 641/942/362 629/941/361
f 631/945/365 643/946/366 642/947/364 630/948/363
f 632/949/367 644/950/368 643/946/366 631/945/365
f 633/951/369 645/952/370 644/950/368 632/949/367
f 634/953/371 646/954/372 645/952/370 633/951/369
f 635/955/373 647/956/374 646/954/372 634/953/371
f 636/957/375 648/958/376 647/956/374 635/955/373
f 637/959/377 649/960/378 648/961/376 636/962/375
f 638/963/379 650/964/380 649/960/378 637/959/377
f 640/938/358 652/965/381 651/966/382 639/939/359
f 641/942/362 653/967/383 652/965/381 640/938/358
f 642/944/364 654/968/384 653/967/383 641/942/362
f 643/946/366 655/969/385 654/970/384 642/947/364
f 644/950/368 656/971/386 655/969/385 643/946/366
f 645/952/370 657/972/387 656/971/386 644/950/368
f 646/954/372 658/973/388 657/972/387 645/952/370
f 647/956/374 659/974/389 658/973/388 646/954/372
f 648/958/376 660/975/390 659/974/389 647/956/374
f 649/960/378 661/976/391 660/977/390 648/961/376
f 650/964/380 662/978/392 661/976/391 649/960/378
f 652/965/381 664/979/393 663/980/394 651/966/382
f 653/967/383 665/981/395 664/979/393 652/965/381
f 654/968/384 666/982/396 665/981/395 653/967/383
f 655/969/385 667/983/397 666/984/396 654/970/384
f 656/971/386 668/985/398 667/983/397 655/969/385
f 657/972/387 669/986/399 668/985/398 656/971/386
f 658/973/388 670/987/400 669/986/399 657/972/387
f 659/974/389 671/988/401 670/987/400 658/973/388
f 660/977/390 672/989/402 671/990/401 659/991/389
f 661/976/391 673/992/403 672/989/402 660/977/390
f 662/978/392 674/993/404 673/992/403 661/976/391
f 664/979/393 676/994/405 675/995/406 663/980/394
f 665/981/395 677/996/407 676/994/405 664/979/393
f 666/982/396 678/997/408 677/996/407 665/981/395
f 667/983/397 679/998/409 678/999/408 666/984/396
f 668/985/398 680/1000/410 679/998/409 667/983/397
f 669/986/399 681/1001/411 680/1000/410 668/985/398
f 670/987/400 682/1002/412 681/1001/411 669/986/399
f 671/988/401 683/1003/413 682/1002/412 670/987/400
f 672/989/402 684/1004/414 683/1005/413 671/990/401
f 673/992/403 685/1006/415 684/1004/414 672/989/402
f 674/993/404 686/1007/416 685/1006/415 673/992/403
f 676/994/405 688/1008/417 687/1009/418 675/995/406
f 677/996/407 689/1010/419 688/1008/417 676/994/405
f 678/997/408 690/1011/420 689/1010/419 677/996/407
f 679/998/409 691/1012/421 690/1013/420 678/999/408
f 680/1000/410 692/1014/422 691/1012/421 679/998/409
f 681/1001/411 693/1015/423 692/1014/422 680/1000/410
f 682/1002/412 694/1016/424 693/1015/423 681/1001/411
f 683/1003/413 695/1017/425 694/1016/424 682/1002/412
f 684/1004/414 696/1018/426 695/1019/425 683/1005/413
f 685/1006/415 697/1020/427 696/1018/426 684/1004/414
f 686/1007/416 698/1021/428 697/1020/427 685/1006/415
f 688/1008/417 700/1022/429 699/1023/430 687/1009/418
f 689/1010/419 701/1024/431 700/1022/429 688/1008/417
f 690/1011/420 702/1025/432 701/1024/431 689/1010/419
f 691/1012/421 703/1026/433 702/1027/432 690/1013/420
f 692/1014/422 704/1028/434 703/1026/433 691/1012/421
f 693/1015/423 705/1029/435 704/1028/434 692/1014/422
f 694/1016/424 706/1030/436 705/1029/435 693/1015/423
f 695/1017/425 707/1031/437 706/1030/436 694/1016/424
f 696/1018/426 708/1032/438 707/1033/437 695/1019/425
f 697/1020/427 709/1034/439 708/1032/438 696/1018/426
f 698/1021/428 710/1035/440 709/1034/439 697/1020/427
f 700/1022/429 712/1036/441 711/1037/442 699/1023/430
f 701/1024/431 713/1038/443 712/1036/441 700/1022/429
f 702/1025/432 714/1039/444 713/1038/443 701/1024/431
f 703/1040/433 715/1041/445 714/1042/444 702/1043/432
f 704/1044/434 716/1045/446 715/1041/445 703/1040/433
f 705/1046/435 717/1047/447 716/1045/446 704/1044/434
f 706/1048/436 718/1049/448 717/1047/447 705/1046/435
f 707/1050/437 719/1051/449 718/1049/448 706/1048/436
f 708/1032/438 720/1052/450 719/1053/449 707/1033/437
f 709/1034/439 721/1054/451 720/1052/450 708/1032/438
f 710/1035/440 722/1055/452 721/1054/451 709/1034/439
f 712/1036/441 724/1056/453 723/1057/454 711/1037/442
f 713/1038/443 725/1058/455 724/1056/453 712/1036/441
f 714/1039/444 726/1059/456 725/1058/455 713/1038/443
f 715/1041/445 727/1060/457 726/1061/456 714/1042/444
f 716/1045/446 728/1062/458 727/1060/457 715/1041/445
f 717/1047/447 729/1063/459 728/1062/458 716/1045/446
f 718/1049/448 730/1064/460 729/1063/459 717/1047/447
f 719/1051/449 731/1065/461 730/1064/460 718/1049/448
f 720/1052/450 732/1066/462 731/1067/461 719/1053/449
f 721/1054/451 733/1068/463 732/1066/462 720/1052/450
f 722/1055/452 734/1069/464 733/1068/463 721/1054/451
f 724/1056/453 736/1070/465 735/1071/466 723/1057/454
f 725/1058/455 737/1072/467 736/1070/465 724/1056/453
f 726/1059/456 738/1073/468 737/1072/467 725/1058/455
f 727/1060/457 739/1074/469 738/1075/468 726/1061/456
f 728/1062/458 740/1076/470 739/1074/469 727/1060/457
f 729/1063/459 741/1077/471 740/1076/470 728/1062/458
f 730/1064/460 742/1078/472 741/1077/471 729/1063/459
f 731/1065/461 743/1079/473 742/1078/472 730/1064/460
f 732/1066/462 744/1080/474 743/1081/473 731/1067/461
f 733/1068/463 745/1082/475 744/1080/474 732/1066/462
f 734/1069/464 746/1083/476 745/1082/475 733/1068/463
f 736/1070/465 748/1084/477 747/1085/478 735/1071/466
f 737/1072/467 749/1086/479 748/1084/477 736/1070/465
f 738/1073/468 750/1087/480 749/1086/479 737/1072/467
f 739/1074/469 751/1088/481 750/1089/480 738/1075/468
f 740/1076/470 752/1090/482 751/1088/481 739/1074/469
f 741/1077/471 753/1091/483 752/1090/482 740/1076/470
f 742/1078/472 754/1092/484 753/1091/483 741/1077/471
f 743/1079/473 755/1093/485 754/1092/484 742/1078/472
f 744/1080/474 756/1094/486 755/1095/485 743/1081/473
f 745/1082/475 757/1096/487 756/1094/486 744/1080/474
f 746/1083/476 758/1097/488 757/1096/487 745/1082/475
f 748/1084/477 760/1098/489 759/1099/490 747/1085/478
f 749/1086/479 761/1100/491 760/1098/489 748/1084/477
f 750/1087/480 762/1101/492 761/1100/491 749/1086/479
f 751/1088/481 763/1102/493 762/1103/492 750/1089/480
f 752/1090/482 764/1104/494 763/1102/493 751/1088/481
f 753/1091/483 765/1105/495 764/1104/494 752/1090/482
f 754/1092/484 766/1106/496 765/1105/495 753/1091/483
f 755/1093/485 767/1107/497 766/1106/496 754/1092/484
f 756/1094/486 768/1108/498 767/1109/497 755/1095/485
f 757/1096/487 769/1110/499 768/1108/498 756/1094/486
f 758/1097/488 770/1111/500 769/1110/499 757/1096/487
f 760/1098/489 772/1112/501 771/1113/502 759/1099/490
f 761/1100/491 773/1114/503 772/1112/501 760/1098/489
f 762/1101/492 774/1115/504 773/1114/503 761/1100/491
f 763/1102/493 775/1116/505 774/1117/504 762/1103/492
f 764/1104/494 776/1118/506 775/1116/505 763/1102/493
f 765/1105/495 777/1119/507 776/1118/506 764/1104/494
f 766/1106/496 778/1120/508 777/1119/507 765/1105/495
f 767/1107/497 779/1121/509 778/1120/508 766/1106/496
f 768/1122/498 780/1123/510 779/1121/509 767/1107/497
f 769/1110/499 781/1124/511 780/1125/510 768/1108/498
f 770/1111/500 782/1126/512 781/1124/511 769/1110/499
f 772/1112/501 784/1127/513 783/1128/514 771/1113/502
f 773/1114/503 785/1129/515 784/1127/513 772/1112/501
f 774/1117/504 786/1130/516 785/1131/515 773/1132/503
f 775/1116/505 787/1133/517 786/1130/516 774/1117/504
f 776/1118/506 788/1134/518 787/1133/517 775/1116/505
f 777/1119/507 789/1135/519 788/1134/518 776/1118/506
f 778/1120/508 790/1136/520 789/1135/519 777/1119/507
f 779/1121/509 791/1137/521 790/1136/520 778/1120/508
f 780/1123/510 792/1138/522 791/1137/521 779/1121/509
f 781/1124/511 793/1139/523 792/1140/522 780/1125/510
f 782/1126/512 794/1141/524 793/1139/523 781/1124/511
f 784/1127/513 796/1142/525 795/1143/526 783/1128/514
f 785/1129/515 797/1144/527 796/1142/525 784/1127/513
f 786/1145/516 798/1146/528 797/1144/527 785/1129/515
f 787/1133/517 799/1147/529 798/1148/528 786/1130/516
f 788/1134/518 800/1149/530 799/1147/529 787/1133/517
f 789/1135/519 801/1150/531 800/1149/530 788/1134/518
f 790/1136/520 802/1151/532 801/1150/531 789/1135/519
f 791/1137/521 803/1152/533 802/1151/532 790/1136/520
f 792/1140/522 804/1153/534 803/1154/533 791/1155/521
f 793/1139/523 805/1156/535 804/1153/534 792/1140/522
f 794/1141/524 806/1157/536 805/1156/535 793/1139/523
f 796/1142/525 808/1158/537 807/1159/538 795/1143/526
f 797/1144/527 809/1160/539 808/1158/537 796/1142/525
f 798/1146/528 810/1161/540 809/1160/539 797/1144/527
f 799/1147/529 811/1162/541 810/1163/540 798/1148/528
f 800/1149/530 812/1164/542 811/1162/541 799/1147/529
f 801/1150/531 813/1165/543 812/1164/542 800/1149/530
f 802/1151/532 814/1166/544 813/1165/543 801/1150/531
f 803/1152/533 815/1167/545 814/1166/544 802/1151/532
f 804/1153/534 816/1168/546 815/1169/545 803/1154/533
f 805/1156/535 817/1170/547 816/1168/546 804/1153/534
f 806/1157/536 818/1171/548 817/1170/547 805/1156/535
f 808/1158/537 820/1172/549 819/1173/550 807/1159/538
f 809/1160/539 821/1174/551 820/1172/549 808/1158/537
f 810/1161/540 822/1175/552 821/1174/551 809/1160/539
f 811/1162/541 823/1176/553 822/1177/552 810/1163/540
f 812/1164/542 824/1178/554 823/1176/553 811/1162/541
f 813/1165/543 825/1179/555 824/1178/554 812/1164/542
f 814/1166/544 826/1180/556 825/1179/555 813/1165/543
f 815/1167/545 827/1181/557 826/1180/556 814/1166/544
f 816/1168/546 828/1182/558 827/1183/557 815/1169/545
f 817/1170/547 829/1184/559 828/1182/558 816/1168/546
f 818/1171/548 830/1185/560 829/1184/559 817/1170/547
f 820/1172/549 832/1186/561 831/1187/562 819/1173/550
f 821/1174/551 833/1188/563 832/1186/561 820/1172/549
f 822/1175/552 834/1189/564 833/1188/563 821/1174/551
f 823/1176/553 835/1190/565 834/1191/564 822/1177/552
f 824/1178/554 836/1192/566 835/1190/565 823/1176/553
f 825/1179/555 837/1193/567 836/1192/566 824/1178/554
f 826/1180/556 838/1194/568 837/1193/567 825/1179/555
f 827/1181/557 839/1195/569 838/1194/568 826/1180/556
f 828/1182/558 840/1196/570 839/1197/569 827/1183/557
f 829/1184/559 841/1198/571 840/1196/570 828/1182/558
f 830/1185/560 842/1199/572 841/1198/571 829/1184/559
f 832/1186/561 844/1200/573 843/1201/574 831/1187/562
f 833/1188/563 845/1202/575 844/1200/573 832/1186/561
f 834/1189/564 846/1203/576 845/1202/575 833/1188/563
f 835/1190/565 847/1204/577 846/1205/576 834/1191/564
f 836/1192/566 848/1206/578 847/1204/577 835/1190/565
f 837/1193/567 849/1207/579 848/1206/578 836/1192/566
f 838/1194/568 850/1208/580 849/1207/579 837/1193/567
f 839/1195/569 851/1209/581 850/1208/580 838/1194/568
f 840/1196/570 852/1210/582 851/1211/581 839/1197/569
f 841/1198/571 853/1212/583 852/1210/582 840/1196/570
f 842/1199/572 854/1213/584 853/1212/583 841/1198/571
f 844/1200/573 856/1214/585 855/1215/586 843/1201/574
f 845/1202/575 857/1216/587 856/1214/585 844/1200/573
f 846/1203/576 858/1217/588 857/1216/587 845/1202/575
f 847/1218/577 859/1219/589 858/1220/588 846/1221/576
f 848/1222/578 860/1223/590 859/1219/589 847/1218/577
f 849/1224/579 861/1225/591 860/1223/590 848/1222/578
f 850/1226/580 862/1227/592 861/1225/591 849/1224/579
f 851/1228/581 863/1229/593 862/1227/592 850/1226/580
f 852/1210/582 864/1230/594 863/1231/593 851/1211/581
f 853/1212/583 865/1232/595 864/1230/594 852/1210/582
f 854/1213/584 866/1233/596 865/1232/595 853/1212/583
f 856/1214/585 868/1234/597 867/1235/598 855/1215/586
f 857/1216/587 869/1236/599 868/1234/597 856/1214/585
f 858/1217/588 870/1237/600 869/1236/599 857/1216/587
f 859/1219/589 871/1238/601 870/1239/600 858/1220/588
f 860/1223/590 872/1240/602 871/1238/601 859/1219/589
f 861/1225/591 873/1241/603 872/1240/602 860/1223/590
f 862/1227/592 874/1242/604 873/1241/603 861/1225/591
f 863/1229/593 875/1243/605 874/1242/604 862/1227/592
f 864/1230/594 876/1244/606 875/1245/605 863/1231/593
f 865/1232/595 877/1246/607 876/1244/606 864/1230/594
f 866/1233/596 878/1247/608 877/1246/607 865/1232/595
f 868/1234/597 880/1248/609 879/1249/610 867/1235/598
f 869/1236/599 881/1250/611 880/1248/609 868/1234/597
f 870/1237/600 882/1251/612 881/1250/611 869/1236/599
f 871/1238/601 883/1252/613 882/1253/612 870/1239/600
f 872/1240/602 884/1254/614 883/1252/613 871/1238/601
f 873/1241/603 885/1255/615 884/1254/614 872/1240/602
f 874/1242/604 886/1256/616 885/1255/615 873/1241/603
f 875/1243/605 887/1257/617 886/1256/616 874/1242/604
f 876/1244/606 888/1258/618 887/1259/617 875/1245/605
f 877/1246/607 889/1260/619 888/1258/618 876/1244/606
f 878/1247/608 890/1261/620 889/1260/619 877/1246/607
f 880/1248/609 892/1262/621 891/1263/622 879/1249/610
f 881/1250/611 893/1264/623 892/1262/621 880/1248/609
f 882/1251/612 894/1265/624 893/1264/623 881/1250/611
f 883/1252/613 895/1266/625 894/1267/624 882/1253/612
f 884/1254/614 896/1268/626 895/1266/625 883/1252/613
f 885/1255/615 897/1269/627 896/1268/626 884/1254/614
f 886/1256/616 898/1270/628 897/1269/627 885/1255/615
f 887/1257/617 899/1271/629 898/1270/628 886/1256/616
f 888/1258/618 900/1272/630 899/1273/629 887/1259/617
f 889/1260/619 901/1274/631 900/1272/630 888/1258/618
f 890/1261/620 902/1275/632 901/1274/631 889/1260/619
f 892/1262/621 904/1276/633 903/1277/634 891/1263/622
f 893/1264/623 905/1278/635 904/1276/633 892/1262/621
f 894/1267/624 906/1279/636 905/1280/635 893/1281/623
f 895/1266/625 907/1282/637 906/1279/636 894/1267/624
f 896/1268/626 908/1283/638 907/1282/637 895/1266/625
f 897/1269/627 909/1284/639 908/1283/638 896/1268/626
f 898/1270/628 910/1285/640 909/1284/639 897/1269/627
f 899/1271/629 911/1286/641 910/1285/640 898/1270/628
f 900/1272/630 912/1287/642 911/1288/641 899/1273/629
f 901/1274/631 913/1289/643 912/1287/642 900/1272/630
f 902/1275/632 914/1290/644 913/1289/643 901/1274/631
f 904/1276/633 916/1291/645 915/1292/646 903/1277/634
f 905/1278/635 917/1293/647 916/1291/645 904/1276/633
f 906/1279/636 918/1294/648 917/1295/647 905/1280/635
f 907/1282/637 919/1296/649 918/1294/648 906/1279/636
f 908/1283/638 920/1297/650 919/1296/649 907/1282/637
f 909/1284/639 921/1298/651 920/1297/650 908/1283/638
f 910/1285/640 922/1299/652 921/1298/651 909/1284/639
f 911/1286/641 923/1300/653 922/1299/652 910/1285/640
f 912/1287/642 924/1301/654 923/1302/653 911/1288/641
f 913/1289/643 925/1303/655 924/1301/654 912/1287/642
f 914/1290/644 926/1304/656 925/1303/655 913/1289/643
f 916/1291/645 928/1305/657 927/1306/300 915/1292/646
f 917/1293/647 929/1307/301 928/1305/657 916/1291/645
f 918/1294/648 930/1308/302 929/1309/301 917/1295/647
f 919/1296/649 931/1310/303 930/1308/302 918/1294/648
f 920/1297/650 932/1311/658 931/1310/303 919/1296/649
f 921/1298/651 933/1312/659 932/1311/658 920/1297/650
f 922/1299/652 934/1313/306 933/1312/659 921/1298/651
f 923/1300/653 935/1314/660 934/1313/306 922/1299/652
f 924/1301/654 936/1315/661 935/1316/660 923/1302/653
f 925/1303/655 937/1317/662 936/1315/661 924/1301/654
f 926/1304/656 938/1318/663 937/1317/662 925/1303/655
f 928/1305/657 940/1319/664 939/1320/665 927/1306/300
f 929/1307/301 941/1321/666 940/1319/664 928/1305/657
f 930/1322/302 942/1323/667 941/1321/666 929/1307/301
f 931/1324/303 943/1325/668 942/1326/667 930/1327/302
f 932/1328/658 944/1329/669 943/1325/668 931/1324/303
f 933/1330/659 945/1331/670 944/1329/669 932/1328/658
f 934/1332/306 946/1333/671 945/1331/670 933/1330/659
f 935/1334/660 947/1335/672 946/1333/671 934/1332/306
f 936/1315/661 948/1336/673 947/1337/672 935/1316/660
f 937/1317/662 949/1338/674 948/1336/673 936/1315/661
f 938/1318/663 950/1339/675 949/1338/674 937/1317/662
f 940/1319/664 628/937/357 627/940/360 939/1320/665
f 941/1321/666 629/941/361 628/937/357 940/1319/664
f 942/1323/667 630/943/363 629/941/361 941/1321/666
f 943/1340/668 631/945/365 630/948/363 942/1341/667
f 944/1342/669 632/949/367 631/945/365 943/1340/668
f 945/1343/670 633/951/369 632/949/367 944/1342/669
f 946/1344/671 634/953/371 633/951/369 945/1343/670
f 947/1345/672 635/955/373 634/953/371 946/1344/671
f 948/1346/673 636/957/375 635/955/373 947/1345/672
f 949/1338/674 637/959/377 636/962/375 948/1336/673
f 950/1339/675 638/963/379 637/959/377 949/1338/674
f 952/1347/676 964/1348/333 963/1349/677 951/1350/322
f 953/1351/323 965/1352/678 964/1348/333 952/1347/676
f 954/1353/679 966/1354/680 965/1355/678 953/1356/323
f 955/1357/325 967/1358/337 966/1354/680 954/1353/679
f 956/1359/681 968/1360/682 967/1358/337 955/1357/325
f 957/1361/683 969/1362/684 968/1360/682 956/1359/681
f 958/1363/685 970/1364/686 969/1362/684 957/1361/683
f 959/1365/687 971/1366/688 970/1364/686 958/1363/685
f 960/1367/689 972/1368/690 971/1366/688 959/1365/687
f 961/1369/691 973/1370/692 972/1371/690 960/1372/689
f 962/1373/332 974/1374/344 973/1370/692 961/1369/691
f 964/1348/333 976/1375/693 975/1376/694 963/1349/677
f 965/1352/678 977/1377/695 976/1375/693 964/1348/333
f 966/1378/680 978/1379/696 977/1377/695 965/1352/678
f 967/1380/337 979/1381/697 978/1382/696 966/1383/680
f 968/1384/682 980/1385/698 979/1381/697 967/1380/337
f 969/1386/684 981/1387/699 980/1385/698 968/1384/682
f 970/1388/686 982/1389/700 981/1387/699 969/1386/684
f 971/1390/688 983/1391/701 982/1389/700 970/1388/686
f 972/1392/690 984/1393/702 983/1391/701 971/1390/688
f 973/1370/692 985/1394/703 984/1395/702 972/1371/690
f 974/1374/344 986/1396/675 985/1394/703 973/1370/692
f 976/1375/693 988/1397/704 987/1398/705 975/1376/694
f 977/1377/695 989/1399/706 988/1397/704 976/1375/693
f 978/1379/696 990/1400/707 989/1399/706 977/1377/695
f 979/1401/697 991/1402/708 990/1403/707 978/1404/696
f 980/1405/698 992/1406/315 991/1402/708 979/1401/697
f 981/1407/699 993/1408/316 992/1406/315 980/1405/698
f 982/1409/700 994/1410/709 993/1408/316 981/1407/699
f 983/1411/701 995/1412/710 994/1410/709 982/1409/700
f 984/1395/702 996/1413/711 995/1414/710 983/1415/701
f 985/1394/703 997/1416/712 996/1413/711 984/1395/702
f 986/1396/675 998/1417/310 997/1416/712 985/1394/703
f 988/1397/704 952/1347/676 951/1350/322 987/1398/705
f 989/1399/706 953/1351/323 952/1347/676 988/1397/704
f 990/1418/707 954/1419/679 953/1420/323 989/1421/706
f 991/1422/708 955/1423/325 954/1419/679 990/1418/707
f 992/1424/315 956/1425/681 955/1423/325 991/1422/708
f 993/1426/316 957/1427/683 956/1425/681 992/1424/315
f 994/1428/709 958/1429/685 957/1427/683 993/1426/316
f 995/1430/710 959/1431/687 958/1429/685 994/1428/709
f 996/1413/711 960/1372/689 959/1432/687 995/1414/710
f 997/1416/712 961/1369/691 960/1372/689 996/1413/711
f 998/1417/310 962/1373/332 961/1369/691 997/1416/712
f 1000/1433/333 1012/1434/713 1011/1435/714 999/1436/715
f 1001/1437/716 1013/1438/717 1012/1434/713 1000/1433/333
f 1002/1439/718 1014/1440/719 1013/1438/717 1001/1437/716
f 1003/1441/337 1015/1442/720 1014/1443/719 1002/1444/718
f 1004/1445/338 1016/1446/721 1015/1442/720 1003/1441/337
f 1005/1447/339 1017/1448/722 1016/1446/721 1004/1445/338
f 1006/1449/340 1018/1450/723 1017/1448/722 1005/1447/339
f 1007/1451/688 1019/1452/724 1018/1450/723 1006/1449/340
f 1008/1453/725 1020/1454/726 1019/1452/724 1007/1451/688
f 1009/1455/727 1021/1456/728 1020/1457/726 1008/1458/725
f 1010/1459/729 1022/1460/730 1021/1456/728 1009/1455/727
f 1012/1434/713 1024/1461/731 1023/1462/714 1011/1435/714
f 1013/1438/717 1025/1463/732 1024/1461/731 1012/1434/713
f 1014/1440/719 1026/1464/733 1025/1463/732 1013/1438/717
f 1015/1465/720 1027/1466/734 1026/1467/733 1014/1468/719
f 1016/1469/721 1028/1470/735 1027/1466/734 1015/1465/720
f 1017/1471/722 1029/1472/736 1028/1470/735 1016/1469/721
f 1018/1473/723 1030/1474/737 1029/1472/736 1017/1471/722
f 1019/1475/724 1031/1476/738 1030/1474/737 1018/1473/723
f 1020/1457/726 1032/1477/739 1031/1478/738 1019/1479/724
f 1021/1456/728 1033/1480/740 1032/1477/739 1020/1457/726
f 1022/1460/730 1034/1481/730 1033/1480/740 1021/1456/728
f 1024/1461/731 1036/1482/741 1035/1483/742 1023/1462/714
f 1025/1463/732 1037/1484/743 1036/1482/741 1024/1461/731
f 1026/1464/733 1038/1485/744 1037/1484/743 1025/1463/732
f 1027/1486/734 1039/1487/745 1038/1488/744 1026/1489/733
f 1028/1490/735 1040/1491/746 1039/1487/745 1027/1486/734
f 1029/1492/736 1041/1493/747 1040/1491/746 1028/1490/735
f 1030/1494/737 1042/1495/748 1041/1493/747 1029/1492/736
f 1031/1496/738 1043/1497/701 1042/1495/748 1030/1494/737
f 1032/1498/739 1044/1499/749 1043/1497/701 1031/1496/738
f 1033/1480/740 1045/1500/750 1044/1501/749 1032/1477/739
f 1034/1481/730 1046/1502/675 1045/1500/750 1033/1480/740
f 1036/1482/741 1048/1503/751 1047/1504/300 1035/1483/742
f 1037/1484/743 1049/1505/752 1048/1503/751 1036/1482/741
f 1038/1485/744 1050/1506/753 1049/1505/752 1037/1484/743
f 1039/1507/745 1051/1508/754 1050/1509/753 1038/1510/744
f 1040/1511/746 1052/1512/755 1051/1508/754 1039/1507/745
f 1041/1513/747 1053/1514/756 1052/1512/755 1040/1511/746
f 1042/1515/748 1054/1516/757 1053/1514/756 1041/1513/747
f 1043/1517/701 1055/1518/710 1054/1516/757 1042/1515/748
f 1044/1501/749 1056/1519/758 1055/1520/710 1043/1521/701
f 1045/1500/750 1057/1522/320 1056/1519/758 1044/1501/749
f 1046/1502/675 1058/1523/663 1057/1522/320 1045/1500/750
f 1048/1503/751 1060/1524/759 1059/1525/760 1047/1504/300
f 1049/1505/752 1061/1526/761 1060/1524/759 1048/1503/751
f 1050/1527/753 1062/1528/762 1061/1529/761 1049/1530/752
f 1051/1531/754 1063/1532/763 1062/1528/762 1050/1527/753
f 1052/1533/755 1064/1534/764 1063/1532/763 1051/1531/754
f 1053/1535/756 1065/1536/765 1064/1534/764 1052/1533/755
f 1054/1537/757 1066/1538/766 1065/1536/765 1053/1535/756
f 1055/1539/710 1067/1540/767 1066/1538/766 1054/1537/757
f 1056/1519/758 1068/1541/768 1067/1542/767 1055/1520/710
f 1057/1522/320 1069/1543/769 1068/1541/768 1056/1519/758
f 1058/1523/663 1070/1544/770 1069/1543/769 1057/1522/320
f 1060/1524/759 1072/1545/771 1071/1546/772 1059/1525/760
f 1061/1526/761 1073/1547/773 1072/1545/771 1060/1524/759
f 1062/1548/762 1074/1549/774 1073/1547/773 1061/1526/761
f 1063/1550/763 1075/1551/775 1074/1552/774 1062/1553/762
f 1064/1554/764 1076/1555/776 1075/1551/775 1063/1550/763
f 1065/1556/765 1077/1557/777 1076/1555/776 1064/1554/764
f 1066/1558/766 1078/1559/778 1077/1557/777 1065/1556/765
f 1067/1560/767 1079/1561/779 1078/1559/778 1066/1558/766
f 1068/1541/768 1080/1562/780 1079/1563/779 1067/1542/767
f 1069/1543/769 1081/1564/781 1080/1562/780 1068/1541/768
f 1070/1544/770 1082/1565/782 1081/1564/781 1069/1543/769
f 1072/1545/771 1084/1566/321 1083/1567/322 1071/1546/772
f 1073/1547/773 1085/1568/783 1084/1566/321 1072/1545/771
f 1074/1569/774 1086/1570/784 1085/1571/783 1073/1572/773
f 1075/1573/775 1087/1574/785 1086/1570/784 1074/1569/774
f 1076/1575/776 1088/1576/326 1087/1574/785 1075/1573/775
f 1077/1577/777 1089/1578/327 1088/1576/326 1076/1575/776
f 1078/1579/778 1090/1580/328 1089/1578/327 1077/1577/777
f 1079/1581/779 1091/1582/687 1090/1580/328 1078/1579/778
f 1080/1562/780 1092/1583/786 1091/1584/687 1079/1563/779
f 1081/1564/781 1093/1585/787 1092/1583/786 1080/1562/780
f 1082/1565/782 1094/1586/788 1093/1585/787 1081/1564/781
f 1084/1566/321 1000/1433/333 999/1436/715 1083/1567/322
f 1085/1568/783 1001/1437/716 1000/1433/333 1084/1566/321
f 1086/1587/784 1002/1588/718 1001/1589/716 1085/1590/783
f 1087/1591/785 1003/1592/337 1002/1588/718 1086/1587/784
f 1088/1593/326 1004/1594/338 1003/1592/337 1087/1591/785
f 1089/1595/327 1005/1596/339 1004/1594/338 1088/1593/326
f 1090/1597/328 1006/1598/340 1005/1596/339 1089/1595/327
f 1091/1599/687 1007/1600/688 1006/1598/340 1090/1597/328
f 1092/1601/786 1008/1602/725 1007/1600/688 1091/1599/687
f 1093/1585/787 1009/1455/727 1008/1458/725 1092/1583/786
f 1094/1586/788 1010/1459/729 1009/1455/727 1093/1585/787
f 1096/1603/789 1108/1604/790 1107/1605/791 1095/1606/677
f 1097/1607/792 1109/1608/717 1108/1604/790 1096/1603/789
f 1098/1609/718 1110/1610/793 1109/1608/717 1097/1607/792
f 1099/1611/794 1111/1612/795 1110/1613/793 1098/1614/718
f 1100/1615/338 1112/1616/796 1111/1612/795 1099/1611/794
f 1101/1617/339 1113/1618/797 1112/1616/796 1100/1615/338
f 1102/1619/798 1114/1620/799 1113/1618/797 1101/1617/339
f 1103/1621/688 1115/1622/800 1114/1620/799 1102/1619/798
f 1104/1623/801 1116/1624/802 1115/1622/800 1103/1621/688
f 1105/1625/727 1117/1626/728 1116/1627/802 1104/1628/801
f 1106/1629/729 1118/1630/730 1117/1626/728 1105/1625/727
f 1108/1604/790 1120/1631/731 1119/1632/714 1107/1605/791
f 1109/1608/717 1121/1633/732 1120/1631/731 1108/1604/790
f 1110/1610/793 1122/1634/803 1121/1633/732 1109/1608/717
f 1111/1635/795 1123/1636/804 1122/1637/803 1110/1638/793
f 1112/1639/796 1124/1640/805 1123/1636/804 1111/1635/795
f 1113/1641/797 1125/1642/806 1124/1640/805 1112/1639/796
f 1114/1643/799 1126/1644/807 1125/1642/806 1113/1641/797
f 1115/1645/800 1127/1646/808 1126/1644/807 1114/1643/799
f 1116/1627/802 1128/1647/739 1127/1648/808 1115/1649/800
f 1117/1626/728 1129/1650/740 1128/1647/739 1116/1627/802
f 1118/1630/730 1130/1651/730 1129/1650/740 1117/1626/728
f 1120/1631/731 1132/1652/693 1131/1653/742 1119/1632/714
f 1121/1633/732 1133/1654/809 1132/1652/693 1120/1631/731
f 1122/1634/803 1134/1655/810 1133/1654/809 1121/1633/732
f 1123/1656/804 1135/1657/811 1134/1658/810 1122/1659/803
f 1124/1660/805 1136/1661/698 1135/1657/811 1123/1656/804
f 1125/1662/806 1137/1663/699 1136/1661/698 1124/1660/805
f 1126/1664/807 1138/1665/700 1137/1663/699 1125/1662/806
f 1127/1666/808 1139/1667/701 1138/1665/700 1126/1664/807
f 1128/1668/739 1140/1669/702 1139/1667/701 1127/1666/808
f 1129/1650/740 1141/1670/812 1140/1671/702 1128/1647/739
f 1130/1651/730 1142/1672/675 1141/1670/812 1129/1650/740
f 1132/1652/693 1144/1673/311 1143/1674/300 1131/1653/742
f 1133/1654/809 1145/1675/706 1144/1673/311 1132/1652/693
f 1134/1655/810 1146/1676/707 1145/1675/706 1133/1654/809
f 1135/1677/811 1147/1678/708 1146/1679/707 1134/1680/810
f 1136/1681/698 1148/1682/315 1147/1678/708 1135/1677/811
f 1137/1683/699 1149/1684/316 1148/1682/315 1136/1681/698
f 1138/1685/700 1150/1686/709 1149/1684/316 1137/1683/699
f 1139/1687/701 1151/1688/813 1150/1686/709 1138/1685/700
f 1140/1671/702 1152/1689/814 1151/1690/813 1139/1691/701
f 1141/1670/812 1153/1692/815 1152/1689/814 1140/1671/702
f 1142/1672/675 1154/1693/663 1153/1692/815 1141/1670/812
f 1144/1673/311 1156/1694/816 1155/1695/772 1143/1674/300
f 1145/1675/706 1157/1696/817 1156/1694/816 1144/1673/311
f 1146/1697/707 1158/1698/818 1157/1699/817 1145/1700/706
f 1147/1701/708 1159/1702/763 1158/1698/818 1146/1697/707
f 1148/1703/315 1160/1704/819 1159/1702/763 1147/1701/708
f 1149/1705/316 1161/1706/765 1160/1704/819 1148/1703/315
f 1150/1707/709 1162/1708/820 1161/1706/765 1149/1705/316
f 1151/1709/813 1163/1710/821 1162/1708/820 1150/1707/709
f 1152/1689/814 1164/1711/822 1163/1712/821 1151/1690/813
f 1153/1692/815 1165/1713/769 1164/1711/822 1152/1689/814
f 1154/1693/663 1166/1714/770 1165/1713/769 1153/1692/815
f 1156/1694/816 1168/1715/823 1167/1716/760 1155/1695/772
f 1157/1696/817 1169/1717/773 1168/1715/823 1156/1694/816
f 1158/1718/818 1170/1719/824 1169/1717/773 1157/1696/817
f 1159/1720/763 1171/1721/825 1170/1722/824 1158/1723/818
f 1160/1724/819 1172/1725/826 1171/1721/825 1159/1720/763
f 1161/1726/765 1173/1727/827 1172/1725/826 1160/1724/819
f 1162/1728/820 1174/1729/828 1173/1727/827 1161/1726/765
f 1163/1730/821 1175/1731/829 1174/1729/828 1162/1728/820
f 1164/1711/822 1176/1732/780 1175/1733/829 1163/1712/821
f 1165/1713/769 1177/1734/781 1176/1732/780 1164/1711/822
f 1166/1714/770 1178/1735/770 1177/1734/781 1165/1713/769
f 1168/1715/823 1180/1736/321 1179/1737/322 1167/1716/760
f 1169/1717/773 1181/1738/830 1180/1736/321 1168/1715/823
f 1170/1739/824 1182/1740/831 1181/1741/830 1169/1742/773
f 1171/1743/825 1183/1744/832 1182/1740/831 1170/1739/824
f 1172/1745/826 1184/1746/833 1183/1744/832 1171/1743/825
f 1173/1747/827 1185/1748/834 1184/1746/833 1172/1745/826
f 1174/1749/828 1186/1750/835 1185/1748/834 1173/1747/827
f 1175/1751/829 1187/1752/687 1186/1750/835 1174/1749/828
f 1176/1732/780 1188/1753/836 1187/1754/687 1175/1733/829
f 1177/1734/781 1189/1755/787 1188/1753/836 1176/1732/780
f 1178/1735/770 1190/1756/788 1189/1755/787 1177/1734/781
f 1180/1736/321 1096/1603/789 1095/1606/677 1179/1737/322
f 1181/1738/830 1097/1607/792 1096/1603/789 1180/1736/321
f 1182/1757/831 1098/1758/718 1097/1759/792 1181/1760/830
f 1183/1761/832 1099/1762/794 1098/1758/718 1182/1757/831
f 1184/1763/833 1100/1764/338 1099/1762/794 1183/1761/832
f 1185/1765/834 1101/1766/339 1100/1764/338 1184/1763/833
f 1186/1767/835 1102/1768/798 1101/1766/339 1185/1765/834
f 1187/1769/687 1103/1770/688 1102/1768/798 1186/1767/835
f 1188/1771/836 1104/1772/801 1103/1770/688 1187/1769/687
f 1189/1755/787 1105/1625/727 1104/1628/801 1188/1753/836
f 1190/1756/788 1106/1629/729 1105/1625/727 1189/1755/787
f 1192/1773/837 1204/1774/838 1203/1775/839 1191/1776/840
f 1193/1777/841 1205/1778/842 1204/1774/838 1192/1773/837
f 1194/1779/843 1206/1780/844 1205/1778/842 1193/1777/841
f 1195/1781/845 1207/1782/846 1206/1783/844 1194/1784/843
f 1196/1785/847 1208/1786/848 1207/1782/846 1195/1781/845
f 1197/1787/849 1209/1788/850 1208/1786/848 1196/1785/847
f 1198/1789/851 1210/1790/852 1209/1788/850 1197/1787/849
f 1199/1791/853 1211/1792/854 1210/1790/852 1198/1789/851
f 1200/1793/855 1212/1794/856 1211/1795/854 1199/1796/853
f 1201/1797/857 1213/1798/858 1212/1794/856 1200/1793/855
f 1202/1799/859 1214/1800/859 1213/1798/858 1201/1797/857
f 1204/1774/838 1216/1801/860 1215/1802/861 1203/1775/839
f 1205/1778/842 1217/1803/862 1216/1801/860 1204/1774/838
f 1206/1804/844 1218/1805/863 1217/1806/862 1205/1807/842
f 1207/1808/846 1219/1809/864 1218/1805/863 1206/1804/844
f 1208/1810/848 1220/1811/865 1219/1809/864 1207/1808/846
f 1209/1812/850 1221/1813/866 1220/1811/865 1208/1810/848
f 1210/1814/852 1222/1815/867 1221/1813/866 1209/1812/850
f 1211/1816/854 1223/1817/868 1222/1815/867 1210/1814/852
f 1212/1794/856 1224/1818/869 1223/1819/868 1211/1795/854
f 1213/1798/858 1225/1820/870 1224/1818/869 1212/1794/856
f 1214/1800/859 1226/1821/871 1225/1820/870 1213/1798/858
f 1216/1801/860 1228/1822/872 1227/1823/861 1215/1802/861
f 1217/1803/862 1229/1824/873 1228/1822/872 1216/1801/860
f 1218/1825/863 1230/1826/874 1229/1824/873 1217/1803/862
f 1219/1827/864 1231/1828/875 1230/1829/874 1218/1830/863
f 1220/1831/865 1232/1832/876 1231/1828/875 1219/1827/864
f 1221/1833/866 1233/1834/877 1232/1832/876 1220/1831/865
f 1222/1835/867 1234/1836/878 1233/1834/877 1221/1833/866
f 1223/1837/868 1235/1838/879 1234/1836/878 1222/1835/867
f 1224/1818/869 1236/1839/880 1235/1840/879 1223/1819/868
f 1225/1820/870 1237/1841/881 1236/1839/880 1224/1818/869
f 1226/1821/871 1238/1842/882 1237/1841/881 1225/1820/870
f 1228/1822/872 1240/1843/883 1239/1844/884 1227/1823/861
f 1229/1824/873 1241/1845/885 1240/1843/883 1228/1822/872
f 1230/1846/874 1242/1847/886 1241/1848/885 1229/1849/873
f 1231/1850/875 1243/1851/887 1242/1847/886 1230/1846/874
f 1232/1852/876 1244/1853/888 1243/1851/887 1231/1850/875
f 1233/1854/877 1245/1855/889 1244/1853/888 1232/1852/876
f 1234/1856/878 1246/1857/890 1245/1855/889 1233/1854/877
f 1235/1858/879 1247/1859/891 1246/1857/890 1234/1856/878
f 1236/1839/880 1248/1860/892 1247/1861/891 1235/1840/879
f 1237/1841/881 1249/1862/893 1248/1860/892 1236/1839/880
f 1238/1842/882 1250/1863/894 1249/1862/893 1237/1841/881
f 1240/1843/883 1252/1864/895 1251/1865/896 1239/1844/884
f 1241/1845/885 1253/1866/897 1252/1864/895 1240/1843/883
f 1242/1867/886 1254/1868/898 1253/1866/897 1241/1845/885
f 1243/1869/887 1255/1870/899 1254/1871/898 1242/1872/886
f 1244/1873/888 1256/1874/900 1255/1870/899 1243/1869/887
f 1245/1875/889 1257/1876/901 1256/1874/900 1244/1873/888
f 1246/1877/890 1258/1878/902 1257/1876/901 1245/1875/889
f 1247/1879/891 1259/1880/903 1258/1878/902 1246/1877/890
f 1248/1860/892 1260/1881/904 1259/1882/903 1247/1861/891
f 1249/1862/893 1261/1883/905 1260/1881/904 1248/1860/892
f 1250/1863/894 1262/1884/906 1261/1883/905 1249/1862/893
f 1252/1864/895 1264/1885/907 1263/1886/908 1251/1865/896
f 1253/1866/897 1265/1887/909 1264/1885/907 1252/1864/895
f 1254/1868/898 1266/1888/910 1265/1887/909 1253/1866/897
f 1255/1889/899 1267/1890/911 1266/1891/910 1254/1892/898
f 1256/1893/900 1268/1894/912 1267/1890/911 1255/1889/899
f 1257/1895/901 1269/1896/913 1268/1894/912 1256/1893/900
f 1258/1897/902 1270/1898/914 1269/1896/913 1257/1895/901
f 1259/1899/903 1271/1900/915 1270/1898/914 1258/1897/902
f 1260/1901/904 1272/1902/916 1271/1900/915 1259/1899/903
f 1261/1883/905 1273/1903/917 1272/1904/916 1260/1881/904
f 1262/1884/906 1274/1905/918 1273/1903/917 1261/1883/905
f 1264/1885/907 1276/1906/919 1275/1907/920 1263/1886/908
f 1265/1887/909 1277/1908/921 1276/1906/919 1264/1885/907
f 1266/1888/910 1278/1909/922 1277/1908/921 1265/1887/909
f 1267/1910/911 1279/1911/923 1278/1912/922 1266/1913/910
f 1268/1914/912 1280/1915/924 1279/1911/923 1267/1910/911
f 1269/1916/913 1281/1917/925 1280/1915/924 1268/1914/912
f 1270/1918/914 1282/1919/926 1281/1917/925 1269/1916/913
f 1271/1920/915 1283/1921/927 1282/1919/926 1270/1918/914
f 1272/1904/916 1284/1922/928 1283/1923/927 1271/1924/915
f 1273/1903/917 1285/1925/929 1284/1922/928 1272/1904/916
f 1274/1905/918 1286/1926/930 1285/1925/929 1273/1903/917
f 1276/1906/919 1192/1773/837 1191/1776/840 1275/1907/920
f 1277/1908/921 1193/1777/841 1192/1773/837 1276/1906/919
f 1278/1927/922 1194/1928/843 1193/1929/841 1277/1930/921
f 1279/1931/923 1195/1932/845 1194/1928/843 1278/1927/922
f 1280/1933/924 1196/1934/847 1195/1932/845 1279/1931/923
f 1281/1935/925 1197/1936/849 1196/1934/847 1280/1933/924
f 1282/1937/926 1198/1938/851 1197/1936/849 1281/1935/925
f 1283/1939/927 1199/1940/853 1198/1938/851 1282/1937/926
f 1284/1922/928 1200/1793/855 1199/1796/853 1283/1923/927
f 1285/1925/929 1201/1797/857 1200/1793/855 1284/1922/928
f 1286/1926/930 1202/1799/859 1201/1797/857 1285/1925/929
f 1288/1941/931 1300/1942/932 1299/1943/933 1287/1944/934
f 1289/1945/935 1301/1946/936 1300/1942/932 1288/1941/931
f 1290/1947/937 1302/1948/938 1301/1946/936 1289/1945/935
f 1291/1949/939 1303/1950/940 1302/1951/938 1290/1952/937
f 1292/1953/941 1304/1954/942 1303/1950/940 1291/1949/939
f 1293/1955/943 1305/1956/944 1304/1954/942 1292/1953/941
f 1294/1957/945 1306/1958/946 1305/1956/944 1293/1955/943
f 1295/1959/947 1307/1960/948 1306/1958/946 1294/1957/945
f 1296/1961/949 1308/1962/950 1307/1963/948 1295/1964/947
f 1297/1965/951 1309/1966/952 1308/1962/950 1296/1961/949
f 1298/1967/953 1310/1968/954 1309/1966/952 1297/1965/951
f 1300/1942/932 1312/1969/955 1311/1970/956 1299/1943/933
f 1301/1946/936 1313/1971/957 1312/1969/955 1300/1942/932
f 1302/1948/938 1314/1972/958 1313/1971/957 1301/1946/936
f 1303/1973/940 1315/1974/959 1314/1975/958 1302/1976/938
f 1304/1977/942 1316/1978/960 1315/1974/959 1303/1973/940
f 1305/1979/944 1317/1980/961 1316/1978/960 1304/1977/942
f 1306/1981/946 1318/1982/962 1317/1980/961 1305/1979/944
f 1307/1983/948 1319/1984/963 1318/1982/962 1306/1981/946
f 1308/1962/950 1320/1985/964 1319/1986/963 1307/1963/948
f 1309/1966/952 1321/1987/965 1320/1985/964 1308/1962/950
f 1310/1968/954 1322/1988/966 1321/1987/965 1309/1966/952
f 1312/1969/955 1288/1941/931 1287/1944/934 1311/1970/956
f 1313/1971/957 1289/1945/935 1288/1941/931 1312/1969/955
f 1314/1972/958 1290/1947/937 1289/1945/935 1313/1971/957
f 1315/1989/959 1291/1990/939 1290/1991/937 1314/1992/958
f 1316/1993/960 1292/1994/941 1291/1990/939 1315/1989/959
f 1317/1995/961 1293/1996/943 1292/1994/941 1316/1993/960
f 1318/1997/962 1294/1998/945 1293/1996/943 1317/1995/961
f 1319/1999/963 1295/2000/947 1294/1998/945 1318/1997/962
f 1320/2001/964 1296/2002/949 1295/2000/947 1319/1999/963
f 1321/1987/965 1297/1965/951 1296/1961/949 1320/1985/964
f 1322/1988/966 1298/1967/953 1297/1965/951 1321/1987/965
s 0
f 1325/2003/4 1324/2004/4 1323/2005/4
f 1326/2006/2 1327/2007/2 1328/2008/2
f 1323/2009/967 1324/2010/967 1327/2011/967 1326/2012/967
f 1324/2013/968 1325/2014/968 1328/2015/968 1327/2016/968
f 1325/2017/969 1323/2018/969 1326/2019/969 1328/2020/969
f 1329/2021/970 1330/2022/970 1332/2023/970 1331/2024/970
f 1331/2025/2 1332/2026/2 1336/2027/2 1335/2028/2
f 1335/2029/971 1336/2030/971 1334/2031/971 1333/2032/971
f 1333/2033/4 1334/2034/4 1330/2035/4 1329/2036/4
f 1331/2037/972 1335/2038/972 1333/2039/972 1329/2040/972
f 1336/2041/973 1332/2042/973 1330/2043/973 1334/2044/973
s 1
f 1337/2045/974 1338/2046/975 1340/2047/976 1339/2048/977
f 1339/2048/977 1340/2047/976 1342/2049/978 1341/2050/979
f 1341/2050/979 1342/2049/978 1344/2051/980 1343/2052/981
f 1343/2053/981 1344/2054/980 1346/2055/982 1345/2056/983
f 1345/2056/983 1346/2055/982 1348/2057/984 1347/2058/985
f 1347/2058/985 1348/2057/984 1350/2059/986 1349/2060/987
f 1349/2060/987 1350/2059/986 1352/2061/988 1351/2062/989
f 1351/2063/989 1352/2064/988 1354/2065/990 1353/2066/991
f 1353/2066/991 1354/2065/990 1356/2067/992 1355/2068/993
f 1355/2068/993 1356/2067/992 1358/2069/994 1357/2070/995
f 1357/2070/995 1358/2069/994 1360/2071/996 1359/2072/997
f 1359/2073/997 1360/2074/996 1362/2075/998 1361/2076/999
f 1361/2076/999 1362/2075/998 1364/2077/1000 1363/2078/1001
f 1363/2078/1001 1364/2077/1000 1366/2079/1002 1365/2080/1003
f 1340/2081/976 1338/2082/975 1368/2083/1004 1366/2084/1002 1364/2085/1000 1362/2086/998 1360/2087/996 1358/2088/994 1356/2089/992 1354/2090/990 1352/2091/988 1350/2092/986 1348/2093/984 1346/2094/982 1344/2095/980 1342/2096/978
f 1365/2080/1003 1366/2079/1002 1368/2097/1004 1367/2098/1005
f 1367/2099/1005 1368/2100/1004 1338/2046/975 1337/2045/974
f 1337/2101/974 1339/2102/977 1341/2103/979 1343/2104/981 1345/2105/983 1347/2106/985 1349/2107/987 1351/2108/989 1353/2109/991 1355/2110/993 1357/2111/995 1359/2112/997 1361/2113/999 1363/2114/1001 1365/2115/1003 1367/2116/1005
f 1369/2117/974 1370/2118/975 1372/2119/976 1371/2120/977
f 1371/2120/977 1372/2119/976 1374/2121/978 1373/2122/979
f 1373/2122/979 1374/2121/978 1376/2123/980 1375/2124/981
f 1375/2125/981 1376/2126/980 1378/2127/982 1377/2128/983
f 1377/2128/983 1378/2127/982 1380/2129/984 1379/2130/985
f 1379/2130/985 1380/2129/984 1382/2131/986 1381/2132/987
f 1381/2132/987 1382/2131/986 1384/2133/988 1383/2134/989
f 1383/2135/989 1384/2136/988 1386/2137/990 1385/2138/991
f 1385/2138/991 1386/2137/990 1388/2139/992 1387/2140/993
f 1387/2140/993 1388/2139/992 1390/2141/994 1389/2142/995
f 1389/2142/995 1390/2141/994 1392/2143/996 1391/2144/997
f 1391/2145/997 1392/2146/996 1394/2147/998 1393/2148/999
f 1393/2148/999 1394/2147/998 1396/2149/1000 1395/2150/1001
f 1395/2150/1001 1396/2149/1000 1398/2151/1002 1397/2152/1003
f 1372/2153/976 1370/2154/975 1400/2155/1004 1398/2156/1002 1396/2157/1000 1394/2158/998 1392/2159/996 1390/2160/994 1388/2161/992 1386/2162/990 1384/2163/988 1382/2164/986 1380/2165/984 1378/2166/982 1376/2167/980 1374/2168/978
f 1397/2152/1003 1398/2151/1002 1400/2169/1004 1399/2170/1005
f 1399/2171/1005 1400/2172/1004 1370/2118/975 1369/2117/974
f 1369/2173/974 1371/2174/977 1373/2175/979 1375/2176/981 1377/2177/983 1379/2178/985 1381/2179/987 1383/2180/989 1385/2181/991 1387/2182/993 1389/2183/995 1391/2184/997 1393/2185/999 1395/2186/1001 1397/2187/1003 1399/2188/1005
f 1401/2189/974 1402/2190/975 1404/2191/976 1403/2192/977
f 1403/2192/977 1404/2191/976 1406/2193/978 1405/2194/979
f 1405/2194/979 1406/2193/978 1408/2195/980 1407/2196/981
f 1407/2197/981 1408/2198/980 1410/2199/982 1409/2200/983
f 1409/2200/983 1410/2199/982 1412/2201/984 1411/2202/985
f 1411/2202/985 1412/2201/984 1414/2203/986 1413/2204/987
f 1413/2204/987 1414/2203/986 1416/2205/988 1415/2206/989
f 1415/2207/989 1416/2208/988 1418/2209/990 1417/2210/991
f 1417/2210/991 1418/2209/990 1420/2211/992 1419/2212/993
f 1419/2212/993 1420/2211/992 1422/2213/994 1421/2214/995
f 1421/2214/995 1422/2213/994 1424/2215/996 1423/2216/997
f 1423/2217/997 1424/2218/996 1426/2219/998 1425/2220/999
f 1425/2220/999 1426/2219/998 1428/2221/1000 1427/2222/1001
f 1427/2222/1001 1428/2221/1000 1430/2223/1002 1429/2224/1003
f 1404/2225/976 1402/2226/975 1432/2227/1004 1430/2228/1002 1428/2229/1000 1426/2230/998 1424/2231/996 1422/2232/994 1420/2233/992 1418/2234/990 1416/2235/988 1414/2236/986 1412/2237/984 1410/2238/982 1408/2239/980 1406/2240/978
f 1429/2224/1003 1430/2223/1002 1432/2241/1004 1431/2242/1005
f 1431/2243/1005 1432/2244/1004 1402/2190/975 1401/2189/974
f 1401/2245/974 1403/2246/977 1405/2247/979 1407/2248/981 1409/2249/983 1411/2250/985 1413/2251/987 1415/2252/989 1417/2253/991 1419/2254/993 1421/2255/995 1423/2256/997 1425/2257/999 1427/2258/1001 1429/2259/1003 1431/2260/1005
f 1433/2261/974 1434/2262/975 1436/2263/976 1435/2264/977
f 1435/2264/977 1436/2263/976 1438/2265/978 1437/2266/979
f 1437/2266/979 1438/2265/978 1440/2267/980 1439/2268/981
f 1439/2269/981 1440/2270/980 1442/2271/982 1441/2272/983
f 1441/2272/983 1442/2271/982 1444/2273/984 1443/2274/985
f 1443/2274/985 1444/2273/984 1446/2275/986 1445/2276/987
f 1445/2276/987 1446/2275/986 1448/2277/988 1447/2278/989
f 1447/2279/989 1448/2280/988 1450/2281/990 1449/2282/991
f 1449/2282/991 1450/2281/990 1452/2283/992 1451/2284/993
f 1451/2284/993 1452/2283/992 1454/2285/994 1453/2286/995
f 1453/2286/995 1454/2285/994 1456/2287/996 1455/2288/997
f 1455/2289/997 1456/2290/996 1458/2291/998 1457/2292/999
f 1457/2292/999 1458/2291/998 1460/2293/1000 1459/2294/1001
f 1459/2294/1001 1460/2293/1000 1462/2295/1002 1461/2296/1003
f 1436/2297/976 1434/2298/975 1464/2299/1004 1462/2300/1002 1460/2301/1000 1458/2302/998 1456/2303/996 1454/2304/994 1452/2305/992 1450/2306/990 1448/2307/988 1446/2308/986 1444/2309/984 1442/2310/982 1440/2311/980 1438/2312/978
f 1461/2296/1003 1462/2295/1002 1464/2313/1004 1463/2314/1005
f 1463/2315/1005 1464/2316/1004 1434/2262/975 1433/2261/974
f 1433/2317/974 1435/2318/977 1437/2319/979 1439/2320/981 1441/2321/983 1443/2322/985 1445/2323/987 1447/2324/989 1449/2325/991 1451/2326/993 1453/2327/995 1455/2328/997 1457/2329/999 1459/2330/1001 1461/2331/1003 1463/2332/1005
s 0
f 1465/2333/1 1466/2334/1 1468/2335/1 1467/2336/1
f 1467/2337/1006 1468/2338/1006 1472/2339/1006 1471/2340/1006
f 1471/2341/3 1472/2342/3 1470/2343/3 1469/2344/3
f 1469/2345/1007 1470/2346/1007 1466/2347/1007 1465/2348/1007
f 1467/2349/1008 1471/2350/1008 1469/2351/1008 1465/2352/1008
f 1472/2353/1009 1468/2354/1009 1466/2355/1009 1470/2356/1009
f 1473/2357/1 1474/2358/1 1476/2359/1 1475/2360/1
f 1475/2361/2 1476/2362/2 1480/2363/2 1479/2364/2
f 1479/2365/3 1480/2366/3 1478/2367/3 1477/2368/3
f 1477/2369/4 1478/2370/4 1474/2371/4 1473/2372/4
f 1475/2373/5 1479/2374/5 1477/2375/5 1473/2376/5
f 1480/2377/6 1476/2378/6 1474/2379/6 1478/2380/6
f 1481/2381/1 1482/2382/1 1484/2383/1 1483/2384/1
f 1483/2385/1006 1484/2386/1006 1488/2387/1006 1487/2388/1006
f 1487/2389/3 1488/2390/3 1486/2391/3 1485/2392/3
f 1485/2393/1007 1486/2394/1007 1482/2395/1007 1481/2396/1007
f 1483/2397/1008 1487/2398/1008 1485/2399/1008 1481/2400/1008
f 1488/2401/1009 1484/2402/1009 1482/2403/1009 1486/2404/1009
f 1489/2405/1 1490/2406/1 1492/2407/1 1491/2408/1
f 1491/2409/2 1492/2410/2 1496/2411/2 1495/2412/2
f 1495/2413/3 1496/2414/3 1494/2415/3 1493/2416/3
f 1493/2417/4 1494/2418/4 1490/2419/4 1489/2420/4
f 1491/2421/5 1495/2422/5 1493/2423/5 1489/2424/5
f 1496/2425/6 1492/2426/6 1490/2427/6 1494/2428/6
f 1497/2429/1 1498/2430/1 1500/2431/1 1499/2432/1
f 1499/2433/1006 1500/2434/1006 1504/2435/1006 1503/2436/1006
f 1503/2437/3 1504/2438/3 1502/2439/3 1501/2440/3
f 1501/2441/1007 1502/2442/1007 1498/2443/1007 1497/2444/1007
f 1499/2445/1008 1503/2446/1008 1501/2447/1008 1497/2448/1008
f 1504/2449/1009 1500/2450/1009 1498/2451/1009 1502/2452/1009
f 1505/2453/1 1506/2454/1 1508/2455/1 1507/2456/1
f 1507/2457/2 1508/2458/2 1512/2459/2 1511/2460/2
f 1511/2461/3 1512/2462/3 1510/2463/3 1509/2464/3
f 1509/2465/4 1510/2466/4 1506/2467/4 1505/2468/4
f 1507/2469/5 1511/2470/5 1509/2471/5 1505/2472/5
f 1512/2473/6 1508/2474/6 1506/2475/6 1510/2476/6
f 1513/2477/1 1514/2478/1 1516/2479/1 1515/2480/1
f 1515/2481/1006 1516/2482/1006 1520/2483/1006 1519/2484/1006
f 1519/2485/3 1520/2486/3 1518/2487/3 1517/2488/3
f 1517/2489/1007 1518/2490/1007 1514/2491/1007 1513/2492/1007
f 1515/2493/1008 1519/2494/1008 1517/2495/1008 1513/2496/1008
f 1520/2497/1009 1516/2498/1009 1514/2499/1009 1518/2500/1009
f 1521/2501/1 1522/2502/1 1524/2503/1 1523/2504/1
f 1523/2505/2 1524/2506/2 1528/2507/2 1527/2508/2
f 1527/2509/3 1528/2510/3 1526/2511/3 1525/2512/3
f 1525/2513/4 1526/2514/4 1522/2515/4 1521/2516/4
f 1523/2517/5 1527/2518/5 1525/2519/5 1521/2520/5
f 1528/2521/6 1524/2522/6 1522/2523/6 1526/2524/6
f 1529/2525/1 1530/2526/1 1532/2527/1 1531/2528/1
f 1531/2529/1006 1532/2530/1006 1536/2531/1006 1535/2532/1006
f 1535/2533/3 1536/2534/3 1534/2535/3 1533/2536/3
f 1533/2537/1007 1534/2538/1007 1530/2539/1007 1529/2540/1007
f 1531/2541/1008 1535/2542/1008 1533/2543/1008 1529/2544/1008
f 1536/2545/1009 1532/2546/1009 1530/2547/1009 1534/2548/1009
f 1537/2549/1 1538/2550/1 1540/2551/1 1539/2552/1
f 1539/2553/2 1540/2554/2 1544/2555/2 1543/2556/2
f 1543/2557/3 1544/2558/3 1542/2559/3 1541/2560/3
f 1541/2561/4 1542/2562/4 1538/2563/4 1537/2564/4
f 1539/2565/5 1543/2566/5 1541/2567/5 1537/2568/5
f 1544/2569/6 1540/2570/6 1538/2571/6 1542/2572/6
f 1545/2573/1 1546/2574/1 1548/2575/1 1547/2576/1
f 1547/2577/1006 1548/2578/1006 1552/2579/1006 1551/2580/1006
f 1551/2581/3 1552/2582/3 1550/2583/3 1549/2584/3
f 1549/2585/1007 1550/2586/1007 1546/2587/1007 1545/2588/1007
f 1547/2589/1008 1551/2590/1008 1549/2591/1008 1545/2592/1008
f 1552/2593/1009 1548/2594/1009 1546/2595/1009 1550/2596/1009
f 1553/2597/1 1554/2598/1 1556/2599/1 1555/2600/1
f 1555/2601/2 1556/2602/2 1560/2603/2 1559/2604/2
f 1559/2605/3 1560/2606/3 1558/2607/3 1557/2608/3
f 1557/2609/4 1558/2610/4 1554/2611/4 1553/2612/4
f 1555/2613/5 1559/2614/5 1557/2615/5 1553/2616/5
f 1560/2617/6 1556/2618/6 1554/2619/6 1558/2620/6
f 1561/2621/1 1562/2622/1 1564/2623/1 1563/2624/1
f 1563/2625/1006 1564/2626/1006 1568/2627/1006 1567/2628/1006
f 1567/2629/3 1568/2630/3 1566/2631/3 1565/2632/3
f 1565/2633/1007 1566/2634/1007 1562/2635/1007 1561/2636/1007
f 1563/2637/1008 1567/2638/1008 1565/2639/1008 1561/2640/1008
f 1568/2641/1009 1564/2642/1009 1562/2643/1009 1566/2644/1009
f 1569/2645/1 1570/2646/1 1572/2647/1 1571/2648/1
f 1571/2649/2 1572/2650/2 1576/2651/2 1575/2652/2
f 1575/2653/3 1576/2654/3 1574/2655/3 1573/2656/3
f 1573/2657/4 1574/2658/4 1570/2659/4 1569/2660/4
f 1571/2661/5 1575/2662/5 1573/2663/5 1569/2664/5
f 1576/2665/6 1572/2666/6 1570/2667/6 1574/2668/6
f 1577/2669/1 1578/2670/1 1580/2671/1 1579/2672/1
f 1579/2673/1006 1580/2674/1006 1584/2675/1006 1583/2676/1006
f 1583/2677/3 1584/2678/3 1582/2679/3 1581/2680/3
f 1581/2681/1007 1582/2682/1007 1578/2683/1007 1577/2684/1007
f 1579/2685/1008 1583/2686/1008 1581/2687/1008 1577/2688/1008
f 1584/2689/1009 1580/2690/1009 1578/2691/1009 1582/2692/1009
f 1585/2693/1 1586/2694/1 1588/2695/1 1587/2696/1
f 1587/2697/2 1588/2698/2 1592/2699/2 1591/2700/2
f 1591/2701/3 1592/2702/3 1590/2703/3 1589/2704/3
f 1589/2705/4 1590/2706/4 1586/2707/4 1585/2708/4
f 1587/2709/5 1591/2710/5 1589/2711/5 1585/2712/5
f 1592/2713/6 1588/2714/6 1586/2715/6 1590/2716/6
f 1593/2717/1 1594/2718/1 1596/2719/1 1595/2720/1
f 1595/2721/1006 1596/2722/1006 1600/2723/1006 1599/2724/1006
f 1599/2725/3 1600/2726/3 1598/2727/3 1597/2728/3
f 1597/2729/1007 1598/2730/1007 1594/2731/1007 1593/2732/1007
f 1595/2733/1008 1599/2734/1008 1597/2735/1008 1593/2736/1008
f 1600/2737/1009 1596/2738/1009 1594/2739/1009 1598/2740/1009
f 1601/2741/1 1602/2742/1 1604/2743/1 1603/2744/1
f 1603/2745/2 1604/2746/2 1608/2747/2 1607/2748/2
f 1607/2749/3 1608/2750/3 1606/2751/3 1605/2752/3
f 1605/2753/4 1606/2754/4 1602/2755/4 1601/2756/4
f 1603/2757/5 1607/2758/5 1605/2759/5 1601/2760/5
f 1608/2761/6 1604/2762/6 1602/2763/6 1606/2764/6
f 1609/2765/1 1610/2766/1 1612/2767/1 1611/2768/1
f 1611/2769/1006 1612/2770/1006 1616/2771/1006 1615/2772/1006
f 1615/2773/3 1616/2774/3 1614/2775/3 1613/2776/3
f 1613/2777/1007 1614/2778/1007 1610/2779/1007 1609/2780/1007
f 1611/2781/1008 1615/2782/1008 1613/2783/1008 1609/2784/1008
f 1616/2785/1009 1612/2786/1009 1610/2787/1009 1614/2788/1009
f 1617/2789/1 1618/2790/1 1620/2791/1 1619/2792/1
f 1619/2793/2 1620/2794/2 1624/2795/2 1623/2796/2
f 1623/2797/3 1624/2798/3 1622/2799/3 1621/2800/3
f 1621/2801/4 1622/2802/4 1618/2803/4 1617/2804/4
f 1619/2805/5 1623/2806/5 1621/2807/5 1617/2808/5
f 1624/2809/6 1620/2810/6 1618/2811/6 1622/2812/6
f 1625/2813/1 1626/2814/1 1628/2815/1 1627/2816/1
f 1627/2817/2 1628/2818/2 1632/2819/2 1631/2820/2
f 1631/2821/3 1632/2822/3 1630/2823/3 1629/2824/3
f 1629/2825/4 1630/2826/4 1626/2827/4 1625/2828/4
f 1627/2829/5 1631/2830/5 1629/2831/5 1625/2832/5
f 1632/2833/6 1628/2834/6 1626/2835/6 1630/2836/6
f 1633/2837/1 1634/2838/1 1636/2839/1 1635/2840/1
f 1635/2841/2 1636/2842/2 1640/2843/2 1639/2844/2
f 1639/2845/3 1640/2846/3 1638/2847/3 1637/2848/3
f 1637/2849/4 1638/2850/4 1634/2851/4 1633/2852/4
f 1635/2853/5 1639/2854/5 1637/2855/5 1633/2856/5
f 1640/2857/6 1636/2858/6 1634/2859/6 1638/2860/6
f 1641/2861/1 1642/2862/1 1644/2863/1 1643/2864/1
f 1643/2865/2 1644/2866/2 1648/2867/2 1647/2868/2
f 1647/2869/3 1648/2870/3 1646/2871/3 1645/2872/3
f 1645/2873/4 1646/2874/4 1642/2875/4 1641/2876/4
f 1643/2877/5 1647/2878/5 1645/2879/5 1641/2880/5
f 1648/2881/6 1644/2882/6 1642/2883/6 1646/2884/6
f 1649/2885/1 1650/2886/1 1652/2887/1 1651/2888/1
f 1651/2889/2 1652/2890/2 1656/2891/2 1655/2892/2
f 1655/2893/3 1656/2894/3 1654/2895/3 1653/2896/3
f 1653/2897/4 1654/2898/4 1650/2899/4 1649/2900/4
f 1651/2901/5 1655/2902/5 1653/2903/5 1649/2904/5
f 1656/2905/6 1652/2906/6 1650/2907/6 1654/2908/6
f 1657/2909/1 1658/2910/1 1660/2911/1 1659/2912/1
f 1659/2913/2 1660/2914/2 1664/2915/2 1663/2916/2
f 1663/2917/3 1664/2918/3 1662/2919/3 1661/2920/3
f 1661/2921/4 1662/2922/4 1658/2923/4 1657/2924/4
f 1659/2925/5 1663/2926/5 1661/2927/5 1657/2928/5
f 1664/2929/6 1660/2930/6 1658/2931/6 1662/2932/6
f 1665/2933/1 1666/2934/1 1668/2935/1 1667/2936/1
f 1667/2937/2 1668/2938/2 1672/2939/2 1671/2940/2
f 1671/2941/3 1672/2942/3 1670/2943/3 1669/2944/3
f 1669/2945/4 1670/2946/4 1666/2947/4 1665/2948/4
f 1667/2949/5 1671/2950/5 1669/2951/5 1665/2952/5
f 1672/2953/6 1668/2954/6 1666/2955/6 1670/2956/6
f 1673/2957/1 1674/2958/1 1676/2959/1 1675/2960/1
f 1675/2961/2 1676/2962/2 1680/2963/2 1679/2964/2
f 1679/2965/3 1680/2966/3 1678/2967/3 1677/2968/3
f 1677/2969/4 1678/2970/4 1674/2971/4 1673/2972/4
f 1675/2973/5 1679/2974/5 1677/2975/5 1673/2976/5
f 1680/2977/6 1676/2978/6 1674/2979/6 1678/2980/6
f 1681/2981/1 1682/2982/1 1684/2983/1 1683/2984/1
f 1683/2985/2 1684/2986/2 1688/2987/2 1687/2988/2
f 1687/2989/3 1688/2990/3 1686/2991/3 1685/2992/3
f 1685/2993/4 1686/2994/4 1682/2995/4 1681/2996/4
f 1683/2997/5 1687/2998/5 1685/2999/5 1681/3000/5
f 1688/3001/6 1684/3002/6 1682/3003/6 1686/3004/6
f 1689/3005/1 1690/3006/1 1692/3007/1 1691/3008/1
f 1691/3009/2 1692/3010/2 1696/3011/2 1695/3012/2
f 1695/3013/3 1696/3014/3 1694/3015/3 1693/3016/3
f 1693/3017/4 1694/3018/4 1690/3019/4 1689/3020/4
f 1691/3021/5 1695/3022/5 1693/3023/5 1689/3024/5
f 1696/3025/6 1692/3026/6 1690/3027/6 1694/3028/6
f 1697/3029/1 1698/3030/1 1700/3031/1 1699/3032/1
f 1699/3033/2 1700/3034/2 1704/3035/2 1703/3036/2
f 1703/3037/3 1704/3038/3 1702/3039/3 1701/3040/3
f 1701/3041/4 1702/3042/4 1698/3043/4 1697/3044/4
f 1699/3045/5 1703/3046/5 1701/3047/5 1697/3048/5
f 1704/3049/6 1700/3050/6 1698/3051/6 1702/3052/6
f 1705/3053/1 1706/3054/1 1708/3055/1 1707/3056/1
f 1707/3057/2 1708/3058/2 1712/3059/2 1711/3060/2
f 1711/3061/3 1712/3062/3 1710/3063/3 1709/3064/3
f 1709/3065/4 1710/3066/4 1706/3067/4 1705/3068/4
f 1707/3069/5 1711/3070/5 1709/3071/5 1705/3072/5
f 1712/3073/6 1708/3074/6 1706/3075/6 1710/3076/6
f 1713/3077/1 1714/3078/1 1716/3079/1 1715/3080/1
f 1715/3081/2 1716/3082/2 1720/3083/2 1719/3084/2
f 1719/3085/3 1720/3086/3 1718/3087/3 1717/3088/3
f 1717/3089/4 1718/3090/4 1714/3091/4 1713/3092/4
f 1715/3093/5 1719/3094/5 1717/3095/5 1713/3096/5
f 1720/3097/6 1716/3098/6 1714/3099/6 1718/3100/6
f 1721/3101/1 1722/3102/1 1724/3103/1 1723/3104/1
f 1723/3105/2 1724/3106/2 1728/3107/2 1727/3108/2
f 1727/3109/3 1728/3110/3 1726/3111/3 1725/3112/3
f 1725/3113/4 1726/3114/4 1722/3115/4 1721/3116/4
f 1723/3117/5 1727/3118/5 1725/3119/5 1721/3120/5
f 1728/3121/6 1724/3122/6 1722/3123/6 1726/3124/6
f 1729/3125/1 1730/3126/1 1732/3127/1 1731/3128/1
f 1731/3129/2 1732/3130/2 1736/3131/2 1735/3132/2
f 1735/3133/3 1736/3134/3 1734/3135/3 1733/3136/3
f 1733/3137/4 1734/3138/4 1730/3139/4 1729/3140/4
f 1731/3141/5 1735/3142/5 1733/3143/5 1729/3144/5
f 1736/3145/6 1732/3146/6 1730/3147/6 1734/3148/6
f 1737/3149/1 1738/3150/1 1740/3151/1 1739/3152/1
f 1739/3153/2 1740/3154/2 1744/3155/2 1743/3156/2
f 1743/3157/3 1744/3158/3 1742/3159/3 1741/3160/3
f 1741/3161/4 1742/3162/4 1738/3163/4 1737/3164/4
f 1739/3165/5 1743/3166/5 1741/3167/5 1737/3168/5
f 1744/3169/6 1740/3170/6 1738/3171/6 1742/3172/6
f 1745/3173/1 1746/3174/1 1748/3175/1 1747/3176/1
f 1747/3177/2 1748/3178/2 1752/3179/2 1751/3180/2
f 1751/3181/3 1752/3182/3 1750/3183/3 1749/3184/3
f 1749/3185/4 1750/3186/4 1746/3187/4 1745/3188/4
f 1747/3189/5 1751/3190/5 1749/3191/5 1745/3192/5
f 1752/3193/6 1748/3194/6 1746/3195/6 1750/3196/6
f 1753/3197/1 1754/3198/1 1756/3199/1 1755/3200/1
f 1755/3201/2 1756/3202/2 1760/3203/2 1759/3204/2
f 1759/3205/3 1760/3206/3 1758/3207/3 1757/3208/3
f 1757/3209/4 1758/3210/4 1754/3211/4 1753/3212/4
f 1755/3213/5 1759/3214/5 1757/3215/5 1753/3216/5
f 1760/3217/6 1756/3218/6 1754/3219/6 1758/3220/6
f 1761/3221/1 1762/3222/1 1764/3223/1 1763/3224/1
f 1763/3225/2 1764/3226/2 1768/3227/2 1767/3228/2
f 1767/3229/3 1768/3230/3 1766/3231/3 1765/3232/3
f 1765/3233/4 1766/3234/4 1762/3235/4 1761/3236/4
f 1763/3237/5 1767/3238/5 1765/3239/5 1761/3240/5
f 1768/3241/6 1764/3242/6 1762/3243/6 1766/3244/6
f 1769/3245/1 1770/3246/1 1772/3247/1 1771/3248/1
f 1771/3249/2 1772/3250/2 1776/3251/2 1775/3252/2
f 1775/3253/3 1776/3254/3 1774/3255/3 1773/3256/3
f 1773/3257/4 1774/3258/4 1770/3259/4 1769/3260/4
f 1771/3261/5 1775/3262/5 1773/3263/5 1769/3264/5
f 1776/3265/6 1772/3266/6 1770/3267/6 1774/3268/6
f 1777/3269/1 1778/3270/1 1780/3271/1 1779/3272/1
f 1779/3273/2 1780/3274/2 1784/3275/2 1783/3276/2
f 1783/3277/3 1784/3278/3 1782/3279/3 1781/3280/3
f 1781/3281/4 1782/3282/4 1778/3283/4 1777/3284/4
f 1779/3285/5 1783/3286/5 1781/3287/5 1777/3288/5
f 1784/3289/6 1780/3290/6 1778/3291/6 1782/3292/6
f 1785/3293/1 1786/3294/1 1788/3295/1 1787/3296/1
f 1787/3297/2 1788/3298/2 1792/3299/2 1791/3300/2
f 1791/3301/3 1792/3302/3 1790/3303/3 1789/3304/3
f 1789/3305/4 1790/3306/4 1786/3307/4 1785/3308/4
f 1787/3309/5 1791/3310/5 1789/3311/5 1785/3312/5
f 1792/3313/6 1788/3314/6 1786/3315/6 1790/3316/6
f 1793/3317/1 1794/3318/1 1796/3319/1 1795/3320/1
f 1795/3321/2 1796/3322/2 1800/3323/2 1799/3324/2
f 1799/3325/3 1800/3326/3 1798/3327/3 1797/3328/3
f 1797/3329/4 1798/3330/4 1794/3331/4 1793/3332/4
f 1795/3333/5 1799/3334/5 1797/3335/5 1793/3336/5
f 1800/3337/6 1796/3338/6 1794/3339/6 1798/3340/6
f 1801/3341/1 1802/3342/1 1804/3343/1 1803/3344/1
f 1803/3345/2 1804/3346/2 1808/3347/2 1807/3348/2
f 1807/3349/3 1808/3350/3 1806/3351/3 1805/3352/3
f 1805/3353/4 1806/3354/4 1802/3355/4 1801/3356/4
f 1803/3357/5 1807/3358/5 1805/3359/5 1801/3360/5
f 1808/3361/6 1804/3362/6 1802/3363/6 1806/3364/6
f 1809/3365/1 1810/3366/1 1812/3367/1 1811/3368/1
f 1811/3369/2 1812/3370/2 1816/3371/2 1815/3372/2
f 1815/3373/3 1816/3374/3 1814/3375/3 1813/3376/3
f 1813/3377/4 1814/3378/4 1810/3379/4 1809/3380/4
f 1811/3381/5 1815/3382/5 1813/3383/5 1809/3384/5
f 1816/3385/6 1812/3386/6 1810/3387/6 1814/3388/6
s 1
f 1817/3389/5 1829/3390/1010 1830/3391/1011 1818/3392/1012
f 1818/3393/1012 1830/3394/1011 1831/3395/1013 1819/3396/1014
f 1819/3396/1014 1831/3395/1013 1832/3397/1015 1820/3398/1016
f 1820/3398/1016 1832/3397/1015 1833/3399/1017 1821/3400/1018
f 1821/3401/1018 1833/3402/1017 1834/3403/1019 1822/3404/1020
f 1822/3404/1020 1834/3403/1019 1835/3405/1021 1823/3406/6
f 1823/3406/6 1835/3405/1021 1836/3407/1022 1824/3408/1023
f 1824/3408/1023 1836/3407/1022 1837/3409/1024 1825/3410/1025
f 1825/3411/1025 1837/3412/1024 1838/3413/1026 1826/3414/1027
f 1826/3414/1027 1838/3413/1026 1839/3415/1028 1827/3416/1029
f 1827/3416/1029 1839/3415/1028 1840/3417/1030 1828/3418/1031
f 1828/3419/1031 1840/3420/1030 1829/3390/1010 1817/3389/5
f 1829/3390/1010 1841/3421/1032 1842/3422/1033 1830/3391/1011
f 1830/3394/1011 1842/3423/1033 1843/3424/1034 1831/3395/1013
f 1831/3395/1013 1843/3424/1034 1844/3425/1035 1832/3397/1015
f 1832/3397/1015 1844/3425/1035 1845/3426/1036 1833/3399/1017
f 1833/3399/1017 1845/3426/1036 1846/3427/1037 1834/3428/1019
f 1834/3403/1019 1846/3429/1037 1847/3430/1038 1835/3405/1021
f 1835/3405/1021 1847/3430/1038 1848/3431/1039 1836/3407/1022
f 1836/3432/1022 1848/3433/1039 1849/3434/1040 1837/3412/1024
f 1837/3412/1024 1849/3434/1040 1850/3435/1041 1838/3413/1026
f 1838/3413/1026 1850/3435/1041 1851/3436/1042 1839/3415/1028
f 1839/3415/1028 1851/3436/1042 1852/3437/1043 1840/3417/1030
f 1840/3420/1030 1852/3438/1043 1841/3421/1032 1829/3390/1010
f 1841/3421/1032 1853/3439/1044 1854/3440/1045 1842/3422/1033
f 1842/3423/1033 1854/3441/1045 1855/3442/1046 1843/3424/1034
f 1843/3424/1034 1855/3442/1046 1856/3443/1047 1844/3425/1035
f 1844/3425/1035 1856/3443/1047 1857/3444/1048 1845/3426/1036
f 1845/3426/1036 1857/3444/1048 1858/3445/1049 1846/3427/1037
f 1846/3429/1037 1858/3446/1049 1859/3447/1050 1847/3430/1038
f 1847/3430/1038 1859/3447/1050 1860/3448/1051 1848/3431/1039
f 1848/3433/1039 1860/3449/1051 1861/3450/1052 1849/3434/1040
f 1849/3434/1040 1861/3450/1052 1862/3451/1053 1850/3435/1041
f 1850/3435/1041 1862/3451/1053 1863/3452/1054 1851/3436/1042
f 1851/3436/1042 1863/3452/1054 1864/3453/1055 1852/3437/1043
f 1852/3438/1043 1864/3454/1055 1853/3439/1044 1841/3421/1032
f 1853/3439/1044 1865/3455/1056 1866/3456/1057 1854/3440/1045
f 1854/3441/1045 1866/3457/1057 1867/3458/1058 1855/3442/1046
f 1855/3442/1046 1867/3458/1058 1868/3459/1059 1856/3443/1047
f 1856/3443/1047 1868/3459/1059 1869/3460/1060 1857/3444/1048
f 1857/3444/1048 1869/3460/1060 1870/3461/1061 1858/3445/1049
f 1858/3446/1049 1870/3462/1061 1871/3463/1062 1859/3447/1050
f 1859/3447/1050 1871/3463/1062 1872/3464/1063 1860/3448/1051
f 1860/3449/1051 1872/3465/1063 1873/3466/1064 1861/3450/1052
f 1861/3450/1052 1873/3466/1064 1874/3467/1065 1862/3451/1053
f 1862/3451/1053 1874/3467/1065 1875/3468/1066 1863/3452/1054
f 1863/3452/1054 1875/3468/1066 1876/3469/1067 1864/3453/1055
f 1864/3454/1055 1876/3470/1067 1865/3455/1056 1853/3439/1044
f 1865/3455/1056 1877/3471/1068 1878/3472/1069 1866/3456/1057
f 1866/3457/1057 1878/3473/1069 1879/3474/1070 1867/3458/1058
f 1867/3458/1058 1879/3474/1070 1880/3475/1071 1868/3459/1059
f 1868/3459/1059 1880/3475/1071 1881/3476/1072 1869/3460/1060
f 1869/3460/1060 1881/3476/1072 1882/3477/1073 1870/3461/1061
f 1870/3462/1061 1882/3478/1073 1883/3479/1074 1871/3463/1062
f 1871/3463/1062 1883/3479/1074 1884/3480/1075 1872/3464/1063
f 1872/3465/1063 1884/3481/1075 1885/3482/1076 1873/3466/1064
f 1873/3466/1064 1885/3482/1076 1886/3483/1077 1874/3467/1065
f 1874/3467/1065 1886/3483/1077 1887/3484/1078 1875/3468/1066
f 1875/3468/1066 1887/3484/1078 1888/3485/1079 1876/3469/1067
f 1876/3470/1067 1888/3486/1079 1877/3471/1068 1865/3455/1056
f 1877/3471/1068 1889/3487/1080 1890/3488/1081 1878/3472/1069
f 1878/3473/1069 1890/3489/1081 1891/3490/1082 1879/3474/1070
f 1879/3474/1070 1891/3490/1082 1892/3491/1083 1880/3475/1071
f 1880/3475/1071 1892/3491/1083 1893/3492/1084 1881/3476/1072
f 1881/3476/1072 1893/3492/1084 1894/3493/1085 1882/3477/1073
f 1882/3478/1073 1894/3494/1085 1895/3495/1086 1883/3479/1074
f 1883/3479/1074 1895/3495/1086 1896/3496/1087 1884/3480/1075
f 1884/3481/1075 1896/3497/1087 1897/3498/1088 1885/3482/1076
f 1885/3482/1076 1897/3498/1088 1898/3499/1089 1886/3483/1077
f 1886/3483/1077 1898/3499/1089 1899/3500/1090 1887/3484/1078
f 1887/3484/1078 1899/3500/1090 1900/3501/1091 1888/3485/1079
f 1888/3486/1079 1900/3502/1091 1889/3487/1080 1877/3471/1068
f 1889/3503/1080 1901/3504/1092 1902/3505/1093 1890/3506/1081
f 1890/3489/1081 1902/3507/1093 1903/3508/1094 1891/3490/1082
f 1891/3490/1082 1903/3508/1094 1904/3509/1095 1892/3491/1083
f 1892/3491/1083 1904/3509/1095 1905/3510/1096 1893/3492/1084
f 1893/3492/1084 1905/3510/1096 1906/3511/1097 1894/3493/1085
f 1894/3512/1085 1906/3513/1097 1907/3514/1098 1895/3515/1086
f 1895/3515/1086 1907/3514/1098 1908/3516/1099 1896/3517/1087
f 1896/3497/1087 1908/3518/1099 1909/3519/1100 1897/3498/1088
f 1897/3498/1088 1909/3519/1100 1910/3520/1101 1898/3499/1089
f 1898/3499/1089 1910/3520/1101 1911/3521/1102 1899/3500/1090
f 1899/3500/1090 1911/3521/1102 1912/3522/1103 1900/3501/1091
f 1900/3523/1091 1912/3524/1103 1901/3504/1092 1889/3503/1080
f 1901/3504/1092 1913/3525/1104 1914/3526/1105 1902/3505/1093
f 1902/3507/1093 1914/3527/1105 1915/3528/1106 1903/3508/1094
f 1903/3508/1094 1915/3528/1106 1916/3529/1107 1904/3509/1095
f 1904/3509/1095 1916/3529/1107 1917/3530/1108 1905/3510/1096
f 1905/3510/1096 1917/3530/1108 1918/3531/1109 1906/3511/1097
f 1906/3513/1097 1918/3532/1109 1919/3533/1110 1907/3514/1098
f 1907/3514/1098 1919/3533/1110 1920/3534/1111 1908/3516/1099
f 1908/3518/1099 1920/3535/1111 1921/3536/1112 1909/3519/1100
f 1909/3519/1100 1921/3536/1112 1922/3537/1113 1910/3520/1101
f 1910/3520/1101 1922/3537/1113 1923/3538/1114 1911/3521/1102
f 1911/3521/1102 1923/3538/1114 1924/3539/1115 1912/3522/1103
f 1912/3524/1103 1924/3540/1115 1913/3525/1104 1901/3504/1092
f 1913/3525/1104 1925/3541/1116 1926/3542/1117 1914/3526/1105
f 1914/3527/1105 1926/3543/1117 1927/3544/1118 1915/3528/1106
f 1915/3528/1106 1927/3544/1118 1928/3545/1119 1916/3529/1107
f 1916/3529/1107 1928/3545/1119 1929/3546/1120 1917/3530/1108
f 1917/3530/1108 1929/3546/1120 1930/3547/1121 1918/3531/1109
f 1918/3532/1109 1930/3548/1121 1931/3549/1122 1919/3533/1110
f 1919/3533/1110 1931/3549/1122 1932/3550/1123 1920/3534/1111
f 1920/3535/1111 1932/3551/1123 1933/3552/1124 1921/3536/1112
f 1921/3536/1112 1933/3552/1124 1934/3553/1125 1922/3537/1113
f 1922/3537/1113 1934/3553/1125 1935/3554/1126 1923/3538/1114
f 1923/3538/1114 1935/3554/1126 1936/3555/1127 1924/3539/1115
f 1924/3540/1115 1936/3556/1127 1925/3541/1116 1913/3525/1104
f 1925/3541/1116 1937/3557/1128 1938/3558/1129 1926/3542/1117
f 1926/3543/1117 1938/3559/1129 1939/3560/1130 1927/3544/1118
f 1927/3544/1118 1939/3560/1130 1940/3561/1131 1928/3545/1119
f 1928/3545/1119 1940/3561/1131 1941/3562/1132 1929/3546/1120
f 1929/3546/1120 1941/3562/1132 1942/3563/1133 1930/3547/1121
f 1930/3548/1121 1942/3564/1133 1943/3565/1134 1931/3549/1122
f 1931/3549/1122 1943/3565/1134 1944/3566/1135 1932/3550/1123
f 1932/3551/1123 1944/3567/1135 1945/3568/1136 1933/3552/1124
f 1933/3552/1124 1945/3568/1136 1946/3569/1137 1934/3553/1125
f 1934/3553/1125 1946/3569/1137 1947/3570/1138 1935/3554/1126
f 1935/3554/1126 1947/3570/1138 1948/3571/1139 1936/3555/1127
f 1936/3556/1127 1948/3572/1139 1937/3557/1128 1925/3541/1116
f 1937/3557/1128 1949/3573/1140 1950/3574/1141 1938/3558/1129
f 1938/3559/1129 1950/3575/1141 1951/3576/1142 1939/3560/1130
f 1939/3560/1130 1951/3576/1142 1952/3577/1143 1940/3561/1131
f 1940/3561/1131 1952/3577/1143 1953/3578/1144 1941/3562/1132
f 1941/3562/1132 1953/3578/1144 1954/3579/1145 1942/3563/1133
f 1942/3564/1133 1954/3580/1145 1955/3581/1146 1943/3565/1134
f 1943/3565/1134 1955/3581/1146 1956/3582/1147 1944/3566/1135
f 1944/3567/1135 1956/3583/1147 1957/3584/1148 1945/3568/1136
f 1945/3568/1136 1957/3584/1148 1958/3585/1149 1946/3569/1137
f 1946/3569/1137 1958/3585/1149 1959/3586/1150 1947/3570/1138
f 1947/3570/1138 1959/3586/1150 1960/3587/1151 1948/3571/1139
f 1948/3572/1139 1960/3588/1151 1949/3573/1140 1937/3557/1128
f 1949/3573/1140 1961/3589/2 1962/3590/1152 1950/3574/1141
f 1950/3574/1141 1962/3590/1152 1963/3591/1153 1951/3592/1142
f 1951/3576/1142 1963/3593/1153 1964/3594/1154 1952/3577/1143
f 1952/3577/1143 1964/3594/1154 1965/3595/1155 1953/3578/1144
f 1953/3596/1144 1965/3597/1155 1966/3598/1156 1954/3580/1145
f 1954/3580/1145 1966/3598/1156 1967/3599/4 1955/3581/1146
f 1955/3581/1146 1967/3599/4 1968/3600/1157 1956/3582/1147
f 1956/3583/1147 1968/3601/1157 1969/3602/1158 1957/3584/1148
f 1957/3584/1148 1969/3602/1158 1970/3603/1159 1958/3585/1149
f 1958/3585/1149 1970/3603/1159 1971/3604/1160 1959/3586/1150
f 1959/3586/1150 1971/3604/1160 1972/3605/1161 1960/3587/1151
f 1960/3588/1151 1972/3606/1161 1961/3589/2 1949/3573/1140
f 1961/3589/2 1973/3607/1162 1974/3608/1163 1962/3590/1152
f 1962/3590/1152 1974/3608/1163 1975/3609/1164 1963/3591/1153
f 1963/3593/1153 1975/3610/1164 1976/3611/1165 1964/3594/1154
f 1964/3594/1154 1976/3611/1165 1977/3612/1166 1965/3595/1155
f 1965/3597/1155 1977/3613/1166 1978/3614/1167 1966/3598/1156
f 1966/3598/1156 1978/3614/1167 1979/3615/1168 1967/3599/4
f 1967/3599/4 1979/3615/1168 1980/3616/1169 1968/3600/1157
f 1968/3601/1157 1980/3617/1169 1981/3618/1170 1969/3602/1158
f 1969/3602/1158 1981/3618/1170 1982/3619/1171 1970/3603/1159
f 1970/3603/1159 1982/3619/1171 1983/3620/1172 1971/3604/1160
f 1971/3604/1160 1983/3620/1172 1984/3621/1173 1972/3605/1161
f 1972/3606/1161 1984/3622/1173 1973/3607/1162 1961/3589/2
f 1973/3607/1162 1985/3623/1174 1986/3624/1175 1974/3608/1163
f 1974/3625/1163 1986/3626/1175 1987/3627/1176 1975/3610/1164
f 1975/3610/1164 1987/3627/1176 1988/3628/1177 1976/3611/1165
f 1976/3611/1165 1988/3628/1177 1989/3629/1178 1977/3612/1166
f 1977/3612/1166 1989/3629/1178 1990/3630/1179 1978/3631/1167
f 1978/3614/1167 1990/3632/1179 1991/3633/1180 1979/3615/1168
f 1979/3615/1168 1991/3633/1180 1992/3634/1181 1980/3616/1169
f 1980/3617/1169 1992/3635/1181 1993/3636/1182 1981/3618/1170
f 1981/3618/1170 1993/3636/1182 1994/3637/1183 1982/3619/1171
f 1982/3619/1171 1994/3637/1183 1995/3638/1184 1983/3620/1172
f 1983/3620/1172 1995/3638/1184 1996/3639/1185 1984/3621/1173
f 1984/3622/1173 1996/3640/1185 1985/3623/1174 1973/3607/1162
f 1985/3623/1174 1997/3641/1186 1998/3642/1187 1986/3624/1175
f 1986/3626/1175 1998/3643/1187 1999/3644/1188 1987/3627/1176
f 1987/3627/1176 1999/3644/1188 2000/3645/1189 1988/3628/1177
f 1988/3628/1177 2000/3645/1189 2001/3646/1190 1989/3629/1178
f 1989/3629/1178 2001/3646/1190 2002/3647/1191 1990/3630/1179
f 1990/3632/1179 2002/3648/1191 2003/3649/1192 1991/3633/1180
f 1991/3633/1180 2003/3649/1192 2004/3650/1193 1992/3634/1181
f 1992/3635/1181 2004/3651/1193 2005/3652/1194 1993/3636/1182
f 1993/3636/1182 2005/3652/1194 2006/3653/1195 1994/3637/1183
f 1994/3637/1183 2006/3653/1195 2007/3654/1196 1995/3638/1184
f 1995/3638/1184 2007/3654/1196 2008/3655/1197 1996/3639/1185
f 1996/3640/1185 2008/3656/1197 1997/3641/1186 1985/3623/1174
f 1997/3641/1186 2009/3657/1198 2010/3658/1199 1998/3642/1187
f 1998/3643/1187 2010/3659/1199 2011/3660/1200 1999/3644/1188
f 1999/3644/1188 2011/3660/1200 2012/3661/1201 2000/3645/1189
f 2000/3645/1189 2012/3661/1201 2013/3662/1202 2001/3646/1190
f 2001/3646/1190 2013/3662/1202 2014/3663/1203 2002/3647/1191
f 2002/3648/1191 2014/3664/1203 2015/3665/1204 2003/3649/1192
f 2003/3649/1192 2015/3665/1204 2016/3666/1205 2004/3650/1193
f 2004/3651/1193 2016/3667/1205 2017/3668/1206 2005/3652/1194
f 2005/3652/1194 2017/3668/1206 2018/3669/1207 2006/3653/1195
f 2006/3653/1195 2018/3669/1207 2019/3670/1208 2007/3654/1196
f 2007/3654/1196 2019/3670/1208 2020/3671/1209 2008/3655/1197
f 2008/3656/1197 2020/3672/1209 2009/3657/1198 1997/3641/1186
f 2009/3657/1198 2021/3673/1210 2022/3674/1211 2010/3658/1199
f 2010/3659/1199 2022/3675/1211 2023/3676/1212 2011/3660/1200
f 2011/3660/1200 2023/3676/1212 2024/3677/1213 2012/3661/1201
f 2012/3661/1201 2024/3677/1213 2025/3678/1214 2013/3662/1202
f 2013/3662/1202 2025/3678/1214 2026/3679/1215 2014/3663/1203
f 2014/3664/1203 2026/3680/1215 2027/3681/1216 2015/3665/1204
f 2015/3665/1204 2027/3681/1216 2028/3682/1217 2016/3666/1205
f 2016/3667/1205 2028/3683/1217 2029/3684/1218 2017/3668/1206
f 2017/3668/1206 2029/3684/1218 2030/3685/1219 2018/3669/1207
f 2018/3669/1207 2030/3685/1219 2031/3686/1220 2019/3670/1208
f 2019/3670/1208 2031/3686/1220 2032/3687/1221 2020/3671/1209
f 2020/3672/1209 2032/3688/1221 2021/3673/1210 2009/3657/1198
f 2021/3673/1210 2033/3689/1222 2034/3690/1223 2022/3674/1211
f 2022/3675/1211 2034/3691/1223 2035/3692/1224 2023/3676/1212
f 2023/3676/1212 2035/3692/1224 2036/3693/1225 2024/3677/1213
f 2024/3677/1213 2036/3693/1225 2037/3694/1226 2025/3678/1214
f 2025/3678/1214 2037/3694/1226 2038/3695/1227 2026/3679/1215
f 2026/3680/1215 2038/3696/1227 2039/3697/1228 2027/3681/1216
f 2027/3681/1216 2039/3697/1228 2040/3698/1229 2028/3682/1217
f 2028/3683/1217 2040/3699/1229 2041/3700/1230 2029/3684/1218
f 2029/3684/1218 2041/3700/1230 2042/3701/1231 2030/3685/1219
f 2030/3685/1219 2042/3701/1231 2043/3702/1232 2031/3686/1220
f 2031/3686/1220 2043/3702/1232 2044/3703/1233 2032/3687/1221
f 2032/3688/1221 2044/3704/1233 2033/3689/1222 2021/3673/1210
f 2033/3705/1222 2045/3706/1234 2046/3707/1235 2034/3708/1223
f 2034/3691/1223 2046/3709/1235 2047/3710/1236 2035/3692/1224
f 2035/3692/1224 2047/3710/1236 2048/3711/1237 2036/3693/1225
f 2036/3693/1225 2048/3711/1237 2049/3712/1238 2037/3694/1226
f 2037/3694/1226 2049/3712/1238 2050/3713/1239 2038/3695/1227
f 2038/3714/1227 2050/3715/1239 2051/3716/1240 2039/3717/1228
f 2039/3717/1228 2051/3716/1240 2052/3718/1241 2040/3719/1229
f 2040/3699/1229 2052/3720/1241 2053/3721/1242 2041/3700/1230
f 2041/3700/1230 2053/3721/1242 2054/3722/1243 2042/3701/1231
f 2042/3701/1231 2054/3722/1243 2055/3723/1244 2043/3702/1232
f 2043/3702/1232 2055/3723/1244 2056/3724/1245 2044/3703/1233
f 2044/3725/1233 2056/3726/1245 2045/3706/1234 2033/3705/1222
f 2045/3706/1234 2057/3727/1246 2058/3728/1247 2046/3707/1235
f 2046/3709/1235 2058/3729/1247 2059/3730/1248 2047/3710/1236
f 2047/3710/1236 2059/3730/1248 2060/3731/1249 2048/3711/1237
f 2048/3711/1237 2060/3731/1249 2061/3732/1250 2049/3712/1238
f 2049/3712/1238 2061/3732/1250 2062/3733/1251 2050/3713/1239
f 2050/3715/1239 2062/3734/1251 2063/3735/1252 2051/3716/1240
f 2051/3716/1240 2063/3735/1252 2064/3736/1253 2052/3718/1241
f 2052/3720/1241 2064/3737/1253 2065/3738/1254 2053/3721/1242
f 2053/3721/1242 2065/3738/1254 2066/3739/1255 2054/3722/1243
f 2054/3722/1243 2066/3739/1255 2067/3740/1256 2055/3723/1244
f 2055/3723/1244 2067/3740/1256 2068/3741/1257 2056/3724/1245
f 2056/3726/1245 2068/3742/1257 2057/3727/1246 2045/3706/1234
f 2057/3727/1246 2069/3743/1258 2070/3744/1259 2058/3728/1247
f 2058/3729/1247 2070/3745/1259 2071/3746/1260 2059/3730/1248
f 2059/3730/1248 2071/3746/1260 2072/3747/1261 2060/3731/1249
f 2060/3731/1249 2072/3747/1261 2073/3748/1262 2061/3732/1250
f 2061/3732/1250 2073/3748/1262 2074/3749/1263 2062/3733/1251
f 2062/3734/1251 2074/3750/1263 2075/3751/1264 2063/3735/1252
f 2063/3735/1252 2075/3751/1264 2076/3752/1265 2064/3736/1253
f 2064/3737/1253 2076/3753/1265 2077/3754/1266 2065/3738/1254
f 2065/3738/1254 2077/3754/1266 2078/3755/1267 2066/3739/1255
f 2066/3739/1255 2078/3755/1267 2079/3756/1268 2067/3740/1256
f 2067/3740/1256 2079/3756/1268 2080/3757/1269 2068/3741/1257
f 2068/3742/1257 2080/3758/1269 2069/3743/1258 2057/3727/1246
f 2069/3743/1258 2081/3759/1270 2082/3760/1271 2070/3744/1259
f 2070/3745/1259 2082/3761/1271 2083/3762/1272 2071/3746/1260
f 2071/3746/1260 2083/3762/1272 2084/3763/1273 2072/3747/1261
f 2072/3747/1261 2084/3763/1273 2085/3764/1274 2073/3748/1262
f 2073/3748/1262 2085/3764/1274 2086/3765/1275 2074/3749/1263
f 2074/3750/1263 2086/3766/1275 2087/3767/1276 2075/3751/1264
f 2075/3751/1264 2087/3767/1276 2088/3768/1277 2076/3752/1265
f 2076/3753/1265 2088/3769/1277 2089/3770/1278 2077/3754/1266
f 2077/3754/1266 2089/3770/1278 2090/3771/1279 2078/3755/1267
f 2078/3755/1267 2090/3771/1279 2091/3772/1280 2079/3756/1268
f 2079/3756/1268 2091/3772/1280 2092/3773/1281 2080/3757/1269
f 2080/3758/1269 2092/3774/1281 2081/3759/1270 2069/3743/1258
f 2081/3759/1270 2093/3775/1282 2094/3776/1283 2082/3760/1271
f 2082/3761/1271 2094/3777/1283 2095/3778/1284 2083/3762/1272
f 2083/3762/1272 2095/3778/1284 2096/3779/1285 2084/3763/1273
f 2084/3763/1273 2096/3779/1285 2097/3780/1286 2085/3764/1274
f 2085/3764/1274 2097/3780/1286 2098/3781/1287 2086/3765/1275
f 2086/3766/1275 2098/3782/1287 2099/3783/1288 2087/3767/1276
f 2087/3767/1276 2099/3783/1288 2100/3784/1289 2088/3768/1277
f 2088/3769/1277 2100/3785/1289 2101/3786/1290 2089/3770/1278
f 2089/3770/1278 2101/3786/1290 2102/3787/1291 2090/3771/1279
f 2090/3771/1279 2102/3787/1291 2103/3788/1292 2091/3772/1280
f 2091/3772/1280 2103/3788/1292 2104/3789/1293 2092/3773/1281
f 2092/3774/1281 2104/3790/1293 2093/3775/1282 2081/3759/1270
f 2093/3775/1282 2105/3791/6 2106/3792/1294 2094/3776/1283
f 2094/3776/1283 2106/3792/1294 2107/3793/1295 2095/3794/1284
f 2095/3778/1284 2107/3795/1295 2108/3796/1296 2096/3779/1285
f 2096/3779/1285 2108/3796/1296 2109/3797/1297 2097/3780/1286
f 2097/3780/1286 2109/3797/1297 2110/3798/1298 2098/3781/1287
f 2098/3782/1287 2110/3799/1298 2111/3800/5 2099/3783/1288
f 2099/3783/1288 2111/3800/5 2112/3801/1299 2100/3784/1289
f 2100/3785/1289 2112/3802/1299 2113/3803/1300 2101/3786/1290
f 2101/3786/1290 2113/3803/1300 2114/3804/1301 2102/3787/1291
f 2102/3787/1291 2114/3804/1301 2115/3805/1302 2103/3788/1292
f 2103/3806/1292 2115/3807/1302 2116/3808/1303 2104/3790/1293
f 2104/3790/1293 2116/3808/1303 2105/3791/6 2093/3775/1282
f 2105/3791/6 2117/3809/1021 2118/3810/1304 2106/3792/1294
f 2106/3792/1294 2118/3810/1304 2119/3811/1305 2107/3793/1295
f 2107/3795/1295 2119/3812/1305 2120/3813/1306 2108/3796/1296
f 2108/3796/1296 2120/3813/1306 2121/3814/1307 2109/3797/1297
f 2109/3797/1297 2121/3814/1307 2122/3815/1308 2110/3798/1298
f 2110/3799/1298 2122/3816/1308 2123/3817/1010 2111/3800/5
f 2111/3800/5 2123/3817/1010 2124/3818/1309 2112/3801/1299
f 2112/3802/1299 2124/3819/1309 2125/3820/1310 2113/3803/1300
f 2113/3803/1300 2125/3820/1310 2126/3821/1311 2114/3804/1301
f 2114/3804/1301 2126/3821/1311 2127/3822/1312 2115/3805/1302
f 2115/3807/1302 2127/3823/1312 2128/3824/1313 2116/3808/1303
f 2116/3808/1303 2128/3824/1313 2117/3809/1021 2105/3791/6
f 2117/3809/1021 2129/3825/1038 2130/3826/1314 2118/3810/1304
f 2118/3827/1304 2130/3828/1314 2131/3829/1315 2119/3812/1305
f 2119/3812/1305 2131/3829/1315 2132/3830/1316 2120/3813/1306
f 2120/3813/1306 2132/3830/1316 2133/3831/1317 2121/3814/1307
f 2121/3814/1307 2133/3831/1317 2134/3832/1318 2122/3815/1308
f 2122/3816/1308 2134/3833/1318 2135/3834/1032 2123/3817/1010
f 2123/3817/1010 2135/3834/1032 2136/3835/1319 2124/3818/1309
f 2124/3819/1309 2136/3836/1319 2137/3837/1320 2125/3820/1310
f 2125/3820/1310 2137/3837/1320 2138/3838/1321 2126/3821/1311
f 2126/3821/1311 2138/3838/1321 2139/3839/1322 2127/3822/1312
f 2127/3822/1312 2139/3839/1322 2140/3840/1323 2128/3841/1313
f 2128/3824/1313 2140/3842/1323 2129/3825/1038 2117/3809/1021
f 2129/3825/1038 2141/3843/1050 2142/3844/1324 2130/3826/1314
f 2130/3828/1314 2142/3845/1324 2143/3846/1325 2131/3829/1315
f 2131/3829/1315 2143/3846/1325 2144/3847/1326 2132/3830/1316
f 2132/3830/1316 2144/3847/1326 2145/3848/1327 2133/3831/1317
f 2133/3831/1317 2145/3848/1327 2146/3849/1328 2134/3832/1318
f 2134/3833/1318 2146/3850/1328 2147/3851/1044 2135/3834/1032
f 2135/3834/1032 2147/3851/1044 2148/3852/1329 2136/3835/1319
f 2136/3836/1319 2148/3853/1329 2149/3854/1330 2137/3837/1320
f 2137/3837/1320 2149/3854/1330 2150/3855/1331 2138/3838/1321
f 2138/3838/1321 2150/3855/1331 2151/3856/1332 2139/3839/1322
f 2139/3839/1322 2151/3856/1332 2152/3857/1333 2140/3840/1323
f 2140/3842/1323 2152/3858/1333 2141/3843/1050 2129/3825/1038
f 2141/3843/1050 2153/3859/1062 2154/3860/1334 2142/3844/1324
f 2142/3845/1324 2154/3861/1334 2155/3862/1335 2143/3846/1325
f 2143/3846/1325 2155/3862/1335 2156/3863/1336 2144/3847/1326
f 2144/3847/1326 2156/3863/1336 2157/3864/1337 2145/3848/1327
f 2145/3848/1327 2157/3864/1337 2158/3865/1338 2146/3849/1328
f 2146/3850/1328 2158/3866/1338 2159/3867/1056 2147/3851/1044
f 2147/3851/1044 2159/3867/1056 2160/3868/1339 2148/3852/1329
f 2148/3853/1329 2160/3869/1339 2161/3870/1340 2149/3854/1330
f 2149/3854/1330 2161/3870/1340 2162/3871/1341 2150/3855/1331
f 2150/3855/1331 2162/3871/1341 2163/3872/1342 2151/3856/1332
f 2151/3856/1332 2163/3872/1342 2164/3873/1343 2152/3857/1333
f 2152/3858/1333 2164/3874/1343 2153/3859/1062 2141/3843/1050
f 2153/3859/1062 2165/3875/1074 2166/3876/1344 2154/3860/1334
f 2154/3861/1334 2166/3877/1344 2167/3878/1345 2155/3862/1335
f 2155/3862/1335 2167/3878/1345 2168/3879/1346 2156/3863/1336
f 2156/3863/1336 2168/3879/1346 2169/3880/1347 2157/3864/1337
f 2157/3864/1337 2169/3880/1347 2170/3881/1348 2158/3865/1338
f 2158/3866/1338 2170/3882/1348 2171/3883/1068 2159/3867/1056
f 2159/3867/1056 2171/3883/1068 2172/3884/1349 2160/3868/1339
f 2160/3869/1339 2172/3885/1349 2173/3886/1350 2161/3870/1340
f 2161/3870/1340 2173/3886/1350 2174/3887/1351 2162/3871/1341
f 2162/3871/1341 2174/3887/1351 2175/3888/1352 2163/3872/1342
f 2163/3872/1342 2175/3888/1352 2176/3889/1353 2164/3873/1343
f 2164/3874/1343 2176/3890/1353 2165/3875/1074 2153/3859/1062
f 2165/3875/1074 2177/3891/1086 2178/3892/1354 2166/3876/1344
f 2166/3877/1344 2178/3893/1354 2179/3894/1355 2167/3878/1345
f 2167/3878/1345 2179/3894/1355 2180/3895/1356 2168/3879/1346
f 2168/3879/1346 2180/3895/1356 2181/3896/1357 2169/3880/1347
f 2169/3880/1347 2181/3896/1357 2182/3897/1358 2170/3881/1348
f 2170/3882/1348 2182/3898/1358 2183/3899/1080 2171/3883/1068
f 2171/3883/1068 2183/3899/1080 2184/3900/1359 2172/3884/1349
f 2172/3885/1349 2184/3901/1359 2185/3902/1360 2173/3886/1350
f 2173/3886/1350 2185/3902/1360 2186/3903/1361 2174/3887/1351
f 2174/3887/1351 2186/3903/1361 2187/3904/1362 2175/3888/1352
f 2175/3888/1352 2187/3904/1362 2188/3905/1363 2176/3889/1353
f 2176/3890/1353 2188/3906/1363 2177/3891/1086 2165/3875/1074
f 2177/3907/1086 2189/3908/1098 2190/3909/1364 2178/3910/1354
f 2178/3893/1354 2190/3911/1364 2191/3912/1365 2179/3894/1355
f 2179/3894/1355 2191/3912/1365 2192/3913/1366 2180/3895/1356
f 2180/3895/1356 2192/3913/1366 2193/3914/1367 2181/3896/1357
f 2181/3896/1357 2193/3914/1367 2194/3915/1368 2182/3897/1358
f 2182/3916/1358 2194/3917/1368 2195/3918/1092 2183/3919/1080
f 2183/3919/1080 2195/3918/1092 2196/3920/1369 2184/3921/1359
f 2184/3901/1359 2196/3922/1369 2197/3923/1370 2185/3902/1360
f 2185/3902/1360 2197/3923/1370 2198/3924/1371 2186/3903/1361
f 2186/3903/1361 2198/3924/1371 2199/3925/1372 2187/3904/1362
f 2187/3904/1362 2199/3925/1372 2200/3926/1373 2188/3905/1363
f 2188/3927/1363 2200/3928/1373 2189/3908/1098 2177/3907/1086
f 2189/3908/1098 2201/3929/1110 2202/3930/1374 2190/3909/1364
f 2190/3911/1364 2202/3931/1374 2203/3932/1375 2191/3912/1365
f 2191/3912/1365 2203/3932/1375 2204/3933/1376 2192/3913/1366
f 2192/3913/1366 2204/3933/1376 2205/3934/1377 2193/3914/1367
f 2193/3914/1367 2205/3934/1377 2206/3935/1378 2194/3915/1368
f 2194/3917/1368 2206/3936/1378 2207/3937/1104 2195/3918/1092
f 2195/3918/1092 2207/3937/1104 2208/3938/1379 2196/3920/1369
f 2196/3922/1369 2208/3939/1379 2209/3940/1380 2197/3923/1370
f 2197/3923/1370 2209/3940/1380 2210/3941/1381 2198/3924/1371
f 2198/3924/1371 2210/3941/1381 2211/3942/1382 2199/3925/1372
f 2199/3925/1372 2211/3942/1382 2212/3943/1383 2200/3926/1373
f 2200/3928/1373 2212/3944/1383 2201/3929/1110 2189/3908/1098
f 2201/3929/1110 2213/3945/1122 2214/3946/1384 2202/3930/1374
f 2202/3931/1374 2214/3947/1384 2215/3948/1385 2203/3932/1375
f 2203/3932/1375 2215/3948/1385 2216/3949/1386 2204/3933/1376
f 2204/3933/1376 2216/3949/1386 2217/3950/1387 2205/3934/1377
f 2205/3934/1377 2217/3950/1387 2218/3951/1388 2206/3935/1378
f 2206/3936/1378 2218/3952/1388 2219/3953/1116 2207/3937/1104
f 2207/3937/1104 2219/3953/1116 2220/3954/1389 2208/3938/1379
f 2208/3939/1379 2220/3955/1389 2221/3956/1390 2209/3940/1380
f 2209/3940/1380 2221/3956/1390 2222/3957/1391 2210/3941/1381
f 2210/3941/1381 2222/3957/1391 2223/3958/1392 2211/3942/1382
f 2211/3942/1382 2223/3958/1392 2224/3959/1393 2212/3943/1383
f 2212/3944/1383 2224/3960/1393 2213/3945/1122 2201/3929/1110
f 2213/3945/1122 2225/3961/1134 2226/3962/1394 2214/3946/1384
f 2214/3947/1384 2226/3963/1394 2227/3964/1395 2215/3948/1385
f 2215/3948/1385 2227/3964/1395 2228/3965/1396 2216/3949/1386
f 2216/3949/1386 2228/3965/1396 2229/3966/1397 2217/3950/1387
f 2217/3950/1387 2229/3966/1397 2230/3967/1398 2218/3951/1388
f 2218/3952/1388 2230/3968/1398 2231/3969/1128 2219/3953/1116
f 2219/3953/1116 2231/3969/1128 2232/3970/1399 2220/3954/1389
f 2220/3955/1389 2232/3971/1399 2233/3972/1400 2221/3956/1390
f 2221/3956/1390 2233/3972/1400 2234/3973/1401 2222/3957/1391
f 2222/3957/1391 2234/3973/1401 2235/3974/1402 2223/3958/1392
f 2223/3958/1392 2235/3974/1402 2236/3975/1403 2224/3959/1393
f 2224/3960/1393 2236/3976/1403 2225/3961/1134 2213/3945/1122
f 2225/3961/1134 2237/3977/1146 2238/3978/1404 2226/3962/1394
f 2226/3963/1394 2238/3979/1404 2239/3980/1405 2227/3964/1395
f 2227/3964/1395 2239/3980/1405 2240/3981/1406 2228/3965/1396
f 2228/3965/1396 2240/3981/1406 2241/3982/1407 2229/3966/1397
f 2229/3966/1397 2241/3982/1407 2242/3983/1408 2230/3967/1398
f 2230/3968/1398 2242/3984/1408 2243/3985/1140 2231/3969/1128
f 2231/3969/1128 2243/3985/1140 2244/3986/1409 2232/3970/1399
f 2232/3971/1399 2244/3987/1409 2245/3988/1410 2233/3972/1400
f 2233/3972/1400 2245/3988/1410 2246/3989/1411 2234/3973/1401
f 2234/3973/1401 2246/3989/1411 2247/3990/1412 2235/3974/1402
f 2235/3974/1402 2247/3990/1412 2248/3991/1413 2236/3975/1403
f 2236/3976/1403 2248/3992/1413 2237/3977/1146 2225/3961/1134
f 2237/3977/1146 2249/3993/4 2250/3994/1414 2238/3978/1404
f 2238/3978/1404 2250/3994/1414 2251/3995/1415 2239/3996/1405
f 2239/3980/1405 2251/3997/1415 2252/3998/1416 2240/3981/1406
f 2240/3981/1406 2252/3998/1416 2253/3999/1417 2241/3982/1407
f 2241/4000/1407 2253/4001/1417 2254/4002/1418 2242/3984/1408
f 2242/3984/1408 2254/4002/1418 2255/4003/2 2243/3985/1140
f 2243/3985/1140 2255/4003/2 2256/4004/1419 2244/3986/1409
f 2244/3987/1409 2256/4005/1419 2257/4006/1420 2245/3988/1410
f 2245/3988/1410 2257/4006/1420 2258/4007/1421 2246/3989/1411
f 2246/3989/1411 2258/4007/1421 2259/4008/1422 2247/3990/1412
f 2247/3990/1412 2259/4008/1422 2260/4009/1423 2248/3991/1413
f 2248/3992/1413 2260/4010/1423 2249/3993/4 2237/3977/1146
f 2249/3993/4 2261/4011/1168 2262/4012/1424 2250/3994/1414
f 2250/3994/1414 2262/4012/1424 2263/4013/1425 2251/3995/1415
f 2251/3997/1415 2263/4014/1425 2264/4015/1426 2252/3998/1416
f 2252/3998/1416 2264/4015/1426 2265/4016/1427 2253/3999/1417
f 2253/4001/1417 2265/4017/1427 2266/4018/1428 2254/4002/1418
f 2254/4002/1418 2266/4018/1428 2267/4019/1162 2255/4003/2
f 2255/4003/2 2267/4019/1162 2268/4020/1429 2256/4004/1419
f 2256/4005/1419 2268/4021/1429 2269/4022/1430 2257/4006/1420
f 2257/4006/1420 2269/4022/1430 2270/4023/1431 2258/4007/1421
f 2258/4007/1421 2270/4023/1431 2271/4024/1432 2259/4008/1422
f 2259/4008/1422 2271/4024/1432 2272/4025/1433 2260/4009/1423
f 2260/4010/1423 2272/4026/1433 2261/4011/1168 2249/3993/4
f 2261/4011/1168 2273/4027/1180 2274/4028/1434 2262/4012/1424
f 2262/4029/1424 2274/4030/1434 2275/4031/1435 2263/4014/1425
f 2263/4014/1425 2275/4031/1435 2276/4032/1436 2264/4015/1426
f 2264/4015/1426 2276/4032/1436 2277/4033/1437 2265/4016/1427
f 2265/4016/1427 2277/4033/1437 2278/4034/1438 2266/4035/1428
f 2266/4018/1428 2278/4036/1438 2279/4037/1174 2267/4019/1162
f 2267/4019/1162 2279/4037/1174 2280/4038/1439 2268/4020/1429
f 2268/4021/1429 2280/4039/1439 2281/4040/1440 2269/4022/1430
f 2269/4022/1430 2281/4040/1440 2282/4041/1441 2270/4023/1431
f 2270/4023/1431 2282/4041/1441 2283/4042/1442 2271/4024/1432
f 2271/4024/1432 2283/4042/1442 2284/4043/1443 2272/4025/1433
f 2272/4026/1433 2284/4044/1443 2273/4027/1180 2261/4011/1168
f 2273/4027/1180 2285/4045/1192 2286/4046/1444 2274/4028/1434
f 2274/4030/1434 2286/4047/1444 2287/4048/1445 2275/4031/1435
f 2275/4031/1435 2287/4048/1445 2288/4049/1446 2276/4032/1436
f 2276/4032/1436 2288/4049/1446 2289/4050/1447 2277/4033/1437
f 2277/4033/1437 2289/4050/1447 2290/4051/1448 2278/4034/1438
f 2278/4036/1438 2290/4052/1448 2291/4053/1186 2279/4037/1174
f 2279/4037/1174 2291/4053/1186 2292/4054/1449 2280/4038/1439
f 2280/4039/1439 2292/4055/1449 2293/4056/1450 2281/4040/1440
f 2281/4040/1440 2293/4056/1450 2294/4057/1451 2282/4041/1441
f 2282/4041/1441 2294/4057/1451 2295/4058/1452 2283/4042/1442
f 2283/4042/1442 2295/4058/1452 2296/4059/1453 2284/4043/1443
f 2284/4044/1443 2296/4060/1453 2285/4045/1192 2273/4027/1180
f 2285/4045/1192 2297/4061/1204 2298/4062/1454 2286/4046/1444
f 2286/4047/1444 2298/4063/1454 2299/4064/1455 2287/4048/1445
f 2287/4048/1445 2299/4064/1455 2300/4065/1456 2288/4049/1446
f 2288/4049/1446 2300/4065/1456 2301/4066/1457 2289/4050/1447
f 2289/4050/1447 2301/4066/1457 2302/4067/1458 2290/4051/1448
f 2290/4052/1448 2302/4068/1458 2303/4069/1198 2291/4053/1186
f 2291/4053/1186 2303/4069/1198 2304/4070/1459 2292/4054/1449
f 2292/4055/1449 2304/4071/1459 2305/4072/1460 2293/4056/1450
f 2293/4056/1450 2305/4072/1460 2306/4073/1461 2294/4057/1451
f 2294/4057/1451 2306/4073/1461 2307/4074/1462 2295/4058/1452
f 2295/4058/1452 2307/4074/1462 2308/4075/1463 2296/4059/1453
f 2296/4060/1453 2308/4076/1463 2297/4061/1204 2285/4045/1192
f 2297/4061/1204 2309/4077/1464 2310/4078/1465 2298/4062/1454
f 2298/4063/1454 2310/4079/1465 2311/4080/1466 2299/4064/1455
f 2299/4064/1455 2311/4080/1466 2312/4081/1467 2300/4065/1456
f 2300/4065/1456 2312/4081/1467 2313/4082/1468 2301/4066/1457
f 2301/4066/1457 2313/4082/1468 2314/4083/1469 2302/4067/1458
f 2302/4068/1458 2314/4084/1469 2315/4085/1210 2303/4069/1198
f 2303/4069/1198 2315/4085/1210 2316/4086/1470 2304/4070/1459
f 2304/4071/1459 2316/4087/1470 2317/4088/1471 2305/4072/1460
f 2305/4072/1460 2317/4088/1471 2318/4089/1472 2306/4073/1461
f 2306/4073/1461 2318/4089/1472 2319/4090/1473 2307/4074/1462
f 2307/4074/1462 2319/4090/1473 2320/4091/1474 2308/4075/1463
f 2308/4076/1463 2320/4092/1474 2309/4077/1464 2297/4061/1204
f 2309/4077/1464 2321/4093/1228 2322/4094/1475 2310/4078/1465
f 2310/4079/1465 2322/4095/1475 2323/4096/1476 2311/4080/1466
f 2311/4080/1466 2323/4096/1476 2324/4097/1477 2312/4081/1467
f 2312/4081/1467 2324/4097/1477 2325/4098/1478 2313/4082/1468
f 2313/4082/1468 2325/4098/1478 2326/4099/1479 2314/4083/1469
f 2314/4084/1469 2326/4100/1479 2327/4101/1222 2315/4085/1210
f 2315/4085/1210 2327/4101/1222 2328/4102/1480 2316/4086/1470
f 2316/4087/1470 2328/4103/1480 2329/4104/1481 2317/4088/1471
f 2317/4088/1471 2329/4104/1481 2330/4105/1482 2318/4089/1472
f 2318/4089/1472 2330/4105/1482 2331/4106/1483 2319/4090/1473
f 2319/4090/1473 2331/4106/1483 2332/4107/1484 2320/4091/1474
f 2320/4092/1474 2332/4108/1484 2321/4093/1228 2309/4077/1464
f 2321/4109/1228 2333/4110/1240 2334/4111/1485 2322/4112/1475
f 2322/4095/1475 2334/4113/1485 2335/4114/1486 2323/4096/1476
f 2323/4096/1476 2335/4114/1486 2336/4115/1487 2324/4097/1477
f 2324/4097/1477 2336/4115/1487 2337/4116/1488 2325/4098/1478
f 2325/4098/1478 2337/4116/1488 2338/4117/1489 2326/4099/1479
f 2326/4118/1479 2338/4119/1489 2339/4120/1490 2327/4121/1222
f 2327/4121/1222 2339/4120/1490 2340/4122/1491 2328/4123/1480
f 2328/4103/1480 2340/4124/1491 2341/4125/1492 2329/4104/1481
f 2329/4104/1481 2341/4125/1492 2342/4126/1493 2330/4105/1482
f 2330/4105/1482 2342/4126/1493 2343/4127/1494 2331/4106/1483
f 2331/4106/1483 2343/4127/1494 2344/4128/1495 2332/4107/1484
f 2332/4129/1484 2344/4130/1495 2333/4110/1240 2321/4109/1228
f 2333/4110/1240 2345/4131/1252 2346/4132/1496 2334/4111/1485
f 2334/4113/1485 2346/4133/1496 2347/4134/1497 2335/4114/1486
f 2335/4114/1486 2347/4134/1497 2348/4135/1498 2336/4115/1487
f 2336/4115/1487 2348/4135/1498 2349/4136/1499 2337/4116/1488
f 2337/4116/1488 2349/4136/1499 2350/4137/1500 2338/4117/1489
f 2338/4119/1489 2350/4138/1500 2351/4139/1246 2339/4120/1490
f 2339/4120/1490 2351/4139/1246 2352/4140/1501 2340/4122/1491
f 2340/4124/1491 2352/4141/1501 2353/4142/1502 2341/4125/1492
f 2341/4125/1492 2353/4142/1502 2354/4143/1503 2342/4126/1493
f 2342/4126/1493 2354/4143/1503 2355/4144/1504 2343/4127/1494
f 2343/4127/1494 2355/4144/1504 2356/4145/1505 2344/4128/1495
f 2344/4130/1495 2356/4146/1505 2345/4131/1252 2333/4110/1240
f 2345/4131/1252 2357/4147/1264 2358/4148/1506 2346/4132/1496
f 2346/4133/1496 2358/4149/1506 2359/4150/1507 2347/4134/1497
f 2347/4134/1497 2359/4150/1507 2360/4151/1508 2348/4135/1498
f 2348/4135/1498 2360/4151/1508 2361/4152/1509 2349/4136/1499
f 2349/4136/1499 2361/4152/1509 2362/4153/1510 2350/4137/1500
f 2350/4138/1500 2362/4154/1510 2363/4155/1258 2351/4139/1246
f 2351/4139/1246 2363/4155/1258 2364/4156/1511 2352/4140/1501
f 2352/4141/1501 2364/4157/1511 2365/4158/1512 2353/4142/1502
f 2353/4142/1502 2365/4158/1512 2366/4159/1513 2354/4143/1503
f 2354/4143/1503 2366/4159/1513 2367/4160/1514 2355/4144/1504
f 2355/4144/1504 2367/4160/1514 2368/4161/1515 2356/4145/1505
f 2356/4146/1505 2368/4162/1515 2357/4147/1264 2345/4131/1252
f 2357/4147/1264 2369/4163/1276 2370/4164/1516 2358/4148/1506
f 2358/4149/1506 2370/4165/1516 2371/4166/1517 2359/4150/1507
f 2359/4150/1507 2371/4166/1517 2372/4167/1518 2360/4151/1508
f 2360/4151/1508 2372/4167/1518 2373/4168/1519 2361/4152/1509
f 2361/4152/1509 2373/4168/1519 2374/4169/1520 2362/4153/1510
f 2362/4154/1510 2374/4170/1520 2375/4171/1270 2363/4155/1258
f 2363/4155/1258 2375/4171/1270 2376/4172/1521 2364/4156/1511
f 2364/4157/1511 2376/4173/1521 2377/4174/1522 2365/4158/1512
f 2365/4158/1512 2377/4174/1522 2378/4175/1523 2366/4159/1513
f 2366/4159/1513 2378/4175/1523 2379/4176/1524 2367/4160/1514
f 2367/4160/1514 2379/4176/1524 2380/4177/1525 2368/4161/1515
f 2368/4162/1515 2380/4178/1525 2369/4163/1276 2357/4147/1264
f 2369/4163/1276 2381/4179/1288 2382/4180/1526 2370/4164/1516
f 2370/4165/1516 2382/4181/1526 2383/4182/1527 2371/4166/1517
f 2371/4166/1517 2383/4182/1527 2384/4183/1528 2372/4167/1518
f 2372/4167/1518 2384/4183/1528 2385/4184/1529 2373/4168/1519
f 2373/4168/1519 2385/4184/1529 2386/4185/1530 2374/4169/1520
f 2374/4170/1520 2386/4186/1530 2387/4187/1282 2375/4171/1270
f 2375/4171/1270 2387/4187/1282 2388/4188/1531 2376/4172/1521
f 2376/4173/1521 2388/4189/1531 2389/4190/1532 2377/4174/1522
f 2377/4174/1522 2389/4190/1532 2390/4191/1533 2378/4175/1523
f 2378/4175/1523 2390/4191/1533 2391/4192/1534 2379/4176/1524
f 2379/4176/1524 2391/4192/1534 2392/4193/1535 2380/4177/1525
f 2380/4178/1525 2392/4194/1535 2381/4179/1288 2369/4163/1276
f 2381/4179/1288 1817/3389/5 1818/3392/1012 2382/4180/1526
f 2382/4181/1526 1818/3393/1012 1819/3396/1014 2383/4182/1527
f 2383/4182/1527 1819/3396/1014 1820/3398/1016 2384/4183/1528
f 2384/4183/1528 1820/3398/1016 1821/3400/1018 2385/4184/1529
f 2385/4195/1529 1821/3401/1018 1822/3404/1020 2386/4186/1530
f 2386/4186/1530 1822/3404/1020 1823/3406/6 2387/4187/1282
f 2387/4187/1282 1823/3406/6 1824/3408/1023 2388/4188/1531
f 2388/4188/1531 1824/3408/1023 1825/3410/1025 2389/4196/1532
f 2389/4190/1532 1825/3411/1025 1826/3414/1027 2390/4191/1533
f 2390/4191/1533 1826/3414/1027 1827/3416/1029 2391/4192/1534
f 2391/4192/1534 1827/3416/1029 1828/3418/1031 2392/4193/1535
f 2392/4194/1535 1828/3419/1031 1817/3389/5 2381/4179/1288
f 2393/4197/1536 2394/4198/1537 2396/4199/1538 2395/4200/1539
f 2395/4200/1539 2396/4199/1538 2398/4201/1540 2397/4202/1541
f 2397/4203/1541 2398/4204/1540 2400/4205/1542 2399/4206/1543
f 2399/4206/1543 2400/4205/1542 2402/4207/1544 2401/4208/1545
f 2401/4208/1545 2402/4207/1544 2404/4209/1546 2403/4210/1547
f 2403/4210/1547 2404/4209/1546 2406/4211/1548 2405/4212/1549
f 2405/4213/1549 2406/4214/1548 2408/4215/1550 2407/4216/1551
f 2407/4216/1551 2408/4215/1550 2410/4217/1552 2409/4218/1553
f 2409/4218/1553 2410/4217/1552 2412/4219/1554 2411/4220/1555
f 2411/4220/1555 2412/4219/1554 2414/4221/1556 2413/4222/1557
f 2413/4223/1557 2414/4224/1556 2416/4225/1558 2415/4226/1559
f 2415/4226/1559 2416/4225/1558 2418/4227/1560 2417/4228/1561
f 2417/4228/1561 2418/4227/1560 2420/4229/1562 2419/4230/1563
f 2419/4230/1563 2420/4229/1562 2422/4231/1564 2421/4232/1565
f 2396/4233/1538 2394/4234/1537 2424/4235/1566 2422/4236/1564 2420/4237/1562 2418/4238/1560 2416/4239/1558 2414/4240/1556 2412/4241/1554 2410/4242/1552 2408/4243/1550 2406/4244/1548 2404/4245/1546 2402/4246/1544 2400/4247/1542 2398/4248/1540
f 2421/4249/1565 2422/4250/1564 2424/4251/1566 2423/4252/1567
f 2423/4252/1567 2424/4251/1566 2394/4198/1537 2393/4197/1536
f 2393/4253/1536 2395/4254/1539 2397/4255/1541 2399/4256/1543 2401/4257/1545 2403/4258/1547 2405/4259/1549 2407/4260/1551 2409/4261/1553 2411/4262/1555 2413/4263/1557 2415/4264/1559 2417/4265/1561 2419/4266/1563 2421/4267/1565 2423/4268/1567
f 2425/4269/1568 2426/4270/1569 2428/4271/1570 2427/4272/1571
f 2427/4272/1571 2428/4271/1570 2430/4273/1572 2429/4274/1573
f 2429/4275/1573 2430/4276/1572 2432/4277/1574 2431/4278/1575
f 2431/4278/1575 2432/4277/1574 2434/4279/1576 2433/4280/1577
f 2433/4280/1577 2434/4279/1576 2436/4281/1578 2435/4282/1579
f 2435/4282/1579 2436/4281/1578 2438/4283/1580 2437/4284/1581
f 2437/4285/1581 2438/4286/1580 2440/4287/1582 2439/4288/1583
f 2439/4288/1583 2440/4287/1582 2442/4289/1584 2441/4290/1585
f 2441/4290/1585 2442/4289/1584 2444/4291/1586 2443/4292/1587
f 2443/4292/1587 2444/4291/1586 2446/4293/1588 2445/4294/1589
f 2445/4295/1589 2446/4296/1588 2448/4297/1590 2447/4298/1591
f 2447/4298/1591 2448/4297/1590 2450/4299/1592 2449/4300/1593
f 2449/4300/1593 2450/4299/1592 2452/4301/1594 2451/4302/1595
f 2451/4302/1595 2452/4301/1594 2454/4303/1596 2453/4304/1597
f 2428/4305/1570 2426/4306/1569 2456/4307/1598 2454/4308/1596 2452/4309/1594 2450/4310/1592 2448/4311/1590 2446/4312/1588 2444/4313/1586 2442/4314/1584 2440/4315/1582 2438/4316/1580 2436/4317/1578 2434/4318/1576 2432/4319/1574 2430/4320/1572
f 2453/4321/1597 2454/4322/1596 2456/4323/1598 2455/4324/1599
f 2455/4324/1599 2456/4323/1598 2426/4270/1569 2425/4269/1568
f 2425/4325/1568 2427/4326/1571 2429/4327/1573 2431/4328/1575 2433/4329/1577 2435/4330/1579 2437/4331/1581 2439/4332/1583 2441/4333/1585 2443/4334/1587 2445/4335/1589 2447/4336/1591 2449/4337/1593 2451/4338/1595 2453/4339/1597 2455/4340/1599
s 0
f 2457/4341/1 2458/4342/1 2460/4343/1 2459/4344/1
f 2459/4345/2 2460/4346/2 2464/4347/2 2463/4348/2
f 2463/4349/3 2464/4350/3 2462/4351/3 2461/4352/3
f 2461/4353/4 2462/4354/4 2458/4355/4 2457/4356/4
f 2459/4357/5 2463/4358/5 2461/4359/5 2457/4360/5
f 2464/4361/6 2460/4362/6 2458/4363/6 2462/4364/6
f 2465/4365/1 2466/4366/1 2468/4367/1 2467/4368/1
f 2467/4369/1600 2468/4370/1600 2472/4371/1600 2471/4372/1600
f 2471/4373/3 2472/4374/3 2470/4375/3 2469/4376/3
f 2469/4377/1601 2470/4378/1601 2466/4379/1601 2465/4380/1601
f 2467/4381/1602 2471/4382/1602 2469/4383/1602 2465/4384/1602
f 2472/4385/1603 2468/4386/1603 2466/4387/1603 2470/4388/1603
s 1
f 2473/4389/1536 2474/4390/1537 2476/4391/1538 2475/4392/1539
f 2475/4392/1539 2476/4391/1538 2478/4393/1540 2477/4394/1541
f 2477/4395/1541 2478/4396/1540 2480/4397/1542 2479/4398/1543
f 2479/4398/1543 2480/4397/1542 2482/4399/1544 2481/4400/1545
f 2481/4400/1545 2482/4399/1544 2484/4401/1546 2483/4402/1547
f 2483/4402/1547 2484/4401/1546 2486/4403/1548 2485/4404/1549
f 2485/4405/1549 2486/4406/1548 2488/4407/1550 2487/4408/1551
f 2487/4408/1551 2488/4407/1550 2490/4409/1552 2489/4410/1553
f 2489/4410/1553 2490/4409/1552 2492/4411/1554 2491/4412/1555
f 2491/4412/1555 2492/4411/1554 2494/4413/1556 2493/4414/1557
f 2493/4415/1557 2494/4416/1556 2496/4417/1558 2495/4418/1559
f 2495/4418/1559 2496/4417/1558 2498/4419/1560 2497/4420/1561
f 2497/4420/1561 2498/4419/1560 2500/4421/1562 2499/4422/1563
f 2499/4422/1563 2500/4421/1562 2502/4423/1564 2501/4424/1565
f 2476/4425/1538 2474/4426/1537 2504/4427/1566 2502/4428/1564 2500/4429/1562 2498/4430/1560 2496/4431/1558 2494/4432/1556 2492/4433/1554 2490/4434/1552 2488/4435/1550 2486/4436/1548 2484/4437/1546 2482/4438/1544 2480/4439/1542 2478/4440/1540
f 2501/4441/1565 2502/4442/1564 2504/4443/1566 2503/4444/1567
f 2503/4444/1567 2504/4443/1566 2474/4390/1537 2473/4389/1536
f 2473/4445/1536 2475/4446/1539 2477/4447/1541 2479/4448/1543 2481/4449/1545 2483/4450/1547 2485/4451/1549 2487/4452/1551 2489/4453/1553 2491/4454/1555 2493/4455/1557 2495/4456/1559 2497/4457/1561 2499/4458/1563 2501/4459/1565 2503/4460/1567
f 2505/4461/1536 2506/4462/1537 2508/4463/1538 2507/4464/1539
f 2507/4464/1539 2508/4463/1538 2510/4465/1540 2509/4466/1541
f 2509/4467/1541 2510/4468/1540 2512/4469/1542 2511/4470/1543
f 2511/4470/1543 2512/4469/1542 2514/4471/1544 2513/4472/1545
f 2513/4472/1545 2514/4471/1544 2516/4473/1546 2515/4474/1547
f 2515/4474/1547 2516/4473/1546 2518/4475/1548 2517/4476/1549
f 2517/4477/1549 2518/4478/1548 2520/4479/1550 2519/4480/1551
f 2519/4480/1551 2520/4479/1550 2522/4481/1552 2521/4482/1553
f 2521/4482/1553 2522/4481/1552 2524/4483/1554 2523/4484/1555
f 2523/4484/1555 2524/4483/1554 2526/4485/1556 2525/4486/1557
f 2525/4487/1557 2526/4488/1556 2528/4489/1558 2527/4490/1559
f 2527/4490/1559 2528/4489/1558 2530/4491/1560 2529/4492/1561
f 2529/4492/1561 2530/4491/1560 2532/4493/1562 2531/4494/1563
f 2531/4494/1563 2532/4493/1562 2534/4495/1564 2533/4496/1565
f 2508/4497/1538 2506/4498/1537 2536/4499/1566 2534/4500/1564 2532/4501/1562 2530/4502/1560 2528/4503/1558 2526/4504/1556 2524/4505/1554 2522/4506/1552 2520/4507/1550 2518/4508/1548 2516/4509/1546 2514/4510/1544 2512/4511/1542 2510/4512/1540
f 2533/4513/1565 2534/4514/1564 2536/4515/1566 2535/4516/1567
f 2535/4516/1567 2536/4515/1566 2506/4462/1537 2505/4461/1536
f 2505/4517/1536 2507/4518/1539 2509/4519/1541 2511/4520/1543 2513/4521/1545 2515/4522/1547 2517/4523/1549 2519/4524/1551 2521/4525/1553 2523/4526/1555 2525/4527/1557 2527/4528/1559 2529/4529/1561 2531/4530/1563 2533/4531/1565 2535/4532/1567
f 2537/4533/1536 2538/4534/1537 2540/4535/1538 2539/4536/1539
f 2539/4536/1539 2540/4535/1538 2542/4537/1540 2541/4538/1541
f 2541/4539/1541 2542/4540/1540 2544/4541/1542 2543/4542/1543
f 2543/4542/1543 2544/4541/1542 2546/4543/1544 2545/4544/1545
f 2545/4544/1545 2546/4543/1544 2548/4545/1546 2547/4546/1547
f 2547/4546/1547 2548/4545/1546 2550/4547/1548 2549/4548/1549
f 2549/4549/1549 2550/4550/1548 2552/4551/1550 2551/4552/1551
f 2551/4552/1551 2552/4551/1550 2554/4553/1552 2553/4554/1553
f 2553/4554/1553 2554/4553/1552 2556/4555/1554 2555/4556/1555
f 2555/4556/1555 2556/4555/1554 2558/4557/1556 2557/4558/1557
f 2557/4559/1557 2558/4560/1556 2560/4561/1558 2559/4562/1559
f 2559/4562/1559 2560/4561/1558 2562/4563/1560 2561/4564/1561
f 2561/4564/1561 2562/4563/1560 2564/4565/1562 2563/4566/1563
f 2563/4566/1563 2564/4565/1562 2566/4567/1564 2565/4568/1565
f 2540/4569/1538 2538/4570/1537 2568/4571/1566 2566/4572/1564 2564/4573/1562 2562/4574/1560 2560/4575/1558 2558/4576/1556 2556/4577/1554 2554/4578/1552 2552/4579/1550 2550/4580/1548 2548/4581/1546 2546/4582/1544 2544/4583/1542 2542/4584/1540
f 2565/4585/1565 2566/4586/1564 2568/4587/1566 2567/4588/1567
f 2567/4588/1567 2568/4587/1566 2538/4534/1537 2537/4533/1536
f 2537/4589/1536 2539/4590/1539 2541/4591/1541 2543/4592/1543 2545/4593/1545 2547/4594/1547 2549/4595/1549 2551/4596/1551 2553/4597/1553 2555/4598/1555 2557/4599/1557 2559/4600/1559 2561/4601/1561 2563/4602/1563 2565/4603/1565 2567/4604/1567
f 2569/4605/1536 2570/4606/1537 2572/4607/1538 2571/4608/1539
f 2571/4608/1539 2572/4607/1538 2574/4609/1540 2573/4610/1541
f 2573/4611/1541 2574/4612/1540 2576/4613/1542 2575/4614/1543
f 2575/4614/1543 2576/4613/1542 2578/4615/1544 2577/4616/1545
f 2577/4616/1545 2578/4615/1544 2580/4617/1546 2579/4618/1547
f 2579/4618/1547 2580/4617/1546 2582/4619/1548 2581/4620/1549
f 2581/4621/1549 2582/4622/1548 2584/4623/1550 2583/4624/1551
f 2583/4624/1551 2584/4623/1550 2586/4625/1552 2585/4626/1553
f 2585/4626/1553 2586/4625/1552 2588/4627/1554 2587/4628/1555
f 2587/4628/1555 2588/4627/1554 2590/4629/1556 2589/4630/1557
f 2589/4631/1557 2590/4632/1556 2592/4633/1558 2591/4634/1559
f 2591/4634/1559 2592/4633/1558 2594/4635/1560 2593/4636/1561
f 2593/4636/1561 2594/4635/1560 2596/4637/1562 2595/4638/1563
f 2595/4638/1563 2596/4637/1562 2598/4639/1564 2597/4640/1565
f 2572/4641/1538 2570/4642/1537 2600/4643/1566 2598/4644/1564 2596/4645/1562 2594/4646/1560 2592/4647/1558 2590/4648/1556 2588/4649/1554 2586/4650/1552 2584/4651/1550 2582/4652/1548 2580/4653/1546 2578/4654/1544 2576/4655/1542 2574/4656/1540
f 2597/4657/1565 2598/4658/1564 2600/4659/1566 2599/4660/1567
f 2599/4660/1567 2600/4659/1566 2570/4606/1537 2569/4605/1536
f 2569/4661/1536 2571/4662/1539 2573/4663/1541 2575/4664/1543 2577/4665/1545 2579/4666/1547 2581/4667/1549 2583/4668/1551 2585/4669/1553 2587/4670/1555 2589/4671/1557 2591/4672/1559 2593/4673/1561 2595/4674/1563 2597/4675/1565 2599/4676/1567
s 0
f 2601/4677/1 2602/4678/1 2604/4679/1 2603/4680/1
f 2603/4681/2 2604/4682/2 2608/4683/2 2607/4684/2
f 2607/4685/3 2608/4686/3 2606/4687/3 2605/4688/3
f 2605/4689/4 2606/4690/4 2602/4691/4 2601/4692/4
f 2603/4693/5 2607/4694/5 2605/4695/5 2601/4696/5
f 2608/4697/6 2604/4698/6 2602/4699/6 2606/4700/6
f 2609/4701/1 2610/4702/1 2612/4703/1 2611/4704/1
f 2611/4705/1604 2612/4706/1604 2616/4707/1604 2615/4708/1604
f 2615/4709/3 2616/4710/3 2614/4711/3 2613/4712/3
f 2613/4713/1605 2614/4714/1605 2610/4715/1605 2609/4716/1605
f 2611/4717/1606 2615/4718/1606 2613/4719/1606 2609/4720/1606
f 2616/4721/1607 2612/4722/1607 2610/4723/1607 2614/4724/1607
s 1
f 2617/4725/1568 2618/4726/1569 2620/4727/1570 2619/4728/1571
f 2619/4728/1571 2620/4727/1570 2622/4729/1608 2621/4730/1609
f 2621/4731/1609 2622/4732/1608 2624/4733/1574 2623/4734/1575
f 2623/4734/1575 2624/4733/1574 2626/4735/1576 2625/4736/1577
f 2625/4736/1577 2626/4735/1576 2628/4737/1578 2627/4738/1579
f 2627/4738/1579 2628/4737/1578 2630/4739/1580 2629/4740/1581
f 2629/4741/1581 2630/4742/1580 2632/4743/1582 2631/4744/1583
f 2631/4744/1583 2632/4743/1582 2634/4745/1584 2633/4746/1585
f 2633/4746/1585 2634/4745/1584 2636/4747/1586 2635/4748/1587
f 2635/4748/1587 2636/4747/1586 2638/4749/1588 2637/4750/1589
f 2637/4751/1589 2638/4752/1588 2640/4753/1590 2639/4754/1591
f 2639/4754/1591 2640/4753/1590 2642/4755/1592 2641/4756/1593
f 2641/4756/1593 2642/4755/1592 2644/4757/1594 2643/4758/1595
f 2643/4758/1595 2644/4757/1594 2646/4759/1596 2645/4760/1597
f 2620/4761/1570 2618/4762/1569 2648/4763/1598 2646/4764/1596 2644/4765/1594 2642/4766/1592 2640/4767/1590 2638/4768/1588 2636/4769/1586 2634/4770/1584 2632/4771/1582 2630/4772/1580 2628/4773/1578 2626/4774/1576 2624/4775/1574 2622/4776/1608
f 2645/4777/1597 2646/4778/1596 2648/4779/1598 2647/4780/1599
f 2647/4780/1599 2648/4779/1598 2618/4726/1569 2617/4725/1568
f 2617/4781/1568 2619/4782/1571 2621/4783/1609 2623/4784/1575 2625/4785/1577 2627/4786/1579 2629/4787/1581 2631/4788/1583 2633/4789/1585 2635/4790/1587 2637/4791/1589 2639/4792/1591 2641/4793/1593 2643/4794/1595 2645/4795/1597 2647/4796/1599
f 2652/4797/1610 2651/4798/2 2658/4799/1611 2659/4800/1612
f 2650/4801/1613 2746/4802/1614 2656/4803/1615 2657/4804/1616
f 2649/4805/1617 2654/4806/6 2655/4807/1618
f 2748/4808/5 2653/4809/1619 2661/4810/1620
f 2747/4811/1621 2652/4797/1610 2659/4800/1612 2660/4812/1622
f 2651/4798/2 2650/4801/1613 2657/4804/1616 2658/4799/1611
f 2746/4813/1614 2649/4805/1617 2655/4807/1618 2656/4814/1615
f 2653/4809/1619 2747/4815/1621 2660/4816/1622 2661/4810/1620
f 2748/4808/5 2661/4810/1620 2668/4817/1623
f 2660/4812/1622 2659/4800/1612 2666/4818/1624 2667/4819/1625
f 2658/4799/1611 2657/4804/1616 2664/4820/1626 2665/4821/1627
f 2656/4814/1615 2655/4807/1618 2662/4822/1628 2663/4823/1629
f 2661/4810/1620 2660/4816/1622 2667/4824/1625 2668/4817/1623
f 2659/4800/1612 2658/4799/1611 2665/4821/1627 2666/4818/1624
f 2657/4804/1616 2656/4803/1615 2663/4825/1629 2664/4820/1626
f 2655/4807/1618 2654/4806/6 2662/4822/1628
f 2663/4823/1629 2662/4822/1628 2669/4826/1630 2670/4827/1631
f 2668/4817/1623 2667/4824/1625 2674/4828/1632 2675/4829/1633
f 2666/4830/1624 2665/4831/1627 2672/4832/1634 2673/4833/1635
f 2664/4834/1626 2663/4835/1629 2670/4836/1631 2671/4837/1636
f 2662/4822/1628 2654/4806/6 2669/4826/1630
f 2748/4808/5 2668/4817/1623 2675/4829/1633
f 2667/4838/1625 2666/4830/1624 2673/4833/1635 2674/4839/1632
f 2665/4831/1627 2664/4834/1626 2671/4837/1636 2672/4832/1634
f 2675/4829/1633 2674/4828/1632 2681/4840/1637 2682/4841/1638
f 2673/4833/1635 2672/4832/1634 2679/4842/1639 2680/4843/1640
f 2671/4837/1636 2670/4836/1631 2677/4844/1641 2678/4845/1642
f 2669/4826/1630 2654/4806/6 2676/4846/1643
f 2748/4808/5 2675/4829/1633 2682/4841/1638
f 2674/4839/1632 2673/4833/1635 2680/4843/1640 2681/4847/1637
f 2672/4832/1634 2671/4837/1636 2678/4845/1642 2679/4842/1639
f 2670/4827/1631 2669/4826/1630 2676/4846/1643 2677/4848/1641
f 2676/4846/1643 2654/4806/6 2683/4849/1644
f 2748/4808/5 2682/4841/1638 2689/4850/1645
f 2681/4847/1637 2680/4843/1640 2687/4851/1646 2688/4852/1647
f 2679/4842/1639 2678/4845/1642 2685/4853/1648 2686/4854/1649
f 2677/4848/1641 2676/4846/1643 2683/4849/1644 2684/4855/1650
f 2682/4841/1638 2681/4840/1637 2688/4856/1647 2689/4850/1645
f 2680/4843/1640 2679/4842/1639 2686/4854/1649 2687/4851/1646
f 2678/4845/1642 2677/4844/1641 2684/4857/1650 2685/4853/1648
f 2688/4858/1647 2687/4859/1646 2694/4860/1651 2695/4861/1652
f 2686/4862/1649 2685/4863/1648 2692/4864/1653 2693/4865/1654
f 2684/4855/1650 2683/4849/1644 2690/4866/1655 2691/4867/1656
f 2689/4850/1645 2688/4856/1647 2695/4868/1652 2696/4869/1657
f 2687/4859/1646 2686/4862/1649 2693/4865/1654 2694/4860/1651
f 2685/4863/1648 2684/4870/1650 2691/4871/1656 2692/4864/1653
f 2683/4849/1644 2654/4806/6 2690/4866/1655
f 2748/4808/5 2689/4850/1645 2696/4869/1657
f 2696/4869/1657 2695/4868/1652 2702/4872/1658 2703/4873/1659
f 2694/4860/1651 2693/4865/1654 2700/4874/4 2701/4875/1660
f 2692/4864/1653 2691/4871/1656 2698/4876/1661 2699/4877/1662
f 2690/4866/1655 2654/4806/6 2697/4878/1663
f 2748/4808/5 2696/4869/1657 2703/4873/1659
f 2695/4861/1652 2694/4860/1651 2701/4875/1660 2702/4879/1658
f 2693/4865/1654 2692/4864/1653 2699/4877/1662 2700/4874/4
f 2691/4867/1656 2690/4866/1655 2697/4878/1663 2698/4880/1661
f 2701/4875/1660 2700/4874/4 2707/4881/1664 2708/4882/1665
f 2699/4877/1662 2698/4876/1661 2705/4883/1666 2706/4884/1667
f 2697/4878/1663 2654/4806/6 2704/4885/1668
f 2748/4808/5 2703/4873/1659 2710/4886/1669
f 2702/4879/1658 2701/4875/1660 2708/4882/1665 2709/4887/1670
f 2700/4874/4 2699/4877/1662 2706/4884/1667 2707/4881/1664
f 2698/4880/1661 2697/4878/1663 2704/4885/1668 2705/4888/1666
f 2703/4873/1659 2702/4872/1658 2709/4889/1670 2710/4886/1669
f 2748/4808/5 2710/4886/1669 2717/4890/1671
f 2709/4887/1670 2708/4882/1665 2715/4891/1672 2716/4892/1673
f 2707/4881/1664 2706/4884/1667 2713/4893/1674 2714/4894/1675
f 2705/4888/1666 2704/4885/1668 2711/4895/1676 2712/4896/1677
f 2710/4886/1669 2709/4889/1670 2716/4897/1673 2717/4890/1671
f 2708/4882/1665 2707/4881/1664 2714/4894/1675 2715/4891/1672
f 2706/4884/1667 2705/4883/1666 2712/4898/1677 2713/4893/1674
f 2704/4885/1668 2654/4806/6 2711/4895/1676
f 2714/4899/1675 2713/4900/1674 2720/4901/1678 2721/4902/1679
f 2712/4896/1677 2711/4895/1676 2718/4903/1680 2719/4904/1681
f 2717/4890/1671 2716/4897/1673 2723/4905/1682 2724/4906/1683
f 2715/4907/1672 2714/4899/1675 2721/4902/1679 2722/4908/1684
f 2713/4900/1674 2712/4909/1677 2719/4910/1681 2720/4901/1678
f 2711/4895/1676 2654/4806/6 2718/4903/1680
f 2748/4808/5 2717/4890/1671 2724/4906/1683
f 2716/4911/1673 2715/4907/1672 2722/4908/1684 2723/4912/1682
f 2724/4906/1683 2723/4905/1682 2730/4913/1685 2731/4914/1686
f 2722/4908/1684 2721/4902/1679 2728/4915/1687 2729/4916/1688
f 2720/4901/1678 2719/4910/1681 2726/4917/1689 2727/4918/1690
f 2718/4903/1680 2654/4806/6 2725/4919/1691
f 2748/4808/5 2724/4906/1683 2731/4914/1686
f 2723/4912/1682 2722/4908/1684 2729/4916/1688 2730/4920/1685
f 2721/4902/1679 2720/4901/1678 2727/4918/1690 2728/4915/1687
f 2719/4904/1681 2718/4903/1680 2725/4919/1691 2726/4921/1689
f 2727/4918/1690 2726/4917/1689 2733/4922/1692 2734/4923/1693
f 2725/4919/1691 2654/4806/6 2732/4924/1694
f 2748/4808/5 2731/4914/1686 2738/4925/1695
f 2730/4920/1685 2729/4916/1688 2736/4926/1696 2737/4927/1697
f 2728/4915/1687 2727/4918/1690 2734/4923/1693 2735/4928/1698
f 2726/4921/1689 2725/4919/1691 2732/4924/1694 2733/4929/1692
f 2731/4914/1686 2730/4913/1685 2737/4930/1697 2738/4925/1695
f 2729/4916/1688 2728/4915/1687 2735/4928/1698 2736/4926/1696
f 2748/4808/5 2738/4925/1695 2745/4931/1699
f 2737/4932/1697 2736/4933/1696 2743/4934/1700 2744/4935/1701
f 2735/4936/1698 2734/4937/1693 2741/4938/1702 2742/4939/1703
f 2733/4929/1692 2732/4924/1694 2739/4940/1704 2740/4941/1705
f 2738/4925/1695 2737/4930/1697 2744/4942/1701 2745/4931/1699
f 2736/4933/1696 2735/4936/1698 2742/4939/1703 2743/4934/1700
f 2734/4937/1693 2733/4943/1692 2740/4944/1705 2741/4938/1702
f 2732/4924/1694 2654/4806/6 2739/4940/1704
f 2740/4941/1705 2739/4940/1704 2649/4805/1617 2746/4813/1614
f 2745/4931/1699 2744/4942/1701 2747/4815/1621 2653/4809/1619
f 2743/4934/1700 2742/4939/1703 2651/4798/2 2652/4797/1610
f 2741/4938/1702 2740/4944/1705 2746/4802/1614 2650/4801/1613
f 2739/4940/1704 2654/4806/6 2649/4805/1617
f 2748/4808/5 2745/4931/1699 2653/4809/1619
f 2744/4935/1701 2743/4934/1700 2652/4797/1610 2747/4811/1621
f 2742/4939/1703 2741/4938/1702 2650/4801/1613 2651/4798/2
f 2749/4945/1568 2750/4946/1569 2752/4947/1570 2751/4948/1571
f 2751/4948/1571 2752/4947/1570 2754/4949/1608 2753/4950/1609
f 2753/4951/1609 2754/4952/1608 2756/4953/1574 2755/4954/1575
f 2755/4954/1575 2756/4953/1574 2758/4955/1576 2757/4956/1577
f 2757/4956/1577 2758/4955/1576 2760/4957/1578 2759/4958/1579
f 2759/4958/1579 2760/4957/1578 2762/4959/1580 2761/4960/1581
f 2761/4961/1581 2762/4962/1580 2764/4963/1582 2763/4964/1583
f 2763/4964/1583 2764/4963/1582 2766/4965/1584 2765/4966/1585
f 2765/4966/1585 2766/4965/1584 2768/4967/1586 2767/4968/1587
f 2767/4968/1587 2768/4967/1586 2770/4969/1588 2769/4970/1589
f 2769/4971/1589 2770/4972/1588 2772/4973/1590 2771/4974/1591
f 2771/4974/1591 2772/4973/1590 2774/4975/1592 2773/4976/1593
f 2773/4976/1593 2774/4975/1592 2776/4977/1594 2775/4978/1595
f 2775/4978/1595 2776/4977/1594 2778/4979/1596 2777/4980/1597
f 2752/4981/1570 2750/4982/1569 2780/4983/1598 2778/4984/1596 2776/4985/1594 2774/4986/1592 2772/4987/1590 2770/4988/1588 2768/4989/1586 2766/4990/1584 2764/4991/1582 2762/4992/1580 2760/4993/1578 2758/4994/1576 2756/4995/1574 2754/4996/1608
f 2777/4997/1597 2778/4998/1596 2780/4999/1598 2779/5000/1599
f 2779/5000/1599 2780/4999/1598 2750/4946/1569 2749/4945/1568
f 2749/5001/1568 2751/5002/1571 2753/5003/1609 2755/5004/1575 2757/5005/1577 2759/5006/1579 2761/5007/1581 2763/5008/1583 2765/5009/1585 2767/5010/1587 2769/5011/1589 2771/5012/1591 2773/5013/1593 2775/5014/1595 2777/5015/1597 2779/5016/1599
f 2781/5017/1617 2786/5018/6 2787/5019/1618
f 2880/5020/5 2785/5021/1619 2793/5022/1620
f 2879/5023/1621 2784/5024/1610 2791/5025/1612 2792/5026/1622
f 2783/5027/2 2782/5028/1613 2789/5029/1616 2790/5030/1611
f 2878/5031/1614 2781/5017/1617 2787/5019/1618 2788/5032/1615
f 2785/5021/1619 2879/5033/1621 2792/5034/1622 2793/5022/1620
f 2784/5024/1610 2783/5027/2 2790/5030/1611 2791/5025/1612
f 2782/5028/1613 2878/5035/1614 2788/5036/1615 2789/5029/1616
f 2790/5030/1611 2789/5029/1616 2796/5037/1626 2797/5038/1627
f 2788/5032/1615 2787/5019/1618 2794/5039/1628 2795/5040/1629
f 2793/5022/1620 2792/5034/1622 2799/5041/1625 2800/5042/1623
f 2791/5025/1612 2790/5030/1611 2797/5038/1627 2798/5043/1624
f 2789/5029/1616 2788/5036/1615 2795/5044/1629 2796/5037/1626
f 2787/5019/1618 2786/5018/6 2794/5039/1628
f 2880/5020/5 2793/5022/1620 2800/5042/1623
f 2792/5026/1622 2791/5025/1612 2798/5043/1624 2799/5045/1625
f 2800/5042/1623 2799/5041/1625 2806/5046/1632 2807/5047/1633
f 2798/5048/1624 2797/5049/1627 2804/5050/1634 2805/5051/1635
f 2796/5052/1626 2795/5053/1629 2802/5054/1631 2803/5055/1636
f 2794/5039/1628 2786/5018/6 2801/5056/1630
f 2880/5020/5 2800/5042/1623 2807/5047/1633
f 2799/5057/1625 2798/5048/1624 2805/5051/1635 2806/5058/1632
f 2797/5049/1627 2796/5052/1626 2803/5055/1636 2804/5050/1634
f 2795/5040/1629 2794/5039/1628 2801/5056/1630 2802/5059/1631
f 2803/5055/1636 2802/5054/1631 2809/5060/1641 2810/5061/1642
f 2801/5056/1630 2786/5018/6 2808/5062/1643
f 2880/5020/5 2807/5047/1633 2814/5063/1638
f 2806/5058/1632 2805/5051/1635 2812/5064/1640 2813/5065/1637
f 2804/5050/1634 2803/5055/1636 2810/5061/1642 2811/5066/1639
f 2802/5059/1631 2801/5056/1630 2808/5062/1643 2809/5067/1641
f 2807/5047/1633 2806/5046/1632 2813/5068/1637 2814/5063/1638
f 2805/5051/1635 2804/5050/1634 2811/5066/1639 2812/5064/1640
f 2880/5020/5 2814/5063/1638 2821/5069/1645
f 2813/5065/1637 2812/5064/1640 2819/5070/1646 2820/5071/1647
f 2811/5066/1639 2810/5061/1642 2817/5072/1648 2818/5073/1649
f 2809/5067/1641 2808/5062/1643 2815/5074/1644 2816/5075/1650
f 2814/5063/1638 2813/5068/1637 2820/5076/1647 2821/5069/1645
f 2812/5064/1640 2811/5066/1639 2818/5073/1649 2819/5070/1646
f 2810/5061/1642 2809/5060/1641 2816/5077/1650 2817/5072/1648
f 2808/5062/1643 2786/5018/6 2815/5074/1644
f 2816/5075/1650 2815/5074/1644 2822/5078/1655 2823/5079/1656
f 2821/5069/1645 2820/5076/1647 2827/5080/1652 2828/5081/1657
f 2819/5082/1646 2818/5083/1649 2825/5084/1654 2826/5085/1651
f 2817/5086/1648 2816/5087/1650 2823/5088/1656 2824/5089/1653
f 2815/5074/1644 2786/5018/6 2822/5078/1655
f 2880/5020/5 2821/5069/1645 2828/5081/1657
f 2820/5090/1647 2819/5082/1646 2826/5085/1651 2827/5091/1652
f 2818/5083/1649 2817/5086/1648 2824/5089/1653 2825/5084/1654
f 2828/5081/1657 2827/5080/1652 2834/5092/1658 2835/5093/1659
f 2826/5085/1651 2825/5084/1654 2832/5094/4 2833/5095/1660
f 2824/5089/1653 2823/5088/1656 2830/5096/1661 2831/5097/1662
f 2822/5078/1655 2786/5018/6 2829/5098/1663
f 2880/5020/5 2828/5081/1657 2835/5093/1659
f 2827/5091/1652 2826/5085/1651 2833/5095/1660 2834/5099/1658
f 2825/5084/1654 2824/5089/1653 2831/5097/1662 2832/5094/4
f 2823/5079/1656 2822/5078/1655 2829/5098/1663 2830/5100/1661
f 2829/5098/1663 2786/5018/6 2836/5101/1668
f 2880/5020/5 2835/5093/1659 2842/5102/1669
f 2834/5099/1658 2833/5095/1660 2840/5103/1665 2841/5104/1670
f 2832/5094/4 2831/5097/1662 2838/5105/1667 2839/5106/1664
f 2830/5100/1661 2829/5098/1663 2836/5101/1668 2837/5107/1666
f 2835/5093/1659 2834/5092/1658 2841/5108/1670 2842/5102/1669
f 2833/5095/1660 2832/5094/4 2839/5106/1664 2840/5103/1665
f 2831/5097/1662 2830/5096/1661 2837/5109/1666 2838/5105/1667
f 2841/5104/1670 2840/5103/1665 2847/5110/1672 2848/5111/1673
f 2839/5106/1664 2838/5105/1667 2845/5112/1674 2846/5113/1675
f 2837/5107/1666 2836/5101/1668 2843/5114/1676 2844/5115/1677
f 2842/5102/1669 2841/5108/1670 2848/5116/1673 2849/5117/1671
f 2840/5103/1665 2839/5106/1664 2846/5113/1675 2847/5110/1672
f 2838/5105/1667 2837/5109/1666 2844/5118/1677 2845/5112/1674
f 2836/5101/1668 2786/5018/6 2843/5114/1676
f 2880/5020/5 2842/5102/1669 2849/5117/1671
f 2849/5117/1671 2848/5116/1673 2855/5119/1682 2856/5120/1683
f 2847/5121/1672 2846/5122/1675 2853/5123/1679 2854/5124/1684
f 2845/5125/1674 2844/5126/1677 2851/5127/1681 2852/5128/1678
f 2843/5114/1676 2786/5018/6 2850/5129/1680
f 2880/5020/5 2849/5117/1671 2856/5120/1683
f 2848/5130/1673 2847/5121/1672 2854/5124/1684 2855/5131/1682
f 2846/5122/1675 2845/5125/1674 2852/5128/1678 2853/5123/1679
f 2844/5115/1677 2843/5114/1676 2850/5129/1680 2851/5132/1681
f 2854/5124/1684 2853/5123/1679 2860/5133/1687 2861/5134/1688
f 2852/5128/1678 2851/5127/1681 2858/5135/1689 2859/5136/1690
f 2850/5129/1680 2786/5018/6 2857/5137/1691
f 2880/5020/5 2856/5120/1683 2863/5138/1686
f 2855/5131/1682 2854/5124/1684 2861/5134/1688 2862/5139/1685
f 2853/5123/1679 2852/5128/1678 2859/5136/1690 2860/5133/1687
f 2851/5132/1681 2850/5129/1680 2857/5137/1691 2858/5140/1689
f 2856/5120/1683 2855/5119/1682 2862/5141/1685 2863/5138/1686
f 2880/5020/5 2863/5138/1686 2870/5142/1695
f 2862/5139/1685 2861/5134/1688 2868/5143/1696 2869/5144/1697
f 2860/5133/1687 2859/5136/1690 2866/5145/1693 2867/5146/1698
f 2858/5140/1689 2857/5137/1691 2864/5147/1694 2865/5148/1692
f 2863/5138/1686 2862/5141/1685 2869/5149/1697 2870/5142/1695
f 2861/5134/1688 2860/5133/1687 2867/5146/1698 2868/5143/1696
f 2859/5136/1690 2858/5135/1689 2865/5150/1692 2866/5145/1693
f 2857/5137/1691 2786/5018/6 2864/5147/1694
f 2867/5151/1698 2866/5152/1693 2873/5153/1702 2874/5154/1703
f 2865/5148/1692 2864/5147/1694 2871/5155/1704 2872/5156/1705
f 2870/5142/1695 2869/5149/1697 2876/5157/1701 2877/5158/1699
f 2868/5159/1696 2867/5151/1698 2874/5154/1703 2875/5160/1700
f 2866/5152/1693 2865/5161/1692 2872/5162/1705 2873/5153/1702
f 2864/5147/1694 2786/5018/6 2871/5155/1704
f 2880/5020/5 2870/5142/1695 2877/5158/1699
f 2869/5163/1697 2868/5159/1696 2875/5160/1700 2876/5164/1701
f 2877/5158/1699 2876/5157/1701 2879/5033/1621 2785/5021/1619
f 2875/5160/1700 2874/5154/1703 2783/5027/2 2784/5024/1610
f 2873/5153/1702 2872/5162/1705 2878/5035/1614 2782/5028/1613
f 2871/5155/1704 2786/5018/6 2781/5017/1617
f 2880/5020/5 2877/5158/1699 2785/5021/1619
f 2876/5164/1701 2875/5160/1700 2784/5024/1610 2879/5023/1621
f 2874/5154/1703 2873/5153/1702 2782/5028/1613 2783/5027/2
f 2872/5156/1705 2871/5155/1704 2781/5017/1617 2878/5031/1614
