# Blender 4.2.3 LTS
# www.blender.org
mtllib pizza_shop_lvl2.mtl
o PizzaShop
v 2.875000 2.695000 1.504244
v 2.875000 3.315000 1.504244
v 2.875000 2.695000 0.554244
v 2.875000 3.315000 0.554244
v 3.295000 2.695000 1.504244
v 3.295000 3.315000 1.504244
v 3.295000 2.695000 0.554244
v 3.295000 3.315000 0.554244
v -5.125000 0.005000 2.529244
v -5.125000 4.005000 2.529244
v -5.125000 0.005000 -3.470756
v -5.125000 4.005000 -3.470756
v 2.875000 0.005000 2.529244
v 2.875000 4.005000 2.529244
v 2.875000 0.005000 -3.470756
v 2.875000 4.005000 -3.470756
v -5.275000 0.000000 2.679245
v -5.275000 0.350000 2.679245
v -5.275000 0.000000 -3.620756
v -5.275000 0.350000 -3.620756
v 3.025000 0.000000 2.679245
v 3.025000 0.350000 2.679245
v 3.025000 0.000000 -3.620756
v 3.025000 0.350000 -3.620756
v -5.199999 3.995000 2.604244
v -5.199999 4.115000 2.604244
v -5.199999 3.995000 -3.545756
v -5.199999 4.115000 -3.545756
v 2.950000 3.995000 2.604244
v 2.950000 4.115000 2.604244
v 2.950000 3.995000 -3.545756
v 2.950000 4.115000 -3.545756
v -5.275000 4.054999 2.639245
v -5.275000 4.195000 2.639245
v -5.275000 4.054999 2.459244
v -5.275000 4.195000 2.459244
v 3.025000 4.054999 2.639245
v 3.025000 4.195000 2.639245
v 3.025000 4.054999 2.459244
v 3.025000 4.195000 2.459244
v -5.275000 4.054999 -3.400755
v -5.275000 4.195000 -3.400755
v -5.275000 4.054999 -3.580756
v -5.275000 4.195000 -3.580756
v 3.025000 4.054999 -3.400755
v 3.025000 4.195000 -3.400755
v 3.025000 4.054999 -3.580756
v 3.025000 4.195000 -3.580756
v -5.235000 4.054999 2.679245
v -5.235000 4.195000 2.679245
v -5.235000 4.054999 -3.620756
v -5.235000 4.195000 -3.620756
v -5.055000 4.054999 2.679245
v -5.055000 4.195000 2.679245
v -5.055000 4.054999 -3.620756
v -5.055000 4.195000 -3.620756
v 2.805000 4.054999 2.679245
v 2.805000 4.195000 2.679245
v 2.805000 4.054999 -3.620756
v 2.805000 4.195000 -3.620756
v 2.985000 4.054999 2.679245
v 2.985000 4.195000 2.679245
v 2.985000 4.054999 -3.620756
v 2.985000 4.195000 -3.620756
v -5.204999 0.005000 2.609244
v -5.204999 4.005000 2.609244
v -5.204999 0.005000 2.449244
v -5.204999 4.005000 2.449244
v -5.045000 0.005000 2.609244
v -5.045000 4.005000 2.609244
v -5.045000 0.005000 2.449244
v -5.045000 4.005000 2.449244
v 2.795000 0.005000 2.609244
v 2.795000 4.005000 2.609244
v 2.795000 0.005000 2.449244
v 2.795000 4.005000 2.449244
v 2.955000 0.005000 2.609244
v 2.955000 4.005000 2.609244
v 2.955000 0.005000 2.449244
v 2.955000 4.005000 2.449244
v -4.974999 2.680000 2.659245
v -4.974999 3.830000 2.659245
v -4.974999 2.680000 2.519244
v -4.974999 3.830000 2.519244
v 2.725000 2.680000 2.659245
v 2.725000 3.830000 2.659245
v 2.725000 2.680000 2.519244
v 2.725000 3.830000 2.519244
v -4.974999 3.825000 2.679245
v -4.974999 3.885000 2.679245
v -4.974999 3.825000 2.519244
v -4.974999 3.885000 2.519244
v 2.725000 3.825000 2.679245
v 2.725000 3.885000 2.679245
v 2.725000 3.825000 2.519244
v 2.725000 3.885000 2.519244
v -4.974999 2.625000 2.679245
v -4.974999 2.685000 2.679245
v -4.974999 2.625000 2.519244
v -4.974999 2.685000 2.519244
v 2.725000 2.625000 2.679245
v 2.725000 2.685000 2.679245
v 2.725000 2.625000 2.519244
v 2.725000 2.685000 2.519244
v -1.016260 2.835000 2.748245
v -1.099980 3.019920 2.748245
v -1.366780 3.019920 2.748245
v -1.445900 2.835000 2.748245
v -1.537900 2.835000 2.748245
v -1.268340 3.466120 2.748245
v -1.204860 3.466120 2.748245
v -0.924260 2.835000 2.748245
v -1.136780 3.100880 2.748245
v -1.237980 3.328120 2.748245
v -1.331820 3.100880 2.748245
v -2.092660 3.462440 2.748245
v -1.551700 3.462440 2.748245
v -1.950980 2.915960 2.748245
v -1.551700 2.915960 2.748245
v -1.551700 2.835000 2.748245
v -2.117500 2.835000 2.748245
v -1.718220 3.381480 2.748245
v -2.092660 3.381480 2.748245
v -2.686980 3.462440 2.748245
v -2.146020 3.462440 2.748245
v -2.545300 2.915960 2.748245
v -2.146020 2.915960 2.748245
v -2.146020 2.835000 2.748245
v -2.711820 2.835000 2.748245
v -2.312540 3.381480 2.748245
v -2.686980 3.381480 2.748245
v -2.886620 2.835000 2.748245
v -2.886620 3.462440 2.748245
v -2.796460 3.462440 2.748245
v -2.796460 2.835000 2.748245
v -3.132655 3.460789 2.748245
v -3.102995 3.455983 2.748245
v -3.076356 3.448237 2.748245
v -3.052697 3.437770 2.748245
v -3.031977 3.424798 2.748245
v -3.014155 3.409540 2.748245
v -2.999189 3.392211 2.748245
v -2.987036 3.373029 2.748245
v -2.977657 3.352212 2.748245
v -2.971009 3.329977 2.748245
v -2.967050 3.306540 2.748245
v -2.965740 3.282120 2.748245
v -2.967128 3.257983 2.748245
v -2.971319 3.234923 2.748245
v -2.978361 3.213134 2.748245
v -2.988297 3.192811 2.748245
v -3.001172 3.174150 2.748245
v -3.017030 3.157345 2.748245
v -3.035917 3.142590 2.748245
v -3.057876 3.130081 2.748245
v -3.082954 3.120013 2.748245
v -3.111193 3.112580 2.748245
v -3.142641 3.107977 2.748245
v -3.177340 3.106400 2.748245
v -3.271180 3.106400 2.748245
v -3.271180 2.835000 2.748245
v -3.361340 2.835000 2.748245
v -3.361340 3.462440 2.748245
v -3.165380 3.462440 2.748245
v -3.169060 3.187360 2.748245
v -3.152780 3.188102 2.748245
v -3.137563 3.190307 2.748245
v -3.123477 3.193944 2.748245
v -3.110589 3.198979 2.748245
v -3.098966 3.205382 2.748245
v -3.088675 3.213120 2.748245
v -3.079783 3.222161 2.748245
v -3.072358 3.232474 2.748245
v -3.066466 3.244026 2.748245
v -3.062174 3.256786 2.748245
v -3.059550 3.270721 2.748245
v -3.058660 3.285800 2.748245
v -3.059196 3.297346 2.748245
v -3.060879 3.308859 2.748245
v -3.063821 3.320156 2.748245
v -3.068133 3.331050 2.748245
v -3.073927 3.341357 2.748245
v -3.081315 3.350890 2.748245
v -3.090409 3.359465 2.748245
v -3.101321 3.366896 2.748245
v -3.114162 3.372998 2.748245
v -3.129044 3.377587 2.748245
v -3.146080 3.380476 2.748245
v -3.165380 3.381480 2.748245
v -3.271180 3.381480 2.748245
v -3.271180 3.187360 2.748245
v -1.016260 2.835000 2.630244
v -1.099980 3.019920 2.630244
v -1.366780 3.019920 2.630244
v -1.445900 2.835000 2.630244
v -1.537900 2.835000 2.630244
v -1.268340 3.466120 2.630244
v -1.204860 3.466120 2.630244
v -0.924260 2.835000 2.630244
v -1.136780 3.100880 2.630244
v -1.237980 3.328120 2.630244
v -1.331820 3.100880 2.630244
v -2.092660 3.462440 2.630244
v -1.551700 3.462440 2.630244
v -1.950980 2.915960 2.630244
v -1.551700 2.915960 2.630244
v -1.551700 2.835000 2.630244
v -2.117500 2.835000 2.630244
v -1.718220 3.381480 2.630244
v -2.092660 3.381480 2.630244
v -2.686980 3.462440 2.630244
v -2.146020 3.462440 2.630244
v -2.545300 2.915960 2.630244
v -2.146020 2.915960 2.630244
v -2.146020 2.835000 2.630244
v -2.711820 2.835000 2.630244
v -2.312540 3.381480 2.630244
v -2.686980 3.381480 2.630244
v -2.886620 2.835000 2.630244
v -2.886620 3.462440 2.630244
v -2.796460 3.462440 2.630244
v -2.796460 2.835000 2.630244
v -3.132655 3.460789 2.630244
v -3.102995 3.455983 2.630244
v -3.076356 3.448237 2.630244
v -3.052697 3.437770 2.630244
v -3.031977 3.424798 2.630244
v -3.014155 3.409540 2.630244
v -2.999189 3.392211 2.630244
v -2.987036 3.373029 2.630244
v -2.977657 3.352212 2.630244
v -2.971009 3.329977 2.630244
v -2.967050 3.306540 2.630244
v -2.965740 3.282120 2.630244
v -2.967128 3.257983 2.630244
v -2.971319 3.234923 2.630244
v -2.978361 3.213134 2.630244
v -2.988297 3.192811 2.630244
v -3.001172 3.174150 2.630244
v -3.017030 3.157345 2.630244
v -3.035917 3.142590 2.630244
v -3.057876 3.130081 2.630244
v -3.082954 3.120013 2.630244
v -3.111193 3.112580 2.630244
v -3.142641 3.107977 2.630244
v -3.177340 3.106400 2.630244
v -3.271180 3.106400 2.630244
v -3.271180 2.835000 2.630244
v -3.361340 2.835000 2.630244
v -3.361340 3.462440 2.630244
v -3.165380 3.462440 2.630244
v -3.169060 3.187360 2.630244
v -3.152780 3.188102 2.630244
v -3.137563 3.190307 2.630244
v -3.123477 3.193944 2.630244
v -3.110589 3.198979 2.630244
v -3.098966 3.205382 2.630244
v -3.088675 3.213120 2.630244
v -3.079783 3.222161 2.630244
v -3.072358 3.232474 2.630244
v -3.066466 3.244026 2.630244
v -3.062174 3.256786 2.630244
v -3.059550 3.270721 2.630244
v -3.058660 3.285800 2.630244
v -3.059196 3.297346 2.630244
v -3.060879 3.308859 2.630244
v -3.063821 3.320156 2.630244
v -3.068133 3.331050 2.630244
v -3.073927 3.341357 2.630244
v -3.081315 3.350890 2.630244
v -3.090409 3.359465 2.630244
v -3.101321 3.366896 2.630244
v -3.114162 3.372998 2.630244
v -3.129044 3.377587 2.630244
v -3.146080 3.380476 2.630244
v -3.165380 3.381480 2.630244
v -3.271180 3.381480 2.630244
v -3.271180 3.187360 2.630244
v -3.132655 3.460789 2.630244
v -3.132525 3.462020 2.630440
v -3.132407 3.463131 2.631008
v -3.132314 3.464012 2.631893
v -3.132254 3.464578 2.633008
v -3.132234 3.464773 2.634244
v -3.132234 3.464773 2.744245
v -3.132254 3.464578 2.745481
v -3.132314 3.464012 2.746596
v -3.132407 3.463131 2.747480
v -3.132525 3.462020 2.748049
v -3.132655 3.460789 2.748245
v -3.102995 3.455983 2.630244
v -3.102722 3.457191 2.630440
v -3.102476 3.458281 2.631008
v -3.102281 3.459145 2.631893
v -3.102156 3.459701 2.633008
v -3.102113 3.459892 2.634244
v -3.102113 3.459892 2.744245
v -3.102156 3.459701 2.745481
v -3.102281 3.459145 2.746596
v -3.102476 3.458281 2.747480
v -3.102722 3.457191 2.748049
v -3.102995 3.455983 2.748245
v -3.076356 3.448237 2.630244
v -3.075931 3.449401 2.630440
v -3.075548 3.450451 2.631008
v -3.075244 3.451284 2.631893
v -3.075050 3.451819 2.633008
v -3.074982 3.452003 2.634244
v -3.074982 3.452003 2.744245
v -3.075050 3.451819 2.745481
v -3.075244 3.451284 2.746596
v -3.075548 3.450451 2.747480
v -3.075931 3.449401 2.748049
v -3.076356 3.448237 2.748245
v -3.052697 3.437770 2.630244
v -3.052116 3.438865 2.630440
v -3.051592 3.439852 2.631008
v -3.051176 3.440636 2.631893
v -3.050909 3.441139 2.633008
v -3.050817 3.441312 2.634244
v -3.050817 3.441312 2.744245
v -3.050909 3.441139 2.745481
v -3.051176 3.440636 2.746596
v -3.051592 3.439852 2.747480
v -3.052116 3.438865 2.748049
v -3.052697 3.437770 2.748245
v -3.031977 3.424798 2.630244
v -3.031244 3.425797 2.630440
v -3.030581 3.426698 2.631008
v -3.030056 3.427413 2.631893
v -3.029718 3.427873 2.633008
v -3.029602 3.428031 2.634244
v -3.029602 3.428031 2.744245
v -3.029718 3.427873 2.745481
v -3.030056 3.427413 2.746596
v -3.030581 3.426698 2.747480
v -3.031244 3.425797 2.748049
v -3.031977 3.424798 2.748245
v -3.014155 3.409540 2.630244
v -3.013281 3.410418 2.630440
v -3.012491 3.411211 2.631008
v -3.011865 3.411839 2.631893
v -3.011463 3.412243 2.633008
v -3.011325 3.412382 2.634244
v -3.011325 3.412382 2.744245
v -3.011463 3.412243 2.745481
v -3.011865 3.411839 2.746596
v -3.012491 3.411211 2.747480
v -3.013281 3.410418 2.748049
v -3.014155 3.409540 2.748245
v -2.999189 3.392211 2.630244
v -2.998193 3.392950 2.630440
v -2.997296 3.393616 2.631008
v -2.996583 3.394145 2.631893
v -2.996125 3.394485 2.633008
v -2.995968 3.394602 2.634244
v -2.995968 3.394602 2.744245
v -2.996125 3.394485 2.745481
v -2.996583 3.394145 2.746596
v -2.997296 3.393616 2.747480
v -2.998193 3.392950 2.748049
v -2.999189 3.392211 2.748245
v -2.987036 3.373029 2.630244
v -2.985945 3.373617 2.630440
v -2.984961 3.374147 2.631008
v -2.984180 3.374568 2.631893
v -2.983679 3.374838 2.633008
v -2.983505 3.374931 2.634244
v -2.983505 3.374931 2.744245
v -2.983679 3.374838 2.745481
v -2.984180 3.374568 2.746596
v -2.984961 3.374147 2.747480
v -2.985945 3.373617 2.748049
v -2.987036 3.373029 2.748245
v -2.977657 3.352212 2.630244
v -2.976496 3.352645 2.630440
v -2.975449 3.353036 2.631008
v -2.974618 3.353345 2.631893
v -2.974085 3.353544 2.633008
v -2.973901 3.353613 2.634244
v -2.973901 3.353613 2.744245
v -2.974085 3.353544 2.745481
v -2.974618 3.353345 2.746596
v -2.975449 3.353036 2.747480
v -2.976496 3.352645 2.748049
v -2.977657 3.352212 2.748245
v -2.971009 3.329977 2.630244
v -2.969803 3.330258 2.630440
v -2.968714 3.330511 2.631008
v -2.967851 3.330713 2.631893
v -2.967297 3.330842 2.633008
v -2.967106 3.330886 2.634244
v -2.967106 3.330886 2.744245
v -2.967297 3.330842 2.745481
v -2.967851 3.330713 2.746596
v -2.968714 3.330511 2.747480
v -2.969803 3.330258 2.748049
v -2.971009 3.329977 2.748245
v -2.967050 3.306540 2.630244
v -2.965820 3.306677 2.630440
v -2.964710 3.306800 2.631008
v -2.963829 3.306898 2.631893
v -2.963263 3.306960 2.633008
v -2.963068 3.306982 2.634244
v -2.963068 3.306982 2.744245
v -2.963263 3.306960 2.745481
v -2.963829 3.306898 2.746596
v -2.964710 3.306800 2.747480
v -2.965820 3.306677 2.748049
v -2.967050 3.306540 2.748245
v -2.965740 3.282120 2.630244
v -2.964502 3.282117 2.630440
v -2.963385 3.282115 2.631008
v -2.962499 3.282114 2.631893
v -2.961930 3.282113 2.633008
v -2.961734 3.282112 2.634244
v -2.961734 3.282112 2.744245
v -2.961930 3.282113 2.745481
v -2.962499 3.282114 2.746596
v -2.963385 3.282115 2.747480
v -2.964502 3.282117 2.748049
v -2.965740 3.282120 2.748245
v -2.967128 3.257983 2.630244
v -2.965898 3.257837 2.630440
v -2.964788 3.257704 2.631008
v -2.963908 3.257599 2.631893
v -2.963343 3.257532 2.633008
v -2.963148 3.257509 2.634244
v -2.963148 3.257509 2.744245
v -2.963343 3.257532 2.745481
v -2.963908 3.257599 2.746596
v -2.964788 3.257704 2.747480
v -2.965898 3.257837 2.748049
v -2.967128 3.257983 2.748245
v -2.971319 3.234923 2.630244
v -2.970118 3.234621 2.630440
v -2.969034 3.234349 2.631008
v -2.968174 3.234133 2.631893
v -2.967622 3.233994 2.633008
v -2.967431 3.233946 2.634244
v -2.967431 3.233946 2.744245
v -2.967622 3.233994 2.745481
v -2.968174 3.234133 2.746596
v -2.969034 3.234349 2.747480
v -2.970118 3.234621 2.748049
v -2.971319 3.234923 2.748245
v -2.978361 3.213134 2.630244
v -2.977212 3.212670 2.630440
v -2.976176 3.212252 2.631008
v -2.975353 3.211920 2.631893
v -2.974825 3.211707 2.633008
v -2.974643 3.211633 2.634244
v -2.974643 3.211633 2.744245
v -2.974825 3.211707 2.745481
v -2.975353 3.211920 2.746596
v -2.976176 3.212252 2.747480
v -2.977212 3.212670 2.748049
v -2.978361 3.213134 2.748245
v -2.988297 3.192811 2.630244
v -2.987227 3.192186 2.630440
v -2.986262 3.191621 2.631008
v -2.985496 3.191173 2.631893
v -2.985005 3.190885 2.633008
v -2.984835 3.190786 2.634244
v -2.984835 3.190786 2.744245
v -2.985005 3.190885 2.745481
v -2.985496 3.191173 2.746596
v -2.986262 3.191621 2.747480
v -2.987227 3.192186 2.748049
v -2.988297 3.192811 2.748245
v -3.001172 3.174150 2.630244
v -3.000208 3.173371 2.630440
v -2.999338 3.172667 2.631008
v -2.998648 3.172109 2.631893
v -2.998205 3.171751 2.633008
v -2.998053 3.171627 2.634244
v -2.998053 3.171627 2.744245
v -2.998205 3.171751 2.745481
v -2.998648 3.172109 2.746596
v -2.999338 3.172667 2.747480
v -3.000208 3.173371 2.748049
v -3.001172 3.174150 2.748245
v -3.017030 3.157345 2.630244
v -3.016195 3.156428 2.630440
v -3.015442 3.155602 2.631008
v -3.014845 3.154946 2.631893
v -3.014461 3.154524 2.633008
v -3.014329 3.154379 2.634244
v -3.014329 3.154379 2.744245
v -3.014461 3.154524 2.745481
v -3.014845 3.154946 2.746596
v -3.015442 3.155602 2.747480
v -3.016195 3.156428 2.748049
v -3.017030 3.157345 2.748245
v -3.035917 3.142590 2.630244
v -3.035227 3.141561 2.630440
v -3.034604 3.140632 2.631008
v -3.034110 3.139895 2.631893
v -3.033793 3.139422 2.633008
v -3.033684 3.139259 2.634244
v -3.033684 3.139259 2.744245
v -3.033793 3.139422 2.745481
v -3.034110 3.139895 2.746596
v -3.034604 3.140632 2.747480
v -3.035227 3.141561 2.748049
v -3.035917 3.142590 2.748245
v -3.057876 3.130081 2.630244
v -3.057338 3.128966 2.630440
v -3.056852 3.127959 2.631008
v -3.056466 3.127160 2.631893
v -3.056218 3.126647 2.633008
v -3.056134 3.126471 2.634244
v -3.056134 3.126471 2.744245
v -3.056218 3.126647 2.745481
v -3.056466 3.127160 2.746596
v -3.056852 3.127959 2.747480
v -3.057338 3.128966 2.748049
v -3.057876 3.130081 2.748245
v -3.082954 3.120013 2.630244
v -3.082565 3.118837 2.630440
v -3.082214 3.117776 2.631008
v -3.081935 3.116935 2.631893
v -3.081756 3.116394 2.633008
v -3.081695 3.116208 2.634244
v -3.081695 3.116208 2.744245
v -3.081756 3.116394 2.745481
v -3.081935 3.116935 2.746596
v -3.082214 3.117776 2.747480
v -3.082565 3.118837 2.748049
v -3.082954 3.120013 2.748245
v -3.111193 3.112580 2.630244
v -3.110946 3.111367 2.630440
v -3.110723 3.110273 2.631008
v -3.110545 3.109404 2.631893
v -3.110432 3.108847 2.633008
v -3.110392 3.108655 2.634244
v -3.110392 3.108655 2.744245
v -3.110432 3.108847 2.745481
v -3.110545 3.109404 2.746596
v -3.110723 3.110273 2.747480
v -3.110946 3.111367 2.748049
v -3.111193 3.112580 2.748245
v -3.142641 3.107977 2.630244
v -3.142523 3.106745 2.630440
v -3.142417 3.105634 2.631008
v -3.142332 3.104752 2.631893
v -3.142278 3.104186 2.633008
v -3.142259 3.103991 2.634244
v -3.142259 3.103991 2.744245
v -3.142278 3.104186 2.745481
v -3.142332 3.104752 2.746596
v -3.142417 3.105634 2.747480
v -3.142523 3.106745 2.748049
v -3.142641 3.107977 2.748245
v -3.177340 3.106400 2.630244
v -3.177312 3.105164 2.630440
v -3.177286 3.104049 2.631008
v -3.177266 3.103164 2.631893
v -3.177253 3.102596 2.633008
v -3.177249 3.102400 2.634244
v -3.177249 3.102400 2.744245
v -3.177253 3.102596 2.745481
v -3.177266 3.103164 2.746596
v -3.177286 3.104049 2.747480
v -3.177312 3.105164 2.748049
v -3.177340 3.106400 2.748245
v -3.271180 3.106400 2.630244
v -3.269944 3.105164 2.630440
v -3.268829 3.104049 2.631008
v -3.267944 3.103164 2.631893
v -3.267376 3.102596 2.633008
v -3.267180 3.102400 2.634244
v -3.267180 3.102400 2.744245
v -3.267376 3.102596 2.745481
v -3.267944 3.103164 2.746596
v -3.268829 3.104049 2.747480
v -3.269944 3.105164 2.748049
v -3.271180 3.106400 2.748245
v -3.271180 2.835000 2.630244
v -3.269944 2.833764 2.630440
v -3.268829 2.832649 2.631008
v -3.267944 2.831764 2.631893
v -3.267376 2.831196 2.633008
v -3.267180 2.831000 2.634244
v -3.267180 2.831000 2.744245
v -3.267376 2.831196 2.745481
v -3.267944 2.831764 2.746596
v -3.268829 2.832649 2.747480
v -3.269944 2.833764 2.748049
v -3.271180 2.835000 2.748245
v -3.361340 2.835000 2.630244
v -3.362576 2.833764 2.630440
v -3.363691 2.832649 2.631008
v -3.364576 2.831764 2.631893
v -3.365144 2.831196 2.633008
v -3.365340 2.831000 2.634244
v -3.365340 2.831000 2.744245
v -3.365144 2.831196 2.745481
v -3.364576 2.831764 2.746596
v -3.363691 2.832649 2.747480
v -3.362576 2.833764 2.748049
v -3.361340 2.835000 2.748245
v -3.361340 3.462440 2.630244
v -3.362576 3.463676 2.630440
v -3.363691 3.464791 2.631008
v -3.364576 3.465676 2.631893
v -3.365144 3.466244 2.633008
v -3.365340 3.466440 2.634244
v -3.365340 3.466440 2.744245
v -3.365144 3.466244 2.745481
v -3.364576 3.465676 2.746596
v -3.363691 3.464791 2.747480
v -3.362576 3.463676 2.748049
v -3.361340 3.462440 2.748245
v -3.165380 3.462440 2.630244
v -3.165349 3.463676 2.630440
v -3.165321 3.464791 2.631008
v -3.165299 3.465676 2.631893
v -3.165284 3.466244 2.633008
v -3.165279 3.466440 2.634244
v -3.165279 3.466440 2.744245
v -3.165284 3.466244 2.745481
v -3.165299 3.465676 2.746596
v -3.165321 3.464791 2.747480
v -3.165349 3.463676 2.748049
v -3.165380 3.462440 2.748245
v -3.169060 3.187360 2.630244
v -3.169088 3.188596 2.630440
v -3.169114 3.189711 2.631008
v -3.169134 3.190596 2.631893
v -3.169147 3.191164 2.633008
v -3.169151 3.191360 2.634244
v -3.169151 3.191360 2.744245
v -3.169147 3.191164 2.745481
v -3.169134 3.190596 2.746596
v -3.169114 3.189711 2.747480
v -3.169088 3.188596 2.748049
v -3.169060 3.187360 2.748245
v -3.152780 3.188102 2.630244
v -3.152897 3.189334 2.630440
v -3.153003 3.190445 2.631008
v -3.153086 3.191327 2.631893
v -3.153140 3.191894 2.633008
v -3.153158 3.192089 2.634244
v -3.153158 3.192089 2.744245
v -3.153140 3.191894 2.745481
v -3.153086 3.191327 2.746596
v -3.153003 3.190445 2.747480
v -3.152897 3.189334 2.748049
v -3.152780 3.188102 2.748245
v -3.137563 3.190307 2.630244
v -3.137807 3.191521 2.630440
v -3.138027 3.192616 2.631008
v -3.138201 3.193485 2.631893
v -3.138313 3.194042 2.633008
v -3.138352 3.194235 2.634244
v -3.138352 3.194235 2.744245
v -3.138313 3.194042 2.745481
v -3.138201 3.193485 2.746596
v -3.138027 3.192616 2.747480
v -3.137807 3.191521 2.748049
v -3.137563 3.190307 2.748245
v -3.123477 3.193944 2.630244
v -3.123858 3.195122 2.630440
v -3.124201 3.196185 2.631008
v -3.124474 3.197028 2.631893
v -3.124649 3.197570 2.633008
v -3.124709 3.197757 2.634244
v -3.124709 3.197757 2.744245
v -3.124649 3.197570 2.745481
v -3.124474 3.197028 2.746596
v -3.124201 3.196185 2.747480
v -3.123858 3.195122 2.748049
v -3.123477 3.193944 2.748245
v -3.110589 3.198979 2.630244
v -3.111114 3.200101 2.630440
v -3.111588 3.201113 2.631008
v -3.111964 3.201916 2.631893
v -3.112206 3.202431 2.633008
v -3.112289 3.202609 2.634244
v -3.112289 3.202609 2.744245
v -3.112206 3.202431 2.745481
v -3.111964 3.201916 2.746596
v -3.111588 3.201113 2.747480
v -3.111114 3.200101 2.748049
v -3.110589 3.198979 2.748245
v -3.098966 3.205382 2.630244
v -3.099639 3.206422 2.630440
v -3.100246 3.207361 2.631008
v -3.100728 3.208106 2.631893
v -3.101037 3.208584 2.633008
v -3.101144 3.208749 2.634244
v -3.101144 3.208749 2.744245
v -3.101037 3.208584 2.745481
v -3.100728 3.208106 2.746596
v -3.100246 3.207361 2.747480
v -3.099639 3.206422 2.748049
v -3.098966 3.205382 2.748245
v -3.088675 3.213120 2.630244
v -3.089492 3.214052 2.630440
v -3.090228 3.214894 2.631008
v -3.090813 3.215561 2.631893
v -3.091188 3.215990 2.633008
v -3.091317 3.216137 2.634244
v -3.091317 3.216137 2.744245
v -3.091188 3.215990 2.745481
v -3.090813 3.215561 2.746596
v -3.090228 3.214894 2.747480
v -3.089492 3.214052 2.748049
v -3.088675 3.213120 2.748245
v -3.079783 3.222161 2.630244
v -3.080731 3.222960 2.630440
v -3.081586 3.223681 2.631008
v -3.082264 3.224253 2.631893
v -3.082700 3.224621 2.633008
v -3.082850 3.224747 2.634244
v -3.082850 3.224747 2.744245
v -3.082700 3.224621 2.745481
v -3.082264 3.224253 2.746596
v -3.081586 3.223681 2.747480
v -3.080731 3.222960 2.748049
v -3.079783 3.222161 2.748245
v -3.072358 3.232474 2.630244
v -3.073416 3.233119 2.630440
v -3.074371 3.233702 2.631008
v -3.075128 3.234164 2.631893
v -3.075615 3.234461 2.633008
v -3.075783 3.234563 2.634244
v -3.075783 3.234563 2.744245
v -3.075615 3.234461 2.745481
v -3.075128 3.234164 2.746596
v -3.074371 3.233702 2.747480
v -3.073416 3.233119 2.748049
v -3.072358 3.232474 2.748245
v -3.066466 3.244026 2.630244
v -3.067608 3.244506 2.630440
v -3.068639 3.244940 2.631008
v -3.069457 3.245284 2.631893
v -3.069982 3.245505 2.633008
v -3.070163 3.245581 2.634244
v -3.070163 3.245581 2.744245
v -3.069982 3.245505 2.745481
v -3.069457 3.245284 2.746596
v -3.068639 3.244940 2.747480
v -3.067608 3.244506 2.748049
v -3.066466 3.244026 2.748245
v -3.062174 3.256786 2.630244
v -3.063373 3.257099 2.630440
v -3.064454 3.257381 2.631008
v -3.065313 3.257605 2.631893
v -3.065864 3.257749 2.633008
v -3.066054 3.257798 2.634244
v -3.066054 3.257798 2.744245
v -3.065864 3.257749 2.745481
v -3.065313 3.257605 2.746596
v -3.064454 3.257381 2.747480
v -3.063373 3.257099 2.748049
v -3.062174 3.256786 2.748245
v -3.059550 3.270721 2.630244
v -3.060779 3.270872 2.630440
v -3.061888 3.271009 2.631008
v -3.062768 3.271117 2.631893
v -3.063333 3.271187 2.633008
v -3.063528 3.271211 2.634244
v -3.063528 3.271211 2.744245
v -3.063333 3.271187 2.745481
v -3.062768 3.271117 2.746596
v -3.061888 3.271009 2.747480
v -3.060779 3.270872 2.748049
v -3.059550 3.270721 2.748245
v -3.058660 3.285800 2.630244
v -3.059898 3.285808 2.630440
v -3.061014 3.285815 2.631008
v -3.061900 3.285820 2.631893
v -3.062470 3.285824 2.633008
v -3.062665 3.285825 2.634244
v -3.062665 3.285825 2.744245
v -3.062470 3.285824 2.745481
v -3.061900 3.285820 2.746596
v -3.061014 3.285815 2.747480
v -3.059898 3.285808 2.748049
v -3.058660 3.285800 2.748245
v -3.059196 3.297346 2.630244
v -3.060428 3.297227 2.630440
v -3.061539 3.297120 2.631008
v -3.062421 3.297036 2.631893
v -3.062988 3.296981 2.633008
v -3.063183 3.296962 2.634244
v -3.063183 3.296962 2.744245
v -3.062988 3.296981 2.745481
v -3.062421 3.297036 2.746596
v -3.061539 3.297120 2.747480
v -3.060428 3.297227 2.748049
v -3.059196 3.297346 2.748245
v -3.060879 3.308859 2.630244
v -3.062092 3.308614 2.630440
v -3.063187 3.308392 2.631008
v -3.064055 3.308216 2.631893
v -3.064613 3.308103 2.633008
v -3.064805 3.308064 2.634244
v -3.064805 3.308064 2.744245
v -3.064613 3.308103 2.745481
v -3.064055 3.308216 2.746596
v -3.063187 3.308392 2.747480
v -3.062092 3.308614 2.748049
v -3.060879 3.308859 2.748245
v -3.063821 3.320156 2.630244
v -3.064998 3.319772 2.630440
v -3.066060 3.319424 2.631008
v -3.066902 3.319149 2.631893
v -3.067444 3.318972 2.633008
v -3.067630 3.318911 2.634244
v -3.067630 3.318911 2.744245
v -3.067444 3.318972 2.745481
v -3.066902 3.319149 2.746596
v -3.066060 3.319424 2.747480
v -3.064998 3.319772 2.748049
v -3.063821 3.320156 2.748245
v -3.068133 3.331050 2.630244
v -3.069251 3.330518 2.630440
v -3.070260 3.330037 2.631008
v -3.071061 3.329655 2.631893
v -3.071575 3.329411 2.633008
v -3.071752 3.329326 2.634244
v -3.071752 3.329326 2.744245
v -3.071575 3.329411 2.745481
v -3.071061 3.329655 2.746596
v -3.070260 3.330037 2.747480
v -3.069251 3.330518 2.748049
v -3.068133 3.331050 2.748245
v -3.073927 3.341357 2.630244
v -3.074960 3.340671 2.630440
v -3.075891 3.340053 2.631008
v -3.076631 3.339563 2.631893
v -3.077105 3.339248 2.633008
v -3.077269 3.339139 2.634244
v -3.077269 3.339139 2.744245
v -3.077105 3.339248 2.745481
v -3.076631 3.339563 2.746596
v -3.075891 3.340053 2.747480
v -3.074960 3.340671 2.748049
v -3.073927 3.341357 2.748245
v -3.081315 3.350890 2.630244
v -3.082233 3.350056 2.630440
v -3.083061 3.349305 2.631008
v -3.083719 3.348708 2.631893
v -3.084141 3.348325 2.633008
v -3.084286 3.348193 2.634244
v -3.084286 3.348193 2.744245
v -3.084141 3.348325 2.745481
v -3.083719 3.348708 2.746596
v -3.083061 3.349305 2.747480
v -3.082233 3.350056 2.748049
v -3.081315 3.350890 2.748245
v -3.090409 3.359465 2.630244
v -3.091186 3.358498 2.630440
v -3.091887 3.357626 2.631008
v -3.092443 3.356934 2.631893
v -3.092799 3.356490 2.633008
v -3.092922 3.356337 2.634244
v -3.092922 3.356337 2.744245
v -3.092799 3.356490 2.745481
v -3.092443 3.356934 2.746596
v -3.091887 3.357626 2.747480
v -3.091186 3.358498 2.748049
v -3.090409 3.359465 2.748245
v -3.101321 3.366896 2.630244
v -3.101938 3.365821 2.630440
v -3.102494 3.364851 2.631008
v -3.102936 3.364081 2.631893
v -3.103219 3.363586 2.633008
v -3.103317 3.363416 2.634244
v -3.103317 3.363416 2.744245
v -3.103219 3.363586 2.745481
v -3.102936 3.364081 2.746596
v -3.102494 3.364851 2.747480
v -3.101938 3.365821 2.748049
v -3.101321 3.366896 2.748245
v -3.114162 3.372998 2.630244
v -3.114612 3.371844 2.630440
v -3.115017 3.370802 2.631008
v -3.115339 3.369975 2.631893
v -3.115546 3.369444 2.633008
v -3.115617 3.369262 2.634244
v -3.115617 3.369262 2.744245
v -3.115546 3.369444 2.745481
v -3.115339 3.369975 2.746596
v -3.115017 3.370802 2.747480
v -3.114612 3.371844 2.748049
v -3.114162 3.372998 2.748245
v -3.129044 3.377587 2.630244
v -3.129331 3.376382 2.630440
v -3.129589 3.375294 2.631008
v -3.129795 3.374432 2.631893
v -3.129926 3.373878 2.633008
v -3.129972 3.373687 2.634244
v -3.129972 3.373687 2.744245
v -3.129926 3.373878 2.745481
v -3.129795 3.374432 2.746596
v -3.129589 3.375294 2.747480
v -3.129331 3.376382 2.748049
v -3.129044 3.377587 2.748245
v -3.146080 3.380476 2.630244
v -3.146216 3.379245 2.630440
v -3.146338 3.378135 2.631008
v -3.146435 3.377254 2.631893
v -3.146498 3.376688 2.633008
v -3.146519 3.376493 2.634244
v -3.146519 3.376493 2.744245
v -3.146498 3.376688 2.745481
v -3.146435 3.377254 2.746596
v -3.146338 3.378135 2.747480
v -3.146216 3.379245 2.748049
v -3.146080 3.380476 2.748245
v -3.165380 3.381480 2.630244
v -3.165412 3.380244 2.630440
v -3.165441 3.379129 2.631008
v -3.165464 3.378244 2.631893
v -3.165479 3.377676 2.633008
v -3.165484 3.377480 2.634244
v -3.165484 3.377480 2.744245
v -3.165479 3.377676 2.745481
v -3.165464 3.378244 2.746596
v -3.165441 3.379129 2.747480
v -3.165412 3.380244 2.748049
v -3.165380 3.381480 2.748245
v -3.271180 3.381480 2.630244
v -3.269944 3.380244 2.630440
v -3.268829 3.379129 2.631008
v -3.267944 3.378244 2.631893
v -3.267376 3.377676 2.633008
v -3.267180 3.377480 2.634244
v -3.267180 3.377480 2.744245
v -3.267376 3.377676 2.745481
v -3.267944 3.378244 2.746596
v -3.268829 3.379129 2.747480
v -3.269944 3.380244 2.748049
v -3.271180 3.381480 2.748245
v -3.271180 3.187360 2.630244
v -3.269944 3.188596 2.630440
v -3.268829 3.189711 2.631008
v -3.267944 3.190596 2.631893
v -3.267376 3.191164 2.633008
v -3.267180 3.191360 2.634244
v -3.267180 3.191360 2.744245
v -3.267376 3.191164 2.745481
v -3.267944 3.190596 2.746596
v -3.268829 3.189711 2.747480
v -3.269944 3.188596 2.748049
v -3.271180 3.187360 2.748245
v -2.886620 2.835000 2.630244
v -2.887856 2.833764 2.630440
v -2.888971 2.832649 2.631008
v -2.889856 2.831764 2.631893
v -2.890424 2.831196 2.633008
v -2.890620 2.831000 2.634244
v -2.890620 2.831000 2.744245
v -2.890424 2.831196 2.745481
v -2.889856 2.831764 2.746596
v -2.888971 2.832649 2.747480
v -2.887856 2.833764 2.748049
v -2.886620 2.835000 2.748245
v -2.886620 3.462440 2.630244
v -2.887856 3.463676 2.630440
v -2.888971 3.464791 2.631008
v -2.889856 3.465676 2.631893
v -2.890424 3.466244 2.633008
v -2.890620 3.466440 2.634244
v -2.890620 3.466440 2.744245
v -2.890424 3.466244 2.745481
v -2.889856 3.465676 2.746596
v -2.888971 3.464791 2.747480
v -2.887856 3.463676 2.748049
v -2.886620 3.462440 2.748245
v -2.796460 3.462440 2.630244
v -2.795224 3.463676 2.630440
v -2.794109 3.464791 2.631008
v -2.793224 3.465676 2.631893
v -2.792656 3.466244 2.633008
v -2.792460 3.466440 2.634244
v -2.792460 3.466440 2.744245
v -2.792656 3.466244 2.745481
v -2.793224 3.465676 2.746596
v -2.794109 3.464791 2.747480
v -2.795224 3.463676 2.748049
v -2.796460 3.462440 2.748245
v -2.796460 2.835000 2.630244
v -2.795224 2.833764 2.630440
v -2.794109 2.832649 2.631008
v -2.793224 2.831764 2.631893
v -2.792656 2.831196 2.633008
v -2.792460 2.831000 2.634244
v -2.792460 2.831000 2.744245
v -2.792656 2.831196 2.745481
v -2.793224 2.831764 2.746596
v -2.794109 2.832649 2.747480
v -2.795224 2.833764 2.748049
v -2.796460 2.835000 2.748245
v -2.686980 3.462440 2.630244
v -2.688216 3.463676 2.630440
v -2.689331 3.464791 2.631008
v -2.690216 3.465676 2.631893
v -2.690784 3.466244 2.633008
v -2.690980 3.466440 2.634244
v -2.690980 3.466440 2.744245
v -2.690784 3.466244 2.745481
v -2.690216 3.465676 2.746596
v -2.689331 3.464791 2.747480
v -2.688216 3.463676 2.748049
v -2.686980 3.462440 2.748245
v -2.146020 3.462440 2.630244
v -2.143586 3.463676 2.630440
v -2.141391 3.464791 2.631008
v -2.139648 3.465676 2.631893
v -2.138529 3.466244 2.633008
v -2.138144 3.466440 2.634244
v -2.138144 3.466440 2.744245
v -2.138529 3.466244 2.745481
v -2.139648 3.465676 2.746596
v -2.141391 3.464791 2.747480
v -2.143586 3.463676 2.748049
v -2.146020 3.462440 2.748245
v -2.545300 2.915960 2.630244
v -2.542866 2.917196 2.630440
v -2.540670 2.918311 2.631008
v -2.538928 2.919196 2.631893
v -2.537809 2.919764 2.633008
v -2.537423 2.919960 2.634244
v -2.537423 2.919960 2.744245
v -2.537809 2.919764 2.745481
v -2.538928 2.919196 2.746596
v -2.540670 2.918311 2.747480
v -2.542866 2.917196 2.748049
v -2.545300 2.915960 2.748245
v -2.146020 2.915960 2.630244
v -2.144784 2.917196 2.630440
v -2.143669 2.918311 2.631008
v -2.142784 2.919196 2.631893
v -2.142215 2.919764 2.633008
v -2.142020 2.919960 2.634244
v -2.142020 2.919960 2.744245
v -2.142215 2.919764 2.745481
v -2.142784 2.919196 2.746596
v -2.143669 2.918311 2.747480
v -2.144784 2.917196 2.748049
v -2.146020 2.915960 2.748245
v -2.146020 2.835000 2.630244
v -2.144784 2.833764 2.630440
v -2.143669 2.832649 2.631008
v -2.142784 2.831764 2.631893
v -2.142215 2.831196 2.633008
v -2.142020 2.831000 2.634244
v -2.142020 2.831000 2.744245
v -2.142215 2.831196 2.745481
v -2.142784 2.831764 2.746596
v -2.143669 2.832649 2.747480
v -2.144784 2.833764 2.748049
v -2.146020 2.835000 2.748245
v -2.711820 2.835000 2.630244
v -2.714254 2.833764 2.630440
v -2.716449 2.832649 2.631008
v -2.718192 2.831764 2.631893
v -2.719311 2.831196 2.633008
v -2.719696 2.831000 2.634244
v -2.719696 2.831000 2.744245
v -2.719311 2.831196 2.745481
v -2.718192 2.831764 2.746596
v -2.716449 2.832649 2.747480
v -2.714254 2.833764 2.748049
v -2.711820 2.835000 2.748245
v -2.312540 3.381480 2.630244
v -2.314974 3.380244 2.630440
v -2.317169 3.379129 2.631008
v -2.318912 3.378244 2.631893
v -2.320031 3.377676 2.633008
v -2.320416 3.377480 2.634244
v -2.320416 3.377480 2.744245
v -2.320031 3.377676 2.745481
v -2.318912 3.378244 2.746596
v -2.317169 3.379129 2.747480
v -2.314974 3.380244 2.748049
v -2.312540 3.381480 2.748245
v -2.686980 3.381480 2.630244
v -2.688216 3.380244 2.630440
v -2.689331 3.379129 2.631008
v -2.690216 3.378244 2.631893
v -2.690784 3.377676 2.633008
v -2.690980 3.377480 2.634244
v -2.690980 3.377480 2.744245
v -2.690784 3.377676 2.745481
v -2.690216 3.378244 2.746596
v -2.689331 3.379129 2.747480
v -2.688216 3.380244 2.748049
v -2.686980 3.381480 2.748245
v -2.092660 3.462440 2.630244
v -2.093896 3.463676 2.630440
v -2.095011 3.464791 2.631008
v -2.095896 3.465676 2.631893
v -2.096464 3.466244 2.633008
v -2.096660 3.466440 2.634244
v -2.096660 3.466440 2.744245
v -2.096464 3.466244 2.745481
v -2.095896 3.465676 2.746596
v -2.095011 3.464791 2.747480
v -2.093896 3.463676 2.748049
v -2.092660 3.462440 2.748245
v -1.551700 3.462440 2.630244
v -1.549266 3.463676 2.630440
v -1.547070 3.464791 2.631008
v -1.545327 3.465676 2.631893
v -1.544209 3.466244 2.633008
v -1.543823 3.466440 2.634244
v -1.543823 3.466440 2.744245
v -1.544209 3.466244 2.745481
v -1.545327 3.465676 2.746596
v -1.547070 3.464791 2.747480
v -1.549266 3.463676 2.748049
v -1.551700 3.462440 2.748245
v -1.950980 2.915960 2.630244
v -1.948546 2.917196 2.630440
v -1.946350 2.918311 2.631008
v -1.944607 2.919196 2.631893
v -1.943489 2.919764 2.633008
v -1.943104 2.919960 2.634244
v -1.943104 2.919960 2.744245
v -1.943489 2.919764 2.745481
v -1.944607 2.919196 2.746596
v -1.946350 2.918311 2.747480
v -1.948546 2.917196 2.748049
v -1.950980 2.915960 2.748245
v -1.551700 2.915960 2.630244
v -1.550464 2.917196 2.630440
v -1.549349 2.918311 2.631008
v -1.548464 2.919196 2.631893
v -1.547896 2.919764 2.633008
v -1.547700 2.919960 2.634244
v -1.547700 2.919960 2.744245
v -1.547896 2.919764 2.745481
v -1.548464 2.919196 2.746596
v -1.549349 2.918311 2.747480
v -1.550464 2.917196 2.748049
v -1.551700 2.915960 2.748245
v -1.551700 2.835000 2.630244
v -1.550464 2.833764 2.630440
v -1.549349 2.832649 2.631008
v -1.548464 2.831764 2.631893
v -1.547896 2.831196 2.633008
v -1.547700 2.831000 2.634244
v -1.547700 2.831000 2.744245
v -1.547896 2.831196 2.745481
v -1.548464 2.831764 2.746596
v -1.549349 2.832649 2.747480
v -1.550464 2.833764 2.748049
v -1.551700 2.835000 2.748245
v -2.117500 2.835000 2.630244
v -2.119934 2.833764 2.630440
v -2.122130 2.832649 2.631008
v -2.123872 2.831764 2.631893
v -2.124991 2.831196 2.633008
v -2.125376 2.831000 2.634244
v -2.125376 2.831000 2.744245
v -2.124991 2.831196 2.745481
v -2.123872 2.831764 2.746596
v -2.122130 2.832649 2.747480
v -2.119934 2.833764 2.748049
v -2.117500 2.835000 2.748245
v -1.718220 3.381480 2.630244
v -1.720654 3.380244 2.630440
v -1.722850 3.379129 2.631008
v -1.724592 3.378244 2.631893
v -1.725711 3.377676 2.633008
v -1.726096 3.377480 2.634244
v -1.726096 3.377480 2.744245
v -1.725711 3.377676 2.745481
v -1.724592 3.378244 2.746596
v -1.722850 3.379129 2.747480
v -1.720654 3.380244 2.748049
v -1.718220 3.381480 2.748245
v -2.092660 3.381480 2.630244
v -2.093896 3.380244 2.630440
v -2.095011 3.379129 2.631008
v -2.095896 3.378244 2.631893
v -2.096464 3.377676 2.633008
v -2.096660 3.377480 2.634244
v -2.096660 3.377480 2.744245
v -2.096464 3.377676 2.745481
v -2.095896 3.378244 2.746596
v -2.095011 3.379129 2.747480
v -2.093896 3.380244 2.748049
v -2.092660 3.381480 2.748245
v -1.016260 2.835000 2.630244
v -1.017057 2.833764 2.630440
v -1.017776 2.832649 2.631008
v -1.018348 2.831764 2.631893
v -1.018714 2.831196 2.633008
v -1.018840 2.831000 2.634244
v -1.018840 2.831000 2.744245
v -1.018714 2.831196 2.745481
v -1.018348 2.831764 2.746596
v -1.017776 2.832649 2.747480
v -1.017057 2.833764 2.748049
v -1.016260 2.835000 2.748245
v -1.099980 3.019920 2.630244
v -1.100777 3.018684 2.630440
v -1.101496 3.017569 2.631008
v -1.102067 3.016684 2.631893
v -1.102434 3.016115 2.633008
v -1.102560 3.015920 2.634244
v -1.102560 3.015920 2.744245
v -1.102434 3.016115 2.745481
v -1.102067 3.016684 2.746596
v -1.101496 3.017569 2.747480
v -1.100777 3.018684 2.748049
v -1.099980 3.019920 2.748245
v -1.366780 3.019920 2.630244
v -1.365965 3.018684 2.630440
v -1.365228 3.017569 2.631008
v -1.364645 3.016684 2.631893
v -1.364269 3.016115 2.633008
v -1.364141 3.015920 2.634244
v -1.364141 3.015920 2.744245
v -1.364269 3.016115 2.745481
v -1.364645 3.016684 2.746596
v -1.365228 3.017569 2.747480
v -1.365965 3.018684 2.748049
v -1.366780 3.019920 2.748245
v -1.445900 2.835000 2.630244
v -1.445084 2.833764 2.630440
v -1.444349 2.832649 2.631008
v -1.443765 2.831764 2.631893
v -1.443390 2.831196 2.633008
v -1.443261 2.831000 2.634244
v -1.443261 2.831000 2.744245
v -1.443390 2.831196 2.745481
v -1.443765 2.831764 2.746596
v -1.444349 2.832649 2.747480
v -1.445084 2.833764 2.748049
v -1.445900 2.835000 2.748245
v -1.537900 2.835000 2.630244
v -1.539772 2.833764 2.630440
v -1.541461 2.832649 2.631008
v -1.542801 2.831764 2.631893
v -1.543661 2.831196 2.633008
v -1.543958 2.831000 2.634244
v -1.543958 2.831000 2.744245
v -1.543661 2.831196 2.745481
v -1.542801 2.831764 2.746596
v -1.541461 2.832649 2.747480
v -1.539772 2.833764 2.748049
v -1.537900 2.835000 2.748245
v -1.268340 3.466120 2.630244
v -1.269156 3.467356 2.630440
v -1.269892 3.468471 2.631008
v -1.270477 3.469356 2.631893
v -1.270852 3.469924 2.633008
v -1.270981 3.470120 2.634244
v -1.270981 3.470120 2.744245
v -1.270852 3.469924 2.745481
v -1.270477 3.469356 2.746596
v -1.269892 3.468471 2.747480
v -1.269156 3.467356 2.748049
v -1.268340 3.466120 2.748245
v -1.204860 3.466120 2.630244
v -1.204057 3.467356 2.630440
v -1.203332 3.468471 2.631008
v -1.202758 3.469356 2.631893
v -1.202388 3.469924 2.633008
v -1.202261 3.470120 2.634244
v -1.202261 3.470120 2.744245
v -1.202388 3.469924 2.745481
v -1.202758 3.469356 2.746596
v -1.203332 3.468471 2.747480
v -1.204057 3.467356 2.748049
v -1.204860 3.466120 2.748245
v -0.924260 2.835000 2.630244
v -0.922358 2.833764 2.630440
v -0.920642 2.832649 2.631008
v -0.919279 2.831764 2.631893
v -0.918405 2.831196 2.633008
v -0.918104 2.831000 2.634244
v -0.918104 2.831000 2.744245
v -0.918405 2.831196 2.745481
v -0.919279 2.831764 2.746596
v -0.920642 2.832649 2.747480
v -0.922358 2.833764 2.748049
v -0.924260 2.835000 2.748245
v -1.136780 3.100880 2.630244
v -1.138684 3.102116 2.630440
v -1.140401 3.103231 2.631008
v -1.141763 3.104116 2.631893
v -1.142639 3.104684 2.633008
v -1.142940 3.104880 2.634244
v -1.142940 3.104880 2.744245
v -1.142639 3.104684 2.745481
v -1.141763 3.104116 2.746596
v -1.140401 3.103231 2.747480
v -1.138684 3.102116 2.748049
v -1.136780 3.100880 2.748245
v -1.237980 3.328120 2.630244
v -1.237937 3.324985 2.630440
v -1.237899 3.322157 2.631008
v -1.237868 3.319913 2.631893
v -1.237848 3.318473 2.633008
v -1.237841 3.317976 2.634244
v -1.237841 3.317976 2.744245
v -1.237848 3.318473 2.745481
v -1.237868 3.319913 2.746596
v -1.237899 3.322157 2.747480
v -1.237937 3.324985 2.748049
v -1.237980 3.328120 2.748245
v -1.331820 3.100880 2.630244
v -1.329973 3.102116 2.630440
v -1.328305 3.103231 2.631008
v -1.326983 3.104116 2.631893
v -1.326133 3.104684 2.633008
v -1.325840 3.104880 2.634244
v -1.325840 3.104880 2.744245
v -1.326133 3.104684 2.745481
v -1.326983 3.104116 2.746596
v -1.328305 3.103231 2.747480
v -1.329973 3.102116 2.748049
v -1.331820 3.100880 2.748245
v 0.368590 3.348731 2.739244
v 1.101410 3.679449 2.739244
v 1.252321 2.658064 2.739244
v 0.368590 3.348731 2.659245
v 1.101410 3.679449 2.659245
v 1.252321 2.658064 2.659245
v 0.404366 3.227006 2.749245
v 0.311000 3.356939 2.749245
v 0.404366 3.227006 2.649245
v 0.311000 3.356939 2.649245
v 1.119000 3.740522 2.749245
v 1.025633 3.870456 2.749245
v 1.119000 3.740522 2.649245
v 1.025633 3.870456 2.649245
v 0.704916 3.306195 2.734245
v 0.704916 3.306195 2.764245
v 0.736322 3.316856 2.734245
v 0.736322 3.316856 2.764245
v 0.769416 3.314687 2.734245
v 0.769416 3.314687 2.764245
v 0.799161 3.300018 2.734245
v 0.799161 3.300018 2.764245
v 0.821029 3.275083 2.734245
v 0.821029 3.275083 2.764245
v 0.831689 3.243678 2.734245
v 0.831689 3.243678 2.764245
v 0.829520 3.210583 2.734245
v 0.829520 3.210583 2.764245
v 0.814852 3.180838 2.734245
v 0.814852 3.180838 2.764245
v 0.789917 3.158971 2.734245
v 0.789917 3.158971 2.764245
v 0.758511 3.148310 2.734245
v 0.758511 3.148310 2.764245
v 0.725417 3.150479 2.734245
v 0.725417 3.150479 2.764245
v 0.695672 3.165148 2.734245
v 0.695672 3.165148 2.764245
v 0.673804 3.190083 2.734245
v 0.673804 3.190083 2.764245
v 0.663144 3.221488 2.734245
v 0.663144 3.221488 2.764245
v 0.665313 3.254583 2.734245
v 0.665313 3.254583 2.764245
v 0.679981 3.284328 2.734245
v 0.679981 3.284328 2.764245
v 0.857763 3.521458 2.734245
v 0.857763 3.521458 2.764245
v 0.889168 3.532119 2.734245
v 0.889168 3.532119 2.764245
v 0.922262 3.529950 2.734245
v 0.922262 3.529950 2.764245
v 0.952008 3.515281 2.734245
v 0.952008 3.515281 2.764245
v 0.973875 3.490346 2.734245
v 0.973875 3.490346 2.764245
v 0.984536 3.458941 2.734245
v 0.984536 3.458941 2.764245
v 0.982367 3.425847 2.734245
v 0.982367 3.425847 2.764245
v 0.967698 3.396101 2.734245
v 0.967698 3.396101 2.764245
v 0.942763 3.374234 2.734245
v 0.942763 3.374234 2.764245
v 0.911357 3.363573 2.734245
v 0.911357 3.363573 2.764245
v 0.878263 3.365742 2.734245
v 0.878263 3.365742 2.764245
v 0.848518 3.380411 2.734245
v 0.848518 3.380411 2.764245
v 0.826651 3.405346 2.734245
v 0.826651 3.405346 2.764245
v 0.815990 3.436751 2.734245
v 0.815990 3.436751 2.764245
v 0.818159 3.469846 2.734245
v 0.818159 3.469846 2.764245
v 0.832828 3.499591 2.734245
v 0.832828 3.499591 2.764245
v 0.949820 3.182009 2.734245
v 0.949820 3.182009 2.764245
v 0.981225 3.192670 2.734245
v 0.981225 3.192670 2.764245
v 1.014320 3.190501 2.734245
v 1.014320 3.190501 2.764245
v 1.044065 3.175832 2.734245
v 1.044065 3.175832 2.764245
v 1.065933 3.150897 2.734245
v 1.065933 3.150897 2.764245
v 1.076593 3.119492 2.734245
v 1.076593 3.119492 2.764245
v 1.074424 3.086398 2.734245
v 1.074424 3.086398 2.764245
v 1.059755 3.056653 2.734245
v 1.059755 3.056653 2.764245
v 1.034820 3.034785 2.734245
v 1.034820 3.034785 2.764245
v 1.003415 3.024124 2.734245
v 1.003415 3.024124 2.764245
v 0.970320 3.026294 2.734245
v 0.970320 3.026294 2.764245
v 0.940575 3.040962 2.734245
v 0.940575 3.040962 2.764245
v 0.918708 3.065897 2.734245
v 0.918708 3.065897 2.764245
v 0.908047 3.097302 2.734245
v 0.908047 3.097302 2.764245
v 0.910216 3.130397 2.734245
v 0.910216 3.130397 2.764245
v 0.924885 3.160142 2.734245
v 0.924885 3.160142 2.764245
v 0.700179 3.534400 2.734245
v 0.700179 3.534400 2.764245
v 0.731585 3.545061 2.734245
v 0.731585 3.545061 2.764245
v 0.764679 3.542892 2.734245
v 0.764679 3.542892 2.764245
v 0.794424 3.528223 2.734245
v 0.794424 3.528223 2.764245
v 0.816292 3.503288 2.734245
v 0.816292 3.503288 2.764245
v 0.826952 3.471883 2.734245
v 0.826952 3.471883 2.764245
v 0.824783 3.438788 2.734245
v 0.824783 3.438788 2.764245
v 0.810114 3.409043 2.734245
v 0.810114 3.409043 2.764245
v 0.785179 3.387176 2.734245
v 0.785179 3.387176 2.764245
v 0.753774 3.376515 2.734245
v 0.753774 3.376515 2.764245
v 0.720680 3.378684 2.734245
v 0.720680 3.378684 2.764245
v 0.690935 3.393353 2.734245
v 0.690935 3.393353 2.764245
v 0.669067 3.418288 2.734245
v 0.669067 3.418288 2.764245
v 0.658406 3.449693 2.734245
v 0.658406 3.449693 2.764245
v 0.660576 3.482788 2.734245
v 0.660576 3.482788 2.764245
v 0.675244 3.512533 2.734245
v 0.675244 3.512533 2.764245
v -4.575000 2.138644 3.605365
v -4.575000 2.180931 3.620756
v -4.575000 2.549069 2.477734
v -4.575000 2.591355 2.493124
v -3.885000 2.138644 3.605365
v -3.885000 2.180931 3.620756
v -3.885000 2.549069 2.477734
v -3.885000 2.591355 2.493124
v -4.575000 1.985000 3.609244
v -4.575000 2.165000 3.609244
v -4.575000 1.985000 3.569244
v -4.575000 2.165000 3.569244
v -3.885000 1.985000 3.609244
v -3.885000 2.165000 3.609244
v -3.885000 1.985000 3.569244
v -3.885000 2.165000 3.569244
v -3.885000 2.138644 3.605365
v -3.885000 2.180931 3.620756
v -3.885000 2.549069 2.477734
v -3.885000 2.591355 2.493124
v -3.195000 2.138644 3.605365
v -3.195000 2.180931 3.620756
v -3.195000 2.549069 2.477734
v -3.195000 2.591355 2.493124
v -3.885000 1.985000 3.609244
v -3.885000 2.165000 3.609244
v -3.885000 1.985000 3.569244
v -3.885000 2.165000 3.569244
v -3.195000 1.985000 3.609244
v -3.195000 2.165000 3.609244
v -3.195000 1.985000 3.569244
v -3.195000 2.165000 3.569244
v -3.195000 2.138644 3.605365
v -3.195000 2.180931 3.620756
v -3.195000 2.549069 2.477734
v -3.195000 2.591355 2.493124
v -2.505000 2.138644 3.605365
v -2.505000 2.180931 3.620756
v -2.505000 2.549069 2.477734
v -2.505000 2.591355 2.493124
v -3.195000 1.985000 3.609244
v -3.195000 2.165000 3.609244
v -3.195000 1.985000 3.569244
v -3.195000 2.165000 3.569244
v -2.505000 1.985000 3.609244
v -2.505000 2.165000 3.609244
v -2.505000 1.985000 3.569244
v -2.505000 2.165000 3.569244
v -2.505000 2.138644 3.605365
v -2.505000 2.180931 3.620756
v -2.505000 2.549069 2.477734
v -2.505000 2.591355 2.493124
v -1.815000 2.138644 3.605365
v -1.815000 2.180931 3.620756
v -1.815000 2.549069 2.477734
v -1.815000 2.591355 2.493124
v -2.505000 1.985000 3.609244
v -2.505000 2.165000 3.609244
v -2.505000 1.985000 3.569244
v -2.505000 2.165000 3.569244
v -1.815000 1.985000 3.609244
v -1.815000 2.165000 3.609244
v -1.815000 1.985000 3.569244
v -1.815000 2.165000 3.569244
v -1.815000 2.138644 3.605365
v -1.815000 2.180931 3.620756
v -1.815000 2.549069 2.477734
v -1.815000 2.591355 2.493124
v -1.125000 2.138644 3.605365
v -1.125000 2.180931 3.620756
v -1.125000 2.549069 2.477734
v -1.125000 2.591355 2.493124
v -1.815000 1.985000 3.609244
v -1.815000 2.165000 3.609244
v -1.815000 1.985000 3.569244
v -1.815000 2.165000 3.569244
v -1.125000 1.985000 3.609244
v -1.125000 2.165000 3.609244
v -1.125000 1.985000 3.569244
v -1.125000 2.165000 3.569244
v -1.125000 2.138644 3.605365
v -1.125000 2.180931 3.620756
v -1.125000 2.549069 2.477734
v -1.125000 2.591355 2.493124
v -0.435000 2.138644 3.605365
v -0.435000 2.180931 3.620756
v -0.435000 2.549069 2.477734
v -0.435000 2.591355 2.493124
v -1.125000 1.985000 3.609244
v -1.125000 2.165000 3.609244
v -1.125000 1.985000 3.569244
v -1.125000 2.165000 3.569244
v -0.435000 1.985000 3.609244
v -0.435000 2.165000 3.609244
v -0.435000 1.985000 3.569244
v -0.435000 2.165000 3.569244
v -0.435000 2.138644 3.605365
v -0.435000 2.180931 3.620756
v -0.435000 2.549069 2.477734
v -0.435000 2.591355 2.493124
v 0.255000 2.138644 3.605365
v 0.255000 2.180931 3.620756
v 0.255000 2.549069 2.477734
v 0.255000 2.591355 2.493124
v -0.435000 1.985000 3.609244
v -0.435000 2.165000 3.609244
v -0.435000 1.985000 3.569244
v -0.435000 2.165000 3.569244
v 0.255000 1.985000 3.609244
v 0.255000 2.165000 3.609244
v 0.255000 1.985000 3.569244
v 0.255000 2.165000 3.569244
v 0.255000 2.138644 3.605365
v 0.255000 2.180931 3.620756
v 0.255000 2.549069 2.477734
v 0.255000 2.591355 2.493124
v 0.945000 2.138644 3.605365
v 0.945000 2.180931 3.620756
v 0.945000 2.549069 2.477734
v 0.945000 2.591355 2.493124
v 0.255000 1.985000 3.609244
v 0.255000 2.165000 3.609244
v 0.255000 1.985000 3.569244
v 0.255000 2.165000 3.569244
v 0.945000 1.985000 3.609244
v 0.945000 2.165000 3.609244
v 0.945000 1.985000 3.569244
v 0.945000 2.165000 3.569244
v 0.945000 2.138644 3.605365
v 0.945000 2.180931 3.620756
v 0.945000 2.549069 2.477734
v 0.945000 2.591355 2.493124
v 1.635000 2.138644 3.605365
v 1.635000 2.180931 3.620756
v 1.635000 2.549069 2.477734
v 1.635000 2.591355 2.493124
v 0.945000 1.985000 3.609244
v 0.945000 2.165000 3.609244
v 0.945000 1.985000 3.569244
v 0.945000 2.165000 3.569244
v 1.635000 1.985000 3.609244
v 1.635000 2.165000 3.609244
v 1.635000 1.985000 3.569244
v 1.635000 2.165000 3.569244
v 1.635000 2.138644 3.605365
v 1.635000 2.180931 3.620756
v 1.635000 2.549069 2.477734
v 1.635000 2.591355 2.493124
v 2.325000 2.138644 3.605365
v 2.325000 2.180931 3.620756
v 2.325000 2.549069 2.477734
v 2.325000 2.591355 2.493124
v 1.635000 1.985000 3.609244
v 1.635000 2.165000 3.609244
v 1.635000 1.985000 3.569244
v 1.635000 2.165000 3.569244
v 2.325000 1.985000 3.609244
v 2.325000 2.165000 3.609244
v 2.325000 1.985000 3.569244
v 2.325000 2.165000 3.569244
v -4.425000 1.005000 2.584244
v -4.425000 2.605000 2.584244
v -4.425000 1.005000 2.534245
v -4.425000 2.605000 2.534245
v -1.825000 1.005000 2.584244
v -1.825000 2.605000 2.584244
v -1.825000 1.005000 2.534245
v -1.825000 2.605000 2.534245
v -4.475000 2.585000 2.624244
v -4.475000 2.655000 2.624244
v -4.475000 2.585000 2.554245
v -4.475000 2.655000 2.554245
v -1.775000 2.585000 2.624244
v -1.775000 2.655000 2.624244
v -1.775000 2.585000 2.554245
v -1.775000 2.655000 2.554245
v -4.475000 0.955000 2.624244
v -4.475000 1.025000 2.624244
v -4.475000 0.955000 2.554245
v -4.475000 1.025000 2.554245
v -1.775000 0.955000 2.624244
v -1.775000 1.025000 2.624244
v -1.775000 0.955000 2.554245
v -1.775000 1.025000 2.554245
v -4.475000 0.955000 2.624244
v -4.475000 2.655000 2.624244
v -4.475000 0.955000 2.554245
v -4.475000 2.655000 2.554245
v -4.405000 0.955000 2.624244
v -4.405000 2.655000 2.624244
v -4.405000 0.955000 2.554245
v -4.405000 2.655000 2.554245
v -1.845000 0.955000 2.624244
v -1.845000 2.655000 2.624244
v -1.845000 0.955000 2.554245
v -1.845000 2.655000 2.554245
v -1.775000 0.955000 2.624244
v -1.775000 2.655000 2.624244
v -1.775000 0.955000 2.554245
v -1.775000 2.655000 2.554245
v -3.600000 1.005000 2.609244
v -3.600000 2.605000 2.609244
v -3.600000 1.005000 2.549244
v -3.600000 2.605000 2.549244
v -3.550000 1.005000 2.609244
v -3.550000 2.605000 2.609244
v -3.550000 1.005000 2.549244
v -3.550000 2.605000 2.549244
v -2.700000 1.005000 2.609244
v -2.700000 2.605000 2.609244
v -2.700000 1.005000 2.549244
v -2.700000 2.605000 2.549244
v -2.650000 1.005000 2.609244
v -2.650000 2.605000 2.609244
v -2.650000 1.005000 2.549244
v -2.650000 2.605000 2.549244
v 0.275000 1.005000 2.584244
v 0.275000 2.605000 2.584244
v 0.275000 1.005000 2.534245
v 0.275000 2.605000 2.534245
v 1.674999 1.005000 2.584244
v 1.674999 2.605000 2.584244
v 1.674999 1.005000 2.534245
v 1.674999 2.605000 2.534245
v 0.225000 2.585000 2.624244
v 0.225000 2.655000 2.624244
v 0.225000 2.585000 2.554245
v 0.225000 2.655000 2.554245
v 1.725000 2.585000 2.624244
v 1.725000 2.655000 2.624244
v 1.725000 2.585000 2.554245
v 1.725000 2.655000 2.554245
v 0.225000 0.955000 2.624244
v 0.225000 1.025000 2.624244
v 0.225000 0.955000 2.554245
v 0.225000 1.025000 2.554245
v 1.725000 0.955000 2.624244
v 1.725000 1.025000 2.624244
v 1.725000 0.955000 2.554245
v 1.725000 1.025000 2.554245
v 0.225000 0.955000 2.624244
v 0.225000 2.655000 2.624244
v 0.225000 0.955000 2.554245
v 0.225000 2.655000 2.554245
v 0.295000 0.955000 2.624244
v 0.295000 2.655000 2.624244
v 0.295000 0.955000 2.554245
v 0.295000 2.655000 2.554245
v 1.655000 0.955000 2.624244
v 1.655000 2.655000 2.624244
v 1.655000 0.955000 2.554245
v 1.655000 2.655000 2.554245
v 1.725000 0.955000 2.624244
v 1.725000 2.655000 2.624244
v 1.725000 0.955000 2.554245
v 1.725000 2.655000 2.554245
v 0.950000 1.005000 2.609244
v 0.950000 2.605000 2.609244
v 0.950000 1.005000 2.549244
v 0.950000 2.605000 2.549244
v 1.000000 1.005000 2.609244
v 1.000000 2.605000 2.609244
v 1.000000 1.005000 2.549244
v 1.000000 2.605000 2.549244
v -1.525000 0.055000 2.584244
v -1.525000 2.255000 2.584244
v -1.525000 0.055000 2.534245
v -1.525000 2.255000 2.534245
v -0.525000 0.055000 2.584244
v -0.525000 2.255000 2.584244
v -0.525000 0.055000 2.534245
v -0.525000 2.255000 2.534245
v -1.605000 0.010000 2.629244
v -1.605000 2.360000 2.629244
v -1.605000 0.010000 2.549244
v -1.605000 2.360000 2.549244
v -1.525000 0.010000 2.629244
v -1.525000 2.360000 2.629244
v -1.525000 0.010000 2.549244
v -1.525000 2.360000 2.549244
v -0.525000 0.010000 2.629244
v -0.525000 2.360000 2.629244
v -0.525000 0.010000 2.549244
v -0.525000 2.360000 2.549244
v -0.445000 0.010000 2.629244
v -0.445000 2.360000 2.629244
v -0.445000 0.010000 2.549244
v -0.445000 2.360000 2.549244
v -1.605000 2.285000 2.629244
v -1.605000 2.365000 2.629244
v -1.605000 2.285000 2.549244
v -1.605000 2.365000 2.549244
v -0.445000 2.285000 2.629244
v -0.445000 2.365000 2.629244
v -0.445000 2.285000 2.549244
v -0.445000 2.365000 2.549244
v -1.605000 2.365000 2.629244
v -1.605000 2.485000 2.629244
v -1.605000 2.365000 2.549244
v -1.605000 2.485000 2.549244
v -0.445000 2.365000 2.629244
v -0.445000 2.485000 2.629244
v -0.445000 2.365000 2.549244
v -0.445000 2.485000 2.549244
v -0.700000 0.855000 2.654244
v -0.700000 1.555000 2.654244
v -0.700000 0.855000 2.604244
v -0.700000 1.555000 2.604244
v -0.650000 0.855000 2.654244
v -0.650000 1.555000 2.654244
v -0.650000 0.855000 2.604244
v -0.650000 1.555000 2.604244
v -1.525000 0.039999 2.604244
v -1.525000 0.290000 2.604244
v -1.525000 0.039999 2.574244
v -1.525000 0.290000 2.574244
v -0.525000 0.039999 2.604244
v -0.525000 0.290000 2.604244
v -0.525000 0.039999 2.574244
v -0.525000 0.290000 2.574244
v -0.985000 1.505000 2.609244
v -0.985000 1.905000 2.609244
v -0.985000 1.505000 2.589244
v -0.985000 1.905000 2.589244
v -0.705000 1.505000 2.609244
v -0.705000 1.905000 2.609244
v -0.705000 1.505000 2.589244
v -0.705000 1.905000 2.589244
v -0.985000 1.815000 2.611244
v -0.985000 1.915000 2.611244
v -0.985000 1.815000 2.589244
v -0.985000 1.915000 2.589244
v -0.705000 1.815000 2.611244
v -0.705000 1.915000 2.611244
v -0.705000 1.815000 2.589244
v -0.705000 1.915000 2.589244
v -1.775000 0.005000 3.084244
v -1.775000 0.165000 3.084244
v -1.775000 0.005000 2.534245
v -1.775000 0.165000 2.534245
v -0.275000 0.005000 3.084244
v -0.275000 0.165000 3.084244
v -0.275000 0.005000 2.534245
v -0.275000 0.165000 2.534245
v 2.879999 2.630000 1.329244
v 2.879999 2.680000 1.329244
v 2.879999 2.630000 0.729244
v 2.879999 2.680000 0.729244
v 3.229999 2.630000 1.329244
v 3.229999 2.680000 1.329244
v 3.229999 2.630000 0.729244
v 3.229999 2.680000 0.729244
v 3.315000 2.785000 1.029244
v 3.325000 2.787679 1.029244
v 3.332320 2.795000 1.029244
v 3.335000 2.805000 1.029244
v 3.332320 2.815000 1.029244
v 3.325000 2.822320 1.029244
v 3.315000 2.825000 1.029244
v 3.305000 2.822320 1.029244
v 3.297679 2.815000 1.029244
v 3.295000 2.805000 1.029244
v 3.297679 2.795000 1.029244
v 3.305000 2.787679 1.029244
v 3.315000 2.786882 1.000529
v 3.325000 2.789539 1.000878
v 3.332320 2.796796 1.001834
v 3.335000 2.806711 1.003139
v 3.332320 2.816625 1.004444
v 3.325000 2.823883 1.005400
v 3.315000 2.826540 1.005750
v 3.305000 2.823883 1.005400
v 3.297679 2.816625 1.004444
v 3.295000 2.806711 1.003139
v 3.297679 2.796796 1.001834
v 3.305000 2.789539 1.000878
v 3.315000 2.792496 0.972304
v 3.325000 2.795084 0.972998
v 3.332320 2.802155 0.974892
v 3.335000 2.811815 0.977481
v 3.332320 2.821474 0.980069
v 3.325000 2.828545 0.981964
v 3.315000 2.831133 0.982657
v 3.305000 2.828545 0.981964
v 3.297679 2.821474 0.980069
v 3.295000 2.811815 0.977481
v 3.297679 2.802155 0.974892
v 3.305000 2.795084 0.972998
v 3.315000 2.801746 0.945054
v 3.325000 2.804222 0.946079
v 3.332320 2.810985 0.948881
v 3.335000 2.820224 0.952708
v 3.332320 2.829463 0.956535
v 3.325000 2.836226 0.959336
v 3.315000 2.838701 0.960361
v 3.305000 2.836226 0.959336
v 3.297679 2.829463 0.956535
v 3.295000 2.820224 0.952708
v 3.297679 2.810985 0.948881
v 3.305000 2.804222 0.946079
v 3.315000 2.814474 0.919244
v 3.325000 2.816795 0.920584
v 3.332320 2.823135 0.924244
v 3.335000 2.831795 0.929244
v 3.332320 2.840455 0.934244
v 3.325000 2.846795 0.937905
v 3.315000 2.849115 0.939244
v 3.305000 2.846795 0.937905
v 3.297679 2.840455 0.934244
v 3.295000 2.831795 0.929244
v 3.297679 2.823135 0.924244
v 3.305000 2.816795 0.920584
v 3.315000 2.830462 0.895317
v 3.325000 2.832588 0.896948
v 3.332320 2.838396 0.901405
v 3.335000 2.846329 0.907492
v 3.332320 2.854263 0.913580
v 3.325000 2.860070 0.918036
v 3.315000 2.862196 0.919667
v 3.305000 2.860070 0.918036
v 3.297679 2.854263 0.913580
v 3.295000 2.846329 0.907492
v 3.297679 2.838396 0.901405
v 3.305000 2.832588 0.896948
v 3.315000 2.849437 0.873681
v 3.325000 2.851331 0.875576
v 3.332320 2.856508 0.880752
v 3.335000 2.863579 0.887823
v 3.332320 2.870650 0.894894
v 3.325000 2.875826 0.900071
v 3.315000 2.877721 0.901965
v 3.305000 2.875826 0.900071
v 3.297679 2.870650 0.894894
v 3.295000 2.863579 0.887823
v 3.297679 2.856508 0.880752
v 3.305000 2.851331 0.875576
v 3.315000 2.871072 0.854707
v 3.325000 2.872704 0.856833
v 3.332320 2.877160 0.862640
v 3.335000 2.883248 0.870574
v 3.332320 2.889335 0.878507
v 3.325000 2.893792 0.884315
v 3.315000 2.895423 0.886441
v 3.305000 2.893792 0.884315
v 3.297679 2.889335 0.878507
v 3.295000 2.883248 0.870574
v 3.297679 2.877160 0.862640
v 3.305000 2.872704 0.856833
v 3.315000 2.895000 0.838719
v 3.325000 2.896340 0.841039
v 3.332320 2.900000 0.847379
v 3.335000 2.905000 0.856039
v 3.332320 2.910000 0.864700
v 3.325000 2.913660 0.871039
v 3.315000 2.915000 0.873360
v 3.305000 2.913660 0.871039
v 3.297679 2.910000 0.864700
v 3.295000 2.905000 0.856039
v 3.297679 2.900000 0.847379
v 3.305000 2.896340 0.841039
v 3.315000 2.920810 0.825991
v 3.325000 2.921835 0.828466
v 3.332320 2.924636 0.835230
v 3.335000 2.928463 0.844469
v 3.332320 2.932290 0.853707
v 3.325000 2.935091 0.860471
v 3.315000 2.936117 0.862946
v 3.305000 2.935091 0.860471
v 3.297679 2.932290 0.853707
v 3.295000 2.928463 0.844469
v 3.297679 2.924636 0.835230
v 3.305000 2.921835 0.828466
v 3.315000 2.948060 0.816741
v 3.325000 2.948753 0.819329
v 3.332320 2.950648 0.826400
v 3.335000 2.953236 0.836059
v 3.332320 2.955824 0.845719
v 3.325000 2.957719 0.852790
v 3.315000 2.958412 0.855378
v 3.305000 2.957719 0.852790
v 3.297679 2.955824 0.845719
v 3.295000 2.953236 0.836059
v 3.297679 2.950648 0.826400
v 3.305000 2.948753 0.819329
v 3.315000 2.976284 0.811126
v 3.325000 2.976634 0.813783
v 3.332320 2.977589 0.821041
v 3.335000 2.978895 0.830956
v 3.332320 2.980200 0.840870
v 3.325000 2.981155 0.848128
v 3.315000 2.981505 0.850784
v 3.305000 2.981155 0.848128
v 3.297679 2.980200 0.840870
v 3.295000 2.978895 0.830956
v 3.297679 2.977589 0.821041
v 3.305000 2.976634 0.813783
v 3.315000 3.005000 0.809244
v 3.325000 3.005000 0.811924
v 3.332320 3.005000 0.819244
v 3.335000 3.005000 0.829244
v 3.332320 3.005000 0.839244
v 3.325000 3.005000 0.846565
v 3.315000 3.005000 0.849244
v 3.305000 3.005000 0.846565
v 3.297679 3.005000 0.839244
v 3.295000 3.005000 0.829244
v 3.297679 3.005000 0.819244
v 3.305000 3.005000 0.811924
v 3.315000 3.033716 0.811127
v 3.325000 3.033366 0.813783
v 3.332320 3.032410 0.821041
v 3.335000 3.031105 0.830956
v 3.332320 3.029800 0.840870
v 3.325000 3.028844 0.848128
v 3.315000 3.028495 0.850784
v 3.305000 3.028844 0.848128
v 3.297679 3.029800 0.840870
v 3.295000 3.031105 0.830956
v 3.297679 3.032410 0.821041
v 3.305000 3.033366 0.813783
v 3.315000 3.061940 0.816741
v 3.325000 3.061247 0.819329
v 3.332320 3.059352 0.826400
v 3.335000 3.056764 0.836059
v 3.332320 3.054175 0.845719
v 3.325000 3.052281 0.852790
v 3.315000 3.051587 0.855378
v 3.305000 3.052281 0.852790
v 3.297679 3.054175 0.845719
v 3.295000 3.056764 0.836059
v 3.297679 3.059352 0.826400
v 3.305000 3.061247 0.819329
v 3.315000 3.089190 0.825991
v 3.325000 3.088165 0.828466
v 3.332320 3.085363 0.835230
v 3.335000 3.081537 0.844468
v 3.332320 3.077710 0.853707
v 3.325000 3.074908 0.860471
v 3.315000 3.073883 0.862946
v 3.305000 3.074908 0.860471
v 3.297679 3.077710 0.853707
v 3.295000 3.081537 0.844468
v 3.297679 3.085363 0.835230
v 3.305000 3.088165 0.828466
v 3.315000 3.115000 0.838719
v 3.325000 3.113660 0.841039
v 3.332320 3.110000 0.847379
v 3.335000 3.105000 0.856039
v 3.332320 3.100000 0.864700
v 3.325000 3.096340 0.871039
v 3.315000 3.095000 0.873360
v 3.305000 3.096340 0.871039
v 3.297679 3.100000 0.864700
v 3.295000 3.105000 0.856039
v 3.297679 3.110000 0.847379
v 3.305000 3.113660 0.841039
v 3.315000 3.138927 0.854707
v 3.325000 3.137296 0.856833
v 3.332320 3.132840 0.862640
v 3.335000 3.126752 0.870574
v 3.332320 3.120665 0.878507
v 3.325000 3.116208 0.884315
v 3.315000 3.114577 0.886441
v 3.305000 3.116208 0.884315
v 3.297679 3.120665 0.878507
v 3.295000 3.126752 0.870574
v 3.297679 3.132840 0.862640
v 3.305000 3.137296 0.856833
v 3.315000 3.160563 0.873681
v 3.325000 3.158669 0.875576
v 3.332320 3.153492 0.880752
v 3.335000 3.146421 0.887823
v 3.332320 3.139350 0.894894
v 3.325000 3.134174 0.900071
v 3.315000 3.132279 0.901965
v 3.305000 3.134174 0.900071
v 3.297679 3.139350 0.894894
v 3.295000 3.146421 0.887823
v 3.297679 3.153492 0.880752
v 3.305000 3.158669 0.875576
v 3.315000 3.179538 0.895317
v 3.325000 3.177412 0.896948
v 3.332320 3.171604 0.901405
v 3.335000 3.163671 0.907492
v 3.332320 3.155737 0.913580
v 3.325000 3.149929 0.918036
v 3.315000 3.147804 0.919667
v 3.305000 3.149929 0.918036
v 3.297679 3.155737 0.913580
v 3.295000 3.163671 0.907492
v 3.297679 3.171604 0.901405
v 3.305000 3.177412 0.896948
v 3.315000 3.195525 0.919244
v 3.325000 3.193205 0.920584
v 3.332320 3.186865 0.924244
v 3.335000 3.178205 0.929244
v 3.332320 3.169545 0.934244
v 3.325000 3.163205 0.937905
v 3.315000 3.160884 0.939244
v 3.305000 3.163205 0.937905
v 3.297679 3.169545 0.934244
v 3.295000 3.178205 0.929244
v 3.297679 3.186865 0.924244
v 3.305000 3.193205 0.920584
v 3.315000 3.208253 0.945054
v 3.325000 3.205778 0.946079
v 3.332320 3.199015 0.948881
v 3.335000 3.189776 0.952708
v 3.332320 3.180537 0.956535
v 3.325000 3.173774 0.959336
v 3.315000 3.171298 0.960361
v 3.305000 3.173774 0.959336
v 3.297679 3.180537 0.956535
v 3.295000 3.189776 0.952708
v 3.297679 3.199015 0.948881
v 3.305000 3.205778 0.946079
v 3.315000 3.217504 0.972304
v 3.325000 3.214915 0.972998
v 3.332320 3.207844 0.974892
v 3.335000 3.198185 0.977481
v 3.332320 3.188526 0.980069
v 3.325000 3.181455 0.981964
v 3.315000 3.178867 0.982657
v 3.305000 3.181455 0.981964
v 3.297679 3.188526 0.980069
v 3.295000 3.198185 0.977481
v 3.297679 3.207844 0.974892
v 3.305000 3.214915 0.972998
v 3.315000 3.223118 1.000529
v 3.325000 3.220461 1.000878
v 3.332320 3.213203 1.001834
v 3.335000 3.203289 1.003139
v 3.332320 3.193374 1.004444
v 3.325000 3.186116 1.005400
v 3.315000 3.183460 1.005750
v 3.305000 3.186116 1.005400
v 3.297679 3.193374 1.004444
v 3.295000 3.203289 1.003139
v 3.297679 3.213203 1.001834
v 3.305000 3.220461 1.000878
v 3.315000 3.225000 1.029244
v 3.325000 3.222320 1.029244
v 3.332320 3.215000 1.029244
v 3.335000 3.205000 1.029244
v 3.332320 3.195000 1.029244
v 3.325000 3.187679 1.029244
v 3.315000 3.185000 1.029244
v 3.305000 3.187679 1.029244
v 3.297679 3.195000 1.029244
v 3.295000 3.205000 1.029244
v 3.297679 3.215000 1.029244
v 3.305000 3.222320 1.029244
v 3.315000 3.223118 1.057960
v 3.325000 3.220461 1.057611
v 3.332320 3.213203 1.056655
v 3.335000 3.203289 1.055350
v 3.332320 3.193374 1.054044
v 3.325000 3.186116 1.053089
v 3.315000 3.183460 1.052739
v 3.305000 3.186116 1.053089
v 3.297679 3.193374 1.054044
v 3.295000 3.203289 1.055350
v 3.297679 3.213203 1.056655
v 3.305000 3.220461 1.057611
v 3.315000 3.217504 1.086185
v 3.325000 3.214915 1.085491
v 3.332320 3.207844 1.083596
v 3.335000 3.198185 1.081008
v 3.332320 3.188526 1.078420
v 3.325000 3.181455 1.076525
v 3.315000 3.178867 1.075832
v 3.305000 3.181455 1.076525
v 3.297679 3.188526 1.078420
v 3.295000 3.198185 1.081008
v 3.297679 3.207844 1.083596
v 3.305000 3.214915 1.085491
v 3.315000 3.208253 1.113435
v 3.325000 3.205778 1.112409
v 3.332320 3.199015 1.109608
v 3.335000 3.189776 1.105781
v 3.332320 3.180537 1.101954
v 3.325000 3.173774 1.099153
v 3.315000 3.171298 1.098127
v 3.305000 3.173774 1.099153
v 3.297679 3.180537 1.101954
v 3.295000 3.189776 1.105781
v 3.297679 3.199015 1.109608
v 3.305000 3.205778 1.112409
v 3.315000 3.195525 1.139244
v 3.325000 3.193205 1.137905
v 3.332320 3.186865 1.134244
v 3.335000 3.178205 1.129244
v 3.332320 3.169545 1.124244
v 3.325000 3.163205 1.120584
v 3.315000 3.160884 1.119244
v 3.305000 3.163205 1.120584
v 3.297679 3.169545 1.124244
v 3.295000 3.178205 1.129244
v 3.297679 3.186865 1.134244
v 3.305000 3.193205 1.137905
v 3.315000 3.179538 1.163172
v 3.325000 3.177412 1.161541
v 3.332320 3.171604 1.157084
v 3.335000 3.163671 1.150997
v 3.332320 3.155737 1.144909
v 3.325000 3.149929 1.140453
v 3.315000 3.147804 1.138821
v 3.305000 3.149929 1.140453
v 3.297679 3.155737 1.144909
v 3.295000 3.163671 1.150997
v 3.297679 3.171604 1.157084
v 3.305000 3.177412 1.161541
v 3.315000 3.160563 1.184808
v 3.325000 3.158669 1.182913
v 3.332320 3.153492 1.177737
v 3.335000 3.146421 1.170666
v 3.332320 3.139350 1.163595
v 3.325000 3.134174 1.158418
v 3.315000 3.132279 1.156524
v 3.305000 3.134174 1.158418
v 3.297679 3.139350 1.163595
v 3.295000 3.146421 1.170666
v 3.297679 3.153492 1.177737
v 3.305000 3.158669 1.182913
v 3.315000 3.138927 1.203782
v 3.325000 3.137296 1.201656
v 3.332320 3.132840 1.195849
v 3.335000 3.126752 1.187915
v 3.332320 3.120665 1.179981
v 3.325000 3.116208 1.174174
v 3.315000 3.114577 1.172048
v 3.305000 3.116208 1.174174
v 3.297679 3.120665 1.179981
v 3.295000 3.126752 1.187915
v 3.297679 3.132840 1.195849
v 3.305000 3.137296 1.201656
v 3.315000 3.115000 1.219770
v 3.325000 3.113660 1.217450
v 3.332320 3.110000 1.211110
v 3.335000 3.105000 1.202450
v 3.332320 3.100000 1.193789
v 3.325000 3.096340 1.187449
v 3.315000 3.095000 1.185129
v 3.305000 3.096340 1.187449
v 3.297679 3.100000 1.193789
v 3.295000 3.105000 1.202450
v 3.297679 3.110000 1.211110
v 3.305000 3.113660 1.217450
v 3.315000 3.089190 1.232498
v 3.325000 3.088165 1.230022
v 3.332320 3.085363 1.223259
v 3.335000 3.081537 1.214020
v 3.332320 3.077710 1.204782
v 3.325000 3.074908 1.198018
v 3.315000 3.073883 1.195543
v 3.305000 3.074908 1.198018
v 3.297679 3.077710 1.204782
v 3.295000 3.081537 1.214020
v 3.297679 3.085363 1.223259
v 3.305000 3.088165 1.230022
v 3.315000 3.061940 1.241748
v 3.325000 3.061247 1.239160
v 3.332320 3.059352 1.232089
v 3.335000 3.056764 1.222430
v 3.332320 3.054176 1.212770
v 3.325000 3.052281 1.205699
v 3.315000 3.051587 1.203111
v 3.305000 3.052281 1.205699
v 3.297679 3.054176 1.212770
v 3.295000 3.056764 1.222430
v 3.297679 3.059352 1.232089
v 3.305000 3.061247 1.239160
v 3.315000 3.033716 1.247362
v 3.325000 3.033366 1.244706
v 3.332320 3.032411 1.237448
v 3.335000 3.031105 1.227533
v 3.332320 3.029800 1.217619
v 3.325000 3.028844 1.210361
v 3.315000 3.028495 1.207705
v 3.305000 3.028844 1.210361
v 3.297679 3.029800 1.217619
v 3.295000 3.031105 1.227533
v 3.297679 3.032410 1.237448
v 3.305000 3.033366 1.244706
v 3.315000 3.005000 1.249244
v 3.325000 3.005000 1.246565
v 3.332320 3.005000 1.239244
v 3.335000 3.005000 1.229244
v 3.332320 3.005000 1.219244
v 3.325000 3.005000 1.211924
v 3.315000 3.005000 1.209244
v 3.305000 3.005000 1.211924
v 3.297679 3.005000 1.219244
v 3.295000 3.005000 1.229244
v 3.297679 3.005000 1.239244
v 3.305000 3.005000 1.246565
v 3.315000 2.976284 1.247362
v 3.325000 2.976634 1.244706
v 3.332320 2.977589 1.237448
v 3.335000 2.978895 1.227533
v 3.332320 2.980200 1.217619
v 3.325000 2.981155 1.210361
v 3.315000 2.981505 1.207705
v 3.305000 2.981155 1.210361
v 3.297679 2.980200 1.217619
v 3.295000 2.978895 1.227533
v 3.297679 2.977589 1.237448
v 3.305000 2.976634 1.244706
v 3.315000 2.948060 1.241748
v 3.325000 2.948753 1.239160
v 3.332320 2.950648 1.232089
v 3.335000 2.953236 1.222430
v 3.332320 2.955824 1.212770
v 3.325000 2.957719 1.205699
v 3.315000 2.958412 1.203111
v 3.305000 2.957719 1.205699
v 3.297679 2.955824 1.212770
v 3.295000 2.953236 1.222430
v 3.297679 2.950648 1.232089
v 3.305000 2.948753 1.239160
v 3.315000 2.920810 1.232498
v 3.325000 2.921835 1.230022
v 3.332320 2.924636 1.223259
v 3.335000 2.928463 1.214020
v 3.332320 2.932290 1.204782
v 3.325000 2.935091 1.198018
v 3.315000 2.936117 1.195543
v 3.305000 2.935091 1.198018
v 3.297679 2.932290 1.204782
v 3.295000 2.928463 1.214020
v 3.297679 2.924636 1.223259
v 3.305000 2.921835 1.230022
v 3.315000 2.895000 1.219770
v 3.325000 2.896340 1.217450
v 3.332320 2.900000 1.211110
v 3.335000 2.905000 1.202450
v 3.332320 2.910000 1.193789
v 3.325000 2.913660 1.187449
v 3.315000 2.915000 1.185129
v 3.305000 2.913660 1.187449
v 3.297679 2.910000 1.193789
v 3.295000 2.905000 1.202450
v 3.297679 2.900000 1.211110
v 3.305000 2.896340 1.217450
v 3.315000 2.871073 1.203782
v 3.325000 2.872704 1.201656
v 3.332320 2.877160 1.195849
v 3.335000 2.883248 1.187915
v 3.332320 2.889335 1.179982
v 3.325000 2.893792 1.174174
v 3.315000 2.895423 1.172048
v 3.305000 2.893792 1.174174
v 3.297679 2.889335 1.179982
v 3.295000 2.883248 1.187915
v 3.297679 2.877160 1.195849
v 3.305000 2.872704 1.201656
v 3.315000 2.849437 1.184808
v 3.325000 2.851331 1.182913
v 3.332320 2.856508 1.177737
v 3.335000 2.863579 1.170666
v 3.332320 2.870650 1.163595
v 3.325000 2.875826 1.158418
v 3.315000 2.877721 1.156524
v 3.305000 2.875826 1.158418
v 3.297679 2.870650 1.163595
v 3.295000 2.863579 1.170666
v 3.297679 2.856508 1.177737
v 3.305000 2.851331 1.182913
v 3.315000 2.830462 1.163172
v 3.325000 2.832588 1.161541
v 3.332320 2.838396 1.157084
v 3.335000 2.846329 1.150997
v 3.332320 2.854263 1.144909
v 3.325000 2.860070 1.140453
v 3.315000 2.862196 1.138821
v 3.305000 2.860070 1.140453
v 3.297679 2.854263 1.144909
v 3.295000 2.846329 1.150997
v 3.297679 2.838396 1.157084
v 3.305000 2.832588 1.161541
v 3.315000 2.814474 1.139244
v 3.325000 2.816795 1.137905
v 3.332320 2.823135 1.134244
v 3.335000 2.831795 1.129244
v 3.332320 2.840455 1.124244
v 3.325000 2.846795 1.120584
v 3.315000 2.849115 1.119244
v 3.305000 2.846795 1.120584
v 3.297679 2.840455 1.124244
v 3.295000 2.831795 1.129244
v 3.297679 2.823135 1.134244
v 3.305000 2.816795 1.137905
v 3.315000 2.801746 1.113435
v 3.325000 2.804222 1.112409
v 3.332320 2.810985 1.109608
v 3.335000 2.820224 1.105781
v 3.332320 2.829463 1.101954
v 3.325000 2.836226 1.099153
v 3.315000 2.838701 1.098127
v 3.305000 2.836226 1.099153
v 3.297679 2.829463 1.101954
v 3.295000 2.820224 1.105781
v 3.297679 2.810985 1.109608
v 3.305000 2.804222 1.112409
v 3.315000 2.792496 1.086185
v 3.325000 2.795084 1.085491
v 3.332320 2.802155 1.083596
v 3.335000 2.811815 1.081008
v 3.332320 2.821474 1.078420
v 3.325000 2.828545 1.076525
v 3.315000 2.831133 1.075832
v 3.305000 2.828545 1.076525
v 3.297679 2.821474 1.078420
v 3.295000 2.811815 1.081008
v 3.297679 2.802155 1.083596
v 3.305000 2.795084 1.085491
v 3.315000 2.786882 1.057960
v 3.325000 2.789539 1.057610
v 3.332320 2.796796 1.056655
v 3.335000 2.806711 1.055350
v 3.332320 2.816625 1.054044
v 3.325000 2.823883 1.053089
v 3.315000 2.826540 1.052739
v 3.305000 2.823883 1.053089
v 3.297679 2.816625 1.054044
v 3.295000 2.806711 1.055350
v 3.297679 2.796796 1.056655
v 3.305000 2.789539 1.057610
v 3.300000 3.005000 0.979244
v 3.330000 3.005000 0.979244
v 3.300000 2.985866 0.983050
v 3.330000 2.985866 0.983050
v 3.300000 2.969645 0.993889
v 3.330000 2.969645 0.993889
v 3.300000 2.958806 1.010110
v 3.330000 2.958806 1.010110
v 3.300000 2.955000 1.029244
v 3.330000 2.955000 1.029244
v 3.300000 2.958806 1.048379
v 3.330000 2.958806 1.048379
v 3.300000 2.969645 1.064600
v 3.330000 2.969645 1.064600
v 3.300000 2.985866 1.075438
v 3.330000 2.985866 1.075438
v 3.300000 3.005000 1.079244
v 3.330000 3.005000 1.079244
v 3.300000 3.024134 1.075438
v 3.330000 3.024134 1.075438
v 3.300000 3.040355 1.064600
v 3.330000 3.040355 1.064600
v 3.300000 3.051194 1.048379
v 3.330000 3.051194 1.048379
v 3.300000 3.055000 1.029244
v 3.330000 3.055000 1.029244
v 3.300000 3.051194 1.010110
v 3.330000 3.051194 1.010110
v 3.300000 3.040355 0.993889
v 3.330000 3.040355 0.993889
v 3.300000 3.024134 0.983050
v 3.330000 3.024134 0.983050
v 2.925000 0.005000 -1.100756
v 2.925000 3.605000 -1.100756
v 2.936480 0.005000 -1.098472
v 2.936480 3.605000 -1.098472
v 2.946213 0.005000 -1.091969
v 2.946213 3.605000 -1.091969
v 2.952717 0.005000 -1.082236
v 2.952717 3.605000 -1.082236
v 2.955000 0.005000 -1.070756
v 2.955000 3.605000 -1.070756
v 2.952717 0.005000 -1.059275
v 2.952717 3.605000 -1.059275
v 2.946213 0.005000 -1.049543
v 2.946213 3.605000 -1.049543
v 2.936480 0.005000 -1.043039
v 2.936480 3.605000 -1.043039
v 2.925000 0.005000 -1.040756
v 2.925000 3.605000 -1.040756
v 2.913520 0.005000 -1.043039
v 2.913520 3.605000 -1.043039
v 2.903787 0.005000 -1.049543
v 2.903787 3.605000 -1.049543
v 2.897284 0.005000 -1.059275
v 2.897284 3.605000 -1.059275
v 2.895000 0.005000 -1.070756
v 2.895000 3.605000 -1.070756
v 2.897284 0.005000 -1.082236
v 2.897284 3.605000 -1.082236
v 2.903787 0.005000 -1.091969
v 2.903787 3.605000 -1.091969
v 2.913520 0.005000 -1.098472
v 2.913520 3.605000 -1.098472
v 3.200000 0.080000 0.904244
v 3.200000 1.230000 0.904244
v 3.200000 0.080000 -0.045756
v 3.200000 1.230000 -0.045756
v 4.550000 0.080000 0.904244
v 4.550000 1.230000 0.904244
v 4.550000 0.080000 -0.045756
v 4.550000 1.230000 -0.045756
v 3.175000 1.182955 0.902324
v 3.175000 1.262516 0.910686
v 3.175000 1.287483 -0.092198
v 3.175000 1.367045 -0.083835
v 4.575000 1.182955 0.902324
v 4.575000 1.262516 0.910686
v 4.575000 1.287483 -0.092198
v 4.575000 1.367045 -0.083835
v 3.299999 0.075000 0.709244
v 3.350000 0.075000 0.709244
v 3.299999 0.048212 0.714573
v 3.350000 0.048212 0.714573
v 3.299999 0.025502 0.729747
v 3.350000 0.025502 0.729747
v 3.299999 0.010328 0.752457
v 3.350000 0.010328 0.752457
v 3.299999 0.005000 0.779244
v 3.350000 0.005000 0.779244
v 3.299999 0.010328 0.806032
v 3.350000 0.010328 0.806032
v 3.299999 0.025502 0.828742
v 3.350000 0.025502 0.828742
v 3.299999 0.048212 0.843916
v 3.350000 0.048212 0.843916
v 3.299999 0.075000 0.849244
v 3.350000 0.075000 0.849244
v 3.299999 0.101788 0.843916
v 3.350000 0.101788 0.843916
v 3.299999 0.124497 0.828742
v 3.350000 0.124497 0.828742
v 3.299999 0.139671 0.806032
v 3.350000 0.139671 0.806032
v 3.299999 0.145000 0.779244
v 3.350000 0.145000 0.779244
v 3.299999 0.139671 0.752457
v 3.350000 0.139671 0.752457
v 3.299999 0.124497 0.729747
v 3.350000 0.124497 0.729747
v 3.299999 0.101788 0.714573
v 3.350000 0.101788 0.714573
v 3.299999 0.075000 0.009244
v 3.350000 0.075000 0.009244
v 3.299999 0.048212 0.014573
v 3.350000 0.048212 0.014573
v 3.299999 0.025502 0.029747
v 3.350000 0.025502 0.029747
v 3.299999 0.010328 0.052457
v 3.350000 0.010328 0.052457
v 3.299999 0.005000 0.079244
v 3.350000 0.005000 0.079244
v 3.299999 0.010328 0.106032
v 3.350000 0.010328 0.106032
v 3.299999 0.025502 0.128742
v 3.350000 0.025502 0.128742
v 3.299999 0.048212 0.143916
v 3.350000 0.048212 0.143916
v 3.299999 0.075000 0.149244
v 3.350000 0.075000 0.149244
v 3.299999 0.101788 0.143916
v 3.350000 0.101788 0.143916
v 3.299999 0.124497 0.128742
v 3.350000 0.124497 0.128742
v 3.299999 0.139671 0.106032
v 3.350000 0.139671 0.106032
v 3.299999 0.145000 0.079244
v 3.350000 0.145000 0.079244
v 3.299999 0.139671 0.052457
v 3.350000 0.139671 0.052457
v 3.299999 0.124497 0.029747
v 3.350000 0.124497 0.029747
v 3.299999 0.101788 0.014573
v 3.350000 0.101788 0.014573
v 4.400000 0.075000 0.709244
v 4.450000 0.075000 0.709244
v 4.400000 0.048212 0.714573
v 4.450000 0.048212 0.714573
v 4.400000 0.025502 0.729747
v 4.450000 0.025502 0.729747
v 4.400000 0.010328 0.752457
v 4.450000 0.010328 0.752457
v 4.400000 0.005000 0.779244
v 4.450000 0.005000 0.779244
v 4.400000 0.010328 0.806032
v 4.450000 0.010328 0.806032
v 4.400000 0.025502 0.828742
v 4.450000 0.025502 0.828742
v 4.400000 0.048212 0.843916
v 4.450000 0.048212 0.843916
v 4.400000 0.075000 0.849244
v 4.450000 0.075000 0.849244
v 4.400000 0.101788 0.843916
v 4.450000 0.101788 0.843916
v 4.400000 0.124497 0.828742
v 4.450000 0.124497 0.828742
v 4.400000 0.139671 0.806032
v 4.450000 0.139671 0.806032
v 4.400000 0.145000 0.779244
v 4.450000 0.145000 0.779244
v 4.400000 0.139671 0.752457
v 4.450000 0.139671 0.752457
v 4.400000 0.124497 0.729747
v 4.450000 0.124497 0.729747
v 4.400000 0.101788 0.714573
v 4.450000 0.101788 0.714573
v 4.400000 0.075000 0.009244
v 4.450000 0.075000 0.009244
v 4.400000 0.048212 0.014573
v 4.450000 0.048212 0.014573
v 4.400000 0.025502 0.029747
v 4.450000 0.025502 0.029747
v 4.400000 0.010328 0.052457
v 4.450000 0.010328 0.052457
v 4.400000 0.005000 0.079244
v 4.450000 0.005000 0.079244
v 4.400000 0.010328 0.106032
v 4.450000 0.010328 0.106032
v 4.400000 0.025502 0.128742
v 4.450000 0.025502 0.128742
v 4.400000 0.048212 0.143916
v 4.450000 0.048212 0.143916
v 4.400000 0.075000 0.149244
v 4.450000 0.075000 0.149244
v 4.400000 0.101788 0.143916
v 4.450000 0.101788 0.143916
v 4.400000 0.124497 0.128742
v 4.450000 0.124497 0.128742
v 4.400000 0.139671 0.106032
v 4.450000 0.139671 0.106032
v 4.400000 0.145000 0.079244
v 4.450000 0.145000 0.079244
v 4.400000 0.139671 0.052457
v 4.450000 0.139671 0.052457
v 4.400000 0.124497 0.029747
v 4.450000 0.124497 0.029747
v 4.400000 0.101788 0.014573
v 4.450000 0.101788 0.014573
v 4.550000 0.080000 0.704244
v 4.550000 1.330000 0.704244
v 4.550000 0.080000 -0.145756
v 4.550000 1.330000 -0.145756
v 5.200000 0.080000 0.704244
v 5.200000 1.330000 0.704244
v 5.200000 0.080000 -0.145756
v 5.200000 1.330000 -0.145756
v 4.525000 1.369353 0.710582
v 4.525000 1.439087 0.704482
v 4.525000 1.290913 -0.185993
v 4.525000 1.360646 -0.192094
v 5.224999 1.369353 0.710582
v 5.224999 1.439087 0.704482
v 5.224999 1.290913 -0.185993
v 5.224999 1.360646 -0.192094
v -3.725000 0.005000 3.454244
v -3.725000 0.765000 3.454244
v -3.696298 0.005000 3.459953
v -3.696298 0.765000 3.459953
v -3.671967 0.005000 3.476211
v -3.671967 0.765000 3.476211
v -3.655709 0.005000 3.500543
v -3.655709 0.765000 3.500543
v -3.649999 0.005000 3.529244
v -3.649999 0.765000 3.529244
v -3.655709 0.005000 3.557946
v -3.655709 0.765000 3.557946
v -3.671967 0.005000 3.582277
v -3.671967 0.765000 3.582277
v -3.696298 0.005000 3.598536
v -3.696298 0.765000 3.598536
v -3.725000 0.005000 3.604244
v -3.725000 0.765000 3.604244
v -3.753701 0.005000 3.598536
v -3.753701 0.765000 3.598536
v -3.778033 0.005000 3.582277
v -3.778033 0.765000 3.582277
v -3.794290 0.005000 3.557946
v -3.794290 0.765000 3.557946
v -3.800000 0.005000 3.529244
v -3.800000 0.765000 3.529244
v -3.794290 0.005000 3.500543
v -3.794290 0.765000 3.500543
v -3.778033 0.005000 3.476211
v -3.778033 0.765000 3.476211
v -3.753701 0.005000 3.459953
v -3.753701 0.765000 3.459953
v -3.725000 0.847062 3.499395
v -3.725000 0.804849 3.457182
v -3.725000 0.775000 3.451244
v -3.725000 0.745150 3.457182
v -3.725000 0.702937 3.499395
v -3.725000 0.853000 3.529244
v -3.712048 0.847062 3.502351
v -3.701069 0.830154 3.479552
v -3.693733 0.804849 3.464318
v -3.691157 0.775000 3.458969
v -3.693733 0.745150 3.464318
v -3.701069 0.719846 3.479552
v -3.712048 0.702937 3.502351
v -3.701662 0.847062 3.510634
v -3.681878 0.830154 3.494856
v -3.668658 0.804849 3.484314
v -3.664017 0.775000 3.480612
v -3.668658 0.745150 3.484314
v -3.681878 0.719846 3.494856
v -3.701662 0.702937 3.510634
v -3.695899 0.847062 3.522602
v -3.671228 0.830154 3.516971
v -3.654743 0.804849 3.513209
v -3.648955 0.775000 3.511888
v -3.654743 0.745150 3.513209
v -3.671228 0.719846 3.516971
v -3.695899 0.702937 3.522602
v -3.695899 0.847062 3.535887
v -3.671228 0.830154 3.541517
v -3.654743 0.804849 3.545280
v -3.648955 0.775000 3.546601
v -3.654743 0.745150 3.545280
v -3.671228 0.719846 3.541517
v -3.695899 0.702937 3.535887
v -3.701662 0.847062 3.547855
v -3.681878 0.830154 3.563632
v -3.668658 0.804849 3.574175
v -3.664017 0.775000 3.577877
v -3.668658 0.745150 3.574175
v -3.681878 0.719846 3.563632
v -3.701662 0.702937 3.547855
v -3.712048 0.847062 3.556138
v -3.701069 0.830154 3.578937
v -3.693733 0.804849 3.594171
v -3.691157 0.775000 3.599520
v -3.693733 0.745150 3.594171
v -3.701069 0.719846 3.578937
v -3.712048 0.702937 3.556138
v -3.725000 0.847062 3.559093
v -3.725000 0.830154 3.584398
v -3.725000 0.804849 3.601307
v -3.725000 0.775000 3.607244
v -3.725000 0.745150 3.601307
v -3.725000 0.719846 3.584398
v -3.725000 0.702937 3.559093
v -3.737951 0.847062 3.556138
v -3.748931 0.830154 3.578937
v -3.756266 0.804849 3.594171
v -3.758842 0.775000 3.599520
v -3.756266 0.745150 3.594171
v -3.748931 0.719846 3.578937
v -3.737951 0.702937 3.556138
v -3.748337 0.847062 3.547855
v -3.768121 0.830154 3.563632
v -3.781341 0.804849 3.574175
v -3.785982 0.775000 3.577877
v -3.781341 0.745150 3.574175
v -3.768121 0.719846 3.563632
v -3.748337 0.702937 3.547855
v -3.754101 0.847062 3.535887
v -3.778771 0.830154 3.541517
v -3.795256 0.804849 3.545280
v -3.801044 0.775000 3.546601
v -3.795256 0.745150 3.545280
v -3.778771 0.719846 3.541517
v -3.754101 0.702937 3.535887
v -3.754101 0.847062 3.522602
v -3.778771 0.830154 3.516971
v -3.795256 0.804849 3.513209
v -3.801044 0.775000 3.511888
v -3.795256 0.745150 3.513209
v -3.778771 0.719846 3.516971
v -3.754101 0.702937 3.522602
v -3.748337 0.847062 3.510633
v -3.768121 0.830154 3.494856
v -3.781340 0.804849 3.484314
v -3.785982 0.775000 3.480612
v -3.781340 0.745150 3.484314
v -3.768121 0.719846 3.494856
v -3.748337 0.702937 3.510633
v -3.737951 0.847062 3.502351
v -3.748931 0.830154 3.479552
v -3.756266 0.804849 3.464318
v -3.758842 0.775000 3.458969
v -3.756266 0.745150 3.464318
v -3.748931 0.719846 3.479552
v -3.737951 0.702937 3.502351
v -3.725000 0.830154 3.474090
v -3.725000 0.719846 3.474090
v -3.725000 0.697000 3.529244
v 1.775000 0.005000 3.454244
v 1.775000 0.765000 3.454244
v 1.803701 0.005000 3.459953
v 1.803701 0.765000 3.459953
v 1.828033 0.005000 3.476211
v 1.828033 0.765000 3.476211
v 1.844291 0.005000 3.500543
v 1.844291 0.765000 3.500543
v 1.850000 0.005000 3.529244
v 1.850000 0.765000 3.529244
v 1.844291 0.005000 3.557946
v 1.844291 0.765000 3.557946
v 1.828033 0.005000 3.582277
v 1.828033 0.765000 3.582277
v 1.803701 0.005000 3.598536
v 1.803701 0.765000 3.598536
v 1.775000 0.005000 3.604244
v 1.775000 0.765000 3.604244
v 1.746299 0.005000 3.598536
v 1.746299 0.765000 3.598536
v 1.721967 0.005000 3.582277
v 1.721967 0.765000 3.582277
v 1.705709 0.005000 3.557946
v 1.705709 0.765000 3.557946
v 1.700000 0.005000 3.529244
v 1.700000 0.765000 3.529244
v 1.705709 0.005000 3.500543
v 1.705709 0.765000 3.500543
v 1.721967 0.005000 3.476211
v 1.721967 0.765000 3.476211
v 1.746299 0.005000 3.459953
v 1.746299 0.765000 3.459953
v 1.775000 0.847062 3.499395
v 1.775000 0.804849 3.457182
v 1.775000 0.775000 3.451244
v 1.775000 0.745150 3.457182
v 1.775000 0.702937 3.499395
v 1.775000 0.853000 3.529244
v 1.787951 0.847062 3.502351
v 1.798930 0.830154 3.479552
v 1.806267 0.804849 3.464318
v 1.808843 0.775000 3.458969
v 1.806267 0.745150 3.464318
v 1.798930 0.719846 3.479552
v 1.787951 0.702937 3.502351
v 1.798337 0.847062 3.510634
v 1.818121 0.830154 3.494856
v 1.831341 0.804849 3.484314
v 1.835983 0.775000 3.480612
v 1.831341 0.745150 3.484314
v 1.818121 0.719846 3.494856
v 1.798337 0.702937 3.510634
v 1.804101 0.847062 3.522602
v 1.828772 0.830154 3.516971
v 1.845256 0.804849 3.513209
v 1.851044 0.775000 3.511888
v 1.845256 0.745150 3.513209
v 1.828772 0.719846 3.516971
v 1.804101 0.702937 3.522602
v 1.804101 0.847062 3.535887
v 1.828772 0.830154 3.541517
v 1.845256 0.804849 3.545280
v 1.851044 0.775000 3.546601
v 1.845256 0.745150 3.545280
v 1.828772 0.719846 3.541517
v 1.804101 0.702937 3.535887
v 1.798337 0.847062 3.547855
v 1.818121 0.830154 3.563632
v 1.831341 0.804849 3.574175
v 1.835983 0.775000 3.577877
v 1.831341 0.745150 3.574175
v 1.818121 0.719846 3.563632
v 1.798337 0.702937 3.547855
v 1.787951 0.847062 3.556138
v 1.798930 0.830154 3.578937
v 1.806267 0.804849 3.594171
v 1.808843 0.775000 3.599520
v 1.806267 0.745150 3.594171
v 1.798930 0.719846 3.578937
v 1.787951 0.702937 3.556138
v 1.775000 0.847062 3.559093
v 1.775000 0.830154 3.584398
v 1.775000 0.804849 3.601307
v 1.775000 0.775000 3.607244
v 1.775000 0.745150 3.601307
v 1.775000 0.719846 3.584398
v 1.775000 0.702937 3.559093
v 1.762049 0.847062 3.556138
v 1.751069 0.830154 3.578937
v 1.743733 0.804849 3.594171
v 1.741157 0.775000 3.599520
v 1.743733 0.745150 3.594171
v 1.751069 0.719846 3.578937
v 1.762049 0.702937 3.556138
v 1.751663 0.847062 3.547855
v 1.731879 0.830154 3.563632
v 1.718659 0.804849 3.574175
v 1.714017 0.775000 3.577877
v 1.718659 0.745150 3.574175
v 1.731879 0.719846 3.563632
v 1.751663 0.702937 3.547855
v 1.745899 0.847062 3.535887
v 1.721228 0.830154 3.541517
v 1.704744 0.804849 3.545280
v 1.698956 0.775000 3.546601
v 1.704744 0.745150 3.545280
v 1.721228 0.719846 3.541517
v 1.745899 0.702937 3.535887
v 1.745899 0.847062 3.522602
v 1.721228 0.830154 3.516971
v 1.704744 0.804849 3.513209
v 1.698956 0.775000 3.511888
v 1.704744 0.745150 3.513209
v 1.721228 0.719846 3.516971
v 1.745899 0.702937 3.522602
v 1.751663 0.847062 3.510633
v 1.731879 0.830154 3.494856
v 1.718659 0.804849 3.484314
v 1.714017 0.775000 3.480612
v 1.718659 0.745150 3.484314
v 1.731879 0.719846 3.494856
v 1.751663 0.702937 3.510633
v 1.762049 0.847062 3.502351
v 1.751069 0.830154 3.479552
v 1.743733 0.804849 3.464318
v 1.741157 0.775000 3.458969
v 1.743733 0.745150 3.464318
v 1.751069 0.719846 3.479552
v 1.762049 0.702937 3.502351
v 1.775000 0.830154 3.474090
v 1.775000 0.719846 3.474090
v 1.775000 0.697000 3.529244
v -4.325000 0.385000 2.374244
v -4.325000 0.289329 2.387566
v -4.325000 0.154030 2.482275
v -4.325000 0.635000 2.549244
v -4.239844 0.615970 2.488907
v -4.167653 0.561776 2.437755
v -4.119417 0.480670 2.403577
v -4.102479 0.385000 2.391575
v -4.119417 0.289329 2.403577
v -4.167653 0.208223 2.437755
v -4.239844 0.154030 2.488907
v -4.171556 0.615970 2.507490
v -4.041472 0.561776 2.472092
v -3.954552 0.480670 2.448439
v -3.924031 0.385000 2.440134
v -3.954552 0.289329 2.448439
v -4.041472 0.208223 2.472092
v -4.171556 0.154030 2.507490
v -4.133657 0.615970 2.534342
v -3.971447 0.561776 2.521709
v -3.863060 0.480670 2.513268
v -3.825000 0.385000 2.510303
v -3.863060 0.289329 2.513268
v -3.971447 0.208223 2.521709
v -4.133657 0.154030 2.534342
v -4.133657 0.615970 2.564147
v -3.971447 0.561776 2.576780
v -3.863060 0.480670 2.585221
v -3.825000 0.385000 2.588186
v -3.863060 0.289329 2.585221
v -3.971447 0.208223 2.576780
v -4.133657 0.154030 2.564147
v -4.171556 0.615970 2.590999
v -4.041472 0.561776 2.626397
v -3.954552 0.480670 2.650050
v -3.924031 0.385000 2.658355
v -3.954552 0.289329 2.650050
v -4.041472 0.208223 2.626397
v -4.171556 0.154030 2.590999
v -4.239845 0.615970 2.609582
v -4.167653 0.561776 2.660734
v -4.119417 0.480670 2.694912
v -4.102479 0.385000 2.706914
v -4.119417 0.289329 2.694912
v -4.167653 0.208223 2.660734
v -4.239845 0.154030 2.609582
v -4.325000 0.615970 2.616214
v -4.325000 0.561776 2.672988
v -4.325000 0.480670 2.710923
v -4.325000 0.385000 2.724245
v -4.325000 0.289329 2.710923
v -4.325000 0.208223 2.672988
v -4.325000 0.154030 2.616214
v -4.410155 0.615970 2.609582
v -4.482346 0.561776 2.660734
v -4.530582 0.480670 2.694912
v -4.547521 0.385000 2.706914
v -4.530582 0.289329 2.694912
v -4.482346 0.208223 2.660734
v -4.410155 0.154030 2.609582
v -4.478444 0.615970 2.590999
v -4.608527 0.561776 2.626397
v -4.695447 0.480670 2.650050
v -4.725968 0.385000 2.658355
v -4.695447 0.289329 2.650050
v -4.608527 0.208223 2.626397
v -4.478444 0.154030 2.590999
v -4.516341 0.615970 2.564147
v -4.678553 0.561776 2.576780
v -4.786940 0.480670 2.585221
v -4.825000 0.385000 2.588186
v -4.786940 0.289329 2.585221
v -4.678553 0.208223 2.576780
v -4.516341 0.154030 2.564147
v -4.516341 0.615970 2.534342
v -4.678553 0.561776 2.521709
v -4.786940 0.480670 2.513268
v -4.825000 0.385000 2.510303
v -4.786940 0.289329 2.513268
v -4.678553 0.208223 2.521709
v -4.516341 0.154030 2.534342
v -4.478444 0.615970 2.507490
v -4.608527 0.561776 2.472092
v -4.695447 0.480670 2.448439
v -4.725968 0.385000 2.440134
v -4.695447 0.289329 2.448439
v -4.608527 0.208223 2.472092
v -4.478444 0.154030 2.507490
v -4.410154 0.615970 2.488907
v -4.482346 0.561776 2.437755
v -4.530581 0.480670 2.403577
v -4.547521 0.385000 2.391575
v -4.530581 0.289329 2.403577
v -4.482346 0.208223 2.437755
v -4.410154 0.154030 2.488907
v -4.325000 0.615970 2.482275
v -4.325000 0.561776 2.425501
v -4.325000 0.480670 2.387566
v -4.325000 0.208223 2.425501
v -4.325000 0.135000 2.549244
v -2.025000 0.385000 2.374244
v -2.025000 0.289329 2.387566
v -2.025000 0.154030 2.482275
v -2.025000 0.635000 2.549244
v -1.939845 0.615970 2.488907
v -1.867654 0.561776 2.437755
v -1.819417 0.480670 2.403577
v -1.802479 0.385000 2.391575
v -1.819417 0.289329 2.403577
v -1.867654 0.208223 2.437755
v -1.939845 0.154030 2.488907
v -1.871556 0.615970 2.507490
v -1.741472 0.561776 2.472092
v -1.654553 0.480670 2.448439
v -1.624031 0.385000 2.440134
v -1.654553 0.289329 2.448439
v -1.741472 0.208223 2.472092
v -1.871556 0.154030 2.507490
v -1.833658 0.615970 2.534342
v -1.671446 0.561776 2.521709
v -1.563060 0.480670 2.513268
v -1.525000 0.385000 2.510303
v -1.563060 0.289329 2.513268
v -1.671446 0.208223 2.521709
v -1.833658 0.154030 2.534342
v -1.833658 0.615970 2.564147
v -1.671446 0.561776 2.576780
v -1.563060 0.480670 2.585221
v -1.525000 0.385000 2.588186
v -1.563060 0.289329 2.585221
v -1.671446 0.208223 2.576780
v -1.833658 0.154030 2.564147
v -1.871556 0.615970 2.590999
v -1.741472 0.561776 2.626397
v -1.654553 0.480670 2.650050
v -1.624031 0.385000 2.658355
v -1.654553 0.289329 2.650050
v -1.741472 0.208223 2.626397
v -1.871556 0.154030 2.590999
v -1.939845 0.615970 2.609582
v -1.867654 0.561776 2.660734
v -1.819417 0.480670 2.694912
v -1.802479 0.385000 2.706914
v -1.819417 0.289329 2.694912
v -1.867654 0.208223 2.660734
v -1.939845 0.154030 2.609582
v -2.025000 0.615970 2.616214
v -2.025000 0.561776 2.672988
v -2.025000 0.480670 2.710923
v -2.025000 0.385000 2.724245
v -2.025000 0.289329 2.710923
v -2.025000 0.208223 2.672988
v -2.025000 0.154030 2.616214
v -2.110155 0.615970 2.609582
v -2.182346 0.561776 2.660734
v -2.230582 0.480670 2.694912
v -2.247521 0.385000 2.706914
v -2.230582 0.289329 2.694912
v -2.182346 0.208223 2.660734
v -2.110155 0.154030 2.609582
v -2.178444 0.615970 2.590999
v -2.308528 0.561776 2.626397
v -2.395447 0.480670 2.650050
v -2.425969 0.385000 2.658355
v -2.395447 0.289329 2.650050
v -2.308528 0.208223 2.626397
v -2.178444 0.154030 2.590999
v -2.216342 0.615970 2.564147
v -2.378553 0.561776 2.576780
v -2.486940 0.480670 2.585221
v -2.525000 0.385000 2.588186
v -2.486940 0.289329 2.585221
v -2.378553 0.208223 2.576780
v -2.216342 0.154030 2.564147
v -2.216342 0.615970 2.534342
v -2.378553 0.561776 2.521709
v -2.486940 0.480670 2.513268
v -2.525000 0.385000 2.510303
v -2.486940 0.289329 2.513268
v -2.378553 0.208223 2.521709
v -2.216342 0.154030 2.534342
v -2.178444 0.615970 2.507490
v -2.308528 0.561776 2.472092
v -2.395447 0.480670 2.448439
v -2.425969 0.385000 2.440134
v -2.395447 0.289329 2.448439
v -2.308528 0.208223 2.472092
v -2.178444 0.154030 2.507490
v -2.110155 0.615970 2.488907
v -2.182346 0.561776 2.437755
v -2.230582 0.480670 2.403577
v -2.247521 0.385000 2.391575
v -2.230582 0.289329 2.403577
v -2.182346 0.208223 2.437755
v -2.110155 0.154030 2.488907
v -2.025000 0.615970 2.482275
v -2.025000 0.561776 2.425501
v -2.025000 0.480670 2.387566
v -2.025000 0.208223 2.425501
v -2.025000 0.135000 2.549244
v 1.375000 0.385000 2.374244
v 1.375000 0.289329 2.387566
v 1.375000 0.154030 2.482275
v 1.375000 0.635000 2.549244
v 1.460155 0.615970 2.488907
v 1.532346 0.561776 2.437755
v 1.580582 0.480670 2.403577
v 1.597521 0.385000 2.391575
v 1.580582 0.289329 2.403577
v 1.532346 0.208223 2.437755
v 1.460155 0.154030 2.488907
v 1.528444 0.615970 2.507490
v 1.658528 0.561776 2.472092
v 1.745447 0.480670 2.448439
v 1.775969 0.385000 2.440134
v 1.745447 0.289329 2.448439
v 1.658528 0.208223 2.472092
v 1.528444 0.154030 2.507490
v 1.566342 0.615970 2.534342
v 1.728553 0.561776 2.521709
v 1.836940 0.480670 2.513268
v 1.875000 0.385000 2.510303
v 1.836940 0.289329 2.513268
v 1.728553 0.208223 2.521709
v 1.566342 0.154030 2.534342
v 1.566342 0.615970 2.564147
v 1.728553 0.561776 2.576780
v 1.836940 0.480670 2.585221
v 1.875000 0.385000 2.588186
v 1.836940 0.289329 2.585221
v 1.728553 0.208223 2.576780
v 1.566342 0.154030 2.564147
v 1.528444 0.615970 2.590999
v 1.658528 0.561776 2.626397
v 1.745447 0.480670 2.650050
v 1.775969 0.385000 2.658355
v 1.745447 0.289329 2.650050
v 1.658528 0.208223 2.626397
v 1.528444 0.154030 2.590999
v 1.460155 0.615970 2.609582
v 1.532346 0.561776 2.660734
v 1.580582 0.480670 2.694912
v 1.597521 0.385000 2.706914
v 1.580582 0.289329 2.694912
v 1.532346 0.208223 2.660734
v 1.460155 0.154030 2.609582
v 1.375000 0.615970 2.616214
v 1.375000 0.561776 2.672988
v 1.375000 0.480670 2.710923
v 1.375000 0.385000 2.724245
v 1.375000 0.289329 2.710923
v 1.375000 0.208223 2.672988
v 1.375000 0.154030 2.616214
v 1.289845 0.615970 2.609582
v 1.217654 0.561776 2.660734
v 1.169417 0.480670 2.694912
v 1.152479 0.385000 2.706914
v 1.169417 0.289329 2.694912
v 1.217654 0.208223 2.660734
v 1.289845 0.154030 2.609582
v 1.221556 0.615970 2.590999
v 1.091472 0.561776 2.626397
v 1.004553 0.480670 2.650050
v 0.974031 0.385000 2.658355
v 1.004553 0.289329 2.650050
v 1.091472 0.208223 2.626397
v 1.221556 0.154030 2.590999
v 1.183658 0.615970 2.564147
v 1.021447 0.561776 2.576780
v 0.913060 0.480670 2.585221
v 0.875000 0.385000 2.588186
v 0.913060 0.289329 2.585221
v 1.021447 0.208223 2.576780
v 1.183658 0.154030 2.564147
v 1.183658 0.615970 2.534342
v 1.021447 0.561776 2.521709
v 0.913060 0.480670 2.513268
v 0.875000 0.385000 2.510303
v 0.913060 0.289329 2.513268
v 1.021447 0.208223 2.521709
v 1.183658 0.154030 2.534342
v 1.221556 0.615970 2.507490
v 1.091472 0.561776 2.472092
v 1.004553 0.480670 2.448439
v 0.974031 0.385000 2.440134
v 1.004553 0.289329 2.448439
v 1.091472 0.208223 2.472092
v 1.221556 0.154030 2.507490
v 1.289845 0.615970 2.488907
v 1.217654 0.561776 2.437755
v 1.169418 0.480670 2.403577
v 1.152479 0.385000 2.391575
v 1.169418 0.289329 2.403577
v 1.217654 0.208223 2.437755
v 1.289845 0.154030 2.488907
v 1.375000 0.615970 2.482275
v 1.375000 0.561776 2.425501
v 1.375000 0.480670 2.387566
v 1.375000 0.208223 2.425501
v 1.375000 0.135000 2.549244
v 2.895000 0.385000 -0.045756
v 2.895000 0.289329 -0.032435
v 2.895000 0.154030 0.062275
v 2.895000 0.635000 0.129244
v 2.980155 0.615970 0.068907
v 3.052346 0.561776 0.017755
v 3.100582 0.480670 -0.016423
v 3.117521 0.385000 -0.028425
v 3.100582 0.289329 -0.016423
v 3.052346 0.208223 0.017755
v 2.980155 0.154030 0.068907
v 3.048444 0.615970 0.087490
v 3.178528 0.561776 0.052091
v 3.265446 0.480670 0.028439
v 3.295969 0.385000 0.020134
v 3.265446 0.289329 0.028439
v 3.178528 0.208223 0.052091
v 3.048444 0.154030 0.087490
v 3.086342 0.615970 0.114342
v 3.248553 0.561776 0.101709
v 3.356940 0.480670 0.093267
v 3.395000 0.385000 0.090303
v 3.356940 0.289329 0.093267
v 3.248553 0.208223 0.101709
v 3.086342 0.154030 0.114342
v 3.086342 0.615970 0.144147
v 3.248553 0.561776 0.156780
v 3.356940 0.480670 0.165221
v 3.395000 0.385000 0.168186
v 3.356940 0.289329 0.165221
v 3.248553 0.208223 0.156780
v 3.086342 0.154030 0.144147
v 3.048444 0.615970 0.170999
v 3.178528 0.561776 0.206397
v 3.265446 0.480670 0.230050
v 3.295969 0.385000 0.238355
v 3.265446 0.289329 0.230050
v 3.178528 0.208223 0.206397
v 3.048444 0.154030 0.170999
v 2.980155 0.615970 0.189582
v 3.052346 0.561776 0.240734
v 3.100582 0.480670 0.274912
v 3.117521 0.385000 0.286914
v 3.100582 0.289329 0.274912
v 3.052346 0.208223 0.240734
v 2.980155 0.154030 0.189582
v 2.895000 0.615970 0.196214
v 2.895000 0.561776 0.252988
v 2.895000 0.480670 0.290923
v 2.895000 0.385000 0.304244
v 2.895000 0.289329 0.290923
v 2.895000 0.208223 0.252988
v 2.895000 0.154030 0.196214
v 2.809845 0.615970 0.189582
v 2.737654 0.561776 0.240734
v 2.689417 0.480670 0.274912
v 2.672479 0.385000 0.286914
v 2.689417 0.289329 0.274912
v 2.737654 0.208223 0.240734
v 2.809845 0.154030 0.189582
v 2.741555 0.615970 0.170999
v 2.611472 0.561776 0.206397
v 2.524553 0.480670 0.230049
v 2.494031 0.385000 0.238355
v 2.524553 0.289329 0.230049
v 2.611472 0.208223 0.206397
v 2.741555 0.154030 0.170999
v 2.703658 0.615970 0.144147
v 2.541446 0.561776 0.156780
v 2.433060 0.480670 0.165221
v 2.395000 0.385000 0.168186
v 2.433060 0.289329 0.165221
v 2.541446 0.208223 0.156780
v 2.703658 0.154030 0.144147
v 2.703658 0.615970 0.114342
v 2.541446 0.561776 0.101709
v 2.433060 0.480670 0.093267
v 2.395000 0.385000 0.090303
v 2.433060 0.289329 0.093267
v 2.541446 0.208223 0.101709
v 2.703658 0.154030 0.114342
v 2.741555 0.615970 0.087489
v 2.611472 0.561776 0.052091
v 2.524553 0.480670 0.028439
v 2.494031 0.385000 0.020134
v 2.524553 0.289329 0.028439
v 2.611472 0.208223 0.052091
v 2.741555 0.154030 0.087489
v 2.809845 0.615970 0.068907
v 2.737654 0.561776 0.017755
v 2.689417 0.480670 -0.016423
v 2.672479 0.385000 -0.028425
v 2.689417 0.289329 -0.016423
v 2.737654 0.208223 0.017755
v 2.809845 0.154030 0.068907
v 2.895000 0.615970 0.062275
v 2.895000 0.561776 0.005501
v 2.895000 0.480670 -0.032435
v 2.895000 0.208223 0.005501
v 2.895000 0.135000 0.129244
v 2.895000 0.385000 -2.445756
v 2.895000 0.289329 -2.432435
v 2.895000 0.154030 -2.337725
v 2.895000 0.635000 -2.270756
v 2.980155 0.615970 -2.331093
v 3.052346 0.561776 -2.382245
v 3.100582 0.480670 -2.416423
v 3.117521 0.385000 -2.428425
v 3.100582 0.289329 -2.416423
v 3.052346 0.208223 -2.382245
v 2.980155 0.154030 -2.331093
v 3.048444 0.615970 -2.312510
v 3.178528 0.561776 -2.347908
v 3.265446 0.480670 -2.371561
v 3.295969 0.385000 -2.379866
v 3.265446 0.289329 -2.371561
v 3.178528 0.208223 -2.347908
v 3.048444 0.154030 -2.312510
v 3.086342 0.615970 -2.285658
v 3.248553 0.561776 -2.298291
v 3.356940 0.480670 -2.306732
v 3.395000 0.385000 -2.309697
v 3.356940 0.289329 -2.306732
v 3.248553 0.208223 -2.298291
v 3.086342 0.154030 -2.285658
v 3.086342 0.615970 -2.255853
v 3.248553 0.561776 -2.243220
v 3.356940 0.480670 -2.234779
v 3.395000 0.385000 -2.231814
v 3.356940 0.289329 -2.234779
v 3.248553 0.208223 -2.243220
v 3.086342 0.154030 -2.255853
v 3.048444 0.615970 -2.229001
v 3.178528 0.561776 -2.193603
v 3.265446 0.480670 -2.169950
v 3.295969 0.385000 -2.161645
v 3.265446 0.289329 -2.169950
v 3.178528 0.208223 -2.193603
v 3.048444 0.154030 -2.229001
v 2.980155 0.615970 -2.210418
v 3.052346 0.561776 -2.159266
v 3.100582 0.480670 -2.125088
v 3.117521 0.385000 -2.113086
v 3.100582 0.289329 -2.125088
v 3.052346 0.208223 -2.159266
v 2.980155 0.154030 -2.210418
v 2.895000 0.615970 -2.203786
v 2.895000 0.561776 -2.147012
v 2.895000 0.480670 -2.109077
v 2.895000 0.385000 -2.095756
v 2.895000 0.289329 -2.109077
v 2.895000 0.208223 -2.147012
v 2.895000 0.154030 -2.203786
v 2.809845 0.615970 -2.210418
v 2.737654 0.561776 -2.159266
v 2.689417 0.480670 -2.125088
v 2.672479 0.385000 -2.113086
v 2.689417 0.289329 -2.125088
v 2.737654 0.208223 -2.159266
v 2.809845 0.154030 -2.210418
v 2.741555 0.615970 -2.229001
v 2.611472 0.561776 -2.193603
v 2.524553 0.480670 -2.169950
v 2.494031 0.385000 -2.161645
v 2.524553 0.289329 -2.169950
v 2.611472 0.208223 -2.193603
v 2.741555 0.154030 -2.229001
v 2.703658 0.615970 -2.255853
v 2.541446 0.561776 -2.243220
v 2.433060 0.480670 -2.234779
v 2.395000 0.385000 -2.231815
v 2.433060 0.289329 -2.234779
v 2.541446 0.208223 -2.243220
v 2.703658 0.154030 -2.255853
v 2.703658 0.615970 -2.285658
v 2.541446 0.561776 -2.298291
v 2.433060 0.480670 -2.306732
v 2.395000 0.385000 -2.309697
v 2.433060 0.289329 -2.306732
v 2.541446 0.208223 -2.298291
v 2.703658 0.154030 -2.285658
v 2.741555 0.615970 -2.312510
v 2.611472 0.561776 -2.347909
v 2.524553 0.480670 -2.371561
v 2.494031 0.385000 -2.379866
v 2.524553 0.289329 -2.371561
v 2.611472 0.208223 -2.347909
v 2.741555 0.154030 -2.312510
v 2.809845 0.615970 -2.331093
v 2.737654 0.561776 -2.382245
v 2.689417 0.480670 -2.416423
v 2.672479 0.385000 -2.428425
v 2.689417 0.289329 -2.416423
v 2.737654 0.208223 -2.382245
v 2.809845 0.154030 -2.331093
v 2.895000 0.615970 -2.337725
v 2.895000 0.561776 -2.394499
v 2.895000 0.480670 -2.432435
v 2.895000 0.208223 -2.394499
v 2.895000 0.135000 -2.270756
v 4.425000 0.285000 0.904244
v 4.425000 0.179762 0.928984
v 4.425000 0.030933 1.104872
v 4.425000 0.560000 1.229244
v 4.488866 0.539067 1.117189
v 4.543010 0.479454 1.022193
v 4.579186 0.390238 0.958719
v 4.591890 0.285000 0.936430
v 4.579186 0.179762 0.958719
v 4.543010 0.090545 1.022193
v 4.488866 0.030933 1.117189
v 4.540083 0.539067 1.151700
v 4.637646 0.479454 1.085961
v 4.702835 0.390238 1.042035
v 4.725726 0.285000 1.026610
v 4.702835 0.179762 1.042035
v 4.637646 0.090545 1.085961
v 4.540083 0.030933 1.151700
v 4.568506 0.539067 1.201569
v 4.690165 0.479454 1.178107
v 4.771455 0.390238 1.162430
v 4.800000 0.285000 1.156925
v 4.771455 0.179762 1.162430
v 4.690165 0.090545 1.178107
v 4.568506 0.030933 1.201569
v 4.568506 0.539067 1.256920
v 4.690165 0.479454 1.280382
v 4.771455 0.390238 1.296059
v 4.800000 0.285000 1.301564
v 4.771455 0.179762 1.296059
v 4.690165 0.090545 1.280382
v 4.568506 0.030933 1.256920
v 4.540083 0.539067 1.306789
v 4.637646 0.479454 1.372528
v 4.702835 0.390238 1.416454
v 4.725726 0.285000 1.431879
v 4.702835 0.179762 1.416454
v 4.637646 0.090545 1.372528
v 4.540083 0.030933 1.306789
v 4.488866 0.539067 1.341300
v 4.543010 0.479454 1.436296
v 4.579186 0.390238 1.499770
v 4.591890 0.285000 1.522059
v 4.579186 0.179762 1.499770
v 4.543010 0.090545 1.436296
v 4.488866 0.030933 1.341300
v 4.425000 0.539067 1.353617
v 4.425000 0.479454 1.459054
v 4.425000 0.390238 1.529505
v 4.425000 0.285000 1.554245
v 4.425000 0.179762 1.529505
v 4.425000 0.090545 1.459054
v 4.425000 0.030933 1.353617
v 4.361134 0.539067 1.341300
v 4.306991 0.479454 1.436296
v 4.270813 0.390238 1.499770
v 4.258109 0.285000 1.522059
v 4.270813 0.179762 1.499770
v 4.306991 0.090545 1.436296
v 4.361134 0.030933 1.341300
v 4.309916 0.539067 1.306789
v 4.212354 0.479454 1.372528
v 4.147164 0.390238 1.416454
v 4.124273 0.285000 1.431879
v 4.147164 0.179762 1.416454
v 4.212354 0.090545 1.372528
v 4.309916 0.030933 1.306789
v 4.281493 0.539067 1.256920
v 4.159835 0.479454 1.280382
v 4.078545 0.390238 1.296059
v 4.050000 0.285000 1.301564
v 4.078545 0.179762 1.296059
v 4.159835 0.090545 1.280382
v 4.281493 0.030933 1.256920
v 4.281493 0.539067 1.201569
v 4.159835 0.479454 1.178107
v 4.078546 0.390238 1.162430
v 4.050000 0.285000 1.156925
v 4.078546 0.179762 1.162430
v 4.159835 0.090545 1.178107
v 4.281493 0.030933 1.201569
v 4.309916 0.539067 1.151700
v 4.212354 0.479454 1.085960
v 4.147165 0.390238 1.042035
v 4.124273 0.285000 1.026610
v 4.147165 0.179762 1.042035
v 4.212354 0.090545 1.085960
v 4.309916 0.030933 1.151700
v 4.361134 0.539067 1.117189
v 4.306991 0.479454 1.022193
v 4.270813 0.390238 0.958719
v 4.258109 0.285000 0.936430
v 4.270813 0.179762 0.958719
v 4.306991 0.090545 1.022193
v 4.361134 0.030933 1.117189
v 4.425000 0.539067 1.104872
v 4.425000 0.479454 0.999435
v 4.425000 0.390238 0.928984
v 4.425000 0.090545 0.999435
v 4.425000 0.010000 1.229244
v 4.974999 0.245000 0.804244
v 4.974999 0.158896 0.825177
v 4.974999 0.037127 0.974006
v 4.974999 0.470000 1.079244
v 5.026093 0.452873 0.984428
v 5.069407 0.404099 0.904047
v 5.098350 0.331104 0.850338
v 5.108513 0.245000 0.831478
v 5.098350 0.158896 0.850338
v 5.069407 0.085901 0.904047
v 5.026093 0.037127 0.984428
v 5.067066 0.452873 1.013630
v 5.145117 0.404099 0.958004
v 5.197268 0.331104 0.920836
v 5.215581 0.245000 0.907785
v 5.197268 0.158896 0.920836
v 5.145117 0.085901 0.958004
v 5.067066 0.037127 1.013630
v 5.089805 0.452873 1.055827
v 5.187132 0.404099 1.035974
v 5.252164 0.331104 1.022709
v 5.275000 0.245000 1.018051
v 5.252164 0.158896 1.022709
v 5.187132 0.085901 1.035974
v 5.089805 0.037127 1.055827
v 5.089805 0.452873 1.102662
v 5.187132 0.404099 1.122514
v 5.252164 0.331104 1.135780
v 5.275000 0.245000 1.140438
v 5.252164 0.158896 1.135780
v 5.187132 0.085901 1.122514
v 5.089805 0.037127 1.102662
v 5.067066 0.452873 1.144859
v 5.145117 0.404099 1.200485
v 5.197268 0.331104 1.237653
v 5.215581 0.245000 1.250704
v 5.197268 0.158896 1.237653
v 5.145117 0.085901 1.200485
v 5.067066 0.037127 1.144859
v 5.026093 0.452873 1.174060
v 5.069407 0.404099 1.254442
v 5.098350 0.331104 1.308151
v 5.108512 0.245000 1.327011
v 5.098350 0.158896 1.308151
v 5.069407 0.085901 1.254442
v 5.026093 0.037127 1.174060
v 4.974999 0.452873 1.184482
v 4.974999 0.404099 1.273699
v 4.974999 0.331104 1.333311
v 4.974999 0.245000 1.354244
v 4.974999 0.158896 1.333311
v 4.974999 0.085901 1.273699
v 4.974999 0.037127 1.184482
v 4.923906 0.452873 1.174060
v 4.880592 0.404099 1.254442
v 4.851650 0.331104 1.308151
v 4.841487 0.245000 1.327011
v 4.851650 0.158896 1.308151
v 4.880592 0.085901 1.254442
v 4.923906 0.037127 1.174060
v 4.882934 0.452873 1.144859
v 4.804883 0.404099 1.200485
v 4.752731 0.331104 1.237652
v 4.734419 0.245000 1.250704
v 4.752731 0.158896 1.237652
v 4.804883 0.085901 1.200485
v 4.882934 0.037127 1.144859
v 4.860195 0.452873 1.102662
v 4.762868 0.404099 1.122514
v 4.697836 0.331104 1.135780
v 4.675000 0.245000 1.140438
v 4.697836 0.158896 1.135780
v 4.762868 0.085901 1.122514
v 4.860195 0.037127 1.102662
v 4.860195 0.452873 1.055827
v 4.762868 0.404099 1.035974
v 4.697836 0.331104 1.022709
v 4.675000 0.245000 1.018051
v 4.697836 0.158896 1.022709
v 4.762868 0.085901 1.035974
v 4.860195 0.037127 1.055827
v 4.882934 0.452873 1.013630
v 4.804883 0.404099 0.958004
v 4.752731 0.331104 0.920836
v 4.734419 0.245000 0.907785
v 4.752731 0.158896 0.920836
v 4.804883 0.085901 0.958004
v 4.882934 0.037127 1.013630
v 4.923906 0.452873 0.984428
v 4.880592 0.404099 0.904047
v 4.851650 0.331104 0.850338
v 4.841487 0.245000 0.831478
v 4.851650 0.158896 0.850338
v 4.880592 0.085901 0.904047
v 4.923906 0.037127 0.984428
v 4.974999 0.452873 0.974006
v 4.974999 0.404099 0.884790
v 4.975000 0.331104 0.825177
v 4.974999 0.085901 0.884790
v 4.974999 0.020000 1.079244
v 3.232989 0.005000 2.078212
v 3.232989 0.385000 2.078212
v 3.093931 0.005000 1.650236
v 3.093931 0.385000 1.650236
v 3.756069 0.005000 1.908252
v 3.756069 0.385000 1.908252
v 3.617012 0.005000 1.480277
v 3.617012 0.385000 1.480277
v 2.475000 0.265000 2.829245
v 2.475000 0.169329 2.852081
v 2.475000 0.034030 3.014440
v 2.475000 0.515000 3.129245
v 2.534608 0.495970 3.025809
v 2.585142 0.441777 2.938120
v 2.618907 0.360671 2.879529
v 2.630764 0.265000 2.858954
v 2.618907 0.169329 2.879529
v 2.585142 0.088223 2.938120
v 2.534608 0.034030 3.025809
v 2.582411 0.495970 3.057665
v 2.673469 0.441777 2.996982
v 2.734313 0.360671 2.956436
v 2.755678 0.265000 2.942198
v 2.734313 0.169329 2.956436
v 2.673469 0.088223 2.996982
v 2.582411 0.034030 3.057665
v 2.608939 0.495970 3.103698
v 2.722487 0.441777 3.082041
v 2.798357 0.360671 3.067570
v 2.825000 0.265000 3.062488
v 2.798357 0.169329 3.067570
v 2.722487 0.088223 3.082041
v 2.608939 0.034030 3.103698
v 2.608939 0.495970 3.154791
v 2.722487 0.441777 3.176448
v 2.798357 0.360671 3.190919
v 2.825000 0.265000 3.196001
v 2.798357 0.169329 3.190919
v 2.722487 0.088223 3.176448
v 2.608939 0.034030 3.154791
v 2.582411 0.495970 3.200824
v 2.673469 0.441777 3.261507
v 2.734313 0.360671 3.302053
v 2.755678 0.265000 3.316292
v 2.734313 0.169329 3.302053
v 2.673469 0.088223 3.261507
v 2.582411 0.034030 3.200824
v 2.534608 0.495970 3.232680
v 2.585142 0.441777 3.320369
v 2.618907 0.360671 3.378960
v 2.630764 0.265000 3.399535
v 2.618907 0.169329 3.378960
v 2.585142 0.088223 3.320369
v 2.534608 0.034030 3.232680
v 2.475000 0.495970 3.244050
v 2.475000 0.441777 3.341377
v 2.475000 0.360671 3.406408
v 2.475000 0.265000 3.429245
v 2.475000 0.169329 3.406408
v 2.475000 0.088223 3.341377
v 2.475000 0.034030 3.244050
v 2.415391 0.495970 3.232680
v 2.364857 0.441777 3.320369
v 2.331092 0.360671 3.378960
v 2.319235 0.265000 3.399535
v 2.331092 0.169329 3.378960
v 2.364857 0.088223 3.320369
v 2.415391 0.034030 3.232680
v 2.367589 0.495970 3.200824
v 2.276530 0.441777 3.261507
v 2.215687 0.360671 3.302053
v 2.194321 0.265000 3.316292
v 2.215687 0.169329 3.302053
v 2.276530 0.088223 3.261507
v 2.367589 0.034030 3.200824
v 2.341060 0.495970 3.154791
v 2.227512 0.441777 3.176448
v 2.151642 0.360671 3.190919
v 2.125000 0.265000 3.196001
v 2.151642 0.169329 3.190919
v 2.227512 0.088223 3.176448
v 2.341060 0.034030 3.154791
v 2.341061 0.495970 3.103698
v 2.227512 0.441777 3.082041
v 2.151642 0.360671 3.067570
v 2.125000 0.265000 3.062488
v 2.151642 0.169329 3.067570
v 2.227512 0.088223 3.082041
v 2.341061 0.034030 3.103698
v 2.367589 0.495970 3.057665
v 2.276531 0.441777 2.996982
v 2.215687 0.360671 2.956436
v 2.194321 0.265000 2.942198
v 2.215687 0.169329 2.956436
v 2.276531 0.088223 2.996982
v 2.367589 0.034030 3.057665
v 2.415391 0.495970 3.025809
v 2.364857 0.441777 2.938120
v 2.331092 0.360671 2.879529
v 2.319235 0.265000 2.858954
v 2.331092 0.169329 2.879529
v 2.364857 0.088223 2.938120
v 2.415391 0.034030 3.025809
v 2.475000 0.495970 3.014440
v 2.475000 0.441777 2.917112
v 2.475000 0.360671 2.852081
v 2.475000 0.088223 2.917112
v 2.475000 0.015000 3.129245
v 3.025000 0.225000 2.629244
v 3.025000 0.144636 2.648275
v 3.025000 0.030985 2.783574
v 3.025000 0.435000 2.879244
v 3.071835 0.419014 2.793048
v 3.111541 0.373492 2.719974
v 3.138070 0.305363 2.671148
v 3.147386 0.225000 2.654002
v 3.138070 0.144636 2.671148
v 3.111541 0.076508 2.719974
v 3.071835 0.030985 2.793048
v 3.109394 0.419014 2.819595
v 3.180940 0.373492 2.769026
v 3.228746 0.305363 2.735237
v 3.245533 0.225000 2.723372
v 3.228746 0.144636 2.735237
v 3.180940 0.076508 2.769026
v 3.109394 0.030985 2.819595
v 3.130238 0.419014 2.857956
v 3.219455 0.373492 2.839908
v 3.279067 0.305363 2.827849
v 3.300000 0.225000 2.823614
v 3.279067 0.144636 2.827849
v 3.219455 0.076508 2.839908
v 3.130238 0.030985 2.857956
v 3.130238 0.419014 2.900533
v 3.219455 0.373492 2.918581
v 3.279067 0.305363 2.930640
v 3.300000 0.225000 2.934875
v 3.279067 0.144636 2.930640
v 3.219455 0.076508 2.918581
v 3.130238 0.030985 2.900533
v 3.109394 0.419014 2.938894
v 3.180940 0.373492 2.989463
v 3.228746 0.305363 3.023252
v 3.245533 0.225000 3.035117
v 3.228746 0.144636 3.023252
v 3.180940 0.076508 2.989463
v 3.109394 0.030985 2.938894
v 3.071835 0.419014 2.965441
v 3.111541 0.373492 3.038515
v 3.138070 0.305363 3.087341
v 3.147386 0.225000 3.104487
v 3.138070 0.144636 3.087341
v 3.111541 0.076508 3.038515
v 3.071835 0.030985 2.965441
v 3.025000 0.419014 2.974916
v 3.025000 0.373492 3.056021
v 3.025000 0.305363 3.110214
v 3.025000 0.225000 3.129245
v 3.025000 0.144636 3.110214
v 3.025000 0.076508 3.056021
v 3.025000 0.030985 2.974916
v 2.978165 0.419014 2.965441
v 2.938460 0.373492 3.038515
v 2.911930 0.305363 3.087341
v 2.902613 0.225000 3.104487
v 2.911930 0.144636 3.087341
v 2.938460 0.076508 3.038515
v 2.978165 0.030985 2.965441
v 2.940606 0.419014 2.938894
v 2.869060 0.373492 2.989463
v 2.821254 0.305363 3.023252
v 2.804467 0.225000 3.035117
v 2.821254 0.144636 3.023252
v 2.869060 0.076508 2.989463
v 2.940606 0.030985 2.938894
v 2.919762 0.419014 2.900533
v 2.830546 0.373492 2.918581
v 2.770933 0.305363 2.930640
v 2.750000 0.225000 2.934875
v 2.770933 0.144636 2.930640
v 2.830546 0.076508 2.918581
v 2.919762 0.030985 2.900533
v 2.919762 0.419014 2.857956
v 2.830546 0.373492 2.839908
v 2.770933 0.305363 2.827849
v 2.750000 0.225000 2.823614
v 2.770933 0.144636 2.827849
v 2.830546 0.076508 2.839908
v 2.919762 0.030985 2.857956
v 2.940606 0.419014 2.819595
v 2.869060 0.373492 2.769026
v 2.821254 0.305363 2.735237
v 2.804467 0.225000 2.723372
v 2.821254 0.144636 2.735237
v 2.869060 0.076508 2.769026
v 2.940606 0.030985 2.819595
v 2.978165 0.419014 2.793048
v 2.938460 0.373492 2.719974
v 2.911930 0.305363 2.671148
v 2.902613 0.225000 2.654002
v 2.911930 0.144636 2.671148
v 2.938460 0.076508 2.719974
v 2.978165 0.030985 2.793048
v 3.025000 0.419014 2.783574
v 3.025000 0.373492 2.702468
v 3.025000 0.305363 2.648275
v 3.025000 0.076508 2.702468
v 3.025000 0.015000 2.879244
v -5.034733 0.005000 3.110270
v -5.034733 0.325000 3.110270
v -4.872039 0.005000 2.744851
v -4.872039 0.325000 2.744851
v -4.577960 0.005000 3.313638
v -4.577960 0.325000 3.313638
v -4.415266 0.005000 2.948219
v -4.415266 0.325000 2.948219
v 4.163337 0.005000 2.265383
v 4.163337 0.305000 2.265383
v 3.841943 0.005000 1.882360
v 3.841943 0.305000 1.882360
v 4.508057 0.005000 1.976128
v 4.508057 0.305000 1.976128
v 4.186664 0.005000 1.593106
v 4.186664 0.305000 1.593106
v 0.075000 0.355000 2.349244
v 0.075000 0.249762 2.364469
v 0.075000 0.100933 2.472708
v 0.075000 0.630000 2.549244
v 0.185701 0.609066 2.480287
v 0.279550 0.549454 2.421828
v 0.342257 0.460238 2.382767
v 0.364277 0.355000 2.369051
v 0.342257 0.249762 2.382767
v 0.279550 0.160546 2.421828
v 0.185701 0.100933 2.480287
v 0.274477 0.609066 2.501524
v 0.443586 0.549454 2.461070
v 0.556581 0.460238 2.434039
v 0.596259 0.355000 2.424546
v 0.556581 0.249762 2.434039
v 0.443586 0.160546 2.461070
v 0.274477 0.100933 2.501524
v 0.323744 0.609066 2.532213
v 0.534619 0.549454 2.517775
v 0.675522 0.460238 2.508128
v 0.725000 0.355000 2.504740
v 0.675522 0.249762 2.508128
v 0.534619 0.160546 2.517775
v 0.323744 0.100933 2.532213
v 0.323744 0.609066 2.566276
v 0.534619 0.549454 2.580714
v 0.675522 0.460238 2.590361
v 0.725000 0.355000 2.593749
v 0.675522 0.249762 2.590361
v 0.534619 0.160546 2.580714
v 0.323744 0.100933 2.566276
v 0.274477 0.609066 2.596964
v 0.443586 0.549454 2.637419
v 0.556581 0.460238 2.664450
v 0.596259 0.355000 2.673942
v 0.556581 0.249762 2.664450
v 0.443586 0.160546 2.637419
v 0.274477 0.100933 2.596964
v 0.185701 0.609066 2.618202
v 0.279550 0.549454 2.676661
v 0.342257 0.460238 2.715722
v 0.364277 0.355000 2.729438
v 0.342257 0.249762 2.715722
v 0.279550 0.160546 2.676661
v 0.185701 0.100933 2.618202
v 0.075000 0.609066 2.625781
v 0.075000 0.549454 2.690666
v 0.075000 0.460238 2.734020
v 0.075000 0.355000 2.749244
v 0.075000 0.249762 2.734020
v 0.075000 0.160546 2.690666
v 0.075000 0.100933 2.625781
v -0.035702 0.609066 2.618202
v -0.129550 0.549454 2.676661
v -0.192257 0.460238 2.715722
v -0.214277 0.355000 2.729438
v -0.192257 0.249762 2.715722
v -0.129550 0.160546 2.676661
v -0.035702 0.100933 2.618202
v -0.124478 0.609066 2.596964
v -0.293586 0.549454 2.637419
v -0.406581 0.460238 2.664450
v -0.446259 0.355000 2.673942
v -0.406581 0.249762 2.664450
v -0.293586 0.160546 2.637419
v -0.124478 0.100933 2.596964
v -0.173744 0.609066 2.566276
v -0.384619 0.549454 2.580714
v -0.525522 0.460238 2.590361
v -0.575000 0.355000 2.593749
v -0.525522 0.249762 2.590361
v -0.384619 0.160546 2.580714
v -0.173744 0.100933 2.566276
v -0.173744 0.609066 2.532213
v -0.384619 0.549454 2.517775
v -0.525522 0.460238 2.508128
v -0.575000 0.355000 2.504740
v -0.525522 0.249762 2.508128
v -0.384619 0.160546 2.517775
v -0.173744 0.100933 2.532213
v -0.124477 0.609066 2.501524
v -0.293586 0.549454 2.461070
v -0.406581 0.460238 2.434038
v -0.446259 0.355000 2.424546
v -0.406581 0.249762 2.434038
v -0.293586 0.160546 2.461070
v -0.124477 0.100933 2.501524
v -0.035702 0.609066 2.480287
v -0.129550 0.549454 2.421828
v -0.192257 0.460238 2.382767
v -0.214277 0.355000 2.369051
v -0.192257 0.249762 2.382767
v -0.129550 0.160546 2.421828
v -0.035702 0.100933 2.480287
v 0.075000 0.609066 2.472708
v 0.075000 0.549454 2.407823
v 0.075000 0.460238 2.364469
v 0.075000 0.160546 2.407823
v 0.075000 0.080000 2.549244
v -3.325000 0.355000 2.349244
v -3.325000 0.249762 2.364469
v -3.325000 0.100933 2.472708
v -3.325000 0.630000 2.549244
v -3.214298 0.609066 2.480287
v -3.120450 0.549454 2.421828
v -3.057743 0.460238 2.382767
v -3.035723 0.355000 2.369051
v -3.057743 0.249762 2.382767
v -3.120450 0.160546 2.421828
v -3.214298 0.100933 2.480287
v -3.125523 0.609066 2.501524
v -2.956414 0.549454 2.461070
v -2.843419 0.460238 2.434039
v -2.803741 0.355000 2.424546
v -2.843419 0.249762 2.434039
v -2.956414 0.160546 2.461070
v -3.125523 0.100933 2.501524
v -3.076256 0.609066 2.532213
v -2.865381 0.549454 2.517775
v -2.724478 0.460238 2.508128
v -2.675000 0.355000 2.504740
v -2.724478 0.249762 2.508128
v -2.865381 0.160546 2.517775
v -3.076256 0.100933 2.532213
v -3.076256 0.609066 2.566276
v -2.865381 0.549454 2.580714
v -2.724478 0.460238 2.590361
v -2.675000 0.355000 2.593749
v -2.724478 0.249762 2.590361
v -2.865381 0.160546 2.580714
v -3.076256 0.100933 2.566276
v -3.125523 0.609066 2.596964
v -2.956414 0.549454 2.637419
v -2.843419 0.460238 2.664450
v -2.803741 0.355000 2.673942
v -2.843419 0.249762 2.664450
v -2.956414 0.160546 2.637419
v -3.125523 0.100933 2.596964
v -3.214298 0.609066 2.618202
v -3.120450 0.549454 2.676661
v -3.057743 0.460238 2.715722
v -3.035723 0.355000 2.729438
v -3.057743 0.249762 2.715722
v -3.120450 0.160546 2.676661
v -3.214298 0.100933 2.618202
v -3.325000 0.609066 2.625781
v -3.325000 0.549454 2.690666
v -3.325000 0.460238 2.734020
v -3.325000 0.355000 2.749244
v -3.325000 0.249762 2.734020
v -3.325000 0.160546 2.690666
v -3.325000 0.100933 2.625781
v -3.435702 0.609066 2.618202
v -3.529550 0.549454 2.676661
v -3.592257 0.460238 2.715722
v -3.614277 0.355000 2.729438
v -3.592257 0.249762 2.715722
v -3.529550 0.160546 2.676661
v -3.435702 0.100933 2.618202
v -3.524477 0.609066 2.596964
v -3.693586 0.549454 2.637419
v -3.806581 0.460238 2.664450
v -3.846259 0.355000 2.673942
v -3.806581 0.249762 2.664450
v -3.693586 0.160546 2.637419
v -3.524477 0.100933 2.596964
v -3.573744 0.609066 2.566276
v -3.784619 0.549454 2.580714
v -3.925522 0.460238 2.590361
v -3.975000 0.355000 2.593749
v -3.925522 0.249762 2.590361
v -3.784619 0.160546 2.580714
v -3.573744 0.100933 2.566276
v -3.573744 0.609066 2.532213
v -3.784619 0.549454 2.517775
v -3.925522 0.460238 2.508128
v -3.975000 0.355000 2.504740
v -3.925522 0.249762 2.508128
v -3.784619 0.160546 2.517775
v -3.573744 0.100933 2.532213
v -3.524477 0.609066 2.501524
v -3.693586 0.549454 2.461070
v -3.806581 0.460238 2.434038
v -3.846259 0.355000 2.424546
v -3.806581 0.249762 2.434038
v -3.693586 0.160546 2.461070
v -3.524477 0.100933 2.501524
v -3.435702 0.609066 2.480287
v -3.529550 0.549454 2.421828
v -3.592257 0.460238 2.382767
v -3.614277 0.355000 2.369051
v -3.592257 0.249762 2.382767
v -3.529550 0.160546 2.421828
v -3.435702 0.100933 2.480287
v -3.325000 0.609066 2.472708
v -3.325000 0.549454 2.407823
v -3.325000 0.460238 2.364469
v -3.325000 0.160546 2.407823
v -3.325000 0.080000 2.549244
vn -1.0000 -0.0000 -0.0000
vn -0.0000 -0.0000 -1.0000
vn 1.0000 -0.0000 -0.0000
vn -0.0000 -0.0000 1.0000
vn -0.0000 -1.0000 -0.0000
vn -0.0000 1.0000 -0.0000
vn -0.0000 0.0001 1.0000
vn -0.0000 -0.0001 1.0000
vn -0.0000 -0.0004 1.0000
vn -0.0000 -0.0001 -1.0000
vn 0.0330 0.3117 -0.9496
vn 0.0691 0.3063 -0.9494
vn 0.0343 0.1523 -0.9877
vn 0.0164 0.1552 -0.9877
vn 0.0622 0.5875 -0.8068
vn 0.1300 0.5766 -0.8066
vn 0.0854 0.8060 -0.5857
vn 0.1783 0.7908 -0.5855
vn 0.1002 0.9462 -0.3078
vn 0.2093 0.9282 -0.3077
vn 0.1050 0.9914 -0.0783
vn 0.2193 0.9725 -0.0784
vn 0.1050 0.9914 0.0783
vn 0.2193 0.9725 0.0784
vn 0.1002 0.9462 0.3078
vn 0.2093 0.9282 0.3078
vn 0.0854 0.8060 0.5857
vn 0.1783 0.7907 0.5856
vn 0.0622 0.5875 0.8068
vn 0.1300 0.5766 0.8066
vn 0.0330 0.3118 0.9496
vn 0.0691 0.3064 0.9494
vn 0.0164 0.1553 0.9877
vn 0.0343 0.1522 0.9878
vn 0.1077 0.2955 -0.9493
vn 0.0535 0.1467 -0.9877
vn 0.2026 0.5555 -0.8064
vn 0.2778 0.7617 -0.5854
vn 0.3260 0.8939 -0.3076
vn 0.3416 0.9366 -0.0785
vn 0.3416 0.9366 0.0784
vn 0.3260 0.8939 0.3077
vn 0.2778 0.7616 0.5854
vn 0.2026 0.5556 0.8064
vn 0.1078 0.2955 0.9493
vn 0.0535 0.1466 0.9878
vn 0.1476 0.2781 -0.9491
vn 0.0732 0.1380 -0.9877
vn 0.2773 0.5224 -0.8063
vn 0.3801 0.7162 -0.5854
vn 0.4461 0.8405 -0.3076
vn 0.4674 0.8806 -0.0784
vn 0.4674 0.8806 0.0784
vn 0.4461 0.8405 0.3076
vn 0.3801 0.7162 0.5854
vn 0.2773 0.5225 0.8063
vn 0.1476 0.2781 0.9492
vn 0.0731 0.1378 0.9878
vn 0.1865 0.2539 -0.9491
vn 0.0925 0.1259 -0.9877
vn 0.3503 0.4767 -0.8063
vn 0.4801 0.6534 -0.5853
vn 0.5634 0.7668 -0.3076
vn 0.5903 0.8034 -0.0784
vn 0.5903 0.8034 0.0784
vn 0.5634 0.7668 0.3076
vn 0.4801 0.6533 0.5854
vn 0.3503 0.4767 0.8062
vn 0.1865 0.2538 0.9491
vn 0.0924 0.1256 0.9878
vn 0.2223 0.2233 -0.9491
vn 0.1102 0.1106 -0.9877
vn 0.4174 0.4193 -0.8062
vn 0.5721 0.5746 -0.5853
vn 0.6714 0.6743 -0.3076
vn 0.7034 0.7065 -0.0784
vn 0.7034 0.7064 0.0784
vn 0.6714 0.6743 0.3077
vn 0.5721 0.5746 0.5853
vn 0.4175 0.4192 0.8062
vn 0.2223 0.2233 0.9491
vn 0.1101 0.1106 0.9878
vn 0.2529 0.1878 -0.9491
vn 0.1254 0.0931 -0.9877
vn 0.4750 0.3526 -0.8062
vn 0.6510 0.4833 -0.5853
vn 0.7640 0.5671 -0.3077
vn 0.8005 0.5942 -0.0785
vn 0.8005 0.5942 0.0785
vn 0.7640 0.5671 0.3078
vn 0.6510 0.4833 0.5854
vn 0.4751 0.3526 0.8062
vn 0.2529 0.1878 0.9491
vn 0.1252 0.0931 0.9878
vn 0.2771 0.1493 -0.9492
vn 0.1375 0.0741 -0.9877
vn 0.5207 0.2805 -0.8064
vn 0.7138 0.3845 -0.5854
vn 0.8377 0.4512 -0.3077
vn 0.8777 0.4727 -0.0785
vn 0.8777 0.4727 0.0785
vn 0.8377 0.4511 0.3077
vn 0.7138 0.3844 0.5854
vn 0.5208 0.2805 0.8063
vn 0.2772 0.1493 0.9492
vn 0.1374 0.0740 0.9878
vn 0.2946 0.1099 -0.9493
vn 0.1464 0.0545 -0.9877
vn 0.5540 0.2066 -0.8065
vn 0.7596 0.2833 -0.5854
vn 0.8915 0.3325 -0.3077
vn 0.9341 0.3483 -0.0785
vn 0.9341 0.3483 0.0785
vn 0.8915 0.3324 0.3077
vn 0.7596 0.2832 0.5855
vn 0.5540 0.2066 0.8065
vn 0.2946 0.1099 0.9493
vn 0.1462 0.0546 0.9877
vn 0.3059 0.0713 -0.9494
vn 0.1522 0.0354 -0.9877
vn 0.5757 0.1341 -0.8066
vn 0.7894 0.1839 -0.5856
vn 0.9266 0.2159 -0.3078
vn 0.9709 0.2262 -0.0785
vn 0.9709 0.2262 0.0785
vn 0.9266 0.2159 0.3079
vn 0.7894 0.1840 0.5857
vn 0.5757 0.1341 0.8066
vn 0.3059 0.0713 0.9494
vn 0.1520 0.0355 0.9877
vn 0.3119 0.0346 -0.9495
vn 0.1554 0.0172 -0.9877
vn 0.5873 0.0651 -0.8067
vn 0.8055 0.0893 -0.5858
vn 0.9456 0.1049 -0.3080
vn 0.9908 0.1099 -0.0784
vn 0.9908 0.1099 0.0784
vn 0.9456 0.1049 0.3080
vn 0.8055 0.0893 0.5858
vn 0.5874 0.0651 0.8067
vn 0.3119 0.0346 0.9495
vn 0.1552 0.0172 0.9877
vn 0.3137 -0.0006 -0.9495
vn 0.1564 -0.0003 -0.9877
vn 0.5909 -0.0011 -0.8068
vn 0.8105 -0.0016 -0.5857
vn 0.9514 -0.0018 -0.3080
vn 0.9969 -0.0019 -0.0785
vn 0.9969 -0.0019 0.0785
vn 0.9514 -0.0018 0.3081
vn 0.8105 -0.0016 0.5858
vn 0.5909 -0.0011 0.8067
vn 0.3137 -0.0006 0.9495
vn 0.1562 -0.0003 0.9877
vn 0.3118 -0.0372 -0.9494
vn 0.1552 -0.0185 -0.9877
vn 0.5870 -0.0700 -0.8066
vn 0.8050 -0.0959 -0.5855
vn 0.9447 -0.1126 -0.3079
vn 0.9899 -0.1180 -0.0785
vn 0.9899 -0.1180 0.0785
vn 0.9447 -0.1126 0.3080
vn 0.8049 -0.0959 0.5856
vn 0.5870 -0.0700 0.8065
vn 0.3118 -0.0372 0.9494
vn 0.1550 -0.0185 0.9877
vn 0.3050 -0.0766 -0.9493
vn 0.1515 -0.0381 -0.9877
vn 0.5735 -0.1441 -0.8065
vn 0.7863 -0.1976 -0.5854
vn 0.9228 -0.2319 -0.3077
vn 0.9669 -0.2430 -0.0785
vn 0.9669 -0.2430 0.0785
vn 0.9228 -0.2319 0.3078
vn 0.7863 -0.1976 0.5855
vn 0.5735 -0.1441 0.8064
vn 0.3050 -0.0766 0.9493
vn 0.1514 -0.0380 0.9877
vn 0.2920 -0.1178 -0.9491
vn 0.1449 -0.0585 -0.9877
vn 0.5485 -0.2214 -0.8063
vn 0.7518 -0.3035 -0.5853
vn 0.8823 -0.3562 -0.3076
vn 0.9244 -0.3732 -0.0784
vn 0.9244 -0.3732 0.0784
vn 0.8823 -0.3562 0.3076
vn 0.7518 -0.3035 0.5854
vn 0.5485 -0.2214 0.8063
vn 0.2919 -0.1178 0.9492
vn 0.1447 -0.0584 0.9878
vn 0.2719 -0.1591 -0.9491
vn 0.1348 -0.0788 -0.9877
vn 0.5106 -0.2987 -0.8063
vn 0.6999 -0.4094 -0.5853
vn 0.8213 -0.4805 -0.3075
vn 0.8605 -0.5034 -0.0784
vn 0.8605 -0.5034 0.0784
vn 0.8213 -0.4805 0.3075
vn 0.6998 -0.4094 0.5853
vn 0.5106 -0.2988 0.8062
vn 0.2719 -0.1591 0.9491
vn 0.1346 -0.0787 0.9878
vn 0.2450 -0.1982 -0.9491
vn 0.1214 -0.0982 -0.9877
vn 0.4599 -0.3720 -0.8062
vn 0.6304 -0.5100 -0.5852
vn 0.7398 -0.5985 -0.3075
vn 0.7751 -0.6270 -0.0784
vn 0.7751 -0.6270 0.0784
vn 0.7398 -0.5984 0.3075
vn 0.6304 -0.5100 0.5853
vn 0.4600 -0.3721 0.8062
vn 0.2450 -0.1982 0.9490
vn 0.1213 -0.0981 0.9878
vn 0.2122 -0.2329 -0.9491
vn 0.1051 -0.1155 -0.9877
vn 0.3984 -0.4373 -0.8063
vn 0.5460 -0.5994 -0.5853
vn 0.6407 -0.7034 -0.3076
vn 0.6713 -0.7370 -0.0784
vn 0.6713 -0.7370 0.0784
vn 0.6407 -0.7034 0.3076
vn 0.5460 -0.5994 0.5853
vn 0.3984 -0.4374 0.8062
vn 0.2122 -0.2329 0.9491
vn 0.1050 -0.1153 0.9878
vn 0.1753 -0.2616 -0.9491
vn 0.0870 -0.1298 -0.9877
vn 0.3293 -0.4913 -0.8063
vn 0.4514 -0.6735 -0.5854
vn 0.5298 -0.7904 -0.3076
vn 0.5551 -0.8281 -0.0784
vn 0.5551 -0.8281 0.0784
vn 0.5298 -0.7904 0.3076
vn 0.4514 -0.6735 0.5854
vn 0.3293 -0.4914 0.8063
vn 0.1753 -0.2616 0.9491
vn 0.0869 -0.1296 0.9878
vn 0.1368 -0.2833 -0.9492
vn 0.0679 -0.1407 -0.9877
vn 0.2571 -0.5325 -0.8064
vn 0.3525 -0.7301 -0.5854
vn 0.4137 -0.8569 -0.3076
vn 0.4334 -0.8978 -0.0783
vn 0.4334 -0.8978 0.0783
vn 0.4137 -0.8569 0.3076
vn 0.3525 -0.7300 0.5855
vn 0.2571 -0.5325 0.8064
vn 0.1368 -0.2833 0.9492
vn 0.0679 -0.1406 0.9877
vn 0.0987 -0.2982 -0.9494
vn 0.0491 -0.1484 -0.9877
vn 0.1857 -0.5612 -0.8066
vn 0.2547 -0.7696 -0.5855
vn 0.2989 -0.9033 -0.3077
vn 0.3132 -0.9465 -0.0783
vn 0.3132 -0.9464 0.0783
vn 0.2990 -0.9033 0.3077
vn 0.2547 -0.7696 0.5856
vn 0.1857 -0.5612 0.8066
vn 0.0987 -0.2982 0.9494
vn 0.0490 -0.1483 0.9877
vn 0.0627 -0.3074 -0.9495
vn 0.0313 -0.1532 -0.9877
vn 0.1181 -0.5789 -0.8068
vn 0.1621 -0.7941 -0.5857
vn 0.1903 -0.9323 -0.3077
vn 0.1994 -0.9768 -0.0783
vn 0.1994 -0.9768 0.0783
vn 0.1903 -0.9323 0.3077
vn 0.1621 -0.7941 0.5857
vn 0.1182 -0.5789 0.8068
vn 0.0627 -0.3073 0.9495
vn 0.0312 -0.1529 0.9877
vn 0.0298 -0.3119 -0.9497
vn 0.0149 -0.1557 -0.9877
vn 0.0562 -0.5878 -0.8070
vn 0.0772 -0.8067 -0.5859
vn 0.0906 -0.9471 -0.3078
vn 0.0949 -0.9924 -0.0783
vn 0.0949 -0.9924 0.0783
vn 0.0906 -0.9471 0.3078
vn 0.0772 -0.8067 0.5859
vn 0.0562 -0.5879 0.8070
vn 0.0298 -0.3118 0.9497
vn 0.0149 -0.1554 0.9877
vn 0.0071 -0.3109 -0.9504
vn 0.0036 -0.1564 -0.9877
vn 0.0134 -0.5889 -0.8081
vn 0.0184 -0.8095 -0.5868
vn 0.0216 -0.9510 -0.3084
vn 0.0226 -0.9967 -0.0784
vn 0.0226 -0.9967 0.0784
vn 0.0216 -0.9510 0.3084
vn 0.0184 -0.8095 0.5868
vn 0.0134 -0.5890 0.8080
vn 0.0071 -0.3109 0.9504
vn 0.0036 -0.1563 0.9877
vn 0.1204 -0.1204 -0.9854
vn 0.0788 -0.0788 -0.9938
vn 0.2882 -0.2881 -0.9132
vn 0.4665 -0.4667 -0.7514
vn 0.6320 -0.6320 -0.4485
vn 0.7024 -0.7023 -0.1157
vn 0.7024 -0.7023 0.1157
vn 0.6320 -0.6320 0.4485
vn 0.4665 -0.4666 0.7514
vn 0.2882 -0.2882 0.9132
vn 0.1203 -0.1203 0.9854
vn 0.0787 -0.0786 0.9938
vn 0.1980 -0.1980 -0.9600
vn 0.3608 -0.3610 -0.8599
vn 0.5227 -0.5226 -0.6736
vn 0.6543 -0.6543 -0.3791
vn 0.7032 -0.7032 -0.1048
vn 0.7032 -0.7032 0.1048
vn 0.6543 -0.6543 0.3791
vn 0.5226 -0.5225 0.6736
vn 0.3608 -0.3610 0.8599
vn 0.1981 -0.1980 0.9600
vn -0.1980 -0.1980 -0.9600
vn -0.0787 -0.0788 -0.9938
vn -0.3609 -0.3610 -0.8599
vn -0.5226 -0.5226 -0.6736
vn -0.6542 -0.6543 -0.3793
vn -0.7032 -0.7032 -0.1049
vn -0.7032 -0.7032 0.1049
vn -0.6542 -0.6543 0.3793
vn -0.5226 -0.5226 0.6737
vn -0.3609 -0.3610 0.8599
vn -0.1981 -0.1980 0.9600
vn -0.0787 -0.0786 0.9938
vn -0.1980 0.1980 -0.9600
vn -0.0787 0.0786 -0.9938
vn -0.3609 0.3610 -0.8599
vn -0.5226 0.5226 -0.6736
vn -0.6542 0.6543 -0.3793
vn -0.7032 0.7032 -0.1049
vn -0.7032 0.7032 0.1049
vn -0.6542 0.6543 0.3793
vn -0.5226 0.5225 0.6737
vn -0.3609 0.3610 0.8599
vn -0.1981 0.1981 0.9600
vn -0.0787 0.0787 0.9938
vn 0.0078 0.3110 -0.9504
vn 0.0039 0.1562 -0.9877
vn 0.0148 0.5891 -0.8079
vn 0.0204 0.8095 -0.5867
vn 0.0240 0.9510 -0.3083
vn 0.0251 0.9966 -0.0784
vn 0.0251 0.9966 0.0784
vn 0.0240 0.9510 0.3083
vn 0.0204 0.8095 0.5867
vn 0.0148 0.5892 0.8079
vn 0.0078 0.3112 0.9503
vn 0.0039 0.1564 0.9877
vn -0.0070 0.3069 -0.9517
vn -0.0288 0.3030 -0.9526
vn -0.0148 0.1558 -0.9877
vn -0.0036 0.1567 -0.9876
vn -0.0134 0.5860 -0.8102
vn -0.0552 0.5815 -0.8117
vn -0.0184 0.8079 -0.5890
vn -0.0764 0.8034 -0.5906
vn -0.0217 0.9506 -0.3097
vn -0.0899 0.9462 -0.3108
vn -0.0227 0.9966 -0.0786
vn -0.0943 0.9924 -0.0788
vn -0.0227 0.9966 0.0786
vn -0.0943 0.9924 0.0788
vn -0.0217 0.9506 0.3098
vn -0.0899 0.9462 0.3108
vn -0.0184 0.8079 0.5890
vn -0.0763 0.8034 0.5906
vn -0.0134 0.5861 0.8101
vn -0.0553 0.5815 0.8116
vn -0.0070 0.3069 0.9517
vn -0.0288 0.3029 0.9526
vn -0.0036 0.1564 0.9877
vn -0.0148 0.1555 0.9877
vn -0.0598 0.2978 -0.9527
vn -0.0308 0.1533 -0.9877
vn -0.1150 0.5722 -0.8120
vn -0.1589 0.7910 -0.5909
vn -0.1872 0.9318 -0.3110
vn -0.1964 0.9774 -0.0788
vn -0.1964 0.9774 0.0788
vn -0.1872 0.9318 0.3110
vn -0.1589 0.7909 0.5909
vn -0.1150 0.5723 0.8119
vn -0.0598 0.2978 0.9528
vn -0.0308 0.1532 0.9877
vn -0.0932 0.2885 -0.9529
vn -0.0481 0.1488 -0.9877
vn -0.1793 0.5549 -0.8124
vn -0.2480 0.7674 -0.5913
vn -0.2922 0.9043 -0.3112
vn -0.3066 0.9486 -0.0789
vn -0.3065 0.9486 0.0789
vn -0.2922 0.9043 0.3113
vn -0.2480 0.7674 0.5913
vn -0.1793 0.5550 0.8123
vn -0.0932 0.2885 0.9529
vn -0.0480 0.1486 0.9877
vn -0.1284 0.2741 -0.9531
vn -0.0663 0.1416 -0.9877
vn -0.2471 0.5276 -0.8128
vn -0.3419 0.7301 -0.5917
vn -0.4030 0.8606 -0.3115
vn -0.4228 0.9028 -0.0789
vn -0.4228 0.9028 0.0789
vn -0.4030 0.8605 0.3115
vn -0.3419 0.7301 0.5917
vn -0.2471 0.5277 0.8127
vn -0.1283 0.2741 0.9531
vn -0.0662 0.1414 0.9877
vn -0.1640 0.2536 -0.9533
vn -0.0848 0.1312 -0.9877
vn -0.3162 0.4888 -0.8131
vn -0.4377 0.6767 -0.5921
vn -0.5160 0.7978 -0.3117
vn -0.5414 0.8371 -0.0789
vn -0.5414 0.8371 0.0789
vn -0.5160 0.7978 0.3117
vn -0.4377 0.6767 0.5921
vn -0.3162 0.4889 0.8130
vn -0.1640 0.2536 0.9533
vn -0.0847 0.1311 0.9877
vn -0.1987 0.2269 -0.9534
vn -0.1029 0.1175 -0.9877
vn -0.3833 0.4377 -0.8133
vn -0.5308 0.6061 -0.5923
vn -0.6259 0.7148 -0.3119
vn -0.6567 0.7500 -0.0790
vn -0.6567 0.7500 0.0790
vn -0.6259 0.7148 0.3120
vn -0.5308 0.6061 0.5924
vn -0.3834 0.4378 0.8133
vn -0.1987 0.2269 0.9534
vn -0.1028 0.1175 0.9877
vn -0.2304 0.1943 -0.9535
vn -0.1194 0.1007 -0.9877
vn -0.4446 0.3749 -0.8135
vn -0.6159 0.5193 -0.5925
vn -0.7263 0.6124 -0.3121
vn -0.7621 0.6426 -0.0791
vn -0.7621 0.6426 0.0791
vn -0.7263 0.6125 0.3121
vn -0.6158 0.5193 0.5925
vn -0.4447 0.3750 0.8134
vn -0.2304 0.1943 0.9535
vn -0.1192 0.1007 0.9877
vn -0.2573 0.1570 -0.9535
vn -0.1333 0.0813 -0.9877
vn -0.4965 0.3029 -0.8135
vn -0.6877 0.4196 -0.5925
vn -0.8110 0.4948 -0.3120
vn -0.8510 0.5192 -0.0790
vn -0.8510 0.5192 0.0790
vn -0.8110 0.4949 0.3121
vn -0.6877 0.4196 0.5925
vn -0.4966 0.3030 0.8134
vn -0.2573 0.1570 0.9535
vn -0.1332 0.0813 0.9878
vn -0.2782 0.1169 -0.9534
vn -0.1440 0.0605 -0.9877
vn -0.5364 0.2255 -0.8133
vn -0.7427 0.3123 -0.5923
vn -0.8758 0.3683 -0.3119
vn -0.9189 0.3864 -0.0790
vn -0.9189 0.3864 0.0790
vn -0.8758 0.3683 0.3120
vn -0.7427 0.3123 0.5924
vn -0.5365 0.2256 0.8132
vn -0.2781 0.1170 0.9534
vn -0.1438 0.0605 0.9878
vn -0.2924 0.0763 -0.9532
vn -0.1512 0.0394 -0.9877
vn -0.5634 0.1470 -0.8130
vn -0.7798 0.2035 -0.5920
vn -0.9194 0.2399 -0.3117
vn -0.9646 0.2517 -0.0789
vn -0.9646 0.2517 0.0789
vn -0.9194 0.2399 0.3118
vn -0.7798 0.2035 0.5921
vn -0.5635 0.1471 0.8129
vn -0.2924 0.0763 0.9532
vn -0.1510 0.0394 0.9878
vn -0.3005 0.0370 -0.9531
vn -0.1551 0.0191 -0.9877
vn -0.5785 0.0712 -0.8126
vn -0.8002 0.0985 -0.5916
vn -0.9431 0.1161 -0.3114
vn -0.9894 0.1218 -0.0788
vn -0.9894 0.1219 0.0788
vn -0.9431 0.1161 0.3115
vn -0.8002 0.0985 0.5916
vn -0.5785 0.0712 0.8125
vn -0.3005 0.0370 0.9531
vn -0.1549 0.0191 0.9877
vn -0.3039 0.0019 -0.9527
vn -0.1564 0.0010 -0.9877
vn -0.5838 0.0037 -0.8119
vn -0.8068 0.0051 -0.5908
vn -0.9504 0.0060 -0.3109
vn -0.9969 0.0062 -0.0786
vn -0.9969 0.0062 0.0786
vn -0.9504 0.0060 0.3109
vn -0.8068 0.0051 0.5909
vn -0.5839 0.0037 0.8119
vn -0.3039 0.0019 0.9527
vn -0.1562 0.0010 0.9877
vn -0.3029 -0.0291 -0.9526
vn -0.1557 -0.0150 -0.9877
vn -0.5814 -0.0559 -0.8117
vn -0.8033 -0.0772 -0.5906
vn -0.9461 -0.0909 -0.3108
vn -0.9923 -0.0953 -0.0786
vn -0.9923 -0.0953 0.0786
vn -0.9461 -0.0909 0.3108
vn -0.8032 -0.0772 0.5907
vn -0.5815 -0.0559 0.8116
vn -0.3029 -0.0291 0.9526
vn -0.1555 -0.0149 0.9877
vn -0.2977 -0.0603 -0.9528
vn -0.1533 -0.0310 -0.9877
vn -0.5720 -0.1159 -0.8120
vn -0.7906 -0.1602 -0.5910
vn -0.9314 -0.1887 -0.3111
vn -0.9770 -0.1980 -0.0788
vn -0.9770 -0.1980 0.0788
vn -0.9314 -0.1888 0.3112
vn -0.7906 -0.1602 0.5910
vn -0.5721 -0.1160 0.8119
vn -0.2977 -0.0603 0.9528
vn -0.1531 -0.0310 0.9877
vn -0.2881 -0.0941 -0.9530
vn -0.1486 -0.0485 -0.9877
vn -0.5542 -0.1811 -0.8124
vn -0.7665 -0.2505 -0.5914
vn -0.9033 -0.2952 -0.3113
vn -0.9476 -0.3096 -0.0789
vn -0.9476 -0.3096 0.0788
vn -0.9033 -0.2952 0.3114
vn -0.7665 -0.2504 0.5914
vn -0.5543 -0.1811 0.8124
vn -0.2881 -0.0941 0.9530
vn -0.1484 -0.0485 0.9877
vn -0.2730 -0.1300 -0.9532
vn -0.1411 -0.0672 -0.9877
vn -0.5258 -0.2505 -0.8129
vn -0.7277 -0.3466 -0.5918
vn -0.8579 -0.4086 -0.3116
vn -0.9000 -0.4287 -0.0790
vn -0.9000 -0.4287 0.0790
vn -0.8578 -0.4086 0.3117
vn -0.7277 -0.3466 0.5919
vn -0.5259 -0.2505 0.8128
vn -0.2730 -0.1300 0.9532
vn -0.1409 -0.0671 0.9878
vn -0.2514 -0.1668 -0.9534
vn -0.1301 -0.0863 -0.9877
vn -0.4849 -0.3217 -0.8132
vn -0.6714 -0.4454 -0.5922
vn -0.7917 -0.5252 -0.3119
vn -0.8307 -0.5511 -0.0791
vn -0.8307 -0.5511 0.0791
vn -0.7917 -0.5252 0.3120
vn -0.6714 -0.4454 0.5923
vn -0.4850 -0.3217 0.8132
vn -0.2514 -0.1668 0.9534
vn -0.1300 -0.0863 0.9878
vn -0.2231 -0.2026 -0.9535
vn -0.1156 -0.1049 -0.9877
vn -0.4306 -0.3909 -0.8135
vn -0.5964 -0.5414 -0.5926
vn -0.7035 -0.6385 -0.3121
vn -0.7382 -0.6700 -0.0790
vn -0.7382 -0.6700 0.0790
vn -0.7035 -0.6385 0.3121
vn -0.5964 -0.5413 0.5926
vn -0.4306 -0.3909 0.8135
vn -0.2231 -0.2025 0.9535
vn -0.1155 -0.1048 0.9878
vn -0.1886 -0.2348 -0.9536
vn -0.0978 -0.1217 -0.9877
vn -0.3642 -0.4532 -0.8136
vn -0.5045 -0.6278 -0.5927
vn -0.5951 -0.7405 -0.3121
vn -0.6245 -0.7771 -0.0790
vn -0.6245 -0.7770 0.0790
vn -0.5951 -0.7405 0.3122
vn -0.5045 -0.6278 0.5927
vn -0.3642 -0.4533 0.8136
vn -0.1886 -0.2347 0.9536
vn -0.0977 -0.1214 0.9878
vn -0.1499 -0.2614 -0.9535
vn -0.0777 -0.1354 -0.9877
vn -0.2894 -0.5045 -0.8135
vn -0.4008 -0.6987 -0.5926
vn -0.4727 -0.8241 -0.3121
vn -0.4960 -0.8647 -0.0790
vn -0.4960 -0.8647 0.0790
vn -0.4727 -0.8241 0.3121
vn -0.4008 -0.6987 0.5926
vn -0.2894 -0.5045 0.8134
vn -0.1499 -0.2614 0.9535
vn -0.0776 -0.1353 0.9878
vn -0.1095 -0.2813 -0.9533
vn -0.0567 -0.1456 -0.9877
vn -0.2112 -0.5424 -0.8131
vn -0.2924 -0.7509 -0.5922
vn -0.3448 -0.8854 -0.3118
vn -0.3618 -0.9289 -0.0789
vn -0.3618 -0.9289 0.0789
vn -0.3448 -0.8854 0.3118
vn -0.2924 -0.7509 0.5922
vn -0.2112 -0.5425 0.8131
vn -0.1095 -0.2813 0.9533
vn -0.0566 -0.1454 0.9878
vn -0.0700 -0.2944 -0.9531
vn -0.0362 -0.1520 -0.9877
vn -0.1348 -0.5669 -0.8127
vn -0.1865 -0.7843 -0.5917
vn -0.2199 -0.9245 -0.3115
vn -0.2307 -0.9698 -0.0789
vn -0.2307 -0.9698 0.0789
vn -0.2199 -0.9244 0.3115
vn -0.1865 -0.7843 0.5917
vn -0.1349 -0.5669 0.8126
vn -0.0700 -0.2943 0.9531
vn -0.0361 -0.1518 0.9878
vn -0.0333 -0.3016 -0.9528
vn -0.0172 -0.1555 -0.9877
vn -0.0640 -0.5798 -0.8123
vn -0.0885 -0.8016 -0.5912
vn -0.1043 -0.9446 -0.3111
vn -0.1094 -0.9909 -0.0788
vn -0.1094 -0.9909 0.0788
vn -0.1043 -0.9446 0.3112
vn -0.0885 -0.8016 0.5912
vn -0.0640 -0.5798 0.8122
vn -0.0333 -0.3016 0.9529
vn -0.0171 -0.1552 0.9877
vn -0.0080 -0.3066 -0.9518
vn -0.0041 -0.1567 -0.9876
vn -0.0152 -0.5857 -0.8104
vn -0.0210 -0.8077 -0.5892
vn -0.0247 -0.9505 -0.3098
vn -0.0259 -0.9966 -0.0786
vn -0.0259 -0.9966 0.0786
vn -0.0247 -0.9505 0.3098
vn -0.0210 -0.8077 0.5892
vn -0.0152 -0.5858 0.8103
vn -0.0080 -0.3066 0.9518
vn -0.0041 -0.1564 0.9877
vn 0.1204 -0.1205 -0.9854
vn 0.6320 -0.6320 0.4486
vn 0.4665 -0.4666 0.7515
vn 0.2883 -0.2882 0.9132
vn 0.1203 -0.1204 0.9854
vn 0.0787 -0.0787 0.9938
vn 0.1204 0.1204 -0.9854
vn 0.0788 0.0788 -0.9938
vn 0.2882 0.2881 -0.9132
vn 0.4665 0.4666 -0.7514
vn 0.6320 0.6320 -0.4485
vn 0.7024 0.7023 -0.1157
vn 0.7024 0.7023 0.1157
vn 0.6320 0.6320 0.4486
vn 0.4665 0.4666 0.7514
vn 0.2883 0.2882 0.9131
vn 0.1203 0.1204 0.9854
vn 0.0787 0.0787 0.9938
vn -0.1980 -0.1981 -0.9600
vn -0.0788 0.0787 -0.9938
vn -0.0788 -0.0788 -0.9938
vn -0.3610 -0.3610 -0.8599
vn -0.3610 0.3610 -0.8599
vn -0.5225 -0.5227 -0.6736
vn -0.5225 0.5227 -0.6736
vn -0.7032 -0.7032 -0.1050
vn -0.7032 0.7032 -0.1050
vn -0.7032 -0.7032 0.1050
vn -0.7032 0.7032 0.1050
vn -0.6542 -0.6543 0.3794
vn -0.6542 0.6543 0.3794
vn -0.5225 -0.5226 0.6737
vn -0.5225 0.5226 0.6737
vn -0.3610 -0.3609 0.8599
vn -0.3610 0.3609 0.8599
vn -0.1980 -0.1980 0.9600
vn -0.1980 0.1979 0.9600
vn 0.1980 0.1980 -0.9600
vn 0.0787 0.0787 -0.9938
vn 0.3610 0.3610 -0.8599
vn 0.5226 0.5227 -0.6736
vn 0.6543 0.6543 -0.3792
vn 0.7032 0.7032 -0.1049
vn 0.7032 0.7032 0.1049
vn 0.6543 0.6543 0.3793
vn 0.5225 0.5226 0.6737
vn 0.3610 0.3609 0.8599
vn 0.1980 0.1979 0.9600
vn 0.1980 -0.1981 -0.9600
vn 0.0787 -0.0788 -0.9938
vn 0.3610 -0.3610 -0.8599
vn 0.5226 -0.5227 -0.6736
vn 0.6543 -0.6543 -0.3792
vn 0.7032 -0.7032 -0.1049
vn 0.7032 -0.7032 0.1049
vn 0.6543 -0.6543 0.3793
vn 0.5225 -0.5226 0.6737
vn 0.3610 -0.3609 0.8599
vn 0.1980 -0.1980 0.9600
vn 0.1784 0.0905 -0.9798
vn 0.0638 0.0324 -0.9974
vn -0.0787 0.0788 -0.9938
vn -0.3610 0.3610 -0.8598
vn 0.3361 0.1708 -0.9262
vn 0.5392 0.2738 -0.7964
vn -0.6542 0.6543 -0.3794
vn 0.7734 0.3928 -0.4976
vn 0.8810 0.4475 -0.1536
vn 0.8810 0.4474 0.1536
vn 0.7734 0.3928 0.4976
vn -0.5225 0.5226 0.6736
vn 0.5392 0.2739 0.7964
vn -0.3611 0.3610 0.8598
vn 0.3361 0.1708 0.9262
vn -0.1980 0.1980 0.9600
vn 0.1784 0.0905 0.9798
vn -0.0787 0.0788 0.9938
vn 0.0638 0.0325 0.9974
vn 0.0847 0.0430 -0.9955
vn 0.2292 0.1164 -0.9664
vn 0.4173 0.2119 -0.8837
vn 0.6859 0.3483 -0.6389
vn 0.8761 0.4449 -0.1857
vn 0.8761 0.4449 0.1857
vn 0.6859 0.3484 0.6389
vn 0.4173 0.2119 0.8837
vn 0.2292 0.1163 0.9664
vn 0.0847 0.0431 0.9955
vn 0.0788 0.0787 -0.9938
vn 0.3609 0.3609 -0.8599
vn 0.5226 0.5226 -0.6737
vn 0.6543 0.6542 -0.3792
vn 0.7032 0.7032 -0.1048
vn 0.7032 0.7032 0.1048
vn 0.6543 0.6543 0.3792
vn 0.1981 0.1980 0.9600
vn 0.3609 -0.3610 -0.8599
vn 0.5226 -0.5226 -0.6736
vn 0.6543 -0.6542 0.3792
vn 0.5226 -0.5226 0.6736
vn 0.3610 -0.3611 0.8599
vn -0.1783 -0.0906 -0.9798
vn -0.0639 -0.0324 -0.9974
vn -0.3361 -0.1708 -0.9262
vn -0.5393 -0.2738 -0.7964
vn -0.7734 -0.3927 -0.4976
vn -0.8810 -0.4474 -0.1536
vn -0.8810 -0.4475 0.1536
vn -0.7734 -0.3928 0.4976
vn -0.5392 -0.2738 0.7964
vn -0.3361 -0.1708 0.9262
vn -0.1784 -0.0906 0.9798
vn -0.0638 -0.0324 0.9974
vn -0.0848 -0.0430 -0.9955
vn -0.0638 -0.0324 -0.9974
vn -0.2291 -0.1163 -0.9664
vn -0.4173 -0.2120 -0.8837
vn -0.6860 -0.3483 -0.6388
vn -0.8761 -0.4449 -0.1857
vn -0.8761 -0.4449 0.1857
vn -0.6859 -0.3483 0.6389
vn -0.4173 -0.2119 0.8837
vn -0.2292 -0.1164 0.9664
vn -0.0847 -0.0431 0.9955
vn -0.0638 -0.0325 0.9974
vn -0.1979 -0.1980 -0.9600
vn -0.3611 -0.3609 -0.8599
vn -0.5226 -0.5227 -0.6736
vn -0.6542 -0.6543 -0.3794
vn -0.3611 -0.3609 0.8599
vn -0.1980 -0.1981 0.9600
vn -0.0787 -0.0787 0.9938
vn -0.1981 0.1979 -0.9600
vn 0.1783 0.0905 -0.9798
vn -0.0787 0.0787 -0.9938
vn 0.5393 0.2739 -0.7964
vn -0.6543 0.6543 -0.3792
vn 0.8811 0.4474 -0.1536
vn -0.6543 0.6542 0.3793
vn 0.5392 0.2738 0.7964
vn -0.3610 0.3610 0.8599
vn 0.3361 0.1707 0.9262
vn -0.1981 0.1980 0.9600
vn 0.2291 0.1164 -0.9664
vn 0.4174 0.2120 -0.8837
vn 0.6859 0.3483 0.6389
vn 0.3611 0.3610 -0.8599
vn 0.5226 0.5226 -0.6736
vn 0.6542 0.6543 -0.3794
vn 0.7032 0.7032 -0.1050
vn 0.7032 0.7032 0.1050
vn 0.6542 0.6543 0.3794
vn 0.3611 0.3609 0.8599
vn 0.1980 0.1980 0.9600
vn 0.6542 -0.6543 -0.3793
vn 0.7032 -0.7032 -0.1050
vn 0.7032 -0.7032 0.1050
vn 0.6542 -0.6543 0.3794
vn 0.5225 -0.5226 0.6736
vn 0.3611 -0.3610 0.8598
vn 0.1980 -0.1981 0.9600
vn -0.5392 -0.2738 -0.7964
vn -0.7734 -0.3927 -0.4975
vn -0.8810 -0.4475 -0.1536
vn -0.7734 -0.3927 0.4976
vn -0.5392 -0.2739 0.7964
vn -0.3362 -0.1708 0.9262
vn -0.0847 -0.0430 -0.9955
vn -0.2291 -0.1164 -0.9664
vn -0.4174 -0.2120 -0.8837
vn -0.6859 -0.3483 -0.6389
vn -0.8761 -0.4450 -0.1857
vn -0.8761 -0.4450 0.1857
vn -0.1981 -0.1980 -0.9600
vn -0.5225 -0.5226 -0.6737
vn -0.6543 -0.6542 -0.3793
vn -0.6543 -0.6542 0.3793
vn -0.3610 -0.3610 0.8599
vn -0.1981 -0.1981 0.9600
vn -0.1679 -0.2603 -0.9508
vn -0.1183 -0.1835 -0.9759
vn -0.0716 -0.1109 -0.9912
vn -0.0716 -0.1110 -0.9912
vn -0.3035 -0.4707 -0.8284
vn -0.2622 -0.4066 -0.8752
vn -0.4237 -0.6568 -0.6237
vn -0.3971 -0.6158 -0.6805
vn -0.5100 -0.7908 -0.3384
vn -0.5013 -0.7774 -0.3800
vn -0.5398 -0.8369 -0.0901
vn -0.5396 -0.8364 -0.0961
vn -0.5398 -0.8369 0.0901
vn -0.5395 -0.8365 0.0961
vn -0.5100 -0.7908 0.3384
vn -0.5013 -0.7773 0.3801
vn -0.4237 -0.6568 0.6237
vn -0.3971 -0.6157 0.6806
vn -0.3036 -0.4708 0.8284
vn -0.2623 -0.4066 0.8751
vn -0.1679 -0.2603 0.9508
vn -0.1183 -0.1834 0.9759
vn -0.0715 -0.1108 0.9913
vn 0.1190 -0.1803 -0.9764
vn 0.0722 -0.1095 -0.9914
vn 0.2646 -0.4011 -0.8770
vn 0.4021 -0.6092 -0.6835
vn 0.5087 -0.7712 -0.3827
vn 0.5482 -0.8307 -0.0968
vn 0.5482 -0.8307 0.0968
vn 0.5087 -0.7712 0.3827
vn 0.4021 -0.6092 0.6835
vn 0.2647 -0.4012 0.8769
vn 0.1190 -0.1803 0.9764
vn 0.0721 -0.1093 0.9914
vn 0.1700 -0.2577 -0.9511
vn 0.3075 -0.4661 -0.8296
vn 0.4296 -0.6512 -0.6256
vn 0.5180 -0.7849 -0.3399
vn 0.5484 -0.8313 -0.0906
vn 0.5484 -0.8313 0.0906
vn 0.5180 -0.7849 0.3399
vn 0.4296 -0.6512 0.6256
vn 0.3076 -0.4661 0.8296
vn 0.1700 -0.2577 0.9511
vn 0.0722 -0.1093 0.9914
vn -0.1953 -0.1290 -0.9722
vn -0.0726 -0.0479 -0.9962
vn -0.3629 -0.2397 -0.9005
vn -0.5569 -0.3676 -0.7448
vn -0.7477 -0.4938 -0.4439
vn -0.8274 -0.5463 -0.1303
vn -0.8274 -0.5463 0.1303
vn -0.7477 -0.4938 0.4439
vn -0.5568 -0.3676 0.7448
vn -0.3629 -0.2397 0.9005
vn -0.1954 -0.1290 0.9722
vn -0.0725 -0.0479 0.9962
vn -0.1701 0.2576 -0.9512
vn -0.0722 0.1093 -0.9914
vn -0.3076 0.4659 -0.8297
vn -0.4298 0.6510 -0.6257
vn -0.5182 0.7848 -0.3400
vn -0.5487 0.8311 -0.0908
vn -0.5487 0.8311 0.0908
vn -0.5182 0.7848 0.3400
vn -0.4298 0.6510 0.6257
vn -0.3076 0.4659 0.8296
vn -0.1701 0.2577 0.9511
vn -0.0722 0.1093 0.9914
vn 0.1686 0.2594 -0.9509
vn 0.0718 0.1104 -0.9913
vn 0.3049 0.4692 -0.8288
vn 0.4256 0.6551 -0.6243
vn 0.5127 0.7889 -0.3389
vn 0.5427 0.8351 -0.0903
vn 0.5427 0.8351 0.0903
vn 0.5126 0.7889 0.3389
vn 0.4256 0.6551 0.6243
vn 0.3049 0.4693 0.8287
vn 0.1686 0.2596 0.9509
vn 0.0717 0.1103 0.9913
vn 0.1945 -0.1264 -0.9727
vn 0.0721 -0.0469 -0.9963
vn 0.3618 -0.2351 -0.9021
vn 0.5567 -0.3616 -0.7479
vn 0.7501 -0.4874 -0.4469
vn 0.8312 -0.5402 -0.1315
vn 0.8312 -0.5402 0.1315
vn 0.7501 -0.4874 0.4469
vn 0.5566 -0.3616 0.7479
vn 0.3618 -0.2352 0.9021
vn 0.1946 -0.1264 0.9727
vn 0.0721 -0.0468 0.9963
vn -0.1008 0.0655 -0.9927
vn 0.0011 -0.0801 -0.9968
vn 0.0009 -0.0624 -0.9981
vn -0.0722 0.0470 -0.9963
vn -0.2615 0.1699 -0.9501
vn 0.0031 -0.2219 -0.9751
vn -0.4580 0.2973 -0.8378
vn 0.0057 -0.4135 -0.9105
vn -0.6952 0.4514 -0.5595
vn 0.0097 -0.7178 -0.6962
vn -0.8288 0.5382 -0.1528
vn 0.0134 -0.9766 -0.2147
vn -0.8288 0.5382 0.1528
vn 0.0133 -0.9766 0.2146
vn -0.6951 0.4513 0.5596
vn 0.0097 -0.7177 0.6962
vn -0.4580 0.2974 0.8377
vn 0.0057 -0.4134 0.9105
vn -0.2616 0.1699 0.9501
vn 0.0031 -0.2220 0.9750
vn -0.1007 0.0654 0.9928
vn 0.0011 -0.0800 0.9968
vn -0.0721 0.0468 0.9963
vn 0.0009 -0.0623 0.9981
vn 0.1026 0.0687 -0.9923
vn 0.0730 0.0489 -0.9961
vn 0.2649 0.1772 -0.9479
vn 0.4613 0.3086 -0.8318
vn 0.6938 0.4642 -0.5506
vn 0.8218 0.5498 -0.1496
vn 0.8218 0.5498 0.1496
vn 0.6938 0.4641 0.5507
vn 0.4613 0.3086 0.8318
vn 0.2650 0.1773 0.9478
vn 0.1026 0.0686 0.9924
vn 0.0729 0.0487 0.9961
vn -0.4113 0.9115 -0.0000
vn 0.9893 0.1462 -0.0000
vn -0.6158 -0.7879 -0.0000
vn -0.8121 -0.5835 -0.0000
vn 0.8121 0.5835 -0.0000
vn 0.5835 -0.8121 -0.0000
vn -0.5835 0.8121 -0.0000
vn -0.3731 0.6462 -0.6657
vn -0.3731 0.6462 0.6657
vn -0.0974 0.7398 0.6657
vn -0.0974 0.7398 -0.6657
vn 0.1931 0.7208 0.6657
vn 0.1931 0.7208 -0.6657
vn 0.4543 0.5920 0.6657
vn 0.4543 0.5920 -0.6657
vn 0.6462 0.3731 0.6657
vn 0.6462 0.3731 -0.6657
vn 0.7398 0.0974 0.6657
vn 0.7398 0.0974 -0.6657
vn 0.7208 -0.1931 0.6657
vn 0.7208 -0.1931 -0.6657
vn 0.5920 -0.4543 0.6657
vn 0.5920 -0.4543 -0.6657
vn 0.3731 -0.6462 0.6657
vn 0.3731 -0.6462 -0.6657
vn 0.0974 -0.7398 0.6657
vn 0.0974 -0.7398 -0.6657
vn -0.1931 -0.7208 0.6657
vn -0.1931 -0.7208 -0.6657
vn -0.4543 -0.5920 0.6657
vn -0.4543 -0.5920 -0.6657
vn -0.6462 -0.3731 0.6657
vn -0.6462 -0.3731 -0.6657
vn -0.7398 -0.0974 0.6657
vn -0.7398 -0.0974 -0.6657
vn -0.7208 0.1931 0.6657
vn -0.7208 0.1931 -0.6657
vn -0.5920 0.4543 0.6657
vn -0.5920 0.4543 -0.6657
vn -0.0000 0.3420 -0.9397
vn -0.0000 -0.3420 0.9397
vn -0.0000 -0.9397 -0.3420
vn -0.0000 0.9397 0.3420
vn -0.0000 -0.9914 -0.1305
vn 0.4954 -0.8612 -0.1134
vn 0.4954 -0.8687 -0.0000
vn 0.8613 -0.5037 -0.0663
vn 0.8614 -0.5080 -0.0000
vn 0.9999 -0.0107 -0.0014
vn 0.9999 -0.0108 -0.0000
vn 0.8707 0.4876 0.0642
vn 0.8707 0.4918 -0.0000
vn 0.5047 0.8559 0.1127
vn 0.5047 0.8633 -0.0000
vn -0.0000 0.9914 0.1305
vn -0.5047 0.8559 0.1127
vn -0.5047 0.8633 -0.0000
vn -0.8707 0.4876 0.0642
vn -0.8707 0.4918 -0.0000
vn -0.9999 -0.0107 -0.0014
vn -0.9999 -0.0108 -0.0000
vn -0.8614 -0.5037 -0.0663
vn -0.8614 -0.5080 -0.0000
vn -0.4954 -0.8612 -0.1134
vn -0.4954 -0.8687 -0.0000
vn -0.0000 -0.9659 -0.2588
vn 0.4954 -0.8391 -0.2248
vn 0.8614 -0.4907 -0.1315
vn 0.9999 -0.0104 -0.0028
vn 0.8707 0.4751 0.1273
vn 0.5047 0.8339 0.2234
vn -0.0000 0.9659 0.2588
vn -0.5047 0.8339 0.2234
vn -0.8707 0.4751 0.1273
vn -0.9999 -0.0104 -0.0028
vn -0.8614 -0.4907 -0.1315
vn -0.4954 -0.8391 -0.2248
vn -0.0000 -0.9239 -0.3827
vn 0.4954 -0.8025 -0.3324
vn 0.8614 -0.4693 -0.1944
vn 0.9999 -0.0100 -0.0041
vn 0.8707 0.4544 0.1882
vn 0.5047 0.7976 0.3304
vn -0.0000 0.9239 0.3827
vn -0.5047 0.7976 0.3304
vn -0.8707 0.4544 0.1882
vn -0.9999 -0.0100 -0.0041
vn -0.8614 -0.4693 -0.1944
vn -0.4954 -0.8025 -0.3324
vn -0.0000 -0.8660 -0.5000
vn 0.4954 -0.7523 -0.4343
vn 0.8614 -0.4399 -0.2540
vn 0.9999 -0.0093 -0.0054
vn 0.8707 0.4260 0.2459
vn 0.5047 0.7476 0.4316
vn -0.0000 0.8660 0.5000
vn -0.5047 0.7476 0.4316
vn -0.8707 0.4259 0.2459
vn -0.9999 -0.0093 -0.0054
vn -0.8614 -0.4399 -0.2540
vn -0.4954 -0.7523 -0.4343
vn -0.0000 -0.7934 -0.6088
vn 0.4954 -0.6892 -0.5288
vn 0.8614 -0.4030 -0.3092
vn 0.9999 -0.0086 -0.0066
vn 0.8707 0.3902 0.2994
vn 0.5047 0.6849 0.5255
vn -0.0000 0.7934 0.6088
vn -0.5047 0.6849 0.5255
vn -0.8707 0.3902 0.2994
vn -0.9999 -0.0086 -0.0066
vn -0.8614 -0.4030 -0.3092
vn -0.4954 -0.6892 -0.5288
vn -0.0000 -0.7071 -0.7071
vn 0.4954 -0.6142 -0.6142
vn 0.8614 -0.3592 -0.3592
vn 0.9999 -0.0076 -0.0076
vn 0.8707 0.3478 0.3478
vn 0.5047 0.6104 0.6104
vn -0.0000 0.7071 0.7071
vn -0.5047 0.6104 0.6104
vn -0.8707 0.3478 0.3478
vn -0.9999 -0.0076 -0.0076
vn -0.8614 -0.3592 -0.3592
vn -0.4954 -0.6142 -0.6142
vn -0.0000 -0.6088 -0.7934
vn 0.4954 -0.5288 -0.6892
vn 0.8614 -0.3092 -0.4030
vn 0.9999 -0.0066 -0.0085
vn 0.8707 0.2994 0.3902
vn 0.5047 0.5255 0.6849
vn -0.0000 0.6088 0.7934
vn -0.5047 0.5255 0.6849
vn -0.8707 0.2994 0.3902
vn -0.9999 -0.0066 -0.0086
vn -0.8614 -0.3092 -0.4030
vn -0.4954 -0.5288 -0.6892
vn -0.0000 -0.5000 -0.8660
vn 0.4954 -0.4343 -0.7523
vn 0.8614 -0.2540 -0.4399
vn 0.9999 -0.0054 -0.0093
vn 0.8707 0.2459 0.4259
vn 0.5047 0.4316 0.7476
vn -0.0000 0.5000 0.8660
vn -0.5047 0.4316 0.7476
vn -0.8707 0.2459 0.4259
vn -0.9999 -0.0054 -0.0093
vn -0.8614 -0.2540 -0.4399
vn -0.4954 -0.4343 -0.7523
vn -0.0000 -0.3827 -0.9239
vn 0.4954 -0.3324 -0.8025
vn 0.8614 -0.1944 -0.4693
vn 0.9999 -0.0041 -0.0100
vn 0.8707 0.1882 0.4544
vn 0.5047 0.3304 0.7976
vn -0.0000 0.3827 0.9239
vn -0.5047 0.3304 0.7976
vn -0.8707 0.1882 0.4544
vn -0.9999 -0.0041 -0.0100
vn -0.8614 -0.1944 -0.4693
vn -0.4954 -0.3324 -0.8025
vn -0.0000 -0.2588 -0.9659
vn 0.4954 -0.2248 -0.8391
vn 0.8614 -0.1315 -0.4907
vn 0.9999 -0.0028 -0.0104
vn 0.8707 0.1273 0.4751
vn 0.5047 0.2234 0.8339
vn -0.0000 0.2588 0.9659
vn -0.5047 0.2234 0.8339
vn -0.8707 0.1273 0.4751
vn -0.9999 -0.0028 -0.0104
vn -0.8614 -0.1315 -0.4907
vn -0.4954 -0.2248 -0.8391
vn -0.0000 -0.1305 -0.9914
vn 0.4954 -0.1134 -0.8612
vn 0.8614 -0.0663 -0.5037
vn 0.9999 -0.0014 -0.0107
vn 0.8707 0.0642 0.4876
vn 0.5047 0.1127 0.8559
vn -0.0000 0.1305 0.9914
vn -0.5047 0.1127 0.8559
vn -0.8707 0.0642 0.4876
vn -0.9999 -0.0014 -0.0107
vn -0.8614 -0.0663 -0.5036
vn -0.4954 -0.1134 -0.8612
vn 0.4954 -0.0000 -0.8687
vn 0.8614 -0.0000 -0.5080
vn 0.9999 -0.0000 -0.0108
vn 0.8707 -0.0000 0.4918
vn 0.5047 -0.0000 0.8633
vn -0.5047 -0.0000 0.8633
vn -0.8707 -0.0000 0.4918
vn -0.9999 -0.0000 -0.0108
vn -0.8614 -0.0000 -0.5080
vn -0.4954 -0.0000 -0.8687
vn -0.0000 0.1305 -0.9914
vn 0.4954 0.1134 -0.8612
vn 0.8614 0.0663 -0.5037
vn 0.9999 0.0014 -0.0107
vn 0.8707 -0.0642 0.4876
vn 0.5047 -0.1127 0.8559
vn -0.0000 -0.1305 0.9914
vn -0.5047 -0.1127 0.8559
vn -0.8707 -0.0642 0.4876
vn -0.9999 0.0014 -0.0107
vn -0.8614 0.0663 -0.5036
vn -0.4954 0.1134 -0.8612
vn -0.0000 0.2588 -0.9659
vn 0.4954 0.2248 -0.8391
vn 0.8614 0.1315 -0.4907
vn 0.9999 0.0028 -0.0104
vn 0.8707 -0.1273 0.4751
vn 0.5047 -0.2234 0.8339
vn -0.0000 -0.2588 0.9659
vn -0.5047 -0.2234 0.8339
vn -0.8707 -0.1273 0.4751
vn -0.9999 0.0028 -0.0104
vn -0.8614 0.1315 -0.4907
vn -0.4954 0.2248 -0.8391
vn -0.0000 0.3827 -0.9239
vn 0.4954 0.3324 -0.8025
vn 0.8614 0.1944 -0.4693
vn 0.9999 0.0041 -0.0100
vn 0.8707 -0.1882 0.4544
vn 0.5047 -0.3304 0.7976
vn -0.0000 -0.3827 0.9239
vn -0.5047 -0.3304 0.7976
vn -0.8707 -0.1882 0.4544
vn -0.9999 0.0041 -0.0100
vn -0.8614 0.1944 -0.4693
vn -0.4954 0.3324 -0.8025
vn -0.0000 0.5000 -0.8660
vn 0.4954 0.4343 -0.7523
vn 0.8614 0.2540 -0.4399
vn 0.9999 0.0054 -0.0093
vn 0.8707 -0.2459 0.4259
vn 0.5047 -0.4316 0.7476
vn -0.0000 -0.5000 0.8660
vn -0.5047 -0.4316 0.7476
vn -0.8707 -0.2459 0.4259
vn -0.9999 0.0054 -0.0093
vn -0.8614 0.2540 -0.4399
vn -0.4954 0.4343 -0.7523
vn -0.0000 0.6088 -0.7934
vn 0.4954 0.5288 -0.6892
vn 0.8614 0.3093 -0.4030
vn 0.9999 0.0066 -0.0086
vn 0.8707 -0.2994 0.3902
vn 0.5047 -0.5255 0.6849
vn -0.0000 -0.6088 0.7934
vn -0.5047 -0.5255 0.6849
vn -0.8707 -0.2994 0.3902
vn -0.9999 0.0066 -0.0086
vn -0.8614 0.3092 -0.4030
vn -0.4954 0.5288 -0.6892
vn -0.0000 0.7071 -0.7071
vn 0.4954 0.6142 -0.6142
vn 0.8614 0.3592 -0.3592
vn 0.9999 0.0076 -0.0076
vn 0.8707 -0.3478 0.3478
vn 0.5047 -0.6104 0.6104
vn -0.0000 -0.7071 0.7071
vn -0.5047 -0.6104 0.6104
vn -0.8707 -0.3478 0.3478
vn -0.9999 0.0076 -0.0076
vn -0.8614 0.3592 -0.3592
vn -0.4954 0.6142 -0.6142
vn -0.0000 0.7934 -0.6088
vn 0.4954 0.6892 -0.5288
vn 0.8614 0.4030 -0.3092
vn 0.9999 0.0086 -0.0066
vn 0.8707 -0.3902 0.2994
vn 0.5047 -0.6849 0.5255
vn -0.0000 -0.7934 0.6088
vn -0.5047 -0.6849 0.5255
vn -0.8707 -0.3902 0.2994
vn -0.9999 0.0086 -0.0066
vn -0.8614 0.4030 -0.3092
vn -0.4954 0.6892 -0.5288
vn -0.0000 0.8660 -0.5000
vn 0.4954 0.7523 -0.4343
vn 0.8614 0.4399 -0.2540
vn 0.9999 0.0093 -0.0054
vn 0.8707 -0.4260 0.2459
vn 0.5047 -0.7476 0.4316
vn -0.0000 -0.8660 0.5000
vn -0.5047 -0.7476 0.4316
vn -0.8707 -0.4259 0.2459
vn -0.9999 0.0093 -0.0054
vn -0.8614 0.4399 -0.2540
vn -0.4954 0.7523 -0.4343
vn -0.0000 0.9239 -0.3827
vn 0.4954 0.8025 -0.3324
vn 0.8614 0.4693 -0.1944
vn 0.9999 0.0100 -0.0041
vn 0.8707 -0.4544 0.1882
vn 0.5047 -0.7976 0.3304
vn -0.0000 -0.9239 0.3827
vn -0.5047 -0.7976 0.3304
vn -0.8707 -0.4544 0.1882
vn -0.9999 0.0100 -0.0041
vn -0.8614 0.4693 -0.1944
vn -0.4954 0.8025 -0.3324
vn -0.0000 0.9659 -0.2588
vn 0.4954 0.8391 -0.2248
vn 0.8614 0.4907 -0.1315
vn 0.9999 0.0104 -0.0028
vn 0.8707 -0.4751 0.1273
vn 0.5047 -0.8339 0.2234
vn -0.0000 -0.9659 0.2588
vn -0.5047 -0.8339 0.2234
vn -0.8707 -0.4751 0.1273
vn -0.9999 0.0104 -0.0028
vn -0.8614 0.4907 -0.1315
vn -0.4954 0.8391 -0.2248
vn -0.0000 0.9914 -0.1305
vn 0.4954 0.8612 -0.1134
vn 0.8614 0.5037 -0.0663
vn 0.9999 0.0107 -0.0014
vn 0.8707 -0.4876 0.0642
vn 0.5047 -0.8559 0.1127
vn -0.0000 -0.9914 0.1305
vn -0.5047 -0.8559 0.1127
vn -0.8707 -0.4876 0.0642
vn -0.9999 0.0107 -0.0014
vn -0.8614 0.5036 -0.0663
vn -0.4954 0.8612 -0.1134
vn 0.4954 0.8687 -0.0000
vn 0.8614 0.5080 -0.0000
vn 0.9999 0.0108 -0.0000
vn 0.8707 -0.4918 -0.0000
vn 0.5047 -0.8633 -0.0000
vn -0.5047 -0.8633 -0.0000
vn -0.8707 -0.4918 -0.0000
vn -0.9999 0.0108 -0.0000
vn -0.8614 0.5080 -0.0000
vn -0.4954 0.8687 -0.0000
vn 0.4954 0.8612 0.1134
vn 0.8614 0.5037 0.0663
vn 0.9999 0.0107 0.0014
vn 0.8707 -0.4876 -0.0642
vn 0.5047 -0.8559 -0.1127
vn -0.5047 -0.8559 -0.1127
vn -0.8707 -0.4876 -0.0642
vn -0.9999 0.0107 0.0014
vn -0.8614 0.5036 0.0663
vn -0.4954 0.8612 0.1134
vn 0.4954 0.8391 0.2248
vn 0.8614 0.4907 0.1315
vn 0.9999 0.0104 0.0028
vn 0.8707 -0.4751 -0.1273
vn 0.5047 -0.8339 -0.2234
vn -0.5047 -0.8339 -0.2234
vn -0.8707 -0.4751 -0.1273
vn -0.9999 0.0104 0.0028
vn -0.8614 0.4907 0.1315
vn -0.4954 0.8391 0.2248
vn 0.4954 0.8025 0.3324
vn 0.8614 0.4693 0.1944
vn 0.9999 0.0100 0.0041
vn 0.8707 -0.4544 -0.1882
vn 0.5047 -0.7976 -0.3304
vn -0.5047 -0.7976 -0.3304
vn -0.8707 -0.4544 -0.1882
vn -0.9999 0.0100 0.0041
vn -0.8614 0.4693 0.1944
vn -0.4954 0.8025 0.3324
vn 0.4954 0.7523 0.4343
vn 0.8614 0.4399 0.2540
vn 0.9999 0.0093 0.0054
vn 0.8707 -0.4260 -0.2459
vn 0.5047 -0.7476 -0.4316
vn -0.5047 -0.7476 -0.4316
vn -0.8707 -0.4259 -0.2459
vn -0.9999 0.0093 0.0054
vn -0.8614 0.4399 0.2540
vn -0.4954 0.7523 0.4343
vn 0.4954 0.6892 0.5288
vn 0.8614 0.4030 0.3093
vn 0.9999 0.0085 0.0066
vn 0.8707 -0.3902 -0.2994
vn 0.5047 -0.6849 -0.5255
vn -0.5047 -0.6849 -0.5255
vn -0.8707 -0.3902 -0.2994
vn -0.9999 0.0085 0.0066
vn -0.8614 0.4030 0.3092
vn -0.4954 0.6892 0.5288
vn 0.4954 0.6142 0.6142
vn 0.8614 0.3592 0.3592
vn 0.9999 0.0076 0.0076
vn 0.8707 -0.3478 -0.3478
vn 0.5047 -0.6104 -0.6104
vn -0.5047 -0.6104 -0.6104
vn -0.8707 -0.3478 -0.3478
vn -0.9999 0.0076 0.0076
vn -0.8614 0.3592 0.3592
vn -0.4954 0.6142 0.6142
vn 0.4954 0.5288 0.6892
vn 0.8614 0.3093 0.4030
vn 0.9999 0.0066 0.0085
vn 0.8707 -0.2994 -0.3902
vn 0.5047 -0.5255 -0.6849
vn -0.5047 -0.5255 -0.6849
vn -0.8707 -0.2994 -0.3902
vn -0.9999 0.0066 0.0086
vn -0.8614 0.3092 0.4030
vn -0.4954 0.5288 0.6892
vn 0.4954 0.4343 0.7523
vn 0.8614 0.2540 0.4399
vn 0.9999 0.0054 0.0093
vn 0.8707 -0.2459 -0.4259
vn 0.5047 -0.4316 -0.7476
vn -0.5047 -0.4316 -0.7476
vn -0.8707 -0.2459 -0.4259
vn -0.9999 0.0054 0.0093
vn -0.8614 0.2540 0.4399
vn -0.4954 0.4343 0.7523
vn 0.4954 0.3324 0.8025
vn 0.8614 0.1944 0.4693
vn 0.9999 0.0041 0.0100
vn 0.8707 -0.1882 -0.4544
vn 0.5047 -0.3304 -0.7976
vn -0.5047 -0.3304 -0.7976
vn -0.8707 -0.1882 -0.4544
vn -0.9999 0.0041 0.0100
vn -0.8614 0.1944 0.4693
vn -0.4954 0.3324 0.8025
vn 0.4954 0.2248 0.8391
vn 0.8614 0.1315 0.4907
vn 0.9999 0.0028 0.0104
vn 0.8707 -0.1273 -0.4751
vn 0.5047 -0.2234 -0.8339
vn -0.5047 -0.2234 -0.8339
vn -0.8707 -0.1273 -0.4751
vn -0.9999 0.0028 0.0104
vn -0.8614 0.1315 0.4907
vn -0.4954 0.2248 0.8391
vn 0.4954 0.1134 0.8612
vn 0.8614 0.0663 0.5037
vn 0.9999 0.0014 0.0107
vn 0.8707 -0.0642 -0.4876
vn 0.5047 -0.1127 -0.8559
vn -0.5047 -0.1127 -0.8559
vn -0.8707 -0.0642 -0.4876
vn -0.9999 0.0014 0.0107
vn -0.8614 0.0663 0.5036
vn -0.4954 0.1134 0.8612
vn 0.4954 -0.0000 0.8687
vn 0.8614 -0.0000 0.5080
vn 0.9999 -0.0000 0.0108
vn 0.8707 -0.0000 -0.4918
vn 0.5047 -0.0000 -0.8633
vn -0.5047 -0.0000 -0.8633
vn -0.8707 -0.0000 -0.4918
vn -0.9999 -0.0000 0.0108
vn -0.8614 -0.0000 0.5080
vn -0.4954 -0.0000 0.8687
vn 0.4954 -0.1134 0.8612
vn 0.8614 -0.0663 0.5037
vn 0.9999 -0.0014 0.0107
vn 0.8707 0.0642 -0.4876
vn 0.5047 0.1127 -0.8559
vn -0.5047 0.1127 -0.8559
vn -0.8707 0.0642 -0.4876
vn -0.9999 -0.0014 0.0107
vn -0.8614 -0.0663 0.5036
vn -0.4954 -0.1134 0.8612
vn 0.4954 -0.2248 0.8391
vn 0.8614 -0.1315 0.4907
vn 0.9999 -0.0028 0.0104
vn 0.8707 0.1273 -0.4751
vn 0.5047 0.2234 -0.8339
vn -0.5047 0.2234 -0.8339
vn -0.8707 0.1273 -0.4751
vn -0.9999 -0.0028 0.0104
vn -0.8614 -0.1315 0.4907
vn -0.4954 -0.2248 0.8391
vn 0.4954 -0.3324 0.8025
vn 0.8614 -0.1944 0.4693
vn 0.9999 -0.0041 0.0100
vn 0.8707 0.1882 -0.4544
vn 0.5047 0.3304 -0.7976
vn -0.5047 0.3304 -0.7976
vn -0.8707 0.1882 -0.4544
vn -0.9999 -0.0041 0.0100
vn -0.8614 -0.1944 0.4693
vn -0.4954 -0.3324 0.8025
vn 0.4954 -0.4343 0.7523
vn 0.8614 -0.2540 0.4399
vn 0.9999 -0.0054 0.0093
vn 0.8707 0.2459 -0.4259
vn 0.5047 0.4316 -0.7476
vn -0.5047 0.4316 -0.7476
vn -0.8707 0.2459 -0.4259
vn -0.9999 -0.0054 0.0093
vn -0.8614 -0.2540 0.4399
vn -0.4954 -0.4343 0.7523
vn 0.4954 -0.5288 0.6892
vn 0.8614 -0.3093 0.4030
vn 0.9999 -0.0066 0.0085
vn 0.8707 0.2994 -0.3902
vn 0.5047 0.5255 -0.6849
vn -0.0000 0.6088 -0.7933
vn -0.5047 0.5255 -0.6849
vn -0.8707 0.2994 -0.3902
vn -0.9999 -0.0066 0.0086
vn -0.8614 -0.3092 0.4030
vn -0.4954 -0.5288 0.6892
vn 0.4954 -0.6142 0.6142
vn 0.8614 -0.3592 0.3592
vn 0.9999 -0.0076 0.0076
vn 0.8707 0.3478 -0.3478
vn 0.5047 0.6104 -0.6104
vn -0.5047 0.6104 -0.6104
vn -0.8707 0.3478 -0.3478
vn -0.9999 -0.0076 0.0076
vn -0.8614 -0.3592 0.3592
vn -0.4954 -0.6142 0.6142
vn 0.4954 -0.6892 0.5288
vn 0.8614 -0.4030 0.3092
vn 0.9999 -0.0086 0.0066
vn 0.8707 0.3902 -0.2994
vn 0.5047 0.6849 -0.5255
vn -0.5047 0.6849 -0.5255
vn -0.8707 0.3902 -0.2994
vn -0.9999 -0.0086 0.0066
vn -0.8614 -0.4030 0.3092
vn -0.4954 -0.6892 0.5288
vn 0.4954 -0.7523 0.4343
vn 0.8614 -0.4399 0.2540
vn 0.9999 -0.0093 0.0054
vn 0.8707 0.4259 -0.2459
vn 0.5047 0.7476 -0.4316
vn -0.5047 0.7476 -0.4316
vn -0.8707 0.4259 -0.2459
vn -0.9999 -0.0093 0.0054
vn -0.8614 -0.4399 0.2540
vn -0.4954 -0.7523 0.4343
vn 0.4954 -0.8025 0.3324
vn 0.8614 -0.4693 0.1944
vn 0.9999 -0.0100 0.0041
vn 0.8707 0.4544 -0.1882
vn 0.5047 0.7976 -0.3304
vn -0.5047 0.7976 -0.3304
vn -0.8707 0.4544 -0.1882
vn -0.9999 -0.0100 0.0041
vn -0.8614 -0.4693 0.1944
vn -0.4954 -0.8025 0.3324
vn 0.4954 -0.8391 0.2248
vn 0.8614 -0.4907 0.1315
vn 0.9999 -0.0104 0.0028
vn 0.8707 0.4751 -0.1273
vn 0.5047 0.8339 -0.2234
vn -0.5047 0.8339 -0.2234
vn -0.8707 0.4751 -0.1273
vn -0.9999 -0.0104 0.0028
vn -0.8614 -0.4907 0.1315
vn -0.4954 -0.8391 0.2248
vn 0.4954 -0.8612 0.1134
vn 0.8613 -0.5037 0.0663
vn 0.9999 -0.0107 0.0014
vn 0.8707 0.4876 -0.0642
vn 0.5047 0.8559 -0.1127
vn -0.5047 0.8559 -0.1127
vn -0.8707 0.4876 -0.0642
vn -0.9999 -0.0107 0.0014
vn -0.8614 -0.5037 0.0663
vn -0.4954 -0.8612 0.1134
vn -0.6657 -0.0000 -0.7462
vn 0.6657 -0.0000 -0.7462
vn 0.6657 -0.2856 -0.6894
vn -0.6657 -0.2856 -0.6894
vn 0.6657 -0.5276 -0.5276
vn -0.6657 -0.5276 -0.5276
vn 0.6657 -0.6894 -0.2856
vn -0.6657 -0.6894 -0.2856
vn 0.6657 -0.7462 -0.0000
vn -0.6657 -0.7462 -0.0000
vn 0.6657 -0.6894 0.2856
vn -0.6657 -0.6894 0.2856
vn 0.6657 -0.5276 0.5276
vn -0.6657 -0.5276 0.5276
vn 0.6657 -0.2856 0.6894
vn -0.6657 -0.2856 0.6894
vn 0.6657 -0.0000 0.7462
vn -0.6657 -0.0000 0.7462
vn 0.6657 0.2856 0.6894
vn -0.6657 0.2856 0.6894
vn 0.6657 0.5276 0.5276
vn -0.6657 0.5276 0.5276
vn 0.6657 0.6894 0.2856
vn -0.6657 0.6894 0.2856
vn 0.6657 0.7462 -0.0000
vn -0.6657 0.7462 -0.0000
vn 0.6657 0.6894 -0.2856
vn -0.6657 0.6894 -0.2856
vn 0.6657 0.5276 -0.5276
vn -0.6657 0.5276 -0.5276
vn 0.6657 0.2856 -0.6894
vn -0.6657 0.2856 -0.6894
vn -0.0000 -0.6657 -0.7462
vn -0.0000 0.6657 -0.7462
vn 0.2856 0.6657 -0.6894
vn 0.2856 -0.6657 -0.6894
vn 0.5276 0.6657 -0.5277
vn 0.5276 -0.6657 -0.5277
vn 0.6894 0.6657 -0.2856
vn 0.6894 -0.6657 -0.2856
vn 0.7462 0.6657 -0.0000
vn 0.7462 -0.6657 -0.0000
vn 0.6894 0.6657 0.2856
vn 0.6894 -0.6657 0.2856
vn 0.5276 0.6657 0.5276
vn 0.5276 -0.6657 0.5276
vn 0.2856 0.6657 0.6894
vn 0.2856 -0.6657 0.6894
vn -0.0000 0.6657 0.7462
vn -0.0000 -0.6657 0.7462
vn -0.2856 0.6657 0.6894
vn -0.2856 -0.6657 0.6894
vn -0.5276 0.6657 0.5276
vn -0.5276 -0.6657 0.5276
vn -0.6894 0.6657 0.2856
vn -0.6894 -0.6657 0.2856
vn -0.7462 0.6657 -0.0000
vn -0.7462 -0.6657 -0.0000
vn -0.6894 0.6657 -0.2856
vn -0.6894 -0.6657 -0.2856
vn -0.5276 0.6657 -0.5276
vn -0.5276 -0.6657 -0.5276
vn -0.2856 0.6657 -0.6894
vn -0.2856 -0.6657 -0.6894
vn -0.0000 0.1045 -0.9945
vn -0.0000 -0.1045 0.9945
vn -0.0000 -0.9945 -0.1045
vn -0.0000 0.9945 0.1045
vn -0.0000 -0.0872 -0.9962
vn -0.0000 0.0872 0.9962
vn -0.0000 -0.9962 0.0872
vn -0.0000 0.9962 -0.0872
vn 0.5276 0.6657 -0.5276
vn 0.5276 -0.6657 -0.5276
vn -0.0000 -0.9139 -0.4059
vn -0.0000 -0.6935 -0.7205
vn 0.3126 -0.6935 -0.6491
vn 0.1761 -0.9139 -0.3657
vn -0.0000 -0.3732 -0.9277
vn 0.4339 -0.0000 -0.9010
vn 0.4025 -0.3732 -0.8359
vn -0.0000 0.3732 -0.9277
vn -0.0000 0.6935 -0.7205
vn 0.3126 0.6935 -0.6491
vn 0.4025 0.3732 -0.8359
vn -0.0000 0.9139 -0.4059
vn 0.1761 0.9139 -0.3657
vn 0.3174 0.9139 -0.2531
vn 0.3174 -0.9139 -0.2531
vn 0.7253 -0.3732 -0.5784
vn 0.5633 -0.6935 -0.4492
vn 0.7253 0.3732 -0.5784
vn 0.7818 -0.0000 -0.6235
vn 0.5633 0.6935 -0.4492
vn 0.9045 -0.3732 -0.2064
vn 0.7024 -0.6935 -0.1603
vn 0.9045 0.3732 -0.2064
vn 0.9749 -0.0000 -0.2225
vn 0.3958 0.9139 -0.0903
vn 0.7024 0.6935 -0.1603
vn 0.3958 -0.9139 -0.0903
vn 0.7024 -0.6935 0.1603
vn 0.3958 -0.9139 0.0903
vn 0.9749 -0.0000 0.2225
vn 0.9045 -0.3732 0.2064
vn 0.7024 0.6935 0.1603
vn 0.9045 0.3732 0.2064
vn 0.3958 0.9139 0.0903
vn 0.7818 -0.0000 0.6235
vn 0.7253 -0.3732 0.5784
vn 0.5633 0.6935 0.4492
vn 0.7253 0.3732 0.5784
vn 0.3174 0.9139 0.2531
vn 0.3174 -0.9139 0.2531
vn 0.5633 -0.6935 0.4492
vn 0.1761 -0.9139 0.3657
vn 0.4025 -0.3732 0.8359
vn 0.3126 -0.6935 0.6491
vn 0.4025 0.3732 0.8359
vn 0.4339 -0.0000 0.9010
vn 0.1761 0.9139 0.3657
vn 0.3126 0.6935 0.6491
vn -0.0000 0.3732 0.9277
vn -0.0000 0.9139 0.4059
vn -0.0000 0.6935 0.7205
vn -0.0000 -0.6935 0.7205
vn -0.0000 -0.9139 0.4059
vn -0.0000 -0.3732 0.9277
vn -0.3126 -0.6935 0.6491
vn -0.1761 -0.9139 0.3657
vn -0.4339 -0.0000 0.9010
vn -0.4025 -0.3732 0.8359
vn -0.3126 0.6935 0.6491
vn -0.4025 0.3732 0.8359
vn -0.1761 0.9139 0.3657
vn -0.5633 0.6935 0.4492
vn -0.7253 0.3732 0.5784
vn -0.3174 0.9139 0.2531
vn -0.3174 -0.9139 0.2531
vn -0.7253 -0.3732 0.5784
vn -0.5633 -0.6935 0.4492
vn -0.7818 -0.0000 0.6235
vn -0.3958 -0.9139 0.0903
vn -0.9045 -0.3732 0.2064
vn -0.7024 -0.6935 0.1603
vn -0.9045 0.3732 0.2064
vn -0.9749 -0.0000 0.2225
vn -0.3958 0.9139 0.0903
vn -0.7024 0.6935 0.1603
vn -0.3958 0.9139 -0.0903
vn -0.7024 0.6935 -0.1603
vn -0.7024 -0.6935 -0.1603
vn -0.3958 -0.9139 -0.0903
vn -0.9749 -0.0000 -0.2225
vn -0.9045 -0.3732 -0.2064
vn -0.9045 0.3732 -0.2064
vn -0.5633 -0.6935 -0.4492
vn -0.3174 -0.9139 -0.2531
vn -0.7818 -0.0000 -0.6235
vn -0.7253 -0.3732 -0.5784
vn -0.5633 0.6935 -0.4492
vn -0.7253 0.3732 -0.5784
vn -0.3174 0.9139 -0.2531
vn -0.1761 0.9139 -0.3657
vn -0.1761 -0.9139 -0.3657
vn -0.4025 -0.3732 -0.8359
vn -0.3126 -0.6935 -0.6491
vn -0.4025 0.3732 -0.8359
vn -0.4339 -0.0000 -0.9010
vn -0.3126 0.6935 -0.6491
vn -0.0000 -0.8629 -0.5053
vn -0.0000 -0.5793 -0.8151
vn 0.1335 -0.6159 -0.7764
vn 0.0722 -0.8774 -0.4743
vn -0.0000 -0.2820 -0.9594
vn 0.1796 -0.0000 -0.9837
vn 0.1685 -0.3108 -0.9354
vn -0.0000 0.2820 -0.9594
vn -0.0000 0.5793 -0.8151
vn 0.1335 0.6159 -0.7764
vn 0.1685 0.3108 -0.9354
vn -0.0000 0.8629 -0.5053
vn 0.0722 0.8774 -0.4743
vn 0.2830 0.7174 -0.6366
vn 0.3979 0.4089 -0.8213
vn 0.1472 0.9163 -0.3724
vn 0.1472 -0.9163 -0.3724
vn 0.3979 -0.4089 -0.8213
vn 0.2830 -0.7174 -0.6366
vn 0.4502 -0.0000 -0.8929
vn 0.2246 -0.9609 -0.1620
vn 0.7382 -0.5492 -0.3917
vn 0.4569 -0.8412 -0.2893
vn 0.7382 0.5492 -0.3917
vn 0.9046 -0.0000 -0.4262
vn 0.2246 0.9609 -0.1620
vn 0.4569 0.8412 -0.2893
vn 0.2246 0.9609 0.1620
vn 0.4569 0.8412 0.2893
vn 0.4569 -0.8412 0.2893
vn 0.2246 -0.9609 0.1620
vn 0.9046 -0.0000 0.4262
vn 0.7382 -0.5492 0.3917
vn 0.7382 0.5492 0.3917
vn 0.2830 -0.7174 0.6366
vn 0.1472 -0.9163 0.3724
vn 0.4502 -0.0000 0.8929
vn 0.3979 -0.4089 0.8213
vn 0.2830 0.7174 0.6366
vn 0.3979 0.4089 0.8213
vn 0.1472 0.9163 0.3724
vn 0.0722 0.8774 0.4743
vn 0.0722 -0.8774 0.4743
vn 0.1685 -0.3108 0.9354
vn 0.1335 -0.6159 0.7764
vn 0.1685 0.3108 0.9354
vn 0.1796 -0.0000 0.9837
vn 0.1335 0.6159 0.7764
vn -0.0000 -0.2820 0.9594
vn -0.0000 -0.5793 0.8151
vn -0.0000 0.2820 0.9594
vn -0.0000 0.8629 0.5053
vn -0.0000 0.5793 0.8151
vn -0.0000 -0.8629 0.5053
vn -0.1335 -0.6159 0.7764
vn -0.0722 -0.8774 0.4743
vn -0.1796 -0.0000 0.9837
vn -0.1685 -0.3108 0.9354
vn -0.1335 0.6159 0.7764
vn -0.1685 0.3108 0.9354
vn -0.0722 0.8774 0.4743
vn -0.4502 -0.0000 0.8929
vn -0.3979 -0.4089 0.8213
vn -0.2830 0.7174 0.6366
vn -0.3979 0.4089 0.8213
vn -0.1472 0.9163 0.3724
vn -0.1472 -0.9163 0.3724
vn -0.2830 -0.7174 0.6366
vn -0.2246 -0.9609 0.1620
vn -0.7382 -0.5492 0.3917
vn -0.4569 -0.8412 0.2893
vn -0.7382 0.5492 0.3917
vn -0.9046 -0.0000 0.4262
vn -0.2246 0.9609 0.1620
vn -0.4569 0.8412 0.2893
vn -0.7382 0.5492 -0.3917
vn -0.9046 -0.0000 -0.4262
vn -0.2246 0.9609 -0.1620
vn -0.4569 0.8412 -0.2893
vn -0.4569 -0.8412 -0.2893
vn -0.2246 -0.9609 -0.1620
vn -0.7382 -0.5492 -0.3917
vn -0.2830 -0.7174 -0.6366
vn -0.1472 -0.9163 -0.3724
vn -0.4502 -0.0000 -0.8929
vn -0.3979 -0.4089 -0.8213
vn -0.2830 0.7174 -0.6366
vn -0.3979 0.4089 -0.8213
vn -0.1472 0.9163 -0.3724
vn -0.1335 0.6159 -0.7764
vn -0.1685 0.3108 -0.9354
vn -0.0722 0.8774 -0.4743
vn -0.0722 -0.8774 -0.4743
vn -0.1685 -0.3108 -0.9354
vn -0.1335 -0.6159 -0.7764
vn -0.1796 -0.0000 -0.9837
vn -0.0000 -0.9358 -0.3525
vn -0.0000 -0.7480 -0.6637
vn 0.2479 -0.7557 -0.6061
vn 0.1286 -0.9383 -0.3209
vn -0.0000 -0.4247 -0.9053
vn 0.3851 -0.0000 -0.9229
vn 0.3454 -0.4331 -0.8326
vn -0.0000 0.4247 -0.9053
vn -0.0000 0.7480 -0.6637
vn 0.2479 0.7557 -0.6061
vn 0.3454 0.4331 -0.8326
vn -0.0000 0.9358 -0.3525
vn 0.1286 0.9383 -0.3209
vn 0.2377 -0.9442 -0.2278
vn 0.6545 -0.4532 -0.6051
vn 0.4615 -0.7740 -0.4335
vn 0.6545 0.4532 -0.6051
vn 0.7367 -0.0000 -0.6762
vn 0.2377 0.9442 -0.2278
vn 0.4615 0.7740 -0.4335
vn 0.8530 0.4707 -0.2254
vn 0.9674 -0.0000 -0.2534
vn 0.3033 0.9493 -0.0832
vn 0.5926 0.7896 -0.1593
vn 0.5926 -0.7896 -0.1593
vn 0.3033 -0.9493 -0.0832
vn 0.8530 -0.4707 -0.2254
vn 0.5926 -0.7896 0.1593
vn 0.3033 -0.9493 0.0832
vn 0.9674 -0.0000 0.2534
vn 0.8530 -0.4707 0.2254
vn 0.5926 0.7896 0.1593
vn 0.8530 0.4707 0.2254
vn 0.3033 0.9493 0.0832
vn 0.4615 0.7740 0.4335
vn 0.6545 0.4532 0.6051
vn 0.2377 0.9442 0.2278
vn 0.2377 -0.9442 0.2278
vn 0.6545 -0.4532 0.6051
vn 0.4615 -0.7740 0.4335
vn 0.7367 -0.0000 0.6762
vn 0.1286 -0.9383 0.3209
vn 0.3454 -0.4331 0.8326
vn 0.2479 -0.7557 0.6061
vn 0.3454 0.4331 0.8326
vn 0.3851 -0.0000 0.9229
vn 0.1286 0.9383 0.3209
vn 0.2479 0.7557 0.6061
vn -0.0000 0.9358 0.3525
vn -0.0000 0.7480 0.6637
vn -0.0000 -0.7480 0.6637
vn -0.0000 -0.9358 0.3525
vn -0.0000 -0.4247 0.9053
vn -0.0000 0.4247 0.9053
vn -0.2479 -0.7557 0.6061
vn -0.1286 -0.9383 0.3209
vn -0.3851 -0.0000 0.9229
vn -0.3454 -0.4331 0.8326
vn -0.2479 0.7557 0.6061
vn -0.3454 0.4331 0.8326
vn -0.1286 0.9383 0.3209
vn -0.2377 0.9442 0.2278
vn -0.2377 -0.9442 0.2278
vn -0.6545 -0.4532 0.6051
vn -0.4615 -0.7740 0.4335
vn -0.6545 0.4532 0.6051
vn -0.7367 -0.0000 0.6762
vn -0.4615 0.7740 0.4335
vn -0.8530 -0.4707 0.2254
vn -0.5926 -0.7896 0.1593
vn -0.8530 0.4707 0.2254
vn -0.9674 -0.0000 0.2534
vn -0.3033 0.9493 0.0832
vn -0.5926 0.7896 0.1593
vn -0.3033 -0.9493 0.0832
vn -0.5926 -0.7896 -0.1593
vn -0.3033 -0.9493 -0.0832
vn -0.9674 -0.0000 -0.2534
vn -0.8530 -0.4707 -0.2254
vn -0.5926 0.7896 -0.1593
vn -0.8530 0.4707 -0.2254
vn -0.3033 0.9493 -0.0832
vn -0.7367 -0.0000 -0.6762
vn -0.6545 -0.4532 -0.6051
vn -0.4615 0.7740 -0.4335
vn -0.6545 0.4532 -0.6051
vn -0.2377 0.9442 -0.2278
vn -0.2377 -0.9442 -0.2278
vn -0.4615 -0.7740 -0.4335
vn -0.1286 -0.9383 -0.3209
vn -0.3454 -0.4331 -0.8326
vn -0.2479 -0.7557 -0.6061
vn -0.3454 0.4331 -0.8326
vn -0.3851 -0.0000 -0.9229
vn -0.1286 0.9383 -0.3209
vn -0.2479 0.7557 -0.6061
vn -0.0000 0.4346 -0.9006
vn -0.0000 0.7574 -0.6530
vn 0.2564 0.7626 -0.5938
vn 0.3589 0.4403 -0.8230
vn -0.0000 0.9390 -0.3439
vn 0.1329 0.9407 -0.3121
vn -0.0000 -0.9390 -0.3439
vn 0.1329 -0.9407 -0.3121
vn -0.0000 -0.7574 -0.6530
vn -0.0000 -0.4346 -0.9006
vn 0.3589 -0.4403 -0.8230
vn 0.2564 -0.7626 -0.5938
vn 0.4011 -0.0000 -0.9160
vn 0.6689 -0.4539 -0.5887
vn 0.4723 -0.7748 -0.4201
vn 0.6689 0.4539 -0.5887
vn 0.7522 -0.0000 -0.6589
vn 0.2437 0.9446 -0.2197
vn 0.4723 0.7748 -0.4201
vn 0.2437 -0.9446 -0.2197
vn 0.6003 -0.7851 -0.1528
vn 0.3084 -0.9479 -0.0796
vn 0.9700 -0.0000 -0.2429
vn 0.8584 -0.4653 -0.2161
vn 0.6003 0.7851 -0.1528
vn 0.8584 0.4653 -0.2161
vn 0.3084 0.9479 -0.0796
vn 0.9700 -0.0000 0.2429
vn 0.8584 -0.4653 0.2161
vn 0.6003 0.7851 0.1528
vn 0.8584 0.4653 0.2161
vn 0.3084 0.9479 0.0796
vn 0.3084 -0.9479 0.0796
vn 0.6003 -0.7851 0.1528
vn 0.2437 -0.9446 0.2197
vn 0.6689 -0.4539 0.5887
vn 0.4723 -0.7748 0.4201
vn 0.6689 0.4539 0.5887
vn 0.7522 -0.0000 0.6589
vn 0.2437 0.9446 0.2197
vn 0.4723 0.7748 0.4201
vn 0.3589 0.4403 0.8230
vn 0.4011 -0.0000 0.9160
vn 0.1329 0.9407 0.3121
vn 0.2564 0.7626 0.5938
vn 0.2564 -0.7626 0.5938
vn 0.1329 -0.9407 0.3121
vn 0.3589 -0.4403 0.8230
vn -0.0000 -0.7574 0.6530
vn -0.0000 -0.9390 0.3439
vn -0.0000 -0.4346 0.9006
vn -0.0000 0.7574 0.6530
vn -0.0000 0.4346 0.9006
vn -0.0000 0.9390 0.3439
vn -0.2564 0.7626 0.5938
vn -0.3589 0.4403 0.8230
vn -0.1329 0.9407 0.3121
vn -0.1329 -0.9407 0.3121
vn -0.3589 -0.4403 0.8230
vn -0.2564 -0.7626 0.5938
vn -0.4011 -0.0000 0.9160
vn -0.2437 -0.9446 0.2197
vn -0.6689 -0.4539 0.5887
vn -0.4723 -0.7748 0.4201
vn -0.6689 0.4539 0.5887
vn -0.7522 -0.0000 0.6589
vn -0.2437 0.9446 0.2197
vn -0.4723 0.7748 0.4201
vn -0.3084 0.9479 0.0796
vn -0.6003 0.7851 0.1528
vn -0.6003 -0.7851 0.1528
vn -0.3084 -0.9479 0.0796
vn -0.9700 -0.0000 0.2429
vn -0.8584 -0.4653 0.2161
vn -0.8584 0.4653 0.2161
vn -0.6003 -0.7851 -0.1528
vn -0.3084 -0.9479 -0.0796
vn -0.9700 -0.0000 -0.2429
vn -0.8584 -0.4653 -0.2161
vn -0.6003 0.7851 -0.1528
vn -0.8584 0.4653 -0.2161
vn -0.3084 0.9479 -0.0796
vn -0.2437 0.9446 -0.2197
vn -0.2437 -0.9446 -0.2197
vn -0.6689 -0.4539 -0.5887
vn -0.4723 -0.7748 -0.4201
vn -0.6689 0.4539 -0.5887
vn -0.7522 -0.0000 -0.6589
vn -0.4723 0.7748 -0.4201
vn -0.3589 -0.4403 -0.8230
vn -0.2564 -0.7626 -0.5938
vn -0.3589 0.4403 -0.8230
vn -0.4011 -0.0000 -0.9160
vn -0.1329 0.9407 -0.3121
vn -0.2564 0.7626 -0.5938
vn -0.1329 -0.9407 -0.3121
vn -0.9511 -0.0000 0.3090
vn -0.3090 -0.0000 -0.9511
vn 0.9511 -0.0000 -0.3090
vn 0.3090 -0.0000 0.9511
vn -0.0000 -0.9375 -0.3479
vn 0.1254 -0.9401 -0.3169
vn -0.0000 -0.7527 -0.6584
vn -0.0000 -0.4295 -0.9031
vn 0.3414 -0.4385 -0.8314
vn 0.2433 -0.7608 -0.6017
vn -0.0000 0.4295 -0.9031
vn 0.3414 0.4385 -0.8314
vn 0.3821 -0.0000 -0.9241
vn -0.0000 0.7527 -0.6584
vn -0.0000 0.9375 -0.3479
vn 0.1254 0.9401 -0.3169
vn 0.2433 0.7608 -0.6017
vn 0.4538 -0.7799 -0.4310
vn 0.2322 -0.9462 -0.2253
vn 0.7337 -0.0000 -0.6795
vn 0.6490 -0.4599 -0.6060
vn 0.4538 0.7799 -0.4310
vn 0.6490 0.4599 -0.6060
vn 0.2322 0.9462 -0.2253
vn 0.9668 -0.0000 -0.2555
vn 0.8484 -0.4786 -0.2263
vn 0.5837 0.7963 -0.1587
vn 0.8484 0.4786 -0.2263
vn 0.2967 0.9514 -0.0824
vn 0.2967 -0.9514 -0.0824
vn 0.5837 -0.7963 -0.1587
vn 0.2967 -0.9514 0.0824
vn 0.8484 -0.4786 0.2263
vn 0.5837 -0.7963 0.1587
vn 0.8484 0.4786 0.2263
vn 0.9668 -0.0000 0.2555
vn 0.2967 0.9514 0.0824
vn 0.5837 0.7963 0.1587
vn 0.6490 0.4599 0.6060
vn 0.7337 -0.0000 0.6795
vn 0.2322 0.9462 0.2253
vn 0.4538 0.7799 0.4310
vn 0.4538 -0.7799 0.4310
vn 0.2322 -0.9462 0.2253
vn 0.6490 -0.4599 0.6060
vn 0.2433 -0.7608 0.6017
vn 0.1254 -0.9401 0.3169
vn 0.3821 -0.0000 0.9241
vn 0.3414 -0.4385 0.8314
vn 0.2433 0.7608 0.6017
vn 0.3414 0.4385 0.8314
vn 0.1254 0.9401 0.3169
vn -0.0000 0.7527 0.6584
vn -0.0000 0.4295 0.9031
vn -0.0000 0.9375 0.3479
vn -0.0000 -0.9375 0.3479
vn -0.0000 -0.4295 0.9031
vn -0.0000 -0.7527 0.6584
vn -0.1254 -0.9401 0.3169
vn -0.3414 -0.4385 0.8314
vn -0.2433 -0.7608 0.6017
vn -0.3414 0.4385 0.8314
vn -0.3821 -0.0000 0.9241
vn -0.1254 0.9401 0.3169
vn -0.2433 0.7608 0.6017
vn -0.2322 0.9462 0.2253
vn -0.4538 0.7799 0.4310
vn -0.4538 -0.7799 0.4310
vn -0.2322 -0.9462 0.2253
vn -0.7337 -0.0000 0.6795
vn -0.6490 -0.4599 0.6060
vn -0.6490 0.4599 0.6060
vn -0.5837 -0.7963 0.1587
vn -0.2967 -0.9514 0.0824
vn -0.9668 -0.0000 0.2555
vn -0.8484 -0.4786 0.2263
vn -0.5837 0.7963 0.1587
vn -0.8484 0.4786 0.2263
vn -0.2967 0.9514 0.0824
vn -0.2967 0.9514 -0.0824
vn -0.2967 -0.9514 -0.0824
vn -0.8484 -0.4786 -0.2263
vn -0.5837 -0.7963 -0.1587
vn -0.8484 0.4786 -0.2263
vn -0.9668 -0.0000 -0.2555
vn -0.5837 0.7963 -0.1587
vn -0.6490 -0.4599 -0.6060
vn -0.4538 -0.7799 -0.4310
vn -0.6490 0.4599 -0.6060
vn -0.7337 -0.0000 -0.6795
vn -0.2322 0.9462 -0.2253
vn -0.4538 0.7799 -0.4310
vn -0.2322 -0.9462 -0.2253
vn -0.2433 -0.7608 -0.6017
vn -0.1254 -0.9401 -0.3169
vn -0.3821 -0.0000 -0.9241
vn -0.3414 -0.4385 -0.8314
vn -0.2433 0.7608 -0.6017
vn -0.3414 0.4385 -0.8314
vn -0.1254 0.9401 -0.3169
vn -0.0000 0.4265 -0.9045
vn -0.0000 0.7496 -0.6619
vn 0.2581 0.7554 -0.6023
vn 0.3581 0.4327 -0.8274
vn -0.0000 0.9363 -0.3512
vn 0.1347 0.9382 -0.3189
vn -0.0000 -0.9363 -0.3512
vn 0.1347 -0.9382 -0.3189
vn -0.0000 -0.7496 -0.6619
vn -0.0000 -0.4265 -0.9045
vn 0.3581 -0.4327 -0.8274
vn 0.2581 -0.7554 -0.6023
vn 0.3987 -0.0000 -0.9171
vn 0.6693 -0.4471 -0.5934
vn 0.4763 -0.7687 -0.4270
vn 0.6693 0.4471 -0.5934
vn 0.7499 -0.0000 -0.6615
vn 0.2472 0.9425 -0.2248
vn 0.4763 0.7687 -0.4270
vn 0.2472 -0.9425 -0.2248
vn 0.6064 -0.7798 -0.1556
vn 0.3133 -0.9461 -0.0815
vn 0.9697 -0.0000 -0.2445
vn 0.8610 -0.4594 -0.2183
vn 0.6064 0.7798 -0.1556
vn 0.8610 0.4594 -0.2183
vn 0.3133 0.9461 -0.0815
vn 0.9697 -0.0000 0.2445
vn 0.8610 -0.4594 0.2183
vn 0.6064 0.7798 0.1556
vn 0.8610 0.4594 0.2183
vn 0.3133 0.9461 0.0815
vn 0.3133 -0.9461 0.0815
vn 0.6064 -0.7798 0.1556
vn 0.2472 -0.9425 0.2248
vn 0.6693 -0.4471 0.5934
vn 0.4763 -0.7687 0.4270
vn 0.6693 0.4471 0.5934
vn 0.7499 -0.0000 0.6615
vn 0.2472 0.9425 0.2248
vn 0.4763 0.7687 0.4270
vn 0.3581 0.4327 0.8274
vn 0.3987 -0.0000 0.9171
vn 0.1347 0.9382 0.3189
vn 0.2581 0.7554 0.6023
vn 0.2581 -0.7554 0.6023
vn 0.1347 -0.9382 0.3189
vn 0.3581 -0.4327 0.8274
vn -0.0000 -0.7496 0.6619
vn -0.0000 -0.9363 0.3512
vn -0.0000 -0.4265 0.9045
vn -0.0000 0.7496 0.6619
vn -0.0000 0.4265 0.9045
vn -0.0000 0.9363 0.3512
vn -0.2581 0.7554 0.6023
vn -0.3581 0.4327 0.8274
vn -0.1347 0.9382 0.3189
vn -0.1347 -0.9382 0.3189
vn -0.3581 -0.4327 0.8274
vn -0.2581 -0.7554 0.6023
vn -0.3987 -0.0000 0.9171
vn -0.2472 -0.9425 0.2248
vn -0.6693 -0.4471 0.5934
vn -0.4763 -0.7687 0.4270
vn -0.6693 0.4471 0.5934
vn -0.7499 -0.0000 0.6615
vn -0.2472 0.9425 0.2248
vn -0.4763 0.7687 0.4270
vn -0.3133 0.9461 0.0816
vn -0.6064 0.7798 0.1556
vn -0.6064 -0.7798 0.1556
vn -0.3133 -0.9461 0.0816
vn -0.9697 -0.0000 0.2445
vn -0.8610 -0.4594 0.2183
vn -0.8610 0.4594 0.2183
vn -0.6064 -0.7798 -0.1556
vn -0.3133 -0.9461 -0.0816
vn -0.9697 -0.0000 -0.2445
vn -0.8610 -0.4594 -0.2183
vn -0.6064 0.7798 -0.1556
vn -0.8610 0.4594 -0.2183
vn -0.3133 0.9461 -0.0816
vn -0.2472 0.9425 -0.2248
vn -0.2472 -0.9425 -0.2248
vn -0.6693 -0.4471 -0.5934
vn -0.4763 -0.7687 -0.4270
vn -0.6693 0.4471 -0.5934
vn -0.7499 -0.0000 -0.6615
vn -0.4763 0.7687 -0.4270
vn -0.3581 -0.4327 -0.8274
vn -0.2581 -0.7554 -0.6023
vn -0.3581 0.4327 -0.8274
vn -0.3987 -0.0000 -0.9171
vn -0.1347 0.9382 -0.3189
vn -0.2581 0.7554 -0.6023
vn -0.1347 -0.9382 -0.3189
vn -0.9135 -0.0000 -0.4067
vn 0.4067 -0.0000 -0.9135
vn 0.9135 -0.0000 0.4067
vn -0.4067 -0.0000 0.9135
vn -0.7660 -0.0000 0.6428
vn -0.6428 -0.0000 -0.7660
vn 0.7660 -0.0000 -0.6428
vn 0.6428 -0.0000 0.7660
vn -0.0000 -0.8708 -0.4916
vn -0.0000 -0.5934 -0.8049
vn 0.1154 -0.6313 -0.7669
vn 0.0607 -0.8848 -0.4620
vn -0.0000 -0.2918 -0.9565
vn 0.1604 -0.0000 -0.9870
vn 0.1491 -0.3232 -0.9345
vn -0.0000 0.2918 -0.9565
vn -0.0000 0.5934 -0.8049
vn 0.1154 0.6313 -0.7669
vn 0.1491 0.3232 -0.9345
vn -0.0000 0.8708 -0.4916
vn 0.0607 0.8848 -0.4620
vn 0.1246 0.9231 -0.3639
vn 0.1246 -0.9231 -0.3639
vn 0.3557 -0.4310 -0.8293
vn 0.2448 -0.7357 -0.6315
vn 0.3557 0.4310 -0.8293
vn 0.4125 -0.0000 -0.9109
vn 0.2448 0.7357 -0.6315
vn 0.6954 -0.5920 -0.4074
vn 0.4040 -0.8665 -0.2932
vn 0.6954 0.5920 -0.4074
vn 0.8965 -0.0000 -0.4431
vn 0.1937 0.9678 -0.1610
vn 0.4040 0.8665 -0.2932
vn 0.1937 -0.9678 -0.1610
vn 0.4040 -0.8665 0.2932
vn 0.1937 -0.9678 0.1610
vn 0.8965 -0.0000 0.4431
vn 0.6954 -0.5920 0.4074
vn 0.4040 0.8665 0.2932
vn 0.6954 0.5920 0.4074
vn 0.1937 0.9678 0.1610
vn 0.4125 -0.0000 0.9109
vn 0.3557 -0.4310 0.8293
vn 0.2448 0.7357 0.6315
vn 0.3557 0.4310 0.8293
vn 0.1246 0.9231 0.3639
vn 0.1246 -0.9231 0.3639
vn 0.2448 -0.7357 0.6315
vn 0.0607 -0.8848 0.4620
vn 0.1491 -0.3232 0.9345
vn 0.1154 -0.6313 0.7669
vn 0.1491 0.3232 0.9345
vn 0.1604 -0.0000 0.9870
vn 0.0607 0.8848 0.4620
vn 0.1154 0.6313 0.7669
vn -0.0000 0.2918 0.9565
vn -0.0000 0.8708 0.4916
vn -0.0000 0.5934 0.8049
vn -0.0000 -0.5934 0.8049
vn -0.0000 -0.8708 0.4916
vn -0.0000 -0.2918 0.9565
vn -0.1154 -0.6313 0.7669
vn -0.0607 -0.8848 0.4620
vn -0.1604 -0.0000 0.9870
vn -0.1491 -0.3232 0.9345
vn -0.1154 0.6313 0.7669
vn -0.1491 0.3232 0.9345
vn -0.0607 0.8848 0.4620
vn -0.2448 0.7357 0.6315
vn -0.3557 0.4310 0.8293
vn -0.1246 0.9231 0.3639
vn -0.1246 -0.9231 0.3639
vn -0.3557 -0.4310 0.8293
vn -0.2448 -0.7357 0.6315
vn -0.4125 -0.0000 0.9109
vn -0.1937 -0.9678 0.1610
vn -0.6954 -0.5920 0.4074
vn -0.4040 -0.8665 0.2932
vn -0.6954 0.5920 0.4074
vn -0.8965 -0.0000 0.4431
vn -0.1937 0.9678 0.1610
vn -0.4040 0.8665 0.2932
vn -0.1937 0.9678 -0.1610
vn -0.4040 0.8665 -0.2932
vn -0.4040 -0.8665 -0.2932
vn -0.1937 -0.9678 -0.1610
vn -0.8965 -0.0000 -0.4431
vn -0.6954 -0.5920 -0.4074
vn -0.6954 0.5920 -0.4074
vn -0.2448 -0.7357 -0.6315
vn -0.1246 -0.9231 -0.3639
vn -0.4125 -0.0000 -0.9109
vn -0.3557 -0.4310 -0.8293
vn -0.2448 0.7357 -0.6315
vn -0.3557 0.4310 -0.8293
vn -0.1246 0.9231 -0.3639
vn -0.0607 0.8848 -0.4620
vn -0.0607 -0.8848 -0.4620
vn -0.1491 -0.3232 -0.9345
vn -0.1154 -0.6313 -0.7669
vn -0.1491 0.3232 -0.9345
vn -0.1604 -0.0000 -0.9870
vn -0.1154 0.6313 -0.7669
vt 0.229756 0.924845
vt 0.207641 0.924840
vt 0.207641 0.891000
vt 0.229756 0.891004
vt 0.336939 0.943554
vt 0.336939 0.921439
vt 0.351920 0.921439
vt 0.351920 0.943554
vt 0.654758 0.901717
vt 0.632643 0.901717
vt 0.632643 0.867831
vt 0.654758 0.867831
vt 0.368142 0.943564
vt 0.368142 0.921450
vt 0.383094 0.921439
vt 0.383094 0.943552
vt 0.092276 0.802768
vt 0.107257 0.802768
vt 0.107257 0.836654
vt 0.092276 0.836654
vt 0.727432 0.869601
vt 0.742413 0.869601
vt 0.742413 0.903486
vt 0.727432 0.903486
vt 0.745900 0.810761
vt 0.603223 0.810731
vt 0.603223 0.597003
vt 0.745900 0.597032
vt 0.674558 0.305411
vt 0.817236 0.305411
vt 0.817236 0.590767
vt 0.674558 0.590768
vt 0.596988 0.811021
vt 0.454312 0.811021
vt 0.454312 0.597003
vt 0.596988 0.597003
vt 0.827927 0.288020
vt 0.685259 0.287914
vt 0.685259 0.003117
vt 0.827927 0.003223
vt 0.454311 0.590768
vt 0.454311 0.305411
vt 0.668323 0.305411
vt 0.668323 0.590767
vt 0.679024 0.003118
vt 0.679024 0.288475
vt 0.465012 0.288474
vt 0.465012 0.003117
vt 0.783338 0.821420
vt 0.770854 0.821418
vt 0.770854 0.597003
vt 0.783338 0.597006
vt 0.834162 0.003117
vt 0.846646 0.003117
vt 0.846646 0.299175
vt 0.834162 0.299175
vt 0.764619 0.821721
vt 0.752135 0.821721
vt 0.752135 0.597003
vt 0.764619 0.597003
vt 0.865364 0.298603
vt 0.852881 0.298594
vt 0.852881 0.003117
vt 0.865364 0.003127
vt 0.003117 0.299176
vt 0.003117 0.003118
vt 0.227830 0.003117
vt 0.227830 0.299175
vt 0.458777 0.003118
vt 0.458777 0.299176
vt 0.234065 0.299175
vt 0.234065 0.003117
vt 0.211921 0.884765
vt 0.207641 0.884764
vt 0.207641 0.665693
vt 0.211921 0.665693
vt 0.407163 0.602353
vt 0.411443 0.602353
vt 0.411443 0.893060
vt 0.407163 0.893060
vt 0.201406 0.885061
vt 0.197126 0.885061
vt 0.197126 0.665693
vt 0.201406 0.665693
vt 0.421958 0.892493
vt 0.417678 0.892490
vt 0.417678 0.602353
vt 0.421958 0.602357
vt 0.003117 0.596119
vt 0.003117 0.305411
vt 0.222480 0.305411
vt 0.222480 0.596118
vt 0.448077 0.305411
vt 0.448077 0.596118
vt 0.228715 0.596118
vt 0.228715 0.305411
vt 0.486064 0.988253
vt 0.481071 0.988252
vt 0.481071 0.981840
vt 0.486064 0.981841
vt 0.800802 0.597003
vt 0.805795 0.597003
vt 0.805795 0.893060
vt 0.800802 0.893060
vt 0.757129 0.988061
vt 0.752135 0.988061
vt 0.752135 0.981640
vt 0.757129 0.981640
vt 0.817024 0.892483
vt 0.812030 0.892479
vt 0.812030 0.597003
vt 0.817024 0.597007
vt 0.883380 0.601468
vt 0.883380 0.305411
vt 0.889800 0.305411
vt 0.889800 0.601468
vt 0.890675 0.003117
vt 0.890675 0.299175
vt 0.884254 0.299175
vt 0.884254 0.003117
vt 0.040570 0.988126
vt 0.035576 0.988125
vt 0.035576 0.981713
vt 0.040570 0.981714
vt 0.789573 0.597003
vt 0.794567 0.597003
vt 0.794567 0.893060
vt 0.789573 0.893060
vt 0.405551 0.987557
vt 0.400557 0.987557
vt 0.400557 0.981137
vt 0.405551 0.981137
vt 0.330704 0.897833
vt 0.325710 0.897829
vt 0.325710 0.602353
vt 0.330704 0.602357
vt 0.870725 0.601468
vt 0.870725 0.305411
vt 0.877145 0.305411
vt 0.877145 0.601468
vt 0.878020 0.003117
vt 0.878020 0.299175
vt 0.871599 0.299175
vt 0.871599 0.003117
vt 0.169831 0.890075
vt 0.164838 0.890074
vt 0.164838 0.665659
vt 0.169831 0.665660
vt 0.389329 0.981137
vt 0.394322 0.981137
vt 0.394322 0.987557
vt 0.389329 0.987557
vt 0.158603 0.890378
vt 0.153609 0.890378
vt 0.153609 0.665659
vt 0.158603 0.665659
vt 0.514880 0.988355
vt 0.509887 0.988351
vt 0.509887 0.981943
vt 0.514880 0.981947
vt 0.129725 0.665659
vt 0.136146 0.665659
vt 0.136146 0.890372
vt 0.129725 0.890372
vt 0.870725 0.607703
vt 0.877145 0.607703
vt 0.877145 0.832415
vt 0.870725 0.832416
vt 0.190891 0.890108
vt 0.185897 0.890107
vt 0.185897 0.665693
vt 0.190891 0.665694
vt 0.349594 0.980992
vt 0.354588 0.980992
vt 0.354588 0.987413
vt 0.349594 0.987413
vt 0.147374 0.890378
vt 0.142381 0.890378
vt 0.142381 0.665659
vt 0.147374 0.665659
vt 0.503652 0.988355
vt 0.498658 0.988351
vt 0.498658 0.981943
vt 0.503652 0.981947
vt 0.428193 0.602353
vt 0.434613 0.602353
vt 0.434613 0.827066
vt 0.428193 0.827066
vt 0.440848 0.602353
vt 0.447268 0.602353
vt 0.447268 0.827066
vt 0.440848 0.827066
vt 0.904410 0.597001
vt 0.904410 0.454324
vt 0.910110 0.454323
vt 0.910110 0.597000
vt 0.904410 0.448088
vt 0.904410 0.305411
vt 0.910117 0.305411
vt 0.910117 0.448088
vt 0.113675 0.843866
vt 0.113675 0.701189
vt 0.119382 0.701189
vt 0.119382 0.843866
vt 0.905284 0.145790
vt 0.905284 0.003122
vt 0.910980 0.003117
vt 0.910980 0.145786
vt 0.934157 0.986459
vt 0.934157 0.980752
vt 0.939864 0.980752
vt 0.939864 0.986459
vt 0.638350 0.980633
vt 0.638350 0.986340
vt 0.632643 0.986340
vt 0.632643 0.980633
vt 0.904410 0.745914
vt 0.904410 0.603237
vt 0.910110 0.603236
vt 0.910110 0.745913
vt 0.218156 0.808370
vt 0.218156 0.665693
vt 0.223863 0.665693
vt 0.223863 0.808370
vt 0.044852 0.844006
vt 0.044852 0.701329
vt 0.050560 0.701329
vt 0.050560 0.844006
vt 0.904410 0.894822
vt 0.904410 0.752153
vt 0.910106 0.752149
vt 0.910106 0.894818
vt 0.336939 0.986343
vt 0.336939 0.980636
vt 0.342646 0.980636
vt 0.342646 0.986343
vt 0.373849 0.980645
vt 0.373849 0.986352
vt 0.368142 0.986352
vt 0.368142 0.980645
vt 0.054450 0.950096
vt 0.054450 0.909076
vt 0.059437 0.909075
vt 0.059437 0.950095
vt 0.823470 0.305411
vt 0.864490 0.305411
vt 0.864490 0.580066
vt 0.823470 0.580067
vt 0.712488 0.947645
vt 0.712488 0.906625
vt 0.717482 0.906625
vt 0.717482 0.947645
vt 0.864488 0.860448
vt 0.823470 0.860418
vt 0.823470 0.586301
vt 0.864488 0.586332
vt 0.395934 0.877009
vt 0.395934 0.602353
vt 0.400928 0.602353
vt 0.400928 0.877009
vt 0.389699 0.602353
vt 0.389699 0.877009
vt 0.384706 0.877009
vt 0.384706 0.602353
vt 0.961997 0.143127
vt 0.959857 0.143127
vt 0.959857 0.137427
vt 0.961997 0.137428
vt 0.896035 0.586301
vt 0.898175 0.586301
vt 0.898175 0.860957
vt 0.896035 0.860957
vt 0.928087 0.098879
vt 0.925947 0.098879
vt 0.925947 0.093172
vt 0.928087 0.093172
vt 0.889800 0.881821
vt 0.887660 0.881819
vt 0.887660 0.607703
vt 0.889800 0.607705
vt 0.336939 0.877009
vt 0.336939 0.602353
vt 0.342646 0.602353
vt 0.342646 0.877009
vt 0.378471 0.602353
vt 0.378471 0.877009
vt 0.372764 0.877009
vt 0.372764 0.602353
vt 0.961136 0.445709
vt 0.958995 0.445708
vt 0.958995 0.440009
vt 0.961136 0.440009
vt 0.896035 0.305411
vt 0.898175 0.305411
vt 0.898175 0.580066
vt 0.896035 0.580066
vt 0.960960 0.068564
vt 0.958820 0.068564
vt 0.958820 0.062857
vt 0.960960 0.062857
vt 0.899050 0.277235
vt 0.896910 0.277234
vt 0.896910 0.003117
vt 0.899050 0.003119
vt 0.348880 0.877009
vt 0.348880 0.602353
vt 0.354587 0.602353
vt 0.354587 0.877009
vt 0.366529 0.602353
vt 0.366529 0.877009
vt 0.360822 0.877009
vt 0.360822 0.602353
vt 0.811419 0.921805
vt 0.799579 0.899295
vt 0.801839 0.899295
vt 0.800755 0.904217
vt 0.789573 0.921805
vt 0.804089 0.912322
vt 0.797146 0.912322
vt 0.805332 0.915210
vt 0.795834 0.915210
vt 0.808143 0.921805
vt 0.792848 0.921805
vt 0.869120 0.916137
vt 0.849864 0.913249
vt 0.869122 0.913249
vt 0.855790 0.916137
vt 0.864064 0.932740
vt 0.869990 0.935628
vt 0.849849 0.932740
vt 0.849847 0.935628
vt 0.842743 0.916137
vt 0.823487 0.913249
vt 0.842745 0.913249
vt 0.829413 0.916137
vt 0.837687 0.932740
vt 0.843613 0.935628
vt 0.823472 0.932740
vt 0.823470 0.935628
vt 0.987440 0.476702
vt 0.984230 0.454325
vt 0.987440 0.454323
vt 0.984230 0.476704
vt 0.108853 0.948023
vt 0.105644 0.928534
vt 0.108853 0.925644
vt 0.101877 0.925649
vt 0.100712 0.925709
vt 0.099656 0.925881
vt 0.098708 0.926158
vt 0.097866 0.926532
vt 0.097128 0.926996
vt 0.096494 0.927540
vt 0.095961 0.928159
vt 0.101877 0.928537
vt 0.095528 0.928843
vt 0.105644 0.935458
vt 0.101190 0.928573
vt 0.100584 0.928677
vt 0.100054 0.928841
vt 0.095194 0.929586
vt 0.099597 0.929059
vt 0.099208 0.929324
vt 0.098885 0.929630
vt 0.094958 0.930379
vt 0.098622 0.929971
vt 0.098415 0.930338
vt 0.098262 0.930727
vt 0.094817 0.931215
vt 0.098157 0.931130
vt 0.098097 0.931541
vt 0.094770 0.932086
vt 0.098078 0.931952
vt 0.098110 0.932490
vt 0.094820 0.932947
vt 0.098203 0.932987
vt 0.094969 0.933769
vt 0.098356 0.933442
vt 0.098566 0.933854
vt 0.095220 0.934546
vt 0.098830 0.934222
vt 0.099147 0.934544
vt 0.095573 0.935271
vt 0.099513 0.934820
vt 0.099927 0.935048
vt 0.100386 0.935227
vt 0.100887 0.935356
vt 0.096032 0.935936
vt 0.101429 0.935435
vt 0.102008 0.935461
vt 0.105644 0.938346
vt 0.096596 0.936535
vt 0.097268 0.937061
vt 0.098050 0.937507
vt 0.098943 0.937865
vt 0.099948 0.938129
vt 0.101068 0.938293
vt 0.102303 0.938348
vt 0.105644 0.948026
vt 0.417678 0.921239
vt 0.427293 0.898728
vt 0.429557 0.898728
vt 0.428376 0.903650
vt 0.439566 0.921239
vt 0.425028 0.911755
vt 0.431985 0.911755
vt 0.423781 0.914643
vt 0.433298 0.914643
vt 0.420959 0.921239
vt 0.436284 0.921239
vt 0.004003 0.913958
vt 0.004003 0.911070
vt 0.023299 0.911070
vt 0.017359 0.913958
vt 0.009057 0.930563
vt 0.003117 0.933450
vt 0.023299 0.930563
vt 0.023299 0.933450
vt 0.535394 0.913277
vt 0.535394 0.910389
vt 0.554690 0.910389
vt 0.548750 0.913277
vt 0.540448 0.929882
vt 0.534508 0.932769
vt 0.554690 0.929882
vt 0.554690 0.932769
vt 0.835412 0.985815
vt 0.835412 0.963435
vt 0.838628 0.963435
vt 0.838628 0.985815
vt 0.162900 0.947970
vt 0.162900 0.925590
vt 0.166116 0.928478
vt 0.169889 0.925590
vt 0.171057 0.925649
vt 0.172115 0.925820
vt 0.173065 0.926097
vt 0.173909 0.926470
vt 0.174648 0.926933
vt 0.175284 0.927477
vt 0.175817 0.928095
vt 0.169889 0.928478
vt 0.176251 0.928779
vt 0.166116 0.935402
vt 0.170578 0.928514
vt 0.171185 0.928617
vt 0.171716 0.928780
vt 0.176585 0.929522
vt 0.172174 0.928998
vt 0.172564 0.929263
vt 0.172888 0.929569
vt 0.176823 0.930315
vt 0.173151 0.929909
vt 0.173358 0.930277
vt 0.173512 0.930665
vt 0.176964 0.931151
vt 0.173617 0.931068
vt 0.173677 0.931479
vt 0.177010 0.932022
vt 0.173696 0.931891
vt 0.173664 0.932428
vt 0.176961 0.932883
vt 0.173571 0.932926
vt 0.176811 0.933705
vt 0.173418 0.933381
vt 0.173207 0.933793
vt 0.176560 0.934483
vt 0.172943 0.934161
vt 0.172625 0.934483
vt 0.176206 0.935207
vt 0.172258 0.934759
vt 0.171844 0.934987
vt 0.171384 0.935167
vt 0.170882 0.935297
vt 0.175747 0.935873
vt 0.170339 0.935375
vt 0.169758 0.935402
vt 0.166116 0.938290
vt 0.175181 0.936472
vt 0.174507 0.936999
vt 0.173724 0.937445
vt 0.172829 0.937804
vt 0.171822 0.938069
vt 0.170700 0.938233
vt 0.169463 0.938290
vt 0.166116 0.947970
vt 0.397606 0.921581
vt 0.398668 0.921755
vt 0.398659 0.921798
vt 0.397601 0.921625
vt 0.397610 0.921541
vt 0.398677 0.921716
vt 0.397613 0.921510
vt 0.398684 0.921685
vt 0.978426 0.917745
vt 0.978425 0.916671
vt 0.978464 0.916676
vt 0.978465 0.917747
vt 0.978382 0.917744
vt 0.978381 0.916670
vt 0.974458 0.917743
vt 0.974457 0.916669
vt 0.974414 0.917744
vt 0.974413 0.916670
vt 0.974374 0.917746
vt 0.974373 0.916675
vt 0.974342 0.917749
vt 0.974341 0.916682
vt 0.148401 0.925726
vt 0.147340 0.925899
vt 0.147332 0.925860
vt 0.148398 0.925686
vt 0.148405 0.925770
vt 0.147349 0.925942
vt 0.399624 0.922034
vt 0.399608 0.922076
vt 0.399637 0.921997
vt 0.399648 0.921967
vt 0.978423 0.915704
vt 0.978463 0.915711
vt 0.978379 0.915702
vt 0.974455 0.915701
vt 0.974411 0.915704
vt 0.974371 0.915711
vt 0.146374 0.926140
vt 0.146365 0.926111
vt 0.147327 0.925830
vt 0.146386 0.926177
vt 0.146401 0.926219
vt 0.400473 0.922411
vt 0.400452 0.922450
vt 0.400491 0.922376
vt 0.400506 0.922348
vt 0.978420 0.914843
vt 0.978460 0.914853
vt 0.978376 0.914840
vt 0.974453 0.914839
vt 0.974409 0.914843
vt 0.974369 0.914852
vt 0.145521 0.926519
vt 0.145508 0.926491
vt 0.145538 0.926554
vt 0.145558 0.926593
vt 0.401216 0.922878
vt 0.401190 0.922914
vt 0.401240 0.922846
vt 0.401259 0.922820
vt 0.978417 0.914088
vt 0.978457 0.914100
vt 0.978373 0.914084
vt 0.974449 0.914083
vt 0.974405 0.914087
vt 0.974365 0.914099
vt 0.144773 0.926989
vt 0.144756 0.926963
vt 0.144795 0.927020
vt 0.144821 0.927056
vt 0.401856 0.923428
vt 0.401825 0.923459
vt 0.401885 0.923399
vt 0.401907 0.923377
vt 0.978413 0.913437
vt 0.978453 0.913451
vt 0.978369 0.913432
vt 0.974445 0.913431
vt 0.974401 0.913436
vt 0.974361 0.913450
vt 0.144129 0.927541
vt 0.144108 0.927519
vt 0.144156 0.927569
vt 0.144186 0.927601
vt 0.402394 0.924052
vt 0.402358 0.924078
vt 0.402426 0.924028
vt 0.402451 0.924009
vt 0.294274 0.975226
vt 0.294274 0.975857
vt 0.294234 0.975869
vt 0.294235 0.975241
vt 0.294318 0.975221
vt 0.294318 0.975853
vt 0.298242 0.975221
vt 0.298242 0.975853
vt 0.298286 0.975226
vt 0.298286 0.975857
vt 0.298326 0.975241
vt 0.298326 0.975869
vt 0.143588 0.928169
vt 0.143564 0.928151
vt 0.143618 0.928193
vt 0.143653 0.928219
vt 0.402830 0.924742
vt 0.402791 0.924763
vt 0.402865 0.924723
vt 0.402893 0.924708
vt 0.294274 0.976556
vt 0.294234 0.976565
vt 0.294318 0.976552
vt 0.298242 0.976552
vt 0.298286 0.976556
vt 0.298326 0.976565
vt 0.143149 0.928864
vt 0.143123 0.928849
vt 0.143182 0.928883
vt 0.143221 0.928904
vt 0.403166 0.925490
vt 0.403124 0.925506
vt 0.403203 0.925476
vt 0.403233 0.925465
vt 0.294274 0.977313
vt 0.294234 0.977321
vt 0.294318 0.977311
vt 0.298242 0.977311
vt 0.298286 0.977313
vt 0.298325 0.977321
vt 0.142810 0.929617
vt 0.142782 0.929607
vt 0.142846 0.929631
vt 0.142887 0.929646
vt 0.403403 0.926289
vt 0.403360 0.926299
vt 0.403442 0.926280
vt 0.403473 0.926273
vt 0.294274 0.978122
vt 0.294234 0.978127
vt 0.294318 0.978120
vt 0.298241 0.978120
vt 0.298286 0.978122
vt 0.298325 0.978127
vt 0.298357 0.977332
vt 0.298357 0.978134
vt 0.142608 0.930430
vt 0.142570 0.930421
vt 0.142650 0.930440
vt 0.403544 0.927130
vt 0.403500 0.927135
vt 0.403584 0.927126
vt 0.403615 0.927122
vt 0.294274 0.978973
vt 0.294234 0.978975
vt 0.294318 0.978972
vt 0.298241 0.978972
vt 0.298286 0.978973
vt 0.298325 0.978975
vt 0.298357 0.978979
vt 0.142466 0.931271
vt 0.142428 0.931267
vt 0.142509 0.931276
vt 0.403590 0.928007
vt 0.403546 0.928006
vt 0.403630 0.928007
vt 0.403661 0.928007
vt 0.294274 0.979859
vt 0.294234 0.979859
vt 0.294318 0.979859
vt 0.298241 0.979859
vt 0.298285 0.979859
vt 0.298325 0.979859
vt 0.298357 0.979859
vt 0.142419 0.932147
vt 0.142381 0.932147
vt 0.142463 0.932147
vt 0.403539 0.928873
vt 0.403495 0.928867
vt 0.403579 0.928877
vt 0.403610 0.928881
vt 0.294274 0.980736
vt 0.294234 0.980734
vt 0.294318 0.980737
vt 0.298241 0.980737
vt 0.298286 0.980736
vt 0.298325 0.980734
vt 0.298357 0.980730
vt 0.142469 0.933013
vt 0.142431 0.933018
vt 0.142512 0.933007
vt 0.403387 0.929700
vt 0.403344 0.929690
vt 0.403426 0.929710
vt 0.403457 0.929718
vt 0.294274 0.981577
vt 0.294234 0.981572
vt 0.294318 0.981578
vt 0.298241 0.981578
vt 0.298286 0.981577
vt 0.298325 0.981572
vt 0.298357 0.981564
vt 0.142619 0.933841
vt 0.142582 0.933851
vt 0.142661 0.933830
vt 0.403133 0.930483
vt 0.403092 0.930466
vt 0.403170 0.930498
vt 0.403199 0.930510
vt 0.294274 0.982373
vt 0.294234 0.982365
vt 0.294318 0.982375
vt 0.298242 0.982375
vt 0.298286 0.982373
vt 0.298325 0.982365
vt 0.298357 0.982354
vt 0.142872 0.934623
vt 0.142836 0.934639
vt 0.142912 0.934607
vt 0.402775 0.931213
vt 0.402737 0.931191
vt 0.402809 0.931233
vt 0.402837 0.931249
vt 0.294274 0.983117
vt 0.294234 0.983107
vt 0.294318 0.983121
vt 0.298242 0.983121
vt 0.298286 0.983117
vt 0.298326 0.983107
vt 0.143195 0.935374
vt 0.143170 0.935391
vt 0.142809 0.934651
vt 0.143228 0.935354
vt 0.143266 0.935331
vt 0.402311 0.931884
vt 0.402277 0.931856
vt 0.402342 0.931909
vt 0.402367 0.931929
vt 0.294274 0.983802
vt 0.294234 0.983789
vt 0.294318 0.983806
vt 0.298242 0.983806
vt 0.298286 0.983802
vt 0.298326 0.983789
vt 0.143661 0.936050
vt 0.143638 0.936070
vt 0.143690 0.936025
vt 0.143724 0.935997
vt 0.401740 0.932487
vt 0.401710 0.932454
vt 0.401767 0.932517
vt 0.401788 0.932540
vt 0.294274 0.984419
vt 0.294235 0.984404
vt 0.294318 0.984425
vt 0.298242 0.984425
vt 0.298286 0.984419
vt 0.298326 0.984404
vt 0.144234 0.936658
vt 0.144215 0.936682
vt 0.144259 0.936628
vt 0.144289 0.936596
vt 0.401060 0.933017
vt 0.401036 0.932980
vt 0.401082 0.933050
vt 0.401100 0.933076
vt 0.680936 0.976301
vt 0.680939 0.976991
vt 0.680900 0.977002
vt 0.680896 0.976315
vt 0.680980 0.976296
vt 0.680984 0.976987
vt 0.684903 0.976297
vt 0.684907 0.976988
vt 0.684947 0.976302
vt 0.684951 0.976992
vt 0.684987 0.976316
vt 0.684991 0.977003
vt 0.144916 0.937192
vt 0.144900 0.937218
vt 0.144937 0.937158
vt 0.144961 0.937121
vt 0.400271 0.933465
vt 0.400252 0.933425
vt 0.400288 0.933501
vt 0.400302 0.933529
vt 0.680942 0.977791
vt 0.680903 0.977800
vt 0.680987 0.977788
vt 0.684910 0.977789
vt 0.684954 0.977792
vt 0.684994 0.977801
vt 0.145708 0.937643
vt 0.145696 0.937672
vt 0.145724 0.937607
vt 0.145743 0.937567
vt 0.399371 0.933825
vt 0.399357 0.933783
vt 0.399383 0.933862
vt 0.399393 0.933892
vt 0.680945 0.978702
vt 0.680905 0.978708
vt 0.680989 0.978700
vt 0.684913 0.978701
vt 0.684957 0.978703
vt 0.684996 0.978710
vt 0.146611 0.938006
vt 0.146603 0.938036
vt 0.146622 0.937967
vt 0.146635 0.937925
vt 0.398358 0.934090
vt 0.398349 0.934046
vt 0.398366 0.934129
vt 0.398372 0.934160
vt 0.680947 0.979725
vt 0.680907 0.979729
vt 0.680991 0.979724
vt 0.684914 0.979725
vt 0.684958 0.979726
vt 0.684998 0.979730
vt 0.147626 0.938272
vt 0.147621 0.938304
vt 0.147632 0.938233
vt 0.147641 0.938190
vt 0.397231 0.934253
vt 0.397227 0.934209
vt 0.397235 0.934293
vt 0.680907 0.980863
vt 0.680876 0.980866
vt 0.680875 0.979735
vt 0.680947 0.980861
vt 0.680992 0.980860
vt 0.684915 0.980862
vt 0.684959 0.980862
vt 0.684999 0.980864
vt 0.148754 0.938437
vt 0.148753 0.938469
vt 0.148757 0.938397
vt 0.148760 0.938353
vt 0.395990 0.934308
vt 0.395989 0.934264
vt 0.395991 0.934347
vt 0.680908 0.982109
vt 0.680876 0.982110
vt 0.680947 0.982109
vt 0.680992 0.982109
vt 0.684915 0.982110
vt 0.684959 0.982110
vt 0.684999 0.982110
vt 0.149995 0.938493
vt 0.149997 0.938525
vt 0.149995 0.938453
vt 0.149996 0.938408
vt 0.392686 0.934303
vt 0.392642 0.934259
vt 0.392726 0.934343
vt 0.680907 0.985344
vt 0.680875 0.985375
vt 0.680947 0.985323
vt 0.680991 0.985316
vt 0.684914 0.985317
vt 0.684958 0.985324
vt 0.684998 0.985345
vt 0.153254 0.938490
vt 0.153225 0.938522
vt 0.153293 0.938450
vt 0.153336 0.938406
vt 0.392673 0.943984
vt 0.392629 0.943940
vt 0.392712 0.944023
vt 0.392758 0.934374
vt 0.392744 0.944055
vt 0.957991 0.972508
vt 0.957991 0.982189
vt 0.957951 0.982169
vt 0.957951 0.972488
vt 0.958035 0.972515
vt 0.958035 0.982196
vt 0.961959 0.972515
vt 0.961959 0.982196
vt 0.962003 0.972508
vt 0.962003 0.982189
vt 0.962042 0.972488
vt 0.962042 0.982169
vt 0.962074 0.972457
vt 0.962074 0.982138
vt 0.153293 0.948130
vt 0.153254 0.948170
vt 0.153336 0.948086
vt 0.389369 0.943979
vt 0.389413 0.943935
vt 0.389329 0.944019
vt 0.588597 0.294741
vt 0.585150 0.294741
vt 0.585182 0.294710
vt 0.588565 0.294710
vt 0.588617 0.294781
vt 0.585130 0.294781
vt 0.588624 0.294825
vt 0.585123 0.294825
vt 0.588624 0.298749
vt 0.585123 0.298749
vt 0.588617 0.298793
vt 0.585130 0.298793
vt 0.588597 0.298833
vt 0.585150 0.298833
vt 0.156631 0.948168
vt 0.156665 0.948200
vt 0.153225 0.948202
vt 0.156590 0.948128
vt 0.156546 0.948084
vt 0.389400 0.921511
vt 0.389444 0.921555
vt 0.389360 0.921471
vt 0.538594 0.987862
vt 0.538594 0.965250
vt 0.538627 0.965282
vt 0.538627 0.987830
vt 0.538553 0.987882
vt 0.538553 0.965230
vt 0.538509 0.987889
vt 0.538509 0.965223
vt 0.534591 0.987890
vt 0.534591 0.965224
vt 0.534547 0.987883
vt 0.534547 0.965231
vt 0.534508 0.987862
vt 0.534508 0.965251
vt 0.156631 0.925621
vt 0.156665 0.925590
vt 0.156590 0.925661
vt 0.156546 0.925705
vt 0.396435 0.921520
vt 0.396434 0.921565
vt 0.396436 0.921481
vt 0.389329 0.921439
vt 0.396437 0.921449
vt 0.978425 0.926052
vt 0.978426 0.918923
vt 0.978466 0.918923
vt 0.978464 0.926031
vt 0.978381 0.926059
vt 0.978382 0.918923
vt 0.974457 0.926058
vt 0.974459 0.918922
vt 0.974413 0.926051
vt 0.974414 0.918922
vt 0.974373 0.926031
vt 0.974374 0.918923
vt 0.974341 0.925999
vt 0.974343 0.918923
vt 0.149569 0.925666
vt 0.149569 0.925626
vt 0.149570 0.925710
vt 0.934560 0.741428
vt 0.934586 0.742006
vt 0.934542 0.742010
vt 0.934516 0.741429
vt 0.934600 0.741427
vt 0.934626 0.742002
vt 0.934631 0.741427
vt 0.934657 0.741999
vt 0.526159 0.985055
vt 0.526159 0.984484
vt 0.526198 0.984483
vt 0.526199 0.985055
vt 0.526115 0.985056
vt 0.526115 0.984485
vt 0.522191 0.985060
vt 0.522191 0.984489
vt 0.522147 0.985060
vt 0.522147 0.984489
vt 0.522107 0.985059
vt 0.522107 0.984487
vt 0.522076 0.985059
vt 0.522075 0.984484
vt 0.872558 0.976349
vt 0.872532 0.976925
vt 0.872492 0.976920
vt 0.872518 0.976346
vt 0.872602 0.976350
vt 0.872576 0.976930
vt 0.934664 0.742544
vt 0.934621 0.742553
vt 0.934703 0.742536
vt 0.934734 0.742530
vt 0.526159 0.983956
vt 0.526198 0.983952
vt 0.526115 0.983957
vt 0.522191 0.983961
vt 0.522147 0.983960
vt 0.522107 0.983956
vt 0.522075 0.983950
vt 0.872454 0.977462
vt 0.872415 0.977453
vt 0.872497 0.977471
vt 0.934793 0.743042
vt 0.934751 0.743055
vt 0.934831 0.743029
vt 0.934861 0.743020
vt 0.526159 0.983468
vt 0.526199 0.983462
vt 0.526115 0.983470
vt 0.522191 0.983474
vt 0.522147 0.983472
vt 0.522107 0.983466
vt 0.872288 0.977945
vt 0.872258 0.977933
vt 0.872384 0.977445
vt 0.872325 0.977959
vt 0.872367 0.977973
vt 0.934970 0.743496
vt 0.934930 0.743515
vt 0.935006 0.743479
vt 0.935035 0.743466
vt 0.526160 0.983024
vt 0.526200 0.983016
vt 0.526116 0.983027
vt 0.522192 0.983031
vt 0.522148 0.983028
vt 0.522108 0.983020
vt 0.872112 0.978394
vt 0.872083 0.978379
vt 0.872148 0.978412
vt 0.872188 0.978431
vt 0.935196 0.743905
vt 0.935159 0.743930
vt 0.935229 0.743884
vt 0.935256 0.743867
vt 0.526161 0.982626
vt 0.526201 0.982615
vt 0.526117 0.982630
vt 0.522193 0.982634
vt 0.522149 0.982630
vt 0.522109 0.982619
vt 0.871889 0.978798
vt 0.871863 0.978778
vt 0.871922 0.978821
vt 0.871959 0.978845
vt 0.935468 0.744267
vt 0.935435 0.744297
vt 0.935498 0.744241
vt 0.935522 0.744220
vt 0.526163 0.982274
vt 0.526202 0.982261
vt 0.526119 0.982279
vt 0.522195 0.982283
vt 0.522151 0.982278
vt 0.522111 0.982265
vt 0.871620 0.979154
vt 0.871597 0.979131
vt 0.871650 0.979182
vt 0.871683 0.979211
vt 0.935786 0.744580
vt 0.935757 0.744614
vt 0.935811 0.744549
vt 0.935832 0.744525
vt 0.778325 0.298987
vt 0.778341 0.298681
vt 0.778381 0.298694
vt 0.778365 0.299003
vt 0.778281 0.298982
vt 0.778296 0.298676
vt 0.774362 0.298982
vt 0.774378 0.298676
vt 0.522153 0.981976
vt 0.522197 0.981981
vt 0.522113 0.981960
vt 0.871307 0.979461
vt 0.871287 0.979435
vt 0.871332 0.979493
vt 0.871361 0.979527
vt 0.936148 0.744841
vt 0.936125 0.744879
vt 0.936169 0.744807
vt 0.936185 0.744780
vt 0.778354 0.298331
vt 0.778395 0.298341
vt 0.778310 0.298327
vt 0.774391 0.298327
vt 0.774334 0.298681
vt 0.774347 0.298331
vt 0.774295 0.298694
vt 0.774309 0.298341
vt 0.870949 0.979718
vt 0.870933 0.979689
vt 0.870970 0.979753
vt 0.870993 0.979791
vt 0.936554 0.745048
vt 0.936537 0.745089
vt 0.936570 0.745011
vt 0.936582 0.744982
vt 0.778364 0.297938
vt 0.778405 0.297946
vt 0.778320 0.297935
vt 0.774402 0.297935
vt 0.774358 0.297938
vt 0.774319 0.297946
vt 0.870549 0.979922
vt 0.870537 0.979891
vt 0.870564 0.979960
vt 0.870581 0.980001
vt 0.937003 0.745199
vt 0.936992 0.745242
vt 0.937013 0.745161
vt 0.937022 0.745130
vt 0.778372 0.297501
vt 0.778413 0.297507
vt 0.778328 0.297500
vt 0.774409 0.297500
vt 0.774366 0.297501
vt 0.774327 0.297507
vt 0.870105 0.980070
vt 0.870097 0.980038
vt 0.870115 0.980110
vt 0.870126 0.980153
vt 0.937495 0.745292
vt 0.937489 0.745335
vt 0.937500 0.745252
vt 0.778418 0.297025
vt 0.778451 0.297029
vt 0.778446 0.297515
vt 0.778377 0.297022
vt 0.778333 0.297022
vt 0.774414 0.297022
vt 0.774370 0.297022
vt 0.774332 0.297025
vt 0.869619 0.980161
vt 0.869615 0.980128
vt 0.869623 0.980202
vt 0.869629 0.980246
vt 0.938027 0.745323
vt 0.938027 0.745367
vt 0.938028 0.745283
vt 0.778419 0.296501
vt 0.778453 0.296501
vt 0.778379 0.296501
vt 0.778334 0.296500
vt 0.774416 0.296500
vt 0.774372 0.296501
vt 0.774334 0.296501
vt 0.869091 0.980192
vt 0.869091 0.980159
vt 0.869091 0.980233
vt 0.869091 0.980278
vt 0.938435 0.745304
vt 0.938439 0.745348
vt 0.938431 0.745264
vt 0.778419 0.296101
vt 0.778452 0.296098
vt 0.778378 0.296102
vt 0.778333 0.296103
vt 0.774415 0.296103
vt 0.774371 0.296102
vt 0.774333 0.296101
vt 0.868687 0.980173
vt 0.868691 0.980140
vt 0.868683 0.980214
vt 0.868679 0.980258
vt 0.938841 0.745245
vt 0.938850 0.745288
vt 0.938833 0.745206
vt 0.778416 0.295702
vt 0.778449 0.295695
vt 0.778375 0.295705
vt 0.778330 0.295707
vt 0.774412 0.295707
vt 0.774368 0.295705
vt 0.774330 0.295702
vt 0.868285 0.980114
vt 0.868292 0.980081
vt 0.868277 0.980154
vt 0.868268 0.980198
vt 0.939239 0.745141
vt 0.939252 0.745183
vt 0.939226 0.745103
vt 0.778410 0.295311
vt 0.778443 0.295301
vt 0.778370 0.295317
vt 0.778325 0.295320
vt 0.774407 0.295320
vt 0.774363 0.295317
vt 0.774325 0.295311
vt 0.867892 0.980012
vt 0.867902 0.979980
vt 0.867879 0.980051
vt 0.867866 0.980093
vt 0.939622 0.744989
vt 0.939641 0.745029
vt 0.939605 0.744953
vt 0.939217 0.745073
vt 0.939592 0.744925
vt 0.778362 0.294944
vt 0.778403 0.294936
vt 0.778318 0.294947
vt 0.774399 0.294947
vt 0.774356 0.294944
vt 0.774317 0.294936
vt 0.867513 0.979862
vt 0.867527 0.979831
vt 0.867496 0.979899
vt 0.867477 0.979939
vt 0.939984 0.744786
vt 0.940009 0.744823
vt 0.939962 0.744753
vt 0.939945 0.744726
vt 0.778352 0.294593
vt 0.778392 0.294582
vt 0.778308 0.294597
vt 0.774389 0.294597
vt 0.774345 0.294593
vt 0.774307 0.294582
vt 0.867156 0.979661
vt 0.867174 0.979633
vt 0.867134 0.979696
vt 0.867109 0.979733
vt 0.940319 0.744526
vt 0.940349 0.744559
vt 0.940292 0.744497
vt 0.940271 0.744473
vt 0.778339 0.294268
vt 0.778379 0.294254
vt 0.778295 0.294273
vt 0.774376 0.294273
vt 0.774332 0.294268
vt 0.774294 0.294254
vt 0.866826 0.979406
vt 0.866848 0.979380
vt 0.866799 0.979436
vt 0.866769 0.979469
vt 0.940620 0.744207
vt 0.940655 0.744235
vt 0.940589 0.744182
vt 0.940565 0.744162
vt 0.454390 0.982238
vt 0.454388 0.982546
vt 0.454348 0.982534
vt 0.454350 0.982223
vt 0.454434 0.982243
vt 0.454432 0.982551
vt 0.458357 0.982241
vt 0.458355 0.982549
vt 0.458401 0.982236
vt 0.458399 0.982545
vt 0.458441 0.982221
vt 0.458439 0.982532
vt 0.866529 0.979091
vt 0.866554 0.979069
vt 0.866498 0.979117
vt 0.866463 0.979145
vt 0.940881 0.743823
vt 0.940920 0.743845
vt 0.940847 0.743804
vt 0.940819 0.743788
vt 0.454386 0.982918
vt 0.454346 0.982908
vt 0.454430 0.982921
vt 0.458354 0.982920
vt 0.458398 0.982916
vt 0.458437 0.982906
vt 0.866272 0.978713
vt 0.866300 0.978696
vt 0.866237 0.978734
vt 0.866198 0.978757
vt 0.941096 0.743371
vt 0.941137 0.743387
vt 0.941059 0.743357
vt 0.941030 0.743345
vt 0.454385 0.983357
vt 0.454345 0.983350
vt 0.454429 0.983360
vt 0.458352 0.983359
vt 0.458396 0.983356
vt 0.458436 0.983349
vt 0.866059 0.978267
vt 0.866089 0.978254
vt 0.866022 0.978283
vt 0.865981 0.978300
vt 0.941258 0.742846
vt 0.941301 0.742857
vt 0.941219 0.742837
vt 0.941189 0.742830
vt 0.454384 0.983870
vt 0.454344 0.983866
vt 0.454428 0.983872
vt 0.458351 0.983870
vt 0.458395 0.983869
vt 0.458435 0.983864
vt 0.865899 0.977749
vt 0.865930 0.977739
vt 0.865860 0.977759
vt 0.865817 0.977770
vt 0.941360 0.742244
vt 0.941404 0.742249
vt 0.941321 0.742240
vt 0.941289 0.742236
vt 0.454383 0.984461
vt 0.454343 0.984459
vt 0.454427 0.984462
vt 0.458351 0.984461
vt 0.458395 0.984460
vt 0.458434 0.984458
vt 0.865798 0.977152
vt 0.865830 0.977147
vt 0.865758 0.977158
vt 0.865714 0.977163
vt 0.941396 0.741559
vt 0.941440 0.741561
vt 0.941356 0.741558
vt 0.454343 0.985138
vt 0.454311 0.985137
vt 0.454311 0.984456
vt 0.454383 0.985138
vt 0.454427 0.985139
vt 0.458351 0.985137
vt 0.458395 0.985137
vt 0.458434 0.985136
vt 0.865762 0.976472
vt 0.865794 0.976469
vt 0.865722 0.976474
vt 0.865678 0.976476
vt 0.941396 0.737831
vt 0.941440 0.737787
vt 0.941356 0.737871
vt 0.454345 0.988793
vt 0.454313 0.988825
vt 0.454385 0.988773
vt 0.454429 0.988766
vt 0.458352 0.988765
vt 0.458396 0.988771
vt 0.458436 0.988792
vt 0.865762 0.972792
vt 0.865794 0.972821
vt 0.865722 0.972753
vt 0.865678 0.972710
vt 0.934560 0.737831
vt 0.934516 0.737787
vt 0.934600 0.737871
vt 0.941325 0.737902
vt 0.934631 0.737902
vt 0.893909 0.980549
vt 0.893909 0.987202
vt 0.893869 0.987222
vt 0.893869 0.980529
vt 0.893953 0.980556
vt 0.893953 0.987195
vt 0.897876 0.980556
vt 0.897876 0.987195
vt 0.897920 0.980549
vt 0.897920 0.987202
vt 0.897960 0.980529
vt 0.897960 0.987222
vt 0.897992 0.980497
vt 0.897992 0.987254
vt 0.872558 0.972758
vt 0.872518 0.972797
vt 0.872602 0.972715
vt 0.526163 0.988559
vt 0.526202 0.988579
vt 0.526119 0.988552
vt 0.522195 0.988556
vt 0.522151 0.988563
vt 0.522111 0.988584
vt 0.522079 0.988615
vt 0.471317 0.986780
vt 0.471317 0.964311
vt 0.471361 0.964355
vt 0.471361 0.986736
vt 0.471277 0.986819
vt 0.471277 0.964271
vt 0.605882 0.987983
vt 0.605882 0.965372
vt 0.605915 0.965403
vt 0.605915 0.987951
vt 0.605841 0.988003
vt 0.605841 0.965351
vt 0.605797 0.988010
vt 0.605797 0.965344
vt 0.601879 0.988011
vt 0.601879 0.965345
vt 0.601835 0.988004
vt 0.601835 0.965352
vt 0.601796 0.987984
vt 0.601796 0.965372
vt 0.918175 0.987060
vt 0.918175 0.964513
vt 0.918208 0.964482
vt 0.918208 0.987092
vt 0.918134 0.987020
vt 0.918134 0.964553
vt 0.918089 0.986975
vt 0.918089 0.964597
vt 0.474621 0.964311
vt 0.474577 0.964355
vt 0.474661 0.964271
vt 0.471246 0.964240
vt 0.474693 0.964240
vt 0.569145 0.294749
vt 0.565657 0.294749
vt 0.565678 0.294710
vt 0.569125 0.294710
vt 0.569152 0.294793
vt 0.565651 0.294793
vt 0.569152 0.298717
vt 0.565651 0.298717
vt 0.569145 0.298761
vt 0.565657 0.298761
vt 0.569125 0.298801
vt 0.565678 0.298801
vt 0.569093 0.298833
vt 0.565709 0.298833
vt 0.914836 0.964555
vt 0.914798 0.964515
vt 0.914880 0.964599
vt 0.474621 0.986780
vt 0.474577 0.986736
vt 0.474661 0.986820
vt 0.474693 0.986851
vt 0.904450 0.964489
vt 0.904450 0.987140
vt 0.904410 0.987120
vt 0.904410 0.964509
vt 0.904494 0.964482
vt 0.904494 0.987147
vt 0.908418 0.964482
vt 0.908418 0.987147
vt 0.908462 0.964489
vt 0.908462 0.987140
vt 0.908502 0.964509
vt 0.908502 0.987120
vt 0.908533 0.964541
vt 0.908533 0.987089
vt 0.914836 0.987022
vt 0.914798 0.987062
vt 0.914880 0.986978
vt 0.578861 0.294741
vt 0.575414 0.294741
vt 0.575445 0.294710
vt 0.578829 0.294710
vt 0.578881 0.294781
vt 0.575394 0.294781
vt 0.578888 0.294825
vt 0.575387 0.294825
vt 0.578888 0.298749
vt 0.575387 0.298749
vt 0.578881 0.298793
vt 0.575394 0.298793
vt 0.578861 0.298833
vt 0.575414 0.298833
vt 0.914768 0.987094
vt 0.662975 0.909936
vt 0.682402 0.909840
vt 0.682315 0.909885
vt 0.663019 0.909980
vt 0.662935 0.909897
vt 0.682480 0.909800
vt 0.662904 0.909865
vt 0.682542 0.909768
vt 0.777975 0.988336
vt 0.777975 0.968637
vt 0.778015 0.968677
vt 0.778015 0.988315
vt 0.777931 0.988343
vt 0.777931 0.968623
vt 0.774007 0.988343
vt 0.774007 0.968623
vt 0.773963 0.988336
vt 0.773963 0.968637
vt 0.773923 0.988315
vt 0.773923 0.968677
vt 0.773892 0.988284
vt 0.773892 0.968739
vt 0.500596 0.910542
vt 0.481207 0.910460
vt 0.481130 0.910420
vt 0.500637 0.910502
vt 0.500551 0.910585
vt 0.481293 0.910505
vt 0.668256 0.929403
vt 0.668169 0.929448
vt 0.668334 0.929363
vt 0.668396 0.929331
vt 0.984483 0.077798
vt 0.984483 0.097361
vt 0.984443 0.097382
vt 0.984443 0.077819
vt 0.984527 0.077791
vt 0.984527 0.097354
vt 0.988450 0.077792
vt 0.988450 0.097355
vt 0.988494 0.077799
vt 0.988494 0.097362
vt 0.988534 0.077820
vt 0.988534 0.097383
vt 0.495248 0.929971
vt 0.495188 0.929940
vt 0.481071 0.910389
vt 0.495325 0.930011
vt 0.495411 0.930055
vt 0.682455 0.929333
vt 0.682411 0.929377
vt 0.682495 0.929293
vt 0.682526 0.929261
vt 0.178523 0.916965
vt 0.178523 0.902855
vt 0.178563 0.902875
vt 0.178563 0.917005
vt 0.178479 0.916951
vt 0.178479 0.902848
vt 0.174556 0.916951
vt 0.174556 0.902848
vt 0.174512 0.916965
vt 0.174512 0.902855
vt 0.174472 0.917005
vt 0.174472 0.902875
vt 0.174440 0.917067
vt 0.174440 0.902906
vt 0.481154 0.929952
vt 0.481115 0.929912
vt 0.481197 0.929996
vt 0.682470 0.932309
vt 0.682426 0.932265
vt 0.682510 0.932348
vt 0.682542 0.932380
vt 0.633673 0.298793
vt 0.636833 0.298793
vt 0.636813 0.298833
vt 0.633694 0.298833
vt 0.633667 0.298749
vt 0.636840 0.298749
vt 0.633667 0.294825
vt 0.636840 0.294825
vt 0.633674 0.294781
vt 0.636833 0.294781
vt 0.633694 0.294741
vt 0.636813 0.294741
vt 0.633726 0.294710
vt 0.636781 0.294710
vt 0.481139 0.932927
vt 0.481100 0.932967
vt 0.481183 0.932883
vt 0.662158 0.932409
vt 0.662244 0.932365
vt 0.662080 0.932449
vt 0.651549 0.967719
vt 0.651549 0.988243
vt 0.651517 0.988181
vt 0.651517 0.967750
vt 0.651589 0.967698
vt 0.651589 0.988283
vt 0.651633 0.967691
vt 0.651633 0.988297
vt 0.655556 0.967691
vt 0.655556 0.988297
vt 0.655600 0.967698
vt 0.655600 0.988283
vt 0.655640 0.967719
vt 0.655640 0.988243
vt 0.501491 0.933053
vt 0.501555 0.933085
vt 0.481071 0.932999
vt 0.501412 0.933012
vt 0.501325 0.932968
vt 0.676303 0.912846
vt 0.676390 0.912802
vt 0.676225 0.912887
vt 0.662018 0.932481
vt 0.676163 0.912918
vt 0.988272 0.502411
vt 0.988272 0.482961
vt 0.988313 0.482939
vt 0.988313 0.502389
vt 0.988227 0.502420
vt 0.988227 0.482969
vt 0.984312 0.502569
vt 0.984312 0.483119
vt 0.984268 0.502564
vt 0.984268 0.483114
vt 0.984230 0.502546
vt 0.984230 0.483095
vt 0.487373 0.913502
vt 0.487437 0.913534
vt 0.487294 0.913462
vt 0.487207 0.913417
vt 0.662990 0.912912
vt 0.663034 0.912868
vt 0.662950 0.912952
vt 0.876256 0.913311
vt 0.876256 0.926555
vt 0.876224 0.926524
vt 0.876224 0.913249
vt 0.876296 0.913351
vt 0.876296 0.926576
vt 0.876340 0.913365
vt 0.876340 0.926583
vt 0.880264 0.913365
vt 0.880264 0.926583
vt 0.880308 0.913351
vt 0.880308 0.926576
vt 0.880348 0.913311
vt 0.880348 0.926555
vt 0.500622 0.913558
vt 0.500655 0.913590
vt 0.500581 0.913517
vt 0.500537 0.913473
vt 0.665036 0.294743
vt 0.661918 0.294743
vt 0.661949 0.294710
vt 0.665005 0.294710
vt 0.665056 0.294784
vt 0.661897 0.294784
vt 0.665063 0.294829
vt 0.661890 0.294828
vt 0.665063 0.298747
vt 0.661890 0.298746
vt 0.665056 0.298791
vt 0.661897 0.298790
vt 0.665036 0.298829
vt 0.661918 0.298829
vt 0.500670 0.910471
vt 0.455269 0.910557
vt 0.474696 0.910461
vt 0.474609 0.910506
vt 0.455313 0.910601
vt 0.455229 0.910518
vt 0.474774 0.910421
vt 0.455197 0.910486
vt 0.474836 0.910389
vt 0.988311 0.572112
vt 0.988311 0.552413
vt 0.988351 0.552453
vt 0.988351 0.572092
vt 0.988267 0.572119
vt 0.988267 0.552400
vt 0.984343 0.572119
vt 0.984343 0.552400
vt 0.984299 0.572112
vt 0.984299 0.552413
vt 0.984259 0.572092
vt 0.984259 0.552453
vt 0.984227 0.572060
vt 0.984227 0.552515
vt 0.527314 0.910542
vt 0.507926 0.910460
vt 0.507849 0.910421
vt 0.527356 0.910502
vt 0.527270 0.910586
vt 0.508012 0.910505
vt 0.460550 0.930024
vt 0.460463 0.930069
vt 0.460628 0.929984
vt 0.460690 0.929952
vt 0.984267 0.578361
vt 0.984267 0.597924
vt 0.984228 0.597944
vt 0.984228 0.578381
vt 0.984311 0.578354
vt 0.984311 0.597917
vt 0.988235 0.578355
vt 0.988235 0.597918
vt 0.988279 0.578362
vt 0.988279 0.597925
vt 0.988319 0.578382
vt 0.988319 0.597945
vt 0.521967 0.929971
vt 0.521907 0.929940
vt 0.507789 0.910389
vt 0.522044 0.930011
vt 0.522130 0.930056
vt 0.474749 0.929954
vt 0.474705 0.929998
vt 0.474789 0.929914
vt 0.474820 0.929882
vt 0.234182 0.679810
vt 0.234182 0.665699
vt 0.234221 0.665720
vt 0.234221 0.679850
vt 0.234138 0.679796
vt 0.234138 0.665693
vt 0.230214 0.679796
vt 0.230214 0.665692
vt 0.230170 0.679810
vt 0.230170 0.665699
vt 0.230130 0.679850
vt 0.230130 0.665720
vt 0.230098 0.679912
vt 0.230098 0.665751
vt 0.507872 0.929952
vt 0.507834 0.929912
vt 0.507916 0.929996
vt 0.474764 0.932930
vt 0.474720 0.932886
vt 0.474804 0.932969
vt 0.474836 0.933001
vt 0.643081 0.298793
vt 0.646241 0.298793
vt 0.646220 0.298833
vt 0.643102 0.298833
vt 0.643074 0.298749
vt 0.646248 0.298749
vt 0.643074 0.294825
vt 0.646248 0.294825
vt 0.643081 0.294781
vt 0.646241 0.294781
vt 0.643102 0.294741
vt 0.646220 0.294741
vt 0.643134 0.294710
vt 0.646189 0.294710
vt 0.507858 0.932927
vt 0.507819 0.932967
vt 0.507901 0.932883
vt 0.454452 0.933030
vt 0.454538 0.932986
vt 0.454373 0.933070
vt 0.316860 0.966601
vt 0.316860 0.987125
vt 0.316828 0.987063
vt 0.316828 0.966632
vt 0.316899 0.966580
vt 0.316899 0.987165
vt 0.316944 0.966573
vt 0.316944 0.987179
vt 0.320867 0.966573
vt 0.320867 0.987179
vt 0.320911 0.966580
vt 0.320911 0.987165
vt 0.320951 0.966601
vt 0.320951 0.987125
vt 0.528210 0.933053
vt 0.528274 0.933085
vt 0.507789 0.932999
vt 0.528130 0.933013
vt 0.528044 0.932968
vt 0.468597 0.913467
vt 0.468684 0.913423
vt 0.468519 0.913508
vt 0.454311 0.933102
vt 0.468457 0.913539
vt 0.988276 0.356053
vt 0.988276 0.336602
vt 0.988317 0.336581
vt 0.988317 0.356031
vt 0.988231 0.356061
vt 0.988231 0.336611
vt 0.984316 0.356211
vt 0.984316 0.336761
vt 0.984272 0.356206
vt 0.984272 0.336756
vt 0.984234 0.356187
vt 0.984234 0.336737
vt 0.514092 0.913502
vt 0.514156 0.913534
vt 0.514013 0.913462
vt 0.513926 0.913417
vt 0.455284 0.913533
vt 0.455328 0.913489
vt 0.455244 0.913573
vt 0.935061 0.081558
vt 0.935061 0.094802
vt 0.935029 0.094771
vt 0.935029 0.081496
vt 0.935101 0.081598
vt 0.935101 0.094823
vt 0.935145 0.081612
vt 0.935145 0.094830
vt 0.939069 0.081612
vt 0.939069 0.094830
vt 0.939113 0.081598
vt 0.939113 0.094823
vt 0.939152 0.081558
vt 0.939152 0.094802
vt 0.527341 0.913558
vt 0.527374 0.913590
vt 0.527300 0.913518
vt 0.527256 0.913473
vt 0.655628 0.294743
vt 0.652510 0.294743
vt 0.652541 0.294710
vt 0.655597 0.294710
vt 0.655648 0.294784
vt 0.652489 0.294784
vt 0.655655 0.294829
vt 0.652482 0.294828
vt 0.655655 0.298747
vt 0.652482 0.298746
vt 0.655648 0.298791
vt 0.652489 0.298790
vt 0.655628 0.298829
vt 0.652510 0.298829
vt 0.527389 0.910471
vt 0.161134 0.919284
vt 0.158147 0.912688
vt 0.158176 0.912644
vt 0.161162 0.919240
vt 0.161108 0.919324
vt 0.158122 0.912728
vt 0.161088 0.919355
vt 0.158101 0.912759
vt 0.988271 0.610904
vt 0.988271 0.604295
vt 0.988312 0.604275
vt 0.988312 0.610885
vt 0.988227 0.610910
vt 0.988227 0.604301
vt 0.984310 0.610819
vt 0.984310 0.604209
vt 0.984266 0.610811
vt 0.984266 0.604201
vt 0.984227 0.610790
vt 0.984227 0.604180
vt 0.098275 0.919377
vt 0.101260 0.912782
vt 0.101282 0.912814
vt 0.098297 0.919409
vt 0.098248 0.919337
vt 0.101233 0.912742
vt 0.098219 0.919293
vt 0.101204 0.912698
vt 0.148688 0.912688
vt 0.148659 0.912644
vt 0.148714 0.912728
vt 0.283908 0.975242
vt 0.283908 0.984608
vt 0.283876 0.984628
vt 0.283876 0.975221
vt 0.283948 0.975255
vt 0.283948 0.984594
vt 0.283992 0.975259
vt 0.283992 0.984590
vt 0.287915 0.975259
vt 0.287915 0.984590
vt 0.287959 0.975255
vt 0.287959 0.984594
vt 0.287999 0.975242
vt 0.287999 0.984608
vt 0.110649 0.912782
vt 0.110630 0.912814
vt 0.110674 0.912742
vt 0.110702 0.912698
vt 0.145866 0.919284
vt 0.145837 0.919240
vt 0.145892 0.919324
vt 0.148735 0.912759
vt 0.145913 0.919355
vt 0.984740 0.913451
vt 0.984740 0.920061
vt 0.984701 0.920041
vt 0.984701 0.913431
vt 0.984784 0.913458
vt 0.984784 0.920068
vt 0.988708 0.913459
vt 0.988708 0.920069
vt 0.988752 0.913452
vt 0.988752 0.920062
vt 0.988792 0.913432
vt 0.988792 0.920042
vt 0.113460 0.919377
vt 0.113442 0.919409
vt 0.113485 0.919337
vt 0.113514 0.919293
vt 0.142489 0.919284
vt 0.142555 0.919240
vt 0.142428 0.919324
vt 0.559398 0.294741
vt 0.555865 0.294741
vt 0.555913 0.294710
vt 0.559377 0.294710
vt 0.559411 0.294781
vt 0.555834 0.294781
vt 0.559416 0.294825
vt 0.555824 0.294825
vt 0.559416 0.298749
vt 0.555824 0.298749
vt 0.559411 0.298793
vt 0.555834 0.298793
vt 0.559398 0.298833
vt 0.555865 0.298833
vt 0.116918 0.919377
vt 0.116967 0.919409
vt 0.116856 0.919337
vt 0.116789 0.919293
vt 0.152141 0.896684
vt 0.152170 0.896728
vt 0.152115 0.896644
vt 0.142381 0.919355
vt 0.152094 0.896613
vt 0.447900 0.984789
vt 0.447900 0.962039
vt 0.447941 0.962058
vt 0.447941 0.984768
vt 0.447856 0.984797
vt 0.447856 0.962033
vt 0.443938 0.984885
vt 0.443938 0.962121
vt 0.443895 0.984879
vt 0.443895 0.962129
vt 0.443856 0.984860
vt 0.443856 0.962150
vt 0.107267 0.896699
vt 0.107290 0.896668
vt 0.107239 0.896739
vt 0.107210 0.896783
vt 0.154463 0.896684
vt 0.154435 0.896728
vt 0.154489 0.896644
vt 0.154510 0.896613
vt 0.259188 0.929820
vt 0.256746 0.929820
vt 0.256759 0.929781
vt 0.259174 0.929781
vt 0.259192 0.929864
vt 0.256741 0.929864
vt 0.259192 0.933788
vt 0.256741 0.933788
vt 0.259188 0.933832
vt 0.256746 0.933832
vt 0.259174 0.933872
vt 0.256759 0.933872
vt 0.259153 0.933904
vt 0.256779 0.933904
vt 0.104922 0.896739
vt 0.104897 0.896699
vt 0.104950 0.896783
vt 0.164511 0.919284
vt 0.164444 0.919240
vt 0.164573 0.919324
vt 0.164621 0.919355
vt 0.662057 0.964982
vt 0.662057 0.987714
vt 0.662017 0.987694
vt 0.662017 0.965002
vt 0.662101 0.964975
vt 0.662101 0.987721
vt 0.666025 0.964974
vt 0.666025 0.987721
vt 0.666069 0.964981
vt 0.666069 0.987714
vt 0.666109 0.965001
vt 0.666109 0.987693
vt 0.094817 0.919377
vt 0.094770 0.919409
vt 0.104879 0.896668
vt 0.094877 0.919337
vt 0.094944 0.919293
vt 0.549547 0.294741
vt 0.546013 0.294741
vt 0.546034 0.294710
vt 0.549499 0.294710
vt 0.549578 0.294781
vt 0.546000 0.294781
vt 0.549589 0.294826
vt 0.545996 0.294825
vt 0.549589 0.298749
vt 0.545996 0.298749
vt 0.549578 0.298793
vt 0.546000 0.298793
vt 0.549547 0.298833
vt 0.546013 0.298833
vt 0.035321 0.852768
vt 0.029014 0.846772
vt 0.028970 0.846669
vt 0.035400 0.852783
vt 0.035249 0.852755
vt 0.029054 0.846864
vt 0.035192 0.852744
vt 0.029085 0.846938
vt 0.252836 0.984825
vt 0.252836 0.977184
vt 0.252876 0.977133
vt 0.252876 0.984846
vt 0.252791 0.984817
vt 0.252791 0.977200
vt 0.248874 0.984727
vt 0.248874 0.977111
vt 0.248830 0.984733
vt 0.248830 0.977092
vt 0.248792 0.984752
vt 0.248792 0.977040
vt 0.974126 0.212533
vt 0.974126 0.203986
vt 0.974160 0.204059
vt 0.974160 0.212484
vt 0.974085 0.212595
vt 0.974085 0.203893
vt 0.974041 0.212663
vt 0.974041 0.203791
vt 0.029014 0.855373
vt 0.028970 0.855439
vt 0.029054 0.855313
vt 0.029085 0.855266
vt 0.306480 0.979256
vt 0.306480 0.986898
vt 0.306440 0.986918
vt 0.306440 0.979205
vt 0.306524 0.979274
vt 0.306524 0.986890
vt 0.310448 0.979275
vt 0.310448 0.986891
vt 0.310492 0.979257
vt 0.310492 0.986898
vt 0.310532 0.979205
vt 0.310532 0.986919
vt 0.980237 0.209812
vt 0.980183 0.209802
vt 0.980306 0.209825
vt 0.980384 0.209839
vt 0.987668 0.373957
vt 0.987668 0.367412
vt 0.987708 0.367381
vt 0.987708 0.373987
vt 0.987624 0.373947
vt 0.987624 0.367423
vt 0.983701 0.373947
vt 0.983701 0.367423
vt 0.983657 0.373957
vt 0.983657 0.367412
vt 0.983617 0.373987
vt 0.983617 0.367381
vt 0.983585 0.374035
vt 0.983585 0.367332
vt 0.687379 0.856967
vt 0.662018 0.830264
vt 0.687379 0.816995
vt 0.693614 0.824845
vt 0.721197 0.816996
vt 0.721197 0.853823
vt 0.802228 0.980048
vt 0.802228 0.953903
vt 0.805082 0.953894
vt 0.805082 0.980038
vt 0.524929 0.939320
vt 0.524929 0.975725
vt 0.522075 0.975725
vt 0.522075 0.939320
vt 0.979241 0.619226
vt 0.979241 0.650737
vt 0.976388 0.650753
vt 0.976388 0.619242
vt 0.784687 0.298905
vt 0.784687 0.294254
vt 0.788247 0.294386
vt 0.788247 0.299037
vt 0.963658 0.966222
vt 0.957951 0.966222
vt 0.957951 0.934833
vt 0.963658 0.934833
vt 0.794482 0.298873
vt 0.794482 0.294255
vt 0.798049 0.294254
vt 0.798049 0.298873
vt 0.680875 0.938725
vt 0.686580 0.938716
vt 0.686580 0.970053
vt 0.680875 0.970062
vt 0.983585 0.439122
vt 0.983585 0.413622
vt 0.987152 0.413640
vt 0.987152 0.439140
vt 0.987352 0.708446
vt 0.987352 0.733946
vt 0.983785 0.733965
vt 0.983785 0.708465
vt 0.444931 0.994481
vt 0.443861 0.994482
vt 0.443863 0.993362
vt 0.444933 0.993361
vt 0.443861 0.992182
vt 0.444931 0.992181
vt 0.443856 0.991121
vt 0.444926 0.991120
vt 0.835413 0.992050
vt 0.836483 0.992050
vt 0.836482 0.992936
vt 0.835412 0.992936
vt 0.836482 0.994054
vt 0.835412 0.994054
vt 0.836482 0.995235
vt 0.835412 0.995235
vt 0.836483 0.996299
vt 0.835413 0.996299
vt 0.811859 0.991857
vt 0.812929 0.991858
vt 0.812934 0.992748
vt 0.811864 0.992747
vt 0.812935 0.993868
vt 0.811865 0.993867
vt 0.812934 0.995049
vt 0.811864 0.995048
vt 0.812929 0.996110
vt 0.811859 0.996109
vt 0.995058 0.374035
vt 0.993990 0.374028
vt 0.993955 0.373135
vt 0.995024 0.373142
vt 0.993943 0.372013
vt 0.995012 0.372020
vt 0.993955 0.370833
vt 0.995024 0.370840
vt 0.563302 0.980425
vt 0.564483 0.980426
vt 0.565574 0.980879
vt 0.566409 0.981716
vt 0.566860 0.982809
vt 0.566860 0.983992
vt 0.566409 0.985085
vt 0.565574 0.985921
vt 0.564483 0.986373
vt 0.563302 0.986372
vt 0.562212 0.985919
vt 0.561377 0.985082
vt 0.560925 0.983989
vt 0.560925 0.982806
vt 0.561377 0.981713
vt 0.562212 0.980877
vt 0.993990 0.369774
vt 0.995058 0.369781
vt 0.444926 0.995371
vt 0.443856 0.995372
vt 0.930578 0.396757
vt 0.931031 0.397850
vt 0.931031 0.399033
vt 0.930578 0.400126
vt 0.929742 0.400963
vt 0.928649 0.401415
vt 0.927466 0.401415
vt 0.926373 0.400963
vt 0.925536 0.400126
vt 0.925084 0.399033
vt 0.925084 0.397850
vt 0.925536 0.396757
vt 0.926373 0.395921
vt 0.927466 0.395468
vt 0.928649 0.395468
vt 0.929742 0.395921
vt 0.995660 0.555761
vt 0.994590 0.555762
vt 0.994592 0.554642
vt 0.995662 0.554641
vt 0.994590 0.553461
vt 0.995660 0.553460
vt 0.994585 0.552401
vt 0.995655 0.552400
vt 0.046805 0.992208
vt 0.047875 0.992208
vt 0.047875 0.993094
vt 0.046805 0.993094
vt 0.047875 0.994212
vt 0.046805 0.994212
vt 0.047875 0.995393
vt 0.046805 0.995393
vt 0.047875 0.996456
vt 0.046805 0.996456
vt 0.995027 0.913431
vt 0.996097 0.913432
vt 0.996102 0.914322
vt 0.995032 0.914321
vt 0.996103 0.915442
vt 0.995033 0.915441
vt 0.996102 0.916623
vt 0.995032 0.916622
vt 0.996097 0.917684
vt 0.995027 0.917683
vt 0.993985 0.744460
vt 0.992916 0.744453
vt 0.992882 0.743560
vt 0.993950 0.743567
vt 0.992869 0.742438
vt 0.993938 0.742445
vt 0.992882 0.741258
vt 0.993950 0.741265
vt 0.238999 0.977040
vt 0.240180 0.977040
vt 0.241270 0.977494
vt 0.242105 0.978330
vt 0.242557 0.979424
vt 0.242557 0.980607
vt 0.242105 0.981699
vt 0.241270 0.982535
vt 0.240180 0.982987
vt 0.238999 0.982987
vt 0.237908 0.982533
vt 0.237073 0.981696
vt 0.236621 0.980603
vt 0.236621 0.979420
vt 0.237073 0.978328
vt 0.237908 0.977492
vt 0.992916 0.740199
vt 0.993985 0.740206
vt 0.995655 0.556651
vt 0.994585 0.556652
vt 0.432851 0.886268
vt 0.433687 0.887104
vt 0.434140 0.888197
vt 0.434140 0.889380
vt 0.433687 0.890473
vt 0.432851 0.891309
vt 0.431758 0.891762
vt 0.430575 0.891762
vt 0.429482 0.891309
vt 0.428645 0.890473
vt 0.428193 0.889380
vt 0.428193 0.888197
vt 0.428645 0.887104
vt 0.429482 0.886268
vt 0.430575 0.885815
vt 0.431758 0.885815
vt 0.995660 0.566248
vt 0.994590 0.566249
vt 0.994592 0.565129
vt 0.995662 0.565128
vt 0.994590 0.563949
vt 0.995660 0.563948
vt 0.994585 0.562888
vt 0.995655 0.562887
vt 0.632643 0.992575
vt 0.633713 0.992575
vt 0.633713 0.993461
vt 0.632643 0.993461
vt 0.633713 0.994579
vt 0.632643 0.994579
vt 0.633713 0.995760
vt 0.632643 0.995760
vt 0.633713 0.996824
vt 0.632643 0.996824
vt 0.995027 0.923918
vt 0.996097 0.923919
vt 0.996102 0.924809
vt 0.995032 0.924808
vt 0.996103 0.925930
vt 0.995033 0.925929
vt 0.996102 0.927110
vt 0.995032 0.927109
vt 0.996097 0.928171
vt 0.995027 0.928170
vt 0.411322 0.942824
vt 0.410254 0.942817
vt 0.410219 0.941925
vt 0.411288 0.941932
vt 0.410207 0.940803
vt 0.411276 0.940810
vt 0.410219 0.939623
vt 0.411288 0.939630
vt 0.976717 0.803173
vt 0.977898 0.803173
vt 0.978989 0.803626
vt 0.979824 0.804462
vt 0.980277 0.805555
vt 0.980278 0.806738
vt 0.979826 0.807831
vt 0.978992 0.808667
vt 0.977901 0.809120
vt 0.976721 0.809120
vt 0.975630 0.808667
vt 0.974795 0.807831
vt 0.974342 0.806738
vt 0.974341 0.805555
vt 0.974793 0.804462
vt 0.975627 0.803626
vt 0.410254 0.938564
vt 0.411322 0.938571
vt 0.995655 0.567138
vt 0.994585 0.567139
vt 0.049270 0.850694
vt 0.050107 0.851530
vt 0.050560 0.852623
vt 0.050560 0.853806
vt 0.050107 0.854899
vt 0.049270 0.855735
vt 0.048177 0.856188
vt 0.046994 0.856188
vt 0.045902 0.855735
vt 0.045065 0.854899
vt 0.044612 0.853806
vt 0.044612 0.852623
vt 0.045065 0.851530
vt 0.045901 0.850694
vt 0.046994 0.850241
vt 0.048177 0.850241
vt 0.249867 0.994443
vt 0.248797 0.994444
vt 0.248798 0.993323
vt 0.249868 0.993322
vt 0.248797 0.992143
vt 0.249867 0.992142
vt 0.248792 0.991082
vt 0.249862 0.991081
vt 0.336939 0.992578
vt 0.338009 0.992578
vt 0.338009 0.993464
vt 0.336939 0.993464
vt 0.338009 0.994582
vt 0.336939 0.994582
vt 0.338009 0.995763
vt 0.336939 0.995763
vt 0.338009 0.996826
vt 0.336939 0.996826
vt 0.680875 0.991610
vt 0.681945 0.991611
vt 0.681950 0.992501
vt 0.680880 0.992500
vt 0.681951 0.993621
vt 0.680881 0.993620
vt 0.681950 0.994802
vt 0.680880 0.994801
vt 0.681945 0.995862
vt 0.680875 0.995861
vt 0.047920 0.985973
vt 0.046851 0.985966
vt 0.046817 0.985073
vt 0.047886 0.985080
vt 0.046805 0.983952
vt 0.047873 0.983959
vt 0.046817 0.982771
vt 0.047886 0.982779
vt 0.884074 0.980497
vt 0.885255 0.980497
vt 0.886346 0.980950
vt 0.887181 0.981787
vt 0.887633 0.982879
vt 0.887634 0.984062
vt 0.887183 0.985155
vt 0.886348 0.985992
vt 0.885258 0.986444
vt 0.884077 0.986444
vt 0.882986 0.985992
vt 0.882151 0.985155
vt 0.881699 0.984062
vt 0.881698 0.982879
vt 0.882149 0.981787
vt 0.882983 0.980950
vt 0.046851 0.981713
vt 0.047920 0.981720
vt 0.249862 0.995332
vt 0.248792 0.995333
vt 0.445869 0.887104
vt 0.446322 0.888197
vt 0.446322 0.889380
vt 0.445869 0.890473
vt 0.445033 0.891310
vt 0.443940 0.891762
vt 0.442757 0.891762
vt 0.441664 0.891310
vt 0.440827 0.890473
vt 0.440375 0.889380
vt 0.440375 0.888197
vt 0.440827 0.887104
vt 0.441664 0.886268
vt 0.442757 0.885815
vt 0.443940 0.885815
vt 0.445033 0.886268
vt 0.983486 0.261654
vt 0.981881 0.261653
vt 0.981881 0.218898
vt 0.983486 0.218899
vt 0.990021 0.815355
vt 0.991531 0.815355
vt 0.991531 0.839967
vt 0.990021 0.839967
vt 0.976394 0.305411
vt 0.977999 0.305411
vt 0.977999 0.348214
vt 0.976394 0.348214
vt 0.546377 0.989787
vt 0.544862 0.989820
vt 0.544862 0.965256
vt 0.546377 0.965223
vt 0.546852 0.863827
vt 0.571464 0.863823
vt 0.571464 0.904150
vt 0.546852 0.904154
vt 0.454311 0.817256
vt 0.478923 0.817259
vt 0.478923 0.857588
vt 0.454311 0.857584
vt 0.094770 0.991485
vt 0.094770 0.985064
vt 0.096195 0.985064
vt 0.096195 0.991484
vt 0.401984 0.950290
vt 0.408404 0.950290
vt 0.408404 0.974902
vt 0.401984 0.974902
vt 0.115088 0.932065
vt 0.115088 0.925644
vt 0.116515 0.925644
vt 0.116515 0.932065
vt 0.733852 0.976123
vt 0.727432 0.976119
vt 0.727432 0.951555
vt 0.733852 0.951560
vt 0.993225 0.643838
vt 0.993225 0.619226
vt 0.994652 0.619226
vt 0.994652 0.643838
vt 0.995023 0.380269
vt 0.995023 0.404882
vt 0.993596 0.404882
vt 0.993596 0.380269
vt 0.982973 0.794906
vt 0.981368 0.794904
vt 0.981368 0.752149
vt 0.982973 0.752151
vt 0.989368 0.152025
vt 0.990878 0.152026
vt 0.990878 0.176638
vt 0.989368 0.176637
vt 0.976390 0.454323
vt 0.977995 0.454323
vt 0.977995 0.497126
vt 0.976390 0.497126
vt 0.986990 0.643789
vt 0.985476 0.643823
vt 0.985476 0.619259
vt 0.986990 0.619226
vt 0.662017 0.863206
vt 0.686630 0.863202
vt 0.686630 0.903529
vt 0.662017 0.903533
vt 0.546852 0.817256
vt 0.571464 0.817259
vt 0.571464 0.857588
vt 0.546852 0.857584
vt 0.142381 0.991661
vt 0.142381 0.985241
vt 0.143805 0.985240
vt 0.143805 0.991661
vt 0.336939 0.949789
vt 0.343359 0.949789
vt 0.343359 0.974401
vt 0.336939 0.974401
vt 0.426687 0.990551
vt 0.426687 0.984130
vt 0.428114 0.984130
vt 0.428114 0.990551
vt 0.041996 0.975478
vt 0.035576 0.975473
vt 0.035576 0.950909
vt 0.041996 0.950914
vt 0.992953 0.330023
vt 0.992953 0.305411
vt 0.994380 0.305411
vt 0.994380 0.330023
vt 0.995101 0.452092
vt 0.995101 0.476704
vt 0.993675 0.476704
vt 0.993675 0.452092
vt 0.980586 0.977590
vt 0.978981 0.977588
vt 0.978981 0.934833
vt 0.980586 0.934835
vt 0.990376 0.659408
vt 0.991887 0.659409
vt 0.991887 0.684021
vt 0.990376 0.684020
vt 0.974041 0.218898
vt 0.975646 0.218898
vt 0.975646 0.261701
vt 0.974041 0.261701
vt 0.613665 0.989908
vt 0.612150 0.989941
vt 0.612150 0.965378
vt 0.613665 0.965344
vt 0.752135 0.874528
vt 0.776747 0.874524
vt 0.776747 0.914851
vt 0.752135 0.914855
vt 0.094770 0.850101
vt 0.119382 0.850105
vt 0.119382 0.890434
vt 0.094770 0.890430
vt 0.155035 0.991690
vt 0.155035 0.985269
vt 0.156460 0.985269
vt 0.156460 0.991689
vt 0.389329 0.950290
vt 0.395749 0.950290
vt 0.395749 0.974902
vt 0.389329 0.974902
vt 0.959646 0.371570
vt 0.959646 0.365150
vt 0.961073 0.365150
vt 0.961073 0.371570
vt 0.148801 0.979005
vt 0.142381 0.979001
vt 0.142381 0.954437
vt 0.148801 0.954442
vt 0.994570 0.990292
vt 0.994570 0.965680
vt 0.995997 0.965680
vt 0.995997 0.990292
vt 0.995978 0.336581
vt 0.995978 0.361193
vt 0.994552 0.361193
vt 0.994552 0.336581
vt 0.978208 0.120548
vt 0.976603 0.120546
vt 0.976603 0.077791
vt 0.978208 0.077793
vt 0.989720 0.218898
vt 0.991231 0.218898
vt 0.991231 0.243510
vt 0.989720 0.243510
vt 0.974341 0.815355
vt 0.975947 0.815355
vt 0.975947 0.858158
vt 0.974341 0.858158
vt 0.988335 0.990228
vt 0.986821 0.990262
vt 0.986821 0.965698
vt 0.988335 0.965665
vt 0.003117 0.864508
vt 0.027729 0.864504
vt 0.027729 0.904831
vt 0.003117 0.904835
vt 0.035576 0.862508
vt 0.060188 0.862512
vt 0.060188 0.902840
vt 0.035576 0.902836
vt 0.873338 0.992933
vt 0.873338 0.986513
vt 0.874763 0.986513
vt 0.874763 0.992933
vt 0.865678 0.941863
vt 0.872099 0.941863
vt 0.872099 0.966475
vt 0.865678 0.966475
vt 0.434348 0.990551
vt 0.434348 0.984130
vt 0.435775 0.984130
vt 0.435775 0.990551
vt 0.214061 0.980064
vt 0.207641 0.980059
vt 0.207641 0.955495
vt 0.214061 0.955500
vt 0.993387 0.438234
vt 0.993387 0.413622
vt 0.994814 0.413622
vt 0.994814 0.438234
vt 0.702702 0.971460
vt 0.702702 0.996072
vt 0.701276 0.996072
vt 0.701276 0.971460
vt 0.950824 0.981156
vt 0.949219 0.981154
vt 0.949219 0.938399
vt 0.950824 0.938401
vt 0.992458 0.103618
vt 0.993968 0.103618
vt 0.993968 0.128230
vt 0.992458 0.128230
vt 0.974341 0.864393
vt 0.975946 0.864393
vt 0.975946 0.907196
vt 0.974341 0.907196
vt 0.990722 0.776713
vt 0.989207 0.776746
vt 0.989207 0.752182
vt 0.990722 0.752149
vt 0.601796 0.867821
vt 0.626408 0.867817
vt 0.626408 0.908144
vt 0.601796 0.908148
vt 0.752135 0.827956
vt 0.776747 0.827960
vt 0.776747 0.868289
vt 0.752135 0.868285
vt 0.865678 0.992933
vt 0.865678 0.986513
vt 0.867103 0.986513
vt 0.867103 0.992933
vt 0.934157 0.949905
vt 0.940578 0.949905
vt 0.940578 0.974517
vt 0.934157 0.974517
vt 0.712488 0.991103
vt 0.712488 0.984683
vt 0.713915 0.984683
vt 0.713915 0.991103
vt 0.101190 0.978829
vt 0.094770 0.978824
vt 0.094770 0.954260
vt 0.101190 0.954265
vt 0.993421 0.061076
vt 0.993421 0.036464
vt 0.994847 0.036464
vt 0.994847 0.061076
vt 0.695041 0.971460
vt 0.695041 0.996072
vt 0.693614 0.996072
vt 0.693614 0.971460
vt 0.977992 0.612991
vt 0.976388 0.612989
vt 0.976388 0.570234
vt 0.977992 0.570236
vt 0.989368 0.182872
vt 0.990878 0.182873
vt 0.990878 0.207485
vt 0.989368 0.207484
vt 0.974697 0.659408
vt 0.976302 0.659408
vt 0.976302 0.702212
vt 0.974697 0.702212
vt 0.988029 0.292981
vt 0.986514 0.293014
vt 0.986514 0.268450
vt 0.988029 0.268417
vt 0.454312 0.863827
vt 0.478924 0.863823
vt 0.478924 0.904150
vt 0.454312 0.904154
vt 0.236621 0.846660
vt 0.261234 0.846664
vt 0.261234 0.886993
vt 0.236621 0.886989
vt 0.990376 0.696677
vt 0.990376 0.690256
vt 0.991801 0.690256
vt 0.991801 0.696676
vt 0.632643 0.949787
vt 0.639063 0.949786
vt 0.639063 0.974398
vt 0.632643 0.974399
vt 0.976394 0.360869
vt 0.976394 0.354449
vt 0.977821 0.354449
vt 0.977821 0.360869
vt 0.424098 0.977896
vt 0.417678 0.977891
vt 0.417678 0.953327
vt 0.424098 0.953332
vt 0.993423 0.027729
vt 0.993423 0.003117
vt 0.994850 0.003117
vt 0.994850 0.027729
vt 0.024332 0.970532
vt 0.024332 0.995144
vt 0.022906 0.995144
vt 0.022906 0.970532
vt 0.983786 0.858111
vt 0.982181 0.858110
vt 0.982181 0.815355
vt 0.983786 0.815356
vt 0.990021 0.846202
vt 0.991531 0.846203
vt 0.991532 0.870815
vt 0.990021 0.870814
vt 0.975570 0.003117
vt 0.977175 0.003117
vt 0.977175 0.045921
vt 0.975570 0.045921
vt 0.673858 0.989538
vt 0.672344 0.989571
vt 0.672344 0.965007
vt 0.673858 0.964974
vt 0.854317 0.866687
vt 0.878929 0.866683
vt 0.878929 0.907010
vt 0.854317 0.907014
vt 0.693614 0.860058
vt 0.718226 0.860062
vt 0.718226 0.900391
vt 0.693614 0.900387
vt 0.621585 0.992381
vt 0.621585 0.985961
vt 0.623010 0.985961
vt 0.623010 0.992381
vt 0.752135 0.950794
vt 0.758556 0.950794
vt 0.758555 0.975406
vt 0.752135 0.975406
vt 0.789573 0.991117
vt 0.789573 0.984697
vt 0.791000 0.984697
vt 0.791000 0.991117
vt 0.169320 0.978773
vt 0.162900 0.978769
vt 0.162900 0.954205
vt 0.169320 0.954210
vt 0.994548 0.507551
vt 0.994548 0.482939
vt 0.995975 0.482939
vt 0.995975 0.507551
vt 0.995691 0.268417
vt 0.995691 0.293029
vt 0.994264 0.293029
vt 0.994264 0.268417
vt 0.984141 0.702165
vt 0.982537 0.702163
vt 0.982537 0.659408
vt 0.984141 0.659410
vt 0.327186 0.966573
vt 0.328696 0.966574
vt 0.328696 0.991186
vt 0.327186 0.991185
vt 0.975745 0.380269
vt 0.977350 0.380269
vt 0.977350 0.423073
vt 0.975745 0.423073
vt 0.988335 0.959397
vt 0.986821 0.959430
vt 0.986821 0.934866
vt 0.988335 0.934833
vt 0.516005 0.863827
vt 0.540617 0.863823
vt 0.540617 0.904150
vt 0.516005 0.904154
vt 0.485158 0.817256
vt 0.509770 0.817260
vt 0.509770 0.857588
vt 0.485158 0.857584
vt 0.207641 0.992719
vt 0.207641 0.986299
vt 0.209066 0.986299
vt 0.209066 0.992719
vt 0.022906 0.939685
vt 0.029326 0.939685
vt 0.029326 0.964297
vt 0.022906 0.964297
vt 0.989720 0.256166
vt 0.989720 0.249745
vt 0.991147 0.249745
vt 0.991147 0.256166
vt 0.718908 0.978448
vt 0.712488 0.978443
vt 0.712488 0.953880
vt 0.718908 0.953884
vt 0.993587 0.733058
vt 0.993587 0.708446
vt 0.995013 0.708446
vt 0.995013 0.733058
vt 0.579126 0.971998
vt 0.579126 0.996610
vt 0.577699 0.996610
vt 0.577699 0.971998
vt 0.983786 0.907150
vt 0.982182 0.907148
vt 0.982182 0.864393
vt 0.983786 0.864395
vt 0.989207 0.782981
vt 0.990718 0.782982
vt 0.990718 0.807594
vt 0.989207 0.807593
vt 0.086552 0.862508
vt 0.088157 0.862508
vt 0.088157 0.905311
vt 0.086552 0.905311
vt 0.156550 0.979001
vt 0.155035 0.979034
vt 0.155035 0.954470
vt 0.156550 0.954437
vt 0.485158 0.863827
vt 0.509770 0.863823
vt 0.509770 0.904150
vt 0.485158 0.904154
vt 0.516005 0.817255
vt 0.540617 0.817259
vt 0.540617 0.857588
vt 0.516005 0.857584
vt 0.802228 0.992703
vt 0.802228 0.986283
vt 0.803653 0.986283
vt 0.803653 0.992703
vt 0.560925 0.949578
vt 0.567345 0.949578
vt 0.567345 0.974190
vt 0.560925 0.974190
vt 0.978981 0.990245
vt 0.978981 0.983825
vt 0.980408 0.983825
vt 0.980408 0.990245
vt 0.436753 0.977896
vt 0.430333 0.977891
vt 0.430333 0.953327
vt 0.436753 0.953332
vt 0.992949 0.545808
vt 0.992949 0.521196
vt 0.994376 0.521196
vt 0.994376 0.545808
vt 0.996196 0.072771
vt 0.996196 0.097383
vt 0.994769 0.097383
vt 0.994769 0.072771
vt 0.983133 0.194782
vt 0.981528 0.194780
vt 0.981528 0.152025
vt 0.983133 0.152027
vt 0.990021 0.877050
vt 0.991531 0.877050
vt 0.991531 0.901662
vt 0.990021 0.901662
vt 0.976388 0.521196
vt 0.977993 0.521196
vt 0.977993 0.563999
vt 0.976388 0.563999
vt 0.016574 0.988789
vt 0.015059 0.988822
vt 0.015059 0.964259
vt 0.016574 0.964225
vt 0.823470 0.866687
vt 0.848082 0.866683
vt 0.848082 0.907010
vt 0.823470 0.907014
vt 0.283876 0.848473
vt 0.308488 0.848477
vt 0.308488 0.888805
vt 0.283876 0.888801
vt 0.991330 0.142223
vt 0.991330 0.135803
vt 0.992755 0.135803
vt 0.992755 0.142223
vt 0.368142 0.949798
vt 0.374563 0.949798
vt 0.374563 0.974410
vt 0.368142 0.974410
vt 0.162900 0.991429
vt 0.162900 0.985008
vt 0.164326 0.985008
vt 0.164326 0.991429
vt 0.795993 0.978462
vt 0.789573 0.978457
vt 0.789573 0.953894
vt 0.795993 0.953898
vt 0.994554 0.602966
vt 0.994554 0.578354
vt 0.995980 0.578354
vt 0.995980 0.602966
vt 0.995997 0.934833
vt 0.995997 0.959445
vt 0.994570 0.959445
vt 0.994570 0.934833
vt 0.968374 0.511394
vt 0.968374 0.454323
vt 0.970155 0.454323
vt 0.970155 0.511394
vt 0.003117 0.602354
vt 0.060188 0.602353
vt 0.060188 0.695094
vt 0.003117 0.695095
vt 0.967552 0.060188
vt 0.967552 0.003117
vt 0.969335 0.003117
vt 0.969335 0.060188
vt 0.123490 0.694955
vt 0.066423 0.694912
vt 0.066423 0.602353
vt 0.123490 0.602396
vt 0.934164 0.547064
vt 0.934164 0.454323
vt 0.935948 0.454323
vt 0.935948 0.547064
vt 0.931291 0.152025
vt 0.931291 0.244766
vt 0.929507 0.244766
vt 0.929507 0.152025
vt 0.349594 0.996145
vt 0.349594 0.993648
vt 0.352087 0.993648
vt 0.352087 0.996145
vt 0.176066 0.800305
vt 0.178563 0.800305
vt 0.178563 0.896613
vt 0.176066 0.896613
vt 0.990376 0.650677
vt 0.992873 0.650677
vt 0.992873 0.653173
vt 0.990376 0.653173
vt 0.923272 0.248145
vt 0.920776 0.248144
vt 0.920776 0.152025
vt 0.923272 0.152027
vt 0.916345 0.550631
vt 0.916345 0.454323
vt 0.918841 0.454323
vt 0.918841 0.550631
vt 0.918849 0.305411
vt 0.918849 0.401719
vt 0.916352 0.401719
vt 0.916352 0.305411
vt 0.893869 0.995986
vt 0.893869 0.993489
vt 0.896362 0.993489
vt 0.896362 0.995986
vt 0.273175 0.795839
vt 0.275672 0.795839
vt 0.275672 0.892146
vt 0.273175 0.892146
vt 0.563422 0.995105
vt 0.560925 0.995105
vt 0.560925 0.992608
vt 0.563422 0.992608
vt 0.919712 0.099238
vt 0.917215 0.099236
vt 0.917215 0.003117
vt 0.919712 0.003119
vt 0.916345 0.653173
vt 0.916345 0.556865
vt 0.918841 0.556865
vt 0.918841 0.653173
vt 0.918838 0.752149
vt 0.918838 0.848457
vt 0.916341 0.848457
vt 0.916341 0.752149
vt 0.949578 0.720047
vt 0.949578 0.659409
vt 0.952071 0.659408
vt 0.952071 0.720046
vt 0.937526 0.212663
vt 0.937526 0.152025
vt 0.940022 0.152025
vt 0.940022 0.212663
vt 0.946257 0.212662
vt 0.946257 0.152025
vt 0.948754 0.152025
vt 0.948754 0.212662
vt 0.950920 0.366047
vt 0.950920 0.305413
vt 0.953412 0.305411
vt 0.953412 0.366045
vt 0.639948 0.995072
vt 0.639948 0.992575
vt 0.642445 0.992575
vt 0.642445 0.995072
vt 0.936654 0.992694
vt 0.936654 0.995191
vt 0.934157 0.995191
vt 0.934157 0.992694
vt 0.950092 0.063756
vt 0.950092 0.003118
vt 0.952585 0.003117
vt 0.952585 0.063755
vt 0.942183 0.581833
vt 0.942183 0.521195
vt 0.944680 0.521195
vt 0.944680 0.581833
vt 0.942183 0.648706
vt 0.942183 0.588068
vt 0.944680 0.588068
vt 0.944680 0.648706
vt 0.951130 0.138427
vt 0.951130 0.077793
vt 0.953622 0.077791
vt 0.953622 0.138425
vt 0.914768 0.995826
vt 0.914768 0.993329
vt 0.917265 0.993329
vt 0.917265 0.995826
vt 0.319324 0.993414
vt 0.319324 0.995911
vt 0.316828 0.995911
vt 0.316828 0.993414
vt 0.957951 0.928598
vt 0.957951 0.871527
vt 0.960088 0.871527
vt 0.960088 0.928598
vt 0.966678 0.716479
vt 0.966678 0.659408
vt 0.968462 0.659408
vt 0.968462 0.716479
vt 0.954831 0.809220
vt 0.954831 0.752149
vt 0.956971 0.752149
vt 0.956971 0.809220
vt 0.968373 0.578265
vt 0.968373 0.521197
vt 0.970153 0.521196
vt 0.970153 0.578263
vt 0.569657 0.992608
vt 0.571440 0.992608
vt 0.571440 0.994748
vt 0.569657 0.994748
vt 0.405681 0.993792
vt 0.407464 0.993792
vt 0.407464 0.995932
vt 0.405681 0.995932
vt 0.957651 0.275969
vt 0.957651 0.218898
vt 0.959788 0.218898
vt 0.959788 0.275968
vt 0.966023 0.275968
vt 0.966023 0.218898
vt 0.967806 0.218898
vt 0.967806 0.275968
vt 0.954989 0.209096
vt 0.954989 0.152025
vt 0.957129 0.152025
vt 0.957129 0.209096
vt 0.968373 0.641568
vt 0.968373 0.584501
vt 0.970153 0.584499
vt 0.970153 0.641567
vt 0.397662 0.993792
vt 0.399446 0.993792
vt 0.399446 0.995932
vt 0.397662 0.995932
vt 0.380316 0.994196
vt 0.382099 0.994196
vt 0.382099 0.996336
vt 0.380316 0.996336
vt 0.968378 0.362482
vt 0.968378 0.305411
vt 0.970159 0.305411
vt 0.970159 0.362482
vt 0.129725 0.659424
vt 0.129725 0.602353
vt 0.179663 0.602354
vt 0.179663 0.659425
vt 0.967727 0.437340
vt 0.967727 0.380269
vt 0.969510 0.380269
vt 0.969510 0.437340
vt 0.185897 0.659458
vt 0.185897 0.602390
vt 0.235737 0.602353
vt 0.235737 0.659421
vt 0.358155 0.971377
vt 0.358155 0.921440
vt 0.359938 0.921440
vt 0.359938 0.971377
vt 0.968107 0.815355
vt 0.968107 0.865292
vt 0.966323 0.865292
vt 0.966323 0.815355
vt 0.844908 0.996245
vt 0.844908 0.993748
vt 0.847402 0.993747
vt 0.847402 0.996244
vt 0.651517 0.907952
vt 0.654014 0.907952
vt 0.654014 0.961457
vt 0.651517 0.961457
vt 0.368142 0.992587
vt 0.370639 0.992587
vt 0.370639 0.995084
vt 0.368142 0.995084
vt 0.962354 0.131192
vt 0.959857 0.131191
vt 0.959857 0.077791
vt 0.962354 0.077793
vt 0.958995 0.433774
vt 0.958995 0.380269
vt 0.961492 0.380269
vt 0.961492 0.433774
vt 0.962139 0.454323
vt 0.962139 0.507827
vt 0.959643 0.507827
vt 0.959643 0.454323
vt 0.924747 0.996117
vt 0.924747 0.993620
vt 0.927241 0.993620
vt 0.927241 0.996117
vt 0.958820 0.003117
vt 0.961317 0.003117
vt 0.961317 0.056622
vt 0.958820 0.056622
vt 0.979959 0.448088
vt 0.977463 0.448088
vt 0.977463 0.445591
vt 0.979959 0.445591
vt 0.962138 0.634336
vt 0.959641 0.634334
vt 0.959641 0.580935
vt 0.962138 0.580937
vt 0.959647 0.358915
vt 0.959647 0.305411
vt 0.962143 0.305411
vt 0.962143 0.358915
vt 0.962138 0.521196
vt 0.962138 0.574700
vt 0.959641 0.574700
vt 0.959641 0.521196
vt 0.950914 0.514961
vt 0.950914 0.454323
vt 0.953408 0.454323
vt 0.953408 0.514961
vt 0.942183 0.514961
vt 0.942183 0.454323
vt 0.944680 0.454323
vt 0.944680 0.514961
vt 0.949219 0.932164
vt 0.949219 0.871527
vt 0.951716 0.871527
vt 0.951716 0.932164
vt 0.950914 0.581832
vt 0.950914 0.521198
vt 0.953406 0.521196
vt 0.953406 0.581830
vt 0.881698 0.995176
vt 0.881698 0.992679
vt 0.884195 0.992679
vt 0.884195 0.995176
vt 0.308937 0.993153
vt 0.308937 0.995650
vt 0.306440 0.995650
vt 0.306440 0.993153
vt 0.950267 0.440908
vt 0.950267 0.380270
vt 0.952761 0.380269
vt 0.952761 0.440907
vt 0.942188 0.366048
vt 0.942188 0.305411
vt 0.944685 0.305411
vt 0.944685 0.366048
vt 0.946099 0.812787
vt 0.946099 0.752149
vt 0.948596 0.752149
vt 0.948596 0.812787
vt 0.950914 0.648704
vt 0.950914 0.588070
vt 0.953406 0.588068
vt 0.953406 0.648702
vt 0.471246 0.995583
vt 0.471246 0.993086
vt 0.473743 0.993086
vt 0.473743 0.995583
vt 0.906907 0.993382
vt 0.906907 0.995879
vt 0.904410 0.995879
vt 0.904410 0.993382
vt 0.958306 0.716480
vt 0.958306 0.659409
vt 0.960443 0.659408
vt 0.960443 0.716479
vt 0.966323 0.928598
vt 0.966323 0.871527
vt 0.968107 0.871527
vt 0.968107 0.928598
vt 0.445801 0.955798
vt 0.445801 0.898728
vt 0.447941 0.898728
vt 0.447941 0.955798
vt 0.968588 0.134860
vt 0.968588 0.077793
vt 0.970368 0.077791
vt 0.970368 0.134859
vt 0.662017 0.993956
vt 0.663801 0.993956
vt 0.663801 0.996096
vt 0.662017 0.996096
vt 0.534508 0.994124
vt 0.536292 0.994124
vt 0.536292 0.996265
vt 0.534508 0.996265
vt 0.934172 0.383884
vt 0.934172 0.305411
vt 0.935953 0.305411
vt 0.935953 0.383883
vt 0.241972 0.680826
vt 0.241972 0.602353
vt 0.277641 0.602354
vt 0.277641 0.680826
vt 0.934164 0.631771
vt 0.934164 0.553298
vt 0.935948 0.553298
vt 0.935948 0.631771
vt 0.283876 0.680847
vt 0.283876 0.602380
vt 0.319476 0.602353
vt 0.319476 0.680821
vt 0.086530 0.981195
vt 0.086530 0.945525
vt 0.088313 0.945525
vt 0.088313 0.981195
vt 0.918124 0.854692
vt 0.918124 0.890362
vt 0.916341 0.890362
vt 0.916341 0.854692
vt 0.925073 0.926031
vt 0.925073 0.842208
vt 0.927922 0.842208
vt 0.927922 0.926030
vt 0.916344 0.743231
vt 0.916344 0.659408
vt 0.919198 0.659408
vt 0.919198 0.743231
vt 0.925076 0.628203
vt 0.925076 0.544380
vt 0.927930 0.544380
vt 0.927930 0.628203
vt 0.925433 0.743228
vt 0.925433 0.659410
vt 0.928281 0.659408
vt 0.928281 0.743226
vt 0.968588 0.071557
vt 0.968588 0.068703
vt 0.971442 0.068703
vt 0.971442 0.071557
vt 0.971228 0.445234
vt 0.971228 0.448088
vt 0.968374 0.448088
vt 0.968374 0.445234
vt 0.925073 0.835973
vt 0.925073 0.752150
vt 0.927922 0.752149
vt 0.927922 0.835972
vt 0.925076 0.538146
vt 0.925076 0.454323
vt 0.927930 0.454323
vt 0.927930 0.538146
vt 0.925084 0.389233
vt 0.925084 0.305411
vt 0.927937 0.305411
vt 0.927937 0.389233
vt 0.925947 0.086937
vt 0.925947 0.003120
vt 0.928795 0.003117
vt 0.928795 0.086935
vt 0.968588 0.143948
vt 0.968588 0.141095
vt 0.971442 0.141095
vt 0.971442 0.143948
vt 0.986549 0.509425
vt 0.986549 0.512278
vt 0.983695 0.512278
vt 0.983695 0.509425
vt 0.983785 0.743053
vt 0.983785 0.740200
vt 0.986635 0.740199
vt 0.986635 0.743053
vt 0.811859 0.928040
vt 0.814712 0.928040
vt 0.814712 0.969417
vt 0.811859 0.969417
vt 0.963364 0.208116
vt 0.966217 0.208116
vt 0.966217 0.210969
vt 0.963364 0.210969
vt 0.972746 0.976130
vt 0.969893 0.976128
vt 0.969893 0.934833
vt 0.972746 0.934835
vt 0.972440 0.193402
vt 0.972440 0.152025
vt 0.975294 0.152025
vt 0.975294 0.193402
vt 0.927922 0.932266
vt 0.927922 0.973643
vt 0.925069 0.973643
vt 0.925069 0.932266
vt 0.804284 0.298535
vt 0.804284 0.294255
vt 0.807133 0.294254
vt 0.807133 0.298535
vt 0.314723 0.848473
vt 0.319003 0.848473
vt 0.319003 0.889849
vt 0.314723 0.889849
vt 0.671298 0.298990
vt 0.671298 0.294710
vt 0.674152 0.294710
vt 0.674152 0.298990
vt 0.778172 0.962388
vt 0.773892 0.962385
vt 0.773892 0.921090
vt 0.778172 0.921093
vt 0.306440 0.972970
vt 0.306440 0.931593
vt 0.309294 0.931593
vt 0.309294 0.972970
vt 0.975133 0.752149
vt 0.975133 0.793526
vt 0.972279 0.793526
vt 0.972279 0.752149
vt 0.380797 0.974767
vt 0.380797 0.949799
vt 0.382578 0.949798
vt 0.382578 0.974767
vt 0.942188 0.397252
vt 0.942188 0.372283
vt 0.943971 0.372283
vt 0.943971 0.397252
vt 0.349594 0.974758
vt 0.349594 0.949789
vt 0.351377 0.949789
vt 0.351377 0.974758
vt 0.984443 0.128586
vt 0.984443 0.103619
vt 0.986223 0.103618
vt 0.986223 0.128585
vt 0.601796 0.996029
vt 0.601796 0.994246
vt 0.603580 0.994246
vt 0.603580 0.996029
vt 0.753919 0.994296
vt 0.753919 0.996079
vt 0.752135 0.996079
vt 0.752135 0.994296
vt 0.360839 0.989563
vt 0.360839 0.980645
vt 0.361907 0.980645
vt 0.361907 0.989563
vt 0.028970 0.804765
vt 0.037887 0.804765
vt 0.037887 0.840434
vt 0.028970 0.840434
vt 0.976390 0.512278
vt 0.976390 0.503361
vt 0.977460 0.503361
vt 0.977460 0.512278
vt 0.275672 0.933987
vt 0.266755 0.933981
vt 0.266755 0.898381
vt 0.275672 0.898388
vt 0.553371 0.974674
vt 0.553371 0.939004
vt 0.554441 0.939004
vt 0.554441 0.974674
vt 0.595092 0.869861
vt 0.595092 0.905530
vt 0.594022 0.905530
vt 0.594022 0.869861
vt 0.106544 0.769782
vt 0.106544 0.755514
vt 0.107256 0.755514
vt 0.107256 0.769782
vt 0.260235 0.976162
vt 0.260235 0.961894
vt 0.270223 0.961894
vt 0.270223 0.976162
vt 0.276742 0.755717
vt 0.276742 0.741450
vt 0.277455 0.741450
vt 0.277455 0.755717
vt 0.119769 0.976917
vt 0.119769 0.962650
vt 0.129737 0.962642
vt 0.129737 0.976909
vt 0.625530 0.924370
vt 0.625530 0.914383
vt 0.626243 0.914383
vt 0.626243 0.924370
vt 0.474814 0.939337
vt 0.474814 0.949324
vt 0.474101 0.949324
vt 0.474101 0.939337
vt 0.625530 0.934172
vt 0.625530 0.930605
vt 0.626313 0.930605
vt 0.626313 0.934172
vt 0.981528 0.135803
vt 0.985095 0.135803
vt 0.985095 0.145790
vt 0.981528 0.145790
vt 0.106544 0.795806
vt 0.106544 0.792239
vt 0.107329 0.792239
vt 0.107329 0.795806
vt 0.815426 0.985622
vt 0.811859 0.985620
vt 0.811859 0.975652
vt 0.815426 0.975654
vt 0.276742 0.789272
vt 0.276742 0.779285
vt 0.277526 0.779285
vt 0.277526 0.789272
vt 0.107329 0.776017
vt 0.107329 0.786004
vt 0.106544 0.786004
vt 0.106544 0.776017
vt 0.008824 0.983818
vt 0.003117 0.983817
vt 0.003117 0.964225
vt 0.008824 0.964227
vt 0.934157 0.752149
vt 0.939864 0.752149
vt 0.939864 0.805654
vt 0.934157 0.805654
vt 0.829177 0.983053
vt 0.823470 0.983053
vt 0.823470 0.963435
vt 0.829177 0.963435
vt 0.939864 0.865292
vt 0.934157 0.865288
vt 0.934157 0.811888
vt 0.939864 0.811893
vt 0.066423 0.856273
vt 0.066423 0.802768
vt 0.086041 0.802768
vt 0.086041 0.856273
vt 0.022735 0.804765
vt 0.022735 0.858269
vt 0.003117 0.858269
vt 0.003117 0.804765
vt 0.595162 0.993371
vt 0.593379 0.993371
vt 0.593379 0.971998
vt 0.595162 0.971998
vt 0.056794 0.835975
vt 0.058578 0.835975
vt 0.058578 0.848459
vt 0.056794 0.848459
vt 0.587144 0.993400
vt 0.585360 0.993400
vt 0.585360 0.971998
vt 0.587144 0.971998
vt 0.897819 0.879653
vt 0.896035 0.879651
vt 0.896035 0.867192
vt 0.897819 0.867193
vt 0.946099 0.819022
vt 0.958583 0.819022
vt 0.958583 0.840423
vt 0.946099 0.840423
vt 0.185897 0.938247
vt 0.198382 0.938247
vt 0.198382 0.959648
vt 0.185897 0.959648
vt 0.277098 0.767518
vt 0.277098 0.766493
vt 0.277455 0.766505
vt 0.277455 0.767517
vt 0.275672 0.947974
vt 0.275606 0.948986
vt 0.275346 0.948952
vt 0.275410 0.947974
vt 0.274992 0.948905
vt 0.275053 0.947974
vt 0.274639 0.948859
vt 0.274696 0.947974
vt 0.399346 0.887867
vt 0.399346 0.886982
vt 0.399607 0.887015
vt 0.399607 0.887865
vt 0.399963 0.887026
vt 0.399963 0.887865
vt 0.400320 0.887015
vt 0.400320 0.887865
vt 0.400581 0.886982
vt 0.400581 0.887867
vt 0.830490 0.956226
vt 0.831375 0.956226
vt 0.831394 0.956581
vt 0.830462 0.956581
vt 0.831422 0.956938
vt 0.830443 0.956938
vt 0.831452 0.957200
vt 0.830439 0.957200
vt 0.276742 0.767517
vt 0.276742 0.766505
vt 0.277098 0.765485
vt 0.277455 0.765509
vt 0.275408 0.949980
vt 0.275155 0.949913
vt 0.274810 0.949821
vt 0.274466 0.949728
vt 0.274215 0.949660
vt 0.274381 0.948825
vt 0.399607 0.886177
vt 0.399963 0.886201
vt 0.400320 0.886177
vt 0.400581 0.886112
vt 0.832253 0.956110
vt 0.832318 0.956459
vt 0.832392 0.956810
vt 0.832456 0.957068
vt 0.276742 0.765509
vt 0.277098 0.764510
vt 0.277455 0.764546
vt 0.275082 0.950940
vt 0.274840 0.950841
vt 0.274510 0.950704
vt 0.274181 0.950568
vt 0.273941 0.950468
vt 0.399606 0.885368
vt 0.399963 0.885404
vt 0.400320 0.885368
vt 0.832216 0.955856
vt 0.833038 0.955636
vt 0.833108 0.955881
vt 0.833218 0.956218
vt 0.833337 0.956556
vt 0.833434 0.956806
vt 0.276742 0.764546
vt 0.277099 0.763587
vt 0.277455 0.763634
vt 0.274634 0.951850
vt 0.274406 0.951719
vt 0.274097 0.951541
vt 0.273789 0.951363
vt 0.273564 0.951232
vt 0.399606 0.884601
vt 0.399963 0.884648
vt 0.400320 0.884601
vt 0.833825 0.955309
vt 0.833926 0.955542
vt 0.834079 0.955861
vt 0.834241 0.956181
vt 0.834370 0.956418
vt 0.276742 0.763634
vt 0.277099 0.762729
vt 0.277456 0.762787
vt 0.274070 0.952693
vt 0.273862 0.952534
vt 0.273579 0.952317
vt 0.273296 0.952100
vt 0.273090 0.951941
vt 0.399606 0.883889
vt 0.399963 0.883947
vt 0.400319 0.883889
vt 0.834562 0.954883
vt 0.834693 0.955098
vt 0.834886 0.955394
vt 0.835089 0.955692
vt 0.835247 0.955911
vt 0.276742 0.762787
vt 0.277099 0.761952
vt 0.277456 0.762019
vt 0.273402 0.953455
vt 0.273216 0.953271
vt 0.272963 0.953019
vt 0.272712 0.952766
vt 0.272528 0.952582
vt 0.399606 0.883244
vt 0.399962 0.883311
vt 0.400319 0.883244
vt 0.835238 0.954364
vt 0.835396 0.954559
vt 0.835626 0.954826
vt 0.835865 0.955095
vt 0.836051 0.955293
vt 0.276743 0.762019
vt 0.276817 0.972992
vt 0.276816 0.972223
vt 0.277173 0.972164
vt 0.277174 0.972924
vt 0.272640 0.954124
vt 0.272479 0.953917
vt 0.272262 0.953634
vt 0.272045 0.953351
vt 0.271887 0.953144
vt 0.975570 0.061371
vt 0.975605 0.060737
vt 0.975956 0.060677
vt 0.975922 0.061302
vt 0.976317 0.060736
vt 0.976282 0.061370
vt 0.835840 0.953762
vt 0.836022 0.953932
vt 0.836285 0.954166
vt 0.836558 0.954402
vt 0.836767 0.954576
vt 0.276461 0.972924
vt 0.276460 0.972164
vt 0.276816 0.971372
vt 0.277172 0.971324
vt 0.271796 0.954687
vt 0.271665 0.954461
vt 0.271486 0.954152
vt 0.271308 0.953843
vt 0.271179 0.953617
vt 0.975635 0.060033
vt 0.975986 0.059984
vt 0.976347 0.060033
vt 0.836358 0.953085
vt 0.836561 0.953229
vt 0.836852 0.953426
vt 0.837154 0.953625
vt 0.837384 0.953772
vt 0.276459 0.971324
vt 0.276815 0.970453
vt 0.277172 0.970416
vt 0.270887 0.955136
vt 0.270786 0.954895
vt 0.270649 0.954565
vt 0.270513 0.954235
vt 0.270414 0.953994
vt 0.975658 0.059274
vt 0.976009 0.059236
vt 0.976370 0.059273
vt 0.976646 0.059376
vt 0.976622 0.060166
vt 0.837004 0.952461
vt 0.837319 0.952618
vt 0.837643 0.952776
vt 0.837890 0.952894
vt 0.276458 0.970416
vt 0.276815 0.969482
vt 0.277171 0.969457
vt 0.269927 0.955462
vt 0.269858 0.955209
vt 0.269765 0.954865
vt 0.269673 0.954520
vt 0.269607 0.954268
vt 0.975676 0.058470
vt 0.976026 0.058444
vt 0.976388 0.058469
vt 0.976664 0.058540
vt 0.837343 0.951642
vt 0.837676 0.951756
vt 0.838018 0.951871
vt 0.838278 0.951957
vt 0.276458 0.969457
vt 0.276814 0.968476
vt 0.277171 0.968463
vt 0.268932 0.955659
vt 0.268897 0.955401
vt 0.268850 0.955047
vt 0.268804 0.954693
vt 0.268771 0.954434
vt 0.975686 0.057636
vt 0.976036 0.057622
vt 0.976398 0.057635
vt 0.976675 0.057672
vt 0.837573 0.950786
vt 0.837917 0.950854
vt 0.838272 0.950925
vt 0.838541 0.950978
vt 0.276458 0.968463
vt 0.276814 0.967452
vt 0.277171 0.967452
vt 0.277433 0.967451
vt 0.277433 0.968428
vt 0.267919 0.955465
vt 0.267919 0.955108
vt 0.267919 0.954751
vt 0.267921 0.954490
vt 0.975690 0.056786
vt 0.976040 0.056785
vt 0.976402 0.056785
vt 0.976678 0.056788
vt 0.837689 0.949907
vt 0.838039 0.949929
vt 0.838400 0.949953
vt 0.838673 0.949972
vt 0.276458 0.967452
vt 0.276814 0.966428
vt 0.277171 0.966440
vt 0.277433 0.966473
vt 0.266942 0.955401
vt 0.266988 0.955047
vt 0.267035 0.954693
vt 0.267070 0.954434
vt 0.975686 0.055935
vt 0.976036 0.055946
vt 0.976398 0.055934
vt 0.976675 0.055903
vt 0.837689 0.949020
vt 0.838040 0.948996
vt 0.838400 0.948974
vt 0.838674 0.948958
vt 0.276458 0.966440
vt 0.276815 0.965420
vt 0.277171 0.965445
vt 0.266909 0.955659
vt 0.265914 0.955462
vt 0.265981 0.955209
vt 0.266073 0.954865
vt 0.266165 0.954520
vt 0.266234 0.954268
vt 0.975676 0.055097
vt 0.976026 0.055120
vt 0.976388 0.055096
vt 0.976664 0.055032
vt 0.837574 0.948141
vt 0.837918 0.948071
vt 0.838273 0.948002
vt 0.838542 0.947953
vt 0.276458 0.965445
vt 0.276815 0.964447
vt 0.277172 0.964483
vt 0.264954 0.955136
vt 0.265053 0.954895
vt 0.265189 0.954565
vt 0.265326 0.954235
vt 0.265427 0.953994
vt 0.975658 0.054287
vt 0.976009 0.054322
vt 0.976370 0.054286
vt 0.976646 0.054189
vt 0.837345 0.947285
vt 0.837677 0.947170
vt 0.838020 0.947056
vt 0.838280 0.946974
vt 0.276458 0.964483
vt 0.276816 0.963524
vt 0.277172 0.963572
vt 0.264045 0.954687
vt 0.264174 0.954461
vt 0.264352 0.954152
vt 0.264531 0.953843
vt 0.264663 0.953617
vt 0.975635 0.053518
vt 0.975986 0.053564
vt 0.976347 0.053517
vt 0.976622 0.053389
vt 0.837007 0.946466
vt 0.837321 0.946308
vt 0.837646 0.946151
vt 0.837893 0.946037
vt 0.276459 0.963572
vt 0.276816 0.962669
vt 0.277173 0.962727
vt 0.263202 0.954124
vt 0.263359 0.953917
vt 0.263576 0.953634
vt 0.263794 0.953351
vt 0.263954 0.953144
vt 0.975605 0.052804
vt 0.975956 0.052861
vt 0.976317 0.052803
vt 0.836786 0.946583
vt 0.836361 0.945845
vt 0.836564 0.945698
vt 0.836855 0.945499
vt 0.837157 0.945302
vt 0.837387 0.945159
vt 0.276460 0.962727
vt 0.276817 0.961894
vt 0.277174 0.961961
vt 0.262439 0.953455
vt 0.262623 0.953271
vt 0.262874 0.953019
vt 0.263127 0.952766
vt 0.263313 0.952582
vt 0.975570 0.052156
vt 0.975922 0.052223
vt 0.976282 0.052156
vt 0.835843 0.945169
vt 0.836025 0.944995
vt 0.836288 0.944759
vt 0.836561 0.944525
vt 0.836771 0.944354
vt 0.276461 0.961961
vt 0.410826 0.921232
vt 0.410826 0.921998
vt 0.410469 0.922057
vt 0.410469 0.921300
vt 0.261771 0.952693
vt 0.261977 0.952534
vt 0.262259 0.952317
vt 0.262543 0.952100
vt 0.262751 0.951941
vt 0.554084 0.980909
vt 0.554085 0.981545
vt 0.553728 0.981604
vt 0.553728 0.980977
vt 0.553371 0.981545
vt 0.553371 0.980909
vt 0.835241 0.944566
vt 0.835400 0.944368
vt 0.835630 0.944099
vt 0.835870 0.943832
vt 0.836055 0.943637
vt 0.411183 0.921300
vt 0.411182 0.922057
vt 0.410825 0.922848
vt 0.410469 0.922896
vt 0.261208 0.951850
vt 0.261432 0.951719
vt 0.261741 0.951541
vt 0.262050 0.951363
vt 0.262278 0.951232
vt 0.554085 0.982251
vt 0.553728 0.982299
vt 0.553371 0.982251
vt 0.834566 0.944048
vt 0.834698 0.943829
vt 0.834891 0.943531
vt 0.835094 0.943235
vt 0.835252 0.943020
vt 0.411182 0.922896
vt 0.410825 0.923765
vt 0.410469 0.923802
vt 0.260759 0.950940
vt 0.260999 0.950841
vt 0.261328 0.950704
vt 0.261658 0.950568
vt 0.261901 0.950468
vt 0.554085 0.983012
vt 0.553728 0.983050
vt 0.553372 0.983012
vt 0.833829 0.943621
vt 0.833931 0.943385
vt 0.834084 0.943065
vt 0.834246 0.942746
vt 0.834375 0.942513
vt 0.411182 0.923802
vt 0.410825 0.924734
vt 0.410468 0.924760
vt 0.260433 0.949980
vt 0.260684 0.949913
vt 0.261028 0.949821
vt 0.261373 0.949728
vt 0.261627 0.949660
vt 0.554085 0.983818
vt 0.553728 0.983843
vt 0.553372 0.983818
vt 0.833043 0.943295
vt 0.833113 0.943046
vt 0.833223 0.942708
vt 0.833342 0.942371
vt 0.833440 0.942125
vt 0.411182 0.924760
vt 0.410825 0.925740
vt 0.410468 0.925753
vt 0.260235 0.948986
vt 0.260493 0.948952
vt 0.260846 0.948905
vt 0.261200 0.948859
vt 0.261460 0.948825
vt 0.554085 0.984652
vt 0.553728 0.984665
vt 0.553372 0.984652
vt 0.832221 0.943075
vt 0.832258 0.942817
vt 0.832323 0.942466
vt 0.832397 0.942117
vt 0.832462 0.941863
vt 0.411182 0.925753
vt 0.410825 0.926763
vt 0.410468 0.926764
vt 0.410207 0.926766
vt 0.410207 0.925789
vt 0.260429 0.947974
vt 0.260785 0.947974
vt 0.261142 0.947974
vt 0.261405 0.947974
vt 0.554085 0.985502
vt 0.553728 0.985503
vt 0.553372 0.985502
vt 0.831377 0.942963
vt 0.831380 0.942701
vt 0.831399 0.942344
vt 0.831427 0.941989
vt 0.411443 0.925789
vt 0.411443 0.926766
vt 0.411182 0.926764
vt 0.410825 0.927788
vt 0.410468 0.927776
vt 0.410207 0.927744
vt 0.260493 0.946996
vt 0.260846 0.947043
vt 0.261200 0.947089
vt 0.261460 0.947123
vt 0.554085 0.986353
vt 0.553728 0.986341
vt 0.553372 0.986353
vt 0.830526 0.942963
vt 0.830495 0.942701
vt 0.830467 0.942344
vt 0.830449 0.941989
vt 0.411443 0.927744
vt 0.411182 0.927776
vt 0.410825 0.928796
vt 0.410468 0.928772
vt 0.260235 0.946962
vt 0.260433 0.945968
vt 0.260684 0.946035
vt 0.261028 0.946128
vt 0.261373 0.946220
vt 0.261627 0.946288
vt 0.554085 0.987190
vt 0.553728 0.987166
vt 0.553372 0.987190
vt 0.829682 0.943075
vt 0.829617 0.942817
vt 0.829543 0.942466
vt 0.829479 0.942117
vt 0.411443 0.928707
vt 0.411182 0.928772
vt 0.410825 0.929771
vt 0.410468 0.929735
vt 0.260759 0.945008
vt 0.260999 0.945108
vt 0.261328 0.945244
vt 0.261658 0.945381
vt 0.261901 0.945480
vt 0.554085 0.987999
vt 0.553728 0.987964
vt 0.553372 0.987999
vt 0.828859 0.943295
vt 0.828762 0.943046
vt 0.828643 0.942708
vt 0.828533 0.942371
vt 0.828463 0.942125
vt 0.829441 0.941863
vt 0.411182 0.929735
vt 0.410825 0.930695
vt 0.410469 0.930648
vt 0.261208 0.944098
vt 0.261432 0.944229
vt 0.261741 0.944407
vt 0.262050 0.944586
vt 0.262278 0.944716
vt 0.554085 0.988767
vt 0.553728 0.988719
vt 0.553371 0.988767
vt 0.828073 0.943621
vt 0.827944 0.943385
vt 0.827782 0.943065
vt 0.827629 0.942746
vt 0.827527 0.942513
vt 0.411182 0.930648
vt 0.410825 0.931552
vt 0.410469 0.931495
vt 0.261771 0.943255
vt 0.261977 0.943414
vt 0.262259 0.943631
vt 0.262543 0.943848
vt 0.262751 0.944007
vt 0.554085 0.989479
vt 0.553728 0.989421
vt 0.553371 0.989479
vt 0.827335 0.944048
vt 0.827177 0.943829
vt 0.826974 0.943531
vt 0.826782 0.943235
vt 0.826650 0.943020
vt 0.411182 0.931495
vt 0.410826 0.932329
vt 0.410469 0.932262
vt 0.262439 0.942493
vt 0.262623 0.942677
vt 0.262874 0.942930
vt 0.263127 0.943182
vt 0.263313 0.943366
vt 0.554084 0.990124
vt 0.553728 0.990057
vt 0.553371 0.990124
vt 0.826660 0.944566
vt 0.826475 0.944368
vt 0.826235 0.944099
vt 0.826005 0.943832
vt 0.825847 0.943637
vt 0.411182 0.932262
vt 0.967672 0.726281
vt 0.967630 0.727045
vt 0.967278 0.727104
vt 0.967320 0.726350
vt 0.263202 0.941824
vt 0.263359 0.942031
vt 0.263576 0.942314
vt 0.263794 0.942597
vt 0.263954 0.942804
vt 0.976459 0.429308
vt 0.976459 0.429946
vt 0.976102 0.430005
vt 0.976102 0.429376
vt 0.975746 0.429946
vt 0.975745 0.429308
vt 0.826058 0.945169
vt 0.825848 0.944995
vt 0.825576 0.944759
vt 0.825313 0.944525
vt 0.825130 0.944354
vt 0.968032 0.726349
vt 0.967990 0.727104
vt 0.967594 0.727892
vt 0.967243 0.727941
vt 0.264045 0.941261
vt 0.264174 0.941487
vt 0.264352 0.941796
vt 0.264531 0.942105
vt 0.264663 0.942331
vt 0.976460 0.430653
vt 0.976103 0.430701
vt 0.975747 0.430653
vt 0.825539 0.945845
vt 0.825309 0.945698
vt 0.825008 0.945500
vt 0.824717 0.945302
vt 0.824514 0.945159
vt 0.967955 0.727940
vt 0.967565 0.728807
vt 0.967215 0.728845
vt 0.264954 0.940812
vt 0.265053 0.941054
vt 0.265189 0.941383
vt 0.265326 0.941713
vt 0.265427 0.941954
vt 0.976460 0.431416
vt 0.976104 0.431453
vt 0.975747 0.431416
vt 0.825113 0.946584
vt 0.824866 0.946466
vt 0.824542 0.946308
vt 0.824227 0.946151
vt 0.968230 0.728073
vt 0.968203 0.728947
vt 0.967927 0.728844
vt 0.967545 0.729775
vt 0.967195 0.729801
vt 0.265914 0.940486
vt 0.265981 0.940739
vt 0.266072 0.941083
vt 0.266165 0.941428
vt 0.266234 0.941680
vt 0.976461 0.432222
vt 0.976104 0.432247
vt 0.975747 0.432222
vt 0.824787 0.947371
vt 0.824527 0.947285
vt 0.824185 0.947170
vt 0.823852 0.947056
vt 0.968183 0.729871
vt 0.967907 0.729801
vt 0.967532 0.730779
vt 0.967182 0.730793
vt 0.266909 0.940289
vt 0.266942 0.940548
vt 0.266988 0.940901
vt 0.267035 0.941255
vt 0.267070 0.941514
vt 0.976461 0.433057
vt 0.976104 0.433070
vt 0.975748 0.433057
vt 0.824567 0.948194
vt 0.824298 0.948141
vt 0.823943 0.948071
vt 0.823599 0.948002
vt 0.968171 0.730830
vt 0.967894 0.730793
vt 0.967528 0.731803
vt 0.967178 0.731804
vt 0.267921 0.940222
vt 0.267919 0.940483
vt 0.267919 0.940840
vt 0.267919 0.941197
vt 0.976722 0.433022
vt 0.976723 0.433906
vt 0.976461 0.433908
vt 0.976104 0.433908
vt 0.975748 0.433908
vt 0.824455 0.949039
vt 0.824182 0.949020
vt 0.823821 0.948996
vt 0.823471 0.948974
vt 0.968167 0.731806
vt 0.967890 0.731804
vt 0.967532 0.732828
vt 0.967182 0.732817
vt 0.268932 0.940289
vt 0.268897 0.940548
vt 0.268850 0.940901
vt 0.268804 0.941255
vt 0.976722 0.434791
vt 0.976461 0.434758
vt 0.976104 0.434746
vt 0.975748 0.434758
vt 0.824455 0.949892
vt 0.824181 0.949907
vt 0.823821 0.949929
vt 0.823470 0.949953
vt 0.968171 0.732785
vt 0.967894 0.732816
vt 0.967545 0.733837
vt 0.967195 0.733813
vt 0.269927 0.940486
vt 0.269858 0.940739
vt 0.269765 0.941083
vt 0.269673 0.941428
vt 0.269607 0.941680
vt 0.268771 0.941514
vt 0.976461 0.435595
vt 0.976104 0.435571
vt 0.975747 0.435595
vt 0.824566 0.950737
vt 0.824297 0.950786
vt 0.823942 0.950855
vt 0.823598 0.950925
vt 0.968183 0.733748
vt 0.967907 0.733813
vt 0.967565 0.734813
vt 0.967215 0.734777
vt 0.270887 0.940812
vt 0.270786 0.941054
vt 0.270649 0.941383
vt 0.270513 0.941713
vt 0.270414 0.941954
vt 0.976460 0.436403
vt 0.976104 0.436367
vt 0.975747 0.436403
vt 0.824786 0.951560
vt 0.824525 0.951642
vt 0.824183 0.951756
vt 0.823851 0.951871
vt 0.968203 0.734680
vt 0.967927 0.734777
vt 0.967594 0.735738
vt 0.967243 0.735692
vt 0.271796 0.941261
vt 0.271665 0.941487
vt 0.271486 0.941796
vt 0.271308 0.942105
vt 0.271179 0.942331
vt 0.976460 0.437169
vt 0.976103 0.437122
vt 0.975747 0.437169
vt 0.825111 0.952347
vt 0.824864 0.952461
vt 0.824539 0.952618
vt 0.824225 0.952776
vt 0.968230 0.735563
vt 0.967955 0.735691
vt 0.967630 0.736599
vt 0.967278 0.736542
vt 0.272640 0.941824
vt 0.272479 0.942031
vt 0.272262 0.942314
vt 0.272045 0.942597
vt 0.271887 0.942804
vt 0.976459 0.437880
vt 0.976102 0.437822
vt 0.975746 0.437880
vt 0.825537 0.953085
vt 0.825306 0.953229
vt 0.825005 0.953426
vt 0.824714 0.953625
vt 0.824510 0.953772
vt 0.824004 0.952894
vt 0.967990 0.736541
vt 0.967672 0.737378
vt 0.967320 0.737312
vt 0.273402 0.942493
vt 0.273216 0.942677
vt 0.272963 0.942930
vt 0.272711 0.943182
vt 0.272528 0.943366
vt 0.976459 0.438523
vt 0.976102 0.438456
vt 0.975745 0.438523
vt 0.826055 0.953762
vt 0.825845 0.953932
vt 0.825572 0.954166
vt 0.825309 0.954402
vt 0.825126 0.954576
vt 0.968032 0.737311
vt 0.277099 0.773050
vt 0.277099 0.772283
vt 0.277456 0.772224
vt 0.277456 0.772982
vt 0.274070 0.943255
vt 0.273862 0.943414
vt 0.273579 0.943631
vt 0.273296 0.943848
vt 0.273090 0.944007
vt 0.399606 0.892459
vt 0.399606 0.891822
vt 0.399963 0.891763
vt 0.399962 0.892391
vt 0.400319 0.891822
vt 0.400319 0.892459
vt 0.826656 0.954364
vt 0.826471 0.954559
vt 0.826231 0.954826
vt 0.826001 0.955095
vt 0.825842 0.955293
vt 0.276743 0.772982
vt 0.276742 0.772224
vt 0.277099 0.771434
vt 0.277455 0.771385
vt 0.274634 0.944098
vt 0.274406 0.944229
vt 0.274097 0.944407
vt 0.273789 0.944586
vt 0.273564 0.944716
vt 0.399606 0.891117
vt 0.399963 0.891069
vt 0.400320 0.891117
vt 0.827331 0.954883
vt 0.827173 0.955098
vt 0.826970 0.955394
vt 0.826777 0.955692
vt 0.826645 0.955911
vt 0.276742 0.771385
vt 0.277098 0.770516
vt 0.277455 0.770479
vt 0.275082 0.945008
vt 0.274840 0.945108
vt 0.274510 0.945244
vt 0.274181 0.945381
vt 0.273941 0.945480
vt 0.399606 0.890355
vt 0.399963 0.890318
vt 0.400320 0.890355
vt 0.828068 0.955309
vt 0.827939 0.955542
vt 0.827777 0.955861
vt 0.827624 0.956181
vt 0.827522 0.956418
vt 0.276742 0.770479
vt 0.277098 0.769547
vt 0.277455 0.769521
vt 0.275408 0.945968
vt 0.275155 0.946035
vt 0.274810 0.946128
vt 0.274466 0.946220
vt 0.274215 0.946288
vt 0.399607 0.889550
vt 0.399963 0.889525
vt 0.400320 0.889550
vt 0.828855 0.955636
vt 0.828757 0.955881
vt 0.828638 0.956218
vt 0.828528 0.956556
vt 0.828458 0.956806
vt 0.276742 0.769521
vt 0.277098 0.768541
vt 0.277455 0.768528
vt 0.275606 0.946962
vt 0.275346 0.946996
vt 0.274992 0.947043
vt 0.274639 0.947089
vt 0.274381 0.947123
vt 0.399607 0.888716
vt 0.399963 0.888702
vt 0.400320 0.888716
vt 0.829677 0.955856
vt 0.829612 0.956110
vt 0.829538 0.956459
vt 0.829473 0.956810
vt 0.829436 0.957068
vt 0.276742 0.768528
vt 0.399346 0.888752
vt 0.400581 0.888752
vt 0.986194 0.446829
vt 0.987264 0.446829
vt 0.987264 0.447511
vt 0.986194 0.447511
vt 0.987265 0.448088
vt 0.986195 0.448088
vt 0.994554 0.609201
vt 0.995624 0.609201
vt 0.995624 0.609782
vt 0.994554 0.609782
vt 0.995624 0.610466
vt 0.994554 0.610466
vt 0.995624 0.611147
vt 0.994554 0.611147
vt 0.995624 0.611723
vt 0.994554 0.611723
vt 0.977704 0.129305
vt 0.976636 0.129306
vt 0.976612 0.128723
vt 0.977680 0.128722
vt 0.976603 0.128039
vt 0.977671 0.128038
vt 0.976612 0.127358
vt 0.977680 0.127357
vt 0.976636 0.126784
vt 0.977704 0.126783
vt 0.036647 0.996883
vt 0.035577 0.996883
vt 0.035576 0.996301
vt 0.036646 0.996301
vt 0.035576 0.995618
vt 0.036646 0.995618
vt 0.035576 0.994936
vt 0.036646 0.994936
vt 0.035577 0.994360
vt 0.036647 0.994360
vt 0.814769 0.297753
vt 0.814126 0.297487
vt 0.813634 0.296994
vt 0.813368 0.296352
vt 0.813368 0.295656
vt 0.813634 0.295013
vt 0.814126 0.294521
vt 0.814769 0.294254
vt 0.815465 0.294254
vt 0.816108 0.294521
vt 0.816600 0.295013
vt 0.816866 0.295656
vt 0.816866 0.296352
vt 0.816600 0.296994
vt 0.816108 0.297487
vt 0.815465 0.297753
vt 0.986195 0.445566
vt 0.987265 0.445566
vt 0.987264 0.446146
vt 0.986194 0.446146
vt 0.826595 0.295656
vt 0.826595 0.296352
vt 0.826329 0.296995
vt 0.825838 0.297487
vt 0.825196 0.297753
vt 0.824501 0.297753
vt 0.823859 0.297486
vt 0.823367 0.296994
vt 0.823101 0.296351
vt 0.823101 0.295655
vt 0.823367 0.295012
vt 0.823859 0.294521
vt 0.824501 0.294254
vt 0.825196 0.294255
vt 0.825838 0.294521
vt 0.826329 0.295013
vt 0.176822 0.794070
vt 0.176822 0.665661
vt 0.177232 0.665660
vt 0.177232 0.794070
vt 0.177579 0.665659
vt 0.177579 0.794069
vt 0.056794 0.829740
vt 0.056794 0.701331
vt 0.057141 0.701330
vt 0.057141 0.829739
vt 0.057551 0.701329
vt 0.057551 0.829738
vt 0.057960 0.701330
vt 0.057960 0.829739
vt 0.058308 0.701331
vt 0.058308 0.829740
vt 0.913031 0.280431
vt 0.913031 0.152029
vt 0.913363 0.152026
vt 0.913363 0.280428
vt 0.913766 0.152025
vt 0.913766 0.280426
vt 0.914180 0.152026
vt 0.914180 0.280427
vt 0.914541 0.152028
vt 0.914541 0.280430
vt 0.905284 0.280436
vt 0.905284 0.152026
vt 0.905619 0.152025
vt 0.905619 0.280435
vt 0.906024 0.152025
vt 0.906024 0.280434
vt 0.906437 0.152025
vt 0.906437 0.280435
vt 0.906796 0.152026
vt 0.906796 0.280436
vt 0.984701 0.927145
vt 0.984860 0.926759
vt 0.985156 0.926464
vt 0.985541 0.926304
vt 0.985959 0.926304
vt 0.986345 0.926464
vt 0.986640 0.926759
vt 0.986800 0.927145
vt 0.986800 0.927562
vt 0.986640 0.927948
vt 0.986345 0.928243
vt 0.985959 0.928403
vt 0.985541 0.928403
vt 0.985156 0.928243
vt 0.984860 0.927948
vt 0.984701 0.927562
vt 0.176066 0.794069
vt 0.176066 0.665659
vt 0.176413 0.665660
vt 0.176413 0.794070
vt 0.391268 0.994247
vt 0.391428 0.994633
vt 0.391428 0.995050
vt 0.391268 0.995436
vt 0.390973 0.995731
vt 0.390587 0.995891
vt 0.390169 0.995891
vt 0.389784 0.995731
vt 0.389488 0.995436
vt 0.389329 0.995050
vt 0.389329 0.994633
vt 0.389488 0.994247
vt 0.389784 0.993952
vt 0.390169 0.993792
vt 0.390587 0.993792
vt 0.390973 0.993952
vt 0.003117 0.798530
vt 0.003117 0.757510
vt 0.036958 0.757503
vt 0.036958 0.798523
vt 0.236621 0.687061
vt 0.277641 0.687061
vt 0.277641 0.735215
vt 0.236621 0.735215
vt 0.066423 0.796534
vt 0.066423 0.755514
vt 0.100309 0.755514
vt 0.100309 0.796533
vt 0.107440 0.749279
vt 0.066423 0.749249
vt 0.066423 0.701189
vt 0.107440 0.701220
vt 0.236621 0.789604
vt 0.236621 0.741450
vt 0.270507 0.741450
vt 0.270507 0.789604
vt 0.317761 0.743256
vt 0.317761 0.791410
vt 0.283876 0.791410
vt 0.283876 0.743256
vt 0.624439 0.979726
vt 0.621585 0.979724
vt 0.621585 0.944102
vt 0.624439 0.944103
vt 0.963206 0.752149
vt 0.966045 0.752150
vt 0.966045 0.802087
vt 0.963206 0.802087
vt 0.974697 0.708446
vt 0.977550 0.708446
vt 0.977550 0.744116
vt 0.974697 0.744116
vt 0.966205 0.201864
vt 0.963364 0.201881
vt 0.963364 0.152041
vt 0.966205 0.152025
vt 0.003117 0.751267
vt 0.003117 0.701329
vt 0.038618 0.701331
vt 0.038618 0.751268
vt 0.319377 0.687082
vt 0.319377 0.737020
vt 0.283876 0.737021
vt 0.283876 0.687084
vt 0.957951 0.990199
vt 0.959734 0.990199
vt 0.959735 0.991154
vt 0.957951 0.991154
vt 0.959736 0.991962
vt 0.957952 0.991962
vt 0.236622 0.989222
vt 0.238405 0.989222
vt 0.238405 0.990036
vt 0.236622 0.990036
vt 0.238405 0.990993
vt 0.236621 0.990993
vt 0.238405 0.991947
vt 0.236622 0.991947
vt 0.238405 0.992753
vt 0.236622 0.992753
vt 0.951045 0.990922
vt 0.949265 0.990923
vt 0.949231 0.990107
vt 0.951011 0.990105
vt 0.949219 0.989149
vt 0.950999 0.989148
vt 0.949231 0.988196
vt 0.951011 0.988195
vt 0.949265 0.987392
vt 0.951045 0.987391
vt 0.296018 0.994190
vt 0.294234 0.994190
vt 0.294234 0.993376
vt 0.296017 0.993376
vt 0.294234 0.992419
vt 0.296017 0.992419
vt 0.294234 0.991465
vt 0.296017 0.991465
vt 0.294234 0.990659
vt 0.296018 0.990659
vt 0.687221 0.299152
vt 0.686320 0.298779
vt 0.685632 0.298090
vt 0.685259 0.297190
vt 0.685259 0.296216
vt 0.685632 0.295316
vt 0.686320 0.294627
vt 0.687221 0.294254
vt 0.688195 0.294254
vt 0.689095 0.294627
vt 0.689784 0.295316
vt 0.690157 0.296216
vt 0.690157 0.297190
vt 0.689784 0.298090
vt 0.689095 0.298779
vt 0.688195 0.299152
vt 0.957952 0.988431
vt 0.959736 0.988431
vt 0.959735 0.989243
vt 0.957951 0.989243
vt 0.745806 0.296216
vt 0.745807 0.297190
vt 0.745435 0.298090
vt 0.744747 0.298779
vt 0.743848 0.299152
vt 0.742875 0.299152
vt 0.741976 0.298779
vt 0.741288 0.298090
vt 0.740915 0.297190
vt 0.740915 0.296216
vt 0.741287 0.295316
vt 0.741975 0.294627
vt 0.742874 0.294254
vt 0.743847 0.294254
vt 0.744746 0.294627
vt 0.745434 0.295316
vt 0.220296 0.990611
vt 0.222079 0.990611
vt 0.222080 0.991565
vt 0.220296 0.991565
vt 0.222080 0.992373
vt 0.220297 0.992373
vt 0.823471 0.989288
vt 0.825254 0.989288
vt 0.825254 0.990102
vt 0.823470 0.990102
vt 0.825254 0.991059
vt 0.823470 0.991059
vt 0.825254 0.992013
vt 0.823470 0.992013
vt 0.825254 0.992819
vt 0.823471 0.992819
vt 0.950407 0.297100
vt 0.948627 0.297102
vt 0.948593 0.296285
vt 0.950373 0.296284
vt 0.948581 0.295328
vt 0.950361 0.295326
vt 0.948593 0.294374
vt 0.950373 0.294373
vt 0.948627 0.293571
vt 0.950407 0.293570
vt 0.741870 0.993380
vt 0.740087 0.993380
vt 0.740087 0.992566
vt 0.741870 0.992566
vt 0.740087 0.991609
vt 0.741870 0.991609
vt 0.740087 0.990655
vt 0.741870 0.990655
vt 0.740087 0.989849
vt 0.741870 0.989849
vt 0.698353 0.299152
vt 0.697453 0.298779
vt 0.696764 0.298091
vt 0.696391 0.297190
vt 0.696391 0.296216
vt 0.696764 0.295316
vt 0.697453 0.294627
vt 0.698353 0.294254
vt 0.699327 0.294254
vt 0.700227 0.294627
vt 0.700916 0.295316
vt 0.701289 0.296216
vt 0.701289 0.297190
vt 0.700916 0.298091
vt 0.700227 0.298779
vt 0.699327 0.299152
vt 0.220297 0.988842
vt 0.222080 0.988842
vt 0.222080 0.989654
vt 0.220296 0.989654
vt 0.734680 0.296216
vt 0.734680 0.297190
vt 0.734308 0.298090
vt 0.733621 0.298779
vt 0.732722 0.299152
vt 0.731749 0.299152
vt 0.730850 0.298779
vt 0.730162 0.298090
vt 0.729789 0.297190
vt 0.729789 0.296216
vt 0.730161 0.295316
vt 0.730849 0.294627
vt 0.731747 0.294254
vt 0.732720 0.294254
vt 0.733619 0.294627
vt 0.734307 0.295316
vt 0.107425 0.989376
vt 0.109209 0.989376
vt 0.109209 0.990330
vt 0.107425 0.990330
vt 0.109210 0.991138
vt 0.107426 0.991138
vt 0.764791 0.989131
vt 0.766574 0.989131
vt 0.766574 0.989945
vt 0.764791 0.989945
vt 0.766574 0.990902
vt 0.764790 0.990902
vt 0.766574 0.991856
vt 0.764791 0.991856
vt 0.766574 0.992662
vt 0.764791 0.992662
vt 0.088356 0.990961
vt 0.086576 0.990962
vt 0.086542 0.990146
vt 0.088322 0.990144
vt 0.086530 0.989188
vt 0.088310 0.989187
vt 0.086542 0.988235
vt 0.088322 0.988233
vt 0.086576 0.987431
vt 0.088356 0.987430
vt 0.285660 0.994394
vt 0.283876 0.994394
vt 0.283876 0.993580
vt 0.285660 0.993580
vt 0.283876 0.992623
vt 0.285659 0.992623
vt 0.283876 0.991669
vt 0.285660 0.991669
vt 0.283876 0.990863
vt 0.285660 0.990863
vt 0.707897 0.295316
vt 0.708585 0.294627
vt 0.709485 0.294254
vt 0.710460 0.294254
vt 0.711360 0.294627
vt 0.712049 0.295316
vt 0.712421 0.296216
vt 0.712421 0.297190
vt 0.712049 0.298090
vt 0.711360 0.298779
vt 0.710460 0.299152
vt 0.709486 0.299152
vt 0.708585 0.298779
vt 0.707897 0.298090
vt 0.707524 0.297190
vt 0.707524 0.296216
vt 0.107426 0.987607
vt 0.109210 0.987607
vt 0.109209 0.988419
vt 0.107425 0.988419
vt 0.756933 0.296217
vt 0.756933 0.297191
vt 0.756560 0.298091
vt 0.755872 0.298780
vt 0.754974 0.299152
vt 0.754001 0.299152
vt 0.753102 0.298779
vt 0.752414 0.298090
vt 0.752042 0.297190
vt 0.752042 0.296216
vt 0.752414 0.295316
vt 0.753102 0.294627
vt 0.754001 0.294254
vt 0.754974 0.294255
vt 0.755872 0.294628
vt 0.756560 0.295317
vt 0.228315 0.990611
vt 0.230099 0.990611
vt 0.230099 0.991565
vt 0.228316 0.991565
vt 0.230100 0.992373
vt 0.228316 0.992373
vt 0.054451 0.989678
vt 0.056234 0.989678
vt 0.056234 0.990492
vt 0.054450 0.990492
vt 0.056234 0.991449
vt 0.054450 0.991449
vt 0.056234 0.992403
vt 0.054450 0.992403
vt 0.056234 0.993209
vt 0.054451 0.993209
vt 0.177380 0.991083
vt 0.175600 0.991085
vt 0.175566 0.990268
vt 0.177346 0.990267
vt 0.175554 0.989310
vt 0.177334 0.989309
vt 0.175566 0.988357
vt 0.177346 0.988356
vt 0.175600 0.987554
vt 0.177380 0.987552
vt 0.004901 0.993584
vt 0.003118 0.993584
vt 0.003117 0.992770
vt 0.004901 0.992770
vt 0.003117 0.991813
vt 0.004901 0.991813
vt 0.003117 0.990859
vt 0.004901 0.990859
vt 0.003118 0.990053
vt 0.004901 0.990053
vt 0.720618 0.299152
vt 0.719718 0.298779
vt 0.719029 0.298090
vt 0.718656 0.297190
vt 0.718656 0.296216
vt 0.719029 0.295316
vt 0.719718 0.294627
vt 0.720618 0.294254
vt 0.721592 0.294254
vt 0.722492 0.294627
vt 0.723181 0.295316
vt 0.723554 0.296216
vt 0.723554 0.297190
vt 0.723181 0.298090
vt 0.722492 0.298779
vt 0.721592 0.299152
vt 0.228316 0.988842
vt 0.230100 0.988842
vt 0.230099 0.989654
vt 0.228316 0.989654
vt 0.768059 0.296217
vt 0.768059 0.297191
vt 0.767686 0.298091
vt 0.766998 0.298780
vt 0.766100 0.299152
vt 0.765127 0.299152
vt 0.764228 0.298779
vt 0.763540 0.298090
vt 0.763168 0.297190
vt 0.763168 0.296216
vt 0.763540 0.295316
vt 0.764228 0.294627
vt 0.765127 0.294254
vt 0.766100 0.294255
vt 0.766998 0.294628
vt 0.767686 0.295317
vt 0.283876 0.842238
vt 0.283876 0.797651
vt 0.314154 0.797645
vt 0.314154 0.842232
vt 0.603223 0.861582
vt 0.603223 0.816995
vt 0.626408 0.816996
vt 0.626408 0.861582
vt 0.236621 0.840425
vt 0.236621 0.795839
vt 0.266941 0.795839
vt 0.266941 0.840425
vt 0.632643 0.861596
vt 0.632643 0.817013
vt 0.655783 0.816995
vt 0.655783 0.861579
vt 0.236621 0.893227
vt 0.259807 0.893228
vt 0.259807 0.923546
vt 0.236621 0.923546
vt 0.283876 0.895040
vt 0.307061 0.895040
vt 0.307061 0.925358
vt 0.283876 0.925359
vt 0.740087 0.951555
vt 0.742583 0.951555
vt 0.742583 0.983614
vt 0.740087 0.983614
vt 0.984227 0.521196
vt 0.986714 0.521196
vt 0.986714 0.546165
vt 0.984227 0.546165
vt 0.767287 0.982896
vt 0.764790 0.982896
vt 0.764790 0.950794
vt 0.767287 0.950794
vt 0.986718 0.330346
vt 0.984234 0.330330
vt 0.984234 0.305411
vt 0.986718 0.305426
vt 0.336939 0.883244
vt 0.361907 0.883245
vt 0.361907 0.915205
vt 0.336939 0.915203
vt 0.368142 0.883245
vt 0.393111 0.883244
vt 0.393111 0.915203
vt 0.368142 0.915204
vt 0.222187 0.982607
vt 0.222187 0.955499
vt 0.223211 0.955498
vt 0.223211 0.982606
vt 0.224079 0.955495
vt 0.224079 0.982604
vt 0.976496 0.295529
vt 0.976496 0.268421
vt 0.977364 0.268418
vt 0.977364 0.295527
vt 0.978388 0.268417
vt 0.978388 0.295526
vt 0.979412 0.268418
vt 0.979412 0.295527
vt 0.980280 0.268421
vt 0.980280 0.295529
vt 0.983585 0.407387
vt 0.983585 0.380280
vt 0.984415 0.380273
vt 0.984415 0.407380
vt 0.985424 0.380269
vt 0.985424 0.407376
vt 0.986458 0.380271
vt 0.986458 0.407378
vt 0.987361 0.380277
vt 0.987361 0.407384
vt 0.983410 0.030230
vt 0.983410 0.003121
vt 0.984246 0.003118
vt 0.984246 0.030227
vt 0.985258 0.003117
vt 0.985258 0.030226
vt 0.986291 0.003118
vt 0.986291 0.030227
vt 0.987188 0.003120
vt 0.987188 0.030229
vt 0.845308 0.983402
vt 0.846046 0.982664
vt 0.847010 0.982265
vt 0.848054 0.982265
vt 0.849019 0.982664
vt 0.849757 0.983402
vt 0.850156 0.984367
vt 0.850156 0.985410
vt 0.849757 0.986375
vt 0.849019 0.987113
vt 0.848054 0.987512
vt 0.847010 0.987512
vt 0.846046 0.987113
vt 0.845308 0.986375
vt 0.844909 0.985411
vt 0.844908 0.984367
vt 0.220296 0.982604
vt 0.220296 0.955495
vt 0.221163 0.955498
vt 0.221163 0.982606
vt 0.968126 0.369925
vt 0.968864 0.369187
vt 0.969829 0.368787
vt 0.970873 0.368787
vt 0.971837 0.369186
vt 0.972575 0.369925
vt 0.972974 0.370889
vt 0.972974 0.371933
vt 0.972575 0.372897
vt 0.971837 0.373635
vt 0.970872 0.374035
vt 0.969829 0.374035
vt 0.968864 0.373635
vt 0.968126 0.372897
vt 0.967727 0.371933
vt 0.967727 0.370889
vt 0.527772 0.295617
vt 0.527772 0.294710
vt 0.528626 0.294904
vt 0.528234 0.295722
vt 0.476085 0.296884
vt 0.477148 0.296883
vt 0.477150 0.298091
vt 0.476086 0.297999
vt 0.478214 0.296884
vt 0.479119 0.296885
vt 0.479120 0.297738
vt 0.478215 0.297999
vt 0.536801 0.296439
vt 0.537837 0.296676
vt 0.536801 0.296913
vt 0.527772 0.296683
vt 0.475184 0.296885
vt 0.475185 0.297738
vt 0.535925 0.296239
vt 0.535925 0.297115
vt 0.537006 0.297340
vt 0.528604 0.296017
vt 0.476089 0.298895
vt 0.475187 0.298424
vt 0.478218 0.298895
vt 0.477153 0.299060
vt 0.536305 0.297904
vt 0.529310 0.295450
vt 0.479122 0.298424
vt 0.595367 0.298646
vt 0.594991 0.297741
vt 0.596022 0.297739
vt 0.596156 0.298644
vt 0.594859 0.296676
vt 0.594991 0.295612
vt 0.596022 0.295609
vt 0.595974 0.296673
vt 0.537377 0.297635
vt 0.536990 0.298449
vt 0.529690 0.296239
vt 0.528810 0.296444
vt 0.595367 0.294712
vt 0.596156 0.294710
vt 0.529690 0.297115
vt 0.528810 0.296918
vt 0.597213 0.296673
vt 0.597165 0.297739
vt 0.597031 0.294710
vt 0.597165 0.295609
vt 0.537839 0.297741
vt 0.597031 0.298644
vt 0.537843 0.298644
vt 0.598328 0.296676
vt 0.598196 0.297741
vt 0.597820 0.294712
vt 0.598196 0.295612
vt 0.538301 0.297635
vt 0.528604 0.297345
vt 0.597820 0.298646
vt 0.538697 0.298449
vt 0.529310 0.297904
vt 0.528234 0.297641
vt 0.499478 0.298385
vt 0.498571 0.298879
vt 0.498563 0.298031
vt 0.499472 0.297736
vt 0.497505 0.299052
vt 0.496442 0.298877
vt 0.496433 0.298029
vt 0.497496 0.298134
vt 0.538671 0.297340
vt 0.539381 0.297904
vt 0.528626 0.298449
vt 0.495544 0.298382
vt 0.495537 0.297733
vt 0.496430 0.296932
vt 0.497492 0.296946
vt 0.538877 0.296913
vt 0.539761 0.297115
vt 0.527772 0.298644
vt 0.527772 0.297746
vt 0.498560 0.296934
vt 0.495535 0.296894
vt 0.499469 0.296897
vt 0.526919 0.298449
vt 0.527310 0.297641
vt 0.497496 0.295724
vt 0.498563 0.295805
vt 0.495537 0.296030
vt 0.496433 0.295803
vt 0.538877 0.296439
vt 0.499472 0.296032
vt 0.539761 0.296239
vt 0.495544 0.295312
vt 0.496442 0.294866
vt 0.538671 0.296012
vt 0.526940 0.297345
vt 0.498571 0.294867
vt 0.499478 0.295315
vt 0.497505 0.294710
vt 0.539381 0.295450
vt 0.526234 0.297903
vt 0.526734 0.296918
vt 0.614808 0.298646
vt 0.614408 0.297741
vt 0.615411 0.297739
vt 0.615576 0.298644
vt 0.614267 0.296676
vt 0.614408 0.295612
vt 0.615412 0.295610
vt 0.615354 0.296674
vt 0.538301 0.295717
vt 0.538697 0.294904
vt 0.525854 0.297115
vt 0.614808 0.294711
vt 0.615576 0.294710
vt 0.537839 0.295612
vt 0.537843 0.294710
vt 0.525854 0.296239
vt 0.526734 0.296444
vt 0.616590 0.296674
vt 0.616554 0.297739
vt 0.616451 0.294710
vt 0.616554 0.295610
vt 0.616450 0.298644
vt 0.526234 0.295450
vt 0.526940 0.296017
vt 0.617732 0.296676
vt 0.617609 0.297741
vt 0.617258 0.294711
vt 0.617609 0.295612
vt 0.537377 0.295717
vt 0.617257 0.298646
vt 0.536990 0.294904
vt 0.537006 0.296012
vt 0.527310 0.295722
vt 0.475187 0.295347
vt 0.476089 0.294875
vt 0.476086 0.295769
vt 0.475185 0.296031
vt 0.477153 0.294710
vt 0.478218 0.294875
vt 0.478215 0.295769
vt 0.477150 0.295677
vt 0.536305 0.295450
vt 0.526919 0.294904
vt 0.479122 0.295347
vt 0.479120 0.296031
vt 0.109316 0.981372
vt 0.109316 0.954264
vt 0.110340 0.954263
vt 0.110340 0.981371
vt 0.111208 0.954260
vt 0.111208 0.981369
vt 0.175554 0.981317
vt 0.175554 0.954209
vt 0.176422 0.954206
vt 0.176422 0.981315
vt 0.177446 0.954205
vt 0.177446 0.981314
vt 0.178470 0.954206
vt 0.178470 0.981315
vt 0.179338 0.954209
vt 0.179338 0.981317
vt 0.983410 0.063582
vt 0.983410 0.036475
vt 0.984240 0.036468
vt 0.984240 0.063575
vt 0.985249 0.036464
vt 0.985249 0.063571
vt 0.986283 0.036466
vt 0.986283 0.063573
vt 0.987186 0.036472
vt 0.987186 0.063579
vt 0.054450 0.983443
vt 0.054450 0.956334
vt 0.055287 0.956332
vt 0.055287 0.983440
vt 0.056299 0.956331
vt 0.056299 0.983439
vt 0.057332 0.956331
vt 0.057332 0.983440
vt 0.058228 0.956333
vt 0.058228 0.983442
vt 0.937099 0.296715
vt 0.937099 0.295671
vt 0.937499 0.294707
vt 0.938237 0.293969
vt 0.939201 0.293570
vt 0.940245 0.293570
vt 0.941209 0.293969
vt 0.941947 0.294707
vt 0.942347 0.295671
vt 0.942347 0.296715
vt 0.941947 0.297680
vt 0.941209 0.298418
vt 0.940245 0.298817
vt 0.939201 0.298817
vt 0.938237 0.298418
vt 0.937499 0.297680
vt 0.107425 0.981369
vt 0.107425 0.954260
vt 0.108292 0.954263
vt 0.108292 0.981371
vt 0.968062 0.649063
vt 0.968462 0.650028
vt 0.968462 0.651071
vt 0.968062 0.652036
vt 0.967324 0.652774
vt 0.966360 0.653173
vt 0.965316 0.653173
vt 0.964352 0.652774
vt 0.963614 0.652036
vt 0.963214 0.651071
vt 0.963214 0.650028
vt 0.963614 0.649063
vt 0.964352 0.648325
vt 0.965316 0.647926
vt 0.966360 0.647926
vt 0.967324 0.648325
vt 0.506597 0.296441
vt 0.505713 0.296239
vt 0.506093 0.295450
vt 0.506803 0.296014
vt 0.465912 0.296884
vt 0.466976 0.296883
vt 0.466977 0.298091
vt 0.465913 0.297999
vt 0.468042 0.296884
vt 0.468947 0.296885
vt 0.468947 0.297738
vt 0.468043 0.297999
vt 0.516659 0.296439
vt 0.517696 0.296676
vt 0.516659 0.296913
vt 0.507637 0.296679
vt 0.465012 0.296885
vt 0.465013 0.297738
vt 0.515784 0.296239
vt 0.515784 0.297115
vt 0.507173 0.295719
vt 0.465916 0.298895
vt 0.465015 0.298424
vt 0.468046 0.298895
vt 0.466980 0.299060
vt 0.516865 0.297340
vt 0.516163 0.297904
vt 0.506777 0.294904
vt 0.468950 0.298424
vt 0.604563 0.296676
vt 0.604695 0.295612
vt 0.605726 0.295609
vt 0.605679 0.296673
vt 0.517235 0.297636
vt 0.516848 0.298450
vt 0.507631 0.294710
vt 0.507635 0.295613
vt 0.604695 0.297741
vt 0.605726 0.297739
vt 0.605071 0.294712
vt 0.605860 0.294710
vt 0.605071 0.298646
vt 0.605860 0.298644
vt 0.508484 0.294904
vt 0.508097 0.295719
vt 0.606917 0.296673
vt 0.606870 0.297739
vt 0.606736 0.294710
vt 0.606870 0.295609
vt 0.517697 0.297741
vt 0.606736 0.298644
vt 0.517702 0.298644
vt 0.607525 0.294712
vt 0.607901 0.295612
vt 0.518159 0.297636
vt 0.508467 0.296014
vt 0.607901 0.297741
vt 0.607525 0.298646
vt 0.608033 0.296676
vt 0.518555 0.298449
vt 0.509169 0.295450
vt 0.508673 0.296441
vt 0.489300 0.298385
vt 0.488393 0.298879
vt 0.488385 0.298031
vt 0.489294 0.297736
vt 0.487327 0.299052
vt 0.486264 0.298877
vt 0.486255 0.298029
vt 0.487318 0.298134
vt 0.518530 0.297340
vt 0.519240 0.297904
vt 0.509549 0.296239
vt 0.485366 0.298382
vt 0.485359 0.297733
vt 0.518735 0.296913
vt 0.519620 0.297115
vt 0.509549 0.297115
vt 0.508673 0.296915
vt 0.487314 0.296946
vt 0.488382 0.296934
vt 0.485357 0.296894
vt 0.486252 0.296932
vt 0.489291 0.296897
vt 0.509169 0.297904
vt 0.508467 0.297342
vt 0.487318 0.295724
vt 0.488385 0.295805
vt 0.485359 0.296030
vt 0.486255 0.295803
vt 0.518735 0.296439
vt 0.489294 0.296033
vt 0.519620 0.296239
vt 0.518530 0.296012
vt 0.508097 0.297637
vt 0.488393 0.294867
vt 0.489300 0.295315
vt 0.486264 0.294866
vt 0.487327 0.294710
vt 0.519240 0.295450
vt 0.508484 0.298449
vt 0.485366 0.295312
vt 0.624507 0.298646
vt 0.624107 0.297741
vt 0.625111 0.297739
vt 0.625275 0.298644
vt 0.623967 0.296676
vt 0.624108 0.295612
vt 0.625111 0.295610
vt 0.625053 0.296674
vt 0.518159 0.295717
vt 0.518555 0.294904
vt 0.507631 0.298644
vt 0.507635 0.297743
vt 0.624508 0.294711
vt 0.625276 0.294710
vt 0.506777 0.298449
vt 0.507173 0.297637
vt 0.626290 0.296674
vt 0.626253 0.297739
vt 0.626150 0.294710
vt 0.626254 0.295610
vt 0.517697 0.295612
vt 0.626149 0.298644
vt 0.517702 0.294710
vt 0.627432 0.296676
vt 0.627308 0.297741
vt 0.626958 0.294711
vt 0.627309 0.295612
vt 0.517235 0.295717
vt 0.506803 0.297342
vt 0.626957 0.298646
vt 0.516848 0.294905
vt 0.506093 0.297904
vt 0.506597 0.296915
vt 0.465015 0.295347
vt 0.465916 0.294875
vt 0.465913 0.295769
vt 0.465013 0.296031
vt 0.466980 0.294710
vt 0.468046 0.294875
vt 0.468043 0.295769
vt 0.466977 0.295677
vt 0.516865 0.296012
vt 0.516163 0.295450
vt 0.505713 0.297115
vt 0.468950 0.295347
vt 0.468947 0.296031
vt 0.936196 0.888006
vt 0.934157 0.888005
vt 0.934594 0.882393
vt 0.936433 0.884969
vt 0.907298 0.918886
vt 0.910708 0.918885
vt 0.910711 0.926823
vt 0.907300 0.926220
vt 0.914123 0.918886
vt 0.917021 0.918888
vt 0.917023 0.924501
vt 0.914125 0.926220
vt 0.941846 0.058782
vt 0.939462 0.058781
vt 0.941610 0.055744
vt 0.938590 0.888007
vt 0.904410 0.918888
vt 0.904412 0.924501
vt 0.943857 0.058783
vt 0.943420 0.053170
vt 0.917028 0.929003
vt 0.914132 0.932102
vt 0.940947 0.053308
vt 0.937095 0.882533
vt 0.907307 0.932102
vt 0.904417 0.929003
vt 0.910718 0.933191
vt 0.942195 0.048669
vt 0.935819 0.877892
vt 0.938053 0.881181
vt 0.934954 0.874790
vt 0.937267 0.871527
vt 0.937589 0.875394
vt 0.914141 0.935369
vt 0.910728 0.936726
vt 0.939989 0.051957
vt 0.940425 0.046171
vt 0.907316 0.935369
vt 0.943017 0.045570
vt 0.940705 0.042307
vt 0.938926 0.051957
vt 0.938461 0.046171
vt 0.939553 0.875394
vt 0.939116 0.881181
vt 0.856497 0.989090
vt 0.856391 0.985671
vt 0.859169 0.985671
vt 0.859064 0.989090
vt 0.938139 0.042307
vt 0.939833 0.871527
vt 0.856497 0.982265
vt 0.859064 0.982265
vt 0.941323 0.877892
vt 0.940074 0.882533
vt 0.730301 0.911083
vt 0.733714 0.909721
vt 0.733746 0.913089
vt 0.730332 0.914195
vt 0.936691 0.048669
vt 0.935826 0.045570
vt 0.937968 0.053308
vt 0.942146 0.874790
vt 0.737126 0.911082
vt 0.737156 0.914194
vt 0.937305 0.055744
vt 0.940737 0.884969
vt 0.727432 0.917343
vt 0.730356 0.919964
vt 0.727450 0.921758
vt 0.737180 0.919963
vt 0.733773 0.919334
vt 0.935467 0.053170
vt 0.942548 0.882393
vt 0.740042 0.917341
vt 0.740061 0.921756
vt 0.730369 0.927247
vt 0.727461 0.927332
vt 0.737194 0.927246
vt 0.733787 0.927216
vt 0.937069 0.058782
vt 0.935029 0.058783
vt 0.942985 0.888005
vt 0.940973 0.888006
vt 0.740071 0.927330
vt 0.942547 0.893618
vt 0.940737 0.891044
vt 0.733787 0.935177
vt 0.730369 0.934601
vt 0.740071 0.932959
vt 0.737194 0.934600
vt 0.937305 0.061819
vt 0.727461 0.932961
vt 0.935467 0.064395
vt 0.733773 0.941638
vt 0.730356 0.940571
vt 0.740061 0.937527
vt 0.737180 0.940569
vt 0.937968 0.064255
vt 0.940074 0.893480
vt 0.727450 0.937530
vt 0.936691 0.068896
vt 0.941323 0.898119
vt 0.939116 0.894831
vt 0.730332 0.943973
vt 0.727432 0.940133
vt 0.737156 0.943971
vt 0.733746 0.945320
vt 0.938926 0.065607
vt 0.938461 0.071394
vt 0.939553 0.900617
vt 0.935826 0.071998
vt 0.938139 0.075261
vt 0.194907 0.986645
vt 0.195083 0.983238
vt 0.197646 0.983238
vt 0.197681 0.986645
vt 0.939989 0.065607
vt 0.940425 0.071394
vt 0.937589 0.900617
vt 0.938053 0.894831
vt 0.195082 0.990063
vt 0.197645 0.990063
vt 0.940705 0.075261
vt 0.939833 0.904481
vt 0.937267 0.904481
vt 0.935819 0.898119
vt 0.937095 0.893480
vt 0.907316 0.902415
vt 0.910728 0.901057
vt 0.910718 0.904586
vt 0.907307 0.905675
vt 0.942195 0.068896
vt 0.943018 0.071998
vt 0.940947 0.064255
vt 0.934954 0.901218
vt 0.914141 0.902415
vt 0.914132 0.905675
vt 0.917028 0.908776
vt 0.917023 0.913276
vt 0.914125 0.911554
vt 0.941610 0.061819
vt 0.936433 0.891044
vt 0.904417 0.908777
vt 0.907300 0.911554
vt 0.904412 0.913276
vt 0.910711 0.910949
vt 0.943420 0.064395
vt 0.934594 0.893618
vt 0.940974 0.927191
vt 0.938590 0.927191
vt 0.940737 0.924154
vt 0.939462 0.019597
vt 0.937069 0.019597
vt 0.937305 0.016560
vt 0.916352 0.425784
vt 0.919240 0.425782
vt 0.919242 0.433116
vt 0.916354 0.431397
vt 0.922650 0.425782
vt 0.926065 0.425782
vt 0.926067 0.433116
vt 0.922653 0.433720
vt 0.942985 0.927192
vt 0.942548 0.921580
vt 0.935030 0.019596
vt 0.935467 0.013984
vt 0.928963 0.425784
vt 0.928965 0.431397
vt 0.926073 0.438999
vt 0.922660 0.440087
vt 0.940074 0.921718
vt 0.941323 0.917079
vt 0.936691 0.009483
vt 0.937968 0.014124
vt 0.919248 0.438999
vt 0.928970 0.435900
vt 0.916359 0.435900
vt 0.938461 0.006985
vt 0.938926 0.012772
vt 0.922670 0.443623
vt 0.919258 0.442266
vt 0.942145 0.913980
vt 0.939553 0.914581
vt 0.939833 0.910716
vt 0.939117 0.920366
vt 0.935827 0.006381
vt 0.938139 0.003117
vt 0.926083 0.442265
vt 0.937589 0.914581
vt 0.937266 0.910716
vt 0.938054 0.920366
vt 0.939989 0.012772
vt 0.940706 0.003117
vt 0.940425 0.006985
vt 0.269641 0.985802
vt 0.269747 0.982397
vt 0.272313 0.982397
vt 0.272419 0.985802
vt 0.269747 0.989222
vt 0.272313 0.989222
vt 0.940947 0.014124
vt 0.943018 0.006381
vt 0.942195 0.009483
vt 0.699896 0.906625
vt 0.703308 0.907986
vt 0.703339 0.911098
vt 0.699929 0.909994
vt 0.937096 0.921718
vt 0.935819 0.917079
vt 0.696484 0.907987
vt 0.696514 0.911100
vt 0.934954 0.913980
vt 0.936433 0.924154
vt 0.934594 0.921580
vt 0.943420 0.013984
vt 0.941609 0.016560
vt 0.699955 0.916238
vt 0.696538 0.916869
vt 0.706224 0.914245
vt 0.706243 0.918660
vt 0.703363 0.916867
vt 0.693614 0.914247
vt 0.693633 0.918663
vt 0.943857 0.019596
vt 0.941846 0.019597
vt 0.699970 0.924121
vt 0.696552 0.924151
vt 0.706253 0.924234
vt 0.703376 0.924150
vt 0.936196 0.927191
vt 0.693643 0.924237
vt 0.934157 0.927192
vt 0.936433 0.930229
vt 0.941609 0.022634
vt 0.696552 0.931506
vt 0.693643 0.929866
vt 0.703376 0.931505
vt 0.699970 0.932081
vt 0.934594 0.932805
vt 0.943420 0.025208
vt 0.706253 0.929863
vt 0.696538 0.937475
vt 0.693633 0.934434
vt 0.703363 0.937474
vt 0.699955 0.938543
vt 0.937096 0.932665
vt 0.935819 0.937305
vt 0.942195 0.029709
vt 0.940947 0.025070
vt 0.706243 0.934432
vt 0.940425 0.032207
vt 0.939989 0.026422
vt 0.699929 0.942225
vt 0.696514 0.940877
vt 0.934954 0.940407
vt 0.937589 0.939803
vt 0.937266 0.943671
vt 0.938054 0.934016
vt 0.693614 0.937038
vt 0.703339 0.940876
vt 0.066599 0.990381
vt 0.066423 0.986963
vt 0.069197 0.986963
vt 0.069162 0.990381
vt 0.939553 0.939803
vt 0.939833 0.943671
vt 0.939117 0.934016
vt 0.938926 0.026422
vt 0.940706 0.036072
vt 0.938139 0.036072
vt 0.938461 0.032207
vt 0.066600 0.983556
vt 0.069163 0.983556
vt 0.937968 0.025070
vt 0.935827 0.032808
vt 0.936691 0.029709
vt 0.922670 0.407953
vt 0.926083 0.409311
vt 0.926073 0.412572
vt 0.922660 0.411482
vt 0.940074 0.932665
vt 0.941323 0.937305
vt 0.919258 0.409311
vt 0.919248 0.412572
vt 0.942145 0.940407
vt 0.926067 0.418450
vt 0.922653 0.417845
vt 0.940737 0.930229
vt 0.942548 0.932805
vt 0.935467 0.025208
vt 0.937305 0.022634
vt 0.919242 0.418450
vt 0.928970 0.415673
vt 0.928965 0.420172
vt 0.916359 0.415673
vt 0.916354 0.420172
vt 0.938948 0.675888
vt 0.936555 0.675888
vt 0.936791 0.672850
vt 0.917215 0.123304
vt 0.920103 0.123302
vt 0.920105 0.130636
vt 0.917217 0.128917
vt 0.923513 0.123301
vt 0.926928 0.123302
vt 0.926930 0.130636
vt 0.923516 0.131239
vt 0.944032 0.424429
vt 0.942021 0.424428
vt 0.941785 0.421391
vt 0.943595 0.418817
vt 0.934516 0.675887
vt 0.934953 0.670274
vt 0.929826 0.123304
vt 0.929828 0.128917
vt 0.939638 0.424428
vt 0.941122 0.418955
vt 0.942370 0.414316
vt 0.936178 0.665774
vt 0.937454 0.670414
vt 0.923523 0.137607
vt 0.920112 0.136518
vt 0.929833 0.133419
vt 0.926937 0.136518
vt 0.917222 0.133419
vt 0.937947 0.663276
vt 0.938412 0.669063
vt 0.923533 0.141142
vt 0.920121 0.139785
vt 0.943193 0.411217
vt 0.940601 0.411818
vt 0.940880 0.407953
vt 0.940164 0.417603
vt 0.935313 0.662672
vt 0.937625 0.659408
vt 0.926946 0.139785
vt 0.939101 0.417603
vt 0.939475 0.669063
vt 0.940192 0.659408
vt 0.939912 0.663276
vt 0.119769 0.986557
vt 0.119875 0.983151
vt 0.122442 0.983151
vt 0.122547 0.986557
vt 0.938636 0.411818
vt 0.119875 0.989976
vt 0.122441 0.989976
vt 0.938314 0.407953
vt 0.942504 0.662672
vt 0.941681 0.665774
vt 0.638925 0.907952
vt 0.642337 0.909313
vt 0.642368 0.912425
vt 0.638958 0.911321
vt 0.938143 0.418955
vt 0.936867 0.414316
vt 0.940433 0.670414
vt 0.635513 0.909314
vt 0.635543 0.912427
vt 0.936002 0.411217
vt 0.942906 0.670274
vt 0.941096 0.672850
vt 0.638984 0.917565
vt 0.635567 0.918195
vt 0.645253 0.915572
vt 0.645272 0.919987
vt 0.642392 0.918194
vt 0.937481 0.421391
vt 0.632643 0.915574
vt 0.632662 0.919990
vt 0.935642 0.418817
vt 0.638999 0.925448
vt 0.635581 0.925478
vt 0.645282 0.925561
vt 0.642405 0.925477
vt 0.937244 0.424428
vt 0.941332 0.675888
vt 0.632672 0.925564
vt 0.935205 0.424429
vt 0.943343 0.675887
vt 0.941096 0.678925
vt 0.635581 0.932833
vt 0.632672 0.931192
vt 0.642405 0.932832
vt 0.638999 0.933408
vt 0.937481 0.427466
vt 0.935642 0.430042
vt 0.942906 0.681499
vt 0.645282 0.931190
vt 0.642392 0.938801
vt 0.638984 0.939869
vt 0.938143 0.429902
vt 0.936867 0.434543
vt 0.941681 0.686000
vt 0.940433 0.681361
vt 0.635567 0.938802
vt 0.645272 0.935759
vt 0.632662 0.935761
vt 0.939912 0.688498
vt 0.939475 0.682713
vt 0.638958 0.943552
vt 0.635543 0.942204
vt 0.936002 0.437644
vt 0.938636 0.437040
vt 0.938314 0.440908
vt 0.939101 0.431254
vt 0.632643 0.938365
vt 0.642368 0.942203
vt 0.940601 0.437040
vt 0.940880 0.440908
vt 0.940164 0.431254
vt 0.938412 0.682713
vt 0.940192 0.692363
vt 0.937625 0.692363
vt 0.937947 0.688498
vt 0.075432 0.986963
vt 0.075609 0.983556
vt 0.078172 0.983556
vt 0.078206 0.986963
vt 0.075608 0.990381
vt 0.078171 0.990381
vt 0.937454 0.681361
vt 0.935313 0.689099
vt 0.936177 0.686000
vt 0.923533 0.105473
vt 0.926946 0.106831
vt 0.926937 0.110091
vt 0.923523 0.109002
vt 0.941122 0.429902
vt 0.942370 0.434543
vt 0.920121 0.106831
vt 0.920112 0.110091
vt 0.943193 0.437644
vt 0.941785 0.427466
vt 0.943595 0.430042
vt 0.934953 0.681499
vt 0.936791 0.678925
vt 0.923516 0.115365
vt 0.920105 0.115970
vt 0.929833 0.113192
vt 0.929828 0.117692
vt 0.926930 0.115969
vt 0.917222 0.113193
vt 0.917217 0.117692
vt 0.192196 0.914171
vt 0.195610 0.914172
vt 0.195612 0.921506
vt 0.192198 0.922109
vt 0.945927 0.270856
vt 0.943916 0.270855
vt 0.943679 0.267818
vt 0.945490 0.265244
vt 0.562964 0.926869
vt 0.560925 0.926868
vt 0.561362 0.921255
vt 0.563201 0.923831
vt 0.188785 0.914172
vt 0.188787 0.921506
vt 0.198508 0.914174
vt 0.198510 0.919787
vt 0.941532 0.270855
vt 0.565358 0.926869
vt 0.185897 0.914174
vt 0.185899 0.919787
vt 0.562587 0.916754
vt 0.563863 0.921395
vt 0.192205 0.928477
vt 0.188794 0.927389
vt 0.198515 0.924289
vt 0.195619 0.927389
vt 0.943016 0.265382
vt 0.185904 0.924289
vt 0.944265 0.260743
vt 0.942059 0.264030
vt 0.564821 0.920044
vt 0.561722 0.913653
vt 0.564035 0.910389
vt 0.564357 0.914257
vt 0.195628 0.930655
vt 0.192215 0.932013
vt 0.942495 0.258245
vt 0.188803 0.930655
vt 0.945087 0.257644
vt 0.942775 0.254380
vt 0.566601 0.910389
vt 0.566321 0.914257
vt 0.380316 0.984542
vt 0.380422 0.981137
vt 0.382989 0.981137
vt 0.383094 0.984542
vt 0.940996 0.264030
vt 0.940531 0.258245
vt 0.565884 0.920044
vt 0.380422 0.987961
vt 0.382989 0.987961
vt 0.940208 0.254380
vt 0.568091 0.916754
vt 0.566842 0.921395
vt 0.320934 0.905430
vt 0.324347 0.904068
vt 0.324379 0.907437
vt 0.320964 0.908543
vt 0.938761 0.260743
vt 0.937896 0.257644
vt 0.940038 0.265382
vt 0.568913 0.913653
vt 0.327759 0.905429
vt 0.327789 0.908541
vt 0.324406 0.913681
vt 0.320989 0.914311
vt 0.330675 0.911688
vt 0.330693 0.916103
vt 0.327813 0.914310
vt 0.939375 0.267818
vt 0.567505 0.923831
vt 0.318065 0.911690
vt 0.318083 0.916105
vt 0.937536 0.265244
vt 0.569315 0.921255
vt 0.567741 0.926869
vt 0.321002 0.921594
vt 0.318093 0.921679
vt 0.327827 0.921593
vt 0.324420 0.921564
vt 0.939138 0.270855
vt 0.937099 0.270856
vt 0.569753 0.926868
vt 0.330704 0.921677
vt 0.327827 0.928947
vt 0.324420 0.929524
vt 0.939375 0.273893
vt 0.937536 0.276469
vt 0.569315 0.932480
vt 0.567505 0.929906
vt 0.321002 0.928949
vt 0.330704 0.927306
vt 0.318093 0.927308
vt 0.568091 0.936981
vt 0.566842 0.932342
vt 0.324406 0.935985
vt 0.320989 0.934918
vt 0.330693 0.931875
vt 0.327813 0.934917
vt 0.940038 0.276329
vt 0.318083 0.931877
vt 0.938761 0.280970
vt 0.937896 0.284071
vt 0.940531 0.283467
vt 0.940208 0.287335
vt 0.940996 0.277680
vt 0.565884 0.933694
vt 0.320965 0.938320
vt 0.318065 0.934481
vt 0.327789 0.938319
vt 0.324379 0.939668
vt 0.566321 0.939479
vt 0.564821 0.933694
vt 0.566601 0.943344
vt 0.564035 0.943344
vt 0.564357 0.939479
vt 0.185897 0.986645
vt 0.186074 0.983238
vt 0.188637 0.983238
vt 0.188672 0.986645
vt 0.942059 0.277680
vt 0.942495 0.283467
vt 0.186073 0.990063
vt 0.188636 0.990063
vt 0.942775 0.287335
vt 0.943016 0.276329
vt 0.944265 0.280970
vt 0.562587 0.936981
vt 0.563863 0.932342
vt 0.188803 0.897701
vt 0.192215 0.896343
vt 0.192205 0.899872
vt 0.188794 0.900961
vt 0.945087 0.284071
vt 0.561722 0.940080
vt 0.195628 0.897701
vt 0.195619 0.900961
vt 0.561362 0.932480
vt 0.563201 0.929906
vt 0.192198 0.906235
vt 0.188787 0.906840
vt 0.198515 0.904063
vt 0.198510 0.908562
vt 0.195612 0.906840
vt 0.943679 0.273893
vt 0.185904 0.904063
vt 0.185899 0.908562
vt 0.945490 0.276469
vt 0.936555 0.715077
vt 0.934516 0.715076
vt 0.934953 0.709464
vt 0.936791 0.712040
vt 0.126090 0.914497
vt 0.129500 0.914497
vt 0.129503 0.922435
vt 0.126092 0.921831
vt 0.132915 0.914497
vt 0.135813 0.914499
vt 0.135815 0.920112
vt 0.132917 0.921831
vt 0.942885 0.121948
vt 0.940501 0.121948
vt 0.942648 0.118910
vt 0.938948 0.715077
vt 0.123202 0.914499
vt 0.123204 0.920112
vt 0.944895 0.121949
vt 0.944458 0.116336
vt 0.135820 0.924615
vt 0.132923 0.927714
vt 0.941985 0.116475
vt 0.937454 0.709604
vt 0.126098 0.927714
vt 0.123209 0.924615
vt 0.129510 0.928802
vt 0.943234 0.111835
vt 0.936177 0.704963
vt 0.938412 0.708252
vt 0.935313 0.701861
vt 0.937625 0.698597
vt 0.937947 0.702465
vt 0.132933 0.930980
vt 0.129520 0.932338
vt 0.941027 0.115123
vt 0.941464 0.109338
vt 0.126108 0.930980
vt 0.944056 0.108736
vt 0.941744 0.105473
vt 0.939964 0.115123
vt 0.939499 0.109338
vt 0.939912 0.702465
vt 0.939475 0.708252
vt 0.128888 0.989976
vt 0.128782 0.986557
vt 0.131560 0.986557
vt 0.131454 0.989976
vt 0.939177 0.105473
vt 0.940192 0.698597
vt 0.128888 0.983151
vt 0.131454 0.983151
vt 0.941681 0.704963
vt 0.940433 0.709604
vt 0.038446 0.910437
vt 0.041858 0.909075
vt 0.041891 0.912444
vt 0.038476 0.913550
vt 0.937730 0.111835
vt 0.936865 0.108736
vt 0.939007 0.116475
vt 0.942504 0.701861
vt 0.045271 0.910436
vt 0.045301 0.913548
vt 0.938344 0.118910
vt 0.941096 0.712040
vt 0.035576 0.916697
vt 0.038500 0.919318
vt 0.035595 0.921113
vt 0.045325 0.919317
vt 0.041917 0.918688
vt 0.936505 0.116336
vt 0.942906 0.709464
vt 0.048187 0.916695
vt 0.048205 0.921110
vt 0.038514 0.926601
vt 0.035605 0.926687
vt 0.045339 0.926600
vt 0.041932 0.926571
vt 0.938107 0.121948
vt 0.936068 0.121949
vt 0.943343 0.715076
vt 0.941332 0.715077
vt 0.048215 0.926684
vt 0.942906 0.720689
vt 0.941096 0.718114
vt 0.041932 0.934531
vt 0.038514 0.933956
vt 0.048215 0.932313
vt 0.045339 0.933954
vt 0.938344 0.124985
vt 0.035605 0.932315
vt 0.936505 0.127561
vt 0.041917 0.940992
vt 0.038500 0.939925
vt 0.048205 0.936882
vt 0.045325 0.939924
vt 0.939007 0.127421
vt 0.940433 0.720550
vt 0.035595 0.936884
vt 0.937730 0.132062
vt 0.941681 0.725189
vt 0.939475 0.721902
vt 0.038476 0.943327
vt 0.035576 0.939488
vt 0.045301 0.943326
vt 0.041891 0.944675
vt 0.939964 0.128773
vt 0.939500 0.134560
vt 0.939912 0.727687
vt 0.936865 0.135164
vt 0.939177 0.138427
vt 0.417678 0.987538
vt 0.417855 0.984131
vt 0.420418 0.984131
vt 0.420452 0.987538
vt 0.941027 0.128773
vt 0.941464 0.134560
vt 0.937947 0.727687
vt 0.938412 0.721902
vt 0.417853 0.990956
vt 0.420416 0.990956
vt 0.941744 0.138427
vt 0.940192 0.731552
vt 0.937625 0.731552
vt 0.936177 0.725189
vt 0.937454 0.720550
vt 0.126108 0.898026
vt 0.129520 0.896668
vt 0.129510 0.900197
vt 0.126098 0.901286
vt 0.943234 0.132062
vt 0.944056 0.135164
vt 0.941985 0.127421
vt 0.935313 0.728288
vt 0.132933 0.898026
vt 0.132923 0.901286
vt 0.135820 0.904388
vt 0.135815 0.908887
vt 0.132917 0.907165
vt 0.942648 0.124985
vt 0.936791 0.718114
vt 0.123209 0.904388
vt 0.126092 0.907165
vt 0.123204 0.908887
vt 0.129503 0.906560
vt 0.944458 0.127561
vt 0.934953 0.720689
vt 0.079174 0.925870
vt 0.082882 0.925156
vt 0.082882 0.929443
vt 0.079174 0.928190
vt 0.239794 0.940503
vt 0.243544 0.940502
vt 0.243548 0.946456
vt 0.239798 0.946004
vt 0.247301 0.940503
vt 0.250494 0.940506
vt 0.250497 0.944717
vt 0.247305 0.946004
vt 0.581737 0.929774
vt 0.586088 0.930614
vt 0.581737 0.932094
vt 0.074813 0.926710
vt 0.236621 0.940506
vt 0.236625 0.944717
vt 0.578060 0.929064
vt 0.578060 0.933351
vt 0.078311 0.930217
vt 0.239810 0.950418
vt 0.236634 0.948095
vt 0.247318 0.950418
vt 0.243562 0.951234
vt 0.582600 0.934121
vt 0.579654 0.937096
vt 0.081288 0.933188
vt 0.250506 0.948095
vt 0.073353 0.959981
vt 0.069603 0.959431
vt 0.069591 0.955137
vt 0.073340 0.955334
vt 0.584155 0.935454
vt 0.582527 0.939558
vt 0.078416 0.935650
vt 0.076757 0.931549
vt 0.077111 0.959431
vt 0.077098 0.955137
vt 0.577699 0.939086
vt 0.581452 0.942302
vt 0.083290 0.935171
vt 0.079537 0.938388
vt 0.074834 0.936340
vt 0.074818 0.931923
vt 0.073340 0.950175
vt 0.077098 0.950371
vt 0.066423 0.954577
vt 0.066423 0.950929
vt 0.069591 0.950371
vt 0.586093 0.935827
vt 0.080295 0.954577
vt 0.080295 0.950929
vt 0.586109 0.940249
vt 0.586132 0.943205
vt 0.589691 0.939032
vt 0.590812 0.941615
vt 0.588032 0.935169
vt 0.072880 0.931264
vt 0.074856 0.939291
vt 0.070176 0.937700
vt 0.071252 0.935123
vt 0.069603 0.946075
vt 0.073353 0.945525
vt 0.077111 0.946075
vt 0.071325 0.929703
vt 0.066423 0.933932
vt 0.068379 0.932240
vt 0.944445 0.218898
vt 0.948193 0.219741
vt 0.948238 0.223957
vt 0.944493 0.223460
vt 0.589586 0.933608
vt 0.592563 0.936148
vt 0.940686 0.219753
vt 0.940731 0.223968
vt 0.594565 0.937847
vt 0.590449 0.931454
vt 0.594157 0.932169
vt 0.066785 0.928260
vt 0.070462 0.927550
vt 0.944520 0.229330
vt 0.940756 0.229391
vt 0.951397 0.225382
vt 0.951416 0.229532
vt 0.948263 0.229379
vt 0.937525 0.225403
vt 0.937544 0.229553
vt 0.066785 0.923973
vt 0.070462 0.925230
vt 0.944520 0.235343
vt 0.940756 0.234946
vt 0.951416 0.233784
vt 0.948263 0.234935
vt 0.590449 0.929134
vt 0.937544 0.233805
vt 0.594157 0.927882
vt 0.589586 0.927107
vt 0.071325 0.923203
vt 0.940731 0.239534
vt 0.937525 0.237317
vt 0.948238 0.239523
vt 0.944493 0.240309
vt 0.592563 0.924136
vt 0.068379 0.920228
vt 0.951397 0.237295
vt 0.066423 0.918238
vt 0.070176 0.915022
vt 0.071252 0.917766
vt 0.323763 0.945903
vt 0.327514 0.946491
vt 0.327528 0.950653
vt 0.323778 0.950407
vt 0.588032 0.925775
vt 0.589691 0.921675
vt 0.072880 0.921870
vt 0.320007 0.946498
vt 0.320021 0.950659
vt 0.594565 0.922153
vt 0.590812 0.918936
vt 0.074834 0.917075
vt 0.074818 0.921497
vt 0.323784 0.955559
vt 0.320026 0.955419
vt 0.330700 0.951359
vt 0.330704 0.955002
vt 0.327533 0.955413
vt 0.586093 0.925401
vt 0.316828 0.951371
vt 0.316832 0.955014
vt 0.586109 0.920984
vt 0.323778 0.960339
vt 0.320021 0.959835
vt 0.330700 0.958382
vt 0.327528 0.959829
vt 0.584155 0.926060
vt 0.076757 0.922155
vt 0.316828 0.958394
vt 0.582527 0.922201
vt 0.078416 0.918292
vt 0.078311 0.923716
vt 0.236634 0.932925
vt 0.239810 0.930598
vt 0.239798 0.935004
vt 0.236625 0.936298
vt 0.243562 0.929781
vt 0.247318 0.930598
vt 0.247305 0.935004
vt 0.243548 0.934550
vt 0.582600 0.927621
vt 0.579654 0.925085
vt 0.081288 0.921176
vt 0.250506 0.932925
vt 0.250497 0.936298
vt 0.226894 0.872258
vt 0.229506 0.872261
vt 0.229509 0.875629
vt 0.226897 0.876659
vt 0.212811 0.939608
vt 0.216484 0.940358
vt 0.212811 0.941468
vt 0.292077 0.939524
vt 0.288318 0.939524
vt 0.288690 0.937701
vt 0.218156 0.872261
vt 0.220751 0.872258
vt 0.220755 0.876659
vt 0.218159 0.875629
vt 0.223819 0.872257
vt 0.223823 0.877020
vt 0.209706 0.938974
vt 0.209706 0.942411
vt 0.285124 0.939523
vt 0.285811 0.936155
vt 0.283876 0.935122
vt 0.286391 0.931593
vt 0.287735 0.933455
vt 0.226908 0.880190
vt 0.223835 0.880843
vt 0.213539 0.943109
vt 0.211052 0.945442
vt 0.289732 0.936240
vt 0.220765 0.880191
vt 0.207641 0.943042
vt 0.209400 0.947002
vt 0.290516 0.931956
vt 0.291237 0.935429
vt 0.905654 0.298709
vt 0.902579 0.299175
vt 0.902569 0.295243
vt 0.905644 0.295076
vt 0.899511 0.298709
vt 0.896917 0.297383
vt 0.896910 0.294602
vt 0.899502 0.295076
vt 0.214852 0.944204
vt 0.908267 0.297383
vt 0.908259 0.294602
vt 0.213477 0.947466
vt 0.902569 0.290877
vt 0.905644 0.291043
vt 0.896910 0.291515
vt 0.899502 0.291043
vt 0.216489 0.944538
vt 0.292907 0.935429
vt 0.908259 0.291515
vt 0.216501 0.948083
vt 0.293603 0.931956
vt 0.294413 0.936240
vt 0.905654 0.287409
vt 0.908267 0.288734
vt 0.899511 0.287409
vt 0.902579 0.286943
vt 0.218126 0.944044
vt 0.219526 0.947170
vt 0.296384 0.933455
vt 0.896917 0.288734
vt 0.955239 0.726281
vt 0.958306 0.726957
vt 0.958344 0.730321
vt 0.955280 0.729922
vt 0.219438 0.942820
vt 0.221951 0.944909
vt 0.298309 0.936155
vt 0.295454 0.937701
vt 0.952164 0.726968
vt 0.952201 0.730331
vt 0.220472 0.949261
vt 0.223641 0.946306
vt 0.297691 0.931593
vt 0.300206 0.935122
vt 0.298996 0.939523
vt 0.295826 0.939524
vt 0.955302 0.734614
vt 0.952222 0.734666
vt 0.960927 0.731467
vt 0.960943 0.734785
vt 0.958365 0.734656
vt 0.220167 0.941109
vt 0.949578 0.731486
vt 0.949594 0.734804
vt 0.223297 0.941747
vt 0.960943 0.738189
vt 0.958365 0.739104
vt 0.220167 0.939249
vt 0.295454 0.941346
vt 0.952222 0.739114
vt 0.949594 0.738208
vt 0.955302 0.739428
vt 0.223297 0.938310
vt 0.298309 0.942890
vt 0.294413 0.942808
vt 0.952201 0.742793
vt 0.949578 0.741024
vt 0.958344 0.742783
vt 0.955280 0.743411
vt 0.219438 0.937609
vt 0.221951 0.935279
vt 0.296384 0.945591
vt 0.960927 0.741005
vt 0.218126 0.936513
vt 0.219526 0.933255
vt 0.293603 0.947089
vt 0.292907 0.943619
vt 0.483672 0.963891
vt 0.486745 0.963390
vt 0.486757 0.967207
vt 0.483683 0.967418
vt 0.223641 0.933724
vt 0.220472 0.931079
vt 0.297691 0.947450
vt 0.294057 0.949408
vt 0.489814 0.963886
vt 0.489825 0.967413
vt 0.290516 0.947089
vt 0.291237 0.943619
vt 0.486762 0.971567
vt 0.483687 0.971446
vt 0.492420 0.968004
vt 0.492424 0.971087
vt 0.489829 0.971441
vt 0.216489 0.936179
vt 0.481071 0.968013
vt 0.481074 0.971096
vt 0.216501 0.932638
vt 0.214852 0.936673
vt 0.289732 0.942808
vt 0.483683 0.975177
vt 0.481071 0.973951
vt 0.489825 0.975172
vt 0.486757 0.975605
vt 0.213477 0.933551
vt 0.287735 0.945591
vt 0.492420 0.973942
vt 0.286391 0.947450
vt 0.283876 0.943921
vt 0.285811 0.942890
vt 0.223835 0.863680
vt 0.226908 0.864334
vt 0.226897 0.867859
vt 0.223823 0.867496
vt 0.213539 0.937897
vt 0.211052 0.935812
vt 0.288690 0.941346
vt 0.220765 0.864334
vt 0.220755 0.867859
vt 0.212569 0.931466
vt 0.209400 0.934420
vt 0.229509 0.868894
vt 0.218159 0.868894
vt 0.615351 0.959110
vt 0.601796 0.959089
vt 0.601796 0.944102
vt 0.615351 0.944122
vt 0.454311 0.939355
vt 0.467866 0.939337
vt 0.467866 0.957987
vt 0.454311 0.958005
vt 0.917964 0.958247
vt 0.904410 0.958225
vt 0.904410 0.942961
vt 0.917964 0.942983
vt 0.016671 0.957990
vt 0.003117 0.957927
vt 0.003117 0.939685
vt 0.016671 0.939749
vt 0.417678 0.947093
vt 0.417678 0.927474
vt 0.433729 0.927474
vt 0.433729 0.947092
vt 0.805624 0.928041
vt 0.805624 0.947659
vt 0.789573 0.947659
vt 0.789573 0.928040
vt 0.609544 0.926130
vt 0.613572 0.925362
vt 0.613572 0.927527
vt 0.662017 0.948726
vt 0.664901 0.948723
vt 0.664905 0.953858
vt 0.662021 0.952656
vt 0.668310 0.948722
vt 0.671726 0.948723
vt 0.671730 0.953858
vt 0.668315 0.954280
vt 0.752135 0.931671
vt 0.755552 0.932198
vt 0.755629 0.934361
vt 0.752278 0.935668
vt 0.616996 0.924710
vt 0.616995 0.928709
vt 0.674628 0.948726
vt 0.674632 0.952656
vt 0.759594 0.932820
vt 0.615523 0.932198
vt 0.612775 0.929414
vt 0.668327 0.958739
vt 0.664916 0.957978
vt 0.674640 0.955809
vt 0.671741 0.957978
vt 0.756493 0.936219
vt 0.619295 0.929498
vt 0.617371 0.934056
vt 0.753873 0.939101
vt 0.293592 0.968478
vt 0.290176 0.968986
vt 0.290163 0.964697
vt 0.293581 0.964515
vt 0.752135 0.941028
vt 0.756606 0.941291
vt 0.755705 0.943889
vt 0.757972 0.937404
vt 0.611339 0.930651
vt 0.613906 0.937043
vt 0.612871 0.934484
vt 0.286767 0.968478
vt 0.286756 0.964515
vt 0.609549 0.930993
vt 0.296487 0.963998
vt 0.293581 0.960115
vt 0.296487 0.960630
vt 0.286756 0.960115
vt 0.290163 0.959934
vt 0.759773 0.937682
vt 0.759934 0.941803
vt 0.609563 0.935114
vt 0.283876 0.963998
vt 0.283876 0.960630
vt 0.286767 0.956150
vt 0.290176 0.955643
vt 0.761540 0.936996
vt 0.763199 0.940537
vt 0.606255 0.933965
vt 0.607759 0.930371
vt 0.293592 0.956150
vt 0.760054 0.944559
vt 0.764319 0.942904
vt 0.609584 0.937867
vt 0.605262 0.936366
vt 0.603603 0.931264
vt 0.606323 0.928909
vt 0.537382 0.939802
vt 0.540798 0.939004
vt 0.540843 0.943265
vt 0.537423 0.943738
vt 0.765753 0.937743
vt 0.767657 0.939253
vt 0.762922 0.935484
vt 0.601796 0.932836
vt 0.544206 0.939792
vt 0.544248 0.943728
vt 0.547119 0.945057
vt 0.547136 0.948931
vt 0.544270 0.948790
vt 0.763646 0.933444
vt 0.605527 0.926896
vt 0.534508 0.945076
vt 0.537446 0.948800
vt 0.534526 0.948950
vt 0.540868 0.948744
vt 0.767092 0.933974
vt 0.602131 0.927545
vt 0.605527 0.924732
vt 0.537446 0.953984
vt 0.534526 0.952918
vt 0.544270 0.953974
vt 0.540868 0.954355
vt 0.763569 0.931281
vt 0.766949 0.929977
vt 0.602131 0.923546
vt 0.547136 0.952899
vt 0.762706 0.929423
vt 0.765353 0.926543
vt 0.603603 0.920057
vt 0.606323 0.922844
vt 0.540843 0.958988
vt 0.537423 0.958265
vt 0.547119 0.956175
vt 0.544248 0.958254
vt 0.534508 0.956194
vt 0.606255 0.917771
vt 0.607759 0.921607
vt 0.967367 0.294983
vt 0.963951 0.295529
vt 0.963942 0.291373
vt 0.967358 0.291143
vt 0.767134 0.924620
vt 0.762621 0.924354
vt 0.763564 0.921759
vt 0.761227 0.928238
vt 0.601796 0.918194
vt 0.605262 0.915207
vt 0.960542 0.294982
vt 0.960533 0.291142
vt 0.759426 0.927960
vt 0.609549 0.921265
vt 0.970262 0.290488
vt 0.967358 0.286749
vt 0.970262 0.287125
vt 0.960533 0.286748
vt 0.963942 0.286617
vt 0.759293 0.923841
vt 0.609563 0.917141
vt 0.957651 0.290485
vt 0.957651 0.287122
vt 0.609584 0.914383
vt 0.613906 0.915884
vt 0.612871 0.918290
vt 0.960542 0.282671
vt 0.963951 0.282204
vt 0.757659 0.928646
vt 0.756028 0.925108
vt 0.611339 0.921887
vt 0.967367 0.282672
vt 0.759216 0.921090
vt 0.754950 0.922744
vt 0.615523 0.920991
vt 0.612775 0.923349
vt 0.664916 0.939479
vt 0.668327 0.938716
vt 0.668315 0.943167
vt 0.664905 0.943591
vt 0.671741 0.939479
vt 0.674640 0.941651
vt 0.674632 0.944799
vt 0.671730 0.943591
vt 0.756276 0.930158
vt 0.617371 0.919414
vt 0.753473 0.927902
vt 0.662021 0.944799
vt 0.878880 0.846513
vt 0.881318 0.846516
vt 0.881321 0.849603
vt 0.878883 0.850547
vt 0.948923 0.854496
vt 0.952263 0.855172
vt 0.948923 0.856201
vt 0.852174 0.949319
vt 0.852174 0.945902
vt 0.853845 0.946240
vt 0.870725 0.846516
vt 0.873147 0.846513
vt 0.873150 0.850547
vt 0.870727 0.849603
vt 0.876011 0.846512
vt 0.876014 0.850879
vt 0.946099 0.853924
vt 0.946099 0.857074
vt 0.852175 0.942998
vt 0.855262 0.943622
vt 0.856209 0.941863
vt 0.859444 0.944149
vt 0.857737 0.945372
vt 0.878893 0.853785
vt 0.876024 0.854383
vt 0.949585 0.857701
vt 0.947323 0.859847
vt 0.855184 0.947187
vt 0.873160 0.853785
vt 0.881328 0.852081
vt 0.859111 0.947900
vt 0.855928 0.948555
vt 0.194059 0.976580
vt 0.191189 0.977003
vt 0.191180 0.973428
vt 0.194050 0.973277
vt 0.188326 0.976580
vt 0.185904 0.975374
vt 0.185897 0.972846
vt 0.188317 0.973277
vt 0.950779 0.858701
vt 0.196497 0.975374
vt 0.196491 0.972846
vt 0.949529 0.861695
vt 0.191180 0.969460
vt 0.194050 0.969610
vt 0.185897 0.970040
vt 0.188317 0.969610
vt 0.952267 0.859003
vt 0.855928 0.950074
vt 0.196491 0.970040
vt 0.952279 0.862251
vt 0.859111 0.950706
vt 0.855184 0.951442
vt 0.194059 0.966306
vt 0.196497 0.967511
vt 0.188326 0.966306
vt 0.191189 0.965883
vt 0.953756 0.858545
vt 0.955030 0.861406
vt 0.857737 0.953234
vt 0.185904 0.967511
vt 0.406119 0.899295
vt 0.408982 0.899915
vt 0.409016 0.902999
vt 0.406157 0.902634
vt 0.954950 0.857420
vt 0.957235 0.859326
vt 0.855262 0.954984
vt 0.853845 0.952389
vt 0.403249 0.899924
vt 0.403284 0.903009
vt 0.955891 0.863319
vt 0.958772 0.860602
vt 0.859444 0.954422
vt 0.856209 0.956708
vt 0.852175 0.955608
vt 0.852174 0.952727
vt 0.406177 0.906936
vt 0.403303 0.906983
vt 0.411428 0.904049
vt 0.411443 0.907091
vt 0.409036 0.906973
vt 0.955612 0.855849
vt 0.400836 0.904066
vt 0.400850 0.907108
vt 0.958459 0.856425
vt 0.411443 0.910210
vt 0.409036 0.911050
vt 0.955612 0.854145
vt 0.850504 0.952389
vt 0.403303 0.911059
vt 0.400850 0.910228
vt 0.406177 0.911348
vt 0.958459 0.853275
vt 0.849088 0.954984
vt 0.849164 0.951442
vt 0.403284 0.914430
vt 0.400836 0.912808
vt 0.409016 0.914421
vt 0.406157 0.914997
vt 0.954950 0.852644
vt 0.957235 0.850502
vt 0.846613 0.953234
vt 0.411428 0.912791
vt 0.953756 0.851644
vt 0.955030 0.848654
vt 0.845239 0.950706
vt 0.848420 0.950074
vt 0.074585 0.976868
vt 0.071716 0.977321
vt 0.071708 0.973851
vt 0.074578 0.973662
vt 0.958772 0.849072
vt 0.955891 0.846658
vt 0.077022 0.975576
vt 0.077016 0.973122
vt 0.068852 0.976866
vt 0.068845 0.973661
vt 0.845239 0.947900
vt 0.848420 0.948555
vt 0.071708 0.969888
vt 0.074578 0.970000
vt 0.066423 0.973120
vt 0.066423 0.970318
vt 0.068845 0.969999
vt 0.952267 0.851343
vt 0.077016 0.970320
vt 0.952279 0.848098
vt 0.950779 0.851800
vt 0.849164 0.947187
vt 0.074585 0.966608
vt 0.077022 0.967724
vt 0.068852 0.966607
vt 0.071716 0.966216
vt 0.949529 0.848943
vt 0.846613 0.945372
vt 0.066429 0.967721
vt 0.844908 0.944149
vt 0.848143 0.941863
vt 0.849088 0.943622
vt 0.876024 0.838650
vt 0.878893 0.839250
vt 0.878883 0.842481
vt 0.876014 0.842148
vt 0.949585 0.852926
vt 0.947323 0.851022
vt 0.850504 0.946240
vt 0.873160 0.839250
vt 0.873150 0.842481
vt 0.881328 0.840956
vt 0.881321 0.843430
vt 0.870727 0.843430
vt 0.236621 0.957486
vt 0.248036 0.957469
vt 0.248036 0.970788
vt 0.236621 0.970805
vt 0.589113 0.965763
vt 0.577699 0.965742
vt 0.577699 0.949440
vt 0.589113 0.949460
vt 0.881698 0.961226
vt 0.893112 0.961201
vt 0.893112 0.974238
vt 0.881698 0.974263
vt 0.693614 0.948510
vt 0.705027 0.948460
vt 0.705027 0.965175
vt 0.693614 0.965225
vt 0.495338 0.939320
vt 0.495338 0.957155
vt 0.481071 0.957155
vt 0.481071 0.939320
vt 0.501573 0.957155
vt 0.501573 0.939320
vt 0.515840 0.939320
vt 0.515840 0.957155
vt 0.855609 0.976030
vt 0.844909 0.975991
vt 0.844909 0.962943
vt 0.855609 0.962982
vt 0.498658 0.963426
vt 0.509359 0.963390
vt 0.509359 0.975672
vt 0.498658 0.975709
vt 0.935777 0.653173
vt 0.925076 0.653129
vt 0.925076 0.639470
vt 0.935777 0.639515
vt 0.465011 0.975986
vt 0.454312 0.975866
vt 0.454312 0.964240
vt 0.465011 0.964360
vt 0.881698 0.937131
vt 0.897749 0.937132
vt 0.897749 0.954966
vt 0.881698 0.954966
vt 0.119769 0.938573
vt 0.135820 0.938573
vt 0.135820 0.956407
vt 0.119769 0.956408
vt 0.923106 0.275803
vt 0.920776 0.275802
vt 0.921275 0.268506
vt 0.923376 0.271855
vt 0.580875 0.840434
vt 0.584626 0.840433
vt 0.584629 0.850753
vt 0.580877 0.849968
vt 0.588382 0.840434
vt 0.591571 0.840436
vt 0.591573 0.847733
vt 0.588385 0.849968
vt 0.895450 0.909474
vt 0.892726 0.909474
vt 0.895180 0.905525
vt 0.925841 0.275804
vt 0.577699 0.840436
vt 0.577701 0.847733
vt 0.897749 0.909475
vt 0.897250 0.902179
vt 0.894423 0.902359
vt 0.924133 0.268688
vt 0.580885 0.857615
vt 0.577707 0.853586
vt 0.588392 0.857615
vt 0.584637 0.859030
vt 0.895850 0.896327
vt 0.922675 0.262655
vt 0.591579 0.853586
vt 0.921688 0.258623
vt 0.924331 0.254380
vt 0.924698 0.259408
vt 0.588403 0.861861
vt 0.584649 0.863626
vt 0.893328 0.900601
vt 0.893827 0.893080
vt 0.925228 0.266931
vt 0.580896 0.861861
vt 0.896791 0.892298
vt 0.894148 0.888056
vt 0.926943 0.259408
vt 0.926443 0.266931
vt 0.924869 0.987385
vt 0.924747 0.983622
vt 0.927922 0.983622
vt 0.927802 0.987385
vt 0.891582 0.893080
vt 0.891215 0.888056
vt 0.892113 0.900601
vt 0.927264 0.254380
vt 0.924869 0.979877
vt 0.927802 0.979877
vt 0.077155 0.907021
vt 0.073400 0.908787
vt 0.073366 0.904383
vt 0.077123 0.902952
vt 0.889560 0.896327
vt 0.888572 0.892298
vt 0.891018 0.902359
vt 0.927538 0.268688
vt 0.929906 0.258623
vt 0.928965 0.262655
vt 0.069648 0.907015
vt 0.069616 0.902947
vt 0.928295 0.271855
vt 0.080317 0.898872
vt 0.077102 0.895437
vt 0.080300 0.893120
vt 0.069595 0.895431
vt 0.073342 0.896249
vt 0.890261 0.905525
vt 0.888160 0.902179
vt 0.930365 0.268506
vt 0.066446 0.898861
vt 0.066429 0.893109
vt 0.069587 0.885958
vt 0.073334 0.885995
vt 0.889991 0.909474
vt 0.887661 0.909475
vt 0.930864 0.275802
vt 0.928565 0.275803
vt 0.077094 0.885964
vt 0.066423 0.885859
vt 0.080294 0.885869
vt 0.930365 0.283098
vt 0.928295 0.279752
vt 0.073342 0.875652
vt 0.077102 0.876408
vt 0.066429 0.878546
vt 0.069595 0.876403
vt 0.890261 0.913423
vt 0.080300 0.878556
vt 0.888160 0.916771
vt 0.066446 0.872618
vt 0.069616 0.868658
vt 0.891018 0.916589
vt 0.927538 0.282919
vt 0.077123 0.868664
vt 0.080317 0.872629
vt 0.073366 0.867270
vt 0.889560 0.922622
vt 0.928965 0.288950
vt 0.926443 0.284676
vt 0.929906 0.292979
vt 0.927264 0.297221
vt 0.926942 0.292197
vt 0.069648 0.864259
vt 0.073400 0.862508
vt 0.892113 0.918346
vt 0.891582 0.925869
vt 0.077155 0.864264
vt 0.888572 0.926654
vt 0.891215 0.930897
vt 0.893328 0.918346
vt 0.893827 0.925869
vt 0.924698 0.292197
vt 0.925228 0.284676
vt 0.969787 0.989873
vt 0.969576 0.986112
vt 0.972746 0.986112
vt 0.972717 0.989873
vt 0.894148 0.930897
vt 0.924330 0.297221
vt 0.969789 0.982365
vt 0.972718 0.982365
vt 0.922675 0.288950
vt 0.924133 0.282919
vt 0.580896 0.819021
vt 0.584649 0.817256
vt 0.584637 0.821844
vt 0.580885 0.823260
vt 0.895850 0.922622
vt 0.896791 0.926654
vt 0.894423 0.916589
vt 0.921688 0.292979
vt 0.588403 0.819021
vt 0.588392 0.823260
vt 0.895180 0.913423
vt 0.923376 0.279752
vt 0.577707 0.827291
vt 0.580877 0.830902
vt 0.577701 0.833141
vt 0.588385 0.830902
vt 0.584629 0.830116
vt 0.897250 0.916771
vt 0.921275 0.283098
vt 0.591579 0.827291
vt 0.591573 0.833141
vt 0.220486 0.836028
vt 0.218156 0.836026
vt 0.218656 0.828730
vt 0.220756 0.832079
vt 0.730608 0.840174
vt 0.734359 0.840173
vt 0.734362 0.850493
vt 0.730610 0.849708
vt 0.738115 0.840174
vt 0.741304 0.840176
vt 0.741306 0.847473
vt 0.738118 0.849708
vt 0.585489 0.891279
vt 0.582764 0.891279
vt 0.585218 0.887330
vt 0.223221 0.836028
vt 0.727432 0.840176
vt 0.727434 0.847473
vt 0.587787 0.891280
vt 0.587288 0.883984
vt 0.221514 0.828912
vt 0.730618 0.857355
vt 0.727439 0.853326
vt 0.738125 0.857355
vt 0.734370 0.858770
vt 0.584461 0.884164
vt 0.585888 0.878132
vt 0.220056 0.822879
vt 0.741311 0.853326
vt 0.738136 0.861601
vt 0.734382 0.863366
vt 0.583366 0.882406
vt 0.583866 0.874885
vt 0.222078 0.819632
vt 0.222608 0.827155
vt 0.730629 0.861601
vt 0.586829 0.874103
vt 0.584186 0.869861
vt 0.219068 0.818847
vt 0.221711 0.814605
vt 0.224323 0.819632
vt 0.223823 0.827155
vt 0.727553 0.989866
vt 0.727432 0.986103
vt 0.730607 0.986103
vt 0.730486 0.989866
vt 0.581621 0.874885
vt 0.581253 0.869861
vt 0.582151 0.882406
vt 0.224644 0.814605
vt 0.727553 0.982358
vt 0.730486 0.982358
vt 0.579598 0.878132
vt 0.578610 0.874103
vt 0.581057 0.884164
vt 0.224918 0.828912
vt 0.227287 0.818847
vt 0.226346 0.822879
vt 0.435169 0.879580
vt 0.431417 0.877808
vt 0.431386 0.873740
vt 0.435135 0.875176
vt 0.438924 0.877814
vt 0.438893 0.873745
vt 0.225676 0.832079
vt 0.442086 0.869665
vt 0.438871 0.866230
vt 0.442070 0.863913
vt 0.431364 0.866224
vt 0.435112 0.867042
vt 0.580299 0.887330
vt 0.578198 0.883984
vt 0.227745 0.828730
vt 0.428215 0.869654
vt 0.428198 0.863902
vt 0.580029 0.891279
vt 0.577699 0.891280
vt 0.228245 0.836026
vt 0.225946 0.836028
vt 0.435103 0.856788
vt 0.438863 0.856757
vt 0.428193 0.856652
vt 0.431356 0.856751
vt 0.442064 0.856662
vt 0.227745 0.843323
vt 0.225676 0.839976
vt 0.435112 0.846446
vt 0.438871 0.847202
vt 0.428198 0.849339
vt 0.431364 0.847196
vt 0.580299 0.895227
vt 0.442070 0.849349
vt 0.578198 0.898576
vt 0.581057 0.898394
vt 0.224918 0.843143
vt 0.438893 0.839457
vt 0.442086 0.843422
vt 0.431386 0.839452
vt 0.435135 0.838063
vt 0.579598 0.904427
vt 0.226346 0.849174
vt 0.428215 0.843411
vt 0.227287 0.853203
vt 0.224644 0.857445
vt 0.224323 0.852421
vt 0.431417 0.835052
vt 0.435169 0.833301
vt 0.582151 0.900151
vt 0.581621 0.907674
vt 0.223823 0.844900
vt 0.438924 0.835057
vt 0.578611 0.908459
vt 0.581253 0.912702
vt 0.222078 0.852421
vt 0.222608 0.844900
vt 0.260447 0.989904
vt 0.260235 0.986144
vt 0.263406 0.986144
vt 0.263376 0.989904
vt 0.583866 0.907674
vt 0.584186 0.912702
vt 0.583366 0.900151
vt 0.221711 0.857445
vt 0.260449 0.982397
vt 0.263378 0.982397
vt 0.730629 0.818760
vt 0.734382 0.816995
vt 0.734370 0.821584
vt 0.730618 0.823000
vt 0.585888 0.904427
vt 0.586829 0.908459
vt 0.584461 0.898394
vt 0.221514 0.843143
vt 0.219068 0.853203
vt 0.220055 0.849174
vt 0.738136 0.818760
vt 0.738125 0.822999
vt 0.220756 0.839976
vt 0.727439 0.827031
vt 0.730610 0.830642
vt 0.727434 0.832881
vt 0.738118 0.830642
vt 0.734362 0.829856
vt 0.585218 0.895228
vt 0.587288 0.898576
vt 0.218656 0.843323
vt 0.741311 0.827031
vt 0.741306 0.832880
s 0
usemtl PizzaShopBaked_lvl2
f 1/1/1 2/2/1 4/3/1 3/4/1
f 3/5/2 4/6/2 8/7/2 7/8/2
f 7/9/3 8/10/3 6/11/3 5/12/3
f 5/13/4 6/14/4 2/15/4 1/16/4
f 3/17/5 7/18/5 5/19/5 1/20/5
f 8/21/6 4/22/6 2/23/6 6/24/6
f 9/25/1 10/26/1 12/27/1 11/28/1
f 11/29/2 12/30/2 16/31/2 15/32/2
f 15/33/3 16/34/3 14/35/3 13/36/3
f 13/37/4 14/38/4 10/39/4 9/40/4
f 11/41/5 15/42/5 13/43/5 9/44/5
f 16/45/6 12/46/6 10/47/6 14/48/6
f 17/49/1 18/50/1 20/51/1 19/52/1
f 19/53/2 20/54/2 24/55/2 23/56/2
f 23/57/3 24/58/3 22/59/3 21/60/3
f 21/61/4 22/62/4 18/63/4 17/64/4
f 19/65/5 23/66/5 21/67/5 17/68/5
f 24/69/6 20/70/6 18/71/6 22/72/6
f 25/73/1 26/74/1 28/75/1 27/76/1
f 27/77/2 28/78/2 32/79/2 31/80/2
f 31/81/3 32/82/3 30/83/3 29/84/3
f 29/85/4 30/86/4 26/87/4 25/88/4
f 27/89/5 31/90/5 29/91/5 25/92/5
f 32/93/6 28/94/6 26/95/6 30/96/6
f 33/97/1 34/98/1 36/99/1 35/100/1
f 35/101/2 36/102/2 40/103/2 39/104/2
f 39/105/3 40/106/3 38/107/3 37/108/3
f 37/109/4 38/110/4 34/111/4 33/112/4
f 35/113/5 39/114/5 37/115/5 33/116/5
f 40/117/6 36/118/6 34/119/6 38/120/6
f 41/121/1 42/122/1 44/123/1 43/124/1
f 43/125/2 44/126/2 48/127/2 47/128/2
f 47/129/3 48/130/3 46/131/3 45/132/3
f 45/133/4 46/134/4 42/135/4 41/136/4
f 43/137/5 47/138/5 45/139/5 41/140/5
f 48/141/6 44/142/6 42/143/6 46/144/6
f 49/145/1 50/146/1 52/147/1 51/148/1
f 51/149/2 52/150/2 56/151/2 55/152/2
f 55/153/3 56/154/3 54/155/3 53/156/3
f 53/157/4 54/158/4 50/159/4 49/160/4
f 51/161/5 55/162/5 53/163/5 49/164/5
f 56/165/6 52/166/6 50/167/6 54/168/6
f 57/169/1 58/170/1 60/171/1 59/172/1
f 59/173/2 60/174/2 64/175/2 63/176/2
f 63/177/3 64/178/3 62/179/3 61/180/3
f 61/181/4 62/182/4 58/183/4 57/184/4
f 59/185/5 63/186/5 61/187/5 57/188/5
f 64/189/6 60/190/6 58/191/6 62/192/6
f 65/193/1 66/194/1 68/195/1 67/196/1
f 67/197/2 68/198/2 72/199/2 71/200/2
f 71/201/3 72/202/3 70/203/3 69/204/3
f 69/205/4 70/206/4 66/207/4 65/208/4
f 67/209/5 71/210/5 69/211/5 65/212/5
f 72/213/6 68/214/6 66/215/6 70/216/6
f 73/217/1 74/218/1 76/219/1 75/220/1
f 75/221/2 76/222/2 80/223/2 79/224/2
f 79/225/3 80/226/3 78/227/3 77/228/3
f 77/229/4 78/230/4 74/231/4 73/232/4
f 75/233/5 79/234/5 77/235/5 73/236/5
f 80/237/6 76/238/6 74/239/6 78/240/6
f 81/241/1 82/242/1 84/243/1 83/244/1
f 83/245/2 84/246/2 88/247/2 87/248/2
f 87/249/3 88/250/3 86/251/3 85/252/3
f 85/253/4 86/254/4 82/255/4 81/256/4
f 83/257/5 87/258/5 85/259/5 81/260/5
f 88/261/6 84/262/6 82/263/6 86/264/6
f 89/265/1 90/266/1 92/267/1 91/268/1
f 91/269/2 92/270/2 96/271/2 95/272/2
f 95/273/3 96/274/3 94/275/3 93/276/3
f 93/277/4 94/278/4 90/279/4 89/280/4
f 91/281/5 95/282/5 93/283/5 89/284/5
f 96/285/6 92/286/6 90/287/6 94/288/6
f 97/289/1 98/290/1 100/291/1 99/292/1
f 99/293/2 100/294/2 104/295/2 103/296/2
f 103/297/3 104/298/3 102/299/3 101/300/3
f 101/301/4 102/302/4 98/303/4 97/304/4
f 99/305/5 103/306/5 101/307/5 97/308/5
f 104/309/6 100/310/6 98/311/6 102/312/6
f 109/313/4 111/314/4 110/315/4
f 109/313/4 114/316/4 111/314/4
f 114/316/4 112/317/4 111/314/4
f 109/313/4 115/318/4 114/316/4
f 113/319/4 112/317/4 114/316/4
f 109/313/4 107/320/4 115/318/4
f 107/320/4 113/319/4 115/318/4
f 107/320/4 106/321/4 113/319/4
f 106/321/4 112/317/4 113/319/4
f 109/313/4 108/322/4 107/320/4
f 105/323/4 112/317/4 106/321/4
f 123/324/4 117/325/4 116/326/4
f 123/324/4 122/327/4 117/325/4
f 122/327/4 118/328/4 117/325/4
f 121/329/4 118/328/4 122/327/4
f 121/329/4 119/330/4 118/328/4
f 121/329/4 120/331/4 119/330/4
f 131/332/4 125/333/4 124/334/4
f 131/332/4 130/335/4 125/333/4
f 130/335/4 126/336/4 125/333/4
f 129/337/4 126/336/4 130/335/4
f 129/337/4 127/338/4 126/336/4
f 129/337/4 128/339/4 127/338/4
f 132/340/4 134/341/4 133/342/4
f 132/340/4 135/343/4 134/341/4
f 162/344/4 190/345/4 163/346/4
f 190/345/4 164/347/4 163/346/4
f 190/345/4 136/348/4 164/347/4
f 190/345/4 137/349/4 136/348/4
f 190/345/4 138/350/4 137/349/4
f 190/345/4 139/351/4 138/350/4
f 190/345/4 140/352/4 139/351/4
f 190/345/4 141/353/4 140/352/4
f 190/345/4 142/354/4 141/353/4
f 190/345/7 189/355/7 142/354/7
f 189/355/4 143/356/4 142/354/4
f 162/344/4 191/357/4 190/345/4
f 188/358/4 143/356/4 189/355/4
f 187/359/4 143/356/4 188/358/4
f 186/360/4 143/356/4 187/359/4
f 186/360/4 144/361/4 143/356/4
f 185/362/7 144/361/7 186/360/7
f 184/363/8 144/361/8 185/362/8
f 183/364/4 144/361/4 184/363/4
f 183/364/4 145/365/4 144/361/4
f 182/366/7 145/365/7 183/364/7
f 181/367/4 145/365/4 182/366/4
f 180/368/4 145/365/4 181/367/4
f 180/368/4 146/369/4 145/365/4
f 179/370/4 146/369/4 180/368/4
f 178/371/4 146/369/4 179/370/4
f 178/371/4 147/372/4 146/369/4
f 177/373/4 147/372/4 178/371/4
f 176/374/4 147/372/4 177/373/4
f 176/374/4 148/375/4 147/372/4
f 175/376/4 148/375/4 176/374/4
f 175/376/4 149/377/4 148/375/4
f 174/378/4 149/377/4 175/376/4
f 173/379/8 149/377/8 174/378/8
f 173/379/4 150/380/4 149/377/4
f 172/381/4 150/380/4 173/379/4
f 171/382/4 150/380/4 172/381/4
f 171/382/4 151/383/4 150/380/4
f 170/384/4 151/383/4 171/382/4
f 169/385/7 151/383/7 170/384/7
f 168/386/8 151/383/8 169/385/8
f 167/387/7 151/383/7 168/386/7
f 167/387/4 152/388/4 151/383/4
f 166/389/4 152/388/4 167/387/4
f 165/390/4 152/388/4 166/389/4
f 162/344/4 160/391/4 191/357/4
f 160/391/4 165/390/4 191/357/4
f 160/391/4 152/388/4 165/390/4
f 160/391/4 153/392/4 152/388/4
f 160/391/4 154/393/4 153/392/4
f 160/391/4 155/394/4 154/393/4
f 160/391/4 156/395/4 155/394/4
f 160/391/4 157/396/4 156/395/4
f 160/391/7 158/397/7 157/396/7
f 160/391/9 159/398/9 158/397/9
f 162/344/4 161/399/4 160/391/4
f 196/400/2 197/401/2 198/402/2
f 196/400/2 198/402/2 201/403/2
f 201/403/2 198/402/2 199/404/2
f 196/400/2 201/403/2 202/405/2
f 200/406/2 201/403/2 199/404/2
f 196/400/2 202/405/2 194/407/2
f 194/407/2 202/405/2 200/406/2
f 194/407/2 200/406/2 193/408/2
f 193/408/2 200/406/2 199/404/2
f 196/400/2 194/407/2 195/409/2
f 192/410/2 193/408/2 199/404/2
f 210/411/2 203/412/2 204/413/2
f 210/411/2 204/413/2 209/414/2
f 209/414/2 204/413/2 205/415/2
f 208/416/2 209/414/2 205/415/2
f 208/416/2 205/415/2 206/417/2
f 208/416/2 206/417/2 207/418/2
f 218/419/2 211/420/2 212/421/2
f 218/419/2 212/421/2 217/422/2
f 217/422/2 212/421/2 213/423/2
f 216/424/2 217/422/2 213/423/2
f 216/424/2 213/423/2 214/425/2
f 216/424/2 214/425/2 215/426/2
f 219/427/2 220/428/2 221/429/2
f 219/427/2 221/429/2 222/430/2
f 249/431/2 250/432/2 277/433/2
f 277/433/2 250/432/2 251/434/2
f 277/433/2 251/434/2 223/435/2
f 277/433/2 223/435/2 224/436/2
f 277/433/2 224/436/2 225/437/2
f 277/433/2 225/437/2 226/438/2
f 277/433/2 226/438/2 227/439/2
f 277/433/2 227/439/2 228/440/2
f 277/433/2 228/440/2 229/441/2
f 277/433/2 229/441/2 276/442/2
f 276/442/2 229/441/2 230/443/2
f 249/431/2 277/433/2 278/444/2
f 275/445/2 276/442/2 230/443/2
f 274/446/2 275/445/2 230/443/2
f 273/447/2 274/446/2 230/443/2
f 273/447/2 230/443/2 231/448/2
f 272/449/2 273/447/2 231/448/2
f 271/450/2 272/449/2 231/448/2
f 270/451/2 271/450/2 231/448/2
f 270/451/2 231/448/2 232/452/2
f 269/453/2 270/451/2 232/452/2
f 268/454/10 269/453/10 232/452/10
f 267/455/2 268/454/2 232/452/2
f 267/455/2 232/452/2 233/456/2
f 266/457/10 267/455/10 233/456/10
f 265/458/2 266/457/2 233/456/2
f 265/458/2 233/456/2 234/459/2
f 264/460/2 265/458/2 234/459/2
f 263/461/2 264/460/2 234/459/2
f 263/461/2 234/459/2 235/462/2
f 262/463/2 263/461/2 235/462/2
f 262/463/2 235/462/2 236/464/2
f 261/465/2 262/463/2 236/464/2
f 260/466/2 261/465/2 236/464/2
f 260/466/2 236/464/2 237/467/2
f 259/468/2 260/466/2 237/467/2
f 258/469/2 259/468/2 237/467/2
f 258/469/2 237/467/2 238/470/2
f 257/471/2 258/469/2 238/470/2
f 256/472/2 257/471/2 238/470/2
f 255/473/2 256/472/2 238/470/2
f 254/474/2 255/473/2 238/470/2
f 254/474/2 238/470/2 239/475/2
f 253/476/2 254/474/2 239/475/2
f 252/477/2 253/476/2 239/475/2
f 249/431/2 278/444/2 247/478/2
f 247/478/2 278/444/2 252/477/2
f 247/478/2 252/477/2 239/475/2
f 247/478/2 239/475/2 240/479/2
f 247/478/2 240/479/2 241/480/2
f 247/478/2 241/480/2 242/481/2
f 247/478/2 242/481/2 243/482/2
f 247/478/2 243/482/2 244/483/2
f 247/478/2 244/483/2 245/484/2
f 247/478/2 245/484/2 246/485/2
f 249/431/2 247/478/2 248/486/2
s 1
f 280/487/11 292/488/12 291/489/13 279/490/14
f 281/491/15 293/492/16 292/488/12 280/487/11
f 282/493/17 294/494/18 293/492/16 281/491/15
f 283/495/19 295/496/20 294/497/18 282/498/17
f 284/499/21 296/500/22 295/496/20 283/495/19
f 285/501/23 297/502/24 296/500/22 284/499/21
f 286/503/25 298/504/26 297/502/24 285/501/23
f 287/505/27 299/506/28 298/504/26 286/503/25
f 288/507/29 300/508/30 299/506/28 287/505/27
f 289/509/31 301/510/32 300/511/30 288/512/29
f 290/513/33 302/514/34 301/510/32 289/509/31
f 292/488/12 304/515/35 303/516/36 291/489/13
f 293/492/16 305/517/37 304/515/35 292/488/12
f 294/494/18 306/518/38 305/517/37 293/492/16
f 295/496/20 307/519/39 306/520/38 294/497/18
f 296/500/22 308/521/40 307/519/39 295/496/20
f 297/502/24 309/522/41 308/521/40 296/500/22
f 298/504/26 310/523/42 309/522/41 297/502/24
f 299/506/28 311/524/43 310/523/42 298/504/26
f 300/511/30 312/525/44 311/526/43 299/527/28
f 301/510/32 313/528/45 312/525/44 300/511/30
f 302/514/34 314/529/46 313/528/45 301/510/32
f 304/515/35 316/530/47 315/531/48 303/516/36
f 305/517/37 317/532/49 316/530/47 304/515/35
f 306/518/38 318/533/50 317/532/49 305/517/37
f 307/519/39 319/534/51 318/535/50 306/520/38
f 308/521/40 320/536/52 319/534/51 307/519/39
f 309/522/41 321/537/53 320/536/52 308/521/40
f 310/523/42 322/538/54 321/537/53 309/522/41
f 311/524/43 323/539/55 322/538/54 310/523/42
f 312/525/44 324/540/56 323/541/55 311/526/43
f 313/528/45 325/542/57 324/540/56 312/525/44
f 314/529/46 326/543/58 325/542/57 313/528/45
f 316/530/47 328/544/59 327/545/60 315/531/48
f 317/532/49 329/546/61 328/544/59 316/530/47
f 318/533/50 330/547/62 329/546/61 317/532/49
f 319/534/51 331/548/63 330/549/62 318/535/50
f 320/536/52 332/550/64 331/548/63 319/534/51
f 321/537/53 333/551/65 332/550/64 320/536/52
f 322/538/54 334/552/66 333/551/65 321/537/53
f 323/539/55 335/553/67 334/552/66 322/538/54
f 324/540/56 336/554/68 335/555/67 323/541/55
f 325/542/57 337/556/69 336/554/68 324/540/56
f 326/543/58 338/557/70 337/556/69 325/542/57
f 328/544/59 340/558/71 339/559/72 327/545/60
f 329/546/61 341/560/73 340/558/71 328/544/59
f 330/547/62 342/561/74 341/560/73 329/546/61
f 331/548/63 343/562/75 342/563/74 330/549/62
f 332/550/64 344/564/76 343/562/75 331/548/63
f 333/551/65 345/565/77 344/564/76 332/550/64
f 334/552/66 346/566/78 345/565/77 333/551/65
f 335/553/67 347/567/79 346/566/78 334/552/66
f 336/554/68 348/568/80 347/569/79 335/555/67
f 337/556/69 349/570/81 348/568/80 336/554/68
f 338/557/70 350/571/82 349/570/81 337/556/69
f 340/558/71 352/572/83 351/573/84 339/559/72
f 341/560/73 353/574/85 352/572/83 340/558/71
f 342/561/74 354/575/86 353/574/85 341/560/73
f 343/576/75 355/577/87 354/578/86 342/579/74
f 344/580/76 356/581/88 355/577/87 343/576/75
f 345/582/77 357/583/89 356/581/88 344/580/76
f 346/584/78 358/585/90 357/583/89 345/582/77
f 347/586/79 359/587/91 358/585/90 346/584/78
f 348/568/80 360/588/92 359/589/91 347/569/79
f 349/570/81 361/590/93 360/588/92 348/568/80
f 350/571/82 362/591/94 361/590/93 349/570/81
f 352/572/83 364/592/95 363/593/96 351/573/84
f 353/574/85 365/594/97 364/592/95 352/572/83
f 354/575/86 366/595/98 365/594/97 353/574/85
f 355/577/87 367/596/99 366/597/98 354/578/86
f 356/581/88 368/598/100 367/596/99 355/577/87
f 357/583/89 369/599/101 368/598/100 356/581/88
f 358/585/90 370/600/102 369/599/101 357/583/89
f 359/587/91 371/601/103 370/600/102 358/585/90
f 360/588/92 372/602/104 371/603/103 359/589/91
f 361/590/93 373/604/105 372/602/104 360/588/92
f 362/591/94 374/605/106 373/604/105 361/590/93
f 364/592/95 376/606/107 375/607/108 363/593/96
f 365/594/97 377/608/109 376/606/107 364/592/95
f 366/595/98 378/609/110 377/608/109 365/594/97
f 367/596/99 379/610/111 378/611/110 366/597/98
f 368/598/100 380/612/112 379/610/111 367/596/99
f 369/599/101 381/613/113 380/612/112 368/598/100
f 370/600/102 382/614/114 381/613/113 369/599/101
f 371/601/103 383/615/115 382/614/114 370/600/102
f 372/602/104 384/616/116 383/617/115 371/603/103
f 373/604/105 385/618/117 384/616/116 372/602/104
f 374/605/106 386/619/118 385/618/117 373/604/105
f 376/606/107 388/620/119 387/621/120 375/607/108
f 377/608/109 389/622/121 388/620/119 376/606/107
f 378/609/110 390/623/122 389/622/121 377/608/109
f 379/610/111 391/624/123 390/625/122 378/611/110
f 380/612/112 392/626/124 391/624/123 379/610/111
f 381/613/113 393/627/125 392/626/124 380/612/112
f 382/614/114 394/628/126 393/627/125 381/613/113
f 383/615/115 395/629/127 394/628/126 382/614/114
f 384/630/116 396/631/128 395/629/127 383/615/115
f 385/618/117 397/632/129 396/633/128 384/616/116
f 386/619/118 398/634/130 397/632/129 385/618/117
f 388/620/119 400/635/131 399/636/132 387/621/120
f 389/622/121 401/637/133 400/635/131 388/620/119
f 390/623/122 402/638/134 401/637/133 389/622/121
f 391/624/123 403/639/135 402/640/134 390/625/122
f 392/626/124 404/641/136 403/639/135 391/624/123
f 393/627/125 405/642/137 404/641/136 392/626/124
f 394/628/126 406/643/138 405/642/137 393/627/125
f 395/629/127 407/644/139 406/643/138 394/628/126
f 396/631/128 408/645/140 407/644/139 395/629/127
f 397/632/129 409/646/141 408/647/140 396/633/128
f 398/634/130 410/648/142 409/646/141 397/632/129
f 400/635/131 412/649/143 411/650/144 399/636/132
f 401/637/133 413/651/145 412/649/143 400/635/131
f 402/638/134 414/652/146 413/651/145 401/637/133
f 403/639/135 415/653/147 414/654/146 402/640/134
f 404/641/136 416/655/148 415/653/147 403/639/135
f 405/642/137 417/656/149 416/655/148 404/641/136
f 406/643/138 418/657/150 417/656/149 405/642/137
f 407/644/139 419/658/151 418/657/150 406/643/138
f 408/645/140 420/659/152 419/658/151 407/644/139
f 409/646/141 421/660/153 420/661/152 408/647/140
f 410/648/142 422/662/154 421/660/153 409/646/141
f 412/649/143 424/663/155 423/664/156 411/650/144
f 413/651/145 425/665/157 424/663/155 412/649/143
f 414/652/146 426/666/158 425/665/157 413/651/145
f 415/653/147 427/667/159 426/668/158 414/654/146
f 416/655/148 428/669/160 427/667/159 415/653/147
f 417/656/149 429/670/161 428/669/160 416/655/148
f 418/657/150 430/671/162 429/670/161 417/656/149
f 419/658/151 431/672/163 430/671/162 418/657/150
f 420/659/152 432/673/164 431/672/163 419/658/151
f 421/660/153 433/674/165 432/675/164 420/661/152
f 422/662/154 434/676/166 433/674/165 421/660/153
f 424/663/155 436/677/167 435/678/168 423/664/156
f 425/665/157 437/679/169 436/677/167 424/663/155
f 426/666/158 438/680/170 437/679/169 425/665/157
f 427/667/159 439/681/171 438/682/170 426/668/158
f 428/669/160 440/683/172 439/681/171 427/667/159
f 429/670/161 441/684/173 440/683/172 428/669/160
f 430/671/162 442/685/174 441/684/173 429/670/161
f 431/672/163 443/686/175 442/685/174 430/671/162
f 432/673/164 444/687/176 443/686/175 431/672/163
f 433/674/165 445/688/177 444/689/176 432/675/164
f 434/676/166 446/690/178 445/688/177 433/674/165
f 436/677/167 448/691/179 447/692/180 435/678/168
f 437/679/169 449/693/181 448/691/179 436/677/167
f 438/680/170 450/694/182 449/693/181 437/679/169
f 439/681/171 451/695/183 450/696/182 438/682/170
f 440/683/172 452/697/184 451/695/183 439/681/171
f 441/684/173 453/698/185 452/697/184 440/683/172
f 442/685/174 454/699/186 453/698/185 441/684/173
f 443/686/175 455/700/187 454/699/186 442/685/174
f 444/687/176 456/701/188 455/700/187 443/686/175
f 445/688/177 457/702/189 456/703/188 444/689/176
f 446/690/178 458/704/190 457/702/189 445/688/177
f 448/691/179 460/705/191 459/706/192 447/692/180
f 449/693/181 461/707/193 460/705/191 448/691/179
f 450/694/182 462/708/194 461/707/193 449/693/181
f 451/695/183 463/709/195 462/710/194 450/696/182
f 452/697/184 464/711/196 463/709/195 451/695/183
f 453/698/185 465/712/197 464/711/196 452/697/184
f 454/699/186 466/713/198 465/712/197 453/698/185
f 455/700/187 467/714/199 466/713/198 454/699/186
f 456/703/188 468/715/200 467/716/199 455/717/187
f 457/702/189 469/718/201 468/715/200 456/703/188
f 458/704/190 470/719/202 469/718/201 457/702/189
f 460/705/191 472/720/203 471/721/204 459/706/192
f 461/707/193 473/722/205 472/720/203 460/705/191
f 462/708/194 474/723/206 473/722/205 461/707/193
f 463/709/195 475/724/207 474/725/206 462/710/194
f 464/711/196 476/726/208 475/724/207 463/709/195
f 465/712/197 477/727/209 476/726/208 464/711/196
f 466/713/198 478/728/210 477/727/209 465/712/197
f 467/714/199 479/729/211 478/728/210 466/713/198
f 468/715/200 480/730/212 479/731/211 467/716/199
f 469/718/201 481/732/213 480/730/212 468/715/200
f 470/719/202 482/733/214 481/732/213 469/718/201
f 472/720/203 484/734/215 483/735/216 471/721/204
f 473/722/205 485/736/217 484/734/215 472/720/203
f 474/723/206 486/737/218 485/736/217 473/722/205
f 475/724/207 487/738/219 486/739/218 474/725/206
f 476/726/208 488/740/220 487/738/219 475/724/207
f 477/727/209 489/741/221 488/740/220 476/726/208
f 478/728/210 490/742/222 489/741/221 477/727/209
f 479/729/211 491/743/223 490/742/222 478/728/210
f 480/730/212 492/744/224 491/745/223 479/731/211
f 481/732/213 493/746/225 492/744/224 480/730/212
f 482/733/214 494/747/226 493/746/225 481/732/213
f 484/734/215 496/748/227 495/749/228 483/735/216
f 485/736/217 497/750/229 496/748/227 484/734/215
f 486/737/218 498/751/230 497/750/229 485/736/217
f 487/752/219 499/753/231 498/754/230 486/755/218
f 488/756/220 500/757/232 499/753/231 487/752/219
f 489/758/221 501/759/233 500/757/232 488/756/220
f 490/760/222 502/761/234 501/759/233 489/758/221
f 491/762/223 503/763/235 502/761/234 490/760/222
f 492/744/224 504/764/236 503/765/235 491/745/223
f 493/746/225 505/766/237 504/764/236 492/744/224
f 494/747/226 506/767/238 505/766/237 493/746/225
f 496/748/227 508/768/239 507/769/240 495/749/228
f 497/750/229 509/770/241 508/768/239 496/748/227
f 498/751/230 510/771/242 509/770/241 497/750/229
f 499/753/231 511/772/243 510/773/242 498/754/230
f 500/757/232 512/774/244 511/772/243 499/753/231
f 501/759/233 513/775/245 512/774/244 500/757/232
f 502/761/234 514/776/246 513/775/245 501/759/233
f 503/763/235 515/777/247 514/776/246 502/761/234
f 504/764/236 516/778/248 515/779/247 503/765/235
f 505/766/237 517/780/249 516/778/248 504/764/236
f 506/767/238 518/781/250 517/780/249 505/766/237
f 508/768/239 520/782/251 519/783/252 507/769/240
f 509/770/241 521/784/253 520/782/251 508/768/239
f 510/771/242 522/785/254 521/784/253 509/770/241
f 511/772/243 523/786/255 522/787/254 510/773/242
f 512/774/244 524/788/256 523/786/255 511/772/243
f 513/775/245 525/789/257 524/788/256 512/774/244
f 514/776/246 526/790/258 525/789/257 513/775/245
f 515/777/247 527/791/259 526/790/258 514/776/246
f 516/778/248 528/792/260 527/793/259 515/779/247
f 517/780/249 529/794/261 528/792/260 516/778/248
f 518/781/250 530/795/262 529/794/261 517/780/249
f 520/782/251 532/796/263 531/797/264 519/783/252
f 521/784/253 533/798/265 532/796/263 520/782/251
f 522/785/254 534/799/266 533/798/265 521/784/253
f 523/786/255 535/800/267 534/801/266 522/787/254
f 524/788/256 536/802/268 535/800/267 523/786/255
f 525/789/257 537/803/269 536/802/268 524/788/256
f 526/790/258 538/804/270 537/803/269 525/789/257
f 527/791/259 539/805/271 538/804/270 526/790/258
f 528/792/260 540/806/272 539/807/271 527/793/259
f 529/794/261 541/808/273 540/806/272 528/792/260
f 530/795/262 542/809/274 541/808/273 529/794/261
f 532/796/263 544/810/275 543/811/276 531/797/264
f 533/798/265 545/812/277 544/810/275 532/796/263
f 534/801/266 546/813/278 545/814/277 533/815/265
f 535/800/267 547/816/279 546/813/278 534/801/266
f 536/802/268 548/817/280 547/816/279 535/800/267
f 537/803/269 549/818/281 548/817/280 536/802/268
f 538/804/270 550/819/282 549/818/281 537/803/269
f 539/805/271 551/820/283 550/819/282 538/804/270
f 540/806/272 552/821/284 551/822/283 539/807/271
f 541/808/273 553/823/285 552/821/284 540/806/272
f 542/809/274 554/824/286 553/823/285 541/808/273
f 544/810/275 556/825/287 555/826/288 543/811/276
f 545/812/277 557/827/289 556/825/287 544/810/275
f 546/813/278 558/828/290 557/829/289 545/814/277
f 547/816/279 559/830/291 558/828/290 546/813/278
f 548/817/280 560/831/292 559/830/291 547/816/279
f 549/818/281 561/832/293 560/831/292 548/817/280
f 550/819/282 562/833/294 561/832/293 549/818/281
f 551/820/283 563/834/295 562/833/294 550/819/282
f 552/821/284 564/835/296 563/836/295 551/822/283
f 553/823/285 565/837/297 564/835/296 552/821/284
f 554/824/286 566/838/298 565/837/297 553/823/285
f 556/825/287 568/839/299 567/840/300 555/826/288
f 557/827/289 569/841/301 568/839/299 556/825/287
f 558/828/290 570/842/302 569/843/301 557/829/289
f 559/830/291 571/844/303 570/842/302 558/828/290
f 560/831/292 572/845/304 571/844/303 559/830/291
f 561/832/293 573/846/305 572/845/304 560/831/292
f 562/833/294 574/847/306 573/846/305 561/832/293
f 563/834/295 575/848/307 574/847/306 562/833/294
f 564/835/296 576/849/308 575/850/307 563/836/295
f 565/837/297 577/851/309 576/849/308 564/835/296
f 566/838/298 578/852/310 577/851/309 565/837/297
f 568/839/299 580/853/311 579/854/300 567/840/300
f 569/841/301 581/855/312 580/853/311 568/839/299
f 570/856/302 582/857/313 581/855/312 569/841/301
f 571/858/303 583/859/314 582/860/313 570/861/302
f 572/862/304 584/863/315 583/859/314 571/858/303
f 573/864/305 585/865/316 584/863/315 572/862/304
f 574/866/306 586/867/317 585/865/316 573/864/305
f 575/868/307 587/869/318 586/867/317 574/866/306
f 576/870/308 588/871/319 587/869/318 575/868/307
f 577/851/309 589/872/320 588/873/319 576/849/308
f 578/852/310 590/874/310 589/872/320 577/851/309
f 580/853/311 592/875/321 591/876/322 579/854/300
f 581/855/312 593/877/323 592/875/321 580/853/311
f 582/878/313 594/879/324 593/880/323 581/881/312
f 583/882/314 595/883/325 594/879/324 582/878/313
f 584/884/315 596/885/326 595/883/325 583/882/314
f 585/886/316 597/887/327 596/885/326 584/884/315
f 586/888/317 598/889/328 597/887/327 585/886/316
f 587/890/318 599/891/329 598/889/328 586/888/317
f 588/873/319 600/892/330 599/893/329 587/894/318
f 589/872/320 601/895/331 600/892/330 588/873/319
f 590/874/310 602/896/332 601/895/331 589/872/320
f 592/875/321 604/897/333 603/898/334 591/876/322
f 593/877/323 605/899/335 604/897/333 592/875/321
f 594/900/324 606/901/336 605/902/335 593/903/323
f 595/904/325 607/905/337 606/901/336 594/900/324
f 596/906/326 608/907/338 607/905/337 595/904/325
f 597/908/327 609/909/339 608/907/338 596/906/326
f 598/910/328 610/911/340 609/909/339 597/908/327
f 599/912/329 611/913/341 610/911/340 598/910/328
f 600/892/330 612/914/342 611/915/341 599/893/329
f 601/895/331 613/916/343 612/914/342 600/892/330
f 602/896/332 614/917/344 613/916/343 601/895/331
f 604/897/333 616/918/345 615/919/346 603/898/334
f 605/899/335 617/920/347 616/918/345 604/897/333
f 606/921/336 618/922/348 617/920/347 605/899/335
f 607/923/337 619/924/349 618/925/348 606/926/336
f 608/927/338 620/928/350 619/924/349 607/923/337
f 609/929/339 621/930/351 620/928/350 608/927/338
f 610/931/340 622/932/352 621/930/351 609/929/339
f 611/933/341 623/934/353 622/932/352 610/931/340
f 612/935/342 624/936/354 623/934/353 611/933/341
f 613/916/343 625/937/355 624/938/354 612/914/342
f 614/917/344 626/939/356 625/937/355 613/916/343
f 616/918/345 280/487/11 279/490/14 615/919/346
f 617/920/347 281/491/15 280/487/11 616/918/345
f 618/922/348 282/493/17 281/491/15 617/920/347
f 619/924/349 283/495/19 282/498/17 618/925/348
f 620/928/350 284/499/21 283/495/19 619/924/349
f 621/930/351 285/501/23 284/499/21 620/928/350
f 622/932/352 286/503/25 285/501/23 621/930/351
f 623/934/353 287/505/27 286/503/25 622/932/352
f 624/936/354 288/507/29 287/505/27 623/934/353
f 625/937/355 289/509/31 288/512/29 624/938/354
f 626/939/356 290/513/33 289/509/31 625/937/355
f 628/940/357 640/941/358 639/942/359 627/943/360
f 629/944/361 641/945/362 640/941/358 628/940/357
f 630/946/363 642/947/364 641/945/362 629/944/361
f 631/948/365 643/949/366 642/950/364 630/951/363
f 632/952/367 644/953/368 643/949/366 631/948/365
f 633/954/369 645/955/370 644/953/368 632/952/367
f 634/956/371 646/957/372 645/955/370 633/954/369
f 635/958/373 647/959/374 646/957/372 634/956/371
f 636/960/375 648/961/376 647/959/374 635/958/373
f 637/962/377 649/963/378 648/964/376 636/965/375
f 638/966/379 650/967/380 649/963/378 637/962/377
f 640/941/358 652/968/381 651/969/382 639/942/359
f 641/945/362 653/970/383 652/968/381 640/941/358
f 642/947/364 654/971/384 653/970/383 641/945/362
f 643/949/366 655/972/385 654/973/384 642/950/364
f 644/953/368 656/974/386 655/972/385 643/949/366
f 645/955/370 657/975/387 656/974/386 644/953/368
f 646/957/372 658/976/388 657/975/387 645/955/370
f 647/959/374 659/977/389 658/976/388 646/957/372
f 648/961/376 660/978/390 659/977/389 647/959/374
f 649/963/378 661/979/391 660/980/390 648/964/376
f 650/967/380 662/981/392 661/979/391 649/963/378
f 652/968/381 664/982/393 663/983/394 651/969/382
f 653/970/383 665/984/395 664/982/393 652/968/381
f 654/971/384 666/985/396 665/984/395 653/970/383
f 655/972/385 667/986/397 666/987/396 654/973/384
f 656/974/386 668/988/398 667/986/397 655/972/385
f 657/975/387 669/989/399 668/988/398 656/974/386
f 658/976/388 670/990/400 669/989/399 657/975/387
f 659/977/389 671/991/401 670/990/400 658/976/388
f 660/980/390 672/992/402 671/993/401 659/994/389
f 661/979/391 673/995/403 672/992/402 660/980/390
f 662/981/392 674/996/404 673/995/403 661/979/391
f 664/982/393 676/997/405 675/998/406 663/983/394
f 665/984/395 677/999/407 676/997/405 664/982/393
f 666/985/396 678/1000/408 677/999/407 665/984/395
f 667/986/397 679/1001/409 678/1002/408 666/987/396
f 668/988/398 680/1003/410 679/1001/409 667/986/397
f 669/989/399 681/1004/411 680/1003/410 668/988/398
f 670/990/400 682/1005/412 681/1004/411 669/989/399
f 671/991/401 683/1006/413 682/1005/412 670/990/400
f 672/992/402 684/1007/414 683/1008/413 671/993/401
f 673/995/403 685/1009/415 684/1007/414 672/992/402
f 674/996/404 686/1010/416 685/1009/415 673/995/403
f 676/997/405 688/1011/417 687/1012/418 675/998/406
f 677/999/407 689/1013/419 688/1011/417 676/997/405
f 678/1000/408 690/1014/420 689/1013/419 677/999/407
f 679/1001/409 691/1015/421 690/1016/420 678/1002/408
f 680/1003/410 692/1017/422 691/1015/421 679/1001/409
f 681/1004/411 693/1018/423 692/1017/422 680/1003/410
f 682/1005/412 694/1019/424 693/1018/423 681/1004/411
f 683/1006/413 695/1020/425 694/1019/424 682/1005/412
f 684/1007/414 696/1021/426 695/1022/425 683/1008/413
f 685/1009/415 697/1023/427 696/1021/426 684/1007/414
f 686/1010/416 698/1024/428 697/1023/427 685/1009/415
f 688/1011/417 700/1025/429 699/1026/430 687/1012/418
f 689/1013/419 701/1027/431 700/1025/429 688/1011/417
f 690/1014/420 702/1028/432 701/1027/431 689/1013/419
f 691/1015/421 703/1029/433 702/1030/432 690/1016/420
f 692/1017/422 704/1031/434 703/1029/433 691/1015/421
f 693/1018/423 705/1032/435 704/1031/434 692/1017/422
f 694/1019/424 706/1033/436 705/1032/435 693/1018/423
f 695/1020/425 707/1034/437 706/1033/436 694/1019/424
f 696/1021/426 708/1035/438 707/1036/437 695/1022/425
f 697/1023/427 709/1037/439 708/1035/438 696/1021/426
f 698/1024/428 710/1038/440 709/1037/439 697/1023/427
f 700/1025/429 712/1039/441 711/1040/442 699/1026/430
f 701/1027/431 713/1041/443 712/1039/441 700/1025/429
f 702/1028/432 714/1042/444 713/1041/443 701/1027/431
f 703/1043/433 715/1044/445 714/1045/444 702/1046/432
f 704/1047/434 716/1048/446 715/1044/445 703/1043/433
f 705/1049/435 717/1050/447 716/1048/446 704/1047/434
f 706/1033/436 718/1051/448 717/1052/447 705/1032/435
f 707/1034/437 719/1053/449 718/1051/448 706/1033/436
f 708/1035/438 720/1054/450 719/1055/449 707/1036/437
f 709/1037/439 721/1056/451 720/1054/450 708/1035/438
f 710/1038/440 722/1057/452 721/1056/451 709/1037/439
f 712/1039/441 724/1058/453 723/1059/454 711/1040/442
f 713/1041/443 725/1060/455 724/1058/453 712/1039/441
f 714/1042/444 726/1061/456 725/1060/455 713/1041/443
f 715/1044/445 727/1062/457 726/1063/456 714/1045/444
f 716/1048/446 728/1064/458 727/1062/457 715/1044/445
f 717/1050/447 729/1065/459 728/1064/458 716/1048/446
f 718/1066/448 730/1067/460 729/1065/459 717/1050/447
f 719/1068/449 731/1069/461 730/1067/460 718/1066/448
f 720/1054/450 732/1070/462 731/1071/461 719/1055/449
f 721/1056/451 733/1072/463 732/1070/462 720/1054/450
f 722/1057/452 734/1073/464 733/1072/463 721/1056/451
f 724/1058/453 736/1074/465 735/1075/466 723/1059/454
f 725/1060/455 737/1076/467 736/1074/465 724/1058/453
f 726/1061/456 738/1077/468 737/1076/467 725/1060/455
f 727/1062/457 739/1078/469 738/1079/468 726/1063/456
f 728/1064/458 740/1080/470 739/1078/469 727/1062/457
f 729/1065/459 741/1081/471 740/1080/470 728/1064/458
f 730/1067/460 742/1082/472 741/1081/471 729/1065/459
f 731/1069/461 743/1083/473 742/1082/472 730/1067/460
f 732/1070/462 744/1084/474 743/1085/473 731/1071/461
f 733/1072/463 745/1086/475 744/1084/474 732/1070/462
f 734/1073/464 746/1087/476 745/1086/475 733/1072/463
f 736/1074/465 748/1088/477 747/1089/478 735/1075/466
f 737/1076/467 749/1090/479 748/1088/477 736/1074/465
f 738/1077/468 750/1091/480 749/1090/479 737/1076/467
f 739/1078/469 751/1092/481 750/1093/480 738/1079/468
f 740/1080/470 752/1094/482 751/1092/481 739/1078/469
f 741/1081/471 753/1095/483 752/1094/482 740/1080/470
f 742/1082/472 754/1096/484 753/1095/483 741/1081/471
f 743/1083/473 755/1097/485 754/1096/484 742/1082/472
f 744/1084/474 756/1098/486 755/1099/485 743/1085/473
f 745/1086/475 757/1100/487 756/1098/486 744/1084/474
f 746/1087/476 758/1101/488 757/1100/487 745/1086/475
f 748/1088/477 760/1102/489 759/1103/490 747/1089/478
f 749/1090/479 761/1104/491 760/1102/489 748/1088/477
f 750/1093/480 762/1105/492 761/1106/491 749/1107/479
f 751/1092/481 763/1108/493 762/1105/492 750/1093/480
f 752/1094/482 764/1109/494 763/1108/493 751/1092/481
f 753/1095/483 765/1110/495 764/1109/494 752/1094/482
f 754/1096/484 766/1111/496 765/1110/495 753/1095/483
f 755/1097/485 767/1112/497 766/1111/496 754/1096/484
f 756/1098/486 768/1113/498 767/1114/497 755/1099/485
f 757/1100/487 769/1115/499 768/1113/498 756/1098/486
f 758/1101/488 770/1116/500 769/1115/499 757/1100/487
f 760/1102/489 772/1117/501 771/1118/502 759/1103/490
f 761/1104/491 773/1119/503 772/1117/501 760/1102/489
f 762/1105/492 774/1120/504 773/1121/503 761/1106/491
f 763/1108/493 775/1122/505 774/1120/504 762/1105/492
f 764/1109/494 776/1123/506 775/1122/505 763/1108/493
f 765/1110/495 777/1124/507 776/1123/506 764/1109/494
f 766/1111/496 778/1125/508 777/1124/507 765/1110/495
f 767/1112/497 779/1126/509 778/1125/508 766/1111/496
f 768/1113/498 780/1127/510 779/1128/509 767/1114/497
f 769/1115/499 781/1129/511 780/1127/510 768/1113/498
f 770/1116/500 782/1130/512 781/1129/511 769/1115/499
f 772/1117/501 784/1131/513 783/1132/514 771/1118/502
f 773/1119/503 785/1133/515 784/1131/513 772/1117/501
f 774/1120/504 786/1134/516 785/1135/515 773/1121/503
f 775/1122/505 787/1136/517 786/1134/516 774/1120/504
f 776/1123/506 788/1137/518 787/1136/517 775/1122/505
f 777/1124/507 789/1138/519 788/1137/518 776/1123/506
f 778/1125/508 790/1139/520 789/1138/519 777/1124/507
f 779/1126/509 791/1140/521 790/1139/520 778/1125/508
f 780/1127/510 792/1141/522 791/1142/521 779/1128/509
f 781/1129/511 793/1143/523 792/1141/522 780/1127/510
f 782/1130/512 794/1144/524 793/1143/523 781/1129/511
f 784/1131/513 796/1145/525 795/1146/526 783/1132/514
f 785/1133/515 797/1147/527 796/1145/525 784/1131/513
f 786/1134/516 798/1148/528 797/1149/527 785/1135/515
f 787/1136/517 799/1150/529 798/1148/528 786/1134/516
f 788/1137/518 800/1151/530 799/1150/529 787/1136/517
f 789/1138/519 801/1152/531 800/1151/530 788/1137/518
f 790/1139/520 802/1153/532 801/1152/531 789/1138/519
f 791/1140/521 803/1154/533 802/1153/532 790/1139/520
f 792/1141/522 804/1155/534 803/1156/533 791/1142/521
f 793/1143/523 805/1157/535 804/1155/534 792/1141/522
f 794/1144/524 806/1158/536 805/1157/535 793/1143/523
f 796/1145/525 808/1159/537 807/1160/538 795/1146/526
f 797/1147/527 809/1161/539 808/1159/537 796/1145/525
f 798/1148/528 810/1162/540 809/1163/539 797/1149/527
f 799/1150/529 811/1164/541 810/1162/540 798/1148/528
f 800/1151/530 812/1165/542 811/1164/541 799/1150/529
f 801/1152/531 813/1166/543 812/1165/542 800/1151/530
f 802/1153/532 814/1167/544 813/1166/543 801/1152/531
f 803/1154/533 815/1168/545 814/1167/544 802/1153/532
f 804/1155/534 816/1169/546 815/1170/545 803/1156/533
f 805/1157/535 817/1171/547 816/1169/546 804/1155/534
f 806/1158/536 818/1172/548 817/1171/547 805/1157/535
f 808/1159/537 820/1173/549 819/1174/550 807/1160/538
f 809/1161/539 821/1175/551 820/1173/549 808/1159/537
f 810/1176/540 822/1177/552 821/1175/551 809/1161/539
f 811/1164/541 823/1178/553 822/1179/552 810/1162/540
f 812/1165/542 824/1180/554 823/1178/553 811/1164/541
f 813/1166/543 825/1181/555 824/1180/554 812/1165/542
f 814/1167/544 826/1182/556 825/1181/555 813/1166/543
f 815/1168/545 827/1183/557 826/1182/556 814/1167/544
f 816/1169/546 828/1184/558 827/1185/557 815/1170/545
f 817/1171/547 829/1186/559 828/1184/558 816/1169/546
f 818/1172/548 830/1187/560 829/1186/559 817/1171/547
f 820/1173/549 832/1188/561 831/1189/562 819/1174/550
f 821/1175/551 833/1190/563 832/1188/561 820/1173/549
f 822/1177/552 834/1191/564 833/1190/563 821/1175/551
f 823/1178/553 835/1192/565 834/1193/564 822/1179/552
f 824/1180/554 836/1194/566 835/1192/565 823/1178/553
f 825/1181/555 837/1195/567 836/1194/566 824/1180/554
f 826/1182/556 838/1196/568 837/1195/567 825/1181/555
f 827/1183/557 839/1197/569 838/1196/568 826/1182/556
f 828/1184/558 840/1198/570 839/1199/569 827/1185/557
f 829/1186/559 841/1200/571 840/1198/570 828/1184/558
f 830/1187/560 842/1201/572 841/1200/571 829/1186/559
f 832/1188/561 844/1202/573 843/1203/574 831/1189/562
f 833/1190/563 845/1204/575 844/1202/573 832/1188/561
f 834/1191/564 846/1205/576 845/1204/575 833/1190/563
f 835/1192/565 847/1206/577 846/1207/576 834/1193/564
f 836/1194/566 848/1208/578 847/1206/577 835/1192/565
f 837/1195/567 849/1209/579 848/1208/578 836/1194/566
f 838/1196/568 850/1210/580 849/1209/579 837/1195/567
f 839/1197/569 851/1211/581 850/1210/580 838/1196/568
f 840/1198/570 852/1212/582 851/1213/581 839/1199/569
f 841/1200/571 853/1214/583 852/1212/582 840/1198/570
f 842/1201/572 854/1215/584 853/1214/583 841/1200/571
f 844/1202/573 856/1216/585 855/1217/586 843/1203/574
f 845/1204/575 857/1218/587 856/1216/585 844/1202/573
f 846/1205/576 858/1219/588 857/1218/587 845/1204/575
f 847/1220/577 859/1221/589 858/1222/588 846/1223/576
f 848/1224/578 860/1225/590 859/1221/589 847/1220/577
f 849/1226/579 861/1227/591 860/1225/590 848/1224/578
f 850/1228/580 862/1229/592 861/1227/591 849/1226/579
f 851/1230/581 863/1231/593 862/1229/592 850/1228/580
f 852/1212/582 864/1232/594 863/1233/593 851/1213/581
f 853/1214/583 865/1234/595 864/1232/594 852/1212/582
f 854/1215/584 866/1235/596 865/1234/595 853/1214/583
f 856/1216/585 868/1236/597 867/1237/598 855/1217/586
f 857/1218/587 869/1238/599 868/1236/597 856/1216/585
f 858/1219/588 870/1239/600 869/1238/599 857/1218/587
f 859/1221/589 871/1240/601 870/1241/600 858/1222/588
f 860/1225/590 872/1242/602 871/1240/601 859/1221/589
f 861/1227/591 873/1243/603 872/1242/602 860/1225/590
f 862/1229/592 874/1244/604 873/1243/603 861/1227/591
f 863/1231/593 875/1245/605 874/1244/604 862/1229/592
f 864/1232/594 876/1246/606 875/1247/605 863/1233/593
f 865/1234/595 877/1248/607 876/1246/606 864/1232/594
f 866/1235/596 878/1249/608 877/1248/607 865/1234/595
f 868/1236/597 880/1250/609 879/1251/610 867/1237/598
f 869/1238/599 881/1252/611 880/1250/609 868/1236/597
f 870/1239/600 882/1253/612 881/1252/611 869/1238/599
f 871/1240/601 883/1254/613 882/1255/612 870/1241/600
f 872/1242/602 884/1256/614 883/1254/613 871/1240/601
f 873/1243/603 885/1257/615 884/1256/614 872/1242/602
f 874/1244/604 886/1258/616 885/1257/615 873/1243/603
f 875/1245/605 887/1259/617 886/1258/616 874/1244/604
f 876/1246/606 888/1260/618 887/1261/617 875/1247/605
f 877/1248/607 889/1262/619 888/1260/618 876/1246/606
f 878/1249/608 890/1263/620 889/1262/619 877/1248/607
f 880/1250/609 892/1264/621 891/1265/622 879/1251/610
f 881/1252/611 893/1266/623 892/1264/621 880/1250/609
f 882/1253/612 894/1267/624 893/1266/623 881/1252/611
f 883/1254/613 895/1268/625 894/1269/624 882/1255/612
f 884/1256/614 896/1270/626 895/1268/625 883/1254/613
f 885/1257/615 897/1271/627 896/1270/626 884/1256/614
f 886/1258/616 898/1272/628 897/1271/627 885/1257/615
f 887/1259/617 899/1273/629 898/1272/628 886/1258/616
f 888/1260/618 900/1274/630 899/1275/629 887/1261/617
f 889/1262/619 901/1276/631 900/1274/630 888/1260/618
f 890/1263/620 902/1277/632 901/1276/631 889/1262/619
f 892/1264/621 904/1278/633 903/1279/634 891/1265/622
f 893/1266/623 905/1280/635 904/1278/633 892/1264/621
f 894/1267/624 906/1281/636 905/1280/635 893/1266/623
f 895/1268/625 907/1282/637 906/1283/636 894/1269/624
f 896/1270/626 908/1284/638 907/1282/637 895/1268/625
f 897/1271/627 909/1285/639 908/1284/638 896/1270/626
f 898/1272/628 910/1286/640 909/1285/639 897/1271/627
f 899/1273/629 911/1287/641 910/1286/640 898/1272/628
f 900/1274/630 912/1288/642 911/1289/641 899/1275/629
f 901/1276/631 913/1290/643 912/1288/642 900/1274/630
f 902/1277/632 914/1291/644 913/1290/643 901/1276/631
f 904/1278/633 916/1292/645 915/1293/646 903/1279/634
f 905/1280/635 917/1294/647 916/1292/645 904/1278/633
f 906/1283/636 918/1295/648 917/1296/647 905/1297/635
f 907/1282/637 919/1298/649 918/1295/648 906/1283/636
f 908/1284/638 920/1299/650 919/1298/649 907/1282/637
f 909/1285/639 921/1300/651 920/1299/650 908/1284/638
f 910/1286/640 922/1301/652 921/1300/651 909/1285/639
f 911/1287/641 923/1302/653 922/1301/652 910/1286/640
f 912/1288/642 924/1303/654 923/1304/653 911/1289/641
f 913/1290/643 925/1305/655 924/1303/654 912/1288/642
f 914/1291/644 926/1306/656 925/1305/655 913/1290/643
f 916/1292/645 928/1307/657 927/1308/300 915/1293/646
f 917/1294/647 929/1309/301 928/1307/657 916/1292/645
f 918/1295/648 930/1310/302 929/1311/301 917/1296/647
f 919/1298/649 931/1312/303 930/1310/302 918/1295/648
f 920/1299/650 932/1313/304 931/1312/303 919/1298/649
f 921/1300/651 933/1314/305 932/1313/304 920/1299/650
f 922/1301/652 934/1315/658 933/1314/305 921/1300/651
f 923/1302/653 935/1316/659 934/1315/658 922/1301/652
f 924/1303/654 936/1317/660 935/1318/659 923/1304/653
f 925/1305/655 937/1319/661 936/1317/660 924/1303/654
f 926/1306/656 938/1320/662 937/1319/661 925/1305/655
f 928/1307/657 940/1321/663 939/1322/664 927/1308/300
f 929/1309/301 941/1323/665 940/1321/663 928/1307/657
f 930/1324/302 942/1325/666 941/1323/665 929/1309/301
f 931/1326/303 943/1327/667 942/1328/666 930/1329/302
f 932/1330/304 944/1331/668 943/1327/667 931/1326/303
f 933/1332/305 945/1333/669 944/1331/668 932/1330/304
f 934/1334/658 946/1335/670 945/1333/669 933/1332/305
f 935/1336/659 947/1337/671 946/1335/670 934/1334/658
f 936/1338/660 948/1339/672 947/1337/671 935/1336/659
f 937/1319/661 949/1340/673 948/1341/672 936/1317/660
f 938/1320/662 950/1342/674 949/1340/673 937/1319/661
f 940/1321/663 628/940/357 627/943/360 939/1322/664
f 941/1323/665 629/944/361 628/940/357 940/1321/663
f 942/1325/666 630/946/363 629/944/361 941/1323/665
f 943/1343/667 631/948/365 630/951/363 942/1344/666
f 944/1345/668 632/952/367 631/948/365 943/1343/667
f 945/1346/669 633/954/369 632/952/367 944/1345/668
f 946/1347/670 634/956/371 633/954/369 945/1346/669
f 947/1348/671 635/958/373 634/956/371 946/1347/670
f 948/1349/672 636/960/375 635/958/373 947/1348/671
f 949/1340/673 637/962/377 636/965/375 948/1341/672
f 950/1342/674 638/966/379 637/962/377 949/1340/673
f 952/1350/675 964/1351/333 963/1352/676 951/1353/677
f 953/1354/678 965/1355/679 964/1351/333 952/1350/675
f 954/1356/680 966/1357/681 965/1358/679 953/1359/678
f 955/1360/325 967/1361/337 966/1357/681 954/1356/680
f 956/1362/682 968/1363/683 967/1361/337 955/1360/325
f 957/1364/684 969/1365/685 968/1363/683 956/1362/682
f 958/1366/686 970/1367/687 969/1365/685 957/1364/684
f 959/1368/688 971/1369/689 970/1367/687 958/1366/686
f 960/1370/690 972/1371/691 971/1372/689 959/1373/688
f 961/1374/692 973/1375/693 972/1371/691 960/1370/690
f 962/1376/332 974/1377/344 973/1375/693 961/1374/692
f 964/1351/333 976/1378/694 975/1379/695 963/1352/676
f 965/1355/679 977/1380/696 976/1378/694 964/1351/333
f 966/1381/681 978/1382/697 977/1380/696 965/1355/679
f 967/1383/337 979/1384/698 978/1385/697 966/1386/681
f 968/1387/683 980/1388/699 979/1384/698 967/1383/337
f 969/1389/685 981/1390/700 980/1388/699 968/1387/683
f 970/1391/687 982/1392/701 981/1390/700 969/1389/685
f 971/1393/689 983/1394/702 982/1392/701 970/1391/687
f 972/1395/691 984/1396/703 983/1394/702 971/1393/689
f 973/1375/693 985/1397/704 984/1398/703 972/1371/691
f 974/1377/344 986/1399/674 985/1397/704 973/1375/693
f 976/1378/694 988/1400/705 987/1401/706 975/1379/695
f 977/1380/696 989/1402/707 988/1400/705 976/1378/694
f 978/1382/697 990/1403/708 989/1402/707 977/1380/696
f 979/1404/698 991/1405/709 990/1406/708 978/1407/697
f 980/1408/699 992/1409/710 991/1405/709 979/1404/698
f 981/1410/700 993/1411/711 992/1409/710 980/1408/699
f 982/1412/701 994/1413/712 993/1411/711 981/1410/700
f 983/1414/702 995/1415/713 994/1413/712 982/1412/701
f 984/1416/703 996/1417/714 995/1415/713 983/1414/702
f 985/1397/704 997/1418/715 996/1419/714 984/1398/703
f 986/1399/674 998/1420/310 997/1418/715 985/1397/704
f 988/1400/705 952/1350/675 951/1353/677 987/1401/706
f 989/1402/707 953/1354/678 952/1350/675 988/1400/705
f 990/1421/708 954/1422/680 953/1423/678 989/1424/707
f 991/1425/709 955/1426/325 954/1422/680 990/1421/708
f 992/1427/710 956/1428/682 955/1426/325 991/1425/709
f 993/1429/711 957/1430/684 956/1428/682 992/1427/710
f 994/1431/712 958/1432/686 957/1430/684 993/1429/711
f 995/1433/713 959/1434/688 958/1432/686 994/1431/712
f 996/1419/714 960/1370/690 959/1373/688 995/1435/713
f 997/1418/715 961/1374/692 960/1370/690 996/1419/714
f 998/1420/310 962/1376/332 961/1374/692 997/1418/715
f 1000/1436/333 1012/1437/716 1011/1438/717 999/1439/718
f 1001/1440/719 1013/1441/720 1012/1437/716 1000/1436/333
f 1002/1442/336 1014/1443/721 1013/1441/720 1001/1440/719
f 1003/1444/722 1015/1445/723 1014/1446/721 1002/1447/336
f 1004/1448/683 1016/1449/724 1015/1445/723 1003/1444/722
f 1005/1450/685 1017/1451/725 1016/1449/724 1004/1448/683
f 1006/1452/687 1018/1453/726 1017/1451/725 1005/1450/685
f 1007/1454/727 1019/1455/728 1018/1453/726 1006/1452/687
f 1008/1456/729 1020/1457/730 1019/1455/728 1007/1454/727
f 1009/1458/731 1021/1459/732 1020/1460/730 1008/1461/729
f 1010/1462/733 1022/1463/734 1021/1459/732 1009/1458/731
f 1012/1437/716 1024/1464/735 1023/1465/717 1011/1438/717
f 1013/1441/720 1025/1466/736 1024/1464/735 1012/1437/716
f 1014/1443/721 1026/1467/737 1025/1466/736 1013/1441/720
f 1015/1468/723 1027/1469/738 1026/1470/737 1014/1471/721
f 1016/1472/724 1028/1473/739 1027/1469/738 1015/1468/723
f 1017/1474/725 1029/1475/740 1028/1473/739 1016/1472/724
f 1018/1476/726 1030/1477/741 1029/1475/740 1017/1474/725
f 1019/1478/728 1031/1479/742 1030/1477/741 1018/1476/726
f 1020/1460/730 1032/1480/743 1031/1481/742 1019/1482/728
f 1021/1459/732 1033/1483/744 1032/1480/743 1020/1460/730
f 1022/1463/734 1034/1484/734 1033/1483/744 1021/1459/732
f 1024/1464/735 1036/1485/694 1035/1486/745 1023/1465/717
f 1025/1466/736 1037/1487/746 1036/1485/694 1024/1464/735
f 1026/1467/737 1038/1488/747 1037/1487/746 1025/1466/736
f 1027/1489/738 1039/1490/748 1038/1491/747 1026/1492/737
f 1028/1493/739 1040/1494/749 1039/1490/748 1027/1489/738
f 1029/1495/740 1041/1496/750 1040/1494/749 1028/1493/739
f 1030/1497/741 1042/1498/751 1041/1496/750 1029/1495/740
f 1031/1499/742 1043/1500/702 1042/1498/751 1030/1497/741
f 1032/1501/743 1044/1502/703 1043/1500/702 1031/1499/742
f 1033/1483/744 1045/1503/752 1044/1504/703 1032/1480/743
f 1034/1484/734 1046/1505/674 1045/1503/752 1033/1483/744
f 1036/1485/694 1048/1506/311 1047/1507/300 1035/1486/745
f 1037/1487/746 1049/1508/753 1048/1506/311 1036/1485/694
f 1038/1488/747 1050/1509/754 1049/1508/753 1037/1487/746
f 1039/1510/748 1051/1511/709 1050/1512/754 1038/1513/747
f 1040/1514/749 1052/1515/710 1051/1511/709 1039/1510/748
f 1041/1516/750 1053/1517/711 1052/1515/710 1040/1514/749
f 1042/1518/751 1054/1519/755 1053/1517/711 1041/1516/750
f 1043/1520/702 1055/1521/756 1054/1519/755 1042/1518/751
f 1044/1522/703 1056/1523/757 1055/1521/756 1043/1520/702
f 1045/1503/752 1057/1524/320 1056/1525/757 1044/1504/703
f 1046/1505/674 1058/1526/662 1057/1524/320 1045/1503/752
f 1048/1506/311 1060/1527/758 1059/1528/759 1047/1507/300
f 1049/1508/753 1061/1529/760 1060/1527/758 1048/1506/311
f 1050/1530/754 1062/1531/761 1061/1532/760 1049/1533/753
f 1051/1534/709 1063/1535/762 1062/1531/761 1050/1530/754
f 1052/1536/710 1064/1537/763 1063/1535/762 1051/1534/709
f 1053/1538/711 1065/1539/764 1064/1537/763 1052/1536/710
f 1054/1540/755 1066/1541/765 1065/1539/764 1053/1538/711
f 1055/1542/756 1067/1543/766 1066/1541/765 1054/1540/755
f 1056/1525/757 1068/1544/767 1067/1545/766 1055/1546/756
f 1057/1524/320 1069/1547/768 1068/1544/767 1056/1525/757
f 1058/1526/662 1070/1548/769 1069/1547/768 1057/1524/320
f 1060/1527/758 1072/1549/770 1071/1550/771 1059/1528/759
f 1061/1529/760 1073/1551/772 1072/1549/770 1060/1527/758
f 1062/1552/761 1074/1553/773 1073/1551/772 1061/1529/760
f 1063/1554/762 1075/1555/774 1074/1556/773 1062/1557/761
f 1064/1558/763 1076/1559/775 1075/1555/774 1063/1554/762
f 1065/1560/764 1077/1561/776 1076/1559/775 1064/1558/763
f 1066/1562/765 1078/1563/777 1077/1561/776 1065/1560/764
f 1067/1564/766 1079/1565/778 1078/1563/777 1066/1562/765
f 1068/1544/767 1080/1566/779 1079/1567/778 1067/1545/766
f 1069/1547/768 1081/1568/780 1080/1566/779 1068/1544/767
f 1070/1548/769 1082/1569/781 1081/1568/780 1069/1547/768
f 1072/1549/770 1084/1570/782 1083/1571/322 1071/1550/771
f 1073/1551/772 1085/1572/783 1084/1570/782 1072/1549/770
f 1074/1573/773 1086/1574/784 1085/1575/783 1073/1576/772
f 1075/1577/774 1087/1578/785 1086/1574/784 1074/1573/773
f 1076/1579/775 1088/1580/682 1087/1578/785 1075/1577/774
f 1077/1581/776 1089/1582/684 1088/1580/682 1076/1579/775
f 1078/1583/777 1090/1584/686 1089/1582/684 1077/1581/776
f 1079/1585/778 1091/1586/688 1090/1584/686 1078/1583/777
f 1080/1566/779 1092/1587/786 1091/1588/688 1079/1567/778
f 1081/1568/780 1093/1589/787 1092/1587/786 1080/1566/779
f 1082/1569/781 1094/1590/788 1093/1589/787 1081/1568/780
f 1084/1570/782 1000/1436/333 999/1439/718 1083/1571/322
f 1085/1572/783 1001/1440/719 1000/1436/333 1084/1570/782
f 1086/1591/784 1002/1592/336 1001/1593/719 1085/1594/783
f 1087/1595/785 1003/1596/722 1002/1592/336 1086/1591/784
f 1088/1597/682 1004/1598/683 1003/1596/722 1087/1595/785
f 1089/1599/684 1005/1600/685 1004/1598/683 1088/1597/682
f 1090/1601/686 1006/1602/687 1005/1600/685 1089/1599/684
f 1091/1603/688 1007/1604/727 1006/1602/687 1090/1601/686
f 1092/1587/786 1008/1461/729 1007/1605/727 1091/1588/688
f 1093/1589/787 1009/1458/731 1008/1461/729 1092/1587/786
f 1094/1590/788 1010/1462/733 1009/1458/731 1093/1589/787
f 1096/1606/789 1108/1607/790 1107/1608/717 1095/1609/791
f 1097/1610/335 1109/1611/720 1108/1607/790 1096/1606/789
f 1098/1612/336 1110/1613/792 1109/1611/720 1097/1610/335
f 1099/1614/793 1111/1615/723 1110/1616/792 1098/1617/336
f 1100/1618/338 1112/1619/794 1111/1615/723 1099/1614/793
f 1101/1620/339 1113/1621/725 1112/1619/794 1100/1618/338
f 1102/1622/795 1114/1623/726 1113/1621/725 1101/1620/339
f 1103/1624/689 1115/1625/796 1114/1623/726 1102/1622/795
f 1104/1626/797 1116/1627/798 1115/1625/796 1103/1624/689
f 1105/1628/799 1117/1629/732 1116/1630/798 1104/1631/797
f 1106/1632/733 1118/1633/734 1117/1629/732 1105/1628/799
f 1108/1607/790 1120/1634/735 1119/1635/717 1107/1608/717
f 1109/1611/720 1121/1636/800 1120/1634/735 1108/1607/790
f 1110/1613/792 1122/1637/801 1121/1636/800 1109/1611/720
f 1111/1638/723 1123/1639/738 1122/1640/801 1110/1641/792
f 1112/1642/794 1124/1643/739 1123/1639/738 1111/1638/723
f 1113/1644/725 1125/1645/740 1124/1643/739 1112/1642/794
f 1114/1646/726 1126/1647/802 1125/1645/740 1113/1644/725
f 1115/1648/796 1127/1649/742 1126/1647/802 1114/1646/726
f 1116/1630/798 1128/1650/743 1127/1651/742 1115/1652/796
f 1117/1629/732 1129/1653/744 1128/1650/743 1116/1630/798
f 1118/1633/734 1130/1654/734 1129/1653/744 1117/1629/732
f 1120/1634/735 1132/1655/694 1131/1656/745 1119/1635/717
f 1121/1636/800 1133/1657/803 1132/1655/694 1120/1634/735
f 1122/1637/801 1134/1658/804 1133/1657/803 1121/1636/800
f 1123/1659/738 1135/1660/805 1134/1661/804 1122/1662/801
f 1124/1663/739 1136/1664/806 1135/1660/805 1123/1659/738
f 1125/1665/740 1137/1666/807 1136/1664/806 1124/1663/739
f 1126/1667/802 1138/1668/808 1137/1666/807 1125/1665/740
f 1127/1669/742 1139/1670/702 1138/1668/808 1126/1667/802
f 1128/1671/743 1140/1672/809 1139/1670/702 1127/1669/742
f 1129/1653/744 1141/1673/810 1140/1674/809 1128/1650/743
f 1130/1654/734 1142/1675/674 1141/1673/810 1129/1653/744
f 1132/1655/694 1144/1676/311 1143/1677/300 1131/1656/745
f 1133/1657/803 1145/1678/707 1144/1676/311 1132/1655/694
f 1134/1658/804 1146/1679/708 1145/1678/707 1133/1657/803
f 1135/1680/805 1147/1681/811 1146/1682/708 1134/1683/804
f 1136/1684/806 1148/1685/812 1147/1681/811 1135/1680/805
f 1137/1686/807 1149/1687/813 1148/1685/812 1136/1684/806
f 1138/1688/808 1150/1689/814 1149/1687/813 1137/1686/807
f 1139/1690/702 1151/1691/815 1150/1689/814 1138/1688/808
f 1140/1692/809 1152/1693/816 1151/1691/815 1139/1690/702
f 1141/1673/810 1153/1694/817 1152/1695/816 1140/1674/809
f 1142/1675/674 1154/1696/662 1153/1694/817 1141/1673/810
f 1144/1676/311 1156/1697/758 1155/1698/771 1143/1677/300
f 1145/1678/707 1157/1699/760 1156/1697/758 1144/1676/311
f 1146/1700/708 1158/1701/818 1157/1702/760 1145/1703/707
f 1147/1704/811 1159/1705/819 1158/1701/818 1146/1700/708
f 1148/1706/812 1160/1707/820 1159/1705/819 1147/1704/811
f 1149/1708/813 1161/1709/764 1160/1707/820 1148/1706/812
f 1150/1710/814 1162/1711/821 1161/1709/764 1149/1708/813
f 1151/1712/815 1163/1713/822 1162/1711/821 1150/1710/814
f 1152/1695/816 1164/1714/823 1163/1715/822 1151/1716/815
f 1153/1694/817 1165/1717/768 1164/1714/823 1152/1695/816
f 1154/1696/662 1166/1718/769 1165/1717/768 1153/1694/817
f 1156/1697/758 1168/1719/824 1167/1720/759 1155/1698/771
f 1157/1699/760 1169/1721/825 1168/1719/824 1156/1697/758
f 1158/1722/818 1170/1723/826 1169/1721/825 1157/1699/760
f 1159/1724/819 1171/1725/827 1170/1726/826 1158/1727/818
f 1160/1728/820 1172/1729/828 1171/1725/827 1159/1724/819
f 1161/1730/764 1173/1731/829 1172/1729/828 1160/1728/820
f 1162/1732/821 1174/1733/777 1173/1731/829 1161/1730/764
f 1163/1734/822 1175/1735/778 1174/1733/777 1162/1732/821
f 1164/1714/823 1176/1736/779 1175/1737/778 1163/1715/822
f 1165/1717/768 1177/1738/780 1176/1736/779 1164/1714/823
f 1166/1718/769 1178/1739/769 1177/1738/780 1165/1717/768
f 1168/1719/824 1180/1740/830 1179/1741/322 1167/1720/759
f 1169/1721/825 1181/1742/323 1180/1740/830 1168/1719/824
f 1170/1743/826 1182/1744/831 1181/1745/323 1169/1746/825
f 1171/1747/827 1183/1748/832 1182/1744/831 1170/1743/826
f 1172/1749/828 1184/1750/326 1183/1748/832 1171/1747/827
f 1173/1751/829 1185/1752/327 1184/1750/326 1172/1749/828
f 1174/1753/777 1186/1754/833 1185/1752/327 1173/1751/829
f 1175/1755/778 1187/1756/688 1186/1754/833 1174/1753/777
f 1176/1736/779 1188/1757/834 1187/1758/688 1175/1737/778
f 1177/1738/780 1189/1759/835 1188/1757/834 1176/1736/779
f 1178/1739/769 1190/1760/788 1189/1759/835 1177/1738/780
f 1180/1740/830 1096/1606/789 1095/1609/791 1179/1741/322
f 1181/1742/323 1097/1610/335 1096/1606/789 1180/1740/830
f 1182/1761/831 1098/1762/336 1097/1763/335 1181/1764/323
f 1183/1765/832 1099/1766/793 1098/1762/336 1182/1761/831
f 1184/1767/326 1100/1768/338 1099/1766/793 1183/1765/832
f 1185/1769/327 1101/1770/339 1100/1768/338 1184/1767/326
f 1186/1771/833 1102/1772/795 1101/1770/339 1185/1769/327
f 1187/1773/688 1103/1774/689 1102/1772/795 1186/1771/833
f 1188/1757/834 1104/1631/797 1103/1775/689 1187/1758/688
f 1189/1759/835 1105/1628/799 1104/1631/797 1188/1757/834
f 1190/1760/788 1106/1632/733 1105/1628/799 1189/1759/835
f 1192/1776/836 1204/1777/837 1203/1778/838 1191/1779/839
f 1193/1780/840 1205/1781/841 1204/1777/837 1192/1776/836
f 1194/1782/842 1206/1783/843 1205/1781/841 1193/1780/840
f 1195/1784/844 1207/1785/845 1206/1786/843 1194/1787/842
f 1196/1788/846 1208/1789/847 1207/1785/845 1195/1784/844
f 1197/1790/848 1209/1791/849 1208/1789/847 1196/1788/846
f 1198/1792/850 1210/1793/851 1209/1791/849 1197/1790/848
f 1199/1794/852 1211/1795/853 1210/1793/851 1198/1792/850
f 1200/1796/854 1212/1797/855 1211/1798/853 1199/1799/852
f 1201/1800/856 1213/1801/857 1212/1797/855 1200/1796/854
f 1202/1802/858 1214/1803/858 1213/1801/857 1201/1800/856
f 1204/1777/837 1216/1804/859 1215/1805/860 1203/1778/838
f 1205/1781/841 1217/1806/861 1216/1804/859 1204/1777/837
f 1206/1807/843 1218/1808/862 1217/1809/861 1205/1810/841
f 1207/1811/845 1219/1812/863 1218/1808/862 1206/1807/843
f 1208/1813/847 1220/1814/864 1219/1812/863 1207/1811/845
f 1209/1815/849 1221/1816/865 1220/1814/864 1208/1813/847
f 1210/1817/851 1222/1818/866 1221/1816/865 1209/1815/849
f 1211/1819/853 1223/1820/867 1222/1818/866 1210/1817/851
f 1212/1797/855 1224/1821/868 1223/1822/867 1211/1798/853
f 1213/1801/857 1225/1823/869 1224/1821/868 1212/1797/855
f 1214/1803/858 1226/1824/870 1225/1823/869 1213/1801/857
f 1216/1804/859 1228/1825/871 1227/1826/860 1215/1805/860
f 1217/1806/861 1229/1827/872 1228/1825/871 1216/1804/859
f 1218/1828/862 1230/1829/873 1229/1827/872 1217/1806/861
f 1219/1830/863 1231/1831/874 1230/1832/873 1218/1833/862
f 1220/1834/864 1232/1835/875 1231/1831/874 1219/1830/863
f 1221/1836/865 1233/1837/876 1232/1835/875 1220/1834/864
f 1222/1838/866 1234/1839/877 1233/1837/876 1221/1836/865
f 1223/1840/867 1235/1841/878 1234/1839/877 1222/1838/866
f 1224/1821/868 1236/1842/879 1235/1843/878 1223/1822/867
f 1225/1823/869 1237/1844/880 1236/1842/879 1224/1821/868
f 1226/1824/870 1238/1845/881 1237/1844/880 1225/1823/869
f 1228/1825/871 1240/1846/882 1239/1847/883 1227/1826/860
f 1229/1827/872 1241/1848/884 1240/1846/882 1228/1825/871
f 1230/1849/873 1242/1850/885 1241/1851/884 1229/1852/872
f 1231/1853/874 1243/1854/886 1242/1850/885 1230/1849/873
f 1232/1855/875 1244/1856/887 1243/1854/886 1231/1853/874
f 1233/1857/876 1245/1858/888 1244/1856/887 1232/1855/875
f 1234/1859/877 1246/1860/889 1245/1858/888 1233/1857/876
f 1235/1861/878 1247/1862/890 1246/1860/889 1234/1859/877
f 1236/1842/879 1248/1863/891 1247/1864/890 1235/1843/878
f 1237/1844/880 1249/1865/892 1248/1863/891 1236/1842/879
f 1238/1845/881 1250/1866/893 1249/1865/892 1237/1844/880
f 1240/1846/882 1252/1867/894 1251/1868/895 1239/1847/883
f 1241/1848/884 1253/1869/896 1252/1867/894 1240/1846/882
f 1242/1870/885 1254/1871/897 1253/1869/896 1241/1848/884
f 1243/1872/886 1255/1873/898 1254/1874/897 1242/1875/885
f 1244/1876/887 1256/1877/899 1255/1873/898 1243/1872/886
f 1245/1878/888 1257/1879/900 1256/1877/899 1244/1876/887
f 1246/1880/889 1258/1881/901 1257/1879/900 1245/1878/888
f 1247/1882/890 1259/1883/902 1258/1881/901 1246/1880/889
f 1248/1863/891 1260/1884/903 1259/1885/902 1247/1864/890
f 1249/1865/892 1261/1886/904 1260/1884/903 1248/1863/891
f 1250/1866/893 1262/1887/905 1261/1886/904 1249/1865/892
f 1252/1867/894 1264/1888/906 1263/1889/907 1251/1868/895
f 1253/1869/896 1265/1890/908 1264/1888/906 1252/1867/894
f 1254/1871/897 1266/1891/909 1265/1890/908 1253/1869/896
f 1255/1892/898 1267/1893/910 1266/1894/909 1254/1895/897
f 1256/1896/899 1268/1897/911 1267/1893/910 1255/1892/898
f 1257/1898/900 1269/1899/912 1268/1897/911 1256/1896/899
f 1258/1900/901 1270/1901/913 1269/1899/912 1257/1898/900
f 1259/1902/902 1271/1903/914 1270/1901/913 1258/1900/901
f 1260/1904/903 1272/1905/915 1271/1903/914 1259/1902/902
f 1261/1886/904 1273/1906/916 1272/1907/915 1260/1884/903
f 1262/1887/905 1274/1908/917 1273/1906/916 1261/1886/904
f 1264/1888/906 1276/1909/918 1275/1910/919 1263/1889/907
f 1265/1890/908 1277/1911/920 1276/1909/918 1264/1888/906
f 1266/1891/909 1278/1912/921 1277/1911/920 1265/1890/908
f 1267/1913/910 1279/1914/922 1278/1915/921 1266/1916/909
f 1268/1917/911 1280/1918/923 1279/1914/922 1267/1913/910
f 1269/1919/912 1281/1920/924 1280/1918/923 1268/1917/911
f 1270/1921/913 1282/1922/925 1281/1920/924 1269/1919/912
f 1271/1923/914 1283/1924/926 1282/1922/925 1270/1921/913
f 1272/1907/915 1284/1925/927 1283/1926/926 1271/1927/914
f 1273/1906/916 1285/1928/928 1284/1925/927 1272/1907/915
f 1274/1908/917 1286/1929/929 1285/1928/928 1273/1906/916
f 1276/1909/918 1192/1776/836 1191/1779/839 1275/1910/919
f 1277/1911/920 1193/1780/840 1192/1776/836 1276/1909/918
f 1278/1930/921 1194/1931/842 1193/1932/840 1277/1933/920
f 1279/1934/922 1195/1935/844 1194/1931/842 1278/1930/921
f 1280/1936/923 1196/1937/846 1195/1935/844 1279/1934/922
f 1281/1938/924 1197/1939/848 1196/1937/846 1280/1936/923
f 1282/1940/925 1198/1941/850 1197/1939/848 1281/1938/924
f 1283/1942/926 1199/1943/852 1198/1941/850 1282/1940/925
f 1284/1925/927 1200/1796/854 1199/1799/852 1283/1926/926
f 1285/1928/928 1201/1800/856 1200/1796/854 1284/1925/927
f 1286/1929/929 1202/1802/858 1201/1800/856 1285/1928/928
f 1288/1944/930 1300/1945/931 1299/1946/932 1287/1947/933
f 1289/1948/934 1301/1949/935 1300/1945/931 1288/1944/930
f 1290/1950/936 1302/1951/937 1301/1949/935 1289/1948/934
f 1291/1952/938 1303/1953/939 1302/1954/937 1290/1955/936
f 1292/1956/940 1304/1957/941 1303/1953/939 1291/1952/938
f 1293/1958/942 1305/1959/943 1304/1957/941 1292/1956/940
f 1294/1960/944 1306/1961/945 1305/1959/943 1293/1958/942
f 1295/1962/946 1307/1963/947 1306/1961/945 1294/1960/944
f 1296/1964/948 1308/1965/949 1307/1966/947 1295/1967/946
f 1297/1968/950 1309/1969/951 1308/1965/949 1296/1964/948
f 1298/1970/952 1310/1971/953 1309/1969/951 1297/1968/950
f 1300/1945/931 1312/1972/954 1311/1973/955 1299/1946/932
f 1301/1949/935 1313/1974/956 1312/1972/954 1300/1945/931
f 1302/1951/937 1314/1975/957 1313/1974/956 1301/1949/935
f 1303/1976/939 1315/1977/958 1314/1978/957 1302/1979/937
f 1304/1980/941 1316/1981/959 1315/1977/958 1303/1976/939
f 1305/1982/943 1317/1983/960 1316/1981/959 1304/1980/941
f 1306/1984/945 1318/1985/961 1317/1983/960 1305/1982/943
f 1307/1986/947 1319/1987/962 1318/1985/961 1306/1984/945
f 1308/1965/949 1320/1988/963 1319/1989/962 1307/1966/947
f 1309/1969/951 1321/1990/964 1320/1988/963 1308/1965/949
f 1310/1971/953 1322/1991/965 1321/1990/964 1309/1969/951
f 1312/1972/954 1288/1944/930 1287/1947/933 1311/1973/955
f 1313/1974/956 1289/1948/934 1288/1944/930 1312/1972/954
f 1314/1975/957 1290/1950/936 1289/1948/934 1313/1974/956
f 1315/1992/958 1291/1993/938 1290/1994/936 1314/1995/957
f 1316/1996/959 1292/1997/940 1291/1993/938 1315/1992/958
f 1317/1998/960 1293/1999/942 1292/1997/940 1316/1996/959
f 1318/2000/961 1294/2001/944 1293/1999/942 1317/1998/960
f 1319/2002/962 1295/2003/946 1294/2001/944 1318/2000/961
f 1320/2004/963 1296/2005/948 1295/2003/946 1319/2002/962
f 1321/1990/964 1297/1968/950 1296/1964/948 1320/1988/963
f 1322/1991/965 1298/1970/952 1297/1968/950 1321/1990/964
s 0
f 1325/2006/4 1324/2007/4 1323/2008/4
f 1326/2009/2 1327/2010/2 1328/2011/2
f 1323/2012/966 1324/2013/966 1327/2014/966 1326/2015/966
f 1324/2016/967 1325/2017/967 1328/2018/967 1327/2019/967
f 1325/2020/968 1323/2021/968 1326/2022/968 1328/2023/968
f 1329/2024/969 1330/2025/969 1332/2026/969 1331/2027/969
f 1331/2028/2 1332/2029/2 1336/2030/2 1335/2031/2
f 1335/2032/970 1336/2033/970 1334/2034/970 1333/2035/970
f 1333/2036/4 1334/2037/4 1330/2038/4 1329/2039/4
f 1331/2040/971 1335/2041/971 1333/2042/971 1329/2043/971
f 1336/2044/972 1332/2045/972 1330/2046/972 1334/2047/972
s 1
f 1337/2048/973 1338/2049/974 1340/2050/975 1339/2051/976
f 1339/2051/976 1340/2050/975 1342/2052/977 1341/2053/978
f 1341/2053/978 1342/2052/977 1344/2054/979 1343/2055/980
f 1343/2056/980 1344/2057/979 1346/2058/981 1345/2059/982
f 1345/2059/982 1346/2058/981 1348/2060/983 1347/2061/984
f 1347/2061/984 1348/2060/983 1350/2062/985 1349/2063/986
f 1349/2063/986 1350/2062/985 1352/2064/987 1351/2065/988
f 1351/2066/988 1352/2067/987 1354/2068/989 1353/2069/990
f 1353/2069/990 1354/2068/989 1356/2070/991 1355/2071/992
f 1355/2071/992 1356/2070/991 1358/2072/993 1357/2073/994
f 1357/2073/994 1358/2072/993 1360/2074/995 1359/2075/996
f 1359/2076/996 1360/2077/995 1362/2078/997 1361/2079/998
f 1361/2079/998 1362/2078/997 1364/2080/999 1363/2081/1000
f 1363/2081/1000 1364/2080/999 1366/2082/1001 1365/2083/1002
f 1340/2084/975 1338/2085/974 1368/2086/1003 1366/2087/1001 1364/2088/999 1362/2089/997 1360/2090/995 1358/2091/993 1356/2092/991 1354/2093/989 1352/2094/987 1350/2095/985 1348/2096/983 1346/2097/981 1344/2098/979 1342/2099/977
f 1365/2083/1002 1366/2082/1001 1368/2100/1003 1367/2101/1004
f 1367/2102/1004 1368/2103/1003 1338/2049/974 1337/2048/973
f 1337/2104/973 1339/2105/976 1341/2106/978 1343/2107/980 1345/2108/982 1347/2109/984 1349/2110/986 1351/2111/988 1353/2112/990 1355/2113/992 1357/2114/994 1359/2115/996 1361/2116/998 1363/2117/1000 1365/2118/1002 1367/2119/1004
f 1369/2120/973 1370/2121/974 1372/2122/975 1371/2123/976
f 1371/2123/976 1372/2122/975 1374/2124/977 1373/2125/978
f 1373/2125/978 1374/2124/977 1376/2126/979 1375/2127/980
f 1375/2128/980 1376/2129/979 1378/2130/981 1377/2131/982
f 1377/2131/982 1378/2130/981 1380/2132/983 1379/2133/984
f 1379/2133/984 1380/2132/983 1382/2134/985 1381/2135/986
f 1381/2135/986 1382/2134/985 1384/2136/987 1383/2137/988
f 1383/2138/988 1384/2139/987 1386/2140/989 1385/2141/990
f 1385/2141/990 1386/2140/989 1388/2142/991 1387/2143/992
f 1387/2143/992 1388/2142/991 1390/2144/993 1389/2145/994
f 1389/2145/994 1390/2144/993 1392/2146/995 1391/2147/996
f 1391/2148/996 1392/2149/995 1394/2150/997 1393/2151/998
f 1393/2151/998 1394/2150/997 1396/2152/999 1395/2153/1000
f 1395/2153/1000 1396/2152/999 1398/2154/1001 1397/2155/1002
f 1372/2156/975 1370/2157/974 1400/2158/1003 1398/2159/1001 1396/2160/999 1394/2161/997 1392/2162/995 1390/2163/993 1388/2164/991 1386/2165/989 1384/2166/987 1382/2167/985 1380/2168/983 1378/2169/981 1376/2170/979 1374/2171/977
f 1397/2155/1002 1398/2154/1001 1400/2172/1003 1399/2173/1004
f 1399/2174/1004 1400/2175/1003 1370/2121/974 1369/2120/973
f 1369/2176/973 1371/2177/976 1373/2178/978 1375/2179/980 1377/2180/982 1379/2181/984 1381/2182/986 1383/2183/988 1385/2184/990 1387/2185/992 1389/2186/994 1391/2187/996 1393/2188/998 1395/2189/1000 1397/2190/1002 1399/2191/1004
f 1401/2192/973 1402/2193/974 1404/2194/975 1403/2195/976
f 1403/2195/976 1404/2194/975 1406/2196/977 1405/2197/978
f 1405/2197/978 1406/2196/977 1408/2198/979 1407/2199/980
f 1407/2200/980 1408/2201/979 1410/2202/981 1409/2203/982
f 1409/2203/982 1410/2202/981 1412/2204/983 1411/2205/984
f 1411/2205/984 1412/2204/983 1414/2206/985 1413/2207/986
f 1413/2207/986 1414/2206/985 1416/2208/987 1415/2209/988
f 1415/2210/988 1416/2211/987 1418/2212/989 1417/2213/990
f 1417/2213/990 1418/2212/989 1420/2214/991 1419/2215/992
f 1419/2215/992 1420/2214/991 1422/2216/993 1421/2217/994
f 1421/2217/994 1422/2216/993 1424/2218/995 1423/2219/996
f 1423/2220/996 1424/2221/995 1426/2222/997 1425/2223/998
f 1425/2223/998 1426/2222/997 1428/2224/999 1427/2225/1000
f 1427/2225/1000 1428/2224/999 1430/2226/1001 1429/2227/1002
f 1404/2228/975 1402/2229/974 1432/2230/1003 1430/2231/1001 1428/2232/999 1426/2233/997 1424/2234/995 1422/2235/993 1420/2236/991 1418/2237/989 1416/2238/987 1414/2239/985 1412/2240/983 1410/2241/981 1408/2242/979 1406/2243/977
f 1429/2227/1002 1430/2226/1001 1432/2244/1003 1431/2245/1004
f 1431/2246/1004 1432/2247/1003 1402/2193/974 1401/2192/973
f 1401/2248/973 1403/2249/976 1405/2250/978 1407/2251/980 1409/2252/982 1411/2253/984 1413/2254/986 1415/2255/988 1417/2256/990 1419/2257/992 1421/2258/994 1423/2259/996 1425/2260/998 1427/2261/1000 1429/2262/1002 1431/2263/1004
f 1433/2264/973 1434/2265/974 1436/2266/975 1435/2267/976
f 1435/2267/976 1436/2266/975 1438/2268/977 1437/2269/978
f 1437/2269/978 1438/2268/977 1440/2270/979 1439/2271/980
f 1439/2272/980 1440/2273/979 1442/2274/981 1441/2275/982
f 1441/2275/982 1442/2274/981 1444/2276/983 1443/2277/984
f 1443/2277/984 1444/2276/983 1446/2278/985 1445/2279/986
f 1445/2279/986 1446/2278/985 1448/2280/987 1447/2281/988
f 1447/2282/988 1448/2283/987 1450/2284/989 1449/2285/990
f 1449/2285/990 1450/2284/989 1452/2286/991 1451/2287/992
f 1451/2287/992 1452/2286/991 1454/2288/993 1453/2289/994
f 1453/2289/994 1454/2288/993 1456/2290/995 1455/2291/996
f 1455/2292/996 1456/2293/995 1458/2294/997 1457/2295/998
f 1457/2295/998 1458/2294/997 1460/2296/999 1459/2297/1000
f 1459/2297/1000 1460/2296/999 1462/2298/1001 1461/2299/1002
f 1436/2300/975 1434/2301/974 1464/2302/1003 1462/2303/1001 1460/2304/999 1458/2305/997 1456/2306/995 1454/2307/993 1452/2308/991 1450/2309/989 1448/2310/987 1446/2311/985 1444/2312/983 1442/2313/981 1440/2314/979 1438/2315/977
f 1461/2299/1002 1462/2298/1001 1464/2316/1003 1463/2317/1004
f 1463/2318/1004 1464/2319/1003 1434/2265/974 1433/2264/973
f 1433/2320/973 1435/2321/976 1437/2322/978 1439/2323/980 1441/2324/982 1443/2325/984 1445/2326/986 1447/2327/988 1449/2328/990 1451/2329/992 1453/2330/994 1455/2331/996 1457/2332/998 1459/2333/1000 1461/2334/1002 1463/2335/1004
s 0
f 1465/2336/1 1466/2337/1 1468/2338/1 1467/2339/1
f 1467/2340/1005 1468/2341/1005 1472/2342/1005 1471/2343/1005
f 1471/2344/3 1472/2345/3 1470/2346/3 1469/2347/3
f 1469/2348/1006 1470/2349/1006 1466/2350/1006 1465/2351/1006
f 1467/2352/1007 1471/2353/1007 1469/2354/1007 1465/2355/1007
f 1472/2356/1008 1468/2357/1008 1466/2358/1008 1470/2359/1008
f 1473/2360/1 1474/2361/1 1476/2362/1 1475/2363/1
f 1475/2364/2 1476/2365/2 1480/2366/2 1479/2367/2
f 1479/2368/3 1480/2369/3 1478/2370/3 1477/2371/3
f 1477/2372/4 1478/2373/4 1474/2374/4 1473/2375/4
f 1475/2376/5 1479/2377/5 1477/2378/5 1473/2379/5
f 1480/2380/6 1476/2381/6 1474/2382/6 1478/2383/6
f 1481/2384/1 1482/2385/1 1484/2386/1 1483/2387/1
f 1483/2388/1005 1484/2389/1005 1488/2390/1005 1487/2391/1005
f 1487/2392/3 1488/2393/3 1486/2394/3 1485/2395/3
f 1485/2396/1006 1486/2397/1006 1482/2398/1006 1481/2399/1006
f 1483/2400/1007 1487/2401/1007 1485/2402/1007 1481/2403/1007
f 1488/2404/1008 1484/2405/1008 1482/2406/1008 1486/2407/1008
f 1489/2408/1 1490/2409/1 1492/2410/1 1491/2411/1
f 1491/2412/2 1492/2413/2 1496/2414/2 1495/2415/2
f 1495/2416/3 1496/2417/3 1494/2418/3 1493/2419/3
f 1493/2420/4 1494/2421/4 1490/2422/4 1489/2423/4
f 1491/2424/5 1495/2425/5 1493/2426/5 1489/2427/5
f 1496/2428/6 1492/2429/6 1490/2430/6 1494/2431/6
f 1497/2432/1 1498/2433/1 1500/2434/1 1499/2435/1
f 1499/2436/1005 1500/2437/1005 1504/2438/1005 1503/2439/1005
f 1503/2440/3 1504/2441/3 1502/2442/3 1501/2443/3
f 1501/2444/1006 1502/2445/1006 1498/2446/1006 1497/2447/1006
f 1499/2448/1007 1503/2449/1007 1501/2450/1007 1497/2451/1007
f 1504/2452/1008 1500/2453/1008 1498/2454/1008 1502/2455/1008
f 1505/2456/1 1506/2457/1 1508/2458/1 1507/2459/1
f 1507/2460/2 1508/2461/2 1512/2462/2 1511/2463/2
f 1511/2464/3 1512/2465/3 1510/2466/3 1509/2467/3
f 1509/2468/4 1510/2469/4 1506/2470/4 1505/2471/4
f 1507/2472/5 1511/2473/5 1509/2474/5 1505/2475/5
f 1512/2476/6 1508/2477/6 1506/2478/6 1510/2479/6
f 1513/2480/1 1514/2481/1 1516/2482/1 1515/2483/1
f 1515/2484/1005 1516/2485/1005 1520/2486/1005 1519/2487/1005
f 1519/2488/3 1520/2489/3 1518/2490/3 1517/2491/3
f 1517/2492/1006 1518/2493/1006 1514/2494/1006 1513/2495/1006
f 1515/2496/1007 1519/2497/1007 1517/2498/1007 1513/2499/1007
f 1520/2500/1008 1516/2501/1008 1514/2502/1008 1518/2503/1008
f 1521/2504/1 1522/2505/1 1524/2506/1 1523/2507/1
f 1523/2508/2 1524/2509/2 1528/2510/2 1527/2511/2
f 1527/2512/3 1528/2513/3 1526/2514/3 1525/2515/3
f 1525/2516/4 1526/2517/4 1522/2518/4 1521/2519/4
f 1523/2520/5 1527/2521/5 1525/2522/5 1521/2523/5
f 1528/2524/6 1524/2525/6 1522/2526/6 1526/2527/6
f 1529/2528/1 1530/2529/1 1532/2530/1 1531/2531/1
f 1531/2532/1005 1532/2533/1005 1536/2534/1005 1535/2535/1005
f 1535/2536/3 1536/2537/3 1534/2538/3 1533/2539/3
f 1533/2540/1006 1534/2541/1006 1530/2542/1006 1529/2543/1006
f 1531/2544/1007 1535/2545/1007 1533/2546/1007 1529/2547/1007
f 1536/2548/1008 1532/2549/1008 1530/2550/1008 1534/2551/1008
f 1537/2552/1 1538/2553/1 1540/2554/1 1539/2555/1
f 1539/2556/2 1540/2557/2 1544/2558/2 1543/2559/2
f 1543/2560/3 1544/2561/3 1542/2562/3 1541/2563/3
f 1541/2564/4 1542/2565/4 1538/2566/4 1537/2567/4
f 1539/2568/5 1543/2569/5 1541/2570/5 1537/2571/5
f 1544/2572/6 1540/2573/6 1538/2574/6 1542/2575/6
f 1545/2576/1 1546/2577/1 1548/2578/1 1547/2579/1
f 1547/2580/1005 1548/2581/1005 1552/2582/1005 1551/2583/1005
f 1551/2584/3 1552/2585/3 1550/2586/3 1549/2587/3
f 1549/2588/1006 1550/2589/1006 1546/2590/1006 1545/2591/1006
f 1547/2592/1007 1551/2593/1007 1549/2594/1007 1545/2595/1007
f 1552/2596/1008 1548/2597/1008 1546/2598/1008 1550/2599/1008
f 1553/2600/1 1554/2601/1 1556/2602/1 1555/2603/1
f 1555/2604/2 1556/2605/2 1560/2606/2 1559/2607/2
f 1559/2608/3 1560/2609/3 1558/2610/3 1557/2611/3
f 1557/2612/4 1558/2613/4 1554/2614/4 1553/2615/4
f 1555/2616/5 1559/2617/5 1557/2618/5 1553/2619/5
f 1560/2620/6 1556/2621/6 1554/2622/6 1558/2623/6
f 1561/2624/1 1562/2625/1 1564/2626/1 1563/2627/1
f 1563/2628/1005 1564/2629/1005 1568/2630/1005 1567/2631/1005
f 1567/2632/3 1568/2633/3 1566/2634/3 1565/2635/3
f 1565/2636/1006 1566/2637/1006 1562/2638/1006 1561/2639/1006
f 1563/2640/1007 1567/2641/1007 1565/2642/1007 1561/2643/1007
f 1568/2644/1008 1564/2645/1008 1562/2646/1008 1566/2647/1008
f 1569/2648/1 1570/2649/1 1572/2650/1 1571/2651/1
f 1571/2652/2 1572/2653/2 1576/2654/2 1575/2655/2
f 1575/2656/3 1576/2657/3 1574/2658/3 1573/2659/3
f 1573/2660/4 1574/2661/4 1570/2662/4 1569/2663/4
f 1571/2664/5 1575/2665/5 1573/2666/5 1569/2667/5
f 1576/2668/6 1572/2669/6 1570/2670/6 1574/2671/6
f 1577/2672/1 1578/2673/1 1580/2674/1 1579/2675/1
f 1579/2676/1005 1580/2677/1005 1584/2678/1005 1583/2679/1005
f 1583/2680/3 1584/2681/3 1582/2682/3 1581/2683/3
f 1581/2684/1006 1582/2685/1006 1578/2686/1006 1577/2687/1006
f 1579/2688/1007 1583/2689/1007 1581/2690/1007 1577/2691/1007
f 1584/2692/1008 1580/2693/1008 1578/2694/1008 1582/2695/1008
f 1585/2696/1 1586/2697/1 1588/2698/1 1587/2699/1
f 1587/2700/2 1588/2701/2 1592/2702/2 1591/2703/2
f 1591/2704/3 1592/2705/3 1590/2706/3 1589/2707/3
f 1589/2708/4 1590/2709/4 1586/2710/4 1585/2711/4
f 1587/2712/5 1591/2713/5 1589/2714/5 1585/2715/5
f 1592/2716/6 1588/2717/6 1586/2718/6 1590/2719/6
f 1593/2720/1 1594/2721/1 1596/2722/1 1595/2723/1
f 1595/2724/1005 1596/2725/1005 1600/2726/1005 1599/2727/1005
f 1599/2728/3 1600/2729/3 1598/2730/3 1597/2731/3
f 1597/2732/1006 1598/2733/1006 1594/2734/1006 1593/2735/1006
f 1595/2736/1007 1599/2737/1007 1597/2738/1007 1593/2739/1007
f 1600/2740/1008 1596/2741/1008 1594/2742/1008 1598/2743/1008
f 1601/2744/1 1602/2745/1 1604/2746/1 1603/2747/1
f 1603/2748/2 1604/2749/2 1608/2750/2 1607/2751/2
f 1607/2752/3 1608/2753/3 1606/2754/3 1605/2755/3
f 1605/2756/4 1606/2757/4 1602/2758/4 1601/2759/4
f 1603/2760/5 1607/2761/5 1605/2762/5 1601/2763/5
f 1608/2764/6 1604/2765/6 1602/2766/6 1606/2767/6
f 1609/2768/1 1610/2769/1 1612/2770/1 1611/2771/1
f 1611/2772/1005 1612/2773/1005 1616/2774/1005 1615/2775/1005
f 1615/2776/3 1616/2777/3 1614/2778/3 1613/2779/3
f 1613/2780/1006 1614/2781/1006 1610/2782/1006 1609/2783/1006
f 1611/2784/1007 1615/2785/1007 1613/2786/1007 1609/2787/1007
f 1616/2788/1008 1612/2789/1008 1610/2790/1008 1614/2791/1008
f 1617/2792/1 1618/2793/1 1620/2794/1 1619/2795/1
f 1619/2796/2 1620/2797/2 1624/2798/2 1623/2799/2
f 1623/2800/3 1624/2801/3 1622/2802/3 1621/2803/3
f 1621/2804/4 1622/2805/4 1618/2806/4 1617/2807/4
f 1619/2808/5 1623/2809/5 1621/2810/5 1617/2811/5
f 1624/2812/6 1620/2813/6 1618/2814/6 1622/2815/6
f 1625/2816/1 1626/2817/1 1628/2818/1 1627/2819/1
f 1627/2820/2 1628/2821/2 1632/2822/2 1631/2823/2
f 1631/2824/3 1632/2825/3 1630/2826/3 1629/2827/3
f 1629/2828/4 1630/2829/4 1626/2830/4 1625/2831/4
f 1627/2832/5 1631/2833/5 1629/2834/5 1625/2835/5
f 1632/2836/6 1628/2837/6 1626/2838/6 1630/2839/6
f 1633/2840/1 1634/2841/1 1636/2842/1 1635/2843/1
f 1635/2844/2 1636/2845/2 1640/2846/2 1639/2847/2
f 1639/2848/3 1640/2849/3 1638/2850/3 1637/2851/3
f 1637/2852/4 1638/2853/4 1634/2854/4 1633/2855/4
f 1635/2856/5 1639/2857/5 1637/2858/5 1633/2859/5
f 1640/2860/6 1636/2861/6 1634/2862/6 1638/2863/6
f 1641/2864/1 1642/2865/1 1644/2866/1 1643/2867/1
f 1643/2868/2 1644/2869/2 1648/2870/2 1647/2871/2
f 1647/2872/3 1648/2873/3 1646/2874/3 1645/2875/3
f 1645/2876/4 1646/2877/4 1642/2878/4 1641/2879/4
f 1643/2880/5 1647/2881/5 1645/2882/5 1641/2883/5
f 1648/2884/6 1644/2885/6 1642/2886/6 1646/2887/6
f 1649/2888/1 1650/2889/1 1652/2890/1 1651/2891/1
f 1651/2892/2 1652/2893/2 1656/2894/2 1655/2895/2
f 1655/2896/3 1656/2897/3 1654/2898/3 1653/2899/3
f 1653/2900/4 1654/2901/4 1650/2902/4 1649/2903/4
f 1651/2904/5 1655/2905/5 1653/2906/5 1649/2907/5
f 1656/2908/6 1652/2909/6 1650/2910/6 1654/2911/6
f 1657/2912/1 1658/2913/1 1660/2914/1 1659/2915/1
f 1659/2916/2 1660/2917/2 1664/2918/2 1663/2919/2
f 1663/2920/3 1664/2921/3 1662/2922/3 1661/2923/3
f 1661/2924/4 1662/2925/4 1658/2926/4 1657/2927/4
f 1659/2928/5 1663/2929/5 1661/2930/5 1657/2931/5
f 1664/2932/6 1660/2933/6 1658/2934/6 1662/2935/6
f 1665/2936/1 1666/2937/1 1668/2938/1 1667/2939/1
f 1667/2940/2 1668/2941/2 1672/2942/2 1671/2943/2
f 1671/2944/3 1672/2945/3 1670/2946/3 1669/2947/3
f 1669/2948/4 1670/2949/4 1666/2950/4 1665/2951/4
f 1667/2952/5 1671/2953/5 1669/2954/5 1665/2955/5
f 1672/2956/6 1668/2957/6 1666/2958/6 1670/2959/6
f 1673/2960/1 1674/2961/1 1676/2962/1 1675/2963/1
f 1675/2964/2 1676/2965/2 1680/2966/2 1679/2967/2
f 1679/2968/3 1680/2969/3 1678/2970/3 1677/2971/3
f 1677/2972/4 1678/2973/4 1674/2974/4 1673/2975/4
f 1675/2976/5 1679/2977/5 1677/2978/5 1673/2979/5
f 1680/2980/6 1676/2981/6 1674/2982/6 1678/2983/6
f 1681/2984/1 1682/2985/1 1684/2986/1 1683/2987/1
f 1683/2988/2 1684/2989/2 1688/2990/2 1687/2991/2
f 1687/2992/3 1688/2993/3 1686/2994/3 1685/2995/3
f 1685/2996/4 1686/2997/4 1682/2998/4 1681/2999/4
f 1683/3000/5 1687/3001/5 1685/3002/5 1681/3003/5
f 1688/3004/6 1684/3005/6 1682/3006/6 1686/3007/6
f 1689/3008/1 1690/3009/1 1692/3010/1 1691/3011/1
f 1691/3012/2 1692/3013/2 1696/3014/2 1695/3015/2
f 1695/3016/3 1696/3017/3 1694/3018/3 1693/3019/3
f 1693/3020/4 1694/3021/4 1690/3022/4 1689/3023/4
f 1691/3024/5 1695/3025/5 1693/3026/5 1689/3027/5
f 1696/3028/6 1692/3029/6 1690/3030/6 1694/3031/6
f 1697/3032/1 1698/3033/1 1700/3034/1 1699/3035/1
f 1699/3036/2 1700/3037/2 1704/3038/2 1703/3039/2
f 1703/3040/3 1704/3041/3 1702/3042/3 1701/3043/3
f 1701/3044/4 1702/3045/4 1698/3046/4 1697/3047/4
f 1699/3048/5 1703/3049/5 1701/3050/5 1697/3051/5
f 1704/3052/6 1700/3053/6 1698/3054/6 1702/3055/6
f 1705/3056/1 1706/3057/1 1708/3058/1 1707/3059/1
f 1707/3060/2 1708/3061/2 1712/3062/2 1711/3063/2
f 1711/3064/3 1712/3065/3 1710/3066/3 1709/3067/3
f 1709/3068/4 1710/3069/4 1706/3070/4 1705/3071/4
f 1707/3072/5 1711/3073/5 1709/3074/5 1705/3075/5
f 1712/3076/6 1708/3077/6 1706/3078/6 1710/3079/6
f 1713/3080/1 1714/3081/1 1716/3082/1 1715/3083/1
f 1715/3084/2 1716/3085/2 1720/3086/2 1719/3087/2
f 1719/3088/3 1720/3089/3 1718/3090/3 1717/3091/3
f 1717/3092/4 1718/3093/4 1714/3094/4 1713/3095/4
f 1715/3096/5 1719/3097/5 1717/3098/5 1713/3099/5
f 1720/3100/6 1716/3101/6 1714/3102/6 1718/3103/6
f 1721/3104/1 1722/3105/1 1724/3106/1 1723/3107/1
f 1723/3108/2 1724/3109/2 1728/3110/2 1727/3111/2
f 1727/3112/3 1728/3113/3 1726/3114/3 1725/3115/3
f 1725/3116/4 1726/3117/4 1722/3118/4 1721/3119/4
f 1723/3120/5 1727/3121/5 1725/3122/5 1721/3123/5
f 1728/3124/6 1724/3125/6 1722/3126/6 1726/3127/6
f 1729/3128/1 1730/3129/1 1732/3130/1 1731/3131/1
f 1731/3132/2 1732/3133/2 1736/3134/2 1735/3135/2
f 1735/3136/3 1736/3137/3 1734/3138/3 1733/3139/3
f 1733/3140/4 1734/3141/4 1730/3142/4 1729/3143/4
f 1731/3144/5 1735/3145/5 1733/3146/5 1729/3147/5
f 1736/3148/6 1732/3149/6 1730/3150/6 1734/3151/6
f 1737/3152/1 1738/3153/1 1740/3154/1 1739/3155/1
f 1739/3156/2 1740/3157/2 1744/3158/2 1743/3159/2
f 1743/3160/3 1744/3161/3 1742/3162/3 1741/3163/3
f 1741/3164/4 1742/3165/4 1738/3166/4 1737/3167/4
f 1739/3168/5 1743/3169/5 1741/3170/5 1737/3171/5
f 1744/3172/6 1740/3173/6 1738/3174/6 1742/3175/6
f 1745/3176/1 1746/3177/1 1748/3178/1 1747/3179/1
f 1747/3180/2 1748/3181/2 1752/3182/2 1751/3183/2
f 1751/3184/3 1752/3185/3 1750/3186/3 1749/3187/3
f 1749/3188/4 1750/3189/4 1746/3190/4 1745/3191/4
f 1747/3192/5 1751/3193/5 1749/3194/5 1745/3195/5
f 1752/3196/6 1748/3197/6 1746/3198/6 1750/3199/6
f 1753/3200/1 1754/3201/1 1756/3202/1 1755/3203/1
f 1755/3204/2 1756/3205/2 1760/3206/2 1759/3207/2
f 1759/3208/3 1760/3209/3 1758/3210/3 1757/3211/3
f 1757/3212/4 1758/3213/4 1754/3214/4 1753/3215/4
f 1755/3216/5 1759/3217/5 1757/3218/5 1753/3219/5
f 1760/3220/6 1756/3221/6 1754/3222/6 1758/3223/6
f 1761/3224/1 1762/3225/1 1764/3226/1 1763/3227/1
f 1763/3228/2 1764/3229/2 1768/3230/2 1767/3231/2
f 1767/3232/3 1768/3233/3 1766/3234/3 1765/3235/3
f 1765/3236/4 1766/3237/4 1762/3238/4 1761/3239/4
f 1763/3240/5 1767/3241/5 1765/3242/5 1761/3243/5
f 1768/3244/6 1764/3245/6 1762/3246/6 1766/3247/6
f 1769/3248/1 1770/3249/1 1772/3250/1 1771/3251/1
f 1771/3252/2 1772/3253/2 1776/3254/2 1775/3255/2
f 1775/3256/3 1776/3257/3 1774/3258/3 1773/3259/3
f 1773/3260/4 1774/3261/4 1770/3262/4 1769/3263/4
f 1771/3264/5 1775/3265/5 1773/3266/5 1769/3267/5
f 1776/3268/6 1772/3269/6 1770/3270/6 1774/3271/6
f 1777/3272/1 1778/3273/1 1780/3274/1 1779/3275/1
f 1779/3276/2 1780/3277/2 1784/3278/2 1783/3279/2
f 1783/3280/3 1784/3281/3 1782/3282/3 1781/3283/3
f 1781/3284/4 1782/3285/4 1778/3286/4 1777/3287/4
f 1779/3288/5 1783/3289/5 1781/3290/5 1777/3291/5
f 1784/3292/6 1780/3293/6 1778/3294/6 1782/3295/6
f 1785/3296/1 1786/3297/1 1788/3298/1 1787/3299/1
f 1787/3300/2 1788/3301/2 1792/3302/2 1791/3303/2
f 1791/3304/3 1792/3305/3 1790/3306/3 1789/3307/3
f 1789/3308/4 1790/3309/4 1786/3310/4 1785/3311/4
f 1787/3312/5 1791/3313/5 1789/3314/5 1785/3315/5
f 1792/3316/6 1788/3317/6 1786/3318/6 1790/3319/6
f 1793/3320/1 1794/3321/1 1796/3322/1 1795/3323/1
f 1795/3324/2 1796/3325/2 1800/3326/2 1799/3327/2
f 1799/3328/3 1800/3329/3 1798/3330/3 1797/3331/3
f 1797/3332/4 1798/3333/4 1794/3334/4 1793/3335/4
f 1795/3336/5 1799/3337/5 1797/3338/5 1793/3339/5
f 1800/3340/6 1796/3341/6 1794/3342/6 1798/3343/6
f 1801/3344/1 1802/3345/1 1804/3346/1 1803/3347/1
f 1803/3348/2 1804/3349/2 1808/3350/2 1807/3351/2
f 1807/3352/3 1808/3353/3 1806/3354/3 1805/3355/3
f 1805/3356/4 1806/3357/4 1802/3358/4 1801/3359/4
f 1803/3360/5 1807/3361/5 1805/3362/5 1801/3363/5
f 1808/3364/6 1804/3365/6 1802/3366/6 1806/3367/6
f 1809/3368/1 1810/3369/1 1812/3370/1 1811/3371/1
f 1811/3372/2 1812/3373/2 1816/3374/2 1815/3375/2
f 1815/3376/3 1816/3377/3 1814/3378/3 1813/3379/3
f 1813/3380/4 1814/3381/4 1810/3382/4 1809/3383/4
f 1811/3384/5 1815/3385/5 1813/3386/5 1809/3387/5
f 1816/3388/6 1812/3389/6 1810/3390/6 1814/3391/6
s 1
f 1817/3392/5 1829/3393/1009 1830/3394/1010 1818/3395/1011
f 1818/3396/1011 1830/3397/1010 1831/3398/1012 1819/3399/1013
f 1819/3399/1013 1831/3398/1012 1832/3400/1014 1820/3401/1015
f 1820/3401/1015 1832/3400/1014 1833/3402/1016 1821/3403/1017
f 1821/3404/1017 1833/3405/1016 1834/3406/1018 1822/3407/1019
f 1822/3407/1019 1834/3406/1018 1835/3408/1020 1823/3409/6
f 1823/3409/6 1835/3408/1020 1836/3410/1021 1824/3411/1022
f 1824/3411/1022 1836/3410/1021 1837/3412/1023 1825/3413/1024
f 1825/3414/1024 1837/3415/1023 1838/3416/1025 1826/3417/1026
f 1826/3417/1026 1838/3416/1025 1839/3418/1027 1827/3419/1028
f 1827/3419/1028 1839/3418/1027 1840/3420/1029 1828/3421/1030
f 1828/3422/1030 1840/3423/1029 1829/3393/1009 1817/3392/5
f 1829/3393/1009 1841/3424/1031 1842/3425/1032 1830/3394/1010
f 1830/3397/1010 1842/3426/1032 1843/3427/1033 1831/3398/1012
f 1831/3398/1012 1843/3427/1033 1844/3428/1034 1832/3400/1014
f 1832/3400/1014 1844/3428/1034 1845/3429/1035 1833/3402/1016
f 1833/3402/1016 1845/3429/1035 1846/3430/1036 1834/3431/1018
f 1834/3406/1018 1846/3432/1036 1847/3433/1037 1835/3408/1020
f 1835/3408/1020 1847/3433/1037 1848/3434/1038 1836/3410/1021
f 1836/3410/1021 1848/3434/1038 1849/3435/1039 1837/3412/1023
f 1837/3415/1023 1849/3436/1039 1850/3437/1040 1838/3416/1025
f 1838/3416/1025 1850/3437/1040 1851/3438/1041 1839/3418/1027
f 1839/3418/1027 1851/3438/1041 1852/3439/1042 1840/3420/1029
f 1840/3423/1029 1852/3440/1042 1841/3424/1031 1829/3393/1009
f 1841/3424/1031 1853/3441/1043 1854/3442/1044 1842/3425/1032
f 1842/3426/1032 1854/3443/1044 1855/3444/1045 1843/3427/1033
f 1843/3427/1033 1855/3444/1045 1856/3445/1046 1844/3428/1034
f 1844/3428/1034 1856/3445/1046 1857/3446/1047 1845/3429/1035
f 1845/3429/1035 1857/3446/1047 1858/3447/1048 1846/3430/1036
f 1846/3432/1036 1858/3448/1048 1859/3449/1049 1847/3433/1037
f 1847/3433/1037 1859/3449/1049 1860/3450/1050 1848/3434/1038
f 1848/3451/1038 1860/3452/1050 1861/3453/1051 1849/3436/1039
f 1849/3436/1039 1861/3453/1051 1862/3454/1052 1850/3437/1040
f 1850/3437/1040 1862/3454/1052 1863/3455/1053 1851/3438/1041
f 1851/3438/1041 1863/3455/1053 1864/3456/1054 1852/3439/1042
f 1852/3440/1042 1864/3457/1054 1853/3441/1043 1841/3424/1031
f 1853/3441/1043 1865/3458/1055 1866/3459/1056 1854/3442/1044
f 1854/3443/1044 1866/3460/1056 1867/3461/1057 1855/3444/1045
f 1855/3444/1045 1867/3461/1057 1868/3462/1058 1856/3445/1046
f 1856/3445/1046 1868/3462/1058 1869/3463/1059 1857/3446/1047
f 1857/3446/1047 1869/3463/1059 1870/3464/1060 1858/3447/1048
f 1858/3448/1048 1870/3465/1060 1871/3466/1061 1859/3449/1049
f 1859/3449/1049 1871/3466/1061 1872/3467/1062 1860/3450/1050
f 1860/3452/1050 1872/3468/1062 1873/3469/1063 1861/3453/1051
f 1861/3453/1051 1873/3469/1063 1874/3470/1064 1862/3454/1052
f 1862/3454/1052 1874/3470/1064 1875/3471/1065 1863/3455/1053
f 1863/3455/1053 1875/3471/1065 1876/3472/1066 1864/3456/1054
f 1864/3457/1054 1876/3473/1066 1865/3458/1055 1853/3441/1043
f 1865/3458/1055 1877/3474/1067 1878/3475/1068 1866/3459/1056
f 1866/3460/1056 1878/3476/1068 1879/3477/1069 1867/3461/1057
f 1867/3461/1057 1879/3477/1069 1880/3478/1070 1868/3462/1058
f 1868/3462/1058 1880/3478/1070 1881/3479/1071 1869/3463/1059
f 1869/3463/1059 1881/3479/1071 1882/3480/1072 1870/3464/1060
f 1870/3465/1060 1882/3481/1072 1883/3482/1073 1871/3466/1061
f 1871/3466/1061 1883/3482/1073 1884/3483/1074 1872/3467/1062
f 1872/3468/1062 1884/3484/1074 1885/3485/1075 1873/3469/1063
f 1873/3469/1063 1885/3485/1075 1886/3486/1076 1874/3470/1064
f 1874/3470/1064 1886/3486/1076 1887/3487/1077 1875/3471/1065
f 1875/3471/1065 1887/3487/1077 1888/3488/1078 1876/3472/1066
f 1876/3473/1066 1888/3489/1078 1877/3474/1067 1865/3458/1055
f 1877/3474/1067 1889/3490/1079 1890/3491/1080 1878/3475/1068
f 1878/3476/1068 1890/3492/1080 1891/3493/1081 1879/3477/1069
f 1879/3477/1069 1891/3493/1081 1892/3494/1082 1880/3478/1070
f 1880/3478/1070 1892/3494/1082 1893/3495/1083 1881/3479/1071
f 1881/3479/1071 1893/3495/1083 1894/3496/1084 1882/3480/1072
f 1882/3481/1072 1894/3497/1084 1895/3498/1085 1883/3482/1073
f 1883/3482/1073 1895/3498/1085 1896/3499/1086 1884/3483/1074
f 1884/3484/1074 1896/3500/1086 1897/3501/1087 1885/3485/1075
f 1885/3485/1075 1897/3501/1087 1898/3502/1088 1886/3486/1076
f 1886/3486/1076 1898/3502/1088 1899/3503/1089 1887/3487/1077
f 1887/3487/1077 1899/3503/1089 1900/3504/1090 1888/3488/1078
f 1888/3489/1078 1900/3505/1090 1889/3490/1079 1877/3474/1067
f 1889/3506/1079 1901/3507/1091 1902/3508/1092 1890/3509/1080
f 1890/3492/1080 1902/3510/1092 1903/3511/1093 1891/3493/1081
f 1891/3493/1081 1903/3511/1093 1904/3512/1094 1892/3494/1082
f 1892/3494/1082 1904/3512/1094 1905/3513/1095 1893/3495/1083
f 1893/3495/1083 1905/3513/1095 1906/3514/1096 1894/3496/1084
f 1894/3515/1084 1906/3516/1096 1907/3517/1097 1895/3518/1085
f 1895/3518/1085 1907/3517/1097 1908/3519/1098 1896/3520/1086
f 1896/3500/1086 1908/3521/1098 1909/3522/1099 1897/3501/1087
f 1897/3501/1087 1909/3522/1099 1910/3523/1100 1898/3502/1088
f 1898/3502/1088 1910/3523/1100 1911/3524/1101 1899/3503/1089
f 1899/3503/1089 1911/3524/1101 1912/3525/1102 1900/3504/1090
f 1900/3526/1090 1912/3527/1102 1901/3507/1091 1889/3506/1079
f 1901/3507/1091 1913/3528/1103 1914/3529/1104 1902/3508/1092
f 1902/3510/1092 1914/3530/1104 1915/3531/1105 1903/3511/1093
f 1903/3511/1093 1915/3531/1105 1916/3532/1106 1904/3512/1094
f 1904/3512/1094 1916/3532/1106 1917/3533/1107 1905/3513/1095
f 1905/3513/1095 1917/3533/1107 1918/3534/1108 1906/3514/1096
f 1906/3516/1096 1918/3535/1108 1919/3536/1109 1907/3517/1097
f 1907/3517/1097 1919/3536/1109 1920/3537/1110 1908/3519/1098
f 1908/3521/1098 1920/3538/1110 1921/3539/1111 1909/3522/1099
f 1909/3522/1099 1921/3539/1111 1922/3540/1112 1910/3523/1100
f 1910/3523/1100 1922/3540/1112 1923/3541/1113 1911/3524/1101
f 1911/3524/1101 1923/3541/1113 1924/3542/1114 1912/3525/1102
f 1912/3527/1102 1924/3543/1114 1913/3528/1103 1901/3507/1091
f 1913/3528/1103 1925/3544/1115 1926/3545/1116 1914/3529/1104
f 1914/3530/1104 1926/3546/1116 1927/3547/1117 1915/3531/1105
f 1915/3531/1105 1927/3547/1117 1928/3548/1118 1916/3532/1106
f 1916/3532/1106 1928/3548/1118 1929/3549/1119 1917/3533/1107
f 1917/3533/1107 1929/3549/1119 1930/3550/1120 1918/3534/1108
f 1918/3535/1108 1930/3551/1120 1931/3552/1121 1919/3536/1109
f 1919/3536/1109 1931/3552/1121 1932/3553/1122 1920/3537/1110
f 1920/3537/1110 1932/3553/1122 1933/3554/1123 1921/3555/1111
f 1921/3539/1111 1933/3556/1123 1934/3557/1124 1922/3540/1112
f 1922/3540/1112 1934/3557/1124 1935/3558/1125 1923/3541/1113
f 1923/3541/1113 1935/3558/1125 1936/3559/1126 1924/3542/1114
f 1924/3543/1114 1936/3560/1126 1925/3544/1115 1913/3528/1103
f 1925/3544/1115 1937/3561/1127 1938/3562/1128 1926/3545/1116
f 1926/3546/1116 1938/3563/1128 1939/3564/1129 1927/3547/1117
f 1927/3547/1117 1939/3564/1129 1940/3565/1130 1928/3548/1118
f 1928/3548/1118 1940/3565/1130 1941/3566/1131 1929/3549/1119
f 1929/3549/1119 1941/3566/1131 1942/3567/1132 1930/3550/1120
f 1930/3551/1120 1942/3568/1132 1943/3569/1133 1931/3552/1121
f 1931/3552/1121 1943/3569/1133 1944/3570/1134 1932/3553/1122
f 1932/3553/1122 1944/3570/1134 1945/3571/1135 1933/3554/1123
f 1933/3556/1123 1945/3572/1135 1946/3573/1136 1934/3557/1124
f 1934/3557/1124 1946/3573/1136 1947/3574/1137 1935/3558/1125
f 1935/3558/1125 1947/3574/1137 1948/3575/1138 1936/3559/1126
f 1936/3560/1126 1948/3576/1138 1937/3561/1127 1925/3544/1115
f 1937/3561/1127 1949/3577/1139 1950/3578/1140 1938/3562/1128
f 1938/3563/1128 1950/3579/1140 1951/3580/1141 1939/3564/1129
f 1939/3564/1129 1951/3580/1141 1952/3581/1142 1940/3565/1130
f 1940/3565/1130 1952/3581/1142 1953/3582/1143 1941/3566/1131
f 1941/3566/1131 1953/3582/1143 1954/3583/1144 1942/3567/1132
f 1942/3568/1132 1954/3584/1144 1955/3585/1145 1943/3569/1133
f 1943/3569/1133 1955/3585/1145 1956/3586/1146 1944/3570/1134
f 1944/3570/1134 1956/3586/1146 1957/3587/1147 1945/3571/1135
f 1945/3572/1135 1957/3588/1147 1958/3589/1148 1946/3573/1136
f 1946/3573/1136 1958/3589/1148 1959/3590/1149 1947/3574/1137
f 1947/3574/1137 1959/3590/1149 1960/3591/1150 1948/3575/1138
f 1948/3576/1138 1960/3592/1150 1949/3577/1139 1937/3561/1127
f 1949/3577/1139 1961/3593/2 1962/3594/1151 1950/3578/1140
f 1950/3578/1140 1962/3594/1151 1963/3595/1152 1951/3596/1141
f 1951/3580/1141 1963/3597/1152 1964/3598/1153 1952/3581/1142
f 1952/3581/1142 1964/3598/1153 1965/3599/1154 1953/3582/1143
f 1953/3582/1143 1965/3599/1154 1966/3600/1155 1954/3583/1144
f 1954/3584/1144 1966/3601/1155 1967/3602/4 1955/3585/1145
f 1955/3585/1145 1967/3602/4 1968/3603/1156 1956/3586/1146
f 1956/3586/1146 1968/3603/1156 1969/3604/1157 1957/3587/1147
f 1957/3588/1147 1969/3605/1157 1970/3606/1158 1958/3589/1148
f 1958/3589/1148 1970/3606/1158 1971/3607/1159 1959/3590/1149
f 1959/3590/1149 1971/3607/1159 1972/3608/1160 1960/3591/1150
f 1960/3592/1150 1972/3609/1160 1961/3593/2 1949/3577/1139
f 1961/3593/2 1973/3610/1161 1974/3611/1162 1962/3594/1151
f 1962/3594/1151 1974/3611/1162 1975/3612/1163 1963/3595/1152
f 1963/3597/1152 1975/3613/1163 1976/3614/1164 1964/3598/1153
f 1964/3598/1153 1976/3614/1164 1977/3615/1165 1965/3599/1154
f 1965/3599/1154 1977/3615/1165 1978/3616/1166 1966/3600/1155
f 1966/3601/1155 1978/3617/1166 1979/3618/1167 1967/3602/4
f 1967/3602/4 1979/3618/1167 1980/3619/1168 1968/3603/1156
f 1968/3603/1156 1980/3619/1168 1981/3620/1169 1969/3604/1157
f 1969/3605/1157 1981/3621/1169 1982/3622/1170 1970/3606/1158
f 1970/3606/1158 1982/3622/1170 1983/3623/1171 1971/3607/1159
f 1971/3607/1159 1983/3623/1171 1984/3624/1172 1972/3608/1160
f 1972/3609/1160 1984/3625/1172 1973/3610/1161 1961/3593/2
f 1973/3610/1161 1985/3626/1173 1986/3627/1174 1974/3611/1162
f 1974/3628/1162 1986/3629/1174 1987/3630/1175 1975/3613/1163
f 1975/3613/1163 1987/3630/1175 1988/3631/1176 1976/3614/1164
f 1976/3614/1164 1988/3631/1176 1989/3632/1177 1977/3615/1165
f 1977/3615/1165 1989/3632/1177 1990/3633/1178 1978/3616/1166
f 1978/3617/1166 1990/3634/1178 1991/3635/1179 1979/3618/1167
f 1979/3618/1167 1991/3635/1179 1992/3636/1180 1980/3619/1168
f 1980/3619/1168 1992/3636/1180 1993/3637/1181 1981/3620/1169
f 1981/3621/1169 1993/3638/1181 1994/3639/1182 1982/3622/1170
f 1982/3622/1170 1994/3639/1182 1995/3640/1183 1983/3623/1171
f 1983/3623/1171 1995/3640/1183 1996/3641/1184 1984/3624/1172
f 1984/3625/1172 1996/3642/1184 1985/3626/1173 1973/3610/1161
f 1985/3626/1173 1997/3643/1185 1998/3644/1186 1986/3627/1174
f 1986/3629/1174 1998/3645/1186 1999/3646/1187 1987/3630/1175
f 1987/3630/1175 1999/3646/1187 2000/3647/1188 1988/3631/1176
f 1988/3631/1176 2000/3647/1188 2001/3648/1189 1989/3632/1177
f 1989/3632/1177 2001/3648/1189 2002/3649/1190 1990/3633/1178
f 1990/3634/1178 2002/3650/1190 2003/3651/1191 1991/3635/1179
f 1991/3635/1179 2003/3651/1191 2004/3652/1192 1992/3636/1180
f 1992/3636/1180 2004/3652/1192 2005/3653/1193 1993/3637/1181
f 1993/3638/1181 2005/3654/1193 2006/3655/1194 1994/3639/1182
f 1994/3639/1182 2006/3655/1194 2007/3656/1195 1995/3640/1183
f 1995/3640/1183 2007/3656/1195 2008/3657/1196 1996/3641/1184
f 1996/3642/1184 2008/3658/1196 1997/3643/1185 1985/3626/1173
f 1997/3643/1185 2009/3659/1197 2010/3660/1198 1998/3644/1186
f 1998/3645/1186 2010/3661/1198 2011/3662/1199 1999/3646/1187
f 1999/3646/1187 2011/3662/1199 2012/3663/1200 2000/3647/1188
f 2000/3647/1188 2012/3663/1200 2013/3664/1201 2001/3648/1189
f 2001/3648/1189 2013/3664/1201 2014/3665/1202 2002/3649/1190
f 2002/3650/1190 2014/3666/1202 2015/3667/1203 2003/3651/1191
f 2003/3651/1191 2015/3667/1203 2016/3668/1204 2004/3652/1192
f 2004/3652/1192 2016/3668/1204 2017/3669/1205 2005/3653/1193
f 2005/3654/1193 2017/3670/1205 2018/3671/1206 2006/3655/1194
f 2006/3655/1194 2018/3671/1206 2019/3672/1207 2007/3656/1195
f 2007/3656/1195 2019/3672/1207 2020/3673/1208 2008/3657/1196
f 2008/3658/1196 2020/3674/1208 2009/3659/1197 1997/3643/1185
f 2009/3659/1197 2021/3675/1209 2022/3676/1210 2010/3660/1198
f 2010/3661/1198 2022/3677/1210 2023/3678/1211 2011/3662/1199
f 2011/3662/1199 2023/3678/1211 2024/3679/1212 2012/3663/1200
f 2012/3663/1200 2024/3679/1212 2025/3680/1213 2013/3664/1201
f 2013/3664/1201 2025/3680/1213 2026/3681/1214 2014/3665/1202
f 2014/3666/1202 2026/3682/1214 2027/3683/1215 2015/3667/1203
f 2015/3667/1203 2027/3683/1215 2028/3684/1216 2016/3668/1204
f 2016/3685/1204 2028/3686/1216 2029/3687/1217 2017/3670/1205
f 2017/3670/1205 2029/3687/1217 2030/3688/1218 2018/3671/1206
f 2018/3671/1206 2030/3688/1218 2031/3689/1219 2019/3672/1207
f 2019/3672/1207 2031/3689/1219 2032/3690/1220 2020/3673/1208
f 2020/3674/1208 2032/3691/1220 2021/3675/1209 2009/3659/1197
f 2021/3675/1209 2033/3692/1221 2034/3693/1222 2022/3676/1210
f 2022/3677/1210 2034/3694/1222 2035/3695/1223 2023/3678/1211
f 2023/3678/1211 2035/3695/1223 2036/3696/1224 2024/3679/1212
f 2024/3679/1212 2036/3696/1224 2037/3697/1225 2025/3680/1213
f 2025/3680/1213 2037/3697/1225 2038/3698/1226 2026/3681/1214
f 2026/3682/1214 2038/3699/1226 2039/3700/1227 2027/3683/1215
f 2027/3683/1215 2039/3700/1227 2040/3701/1228 2028/3684/1216
f 2028/3686/1216 2040/3702/1228 2041/3703/1229 2029/3687/1217
f 2029/3687/1217 2041/3703/1229 2042/3704/1230 2030/3688/1218
f 2030/3688/1218 2042/3704/1230 2043/3705/1231 2031/3689/1219
f 2031/3689/1219 2043/3705/1231 2044/3706/1232 2032/3690/1220
f 2032/3691/1220 2044/3707/1232 2033/3692/1221 2021/3675/1209
f 2033/3708/1221 2045/3709/1233 2046/3710/1234 2034/3711/1222
f 2034/3694/1222 2046/3712/1234 2047/3713/1235 2035/3695/1223
f 2035/3695/1223 2047/3713/1235 2048/3714/1236 2036/3696/1224
f 2036/3696/1224 2048/3714/1236 2049/3715/1237 2037/3697/1225
f 2037/3697/1225 2049/3715/1237 2050/3716/1238 2038/3698/1226
f 2038/3717/1226 2050/3718/1238 2051/3719/1239 2039/3720/1227
f 2039/3720/1227 2051/3719/1239 2052/3721/1240 2040/3722/1228
f 2040/3702/1228 2052/3723/1240 2053/3724/1241 2041/3703/1229
f 2041/3703/1229 2053/3724/1241 2054/3725/1242 2042/3704/1230
f 2042/3704/1230 2054/3725/1242 2055/3726/1243 2043/3705/1231
f 2043/3705/1231 2055/3726/1243 2056/3727/1244 2044/3706/1232
f 2044/3728/1232 2056/3729/1244 2045/3709/1233 2033/3708/1221
f 2045/3709/1233 2057/3730/1245 2058/3731/1246 2046/3710/1234
f 2046/3712/1234 2058/3732/1246 2059/3733/1247 2047/3713/1235
f 2047/3713/1235 2059/3733/1247 2060/3734/1248 2048/3714/1236
f 2048/3714/1236 2060/3734/1248 2061/3735/1249 2049/3715/1237
f 2049/3715/1237 2061/3735/1249 2062/3736/1250 2050/3716/1238
f 2050/3718/1238 2062/3737/1250 2063/3738/1251 2051/3719/1239
f 2051/3719/1239 2063/3738/1251 2064/3739/1252 2052/3721/1240
f 2052/3723/1240 2064/3740/1252 2065/3741/1253 2053/3724/1241
f 2053/3724/1241 2065/3741/1253 2066/3742/1254 2054/3725/1242
f 2054/3725/1242 2066/3742/1254 2067/3743/1255 2055/3726/1243
f 2055/3726/1243 2067/3743/1255 2068/3744/1256 2056/3727/1244
f 2056/3729/1244 2068/3745/1256 2057/3730/1245 2045/3709/1233
f 2057/3730/1245 2069/3746/1257 2070/3747/1258 2058/3731/1246
f 2058/3732/1246 2070/3748/1258 2071/3749/1259 2059/3733/1247
f 2059/3733/1247 2071/3749/1259 2072/3750/1260 2060/3734/1248
f 2060/3734/1248 2072/3750/1260 2073/3751/1261 2061/3735/1249
f 2061/3735/1249 2073/3751/1261 2074/3752/1262 2062/3736/1250
f 2062/3737/1250 2074/3753/1262 2075/3754/1263 2063/3738/1251
f 2063/3738/1251 2075/3754/1263 2076/3755/1264 2064/3739/1252
f 2064/3740/1252 2076/3756/1264 2077/3757/1265 2065/3741/1253
f 2065/3741/1253 2077/3757/1265 2078/3758/1266 2066/3742/1254
f 2066/3742/1254 2078/3758/1266 2079/3759/1267 2067/3743/1255
f 2067/3743/1255 2079/3759/1267 2080/3760/1268 2068/3744/1256
f 2068/3745/1256 2080/3761/1268 2069/3746/1257 2057/3730/1245
f 2069/3746/1257 2081/3762/1269 2082/3763/1270 2070/3747/1258
f 2070/3748/1258 2082/3764/1270 2083/3765/1271 2071/3749/1259
f 2071/3749/1259 2083/3765/1271 2084/3766/1272 2072/3750/1260
f 2072/3750/1260 2084/3766/1272 2085/3767/1273 2073/3751/1261
f 2073/3751/1261 2085/3767/1273 2086/3768/1274 2074/3752/1262
f 2074/3753/1262 2086/3769/1274 2087/3770/1275 2075/3754/1263
f 2075/3754/1263 2087/3770/1275 2088/3771/1276 2076/3755/1264
f 2076/3756/1264 2088/3772/1276 2089/3773/1277 2077/3757/1265
f 2077/3757/1265 2089/3773/1277 2090/3774/1278 2078/3758/1266
f 2078/3758/1266 2090/3774/1278 2091/3775/1279 2079/3759/1267
f 2079/3759/1267 2091/3775/1279 2092/3776/1280 2080/3760/1268
f 2080/3761/1268 2092/3777/1280 2081/3762/1269 2069/3746/1257
f 2081/3762/1269 2093/3778/1281 2094/3779/1282 2082/3763/1270
f 2082/3764/1270 2094/3780/1282 2095/3781/1283 2083/3765/1271
f 2083/3765/1271 2095/3781/1283 2096/3782/1284 2084/3766/1272
f 2084/3766/1272 2096/3782/1284 2097/3783/1285 2085/3767/1273
f 2085/3767/1273 2097/3783/1285 2098/3784/1286 2086/3768/1274
f 2086/3769/1274 2098/3785/1286 2099/3786/1287 2087/3770/1275
f 2087/3770/1275 2099/3786/1287 2100/3787/1288 2088/3771/1276
f 2088/3772/1276 2100/3788/1288 2101/3789/1289 2089/3773/1277
f 2089/3773/1277 2101/3789/1289 2102/3790/1290 2090/3774/1278
f 2090/3774/1278 2102/3790/1290 2103/3791/1291 2091/3775/1279
f 2091/3775/1279 2103/3791/1291 2104/3792/1292 2092/3776/1280
f 2092/3777/1280 2104/3793/1292 2093/3778/1281 2081/3762/1269
f 2093/3778/1281 2105/3794/6 2106/3795/1293 2094/3779/1282
f 2094/3779/1282 2106/3795/1293 2107/3796/1294 2095/3797/1283
f 2095/3781/1283 2107/3798/1294 2108/3799/1295 2096/3782/1284
f 2096/3782/1284 2108/3799/1295 2109/3800/1296 2097/3783/1285
f 2097/3783/1285 2109/3800/1296 2110/3801/1297 2098/3784/1286
f 2098/3785/1286 2110/3802/1297 2111/3803/5 2099/3786/1287
f 2099/3786/1287 2111/3803/5 2112/3804/1298 2100/3787/1288
f 2100/3788/1288 2112/3805/1298 2113/3806/1299 2101/3789/1289
f 2101/3789/1289 2113/3806/1299 2114/3807/1300 2102/3790/1290
f 2102/3790/1290 2114/3807/1300 2115/3808/1301 2103/3791/1291
f 2103/3809/1291 2115/3810/1301 2116/3811/1302 2104/3793/1292
f 2104/3793/1292 2116/3811/1302 2105/3794/6 2093/3778/1281
f 2105/3794/6 2117/3812/1020 2118/3813/1303 2106/3795/1293
f 2106/3795/1293 2118/3813/1303 2119/3814/1304 2107/3796/1294
f 2107/3798/1294 2119/3815/1304 2120/3816/1305 2108/3799/1295
f 2108/3799/1295 2120/3816/1305 2121/3817/1306 2109/3800/1296
f 2109/3800/1296 2121/3817/1306 2122/3818/1307 2110/3801/1297
f 2110/3802/1297 2122/3819/1307 2123/3820/1009 2111/3803/5
f 2111/3803/5 2123/3820/1009 2124/3821/1308 2112/3804/1298
f 2112/3805/1298 2124/3822/1308 2125/3823/1309 2113/3806/1299
f 2113/3806/1299 2125/3823/1309 2126/3824/1310 2114/3807/1300
f 2114/3807/1300 2126/3824/1310 2127/3825/1311 2115/3808/1301
f 2115/3810/1301 2127/3826/1311 2128/3827/1312 2116/3811/1302
f 2116/3811/1302 2128/3827/1312 2117/3812/1020 2105/3794/6
f 2117/3812/1020 2129/3828/1037 2130/3829/1313 2118/3813/1303
f 2118/3830/1303 2130/3831/1313 2131/3832/1314 2119/3815/1304
f 2119/3815/1304 2131/3832/1314 2132/3833/1315 2120/3816/1305
f 2120/3816/1305 2132/3833/1315 2133/3834/1316 2121/3817/1306
f 2121/3817/1306 2133/3834/1316 2134/3835/1317 2122/3818/1307
f 2122/3819/1307 2134/3836/1317 2135/3837/1031 2123/3820/1009
f 2123/3820/1009 2135/3837/1031 2136/3838/1318 2124/3821/1308
f 2124/3822/1308 2136/3839/1318 2137/3840/1319 2125/3823/1309
f 2125/3823/1309 2137/3840/1319 2138/3841/1320 2126/3824/1310
f 2126/3824/1310 2138/3841/1320 2139/3842/1321 2127/3825/1311
f 2127/3826/1311 2139/3843/1321 2140/3844/1322 2128/3827/1312
f 2128/3827/1312 2140/3844/1322 2129/3828/1037 2117/3812/1020
f 2129/3828/1037 2141/3845/1049 2142/3846/1323 2130/3829/1313
f 2130/3831/1313 2142/3847/1323 2143/3848/1324 2131/3832/1314
f 2131/3832/1314 2143/3848/1324 2144/3849/1325 2132/3833/1315
f 2132/3833/1315 2144/3849/1325 2145/3850/1326 2133/3834/1316
f 2133/3834/1316 2145/3850/1326 2146/3851/1327 2134/3835/1317
f 2134/3836/1317 2146/3852/1327 2147/3853/1043 2135/3837/1031
f 2135/3837/1031 2147/3853/1043 2148/3854/1328 2136/3838/1318
f 2136/3839/1318 2148/3855/1328 2149/3856/1329 2137/3840/1319
f 2137/3840/1319 2149/3856/1329 2150/3857/1330 2138/3841/1320
f 2138/3841/1320 2150/3857/1330 2151/3858/1331 2139/3842/1321
f 2139/3842/1321 2151/3858/1331 2152/3859/1332 2140/3860/1322
f 2140/3844/1322 2152/3861/1332 2141/3845/1049 2129/3828/1037
f 2141/3845/1049 2153/3862/1061 2154/3863/1333 2142/3846/1323
f 2142/3847/1323 2154/3864/1333 2155/3865/1334 2143/3848/1324
f 2143/3848/1324 2155/3865/1334 2156/3866/1335 2144/3849/1325
f 2144/3849/1325 2156/3866/1335 2157/3867/1336 2145/3850/1326
f 2145/3850/1326 2157/3867/1336 2158/3868/1337 2146/3851/1327
f 2146/3852/1327 2158/3869/1337 2159/3870/1055 2147/3853/1043
f 2147/3853/1043 2159/3870/1055 2160/3871/1338 2148/3854/1328
f 2148/3855/1328 2160/3872/1338 2161/3873/1339 2149/3856/1329
f 2149/3856/1329 2161/3873/1339 2162/3874/1340 2150/3857/1330
f 2150/3857/1330 2162/3874/1340 2163/3875/1341 2151/3858/1331
f 2151/3858/1331 2163/3875/1341 2164/3876/1342 2152/3859/1332
f 2152/3861/1332 2164/3877/1342 2153/3862/1061 2141/3845/1049
f 2153/3862/1061 2165/3878/1073 2166/3879/1343 2154/3863/1333
f 2154/3864/1333 2166/3880/1343 2167/3881/1344 2155/3865/1334
f 2155/3865/1334 2167/3881/1344 2168/3882/1345 2156/3866/1335
f 2156/3866/1335 2168/3882/1345 2169/3883/1346 2157/3867/1336
f 2157/3867/1336 2169/3883/1346 2170/3884/1347 2158/3868/1337
f 2158/3869/1337 2170/3885/1347 2171/3886/1067 2159/3870/1055
f 2159/3870/1055 2171/3886/1067 2172/3887/1348 2160/3871/1338
f 2160/3872/1338 2172/3888/1348 2173/3889/1349 2161/3873/1339
f 2161/3873/1339 2173/3889/1349 2174/3890/1350 2162/3874/1340
f 2162/3874/1340 2174/3890/1350 2175/3891/1351 2163/3875/1341
f 2163/3875/1341 2175/3891/1351 2176/3892/1352 2164/3876/1342
f 2164/3877/1342 2176/3893/1352 2165/3878/1073 2153/3862/1061
f 2165/3878/1073 2177/3894/1085 2178/3895/1353 2166/3879/1343
f 2166/3880/1343 2178/3896/1353 2179/3897/1354 2167/3881/1344
f 2167/3881/1344 2179/3897/1354 2180/3898/1355 2168/3882/1345
f 2168/3882/1345 2180/3898/1355 2181/3899/1356 2169/3883/1346
f 2169/3883/1346 2181/3899/1356 2182/3900/1357 2170/3884/1347
f 2170/3885/1347 2182/3901/1357 2183/3902/1079 2171/3886/1067
f 2171/3886/1067 2183/3902/1079 2184/3903/1358 2172/3887/1348
f 2172/3888/1348 2184/3904/1358 2185/3905/1359 2173/3889/1349
f 2173/3889/1349 2185/3905/1359 2186/3906/1360 2174/3890/1350
f 2174/3890/1350 2186/3906/1360 2187/3907/1361 2175/3891/1351
f 2175/3891/1351 2187/3907/1361 2188/3908/1362 2176/3892/1352
f 2176/3893/1352 2188/3909/1362 2177/3894/1085 2165/3878/1073
f 2177/3910/1085 2189/3911/1097 2190/3912/1363 2178/3913/1353
f 2178/3896/1353 2190/3914/1363 2191/3915/1364 2179/3897/1354
f 2179/3897/1354 2191/3915/1364 2192/3916/1365 2180/3898/1355
f 2180/3898/1355 2192/3916/1365 2193/3917/1366 2181/3899/1356
f 2181/3899/1356 2193/3917/1366 2194/3918/1367 2182/3900/1357
f 2182/3919/1357 2194/3920/1367 2195/3921/1091 2183/3922/1079
f 2183/3922/1079 2195/3921/1091 2196/3923/1368 2184/3924/1358
f 2184/3904/1358 2196/3925/1368 2197/3926/1369 2185/3905/1359
f 2185/3905/1359 2197/3926/1369 2198/3927/1370 2186/3906/1360
f 2186/3906/1360 2198/3927/1370 2199/3928/1371 2187/3907/1361
f 2187/3907/1361 2199/3928/1371 2200/3929/1372 2188/3908/1362
f 2188/3930/1362 2200/3931/1372 2189/3911/1097 2177/3910/1085
f 2189/3911/1097 2201/3932/1109 2202/3933/1373 2190/3912/1363
f 2190/3914/1363 2202/3934/1373 2203/3935/1374 2191/3915/1364
f 2191/3915/1364 2203/3935/1374 2204/3936/1375 2192/3916/1365
f 2192/3916/1365 2204/3936/1375 2205/3937/1376 2193/3917/1366
f 2193/3917/1366 2205/3937/1376 2206/3938/1377 2194/3918/1367
f 2194/3920/1367 2206/3939/1377 2207/3940/1103 2195/3921/1091
f 2195/3921/1091 2207/3940/1103 2208/3941/1378 2196/3923/1368
f 2196/3925/1368 2208/3942/1378 2209/3943/1379 2197/3926/1369
f 2197/3926/1369 2209/3943/1379 2210/3944/1380 2198/3927/1370
f 2198/3927/1370 2210/3944/1380 2211/3945/1381 2199/3928/1371
f 2199/3928/1371 2211/3945/1381 2212/3946/1382 2200/3929/1372
f 2200/3931/1372 2212/3947/1382 2201/3932/1109 2189/3911/1097
f 2201/3932/1109 2213/3948/1121 2214/3949/1383 2202/3933/1373
f 2202/3934/1373 2214/3950/1383 2215/3951/1384 2203/3935/1374
f 2203/3935/1374 2215/3951/1384 2216/3952/1385 2204/3936/1375
f 2204/3936/1375 2216/3952/1385 2217/3953/1386 2205/3937/1376
f 2205/3937/1376 2217/3953/1386 2218/3954/1387 2206/3938/1377
f 2206/3939/1377 2218/3955/1387 2219/3956/1115 2207/3940/1103
f 2207/3940/1103 2219/3956/1115 2220/3957/1388 2208/3941/1378
f 2208/3942/1378 2220/3958/1388 2221/3959/1389 2209/3943/1379
f 2209/3943/1379 2221/3959/1389 2222/3960/1390 2210/3944/1380
f 2210/3944/1380 2222/3960/1390 2223/3961/1391 2211/3945/1381
f 2211/3962/1381 2223/3963/1391 2224/3964/1392 2212/3947/1382
f 2212/3947/1382 2224/3964/1392 2213/3948/1121 2201/3932/1109
f 2213/3948/1121 2225/3965/1133 2226/3966/1393 2214/3949/1383
f 2214/3950/1383 2226/3967/1393 2227/3968/1394 2215/3951/1384
f 2215/3951/1384 2227/3968/1394 2228/3969/1395 2216/3952/1385
f 2216/3952/1385 2228/3969/1395 2229/3970/1396 2217/3953/1386
f 2217/3953/1386 2229/3970/1396 2230/3971/1397 2218/3954/1387
f 2218/3955/1387 2230/3972/1397 2231/3973/1127 2219/3956/1115
f 2219/3956/1115 2231/3973/1127 2232/3974/1398 2220/3957/1388
f 2220/3958/1388 2232/3975/1398 2233/3976/1399 2221/3959/1389
f 2221/3959/1389 2233/3976/1399 2234/3977/1400 2222/3960/1390
f 2222/3960/1390 2234/3977/1400 2235/3978/1401 2223/3961/1391
f 2223/3963/1391 2235/3979/1401 2236/3980/1402 2224/3964/1392
f 2224/3964/1392 2236/3980/1402 2225/3965/1133 2213/3948/1121
f 2225/3965/1133 2237/3981/1145 2238/3982/1403 2226/3966/1393
f 2226/3967/1393 2238/3983/1403 2239/3984/1404 2227/3968/1394
f 2227/3968/1394 2239/3984/1404 2240/3985/1405 2228/3969/1395
f 2228/3969/1395 2240/3985/1405 2241/3986/1406 2229/3970/1396
f 2229/3970/1396 2241/3986/1406 2242/3987/1407 2230/3971/1397
f 2230/3972/1397 2242/3988/1407 2243/3989/1139 2231/3973/1127
f 2231/3973/1127 2243/3989/1139 2244/3990/1408 2232/3974/1398
f 2232/3975/1398 2244/3991/1408 2245/3992/1409 2233/3976/1399
f 2233/3976/1399 2245/3992/1409 2246/3993/1410 2234/3977/1400
f 2234/3977/1400 2246/3993/1410 2247/3994/1411 2235/3978/1401
f 2235/3979/1401 2247/3995/1411 2248/3996/1412 2236/3980/1402
f 2236/3980/1402 2248/3996/1412 2237/3981/1145 2225/3965/1133
f 2237/3981/1145 2249/3997/4 2250/3998/1413 2238/3982/1403
f 2238/3983/1403 2250/3999/1413 2251/4000/1414 2239/3984/1404
f 2239/3984/1404 2251/4000/1414 2252/4001/1415 2240/3985/1405
f 2240/3985/1405 2252/4001/1415 2253/4002/1416 2241/3986/1406
f 2241/4003/1406 2253/4004/1416 2254/4005/1417 2242/3988/1407
f 2242/3988/1407 2254/4005/1417 2255/4006/2 2243/3989/1139
f 2243/3989/1139 2255/4006/2 2256/4007/1418 2244/3990/1408
f 2244/3991/1408 2256/4008/1418 2257/4009/1419 2245/3992/1409
f 2245/3992/1409 2257/4009/1419 2258/4010/1420 2246/3993/1410
f 2246/3993/1410 2258/4010/1420 2259/4011/1421 2247/3994/1411
f 2247/3995/1411 2259/4012/1421 2260/4013/1422 2248/3996/1412
f 2248/3996/1412 2260/4013/1422 2249/3997/4 2237/3981/1145
f 2249/3997/4 2261/4014/1167 2262/4015/1423 2250/3998/1413
f 2250/3999/1413 2262/4016/1423 2263/4017/1424 2251/4000/1414
f 2251/4000/1414 2263/4017/1424 2264/4018/1425 2252/4001/1415
f 2252/4001/1415 2264/4018/1425 2265/4019/1426 2253/4002/1416
f 2253/4004/1416 2265/4020/1426 2266/4021/1427 2254/4005/1417
f 2254/4005/1417 2266/4021/1427 2267/4022/1161 2255/4006/2
f 2255/4006/2 2267/4022/1161 2268/4023/1428 2256/4007/1418
f 2256/4008/1418 2268/4024/1428 2269/4025/1429 2257/4009/1419
f 2257/4009/1419 2269/4025/1429 2270/4026/1430 2258/4010/1420
f 2258/4010/1420 2270/4026/1430 2271/4027/1431 2259/4011/1421
f 2259/4012/1421 2271/4028/1431 2272/4029/1432 2260/4013/1422
f 2260/4013/1422 2272/4029/1432 2261/4014/1167 2249/3997/4
f 2261/4014/1167 2273/4030/1179 2274/4031/1433 2262/4015/1423
f 2262/4016/1423 2274/4032/1433 2275/4033/1434 2263/4017/1424
f 2263/4017/1424 2275/4033/1434 2276/4034/1435 2264/4018/1425
f 2264/4018/1425 2276/4034/1435 2277/4035/1436 2265/4019/1426
f 2265/4019/1426 2277/4035/1436 2278/4036/1437 2266/4037/1427
f 2266/4021/1427 2278/4038/1437 2279/4039/1173 2267/4022/1161
f 2267/4022/1161 2279/4039/1173 2280/4040/1438 2268/4023/1428
f 2268/4024/1428 2280/4041/1438 2281/4042/1439 2269/4025/1429
f 2269/4025/1429 2281/4042/1439 2282/4043/1440 2270/4026/1430
f 2270/4026/1430 2282/4043/1440 2283/4044/1441 2271/4027/1431
f 2271/4028/1431 2283/4045/1441 2284/4046/1442 2272/4029/1432
f 2272/4029/1432 2284/4046/1442 2273/4030/1179 2261/4014/1167
f 2273/4030/1179 2285/4047/1191 2286/4048/1443 2274/4031/1433
f 2274/4032/1433 2286/4049/1443 2287/4050/1444 2275/4033/1434
f 2275/4033/1434 2287/4050/1444 2288/4051/1445 2276/4034/1435
f 2276/4034/1435 2288/4051/1445 2289/4052/1446 2277/4035/1436
f 2277/4035/1436 2289/4052/1446 2290/4053/1447 2278/4036/1437
f 2278/4038/1437 2290/4054/1447 2291/4055/1185 2279/4039/1173
f 2279/4039/1173 2291/4055/1185 2292/4056/1448 2280/4040/1438
f 2280/4041/1438 2292/4057/1448 2293/4058/1449 2281/4042/1439
f 2281/4042/1439 2293/4058/1449 2294/4059/1450 2282/4043/1440
f 2282/4043/1440 2294/4059/1450 2295/4060/1451 2283/4044/1441
f 2283/4045/1441 2295/4061/1451 2296/4062/1452 2284/4046/1442
f 2284/4046/1442 2296/4062/1452 2285/4047/1191 2273/4030/1179
f 2285/4047/1191 2297/4063/1203 2298/4064/1453 2286/4048/1443
f 2286/4049/1443 2298/4065/1453 2299/4066/1454 2287/4050/1444
f 2287/4050/1444 2299/4066/1454 2300/4067/1455 2288/4051/1445
f 2288/4051/1445 2300/4067/1455 2301/4068/1456 2289/4052/1446
f 2289/4052/1446 2301/4068/1456 2302/4069/1457 2290/4053/1447
f 2290/4054/1447 2302/4070/1457 2303/4071/1197 2291/4055/1185
f 2291/4055/1185 2303/4071/1197 2304/4072/1458 2292/4056/1448
f 2292/4057/1448 2304/4073/1458 2305/4074/1459 2293/4058/1449
f 2293/4058/1449 2305/4074/1459 2306/4075/1460 2294/4059/1450
f 2294/4059/1450 2306/4075/1460 2307/4076/1461 2295/4060/1451
f 2295/4061/1451 2307/4077/1461 2308/4078/1462 2296/4062/1452
f 2296/4062/1452 2308/4078/1462 2297/4063/1203 2285/4047/1191
f 2297/4063/1203 2309/4079/1215 2310/4080/1463 2298/4064/1453
f 2298/4065/1453 2310/4081/1463 2311/4082/1464 2299/4066/1454
f 2299/4066/1454 2311/4082/1464 2312/4083/1465 2300/4067/1455
f 2300/4067/1455 2312/4083/1465 2313/4084/1466 2301/4068/1456
f 2301/4068/1456 2313/4084/1466 2314/4085/1467 2302/4069/1457
f 2302/4070/1457 2314/4086/1467 2315/4087/1468 2303/4071/1197
f 2303/4071/1197 2315/4087/1468 2316/4088/1469 2304/4072/1458
f 2304/4073/1458 2316/4089/1469 2317/4090/1470 2305/4074/1459
f 2305/4074/1459 2317/4090/1470 2318/4091/1471 2306/4075/1460
f 2306/4075/1460 2318/4091/1471 2319/4092/1472 2307/4076/1461
f 2307/4076/1461 2319/4092/1472 2320/4093/1473 2308/4094/1462
f 2308/4078/1462 2320/4095/1473 2309/4079/1215 2297/4063/1203
f 2309/4079/1215 2321/4096/1227 2322/4097/1474 2310/4080/1463
f 2310/4081/1463 2322/4098/1474 2323/4099/1475 2311/4082/1464
f 2311/4082/1464 2323/4099/1475 2324/4100/1476 2312/4083/1465
f 2312/4083/1465 2324/4100/1476 2325/4101/1477 2313/4084/1466
f 2313/4084/1466 2325/4101/1477 2326/4102/1478 2314/4085/1467
f 2314/4086/1467 2326/4103/1478 2327/4104/1221 2315/4087/1468
f 2315/4087/1468 2327/4104/1221 2328/4105/1479 2316/4088/1469
f 2316/4089/1469 2328/4106/1479 2329/4107/1480 2317/4090/1470
f 2317/4090/1470 2329/4107/1480 2330/4108/1481 2318/4091/1471
f 2318/4091/1471 2330/4108/1481 2331/4109/1482 2319/4092/1472
f 2319/4092/1472 2331/4109/1482 2332/4110/1483 2320/4093/1473
f 2320/4095/1473 2332/4111/1483 2321/4096/1227 2309/4079/1215
f 2321/4112/1227 2333/4113/1239 2334/4114/1484 2322/4115/1474
f 2322/4098/1474 2334/4116/1484 2335/4117/1485 2323/4099/1475
f 2323/4099/1475 2335/4117/1485 2336/4118/1486 2324/4100/1476
f 2324/4100/1476 2336/4118/1486 2337/4119/1487 2325/4101/1477
f 2325/4101/1477 2337/4119/1487 2338/4120/1488 2326/4102/1478
f 2326/4121/1478 2338/4122/1488 2339/4123/1233 2327/4124/1221
f 2327/4124/1221 2339/4123/1233 2340/4125/1489 2328/4126/1479
f 2328/4106/1479 2340/4127/1489 2341/4128/1490 2329/4107/1480
f 2329/4107/1480 2341/4128/1490 2342/4129/1491 2330/4108/1481
f 2330/4108/1481 2342/4129/1491 2343/4130/1492 2331/4109/1482
f 2331/4109/1482 2343/4130/1492 2344/4131/1493 2332/4110/1483
f 2332/4132/1483 2344/4133/1493 2333/4113/1239 2321/4112/1227
f 2333/4113/1239 2345/4134/1251 2346/4135/1494 2334/4114/1484
f 2334/4116/1484 2346/4136/1494 2347/4137/1495 2335/4117/1485
f 2335/4117/1485 2347/4137/1495 2348/4138/1496 2336/4118/1486
f 2336/4118/1486 2348/4138/1496 2349/4139/1497 2337/4119/1487
f 2337/4119/1487 2349/4139/1497 2350/4140/1498 2338/4120/1488
f 2338/4122/1488 2350/4141/1498 2351/4142/1245 2339/4123/1233
f 2339/4123/1233 2351/4142/1245 2352/4143/1499 2340/4125/1489
f 2340/4127/1489 2352/4144/1499 2353/4145/1500 2341/4128/1490
f 2341/4128/1490 2353/4145/1500 2354/4146/1501 2342/4129/1491
f 2342/4129/1491 2354/4146/1501 2355/4147/1502 2343/4130/1492
f 2343/4130/1492 2355/4147/1502 2356/4148/1503 2344/4131/1493
f 2344/4133/1493 2356/4149/1503 2345/4134/1251 2333/4113/1239
f 2345/4134/1251 2357/4150/1263 2358/4151/1504 2346/4135/1494
f 2346/4136/1494 2358/4152/1504 2359/4153/1505 2347/4137/1495
f 2347/4137/1495 2359/4153/1505 2360/4154/1506 2348/4138/1496
f 2348/4138/1496 2360/4154/1506 2361/4155/1507 2349/4139/1497
f 2349/4139/1497 2361/4155/1507 2362/4156/1508 2350/4140/1498
f 2350/4141/1498 2362/4157/1508 2363/4158/1257 2351/4142/1245
f 2351/4142/1245 2363/4158/1257 2364/4159/1509 2352/4143/1499
f 2352/4144/1499 2364/4160/1509 2365/4161/1510 2353/4145/1500
f 2353/4145/1500 2365/4161/1510 2366/4162/1511 2354/4146/1501
f 2354/4146/1501 2366/4162/1511 2367/4163/1512 2355/4147/1502
f 2355/4147/1502 2367/4163/1512 2368/4164/1513 2356/4148/1503
f 2356/4149/1503 2368/4165/1513 2357/4150/1263 2345/4134/1251
f 2357/4150/1263 2369/4166/1275 2370/4167/1514 2358/4151/1504
f 2358/4152/1504 2370/4168/1514 2371/4169/1515 2359/4153/1505
f 2359/4153/1505 2371/4169/1515 2372/4170/1516 2360/4154/1506
f 2360/4154/1506 2372/4170/1516 2373/4171/1517 2361/4155/1507
f 2361/4155/1507 2373/4171/1517 2374/4172/1518 2362/4156/1508
f 2362/4157/1508 2374/4173/1518 2375/4174/1269 2363/4158/1257
f 2363/4158/1257 2375/4174/1269 2376/4175/1519 2364/4159/1509
f 2364/4160/1509 2376/4176/1519 2377/4177/1520 2365/4161/1510
f 2365/4161/1510 2377/4177/1520 2378/4178/1521 2366/4162/1511
f 2366/4162/1511 2378/4178/1521 2379/4179/1522 2367/4163/1512
f 2367/4163/1512 2379/4179/1522 2380/4180/1523 2368/4164/1513
f 2368/4165/1513 2380/4181/1523 2369/4166/1275 2357/4150/1263
f 2369/4166/1275 2381/4182/1287 2382/4183/1524 2370/4167/1514
f 2370/4168/1514 2382/4184/1524 2383/4185/1525 2371/4169/1515
f 2371/4169/1515 2383/4185/1525 2384/4186/1526 2372/4170/1516
f 2372/4170/1516 2384/4186/1526 2385/4187/1527 2373/4171/1517
f 2373/4171/1517 2385/4187/1527 2386/4188/1528 2374/4172/1518
f 2374/4173/1518 2386/4189/1528 2387/4190/1281 2375/4174/1269
f 2375/4174/1269 2387/4190/1281 2388/4191/1529 2376/4175/1519
f 2376/4176/1519 2388/4192/1529 2389/4193/1530 2377/4177/1520
f 2377/4177/1520 2389/4193/1530 2390/4194/1531 2378/4178/1521
f 2378/4178/1521 2390/4194/1531 2391/4195/1532 2379/4179/1522
f 2379/4179/1522 2391/4195/1532 2392/4196/1533 2380/4180/1523
f 2380/4181/1523 2392/4197/1533 2381/4182/1287 2369/4166/1275
f 2381/4182/1287 1817/3392/5 1818/3395/1011 2382/4183/1524
f 2382/4184/1524 1818/3396/1011 1819/3399/1013 2383/4185/1525
f 2383/4185/1525 1819/3399/1013 1820/3401/1015 2384/4186/1526
f 2384/4186/1526 1820/3401/1015 1821/3403/1017 2385/4187/1527
f 2385/4198/1527 1821/3404/1017 1822/3407/1019 2386/4189/1528
f 2386/4189/1528 1822/3407/1019 1823/3409/6 2387/4190/1281
f 2387/4190/1281 1823/3409/6 1824/3411/1022 2388/4191/1529
f 2388/4191/1529 1824/3411/1022 1825/3413/1024 2389/4199/1530
f 2389/4193/1530 1825/3414/1024 1826/3417/1026 2390/4194/1531
f 2390/4194/1531 1826/3417/1026 1827/3419/1028 2391/4195/1532
f 2391/4195/1532 1827/3419/1028 1828/3421/1030 2392/4196/1533
f 2392/4197/1533 1828/3422/1030 1817/3392/5 2381/4182/1287
f 2393/4200/1534 2394/4201/1535 2396/4202/1536 2395/4203/1537
f 2395/4203/1537 2396/4202/1536 2398/4204/1538 2397/4205/1539
f 2397/4206/1539 2398/4207/1538 2400/4208/1540 2399/4209/1541
f 2399/4209/1541 2400/4208/1540 2402/4210/1542 2401/4211/1543
f 2401/4211/1543 2402/4210/1542 2404/4212/1544 2403/4213/1545
f 2403/4213/1545 2404/4212/1544 2406/4214/1546 2405/4215/1547
f 2405/4216/1547 2406/4217/1546 2408/4218/1548 2407/4219/1549
f 2407/4219/1549 2408/4218/1548 2410/4220/1550 2409/4221/1551
f 2409/4221/1551 2410/4220/1550 2412/4222/1552 2411/4223/1553
f 2411/4223/1553 2412/4222/1552 2414/4224/1554 2413/4225/1555
f 2413/4226/1555 2414/4227/1554 2416/4228/1556 2415/4229/1557
f 2415/4229/1557 2416/4228/1556 2418/4230/1558 2417/4231/1559
f 2417/4231/1559 2418/4230/1558 2420/4232/1560 2419/4233/1561
f 2419/4233/1561 2420/4232/1560 2422/4234/1562 2421/4235/1563
f 2396/4236/1536 2394/4237/1535 2424/4238/1564 2422/4239/1562 2420/4240/1560 2418/4241/1558 2416/4242/1556 2414/4243/1554 2412/4244/1552 2410/4245/1550 2408/4246/1548 2406/4247/1546 2404/4248/1544 2402/4249/1542 2400/4250/1540 2398/4251/1538
f 2421/4252/1563 2422/4253/1562 2424/4254/1564 2423/4255/1565
f 2423/4255/1565 2424/4254/1564 2394/4201/1535 2393/4200/1534
f 2393/4256/1534 2395/4257/1537 2397/4258/1539 2399/4259/1541 2401/4260/1543 2403/4261/1545 2405/4262/1547 2407/4263/1549 2409/4264/1551 2411/4265/1553 2413/4266/1555 2415/4267/1557 2417/4268/1559 2419/4269/1561 2421/4270/1563 2423/4271/1565
f 2425/4272/1566 2426/4273/1567 2428/4274/1568 2427/4275/1569
f 2427/4275/1569 2428/4274/1568 2430/4276/1570 2429/4277/1571
f 2429/4278/1571 2430/4279/1570 2432/4280/1572 2431/4281/1573
f 2431/4281/1573 2432/4280/1572 2434/4282/1574 2433/4283/1575
f 2433/4283/1575 2434/4282/1574 2436/4284/1576 2435/4285/1577
f 2435/4285/1577 2436/4284/1576 2438/4286/1578 2437/4287/1579
f 2437/4288/1579 2438/4289/1578 2440/4290/1580 2439/4291/1581
f 2439/4291/1581 2440/4290/1580 2442/4292/1582 2441/4293/1583
f 2441/4293/1583 2442/4292/1582 2444/4294/1584 2443/4295/1585
f 2443/4295/1585 2444/4294/1584 2446/4296/1586 2445/4297/1587
f 2445/4298/1587 2446/4299/1586 2448/4300/1588 2447/4301/1589
f 2447/4301/1589 2448/4300/1588 2450/4302/1590 2449/4303/1591
f 2449/4303/1591 2450/4302/1590 2452/4304/1592 2451/4305/1593
f 2451/4305/1593 2452/4304/1592 2454/4306/1594 2453/4307/1595
f 2428/4308/1568 2426/4309/1567 2456/4310/1596 2454/4311/1594 2452/4312/1592 2450/4313/1590 2448/4314/1588 2446/4315/1586 2444/4316/1584 2442/4317/1582 2440/4318/1580 2438/4319/1578 2436/4320/1576 2434/4321/1574 2432/4322/1572 2430/4323/1570
f 2453/4324/1595 2454/4325/1594 2456/4326/1596 2455/4327/1597
f 2455/4327/1597 2456/4326/1596 2426/4273/1567 2425/4272/1566
f 2425/4328/1566 2427/4329/1569 2429/4330/1571 2431/4331/1573 2433/4332/1575 2435/4333/1577 2437/4334/1579 2439/4335/1581 2441/4336/1583 2443/4337/1585 2445/4338/1587 2447/4339/1589 2449/4340/1591 2451/4341/1593 2453/4342/1595 2455/4343/1597
s 0
f 2457/4344/1 2458/4345/1 2460/4346/1 2459/4347/1
f 2459/4348/2 2460/4349/2 2464/4350/2 2463/4351/2
f 2463/4352/3 2464/4353/3 2462/4354/3 2461/4355/3
f 2461/4356/4 2462/4357/4 2458/4358/4 2457/4359/4
f 2459/4360/5 2463/4361/5 2461/4362/5 2457/4363/5
f 2464/4364/6 2460/4365/6 2458/4366/6 2462/4367/6
f 2465/4368/1 2466/4369/1 2468/4370/1 2467/4371/1
f 2467/4372/1598 2468/4373/1598 2472/4374/1598 2471/4375/1598
f 2471/4376/3 2472/4377/3 2470/4378/3 2469/4379/3
f 2469/4380/1599 2470/4381/1599 2466/4382/1599 2465/4383/1599
f 2467/4384/1600 2471/4385/1600 2469/4386/1600 2465/4387/1600
f 2472/4388/1601 2468/4389/1601 2466/4390/1601 2470/4391/1601
s 1
f 2473/4392/1534 2474/4393/1535 2476/4394/1536 2475/4395/1537
f 2475/4395/1537 2476/4394/1536 2478/4396/1538 2477/4397/1539
f 2477/4398/1539 2478/4399/1538 2480/4400/1540 2479/4401/1541
f 2479/4401/1541 2480/4400/1540 2482/4402/1542 2481/4403/1543
f 2481/4403/1543 2482/4402/1542 2484/4404/1544 2483/4405/1545
f 2483/4405/1545 2484/4404/1544 2486/4406/1546 2485/4407/1547
f 2485/4408/1547 2486/4409/1546 2488/4410/1548 2487/4411/1549
f 2487/4411/1549 2488/4410/1548 2490/4412/1550 2489/4413/1551
f 2489/4413/1551 2490/4412/1550 2492/4414/1552 2491/4415/1553
f 2491/4415/1553 2492/4414/1552 2494/4416/1554 2493/4417/1555
f 2493/4418/1555 2494/4419/1554 2496/4420/1556 2495/4421/1557
f 2495/4421/1557 2496/4420/1556 2498/4422/1558 2497/4423/1559
f 2497/4423/1559 2498/4422/1558 2500/4424/1560 2499/4425/1561
f 2499/4425/1561 2500/4424/1560 2502/4426/1562 2501/4427/1563
f 2476/4428/1536 2474/4429/1535 2504/4430/1564 2502/4431/1562 2500/4432/1560 2498/4433/1558 2496/4434/1556 2494/4435/1554 2492/4436/1552 2490/4437/1550 2488/4438/1548 2486/4439/1546 2484/4440/1544 2482/4441/1542 2480/4442/1540 2478/4443/1538
f 2501/4444/1563 2502/4445/1562 2504/4446/1564 2503/4447/1565
f 2503/4447/1565 2504/4446/1564 2474/4393/1535 2473/4392/1534
f 2473/4448/1534 2475/4449/1537 2477/4450/1539 2479/4451/1541 2481/4452/1543 2483/4453/1545 2485/4454/1547 2487/4455/1549 2489/4456/1551 2491/4457/1553 2493/4458/1555 2495/4459/1557 2497/4460/1559 2499/4461/1561 2501/4462/1563 2503/4463/1565
f 2505/4464/1534 2506/4465/1535 2508/4466/1536 2507/4467/1537
f 2507/4467/1537 2508/4466/1536 2510/4468/1538 2509/4469/1539
f 2509/4470/1539 2510/4471/1538 2512/4472/1540 2511/4473/1541
f 2511/4473/1541 2512/4472/1540 2514/4474/1542 2513/4475/1543
f 2513/4475/1543 2514/4474/1542 2516/4476/1544 2515/4477/1545
f 2515/4477/1545 2516/4476/1544 2518/4478/1546 2517/4479/1547
f 2517/4480/1547 2518/4481/1546 2520/4482/1548 2519/4483/1549
f 2519/4483/1549 2520/4482/1548 2522/4484/1550 2521/4485/1551
f 2521/4485/1551 2522/4484/1550 2524/4486/1552 2523/4487/1553
f 2523/4487/1553 2524/4486/1552 2526/4488/1554 2525/4489/1555
f 2525/4490/1555 2526/4491/1554 2528/4492/1556 2527/4493/1557
f 2527/4493/1557 2528/4492/1556 2530/4494/1558 2529/4495/1559
f 2529/4495/1559 2530/4494/1558 2532/4496/1560 2531/4497/1561
f 2531/4497/1561 2532/4496/1560 2534/4498/1562 2533/4499/1563
f 2508/4500/1536 2506/4501/1535 2536/4502/1564 2534/4503/1562 2532/4504/1560 2530/4505/1558 2528/4506/1556 2526/4507/1554 2524/4508/1552 2522/4509/1550 2520/4510/1548 2518/4511/1546 2516/4512/1544 2514/4513/1542 2512/4514/1540 2510/4515/1538
f 2533/4516/1563 2534/4517/1562 2536/4518/1564 2535/4519/1565
f 2535/4519/1565 2536/4518/1564 2506/4465/1535 2505/4464/1534
f 2505/4520/1534 2507/4521/1537 2509/4522/1539 2511/4523/1541 2513/4524/1543 2515/4525/1545 2517/4526/1547 2519/4527/1549 2521/4528/1551 2523/4529/1553 2525/4530/1555 2527/4531/1557 2529/4532/1559 2531/4533/1561 2533/4534/1563 2535/4535/1565
f 2537/4536/1534 2538/4537/1535 2540/4538/1536 2539/4539/1537
f 2539/4539/1537 2540/4538/1536 2542/4540/1538 2541/4541/1539
f 2541/4542/1539 2542/4543/1538 2544/4544/1540 2543/4545/1541
f 2543/4545/1541 2544/4544/1540 2546/4546/1542 2545/4547/1543
f 2545/4547/1543 2546/4546/1542 2548/4548/1544 2547/4549/1545
f 2547/4549/1545 2548/4548/1544 2550/4550/1546 2549/4551/1547
f 2549/4552/1547 2550/4553/1546 2552/4554/1548 2551/4555/1549
f 2551/4555/1549 2552/4554/1548 2554/4556/1550 2553/4557/1551
f 2553/4557/1551 2554/4556/1550 2556/4558/1552 2555/4559/1553
f 2555/4559/1553 2556/4558/1552 2558/4560/1554 2557/4561/1555
f 2557/4562/1555 2558/4563/1554 2560/4564/1556 2559/4565/1557
f 2559/4565/1557 2560/4564/1556 2562/4566/1558 2561/4567/1559
f 2561/4567/1559 2562/4566/1558 2564/4568/1560 2563/4569/1561
f 2563/4569/1561 2564/4568/1560 2566/4570/1562 2565/4571/1563
f 2540/4572/1536 2538/4573/1535 2568/4574/1564 2566/4575/1562 2564/4576/1560 2562/4577/1558 2560/4578/1556 2558/4579/1554 2556/4580/1552 2554/4581/1550 2552/4582/1548 2550/4583/1546 2548/4584/1544 2546/4585/1542 2544/4586/1540 2542/4587/1538
f 2565/4588/1563 2566/4589/1562 2568/4590/1564 2567/4591/1565
f 2567/4591/1565 2568/4590/1564 2538/4537/1535 2537/4536/1534
f 2537/4592/1534 2539/4593/1537 2541/4594/1539 2543/4595/1541 2545/4596/1543 2547/4597/1545 2549/4598/1547 2551/4599/1549 2553/4600/1551 2555/4601/1553 2557/4602/1555 2559/4603/1557 2561/4604/1559 2563/4605/1561 2565/4606/1563 2567/4607/1565
f 2569/4608/1534 2570/4609/1535 2572/4610/1536 2571/4611/1537
f 2571/4611/1537 2572/4610/1536 2574/4612/1538 2573/4613/1539
f 2573/4614/1539 2574/4615/1538 2576/4616/1540 2575/4617/1541
f 2575/4617/1541 2576/4616/1540 2578/4618/1542 2577/4619/1543
f 2577/4619/1543 2578/4618/1542 2580/4620/1544 2579/4621/1545
f 2579/4621/1545 2580/4620/1544 2582/4622/1546 2581/4623/1547
f 2581/4624/1547 2582/4625/1546 2584/4626/1548 2583/4627/1549
f 2583/4627/1549 2584/4626/1548 2586/4628/1550 2585/4629/1551
f 2585/4629/1551 2586/4628/1550 2588/4630/1552 2587/4631/1553
f 2587/4631/1553 2588/4630/1552 2590/4632/1554 2589/4633/1555
f 2589/4634/1555 2590/4635/1554 2592/4636/1556 2591/4637/1557
f 2591/4637/1557 2592/4636/1556 2594/4638/1558 2593/4639/1559
f 2593/4639/1559 2594/4638/1558 2596/4640/1560 2595/4641/1561
f 2595/4641/1561 2596/4640/1560 2598/4642/1562 2597/4643/1563
f 2572/4644/1536 2570/4645/1535 2600/4646/1564 2598/4647/1562 2596/4648/1560 2594/4649/1558 2592/4650/1556 2590/4651/1554 2588/4652/1552 2586/4653/1550 2584/4654/1548 2582/4655/1546 2580/4656/1544 2578/4657/1542 2576/4658/1540 2574/4659/1538
f 2597/4660/1563 2598/4661/1562 2600/4662/1564 2599/4663/1565
f 2599/4663/1565 2600/4662/1564 2570/4609/1535 2569/4608/1534
f 2569/4664/1534 2571/4665/1537 2573/4666/1539 2575/4667/1541 2577/4668/1543 2579/4669/1545 2581/4670/1547 2583/4671/1549 2585/4672/1551 2587/4673/1553 2589/4674/1555 2591/4675/1557 2593/4676/1559 2595/4677/1561 2597/4678/1563 2599/4679/1565
s 0
f 2601/4680/1 2602/4681/1 2604/4682/1 2603/4683/1
f 2603/4684/2 2604/4685/2 2608/4686/2 2607/4687/2
f 2607/4688/3 2608/4689/3 2606/4690/3 2605/4691/3
f 2605/4692/4 2606/4693/4 2602/4694/4 2601/4695/4
f 2603/4696/5 2607/4697/5 2605/4698/5 2601/4699/5
f 2608/4700/6 2604/4701/6 2602/4702/6 2606/4703/6
f 2609/4704/1 2610/4705/1 2612/4706/1 2611/4707/1
f 2611/4708/1602 2612/4709/1602 2616/4710/1602 2615/4711/1602
f 2615/4712/3 2616/4713/3 2614/4714/3 2613/4715/3
f 2613/4716/1603 2614/4717/1603 2610/4718/1603 2609/4719/1603
f 2611/4720/1604 2615/4721/1604 2613/4722/1604 2609/4723/1604
f 2616/4724/1605 2612/4725/1605 2610/4726/1605 2614/4727/1605
s 1
f 2617/4728/1566 2618/4729/1567 2620/4730/1568 2619/4731/1569
f 2619/4731/1569 2620/4730/1568 2622/4732/1606 2621/4733/1607
f 2621/4734/1607 2622/4735/1606 2624/4736/1572 2623/4737/1573
f 2623/4737/1573 2624/4736/1572 2626/4738/1574 2625/4739/1575
f 2625/4739/1575 2626/4738/1574 2628/4740/1576 2627/4741/1577
f 2627/4741/1577 2628/4740/1576 2630/4742/1578 2629/4743/1579
f 2629/4744/1579 2630/4745/1578 2632/4746/1580 2631/4747/1581
f 2631/4747/1581 2632/4746/1580 2634/4748/1582 2633/4749/1583
f 2633/4749/1583 2634/4748/1582 2636/4750/1584 2635/4751/1585
f 2635/4751/1585 2636/4750/1584 2638/4752/1586 2637/4753/1587
f 2637/4754/1587 2638/4755/1586 2640/4756/1588 2639/4757/1589
f 2639/4757/1589 2640/4756/1588 2642/4758/1590 2641/4759/1591
f 2641/4759/1591 2642/4758/1590 2644/4760/1592 2643/4761/1593
f 2643/4761/1593 2644/4760/1592 2646/4762/1594 2645/4763/1595
f 2620/4764/1568 2618/4765/1567 2648/4766/1596 2646/4767/1594 2644/4768/1592 2642/4769/1590 2640/4770/1588 2638/4771/1586 2636/4772/1584 2634/4773/1582 2632/4774/1580 2630/4775/1578 2628/4776/1576 2626/4777/1574 2624/4778/1572 2622/4779/1606
f 2645/4780/1595 2646/4781/1594 2648/4782/1596 2647/4783/1597
f 2647/4783/1597 2648/4782/1596 2618/4729/1567 2617/4728/1566
f 2617/4784/1566 2619/4785/1569 2621/4786/1607 2623/4787/1573 2625/4788/1575 2627/4789/1577 2629/4790/1579 2631/4791/1581 2633/4792/1583 2635/4793/1585 2637/4794/1587 2639/4795/1589 2641/4796/1591 2643/4797/1593 2645/4798/1595 2647/4799/1597
f 2653/4800/1608 2747/4801/1609 2660/4802/1610 2661/4803/1611
f 2652/4804/1612 2651/4805/2 2658/4806/1613 2659/4807/1614
f 2650/4808/1615 2746/4809/1616 2656/4810/1617 2657/4811/1618
f 2649/4812/1619 2654/4813/6 2655/4814/1620
f 2748/4815/5 2653/4800/1608 2661/4803/1611
f 2747/4816/1609 2652/4804/1612 2659/4807/1614 2660/4817/1610
f 2651/4805/2 2650/4808/1615 2657/4811/1618 2658/4806/1613
f 2746/4818/1616 2649/4812/1619 2655/4814/1620 2656/4819/1617
f 2655/4814/1620 2654/4813/6 2662/4820/1621
f 2748/4815/5 2661/4803/1611 2668/4821/1622
f 2660/4817/1610 2659/4807/1614 2666/4822/1623 2667/4823/1624
f 2658/4806/1613 2657/4811/1618 2664/4824/1625 2665/4825/1626
f 2656/4819/1617 2655/4814/1620 2662/4820/1621 2663/4826/1627
f 2661/4803/1611 2660/4802/1610 2667/4827/1624 2668/4821/1622
f 2659/4807/1614 2658/4806/1613 2665/4825/1626 2666/4822/1623
f 2657/4811/1618 2656/4810/1617 2663/4828/1627 2664/4824/1625
f 2667/4829/1624 2666/4830/1623 2673/4831/1628 2674/4832/1629
f 2665/4833/1626 2664/4834/1625 2671/4835/1630 2672/4836/1631
f 2663/4826/1627 2662/4820/1621 2669/4837/1632 2670/4838/1633
f 2668/4821/1622 2667/4827/1624 2674/4839/1629 2675/4840/1634
f 2666/4830/1623 2665/4833/1626 2672/4836/1631 2673/4831/1628
f 2664/4834/1625 2663/4841/1627 2670/4842/1633 2671/4835/1630
f 2662/4820/1621 2654/4813/6 2669/4837/1632
f 2748/4815/5 2668/4821/1622 2675/4840/1634
f 2675/4840/1634 2674/4839/1629 2681/4843/1635 2682/4844/1636
f 2673/4831/1628 2672/4836/1631 2679/4845/1637 2680/4846/1638
f 2671/4835/1630 2670/4842/1633 2677/4847/1639 2678/4848/1640
f 2669/4837/1632 2654/4813/6 2676/4849/1641
f 2748/4815/5 2675/4840/1634 2682/4844/1636
f 2674/4832/1629 2673/4831/1628 2680/4846/1638 2681/4850/1635
f 2672/4836/1631 2671/4835/1630 2678/4848/1640 2679/4845/1637
f 2670/4838/1633 2669/4837/1632 2676/4849/1641 2677/4851/1639
f 2680/4846/1638 2679/4845/1637 2686/4852/1642 2687/4853/1643
f 2678/4848/1640 2677/4847/1639 2684/4854/1644 2685/4855/1645
f 2676/4849/1641 2654/4813/6 2683/4856/1646
f 2748/4815/5 2682/4844/1636 2689/4857/1647
f 2681/4850/1635 2680/4846/1638 2687/4853/1643 2688/4858/1648
f 2679/4845/1637 2678/4848/1640 2685/4855/1645 2686/4852/1642
f 2677/4851/1639 2676/4849/1641 2683/4856/1646 2684/4859/1644
f 2682/4844/1636 2681/4843/1635 2688/4860/1648 2689/4857/1647
f 2748/4815/5 2689/4857/1647 2696/4861/1649
f 2688/4862/1648 2687/4863/1643 2694/4864/1650 2695/4865/1651
f 2686/4866/1642 2685/4867/1645 2692/4868/1652 2693/4869/1653
f 2684/4859/1644 2683/4856/1646 2690/4870/1654 2691/4871/1655
f 2689/4857/1647 2688/4860/1648 2695/4872/1651 2696/4861/1649
f 2687/4863/1643 2686/4866/1642 2693/4869/1653 2694/4864/1650
f 2685/4867/1645 2684/4873/1644 2691/4874/1655 2692/4868/1652
f 2683/4856/1646 2654/4813/6 2690/4870/1654
f 2693/4869/1653 2692/4868/1652 2699/4875/1656 2700/4876/4
f 2691/4871/1655 2690/4870/1654 2697/4877/1657 2698/4878/1658
f 2696/4861/1649 2695/4872/1651 2702/4879/1659 2703/4880/1660
f 2694/4864/1650 2693/4869/1653 2700/4876/4 2701/4881/1661
f 2692/4868/1652 2691/4874/1655 2698/4882/1658 2699/4875/1656
f 2690/4870/1654 2654/4813/6 2697/4877/1657
f 2748/4815/5 2696/4861/1649 2703/4880/1660
f 2695/4865/1651 2694/4864/1650 2701/4881/1661 2702/4883/1659
f 2703/4880/1660 2702/4879/1659 2709/4884/1662 2710/4885/1663
f 2701/4881/1661 2700/4876/4 2707/4886/1664 2708/4887/1665
f 2699/4875/1656 2698/4882/1658 2705/4888/1666 2706/4889/1667
f 2697/4877/1657 2654/4813/6 2704/4890/1668
f 2748/4815/5 2703/4880/1660 2710/4885/1663
f 2702/4883/1659 2701/4881/1661 2708/4887/1665 2709/4891/1662
f 2700/4876/4 2699/4875/1656 2706/4889/1667 2707/4886/1664
f 2698/4878/1658 2697/4877/1657 2704/4890/1668 2705/4892/1666
f 2706/4889/1667 2705/4888/1666 2712/4893/1669 2713/4894/1670
f 2704/4890/1668 2654/4813/6 2711/4895/1671
f 2748/4815/5 2710/4885/1663 2717/4896/1672
f 2709/4891/1662 2708/4887/1665 2715/4897/1673 2716/4898/1674
f 2707/4886/1664 2706/4889/1667 2713/4894/1670 2714/4899/1675
f 2705/4892/1666 2704/4890/1668 2711/4895/1671 2712/4900/1669
f 2710/4885/1663 2709/4884/1662 2716/4901/1674 2717/4896/1672
f 2708/4887/1665 2707/4886/1664 2714/4899/1675 2715/4897/1673
f 2748/4815/5 2717/4896/1672 2724/4902/1676
f 2716/4903/1674 2715/4904/1673 2722/4905/1677 2723/4906/1678
f 2714/4907/1675 2713/4908/1670 2720/4909/1679 2721/4910/1680
f 2712/4900/1669 2711/4895/1671 2718/4911/1681 2719/4912/1682
f 2717/4896/1672 2716/4901/1674 2723/4913/1678 2724/4902/1676
f 2715/4904/1673 2714/4907/1675 2721/4910/1680 2722/4905/1677
f 2713/4908/1670 2712/4914/1669 2719/4915/1682 2720/4909/1679
f 2711/4895/1671 2654/4813/6 2718/4911/1681
f 2719/4912/1682 2718/4911/1681 2725/4916/1683 2726/4917/1684
f 2724/4902/1676 2723/4913/1678 2730/4918/1685 2731/4919/1686
f 2722/4905/1677 2721/4910/1680 2728/4920/1687 2729/4921/1688
f 2720/4909/1679 2719/4915/1682 2726/4922/1684 2727/4923/1689
f 2718/4911/1681 2654/4813/6 2725/4916/1683
f 2748/4815/5 2724/4902/1676 2731/4919/1686
f 2723/4906/1678 2722/4905/1677 2729/4921/1688 2730/4924/1685
f 2721/4910/1680 2720/4909/1679 2727/4923/1689 2728/4920/1687
f 2731/4919/1686 2730/4918/1685 2737/4925/1690 2738/4926/1691
f 2729/4921/1688 2728/4920/1687 2735/4927/1692 2736/4928/1693
f 2727/4923/1689 2726/4922/1684 2733/4929/1694 2734/4930/1695
f 2725/4916/1683 2654/4813/6 2732/4931/1696
f 2748/4815/5 2731/4919/1686 2738/4926/1691
f 2730/4924/1685 2729/4921/1688 2736/4928/1693 2737/4932/1690
f 2728/4920/1687 2727/4923/1689 2734/4930/1695 2735/4927/1692
f 2726/4917/1684 2725/4916/1683 2732/4931/1696 2733/4933/1694
f 2732/4931/1696 2654/4813/6 2739/4934/1697
f 2748/4815/5 2738/4926/1691 2745/4935/1698
f 2737/4936/1690 2736/4937/1693 2743/4938/1699 2744/4939/1700
f 2735/4940/1692 2734/4941/1695 2741/4942/1701 2742/4943/1702
f 2733/4933/1694 2732/4931/1696 2739/4934/1697 2740/4944/1703
f 2738/4926/1691 2737/4925/1690 2744/4945/1700 2745/4935/1698
f 2736/4937/1693 2735/4940/1692 2742/4943/1702 2743/4938/1699
f 2734/4941/1695 2733/4946/1694 2740/4947/1703 2741/4942/1701
f 2744/4939/1700 2743/4938/1699 2652/4804/1612 2747/4816/1609
f 2742/4943/1702 2741/4942/1701 2650/4808/1615 2651/4805/2
f 2740/4944/1703 2739/4934/1697 2649/4812/1619 2746/4818/1616
f 2745/4935/1698 2744/4945/1700 2747/4801/1609 2653/4800/1608
f 2743/4938/1699 2742/4943/1702 2651/4805/2 2652/4804/1612
f 2741/4942/1701 2740/4947/1703 2746/4809/1616 2650/4808/1615
f 2739/4934/1697 2654/4813/6 2649/4812/1619
f 2748/4815/5 2745/4935/1698 2653/4800/1608
f 2749/4948/1566 2750/4949/1567 2752/4950/1568 2751/4951/1569
f 2751/4951/1569 2752/4950/1568 2754/4952/1606 2753/4953/1607
f 2753/4954/1607 2754/4955/1606 2756/4956/1572 2755/4957/1573
f 2755/4957/1573 2756/4956/1572 2758/4958/1574 2757/4959/1575
f 2757/4959/1575 2758/4958/1574 2760/4960/1576 2759/4961/1577
f 2759/4961/1577 2760/4960/1576 2762/4962/1578 2761/4963/1579
f 2761/4964/1579 2762/4965/1578 2764/4966/1580 2763/4967/1581
f 2763/4967/1581 2764/4966/1580 2766/4968/1582 2765/4969/1583
f 2765/4969/1583 2766/4968/1582 2768/4970/1584 2767/4971/1585
f 2767/4971/1585 2768/4970/1584 2770/4972/1586 2769/4973/1587
f 2769/4974/1587 2770/4975/1586 2772/4976/1588 2771/4977/1589
f 2771/4977/1589 2772/4976/1588 2774/4978/1590 2773/4979/1591
f 2773/4979/1591 2774/4978/1590 2776/4980/1592 2775/4981/1593
f 2775/4981/1593 2776/4980/1592 2778/4982/1594 2777/4983/1595
f 2752/4984/1568 2750/4985/1567 2780/4986/1596 2778/4987/1594 2776/4988/1592 2774/4989/1590 2772/4990/1588 2770/4991/1586 2768/4992/1584 2766/4993/1582 2764/4994/1580 2762/4995/1578 2760/4996/1576 2758/4997/1574 2756/4998/1572 2754/4999/1606
f 2777/5000/1595 2778/5001/1594 2780/5002/1596 2779/5003/1597
f 2779/5003/1597 2780/5002/1596 2750/4949/1567 2749/4948/1566
f 2749/5004/1566 2751/5005/1569 2753/5006/1607 2755/5007/1573 2757/5008/1575 2759/5009/1577 2761/5010/1579 2763/5011/1581 2765/5012/1583 2767/5013/1585 2769/5014/1587 2771/5015/1589 2773/5016/1591 2775/5017/1593 2777/5018/1595 2779/5019/1597
f 2785/5020/1608 2879/5021/1609 2792/5022/1610 2793/5023/1611
f 2784/5024/1612 2783/5025/2 2790/5026/1613 2791/5027/1614
f 2782/5028/1615 2878/5029/1616 2788/5030/1617 2789/5031/1618
f 2781/5032/1619 2786/5033/6 2787/5034/1620
f 2880/5035/5 2785/5020/1608 2793/5023/1611
f 2879/5036/1609 2784/5024/1612 2791/5027/1614 2792/5037/1610
f 2783/5025/2 2782/5028/1615 2789/5031/1618 2790/5026/1613
f 2878/5038/1616 2781/5032/1619 2787/5034/1620 2788/5039/1617
f 2880/5035/5 2793/5023/1611 2800/5040/1622
f 2792/5037/1610 2791/5027/1614 2798/5041/1623 2799/5042/1624
f 2790/5026/1613 2789/5031/1618 2796/5043/1625 2797/5044/1626
f 2788/5039/1617 2787/5034/1620 2794/5045/1621 2795/5046/1627
f 2793/5023/1611 2792/5022/1610 2799/5047/1624 2800/5040/1622
f 2791/5027/1614 2790/5026/1613 2797/5044/1626 2798/5041/1623
f 2789/5031/1618 2788/5030/1617 2795/5048/1627 2796/5043/1625
f 2787/5034/1620 2786/5033/6 2794/5045/1621
f 2797/5049/1626 2796/5050/1625 2803/5051/1630 2804/5052/1631
f 2795/5046/1627 2794/5045/1621 2801/5053/1632 2802/5054/1633
f 2800/5040/1622 2799/5047/1624 2806/5055/1629 2807/5056/1634
f 2798/5057/1623 2797/5049/1626 2804/5052/1631 2805/5058/1628
f 2796/5050/1625 2795/5059/1627 2802/5060/1633 2803/5051/1630
f 2794/5045/1621 2786/5033/6 2801/5053/1632
f 2880/5035/5 2800/5040/1622 2807/5056/1634
f 2799/5061/1624 2798/5057/1623 2805/5058/1628 2806/5062/1629
f 2807/5056/1634 2806/5055/1629 2813/5063/1635 2814/5064/1636
f 2805/5058/1628 2804/5052/1631 2811/5065/1637 2812/5066/1638
f 2803/5051/1630 2802/5060/1633 2809/5067/1639 2810/5068/1640
f 2801/5053/1632 2786/5033/6 2808/5069/1641
f 2880/5035/5 2807/5056/1634 2814/5064/1636
f 2806/5062/1629 2805/5058/1628 2812/5066/1638 2813/5070/1635
f 2804/5052/1631 2803/5051/1630 2810/5068/1640 2811/5065/1637
f 2802/5054/1633 2801/5053/1632 2808/5069/1641 2809/5071/1639
f 2810/5068/1640 2809/5067/1639 2816/5072/1644 2817/5073/1645
f 2808/5069/1641 2786/5033/6 2815/5074/1646
f 2880/5035/5 2814/5064/1636 2821/5075/1647
f 2813/5070/1635 2812/5066/1638 2819/5076/1643 2820/5077/1648
f 2811/5065/1637 2810/5068/1640 2817/5073/1645 2818/5078/1642
f 2809/5071/1639 2808/5069/1641 2815/5074/1646 2816/5079/1644
f 2814/5064/1636 2813/5063/1635 2820/5080/1648 2821/5075/1647
f 2812/5066/1638 2811/5065/1637 2818/5078/1642 2819/5076/1643
f 2880/5035/5 2821/5075/1647 2828/5081/1649
f 2820/5082/1648 2819/5083/1643 2826/5084/1650 2827/5085/1651
f 2818/5086/1642 2817/5087/1645 2824/5088/1652 2825/5089/1653
f 2816/5079/1644 2815/5074/1646 2822/5090/1654 2823/5091/1655
f 2821/5075/1647 2820/5080/1648 2827/5092/1651 2828/5081/1649
f 2819/5083/1643 2818/5086/1642 2825/5089/1653 2826/5084/1650
f 2817/5087/1645 2816/5093/1644 2823/5094/1655 2824/5088/1652
f 2815/5074/1646 2786/5033/6 2822/5090/1654
f 2823/5091/1655 2822/5090/1654 2829/5095/1657 2830/5096/1658
f 2828/5081/1649 2827/5092/1651 2834/5097/1659 2835/5098/1660
f 2826/5084/1650 2825/5089/1653 2832/5099/4 2833/5100/1661
f 2824/5088/1652 2823/5094/1655 2830/5101/1658 2831/5102/1656
f 2822/5090/1654 2786/5033/6 2829/5095/1657
f 2880/5035/5 2828/5081/1649 2835/5098/1660
f 2827/5085/1651 2826/5084/1650 2833/5100/1661 2834/5103/1659
f 2825/5089/1653 2824/5088/1652 2831/5102/1656 2832/5099/4
f 2835/5098/1660 2834/5097/1659 2841/5104/1662 2842/5105/1663
f 2833/5100/1661 2832/5099/4 2839/5106/1664 2840/5107/1665
f 2831/5102/1656 2830/5101/1658 2837/5108/1666 2838/5109/1667
f 2829/5095/1657 2786/5033/6 2836/5110/1668
f 2880/5035/5 2835/5098/1660 2842/5105/1663
f 2834/5103/1659 2833/5100/1661 2840/5107/1665 2841/5111/1662
f 2832/5099/4 2831/5102/1656 2838/5109/1667 2839/5106/1664
f 2830/5096/1658 2829/5095/1657 2836/5110/1668 2837/5112/1666
f 2836/5110/1668 2786/5033/6 2843/5113/1671
f 2880/5035/5 2842/5105/1663 2849/5114/1672
f 2841/5111/1662 2840/5107/1665 2847/5115/1673 2848/5116/1674
f 2839/5106/1664 2838/5109/1667 2845/5117/1670 2846/5118/1675
f 2837/5112/1666 2836/5110/1668 2843/5113/1671 2844/5119/1669
f 2842/5105/1663 2841/5104/1662 2848/5120/1674 2849/5114/1672
f 2840/5107/1665 2839/5106/1664 2846/5118/1675 2847/5115/1673
f 2838/5109/1667 2837/5108/1666 2844/5121/1669 2845/5117/1670
f 2848/5122/1674 2847/5123/1673 2854/5124/1677 2855/5125/1678
f 2846/5126/1675 2845/5127/1670 2852/5128/1679 2853/5129/1680
f 2844/5119/1669 2843/5113/1671 2850/5130/1681 2851/5131/1682
f 2849/5114/1672 2848/5120/1674 2855/5132/1678 2856/5133/1676
f 2847/5123/1673 2846/5126/1675 2853/5129/1680 2854/5124/1677
f 2845/5127/1670 2844/5134/1669 2851/5135/1682 2852/5128/1679
f 2843/5113/1671 2786/5033/6 2850/5130/1681
f 2880/5035/5 2849/5114/1672 2856/5133/1676
f 2856/5133/1676 2855/5132/1678 2862/5136/1685 2863/5137/1686
f 2854/5124/1677 2853/5129/1680 2860/5138/1687 2861/5139/1688
f 2852/5128/1679 2851/5135/1682 2858/5140/1684 2859/5141/1689
f 2850/5130/1681 2786/5033/6 2857/5142/1683
f 2880/5035/5 2856/5133/1676 2863/5137/1686
f 2855/5125/1678 2854/5124/1677 2861/5139/1688 2862/5143/1685
f 2853/5129/1680 2852/5128/1679 2859/5141/1689 2860/5138/1687
f 2851/5131/1682 2850/5130/1681 2857/5142/1683 2858/5144/1684
f 2861/5139/1688 2860/5138/1687 2867/5145/1692 2868/5146/1693
f 2859/5141/1689 2858/5140/1684 2865/5147/1694 2866/5148/1695
f 2857/5142/1683 2786/5033/6 2864/5149/1696
f 2880/5035/5 2863/5137/1686 2870/5150/1691
f 2862/5143/1685 2861/5139/1688 2868/5146/1693 2869/5151/1690
f 2860/5138/1687 2859/5141/1689 2866/5148/1695 2867/5145/1692
f 2858/5144/1684 2857/5142/1683 2864/5149/1696 2865/5152/1694
f 2863/5137/1686 2862/5136/1685 2869/5153/1690 2870/5150/1691
f 2880/5035/5 2870/5150/1691 2877/5154/1698
f 2869/5155/1690 2868/5156/1693 2875/5157/1699 2876/5158/1700
f 2867/5159/1692 2866/5160/1695 2873/5161/1701 2874/5162/1702
f 2865/5152/1694 2864/5149/1696 2871/5163/1697 2872/5164/1703
f 2870/5150/1691 2869/5153/1690 2876/5165/1700 2877/5154/1698
f 2868/5156/1693 2867/5159/1692 2874/5162/1702 2875/5157/1699
f 2866/5160/1695 2865/5166/1694 2872/5167/1703 2873/5161/1701
f 2864/5149/1696 2786/5033/6 2871/5163/1697
f 2874/5162/1702 2873/5161/1701 2782/5028/1615 2783/5025/2
f 2872/5164/1703 2871/5163/1697 2781/5032/1619 2878/5038/1616
f 2877/5154/1698 2876/5165/1700 2879/5021/1609 2785/5020/1608
f 2875/5157/1699 2874/5162/1702 2783/5025/2 2784/5024/1612
f 2873/5161/1701 2872/5167/1703 2878/5029/1616 2782/5028/1615
f 2871/5163/1697 2786/5033/6 2781/5032/1619
f 2880/5035/5 2877/5154/1698 2785/5020/1608
f 2876/5158/1700 2875/5157/1699 2784/5024/1612 2879/5036/1609
f 2883/5168/1704 2979/5169/1705 2890/5170/1706 2891/5171/1707
f 2882/5172/1708 2881/5173/2 2888/5174/1709 2889/5175/1710
f 2978/5176/1711 2977/5177/1712 2886/5178/1713 2887/5179/1714
f 2976/5180/1715 2884/5181/6 2885/5182/1716
f 2980/5183/5 2883/5168/1704 2891/5171/1707
f 2979/5184/1705 2882/5172/1708 2889/5175/1710 2890/5185/1706
f 2881/5173/2 2978/5176/1711 2887/5179/1714 2888/5174/1709
f 2977/5186/1712 2976/5180/1715 2885/5182/1716 2886/5187/1713
f 2887/5179/1714 2886/5178/1713 2893/5188/1717 2894/5189/1718
f 2885/5182/1716 2884/5181/6 2892/5190/1719
f 2980/5183/5 2891/5171/1707 2898/5191/1720
f 2890/5185/1706 2889/5175/1710 2896/5192/1721 2897/5193/1722
f 2888/5174/1709 2887/5179/1714 2894/5189/1718 2895/5194/1723
f 2886/5187/1713 2885/5182/1716 2892/5190/1719 2893/5195/1717
f 2891/5171/1707 2890/5170/1706 2897/5196/1722 2898/5191/1720
f 2889/5175/1710 2888/5174/1709 2895/5194/1723 2896/5192/1721
f 2980/5183/5 2898/5191/1720 2905/5197/1724
f 2897/5196/1722 2896/5198/1721 2903/5199/1725 2904/5200/1726
f 2895/5194/1723 2894/5189/1718 2901/5201/1727 2902/5202/1728
f 2893/5195/1717 2892/5190/1719 2899/5203/1729 2900/5204/1730
f 2898/5191/1720 2897/5196/1722 2904/5200/1726 2905/5197/1724
f 2896/5192/1721 2895/5194/1723 2902/5202/1728 2903/5205/1725
f 2894/5206/1718 2893/5195/1717 2900/5204/1730 2901/5207/1727
f 2892/5190/1719 2884/5181/6 2899/5203/1729
f 2900/5204/1730 2899/5203/1729 2906/5208/1731 2907/5209/1732
f 2905/5197/1724 2904/5200/1726 2911/5210/1733 2912/5211/1734
f 2903/5212/1725 2902/5213/1728 2909/5214/1735 2910/5215/1736
f 2901/5207/1727 2900/5204/1730 2907/5209/1732 2908/5216/1737
f 2899/5203/1729 2884/5181/6 2906/5208/1731
f 2980/5183/5 2905/5197/1724 2912/5211/1734
f 2904/5200/1726 2903/5199/1725 2910/5217/1736 2911/5210/1733
f 2902/5213/1728 2901/5218/1727 2908/5219/1737 2909/5214/1735
f 2912/5211/1734 2911/5210/1733 2918/5220/1738 2919/5221/1739
f 2910/5222/1736 2909/5223/1735 2916/5224/1740 2917/5225/1741
f 2908/5216/1737 2907/5209/1732 2914/5226/1742 2915/5227/1743
f 2906/5208/1731 2884/5181/6 2913/5228/1744
f 2980/5183/5 2912/5211/1734 2919/5221/1739
f 2911/5210/1733 2910/5217/1736 2917/5229/1741 2918/5220/1738
f 2909/5223/1735 2908/5230/1737 2915/5231/1743 2916/5224/1740
f 2907/5209/1732 2906/5208/1731 2913/5228/1744 2914/5226/1742
f 2913/5228/1744 2884/5181/6 2920/5232/1745
f 2980/5183/5 2919/5221/1739 2926/5233/1746
f 2918/5234/1738 2917/5225/1741 2924/5235/1747 2925/5236/1748
f 2916/5224/1740 2915/5231/1743 2922/5237/1749 2923/5238/1750
f 2914/5226/1742 2913/5228/1744 2920/5232/1745 2921/5239/1751
f 2919/5221/1739 2918/5220/1738 2925/5240/1748 2926/5233/1746
f 2917/5225/1741 2916/5224/1740 2923/5238/1750 2924/5235/1747
f 2915/5231/1743 2914/5241/1742 2921/5242/1751 2922/5237/1749
f 2925/5236/1748 2924/5235/1747 2931/5243/1752 2932/5244/1753
f 2923/5238/1750 2922/5237/1749 2929/5245/1754 2930/5246/4
f 2921/5239/1751 2920/5232/1745 2927/5247/1755 2928/5248/1756
f 2926/5233/1746 2925/5240/1748 2932/5249/1753 2933/5250/1757
f 2924/5235/1747 2923/5238/1750 2930/5246/4 2931/5243/1752
f 2922/5237/1749 2921/5242/1751 2928/5251/1756 2929/5245/1754
f 2920/5232/1745 2884/5181/6 2927/5247/1755
f 2980/5183/5 2926/5233/1746 2933/5250/1757
f 2933/5250/1757 2932/5249/1753 2939/5252/1758 2940/5253/1759
f 2931/5243/1752 2930/5246/4 2937/5254/1760 2938/5255/1761
f 2929/5245/1754 2928/5251/1756 2935/5256/1762 2936/5257/1763
f 2927/5247/1755 2884/5181/6 2934/5258/1764
f 2980/5183/5 2933/5250/1757 2940/5253/1759
f 2932/5244/1753 2931/5243/1752 2938/5255/1761 2939/5259/1758
f 2930/5246/4 2929/5245/1754 2936/5257/1763 2937/5254/1760
f 2928/5248/1756 2927/5247/1755 2934/5258/1764 2935/5260/1762
f 2938/5255/1761 2937/5254/1760 2944/5261/1765 2945/5262/1766
f 2936/5257/1763 2935/5256/1762 2942/5263/1767 2943/5264/1768
f 2934/5258/1764 2884/5181/6 2941/5265/1769
f 2980/5183/5 2940/5253/1759 2947/5266/1770
f 2939/5259/1758 2938/5255/1761 2945/5262/1766 2946/5267/1771
f 2937/5254/1760 2936/5257/1763 2943/5264/1768 2944/5261/1765
f 2935/5260/1762 2934/5258/1764 2941/5265/1769 2942/5268/1767
f 2940/5253/1759 2939/5252/1758 2946/5269/1771 2947/5266/1770
f 2980/5183/5 2947/5266/1770 2954/5270/1772
f 2946/5267/1771 2945/5262/1766 2952/5271/1773 2953/5272/1774
f 2944/5261/1765 2943/5264/1768 2950/5273/1775 2951/5274/1776
f 2942/5268/1767 2941/5265/1769 2948/5275/1777 2949/5276/1778
f 2947/5266/1770 2946/5269/1771 2953/5277/1774 2954/5270/1772
f 2945/5262/1766 2944/5261/1765 2951/5274/1776 2952/5271/1773
f 2943/5278/1768 2942/5268/1767 2949/5276/1778 2950/5279/1775
f 2941/5265/1769 2884/5181/6 2948/5275/1777
f 2951/5280/1776 2950/5281/1775 2957/5282/1779 2958/5283/1780
f 2949/5276/1778 2948/5275/1777 2955/5284/1781 2956/5285/1782
f 2954/5270/1772 2953/5277/1774 2960/5286/1783 2961/5287/1784
f 2952/5288/1773 2951/5280/1776 2958/5283/1780 2959/5289/1785
f 2950/5279/1775 2949/5276/1778 2956/5285/1782 2957/5290/1779
f 2948/5275/1777 2884/5181/6 2955/5284/1781
f 2980/5183/5 2954/5270/1772 2961/5287/1784
f 2953/5277/1774 2952/5291/1773 2959/5292/1785 2960/5286/1783
f 2961/5287/1784 2960/5286/1783 2967/5293/1786 2968/5294/1787
f 2959/5295/1785 2958/5296/1780 2965/5297/1788 2966/5298/1789
f 2957/5290/1779 2956/5285/1782 2963/5299/1790 2964/5300/1791
f 2955/5284/1781 2884/5181/6 2962/5301/1792
f 2980/5183/5 2961/5287/1784 2968/5294/1787
f 2960/5286/1783 2959/5292/1785 2966/5302/1789 2967/5293/1786
f 2958/5296/1780 2957/5303/1779 2964/5304/1791 2965/5297/1788
f 2956/5285/1782 2955/5284/1781 2962/5301/1792 2963/5299/1790
f 2964/5304/1791 2963/5305/1790 2970/5306/1793 2971/5307/1794
f 2962/5301/1792 2884/5181/6 2969/5308/1795
f 2980/5183/5 2968/5294/1787 2975/5309/1796
f 2967/5310/1786 2966/5298/1789 2973/5311/1797 2974/5312/1798
f 2965/5297/1788 2964/5304/1791 2971/5307/1794 2972/5313/1799
f 2963/5299/1790 2962/5301/1792 2969/5308/1795 2970/5314/1793
f 2968/5294/1787 2967/5293/1786 2974/5315/1798 2975/5309/1796
f 2966/5298/1789 2965/5297/1788 2972/5313/1799 2973/5311/1797
f 2980/5183/5 2975/5309/1796 2883/5168/1704
f 2974/5312/1798 2973/5311/1797 2882/5172/1708 2979/5184/1705
f 2972/5313/1799 2971/5307/1794 2978/5176/1711 2881/5173/2
f 2970/5314/1793 2969/5308/1795 2976/5180/1715 2977/5186/1712
f 2975/5309/1796 2974/5315/1798 2979/5169/1705 2883/5168/1704
f 2973/5311/1797 2972/5313/1799 2881/5173/2 2882/5172/1708
f 2971/5307/1794 2970/5306/1793 2977/5177/1712 2978/5176/1711
f 2969/5308/1795 2884/5181/6 2976/5180/1715
f 3076/5316/1715 2984/5317/6 2985/5318/1716
f 3080/5319/5 2983/5320/1704 2991/5321/1707
f 3079/5322/1705 2982/5323/1708 2989/5324/1710 2990/5325/1706
f 2981/5326/2 3078/5327/1711 2987/5328/1714 2988/5329/1709
f 3077/5330/1712 3076/5316/1715 2985/5318/1716 2986/5331/1713
f 2983/5320/1704 3079/5332/1705 2990/5333/1706 2991/5321/1707
f 2982/5323/1708 2981/5326/2 2988/5329/1709 2989/5324/1710
f 3078/5327/1711 3077/5334/1712 2986/5335/1713 2987/5328/1714
f 2988/5329/1709 2987/5328/1714 2994/5336/1718 2995/5337/1723
f 2986/5331/1713 2985/5318/1716 2992/5338/1719 2993/5339/1717
f 2991/5321/1707 2990/5333/1706 2997/5340/1722 2998/5341/1720
f 2989/5324/1710 2988/5329/1709 2995/5337/1723 2996/5342/1721
f 2987/5328/1714 2986/5335/1713 2993/5343/1717 2994/5336/1718
f 2985/5318/1716 2984/5317/6 2992/5338/1719
f 3080/5319/5 2991/5321/1707 2998/5341/1720
f 2990/5325/1706 2989/5324/1710 2996/5342/1721 2997/5344/1722
f 2998/5341/1720 2997/5340/1722 3004/5345/1726 3005/5346/1724
f 2996/5342/1721 2995/5337/1723 3002/5347/1728 3003/5348/1725
f 2994/5349/1718 2993/5339/1717 3000/5350/1730 3001/5351/1727
f 2992/5338/1719 2984/5317/6 2999/5352/1729
f 3080/5319/5 2998/5341/1720 3005/5346/1724
f 2997/5340/1722 2996/5353/1721 3003/5354/1725 3004/5345/1726
f 2995/5337/1723 2994/5336/1718 3001/5355/1727 3002/5347/1728
f 2993/5339/1717 2992/5338/1719 2999/5352/1729 3000/5350/1730
f 3001/5351/1727 3000/5350/1730 3007/5356/1732 3008/5357/1737
f 2999/5352/1729 2984/5317/6 3006/5358/1731
f 3080/5319/5 3005/5346/1724 3012/5359/1734
f 3004/5345/1726 3003/5354/1725 3010/5360/1736 3011/5361/1733
f 3002/5362/1728 3001/5363/1727 3008/5364/1737 3009/5365/1735
f 3000/5350/1730 2999/5352/1729 3006/5358/1731 3007/5356/1732
f 3005/5346/1724 3004/5345/1726 3011/5361/1733 3012/5359/1734
f 3003/5366/1725 3002/5362/1728 3009/5365/1735 3010/5367/1736
f 3080/5319/5 3012/5359/1734 3019/5368/1739
f 3011/5361/1733 3010/5360/1736 3017/5369/1741 3018/5370/1738
f 3009/5371/1735 3008/5372/1737 3015/5373/1743 3016/5374/1740
f 3007/5356/1732 3006/5358/1731 3013/5375/1744 3014/5376/1742
f 3012/5359/1734 3011/5361/1733 3018/5370/1738 3019/5368/1739
f 3010/5377/1736 3009/5371/1735 3016/5374/1740 3017/5378/1741
f 3008/5357/1737 3007/5356/1732 3014/5376/1742 3015/5379/1743
f 3006/5358/1731 2984/5317/6 3013/5375/1744
f 3014/5376/1742 3013/5375/1744 3020/5380/1745 3021/5381/1751
f 3019/5368/1739 3018/5370/1738 3025/5382/1748 3026/5383/1746
f 3017/5378/1741 3016/5374/1740 3023/5384/1750 3024/5385/1747
f 3015/5373/1743 3014/5386/1742 3021/5387/1751 3022/5388/1749
f 3013/5375/1744 2984/5317/6 3020/5380/1745
f 3080/5319/5 3019/5368/1739 3026/5383/1746
f 3018/5389/1738 3017/5378/1741 3024/5385/1747 3025/5390/1748
f 3016/5374/1740 3015/5373/1743 3022/5388/1749 3023/5384/1750
f 3026/5383/1746 3025/5382/1748 3032/5391/1753 3033/5392/1757
f 3024/5385/1747 3023/5384/1750 3030/5393/4 3031/5394/1752
f 3022/5388/1749 3021/5387/1751 3028/5395/1756 3029/5396/1754
f 3020/5380/1745 2984/5317/6 3027/5397/1755
f 3080/5319/5 3026/5383/1746 3033/5392/1757
f 3025/5390/1748 3024/5385/1747 3031/5394/1752 3032/5398/1753
f 3023/5384/1750 3022/5388/1749 3029/5396/1754 3030/5393/4
f 3021/5381/1751 3020/5380/1745 3027/5397/1755 3028/5399/1756
f 3027/5397/1755 2984/5317/6 3034/5400/1764
f 3080/5319/5 3033/5392/1757 3040/5401/1759
f 3032/5398/1753 3031/5394/1752 3038/5402/1761 3039/5403/1758
f 3030/5393/4 3029/5396/1754 3036/5404/1763 3037/5405/1760
f 3028/5399/1756 3027/5397/1755 3034/5400/1764 3035/5406/1762
f 3033/5392/1757 3032/5391/1753 3039/5407/1758 3040/5401/1759
f 3031/5394/1752 3030/5393/4 3037/5405/1760 3038/5402/1761
f 3029/5396/1754 3028/5395/1756 3035/5408/1762 3036/5404/1763
f 3039/5403/1758 3038/5402/1761 3045/5409/1766 3046/5410/1771
f 3037/5405/1760 3036/5404/1763 3043/5411/1768 3044/5412/1765
f 3035/5406/1762 3034/5400/1764 3041/5413/1769 3042/5414/1767
f 3040/5401/1759 3039/5407/1758 3046/5415/1771 3047/5416/1770
f 3038/5402/1761 3037/5405/1760 3044/5412/1765 3045/5409/1766
f 3036/5404/1763 3035/5408/1762 3042/5417/1767 3043/5411/1768
f 3034/5400/1764 2984/5317/6 3041/5413/1769
f 3080/5319/5 3040/5401/1759 3047/5416/1770
f 3047/5416/1770 3046/5415/1771 3053/5418/1774 3054/5419/1772
f 3045/5409/1766 3044/5412/1765 3051/5420/1776 3052/5421/1773
f 3043/5422/1768 3042/5414/1767 3049/5423/1778 3050/5424/1775
f 3041/5413/1769 2984/5317/6 3048/5425/1777
f 3080/5319/5 3047/5416/1770 3054/5419/1772
f 3046/5410/1771 3045/5409/1766 3052/5421/1773 3053/5426/1774
f 3044/5412/1765 3043/5411/1768 3050/5427/1775 3051/5420/1776
f 3042/5414/1767 3041/5413/1769 3048/5425/1777 3049/5423/1778
f 3052/5428/1773 3051/5429/1776 3058/5430/1780 3059/5431/1785
f 3050/5424/1775 3049/5423/1778 3056/5432/1782 3057/5433/1779
f 3048/5425/1777 2984/5317/6 3055/5434/1781
f 3080/5319/5 3054/5419/1772 3061/5435/1784
f 3053/5418/1774 3052/5436/1773 3059/5437/1785 3060/5438/1783
f 3051/5429/1776 3050/5439/1775 3057/5440/1779 3058/5430/1780
f 3049/5423/1778 3048/5425/1777 3055/5434/1781 3056/5432/1782
f 3054/5419/1772 3053/5418/1774 3060/5438/1783 3061/5435/1784
f 3080/5319/5 3061/5435/1784 3068/5441/1787
f 3060/5438/1783 3059/5437/1785 3066/5442/1789 3067/5443/1786
f 3058/5444/1780 3057/5445/1779 3064/5446/1791 3065/5447/1788
f 3056/5432/1782 3055/5434/1781 3062/5448/1792 3063/5449/1790
f 3061/5435/1784 3060/5438/1783 3067/5443/1786 3068/5441/1787
f 3059/5450/1785 3058/5444/1780 3065/5447/1788 3066/5451/1789
f 3057/5433/1779 3056/5432/1782 3063/5449/1790 3064/5452/1791
f 3055/5434/1781 2984/5317/6 3062/5448/1792
f 3065/5447/1788 3064/5446/1791 3071/5453/1794 3072/5454/1799
f 3063/5449/1790 3062/5448/1792 3069/5455/1795 3070/5456/1793
f 3068/5441/1787 3067/5443/1786 3074/5457/1798 3075/5458/1796
f 3066/5451/1789 3065/5447/1788 3072/5454/1799 3073/5459/1797
f 3064/5446/1791 3063/5460/1790 3070/5461/1793 3071/5453/1794
f 3062/5448/1792 2984/5317/6 3069/5455/1795
f 3080/5319/5 3068/5441/1787 3075/5458/1796
f 3067/5462/1786 3066/5451/1789 3073/5459/1797 3074/5463/1798
f 3075/5458/1796 3074/5457/1798 3079/5332/1705 2983/5320/1704
f 3073/5459/1797 3072/5454/1799 2981/5326/2 2982/5323/1708
f 3071/5453/1794 3070/5461/1793 3077/5334/1712 3078/5327/1711
f 3069/5455/1795 2984/5317/6 3076/5316/1715
f 3080/5319/5 3075/5458/1796 2983/5320/1704
f 3074/5463/1798 3073/5459/1797 2982/5323/1708 3079/5322/1705
f 3072/5454/1799 3071/5453/1794 3078/5327/1711 2981/5326/2
f 3070/5456/1793 3069/5455/1795 3076/5316/1715 3077/5330/1712
f 3180/5464/5 3083/5465/1704 3091/5466/1707
f 3179/5467/1705 3082/5468/1708 3089/5469/1710 3090/5470/1706
f 3081/5471/2 3178/5472/1711 3087/5473/1714 3088/5474/1709
f 3177/5475/1712 3176/5476/1715 3085/5477/1716 3086/5478/1713
f 3083/5465/1704 3179/5479/1705 3090/5480/1706 3091/5466/1707
f 3082/5468/1708 3081/5471/2 3088/5474/1709 3089/5469/1710
f 3178/5472/1711 3177/5481/1712 3086/5482/1713 3087/5473/1714
f 3176/5476/1715 3084/5483/6 3085/5477/1716
f 3086/5478/1713 3085/5477/1716 3092/5484/1719 3093/5485/1717
f 3091/5466/1707 3090/5480/1706 3097/5486/1722 3098/5487/1720
f 3089/5469/1710 3088/5474/1709 3095/5488/1723 3096/5489/1721
f 3087/5473/1714 3086/5482/1713 3093/5490/1717 3094/5491/1718
f 3085/5477/1716 3084/5483/6 3092/5484/1719
f 3180/5464/5 3091/5466/1707 3098/5487/1720
f 3090/5470/1706 3089/5469/1710 3096/5489/1721 3097/5492/1722
f 3088/5474/1709 3087/5473/1714 3094/5491/1718 3095/5488/1723
f 3098/5487/1720 3097/5486/1722 3104/5493/1726 3105/5494/1724
f 3096/5489/1721 3095/5488/1723 3102/5495/1728 3103/5496/1725
f 3094/5497/1718 3093/5485/1717 3100/5498/1730 3101/5499/1727
f 3092/5484/1719 3084/5483/6 3099/5500/1729
f 3180/5464/5 3098/5487/1720 3105/5494/1724
f 3097/5486/1722 3096/5501/1721 3103/5502/1725 3104/5493/1726
f 3095/5488/1723 3094/5491/1718 3101/5503/1727 3102/5495/1728
f 3093/5485/1717 3092/5484/1719 3099/5500/1729 3100/5498/1730
f 3099/5500/1729 3084/5483/6 3106/5504/1731
f 3180/5464/5 3105/5494/1724 3112/5505/1734
f 3104/5493/1726 3103/5502/1725 3110/5506/1736 3111/5507/1733
f 3102/5508/1728 3101/5509/1727 3108/5510/1737 3109/5511/1735
f 3100/5498/1730 3099/5500/1729 3106/5504/1731 3107/5512/1732
f 3105/5494/1724 3104/5493/1726 3111/5507/1733 3112/5505/1734
f 3103/5513/1725 3102/5508/1728 3109/5511/1735 3110/5514/1736
f 3101/5499/1727 3100/5498/1730 3107/5512/1732 3108/5515/1737
f 3111/5507/1733 3110/5506/1736 3117/5516/1741 3118/5517/1738
f 3109/5518/1735 3108/5519/1737 3115/5520/1743 3116/5521/1740
f 3107/5512/1732 3106/5504/1731 3113/5522/1744 3114/5523/1742
f 3112/5505/1734 3111/5507/1733 3118/5517/1738 3119/5524/1739
f 3110/5525/1736 3109/5518/1735 3116/5521/1740 3117/5526/1741
f 3108/5515/1737 3107/5512/1732 3114/5523/1742 3115/5527/1743
f 3106/5504/1731 3084/5483/6 3113/5522/1744
f 3180/5464/5 3112/5505/1734 3119/5524/1739
f 3119/5524/1739 3118/5517/1738 3125/5528/1748 3126/5529/1746
f 3117/5526/1741 3116/5521/1740 3123/5530/1750 3124/5531/1747
f 3115/5520/1743 3114/5532/1742 3121/5533/1751 3122/5534/1749
f 3113/5522/1744 3084/5483/6 3120/5535/1745
f 3180/5464/5 3119/5524/1739 3126/5529/1746
f 3118/5536/1738 3117/5526/1741 3124/5531/1747 3125/5537/1748
f 3116/5521/1740 3115/5520/1743 3122/5534/1749 3123/5530/1750
f 3114/5523/1742 3113/5522/1744 3120/5535/1745 3121/5538/1751
f 3124/5531/1747 3123/5530/1750 3130/5539/4 3131/5540/1752
f 3122/5534/1749 3121/5533/1751 3128/5541/1756 3129/5542/1754
f 3120/5535/1745 3084/5483/6 3127/5543/1755
f 3180/5464/5 3126/5529/1746 3133/5544/1757
f 3125/5537/1748 3124/5531/1747 3131/5540/1752 3132/5545/1753
f 3123/5530/1750 3122/5534/1749 3129/5542/1754 3130/5539/4
f 3121/5538/1751 3120/5535/1745 3127/5543/1755 3128/5546/1756
f 3126/5529/1746 3125/5528/1748 3132/5547/1753 3133/5544/1757
f 3180/5464/5 3133/5544/1757 3140/5548/1759
f 3132/5545/1753 3131/5540/1752 3138/5549/1761 3139/5550/1758
f 3130/5539/4 3129/5542/1754 3136/5551/1763 3137/5552/1760
f 3128/5546/1756 3127/5543/1755 3134/5553/1764 3135/5554/1762
f 3133/5544/1757 3132/5547/1753 3139/5555/1758 3140/5548/1759
f 3131/5540/1752 3130/5539/4 3137/5552/1760 3138/5549/1761
f 3129/5542/1754 3128/5541/1756 3135/5556/1762 3136/5551/1763
f 3127/5543/1755 3084/5483/6 3134/5553/1764
f 3137/5552/1760 3136/5551/1763 3143/5557/1768 3144/5558/1765
f 3135/5554/1762 3134/5553/1764 3141/5559/1769 3142/5560/1767
f 3140/5548/1759 3139/5555/1758 3146/5561/1771 3147/5562/1770
f 3138/5549/1761 3137/5552/1760 3144/5558/1765 3145/5563/1766
f 3136/5551/1763 3135/5556/1762 3142/5564/1767 3143/5557/1768
f 3134/5553/1764 3084/5483/6 3141/5559/1769
f 3180/5464/5 3140/5548/1759 3147/5562/1770
f 3139/5550/1758 3138/5549/1761 3145/5563/1766 3146/5565/1771
f 3147/5562/1770 3146/5561/1771 3153/5566/1774 3154/5567/1772
f 3145/5563/1766 3144/5558/1765 3151/5568/1776 3152/5569/1773
f 3143/5570/1768 3142/5560/1767 3149/5571/1778 3150/5572/1775
f 3141/5559/1769 3084/5483/6 3148/5573/1777
f 3180/5464/5 3147/5562/1770 3154/5567/1772
f 3146/5565/1771 3145/5563/1766 3152/5569/1773 3153/5574/1774
f 3144/5558/1765 3143/5557/1768 3150/5575/1775 3151/5568/1776
f 3142/5560/1767 3141/5559/1769 3148/5573/1777 3149/5571/1778
f 3150/5572/1775 3149/5571/1778 3156/5576/1782 3157/5577/1779
f 3148/5573/1777 3084/5483/6 3155/5578/1781
f 3180/5464/5 3154/5567/1772 3161/5579/1784
f 3153/5566/1774 3152/5580/1773 3159/5581/1785 3160/5582/1783
f 3151/5583/1776 3150/5584/1775 3157/5585/1779 3158/5586/1780
f 3149/5571/1778 3148/5573/1777 3155/5578/1781 3156/5576/1782
f 3154/5567/1772 3153/5566/1774 3160/5582/1783 3161/5579/1784
f 3152/5587/1773 3151/5583/1776 3158/5586/1780 3159/5588/1785
f 3180/5464/5 3161/5579/1784 3168/5589/1787
f 3160/5582/1783 3159/5581/1785 3166/5590/1789 3167/5591/1786
f 3158/5592/1780 3157/5593/1779 3164/5594/1791 3165/5595/1788
f 3156/5576/1782 3155/5578/1781 3162/5596/1792 3163/5597/1790
f 3161/5579/1784 3160/5582/1783 3167/5591/1786 3168/5589/1787
f 3159/5598/1785 3158/5592/1780 3165/5595/1788 3166/5599/1789
f 3157/5577/1779 3156/5576/1782 3163/5597/1790 3164/5600/1791
f 3155/5578/1781 3084/5483/6 3162/5596/1792
f 3163/5597/1790 3162/5596/1792 3169/5601/1795 3170/5602/1793
f 3168/5589/1787 3167/5591/1786 3174/5603/1798 3175/5604/1796
f 3166/5599/1789 3165/5595/1788 3172/5605/1799 3173/5606/1797
f 3164/5594/1791 3163/5607/1790 3170/5608/1793 3171/5609/1794
f 3162/5596/1792 3084/5483/6 3169/5601/1795
f 3180/5464/5 3168/5589/1787 3175/5604/1796
f 3167/5610/1786 3166/5599/1789 3173/5606/1797 3174/5611/1798
f 3165/5595/1788 3164/5594/1791 3171/5609/1794 3172/5605/1799
f 3175/5604/1796 3174/5603/1798 3179/5479/1705 3083/5465/1704
f 3173/5606/1797 3172/5605/1799 3081/5471/2 3082/5468/1708
f 3171/5609/1794 3170/5608/1793 3177/5481/1712 3178/5472/1711
f 3169/5601/1795 3084/5483/6 3176/5476/1715
f 3180/5464/5 3175/5604/1796 3083/5465/1704
f 3174/5611/1798 3173/5606/1797 3082/5468/1708 3179/5467/1705
f 3172/5605/1799 3171/5609/1794 3178/5472/1711 3081/5471/2
f 3170/5602/1793 3169/5601/1795 3176/5476/1715 3177/5475/1712
f 3181/5612/2 3278/5613/1711 3187/5614/1714 3188/5615/1709
f 3277/5616/1712 3276/5617/1715 3185/5618/1716 3186/5619/1713
f 3183/5620/1704 3279/5621/1705 3190/5622/1706 3191/5623/1707
f 3182/5624/1708 3181/5612/2 3188/5615/1709 3189/5625/1710
f 3278/5613/1711 3277/5626/1712 3186/5627/1713 3187/5614/1714
f 3276/5617/1715 3184/5628/6 3185/5618/1716
f 3280/5629/5 3183/5620/1704 3191/5623/1707
f 3279/5630/1705 3182/5624/1708 3189/5625/1710 3190/5631/1706
f 3191/5623/1707 3190/5622/1706 3197/5632/1722 3198/5633/1720
f 3189/5625/1710 3188/5615/1709 3195/5634/1723 3196/5635/1721
f 3187/5614/1714 3186/5627/1713 3193/5636/1717 3194/5637/1718
f 3185/5618/1716 3184/5628/6 3192/5638/1719
f 3280/5629/5 3191/5623/1707 3198/5633/1720
f 3190/5631/1706 3189/5625/1710 3196/5635/1721 3197/5639/1722
f 3188/5615/1709 3187/5614/1714 3194/5637/1718 3195/5634/1723
f 3186/5619/1713 3185/5618/1716 3192/5638/1719 3193/5640/1717
f 3192/5638/1719 3184/5628/6 3199/5641/1729
f 3280/5629/5 3198/5633/1720 3205/5642/1724
f 3197/5632/1722 3196/5643/1721 3203/5644/1725 3204/5645/1726
f 3195/5634/1723 3194/5637/1718 3201/5646/1727 3202/5647/1728
f 3193/5640/1717 3192/5638/1719 3199/5641/1729 3200/5648/1730
f 3198/5633/1720 3197/5632/1722 3204/5645/1726 3205/5642/1724
f 3196/5635/1721 3195/5634/1723 3202/5647/1728 3203/5649/1725
f 3194/5650/1718 3193/5640/1717 3200/5648/1730 3201/5651/1727
f 3204/5645/1726 3203/5644/1725 3210/5652/1736 3211/5653/1733
f 3202/5654/1728 3201/5655/1727 3208/5656/1737 3209/5657/1735
f 3200/5648/1730 3199/5641/1729 3206/5658/1731 3207/5659/1732
f 3205/5642/1724 3204/5645/1726 3211/5653/1733 3212/5660/1734
f 3203/5661/1725 3202/5654/1728 3209/5657/1735 3210/5662/1736
f 3201/5651/1727 3200/5648/1730 3207/5659/1732 3208/5663/1737
f 3199/5641/1729 3184/5628/6 3206/5658/1731
f 3280/5629/5 3205/5642/1724 3212/5660/1734
f 3212/5660/1734 3211/5653/1733 3218/5664/1738 3219/5665/1739
f 3210/5666/1736 3209/5667/1735 3216/5668/1740 3217/5669/1741
f 3208/5663/1737 3207/5659/1732 3214/5670/1742 3215/5671/1743
f 3206/5658/1731 3184/5628/6 3213/5672/1744
f 3280/5629/5 3212/5660/1734 3219/5665/1739
f 3211/5653/1733 3210/5652/1736 3217/5673/1741 3218/5664/1738
f 3209/5667/1735 3208/5674/1737 3215/5675/1743 3216/5668/1740
f 3207/5659/1732 3206/5658/1731 3213/5672/1744 3214/5670/1742
f 3217/5669/1741 3216/5668/1740 3223/5676/1750 3224/5677/1747
f 3215/5675/1743 3214/5678/1742 3221/5679/1751 3222/5680/1749
f 3213/5672/1744 3184/5628/6 3220/5681/1745
f 3280/5629/5 3219/5665/1739 3226/5682/1746
f 3218/5683/1738 3217/5669/1741 3224/5677/1747 3225/5684/1748
f 3216/5668/1740 3215/5675/1743 3222/5680/1749 3223/5676/1750
f 3214/5670/1742 3213/5672/1744 3220/5681/1745 3221/5685/1751
f 3219/5665/1739 3218/5664/1738 3225/5686/1748 3226/5682/1746
f 3280/5629/5 3226/5682/1746 3233/5687/1757
f 3225/5684/1748 3224/5677/1747 3231/5688/1752 3232/5689/1753
f 3223/5676/1750 3222/5680/1749 3229/5690/1754 3230/5691/4
f 3221/5685/1751 3220/5681/1745 3227/5692/1755 3228/5693/1756
f 3226/5682/1746 3225/5686/1748 3232/5694/1753 3233/5687/1757
f 3224/5677/1747 3223/5676/1750 3230/5691/4 3231/5688/1752
f 3222/5680/1749 3221/5679/1751 3228/5695/1756 3229/5690/1754
f 3220/5681/1745 3184/5628/6 3227/5692/1755
f 3230/5691/4 3229/5690/1754 3236/5696/1763 3237/5697/1760
f 3228/5693/1756 3227/5692/1755 3234/5698/1764 3235/5699/1762
f 3233/5687/1757 3232/5694/1753 3239/5700/1758 3240/5701/1759
f 3231/5688/1752 3230/5691/4 3237/5697/1760 3238/5702/1761
f 3229/5690/1754 3228/5695/1756 3235/5703/1762 3236/5696/1763
f 3227/5692/1755 3184/5628/6 3234/5698/1764
f 3280/5629/5 3233/5687/1757 3240/5701/1759
f 3232/5689/1753 3231/5688/1752 3238/5702/1761 3239/5704/1758
f 3240/5701/1759 3239/5700/1758 3246/5705/1771 3247/5706/1770
f 3238/5702/1761 3237/5697/1760 3244/5707/1765 3245/5708/1766
f 3236/5696/1763 3235/5703/1762 3242/5709/1767 3243/5710/1768
f 3234/5698/1764 3184/5628/6 3241/5711/1769
f 3280/5629/5 3240/5701/1759 3247/5706/1770
f 3239/5704/1758 3238/5702/1761 3245/5708/1766 3246/5712/1771
f 3237/5697/1760 3236/5696/1763 3243/5710/1768 3244/5707/1765
f 3235/5699/1762 3234/5698/1764 3241/5711/1769 3242/5713/1767
f 3243/5714/1768 3242/5713/1767 3249/5715/1778 3250/5716/1775
f 3241/5711/1769 3184/5628/6 3248/5717/1777
f 3280/5629/5 3247/5706/1770 3254/5718/1772
f 3246/5712/1771 3245/5708/1766 3252/5719/1773 3253/5720/1774
f 3244/5707/1765 3243/5710/1768 3250/5721/1775 3251/5722/1776
f 3242/5713/1767 3241/5711/1769 3248/5717/1777 3249/5715/1778
f 3247/5706/1770 3246/5705/1771 3253/5723/1774 3254/5718/1772
f 3245/5708/1766 3244/5707/1765 3251/5722/1776 3252/5719/1773
f 3280/5629/5 3254/5718/1772 3261/5724/1784
f 3253/5723/1774 3252/5725/1773 3259/5726/1785 3260/5727/1783
f 3251/5728/1776 3250/5729/1775 3257/5730/1779 3258/5731/1780
f 3249/5715/1778 3248/5717/1777 3255/5732/1781 3256/5733/1782
f 3254/5718/1772 3253/5723/1774 3260/5727/1783 3261/5724/1784
f 3252/5734/1773 3251/5728/1776 3258/5731/1780 3259/5735/1785
f 3250/5716/1775 3249/5715/1778 3256/5733/1782 3257/5736/1779
f 3248/5717/1777 3184/5628/6 3255/5732/1781
f 3256/5733/1782 3255/5732/1781 3262/5737/1792 3263/5738/1790
f 3261/5724/1784 3260/5727/1783 3267/5739/1786 3268/5740/1787
f 3259/5741/1785 3258/5742/1780 3265/5743/1788 3266/5744/1789
f 3257/5736/1779 3256/5733/1782 3263/5738/1790 3264/5745/1791
f 3255/5732/1781 3184/5628/6 3262/5737/1792
f 3280/5629/5 3261/5724/1784 3268/5740/1787
f 3260/5727/1783 3259/5726/1785 3266/5746/1789 3267/5739/1786
f 3258/5742/1780 3257/5747/1779 3264/5748/1791 3265/5743/1788
f 3268/5740/1787 3267/5739/1786 3274/5749/1798 3275/5750/1796
f 3266/5744/1789 3265/5743/1788 3272/5751/1799 3273/5752/1797
f 3264/5748/1791 3263/5753/1790 3270/5754/1793 3271/5755/1794
f 3262/5737/1792 3184/5628/6 3269/5756/1795
f 3280/5629/5 3268/5740/1787 3275/5750/1796
f 3267/5757/1786 3266/5744/1789 3273/5752/1797 3274/5758/1798
f 3265/5743/1788 3264/5748/1791 3271/5755/1794 3272/5751/1799
f 3263/5738/1790 3262/5737/1792 3269/5756/1795 3270/5759/1793
f 3269/5756/1795 3184/5628/6 3276/5617/1715
f 3280/5629/5 3275/5750/1796 3183/5620/1704
f 3274/5758/1798 3273/5752/1797 3182/5624/1708 3279/5630/1705
f 3272/5751/1799 3271/5755/1794 3278/5613/1711 3181/5612/2
f 3270/5759/1793 3269/5756/1795 3276/5617/1715 3277/5616/1712
f 3275/5750/1796 3274/5749/1798 3279/5621/1705 3183/5620/1704
f 3273/5752/1797 3272/5751/1799 3181/5612/2 3182/5624/1708
f 3271/5755/1794 3270/5754/1793 3277/5626/1712 3278/5613/1711
f 3283/5760/1704 3379/5761/1705 3290/5762/1706 3291/5763/1707
f 3282/5764/1708 3281/5765/2 3288/5766/1709 3289/5767/1710
f 3378/5768/1711 3377/5769/1712 3286/5770/1713 3287/5771/1714
f 3376/5772/1715 3284/5773/6 3285/5774/1716
f 3380/5775/5 3283/5760/1704 3291/5763/1707
f 3379/5776/1705 3282/5764/1708 3289/5767/1710 3290/5777/1706
f 3281/5765/2 3378/5768/1711 3287/5771/1714 3288/5766/1709
f 3377/5778/1712 3376/5772/1715 3285/5774/1716 3286/5779/1713
f 3287/5771/1714 3286/5770/1713 3293/5780/1717 3294/5781/1718
f 3285/5774/1716 3284/5773/6 3292/5782/1719
f 3380/5775/5 3291/5763/1707 3298/5783/1720
f 3290/5777/1706 3289/5767/1710 3296/5784/1721 3297/5785/1722
f 3288/5766/1709 3287/5771/1714 3294/5781/1718 3295/5786/1723
f 3286/5779/1713 3285/5774/1716 3292/5782/1719 3293/5787/1717
f 3291/5763/1707 3290/5762/1706 3297/5788/1722 3298/5783/1720
f 3289/5767/1710 3288/5766/1709 3295/5786/1723 3296/5784/1721
f 3380/5775/5 3298/5783/1720 3305/5789/1724
f 3297/5788/1722 3296/5790/1721 3303/5791/1725 3304/5792/1726
f 3295/5786/1723 3294/5781/1718 3301/5793/1727 3302/5794/1728
f 3293/5787/1717 3292/5782/1719 3299/5795/1729 3300/5796/1730
f 3298/5783/1720 3297/5788/1722 3304/5792/1726 3305/5789/1724
f 3296/5784/1721 3295/5786/1723 3302/5794/1728 3303/5797/1725
f 3294/5798/1718 3293/5787/1717 3300/5796/1730 3301/5799/1727
f 3292/5782/1719 3284/5773/6 3299/5795/1729
f 3300/5796/1730 3299/5795/1729 3306/5800/1731 3307/5801/1732
f 3305/5789/1724 3304/5792/1726 3311/5802/1733 3312/5803/1734
f 3303/5804/1725 3302/5805/1728 3309/5806/1735 3310/5807/1736
f 3301/5799/1727 3300/5796/1730 3307/5801/1732 3308/5808/1737
f 3299/5795/1729 3284/5773/6 3306/5800/1731
f 3380/5775/5 3305/5789/1724 3312/5803/1734
f 3304/5792/1726 3303/5791/1725 3310/5809/1736 3311/5802/1733
f 3302/5805/1728 3301/5810/1727 3308/5811/1737 3309/5806/1735
f 3312/5803/1734 3311/5802/1733 3318/5812/1738 3319/5813/1739
f 3310/5814/1736 3309/5815/1735 3316/5816/1740 3317/5817/1741
f 3308/5808/1737 3307/5801/1732 3314/5818/1742 3315/5819/1743
f 3306/5800/1731 3284/5773/6 3313/5820/1744
f 3380/5775/5 3312/5803/1734 3319/5813/1739
f 3311/5802/1733 3310/5809/1736 3317/5821/1741 3318/5812/1738
f 3309/5815/1735 3308/5822/1737 3315/5823/1743 3316/5816/1740
f 3307/5801/1732 3306/5800/1731 3313/5820/1744 3314/5818/1742
f 3313/5820/1744 3284/5773/6 3320/5824/1745
f 3380/5775/5 3319/5813/1739 3326/5825/1746
f 3318/5826/1738 3317/5817/1741 3324/5827/1747 3325/5828/1748
f 3316/5816/1740 3315/5823/1743 3322/5829/1749 3323/5830/1750
f 3314/5818/1742 3313/5820/1744 3320/5824/1745 3321/5831/1751
f 3319/5813/1739 3318/5812/1738 3325/5832/1748 3326/5825/1746
f 3317/5817/1741 3316/5816/1740 3323/5830/1750 3324/5827/1747
f 3315/5823/1743 3314/5833/1742 3321/5834/1751 3322/5829/1749
f 3325/5828/1748 3324/5827/1747 3331/5835/1752 3332/5836/1753
f 3323/5830/1750 3322/5829/1749 3329/5837/1754 3330/5838/4
f 3321/5831/1751 3320/5824/1745 3327/5839/1755 3328/5840/1756
f 3326/5825/1746 3325/5832/1748 3332/5841/1753 3333/5842/1757
f 3324/5827/1747 3323/5830/1750 3330/5838/4 3331/5835/1752
f 3322/5829/1749 3321/5834/1751 3328/5843/1756 3329/5837/1754
f 3320/5824/1745 3284/5773/6 3327/5839/1755
f 3380/5775/5 3326/5825/1746 3333/5842/1757
f 3333/5842/1757 3332/5841/1753 3339/5844/1758 3340/5845/1759
f 3331/5835/1752 3330/5838/4 3337/5846/1760 3338/5847/1761
f 3329/5837/1754 3328/5843/1756 3335/5848/1762 3336/5849/1763
f 3327/5839/1755 3284/5773/6 3334/5850/1764
f 3380/5775/5 3333/5842/1757 3340/5845/1759
f 3332/5836/1753 3331/5835/1752 3338/5847/1761 3339/5851/1758
f 3330/5838/4 3329/5837/1754 3336/5849/1763 3337/5846/1760
f 3328/5840/1756 3327/5839/1755 3334/5850/1764 3335/5852/1762
f 3338/5847/1761 3337/5846/1760 3344/5853/1765 3345/5854/1766
f 3336/5849/1763 3335/5848/1762 3342/5855/1767 3343/5856/1768
f 3334/5850/1764 3284/5773/6 3341/5857/1769
f 3380/5775/5 3340/5845/1759 3347/5858/1770
f 3339/5851/1758 3338/5847/1761 3345/5854/1766 3346/5859/1771
f 3337/5846/1760 3336/5849/1763 3343/5856/1768 3344/5853/1765
f 3335/5852/1762 3334/5850/1764 3341/5857/1769 3342/5860/1767
f 3340/5845/1759 3339/5844/1758 3346/5861/1771 3347/5858/1770
f 3380/5775/5 3347/5858/1770 3354/5862/1772
f 3346/5859/1771 3345/5854/1766 3352/5863/1773 3353/5864/1774
f 3344/5853/1765 3343/5856/1768 3350/5865/1775 3351/5866/1776
f 3342/5860/1767 3341/5857/1769 3348/5867/1777 3349/5868/1778
f 3347/5858/1770 3346/5861/1771 3353/5869/1774 3354/5862/1772
f 3345/5854/1766 3344/5853/1765 3351/5866/1776 3352/5863/1773
f 3343/5870/1768 3342/5860/1767 3349/5868/1778 3350/5871/1775
f 3341/5857/1769 3284/5773/6 3348/5867/1777
f 3351/5872/1776 3350/5873/1775 3357/5874/1779 3358/5875/1780
f 3349/5868/1778 3348/5867/1777 3355/5876/1781 3356/5877/1782
f 3354/5862/1772 3353/5869/1774 3360/5878/1783 3361/5879/1784
f 3352/5880/1773 3351/5872/1776 3358/5875/1780 3359/5881/1785
f 3350/5871/1775 3349/5868/1778 3356/5877/1782 3357/5882/1779
f 3348/5867/1777 3284/5773/6 3355/5876/1781
f 3380/5775/5 3354/5862/1772 3361/5879/1784
f 3353/5869/1774 3352/5883/1773 3359/5884/1785 3360/5878/1783
f 3361/5879/1784 3360/5878/1783 3367/5885/1786 3368/5886/1787
f 3359/5887/1785 3358/5888/1780 3365/5889/1788 3366/5890/1789
f 3357/5882/1779 3356/5877/1782 3363/5891/1790 3364/5892/1791
f 3355/5876/1781 3284/5773/6 3362/5893/1792
f 3380/5775/5 3361/5879/1784 3368/5886/1787
f 3360/5878/1783 3359/5884/1785 3366/5894/1789 3367/5885/1786
f 3358/5888/1780 3357/5895/1779 3364/5896/1791 3365/5889/1788
f 3356/5877/1782 3355/5876/1781 3362/5893/1792 3363/5891/1790
f 3364/5896/1791 3363/5897/1790 3370/5898/1793 3371/5899/1794
f 3362/5893/1792 3284/5773/6 3369/5900/1795
f 3380/5775/5 3368/5886/1787 3375/5901/1796
f 3367/5902/1786 3366/5890/1789 3373/5903/1797 3374/5904/1798
f 3365/5889/1788 3364/5896/1791 3371/5899/1794 3372/5905/1799
f 3363/5891/1790 3362/5893/1792 3369/5900/1795 3370/5906/1793
f 3368/5886/1787 3367/5885/1786 3374/5907/1798 3375/5901/1796
f 3366/5890/1789 3365/5889/1788 3372/5905/1799 3373/5903/1797
f 3380/5775/5 3375/5901/1796 3283/5760/1704
f 3374/5904/1798 3373/5903/1797 3282/5764/1708 3379/5776/1705
f 3372/5905/1799 3371/5899/1794 3378/5768/1711 3281/5765/2
f 3370/5906/1793 3369/5900/1795 3376/5772/1715 3377/5778/1712
f 3375/5901/1796 3374/5907/1798 3379/5761/1705 3283/5760/1704
f 3373/5903/1797 3372/5905/1799 3281/5765/2 3282/5764/1708
f 3371/5899/1794 3370/5898/1793 3377/5769/1712 3378/5768/1711
f 3369/5900/1795 3284/5773/6 3376/5772/1715
f 3383/5908/1800 3479/5909/1801 3390/5910/1802 3391/5911/1803
f 3382/5912/1804 3381/5913/2 3388/5914/1805 3389/5915/1806
f 3478/5916/1807 3477/5917/1808 3386/5918/1809 3387/5919/1810
f 3476/5920/1811 3384/5921/6 3385/5922/1812
f 3480/5923/5 3383/5908/1800 3391/5911/1803
f 3479/5924/1801 3382/5912/1804 3389/5915/1806 3390/5925/1802
f 3381/5913/2 3478/5916/1807 3387/5919/1810 3388/5914/1805
f 3477/5926/1808 3476/5920/1811 3385/5922/1812 3386/5927/1809
f 3480/5923/5 3391/5911/1803 3398/5928/1813
f 3390/5925/1802 3389/5915/1806 3396/5929/1814 3397/5930/1815
f 3388/5914/1805 3387/5919/1810 3394/5931/1816 3395/5932/1817
f 3386/5927/1809 3385/5922/1812 3392/5933/1818 3393/5934/1819
f 3391/5911/1803 3390/5910/1802 3397/5935/1815 3398/5928/1813
f 3389/5915/1806 3388/5914/1805 3395/5932/1817 3396/5929/1814
f 3387/5919/1810 3386/5918/1809 3393/5936/1819 3394/5931/1816
f 3385/5922/1812 3384/5921/6 3392/5933/1818
f 3395/5937/1817 3394/5938/1816 3401/5939/1820 3402/5940/1821
f 3393/5934/1819 3392/5933/1818 3399/5941/1822 3400/5942/1823
f 3398/5928/1813 3397/5935/1815 3404/5943/1824 3405/5944/1825
f 3396/5945/1814 3395/5937/1817 3402/5940/1821 3403/5946/1826
f 3394/5947/1816 3393/5934/1819 3400/5942/1823 3401/5948/1820
f 3392/5933/1818 3384/5921/6 3399/5941/1822
f 3480/5923/5 3398/5928/1813 3405/5944/1825
f 3397/5935/1815 3396/5949/1814 3403/5950/1826 3404/5943/1824
f 3405/5944/1825 3404/5943/1824 3411/5951/1827 3412/5952/1828
f 3403/5946/1826 3402/5940/1821 3409/5953/1829 3410/5954/1830
f 3401/5939/1820 3400/5955/1823 3407/5956/1831 3408/5957/1832
f 3399/5941/1822 3384/5921/6 3406/5958/1833
f 3480/5923/5 3405/5944/1825 3412/5952/1828
f 3404/5959/1824 3403/5946/1826 3410/5954/1830 3411/5960/1827
f 3402/5940/1821 3401/5939/1820 3408/5957/1832 3409/5953/1829
f 3400/5942/1823 3399/5941/1822 3406/5958/1833 3407/5961/1831
f 3408/5962/1832 3407/5961/1831 3414/5963/1834 3415/5964/1835
f 3406/5958/1833 3384/5921/6 3413/5965/1836
f 3480/5923/5 3412/5952/1828 3419/5966/1837
f 3411/5951/1827 3410/5967/1830 3417/5968/1838 3418/5969/1839
f 3409/5953/1829 3408/5957/1832 3415/5970/1835 3416/5971/1840
f 3407/5961/1831 3406/5958/1833 3413/5965/1836 3414/5963/1834
f 3412/5952/1828 3411/5951/1827 3418/5969/1839 3419/5966/1837
f 3410/5954/1830 3409/5953/1829 3416/5971/1840 3417/5972/1838
f 3480/5923/5 3419/5966/1837 3426/5973/1841
f 3418/5969/1839 3417/5968/1838 3424/5974/1842 3425/5975/1843
f 3416/5976/1840 3415/5977/1835 3422/5978/1844 3423/5979/1845
f 3414/5963/1834 3413/5965/1836 3420/5980/1846 3421/5981/1847
f 3419/5966/1837 3418/5969/1839 3425/5975/1843 3426/5973/1841
f 3417/5982/1838 3416/5976/1840 3423/5979/1845 3424/5983/1842
f 3415/5964/1835 3414/5963/1834 3421/5981/1847 3422/5984/1844
f 3413/5965/1836 3384/5921/6 3420/5980/1846
f 3421/5981/1847 3420/5980/1846 3427/5985/1848 3428/5986/1849
f 3426/5973/1841 3425/5975/1843 3432/5987/1850 3433/5988/1851
f 3424/5983/1842 3423/5979/1845 3430/5989/4 3431/5990/1852
f 3422/5978/1844 3421/5991/1847 3428/5992/1849 3429/5993/1853
f 3420/5980/1846 3384/5921/6 3427/5985/1848
f 3480/5923/5 3426/5973/1841 3433/5988/1851
f 3425/5994/1843 3424/5983/1842 3431/5990/1852 3432/5995/1850
f 3423/5979/1845 3422/5978/1844 3429/5993/1853 3430/5989/4
f 3433/5988/1851 3432/5987/1850 3439/5996/1854 3440/5997/1855
f 3431/5990/1852 3430/5989/4 3437/5998/1856 3438/5999/1857
f 3429/5993/1853 3428/5992/1849 3435/6000/1858 3436/6001/1859
f 3427/5985/1848 3384/5921/6 3434/6002/1860
f 3480/5923/5 3433/5988/1851 3440/5997/1855
f 3432/5995/1850 3431/5990/1852 3438/5999/1857 3439/6003/1854
f 3430/5989/4 3429/5993/1853 3436/6001/1859 3437/5998/1856
f 3428/5986/1849 3427/5985/1848 3434/6002/1860 3435/6004/1858
f 3434/6002/1860 3384/5921/6 3441/6005/1861
f 3480/5923/5 3440/5997/1855 3447/6006/1862
f 3439/6003/1854 3438/5999/1857 3445/6007/1863 3446/6008/1864
f 3437/5998/1856 3436/6001/1859 3443/6009/1865 3444/6010/1866
f 3435/6004/1858 3434/6002/1860 3441/6005/1861 3442/6011/1867
f 3440/5997/1855 3439/5996/1854 3446/6012/1864 3447/6006/1862
f 3438/5999/1857 3437/5998/1856 3444/6010/1866 3445/6007/1863
f 3436/6001/1859 3435/6000/1858 3442/6013/1867 3443/6009/1865
f 3446/6012/1864 3445/6014/1863 3452/6015/1868 3453/6016/1869
f 3444/6017/1866 3443/6018/1865 3450/6019/1870 3451/6020/1871
f 3442/6011/1867 3441/6005/1861 3448/6021/1872 3449/6022/1873
f 3447/6006/1862 3446/6012/1864 3453/6016/1869 3454/6023/1874
f 3445/6024/1863 3444/6017/1866 3451/6020/1871 3452/6025/1868
f 3443/6026/1865 3442/6011/1867 3449/6022/1873 3450/6027/1870
f 3441/6005/1861 3384/5921/6 3448/6021/1872
f 3480/5923/5 3447/6006/1862 3454/6023/1874
f 3454/6023/1874 3453/6016/1869 3460/6028/1875 3461/6029/1876
f 3452/6025/1868 3451/6020/1871 3458/6030/1877 3459/6031/1878
f 3450/6019/1870 3449/6032/1873 3456/6033/1879 3457/6034/1880
f 3448/6021/1872 3384/5921/6 3455/6035/1881
f 3480/5923/5 3454/6023/1874 3461/6029/1876
f 3453/6036/1869 3452/6025/1868 3459/6031/1878 3460/6037/1875
f 3451/6020/1871 3450/6019/1870 3457/6034/1880 3458/6030/1877
f 3449/6022/1873 3448/6021/1872 3455/6035/1881 3456/6038/1879
f 3459/6031/1878 3458/6030/1877 3465/6039/1882 3466/6040/1883
f 3457/6034/1880 3456/6033/1879 3463/6041/1884 3464/6042/1885
f 3455/6035/1881 3384/5921/6 3462/6043/1886
f 3480/5923/5 3461/6029/1876 3468/6044/1887
f 3460/6037/1875 3459/6031/1878 3466/6040/1883 3467/6045/1888
f 3458/6030/1877 3457/6034/1880 3464/6042/1885 3465/6039/1882
f 3456/6038/1879 3455/6035/1881 3462/6043/1886 3463/6046/1884
f 3461/6029/1876 3460/6028/1875 3467/6047/1888 3468/6044/1887
f 3480/5923/5 3468/6044/1887 3475/6048/1889
f 3467/6049/1888 3466/6050/1883 3473/6051/1890 3474/6052/1891
f 3465/6053/1882 3464/6054/1885 3471/6055/1892 3472/6056/1893
f 3463/6046/1884 3462/6043/1886 3469/6057/1894 3470/6058/1895
f 3468/6044/1887 3467/6047/1888 3474/6059/1891 3475/6048/1889
f 3466/6050/1883 3465/6053/1882 3472/6056/1893 3473/6051/1890
f 3464/6054/1885 3463/6060/1884 3470/6061/1895 3471/6055/1892
f 3462/6043/1886 3384/5921/6 3469/6057/1894
f 3472/6056/1893 3471/6055/1892 3478/5916/1807 3381/5913/2
f 3470/6058/1895 3469/6057/1894 3476/5920/1811 3477/5926/1808
f 3475/6048/1889 3474/6059/1891 3479/5909/1801 3383/5908/1800
f 3473/6051/1890 3472/6056/1893 3381/5913/2 3382/5912/1804
f 3471/6055/1892 3470/6061/1895 3477/5917/1808 3478/5916/1807
f 3469/6057/1894 3384/5921/6 3476/5920/1811
f 3480/5923/5 3475/6048/1889 3383/5908/1800
f 3474/6052/1891 3473/6051/1890 3382/5912/1804 3479/5924/1801
f 3578/6062/1896 3577/6063/1897 3486/6064/1898 3487/6065/1899
f 3576/6066/1900 3484/6067/6 3485/6068/1901
f 3580/6069/5 3483/6070/1902 3491/6071/1903
f 3579/6072/1904 3482/6073/1905 3489/6074/1906 3490/6075/1907
f 3481/6076/2 3578/6062/1896 3487/6065/1899 3488/6077/1908
f 3577/6078/1897 3576/6066/1900 3485/6068/1901 3486/6079/1898
f 3483/6070/1902 3579/6080/1904 3490/6081/1907 3491/6071/1903
f 3482/6073/1905 3481/6076/2 3488/6077/1908 3489/6074/1906
f 3490/6081/1907 3489/6082/1906 3496/6083/1909 3497/6084/1910
f 3488/6077/1908 3487/6065/1899 3494/6085/1911 3495/6086/1912
f 3486/6079/1898 3485/6068/1901 3492/6087/1913 3493/6088/1914
f 3491/6071/1903 3490/6081/1907 3497/6084/1910 3498/6089/1915
f 3489/6074/1906 3488/6077/1908 3495/6086/1912 3496/6090/1909
f 3487/6091/1899 3486/6079/1898 3493/6088/1914 3494/6092/1911
f 3485/6068/1901 3484/6067/6 3492/6087/1913
f 3580/6069/5 3491/6071/1903 3498/6089/1915
f 3498/6089/1915 3497/6084/1910 3504/6093/1916 3505/6094/1917
f 3496/6095/1909 3495/6096/1912 3502/6097/1918 3503/6098/1919
f 3494/6099/1911 3493/6100/1914 3500/6101/1920 3501/6102/1921
f 3492/6087/1913 3484/6067/6 3499/6103/1922
f 3580/6069/5 3498/6089/1915 3505/6094/1917
f 3497/6104/1910 3496/6095/1909 3503/6098/1919 3504/6105/1916
f 3495/6096/1912 3494/6099/1911 3501/6102/1921 3502/6097/1918
f 3493/6088/1914 3492/6087/1913 3499/6103/1922 3500/6106/1920
f 3503/6098/1919 3502/6097/1918 3509/6107/1923 3510/6108/1924
f 3501/6102/1921 3500/6101/1920 3507/6109/1925 3508/6110/1926
f 3499/6103/1922 3484/6067/6 3506/6111/1927
f 3580/6069/5 3505/6094/1917 3512/6112/1928
f 3504/6105/1916 3503/6098/1919 3510/6108/1924 3511/6113/1929
f 3502/6097/1918 3501/6102/1921 3508/6110/1926 3509/6107/1923
f 3500/6106/1920 3499/6103/1922 3506/6111/1927 3507/6114/1925
f 3505/6094/1917 3504/6093/1916 3511/6115/1929 3512/6112/1928
f 3580/6069/5 3512/6112/1928 3519/6116/1930
f 3511/6113/1929 3510/6108/1924 3517/6117/1931 3518/6118/1932
f 3509/6107/1923 3508/6110/1926 3515/6119/1933 3516/6120/1934
f 3507/6114/1925 3506/6111/1927 3513/6121/1935 3514/6122/1936
f 3512/6112/1928 3511/6115/1929 3518/6123/1932 3519/6116/1930
f 3510/6108/1924 3509/6107/1923 3516/6120/1934 3517/6117/1931
f 3508/6110/1926 3507/6109/1925 3514/6124/1936 3515/6119/1933
f 3506/6111/1927 3484/6067/6 3513/6121/1935
f 3516/6125/1934 3515/6126/1933 3522/6127/1937 3523/6128/1938
f 3514/6122/1936 3513/6121/1935 3520/6129/1939 3521/6130/1940
f 3519/6116/1930 3518/6123/1932 3525/6131/1941 3526/6132/1942
f 3517/6133/1931 3516/6125/1934 3523/6128/1938 3524/6134/1943
f 3515/6135/1933 3514/6122/1936 3521/6130/1940 3522/6136/1937
f 3513/6121/1935 3484/6067/6 3520/6129/1939
f 3580/6069/5 3519/6116/1930 3526/6132/1942
f 3518/6123/1932 3517/6137/1931 3524/6138/1943 3525/6131/1941
f 3526/6132/1942 3525/6131/1941 3532/6139/1944 3533/6140/1945
f 3524/6134/1943 3523/6128/1938 3530/6141/4 3531/6142/1946
f 3522/6127/1937 3521/6143/1940 3528/6144/1947 3529/6145/1948
f 3520/6129/1939 3484/6067/6 3527/6146/1949
f 3580/6069/5 3526/6132/1942 3533/6140/1945
f 3525/6147/1941 3524/6134/1943 3531/6142/1946 3532/6148/1944
f 3523/6128/1938 3522/6127/1937 3529/6145/1948 3530/6141/4
f 3521/6130/1940 3520/6129/1939 3527/6146/1949 3528/6149/1947
f 3529/6145/1948 3528/6144/1947 3535/6150/1950 3536/6151/1951
f 3527/6146/1949 3484/6067/6 3534/6152/1952
f 3580/6069/5 3533/6140/1945 3540/6153/1953
f 3532/6148/1944 3531/6142/1946 3538/6154/1954 3539/6155/1955
f 3530/6141/4 3529/6145/1948 3536/6151/1951 3537/6156/1956
f 3528/6149/1947 3527/6146/1949 3534/6152/1952 3535/6157/1950
f 3533/6140/1945 3532/6139/1944 3539/6158/1955 3540/6153/1953
f 3531/6142/1946 3530/6141/4 3537/6156/1956 3538/6154/1954
f 3580/6069/5 3540/6153/1953 3547/6159/1957
f 3539/6155/1955 3538/6154/1954 3545/6160/1958 3546/6161/1959
f 3537/6156/1956 3536/6151/1951 3543/6162/1960 3544/6163/1961
f 3535/6157/1950 3534/6152/1952 3541/6164/1962 3542/6165/1963
f 3540/6153/1953 3539/6158/1955 3546/6166/1959 3547/6159/1957
f 3538/6154/1954 3537/6156/1956 3544/6163/1961 3545/6160/1958
f 3536/6151/1951 3535/6150/1950 3542/6167/1963 3543/6162/1960
f 3534/6152/1952 3484/6067/6 3541/6164/1962
f 3542/6165/1963 3541/6164/1962 3548/6168/1964 3549/6169/1965
f 3547/6159/1957 3546/6166/1959 3553/6170/1966 3554/6171/1967
f 3545/6172/1958 3544/6173/1961 3551/6174/1968 3552/6175/1969
f 3543/6176/1960 3542/6165/1963 3549/6169/1965 3550/6177/1970
f 3541/6164/1962 3484/6067/6 3548/6168/1964
f 3580/6069/5 3547/6159/1957 3554/6171/1967
f 3546/6166/1959 3545/6178/1958 3552/6179/1969 3553/6170/1966
f 3544/6173/1961 3543/6180/1960 3550/6181/1970 3551/6174/1968
f 3554/6171/1967 3553/6170/1966 3560/6182/1971 3561/6183/1972
f 3552/6175/1969 3551/6174/1968 3558/6184/1973 3559/6185/1974
f 3550/6181/1970 3549/6186/1965 3556/6187/1975 3557/6188/1976
f 3548/6168/1964 3484/6067/6 3555/6189/1977
f 3580/6069/5 3554/6171/1967 3561/6183/1972
f 3553/6190/1966 3552/6175/1969 3559/6185/1974 3560/6191/1971
f 3551/6174/1968 3550/6181/1970 3557/6188/1976 3558/6184/1973
f 3549/6169/1965 3548/6168/1964 3555/6189/1977 3556/6192/1975
f 3555/6189/1977 3484/6067/6 3562/6193/1978
f 3580/6069/5 3561/6183/1972 3568/6194/1979
f 3560/6191/1971 3559/6185/1974 3566/6195/1980 3567/6196/1981
f 3558/6184/1973 3557/6188/1976 3564/6197/1982 3565/6198/1983
f 3556/6192/1975 3555/6189/1977 3562/6193/1978 3563/6199/1984
f 3561/6183/1972 3560/6182/1971 3567/6200/1981 3568/6194/1979
f 3559/6185/1974 3558/6184/1973 3565/6198/1983 3566/6195/1980
f 3557/6188/1976 3556/6187/1975 3563/6201/1984 3564/6197/1982
f 3567/6200/1981 3566/6202/1980 3573/6203/1985 3574/6204/1986
f 3565/6205/1983 3564/6206/1982 3571/6207/1987 3572/6208/1988
f 3563/6199/1984 3562/6193/1978 3569/6209/1989 3570/6210/1990
f 3568/6194/1979 3567/6200/1981 3574/6204/1986 3575/6211/1991
f 3566/6212/1980 3565/6205/1983 3572/6208/1988 3573/6213/1985
f 3564/6214/1982 3563/6199/1984 3570/6210/1990 3571/6215/1987
f 3562/6193/1978 3484/6067/6 3569/6209/1989
f 3580/6069/5 3568/6194/1979 3575/6211/1991
f 3575/6211/1991 3574/6204/1986 3579/6080/1904 3483/6070/1902
f 3573/6213/1985 3572/6208/1988 3481/6076/2 3482/6073/1905
f 3571/6207/1987 3570/6216/1990 3577/6063/1897 3578/6062/1896
f 3569/6209/1989 3484/6067/6 3576/6066/1900
f 3580/6069/5 3575/6211/1991 3483/6070/1902
f 3574/6217/1986 3573/6213/1985 3482/6073/1905 3579/6072/1904
f 3572/6208/1988 3571/6207/1987 3578/6062/1896 3481/6076/2
f 3570/6210/1990 3569/6209/1989 3576/6066/1900 3577/6078/1897
s 0
f 3581/6218/1992 3582/6219/1992 3584/6220/1992 3583/6221/1992
f 3583/6222/1993 3584/6223/1993 3588/6224/1993 3587/6225/1993
f 3587/6226/1994 3588/6227/1994 3586/6228/1994 3585/6229/1994
f 3585/6230/1995 3586/6231/1995 3582/6232/1995 3581/6233/1995
f 3583/6234/5 3587/6235/5 3585/6236/5 3581/6237/5
f 3588/6238/6 3584/6239/6 3582/6240/6 3586/6241/6
s 1
f 3688/6242/5 3591/6243/1996 3599/6244/1997
f 3687/6245/1998 3590/6246/1999 3597/6247/2000 3598/6248/2001
f 3589/6249/2 3686/6250/2002 3595/6251/2003 3596/6252/2004
f 3685/6253/2005 3684/6254/2006 3593/6255/2007 3594/6256/2008
f 3591/6243/1996 3687/6257/1998 3598/6258/2001 3599/6244/1997
f 3590/6246/1999 3589/6249/2 3596/6252/2004 3597/6247/2000
f 3686/6250/2002 3685/6259/2005 3594/6260/2008 3595/6251/2003
f 3684/6254/2006 3592/6261/6 3593/6255/2007
f 3599/6244/1997 3598/6258/2001 3605/6262/2009 3606/6263/2010
f 3597/6247/2000 3596/6252/2004 3603/6264/2011 3604/6265/2012
f 3595/6251/2003 3594/6260/2008 3601/6266/2013 3602/6267/2014
f 3593/6255/2007 3592/6261/6 3600/6268/2015
f 3688/6242/5 3599/6244/1997 3606/6263/2010
f 3598/6258/2001 3597/6269/2000 3604/6270/2012 3605/6262/2009
f 3596/6252/2004 3595/6251/2003 3602/6267/2014 3603/6264/2011
f 3594/6256/2008 3593/6255/2007 3600/6268/2015 3601/6271/2013
f 3604/6272/2012 3603/6273/2011 3610/6274/2016 3611/6275/2017
f 3602/6276/2014 3601/6271/2013 3608/6277/2018 3609/6278/2019
f 3600/6268/2015 3592/6261/6 3607/6279/2020
f 3688/6242/5 3606/6263/2010 3613/6280/2021
f 3605/6262/2009 3604/6270/2012 3611/6281/2017 3612/6282/2022
f 3603/6273/2011 3602/6283/2014 3609/6284/2019 3610/6274/2016
f 3601/6271/2013 3600/6268/2015 3607/6279/2020 3608/6277/2018
f 3606/6263/2010 3605/6262/2009 3612/6282/2022 3613/6280/2021
f 3688/6242/5 3613/6280/2021 3620/6285/2023
f 3612/6286/2022 3611/6275/2017 3618/6287/2024 3619/6288/2025
f 3610/6274/2016 3609/6284/2019 3616/6289/2026 3617/6290/2027
f 3608/6277/2018 3607/6279/2020 3614/6291/2028 3615/6292/2029
f 3613/6280/2021 3612/6282/2022 3619/6293/2025 3620/6285/2023
f 3611/6275/2017 3610/6274/2016 3617/6290/2027 3618/6287/2024
f 3609/6284/2019 3608/6294/2018 3615/6295/2029 3616/6289/2026
f 3607/6279/2020 3592/6261/6 3614/6291/2028
f 3617/6290/2027 3616/6289/2026 3623/6296/2030 3624/6297/2031
f 3615/6292/2029 3614/6291/2028 3621/6298/2032 3622/6299/2033
f 3620/6285/2023 3619/6293/2025 3626/6300/2034 3627/6301/2035
f 3618/6287/2024 3617/6290/2027 3624/6297/2031 3625/6302/2036
f 3616/6303/2026 3615/6292/2029 3622/6299/2033 3623/6304/2030
f 3614/6291/2028 3592/6261/6 3621/6298/2032
f 3688/6242/5 3620/6285/2023 3627/6301/2035
f 3619/6293/2025 3618/6305/2024 3625/6306/2036 3626/6300/2034
f 3627/6301/2035 3626/6300/2034 3633/6307/2037 3634/6308/2038
f 3625/6309/2036 3624/6310/2031 3631/6311/2039 3632/6312/2040
f 3623/6304/2030 3622/6299/2033 3629/6313/2041 3630/6314/2042
f 3621/6298/2032 3592/6261/6 3628/6315/2043
f 3688/6242/5 3627/6301/2035 3634/6308/2038
f 3626/6300/2034 3625/6306/2036 3632/6316/2040 3633/6307/2037
f 3624/6310/2031 3623/6317/2030 3630/6318/2042 3631/6311/2039
f 3622/6299/2033 3621/6298/2032 3628/6315/2043 3629/6313/2041
f 3630/6318/2042 3629/6319/2041 3636/6320/2044 3637/6321/2045
f 3628/6315/2043 3592/6261/6 3635/6322/2046
f 3688/6242/5 3634/6308/2038 3641/6323/2047
f 3633/6324/2037 3632/6312/2040 3639/6325/2048 3640/6326/2049
f 3631/6311/2039 3630/6318/2042 3637/6321/2045 3638/6327/4
f 3629/6313/2041 3628/6315/2043 3635/6322/2046 3636/6328/2044
f 3634/6308/2038 3633/6307/2037 3640/6329/2049 3641/6323/2047
f 3632/6312/2040 3631/6311/2039 3638/6327/4 3639/6325/2048
f 3688/6242/5 3641/6323/2047 3648/6330/2050
f 3640/6326/2049 3639/6325/2048 3646/6331/2051 3647/6332/2052
f 3638/6327/4 3637/6321/2045 3644/6333/2053 3645/6334/2054
f 3636/6328/2044 3635/6322/2046 3642/6335/2055 3643/6336/2056
f 3641/6323/2047 3640/6329/2049 3647/6337/2052 3648/6330/2050
f 3639/6325/2048 3638/6327/4 3645/6334/2054 3646/6331/2051
f 3637/6321/2045 3636/6320/2044 3643/6338/2056 3644/6333/2053
f 3635/6322/2046 3592/6261/6 3642/6335/2055
f 3643/6336/2056 3642/6335/2055 3649/6339/2057 3650/6340/2058
f 3648/6330/2050 3647/6337/2052 3654/6341/2059 3655/6342/2060
f 3646/6331/2051 3645/6334/2054 3652/6343/2061 3653/6344/2062
f 3644/6333/2053 3643/6338/2056 3650/6345/2058 3651/6346/2063
f 3642/6335/2055 3592/6261/6 3649/6339/2057
f 3688/6242/5 3648/6330/2050 3655/6342/2060
f 3647/6332/2052 3646/6331/2051 3653/6344/2062 3654/6347/2059
f 3645/6334/2054 3644/6333/2053 3651/6346/2063 3652/6343/2061
f 3655/6342/2060 3654/6341/2059 3661/6348/2064 3662/6349/2065
f 3653/6350/2062 3652/6351/2061 3659/6352/2066 3660/6353/2067
f 3651/6354/2063 3650/6340/2058 3657/6355/2068 3658/6356/2069
f 3649/6339/2057 3592/6261/6 3656/6357/2070
f 3688/6242/5 3655/6342/2060 3662/6349/2065
f 3654/6341/2059 3653/6358/2062 3660/6359/2067 3661/6348/2064
f 3652/6351/2061 3651/6360/2063 3658/6361/2069 3659/6352/2066
f 3650/6340/2058 3649/6339/2057 3656/6357/2070 3657/6355/2068
f 3656/6357/2070 3592/6261/6 3663/6362/2071
f 3688/6242/5 3662/6349/2065 3669/6363/2072
f 3661/6364/2064 3660/6353/2067 3667/6365/2073 3668/6366/2074
f 3659/6352/2066 3658/6361/2069 3665/6367/2075 3666/6368/2076
f 3657/6355/2068 3656/6357/2070 3663/6362/2071 3664/6369/2077
f 3662/6349/2065 3661/6348/2064 3668/6370/2074 3669/6363/2072
f 3660/6353/2067 3659/6352/2066 3666/6368/2076 3667/6365/2073
f 3658/6361/2069 3657/6371/2068 3664/6372/2077 3665/6367/2075
f 3668/6370/2074 3667/6373/2073 3674/6374/2078 3675/6375/2079
f 3666/6368/2076 3665/6367/2075 3672/6376/2080 3673/6377/2081
f 3664/6369/2077 3663/6362/2071 3670/6378/2082 3671/6379/2083
f 3669/6363/2072 3668/6370/2074 3675/6375/2079 3676/6380/2084
f 3667/6365/2073 3666/6368/2076 3673/6377/2081 3674/6381/2078
f 3665/6382/2075 3664/6369/2077 3671/6379/2083 3672/6383/2080
f 3663/6362/2071 3592/6261/6 3670/6378/2082
f 3688/6242/5 3669/6363/2072 3676/6380/2084
f 3676/6380/2084 3675/6375/2079 3682/6384/2085 3683/6385/2086
f 3674/6386/2078 3673/6387/2081 3680/6388/2087 3681/6389/2088
f 3672/6390/2080 3671/6391/2083 3678/6392/2089 3679/6393/2090
f 3670/6378/2082 3592/6261/6 3677/6394/2091
f 3688/6242/5 3676/6380/2084 3683/6385/2086
f 3675/6375/2079 3674/6374/2078 3681/6395/2088 3682/6384/2085
f 3673/6387/2081 3672/6390/2080 3679/6393/2090 3680/6388/2087
f 3671/6379/2083 3670/6378/2082 3677/6394/2091 3678/6396/2089
f 3681/6389/2088 3680/6388/2087 3589/6249/2 3590/6246/1999
f 3679/6393/2090 3678/6392/2089 3685/6259/2005 3686/6250/2002
f 3677/6394/2091 3592/6261/6 3684/6254/2006
f 3688/6242/5 3683/6385/2086 3591/6243/1996
f 3682/6397/2085 3681/6389/2088 3590/6246/1999 3687/6245/1998
f 3680/6388/2087 3679/6393/2090 3686/6250/2002 3589/6249/2
f 3678/6396/2089 3677/6394/2091 3684/6254/2006 3685/6253/2005
f 3683/6385/2086 3682/6384/2085 3687/6257/1998 3591/6243/1996
f 3786/6398/2092 3785/6399/2093 3694/6400/2094 3695/6401/2095
f 3784/6402/2096 3692/6403/6 3693/6404/2097
f 3788/6405/5 3691/6406/2098 3699/6407/2099
f 3787/6408/2100 3690/6409/2101 3697/6410/2102 3698/6411/2103
f 3689/6412/2 3786/6398/2092 3695/6401/2095 3696/6413/2104
f 3785/6414/2093 3784/6402/2096 3693/6404/2097 3694/6415/2094
f 3691/6406/2098 3787/6416/2100 3698/6417/2103 3699/6407/2099
f 3690/6409/2101 3689/6412/2 3696/6413/2104 3697/6410/2102
f 3698/6417/2103 3697/6418/2102 3704/6419/2105 3705/6420/2106
f 3696/6413/2104 3695/6401/2095 3702/6421/2107 3703/6422/2108
f 3694/6415/2094 3693/6404/2097 3700/6423/2109 3701/6424/2110
f 3699/6407/2099 3698/6417/2103 3705/6420/2106 3706/6425/2111
f 3697/6410/2102 3696/6413/2104 3703/6422/2108 3704/6426/2105
f 3695/6401/2095 3694/6400/2094 3701/6427/2110 3702/6421/2107
f 3693/6404/2097 3692/6403/6 3700/6423/2109
f 3788/6405/5 3699/6407/2099 3706/6425/2111
f 3706/6425/2111 3705/6420/2106 3712/6428/2112 3713/6429/2113
f 3704/6430/2105 3703/6431/2108 3710/6432/2114 3711/6433/2115
f 3702/6434/2107 3701/6435/2110 3708/6436/2116 3709/6437/2117
f 3700/6423/2109 3692/6403/6 3707/6438/2118
f 3788/6405/5 3706/6425/2111 3713/6429/2113
f 3705/6439/2106 3704/6430/2105 3711/6433/2115 3712/6440/2112
f 3703/6431/2108 3702/6434/2107 3709/6437/2117 3710/6432/2114
f 3701/6424/2110 3700/6423/2109 3707/6438/2118 3708/6441/2116
f 3711/6433/2115 3710/6432/2114 3717/6442/2119 3718/6443/2120
f 3709/6437/2117 3708/6436/2116 3715/6444/2121 3716/6445/2122
f 3707/6438/2118 3692/6403/6 3714/6446/2123
f 3788/6405/5 3713/6429/2113 3720/6447/2124
f 3712/6440/2112 3711/6433/2115 3718/6443/2120 3719/6448/2125
f 3710/6432/2114 3709/6437/2117 3716/6445/2122 3717/6442/2119
f 3708/6441/2116 3707/6438/2118 3714/6446/2123 3715/6449/2121
f 3713/6429/2113 3712/6428/2112 3719/6450/2125 3720/6447/2124
f 3788/6405/5 3720/6447/2124 3727/6451/2126
f 3719/6448/2125 3718/6443/2120 3725/6452/2127 3726/6453/2128
f 3717/6442/2119 3716/6445/2122 3723/6454/2129 3724/6455/2130
f 3715/6449/2121 3714/6446/2123 3721/6456/2131 3722/6457/2132
f 3720/6447/2124 3719/6450/2125 3726/6458/2128 3727/6451/2126
f 3718/6443/2120 3717/6442/2119 3724/6455/2130 3725/6452/2127
f 3716/6445/2122 3715/6444/2121 3722/6459/2132 3723/6454/2129
f 3714/6446/2123 3692/6403/6 3721/6456/2131
f 3724/6460/2130 3723/6461/2129 3730/6462/2133 3731/6463/2134
f 3722/6457/2132 3721/6456/2131 3728/6464/2135 3729/6465/2136
f 3727/6451/2126 3726/6458/2128 3733/6466/2137 3734/6467/2138
f 3725/6468/2127 3724/6460/2130 3731/6463/2134 3732/6469/2139
f 3723/6470/2129 3722/6457/2132 3729/6465/2136 3730/6471/2133
f 3721/6456/2131 3692/6403/6 3728/6464/2135
f 3788/6405/5 3727/6451/2126 3734/6467/2138
f 3726/6458/2128 3725/6472/2127 3732/6473/2139 3733/6466/2137
f 3734/6467/2138 3733/6466/2137 3740/6474/2140 3741/6475/2141
f 3732/6469/2139 3731/6463/2134 3738/6476/4 3739/6477/2142
f 3730/6462/2133 3729/6478/2136 3736/6479/2143 3737/6480/2144
f 3728/6464/2135 3692/6403/6 3735/6481/2145
f 3788/6405/5 3734/6467/2138 3741/6475/2141
f 3733/6482/2137 3732/6469/2139 3739/6477/2142 3740/6483/2140
f 3731/6463/2134 3730/6462/2133 3737/6480/2144 3738/6476/4
f 3729/6465/2136 3728/6464/2135 3735/6481/2145 3736/6484/2143
f 3737/6480/2144 3736/6479/2143 3743/6485/2146 3744/6486/2147
f 3735/6481/2145 3692/6403/6 3742/6487/2148
f 3788/6405/5 3741/6475/2141 3748/6488/2149
f 3740/6483/2140 3739/6477/2142 3746/6489/2150 3747/6490/2151
f 3738/6476/4 3737/6480/2144 3744/6486/2147 3745/6491/2152
f 3736/6484/2143 3735/6481/2145 3742/6487/2148 3743/6492/2146
f 3741/6475/2141 3740/6474/2140 3747/6493/2151 3748/6488/2149
f 3739/6477/2142 3738/6476/4 3745/6491/2152 3746/6489/2150
f 3788/6405/5 3748/6488/2149 3755/6494/2153
f 3747/6490/2151 3746/6489/2150 3753/6495/2154 3754/6496/2155
f 3745/6491/2152 3744/6486/2147 3751/6497/2156 3752/6498/2157
f 3743/6492/2146 3742/6487/2148 3749/6499/2158 3750/6500/2159
f 3748/6488/2149 3747/6493/2151 3754/6501/2155 3755/6494/2153
f 3746/6489/2150 3745/6491/2152 3752/6498/2157 3753/6495/2154
f 3744/6486/2147 3743/6485/2146 3750/6502/2159 3751/6497/2156
f 3742/6487/2148 3692/6403/6 3749/6499/2158
f 3750/6500/2159 3749/6499/2158 3756/6503/2160 3757/6504/2161
f 3755/6494/2153 3754/6501/2155 3761/6505/2162 3762/6506/2163
f 3753/6507/2154 3752/6508/2157 3759/6509/2164 3760/6510/2165
f 3751/6511/2156 3750/6500/2159 3757/6504/2161 3758/6512/2166
f 3749/6499/2158 3692/6403/6 3756/6503/2160
f 3788/6405/5 3755/6494/2153 3762/6506/2163
f 3754/6513/2155 3753/6507/2154 3760/6510/2165 3761/6514/2162
f 3752/6508/2157 3751/6515/2156 3758/6516/2166 3759/6509/2164
f 3762/6506/2163 3761/6505/2162 3768/6517/2167 3769/6518/2168
f 3760/6510/2165 3759/6509/2164 3766/6519/2169 3767/6520/2170
f 3758/6516/2166 3757/6521/2161 3764/6522/2171 3765/6523/2172
f 3756/6503/2160 3692/6403/6 3763/6524/2173
f 3788/6405/5 3762/6506/2163 3769/6518/2168
f 3761/6514/2162 3760/6510/2165 3767/6520/2170 3768/6525/2167
f 3759/6509/2164 3758/6516/2166 3765/6523/2172 3766/6519/2169
f 3757/6504/2161 3756/6503/2160 3763/6524/2173 3764/6526/2171
f 3763/6524/2173 3692/6403/6 3770/6527/2174
f 3788/6405/5 3769/6518/2168 3776/6528/2175
f 3768/6525/2167 3767/6520/2170 3774/6529/2176 3775/6530/2177
f 3766/6519/2169 3765/6523/2172 3772/6531/2178 3773/6532/2179
f 3764/6526/2171 3763/6524/2173 3770/6527/2174 3771/6533/2180
f 3769/6518/2168 3768/6517/2167 3775/6534/2177 3776/6528/2175
f 3767/6520/2170 3766/6519/2169 3773/6532/2179 3774/6529/2176
f 3765/6523/2172 3764/6522/2171 3771/6535/2180 3772/6531/2178
f 3775/6534/2177 3774/6536/2176 3781/6537/2181 3782/6538/2182
f 3773/6539/2179 3772/6540/2178 3779/6541/2183 3780/6542/2184
f 3771/6533/2180 3770/6527/2174 3777/6543/2185 3778/6544/2186
f 3776/6528/2175 3775/6534/2177 3782/6538/2182 3783/6545/2187
f 3774/6546/2176 3773/6539/2179 3780/6542/2184 3781/6547/2181
f 3772/6540/2178 3771/6548/2180 3778/6549/2186 3779/6541/2183
f 3770/6527/2174 3692/6403/6 3777/6543/2185
f 3788/6405/5 3776/6528/2175 3783/6545/2187
f 3783/6545/2187 3782/6538/2182 3787/6416/2100 3691/6406/2098
f 3781/6547/2181 3780/6542/2184 3689/6412/2 3690/6409/2101
f 3779/6541/2183 3778/6549/2186 3785/6399/2093 3786/6398/2092
f 3777/6543/2185 3692/6403/6 3784/6402/2096
f 3788/6405/5 3783/6545/2187 3691/6406/2098
f 3782/6550/2182 3781/6547/2181 3690/6409/2101 3787/6408/2100
f 3780/6542/2184 3779/6541/2183 3786/6398/2092 3689/6412/2
f 3778/6544/2186 3777/6543/2185 3784/6402/2096 3785/6414/2093
s 0
f 3789/6551/2188 3790/6552/2188 3792/6553/2188 3791/6554/2188
f 3791/6555/2189 3792/6556/2189 3796/6557/2189 3795/6558/2189
f 3795/6559/2190 3796/6560/2190 3794/6561/2190 3793/6562/2190
f 3793/6563/2191 3794/6564/2191 3790/6565/2191 3789/6566/2191
f 3791/6567/5 3795/6568/5 3793/6569/5 3789/6570/5
f 3796/6571/6 3792/6572/6 3790/6573/6 3794/6574/6
f 3797/6575/2192 3798/6576/2192 3800/6577/2192 3799/6578/2192
f 3799/6579/2193 3800/6580/2193 3804/6581/2193 3803/6582/2193
f 3803/6583/2194 3804/6584/2194 3802/6585/2194 3801/6586/2194
f 3801/6587/2195 3802/6588/2195 3798/6589/2195 3797/6590/2195
f 3799/6591/5 3803/6592/5 3801/6593/5 3797/6594/5
f 3804/6595/6 3800/6596/6 3798/6597/6 3802/6598/6
s 1
f 3807/6599/2196 3903/6600/2197 3814/6601/2198 3815/6602/2199
f 3806/6603/2200 3805/6604/2 3812/6605/2201 3813/6606/2202
f 3902/6607/2203 3901/6608/2204 3810/6609/2205 3811/6610/2206
f 3900/6611/2207 3808/6612/6 3809/6613/2208
f 3904/6614/5 3807/6599/2196 3815/6602/2199
f 3903/6615/2197 3806/6603/2200 3813/6606/2202 3814/6616/2198
f 3805/6604/2 3902/6607/2203 3811/6610/2206 3812/6605/2201
f 3901/6617/2204 3900/6611/2207 3809/6613/2208 3810/6618/2205
f 3809/6613/2208 3808/6612/6 3816/6619/2209
f 3904/6614/5 3815/6602/2199 3822/6620/2210
f 3814/6616/2198 3813/6606/2202 3820/6621/2211 3821/6622/2212
f 3812/6605/2201 3811/6610/2206 3818/6623/2213 3819/6624/2214
f 3810/6618/2205 3809/6613/2208 3816/6619/2209 3817/6625/2215
f 3815/6602/2199 3814/6601/2198 3821/6626/2212 3822/6620/2210
f 3813/6606/2202 3812/6605/2201 3819/6624/2214 3820/6621/2211
f 3811/6610/2206 3810/6609/2205 3817/6627/2215 3818/6623/2213
f 3821/6626/2212 3820/6628/2211 3827/6629/2216 3828/6630/2217
f 3819/6624/2214 3818/6623/2213 3825/6631/2218 3826/6632/2219
f 3817/6625/2215 3816/6619/2209 3823/6633/2220 3824/6634/2221
f 3822/6620/2210 3821/6626/2212 3828/6630/2217 3829/6635/2222
f 3820/6621/2211 3819/6624/2214 3826/6632/2219 3827/6636/2216
f 3818/6637/2213 3817/6625/2215 3824/6634/2221 3825/6638/2218
f 3816/6619/2209 3808/6612/6 3823/6633/2220
f 3904/6614/5 3822/6620/2210 3829/6635/2222
f 3829/6635/2222 3828/6630/2217 3835/6639/2223 3836/6640/2224
f 3827/6641/2216 3826/6642/2219 3833/6643/2225 3834/6644/2226
f 3825/6638/2218 3824/6634/2221 3831/6645/2227 3832/6646/2228
f 3823/6633/2220 3808/6612/6 3830/6647/2229
f 3904/6614/5 3829/6635/2222 3836/6640/2224
f 3828/6630/2217 3827/6629/2216 3834/6648/2226 3835/6639/2223
f 3826/6642/2219 3825/6649/2218 3832/6650/2228 3833/6643/2225
f 3824/6634/2221 3823/6633/2220 3830/6647/2229 3831/6645/2227
f 3834/6651/2226 3833/6652/2225 3840/6653/2230 3841/6654/2231
f 3832/6646/2228 3831/6645/2227 3838/6655/2232 3839/6656/2233
f 3830/6647/2229 3808/6612/6 3837/6657/2234
f 3904/6614/5 3836/6640/2224 3843/6658/2235
f 3835/6639/2223 3834/6648/2226 3841/6659/2231 3842/6660/2236
f 3833/6652/2225 3832/6661/2228 3839/6662/2233 3840/6653/2230
f 3831/6645/2227 3830/6647/2229 3837/6657/2234 3838/6655/2232
f 3836/6640/2224 3835/6639/2223 3842/6660/2236 3843/6658/2235
f 3904/6614/5 3843/6658/2235 3850/6663/2237
f 3842/6664/2236 3841/6654/2231 3848/6665/2238 3849/6666/2239
f 3840/6653/2230 3839/6662/2233 3846/6667/2240 3847/6668/2241
f 3838/6655/2232 3837/6657/2234 3844/6669/2242 3845/6670/2243
f 3843/6658/2235 3842/6660/2236 3849/6671/2239 3850/6663/2237
f 3841/6654/2231 3840/6653/2230 3847/6668/2241 3848/6665/2238
f 3839/6662/2233 3838/6672/2232 3845/6673/2243 3846/6667/2240
f 3837/6657/2234 3808/6612/6 3844/6669/2242
f 3847/6668/2241 3846/6667/2240 3853/6674/2244 3854/6675/4
f 3845/6670/2243 3844/6669/2242 3851/6676/2245 3852/6677/2246
f 3850/6663/2237 3849/6671/2239 3856/6678/2247 3857/6679/2248
f 3848/6665/2238 3847/6668/2241 3854/6675/4 3855/6680/2249
f 3846/6667/2240 3845/6673/2243 3852/6681/2246 3853/6674/2244
f 3844/6669/2242 3808/6612/6 3851/6676/2245
f 3904/6614/5 3850/6663/2237 3857/6679/2248
f 3849/6666/2239 3848/6665/2238 3855/6680/2249 3856/6682/2247
f 3857/6679/2248 3856/6678/2247 3863/6683/2250 3864/6684/2251
f 3855/6680/2249 3854/6675/4 3861/6685/2252 3862/6686/2253
f 3853/6674/2244 3852/6681/2246 3859/6687/2254 3860/6688/2255
f 3851/6676/2245 3808/6612/6 3858/6689/2256
f 3904/6614/5 3857/6679/2248 3864/6684/2251
f 3856/6682/2247 3855/6680/2249 3862/6686/2253 3863/6690/2250
f 3854/6675/4 3853/6674/2244 3860/6688/2255 3861/6685/2252
f 3852/6677/2246 3851/6676/2245 3858/6689/2256 3859/6691/2254
f 3860/6688/2255 3859/6687/2254 3866/6692/2257 3867/6693/2258
f 3858/6689/2256 3808/6612/6 3865/6694/2259
f 3904/6614/5 3864/6684/2251 3871/6695/2260
f 3863/6690/2250 3862/6686/2253 3869/6696/2261 3870/6697/2262
f 3861/6685/2252 3860/6688/2255 3867/6693/2258 3868/6698/2263
f 3859/6691/2254 3858/6689/2256 3865/6694/2259 3866/6699/2257
f 3864/6684/2251 3863/6683/2250 3870/6700/2262 3871/6695/2260
f 3862/6686/2253 3861/6685/2252 3868/6698/2263 3869/6696/2261
f 3904/6614/5 3871/6695/2260 3878/6701/2264
f 3870/6700/2262 3869/6702/2261 3876/6703/2265 3877/6704/2266
f 3868/6698/2263 3867/6693/2258 3874/6705/2267 3875/6706/2268
f 3866/6699/2257 3865/6694/2259 3872/6707/2269 3873/6708/2270
f 3871/6695/2260 3870/6700/2262 3877/6704/2266 3878/6701/2264
f 3869/6696/2261 3868/6698/2263 3875/6706/2268 3876/6709/2265
f 3867/6710/2258 3866/6699/2257 3873/6708/2270 3874/6711/2267
f 3865/6694/2259 3808/6612/6 3872/6707/2269
f 3873/6708/2270 3872/6707/2269 3879/6712/2271 3880/6713/2272
f 3878/6701/2264 3877/6704/2266 3884/6714/2273 3885/6715/2274
f 3876/6716/2265 3875/6717/2268 3882/6718/2275 3883/6719/2276
f 3874/6711/2267 3873/6708/2270 3880/6713/2272 3881/6720/2277
f 3872/6707/2269 3808/6612/6 3879/6712/2271
f 3904/6614/5 3878/6701/2264 3885/6715/2274
f 3877/6704/2266 3876/6703/2265 3883/6721/2276 3884/6714/2273
f 3875/6717/2268 3874/6722/2267 3881/6723/2277 3882/6718/2275
f 3885/6715/2274 3884/6714/2273 3891/6724/2278 3892/6725/2279
f 3883/6726/2276 3882/6727/2275 3889/6728/2280 3890/6729/2281
f 3881/6720/2277 3880/6713/2272 3887/6730/2282 3888/6731/2283
f 3879/6712/2271 3808/6612/6 3886/6732/2284
f 3904/6614/5 3885/6715/2274 3892/6725/2279
f 3884/6714/2273 3883/6721/2276 3890/6733/2281 3891/6724/2278
f 3882/6727/2275 3881/6734/2277 3888/6735/2283 3889/6728/2280
f 3880/6713/2272 3879/6712/2271 3886/6732/2284 3887/6730/2282
f 3886/6732/2284 3808/6612/6 3893/6736/2285
f 3904/6614/5 3892/6725/2279 3899/6737/2286
f 3891/6738/2278 3890/6729/2281 3897/6739/2287 3898/6740/2288
f 3889/6728/2280 3888/6735/2283 3895/6741/2289 3896/6742/2290
f 3887/6730/2282 3886/6732/2284 3893/6736/2285 3894/6743/2291
f 3892/6725/2279 3891/6724/2278 3898/6744/2288 3899/6737/2286
f 3890/6729/2281 3889/6728/2280 3896/6742/2290 3897/6739/2287
f 3888/6735/2283 3887/6745/2282 3894/6746/2291 3895/6741/2289
f 3898/6740/2288 3897/6739/2287 3806/6603/2200 3903/6615/2197
f 3896/6742/2290 3895/6741/2289 3902/6607/2203 3805/6604/2
f 3894/6743/2291 3893/6736/2285 3900/6611/2207 3901/6617/2204
f 3899/6737/2286 3898/6744/2288 3903/6600/2197 3807/6599/2196
f 3897/6739/2287 3896/6742/2290 3805/6604/2 3806/6603/2200
f 3895/6741/2289 3894/6746/2291 3901/6608/2204 3902/6607/2203
f 3893/6736/2285 3808/6612/6 3900/6611/2207
f 3904/6614/5 3899/6737/2286 3807/6599/2196
f 3907/6747/2196 4003/6748/2197 3914/6749/2198 3915/6750/2199
f 3906/6751/2200 3905/6752/2 3912/6753/2201 3913/6754/2202
f 4002/6755/2203 4001/6756/2204 3910/6757/2205 3911/6758/2206
f 4000/6759/2207 3908/6760/6 3909/6761/2208
f 4004/6762/5 3907/6747/2196 3915/6750/2199
f 4003/6763/2197 3906/6751/2200 3913/6754/2202 3914/6764/2198
f 3905/6752/2 4002/6755/2203 3911/6758/2206 3912/6753/2201
f 4001/6765/2204 4000/6759/2207 3909/6761/2208 3910/6766/2205
f 4004/6762/5 3915/6750/2199 3922/6767/2210
f 3914/6764/2198 3913/6754/2202 3920/6768/2211 3921/6769/2212
f 3912/6753/2201 3911/6758/2206 3918/6770/2213 3919/6771/2214
f 3910/6766/2205 3909/6761/2208 3916/6772/2209 3917/6773/2215
f 3915/6750/2199 3914/6749/2198 3921/6774/2212 3922/6767/2210
f 3913/6754/2202 3912/6753/2201 3919/6771/2214 3920/6768/2211
f 3911/6758/2206 3910/6757/2205 3917/6775/2215 3918/6770/2213
f 3909/6761/2208 3908/6760/6 3916/6772/2209
f 3919/6771/2214 3918/6770/2213 3925/6776/2218 3926/6777/2219
f 3917/6773/2215 3916/6772/2209 3923/6778/2220 3924/6779/2221
f 3922/6767/2210 3921/6774/2212 3928/6780/2217 3929/6781/2222
f 3920/6768/2211 3919/6771/2214 3926/6777/2219 3927/6782/2216
f 3918/6783/2213 3917/6773/2215 3924/6779/2221 3925/6784/2218
f 3916/6772/2209 3908/6760/6 3923/6778/2220
f 4004/6762/5 3922/6767/2210 3929/6781/2222
f 3921/6774/2212 3920/6785/2211 3927/6786/2216 3928/6780/2217
f 3929/6781/2222 3928/6780/2217 3935/6787/2223 3936/6788/2224
f 3927/6789/2216 3926/6790/2219 3933/6791/2225 3934/6792/2226
f 3925/6784/2218 3924/6779/2221 3931/6793/2227 3932/6794/2228
f 3923/6778/2220 3908/6760/6 3930/6795/2229
f 4004/6762/5 3929/6781/2222 3936/6788/2224
f 3928/6780/2217 3927/6786/2216 3934/6796/2226 3935/6787/2223
f 3926/6790/2219 3925/6797/2218 3932/6798/2228 3933/6791/2225
f 3924/6779/2221 3923/6778/2220 3930/6795/2229 3931/6793/2227
f 3932/6794/2228 3931/6793/2227 3938/6799/2232 3939/6800/2233
f 3930/6795/2229 3908/6760/6 3937/6801/2234
f 4004/6762/5 3936/6788/2224 3943/6802/2235
f 3935/6787/2223 3934/6796/2226 3941/6803/2231 3942/6804/2236
f 3933/6805/2225 3932/6806/2228 3939/6807/2233 3940/6808/2230
f 3931/6793/2227 3930/6795/2229 3937/6801/2234 3938/6799/2232
f 3936/6788/2224 3935/6787/2223 3942/6804/2236 3943/6802/2235
f 3934/6809/2226 3933/6805/2225 3940/6808/2230 3941/6810/2231
f 4004/6762/5 3943/6802/2235 3950/6811/2237
f 3942/6812/2236 3941/6810/2231 3948/6813/2238 3949/6814/2239
f 3940/6808/2230 3939/6807/2233 3946/6815/2240 3947/6816/2241
f 3938/6799/2232 3937/6801/2234 3944/6817/2242 3945/6818/2243
f 3943/6802/2235 3942/6804/2236 3949/6819/2239 3950/6811/2237
f 3941/6810/2231 3940/6808/2230 3947/6816/2241 3948/6813/2238
f 3939/6807/2233 3938/6820/2232 3945/6821/2243 3946/6815/2240
f 3937/6801/2234 3908/6760/6 3944/6817/2242
f 3945/6818/2243 3944/6817/2242 3951/6822/2245 3952/6823/2246
f 3950/6811/2237 3949/6819/2239 3956/6824/2247 3957/6825/2248
f 3948/6813/2238 3947/6816/2241 3954/6826/4 3955/6827/2249
f 3946/6815/2240 3945/6821/2243 3952/6828/2246 3953/6829/2244
f 3944/6817/2242 3908/6760/6 3951/6822/2245
f 4004/6762/5 3950/6811/2237 3957/6825/2248
f 3949/6814/2239 3948/6813/2238 3955/6827/2249 3956/6830/2247
f 3947/6816/2241 3946/6815/2240 3953/6829/2244 3954/6826/4
f 3957/6825/2248 3956/6824/2247 3963/6831/2250 3964/6832/2251
f 3955/6827/2249 3954/6826/4 3961/6833/2252 3962/6834/2253
f 3953/6829/2244 3952/6828/2246 3959/6835/2254 3960/6836/2255
f 3951/6822/2245 3908/6760/6 3958/6837/2256
f 4004/6762/5 3957/6825/2248 3964/6832/2251
f 3956/6830/2247 3955/6827/2249 3962/6834/2253 3963/6838/2250
f 3954/6826/4 3953/6829/2244 3960/6836/2255 3961/6833/2252
f 3952/6823/2246 3951/6822/2245 3958/6837/2256 3959/6839/2254
f 3958/6837/2256 3908/6760/6 3965/6840/2259
f 4004/6762/5 3964/6832/2251 3971/6841/2260
f 3963/6838/2250 3962/6834/2253 3969/6842/2261 3970/6843/2262
f 3961/6833/2252 3960/6836/2255 3967/6844/2258 3968/6845/2263
f 3959/6839/2254 3958/6837/2256 3965/6840/2259 3966/6846/2257
f 3964/6832/2251 3963/6831/2250 3970/6847/2262 3971/6841/2260
f 3962/6834/2253 3961/6833/2252 3968/6845/2263 3969/6842/2261
f 3960/6836/2255 3959/6835/2254 3966/6848/2257 3967/6844/2258
f 3970/6847/2262 3969/6849/2261 3976/6850/2265 3977/6851/2266
f 3968/6845/2263 3967/6844/2258 3974/6852/2267 3975/6853/2268
f 3966/6846/2257 3965/6840/2259 3972/6854/2269 3973/6855/2270
f 3971/6841/2260 3970/6847/2262 3977/6851/2266 3978/6856/2264
f 3969/6842/2261 3968/6845/2263 3975/6853/2268 3976/6857/2265
f 3967/6858/2258 3966/6846/2257 3973/6855/2270 3974/6859/2267
f 3965/6840/2259 3908/6760/6 3972/6854/2269
f 4004/6762/5 3971/6841/2260 3978/6856/2264
f 3978/6856/2264 3977/6851/2266 3984/6860/2273 3985/6861/2274
f 3976/6862/2265 3975/6863/2268 3982/6864/2275 3983/6865/2276
f 3974/6859/2267 3973/6855/2270 3980/6866/2272 3981/6867/2277
f 3972/6854/2269 3908/6760/6 3979/6868/2271
f 4004/6762/5 3978/6856/2264 3985/6861/2274
f 3977/6851/2266 3976/6850/2265 3983/6869/2276 3984/6860/2273
f 3975/6863/2268 3974/6870/2267 3981/6871/2277 3982/6864/2275
f 3973/6855/2270 3972/6854/2269 3979/6868/2271 3980/6866/2272
f 3983/6872/2276 3982/6873/2275 3989/6874/2280 3990/6875/2281
f 3981/6867/2277 3980/6866/2272 3987/6876/2282 3988/6877/2283
f 3979/6868/2271 3908/6760/6 3986/6878/2284
f 4004/6762/5 3985/6861/2274 3992/6879/2279
f 3984/6860/2273 3983/6869/2276 3990/6880/2281 3991/6881/2278
f 3982/6873/2275 3981/6882/2277 3988/6883/2283 3989/6874/2280
f 3980/6866/2272 3979/6868/2271 3986/6878/2284 3987/6876/2282
f 3985/6861/2274 3984/6860/2273 3991/6881/2278 3992/6879/2279
f 4004/6762/5 3992/6879/2279 3999/6884/2286
f 3991/6885/2278 3990/6875/2281 3997/6886/2287 3998/6887/2288
f 3989/6874/2280 3988/6883/2283 3995/6888/2289 3996/6889/2290
f 3987/6876/2282 3986/6878/2284 3993/6890/2285 3994/6891/2291
f 3992/6879/2279 3991/6881/2278 3998/6892/2288 3999/6884/2286
f 3990/6875/2281 3989/6874/2280 3996/6889/2290 3997/6886/2287
f 3988/6883/2283 3987/6893/2282 3994/6894/2291 3995/6888/2289
f 3986/6878/2284 3908/6760/6 3993/6890/2285
f 3996/6889/2290 3995/6888/2289 4002/6755/2203 3905/6752/2
f 3994/6891/2291 3993/6890/2285 4000/6759/2207 4001/6765/2204
f 3999/6884/2286 3998/6892/2288 4003/6748/2197 3907/6747/2196
f 3997/6886/2287 3996/6889/2290 3905/6752/2 3906/6751/2200
f 3995/6888/2289 3994/6894/2291 4001/6756/2204 4002/6755/2203
f 3993/6890/2285 3908/6760/6 4000/6759/2207
f 4004/6762/5 3999/6884/2286 3907/6747/2196
f 3998/6887/2288 3997/6886/2287 3906/6751/2200 4003/6763/2197
