# Blender 4.2.3 LTS
# www.blender.org
mtllib pizza_shop_lvl1.mtl
o PizzaShop
v 2.875000 2.695000 1.504244
v 2.875000 3.315000 1.504244
v 2.875000 2.695000 0.554244
v 2.875000 3.315000 0.554244
v 3.295000 2.695000 1.504244
v 3.295000 3.315000 1.504244
v 3.295000 2.695000 0.554244
v 3.295000 3.315000 0.554244
v -5.125000 0.005000 2.529244
v -5.125000 4.005000 2.529244
v -5.125000 0.005000 -3.470756
v -5.125000 4.005000 -3.470756
v 2.875000 0.005000 2.529244
v 2.875000 4.005000 2.529244
v 2.875000 0.005000 -3.470756
v 2.875000 4.005000 -3.470756
v -5.275000 0.000000 2.679245
v -5.275000 0.350000 2.679245
v -5.275000 0.000000 -3.620756
v -5.275000 0.350000 -3.620756
v 3.025000 0.000000 2.679245
v 3.025000 0.350000 2.679245
v 3.025000 0.000000 -3.620756
v 3.025000 0.350000 -3.620756
v -5.199999 3.995000 2.604244
v -5.199999 4.115000 2.604244
v -5.199999 3.995000 -3.545756
v -5.199999 4.115000 -3.545756
v 2.950000 3.995000 2.604244
v 2.950000 4.115000 2.604244
v 2.950000 3.995000 -3.545756
v 2.950000 4.115000 -3.545756
v -5.275000 4.054999 2.639245
v -5.275000 4.195000 2.639245
v -5.275000 4.054999 2.459244
v -5.275000 4.195000 2.459244
v 3.025000 4.054999 2.639245
v 3.025000 4.195000 2.639245
v 3.025000 4.054999 2.459244
v 3.025000 4.195000 2.459244
v -5.275000 4.054999 -3.400755
v -5.275000 4.195000 -3.400755
v -5.275000 4.054999 -3.580756
v -5.275000 4.195000 -3.580756
v 3.025000 4.054999 -3.400755
v 3.025000 4.195000 -3.400755
v 3.025000 4.054999 -3.580756
v 3.025000 4.195000 -3.580756
v -5.235000 4.054999 2.679245
v -5.235000 4.195000 2.679245
v -5.235000 4.054999 -3.620756
v -5.235000 4.195000 -3.620756
v -5.055000 4.054999 2.679245
v -5.055000 4.195000 2.679245
v -5.055000 4.054999 -3.620756
v -5.055000 4.195000 -3.620756
v 2.805000 4.054999 2.679245
v 2.805000 4.195000 2.679245
v 2.805000 4.054999 -3.620756
v 2.805000 4.195000 -3.620756
v 2.985000 4.054999 2.679245
v 2.985000 4.195000 2.679245
v 2.985000 4.054999 -3.620756
v 2.985000 4.195000 -3.620756
v -5.204999 0.005000 2.609244
v -5.204999 4.005000 2.609244
v -5.204999 0.005000 2.449244
v -5.204999 4.005000 2.449244
v -5.045000 0.005000 2.609244
v -5.045000 4.005000 2.609244
v -5.045000 0.005000 2.449244
v -5.045000 4.005000 2.449244
v 2.795000 0.005000 2.609244
v 2.795000 4.005000 2.609244
v 2.795000 0.005000 2.449244
v 2.795000 4.005000 2.449244
v 2.955000 0.005000 2.609244
v 2.955000 4.005000 2.609244
v 2.955000 0.005000 2.449244
v 2.955000 4.005000 2.449244
v -4.974999 2.680000 2.659245
v -4.974999 3.830000 2.659245
v -4.974999 2.680000 2.519244
v -4.974999 3.830000 2.519244
v 2.725000 2.680000 2.659245
v 2.725000 3.830000 2.659245
v 2.725000 2.680000 2.519244
v 2.725000 3.830000 2.519244
v -4.974999 3.825000 2.679245
v -4.974999 3.885000 2.679245
v -4.974999 3.825000 2.519244
v -4.974999 3.885000 2.519244
v 2.725000 3.825000 2.679245
v 2.725000 3.885000 2.679245
v 2.725000 3.825000 2.519244
v 2.725000 3.885000 2.519244
v -4.974999 2.625000 2.679245
v -4.974999 2.685000 2.679245
v -4.974999 2.625000 2.519244
v -4.974999 2.685000 2.519244
v 2.725000 2.625000 2.679245
v 2.725000 2.685000 2.679245
v 2.725000 2.625000 2.519244
v 2.725000 2.685000 2.519244
v -1.016260 2.835000 2.748245
v -1.099980 3.019920 2.748245
v -1.366780 3.019920 2.748245
v -1.445900 2.835000 2.748245
v -1.537900 2.835000 2.748245
v -1.268340 3.466120 2.748245
v -1.204860 3.466120 2.748245
v -0.924260 2.835000 2.748245
v -1.136780 3.100880 2.748245
v -1.237980 3.328120 2.748245
v -1.331820 3.100880 2.748245
v -2.092660 3.462440 2.748245
v -1.551700 3.462440 2.748245
v -1.950980 2.915960 2.748245
v -1.551700 2.915960 2.748245
v -1.551700 2.835000 2.748245
v -2.117500 2.835000 2.748245
v -1.718220 3.381480 2.748245
v -2.092660 3.381480 2.748245
v -2.686980 3.462440 2.748245
v -2.146020 3.462440 2.748245
v -2.545300 2.915960 2.748245
v -2.146020 2.915960 2.748245
v -2.146020 2.835000 2.748245
v -2.711820 2.835000 2.748245
v -2.312540 3.381480 2.748245
v -2.686980 3.381480 2.748245
v -2.886620 2.835000 2.748245
v -2.886620 3.462440 2.748245
v -2.796460 3.462440 2.748245
v -2.796460 2.835000 2.748245
v -3.132655 3.460789 2.748245
v -3.102995 3.455983 2.748245
v -3.076356 3.448237 2.748245
v -3.052697 3.437770 2.748245
v -3.031977 3.424798 2.748245
v -3.014155 3.409540 2.748245
v -2.999189 3.392211 2.748245
v -2.987036 3.373029 2.748245
v -2.977657 3.352212 2.748245
v -2.971009 3.329977 2.748245
v -2.967050 3.306540 2.748245
v -2.965740 3.282120 2.748245
v -2.967128 3.257983 2.748245
v -2.971319 3.234923 2.748245
v -2.978361 3.213134 2.748245
v -2.988297 3.192811 2.748245
v -3.001172 3.174150 2.748245
v -3.017030 3.157345 2.748245
v -3.035917 3.142590 2.748245
v -3.057876 3.130081 2.748245
v -3.082954 3.120013 2.748245
v -3.111193 3.112580 2.748245
v -3.142641 3.107977 2.748245
v -3.177340 3.106400 2.748245
v -3.271180 3.106400 2.748245
v -3.271180 2.835000 2.748245
v -3.361340 2.835000 2.748245
v -3.361340 3.462440 2.748245
v -3.165380 3.462440 2.748245
v -3.169060 3.187360 2.748245
v -3.152780 3.188102 2.748245
v -3.137563 3.190307 2.748245
v -3.123477 3.193944 2.748245
v -3.110589 3.198979 2.748245
v -3.098966 3.205382 2.748245
v -3.088675 3.213120 2.748245
v -3.079783 3.222161 2.748245
v -3.072358 3.232474 2.748245
v -3.066466 3.244026 2.748245
v -3.062174 3.256786 2.748245
v -3.059550 3.270721 2.748245
v -3.058660 3.285800 2.748245
v -3.059196 3.297346 2.748245
v -3.060879 3.308859 2.748245
v -3.063821 3.320156 2.748245
v -3.068133 3.331050 2.748245
v -3.073927 3.341357 2.748245
v -3.081315 3.350890 2.748245
v -3.090409 3.359465 2.748245
v -3.101321 3.366896 2.748245
v -3.114162 3.372998 2.748245
v -3.129044 3.377587 2.748245
v -3.146080 3.380476 2.748245
v -3.165380 3.381480 2.748245
v -3.271180 3.381480 2.748245
v -3.271180 3.187360 2.748245
v -1.016260 2.835000 2.630244
v -1.099980 3.019920 2.630244
v -1.366780 3.019920 2.630244
v -1.445900 2.835000 2.630244
v -1.537900 2.835000 2.630244
v -1.268340 3.466120 2.630244
v -1.204860 3.466120 2.630244
v -0.924260 2.835000 2.630244
v -1.136780 3.100880 2.630244
v -1.237980 3.328120 2.630244
v -1.331820 3.100880 2.630244
v -2.092660 3.462440 2.630244
v -1.551700 3.462440 2.630244
v -1.950980 2.915960 2.630244
v -1.551700 2.915960 2.630244
v -1.551700 2.835000 2.630244
v -2.117500 2.835000 2.630244
v -1.718220 3.381480 2.630244
v -2.092660 3.381480 2.630244
v -2.686980 3.462440 2.630244
v -2.146020 3.462440 2.630244
v -2.545300 2.915960 2.630244
v -2.146020 2.915960 2.630244
v -2.146020 2.835000 2.630244
v -2.711820 2.835000 2.630244
v -2.312540 3.381480 2.630244
v -2.686980 3.381480 2.630244
v -2.886620 2.835000 2.630244
v -2.886620 3.462440 2.630244
v -2.796460 3.462440 2.630244
v -2.796460 2.835000 2.630244
v -3.132655 3.460789 2.630244
v -3.102995 3.455983 2.630244
v -3.076356 3.448237 2.630244
v -3.052697 3.437770 2.630244
v -3.031977 3.424798 2.630244
v -3.014155 3.409540 2.630244
v -2.999189 3.392211 2.630244
v -2.987036 3.373029 2.630244
v -2.977657 3.352212 2.630244
v -2.971009 3.329977 2.630244
v -2.967050 3.306540 2.630244
v -2.965740 3.282120 2.630244
v -2.967128 3.257983 2.630244
v -2.971319 3.234923 2.630244
v -2.978361 3.213134 2.630244
v -2.988297 3.192811 2.630244
v -3.001172 3.174150 2.630244
v -3.017030 3.157345 2.630244
v -3.035917 3.142590 2.630244
v -3.057876 3.130081 2.630244
v -3.082954 3.120013 2.630244
v -3.111193 3.112580 2.630244
v -3.142641 3.107977 2.630244
v -3.177340 3.106400 2.630244
v -3.271180 3.106400 2.630244
v -3.271180 2.835000 2.630244
v -3.361340 2.835000 2.630244
v -3.361340 3.462440 2.630244
v -3.165380 3.462440 2.630244
v -3.169060 3.187360 2.630244
v -3.152780 3.188102 2.630244
v -3.137563 3.190307 2.630244
v -3.123477 3.193944 2.630244
v -3.110589 3.198979 2.630244
v -3.098966 3.205382 2.630244
v -3.088675 3.213120 2.630244
v -3.079783 3.222161 2.630244
v -3.072358 3.232474 2.630244
v -3.066466 3.244026 2.630244
v -3.062174 3.256786 2.630244
v -3.059550 3.270721 2.630244
v -3.058660 3.285800 2.630244
v -3.059196 3.297346 2.630244
v -3.060879 3.308859 2.630244
v -3.063821 3.320156 2.630244
v -3.068133 3.331050 2.630244
v -3.073927 3.341357 2.630244
v -3.081315 3.350890 2.630244
v -3.090409 3.359465 2.630244
v -3.101321 3.366896 2.630244
v -3.114162 3.372998 2.630244
v -3.129044 3.377587 2.630244
v -3.146080 3.380476 2.630244
v -3.165380 3.381480 2.630244
v -3.271180 3.381480 2.630244
v -3.271180 3.187360 2.630244
v -3.132655 3.460789 2.630244
v -3.132525 3.462020 2.630440
v -3.132407 3.463131 2.631008
v -3.132314 3.464012 2.631893
v -3.132254 3.464578 2.633008
v -3.132234 3.464773 2.634244
v -3.132234 3.464773 2.744245
v -3.132254 3.464578 2.745481
v -3.132314 3.464012 2.746596
v -3.132407 3.463131 2.747480
v -3.132525 3.462020 2.748049
v -3.132655 3.460789 2.748245
v -3.102995 3.455983 2.630244
v -3.102722 3.457191 2.630440
v -3.102476 3.458281 2.631008
v -3.102281 3.459145 2.631893
v -3.102156 3.459701 2.633008
v -3.102113 3.459892 2.634244
v -3.102113 3.459892 2.744245
v -3.102156 3.459701 2.745481
v -3.102281 3.459145 2.746596
v -3.102476 3.458281 2.747480
v -3.102722 3.457191 2.748049
v -3.102995 3.455983 2.748245
v -3.076356 3.448237 2.630244
v -3.075931 3.449401 2.630440
v -3.075548 3.450451 2.631008
v -3.075244 3.451284 2.631893
v -3.075050 3.451819 2.633008
v -3.074982 3.452003 2.634244
v -3.074982 3.452003 2.744245
v -3.075050 3.451819 2.745481
v -3.075244 3.451284 2.746596
v -3.075548 3.450451 2.747480
v -3.075931 3.449401 2.748049
v -3.076356 3.448237 2.748245
v -3.052697 3.437770 2.630244
v -3.052116 3.438865 2.630440
v -3.051592 3.439852 2.631008
v -3.051176 3.440636 2.631893
v -3.050909 3.441139 2.633008
v -3.050817 3.441312 2.634244
v -3.050817 3.441312 2.744245
v -3.050909 3.441139 2.745481
v -3.051176 3.440636 2.746596
v -3.051592 3.439852 2.747480
v -3.052116 3.438865 2.748049
v -3.052697 3.437770 2.748245
v -3.031977 3.424798 2.630244
v -3.031244 3.425797 2.630440
v -3.030581 3.426698 2.631008
v -3.030056 3.427413 2.631893
v -3.029718 3.427873 2.633008
v -3.029602 3.428031 2.634244
v -3.029602 3.428031 2.744245
v -3.029718 3.427873 2.745481
v -3.030056 3.427413 2.746596
v -3.030581 3.426698 2.747480
v -3.031244 3.425797 2.748049
v -3.031977 3.424798 2.748245
v -3.014155 3.409540 2.630244
v -3.013281 3.410418 2.630440
v -3.012491 3.411211 2.631008
v -3.011865 3.411839 2.631893
v -3.011463 3.412243 2.633008
v -3.011325 3.412382 2.634244
v -3.011325 3.412382 2.744245
v -3.011463 3.412243 2.745481
v -3.011865 3.411839 2.746596
v -3.012491 3.411211 2.747480
v -3.013281 3.410418 2.748049
v -3.014155 3.409540 2.748245
v -2.999189 3.392211 2.630244
v -2.998193 3.392950 2.630440
v -2.997296 3.393616 2.631008
v -2.996583 3.394145 2.631893
v -2.996125 3.394485 2.633008
v -2.995968 3.394602 2.634244
v -2.995968 3.394602 2.744245
v -2.996125 3.394485 2.745481
v -2.996583 3.394145 2.746596
v -2.997296 3.393616 2.747480
v -2.998193 3.392950 2.748049
v -2.999189 3.392211 2.748245
v -2.987036 3.373029 2.630244
v -2.985945 3.373617 2.630440
v -2.984961 3.374147 2.631008
v -2.984180 3.374568 2.631893
v -2.983679 3.374838 2.633008
v -2.983505 3.374931 2.634244
v -2.983505 3.374931 2.744245
v -2.983679 3.374838 2.745481
v -2.984180 3.374568 2.746596
v -2.984961 3.374147 2.747480
v -2.985945 3.373617 2.748049
v -2.987036 3.373029 2.748245
v -2.977657 3.352212 2.630244
v -2.976496 3.352645 2.630440
v -2.975449 3.353036 2.631008
v -2.974618 3.353345 2.631893
v -2.974085 3.353544 2.633008
v -2.973901 3.353613 2.634244
v -2.973901 3.353613 2.744245
v -2.974085 3.353544 2.745481
v -2.974618 3.353345 2.746596
v -2.975449 3.353036 2.747480
v -2.976496 3.352645 2.748049
v -2.977657 3.352212 2.748245
v -2.971009 3.329977 2.630244
v -2.969803 3.330258 2.630440
v -2.968714 3.330511 2.631008
v -2.967851 3.330713 2.631893
v -2.967297 3.330842 2.633008
v -2.967106 3.330886 2.634244
v -2.967106 3.330886 2.744245
v -2.967297 3.330842 2.745481
v -2.967851 3.330713 2.746596
v -2.968714 3.330511 2.747480
v -2.969803 3.330258 2.748049
v -2.971009 3.329977 2.748245
v -2.967050 3.306540 2.630244
v -2.965820 3.306677 2.630440
v -2.964710 3.306800 2.631008
v -2.963829 3.306898 2.631893
v -2.963263 3.306960 2.633008
v -2.963068 3.306982 2.634244
v -2.963068 3.306982 2.744245
v -2.963263 3.306960 2.745481
v -2.963829 3.306898 2.746596
v -2.964710 3.306800 2.747480
v -2.965820 3.306677 2.748049
v -2.967050 3.306540 2.748245
v -2.965740 3.282120 2.630244
v -2.964502 3.282117 2.630440
v -2.963385 3.282115 2.631008
v -2.962499 3.282114 2.631893
v -2.961930 3.282113 2.633008
v -2.961734 3.282112 2.634244
v -2.961734 3.282112 2.744245
v -2.961930 3.282113 2.745481
v -2.962499 3.282114 2.746596
v -2.963385 3.282115 2.747480
v -2.964502 3.282117 2.748049
v -2.965740 3.282120 2.748245
v -2.967128 3.257983 2.630244
v -2.965898 3.257837 2.630440
v -2.964788 3.257704 2.631008
v -2.963908 3.257599 2.631893
v -2.963343 3.257532 2.633008
v -2.963148 3.257509 2.634244
v -2.963148 3.257509 2.744245
v -2.963343 3.257532 2.745481
v -2.963908 3.257599 2.746596
v -2.964788 3.257704 2.747480
v -2.965898 3.257837 2.748049
v -2.967128 3.257983 2.748245
v -2.971319 3.234923 2.630244
v -2.970118 3.234621 2.630440
v -2.969034 3.234349 2.631008
v -2.968174 3.234133 2.631893
v -2.967622 3.233994 2.633008
v -2.967431 3.233946 2.634244
v -2.967431 3.233946 2.744245
v -2.967622 3.233994 2.745481
v -2.968174 3.234133 2.746596
v -2.969034 3.234349 2.747480
v -2.970118 3.234621 2.748049
v -2.971319 3.234923 2.748245
v -2.978361 3.213134 2.630244
v -2.977212 3.212670 2.630440
v -2.976176 3.212252 2.631008
v -2.975353 3.211920 2.631893
v -2.974825 3.211707 2.633008
v -2.974643 3.211633 2.634244
v -2.974643 3.211633 2.744245
v -2.974825 3.211707 2.745481
v -2.975353 3.211920 2.746596
v -2.976176 3.212252 2.747480
v -2.977212 3.212670 2.748049
v -2.978361 3.213134 2.748245
v -2.988297 3.192811 2.630244
v -2.987227 3.192186 2.630440
v -2.986262 3.191621 2.631008
v -2.985496 3.191173 2.631893
v -2.985005 3.190885 2.633008
v -2.984835 3.190786 2.634244
v -2.984835 3.190786 2.744245
v -2.985005 3.190885 2.745481
v -2.985496 3.191173 2.746596
v -2.986262 3.191621 2.747480
v -2.987227 3.192186 2.748049
v -2.988297 3.192811 2.748245
v -3.001172 3.174150 2.630244
v -3.000208 3.173371 2.630440
v -2.999338 3.172667 2.631008
v -2.998648 3.172109 2.631893
v -2.998205 3.171751 2.633008
v -2.998053 3.171627 2.634244
v -2.998053 3.171627 2.744245
v -2.998205 3.171751 2.745481
v -2.998648 3.172109 2.746596
v -2.999338 3.172667 2.747480
v -3.000208 3.173371 2.748049
v -3.001172 3.174150 2.748245
v -3.017030 3.157345 2.630244
v -3.016195 3.156428 2.630440
v -3.015442 3.155602 2.631008
v -3.014845 3.154946 2.631893
v -3.014461 3.154524 2.633008
v -3.014329 3.154379 2.634244
v -3.014329 3.154379 2.744245
v -3.014461 3.154524 2.745481
v -3.014845 3.154946 2.746596
v -3.015442 3.155602 2.747480
v -3.016195 3.156428 2.748049
v -3.017030 3.157345 2.748245
v -3.035917 3.142590 2.630244
v -3.035227 3.141561 2.630440
v -3.034604 3.140632 2.631008
v -3.034110 3.139895 2.631893
v -3.033793 3.139422 2.633008
v -3.033684 3.139259 2.634244
v -3.033684 3.139259 2.744245
v -3.033793 3.139422 2.745481
v -3.034110 3.139895 2.746596
v -3.034604 3.140632 2.747480
v -3.035227 3.141561 2.748049
v -3.035917 3.142590 2.748245
v -3.057876 3.130081 2.630244
v -3.057338 3.128966 2.630440
v -3.056852 3.127959 2.631008
v -3.056466 3.127160 2.631893
v -3.056218 3.126647 2.633008
v -3.056134 3.126471 2.634244
v -3.056134 3.126471 2.744245
v -3.056218 3.126647 2.745481
v -3.056466 3.127160 2.746596
v -3.056852 3.127959 2.747480
v -3.057338 3.128966 2.748049
v -3.057876 3.130081 2.748245
v -3.082954 3.120013 2.630244
v -3.082565 3.118837 2.630440
v -3.082214 3.117776 2.631008
v -3.081935 3.116935 2.631893
v -3.081756 3.116394 2.633008
v -3.081695 3.116208 2.634244
v -3.081695 3.116208 2.744245
v -3.081756 3.116394 2.745481
v -3.081935 3.116935 2.746596
v -3.082214 3.117776 2.747480
v -3.082565 3.118837 2.748049
v -3.082954 3.120013 2.748245
v -3.111193 3.112580 2.630244
v -3.110946 3.111367 2.630440
v -3.110723 3.110273 2.631008
v -3.110545 3.109404 2.631893
v -3.110432 3.108847 2.633008
v -3.110392 3.108655 2.634244
v -3.110392 3.108655 2.744245
v -3.110432 3.108847 2.745481
v -3.110545 3.109404 2.746596
v -3.110723 3.110273 2.747480
v -3.110946 3.111367 2.748049
v -3.111193 3.112580 2.748245
v -3.142641 3.107977 2.630244
v -3.142523 3.106745 2.630440
v -3.142417 3.105634 2.631008
v -3.142332 3.104752 2.631893
v -3.142278 3.104186 2.633008
v -3.142259 3.103991 2.634244
v -3.142259 3.103991 2.744245
v -3.142278 3.104186 2.745481
v -3.142332 3.104752 2.746596
v -3.142417 3.105634 2.747480
v -3.142523 3.106745 2.748049
v -3.142641 3.107977 2.748245
v -3.177340 3.106400 2.630244
v -3.177312 3.105164 2.630440
v -3.177286 3.104049 2.631008
v -3.177266 3.103164 2.631893
v -3.177253 3.102596 2.633008
v -3.177249 3.102400 2.634244
v -3.177249 3.102400 2.744245
v -3.177253 3.102596 2.745481
v -3.177266 3.103164 2.746596
v -3.177286 3.104049 2.747480
v -3.177312 3.105164 2.748049
v -3.177340 3.106400 2.748245
v -3.271180 3.106400 2.630244
v -3.269944 3.105164 2.630440
v -3.268829 3.104049 2.631008
v -3.267944 3.103164 2.631893
v -3.267376 3.102596 2.633008
v -3.267180 3.102400 2.634244
v -3.267180 3.102400 2.744245
v -3.267376 3.102596 2.745481
v -3.267944 3.103164 2.746596
v -3.268829 3.104049 2.747480
v -3.269944 3.105164 2.748049
v -3.271180 3.106400 2.748245
v -3.271180 2.835000 2.630244
v -3.269944 2.833764 2.630440
v -3.268829 2.832649 2.631008
v -3.267944 2.831764 2.631893
v -3.267376 2.831196 2.633008
v -3.267180 2.831000 2.634244
v -3.267180 2.831000 2.744245
v -3.267376 2.831196 2.745481
v -3.267944 2.831764 2.746596
v -3.268829 2.832649 2.747480
v -3.269944 2.833764 2.748049
v -3.271180 2.835000 2.748245
v -3.361340 2.835000 2.630244
v -3.362576 2.833764 2.630440
v -3.363691 2.832649 2.631008
v -3.364576 2.831764 2.631893
v -3.365144 2.831196 2.633008
v -3.365340 2.831000 2.634244
v -3.365340 2.831000 2.744245
v -3.365144 2.831196 2.745481
v -3.364576 2.831764 2.746596
v -3.363691 2.832649 2.747480
v -3.362576 2.833764 2.748049
v -3.361340 2.835000 2.748245
v -3.361340 3.462440 2.630244
v -3.362576 3.463676 2.630440
v -3.363691 3.464791 2.631008
v -3.364576 3.465676 2.631893
v -3.365144 3.466244 2.633008
v -3.365340 3.466440 2.634244
v -3.365340 3.466440 2.744245
v -3.365144 3.466244 2.745481
v -3.364576 3.465676 2.746596
v -3.363691 3.464791 2.747480
v -3.362576 3.463676 2.748049
v -3.361340 3.462440 2.748245
v -3.165380 3.462440 2.630244
v -3.165349 3.463676 2.630440
v -3.165321 3.464791 2.631008
v -3.165299 3.465676 2.631893
v -3.165284 3.466244 2.633008
v -3.165279 3.466440 2.634244
v -3.165279 3.466440 2.744245
v -3.165284 3.466244 2.745481
v -3.165299 3.465676 2.746596
v -3.165321 3.464791 2.747480
v -3.165349 3.463676 2.748049
v -3.165380 3.462440 2.748245
v -3.169060 3.187360 2.630244
v -3.169088 3.188596 2.630440
v -3.169114 3.189711 2.631008
v -3.169134 3.190596 2.631893
v -3.169147 3.191164 2.633008
v -3.169151 3.191360 2.634244
v -3.169151 3.191360 2.744245
v -3.169147 3.191164 2.745481
v -3.169134 3.190596 2.746596
v -3.169114 3.189711 2.747480
v -3.169088 3.188596 2.748049
v -3.169060 3.187360 2.748245
v -3.152780 3.188102 2.630244
v -3.152897 3.189334 2.630440
v -3.153003 3.190445 2.631008
v -3.153086 3.191327 2.631893
v -3.153140 3.191894 2.633008
v -3.153158 3.192089 2.634244
v -3.153158 3.192089 2.744245
v -3.153140 3.191894 2.745481
v -3.153086 3.191327 2.746596
v -3.153003 3.190445 2.747480
v -3.152897 3.189334 2.748049
v -3.152780 3.188102 2.748245
v -3.137563 3.190307 2.630244
v -3.137807 3.191521 2.630440
v -3.138027 3.192616 2.631008
v -3.138201 3.193485 2.631893
v -3.138313 3.194042 2.633008
v -3.138352 3.194235 2.634244
v -3.138352 3.194235 2.744245
v -3.138313 3.194042 2.745481
v -3.138201 3.193485 2.746596
v -3.138027 3.192616 2.747480
v -3.137807 3.191521 2.748049
v -3.137563 3.190307 2.748245
v -3.123477 3.193944 2.630244
v -3.123858 3.195122 2.630440
v -3.124201 3.196185 2.631008
v -3.124474 3.197028 2.631893
v -3.124649 3.197570 2.633008
v -3.124709 3.197757 2.634244
v -3.124709 3.197757 2.744245
v -3.124649 3.197570 2.745481
v -3.124474 3.197028 2.746596
v -3.124201 3.196185 2.747480
v -3.123858 3.195122 2.748049
v -3.123477 3.193944 2.748245
v -3.110589 3.198979 2.630244
v -3.111114 3.200101 2.630440
v -3.111588 3.201113 2.631008
v -3.111964 3.201916 2.631893
v -3.112206 3.202431 2.633008
v -3.112289 3.202609 2.634244
v -3.112289 3.202609 2.744245
v -3.112206 3.202431 2.745481
v -3.111964 3.201916 2.746596
v -3.111588 3.201113 2.747480
v -3.111114 3.200101 2.748049
v -3.110589 3.198979 2.748245
v -3.098966 3.205382 2.630244
v -3.099639 3.206422 2.630440
v -3.100246 3.207361 2.631008
v -3.100728 3.208106 2.631893
v -3.101037 3.208584 2.633008
v -3.101144 3.208749 2.634244
v -3.101144 3.208749 2.744245
v -3.101037 3.208584 2.745481
v -3.100728 3.208106 2.746596
v -3.100246 3.207361 2.747480
v -3.099639 3.206422 2.748049
v -3.098966 3.205382 2.748245
v -3.088675 3.213120 2.630244
v -3.089492 3.214052 2.630440
v -3.090228 3.214894 2.631008
v -3.090813 3.215561 2.631893
v -3.091188 3.215990 2.633008
v -3.091317 3.216137 2.634244
v -3.091317 3.216137 2.744245
v -3.091188 3.215990 2.745481
v -3.090813 3.215561 2.746596
v -3.090228 3.214894 2.747480
v -3.089492 3.214052 2.748049
v -3.088675 3.213120 2.748245
v -3.079783 3.222161 2.630244
v -3.080731 3.222960 2.630440
v -3.081586 3.223681 2.631008
v -3.082264 3.224253 2.631893
v -3.082700 3.224621 2.633008
v -3.082850 3.224747 2.634244
v -3.082850 3.224747 2.744245
v -3.082700 3.224621 2.745481
v -3.082264 3.224253 2.746596
v -3.081586 3.223681 2.747480
v -3.080731 3.222960 2.748049
v -3.079783 3.222161 2.748245
v -3.072358 3.232474 2.630244
v -3.073416 3.233119 2.630440
v -3.074371 3.233702 2.631008
v -3.075128 3.234164 2.631893
v -3.075615 3.234461 2.633008
v -3.075783 3.234563 2.634244
v -3.075783 3.234563 2.744245
v -3.075615 3.234461 2.745481
v -3.075128 3.234164 2.746596
v -3.074371 3.233702 2.747480
v -3.073416 3.233119 2.748049
v -3.072358 3.232474 2.748245
v -3.066466 3.244026 2.630244
v -3.067608 3.244506 2.630440
v -3.068639 3.244940 2.631008
v -3.069457 3.245284 2.631893
v -3.069982 3.245505 2.633008
v -3.070163 3.245581 2.634244
v -3.070163 3.245581 2.744245
v -3.069982 3.245505 2.745481
v -3.069457 3.245284 2.746596
v -3.068639 3.244940 2.747480
v -3.067608 3.244506 2.748049
v -3.066466 3.244026 2.748245
v -3.062174 3.256786 2.630244
v -3.063373 3.257099 2.630440
v -3.064454 3.257381 2.631008
v -3.065313 3.257605 2.631893
v -3.065864 3.257749 2.633008
v -3.066054 3.257798 2.634244
v -3.066054 3.257798 2.744245
v -3.065864 3.257749 2.745481
v -3.065313 3.257605 2.746596
v -3.064454 3.257381 2.747480
v -3.063373 3.257099 2.748049
v -3.062174 3.256786 2.748245
v -3.059550 3.270721 2.630244
v -3.060779 3.270872 2.630440
v -3.061888 3.271009 2.631008
v -3.062768 3.271117 2.631893
v -3.063333 3.271187 2.633008
v -3.063528 3.271211 2.634244
v -3.063528 3.271211 2.744245
v -3.063333 3.271187 2.745481
v -3.062768 3.271117 2.746596
v -3.061888 3.271009 2.747480
v -3.060779 3.270872 2.748049
v -3.059550 3.270721 2.748245
v -3.058660 3.285800 2.630244
v -3.059898 3.285808 2.630440
v -3.061014 3.285815 2.631008
v -3.061900 3.285820 2.631893
v -3.062470 3.285824 2.633008
v -3.062665 3.285825 2.634244
v -3.062665 3.285825 2.744245
v -3.062470 3.285824 2.745481
v -3.061900 3.285820 2.746596
v -3.061014 3.285815 2.747480
v -3.059898 3.285808 2.748049
v -3.058660 3.285800 2.748245
v -3.059196 3.297346 2.630244
v -3.060428 3.297227 2.630440
v -3.061539 3.297120 2.631008
v -3.062421 3.297036 2.631893
v -3.062988 3.296981 2.633008
v -3.063183 3.296962 2.634244
v -3.063183 3.296962 2.744245
v -3.062988 3.296981 2.745481
v -3.062421 3.297036 2.746596
v -3.061539 3.297120 2.747480
v -3.060428 3.297227 2.748049
v -3.059196 3.297346 2.748245
v -3.060879 3.308859 2.630244
v -3.062092 3.308614 2.630440
v -3.063187 3.308392 2.631008
v -3.064055 3.308216 2.631893
v -3.064613 3.308103 2.633008
v -3.064805 3.308064 2.634244
v -3.064805 3.308064 2.744245
v -3.064613 3.308103 2.745481
v -3.064055 3.308216 2.746596
v -3.063187 3.308392 2.747480
v -3.062092 3.308614 2.748049
v -3.060879 3.308859 2.748245
v -3.063821 3.320156 2.630244
v -3.064998 3.319772 2.630440
v -3.066060 3.319424 2.631008
v -3.066902 3.319149 2.631893
v -3.067444 3.318972 2.633008
v -3.067630 3.318911 2.634244
v -3.067630 3.318911 2.744245
v -3.067444 3.318972 2.745481
v -3.066902 3.319149 2.746596
v -3.066060 3.319424 2.747480
v -3.064998 3.319772 2.748049
v -3.063821 3.320156 2.748245
v -3.068133 3.331050 2.630244
v -3.069251 3.330518 2.630440
v -3.070260 3.330037 2.631008
v -3.071061 3.329655 2.631893
v -3.071575 3.329411 2.633008
v -3.071752 3.329326 2.634244
v -3.071752 3.329326 2.744245
v -3.071575 3.329411 2.745481
v -3.071061 3.329655 2.746596
v -3.070260 3.330037 2.747480
v -3.069251 3.330518 2.748049
v -3.068133 3.331050 2.748245
v -3.073927 3.341357 2.630244
v -3.074960 3.340671 2.630440
v -3.075891 3.340053 2.631008
v -3.076631 3.339563 2.631893
v -3.077105 3.339248 2.633008
v -3.077269 3.339139 2.634244
v -3.077269 3.339139 2.744245
v -3.077105 3.339248 2.745481
v -3.076631 3.339563 2.746596
v -3.075891 3.340053 2.747480
v -3.074960 3.340671 2.748049
v -3.073927 3.341357 2.748245
v -3.081315 3.350890 2.630244
v -3.082233 3.350056 2.630440
v -3.083061 3.349305 2.631008
v -3.083719 3.348708 2.631893
v -3.084141 3.348325 2.633008
v -3.084286 3.348193 2.634244
v -3.084286 3.348193 2.744245
v -3.084141 3.348325 2.745481
v -3.083719 3.348708 2.746596
v -3.083061 3.349305 2.747480
v -3.082233 3.350056 2.748049
v -3.081315 3.350890 2.748245
v -3.090409 3.359465 2.630244
v -3.091186 3.358498 2.630440
v -3.091887 3.357626 2.631008
v -3.092443 3.356934 2.631893
v -3.092799 3.356490 2.633008
v -3.092922 3.356337 2.634244
v -3.092922 3.356337 2.744245
v -3.092799 3.356490 2.745481
v -3.092443 3.356934 2.746596
v -3.091887 3.357626 2.747480
v -3.091186 3.358498 2.748049
v -3.090409 3.359465 2.748245
v -3.101321 3.366896 2.630244
v -3.101938 3.365821 2.630440
v -3.102494 3.364851 2.631008
v -3.102936 3.364081 2.631893
v -3.103219 3.363586 2.633008
v -3.103317 3.363416 2.634244
v -3.103317 3.363416 2.744245
v -3.103219 3.363586 2.745481
v -3.102936 3.364081 2.746596
v -3.102494 3.364851 2.747480
v -3.101938 3.365821 2.748049
v -3.101321 3.366896 2.748245
v -3.114162 3.372998 2.630244
v -3.114612 3.371844 2.630440
v -3.115017 3.370802 2.631008
v -3.115339 3.369975 2.631893
v -3.115546 3.369444 2.633008
v -3.115617 3.369262 2.634244
v -3.115617 3.369262 2.744245
v -3.115546 3.369444 2.745481
v -3.115339 3.369975 2.746596
v -3.115017 3.370802 2.747480
v -3.114612 3.371844 2.748049
v -3.114162 3.372998 2.748245
v -3.129044 3.377587 2.630244
v -3.129331 3.376382 2.630440
v -3.129589 3.375294 2.631008
v -3.129795 3.374432 2.631893
v -3.129926 3.373878 2.633008
v -3.129972 3.373687 2.634244
v -3.129972 3.373687 2.744245
v -3.129926 3.373878 2.745481
v -3.129795 3.374432 2.746596
v -3.129589 3.375294 2.747480
v -3.129331 3.376382 2.748049
v -3.129044 3.377587 2.748245
v -3.146080 3.380476 2.630244
v -3.146216 3.379245 2.630440
v -3.146338 3.378135 2.631008
v -3.146435 3.377254 2.631893
v -3.146498 3.376688 2.633008
v -3.146519 3.376493 2.634244
v -3.146519 3.376493 2.744245
v -3.146498 3.376688 2.745481
v -3.146435 3.377254 2.746596
v -3.146338 3.378135 2.747480
v -3.146216 3.379245 2.748049
v -3.146080 3.380476 2.748245
v -3.165380 3.381480 2.630244
v -3.165412 3.380244 2.630440
v -3.165441 3.379129 2.631008
v -3.165464 3.378244 2.631893
v -3.165479 3.377676 2.633008
v -3.165484 3.377480 2.634244
v -3.165484 3.377480 2.744245
v -3.165479 3.377676 2.745481
v -3.165464 3.378244 2.746596
v -3.165441 3.379129 2.747480
v -3.165412 3.380244 2.748049
v -3.165380 3.381480 2.748245
v -3.271180 3.381480 2.630244
v -3.269944 3.380244 2.630440
v -3.268829 3.379129 2.631008
v -3.267944 3.378244 2.631893
v -3.267376 3.377676 2.633008
v -3.267180 3.377480 2.634244
v -3.267180 3.377480 2.744245
v -3.267376 3.377676 2.745481
v -3.267944 3.378244 2.746596
v -3.268829 3.379129 2.747480
v -3.269944 3.380244 2.748049
v -3.271180 3.381480 2.748245
v -3.271180 3.187360 2.630244
v -3.269944 3.188596 2.630440
v -3.268829 3.189711 2.631008
v -3.267944 3.190596 2.631893
v -3.267376 3.191164 2.633008
v -3.267180 3.191360 2.634244
v -3.267180 3.191360 2.744245
v -3.267376 3.191164 2.745481
v -3.267944 3.190596 2.746596
v -3.268829 3.189711 2.747480
v -3.269944 3.188596 2.748049
v -3.271180 3.187360 2.748245
v -2.886620 2.835000 2.630244
v -2.887856 2.833764 2.630440
v -2.888971 2.832649 2.631008
v -2.889856 2.831764 2.631893
v -2.890424 2.831196 2.633008
v -2.890620 2.831000 2.634244
v -2.890620 2.831000 2.744245
v -2.890424 2.831196 2.745481
v -2.889856 2.831764 2.746596
v -2.888971 2.832649 2.747480
v -2.887856 2.833764 2.748049
v -2.886620 2.835000 2.748245
v -2.886620 3.462440 2.630244
v -2.887856 3.463676 2.630440
v -2.888971 3.464791 2.631008
v -2.889856 3.465676 2.631893
v -2.890424 3.466244 2.633008
v -2.890620 3.466440 2.634244
v -2.890620 3.466440 2.744245
v -2.890424 3.466244 2.745481
v -2.889856 3.465676 2.746596
v -2.888971 3.464791 2.747480
v -2.887856 3.463676 2.748049
v -2.886620 3.462440 2.748245
v -2.796460 3.462440 2.630244
v -2.795224 3.463676 2.630440
v -2.794109 3.464791 2.631008
v -2.793224 3.465676 2.631893
v -2.792656 3.466244 2.633008
v -2.792460 3.466440 2.634244
v -2.792460 3.466440 2.744245
v -2.792656 3.466244 2.745481
v -2.793224 3.465676 2.746596
v -2.794109 3.464791 2.747480
v -2.795224 3.463676 2.748049
v -2.796460 3.462440 2.748245
v -2.796460 2.835000 2.630244
v -2.795224 2.833764 2.630440
v -2.794109 2.832649 2.631008
v -2.793224 2.831764 2.631893
v -2.792656 2.831196 2.633008
v -2.792460 2.831000 2.634244
v -2.792460 2.831000 2.744245
v -2.792656 2.831196 2.745481
v -2.793224 2.831764 2.746596
v -2.794109 2.832649 2.747480
v -2.795224 2.833764 2.748049
v -2.796460 2.835000 2.748245
v -2.686980 3.462440 2.630244
v -2.688216 3.463676 2.630440
v -2.689331 3.464791 2.631008
v -2.690216 3.465676 2.631893
v -2.690784 3.466244 2.633008
v -2.690980 3.466440 2.634244
v -2.690980 3.466440 2.744245
v -2.690784 3.466244 2.745481
v -2.690216 3.465676 2.746596
v -2.689331 3.464791 2.747480
v -2.688216 3.463676 2.748049
v -2.686980 3.462440 2.748245
v -2.146020 3.462440 2.630244
v -2.143586 3.463676 2.630440
v -2.141391 3.464791 2.631008
v -2.139648 3.465676 2.631893
v -2.138529 3.466244 2.633008
v -2.138144 3.466440 2.634244
v -2.138144 3.466440 2.744245
v -2.138529 3.466244 2.745481
v -2.139648 3.465676 2.746596
v -2.141391 3.464791 2.747480
v -2.143586 3.463676 2.748049
v -2.146020 3.462440 2.748245
v -2.545300 2.915960 2.630244
v -2.542866 2.917196 2.630440
v -2.540670 2.918311 2.631008
v -2.538928 2.919196 2.631893
v -2.537809 2.919764 2.633008
v -2.537423 2.919960 2.634244
v -2.537423 2.919960 2.744245
v -2.537809 2.919764 2.745481
v -2.538928 2.919196 2.746596
v -2.540670 2.918311 2.747480
v -2.542866 2.917196 2.748049
v -2.545300 2.915960 2.748245
v -2.146020 2.915960 2.630244
v -2.144784 2.917196 2.630440
v -2.143669 2.918311 2.631008
v -2.142784 2.919196 2.631893
v -2.142215 2.919764 2.633008
v -2.142020 2.919960 2.634244
v -2.142020 2.919960 2.744245
v -2.142215 2.919764 2.745481
v -2.142784 2.919196 2.746596
v -2.143669 2.918311 2.747480
v -2.144784 2.917196 2.748049
v -2.146020 2.915960 2.748245
v -2.146020 2.835000 2.630244
v -2.144784 2.833764 2.630440
v -2.143669 2.832649 2.631008
v -2.142784 2.831764 2.631893
v -2.142215 2.831196 2.633008
v -2.142020 2.831000 2.634244
v -2.142020 2.831000 2.744245
v -2.142215 2.831196 2.745481
v -2.142784 2.831764 2.746596
v -2.143669 2.832649 2.747480
v -2.144784 2.833764 2.748049
v -2.146020 2.835000 2.748245
v -2.711820 2.835000 2.630244
v -2.714254 2.833764 2.630440
v -2.716449 2.832649 2.631008
v -2.718192 2.831764 2.631893
v -2.719311 2.831196 2.633008
v -2.719696 2.831000 2.634244
v -2.719696 2.831000 2.744245
v -2.719311 2.831196 2.745481
v -2.718192 2.831764 2.746596
v -2.716449 2.832649 2.747480
v -2.714254 2.833764 2.748049
v -2.711820 2.835000 2.748245
v -2.312540 3.381480 2.630244
v -2.314974 3.380244 2.630440
v -2.317169 3.379129 2.631008
v -2.318912 3.378244 2.631893
v -2.320031 3.377676 2.633008
v -2.320416 3.377480 2.634244
v -2.320416 3.377480 2.744245
v -2.320031 3.377676 2.745481
v -2.318912 3.378244 2.746596
v -2.317169 3.379129 2.747480
v -2.314974 3.380244 2.748049
v -2.312540 3.381480 2.748245
v -2.686980 3.381480 2.630244
v -2.688216 3.380244 2.630440
v -2.689331 3.379129 2.631008
v -2.690216 3.378244 2.631893
v -2.690784 3.377676 2.633008
v -2.690980 3.377480 2.634244
v -2.690980 3.377480 2.744245
v -2.690784 3.377676 2.745481
v -2.690216 3.378244 2.746596
v -2.689331 3.379129 2.747480
v -2.688216 3.380244 2.748049
v -2.686980 3.381480 2.748245
v -2.092660 3.462440 2.630244
v -2.093896 3.463676 2.630440
v -2.095011 3.464791 2.631008
v -2.095896 3.465676 2.631893
v -2.096464 3.466244 2.633008
v -2.096660 3.466440 2.634244
v -2.096660 3.466440 2.744245
v -2.096464 3.466244 2.745481
v -2.095896 3.465676 2.746596
v -2.095011 3.464791 2.747480
v -2.093896 3.463676 2.748049
v -2.092660 3.462440 2.748245
v -1.551700 3.462440 2.630244
v -1.549266 3.463676 2.630440
v -1.547070 3.464791 2.631008
v -1.545327 3.465676 2.631893
v -1.544209 3.466244 2.633008
v -1.543823 3.466440 2.634244
v -1.543823 3.466440 2.744245
v -1.544209 3.466244 2.745481
v -1.545327 3.465676 2.746596
v -1.547070 3.464791 2.747480
v -1.549266 3.463676 2.748049
v -1.551700 3.462440 2.748245
v -1.950980 2.915960 2.630244
v -1.948546 2.917196 2.630440
v -1.946350 2.918311 2.631008
v -1.944607 2.919196 2.631893
v -1.943489 2.919764 2.633008
v -1.943104 2.919960 2.634244
v -1.943104 2.919960 2.744245
v -1.943489 2.919764 2.745481
v -1.944607 2.919196 2.746596
v -1.946350 2.918311 2.747480
v -1.948546 2.917196 2.748049
v -1.950980 2.915960 2.748245
v -1.551700 2.915960 2.630244
v -1.550464 2.917196 2.630440
v -1.549349 2.918311 2.631008
v -1.548464 2.919196 2.631893
v -1.547896 2.919764 2.633008
v -1.547700 2.919960 2.634244
v -1.547700 2.919960 2.744245
v -1.547896 2.919764 2.745481
v -1.548464 2.919196 2.746596
v -1.549349 2.918311 2.747480
v -1.550464 2.917196 2.748049
v -1.551700 2.915960 2.748245
v -1.551700 2.835000 2.630244
v -1.550464 2.833764 2.630440
v -1.549349 2.832649 2.631008
v -1.548464 2.831764 2.631893
v -1.547896 2.831196 2.633008
v -1.547700 2.831000 2.634244
v -1.547700 2.831000 2.744245
v -1.547896 2.831196 2.745481
v -1.548464 2.831764 2.746596
v -1.549349 2.832649 2.747480
v -1.550464 2.833764 2.748049
v -1.551700 2.835000 2.748245
v -2.117500 2.835000 2.630244
v -2.119934 2.833764 2.630440
v -2.122130 2.832649 2.631008
v -2.123872 2.831764 2.631893
v -2.124991 2.831196 2.633008
v -2.125376 2.831000 2.634244
v -2.125376 2.831000 2.744245
v -2.124991 2.831196 2.745481
v -2.123872 2.831764 2.746596
v -2.122130 2.832649 2.747480
v -2.119934 2.833764 2.748049
v -2.117500 2.835000 2.748245
v -1.718220 3.381480 2.630244
v -1.720654 3.380244 2.630440
v -1.722850 3.379129 2.631008
v -1.724592 3.378244 2.631893
v -1.725711 3.377676 2.633008
v -1.726096 3.377480 2.634244
v -1.726096 3.377480 2.744245
v -1.725711 3.377676 2.745481
v -1.724592 3.378244 2.746596
v -1.722850 3.379129 2.747480
v -1.720654 3.380244 2.748049
v -1.718220 3.381480 2.748245
v -2.092660 3.381480 2.630244
v -2.093896 3.380244 2.630440
v -2.095011 3.379129 2.631008
v -2.095896 3.378244 2.631893
v -2.096464 3.377676 2.633008
v -2.096660 3.377480 2.634244
v -2.096660 3.377480 2.744245
v -2.096464 3.377676 2.745481
v -2.095896 3.378244 2.746596
v -2.095011 3.379129 2.747480
v -2.093896 3.380244 2.748049
v -2.092660 3.381480 2.748245
v -1.016260 2.835000 2.630244
v -1.017057 2.833764 2.630440
v -1.017776 2.832649 2.631008
v -1.018348 2.831764 2.631893
v -1.018714 2.831196 2.633008
v -1.018840 2.831000 2.634244
v -1.018840 2.831000 2.744245
v -1.018714 2.831196 2.745481
v -1.018348 2.831764 2.746596
v -1.017776 2.832649 2.747480
v -1.017057 2.833764 2.748049
v -1.016260 2.835000 2.748245
v -1.099980 3.019920 2.630244
v -1.100777 3.018684 2.630440
v -1.101496 3.017569 2.631008
v -1.102067 3.016684 2.631893
v -1.102434 3.016115 2.633008
v -1.102560 3.015920 2.634244
v -1.102560 3.015920 2.744245
v -1.102434 3.016115 2.745481
v -1.102067 3.016684 2.746596
v -1.101496 3.017569 2.747480
v -1.100777 3.018684 2.748049
v -1.099980 3.019920 2.748245
v -1.366780 3.019920 2.630244
v -1.365965 3.018684 2.630440
v -1.365228 3.017569 2.631008
v -1.364645 3.016684 2.631893
v -1.364269 3.016115 2.633008
v -1.364141 3.015920 2.634244
v -1.364141 3.015920 2.744245
v -1.364269 3.016115 2.745481
v -1.364645 3.016684 2.746596
v -1.365228 3.017569 2.747480
v -1.365965 3.018684 2.748049
v -1.366780 3.019920 2.748245
v -1.445900 2.835000 2.630244
v -1.445084 2.833764 2.630440
v -1.444349 2.832649 2.631008
v -1.443765 2.831764 2.631893
v -1.443390 2.831196 2.633008
v -1.443261 2.831000 2.634244
v -1.443261 2.831000 2.744245
v -1.443390 2.831196 2.745481
v -1.443765 2.831764 2.746596
v -1.444349 2.832649 2.747480
v -1.445084 2.833764 2.748049
v -1.445900 2.835000 2.748245
v -1.537900 2.835000 2.630244
v -1.539772 2.833764 2.630440
v -1.541461 2.832649 2.631008
v -1.542801 2.831764 2.631893
v -1.543661 2.831196 2.633008
v -1.543958 2.831000 2.634244
v -1.543958 2.831000 2.744245
v -1.543661 2.831196 2.745481
v -1.542801 2.831764 2.746596
v -1.541461 2.832649 2.747480
v -1.539772 2.833764 2.748049
v -1.537900 2.835000 2.748245
v -1.268340 3.466120 2.630244
v -1.269156 3.467356 2.630440
v -1.269892 3.468471 2.631008
v -1.270477 3.469356 2.631893
v -1.270852 3.469924 2.633008
v -1.270981 3.470120 2.634244
v -1.270981 3.470120 2.744245
v -1.270852 3.469924 2.745481
v -1.270477 3.469356 2.746596
v -1.269892 3.468471 2.747480
v -1.269156 3.467356 2.748049
v -1.268340 3.466120 2.748245
v -1.204860 3.466120 2.630244
v -1.204057 3.467356 2.630440
v -1.203332 3.468471 2.631008
v -1.202758 3.469356 2.631893
v -1.202388 3.469924 2.633008
v -1.202261 3.470120 2.634244
v -1.202261 3.470120 2.744245
v -1.202388 3.469924 2.745481
v -1.202758 3.469356 2.746596
v -1.203332 3.468471 2.747480
v -1.204057 3.467356 2.748049
v -1.204860 3.466120 2.748245
v -0.924260 2.835000 2.630244
v -0.922358 2.833764 2.630440
v -0.920642 2.832649 2.631008
v -0.919279 2.831764 2.631893
v -0.918405 2.831196 2.633008
v -0.918104 2.831000 2.634244
v -0.918104 2.831000 2.744245
v -0.918405 2.831196 2.745481
v -0.919279 2.831764 2.746596
v -0.920642 2.832649 2.747480
v -0.922358 2.833764 2.748049
v -0.924260 2.835000 2.748245
v -1.136780 3.100880 2.630244
v -1.138684 3.102116 2.630440
v -1.140401 3.103231 2.631008
v -1.141763 3.104116 2.631893
v -1.142639 3.104684 2.633008
v -1.142940 3.104880 2.634244
v -1.142940 3.104880 2.744245
v -1.142639 3.104684 2.745481
v -1.141763 3.104116 2.746596
v -1.140401 3.103231 2.747480
v -1.138684 3.102116 2.748049
v -1.136780 3.100880 2.748245
v -1.237980 3.328120 2.630244
v -1.237937 3.324985 2.630440
v -1.237899 3.322157 2.631008
v -1.237868 3.319913 2.631893
v -1.237848 3.318473 2.633008
v -1.237841 3.317976 2.634244
v -1.237841 3.317976 2.744245
v -1.237848 3.318473 2.745481
v -1.237868 3.319913 2.746596
v -1.237899 3.322157 2.747480
v -1.237937 3.324985 2.748049
v -1.237980 3.328120 2.748245
v -1.331820 3.100880 2.630244
v -1.329973 3.102116 2.630440
v -1.328305 3.103231 2.631008
v -1.326983 3.104116 2.631893
v -1.326133 3.104684 2.633008
v -1.325840 3.104880 2.634244
v -1.325840 3.104880 2.744245
v -1.326133 3.104684 2.745481
v -1.326983 3.104116 2.746596
v -1.328305 3.103231 2.747480
v -1.329973 3.102116 2.748049
v -1.331820 3.100880 2.748245
v 0.368590 3.348731 2.739244
v 1.101410 3.679449 2.739244
v 1.252321 2.658064 2.739244
v 0.368590 3.348731 2.659245
v 1.101410 3.679449 2.659245
v 1.252321 2.658064 2.659245
v 0.404366 3.227006 2.749245
v 0.311000 3.356939 2.749245
v 0.404366 3.227006 2.649245
v 0.311000 3.356939 2.649245
v 1.119000 3.740522 2.749245
v 1.025633 3.870456 2.749245
v 1.119000 3.740522 2.649245
v 1.025633 3.870456 2.649245
v 0.704916 3.306195 2.734245
v 0.704916 3.306195 2.764245
v 0.736322 3.316856 2.734245
v 0.736322 3.316856 2.764245
v 0.769416 3.314687 2.734245
v 0.769416 3.314687 2.764245
v 0.799161 3.300018 2.734245
v 0.799161 3.300018 2.764245
v 0.821029 3.275083 2.734245
v 0.821029 3.275083 2.764245
v 0.831689 3.243678 2.734245
v 0.831689 3.243678 2.764245
v 0.829520 3.210583 2.734245
v 0.829520 3.210583 2.764245
v 0.814852 3.180838 2.734245
v 0.814852 3.180838 2.764245
v 0.789917 3.158971 2.734245
v 0.789917 3.158971 2.764245
v 0.758511 3.148310 2.734245
v 0.758511 3.148310 2.764245
v 0.725417 3.150479 2.734245
v 0.725417 3.150479 2.764245
v 0.695672 3.165148 2.734245
v 0.695672 3.165148 2.764245
v 0.673804 3.190083 2.734245
v 0.673804 3.190083 2.764245
v 0.663144 3.221488 2.734245
v 0.663144 3.221488 2.764245
v 0.665313 3.254583 2.734245
v 0.665313 3.254583 2.764245
v 0.679981 3.284328 2.734245
v 0.679981 3.284328 2.764245
v 0.857763 3.521458 2.734245
v 0.857763 3.521458 2.764245
v 0.889168 3.532119 2.734245
v 0.889168 3.532119 2.764245
v 0.922262 3.529950 2.734245
v 0.922262 3.529950 2.764245
v 0.952008 3.515281 2.734245
v 0.952008 3.515281 2.764245
v 0.973875 3.490346 2.734245
v 0.973875 3.490346 2.764245
v 0.984536 3.458941 2.734245
v 0.984536 3.458941 2.764245
v 0.982367 3.425847 2.734245
v 0.982367 3.425847 2.764245
v 0.967698 3.396101 2.734245
v 0.967698 3.396101 2.764245
v 0.942763 3.374234 2.734245
v 0.942763 3.374234 2.764245
v 0.911357 3.363573 2.734245
v 0.911357 3.363573 2.764245
v 0.878263 3.365742 2.734245
v 0.878263 3.365742 2.764245
v 0.848518 3.380411 2.734245
v 0.848518 3.380411 2.764245
v 0.826651 3.405346 2.734245
v 0.826651 3.405346 2.764245
v 0.815990 3.436751 2.734245
v 0.815990 3.436751 2.764245
v 0.818159 3.469846 2.734245
v 0.818159 3.469846 2.764245
v 0.832828 3.499591 2.734245
v 0.832828 3.499591 2.764245
v 0.949820 3.182009 2.734245
v 0.949820 3.182009 2.764245
v 0.981225 3.192670 2.734245
v 0.981225 3.192670 2.764245
v 1.014320 3.190501 2.734245
v 1.014320 3.190501 2.764245
v 1.044065 3.175832 2.734245
v 1.044065 3.175832 2.764245
v 1.065933 3.150897 2.734245
v 1.065933 3.150897 2.764245
v 1.076593 3.119492 2.734245
v 1.076593 3.119492 2.764245
v 1.074424 3.086398 2.734245
v 1.074424 3.086398 2.764245
v 1.059755 3.056653 2.734245
v 1.059755 3.056653 2.764245
v 1.034820 3.034785 2.734245
v 1.034820 3.034785 2.764245
v 1.003415 3.024124 2.734245
v 1.003415 3.024124 2.764245
v 0.970320 3.026294 2.734245
v 0.970320 3.026294 2.764245
v 0.940575 3.040962 2.734245
v 0.940575 3.040962 2.764245
v 0.918708 3.065897 2.734245
v 0.918708 3.065897 2.764245
v 0.908047 3.097302 2.734245
v 0.908047 3.097302 2.764245
v 0.910216 3.130397 2.734245
v 0.910216 3.130397 2.764245
v 0.924885 3.160142 2.734245
v 0.924885 3.160142 2.764245
v 0.700179 3.534400 2.734245
v 0.700179 3.534400 2.764245
v 0.731585 3.545061 2.734245
v 0.731585 3.545061 2.764245
v 0.764679 3.542892 2.734245
v 0.764679 3.542892 2.764245
v 0.794424 3.528223 2.734245
v 0.794424 3.528223 2.764245
v 0.816292 3.503288 2.734245
v 0.816292 3.503288 2.764245
v 0.826952 3.471883 2.734245
v 0.826952 3.471883 2.764245
v 0.824783 3.438788 2.734245
v 0.824783 3.438788 2.764245
v 0.810114 3.409043 2.734245
v 0.810114 3.409043 2.764245
v 0.785179 3.387176 2.734245
v 0.785179 3.387176 2.764245
v 0.753774 3.376515 2.734245
v 0.753774 3.376515 2.764245
v 0.720680 3.378684 2.734245
v 0.720680 3.378684 2.764245
v 0.690935 3.393353 2.734245
v 0.690935 3.393353 2.764245
v 0.669067 3.418288 2.734245
v 0.669067 3.418288 2.764245
v 0.658406 3.449693 2.734245
v 0.658406 3.449693 2.764245
v 0.660576 3.482788 2.734245
v 0.660576 3.482788 2.764245
v 0.675244 3.512533 2.734245
v 0.675244 3.512533 2.764245
v -4.575000 2.138644 3.605365
v -4.575000 2.180931 3.620756
v -4.575000 2.549069 2.477734
v -4.575000 2.591355 2.493124
v -3.885000 2.138644 3.605365
v -3.885000 2.180931 3.620756
v -3.885000 2.549069 2.477734
v -3.885000 2.591355 2.493124
v -4.575000 1.985000 3.609244
v -4.575000 2.165000 3.609244
v -4.575000 1.985000 3.569244
v -4.575000 2.165000 3.569244
v -3.885000 1.985000 3.609244
v -3.885000 2.165000 3.609244
v -3.885000 1.985000 3.569244
v -3.885000 2.165000 3.569244
v -3.885000 2.138644 3.605365
v -3.885000 2.180931 3.620756
v -3.885000 2.549069 2.477734
v -3.885000 2.591355 2.493124
v -3.195000 2.138644 3.605365
v -3.195000 2.180931 3.620756
v -3.195000 2.549069 2.477734
v -3.195000 2.591355 2.493124
v -3.885000 1.985000 3.609244
v -3.885000 2.165000 3.609244
v -3.885000 1.985000 3.569244
v -3.885000 2.165000 3.569244
v -3.195000 1.985000 3.609244
v -3.195000 2.165000 3.609244
v -3.195000 1.985000 3.569244
v -3.195000 2.165000 3.569244
v -3.195000 2.138644 3.605365
v -3.195000 2.180931 3.620756
v -3.195000 2.549069 2.477734
v -3.195000 2.591355 2.493124
v -2.505000 2.138644 3.605365
v -2.505000 2.180931 3.620756
v -2.505000 2.549069 2.477734
v -2.505000 2.591355 2.493124
v -3.195000 1.985000 3.609244
v -3.195000 2.165000 3.609244
v -3.195000 1.985000 3.569244
v -3.195000 2.165000 3.569244
v -2.505000 1.985000 3.609244
v -2.505000 2.165000 3.609244
v -2.505000 1.985000 3.569244
v -2.505000 2.165000 3.569244
v -2.505000 2.138644 3.605365
v -2.505000 2.180931 3.620756
v -2.505000 2.549069 2.477734
v -2.505000 2.591355 2.493124
v -1.815000 2.138644 3.605365
v -1.815000 2.180931 3.620756
v -1.815000 2.549069 2.477734
v -1.815000 2.591355 2.493124
v -2.505000 1.985000 3.609244
v -2.505000 2.165000 3.609244
v -2.505000 1.985000 3.569244
v -2.505000 2.165000 3.569244
v -1.815000 1.985000 3.609244
v -1.815000 2.165000 3.609244
v -1.815000 1.985000 3.569244
v -1.815000 2.165000 3.569244
v -1.815000 2.138644 3.605365
v -1.815000 2.180931 3.620756
v -1.815000 2.549069 2.477734
v -1.815000 2.591355 2.493124
v -1.125000 2.138644 3.605365
v -1.125000 2.180931 3.620756
v -1.125000 2.549069 2.477734
v -1.125000 2.591355 2.493124
v -1.815000 1.985000 3.609244
v -1.815000 2.165000 3.609244
v -1.815000 1.985000 3.569244
v -1.815000 2.165000 3.569244
v -1.125000 1.985000 3.609244
v -1.125000 2.165000 3.609244
v -1.125000 1.985000 3.569244
v -1.125000 2.165000 3.569244
v -1.125000 2.138644 3.605365
v -1.125000 2.180931 3.620756
v -1.125000 2.549069 2.477734
v -1.125000 2.591355 2.493124
v -0.435000 2.138644 3.605365
v -0.435000 2.180931 3.620756
v -0.435000 2.549069 2.477734
v -0.435000 2.591355 2.493124
v -1.125000 1.985000 3.609244
v -1.125000 2.165000 3.609244
v -1.125000 1.985000 3.569244
v -1.125000 2.165000 3.569244
v -0.435000 1.985000 3.609244
v -0.435000 2.165000 3.609244
v -0.435000 1.985000 3.569244
v -0.435000 2.165000 3.569244
v -0.435000 2.138644 3.605365
v -0.435000 2.180931 3.620756
v -0.435000 2.549069 2.477734
v -0.435000 2.591355 2.493124
v 0.255000 2.138644 3.605365
v 0.255000 2.180931 3.620756
v 0.255000 2.549069 2.477734
v 0.255000 2.591355 2.493124
v -0.435000 1.985000 3.609244
v -0.435000 2.165000 3.609244
v -0.435000 1.985000 3.569244
v -0.435000 2.165000 3.569244
v 0.255000 1.985000 3.609244
v 0.255000 2.165000 3.609244
v 0.255000 1.985000 3.569244
v 0.255000 2.165000 3.569244
v 0.229001 1.764058 3.338999
v 0.226668 1.794168 3.372359
v 0.285012 2.655831 2.537998
v 0.282680 2.685942 2.571358
v 0.917320 1.764058 3.387131
v 0.914988 1.794168 3.420491
v 0.973332 2.655831 2.586130
v 0.970999 2.685942 2.619490
v 0.255000 1.985000 3.609244
v 0.255000 2.165000 3.609244
v 0.255000 1.985000 3.569244
v 0.255000 2.165000 3.569244
v 0.945000 1.985000 3.609244
v 0.945000 2.165000 3.609244
v 0.945000 1.985000 3.569244
v 0.945000 2.165000 3.569244
v 0.945000 2.138644 3.605365
v 0.945000 2.180931 3.620756
v 0.945000 2.549069 2.477734
v 0.945000 2.591355 2.493124
v 1.635000 2.138644 3.605365
v 1.635000 2.180931 3.620756
v 1.635000 2.549069 2.477734
v 1.635000 2.591355 2.493124
v 0.945000 1.985000 3.609244
v 0.945000 2.165000 3.609244
v 0.945000 1.985000 3.569244
v 0.945000 2.165000 3.569244
v 1.635000 1.985000 3.609244
v 1.635000 2.165000 3.609244
v 1.635000 1.985000 3.569244
v 1.635000 2.165000 3.569244
v 1.635000 2.138644 3.605365
v 1.635000 2.180931 3.620756
v 1.635000 2.549069 2.477734
v 1.635000 2.591355 2.493124
v 2.325000 2.138644 3.605365
v 2.325000 2.180931 3.620756
v 2.325000 2.549069 2.477734
v 2.325000 2.591355 2.493124
v 1.635000 1.985000 3.609244
v 1.635000 2.165000 3.609244
v 1.635000 1.985000 3.569244
v 1.635000 2.165000 3.569244
v 2.325000 1.985000 3.609244
v 2.325000 2.165000 3.609244
v 2.325000 1.985000 3.569244
v 2.325000 2.165000 3.569244
v -4.425000 1.005000 2.584244
v -4.425000 2.605000 2.584244
v -4.425000 1.005000 2.534245
v -4.425000 2.605000 2.534245
v -1.825000 1.005000 2.584244
v -1.825000 2.605000 2.584244
v -1.825000 1.005000 2.534245
v -1.825000 2.605000 2.534245
v -4.475000 2.585000 2.624244
v -4.475000 2.655000 2.624244
v -4.475000 2.585000 2.554245
v -4.475000 2.655000 2.554245
v -1.775000 2.585000 2.624244
v -1.775000 2.655000 2.624244
v -1.775000 2.585000 2.554245
v -1.775000 2.655000 2.554245
v -4.475000 0.955000 2.624244
v -4.475000 1.025000 2.624244
v -4.475000 0.955000 2.554245
v -4.475000 1.025000 2.554245
v -1.775000 0.955000 2.624244
v -1.775000 1.025000 2.624244
v -1.775000 0.955000 2.554245
v -1.775000 1.025000 2.554245
v -4.475000 0.955000 2.624244
v -4.475000 2.655000 2.624244
v -4.475000 0.955000 2.554245
v -4.475000 2.655000 2.554245
v -4.405000 0.955000 2.624244
v -4.405000 2.655000 2.624244
v -4.405000 0.955000 2.554245
v -4.405000 2.655000 2.554245
v -1.845000 0.955000 2.624244
v -1.845000 2.655000 2.624244
v -1.845000 0.955000 2.554245
v -1.845000 2.655000 2.554245
v -1.775000 0.955000 2.624244
v -1.775000 2.655000 2.624244
v -1.775000 0.955000 2.554245
v -1.775000 2.655000 2.554245
v -3.600000 1.005000 2.609244
v -3.600000 2.605000 2.609244
v -3.600000 1.005000 2.549244
v -3.600000 2.605000 2.549244
v -3.550000 1.005000 2.609244
v -3.550000 2.605000 2.609244
v -3.550000 1.005000 2.549244
v -3.550000 2.605000 2.549244
v -2.700000 1.005000 2.609244
v -2.700000 2.605000 2.609244
v -2.700000 1.005000 2.549244
v -2.700000 2.605000 2.549244
v -2.650000 1.005000 2.609244
v -2.650000 2.605000 2.609244
v -2.650000 1.005000 2.549244
v -2.650000 2.605000 2.549244
v 0.275000 1.005000 2.584244
v 0.275000 2.605000 2.584244
v 0.275000 1.005000 2.534245
v 0.275000 2.605000 2.534245
v 1.674999 1.005000 2.584244
v 1.674999 2.605000 2.584244
v 1.674999 1.005000 2.534245
v 1.674999 2.605000 2.534245
v 0.225000 2.585000 2.624244
v 0.225000 2.655000 2.624244
v 0.225000 2.585000 2.554245
v 0.225000 2.655000 2.554245
v 1.725000 2.585000 2.624244
v 1.725000 2.655000 2.624244
v 1.725000 2.585000 2.554245
v 1.725000 2.655000 2.554245
v 0.225000 0.955000 2.624244
v 0.225000 1.025000 2.624244
v 0.225000 0.955000 2.554245
v 0.225000 1.025000 2.554245
v 1.725000 0.955000 2.624244
v 1.725000 1.025000 2.624244
v 1.725000 0.955000 2.554245
v 1.725000 1.025000 2.554245
v 0.225000 0.955000 2.624244
v 0.225000 2.655000 2.624244
v 0.225000 0.955000 2.554245
v 0.225000 2.655000 2.554245
v 0.295000 0.955000 2.624244
v 0.295000 2.655000 2.624244
v 0.295000 0.955000 2.554245
v 0.295000 2.655000 2.554245
v 1.655000 0.955000 2.624244
v 1.655000 2.655000 2.624244
v 1.655000 0.955000 2.554245
v 1.655000 2.655000 2.554245
v 1.725000 0.955000 2.624244
v 1.725000 2.655000 2.624244
v 1.725000 0.955000 2.554245
v 1.725000 2.655000 2.554245
v 0.950000 1.005000 2.609244
v 0.950000 2.605000 2.609244
v 0.950000 1.005000 2.549244
v 0.950000 2.605000 2.549244
v 1.000000 1.005000 2.609244
v 1.000000 2.605000 2.609244
v 1.000000 1.005000 2.549244
v 1.000000 2.605000 2.549244
v -1.525000 0.055000 2.584244
v -1.525000 2.255000 2.584244
v -1.525000 0.055000 2.534245
v -1.525000 2.255000 2.534245
v -0.525000 0.055000 2.584244
v -0.525000 2.255000 2.584244
v -0.525000 0.055000 2.534245
v -0.525000 2.255000 2.534245
v -1.605000 0.010000 2.629244
v -1.605000 2.360000 2.629244
v -1.605000 0.010000 2.549244
v -1.605000 2.360000 2.549244
v -1.525000 0.010000 2.629244
v -1.525000 2.360000 2.629244
v -1.525000 0.010000 2.549244
v -1.525000 2.360000 2.549244
v -0.525000 0.010000 2.629244
v -0.525000 2.360000 2.629244
v -0.525000 0.010000 2.549244
v -0.525000 2.360000 2.549244
v -0.445000 0.010000 2.629244
v -0.445000 2.360000 2.629244
v -0.445000 0.010000 2.549244
v -0.445000 2.360000 2.549244
v -1.605000 2.285000 2.629244
v -1.605000 2.365000 2.629244
v -1.605000 2.285000 2.549244
v -1.605000 2.365000 2.549244
v -0.445000 2.285000 2.629244
v -0.445000 2.365000 2.629244
v -0.445000 2.285000 2.549244
v -0.445000 2.365000 2.549244
v -1.605000 2.365000 2.629244
v -1.605000 2.485000 2.629244
v -1.605000 2.365000 2.549244
v -1.605000 2.485000 2.549244
v -0.445000 2.365000 2.629244
v -0.445000 2.485000 2.629244
v -0.445000 2.365000 2.549244
v -0.445000 2.485000 2.549244
v -0.700000 0.855000 2.654244
v -0.700000 1.555000 2.654244
v -0.700000 0.855000 2.604244
v -0.700000 1.555000 2.604244
v -0.650000 0.855000 2.654244
v -0.650000 1.555000 2.654244
v -0.650000 0.855000 2.604244
v -0.650000 1.555000 2.604244
v -1.525000 0.039999 2.604244
v -1.525000 0.290000 2.604244
v -1.525000 0.039999 2.574244
v -1.525000 0.290000 2.574244
v -0.525000 0.039999 2.604244
v -0.525000 0.290000 2.604244
v -0.525000 0.039999 2.574244
v -0.525000 0.290000 2.574244
v -0.985000 1.505000 2.609244
v -0.985000 1.905000 2.609244
v -0.985000 1.505000 2.589244
v -0.985000 1.905000 2.589244
v -0.705000 1.505000 2.609244
v -0.705000 1.905000 2.609244
v -0.705000 1.505000 2.589244
v -0.705000 1.905000 2.589244
v -0.985000 1.815000 2.611244
v -0.985000 1.915000 2.611244
v -0.985000 1.815000 2.589244
v -0.985000 1.915000 2.589244
v -0.705000 1.815000 2.611244
v -0.705000 1.915000 2.611244
v -0.705000 1.815000 2.589244
v -0.705000 1.915000 2.589244
v -1.775000 0.005000 3.084244
v -1.775000 0.165000 3.084244
v -1.775000 0.005000 2.534245
v -1.775000 0.165000 2.534245
v -0.275000 0.005000 3.084244
v -0.275000 0.165000 3.084244
v -0.275000 0.005000 2.534245
v -0.275000 0.165000 2.534245
v 2.879999 2.630000 1.329244
v 2.879999 2.680000 1.329244
v 2.879999 2.630000 0.729244
v 2.879999 2.680000 0.729244
v 3.229999 2.630000 1.329244
v 3.229999 2.680000 1.329244
v 3.229999 2.630000 0.729244
v 3.229999 2.680000 0.729244
v 3.315000 2.785000 1.029244
v 3.325000 2.787679 1.029244
v 3.332320 2.795000 1.029244
v 3.335000 2.805000 1.029244
v 3.332320 2.815000 1.029244
v 3.325000 2.822320 1.029244
v 3.315000 2.825000 1.029244
v 3.305000 2.822320 1.029244
v 3.297679 2.815000 1.029244
v 3.295000 2.805000 1.029244
v 3.297679 2.795000 1.029244
v 3.305000 2.787679 1.029244
v 3.315000 2.786882 1.000529
v 3.325000 2.789539 1.000878
v 3.332320 2.796796 1.001834
v 3.335000 2.806711 1.003139
v 3.332320 2.816625 1.004444
v 3.325000 2.823883 1.005400
v 3.315000 2.826540 1.005750
v 3.305000 2.823883 1.005400
v 3.297679 2.816625 1.004444
v 3.295000 2.806711 1.003139
v 3.297679 2.796796 1.001834
v 3.305000 2.789539 1.000878
v 3.315000 2.792496 0.972304
v 3.325000 2.795084 0.972998
v 3.332320 2.802155 0.974892
v 3.335000 2.811815 0.977481
v 3.332320 2.821474 0.980069
v 3.325000 2.828545 0.981964
v 3.315000 2.831133 0.982657
v 3.305000 2.828545 0.981964
v 3.297679 2.821474 0.980069
v 3.295000 2.811815 0.977481
v 3.297679 2.802155 0.974892
v 3.305000 2.795084 0.972998
v 3.315000 2.801746 0.945054
v 3.325000 2.804222 0.946079
v 3.332320 2.810985 0.948881
v 3.335000 2.820224 0.952708
v 3.332320 2.829463 0.956535
v 3.325000 2.836226 0.959336
v 3.315000 2.838701 0.960361
v 3.305000 2.836226 0.959336
v 3.297679 2.829463 0.956535
v 3.295000 2.820224 0.952708
v 3.297679 2.810985 0.948881
v 3.305000 2.804222 0.946079
v 3.315000 2.814474 0.919244
v 3.325000 2.816795 0.920584
v 3.332320 2.823135 0.924244
v 3.335000 2.831795 0.929244
v 3.332320 2.840455 0.934244
v 3.325000 2.846795 0.937905
v 3.315000 2.849115 0.939244
v 3.305000 2.846795 0.937905
v 3.297679 2.840455 0.934244
v 3.295000 2.831795 0.929244
v 3.297679 2.823135 0.924244
v 3.305000 2.816795 0.920584
v 3.315000 2.830462 0.895317
v 3.325000 2.832588 0.896948
v 3.332320 2.838396 0.901405
v 3.335000 2.846329 0.907492
v 3.332320 2.854263 0.913580
v 3.325000 2.860070 0.918036
v 3.315000 2.862196 0.919667
v 3.305000 2.860070 0.918036
v 3.297679 2.854263 0.913580
v 3.295000 2.846329 0.907492
v 3.297679 2.838396 0.901405
v 3.305000 2.832588 0.896948
v 3.315000 2.849437 0.873681
v 3.325000 2.851331 0.875576
v 3.332320 2.856508 0.880752
v 3.335000 2.863579 0.887823
v 3.332320 2.870650 0.894894
v 3.325000 2.875826 0.900071
v 3.315000 2.877721 0.901965
v 3.305000 2.875826 0.900071
v 3.297679 2.870650 0.894894
v 3.295000 2.863579 0.887823
v 3.297679 2.856508 0.880752
v 3.305000 2.851331 0.875576
v 3.315000 2.871072 0.854707
v 3.325000 2.872704 0.856833
v 3.332320 2.877160 0.862640
v 3.335000 2.883248 0.870574
v 3.332320 2.889335 0.878507
v 3.325000 2.893792 0.884315
v 3.315000 2.895423 0.886441
v 3.305000 2.893792 0.884315
v 3.297679 2.889335 0.878507
v 3.295000 2.883248 0.870574
v 3.297679 2.877160 0.862640
v 3.305000 2.872704 0.856833
v 3.315000 2.895000 0.838719
v 3.325000 2.896340 0.841039
v 3.332320 2.900000 0.847379
v 3.335000 2.905000 0.856039
v 3.332320 2.910000 0.864700
v 3.325000 2.913660 0.871039
v 3.315000 2.915000 0.873360
v 3.305000 2.913660 0.871039
v 3.297679 2.910000 0.864700
v 3.295000 2.905000 0.856039
v 3.297679 2.900000 0.847379
v 3.305000 2.896340 0.841039
v 3.315000 2.920810 0.825991
v 3.325000 2.921835 0.828466
v 3.332320 2.924636 0.835230
v 3.335000 2.928463 0.844469
v 3.332320 2.932290 0.853707
v 3.325000 2.935091 0.860471
v 3.315000 2.936117 0.862946
v 3.305000 2.935091 0.860471
v 3.297679 2.932290 0.853707
v 3.295000 2.928463 0.844469
v 3.297679 2.924636 0.835230
v 3.305000 2.921835 0.828466
v 3.315000 2.948060 0.816741
v 3.325000 2.948753 0.819329
v 3.332320 2.950648 0.826400
v 3.335000 2.953236 0.836059
v 3.332320 2.955824 0.845719
v 3.325000 2.957719 0.852790
v 3.315000 2.958412 0.855378
v 3.305000 2.957719 0.852790
v 3.297679 2.955824 0.845719
v 3.295000 2.953236 0.836059
v 3.297679 2.950648 0.826400
v 3.305000 2.948753 0.819329
v 3.315000 2.976284 0.811126
v 3.325000 2.976634 0.813783
v 3.332320 2.977589 0.821041
v 3.335000 2.978895 0.830956
v 3.332320 2.980200 0.840870
v 3.325000 2.981155 0.848128
v 3.315000 2.981505 0.850784
v 3.305000 2.981155 0.848128
v 3.297679 2.980200 0.840870
v 3.295000 2.978895 0.830956
v 3.297679 2.977589 0.821041
v 3.305000 2.976634 0.813783
v 3.315000 3.005000 0.809244
v 3.325000 3.005000 0.811924
v 3.332320 3.005000 0.819244
v 3.335000 3.005000 0.829244
v 3.332320 3.005000 0.839244
v 3.325000 3.005000 0.846565
v 3.315000 3.005000 0.849244
v 3.305000 3.005000 0.846565
v 3.297679 3.005000 0.839244
v 3.295000 3.005000 0.829244
v 3.297679 3.005000 0.819244
v 3.305000 3.005000 0.811924
v 3.315000 3.033716 0.811127
v 3.325000 3.033366 0.813783
v 3.332320 3.032410 0.821041
v 3.335000 3.031105 0.830956
v 3.332320 3.029800 0.840870
v 3.325000 3.028844 0.848128
v 3.315000 3.028495 0.850784
v 3.305000 3.028844 0.848128
v 3.297679 3.029800 0.840870
v 3.295000 3.031105 0.830956
v 3.297679 3.032410 0.821041
v 3.305000 3.033366 0.813783
v 3.315000 3.061940 0.816741
v 3.325000 3.061247 0.819329
v 3.332320 3.059352 0.826400
v 3.335000 3.056764 0.836059
v 3.332320 3.054175 0.845719
v 3.325000 3.052281 0.852790
v 3.315000 3.051587 0.855378
v 3.305000 3.052281 0.852790
v 3.297679 3.054175 0.845719
v 3.295000 3.056764 0.836059
v 3.297679 3.059352 0.826400
v 3.305000 3.061247 0.819329
v 3.315000 3.089190 0.825991
v 3.325000 3.088165 0.828466
v 3.332320 3.085363 0.835230
v 3.335000 3.081537 0.844468
v 3.332320 3.077710 0.853707
v 3.325000 3.074908 0.860471
v 3.315000 3.073883 0.862946
v 3.305000 3.074908 0.860471
v 3.297679 3.077710 0.853707
v 3.295000 3.081537 0.844468
v 3.297679 3.085363 0.835230
v 3.305000 3.088165 0.828466
v 3.315000 3.115000 0.838719
v 3.325000 3.113660 0.841039
v 3.332320 3.110000 0.847379
v 3.335000 3.105000 0.856039
v 3.332320 3.100000 0.864700
v 3.325000 3.096340 0.871039
v 3.315000 3.095000 0.873360
v 3.305000 3.096340 0.871039
v 3.297679 3.100000 0.864700
v 3.295000 3.105000 0.856039
v 3.297679 3.110000 0.847379
v 3.305000 3.113660 0.841039
v 3.315000 3.138927 0.854707
v 3.325000 3.137296 0.856833
v 3.332320 3.132840 0.862640
v 3.335000 3.126752 0.870574
v 3.332320 3.120665 0.878507
v 3.325000 3.116208 0.884315
v 3.315000 3.114577 0.886441
v 3.305000 3.116208 0.884315
v 3.297679 3.120665 0.878507
v 3.295000 3.126752 0.870574
v 3.297679 3.132840 0.862640
v 3.305000 3.137296 0.856833
v 3.315000 3.160563 0.873681
v 3.325000 3.158669 0.875576
v 3.332320 3.153492 0.880752
v 3.335000 3.146421 0.887823
v 3.332320 3.139350 0.894894
v 3.325000 3.134174 0.900071
v 3.315000 3.132279 0.901965
v 3.305000 3.134174 0.900071
v 3.297679 3.139350 0.894894
v 3.295000 3.146421 0.887823
v 3.297679 3.153492 0.880752
v 3.305000 3.158669 0.875576
v 3.315000 3.179538 0.895317
v 3.325000 3.177412 0.896948
v 3.332320 3.171604 0.901405
v 3.335000 3.163671 0.907492
v 3.332320 3.155737 0.913580
v 3.325000 3.149929 0.918036
v 3.315000 3.147804 0.919667
v 3.305000 3.149929 0.918036
v 3.297679 3.155737 0.913580
v 3.295000 3.163671 0.907492
v 3.297679 3.171604 0.901405
v 3.305000 3.177412 0.896948
v 3.315000 3.195525 0.919244
v 3.325000 3.193205 0.920584
v 3.332320 3.186865 0.924244
v 3.335000 3.178205 0.929244
v 3.332320 3.169545 0.934244
v 3.325000 3.163205 0.937905
v 3.315000 3.160884 0.939244
v 3.305000 3.163205 0.937905
v 3.297679 3.169545 0.934244
v 3.295000 3.178205 0.929244
v 3.297679 3.186865 0.924244
v 3.305000 3.193205 0.920584
v 3.315000 3.208253 0.945054
v 3.325000 3.205778 0.946079
v 3.332320 3.199015 0.948881
v 3.335000 3.189776 0.952708
v 3.332320 3.180537 0.956535
v 3.325000 3.173774 0.959336
v 3.315000 3.171298 0.960361
v 3.305000 3.173774 0.959336
v 3.297679 3.180537 0.956535
v 3.295000 3.189776 0.952708
v 3.297679 3.199015 0.948881
v 3.305000 3.205778 0.946079
v 3.315000 3.217504 0.972304
v 3.325000 3.214915 0.972998
v 3.332320 3.207844 0.974892
v 3.335000 3.198185 0.977481
v 3.332320 3.188526 0.980069
v 3.325000 3.181455 0.981964
v 3.315000 3.178867 0.982657
v 3.305000 3.181455 0.981964
v 3.297679 3.188526 0.980069
v 3.295000 3.198185 0.977481
v 3.297679 3.207844 0.974892
v 3.305000 3.214915 0.972998
v 3.315000 3.223118 1.000529
v 3.325000 3.220461 1.000878
v 3.332320 3.213203 1.001834
v 3.335000 3.203289 1.003139
v 3.332320 3.193374 1.004444
v 3.325000 3.186116 1.005400
v 3.315000 3.183460 1.005750
v 3.305000 3.186116 1.005400
v 3.297679 3.193374 1.004444
v 3.295000 3.203289 1.003139
v 3.297679 3.213203 1.001834
v 3.305000 3.220461 1.000878
v 3.315000 3.225000 1.029244
v 3.325000 3.222320 1.029244
v 3.332320 3.215000 1.029244
v 3.335000 3.205000 1.029244
v 3.332320 3.195000 1.029244
v 3.325000 3.187679 1.029244
v 3.315000 3.185000 1.029244
v 3.305000 3.187679 1.029244
v 3.297679 3.195000 1.029244
v 3.295000 3.205000 1.029244
v 3.297679 3.215000 1.029244
v 3.305000 3.222320 1.029244
v 3.315000 3.223118 1.057960
v 3.325000 3.220461 1.057611
v 3.332320 3.213203 1.056655
v 3.335000 3.203289 1.055350
v 3.332320 3.193374 1.054044
v 3.325000 3.186116 1.053089
v 3.315000 3.183460 1.052739
v 3.305000 3.186116 1.053089
v 3.297679 3.193374 1.054044
v 3.295000 3.203289 1.055350
v 3.297679 3.213203 1.056655
v 3.305000 3.220461 1.057611
v 3.315000 3.217504 1.086185
v 3.325000 3.214915 1.085491
v 3.332320 3.207844 1.083596
v 3.335000 3.198185 1.081008
v 3.332320 3.188526 1.078420
v 3.325000 3.181455 1.076525
v 3.315000 3.178867 1.075832
v 3.305000 3.181455 1.076525
v 3.297679 3.188526 1.078420
v 3.295000 3.198185 1.081008
v 3.297679 3.207844 1.083596
v 3.305000 3.214915 1.085491
v 3.315000 3.208253 1.113435
v 3.325000 3.205778 1.112409
v 3.332320 3.199015 1.109608
v 3.335000 3.189776 1.105781
v 3.332320 3.180537 1.101954
v 3.325000 3.173774 1.099153
v 3.315000 3.171298 1.098127
v 3.305000 3.173774 1.099153
v 3.297679 3.180537 1.101954
v 3.295000 3.189776 1.105781
v 3.297679 3.199015 1.109608
v 3.305000 3.205778 1.112409
v 3.315000 3.195525 1.139244
v 3.325000 3.193205 1.137905
v 3.332320 3.186865 1.134244
v 3.335000 3.178205 1.129244
v 3.332320 3.169545 1.124244
v 3.325000 3.163205 1.120584
v 3.315000 3.160884 1.119244
v 3.305000 3.163205 1.120584
v 3.297679 3.169545 1.124244
v 3.295000 3.178205 1.129244
v 3.297679 3.186865 1.134244
v 3.305000 3.193205 1.137905
v 3.315000 3.179538 1.163172
v 3.325000 3.177412 1.161541
v 3.332320 3.171604 1.157084
v 3.335000 3.163671 1.150997
v 3.332320 3.155737 1.144909
v 3.325000 3.149929 1.140453
v 3.315000 3.147804 1.138821
v 3.305000 3.149929 1.140453
v 3.297679 3.155737 1.144909
v 3.295000 3.163671 1.150997
v 3.297679 3.171604 1.157084
v 3.305000 3.177412 1.161541
v 3.315000 3.160563 1.184808
v 3.325000 3.158669 1.182913
v 3.332320 3.153492 1.177737
v 3.335000 3.146421 1.170666
v 3.332320 3.139350 1.163595
v 3.325000 3.134174 1.158418
v 3.315000 3.132279 1.156524
v 3.305000 3.134174 1.158418
v 3.297679 3.139350 1.163595
v 3.295000 3.146421 1.170666
v 3.297679 3.153492 1.177737
v 3.305000 3.158669 1.182913
v 3.315000 3.138927 1.203782
v 3.325000 3.137296 1.201656
v 3.332320 3.132840 1.195849
v 3.335000 3.126752 1.187915
v 3.332320 3.120665 1.179981
v 3.325000 3.116208 1.174174
v 3.315000 3.114577 1.172048
v 3.305000 3.116208 1.174174
v 3.297679 3.120665 1.179981
v 3.295000 3.126752 1.187915
v 3.297679 3.132840 1.195849
v 3.305000 3.137296 1.201656
v 3.315000 3.115000 1.219770
v 3.325000 3.113660 1.217450
v 3.332320 3.110000 1.211110
v 3.335000 3.105000 1.202450
v 3.332320 3.100000 1.193789
v 3.325000 3.096340 1.187449
v 3.315000 3.095000 1.185129
v 3.305000 3.096340 1.187449
v 3.297679 3.100000 1.193789
v 3.295000 3.105000 1.202450
v 3.297679 3.110000 1.211110
v 3.305000 3.113660 1.217450
v 3.315000 3.089190 1.232498
v 3.325000 3.088165 1.230022
v 3.332320 3.085363 1.223259
v 3.335000 3.081537 1.214020
v 3.332320 3.077710 1.204782
v 3.325000 3.074908 1.198018
v 3.315000 3.073883 1.195543
v 3.305000 3.074908 1.198018
v 3.297679 3.077710 1.204782
v 3.295000 3.081537 1.214020
v 3.297679 3.085363 1.223259
v 3.305000 3.088165 1.230022
v 3.315000 3.061940 1.241748
v 3.325000 3.061247 1.239160
v 3.332320 3.059352 1.232089
v 3.335000 3.056764 1.222430
v 3.332320 3.054176 1.212770
v 3.325000 3.052281 1.205699
v 3.315000 3.051587 1.203111
v 3.305000 3.052281 1.205699
v 3.297679 3.054176 1.212770
v 3.295000 3.056764 1.222430
v 3.297679 3.059352 1.232089
v 3.305000 3.061247 1.239160
v 3.315000 3.033716 1.247362
v 3.325000 3.033366 1.244706
v 3.332320 3.032411 1.237448
v 3.335000 3.031105 1.227533
v 3.332320 3.029800 1.217619
v 3.325000 3.028844 1.210361
v 3.315000 3.028495 1.207705
v 3.305000 3.028844 1.210361
v 3.297679 3.029800 1.217619
v 3.295000 3.031105 1.227533
v 3.297679 3.032410 1.237448
v 3.305000 3.033366 1.244706
v 3.315000 3.005000 1.249244
v 3.325000 3.005000 1.246565
v 3.332320 3.005000 1.239244
v 3.335000 3.005000 1.229244
v 3.332320 3.005000 1.219244
v 3.325000 3.005000 1.211924
v 3.315000 3.005000 1.209244
v 3.305000 3.005000 1.211924
v 3.297679 3.005000 1.219244
v 3.295000 3.005000 1.229244
v 3.297679 3.005000 1.239244
v 3.305000 3.005000 1.246565
v 3.315000 2.976284 1.247362
v 3.325000 2.976634 1.244706
v 3.332320 2.977589 1.237448
v 3.335000 2.978895 1.227533
v 3.332320 2.980200 1.217619
v 3.325000 2.981155 1.210361
v 3.315000 2.981505 1.207705
v 3.305000 2.981155 1.210361
v 3.297679 2.980200 1.217619
v 3.295000 2.978895 1.227533
v 3.297679 2.977589 1.237448
v 3.305000 2.976634 1.244706
v 3.315000 2.948060 1.241748
v 3.325000 2.948753 1.239160
v 3.332320 2.950648 1.232089
v 3.335000 2.953236 1.222430
v 3.332320 2.955824 1.212770
v 3.325000 2.957719 1.205699
v 3.315000 2.958412 1.203111
v 3.305000 2.957719 1.205699
v 3.297679 2.955824 1.212770
v 3.295000 2.953236 1.222430
v 3.297679 2.950648 1.232089
v 3.305000 2.948753 1.239160
v 3.315000 2.920810 1.232498
v 3.325000 2.921835 1.230022
v 3.332320 2.924636 1.223259
v 3.335000 2.928463 1.214020
v 3.332320 2.932290 1.204782
v 3.325000 2.935091 1.198018
v 3.315000 2.936117 1.195543
v 3.305000 2.935091 1.198018
v 3.297679 2.932290 1.204782
v 3.295000 2.928463 1.214020
v 3.297679 2.924636 1.223259
v 3.305000 2.921835 1.230022
v 3.315000 2.895000 1.219770
v 3.325000 2.896340 1.217450
v 3.332320 2.900000 1.211110
v 3.335000 2.905000 1.202450
v 3.332320 2.910000 1.193789
v 3.325000 2.913660 1.187449
v 3.315000 2.915000 1.185129
v 3.305000 2.913660 1.187449
v 3.297679 2.910000 1.193789
v 3.295000 2.905000 1.202450
v 3.297679 2.900000 1.211110
v 3.305000 2.896340 1.217450
v 3.315000 2.871073 1.203782
v 3.325000 2.872704 1.201656
v 3.332320 2.877160 1.195849
v 3.335000 2.883248 1.187915
v 3.332320 2.889335 1.179982
v 3.325000 2.893792 1.174174
v 3.315000 2.895423 1.172048
v 3.305000 2.893792 1.174174
v 3.297679 2.889335 1.179982
v 3.295000 2.883248 1.187915
v 3.297679 2.877160 1.195849
v 3.305000 2.872704 1.201656
v 3.315000 2.849437 1.184808
v 3.325000 2.851331 1.182913
v 3.332320 2.856508 1.177737
v 3.335000 2.863579 1.170666
v 3.332320 2.870650 1.163595
v 3.325000 2.875826 1.158418
v 3.315000 2.877721 1.156524
v 3.305000 2.875826 1.158418
v 3.297679 2.870650 1.163595
v 3.295000 2.863579 1.170666
v 3.297679 2.856508 1.177737
v 3.305000 2.851331 1.182913
v 3.315000 2.830462 1.163172
v 3.325000 2.832588 1.161541
v 3.332320 2.838396 1.157084
v 3.335000 2.846329 1.150997
v 3.332320 2.854263 1.144909
v 3.325000 2.860070 1.140453
v 3.315000 2.862196 1.138821
v 3.305000 2.860070 1.140453
v 3.297679 2.854263 1.144909
v 3.295000 2.846329 1.150997
v 3.297679 2.838396 1.157084
v 3.305000 2.832588 1.161541
v 3.315000 2.814474 1.139244
v 3.325000 2.816795 1.137905
v 3.332320 2.823135 1.134244
v 3.335000 2.831795 1.129244
v 3.332320 2.840455 1.124244
v 3.325000 2.846795 1.120584
v 3.315000 2.849115 1.119244
v 3.305000 2.846795 1.120584
v 3.297679 2.840455 1.124244
v 3.295000 2.831795 1.129244
v 3.297679 2.823135 1.134244
v 3.305000 2.816795 1.137905
v 3.315000 2.801746 1.113435
v 3.325000 2.804222 1.112409
v 3.332320 2.810985 1.109608
v 3.335000 2.820224 1.105781
v 3.332320 2.829463 1.101954
v 3.325000 2.836226 1.099153
v 3.315000 2.838701 1.098127
v 3.305000 2.836226 1.099153
v 3.297679 2.829463 1.101954
v 3.295000 2.820224 1.105781
v 3.297679 2.810985 1.109608
v 3.305000 2.804222 1.112409
v 3.315000 2.792496 1.086185
v 3.325000 2.795084 1.085491
v 3.332320 2.802155 1.083596
v 3.335000 2.811815 1.081008
v 3.332320 2.821474 1.078420
v 3.325000 2.828545 1.076525
v 3.315000 2.831133 1.075832
v 3.305000 2.828545 1.076525
v 3.297679 2.821474 1.078420
v 3.295000 2.811815 1.081008
v 3.297679 2.802155 1.083596
v 3.305000 2.795084 1.085491
v 3.315000 2.786882 1.057960
v 3.325000 2.789539 1.057610
v 3.332320 2.796796 1.056655
v 3.335000 2.806711 1.055350
v 3.332320 2.816625 1.054044
v 3.325000 2.823883 1.053089
v 3.315000 2.826540 1.052739
v 3.305000 2.823883 1.053089
v 3.297679 2.816625 1.054044
v 3.295000 2.806711 1.055350
v 3.297679 2.796796 1.056655
v 3.305000 2.789539 1.057610
v 3.300000 3.005000 0.979244
v 3.330000 3.005000 0.979244
v 3.300000 2.985866 0.983050
v 3.330000 2.985866 0.983050
v 3.300000 2.969645 0.993889
v 3.330000 2.969645 0.993889
v 3.300000 2.958806 1.010110
v 3.330000 2.958806 1.010110
v 3.300000 2.955000 1.029244
v 3.330000 2.955000 1.029244
v 3.300000 2.958806 1.048379
v 3.330000 2.958806 1.048379
v 3.300000 2.969645 1.064600
v 3.330000 2.969645 1.064600
v 3.300000 2.985866 1.075438
v 3.330000 2.985866 1.075438
v 3.300000 3.005000 1.079244
v 3.330000 3.005000 1.079244
v 3.300000 3.024134 1.075438
v 3.330000 3.024134 1.075438
v 3.300000 3.040355 1.064600
v 3.330000 3.040355 1.064600
v 3.300000 3.051194 1.048379
v 3.330000 3.051194 1.048379
v 3.300000 3.055000 1.029244
v 3.330000 3.055000 1.029244
v 3.300000 3.051194 1.010110
v 3.330000 3.051194 1.010110
v 3.300000 3.040355 0.993889
v 3.330000 3.040355 0.993889
v 3.300000 3.024134 0.983050
v 3.330000 3.024134 0.983050
v 2.925000 0.005000 -1.100756
v 2.925000 3.605000 -1.100756
v 2.936480 0.005000 -1.098472
v 2.936480 3.605000 -1.098472
v 2.946213 0.005000 -1.091969
v 2.946213 3.605000 -1.091969
v 2.952717 0.005000 -1.082236
v 2.952717 3.605000 -1.082236
v 2.955000 0.005000 -1.070756
v 2.955000 3.605000 -1.070756
v 2.952717 0.005000 -1.059275
v 2.952717 3.605000 -1.059275
v 2.946213 0.005000 -1.049543
v 2.946213 3.605000 -1.049543
v 2.936480 0.005000 -1.043039
v 2.936480 3.605000 -1.043039
v 2.925000 0.005000 -1.040756
v 2.925000 3.605000 -1.040756
v 2.913520 0.005000 -1.043039
v 2.913520 3.605000 -1.043039
v 2.903787 0.005000 -1.049543
v 2.903787 3.605000 -1.049543
v 2.897284 0.005000 -1.059275
v 2.897284 3.605000 -1.059275
v 2.895000 0.005000 -1.070756
v 2.895000 3.605000 -1.070756
v 2.897284 0.005000 -1.082236
v 2.897284 3.605000 -1.082236
v 2.903787 0.005000 -1.091969
v 2.903787 3.605000 -1.091969
v 2.913520 0.005000 -1.098472
v 2.913520 3.605000 -1.098472
v 3.200000 0.080000 0.904244
v 3.200000 1.230000 0.904244
v 3.200000 0.080000 -0.045756
v 3.200000 1.230000 -0.045756
v 4.550000 0.080000 0.904244
v 4.550000 1.230000 0.904244
v 4.550000 0.080000 -0.045756
v 4.550000 1.230000 -0.045756
v 3.175000 1.182955 0.902324
v 3.175000 1.262516 0.910686
v 3.175000 1.287483 -0.092198
v 3.175000 1.367045 -0.083835
v 4.575000 1.182955 0.902324
v 4.575000 1.262516 0.910686
v 4.575000 1.287483 -0.092198
v 4.575000 1.367045 -0.083835
v 3.299999 0.075000 0.709244
v 3.350000 0.075000 0.709244
v 3.299999 0.048212 0.714573
v 3.350000 0.048212 0.714573
v 3.299999 0.025502 0.729747
v 3.350000 0.025502 0.729747
v 3.299999 0.010328 0.752457
v 3.350000 0.010328 0.752457
v 3.299999 0.005000 0.779244
v 3.350000 0.005000 0.779244
v 3.299999 0.010328 0.806032
v 3.350000 0.010328 0.806032
v 3.299999 0.025502 0.828742
v 3.350000 0.025502 0.828742
v 3.299999 0.048212 0.843916
v 3.350000 0.048212 0.843916
v 3.299999 0.075000 0.849244
v 3.350000 0.075000 0.849244
v 3.299999 0.101788 0.843916
v 3.350000 0.101788 0.843916
v 3.299999 0.124497 0.828742
v 3.350000 0.124497 0.828742
v 3.299999 0.139671 0.806032
v 3.350000 0.139671 0.806032
v 3.299999 0.145000 0.779244
v 3.350000 0.145000 0.779244
v 3.299999 0.139671 0.752457
v 3.350000 0.139671 0.752457
v 3.299999 0.124497 0.729747
v 3.350000 0.124497 0.729747
v 3.299999 0.101788 0.714573
v 3.350000 0.101788 0.714573
v 3.299999 0.075000 0.009244
v 3.350000 0.075000 0.009244
v 3.299999 0.048212 0.014573
v 3.350000 0.048212 0.014573
v 3.299999 0.025502 0.029747
v 3.350000 0.025502 0.029747
v 3.299999 0.010328 0.052457
v 3.350000 0.010328 0.052457
v 3.299999 0.005000 0.079244
v 3.350000 0.005000 0.079244
v 3.299999 0.010328 0.106032
v 3.350000 0.010328 0.106032
v 3.299999 0.025502 0.128742
v 3.350000 0.025502 0.128742
v 3.299999 0.048212 0.143916
v 3.350000 0.048212 0.143916
v 3.299999 0.075000 0.149244
v 3.350000 0.075000 0.149244
v 3.299999 0.101788 0.143916
v 3.350000 0.101788 0.143916
v 3.299999 0.124497 0.128742
v 3.350000 0.124497 0.128742
v 3.299999 0.139671 0.106032
v 3.350000 0.139671 0.106032
v 3.299999 0.145000 0.079244
v 3.350000 0.145000 0.079244
v 3.299999 0.139671 0.052457
v 3.350000 0.139671 0.052457
v 3.299999 0.124497 0.029747
v 3.350000 0.124497 0.029747
v 3.299999 0.101788 0.014573
v 3.350000 0.101788 0.014573
v 4.400000 0.075000 0.709244
v 4.450000 0.075000 0.709244
v 4.400000 0.048212 0.714573
v 4.450000 0.048212 0.714573
v 4.400000 0.025502 0.729747
v 4.450000 0.025502 0.729747
v 4.400000 0.010328 0.752457
v 4.450000 0.010328 0.752457
v 4.400000 0.005000 0.779244
v 4.450000 0.005000 0.779244
v 4.400000 0.010328 0.806032
v 4.450000 0.010328 0.806032
v 4.400000 0.025502 0.828742
v 4.450000 0.025502 0.828742
v 4.400000 0.048212 0.843916
v 4.450000 0.048212 0.843916
v 4.400000 0.075000 0.849244
v 4.450000 0.075000 0.849244
v 4.400000 0.101788 0.843916
v 4.450000 0.101788 0.843916
v 4.400000 0.124497 0.828742
v 4.450000 0.124497 0.828742
v 4.400000 0.139671 0.806032
v 4.450000 0.139671 0.806032
v 4.400000 0.145000 0.779244
v 4.450000 0.145000 0.779244
v 4.400000 0.139671 0.752457
v 4.450000 0.139671 0.752457
v 4.400000 0.124497 0.729747
v 4.450000 0.124497 0.729747
v 4.400000 0.101788 0.714573
v 4.450000 0.101788 0.714573
v 4.400000 0.075000 0.009244
v 4.450000 0.075000 0.009244
v 4.400000 0.048212 0.014573
v 4.450000 0.048212 0.014573
v 4.400000 0.025502 0.029747
v 4.450000 0.025502 0.029747
v 4.400000 0.010328 0.052457
v 4.450000 0.010328 0.052457
v 4.400000 0.005000 0.079244
v 4.450000 0.005000 0.079244
v 4.400000 0.010328 0.106032
v 4.450000 0.010328 0.106032
v 4.400000 0.025502 0.128742
v 4.450000 0.025502 0.128742
v 4.400000 0.048212 0.143916
v 4.450000 0.048212 0.143916
v 4.400000 0.075000 0.149244
v 4.450000 0.075000 0.149244
v 4.400000 0.101788 0.143916
v 4.450000 0.101788 0.143916
v 4.400000 0.124497 0.128742
v 4.450000 0.124497 0.128742
v 4.400000 0.139671 0.106032
v 4.450000 0.139671 0.106032
v 4.400000 0.145000 0.079244
v 4.450000 0.145000 0.079244
v 4.400000 0.139671 0.052457
v 4.450000 0.139671 0.052457
v 4.400000 0.124497 0.029747
v 4.450000 0.124497 0.029747
v 4.400000 0.101788 0.014573
v 4.450000 0.101788 0.014573
v 4.550000 0.080000 0.704244
v 4.550000 1.330000 0.704244
v 4.550000 0.080000 -0.145756
v 4.550000 1.330000 -0.145756
v 5.200000 0.080000 0.704244
v 5.200000 1.330000 0.704244
v 5.200000 0.080000 -0.145756
v 5.200000 1.330000 -0.145756
v 4.525000 1.369353 0.710582
v 4.525000 1.439087 0.704482
v 4.525000 1.290913 -0.185993
v 4.525000 1.360646 -0.192094
v 5.224999 1.369353 0.710582
v 5.224999 1.439087 0.704482
v 5.224999 1.290913 -0.185993
v 5.224999 1.360646 -0.192094
v -3.725000 0.005000 3.454244
v -3.725000 0.765000 3.454244
v -3.696298 0.005000 3.459953
v -3.696298 0.765000 3.459953
v -3.671967 0.005000 3.476211
v -3.671967 0.765000 3.476211
v -3.655709 0.005000 3.500543
v -3.655709 0.765000 3.500543
v -3.649999 0.005000 3.529244
v -3.649999 0.765000 3.529244
v -3.655709 0.005000 3.557946
v -3.655709 0.765000 3.557946
v -3.671967 0.005000 3.582277
v -3.671967 0.765000 3.582277
v -3.696298 0.005000 3.598536
v -3.696298 0.765000 3.598536
v -3.725000 0.005000 3.604244
v -3.725000 0.765000 3.604244
v -3.753701 0.005000 3.598536
v -3.753701 0.765000 3.598536
v -3.778033 0.005000 3.582277
v -3.778033 0.765000 3.582277
v -3.794290 0.005000 3.557946
v -3.794290 0.765000 3.557946
v -3.800000 0.005000 3.529244
v -3.800000 0.765000 3.529244
v -3.794290 0.005000 3.500543
v -3.794290 0.765000 3.500543
v -3.778033 0.005000 3.476211
v -3.778033 0.765000 3.476211
v -3.753701 0.005000 3.459953
v -3.753701 0.765000 3.459953
v -3.725000 0.847062 3.499395
v -3.725000 0.804849 3.457182
v -3.725000 0.775000 3.451244
v -3.725000 0.745150 3.457182
v -3.725000 0.702937 3.499395
v -3.725000 0.853000 3.529244
v -3.712048 0.847062 3.502351
v -3.701069 0.830154 3.479552
v -3.693733 0.804849 3.464318
v -3.691157 0.775000 3.458969
v -3.693733 0.745150 3.464318
v -3.701069 0.719846 3.479552
v -3.712048 0.702937 3.502351
v -3.701662 0.847062 3.510634
v -3.681878 0.830154 3.494856
v -3.668658 0.804849 3.484314
v -3.664017 0.775000 3.480612
v -3.668658 0.745150 3.484314
v -3.681878 0.719846 3.494856
v -3.701662 0.702937 3.510634
v -3.695899 0.847062 3.522602
v -3.671228 0.830154 3.516971
v -3.654743 0.804849 3.513209
v -3.648955 0.775000 3.511888
v -3.654743 0.745150 3.513209
v -3.671228 0.719846 3.516971
v -3.695899 0.702937 3.522602
v -3.695899 0.847062 3.535887
v -3.671228 0.830154 3.541517
v -3.654743 0.804849 3.545280
v -3.648955 0.775000 3.546601
v -3.654743 0.745150 3.545280
v -3.671228 0.719846 3.541517
v -3.695899 0.702937 3.535887
v -3.701662 0.847062 3.547855
v -3.681878 0.830154 3.563632
v -3.668658 0.804849 3.574175
v -3.664017 0.775000 3.577877
v -3.668658 0.745150 3.574175
v -3.681878 0.719846 3.563632
v -3.701662 0.702937 3.547855
v -3.712048 0.847062 3.556138
v -3.701069 0.830154 3.578937
v -3.693733 0.804849 3.594171
v -3.691157 0.775000 3.599520
v -3.693733 0.745150 3.594171
v -3.701069 0.719846 3.578937
v -3.712048 0.702937 3.556138
v -3.725000 0.847062 3.559093
v -3.725000 0.830154 3.584398
v -3.725000 0.804849 3.601307
v -3.725000 0.775000 3.607244
v -3.725000 0.745150 3.601307
v -3.725000 0.719846 3.584398
v -3.725000 0.702937 3.559093
v -3.737951 0.847062 3.556138
v -3.748931 0.830154 3.578937
v -3.756266 0.804849 3.594171
v -3.758842 0.775000 3.599520
v -3.756266 0.745150 3.594171
v -3.748931 0.719846 3.578937
v -3.737951 0.702937 3.556138
v -3.748337 0.847062 3.547855
v -3.768121 0.830154 3.563632
v -3.781341 0.804849 3.574175
v -3.785982 0.775000 3.577877
v -3.781341 0.745150 3.574175
v -3.768121 0.719846 3.563632
v -3.748337 0.702937 3.547855
v -3.754101 0.847062 3.535887
v -3.778771 0.830154 3.541517
v -3.795256 0.804849 3.545280
v -3.801044 0.775000 3.546601
v -3.795256 0.745150 3.545280
v -3.778771 0.719846 3.541517
v -3.754101 0.702937 3.535887
v -3.754101 0.847062 3.522602
v -3.778771 0.830154 3.516971
v -3.795256 0.804849 3.513209
v -3.801044 0.775000 3.511888
v -3.795256 0.745150 3.513209
v -3.778771 0.719846 3.516971
v -3.754101 0.702937 3.522602
v -3.748337 0.847062 3.510633
v -3.768121 0.830154 3.494856
v -3.781340 0.804849 3.484314
v -3.785982 0.775000 3.480612
v -3.781340 0.745150 3.484314
v -3.768121 0.719846 3.494856
v -3.748337 0.702937 3.510633
v -3.737951 0.847062 3.502351
v -3.748931 0.830154 3.479552
v -3.756266 0.804849 3.464318
v -3.758842 0.775000 3.458969
v -3.756266 0.745150 3.464318
v -3.748931 0.719846 3.479552
v -3.737951 0.702937 3.502351
v -3.725000 0.830154 3.474090
v -3.725000 0.719846 3.474090
v -3.725000 0.697000 3.529244
v 1.775000 0.005000 3.454244
v 1.775000 0.765000 3.454244
v 1.803701 0.005000 3.459953
v 1.803701 0.765000 3.459953
v 1.828033 0.005000 3.476211
v 1.828033 0.765000 3.476211
v 1.844291 0.005000 3.500543
v 1.844291 0.765000 3.500543
v 1.850000 0.005000 3.529244
v 1.850000 0.765000 3.529244
v 1.844291 0.005000 3.557946
v 1.844291 0.765000 3.557946
v 1.828033 0.005000 3.582277
v 1.828033 0.765000 3.582277
v 1.803701 0.005000 3.598536
v 1.803701 0.765000 3.598536
v 1.775000 0.005000 3.604244
v 1.775000 0.765000 3.604244
v 1.746299 0.005000 3.598536
v 1.746299 0.765000 3.598536
v 1.721967 0.005000 3.582277
v 1.721967 0.765000 3.582277
v 1.705709 0.005000 3.557946
v 1.705709 0.765000 3.557946
v 1.700000 0.005000 3.529244
v 1.700000 0.765000 3.529244
v 1.705709 0.005000 3.500543
v 1.705709 0.765000 3.500543
v 1.721967 0.005000 3.476211
v 1.721967 0.765000 3.476211
v 1.746299 0.005000 3.459953
v 1.746299 0.765000 3.459953
v 1.775000 0.847062 3.499395
v 1.775000 0.804849 3.457182
v 1.775000 0.775000 3.451244
v 1.775000 0.745150 3.457182
v 1.775000 0.702937 3.499395
v 1.775000 0.853000 3.529244
v 1.787951 0.847062 3.502351
v 1.798930 0.830154 3.479552
v 1.806267 0.804849 3.464318
v 1.808843 0.775000 3.458969
v 1.806267 0.745150 3.464318
v 1.798930 0.719846 3.479552
v 1.787951 0.702937 3.502351
v 1.798337 0.847062 3.510634
v 1.818121 0.830154 3.494856
v 1.831341 0.804849 3.484314
v 1.835983 0.775000 3.480612
v 1.831341 0.745150 3.484314
v 1.818121 0.719846 3.494856
v 1.798337 0.702937 3.510634
v 1.804101 0.847062 3.522602
v 1.828772 0.830154 3.516971
v 1.845256 0.804849 3.513209
v 1.851044 0.775000 3.511888
v 1.845256 0.745150 3.513209
v 1.828772 0.719846 3.516971
v 1.804101 0.702937 3.522602
v 1.804101 0.847062 3.535887
v 1.828772 0.830154 3.541517
v 1.845256 0.804849 3.545280
v 1.851044 0.775000 3.546601
v 1.845256 0.745150 3.545280
v 1.828772 0.719846 3.541517
v 1.804101 0.702937 3.535887
v 1.798337 0.847062 3.547855
v 1.818121 0.830154 3.563632
v 1.831341 0.804849 3.574175
v 1.835983 0.775000 3.577877
v 1.831341 0.745150 3.574175
v 1.818121 0.719846 3.563632
v 1.798337 0.702937 3.547855
v 1.787951 0.847062 3.556138
v 1.798930 0.830154 3.578937
v 1.806267 0.804849 3.594171
v 1.808843 0.775000 3.599520
v 1.806267 0.745150 3.594171
v 1.798930 0.719846 3.578937
v 1.787951 0.702937 3.556138
v 1.775000 0.847062 3.559093
v 1.775000 0.830154 3.584398
v 1.775000 0.804849 3.601307
v 1.775000 0.775000 3.607244
v 1.775000 0.745150 3.601307
v 1.775000 0.719846 3.584398
v 1.775000 0.702937 3.559093
v 1.762049 0.847062 3.556138
v 1.751069 0.830154 3.578937
v 1.743733 0.804849 3.594171
v 1.741157 0.775000 3.599520
v 1.743733 0.745150 3.594171
v 1.751069 0.719846 3.578937
v 1.762049 0.702937 3.556138
v 1.751663 0.847062 3.547855
v 1.731879 0.830154 3.563632
v 1.718659 0.804849 3.574175
v 1.714017 0.775000 3.577877
v 1.718659 0.745150 3.574175
v 1.731879 0.719846 3.563632
v 1.751663 0.702937 3.547855
v 1.745899 0.847062 3.535887
v 1.721228 0.830154 3.541517
v 1.704744 0.804849 3.545280
v 1.698956 0.775000 3.546601
v 1.704744 0.745150 3.545280
v 1.721228 0.719846 3.541517
v 1.745899 0.702937 3.535887
v 1.745899 0.847062 3.522602
v 1.721228 0.830154 3.516971
v 1.704744 0.804849 3.513209
v 1.698956 0.775000 3.511888
v 1.704744 0.745150 3.513209
v 1.721228 0.719846 3.516971
v 1.745899 0.702937 3.522602
v 1.751663 0.847062 3.510633
v 1.731879 0.830154 3.494856
v 1.718659 0.804849 3.484314
v 1.714017 0.775000 3.480612
v 1.718659 0.745150 3.484314
v 1.731879 0.719846 3.494856
v 1.751663 0.702937 3.510633
v 1.762049 0.847062 3.502351
v 1.751069 0.830154 3.479552
v 1.743733 0.804849 3.464318
v 1.741157 0.775000 3.458969
v 1.743733 0.745150 3.464318
v 1.751069 0.719846 3.479552
v 1.762049 0.702937 3.502351
v 1.775000 0.830154 3.474090
v 1.775000 0.719846 3.474090
v 1.775000 0.697000 3.529244
v -4.325000 0.385000 2.374244
v -4.325000 0.289329 2.387566
v -4.325000 0.154030 2.482275
v -4.325000 0.635000 2.549244
v -4.239844 0.615970 2.488907
v -4.167653 0.561776 2.437755
v -4.119417 0.480670 2.403577
v -4.102479 0.385000 2.391575
v -4.119417 0.289329 2.403577
v -4.167653 0.208223 2.437755
v -4.239844 0.154030 2.488907
v -4.171556 0.615970 2.507490
v -4.041472 0.561776 2.472092
v -3.954552 0.480670 2.448439
v -3.924031 0.385000 2.440134
v -3.954552 0.289329 2.448439
v -4.041472 0.208223 2.472092
v -4.171556 0.154030 2.507490
v -4.133657 0.615970 2.534342
v -3.971447 0.561776 2.521709
v -3.863060 0.480670 2.513268
v -3.825000 0.385000 2.510303
v -3.863060 0.289329 2.513268
v -3.971447 0.208223 2.521709
v -4.133657 0.154030 2.534342
v -4.133657 0.615970 2.564147
v -3.971447 0.561776 2.576780
v -3.863060 0.480670 2.585221
v -3.825000 0.385000 2.588186
v -3.863060 0.289329 2.585221
v -3.971447 0.208223 2.576780
v -4.133657 0.154030 2.564147
v -4.171556 0.615970 2.590999
v -4.041472 0.561776 2.626397
v -3.954552 0.480670 2.650050
v -3.924031 0.385000 2.658355
v -3.954552 0.289329 2.650050
v -4.041472 0.208223 2.626397
v -4.171556 0.154030 2.590999
v -4.239845 0.615970 2.609582
v -4.167653 0.561776 2.660734
v -4.119417 0.480670 2.694912
v -4.102479 0.385000 2.706914
v -4.119417 0.289329 2.694912
v -4.167653 0.208223 2.660734
v -4.239845 0.154030 2.609582
v -4.325000 0.615970 2.616214
v -4.325000 0.561776 2.672988
v -4.325000 0.480670 2.710923
v -4.325000 0.385000 2.724245
v -4.325000 0.289329 2.710923
v -4.325000 0.208223 2.672988
v -4.325000 0.154030 2.616214
v -4.410155 0.615970 2.609582
v -4.482346 0.561776 2.660734
v -4.530582 0.480670 2.694912
v -4.547521 0.385000 2.706914
v -4.530582 0.289329 2.694912
v -4.482346 0.208223 2.660734
v -4.410155 0.154030 2.609582
v -4.478444 0.615970 2.590999
v -4.608527 0.561776 2.626397
v -4.695447 0.480670 2.650050
v -4.725968 0.385000 2.658355
v -4.695447 0.289329 2.650050
v -4.608527 0.208223 2.626397
v -4.478444 0.154030 2.590999
v -4.516341 0.615970 2.564147
v -4.678553 0.561776 2.576780
v -4.786940 0.480670 2.585221
v -4.825000 0.385000 2.588186
v -4.786940 0.289329 2.585221
v -4.678553 0.208223 2.576780
v -4.516341 0.154030 2.564147
v -4.516341 0.615970 2.534342
v -4.678553 0.561776 2.521709
v -4.786940 0.480670 2.513268
v -4.825000 0.385000 2.510303
v -4.786940 0.289329 2.513268
v -4.678553 0.208223 2.521709
v -4.516341 0.154030 2.534342
v -4.478444 0.615970 2.507490
v -4.608527 0.561776 2.472092
v -4.695447 0.480670 2.448439
v -4.725968 0.385000 2.440134
v -4.695447 0.289329 2.448439
v -4.608527 0.208223 2.472092
v -4.478444 0.154030 2.507490
v -4.410154 0.615970 2.488907
v -4.482346 0.561776 2.437755
v -4.530581 0.480670 2.403577
v -4.547521 0.385000 2.391575
v -4.530581 0.289329 2.403577
v -4.482346 0.208223 2.437755
v -4.410154 0.154030 2.488907
v -4.325000 0.615970 2.482275
v -4.325000 0.561776 2.425501
v -4.325000 0.480670 2.387566
v -4.325000 0.208223 2.425501
v -4.325000 0.135000 2.549244
v -2.025000 0.385000 2.374244
v -2.025000 0.289329 2.387566
v -2.025000 0.154030 2.482275
v -2.025000 0.635000 2.549244
v -1.939845 0.615970 2.488907
v -1.867654 0.561776 2.437755
v -1.819417 0.480670 2.403577
v -1.802479 0.385000 2.391575
v -1.819417 0.289329 2.403577
v -1.867654 0.208223 2.437755
v -1.939845 0.154030 2.488907
v -1.871556 0.615970 2.507490
v -1.741472 0.561776 2.472092
v -1.654553 0.480670 2.448439
v -1.624031 0.385000 2.440134
v -1.654553 0.289329 2.448439
v -1.741472 0.208223 2.472092
v -1.871556 0.154030 2.507490
v -1.833658 0.615970 2.534342
v -1.671446 0.561776 2.521709
v -1.563060 0.480670 2.513268
v -1.525000 0.385000 2.510303
v -1.563060 0.289329 2.513268
v -1.671446 0.208223 2.521709
v -1.833658 0.154030 2.534342
v -1.833658 0.615970 2.564147
v -1.671446 0.561776 2.576780
v -1.563060 0.480670 2.585221
v -1.525000 0.385000 2.588186
v -1.563060 0.289329 2.585221
v -1.671446 0.208223 2.576780
v -1.833658 0.154030 2.564147
v -1.871556 0.615970 2.590999
v -1.741472 0.561776 2.626397
v -1.654553 0.480670 2.650050
v -1.624031 0.385000 2.658355
v -1.654553 0.289329 2.650050
v -1.741472 0.208223 2.626397
v -1.871556 0.154030 2.590999
v -1.939845 0.615970 2.609582
v -1.867654 0.561776 2.660734
v -1.819417 0.480670 2.694912
v -1.802479 0.385000 2.706914
v -1.819417 0.289329 2.694912
v -1.867654 0.208223 2.660734
v -1.939845 0.154030 2.609582
v -2.025000 0.615970 2.616214
v -2.025000 0.561776 2.672988
v -2.025000 0.480670 2.710923
v -2.025000 0.385000 2.724245
v -2.025000 0.289329 2.710923
v -2.025000 0.208223 2.672988
v -2.025000 0.154030 2.616214
v -2.110155 0.615970 2.609582
v -2.182346 0.561776 2.660734
v -2.230582 0.480670 2.694912
v -2.247521 0.385000 2.706914
v -2.230582 0.289329 2.694912
v -2.182346 0.208223 2.660734
v -2.110155 0.154030 2.609582
v -2.178444 0.615970 2.590999
v -2.308528 0.561776 2.626397
v -2.395447 0.480670 2.650050
v -2.425969 0.385000 2.658355
v -2.395447 0.289329 2.650050
v -2.308528 0.208223 2.626397
v -2.178444 0.154030 2.590999
v -2.216342 0.615970 2.564147
v -2.378553 0.561776 2.576780
v -2.486940 0.480670 2.585221
v -2.525000 0.385000 2.588186
v -2.486940 0.289329 2.585221
v -2.378553 0.208223 2.576780
v -2.216342 0.154030 2.564147
v -2.216342 0.615970 2.534342
v -2.378553 0.561776 2.521709
v -2.486940 0.480670 2.513268
v -2.525000 0.385000 2.510303
v -2.486940 0.289329 2.513268
v -2.378553 0.208223 2.521709
v -2.216342 0.154030 2.534342
v -2.178444 0.615970 2.507490
v -2.308528 0.561776 2.472092
v -2.395447 0.480670 2.448439
v -2.425969 0.385000 2.440134
v -2.395447 0.289329 2.448439
v -2.308528 0.208223 2.472092
v -2.178444 0.154030 2.507490
v -2.110155 0.615970 2.488907
v -2.182346 0.561776 2.437755
v -2.230582 0.480670 2.403577
v -2.247521 0.385000 2.391575
v -2.230582 0.289329 2.403577
v -2.182346 0.208223 2.437755
v -2.110155 0.154030 2.488907
v -2.025000 0.615970 2.482275
v -2.025000 0.561776 2.425501
v -2.025000 0.480670 2.387566
v -2.025000 0.208223 2.425501
v -2.025000 0.135000 2.549244
v 1.375000 0.385000 2.374244
v 1.375000 0.289329 2.387566
v 1.375000 0.154030 2.482275
v 1.375000 0.635000 2.549244
v 1.460155 0.615970 2.488907
v 1.532346 0.561776 2.437755
v 1.580582 0.480670 2.403577
v 1.597521 0.385000 2.391575
v 1.580582 0.289329 2.403577
v 1.532346 0.208223 2.437755
v 1.460155 0.154030 2.488907
v 1.528444 0.615970 2.507490
v 1.658528 0.561776 2.472092
v 1.745447 0.480670 2.448439
v 1.775969 0.385000 2.440134
v 1.745447 0.289329 2.448439
v 1.658528 0.208223 2.472092
v 1.528444 0.154030 2.507490
v 1.566342 0.615970 2.534342
v 1.728553 0.561776 2.521709
v 1.836940 0.480670 2.513268
v 1.875000 0.385000 2.510303
v 1.836940 0.289329 2.513268
v 1.728553 0.208223 2.521709
v 1.566342 0.154030 2.534342
v 1.566342 0.615970 2.564147
v 1.728553 0.561776 2.576780
v 1.836940 0.480670 2.585221
v 1.875000 0.385000 2.588186
v 1.836940 0.289329 2.585221
v 1.728553 0.208223 2.576780
v 1.566342 0.154030 2.564147
v 1.528444 0.615970 2.590999
v 1.658528 0.561776 2.626397
v 1.745447 0.480670 2.650050
v 1.775969 0.385000 2.658355
v 1.745447 0.289329 2.650050
v 1.658528 0.208223 2.626397
v 1.528444 0.154030 2.590999
v 1.460155 0.615970 2.609582
v 1.532346 0.561776 2.660734
v 1.580582 0.480670 2.694912
v 1.597521 0.385000 2.706914
v 1.580582 0.289329 2.694912
v 1.532346 0.208223 2.660734
v 1.460155 0.154030 2.609582
v 1.375000 0.615970 2.616214
v 1.375000 0.561776 2.672988
v 1.375000 0.480670 2.710923
v 1.375000 0.385000 2.724245
v 1.375000 0.289329 2.710923
v 1.375000 0.208223 2.672988
v 1.375000 0.154030 2.616214
v 1.289845 0.615970 2.609582
v 1.217654 0.561776 2.660734
v 1.169417 0.480670 2.694912
v 1.152479 0.385000 2.706914
v 1.169417 0.289329 2.694912
v 1.217654 0.208223 2.660734
v 1.289845 0.154030 2.609582
v 1.221556 0.615970 2.590999
v 1.091472 0.561776 2.626397
v 1.004553 0.480670 2.650050
v 0.974031 0.385000 2.658355
v 1.004553 0.289329 2.650050
v 1.091472 0.208223 2.626397
v 1.221556 0.154030 2.590999
v 1.183658 0.615970 2.564147
v 1.021447 0.561776 2.576780
v 0.913060 0.480670 2.585221
v 0.875000 0.385000 2.588186
v 0.913060 0.289329 2.585221
v 1.021447 0.208223 2.576780
v 1.183658 0.154030 2.564147
v 1.183658 0.615970 2.534342
v 1.021447 0.561776 2.521709
v 0.913060 0.480670 2.513268
v 0.875000 0.385000 2.510303
v 0.913060 0.289329 2.513268
v 1.021447 0.208223 2.521709
v 1.183658 0.154030 2.534342
v 1.221556 0.615970 2.507490
v 1.091472 0.561776 2.472092
v 1.004553 0.480670 2.448439
v 0.974031 0.385000 2.440134
v 1.004553 0.289329 2.448439
v 1.091472 0.208223 2.472092
v 1.221556 0.154030 2.507490
v 1.289845 0.615970 2.488907
v 1.217654 0.561776 2.437755
v 1.169418 0.480670 2.403577
v 1.152479 0.385000 2.391575
v 1.169418 0.289329 2.403577
v 1.217654 0.208223 2.437755
v 1.289845 0.154030 2.488907
v 1.375000 0.615970 2.482275
v 1.375000 0.561776 2.425501
v 1.375000 0.480670 2.387566
v 1.375000 0.208223 2.425501
v 1.375000 0.135000 2.549244
v 2.895000 0.385000 -0.045756
v 2.895000 0.289329 -0.032435
v 2.895000 0.154030 0.062275
v 2.895000 0.635000 0.129244
v 2.980155 0.615970 0.068907
v 3.052346 0.561776 0.017755
v 3.100582 0.480670 -0.016423
v 3.117521 0.385000 -0.028425
v 3.100582 0.289329 -0.016423
v 3.052346 0.208223 0.017755
v 2.980155 0.154030 0.068907
v 3.048444 0.615970 0.087490
v 3.178528 0.561776 0.052091
v 3.265446 0.480670 0.028439
v 3.295969 0.385000 0.020134
v 3.265446 0.289329 0.028439
v 3.178528 0.208223 0.052091
v 3.048444 0.154030 0.087490
v 3.086342 0.615970 0.114342
v 3.248553 0.561776 0.101709
v 3.356940 0.480670 0.093267
v 3.395000 0.385000 0.090303
v 3.356940 0.289329 0.093267
v 3.248553 0.208223 0.101709
v 3.086342 0.154030 0.114342
v 3.086342 0.615970 0.144147
v 3.248553 0.561776 0.156780
v 3.356940 0.480670 0.165221
v 3.395000 0.385000 0.168186
v 3.356940 0.289329 0.165221
v 3.248553 0.208223 0.156780
v 3.086342 0.154030 0.144147
v 3.048444 0.615970 0.170999
v 3.178528 0.561776 0.206397
v 3.265446 0.480670 0.230050
v 3.295969 0.385000 0.238355
v 3.265446 0.289329 0.230050
v 3.178528 0.208223 0.206397
v 3.048444 0.154030 0.170999
v 2.980155 0.615970 0.189582
v 3.052346 0.561776 0.240734
v 3.100582 0.480670 0.274912
v 3.117521 0.385000 0.286914
v 3.100582 0.289329 0.274912
v 3.052346 0.208223 0.240734
v 2.980155 0.154030 0.189582
v 2.895000 0.615970 0.196214
v 2.895000 0.561776 0.252988
v 2.895000 0.480670 0.290923
v 2.895000 0.385000 0.304244
v 2.895000 0.289329 0.290923
v 2.895000 0.208223 0.252988
v 2.895000 0.154030 0.196214
v 2.809845 0.615970 0.189582
v 2.737654 0.561776 0.240734
v 2.689417 0.480670 0.274912
v 2.672479 0.385000 0.286914
v 2.689417 0.289329 0.274912
v 2.737654 0.208223 0.240734
v 2.809845 0.154030 0.189582
v 2.741555 0.615970 0.170999
v 2.611472 0.561776 0.206397
v 2.524553 0.480670 0.230049
v 2.494031 0.385000 0.238355
v 2.524553 0.289329 0.230049
v 2.611472 0.208223 0.206397
v 2.741555 0.154030 0.170999
v 2.703658 0.615970 0.144147
v 2.541446 0.561776 0.156780
v 2.433060 0.480670 0.165221
v 2.395000 0.385000 0.168186
v 2.433060 0.289329 0.165221
v 2.541446 0.208223 0.156780
v 2.703658 0.154030 0.144147
v 2.703658 0.615970 0.114342
v 2.541446 0.561776 0.101709
v 2.433060 0.480670 0.093267
v 2.395000 0.385000 0.090303
v 2.433060 0.289329 0.093267
v 2.541446 0.208223 0.101709
v 2.703658 0.154030 0.114342
v 2.741555 0.615970 0.087489
v 2.611472 0.561776 0.052091
v 2.524553 0.480670 0.028439
v 2.494031 0.385000 0.020134
v 2.524553 0.289329 0.028439
v 2.611472 0.208223 0.052091
v 2.741555 0.154030 0.087489
v 2.809845 0.615970 0.068907
v 2.737654 0.561776 0.017755
v 2.689417 0.480670 -0.016423
v 2.672479 0.385000 -0.028425
v 2.689417 0.289329 -0.016423
v 2.737654 0.208223 0.017755
v 2.809845 0.154030 0.068907
v 2.895000 0.615970 0.062275
v 2.895000 0.561776 0.005501
v 2.895000 0.480670 -0.032435
v 2.895000 0.208223 0.005501
v 2.895000 0.135000 0.129244
v 2.895000 0.385000 -2.445756
v 2.895000 0.289329 -2.432435
v 2.895000 0.154030 -2.337725
v 2.895000 0.635000 -2.270756
v 2.980155 0.615970 -2.331093
v 3.052346 0.561776 -2.382245
v 3.100582 0.480670 -2.416423
v 3.117521 0.385000 -2.428425
v 3.100582 0.289329 -2.416423
v 3.052346 0.208223 -2.382245
v 2.980155 0.154030 -2.331093
v 3.048444 0.615970 -2.312510
v 3.178528 0.561776 -2.347908
v 3.265446 0.480670 -2.371561
v 3.295969 0.385000 -2.379866
v 3.265446 0.289329 -2.371561
v 3.178528 0.208223 -2.347908
v 3.048444 0.154030 -2.312510
v 3.086342 0.615970 -2.285658
v 3.248553 0.561776 -2.298291
v 3.356940 0.480670 -2.306732
v 3.395000 0.385000 -2.309697
v 3.356940 0.289329 -2.306732
v 3.248553 0.208223 -2.298291
v 3.086342 0.154030 -2.285658
v 3.086342 0.615970 -2.255853
v 3.248553 0.561776 -2.243220
v 3.356940 0.480670 -2.234779
v 3.395000 0.385000 -2.231814
v 3.356940 0.289329 -2.234779
v 3.248553 0.208223 -2.243220
v 3.086342 0.154030 -2.255853
v 3.048444 0.615970 -2.229001
v 3.178528 0.561776 -2.193603
v 3.265446 0.480670 -2.169950
v 3.295969 0.385000 -2.161645
v 3.265446 0.289329 -2.169950
v 3.178528 0.208223 -2.193603
v 3.048444 0.154030 -2.229001
v 2.980155 0.615970 -2.210418
v 3.052346 0.561776 -2.159266
v 3.100582 0.480670 -2.125088
v 3.117521 0.385000 -2.113086
v 3.100582 0.289329 -2.125088
v 3.052346 0.208223 -2.159266
v 2.980155 0.154030 -2.210418
v 2.895000 0.615970 -2.203786
v 2.895000 0.561776 -2.147012
v 2.895000 0.480670 -2.109077
v 2.895000 0.385000 -2.095756
v 2.895000 0.289329 -2.109077
v 2.895000 0.208223 -2.147012
v 2.895000 0.154030 -2.203786
v 2.809845 0.615970 -2.210418
v 2.737654 0.561776 -2.159266
v 2.689417 0.480670 -2.125088
v 2.672479 0.385000 -2.113086
v 2.689417 0.289329 -2.125088
v 2.737654 0.208223 -2.159266
v 2.809845 0.154030 -2.210418
v 2.741555 0.615970 -2.229001
v 2.611472 0.561776 -2.193603
v 2.524553 0.480670 -2.169950
v 2.494031 0.385000 -2.161645
v 2.524553 0.289329 -2.169950
v 2.611472 0.208223 -2.193603
v 2.741555 0.154030 -2.229001
v 2.703658 0.615970 -2.255853
v 2.541446 0.561776 -2.243220
v 2.433060 0.480670 -2.234779
v 2.395000 0.385000 -2.231815
v 2.433060 0.289329 -2.234779
v 2.541446 0.208223 -2.243220
v 2.703658 0.154030 -2.255853
v 2.703658 0.615970 -2.285658
v 2.541446 0.561776 -2.298291
v 2.433060 0.480670 -2.306732
v 2.395000 0.385000 -2.309697
v 2.433060 0.289329 -2.306732
v 2.541446 0.208223 -2.298291
v 2.703658 0.154030 -2.285658
v 2.741555 0.615970 -2.312510
v 2.611472 0.561776 -2.347909
v 2.524553 0.480670 -2.371561
v 2.494031 0.385000 -2.379866
v 2.524553 0.289329 -2.371561
v 2.611472 0.208223 -2.347909
v 2.741555 0.154030 -2.312510
v 2.809845 0.615970 -2.331093
v 2.737654 0.561776 -2.382245
v 2.689417 0.480670 -2.416423
v 2.672479 0.385000 -2.428425
v 2.689417 0.289329 -2.416423
v 2.737654 0.208223 -2.382245
v 2.809845 0.154030 -2.331093
v 2.895000 0.615970 -2.337725
v 2.895000 0.561776 -2.394499
v 2.895000 0.480670 -2.432435
v 2.895000 0.208223 -2.394499
v 2.895000 0.135000 -2.270756
v 4.425000 0.285000 0.904244
v 4.425000 0.179762 0.928984
v 4.425000 0.030933 1.104872
v 4.425000 0.560000 1.229244
v 4.488866 0.539067 1.117189
v 4.543010 0.479454 1.022193
v 4.579186 0.390238 0.958719
v 4.591890 0.285000 0.936430
v 4.579186 0.179762 0.958719
v 4.543010 0.090545 1.022193
v 4.488866 0.030933 1.117189
v 4.540083 0.539067 1.151700
v 4.637646 0.479454 1.085961
v 4.702835 0.390238 1.042035
v 4.725726 0.285000 1.026610
v 4.702835 0.179762 1.042035
v 4.637646 0.090545 1.085961
v 4.540083 0.030933 1.151700
v 4.568506 0.539067 1.201569
v 4.690165 0.479454 1.178107
v 4.771455 0.390238 1.162430
v 4.800000 0.285000 1.156925
v 4.771455 0.179762 1.162430
v 4.690165 0.090545 1.178107
v 4.568506 0.030933 1.201569
v 4.568506 0.539067 1.256920
v 4.690165 0.479454 1.280382
v 4.771455 0.390238 1.296059
v 4.800000 0.285000 1.301564
v 4.771455 0.179762 1.296059
v 4.690165 0.090545 1.280382
v 4.568506 0.030933 1.256920
v 4.540083 0.539067 1.306789
v 4.637646 0.479454 1.372528
v 4.702835 0.390238 1.416454
v 4.725726 0.285000 1.431879
v 4.702835 0.179762 1.416454
v 4.637646 0.090545 1.372528
v 4.540083 0.030933 1.306789
v 4.488866 0.539067 1.341300
v 4.543010 0.479454 1.436296
v 4.579186 0.390238 1.499770
v 4.591890 0.285000 1.522059
v 4.579186 0.179762 1.499770
v 4.543010 0.090545 1.436296
v 4.488866 0.030933 1.341300
v 4.425000 0.539067 1.353617
v 4.425000 0.479454 1.459054
v 4.425000 0.390238 1.529505
v 4.425000 0.285000 1.554245
v 4.425000 0.179762 1.529505
v 4.425000 0.090545 1.459054
v 4.425000 0.030933 1.353617
v 4.361134 0.539067 1.341300
v 4.306991 0.479454 1.436296
v 4.270813 0.390238 1.499770
v 4.258109 0.285000 1.522059
v 4.270813 0.179762 1.499770
v 4.306991 0.090545 1.436296
v 4.361134 0.030933 1.341300
v 4.309916 0.539067 1.306789
v 4.212354 0.479454 1.372528
v 4.147164 0.390238 1.416454
v 4.124273 0.285000 1.431879
v 4.147164 0.179762 1.416454
v 4.212354 0.090545 1.372528
v 4.309916 0.030933 1.306789
v 4.281493 0.539067 1.256920
v 4.159835 0.479454 1.280382
v 4.078545 0.390238 1.296059
v 4.050000 0.285000 1.301564
v 4.078545 0.179762 1.296059
v 4.159835 0.090545 1.280382
v 4.281493 0.030933 1.256920
v 4.281493 0.539067 1.201569
v 4.159835 0.479454 1.178107
v 4.078546 0.390238 1.162430
v 4.050000 0.285000 1.156925
v 4.078546 0.179762 1.162430
v 4.159835 0.090545 1.178107
v 4.281493 0.030933 1.201569
v 4.309916 0.539067 1.151700
v 4.212354 0.479454 1.085960
v 4.147165 0.390238 1.042035
v 4.124273 0.285000 1.026610
v 4.147165 0.179762 1.042035
v 4.212354 0.090545 1.085960
v 4.309916 0.030933 1.151700
v 4.361134 0.539067 1.117189
v 4.306991 0.479454 1.022193
v 4.270813 0.390238 0.958719
v 4.258109 0.285000 0.936430
v 4.270813 0.179762 0.958719
v 4.306991 0.090545 1.022193
v 4.361134 0.030933 1.117189
v 4.425000 0.539067 1.104872
v 4.425000 0.479454 0.999435
v 4.425000 0.390238 0.928984
v 4.425000 0.090545 0.999435
v 4.425000 0.010000 1.229244
v 4.974999 0.245000 0.804244
v 4.974999 0.158896 0.825177
v 4.974999 0.037127 0.974006
v 4.974999 0.470000 1.079244
v 5.026093 0.452873 0.984428
v 5.069407 0.404099 0.904047
v 5.098350 0.331104 0.850338
v 5.108513 0.245000 0.831478
v 5.098350 0.158896 0.850338
v 5.069407 0.085901 0.904047
v 5.026093 0.037127 0.984428
v 5.067066 0.452873 1.013630
v 5.145117 0.404099 0.958004
v 5.197268 0.331104 0.920836
v 5.215581 0.245000 0.907785
v 5.197268 0.158896 0.920836
v 5.145117 0.085901 0.958004
v 5.067066 0.037127 1.013630
v 5.089805 0.452873 1.055827
v 5.187132 0.404099 1.035974
v 5.252164 0.331104 1.022709
v 5.275000 0.245000 1.018051
v 5.252164 0.158896 1.022709
v 5.187132 0.085901 1.035974
v 5.089805 0.037127 1.055827
v 5.089805 0.452873 1.102662
v 5.187132 0.404099 1.122514
v 5.252164 0.331104 1.135780
v 5.275000 0.245000 1.140438
v 5.252164 0.158896 1.135780
v 5.187132 0.085901 1.122514
v 5.089805 0.037127 1.102662
v 5.067066 0.452873 1.144859
v 5.145117 0.404099 1.200485
v 5.197268 0.331104 1.237653
v 5.215581 0.245000 1.250704
v 5.197268 0.158896 1.237653
v 5.145117 0.085901 1.200485
v 5.067066 0.037127 1.144859
v 5.026093 0.452873 1.174060
v 5.069407 0.404099 1.254442
v 5.098350 0.331104 1.308151
v 5.108512 0.245000 1.327011
v 5.098350 0.158896 1.308151
v 5.069407 0.085901 1.254442
v 5.026093 0.037127 1.174060
v 4.974999 0.452873 1.184482
v 4.974999 0.404099 1.273699
v 4.974999 0.331104 1.333311
v 4.974999 0.245000 1.354244
v 4.974999 0.158896 1.333311
v 4.974999 0.085901 1.273699
v 4.974999 0.037127 1.184482
v 4.923906 0.452873 1.174060
v 4.880592 0.404099 1.254442
v 4.851650 0.331104 1.308151
v 4.841487 0.245000 1.327011
v 4.851650 0.158896 1.308151
v 4.880592 0.085901 1.254442
v 4.923906 0.037127 1.174060
v 4.882934 0.452873 1.144859
v 4.804883 0.404099 1.200485
v 4.752731 0.331104 1.237652
v 4.734419 0.245000 1.250704
v 4.752731 0.158896 1.237652
v 4.804883 0.085901 1.200485
v 4.882934 0.037127 1.144859
v 4.860195 0.452873 1.102662
v 4.762868 0.404099 1.122514
v 4.697836 0.331104 1.135780
v 4.675000 0.245000 1.140438
v 4.697836 0.158896 1.135780
v 4.762868 0.085901 1.122514
v 4.860195 0.037127 1.102662
v 4.860195 0.452873 1.055827
v 4.762868 0.404099 1.035974
v 4.697836 0.331104 1.022709
v 4.675000 0.245000 1.018051
v 4.697836 0.158896 1.022709
v 4.762868 0.085901 1.035974
v 4.860195 0.037127 1.055827
v 4.882934 0.452873 1.013630
v 4.804883 0.404099 0.958004
v 4.752731 0.331104 0.920836
v 4.734419 0.245000 0.907785
v 4.752731 0.158896 0.920836
v 4.804883 0.085901 0.958004
v 4.882934 0.037127 1.013630
v 4.923906 0.452873 0.984428
v 4.880592 0.404099 0.904047
v 4.851650 0.331104 0.850338
v 4.841487 0.245000 0.831478
v 4.851650 0.158896 0.850338
v 4.880592 0.085901 0.904047
v 4.923906 0.037127 0.984428
v 4.974999 0.452873 0.974006
v 4.974999 0.404099 0.884790
v 4.975000 0.331104 0.825177
v 4.974999 0.085901 0.884790
v 4.974999 0.020000 1.079244
v 3.232989 0.005000 2.078212
v 3.232989 0.385000 2.078212
v 3.093931 0.005000 1.650236
v 3.093931 0.385000 1.650236
v 3.756069 0.005000 1.908252
v 3.756069 0.385000 1.908252
v 3.617012 0.005000 1.480277
v 3.617012 0.385000 1.480277
v 2.475000 0.265000 2.829245
v 2.475000 0.169329 2.852081
v 2.475000 0.034030 3.014440
v 2.475000 0.515000 3.129245
v 2.534608 0.495970 3.025809
v 2.585142 0.441777 2.938120
v 2.618907 0.360671 2.879529
v 2.630764 0.265000 2.858954
v 2.618907 0.169329 2.879529
v 2.585142 0.088223 2.938120
v 2.534608 0.034030 3.025809
v 2.582411 0.495970 3.057665
v 2.673469 0.441777 2.996982
v 2.734313 0.360671 2.956436
v 2.755678 0.265000 2.942198
v 2.734313 0.169329 2.956436
v 2.673469 0.088223 2.996982
v 2.582411 0.034030 3.057665
v 2.608939 0.495970 3.103698
v 2.722487 0.441777 3.082041
v 2.798357 0.360671 3.067570
v 2.825000 0.265000 3.062488
v 2.798357 0.169329 3.067570
v 2.722487 0.088223 3.082041
v 2.608939 0.034030 3.103698
v 2.608939 0.495970 3.154791
v 2.722487 0.441777 3.176448
v 2.798357 0.360671 3.190919
v 2.825000 0.265000 3.196001
v 2.798357 0.169329 3.190919
v 2.722487 0.088223 3.176448
v 2.608939 0.034030 3.154791
v 2.582411 0.495970 3.200824
v 2.673469 0.441777 3.261507
v 2.734313 0.360671 3.302053
v 2.755678 0.265000 3.316292
v 2.734313 0.169329 3.302053
v 2.673469 0.088223 3.261507
v 2.582411 0.034030 3.200824
v 2.534608 0.495970 3.232680
v 2.585142 0.441777 3.320369
v 2.618907 0.360671 3.378960
v 2.630764 0.265000 3.399535
v 2.618907 0.169329 3.378960
v 2.585142 0.088223 3.320369
v 2.534608 0.034030 3.232680
v 2.475000 0.495970 3.244050
v 2.475000 0.441777 3.341377
v 2.475000 0.360671 3.406408
v 2.475000 0.265000 3.429245
v 2.475000 0.169329 3.406408
v 2.475000 0.088223 3.341377
v 2.475000 0.034030 3.244050
v 2.415391 0.495970 3.232680
v 2.364857 0.441777 3.320369
v 2.331092 0.360671 3.378960
v 2.319235 0.265000 3.399535
v 2.331092 0.169329 3.378960
v 2.364857 0.088223 3.320369
v 2.415391 0.034030 3.232680
v 2.367589 0.495970 3.200824
v 2.276530 0.441777 3.261507
v 2.215687 0.360671 3.302053
v 2.194321 0.265000 3.316292
v 2.215687 0.169329 3.302053
v 2.276530 0.088223 3.261507
v 2.367589 0.034030 3.200824
v 2.341060 0.495970 3.154791
v 2.227512 0.441777 3.176448
v 2.151642 0.360671 3.190919
v 2.125000 0.265000 3.196001
v 2.151642 0.169329 3.190919
v 2.227512 0.088223 3.176448
v 2.341060 0.034030 3.154791
v 2.341061 0.495970 3.103698
v 2.227512 0.441777 3.082041
v 2.151642 0.360671 3.067570
v 2.125000 0.265000 3.062488
v 2.151642 0.169329 3.067570
v 2.227512 0.088223 3.082041
v 2.341061 0.034030 3.103698
v 2.367589 0.495970 3.057665
v 2.276531 0.441777 2.996982
v 2.215687 0.360671 2.956436
v 2.194321 0.265000 2.942198
v 2.215687 0.169329 2.956436
v 2.276531 0.088223 2.996982
v 2.367589 0.034030 3.057665
v 2.415391 0.495970 3.025809
v 2.364857 0.441777 2.938120
v 2.331092 0.360671 2.879529
v 2.319235 0.265000 2.858954
v 2.331092 0.169329 2.879529
v 2.364857 0.088223 2.938120
v 2.415391 0.034030 3.025809
v 2.475000 0.495970 3.014440
v 2.475000 0.441777 2.917112
v 2.475000 0.360671 2.852081
v 2.475000 0.088223 2.917112
v 2.475000 0.015000 3.129245
v 3.025000 0.225000 2.629244
v 3.025000 0.144636 2.648275
v 3.025000 0.030985 2.783574
v 3.025000 0.435000 2.879244
v 3.071835 0.419014 2.793048
v 3.111541 0.373492 2.719974
v 3.138070 0.305363 2.671148
v 3.147386 0.225000 2.654002
v 3.138070 0.144636 2.671148
v 3.111541 0.076508 2.719974
v 3.071835 0.030985 2.793048
v 3.109394 0.419014 2.819595
v 3.180940 0.373492 2.769026
v 3.228746 0.305363 2.735237
v 3.245533 0.225000 2.723372
v 3.228746 0.144636 2.735237
v 3.180940 0.076508 2.769026
v 3.109394 0.030985 2.819595
v 3.130238 0.419014 2.857956
v 3.219455 0.373492 2.839908
v 3.279067 0.305363 2.827849
v 3.300000 0.225000 2.823614
v 3.279067 0.144636 2.827849
v 3.219455 0.076508 2.839908
v 3.130238 0.030985 2.857956
v 3.130238 0.419014 2.900533
v 3.219455 0.373492 2.918581
v 3.279067 0.305363 2.930640
v 3.300000 0.225000 2.934875
v 3.279067 0.144636 2.930640
v 3.219455 0.076508 2.918581
v 3.130238 0.030985 2.900533
v 3.109394 0.419014 2.938894
v 3.180940 0.373492 2.989463
v 3.228746 0.305363 3.023252
v 3.245533 0.225000 3.035117
v 3.228746 0.144636 3.023252
v 3.180940 0.076508 2.989463
v 3.109394 0.030985 2.938894
v 3.071835 0.419014 2.965441
v 3.111541 0.373492 3.038515
v 3.138070 0.305363 3.087341
v 3.147386 0.225000 3.104487
v 3.138070 0.144636 3.087341
v 3.111541 0.076508 3.038515
v 3.071835 0.030985 2.965441
v 3.025000 0.419014 2.974916
v 3.025000 0.373492 3.056021
v 3.025000 0.305363 3.110214
v 3.025000 0.225000 3.129245
v 3.025000 0.144636 3.110214
v 3.025000 0.076508 3.056021
v 3.025000 0.030985 2.974916
v 2.978165 0.419014 2.965441
v 2.938460 0.373492 3.038515
v 2.911930 0.305363 3.087341
v 2.902613 0.225000 3.104487
v 2.911930 0.144636 3.087341
v 2.938460 0.076508 3.038515
v 2.978165 0.030985 2.965441
v 2.940606 0.419014 2.938894
v 2.869060 0.373492 2.989463
v 2.821254 0.305363 3.023252
v 2.804467 0.225000 3.035117
v 2.821254 0.144636 3.023252
v 2.869060 0.076508 2.989463
v 2.940606 0.030985 2.938894
v 2.919762 0.419014 2.900533
v 2.830546 0.373492 2.918581
v 2.770933 0.305363 2.930640
v 2.750000 0.225000 2.934875
v 2.770933 0.144636 2.930640
v 2.830546 0.076508 2.918581
v 2.919762 0.030985 2.900533
v 2.919762 0.419014 2.857956
v 2.830546 0.373492 2.839908
v 2.770933 0.305363 2.827849
v 2.750000 0.225000 2.823614
v 2.770933 0.144636 2.827849
v 2.830546 0.076508 2.839908
v 2.919762 0.030985 2.857956
v 2.940606 0.419014 2.819595
v 2.869060 0.373492 2.769026
v 2.821254 0.305363 2.735237
v 2.804467 0.225000 2.723372
v 2.821254 0.144636 2.735237
v 2.869060 0.076508 2.769026
v 2.940606 0.030985 2.819595
v 2.978165 0.419014 2.793048
v 2.938460 0.373492 2.719974
v 2.911930 0.305363 2.671148
v 2.902613 0.225000 2.654002
v 2.911930 0.144636 2.671148
v 2.938460 0.076508 2.719974
v 2.978165 0.030985 2.793048
v 3.025000 0.419014 2.783574
v 3.025000 0.373492 2.702468
v 3.025000 0.305363 2.648275
v 3.025000 0.076508 2.702468
v 3.025000 0.015000 2.879244
v -5.034733 0.005000 3.110270
v -5.034733 0.325000 3.110270
v -4.872039 0.005000 2.744851
v -4.872039 0.325000 2.744851
v -4.577960 0.005000 3.313638
v -4.577960 0.325000 3.313638
v -4.415266 0.005000 2.948219
v -4.415266 0.325000 2.948219
v 4.163337 0.005000 2.265383
v 4.163337 0.305000 2.265383
v 3.841943 0.005000 1.882360
v 3.841943 0.305000 1.882360
v 4.508057 0.005000 1.976128
v 4.508057 0.305000 1.976128
v 4.186664 0.005000 1.593106
v 4.186664 0.305000 1.593106
v 0.075000 0.355000 2.349244
v 0.075000 0.249762 2.364469
v 0.075000 0.100933 2.472708
v 0.075000 0.630000 2.549244
v 0.185701 0.609066 2.480287
v 0.279550 0.549454 2.421828
v 0.342257 0.460238 2.382767
v 0.364277 0.355000 2.369051
v 0.342257 0.249762 2.382767
v 0.279550 0.160546 2.421828
v 0.185701 0.100933 2.480287
v 0.274477 0.609066 2.501524
v 0.443586 0.549454 2.461070
v 0.556581 0.460238 2.434039
v 0.596259 0.355000 2.424546
v 0.556581 0.249762 2.434039
v 0.443586 0.160546 2.461070
v 0.274477 0.100933 2.501524
v 0.323744 0.609066 2.532213
v 0.534619 0.549454 2.517775
v 0.675522 0.460238 2.508128
v 0.725000 0.355000 2.504740
v 0.675522 0.249762 2.508128
v 0.534619 0.160546 2.517775
v 0.323744 0.100933 2.532213
v 0.323744 0.609066 2.566276
v 0.534619 0.549454 2.580714
v 0.675522 0.460238 2.590361
v 0.725000 0.355000 2.593749
v 0.675522 0.249762 2.590361
v 0.534619 0.160546 2.580714
v 0.323744 0.100933 2.566276
v 0.274477 0.609066 2.596964
v 0.443586 0.549454 2.637419
v 0.556581 0.460238 2.664450
v 0.596259 0.355000 2.673942
v 0.556581 0.249762 2.664450
v 0.443586 0.160546 2.637419
v 0.274477 0.100933 2.596964
v 0.185701 0.609066 2.618202
v 0.279550 0.549454 2.676661
v 0.342257 0.460238 2.715722
v 0.364277 0.355000 2.729438
v 0.342257 0.249762 2.715722
v 0.279550 0.160546 2.676661
v 0.185701 0.100933 2.618202
v 0.075000 0.609066 2.625781
v 0.075000 0.549454 2.690666
v 0.075000 0.460238 2.734020
v 0.075000 0.355000 2.749244
v 0.075000 0.249762 2.734020
v 0.075000 0.160546 2.690666
v 0.075000 0.100933 2.625781
v -0.035702 0.609066 2.618202
v -0.129550 0.549454 2.676661
v -0.192257 0.460238 2.715722
v -0.214277 0.355000 2.729438
v -0.192257 0.249762 2.715722
v -0.129550 0.160546 2.676661
v -0.035702 0.100933 2.618202
v -0.124478 0.609066 2.596964
v -0.293586 0.549454 2.637419
v -0.406581 0.460238 2.664450
v -0.446259 0.355000 2.673942
v -0.406581 0.249762 2.664450
v -0.293586 0.160546 2.637419
v -0.124478 0.100933 2.596964
v -0.173744 0.609066 2.566276
v -0.384619 0.549454 2.580714
v -0.525522 0.460238 2.590361
v -0.575000 0.355000 2.593749
v -0.525522 0.249762 2.590361
v -0.384619 0.160546 2.580714
v -0.173744 0.100933 2.566276
v -0.173744 0.609066 2.532213
v -0.384619 0.549454 2.517775
v -0.525522 0.460238 2.508128
v -0.575000 0.355000 2.504740
v -0.525522 0.249762 2.508128
v -0.384619 0.160546 2.517775
v -0.173744 0.100933 2.532213
v -0.124477 0.609066 2.501524
v -0.293586 0.549454 2.461070
v -0.406581 0.460238 2.434038
v -0.446259 0.355000 2.424546
v -0.406581 0.249762 2.434038
v -0.293586 0.160546 2.461070
v -0.124477 0.100933 2.501524
v -0.035702 0.609066 2.480287
v -0.129550 0.549454 2.421828
v -0.192257 0.460238 2.382767
v -0.214277 0.355000 2.369051
v -0.192257 0.249762 2.382767
v -0.129550 0.160546 2.421828
v -0.035702 0.100933 2.480287
v 0.075000 0.609066 2.472708
v 0.075000 0.549454 2.407823
v 0.075000 0.460238 2.364469
v 0.075000 0.160546 2.407823
v 0.075000 0.080000 2.549244
v -3.325000 0.355000 2.349244
v -3.325000 0.249762 2.364469
v -3.325000 0.100933 2.472708
v -3.325000 0.630000 2.549244
v -3.214298 0.609066 2.480287
v -3.120450 0.549454 2.421828
v -3.057743 0.460238 2.382767
v -3.035723 0.355000 2.369051
v -3.057743 0.249762 2.382767
v -3.120450 0.160546 2.421828
v -3.214298 0.100933 2.480287
v -3.125523 0.609066 2.501524
v -2.956414 0.549454 2.461070
v -2.843419 0.460238 2.434039
v -2.803741 0.355000 2.424546
v -2.843419 0.249762 2.434039
v -2.956414 0.160546 2.461070
v -3.125523 0.100933 2.501524
v -3.076256 0.609066 2.532213
v -2.865381 0.549454 2.517775
v -2.724478 0.460238 2.508128
v -2.675000 0.355000 2.504740
v -2.724478 0.249762 2.508128
v -2.865381 0.160546 2.517775
v -3.076256 0.100933 2.532213
v -3.076256 0.609066 2.566276
v -2.865381 0.549454 2.580714
v -2.724478 0.460238 2.590361
v -2.675000 0.355000 2.593749
v -2.724478 0.249762 2.590361
v -2.865381 0.160546 2.580714
v -3.076256 0.100933 2.566276
v -3.125523 0.609066 2.596964
v -2.956414 0.549454 2.637419
v -2.843419 0.460238 2.664450
v -2.803741 0.355000 2.673942
v -2.843419 0.249762 2.664450
v -2.956414 0.160546 2.637419
v -3.125523 0.100933 2.596964
v -3.214298 0.609066 2.618202
v -3.120450 0.549454 2.676661
v -3.057743 0.460238 2.715722
v -3.035723 0.355000 2.729438
v -3.057743 0.249762 2.715722
v -3.120450 0.160546 2.676661
v -3.214298 0.100933 2.618202
v -3.325000 0.609066 2.625781
v -3.325000 0.549454 2.690666
v -3.325000 0.460238 2.734020
v -3.325000 0.355000 2.749244
v -3.325000 0.249762 2.734020
v -3.325000 0.160546 2.690666
v -3.325000 0.100933 2.625781
v -3.435702 0.609066 2.618202
v -3.529550 0.549454 2.676661
v -3.592257 0.460238 2.715722
v -3.614277 0.355000 2.729438
v -3.592257 0.249762 2.715722
v -3.529550 0.160546 2.676661
v -3.435702 0.100933 2.618202
v -3.524477 0.609066 2.596964
v -3.693586 0.549454 2.637419
v -3.806581 0.460238 2.664450
v -3.846259 0.355000 2.673942
v -3.806581 0.249762 2.664450
v -3.693586 0.160546 2.637419
v -3.524477 0.100933 2.596964
v -3.573744 0.609066 2.566276
v -3.784619 0.549454 2.580714
v -3.925522 0.460238 2.590361
v -3.975000 0.355000 2.593749
v -3.925522 0.249762 2.590361
v -3.784619 0.160546 2.580714
v -3.573744 0.100933 2.566276
v -3.573744 0.609066 2.532213
v -3.784619 0.549454 2.517775
v -3.925522 0.460238 2.508128
v -3.975000 0.355000 2.504740
v -3.925522 0.249762 2.508128
v -3.784619 0.160546 2.517775
v -3.573744 0.100933 2.532213
v -3.524477 0.609066 2.501524
v -3.693586 0.549454 2.461070
v -3.806581 0.460238 2.434038
v -3.846259 0.355000 2.424546
v -3.806581 0.249762 2.434038
v -3.693586 0.160546 2.461070
v -3.524477 0.100933 2.501524
v -3.435702 0.609066 2.480287
v -3.529550 0.549454 2.421828
v -3.592257 0.460238 2.382767
v -3.614277 0.355000 2.369051
v -3.592257 0.249762 2.382767
v -3.529550 0.160546 2.421828
v -3.435702 0.100933 2.480287
v -3.325000 0.609066 2.472708
v -3.325000 0.549454 2.407823
v -3.325000 0.460238 2.364469
v -3.325000 0.160546 2.407823
v -3.325000 0.080000 2.549244
v 0.123584 1.709408 2.659244
v 0.089460 1.987321 2.659244
v 0.123584 1.709408 2.599244
v 0.089460 1.987321 2.599244
v 1.860539 1.922679 2.659244
v 1.826416 2.200592 2.659244
v 1.860539 1.922679 2.599244
v 1.826416 2.200592 2.599244
v 0.091128 1.441794 2.669244
v 0.115531 1.720728 2.669244
v 0.091128 1.441794 2.609244
v 0.115531 1.720728 2.609244
v 1.834468 1.289271 2.669244
v 1.858872 1.568206 2.669244
v 1.834468 1.289271 2.609244
v 1.858872 1.568206 2.609244
vn -1.0000 -0.0000 -0.0000
vn -0.0000 -0.0000 -1.0000
vn 1.0000 -0.0000 -0.0000
vn -0.0000 -0.0000 1.0000
vn -0.0000 -1.0000 -0.0000
vn -0.0000 1.0000 -0.0000
vn -0.0000 0.0001 1.0000
vn -0.0000 -0.0001 1.0000
vn -0.0000 -0.0004 1.0000
vn -0.0000 -0.0001 -1.0000
vn 0.0330 0.3117 -0.9496
vn 0.0691 0.3063 -0.9494
vn 0.0343 0.1523 -0.9877
vn 0.0164 0.1552 -0.9877
vn 0.0622 0.5875 -0.8068
vn 0.1300 0.5766 -0.8066
vn 0.0854 0.8060 -0.5857
vn 0.1783 0.7908 -0.5855
vn 0.1002 0.9462 -0.3078
vn 0.2093 0.9282 -0.3077
vn 0.1050 0.9914 -0.0783
vn 0.2193 0.9725 -0.0784
vn 0.1050 0.9914 0.0783
vn 0.2193 0.9725 0.0784
vn 0.1002 0.9462 0.3078
vn 0.2093 0.9282 0.3078
vn 0.0854 0.8060 0.5857
vn 0.1783 0.7907 0.5856
vn 0.0622 0.5875 0.8068
vn 0.1300 0.5766 0.8066
vn 0.0330 0.3118 0.9496
vn 0.0691 0.3064 0.9494
vn 0.0164 0.1553 0.9877
vn 0.0343 0.1522 0.9878
vn 0.1077 0.2955 -0.9493
vn 0.0535 0.1467 -0.9877
vn 0.2026 0.5555 -0.8064
vn 0.2778 0.7617 -0.5854
vn 0.3260 0.8939 -0.3076
vn 0.3416 0.9366 -0.0785
vn 0.3416 0.9366 0.0784
vn 0.3260 0.8939 0.3077
vn 0.2778 0.7616 0.5854
vn 0.2026 0.5556 0.8064
vn 0.1078 0.2955 0.9493
vn 0.0535 0.1466 0.9878
vn 0.1476 0.2781 -0.9491
vn 0.0732 0.1380 -0.9877
vn 0.2773 0.5224 -0.8063
vn 0.3801 0.7162 -0.5854
vn 0.4461 0.8405 -0.3076
vn 0.4674 0.8806 -0.0784
vn 0.4674 0.8806 0.0784
vn 0.4461 0.8405 0.3076
vn 0.3801 0.7162 0.5854
vn 0.2773 0.5225 0.8063
vn 0.1476 0.2781 0.9492
vn 0.0731 0.1378 0.9878
vn 0.1865 0.2539 -0.9491
vn 0.0925 0.1259 -0.9877
vn 0.3503 0.4767 -0.8063
vn 0.4801 0.6534 -0.5853
vn 0.5634 0.7668 -0.3076
vn 0.5903 0.8034 -0.0784
vn 0.5903 0.8034 0.0784
vn 0.5634 0.7668 0.3076
vn 0.4801 0.6533 0.5854
vn 0.3503 0.4767 0.8062
vn 0.1865 0.2538 0.9491
vn 0.0924 0.1256 0.9878
vn 0.2223 0.2233 -0.9491
vn 0.1102 0.1106 -0.9877
vn 0.4174 0.4193 -0.8062
vn 0.5721 0.5746 -0.5853
vn 0.6714 0.6743 -0.3076
vn 0.7034 0.7065 -0.0784
vn 0.7034 0.7064 0.0784
vn 0.6714 0.6743 0.3077
vn 0.5721 0.5746 0.5853
vn 0.4175 0.4192 0.8062
vn 0.2223 0.2233 0.9491
vn 0.1101 0.1106 0.9878
vn 0.2529 0.1878 -0.9491
vn 0.1254 0.0931 -0.9877
vn 0.4750 0.3526 -0.8062
vn 0.6510 0.4833 -0.5853
vn 0.7640 0.5671 -0.3077
vn 0.8005 0.5942 -0.0785
vn 0.8005 0.5942 0.0785
vn 0.7640 0.5671 0.3078
vn 0.6510 0.4833 0.5854
vn 0.4751 0.3526 0.8062
vn 0.2529 0.1878 0.9491
vn 0.1252 0.0931 0.9878
vn 0.2771 0.1493 -0.9492
vn 0.1375 0.0741 -0.9877
vn 0.5207 0.2805 -0.8064
vn 0.7138 0.3845 -0.5854
vn 0.8377 0.4512 -0.3077
vn 0.8777 0.4727 -0.0785
vn 0.8777 0.4727 0.0785
vn 0.8377 0.4511 0.3077
vn 0.7138 0.3844 0.5854
vn 0.5208 0.2805 0.8063
vn 0.2772 0.1493 0.9492
vn 0.1374 0.0740 0.9878
vn 0.2946 0.1099 -0.9493
vn 0.1464 0.0545 -0.9877
vn 0.5540 0.2066 -0.8065
vn 0.7596 0.2833 -0.5854
vn 0.8915 0.3325 -0.3077
vn 0.9341 0.3483 -0.0785
vn 0.9341 0.3483 0.0785
vn 0.8915 0.3324 0.3077
vn 0.7596 0.2832 0.5855
vn 0.5540 0.2066 0.8065
vn 0.2946 0.1099 0.9493
vn 0.1462 0.0546 0.9877
vn 0.3059 0.0713 -0.9494
vn 0.1522 0.0354 -0.9877
vn 0.5757 0.1341 -0.8066
vn 0.7894 0.1839 -0.5856
vn 0.9266 0.2159 -0.3078
vn 0.9709 0.2262 -0.0785
vn 0.9709 0.2262 0.0785
vn 0.9266 0.2159 0.3079
vn 0.7894 0.1840 0.5857
vn 0.5757 0.1341 0.8066
vn 0.3059 0.0713 0.9494
vn 0.1520 0.0355 0.9877
vn 0.3119 0.0346 -0.9495
vn 0.1554 0.0172 -0.9877
vn 0.5873 0.0651 -0.8067
vn 0.8055 0.0893 -0.5858
vn 0.9456 0.1049 -0.3080
vn 0.9908 0.1099 -0.0784
vn 0.9908 0.1099 0.0784
vn 0.9456 0.1049 0.3080
vn 0.8055 0.0893 0.5858
vn 0.5874 0.0651 0.8067
vn 0.3119 0.0346 0.9495
vn 0.1552 0.0172 0.9877
vn 0.3137 -0.0006 -0.9495
vn 0.1564 -0.0003 -0.9877
vn 0.5909 -0.0011 -0.8068
vn 0.8105 -0.0016 -0.5857
vn 0.9514 -0.0018 -0.3080
vn 0.9969 -0.0019 -0.0785
vn 0.9969 -0.0019 0.0785
vn 0.9514 -0.0018 0.3081
vn 0.8105 -0.0016 0.5858
vn 0.5909 -0.0011 0.8067
vn 0.3137 -0.0006 0.9495
vn 0.1562 -0.0003 0.9877
vn 0.3118 -0.0372 -0.9494
vn 0.1552 -0.0185 -0.9877
vn 0.5870 -0.0700 -0.8066
vn 0.8050 -0.0959 -0.5855
vn 0.9447 -0.1126 -0.3079
vn 0.9899 -0.1180 -0.0785
vn 0.9899 -0.1180 0.0785
vn 0.9447 -0.1126 0.3080
vn 0.8049 -0.0959 0.5856
vn 0.5870 -0.0700 0.8065
vn 0.3118 -0.0372 0.9494
vn 0.1550 -0.0185 0.9877
vn 0.3050 -0.0766 -0.9493
vn 0.1515 -0.0381 -0.9877
vn 0.5735 -0.1441 -0.8065
vn 0.7863 -0.1976 -0.5854
vn 0.9228 -0.2319 -0.3077
vn 0.9669 -0.2430 -0.0785
vn 0.9669 -0.2430 0.0785
vn 0.9228 -0.2319 0.3078
vn 0.7863 -0.1976 0.5855
vn 0.5735 -0.1441 0.8064
vn 0.3050 -0.0766 0.9493
vn 0.1514 -0.0380 0.9877
vn 0.2920 -0.1178 -0.9491
vn 0.1449 -0.0585 -0.9877
vn 0.5485 -0.2214 -0.8063
vn 0.7518 -0.3035 -0.5853
vn 0.8823 -0.3562 -0.3076
vn 0.9244 -0.3732 -0.0784
vn 0.9244 -0.3732 0.0784
vn 0.8823 -0.3562 0.3076
vn 0.7518 -0.3035 0.5854
vn 0.5485 -0.2214 0.8063
vn 0.2919 -0.1178 0.9492
vn 0.1447 -0.0584 0.9878
vn 0.2719 -0.1591 -0.9491
vn 0.1348 -0.0788 -0.9877
vn 0.5106 -0.2987 -0.8063
vn 0.6999 -0.4094 -0.5853
vn 0.8213 -0.4805 -0.3075
vn 0.8605 -0.5034 -0.0784
vn 0.8605 -0.5034 0.0784
vn 0.8213 -0.4805 0.3075
vn 0.6998 -0.4094 0.5853
vn 0.5106 -0.2988 0.8062
vn 0.2719 -0.1591 0.9491
vn 0.1346 -0.0787 0.9878
vn 0.2450 -0.1982 -0.9491
vn 0.1214 -0.0982 -0.9877
vn 0.4599 -0.3720 -0.8062
vn 0.6304 -0.5100 -0.5852
vn 0.7398 -0.5985 -0.3075
vn 0.7751 -0.6270 -0.0784
vn 0.7751 -0.6270 0.0784
vn 0.7398 -0.5984 0.3075
vn 0.6304 -0.5100 0.5853
vn 0.4600 -0.3721 0.8062
vn 0.2450 -0.1982 0.9490
vn 0.1213 -0.0981 0.9878
vn 0.2122 -0.2329 -0.9491
vn 0.1051 -0.1155 -0.9877
vn 0.3984 -0.4373 -0.8063
vn 0.5460 -0.5994 -0.5853
vn 0.6407 -0.7034 -0.3076
vn 0.6713 -0.7370 -0.0784
vn 0.6713 -0.7370 0.0784
vn 0.6407 -0.7034 0.3076
vn 0.5460 -0.5994 0.5853
vn 0.3984 -0.4374 0.8062
vn 0.2122 -0.2329 0.9491
vn 0.1050 -0.1153 0.9878
vn 0.1753 -0.2616 -0.9491
vn 0.0870 -0.1298 -0.9877
vn 0.3293 -0.4913 -0.8063
vn 0.4514 -0.6735 -0.5854
vn 0.5298 -0.7904 -0.3076
vn 0.5551 -0.8281 -0.0784
vn 0.5551 -0.8281 0.0784
vn 0.5298 -0.7904 0.3076
vn 0.4514 -0.6735 0.5854
vn 0.3293 -0.4914 0.8063
vn 0.1753 -0.2616 0.9491
vn 0.0869 -0.1296 0.9878
vn 0.1368 -0.2833 -0.9492
vn 0.0679 -0.1407 -0.9877
vn 0.2571 -0.5325 -0.8064
vn 0.3525 -0.7301 -0.5854
vn 0.4137 -0.8569 -0.3076
vn 0.4334 -0.8978 -0.0783
vn 0.4334 -0.8978 0.0783
vn 0.4137 -0.8569 0.3076
vn 0.3525 -0.7300 0.5855
vn 0.2571 -0.5325 0.8064
vn 0.1368 -0.2833 0.9492
vn 0.0679 -0.1406 0.9877
vn 0.0987 -0.2982 -0.9494
vn 0.0491 -0.1484 -0.9877
vn 0.1857 -0.5612 -0.8066
vn 0.2547 -0.7696 -0.5855
vn 0.2989 -0.9033 -0.3077
vn 0.3132 -0.9465 -0.0783
vn 0.3132 -0.9464 0.0783
vn 0.2990 -0.9033 0.3077
vn 0.2547 -0.7696 0.5856
vn 0.1857 -0.5612 0.8066
vn 0.0987 -0.2982 0.9494
vn 0.0490 -0.1483 0.9877
vn 0.0627 -0.3074 -0.9495
vn 0.0313 -0.1532 -0.9877
vn 0.1181 -0.5789 -0.8068
vn 0.1621 -0.7941 -0.5857
vn 0.1903 -0.9323 -0.3077
vn 0.1994 -0.9768 -0.0783
vn 0.1994 -0.9768 0.0783
vn 0.1903 -0.9323 0.3077
vn 0.1621 -0.7941 0.5857
vn 0.1182 -0.5789 0.8068
vn 0.0627 -0.3073 0.9495
vn 0.0312 -0.1529 0.9877
vn 0.0298 -0.3119 -0.9497
vn 0.0149 -0.1557 -0.9877
vn 0.0562 -0.5878 -0.8070
vn 0.0772 -0.8067 -0.5859
vn 0.0906 -0.9471 -0.3078
vn 0.0949 -0.9924 -0.0783
vn 0.0949 -0.9924 0.0783
vn 0.0906 -0.9471 0.3078
vn 0.0772 -0.8067 0.5859
vn 0.0562 -0.5879 0.8070
vn 0.0298 -0.3118 0.9497
vn 0.0149 -0.1554 0.9877
vn 0.0071 -0.3109 -0.9504
vn 0.0036 -0.1564 -0.9877
vn 0.0134 -0.5889 -0.8081
vn 0.0184 -0.8095 -0.5868
vn 0.0216 -0.9510 -0.3084
vn 0.0226 -0.9967 -0.0784
vn 0.0226 -0.9967 0.0784
vn 0.0216 -0.9510 0.3084
vn 0.0184 -0.8095 0.5868
vn 0.0134 -0.5890 0.8080
vn 0.0071 -0.3109 0.9504
vn 0.0036 -0.1563 0.9877
vn 0.1204 -0.1204 -0.9854
vn 0.0788 -0.0788 -0.9938
vn 0.2882 -0.2881 -0.9132
vn 0.4665 -0.4667 -0.7514
vn 0.6320 -0.6320 -0.4485
vn 0.7024 -0.7023 -0.1157
vn 0.7024 -0.7023 0.1157
vn 0.6320 -0.6320 0.4485
vn 0.4665 -0.4666 0.7514
vn 0.2882 -0.2882 0.9132
vn 0.1203 -0.1203 0.9854
vn 0.0787 -0.0786 0.9938
vn 0.1980 -0.1980 -0.9600
vn 0.3608 -0.3610 -0.8599
vn 0.5227 -0.5226 -0.6736
vn 0.6543 -0.6543 -0.3791
vn 0.7032 -0.7032 -0.1048
vn 0.7032 -0.7032 0.1048
vn 0.6543 -0.6543 0.3791
vn 0.5226 -0.5225 0.6736
vn 0.3608 -0.3610 0.8599
vn 0.1981 -0.1980 0.9600
vn -0.1980 -0.1980 -0.9600
vn -0.0787 -0.0788 -0.9938
vn -0.3609 -0.3610 -0.8599
vn -0.5226 -0.5226 -0.6736
vn -0.6542 -0.6543 -0.3793
vn -0.7032 -0.7032 -0.1049
vn -0.7032 -0.7032 0.1049
vn -0.6542 -0.6543 0.3793
vn -0.5226 -0.5226 0.6737
vn -0.3609 -0.3610 0.8599
vn -0.1981 -0.1980 0.9600
vn -0.0787 -0.0786 0.9938
vn -0.1980 0.1980 -0.9600
vn -0.0787 0.0786 -0.9938
vn -0.3609 0.3610 -0.8599
vn -0.5226 0.5226 -0.6736
vn -0.6542 0.6543 -0.3793
vn -0.7032 0.7032 -0.1049
vn -0.7032 0.7032 0.1049
vn -0.6542 0.6543 0.3793
vn -0.5226 0.5225 0.6737
vn -0.3609 0.3610 0.8599
vn -0.1981 0.1981 0.9600
vn -0.0787 0.0787 0.9938
vn 0.0078 0.3110 -0.9504
vn 0.0039 0.1562 -0.9877
vn 0.0148 0.5891 -0.8079
vn 0.0204 0.8095 -0.5867
vn 0.0240 0.9510 -0.3083
vn 0.0251 0.9966 -0.0784
vn 0.0251 0.9966 0.0784
vn 0.0240 0.9510 0.3083
vn 0.0204 0.8095 0.5867
vn 0.0148 0.5892 0.8079
vn 0.0078 0.3112 0.9503
vn 0.0039 0.1564 0.9877
vn -0.0070 0.3069 -0.9517
vn -0.0288 0.3030 -0.9526
vn -0.0148 0.1558 -0.9877
vn -0.0036 0.1567 -0.9876
vn -0.0134 0.5860 -0.8102
vn -0.0552 0.5815 -0.8117
vn -0.0184 0.8079 -0.5890
vn -0.0764 0.8034 -0.5906
vn -0.0217 0.9506 -0.3097
vn -0.0899 0.9462 -0.3108
vn -0.0227 0.9966 -0.0786
vn -0.0943 0.9924 -0.0788
vn -0.0227 0.9966 0.0786
vn -0.0943 0.9924 0.0788
vn -0.0217 0.9506 0.3098
vn -0.0899 0.9462 0.3108
vn -0.0184 0.8079 0.5890
vn -0.0763 0.8034 0.5906
vn -0.0134 0.5861 0.8101
vn -0.0553 0.5815 0.8116
vn -0.0070 0.3069 0.9517
vn -0.0288 0.3029 0.9526
vn -0.0036 0.1564 0.9877
vn -0.0148 0.1555 0.9877
vn -0.0598 0.2978 -0.9527
vn -0.0308 0.1533 -0.9877
vn -0.1150 0.5722 -0.8120
vn -0.1589 0.7910 -0.5909
vn -0.1872 0.9318 -0.3110
vn -0.1964 0.9774 -0.0788
vn -0.1964 0.9774 0.0788
vn -0.1872 0.9318 0.3110
vn -0.1589 0.7909 0.5909
vn -0.1150 0.5723 0.8119
vn -0.0598 0.2978 0.9528
vn -0.0308 0.1532 0.9877
vn -0.0932 0.2885 -0.9529
vn -0.0481 0.1488 -0.9877
vn -0.1793 0.5549 -0.8124
vn -0.2480 0.7674 -0.5913
vn -0.2922 0.9043 -0.3112
vn -0.3066 0.9486 -0.0789
vn -0.3065 0.9486 0.0789
vn -0.2922 0.9043 0.3113
vn -0.2480 0.7674 0.5913
vn -0.1793 0.5550 0.8123
vn -0.0932 0.2885 0.9529
vn -0.0480 0.1486 0.9877
vn -0.1284 0.2741 -0.9531
vn -0.0663 0.1416 -0.9877
vn -0.2471 0.5276 -0.8128
vn -0.3419 0.7301 -0.5917
vn -0.4030 0.8606 -0.3115
vn -0.4228 0.9028 -0.0789
vn -0.4228 0.9028 0.0789
vn -0.4030 0.8605 0.3115
vn -0.3419 0.7301 0.5917
vn -0.2471 0.5277 0.8127
vn -0.1283 0.2741 0.9531
vn -0.0662 0.1414 0.9877
vn -0.1640 0.2536 -0.9533
vn -0.0848 0.1312 -0.9877
vn -0.3162 0.4888 -0.8131
vn -0.4377 0.6767 -0.5921
vn -0.5160 0.7978 -0.3117
vn -0.5414 0.8371 -0.0789
vn -0.5414 0.8371 0.0789
vn -0.5160 0.7978 0.3117
vn -0.4377 0.6767 0.5921
vn -0.3162 0.4889 0.8130
vn -0.1640 0.2536 0.9533
vn -0.0847 0.1311 0.9877
vn -0.1987 0.2269 -0.9534
vn -0.1029 0.1175 -0.9877
vn -0.3833 0.4377 -0.8133
vn -0.5308 0.6061 -0.5923
vn -0.6259 0.7148 -0.3119
vn -0.6567 0.7500 -0.0790
vn -0.6567 0.7500 0.0790
vn -0.6259 0.7148 0.3120
vn -0.5308 0.6061 0.5924
vn -0.3834 0.4378 0.8133
vn -0.1987 0.2269 0.9534
vn -0.1028 0.1175 0.9877
vn -0.2304 0.1943 -0.9535
vn -0.1194 0.1007 -0.9877
vn -0.4446 0.3749 -0.8135
vn -0.6159 0.5193 -0.5925
vn -0.7263 0.6124 -0.3121
vn -0.7621 0.6426 -0.0791
vn -0.7621 0.6426 0.0791
vn -0.7263 0.6125 0.3121
vn -0.6158 0.5193 0.5925
vn -0.4447 0.3750 0.8134
vn -0.2304 0.1943 0.9535
vn -0.1192 0.1007 0.9877
vn -0.2573 0.1570 -0.9535
vn -0.1333 0.0813 -0.9877
vn -0.4965 0.3029 -0.8135
vn -0.6877 0.4196 -0.5925
vn -0.8110 0.4948 -0.3120
vn -0.8510 0.5192 -0.0790
vn -0.8510 0.5192 0.0790
vn -0.8110 0.4949 0.3121
vn -0.6877 0.4196 0.5925
vn -0.4966 0.3030 0.8134
vn -0.2573 0.1570 0.9535
vn -0.1332 0.0813 0.9878
vn -0.2782 0.1169 -0.9534
vn -0.1440 0.0605 -0.9877
vn -0.5364 0.2255 -0.8133
vn -0.7427 0.3123 -0.5923
vn -0.8758 0.3683 -0.3119
vn -0.9189 0.3864 -0.0790
vn -0.9189 0.3864 0.0790
vn -0.8758 0.3683 0.3120
vn -0.7427 0.3123 0.5924
vn -0.5365 0.2256 0.8132
vn -0.2781 0.1170 0.9534
vn -0.1438 0.0605 0.9878
vn -0.2924 0.0763 -0.9532
vn -0.1512 0.0394 -0.9877
vn -0.5634 0.1470 -0.8130
vn -0.7798 0.2035 -0.5920
vn -0.9194 0.2399 -0.3117
vn -0.9646 0.2517 -0.0789
vn -0.9646 0.2517 0.0789
vn -0.9194 0.2399 0.3118
vn -0.7798 0.2035 0.5921
vn -0.5635 0.1471 0.8129
vn -0.2924 0.0763 0.9532
vn -0.1510 0.0394 0.9878
vn -0.3005 0.0370 -0.9531
vn -0.1551 0.0191 -0.9877
vn -0.5785 0.0712 -0.8126
vn -0.8002 0.0985 -0.5916
vn -0.9431 0.1161 -0.3114
vn -0.9894 0.1218 -0.0788
vn -0.9894 0.1219 0.0788
vn -0.9431 0.1161 0.3115
vn -0.8002 0.0985 0.5916
vn -0.5785 0.0712 0.8125
vn -0.3005 0.0370 0.9531
vn -0.1549 0.0191 0.9877
vn -0.3039 0.0019 -0.9527
vn -0.1564 0.0010 -0.9877
vn -0.5838 0.0037 -0.8119
vn -0.8068 0.0051 -0.5908
vn -0.9504 0.0060 -0.3109
vn -0.9969 0.0062 -0.0786
vn -0.9969 0.0062 0.0786
vn -0.9504 0.0060 0.3109
vn -0.8068 0.0051 0.5909
vn -0.5839 0.0037 0.8119
vn -0.3039 0.0019 0.9527
vn -0.1562 0.0010 0.9877
vn -0.3029 -0.0291 -0.9526
vn -0.1557 -0.0150 -0.9877
vn -0.5814 -0.0559 -0.8117
vn -0.8033 -0.0772 -0.5906
vn -0.9461 -0.0909 -0.3108
vn -0.9923 -0.0953 -0.0786
vn -0.9923 -0.0953 0.0786
vn -0.9461 -0.0909 0.3108
vn -0.8032 -0.0772 0.5907
vn -0.5815 -0.0559 0.8116
vn -0.3029 -0.0291 0.9526
vn -0.1555 -0.0149 0.9877
vn -0.2977 -0.0603 -0.9528
vn -0.1533 -0.0310 -0.9877
vn -0.5720 -0.1159 -0.8120
vn -0.7906 -0.1602 -0.5910
vn -0.9314 -0.1887 -0.3111
vn -0.9770 -0.1980 -0.0788
vn -0.9770 -0.1980 0.0788
vn -0.9314 -0.1888 0.3112
vn -0.7906 -0.1602 0.5910
vn -0.5721 -0.1160 0.8119
vn -0.2977 -0.0603 0.9528
vn -0.1531 -0.0310 0.9877
vn -0.2881 -0.0941 -0.9530
vn -0.1486 -0.0485 -0.9877
vn -0.5542 -0.1811 -0.8124
vn -0.7665 -0.2505 -0.5914
vn -0.9033 -0.2952 -0.3113
vn -0.9476 -0.3096 -0.0789
vn -0.9476 -0.3096 0.0788
vn -0.9033 -0.2952 0.3114
vn -0.7665 -0.2504 0.5914
vn -0.5543 -0.1811 0.8124
vn -0.2881 -0.0941 0.9530
vn -0.1484 -0.0485 0.9877
vn -0.2730 -0.1300 -0.9532
vn -0.1411 -0.0672 -0.9877
vn -0.5258 -0.2505 -0.8129
vn -0.7277 -0.3466 -0.5918
vn -0.8579 -0.4086 -0.3116
vn -0.9000 -0.4287 -0.0790
vn -0.9000 -0.4287 0.0790
vn -0.8578 -0.4086 0.3117
vn -0.7277 -0.3466 0.5919
vn -0.5259 -0.2505 0.8128
vn -0.2730 -0.1300 0.9532
vn -0.1409 -0.0671 0.9878
vn -0.2514 -0.1668 -0.9534
vn -0.1301 -0.0863 -0.9877
vn -0.4849 -0.3217 -0.8132
vn -0.6714 -0.4454 -0.5922
vn -0.7917 -0.5252 -0.3119
vn -0.8307 -0.5511 -0.0791
vn -0.8307 -0.5511 0.0791
vn -0.7917 -0.5252 0.3120
vn -0.6714 -0.4454 0.5923
vn -0.4850 -0.3217 0.8132
vn -0.2514 -0.1668 0.9534
vn -0.1300 -0.0863 0.9878
vn -0.2231 -0.2026 -0.9535
vn -0.1156 -0.1049 -0.9877
vn -0.4306 -0.3909 -0.8135
vn -0.5964 -0.5414 -0.5926
vn -0.7035 -0.6385 -0.3121
vn -0.7382 -0.6700 -0.0790
vn -0.7382 -0.6700 0.0790
vn -0.7035 -0.6385 0.3121
vn -0.5964 -0.5413 0.5926
vn -0.4306 -0.3909 0.8135
vn -0.2231 -0.2025 0.9535
vn -0.1155 -0.1048 0.9878
vn -0.1886 -0.2348 -0.9536
vn -0.0978 -0.1217 -0.9877
vn -0.3642 -0.4532 -0.8136
vn -0.5045 -0.6278 -0.5927
vn -0.5951 -0.7405 -0.3121
vn -0.6245 -0.7771 -0.0790
vn -0.6245 -0.7770 0.0790
vn -0.5951 -0.7405 0.3122
vn -0.5045 -0.6278 0.5927
vn -0.3642 -0.4533 0.8136
vn -0.1886 -0.2347 0.9536
vn -0.0977 -0.1214 0.9878
vn -0.1499 -0.2614 -0.9535
vn -0.0777 -0.1354 -0.9877
vn -0.2894 -0.5045 -0.8135
vn -0.4008 -0.6987 -0.5926
vn -0.4727 -0.8241 -0.3121
vn -0.4960 -0.8647 -0.0790
vn -0.4960 -0.8647 0.0790
vn -0.4727 -0.8241 0.3121
vn -0.4008 -0.6987 0.5926
vn -0.2894 -0.5045 0.8134
vn -0.1499 -0.2614 0.9535
vn -0.0776 -0.1353 0.9878
vn -0.1095 -0.2813 -0.9533
vn -0.0567 -0.1456 -0.9877
vn -0.2112 -0.5424 -0.8131
vn -0.2924 -0.7509 -0.5922
vn -0.3448 -0.8854 -0.3118
vn -0.3618 -0.9289 -0.0789
vn -0.3618 -0.9289 0.0789
vn -0.3448 -0.8854 0.3118
vn -0.2924 -0.7509 0.5922
vn -0.2112 -0.5425 0.8131
vn -0.1095 -0.2813 0.9533
vn -0.0566 -0.1454 0.9878
vn -0.0700 -0.2944 -0.9531
vn -0.0362 -0.1520 -0.9877
vn -0.1348 -0.5669 -0.8127
vn -0.1865 -0.7843 -0.5917
vn -0.2199 -0.9245 -0.3115
vn -0.2307 -0.9698 -0.0789
vn -0.2307 -0.9698 0.0789
vn -0.2199 -0.9244 0.3115
vn -0.1865 -0.7843 0.5917
vn -0.1349 -0.5669 0.8126
vn -0.0700 -0.2943 0.9531
vn -0.0361 -0.1518 0.9878
vn -0.0333 -0.3016 -0.9528
vn -0.0172 -0.1555 -0.9877
vn -0.0640 -0.5798 -0.8123
vn -0.0885 -0.8016 -0.5912
vn -0.1043 -0.9446 -0.3111
vn -0.1094 -0.9909 -0.0788
vn -0.1094 -0.9909 0.0788
vn -0.1043 -0.9446 0.3112
vn -0.0885 -0.8016 0.5912
vn -0.0640 -0.5798 0.8122
vn -0.0333 -0.3016 0.9529
vn -0.0171 -0.1552 0.9877
vn -0.0080 -0.3066 -0.9518
vn -0.0041 -0.1567 -0.9876
vn -0.0152 -0.5857 -0.8104
vn -0.0210 -0.8077 -0.5892
vn -0.0247 -0.9505 -0.3098
vn -0.0259 -0.9966 -0.0786
vn -0.0259 -0.9966 0.0786
vn -0.0247 -0.9505 0.3098
vn -0.0210 -0.8077 0.5892
vn -0.0152 -0.5858 0.8103
vn -0.0080 -0.3066 0.9518
vn -0.0041 -0.1564 0.9877
vn 0.1204 -0.1205 -0.9854
vn 0.6320 -0.6320 0.4486
vn 0.4665 -0.4666 0.7515
vn 0.2883 -0.2882 0.9132
vn 0.1203 -0.1204 0.9854
vn 0.0787 -0.0787 0.9938
vn 0.1204 0.1204 -0.9854
vn 0.0788 0.0788 -0.9938
vn 0.2882 0.2881 -0.9132
vn 0.4665 0.4666 -0.7514
vn 0.6320 0.6320 -0.4485
vn 0.7024 0.7023 -0.1157
vn 0.7024 0.7023 0.1157
vn 0.6320 0.6320 0.4486
vn 0.4665 0.4666 0.7514
vn 0.2883 0.2882 0.9131
vn 0.1203 0.1204 0.9854
vn 0.0787 0.0787 0.9938
vn -0.1980 -0.1981 -0.9600
vn -0.0788 0.0787 -0.9938
vn -0.0788 -0.0788 -0.9938
vn -0.3610 -0.3610 -0.8599
vn -0.3610 0.3610 -0.8599
vn -0.5225 -0.5227 -0.6736
vn -0.5225 0.5227 -0.6736
vn -0.7032 -0.7032 -0.1050
vn -0.7032 0.7032 -0.1050
vn -0.7032 -0.7032 0.1050
vn -0.7032 0.7032 0.1050
vn -0.6542 -0.6543 0.3794
vn -0.6542 0.6543 0.3794
vn -0.5225 -0.5226 0.6737
vn -0.5225 0.5226 0.6737
vn -0.3610 -0.3609 0.8599
vn -0.3610 0.3609 0.8599
vn -0.1980 -0.1980 0.9600
vn -0.1980 0.1979 0.9600
vn 0.1980 0.1980 -0.9600
vn 0.0787 0.0787 -0.9938
vn 0.3610 0.3610 -0.8599
vn 0.5226 0.5227 -0.6736
vn 0.6543 0.6543 -0.3792
vn 0.7032 0.7032 -0.1049
vn 0.7032 0.7032 0.1049
vn 0.6543 0.6543 0.3793
vn 0.5225 0.5226 0.6737
vn 0.3610 0.3609 0.8599
vn 0.1980 0.1979 0.9600
vn 0.1980 -0.1981 -0.9600
vn 0.0787 -0.0788 -0.9938
vn 0.3610 -0.3610 -0.8599
vn 0.5226 -0.5227 -0.6736
vn 0.6543 -0.6543 -0.3792
vn 0.7032 -0.7032 -0.1049
vn 0.7032 -0.7032 0.1049
vn 0.6543 -0.6543 0.3793
vn 0.5225 -0.5226 0.6737
vn 0.3610 -0.3609 0.8599
vn 0.1980 -0.1980 0.9600
vn 0.1784 0.0905 -0.9798
vn 0.0638 0.0324 -0.9974
vn -0.0787 0.0788 -0.9938
vn -0.3610 0.3610 -0.8598
vn 0.3361 0.1708 -0.9262
vn 0.5392 0.2738 -0.7964
vn -0.6542 0.6543 -0.3794
vn 0.7734 0.3928 -0.4976
vn 0.8810 0.4475 -0.1536
vn 0.8810 0.4474 0.1536
vn 0.7734 0.3928 0.4976
vn -0.5225 0.5226 0.6736
vn 0.5392 0.2739 0.7964
vn -0.3611 0.3610 0.8598
vn 0.3361 0.1708 0.9262
vn -0.1980 0.1980 0.9600
vn 0.1784 0.0905 0.9798
vn -0.0787 0.0788 0.9938
vn 0.0638 0.0325 0.9974
vn 0.0847 0.0430 -0.9955
vn 0.2292 0.1164 -0.9664
vn 0.4173 0.2119 -0.8837
vn 0.6859 0.3483 -0.6389
vn 0.8761 0.4449 -0.1857
vn 0.8761 0.4449 0.1857
vn 0.6859 0.3484 0.6389
vn 0.4173 0.2119 0.8837
vn 0.2292 0.1163 0.9664
vn 0.0847 0.0431 0.9955
vn 0.0788 0.0787 -0.9938
vn 0.3609 0.3609 -0.8599
vn 0.5226 0.5226 -0.6737
vn 0.6543 0.6542 -0.3792
vn 0.7032 0.7032 -0.1048
vn 0.7032 0.7032 0.1048
vn 0.6543 0.6543 0.3792
vn 0.1981 0.1980 0.9600
vn 0.3609 -0.3610 -0.8599
vn 0.5226 -0.5226 -0.6736
vn 0.6543 -0.6542 0.3792
vn 0.5226 -0.5226 0.6736
vn 0.3610 -0.3611 0.8599
vn -0.1783 -0.0906 -0.9798
vn -0.0639 -0.0324 -0.9974
vn -0.3361 -0.1708 -0.9262
vn -0.5393 -0.2738 -0.7964
vn -0.7734 -0.3927 -0.4976
vn -0.8810 -0.4474 -0.1536
vn -0.8810 -0.4475 0.1536
vn -0.7734 -0.3928 0.4976
vn -0.5392 -0.2738 0.7964
vn -0.3361 -0.1708 0.9262
vn -0.1784 -0.0906 0.9798
vn -0.0638 -0.0324 0.9974
vn -0.0848 -0.0430 -0.9955
vn -0.0638 -0.0324 -0.9974
vn -0.2291 -0.1163 -0.9664
vn -0.4173 -0.2120 -0.8837
vn -0.6860 -0.3483 -0.6388
vn -0.8761 -0.4449 -0.1857
vn -0.8761 -0.4449 0.1857
vn -0.6859 -0.3483 0.6389
vn -0.4173 -0.2119 0.8837
vn -0.2292 -0.1164 0.9664
vn -0.0847 -0.0431 0.9955
vn -0.0638 -0.0325 0.9974
vn -0.1979 -0.1980 -0.9600
vn -0.3611 -0.3609 -0.8599
vn -0.5226 -0.5227 -0.6736
vn -0.6542 -0.6543 -0.3794
vn -0.3611 -0.3609 0.8599
vn -0.1980 -0.1981 0.9600
vn -0.0787 -0.0787 0.9938
vn -0.1981 0.1979 -0.9600
vn 0.1783 0.0905 -0.9798
vn -0.0787 0.0787 -0.9938
vn 0.5393 0.2739 -0.7964
vn -0.6543 0.6543 -0.3792
vn 0.8811 0.4474 -0.1536
vn -0.6543 0.6542 0.3793
vn 0.5392 0.2738 0.7964
vn -0.3610 0.3610 0.8599
vn 0.3361 0.1707 0.9262
vn -0.1981 0.1980 0.9600
vn 0.2291 0.1164 -0.9664
vn 0.4174 0.2120 -0.8837
vn 0.6859 0.3483 0.6389
vn 0.3611 0.3610 -0.8599
vn 0.5226 0.5226 -0.6736
vn 0.6542 0.6543 -0.3794
vn 0.7032 0.7032 -0.1050
vn 0.7032 0.7032 0.1050
vn 0.6542 0.6543 0.3794
vn 0.3611 0.3609 0.8599
vn 0.1980 0.1980 0.9600
vn 0.6542 -0.6543 -0.3793
vn 0.7032 -0.7032 -0.1050
vn 0.7032 -0.7032 0.1050
vn 0.6542 -0.6543 0.3794
vn 0.5225 -0.5226 0.6736
vn 0.3611 -0.3610 0.8598
vn 0.1980 -0.1981 0.9600
vn -0.5392 -0.2738 -0.7964
vn -0.7734 -0.3927 -0.4975
vn -0.8810 -0.4475 -0.1536
vn -0.7734 -0.3927 0.4976
vn -0.5392 -0.2739 0.7964
vn -0.3362 -0.1708 0.9262
vn -0.0847 -0.0430 -0.9955
vn -0.2291 -0.1164 -0.9664
vn -0.4174 -0.2120 -0.8837
vn -0.6859 -0.3483 -0.6389
vn -0.8761 -0.4450 -0.1857
vn -0.8761 -0.4450 0.1857
vn -0.1981 -0.1980 -0.9600
vn -0.5225 -0.5226 -0.6737
vn -0.6543 -0.6542 -0.3793
vn -0.6543 -0.6542 0.3793
vn -0.3610 -0.3610 0.8599
vn -0.1981 -0.1981 0.9600
vn -0.1679 -0.2603 -0.9508
vn -0.1183 -0.1835 -0.9759
vn -0.0716 -0.1109 -0.9912
vn -0.0716 -0.1110 -0.9912
vn -0.3035 -0.4707 -0.8284
vn -0.2622 -0.4066 -0.8752
vn -0.4237 -0.6568 -0.6237
vn -0.3971 -0.6158 -0.6805
vn -0.5100 -0.7908 -0.3384
vn -0.5013 -0.7774 -0.3800
vn -0.5398 -0.8369 -0.0901
vn -0.5396 -0.8364 -0.0961
vn -0.5398 -0.8369 0.0901
vn -0.5395 -0.8365 0.0961
vn -0.5100 -0.7908 0.3384
vn -0.5013 -0.7773 0.3801
vn -0.4237 -0.6568 0.6237
vn -0.3971 -0.6157 0.6806
vn -0.3036 -0.4708 0.8284
vn -0.2623 -0.4066 0.8751
vn -0.1679 -0.2603 0.9508
vn -0.1183 -0.1834 0.9759
vn -0.0715 -0.1108 0.9913
vn 0.1190 -0.1803 -0.9764
vn 0.0722 -0.1095 -0.9914
vn 0.2646 -0.4011 -0.8770
vn 0.4021 -0.6092 -0.6835
vn 0.5087 -0.7712 -0.3827
vn 0.5482 -0.8307 -0.0968
vn 0.5482 -0.8307 0.0968
vn 0.5087 -0.7712 0.3827
vn 0.4021 -0.6092 0.6835
vn 0.2647 -0.4012 0.8769
vn 0.1190 -0.1803 0.9764
vn 0.0721 -0.1093 0.9914
vn 0.1700 -0.2577 -0.9511
vn 0.3075 -0.4661 -0.8296
vn 0.4296 -0.6512 -0.6256
vn 0.5180 -0.7849 -0.3399
vn 0.5484 -0.8313 -0.0906
vn 0.5484 -0.8313 0.0906
vn 0.5180 -0.7849 0.3399
vn 0.4296 -0.6512 0.6256
vn 0.3076 -0.4661 0.8296
vn 0.1700 -0.2577 0.9511
vn 0.0722 -0.1093 0.9914
vn -0.1953 -0.1290 -0.9722
vn -0.0726 -0.0479 -0.9962
vn -0.3629 -0.2397 -0.9005
vn -0.5569 -0.3676 -0.7448
vn -0.7477 -0.4938 -0.4439
vn -0.8274 -0.5463 -0.1303
vn -0.8274 -0.5463 0.1303
vn -0.7477 -0.4938 0.4439
vn -0.5568 -0.3676 0.7448
vn -0.3629 -0.2397 0.9005
vn -0.1954 -0.1290 0.9722
vn -0.0725 -0.0479 0.9962
vn -0.1701 0.2576 -0.9512
vn -0.0722 0.1093 -0.9914
vn -0.3076 0.4659 -0.8297
vn -0.4298 0.6510 -0.6257
vn -0.5182 0.7848 -0.3400
vn -0.5487 0.8311 -0.0908
vn -0.5487 0.8311 0.0908
vn -0.5182 0.7848 0.3400
vn -0.4298 0.6510 0.6257
vn -0.3076 0.4659 0.8296
vn -0.1701 0.2577 0.9511
vn -0.0722 0.1093 0.9914
vn 0.1686 0.2594 -0.9509
vn 0.0718 0.1104 -0.9913
vn 0.3049 0.4692 -0.8288
vn 0.4256 0.6551 -0.6243
vn 0.5127 0.7889 -0.3389
vn 0.5427 0.8351 -0.0903
vn 0.5427 0.8351 0.0903
vn 0.5126 0.7889 0.3389
vn 0.4256 0.6551 0.6243
vn 0.3049 0.4693 0.8287
vn 0.1686 0.2596 0.9509
vn 0.0717 0.1103 0.9913
vn 0.1945 -0.1264 -0.9727
vn 0.0721 -0.0469 -0.9963
vn 0.3618 -0.2351 -0.9021
vn 0.5567 -0.3616 -0.7479
vn 0.7501 -0.4874 -0.4469
vn 0.8312 -0.5402 -0.1315
vn 0.8312 -0.5402 0.1315
vn 0.7501 -0.4874 0.4469
vn 0.5566 -0.3616 0.7479
vn 0.3618 -0.2352 0.9021
vn 0.1946 -0.1264 0.9727
vn 0.0721 -0.0468 0.9963
vn -0.1008 0.0655 -0.9927
vn 0.0011 -0.0801 -0.9968
vn 0.0009 -0.0624 -0.9981
vn -0.0722 0.0470 -0.9963
vn -0.2615 0.1699 -0.9501
vn 0.0031 -0.2219 -0.9751
vn -0.4580 0.2973 -0.8378
vn 0.0057 -0.4135 -0.9105
vn -0.6952 0.4514 -0.5595
vn 0.0097 -0.7178 -0.6962
vn -0.8288 0.5382 -0.1528
vn 0.0134 -0.9766 -0.2147
vn -0.8288 0.5382 0.1528
vn 0.0133 -0.9766 0.2146
vn -0.6951 0.4513 0.5596
vn 0.0097 -0.7177 0.6962
vn -0.4580 0.2974 0.8377
vn 0.0057 -0.4134 0.9105
vn -0.2616 0.1699 0.9501
vn 0.0031 -0.2220 0.9750
vn -0.1007 0.0654 0.9928
vn 0.0011 -0.0800 0.9968
vn -0.0721 0.0468 0.9963
vn 0.0009 -0.0623 0.9981
vn 0.1026 0.0687 -0.9923
vn 0.0730 0.0489 -0.9961
vn 0.2649 0.1772 -0.9479
vn 0.4613 0.3086 -0.8318
vn 0.6938 0.4642 -0.5506
vn 0.8218 0.5498 -0.1496
vn 0.8218 0.5498 0.1496
vn 0.6938 0.4641 0.5507
vn 0.4613 0.3086 0.8318
vn 0.2650 0.1773 0.9478
vn 0.1026 0.0686 0.9924
vn 0.0729 0.0487 0.9961
vn -0.4113 0.9115 -0.0000
vn 0.9893 0.1462 -0.0000
vn -0.6158 -0.7879 -0.0000
vn -0.8121 -0.5835 -0.0000
vn 0.8121 0.5835 -0.0000
vn 0.5835 -0.8121 -0.0000
vn -0.5835 0.8121 -0.0000
vn -0.3731 0.6462 -0.6657
vn -0.3731 0.6462 0.6657
vn -0.0974 0.7398 0.6657
vn -0.0974 0.7398 -0.6657
vn 0.1931 0.7208 0.6657
vn 0.1931 0.7208 -0.6657
vn 0.4543 0.5920 0.6657
vn 0.4543 0.5920 -0.6657
vn 0.6462 0.3731 0.6657
vn 0.6462 0.3731 -0.6657
vn 0.7398 0.0974 0.6657
vn 0.7398 0.0974 -0.6657
vn 0.7208 -0.1931 0.6657
vn 0.7208 -0.1931 -0.6657
vn 0.5920 -0.4543 0.6657
vn 0.5920 -0.4543 -0.6657
vn 0.3731 -0.6462 0.6657
vn 0.3731 -0.6462 -0.6657
vn 0.0974 -0.7398 0.6657
vn 0.0974 -0.7398 -0.6657
vn -0.1931 -0.7208 0.6657
vn -0.1931 -0.7208 -0.6657
vn -0.4543 -0.5920 0.6657
vn -0.4543 -0.5920 -0.6657
vn -0.6462 -0.3731 0.6657
vn -0.6462 -0.3731 -0.6657
vn -0.7398 -0.0974 0.6657
vn -0.7398 -0.0974 -0.6657
vn -0.7208 0.1931 0.6657
vn -0.7208 0.1931 -0.6657
vn -0.5920 0.4543 0.6657
vn -0.5920 0.4543 -0.6657
vn -0.0000 0.3420 -0.9397
vn -0.0000 -0.3420 0.9397
vn -0.0000 -0.9397 -0.3420
vn -0.0000 0.9397 0.3420
vn -0.9976 -0.0000 -0.0698
vn 0.0467 0.7431 -0.6675
vn 0.9976 -0.0000 0.0698
vn -0.0467 -0.7431 0.6675
vn 0.0518 -0.6691 -0.7413
vn -0.0518 0.6691 0.7413
vn -0.0000 -0.9914 -0.1305
vn 0.4954 -0.8612 -0.1134
vn 0.4954 -0.8687 -0.0000
vn 0.8613 -0.5037 -0.0663
vn 0.8614 -0.5080 -0.0000
vn 0.9999 -0.0107 -0.0014
vn 0.9999 -0.0108 -0.0000
vn 0.8707 0.4876 0.0642
vn 0.8707 0.4918 -0.0000
vn 0.5047 0.8559 0.1127
vn 0.5047 0.8633 -0.0000
vn -0.0000 0.9914 0.1305
vn -0.5047 0.8559 0.1127
vn -0.5047 0.8633 -0.0000
vn -0.8707 0.4876 0.0642
vn -0.8707 0.4918 -0.0000
vn -0.9999 -0.0107 -0.0014
vn -0.9999 -0.0108 -0.0000
vn -0.8614 -0.5037 -0.0663
vn -0.8614 -0.5080 -0.0000
vn -0.4954 -0.8612 -0.1134
vn -0.4954 -0.8687 -0.0000
vn -0.0000 -0.9659 -0.2588
vn 0.4954 -0.8391 -0.2248
vn 0.8614 -0.4907 -0.1315
vn 0.9999 -0.0104 -0.0028
vn 0.8707 0.4751 0.1273
vn 0.5047 0.8339 0.2234
vn -0.0000 0.9659 0.2588
vn -0.5047 0.8339 0.2234
vn -0.8707 0.4751 0.1273
vn -0.9999 -0.0104 -0.0028
vn -0.8614 -0.4907 -0.1315
vn -0.4954 -0.8391 -0.2248
vn -0.0000 -0.9239 -0.3827
vn 0.4954 -0.8025 -0.3324
vn 0.8614 -0.4693 -0.1944
vn 0.9999 -0.0100 -0.0041
vn 0.8707 0.4544 0.1882
vn 0.5047 0.7976 0.3304
vn -0.0000 0.9239 0.3827
vn -0.5047 0.7976 0.3304
vn -0.8707 0.4544 0.1882
vn -0.9999 -0.0100 -0.0041
vn -0.8614 -0.4693 -0.1944
vn -0.4954 -0.8025 -0.3324
vn -0.0000 -0.8660 -0.5000
vn 0.4954 -0.7523 -0.4343
vn 0.8614 -0.4399 -0.2540
vn 0.9999 -0.0093 -0.0054
vn 0.8707 0.4260 0.2459
vn 0.5047 0.7476 0.4316
vn -0.0000 0.8660 0.5000
vn -0.5047 0.7476 0.4316
vn -0.8707 0.4259 0.2459
vn -0.9999 -0.0093 -0.0054
vn -0.8614 -0.4399 -0.2540
vn -0.4954 -0.7523 -0.4343
vn -0.0000 -0.7934 -0.6088
vn 0.4954 -0.6892 -0.5288
vn 0.8614 -0.4030 -0.3092
vn 0.9999 -0.0086 -0.0066
vn 0.8707 0.3902 0.2994
vn 0.5047 0.6849 0.5255
vn -0.0000 0.7934 0.6088
vn -0.5047 0.6849 0.5255
vn -0.8707 0.3902 0.2994
vn -0.9999 -0.0086 -0.0066
vn -0.8614 -0.4030 -0.3092
vn -0.4954 -0.6892 -0.5288
vn -0.0000 -0.7071 -0.7071
vn 0.4954 -0.6142 -0.6142
vn 0.8614 -0.3592 -0.3592
vn 0.9999 -0.0076 -0.0076
vn 0.8707 0.3478 0.3478
vn 0.5047 0.6104 0.6104
vn -0.0000 0.7071 0.7071
vn -0.5047 0.6104 0.6104
vn -0.8707 0.3478 0.3478
vn -0.9999 -0.0076 -0.0076
vn -0.8614 -0.3592 -0.3592
vn -0.4954 -0.6142 -0.6142
vn -0.0000 -0.6088 -0.7934
vn 0.4954 -0.5288 -0.6892
vn 0.8614 -0.3092 -0.4030
vn 0.9999 -0.0066 -0.0085
vn 0.8707 0.2994 0.3902
vn 0.5047 0.5255 0.6849
vn -0.0000 0.6088 0.7934
vn -0.5047 0.5255 0.6849
vn -0.8707 0.2994 0.3902
vn -0.9999 -0.0066 -0.0086
vn -0.8614 -0.3092 -0.4030
vn -0.4954 -0.5288 -0.6892
vn -0.0000 -0.5000 -0.8660
vn 0.4954 -0.4343 -0.7523
vn 0.8614 -0.2540 -0.4399
vn 0.9999 -0.0054 -0.0093
vn 0.8707 0.2459 0.4259
vn 0.5047 0.4316 0.7476
vn -0.0000 0.5000 0.8660
vn -0.5047 0.4316 0.7476
vn -0.8707 0.2459 0.4259
vn -0.9999 -0.0054 -0.0093
vn -0.8614 -0.2540 -0.4399
vn -0.4954 -0.4343 -0.7523
vn -0.0000 -0.3827 -0.9239
vn 0.4954 -0.3324 -0.8025
vn 0.8614 -0.1944 -0.4693
vn 0.9999 -0.0041 -0.0100
vn 0.8707 0.1882 0.4544
vn 0.5047 0.3304 0.7976
vn -0.0000 0.3827 0.9239
vn -0.5047 0.3304 0.7976
vn -0.8707 0.1882 0.4544
vn -0.9999 -0.0041 -0.0100
vn -0.8614 -0.1944 -0.4693
vn -0.4954 -0.3324 -0.8025
vn -0.0000 -0.2588 -0.9659
vn 0.4954 -0.2248 -0.8391
vn 0.8614 -0.1315 -0.4907
vn 0.9999 -0.0028 -0.0104
vn 0.8707 0.1273 0.4751
vn 0.5047 0.2234 0.8339
vn -0.0000 0.2588 0.9659
vn -0.5047 0.2234 0.8339
vn -0.8707 0.1273 0.4751
vn -0.9999 -0.0028 -0.0104
vn -0.8614 -0.1315 -0.4907
vn -0.4954 -0.2248 -0.8391
vn -0.0000 -0.1305 -0.9914
vn 0.4954 -0.1134 -0.8612
vn 0.8614 -0.0663 -0.5037
vn 0.9999 -0.0014 -0.0107
vn 0.8707 0.0642 0.4876
vn 0.5047 0.1127 0.8559
vn -0.0000 0.1305 0.9914
vn -0.5047 0.1127 0.8559
vn -0.8707 0.0642 0.4876
vn -0.9999 -0.0014 -0.0107
vn -0.8614 -0.0663 -0.5036
vn -0.4954 -0.1134 -0.8612
vn 0.4954 -0.0000 -0.8687
vn 0.8614 -0.0000 -0.5080
vn 0.9999 -0.0000 -0.0108
vn 0.8707 -0.0000 0.4918
vn 0.5047 -0.0000 0.8633
vn -0.5047 -0.0000 0.8633
vn -0.8707 -0.0000 0.4918
vn -0.9999 -0.0000 -0.0108
vn -0.8614 -0.0000 -0.5080
vn -0.4954 -0.0000 -0.8687
vn -0.0000 0.1305 -0.9914
vn 0.4954 0.1134 -0.8612
vn 0.8614 0.0663 -0.5037
vn 0.9999 0.0014 -0.0107
vn 0.8707 -0.0642 0.4876
vn 0.5047 -0.1127 0.8559
vn -0.0000 -0.1305 0.9914
vn -0.5047 -0.1127 0.8559
vn -0.8707 -0.0642 0.4876
vn -0.9999 0.0014 -0.0107
vn -0.8614 0.0663 -0.5036
vn -0.4954 0.1134 -0.8612
vn -0.0000 0.2588 -0.9659
vn 0.4954 0.2248 -0.8391
vn 0.8614 0.1315 -0.4907
vn 0.9999 0.0028 -0.0104
vn 0.8707 -0.1273 0.4751
vn 0.5047 -0.2234 0.8339
vn -0.0000 -0.2588 0.9659
vn -0.5047 -0.2234 0.8339
vn -0.8707 -0.1273 0.4751
vn -0.9999 0.0028 -0.0104
vn -0.8614 0.1315 -0.4907
vn -0.4954 0.2248 -0.8391
vn -0.0000 0.3827 -0.9239
vn 0.4954 0.3324 -0.8025
vn 0.8614 0.1944 -0.4693
vn 0.9999 0.0041 -0.0100
vn 0.8707 -0.1882 0.4544
vn 0.5047 -0.3304 0.7976
vn -0.0000 -0.3827 0.9239
vn -0.5047 -0.3304 0.7976
vn -0.8707 -0.1882 0.4544
vn -0.9999 0.0041 -0.0100
vn -0.8614 0.1944 -0.4693
vn -0.4954 0.3324 -0.8025
vn -0.0000 0.5000 -0.8660
vn 0.4954 0.4343 -0.7523
vn 0.8614 0.2540 -0.4399
vn 0.9999 0.0054 -0.0093
vn 0.8707 -0.2459 0.4259
vn 0.5047 -0.4316 0.7476
vn -0.0000 -0.5000 0.8660
vn -0.5047 -0.4316 0.7476
vn -0.8707 -0.2459 0.4259
vn -0.9999 0.0054 -0.0093
vn -0.8614 0.2540 -0.4399
vn -0.4954 0.4343 -0.7523
vn -0.0000 0.6088 -0.7934
vn 0.4954 0.5288 -0.6892
vn 0.8614 0.3093 -0.4030
vn 0.9999 0.0066 -0.0086
vn 0.8707 -0.2994 0.3902
vn 0.5047 -0.5255 0.6849
vn -0.0000 -0.6088 0.7934
vn -0.5047 -0.5255 0.6849
vn -0.8707 -0.2994 0.3902
vn -0.9999 0.0066 -0.0086
vn -0.8614 0.3092 -0.4030
vn -0.4954 0.5288 -0.6892
vn -0.0000 0.7071 -0.7071
vn 0.4954 0.6142 -0.6142
vn 0.8614 0.3592 -0.3592
vn 0.9999 0.0076 -0.0076
vn 0.8707 -0.3478 0.3478
vn 0.5047 -0.6104 0.6104
vn -0.0000 -0.7071 0.7071
vn -0.5047 -0.6104 0.6104
vn -0.8707 -0.3478 0.3478
vn -0.9999 0.0076 -0.0076
vn -0.8614 0.3592 -0.3592
vn -0.4954 0.6142 -0.6142
vn -0.0000 0.7934 -0.6088
vn 0.4954 0.6892 -0.5288
vn 0.8614 0.4030 -0.3092
vn 0.9999 0.0086 -0.0066
vn 0.8707 -0.3902 0.2994
vn 0.5047 -0.6849 0.5255
vn -0.0000 -0.7934 0.6088
vn -0.5047 -0.6849 0.5255
vn -0.8707 -0.3902 0.2994
vn -0.9999 0.0086 -0.0066
vn -0.8614 0.4030 -0.3092
vn -0.4954 0.6892 -0.5288
vn -0.0000 0.8660 -0.5000
vn 0.4954 0.7523 -0.4343
vn 0.8614 0.4399 -0.2540
vn 0.9999 0.0093 -0.0054
vn 0.8707 -0.4260 0.2459
vn 0.5047 -0.7476 0.4316
vn -0.0000 -0.8660 0.5000
vn -0.5047 -0.7476 0.4316
vn -0.8707 -0.4259 0.2459
vn -0.9999 0.0093 -0.0054
vn -0.8614 0.4399 -0.2540
vn -0.4954 0.7523 -0.4343
vn -0.0000 0.9239 -0.3827
vn 0.4954 0.8025 -0.3324
vn 0.8614 0.4693 -0.1944
vn 0.9999 0.0100 -0.0041
vn 0.8707 -0.4544 0.1882
vn 0.5047 -0.7976 0.3304
vn -0.0000 -0.9239 0.3827
vn -0.5047 -0.7976 0.3304
vn -0.8707 -0.4544 0.1882
vn -0.9999 0.0100 -0.0041
vn -0.8614 0.4693 -0.1944
vn -0.4954 0.8025 -0.3324
vn -0.0000 0.9659 -0.2588
vn 0.4954 0.8391 -0.2248
vn 0.8614 0.4907 -0.1315
vn 0.9999 0.0104 -0.0028
vn 0.8707 -0.4751 0.1273
vn 0.5047 -0.8339 0.2234
vn -0.0000 -0.9659 0.2588
vn -0.5047 -0.8339 0.2234
vn -0.8707 -0.4751 0.1273
vn -0.9999 0.0104 -0.0028
vn -0.8614 0.4907 -0.1315
vn -0.4954 0.8391 -0.2248
vn -0.0000 0.9914 -0.1305
vn 0.4954 0.8612 -0.1134
vn 0.8614 0.5037 -0.0663
vn 0.9999 0.0107 -0.0014
vn 0.8707 -0.4876 0.0642
vn 0.5047 -0.8559 0.1127
vn -0.0000 -0.9914 0.1305
vn -0.5047 -0.8559 0.1127
vn -0.8707 -0.4876 0.0642
vn -0.9999 0.0107 -0.0014
vn -0.8614 0.5036 -0.0663
vn -0.4954 0.8612 -0.1134
vn 0.4954 0.8687 -0.0000
vn 0.8614 0.5080 -0.0000
vn 0.9999 0.0108 -0.0000
vn 0.8707 -0.4918 -0.0000
vn 0.5047 -0.8633 -0.0000
vn -0.5047 -0.8633 -0.0000
vn -0.8707 -0.4918 -0.0000
vn -0.9999 0.0108 -0.0000
vn -0.8614 0.5080 -0.0000
vn -0.4954 0.8687 -0.0000
vn 0.4954 0.8612 0.1134
vn 0.8614 0.5037 0.0663
vn 0.9999 0.0107 0.0014
vn 0.8707 -0.4876 -0.0642
vn 0.5047 -0.8559 -0.1127
vn -0.5047 -0.8559 -0.1127
vn -0.8707 -0.4876 -0.0642
vn -0.9999 0.0107 0.0014
vn -0.8614 0.5036 0.0663
vn -0.4954 0.8612 0.1134
vn 0.4954 0.8391 0.2248
vn 0.8614 0.4907 0.1315
vn 0.9999 0.0104 0.0028
vn 0.8707 -0.4751 -0.1273
vn 0.5047 -0.8339 -0.2234
vn -0.5047 -0.8339 -0.2234
vn -0.8707 -0.4751 -0.1273
vn -0.9999 0.0104 0.0028
vn -0.8614 0.4907 0.1315
vn -0.4954 0.8391 0.2248
vn 0.4954 0.8025 0.3324
vn 0.8614 0.4693 0.1944
vn 0.9999 0.0100 0.0041
vn 0.8707 -0.4544 -0.1882
vn 0.5047 -0.7976 -0.3304
vn -0.5047 -0.7976 -0.3304
vn -0.8707 -0.4544 -0.1882
vn -0.9999 0.0100 0.0041
vn -0.8614 0.4693 0.1944
vn -0.4954 0.8025 0.3324
vn 0.4954 0.7523 0.4343
vn 0.8614 0.4399 0.2540
vn 0.9999 0.0093 0.0054
vn 0.8707 -0.4260 -0.2459
vn 0.5047 -0.7476 -0.4316
vn -0.5047 -0.7476 -0.4316
vn -0.8707 -0.4259 -0.2459
vn -0.9999 0.0093 0.0054
vn -0.8614 0.4399 0.2540
vn -0.4954 0.7523 0.4343
vn 0.4954 0.6892 0.5288
vn 0.8614 0.4030 0.3093
vn 0.9999 0.0085 0.0066
vn 0.8707 -0.3902 -0.2994
vn 0.5047 -0.6849 -0.5255
vn -0.5047 -0.6849 -0.5255
vn -0.8707 -0.3902 -0.2994
vn -0.9999 0.0085 0.0066
vn -0.8614 0.4030 0.3092
vn -0.4954 0.6892 0.5288
vn 0.4954 0.6142 0.6142
vn 0.8614 0.3592 0.3592
vn 0.9999 0.0076 0.0076
vn 0.8707 -0.3478 -0.3478
vn 0.5047 -0.6104 -0.6104
vn -0.5047 -0.6104 -0.6104
vn -0.8707 -0.3478 -0.3478
vn -0.9999 0.0076 0.0076
vn -0.8614 0.3592 0.3592
vn -0.4954 0.6142 0.6142
vn 0.4954 0.5288 0.6892
vn 0.8614 0.3093 0.4030
vn 0.9999 0.0066 0.0085
vn 0.8707 -0.2994 -0.3902
vn 0.5047 -0.5255 -0.6849
vn -0.5047 -0.5255 -0.6849
vn -0.8707 -0.2994 -0.3902
vn -0.9999 0.0066 0.0086
vn -0.8614 0.3092 0.4030
vn -0.4954 0.5288 0.6892
vn 0.4954 0.4343 0.7523
vn 0.8614 0.2540 0.4399
vn 0.9999 0.0054 0.0093
vn 0.8707 -0.2459 -0.4259
vn 0.5047 -0.4316 -0.7476
vn -0.5047 -0.4316 -0.7476
vn -0.8707 -0.2459 -0.4259
vn -0.9999 0.0054 0.0093
vn -0.8614 0.2540 0.4399
vn -0.4954 0.4343 0.7523
vn 0.4954 0.3324 0.8025
vn 0.8614 0.1944 0.4693
vn 0.9999 0.0041 0.0100
vn 0.8707 -0.1882 -0.4544
vn 0.5047 -0.3304 -0.7976
vn -0.5047 -0.3304 -0.7976
vn -0.8707 -0.1882 -0.4544
vn -0.9999 0.0041 0.0100
vn -0.8614 0.1944 0.4693
vn -0.4954 0.3324 0.8025
vn 0.4954 0.2248 0.8391
vn 0.8614 0.1315 0.4907
vn 0.9999 0.0028 0.0104
vn 0.8707 -0.1273 -0.4751
vn 0.5047 -0.2234 -0.8339
vn -0.5047 -0.2234 -0.8339
vn -0.8707 -0.1273 -0.4751
vn -0.9999 0.0028 0.0104
vn -0.8614 0.1315 0.4907
vn -0.4954 0.2248 0.8391
vn 0.4954 0.1134 0.8612
vn 0.8614 0.0663 0.5037
vn 0.9999 0.0014 0.0107
vn 0.8707 -0.0642 -0.4876
vn 0.5047 -0.1127 -0.8559
vn -0.5047 -0.1127 -0.8559
vn -0.8707 -0.0642 -0.4876
vn -0.9999 0.0014 0.0107
vn -0.8614 0.0663 0.5036
vn -0.4954 0.1134 0.8612
vn 0.4954 -0.0000 0.8687
vn 0.8614 -0.0000 0.5080
vn 0.9999 -0.0000 0.0108
vn 0.8707 -0.0000 -0.4918
vn 0.5047 -0.0000 -0.8633
vn -0.5047 -0.0000 -0.8633
vn -0.8707 -0.0000 -0.4918
vn -0.9999 -0.0000 0.0108
vn -0.8614 -0.0000 0.5080
vn -0.4954 -0.0000 0.8687
vn 0.4954 -0.1134 0.8612
vn 0.8614 -0.0663 0.5037
vn 0.9999 -0.0014 0.0107
vn 0.8707 0.0642 -0.4876
vn 0.5047 0.1127 -0.8559
vn -0.5047 0.1127 -0.8559
vn -0.8707 0.0642 -0.4876
vn -0.9999 -0.0014 0.0107
vn -0.8614 -0.0663 0.5036
vn -0.4954 -0.1134 0.8612
vn 0.4954 -0.2248 0.8391
vn 0.8614 -0.1315 0.4907
vn 0.9999 -0.0028 0.0104
vn 0.8707 0.1273 -0.4751
vn 0.5047 0.2234 -0.8339
vn -0.5047 0.2234 -0.8339
vn -0.8707 0.1273 -0.4751
vn -0.9999 -0.0028 0.0104
vn -0.8614 -0.1315 0.4907
vn -0.4954 -0.2248 0.8391
vn 0.4954 -0.3324 0.8025
vn 0.8614 -0.1944 0.4693
vn 0.9999 -0.0041 0.0100
vn 0.8707 0.1882 -0.4544
vn 0.5047 0.3304 -0.7976
vn -0.5047 0.3304 -0.7976
vn -0.8707 0.1882 -0.4544
vn -0.9999 -0.0041 0.0100
vn -0.8614 -0.1944 0.4693
vn -0.4954 -0.3324 0.8025
vn 0.4954 -0.4343 0.7523
vn 0.8614 -0.2540 0.4399
vn 0.9999 -0.0054 0.0093
vn 0.8707 0.2459 -0.4259
vn 0.5047 0.4316 -0.7476
vn -0.5047 0.4316 -0.7476
vn -0.8707 0.2459 -0.4259
vn -0.9999 -0.0054 0.0093
vn -0.8614 -0.2540 0.4399
vn -0.4954 -0.4343 0.7523
vn 0.4954 -0.5288 0.6892
vn 0.8614 -0.3093 0.4030
vn 0.9999 -0.0066 0.0085
vn 0.8707 0.2994 -0.3902
vn 0.5047 0.5255 -0.6849
vn -0.0000 0.6088 -0.7933
vn -0.5047 0.5255 -0.6849
vn -0.8707 0.2994 -0.3902
vn -0.9999 -0.0066 0.0086
vn -0.8614 -0.3092 0.4030
vn -0.4954 -0.5288 0.6892
vn 0.4954 -0.6142 0.6142
vn 0.8614 -0.3592 0.3592
vn 0.9999 -0.0076 0.0076
vn 0.8707 0.3478 -0.3478
vn 0.5047 0.6104 -0.6104
vn -0.5047 0.6104 -0.6104
vn -0.8707 0.3478 -0.3478
vn -0.9999 -0.0076 0.0076
vn -0.8614 -0.3592 0.3592
vn -0.4954 -0.6142 0.6142
vn 0.4954 -0.6892 0.5288
vn 0.8614 -0.4030 0.3092
vn 0.9999 -0.0086 0.0066
vn 0.8707 0.3902 -0.2994
vn 0.5047 0.6849 -0.5255
vn -0.5047 0.6849 -0.5255
vn -0.8707 0.3902 -0.2994
vn -0.9999 -0.0086 0.0066
vn -0.8614 -0.4030 0.3092
vn -0.4954 -0.6892 0.5288
vn 0.4954 -0.7523 0.4343
vn 0.8614 -0.4399 0.2540
vn 0.9999 -0.0093 0.0054
vn 0.8707 0.4259 -0.2459
vn 0.5047 0.7476 -0.4316
vn -0.5047 0.7476 -0.4316
vn -0.8707 0.4259 -0.2459
vn -0.9999 -0.0093 0.0054
vn -0.8614 -0.4399 0.2540
vn -0.4954 -0.7523 0.4343
vn 0.4954 -0.8025 0.3324
vn 0.8614 -0.4693 0.1944
vn 0.9999 -0.0100 0.0041
vn 0.8707 0.4544 -0.1882
vn 0.5047 0.7976 -0.3304
vn -0.5047 0.7976 -0.3304
vn -0.8707 0.4544 -0.1882
vn -0.9999 -0.0100 0.0041
vn -0.8614 -0.4693 0.1944
vn -0.4954 -0.8025 0.3324
vn 0.4954 -0.8391 0.2248
vn 0.8614 -0.4907 0.1315
vn 0.9999 -0.0104 0.0028
vn 0.8707 0.4751 -0.1273
vn 0.5047 0.8339 -0.2234
vn -0.5047 0.8339 -0.2234
vn -0.8707 0.4751 -0.1273
vn -0.9999 -0.0104 0.0028
vn -0.8614 -0.4907 0.1315
vn -0.4954 -0.8391 0.2248
vn 0.4954 -0.8612 0.1134
vn 0.8613 -0.5037 0.0663
vn 0.9999 -0.0107 0.0014
vn 0.8707 0.4876 -0.0642
vn 0.5047 0.8559 -0.1127
vn -0.5047 0.8559 -0.1127
vn -0.8707 0.4876 -0.0642
vn -0.9999 -0.0107 0.0014
vn -0.8614 -0.5037 0.0663
vn -0.4954 -0.8612 0.1134
vn -0.6657 -0.0000 -0.7462
vn 0.6657 -0.0000 -0.7462
vn 0.6657 -0.2856 -0.6894
vn -0.6657 -0.2856 -0.6894
vn 0.6657 -0.5276 -0.5276
vn -0.6657 -0.5276 -0.5276
vn 0.6657 -0.6894 -0.2856
vn -0.6657 -0.6894 -0.2856
vn 0.6657 -0.7462 -0.0000
vn -0.6657 -0.7462 -0.0000
vn 0.6657 -0.6894 0.2856
vn -0.6657 -0.6894 0.2856
vn 0.6657 -0.5276 0.5276
vn -0.6657 -0.5276 0.5276
vn 0.6657 -0.2856 0.6894
vn -0.6657 -0.2856 0.6894
vn 0.6657 -0.0000 0.7462
vn -0.6657 -0.0000 0.7462
vn 0.6657 0.2856 0.6894
vn -0.6657 0.2856 0.6894
vn 0.6657 0.5276 0.5276
vn -0.6657 0.5276 0.5276
vn 0.6657 0.6894 0.2856
vn -0.6657 0.6894 0.2856
vn 0.6657 0.7462 -0.0000
vn -0.6657 0.7462 -0.0000
vn 0.6657 0.6894 -0.2856
vn -0.6657 0.6894 -0.2856
vn 0.6657 0.5276 -0.5276
vn -0.6657 0.5276 -0.5276
vn 0.6657 0.2856 -0.6894
vn -0.6657 0.2856 -0.6894
vn -0.0000 -0.6657 -0.7462
vn -0.0000 0.6657 -0.7462
vn 0.2856 0.6657 -0.6894
vn 0.2856 -0.6657 -0.6894
vn 0.5276 0.6657 -0.5277
vn 0.5276 -0.6657 -0.5277
vn 0.6894 0.6657 -0.2856
vn 0.6894 -0.6657 -0.2856
vn 0.7462 0.6657 -0.0000
vn 0.7462 -0.6657 -0.0000
vn 0.6894 0.6657 0.2856
vn 0.6894 -0.6657 0.2856
vn 0.5276 0.6657 0.5276
vn 0.5276 -0.6657 0.5276
vn 0.2856 0.6657 0.6894
vn 0.2856 -0.6657 0.6894
vn -0.0000 0.6657 0.7462
vn -0.0000 -0.6657 0.7462
vn -0.2856 0.6657 0.6894
vn -0.2856 -0.6657 0.6894
vn -0.5276 0.6657 0.5276
vn -0.5276 -0.6657 0.5276
vn -0.6894 0.6657 0.2856
vn -0.6894 -0.6657 0.2856
vn -0.7462 0.6657 -0.0000
vn -0.7462 -0.6657 -0.0000
vn -0.6894 0.6657 -0.2856
vn -0.6894 -0.6657 -0.2856
vn -0.5276 0.6657 -0.5276
vn -0.5276 -0.6657 -0.5276
vn -0.2856 0.6657 -0.6894
vn -0.2856 -0.6657 -0.6894
vn -0.0000 0.1045 -0.9945
vn -0.0000 -0.1045 0.9945
vn -0.0000 -0.9945 -0.1045
vn -0.0000 0.9945 0.1045
vn -0.0000 -0.0872 -0.9962
vn -0.0000 0.0872 0.9962
vn -0.0000 -0.9962 0.0872
vn -0.0000 0.9962 -0.0872
vn 0.5276 0.6657 -0.5276
vn 0.5276 -0.6657 -0.5276
vn -0.0000 -0.9139 -0.4059
vn 0.1761 -0.9139 -0.3657
vn -0.0000 -0.6935 -0.7205
vn -0.0000 -0.3732 -0.9277
vn 0.4025 -0.3732 -0.8359
vn 0.3126 -0.6935 -0.6491
vn -0.0000 0.3732 -0.9277
vn 0.4025 0.3732 -0.8359
vn 0.4339 -0.0000 -0.9010
vn -0.0000 0.6935 -0.7205
vn -0.0000 0.9139 -0.4059
vn 0.1761 0.9139 -0.3657
vn 0.3126 0.6935 -0.6491
vn 0.3174 0.9139 -0.2531
vn 0.5633 0.6935 -0.4492
vn 0.5633 -0.6935 -0.4492
vn 0.3174 -0.9139 -0.2531
vn 0.7818 -0.0000 -0.6235
vn 0.7253 -0.3732 -0.5784
vn 0.7253 0.3732 -0.5784
vn 0.7024 -0.6935 -0.1603
vn 0.3958 -0.9139 -0.0903
vn 0.9749 -0.0000 -0.2225
vn 0.9045 -0.3732 -0.2064
vn 0.7024 0.6935 -0.1603
vn 0.9045 0.3732 -0.2064
vn 0.3958 0.9139 -0.0903
vn 0.3958 0.9139 0.0903
vn 0.3958 -0.9139 0.0903
vn 0.9045 -0.3732 0.2064
vn 0.7024 -0.6935 0.1603
vn 0.9045 0.3732 0.2064
vn 0.9749 -0.0000 0.2225
vn 0.7024 0.6935 0.1603
vn 0.7253 -0.3732 0.5784
vn 0.5633 -0.6935 0.4492
vn 0.7253 0.3732 0.5784
vn 0.7818 -0.0000 0.6235
vn 0.3174 0.9139 0.2531
vn 0.5633 0.6935 0.4492
vn 0.3174 -0.9139 0.2531
vn 0.3126 -0.6935 0.6491
vn 0.1761 -0.9139 0.3657
vn 0.4339 -0.0000 0.9010
vn 0.4025 -0.3732 0.8359
vn 0.3126 0.6935 0.6491
vn 0.4025 0.3732 0.8359
vn 0.1761 0.9139 0.3657
vn -0.0000 -0.3732 0.9277
vn -0.0000 0.6935 0.7205
vn -0.0000 0.3732 0.9277
vn -0.0000 0.9139 0.4059
vn -0.0000 -0.9139 0.4059
vn -0.0000 -0.6935 0.7205
vn -0.1761 -0.9139 0.3657
vn -0.4025 -0.3732 0.8359
vn -0.3126 -0.6935 0.6491
vn -0.4025 0.3732 0.8359
vn -0.4339 -0.0000 0.9010
vn -0.1761 0.9139 0.3657
vn -0.3126 0.6935 0.6491
vn -0.7253 0.3732 0.5784
vn -0.7818 -0.0000 0.6235
vn -0.3174 0.9139 0.2531
vn -0.5633 0.6935 0.4492
vn -0.5633 -0.6935 0.4492
vn -0.3174 -0.9139 0.2531
vn -0.7253 -0.3732 0.5784
vn -0.7024 -0.6935 0.1603
vn -0.3958 -0.9139 0.0903
vn -0.9749 -0.0000 0.2225
vn -0.9045 -0.3732 0.2064
vn -0.7024 0.6935 0.1603
vn -0.9045 0.3732 0.2064
vn -0.3958 0.9139 0.0903
vn -0.7024 0.6935 -0.1603
vn -0.9045 0.3732 -0.2064
vn -0.3958 0.9139 -0.0903
vn -0.3958 -0.9139 -0.0903
vn -0.9045 -0.3732 -0.2064
vn -0.7024 -0.6935 -0.1603
vn -0.9749 -0.0000 -0.2225
vn -0.3174 -0.9139 -0.2531
vn -0.7253 -0.3732 -0.5784
vn -0.5633 -0.6935 -0.4492
vn -0.7253 0.3732 -0.5784
vn -0.7818 -0.0000 -0.6235
vn -0.3174 0.9139 -0.2531
vn -0.5633 0.6935 -0.4492
vn -0.1761 0.9139 -0.3657
vn -0.3126 0.6935 -0.6491
vn -0.3126 -0.6935 -0.6491
vn -0.1761 -0.9139 -0.3657
vn -0.4339 -0.0000 -0.9010
vn -0.4025 -0.3732 -0.8359
vn -0.4025 0.3732 -0.8359
vn -0.0000 -0.8629 -0.5053
vn -0.0000 -0.5793 -0.8151
vn 0.1335 -0.6159 -0.7764
vn 0.0722 -0.8774 -0.4743
vn -0.0000 -0.2820 -0.9594
vn 0.1796 -0.0000 -0.9837
vn 0.1685 -0.3108 -0.9354
vn -0.0000 0.2820 -0.9594
vn -0.0000 0.5793 -0.8151
vn 0.1335 0.6159 -0.7764
vn 0.1685 0.3108 -0.9354
vn -0.0000 0.8629 -0.5053
vn 0.0722 0.8774 -0.4743
vn 0.1472 0.9163 -0.3724
vn 0.1472 -0.9163 -0.3724
vn 0.3979 -0.4089 -0.8213
vn 0.2830 -0.7174 -0.6366
vn 0.3979 0.4089 -0.8213
vn 0.4502 -0.0000 -0.8929
vn 0.2830 0.7174 -0.6366
vn 0.7382 -0.5492 -0.3917
vn 0.4569 -0.8412 -0.2893
vn 0.7382 0.5492 -0.3917
vn 0.9046 -0.0000 -0.4262
vn 0.2246 0.9609 -0.1620
vn 0.4569 0.8412 -0.2893
vn 0.2246 -0.9609 -0.1620
vn 0.4569 -0.8412 0.2893
vn 0.2246 -0.9609 0.1620
vn 0.9046 -0.0000 0.4262
vn 0.7382 -0.5492 0.3917
vn 0.4569 0.8412 0.2893
vn 0.7382 0.5492 0.3917
vn 0.2246 0.9609 0.1620
vn 0.4502 -0.0000 0.8929
vn 0.3979 -0.4089 0.8213
vn 0.2830 0.7174 0.6366
vn 0.3979 0.4089 0.8213
vn 0.1472 0.9163 0.3724
vn 0.1472 -0.9163 0.3724
vn 0.2830 -0.7174 0.6366
vn 0.0722 -0.8774 0.4743
vn 0.1685 -0.3108 0.9354
vn 0.1335 -0.6159 0.7764
vn 0.1685 0.3108 0.9354
vn 0.1796 -0.0000 0.9837
vn 0.0722 0.8774 0.4743
vn 0.1335 0.6159 0.7764
vn -0.0000 0.2820 0.9594
vn -0.0000 0.8629 0.5053
vn -0.0000 0.5793 0.8151
vn -0.0000 -0.5793 0.8151
vn -0.0000 -0.8629 0.5053
vn -0.0000 -0.2820 0.9594
vn -0.1335 -0.6159 0.7764
vn -0.0722 -0.8774 0.4743
vn -0.1796 -0.0000 0.9837
vn -0.1685 -0.3108 0.9354
vn -0.1335 0.6159 0.7764
vn -0.1685 0.3108 0.9354
vn -0.0722 0.8774 0.4743
vn -0.2830 0.7174 0.6366
vn -0.3979 0.4089 0.8213
vn -0.1472 0.9163 0.3724
vn -0.1472 -0.9163 0.3724
vn -0.3979 -0.4089 0.8213
vn -0.2830 -0.7174 0.6366
vn -0.4502 -0.0000 0.8929
vn -0.2246 -0.9609 0.1620
vn -0.7382 -0.5492 0.3917
vn -0.4569 -0.8412 0.2893
vn -0.7382 0.5492 0.3917
vn -0.9046 -0.0000 0.4262
vn -0.2246 0.9609 0.1620
vn -0.4569 0.8412 0.2893
vn -0.2246 0.9609 -0.1620
vn -0.4569 0.8412 -0.2893
vn -0.4569 -0.8412 -0.2893
vn -0.2246 -0.9609 -0.1620
vn -0.9046 -0.0000 -0.4262
vn -0.7382 -0.5492 -0.3917
vn -0.7382 0.5492 -0.3917
vn -0.2830 -0.7174 -0.6366
vn -0.1472 -0.9163 -0.3724
vn -0.4502 -0.0000 -0.8929
vn -0.3979 -0.4089 -0.8213
vn -0.2830 0.7174 -0.6366
vn -0.3979 0.4089 -0.8213
vn -0.1472 0.9163 -0.3724
vn -0.0722 0.8774 -0.4743
vn -0.0722 -0.8774 -0.4743
vn -0.1685 -0.3108 -0.9354
vn -0.1335 -0.6159 -0.7764
vn -0.1685 0.3108 -0.9354
vn -0.1796 -0.0000 -0.9837
vn -0.1335 0.6159 -0.7764
vn -0.0000 -0.9358 -0.3525
vn -0.0000 -0.7480 -0.6637
vn 0.2479 -0.7557 -0.6061
vn 0.1286 -0.9383 -0.3209
vn -0.0000 -0.4247 -0.9053
vn 0.3851 -0.0000 -0.9229
vn 0.3454 -0.4331 -0.8326
vn -0.0000 0.4247 -0.9053
vn -0.0000 0.7480 -0.6637
vn 0.2479 0.7557 -0.6061
vn 0.3454 0.4331 -0.8326
vn -0.0000 0.9358 -0.3525
vn 0.1286 0.9383 -0.3209
vn 0.2377 0.9442 -0.2278
vn 0.2377 -0.9442 -0.2278
vn 0.6545 -0.4532 -0.6051
vn 0.4615 -0.7740 -0.4335
vn 0.6545 0.4532 -0.6051
vn 0.7367 -0.0000 -0.6762
vn 0.4615 0.7740 -0.4335
vn 0.8530 -0.4707 -0.2254
vn 0.5926 -0.7896 -0.1593
vn 0.8530 0.4707 -0.2254
vn 0.9674 -0.0000 -0.2534
vn 0.3033 0.9493 -0.0832
vn 0.5926 0.7896 -0.1593
vn 0.3033 -0.9493 -0.0832
vn 0.5926 -0.7896 0.1593
vn 0.3033 -0.9493 0.0832
vn 0.9674 -0.0000 0.2534
vn 0.8530 -0.4707 0.2254
vn 0.5926 0.7896 0.1593
vn 0.8530 0.4707 0.2254
vn 0.3033 0.9493 0.0832
vn 0.7367 -0.0000 0.6762
vn 0.6545 -0.4532 0.6051
vn 0.4615 0.7740 0.4335
vn 0.6545 0.4532 0.6051
vn 0.2377 0.9442 0.2278
vn 0.2377 -0.9442 0.2278
vn 0.4615 -0.7740 0.4335
vn 0.1286 -0.9383 0.3209
vn 0.3454 -0.4331 0.8326
vn 0.2479 -0.7557 0.6061
vn 0.3454 0.4331 0.8326
vn 0.3851 -0.0000 0.9229
vn 0.1286 0.9383 0.3209
vn 0.2479 0.7557 0.6061
vn -0.0000 0.4247 0.9053
vn -0.0000 0.9358 0.3525
vn -0.0000 0.7480 0.6637
vn -0.0000 -0.7480 0.6637
vn -0.0000 -0.9358 0.3525
vn -0.0000 -0.4247 0.9053
vn -0.2479 -0.7557 0.6061
vn -0.1286 -0.9383 0.3209
vn -0.3851 -0.0000 0.9229
vn -0.3454 -0.4331 0.8326
vn -0.2479 0.7557 0.6061
vn -0.3454 0.4331 0.8326
vn -0.1286 0.9383 0.3209
vn -0.4615 0.7740 0.4335
vn -0.6545 0.4532 0.6051
vn -0.2377 0.9442 0.2278
vn -0.2377 -0.9442 0.2278
vn -0.6545 -0.4532 0.6051
vn -0.4615 -0.7740 0.4335
vn -0.7367 -0.0000 0.6762
vn -0.3033 -0.9493 0.0832
vn -0.8530 -0.4707 0.2254
vn -0.5926 -0.7896 0.1593
vn -0.8530 0.4707 0.2254
vn -0.9674 -0.0000 0.2534
vn -0.3033 0.9493 0.0832
vn -0.5926 0.7896 0.1593
vn -0.3033 0.9493 -0.0832
vn -0.5926 0.7896 -0.1593
vn -0.5926 -0.7896 -0.1593
vn -0.3033 -0.9493 -0.0832
vn -0.9674 -0.0000 -0.2534
vn -0.8530 -0.4707 -0.2254
vn -0.8530 0.4707 -0.2254
vn -0.4615 -0.7740 -0.4335
vn -0.2377 -0.9442 -0.2278
vn -0.7367 -0.0000 -0.6762
vn -0.6545 -0.4532 -0.6051
vn -0.4615 0.7740 -0.4335
vn -0.6545 0.4532 -0.6051
vn -0.2377 0.9442 -0.2278
vn -0.1286 0.9383 -0.3209
vn -0.1286 -0.9383 -0.3209
vn -0.3454 -0.4331 -0.8326
vn -0.2479 -0.7557 -0.6061
vn -0.3454 0.4331 -0.8326
vn -0.3851 -0.0000 -0.9229
vn -0.2479 0.7557 -0.6061
vn -0.0000 -0.4346 -0.9006
vn 0.4011 -0.0000 -0.9160
vn 0.3589 -0.4403 -0.8230
vn -0.0000 0.4346 -0.9006
vn -0.0000 0.7574 -0.6530
vn 0.2564 0.7626 -0.5938
vn 0.3589 0.4403 -0.8230
vn -0.0000 0.9390 -0.3439
vn 0.1329 0.9407 -0.3121
vn -0.0000 -0.9390 -0.3439
vn 0.1329 -0.9407 -0.3121
vn -0.0000 -0.7574 -0.6530
vn 0.2564 -0.7626 -0.5938
vn 0.2437 -0.9446 -0.2197
vn 0.6689 -0.4539 -0.5887
vn 0.4723 -0.7748 -0.4201
vn 0.6689 0.4539 -0.5887
vn 0.7522 -0.0000 -0.6589
vn 0.2437 0.9446 -0.2197
vn 0.4723 0.7748 -0.4201
vn 0.3084 0.9479 -0.0796
vn 0.6003 0.7851 -0.1528
vn 0.6003 -0.7851 -0.1528
vn 0.3084 -0.9479 -0.0796
vn 0.9700 -0.0000 -0.2429
vn 0.8584 -0.4653 -0.2161
vn 0.8584 0.4653 -0.2161
vn 0.6003 -0.7851 0.1528
vn 0.3084 -0.9479 0.0796
vn 0.9700 -0.0000 0.2429
vn 0.8584 -0.4653 0.2161
vn 0.6003 0.7851 0.1528
vn 0.8584 0.4653 0.2161
vn 0.3084 0.9479 0.0796
vn 0.2437 0.9446 0.2197
vn 0.2437 -0.9446 0.2197
vn 0.6689 -0.4539 0.5887
vn 0.4723 -0.7748 0.4201
vn 0.6689 0.4539 0.5887
vn 0.7522 -0.0000 0.6589
vn 0.4723 0.7748 0.4201
vn 0.3589 -0.4403 0.8230
vn 0.2564 -0.7626 0.5938
vn 0.3589 0.4403 0.8230
vn 0.4011 -0.0000 0.9160
vn 0.1329 0.9407 0.3121
vn 0.2564 0.7626 0.5938
vn 0.1329 -0.9407 0.3121
vn -0.0000 -0.7574 0.6530
vn -0.0000 -0.9390 0.3439
vn -0.0000 -0.4346 0.9006
vn -0.0000 0.7574 0.6530
vn -0.0000 0.4346 0.9006
vn -0.0000 0.9390 0.3439
vn -0.4011 -0.0000 0.9160
vn -0.3589 -0.4403 0.8230
vn -0.2564 0.7626 0.5938
vn -0.3589 0.4403 0.8230
vn -0.1329 0.9407 0.3121
vn -0.1329 -0.9407 0.3121
vn -0.2564 -0.7626 0.5938
vn -0.2437 -0.9446 0.2197
vn -0.6689 -0.4539 0.5887
vn -0.4723 -0.7748 0.4201
vn -0.6689 0.4539 0.5887
vn -0.7522 -0.0000 0.6589
vn -0.2437 0.9446 0.2197
vn -0.4723 0.7748 0.4201
vn -0.8584 0.4653 0.2161
vn -0.9700 -0.0000 0.2429
vn -0.3084 0.9479 0.0796
vn -0.6003 0.7851 0.1528
vn -0.6003 -0.7851 0.1528
vn -0.3084 -0.9479 0.0796
vn -0.8584 -0.4653 0.2161
vn -0.6003 -0.7851 -0.1528
vn -0.3084 -0.9479 -0.0796
vn -0.9700 -0.0000 -0.2429
vn -0.8584 -0.4653 -0.2161
vn -0.6003 0.7851 -0.1528
vn -0.8584 0.4653 -0.2161
vn -0.3084 0.9479 -0.0796
vn -0.4723 0.7748 -0.4201
vn -0.6689 0.4539 -0.5887
vn -0.2437 0.9446 -0.2197
vn -0.2437 -0.9446 -0.2197
vn -0.6689 -0.4539 -0.5887
vn -0.4723 -0.7748 -0.4201
vn -0.7522 -0.0000 -0.6589
vn -0.1329 -0.9407 -0.3121
vn -0.3589 -0.4403 -0.8230
vn -0.2564 -0.7626 -0.5938
vn -0.3589 0.4403 -0.8230
vn -0.4011 -0.0000 -0.9160
vn -0.1329 0.9407 -0.3121
vn -0.2564 0.7626 -0.5938
vn -0.9511 -0.0000 0.3090
vn -0.3090 -0.0000 -0.9511
vn 0.9511 -0.0000 -0.3090
vn 0.3090 -0.0000 0.9511
vn -0.0000 -0.4295 -0.9031
vn 0.3821 -0.0000 -0.9241
vn 0.3414 -0.4385 -0.8314
vn -0.0000 0.4295 -0.9031
vn -0.0000 0.7527 -0.6584
vn 0.2433 0.7608 -0.6017
vn 0.3414 0.4385 -0.8314
vn -0.0000 0.9375 -0.3479
vn 0.1254 0.9401 -0.3169
vn -0.0000 -0.9375 -0.3479
vn 0.1254 -0.9401 -0.3169
vn -0.0000 -0.7527 -0.6584
vn 0.2433 -0.7608 -0.6017
vn 0.2322 -0.9462 -0.2253
vn 0.6490 -0.4599 -0.6060
vn 0.4538 -0.7799 -0.4310
vn 0.6490 0.4599 -0.6060
vn 0.7337 -0.0000 -0.6795
vn 0.2322 0.9462 -0.2253
vn 0.4538 0.7799 -0.4310
vn 0.2967 0.9514 -0.0824
vn 0.5837 0.7963 -0.1587
vn 0.5837 -0.7963 -0.1587
vn 0.2967 -0.9514 -0.0824
vn 0.9668 -0.0000 -0.2555
vn 0.8484 -0.4786 -0.2263
vn 0.8484 0.4786 -0.2263
vn 0.5837 -0.7963 0.1587
vn 0.2967 -0.9514 0.0824
vn 0.9668 -0.0000 0.2555
vn 0.8484 -0.4786 0.2263
vn 0.5837 0.7963 0.1587
vn 0.8484 0.4786 0.2263
vn 0.2967 0.9514 0.0824
vn 0.2322 0.9462 0.2253
vn 0.2322 -0.9462 0.2253
vn 0.6490 -0.4599 0.6060
vn 0.4538 -0.7799 0.4310
vn 0.6490 0.4599 0.6060
vn 0.7337 -0.0000 0.6795
vn 0.4538 0.7799 0.4310
vn 0.3414 -0.4385 0.8314
vn 0.2433 -0.7608 0.6017
vn 0.3414 0.4385 0.8314
vn 0.3821 -0.0000 0.9241
vn 0.1254 0.9401 0.3169
vn 0.2433 0.7608 0.6017
vn 0.1254 -0.9401 0.3169
vn -0.0000 -0.7527 0.6584
vn -0.0000 -0.9375 0.3479
vn -0.0000 -0.4295 0.9031
vn -0.0000 0.7527 0.6584
vn -0.0000 0.4295 0.9031
vn -0.0000 0.9375 0.3479
vn -0.3821 -0.0000 0.9241
vn -0.3414 -0.4385 0.8314
vn -0.2433 0.7608 0.6017
vn -0.3414 0.4385 0.8314
vn -0.1254 0.9401 0.3169
vn -0.1254 -0.9401 0.3169
vn -0.2433 -0.7608 0.6017
vn -0.2322 -0.9462 0.2253
vn -0.6490 -0.4599 0.6060
vn -0.4538 -0.7799 0.4310
vn -0.6490 0.4599 0.6060
vn -0.7337 -0.0000 0.6795
vn -0.2322 0.9462 0.2253
vn -0.4538 0.7799 0.4310
vn -0.8484 0.4786 0.2263
vn -0.9668 -0.0000 0.2555
vn -0.2967 0.9514 0.0824
vn -0.5837 0.7963 0.1587
vn -0.5837 -0.7963 0.1587
vn -0.2967 -0.9514 0.0824
vn -0.8484 -0.4786 0.2263
vn -0.5837 -0.7963 -0.1587
vn -0.2967 -0.9514 -0.0824
vn -0.9668 -0.0000 -0.2555
vn -0.8484 -0.4786 -0.2263
vn -0.5837 0.7963 -0.1587
vn -0.8484 0.4786 -0.2263
vn -0.2967 0.9514 -0.0824
vn -0.4538 0.7799 -0.4310
vn -0.6490 0.4599 -0.6060
vn -0.2322 0.9462 -0.2253
vn -0.2322 -0.9462 -0.2253
vn -0.6490 -0.4599 -0.6060
vn -0.4538 -0.7799 -0.4310
vn -0.7337 -0.0000 -0.6795
vn -0.1254 -0.9401 -0.3169
vn -0.3414 -0.4385 -0.8314
vn -0.2433 -0.7608 -0.6017
vn -0.3414 0.4385 -0.8314
vn -0.3821 -0.0000 -0.9241
vn -0.1254 0.9401 -0.3169
vn -0.2433 0.7608 -0.6017
vn -0.0000 -0.9363 -0.3512
vn -0.0000 -0.7496 -0.6619
vn 0.2581 -0.7554 -0.6023
vn 0.1347 -0.9382 -0.3189
vn -0.0000 -0.4265 -0.9045
vn 0.3987 -0.0000 -0.9171
vn 0.3581 -0.4327 -0.8274
vn -0.0000 0.4265 -0.9045
vn -0.0000 0.7496 -0.6619
vn 0.2581 0.7554 -0.6023
vn 0.3581 0.4327 -0.8274
vn -0.0000 0.9363 -0.3512
vn 0.1347 0.9382 -0.3189
vn 0.2472 -0.9425 -0.2248
vn 0.6693 -0.4471 -0.5934
vn 0.4763 -0.7687 -0.4270
vn 0.6693 0.4471 -0.5934
vn 0.7499 -0.0000 -0.6615
vn 0.2472 0.9425 -0.2248
vn 0.4763 0.7687 -0.4270
vn 0.8610 0.4594 -0.2183
vn 0.9697 -0.0000 -0.2445
vn 0.3133 0.9461 -0.0815
vn 0.6064 0.7798 -0.1556
vn 0.6064 -0.7798 -0.1556
vn 0.3133 -0.9461 -0.0815
vn 0.8610 -0.4594 -0.2183
vn 0.6064 -0.7798 0.1556
vn 0.3133 -0.9461 0.0815
vn 0.9697 -0.0000 0.2445
vn 0.8610 -0.4594 0.2183
vn 0.6064 0.7798 0.1556
vn 0.8610 0.4594 0.2183
vn 0.3133 0.9461 0.0815
vn 0.4763 0.7687 0.4270
vn 0.6693 0.4471 0.5934
vn 0.2472 0.9425 0.2248
vn 0.2472 -0.9425 0.2248
vn 0.6693 -0.4471 0.5934
vn 0.4763 -0.7687 0.4270
vn 0.7499 -0.0000 0.6615
vn 0.1347 -0.9382 0.3189
vn 0.3581 -0.4327 0.8274
vn 0.2581 -0.7554 0.6023
vn 0.3581 0.4327 0.8274
vn 0.3987 -0.0000 0.9171
vn 0.1347 0.9382 0.3189
vn 0.2581 0.7554 0.6023
vn -0.0000 0.9363 0.3512
vn -0.0000 0.7496 0.6619
vn -0.0000 -0.7496 0.6619
vn -0.0000 -0.9363 0.3512
vn -0.0000 -0.4265 0.9045
vn -0.0000 0.4265 0.9045
vn -0.2581 -0.7554 0.6023
vn -0.1347 -0.9382 0.3189
vn -0.3987 -0.0000 0.9171
vn -0.3581 -0.4327 0.8274
vn -0.2581 0.7554 0.6023
vn -0.3581 0.4327 0.8274
vn -0.1347 0.9382 0.3189
vn -0.2472 0.9425 0.2248
vn -0.2472 -0.9425 0.2248
vn -0.6693 -0.4471 0.5934
vn -0.4763 -0.7687 0.4270
vn -0.6693 0.4471 0.5934
vn -0.7499 -0.0000 0.6615
vn -0.4763 0.7687 0.4270
vn -0.8610 -0.4594 0.2183
vn -0.6064 -0.7798 0.1556
vn -0.8610 0.4594 0.2183
vn -0.9697 -0.0000 0.2445
vn -0.3133 0.9461 0.0816
vn -0.6064 0.7798 0.1556
vn -0.3133 -0.9461 0.0816
vn -0.6064 -0.7798 -0.1556
vn -0.3133 -0.9461 -0.0816
vn -0.9697 -0.0000 -0.2445
vn -0.8610 -0.4594 -0.2183
vn -0.6064 0.7798 -0.1556
vn -0.8610 0.4594 -0.2183
vn -0.3133 0.9461 -0.0816
vn -0.7499 -0.0000 -0.6615
vn -0.6693 -0.4471 -0.5934
vn -0.4763 0.7687 -0.4270
vn -0.6693 0.4471 -0.5934
vn -0.2472 0.9425 -0.2248
vn -0.2472 -0.9425 -0.2248
vn -0.4763 -0.7687 -0.4270
vn -0.1347 -0.9382 -0.3189
vn -0.3581 -0.4327 -0.8274
vn -0.2581 -0.7554 -0.6023
vn -0.3581 0.4327 -0.8274
vn -0.3987 -0.0000 -0.9171
vn -0.1347 0.9382 -0.3189
vn -0.2581 0.7554 -0.6023
vn -0.9135 -0.0000 -0.4067
vn 0.4067 -0.0000 -0.9135
vn 0.9135 -0.0000 0.4067
vn -0.4067 -0.0000 0.9135
vn -0.7660 -0.0000 0.6428
vn -0.6428 -0.0000 -0.7660
vn 0.7660 -0.0000 -0.6428
vn 0.6428 -0.0000 0.7660
vn -0.0000 0.5934 -0.8049
vn -0.0000 0.8708 -0.4916
vn 0.0607 0.8848 -0.4620
vn 0.1154 0.6313 -0.7669
vn -0.0000 -0.8708 -0.4916
vn -0.0000 -0.5934 -0.8049
vn 0.1154 -0.6313 -0.7669
vn 0.0607 -0.8848 -0.4620
vn -0.0000 -0.2918 -0.9565
vn 0.1604 -0.0000 -0.9870
vn 0.1491 -0.3232 -0.9345
vn -0.0000 0.2918 -0.9565
vn 0.1491 0.3232 -0.9345
vn 0.4125 -0.0000 -0.9109
vn 0.3557 -0.4310 -0.8293
vn 0.2448 0.7357 -0.6315
vn 0.3557 0.4310 -0.8293
vn 0.1246 0.9231 -0.3639
vn 0.1246 -0.9231 -0.3639
vn 0.2448 -0.7357 -0.6315
vn 0.1937 -0.9678 -0.1610
vn 0.6954 -0.5920 -0.4074
vn 0.4040 -0.8665 -0.2932
vn 0.6954 0.5920 -0.4074
vn 0.8965 -0.0000 -0.4431
vn 0.1937 0.9678 -0.1610
vn 0.4040 0.8665 -0.2932
vn 0.6954 0.5920 0.4074
vn 0.8965 -0.0000 0.4431
vn 0.1937 0.9678 0.1610
vn 0.4040 0.8665 0.2932
vn 0.4040 -0.8665 0.2932
vn 0.1937 -0.9678 0.1610
vn 0.6954 -0.5920 0.4074
vn 0.2448 -0.7357 0.6315
vn 0.1246 -0.9231 0.3639
vn 0.4125 -0.0000 0.9109
vn 0.3557 -0.4310 0.8293
vn 0.2448 0.7357 0.6315
vn 0.3557 0.4310 0.8293
vn 0.1246 0.9231 0.3639
vn 0.1154 0.6313 0.7669
vn 0.1491 0.3232 0.9345
vn 0.0607 0.8848 0.4620
vn 0.0607 -0.8848 0.4620
vn 0.1491 -0.3232 0.9345
vn 0.1154 -0.6313 0.7669
vn 0.1604 -0.0000 0.9870
vn -0.0000 -0.8708 0.4916
vn -0.0000 -0.2918 0.9565
vn -0.0000 -0.5934 0.8049
vn -0.0000 0.2918 0.9565
vn -0.0000 0.8708 0.4916
vn -0.0000 0.5934 0.8049
vn -0.0607 0.8848 0.4620
vn -0.1154 0.6313 0.7669
vn -0.1154 -0.6313 0.7669
vn -0.0607 -0.8848 0.4620
vn -0.1604 -0.0000 0.9870
vn -0.1491 -0.3232 0.9345
vn -0.1491 0.3232 0.9345
vn -0.2448 -0.7357 0.6315
vn -0.1246 -0.9231 0.3639
vn -0.4125 -0.0000 0.9109
vn -0.3557 -0.4310 0.8293
vn -0.2448 0.7357 0.6315
vn -0.3557 0.4310 0.8293
vn -0.1246 0.9231 0.3639
vn -0.1937 0.9678 0.1610
vn -0.1937 -0.9678 0.1610
vn -0.6954 -0.5920 0.4074
vn -0.4040 -0.8665 0.2932
vn -0.6954 0.5920 0.4074
vn -0.8965 -0.0000 0.4431
vn -0.4040 0.8665 0.2932
vn -0.6954 -0.5920 -0.4074
vn -0.4040 -0.8665 -0.2932
vn -0.6954 0.5920 -0.4074
vn -0.8965 -0.0000 -0.4431
vn -0.1937 0.9678 -0.1610
vn -0.4040 0.8665 -0.2932
vn -0.1937 -0.9678 -0.1610
vn -0.2448 -0.7357 -0.6315
vn -0.1246 -0.9231 -0.3639
vn -0.4125 -0.0000 -0.9109
vn -0.3557 -0.4310 -0.8293
vn -0.2448 0.7357 -0.6315
vn -0.3557 0.4310 -0.8293
vn -0.1246 0.9231 -0.3639
vn -0.1604 -0.0000 -0.9870
vn -0.1491 -0.3232 -0.9345
vn -0.1154 0.6313 -0.7669
vn -0.1491 0.3232 -0.9345
vn -0.0607 0.8848 -0.4620
vn -0.0607 -0.8848 -0.4620
vn -0.1154 -0.6313 -0.7669
vn -0.9925 -0.1219 -0.0000
vn 0.9925 0.1219 -0.0000
vn 0.1219 -0.9925 -0.0000
vn -0.1219 0.9925 -0.0000
vn -0.9962 0.0872 -0.0000
vn 0.9962 -0.0872 -0.0000
vn -0.0872 -0.9962 -0.0000
vn 0.0872 0.9962 -0.0000
vt 0.873302 0.897277
vt 0.851288 0.897273
vt 0.851288 0.863556
vt 0.873302 0.863561
vt 0.712345 0.937951
vt 0.712345 0.915937
vt 0.727257 0.915937
vt 0.727257 0.937951
vt 0.759063 0.904563
vt 0.737049 0.904561
vt 0.737049 0.870845
vt 0.759063 0.870846
vt 0.108156 0.943795
vt 0.108156 0.921782
vt 0.123069 0.921783
vt 0.123069 0.943796
vt 0.579582 0.882223
vt 0.594494 0.882223
vt 0.594494 0.915954
vt 0.579582 0.915953
vt 0.210765 0.892840
vt 0.225677 0.892840
vt 0.225677 0.926570
vt 0.210765 0.926570
vt 0.594494 0.807485
vt 0.452472 0.807456
vt 0.452472 0.594508
vt 0.594494 0.594537
vt 0.671807 0.304156
vt 0.813832 0.304155
vt 0.813832 0.588206
vt 0.671807 0.588207
vt 0.742820 0.807467
vt 0.600795 0.807456
vt 0.600795 0.594508
vt 0.742820 0.594520
vt 0.682459 0.003152
vt 0.824478 0.003151
vt 0.824478 0.287202
vt 0.682459 0.287203
vt 0.452472 0.588207
vt 0.452472 0.304156
vt 0.665506 0.304155
vt 0.665506 0.588207
vt 0.676157 0.003151
vt 0.676157 0.287202
vt 0.463124 0.287202
vt 0.463124 0.003151
vt 0.780277 0.818106
vt 0.767850 0.818104
vt 0.767850 0.594508
vt 0.780277 0.594511
vt 0.830779 0.003151
vt 0.843206 0.003151
vt 0.843206 0.297853
vt 0.830779 0.297853
vt 0.761549 0.818104
vt 0.749121 0.818103
vt 0.749121 0.594508
vt 0.761549 0.594509
vt 0.849507 0.003151
vt 0.861934 0.003151
vt 0.861934 0.297853
vt 0.849507 0.297854
vt 0.003151 0.297854
vt 0.003151 0.003151
vt 0.226836 0.003151
vt 0.226836 0.297854
vt 0.456823 0.003151
vt 0.456823 0.297854
vt 0.233137 0.297854
vt 0.233137 0.003151
vt 0.156175 0.881218
vt 0.151914 0.881217
vt 0.151914 0.662946
vt 0.156175 0.662946
vt 0.809571 0.594508
vt 0.813832 0.594508
vt 0.813832 0.883885
vt 0.809571 0.883885
vt 0.445535 0.818106
vt 0.441274 0.818106
vt 0.441274 0.599834
vt 0.445535 0.599835
vt 0.418020 0.599834
vt 0.422281 0.599834
vt 0.422281 0.889211
vt 0.418020 0.889211
vt 0.003151 0.593533
vt 0.003151 0.304156
vt 0.221510 0.304155
vt 0.221510 0.593532
vt 0.446171 0.304156
vt 0.446171 0.593533
vt 0.227811 0.593532
vt 0.227811 0.304155
vt 0.742020 0.986136
vt 0.737049 0.986135
vt 0.737049 0.979746
vt 0.742020 0.979747
vt 0.786578 0.594508
vt 0.791549 0.594508
vt 0.791549 0.889211
vt 0.786578 0.889211
vt 0.682937 0.986163
vt 0.677966 0.986162
vt 0.677966 0.979774
vt 0.682937 0.979774
vt 0.325005 0.599834
vt 0.329976 0.599834
vt 0.329976 0.894537
vt 0.325005 0.894537
vt 0.879958 0.598858
vt 0.879958 0.304155
vt 0.886349 0.304155
vt 0.886349 0.598858
vt 0.887318 0.003151
vt 0.887318 0.297854
vt 0.880927 0.297854
vt 0.880927 0.003151
vt 0.844287 0.985869
vt 0.839316 0.985868
vt 0.839316 0.979480
vt 0.844287 0.979481
vt 0.797850 0.594508
vt 0.802821 0.594508
vt 0.802821 0.889211
vt 0.797850 0.889211
vt 0.307791 0.986156
vt 0.302820 0.986155
vt 0.302820 0.979767
vt 0.307791 0.979767
vt 0.336277 0.599834
vt 0.341248 0.599834
vt 0.341248 0.894537
vt 0.336277 0.894537
vt 0.867266 0.598858
vt 0.867266 0.304155
vt 0.873657 0.304155
vt 0.873657 0.598858
vt 0.874626 0.003151
vt 0.874626 0.297854
vt 0.868235 0.297854
vt 0.868235 0.003151
vt 0.134341 0.886542
vt 0.129370 0.886541
vt 0.129370 0.662946
vt 0.134341 0.662947
vt 0.945412 0.639906
vt 0.950383 0.639906
vt 0.950383 0.646297
vt 0.945412 0.646297
vt 0.215736 0.886539
vt 0.210765 0.886538
vt 0.210765 0.662944
vt 0.215736 0.662944
vt 0.961830 0.979113
vt 0.966801 0.979113
vt 0.966801 0.985504
vt 0.961830 0.985504
vt 0.185380 0.662944
vt 0.191771 0.662944
vt 0.191771 0.886629
vt 0.185380 0.886629
vt 0.198072 0.662944
vt 0.204464 0.662944
vt 0.204464 0.886629
vt 0.198072 0.886629
vt 0.145613 0.886542
vt 0.140642 0.886541
vt 0.140642 0.662946
vt 0.145613 0.662947
vt 0.950558 0.979113
vt 0.955529 0.979113
vt 0.955529 0.985504
vt 0.950558 0.985504
vt 0.227008 0.886539
vt 0.222037 0.886538
vt 0.222037 0.662944
vt 0.227008 0.662944
vt 0.544873 0.979183
vt 0.549844 0.979183
vt 0.549844 0.985574
vt 0.544873 0.985574
vt 0.867266 0.605160
vt 0.873657 0.605160
vt 0.873657 0.828845
vt 0.867266 0.828845
vt 0.428582 0.599834
vt 0.434973 0.599834
vt 0.434973 0.823520
vt 0.428582 0.823520
vt 0.913064 0.446179
vt 0.913064 0.304157
vt 0.918742 0.304155
vt 0.918742 0.446178
vt 0.901082 0.446180
vt 0.901082 0.304155
vt 0.906763 0.304155
vt 0.906763 0.446180
vt 0.902050 0.145176
vt 0.902050 0.003151
vt 0.907729 0.003151
vt 0.907729 0.145176
vt 0.901082 0.742821
vt 0.901082 0.600802
vt 0.906763 0.600802
vt 0.906763 0.742821
vt 0.022234 0.984739
vt 0.022234 0.979058
vt 0.027915 0.979058
vt 0.027915 0.984739
vt 0.216446 0.978948
vt 0.216446 0.984629
vt 0.210765 0.984629
vt 0.210765 0.978948
vt 0.902050 0.293501
vt 0.902050 0.151478
vt 0.907729 0.151477
vt 0.907729 0.293499
vt 0.162476 0.804970
vt 0.162476 0.662946
vt 0.168157 0.662946
vt 0.168157 0.804970
vt 0.901082 0.891147
vt 0.901082 0.749122
vt 0.906760 0.749122
vt 0.906760 0.891147
vt 0.901082 0.594500
vt 0.901082 0.452481
vt 0.906763 0.452481
vt 0.906763 0.594500
vt 0.566348 0.983378
vt 0.566348 0.977697
vt 0.572029 0.977697
vt 0.572029 0.983378
vt 0.353230 0.978173
vt 0.353230 0.983854
vt 0.347549 0.983854
vt 0.347549 0.978173
vt 0.957606 0.107093
vt 0.957606 0.066262
vt 0.962574 0.066261
vt 0.962574 0.107092
vt 0.820133 0.304156
vt 0.860965 0.304155
vt 0.860965 0.577554
vt 0.820133 0.577555
vt 0.954304 0.481930
vt 0.954304 0.441097
vt 0.959273 0.441097
vt 0.959273 0.481929
vt 0.820133 0.583856
vt 0.860963 0.583856
vt 0.860963 0.857255
vt 0.820133 0.857255
vt 0.395477 0.873233
vt 0.395477 0.599834
vt 0.400447 0.599834
vt 0.400447 0.873233
vt 0.411719 0.599834
vt 0.411719 0.873233
vt 0.406749 0.873233
vt 0.406749 0.599834
vt 0.984199 0.107093
vt 0.982069 0.107093
vt 0.982069 0.101414
vt 0.984199 0.101415
vt 0.892650 0.304155
vt 0.894781 0.304155
vt 0.894781 0.577554
vt 0.892650 0.577554
vt 0.394844 0.993980
vt 0.392713 0.993980
vt 0.392713 0.988301
vt 0.394844 0.988301
vt 0.893619 0.003151
vt 0.895749 0.003151
vt 0.895749 0.276550
vt 0.893619 0.276550
vt 0.359531 0.873234
vt 0.359531 0.599834
vt 0.365212 0.599834
vt 0.365212 0.873233
vt 0.377194 0.599834
vt 0.377194 0.873233
vt 0.371513 0.873233
vt 0.371513 0.599834
vt 0.961474 0.939790
vt 0.959344 0.939790
vt 0.959344 0.934111
vt 0.961474 0.934112
vt 0.892650 0.583856
vt 0.894781 0.583856
vt 0.894781 0.857255
vt 0.892650 0.857255
vt 0.385099 0.993420
vt 0.382969 0.993420
vt 0.382969 0.987741
vt 0.385099 0.987741
vt 0.884219 0.605160
vt 0.886349 0.605160
vt 0.886349 0.878559
vt 0.884219 0.878559
vt 0.347549 0.873233
vt 0.347549 0.599834
vt 0.353230 0.599834
vt 0.353230 0.873233
vt 0.389176 0.599834
vt 0.389176 0.873233
vt 0.383495 0.873233
vt 0.383495 0.599834
vt 0.438523 0.920666
vt 0.426698 0.898258
vt 0.428952 0.898258
vt 0.427874 0.903158
vt 0.416735 0.920666
vt 0.431206 0.911226
vt 0.424281 0.911226
vt 0.432447 0.914100
vt 0.422974 0.914100
vt 0.435257 0.920666
vt 0.420002 0.920666
vt 0.471680 0.909537
vt 0.452472 0.906663
vt 0.471680 0.906663
vt 0.458385 0.909537
vt 0.466649 0.926066
vt 0.472562 0.928940
vt 0.452472 0.926065
vt 0.452472 0.928940
vt 0.756257 0.913739
vt 0.737049 0.910864
vt 0.756257 0.910864
vt 0.742962 0.913739
vt 0.751226 0.930267
vt 0.757139 0.933141
vt 0.737049 0.930267
vt 0.737049 0.933141
vt 0.101340 0.984185
vt 0.098139 0.961908
vt 0.101340 0.961908
vt 0.098139 0.984185
vt 0.057228 0.947937
vt 0.054027 0.928534
vt 0.057228 0.925659
vt 0.050270 0.925659
vt 0.049109 0.925718
vt 0.048055 0.925889
vt 0.047110 0.926164
vt 0.046269 0.926535
vt 0.045534 0.926996
vt 0.044901 0.927538
vt 0.044370 0.928153
vt 0.050270 0.928534
vt 0.043938 0.928834
vt 0.054027 0.935426
vt 0.049585 0.928569
vt 0.048980 0.928672
vt 0.048452 0.928835
vt 0.043605 0.929573
vt 0.047996 0.929052
vt 0.047608 0.929315
vt 0.047286 0.929620
vt 0.043369 0.930362
vt 0.047023 0.929958
vt 0.046818 0.930324
vt 0.046664 0.930711
vt 0.043228 0.931194
vt 0.046560 0.931112
vt 0.046500 0.931521
vt 0.043182 0.932062
vt 0.046481 0.931931
vt 0.046513 0.932466
vt 0.043231 0.932918
vt 0.046606 0.932961
vt 0.043380 0.933737
vt 0.046758 0.933414
vt 0.046968 0.933824
vt 0.043630 0.934511
vt 0.047231 0.934190
vt 0.047547 0.934511
vt 0.043983 0.935232
vt 0.047912 0.934786
vt 0.048325 0.935013
vt 0.048783 0.935192
vt 0.049283 0.935321
vt 0.044440 0.935895
vt 0.049823 0.935400
vt 0.050401 0.935426
vt 0.054027 0.938301
vt 0.045003 0.936492
vt 0.045674 0.937016
vt 0.046453 0.937460
vt 0.047344 0.937817
vt 0.048346 0.938081
vt 0.049463 0.938244
vt 0.050695 0.938300
vt 0.054027 0.947937
vt 0.043182 0.919358
vt 0.052753 0.896950
vt 0.055007 0.896950
vt 0.053831 0.901850
vt 0.064970 0.919358
vt 0.050499 0.909918
vt 0.057424 0.909918
vt 0.049258 0.912793
vt 0.058731 0.912793
vt 0.046449 0.919358
vt 0.061704 0.919358
vt 0.659984 0.909520
vt 0.659984 0.906646
vt 0.679192 0.906646
vt 0.673279 0.909520
vt 0.665015 0.926049
vt 0.659102 0.928924
vt 0.679192 0.926049
vt 0.679192 0.928924
vt 0.686375 0.909520
vt 0.686375 0.906646
vt 0.705582 0.906646
vt 0.699670 0.909520
vt 0.691405 0.926049
vt 0.685493 0.928924
vt 0.705582 0.926049
vt 0.705582 0.928924
vt 0.292759 0.984163
vt 0.292759 0.961885
vt 0.295960 0.961885
vt 0.295960 0.984163
vt 0.579582 0.944533
vt 0.579582 0.922255
vt 0.582783 0.925129
vt 0.586539 0.922255
vt 0.587701 0.922313
vt 0.588754 0.922484
vt 0.589700 0.922759
vt 0.590540 0.923131
vt 0.591276 0.923591
vt 0.591909 0.924133
vt 0.592440 0.924748
vt 0.586539 0.925129
vt 0.592872 0.925429
vt 0.582783 0.932022
vt 0.587225 0.925165
vt 0.587830 0.925267
vt 0.588358 0.925430
vt 0.593205 0.926168
vt 0.588814 0.925647
vt 0.589201 0.925911
vt 0.589524 0.926215
vt 0.593441 0.926958
vt 0.589787 0.926554
vt 0.589992 0.926920
vt 0.590145 0.927307
vt 0.593581 0.927790
vt 0.590250 0.927708
vt 0.590310 0.928116
vt 0.593628 0.928657
vt 0.590329 0.928526
vt 0.590297 0.929062
vt 0.593579 0.929514
vt 0.590204 0.929557
vt 0.593430 0.930333
vt 0.590051 0.930010
vt 0.589842 0.930420
vt 0.593180 0.931107
vt 0.589579 0.930786
vt 0.589263 0.931107
vt 0.592827 0.931828
vt 0.588898 0.931382
vt 0.588485 0.931609
vt 0.588027 0.931788
vt 0.587527 0.931917
vt 0.592370 0.932491
vt 0.586987 0.931995
vt 0.586409 0.932022
vt 0.582783 0.934896
vt 0.591807 0.933087
vt 0.591136 0.933611
vt 0.590356 0.934055
vt 0.589466 0.934413
vt 0.588463 0.934677
vt 0.587347 0.934840
vt 0.586115 0.934896
vt 0.582783 0.944533
vt 0.030473 0.905681
vt 0.031531 0.905854
vt 0.031522 0.905897
vt 0.030469 0.905725
vt 0.030478 0.905642
vt 0.031540 0.905816
vt 0.030481 0.905611
vt 0.031547 0.905785
vt 0.431206 0.976668
vt 0.431205 0.975600
vt 0.431245 0.975604
vt 0.431246 0.976671
vt 0.431162 0.976668
vt 0.431161 0.975598
vt 0.427257 0.976667
vt 0.427256 0.975598
vt 0.427213 0.976668
vt 0.427212 0.975599
vt 0.427173 0.976670
vt 0.427172 0.975604
vt 0.427142 0.976673
vt 0.427141 0.975611
vt 0.936018 0.815119
vt 0.934960 0.815291
vt 0.934951 0.815252
vt 0.936014 0.815080
vt 0.936023 0.815163
vt 0.934969 0.815334
vt 0.032482 0.906132
vt 0.032467 0.906174
vt 0.032496 0.906095
vt 0.032507 0.906065
vt 0.431204 0.974638
vt 0.431243 0.974644
vt 0.431160 0.974635
vt 0.427254 0.974634
vt 0.427210 0.974637
vt 0.427170 0.974644
vt 0.933995 0.815530
vt 0.933984 0.815501
vt 0.934944 0.815222
vt 0.934008 0.815567
vt 0.934023 0.815609
vt 0.033327 0.906508
vt 0.033307 0.906546
vt 0.033346 0.906473
vt 0.033361 0.906445
vt 0.431201 0.973781
vt 0.431241 0.973790
vt 0.431157 0.973777
vt 0.427252 0.973777
vt 0.427208 0.973780
vt 0.427168 0.973789
vt 0.933144 0.815907
vt 0.933129 0.815879
vt 0.933163 0.815941
vt 0.933183 0.815980
vt 0.034068 0.906973
vt 0.034042 0.907008
vt 0.034091 0.906941
vt 0.034110 0.906915
vt 0.431198 0.973028
vt 0.431238 0.973040
vt 0.431154 0.973024
vt 0.427249 0.973024
vt 0.427205 0.973028
vt 0.427165 0.973040
vt 0.932398 0.816374
vt 0.932379 0.816348
vt 0.932422 0.816405
vt 0.932448 0.816441
vt 0.034705 0.907520
vt 0.034674 0.907551
vt 0.034733 0.907491
vt 0.034755 0.907469
vt 0.431195 0.972381
vt 0.431234 0.972395
vt 0.431151 0.972376
vt 0.427245 0.972375
vt 0.427201 0.972380
vt 0.427162 0.972394
vt 0.931756 0.816923
vt 0.931734 0.816901
vt 0.931784 0.816951
vt 0.931815 0.816982
vt 0.035240 0.908141
vt 0.035204 0.908167
vt 0.035272 0.908117
vt 0.035297 0.908098
vt 0.260342 0.973108
vt 0.260326 0.973737
vt 0.260287 0.973749
vt 0.260303 0.973122
vt 0.260386 0.973103
vt 0.260370 0.973732
vt 0.264290 0.973104
vt 0.264274 0.973733
vt 0.264334 0.973109
vt 0.264318 0.973738
vt 0.264374 0.973123
vt 0.264358 0.973750
vt 0.931216 0.817548
vt 0.931191 0.817530
vt 0.931248 0.817572
vt 0.931284 0.817598
vt 0.035673 0.908828
vt 0.035635 0.908848
vt 0.035708 0.908809
vt 0.035736 0.908794
vt 0.260313 0.974433
vt 0.260274 0.974443
vt 0.260357 0.974430
vt 0.264261 0.974431
vt 0.264305 0.974434
vt 0.264345 0.974444
vt 0.930778 0.818239
vt 0.930751 0.818225
vt 0.930813 0.818258
vt 0.930852 0.818279
vt 0.036008 0.909573
vt 0.035967 0.909588
vt 0.036045 0.909559
vt 0.036075 0.909548
vt 0.260303 0.975188
vt 0.260264 0.975195
vt 0.260346 0.975186
vt 0.264250 0.975187
vt 0.264294 0.975189
vt 0.264335 0.975196
vt 0.930441 0.818989
vt 0.930411 0.818978
vt 0.930478 0.819003
vt 0.930519 0.819018
vt 0.036245 0.910368
vt 0.036202 0.910378
vt 0.036283 0.910359
vt 0.036314 0.910352
vt 0.260295 0.975993
vt 0.260256 0.975998
vt 0.260339 0.975992
vt 0.264243 0.975993
vt 0.264287 0.975994
vt 0.264327 0.975999
vt 0.930202 0.819789
vt 0.930171 0.819782
vt 0.930240 0.819797
vt 0.930283 0.819807
vt 0.036385 0.911205
vt 0.036341 0.911210
vt 0.036424 0.911201
vt 0.036456 0.911197
vt 0.260291 0.976841
vt 0.260252 0.976843
vt 0.260335 0.976840
vt 0.264239 0.976841
vt 0.264283 0.976842
vt 0.264323 0.976844
vt 0.264360 0.976006
vt 0.264355 0.976848
vt 0.930099 0.820635
vt 0.930059 0.820630
vt 0.930142 0.820639
vt 0.036430 0.912077
vt 0.036386 0.912077
vt 0.036470 0.912077
vt 0.036502 0.912077
vt 0.260289 0.977723
vt 0.260250 0.977723
vt 0.260333 0.977723
vt 0.264237 0.977724
vt 0.264281 0.977724
vt 0.264321 0.977724
vt 0.264353 0.977724
vt 0.930052 0.821507
vt 0.930012 0.821507
vt 0.930096 0.821506
vt 0.036380 0.912939
vt 0.036336 0.912934
vt 0.036419 0.912944
vt 0.036450 0.912948
vt 0.260290 0.978596
vt 0.260251 0.978594
vt 0.260334 0.978597
vt 0.264238 0.978598
vt 0.264282 0.978597
vt 0.264322 0.978595
vt 0.264355 0.978591
vt 0.930102 0.822369
vt 0.930062 0.822374
vt 0.930145 0.822363
vt 0.036229 0.913764
vt 0.036186 0.913753
vt 0.036267 0.913773
vt 0.036298 0.913781
vt 0.260295 0.979432
vt 0.260256 0.979427
vt 0.260338 0.979434
vt 0.264242 0.979435
vt 0.264286 0.979433
vt 0.264326 0.979428
vt 0.264359 0.979421
vt 0.930251 0.823193
vt 0.930213 0.823203
vt 0.930294 0.823182
vt 0.035976 0.914543
vt 0.035935 0.914526
vt 0.036012 0.914557
vt 0.036042 0.914569
vt 0.260302 0.980224
vt 0.260263 0.980217
vt 0.260345 0.980227
vt 0.264249 0.980228
vt 0.264293 0.980225
vt 0.264334 0.980218
vt 0.930466 0.823987
vt 0.930437 0.823999
vt 0.930182 0.823211
vt 0.930503 0.823972
vt 0.930544 0.823956
vt 0.035619 0.915269
vt 0.035581 0.915247
vt 0.035653 0.915289
vt 0.035680 0.915305
vt 0.260312 0.980965
vt 0.260273 0.980954
vt 0.260356 0.980968
vt 0.264260 0.980969
vt 0.264304 0.980966
vt 0.264344 0.980955
vt 0.930825 0.824720
vt 0.930797 0.824736
vt 0.930859 0.824700
vt 0.930897 0.824677
vt 0.035157 0.915937
vt 0.035123 0.915909
vt 0.035188 0.915962
vt 0.035213 0.915982
vt 0.260325 0.981645
vt 0.260286 0.981633
vt 0.260369 0.981650
vt 0.264273 0.981651
vt 0.264317 0.981646
vt 0.264357 0.981634
vt 0.931289 0.825393
vt 0.931264 0.825413
vt 0.931320 0.825368
vt 0.931354 0.825340
vt 0.034589 0.916538
vt 0.034559 0.916505
vt 0.034615 0.916567
vt 0.034637 0.916590
vt 0.260342 0.982258
vt 0.260303 0.982244
vt 0.260386 0.982264
vt 0.264290 0.982265
vt 0.264334 0.982260
vt 0.264374 0.982245
vt 0.931861 0.825999
vt 0.931839 0.826022
vt 0.931887 0.825969
vt 0.931917 0.825937
vt 0.033912 0.917065
vt 0.033888 0.917028
vt 0.033934 0.917098
vt 0.033952 0.917124
vt 0.053094 0.973821
vt 0.053097 0.974507
vt 0.053057 0.974519
vt 0.053054 0.973834
vt 0.053138 0.973816
vt 0.053141 0.974503
vt 0.057043 0.973816
vt 0.057047 0.974504
vt 0.057087 0.973821
vt 0.057090 0.974508
vt 0.057127 0.973835
vt 0.057130 0.974519
vt 0.932541 0.826530
vt 0.932523 0.826557
vt 0.932563 0.826497
vt 0.932588 0.826460
vt 0.033126 0.917511
vt 0.033107 0.917471
vt 0.033144 0.917546
vt 0.033157 0.917575
vt 0.053100 0.975304
vt 0.053060 0.975313
vt 0.053144 0.975301
vt 0.057050 0.975301
vt 0.057093 0.975304
vt 0.057133 0.975313
vt 0.933331 0.826980
vt 0.933317 0.827009
vt 0.933348 0.826944
vt 0.933367 0.826905
vt 0.032230 0.917869
vt 0.032217 0.917827
vt 0.032243 0.917907
vt 0.032253 0.917936
vt 0.053102 0.976211
vt 0.053063 0.976217
vt 0.053146 0.976209
vt 0.057052 0.976209
vt 0.057096 0.976211
vt 0.057135 0.976217
vt 0.934231 0.827342
vt 0.934222 0.827372
vt 0.934244 0.827304
vt 0.934258 0.827262
vt 0.031222 0.918133
vt 0.031213 0.918090
vt 0.031230 0.918172
vt 0.031236 0.918202
vt 0.053104 0.977229
vt 0.053064 0.977233
vt 0.053148 0.977228
vt 0.057053 0.977228
vt 0.057097 0.977229
vt 0.057137 0.977233
vt 0.935244 0.827608
vt 0.935237 0.827639
vt 0.935252 0.827569
vt 0.935260 0.827526
vt 0.030101 0.918295
vt 0.030097 0.918252
vt 0.030105 0.918335
vt 0.030108 0.918366
vt 0.053105 0.978360
vt 0.053065 0.978362
vt 0.053149 0.978359
vt 0.057054 0.978360
vt 0.057098 0.978360
vt 0.057138 0.978362
vt 0.936369 0.827773
vt 0.936366 0.827805
vt 0.936373 0.827733
vt 0.936377 0.827689
vt 0.028865 0.918350
vt 0.028865 0.918306
vt 0.028866 0.918389
vt 0.053065 0.979602
vt 0.053034 0.979603
vt 0.053034 0.978365
vt 0.053105 0.979602
vt 0.053149 0.979602
vt 0.057055 0.979602
vt 0.057099 0.979602
vt 0.057138 0.979603
vt 0.937607 0.827829
vt 0.937606 0.827861
vt 0.937608 0.827789
vt 0.937609 0.827745
vt 0.025576 0.918345
vt 0.025533 0.918301
vt 0.025616 0.918385
vt 0.053065 0.982822
vt 0.053034 0.982853
vt 0.053105 0.982802
vt 0.053149 0.982795
vt 0.057054 0.982795
vt 0.057098 0.982802
vt 0.057138 0.982822
vt 0.940858 0.827829
vt 0.940826 0.827861
vt 0.940897 0.827789
vt 0.940941 0.827745
vt 0.025563 0.927982
vt 0.025519 0.927938
vt 0.025603 0.928021
vt 0.025647 0.918416
vt 0.025634 0.928052
vt 0.185419 0.972728
vt 0.185419 0.982365
vt 0.185380 0.982345
vt 0.185380 0.972708
vt 0.185463 0.972735
vt 0.185463 0.982372
vt 0.189367 0.972735
vt 0.189367 0.982371
vt 0.189411 0.972728
vt 0.189411 0.982364
vt 0.189451 0.972708
vt 0.189451 0.982344
vt 0.189483 0.972677
vt 0.189483 0.982313
vt 0.940897 0.837425
vt 0.940858 0.837465
vt 0.940941 0.837381
vt 0.022274 0.927977
vt 0.022318 0.927933
vt 0.022234 0.928016
vt 0.587277 0.293535
vt 0.583846 0.293535
vt 0.583877 0.293503
vt 0.587245 0.293503
vt 0.587297 0.293575
vt 0.583826 0.293575
vt 0.587304 0.293619
vt 0.583819 0.293619
vt 0.587304 0.297524
vt 0.583819 0.297524
vt 0.587297 0.297568
vt 0.583826 0.297568
vt 0.587277 0.297608
vt 0.583846 0.297608
vt 0.944226 0.837465
vt 0.944257 0.837497
vt 0.940826 0.837497
vt 0.944186 0.837425
vt 0.944142 0.837381
vt 0.022305 0.905611
vt 0.022349 0.905655
vt 0.022266 0.905571
vt 0.885905 0.983945
vt 0.885905 0.961437
vt 0.885937 0.961469
vt 0.885937 0.983914
vt 0.885865 0.983965
vt 0.885865 0.961417
vt 0.885821 0.983972
vt 0.885821 0.961410
vt 0.881917 0.983973
vt 0.881917 0.961411
vt 0.881873 0.983966
vt 0.881873 0.961418
vt 0.881834 0.983946
vt 0.881834 0.961438
vt 0.944226 0.815021
vt 0.944257 0.814990
vt 0.944186 0.815061
vt 0.944142 0.815104
vt 0.029308 0.905621
vt 0.029307 0.905665
vt 0.029309 0.905581
vt 0.022234 0.905540
vt 0.029310 0.905550
vt 0.431205 0.984937
vt 0.431206 0.977841
vt 0.431246 0.977842
vt 0.431245 0.984917
vt 0.431161 0.984944
vt 0.431163 0.977841
vt 0.427256 0.984944
vt 0.427257 0.977840
vt 0.427212 0.984937
vt 0.427213 0.977841
vt 0.427172 0.984917
vt 0.427173 0.977841
vt 0.427141 0.984885
vt 0.427142 0.977842
vt 0.937183 0.815060
vt 0.937182 0.815021
vt 0.937184 0.815104
vt 0.957099 0.562618
vt 0.957125 0.563193
vt 0.957081 0.563197
vt 0.957055 0.562619
vt 0.957138 0.562617
vt 0.957164 0.563189
vt 0.957170 0.562617
vt 0.957196 0.563186
vt 0.904797 0.983048
vt 0.904797 0.982479
vt 0.904836 0.982477
vt 0.904837 0.983047
vt 0.904753 0.983048
vt 0.904753 0.982480
vt 0.900848 0.983051
vt 0.900847 0.982484
vt 0.900804 0.983051
vt 0.900803 0.982483
vt 0.900764 0.983051
vt 0.900764 0.982481
vt 0.900732 0.983050
vt 0.900732 0.982478
vt 0.968919 0.103468
vt 0.968946 0.102894
vt 0.968985 0.102897
vt 0.968959 0.103469
vt 0.968876 0.103467
vt 0.968902 0.102889
vt 0.957203 0.563729
vt 0.957159 0.563738
vt 0.957242 0.563721
vt 0.957272 0.563715
vt 0.904797 0.981953
vt 0.904836 0.981949
vt 0.904753 0.981954
vt 0.900847 0.981958
vt 0.900803 0.981957
vt 0.900764 0.981953
vt 0.900732 0.981946
vt 0.969023 0.102358
vt 0.969062 0.102366
vt 0.968980 0.102349
vt 0.957330 0.564224
vt 0.957289 0.564238
vt 0.957368 0.564212
vt 0.957398 0.564202
vt 0.904797 0.981468
vt 0.904837 0.981461
vt 0.904753 0.981470
vt 0.900848 0.981473
vt 0.900804 0.981471
vt 0.900764 0.981465
vt 0.969189 0.101875
vt 0.969218 0.101884
vt 0.969092 0.102372
vt 0.969151 0.101862
vt 0.969109 0.101849
vt 0.957507 0.564677
vt 0.957467 0.564695
vt 0.957543 0.564660
vt 0.957572 0.564647
vt 0.904798 0.981026
vt 0.904837 0.981017
vt 0.904754 0.981029
vt 0.900848 0.981032
vt 0.900805 0.981029
vt 0.900765 0.981021
vt 0.969364 0.101427
vt 0.969392 0.101440
vt 0.969328 0.101410
vt 0.969288 0.101391
vt 0.957732 0.565084
vt 0.957695 0.565108
vt 0.957765 0.565063
vt 0.957792 0.565046
vt 0.904799 0.980629
vt 0.904838 0.980618
vt 0.904755 0.980633
vt 0.900850 0.980636
vt 0.900806 0.980633
vt 0.900766 0.980622
vt 0.969585 0.101024
vt 0.969612 0.101041
vt 0.969552 0.101002
vt 0.969515 0.100979
vt 0.958003 0.565444
vt 0.957969 0.565473
vt 0.958033 0.565418
vt 0.958056 0.565398
vt 0.904800 0.980279
vt 0.904840 0.980266
vt 0.904757 0.980284
vt 0.900851 0.980287
vt 0.900807 0.980283
vt 0.900767 0.980270
vt 0.969853 0.100668
vt 0.969876 0.100689
vt 0.969823 0.100642
vt 0.969790 0.100613
vt 0.958319 0.565755
vt 0.958290 0.565789
vt 0.958345 0.565725
vt 0.958365 0.565701
vt 0.166498 0.992606
vt 0.166507 0.992302
vt 0.166547 0.992315
vt 0.166538 0.992621
vt 0.166454 0.992601
vt 0.166463 0.992297
vt 0.162550 0.992601
vt 0.162559 0.992297
vt 0.162507 0.992606
vt 0.162516 0.992302
vt 0.900769 0.979966
vt 0.900809 0.979981
vt 0.970165 0.100361
vt 0.970185 0.100386
vt 0.970140 0.100331
vt 0.970111 0.100298
vt 0.958680 0.566015
vt 0.958657 0.566053
vt 0.958700 0.565981
vt 0.958717 0.565954
vt 0.166515 0.991954
vt 0.166555 0.991965
vt 0.166471 0.991950
vt 0.162567 0.991950
vt 0.162523 0.991954
vt 0.162476 0.992315
vt 0.162484 0.991965
vt 0.970521 0.100105
vt 0.970537 0.100132
vt 0.970500 0.100071
vt 0.970477 0.100034
vt 0.959084 0.566221
vt 0.959067 0.566262
vt 0.959099 0.566185
vt 0.959112 0.566156
vt 0.166521 0.991563
vt 0.166561 0.991571
vt 0.166477 0.991561
vt 0.162573 0.991561
vt 0.162529 0.991563
vt 0.162490 0.991571
vt 0.970920 0.099902
vt 0.970932 0.099931
vt 0.970904 0.099865
vt 0.970887 0.099825
vt 0.959531 0.566372
vt 0.959520 0.566414
vt 0.959541 0.566333
vt 0.959549 0.566303
vt 0.166525 0.991130
vt 0.166565 0.991135
vt 0.166481 0.991128
vt 0.162577 0.991128
vt 0.162533 0.991130
vt 0.162494 0.991135
vt 0.971361 0.099753
vt 0.971369 0.099784
vt 0.971352 0.099715
vt 0.971340 0.099672
vt 0.960020 0.566464
vt 0.960015 0.566508
vt 0.960025 0.566425
vt 0.166568 0.990656
vt 0.166600 0.990660
vt 0.166597 0.991143
vt 0.166528 0.990653
vt 0.166484 0.990652
vt 0.162580 0.990652
vt 0.162536 0.990653
vt 0.162497 0.990656
vt 0.971845 0.099662
vt 0.971849 0.099693
vt 0.971841 0.099623
vt 0.971835 0.099579
vt 0.960550 0.566495
vt 0.960550 0.566539
vt 0.960551 0.566456
vt 0.166569 0.990134
vt 0.166601 0.990134
vt 0.166529 0.990134
vt 0.166485 0.990133
vt 0.162581 0.990133
vt 0.162537 0.990134
vt 0.162498 0.990134
vt 0.972371 0.099631
vt 0.972371 0.099662
vt 0.972371 0.099591
vt 0.972371 0.099547
vt 0.960956 0.566476
vt 0.960960 0.566520
vt 0.960952 0.566437
vt 0.166568 0.989735
vt 0.166601 0.989733
vt 0.166528 0.989737
vt 0.166484 0.989738
vt 0.162580 0.989738
vt 0.162536 0.989737
vt 0.162497 0.989735
vt 0.972772 0.099650
vt 0.972769 0.099681
vt 0.972776 0.099610
vt 0.972781 0.099566
vt 0.961360 0.566417
vt 0.961369 0.566460
vt 0.961352 0.566378
vt 0.166567 0.989338
vt 0.166599 0.989332
vt 0.166527 0.989342
vt 0.166483 0.989343
vt 0.162579 0.989343
vt 0.162535 0.989342
vt 0.162496 0.989338
vt 0.973172 0.099708
vt 0.973166 0.099739
vt 0.973181 0.099669
vt 0.973189 0.099626
vt 0.961756 0.566314
vt 0.961770 0.566356
vt 0.961744 0.566276
vt 0.166564 0.988949
vt 0.166596 0.988940
vt 0.166524 0.988955
vt 0.166480 0.988958
vt 0.162576 0.988958
vt 0.162532 0.988955
vt 0.162493 0.988949
vt 0.973564 0.099810
vt 0.973554 0.099840
vt 0.973577 0.099772
vt 0.973590 0.099731
vt 0.962138 0.566163
vt 0.962157 0.566203
vt 0.962121 0.566127
vt 0.961734 0.566247
vt 0.962107 0.566099
vt 0.166520 0.988584
vt 0.166560 0.988575
vt 0.166476 0.988587
vt 0.162571 0.988587
vt 0.162528 0.988584
vt 0.162489 0.988575
vt 0.973941 0.099959
vt 0.973927 0.099988
vt 0.973958 0.099924
vt 0.973977 0.099884
vt 0.962498 0.565960
vt 0.962523 0.565997
vt 0.962476 0.565927
vt 0.962459 0.565901
vt 0.166514 0.988233
vt 0.166554 0.988222
vt 0.166470 0.988237
vt 0.162566 0.988237
vt 0.162522 0.988233
vt 0.162483 0.988222
vt 0.974297 0.100159
vt 0.974279 0.100185
vt 0.974319 0.100126
vt 0.974343 0.100090
vt 0.962832 0.565702
vt 0.962861 0.565735
vt 0.962805 0.565673
vt 0.962784 0.565649
vt 0.166507 0.987909
vt 0.166547 0.987896
vt 0.166463 0.987914
vt 0.162559 0.987914
vt 0.162515 0.987909
vt 0.162476 0.987896
vt 0.974625 0.100414
vt 0.974604 0.100437
vt 0.974652 0.100384
vt 0.974682 0.100352
vt 0.963131 0.565384
vt 0.963166 0.565412
vt 0.963100 0.565359
vt 0.963076 0.565340
vt 0.108234 0.980913
vt 0.108232 0.981221
vt 0.108192 0.981208
vt 0.108194 0.980898
vt 0.108278 0.980919
vt 0.108276 0.981225
vt 0.112183 0.980917
vt 0.112181 0.981224
vt 0.112227 0.980912
vt 0.112225 0.981219
vt 0.112267 0.980897
vt 0.112265 0.981207
vt 0.974921 0.100727
vt 0.974896 0.100747
vt 0.974952 0.100702
vt 0.974986 0.100675
vt 0.963391 0.565002
vt 0.963429 0.565024
vt 0.963357 0.564983
vt 0.963330 0.564967
vt 0.108230 0.981591
vt 0.108191 0.981580
vt 0.108274 0.981594
vt 0.112180 0.981593
vt 0.112224 0.981589
vt 0.112263 0.981579
vt 0.975177 0.101104
vt 0.975149 0.101119
vt 0.975212 0.101084
vt 0.975250 0.101062
vt 0.963605 0.564552
vt 0.963646 0.564568
vt 0.963568 0.564538
vt 0.963539 0.564527
vt 0.108229 0.982028
vt 0.108189 0.982021
vt 0.108273 0.982031
vt 0.112179 0.982029
vt 0.112223 0.982027
vt 0.112262 0.982019
vt 0.975388 0.101548
vt 0.975359 0.101560
vt 0.975426 0.101534
vt 0.975467 0.101518
vt 0.963766 0.564030
vt 0.963809 0.564040
vt 0.963728 0.564021
vt 0.963697 0.564013
vt 0.108228 0.982539
vt 0.108189 0.982534
vt 0.108272 0.982540
vt 0.112178 0.982539
vt 0.112222 0.982537
vt 0.112261 0.982533
vt 0.975548 0.102066
vt 0.975517 0.102073
vt 0.975587 0.102057
vt 0.975630 0.102047
vt 0.963868 0.563430
vt 0.963912 0.563435
vt 0.963829 0.563426
vt 0.963797 0.563423
vt 0.108228 0.983127
vt 0.108188 0.983125
vt 0.108272 0.983128
vt 0.112177 0.983126
vt 0.112221 0.983126
vt 0.112261 0.983123
vt 0.975649 0.102661
vt 0.975617 0.102664
vt 0.975688 0.102656
vt 0.975732 0.102651
vt 0.963903 0.562749
vt 0.963947 0.562750
vt 0.963864 0.562748
vt 0.108188 0.983800
vt 0.108156 0.983800
vt 0.108156 0.983121
vt 0.108228 0.983801
vt 0.108272 0.983801
vt 0.112177 0.983800
vt 0.112221 0.983800
vt 0.112261 0.983799
vt 0.975684 0.103339
vt 0.975652 0.103340
vt 0.975724 0.103338
vt 0.975768 0.103337
vt 0.963903 0.559037
vt 0.963947 0.558993
vt 0.963864 0.559077
vt 0.108189 0.987439
vt 0.108158 0.987470
vt 0.108229 0.987419
vt 0.108273 0.987412
vt 0.112179 0.987411
vt 0.112222 0.987418
vt 0.112262 0.987438
vt 0.975684 0.107010
vt 0.975652 0.106978
vt 0.975724 0.107049
vt 0.975768 0.107093
vt 0.957099 0.559037
vt 0.957055 0.558993
vt 0.957138 0.559077
vt 0.963833 0.559108
vt 0.957170 0.559108
vt 0.314131 0.979819
vt 0.314131 0.986441
vt 0.314092 0.986461
vt 0.314092 0.979798
vt 0.314175 0.979826
vt 0.314175 0.986434
vt 0.318079 0.979825
vt 0.318079 0.986434
vt 0.318123 0.979818
vt 0.318123 0.986441
vt 0.318163 0.979798
vt 0.318163 0.986461
vt 0.318195 0.979767
vt 0.318195 0.986492
vt 0.968919 0.107049
vt 0.968959 0.107010
vt 0.968876 0.107093
vt 0.904800 0.986535
vt 0.904840 0.986556
vt 0.904757 0.986529
vt 0.900851 0.986532
vt 0.900807 0.986539
vt 0.900767 0.986559
vt 0.900736 0.986591
vt 0.649394 0.982873
vt 0.649394 0.960507
vt 0.649438 0.960551
vt 0.649438 0.982829
vt 0.649355 0.982912
vt 0.649355 0.960467
vt 0.663173 0.983992
vt 0.663173 0.961485
vt 0.663205 0.961516
vt 0.663205 0.983961
vt 0.663133 0.984012
vt 0.663133 0.961464
vt 0.663089 0.984019
vt 0.663089 0.961457
vt 0.659185 0.984020
vt 0.659185 0.961458
vt 0.659141 0.984013
vt 0.659141 0.961465
vt 0.659102 0.983993
vt 0.659102 0.961486
vt 0.286426 0.984360
vt 0.286426 0.961916
vt 0.286458 0.961885
vt 0.286458 0.984392
vt 0.286387 0.984320
vt 0.286387 0.961955
vt 0.286343 0.984276
vt 0.286343 0.961999
vt 0.652683 0.960507
vt 0.652640 0.960551
vt 0.652723 0.960467
vt 0.649323 0.960436
vt 0.652754 0.960436
vt 0.577511 0.293543
vt 0.574039 0.293543
vt 0.574060 0.293504
vt 0.577491 0.293503
vt 0.577518 0.293587
vt 0.574032 0.293587
vt 0.577518 0.297492
vt 0.574032 0.297492
vt 0.577511 0.297536
vt 0.574039 0.297536
vt 0.577491 0.297576
vt 0.574060 0.297576
vt 0.577459 0.297608
vt 0.574091 0.297608
vt 0.283098 0.961955
vt 0.283058 0.961916
vt 0.283142 0.961999
vt 0.652683 0.982873
vt 0.652640 0.982829
vt 0.652723 0.982912
vt 0.652754 0.982943
vt 0.976245 0.961685
vt 0.976245 0.984234
vt 0.976206 0.984214
vt 0.976206 0.961706
vt 0.976289 0.961678
vt 0.976289 0.984241
vt 0.980193 0.961678
vt 0.980193 0.984240
vt 0.980237 0.961685
vt 0.980237 0.984233
vt 0.980277 0.961705
vt 0.980277 0.984213
vt 0.980310 0.961737
vt 0.980310 0.984182
vt 0.283098 0.984320
vt 0.283058 0.984360
vt 0.283142 0.984276
vt 0.567704 0.293535
vt 0.564273 0.293535
vt 0.564305 0.293503
vt 0.567673 0.293503
vt 0.567724 0.293575
vt 0.564253 0.293575
vt 0.567731 0.293619
vt 0.564246 0.293619
vt 0.567731 0.297524
vt 0.564246 0.297524
vt 0.567724 0.297568
vt 0.564253 0.297568
vt 0.567704 0.297608
vt 0.564273 0.297608
vt 0.283027 0.984392
vt 0.852242 0.903746
vt 0.871579 0.903650
vt 0.871493 0.903695
vt 0.852286 0.903790
vt 0.852202 0.903707
vt 0.871657 0.903610
vt 0.852171 0.903675
vt 0.871719 0.903579
vt 0.768276 0.982182
vt 0.768276 0.962574
vt 0.768316 0.962614
vt 0.768316 0.982162
vt 0.768232 0.982189
vt 0.768232 0.962560
vt 0.764327 0.982189
vt 0.764327 0.962560
vt 0.764283 0.982182
vt 0.764283 0.962574
vt 0.764243 0.982162
vt 0.764243 0.962614
vt 0.764211 0.982131
vt 0.764211 0.962675
vt 0.651848 0.906813
vt 0.632510 0.906717
vt 0.632432 0.906677
vt 0.651887 0.906773
vt 0.651804 0.906856
vt 0.632596 0.906761
vt 0.857499 0.923124
vt 0.857412 0.923168
vt 0.857576 0.923084
vt 0.857638 0.923052
vt 0.774656 0.962566
vt 0.774656 0.982013
vt 0.774617 0.982033
vt 0.774617 0.962586
vt 0.774699 0.962560
vt 0.774699 0.982007
vt 0.778602 0.962643
vt 0.778602 0.982090
vt 0.778646 0.962651
vt 0.778646 0.982098
vt 0.778687 0.962672
vt 0.778687 0.982119
vt 0.646513 0.926150
vt 0.646451 0.926118
vt 0.632371 0.906646
vt 0.646591 0.926189
vt 0.646677 0.926234
vt 0.871633 0.923054
vt 0.871589 0.923098
vt 0.871672 0.923014
vt 0.871704 0.922982
vt 0.978985 0.416001
vt 0.978985 0.401955
vt 0.979025 0.401975
vt 0.979025 0.416040
vt 0.978941 0.415987
vt 0.978941 0.401948
vt 0.975036 0.415987
vt 0.975036 0.401948
vt 0.974992 0.416001
vt 0.974992 0.401955
vt 0.974952 0.416040
vt 0.974952 0.401975
vt 0.974921 0.416102
vt 0.974921 0.402006
vt 0.632457 0.926119
vt 0.632417 0.926080
vt 0.632500 0.926163
vt 0.871648 0.926016
vt 0.871603 0.925973
vt 0.871687 0.926055
vt 0.871719 0.926087
vt 0.651544 0.297568
vt 0.654689 0.297568
vt 0.654669 0.297607
vt 0.651564 0.297607
vt 0.651537 0.297524
vt 0.654696 0.297524
vt 0.651537 0.293620
vt 0.654696 0.293620
vt 0.651544 0.293576
vt 0.654689 0.293576
vt 0.651564 0.293536
vt 0.654669 0.293536
vt 0.651596 0.293503
vt 0.654637 0.293504
vt 0.632442 0.929082
vt 0.632402 0.929121
vt 0.632486 0.929038
vt 0.851428 0.926116
vt 0.851514 0.926072
vt 0.851350 0.926156
vt 0.512852 0.962082
vt 0.512852 0.982512
vt 0.512821 0.982450
vt 0.512821 0.962113
vt 0.512892 0.962061
vt 0.512892 0.982552
vt 0.512936 0.962054
vt 0.512936 0.982566
vt 0.516841 0.962054
vt 0.516841 0.982566
vt 0.516885 0.962061
vt 0.516885 0.982552
vt 0.516925 0.962081
vt 0.516925 0.982512
vt 0.652739 0.929222
vt 0.652801 0.929254
vt 0.632371 0.929153
vt 0.652662 0.929182
vt 0.652575 0.929137
vt 0.865509 0.906643
vt 0.865595 0.906599
vt 0.865431 0.906683
vt 0.851289 0.926188
vt 0.865369 0.906714
vt 0.506162 0.982110
vt 0.506162 0.962800
vt 0.506202 0.962779
vt 0.506202 0.982089
vt 0.506118 0.982118
vt 0.506118 0.962808
vt 0.502215 0.982202
vt 0.502215 0.962892
vt 0.502171 0.982196
vt 0.502171 0.962886
vt 0.502132 0.982177
vt 0.502132 0.962867
vt 0.638658 0.909749
vt 0.638720 0.909781
vt 0.638581 0.909709
vt 0.638494 0.909665
vt 0.852256 0.906708
vt 0.852300 0.906664
vt 0.852217 0.906748
vt 0.809165 0.972001
vt 0.809165 0.985185
vt 0.809134 0.985154
vt 0.809134 0.971939
vt 0.809205 0.972041
vt 0.809205 0.985205
vt 0.809249 0.972055
vt 0.809249 0.985212
vt 0.813155 0.972055
vt 0.813155 0.985212
vt 0.813198 0.972041
vt 0.813198 0.985205
vt 0.813238 0.972001
vt 0.813238 0.985185
vt 0.651872 0.909815
vt 0.651904 0.909847
vt 0.651833 0.909775
vt 0.651789 0.909731
vt 0.645209 0.293536
vt 0.642105 0.293536
vt 0.642136 0.293504
vt 0.645178 0.293504
vt 0.645229 0.293577
vt 0.642084 0.293576
vt 0.645236 0.293621
vt 0.642077 0.293620
vt 0.645236 0.297525
vt 0.642077 0.297524
vt 0.645229 0.297568
vt 0.642084 0.297568
vt 0.645209 0.297607
vt 0.642105 0.297607
vt 0.651919 0.906742
vt 0.821086 0.901841
vt 0.840424 0.901745
vt 0.840338 0.901790
vt 0.821130 0.901885
vt 0.821046 0.901802
vt 0.840502 0.901705
vt 0.821015 0.901770
vt 0.840563 0.901674
vt 0.486215 0.981867
vt 0.486215 0.962259
vt 0.486254 0.962298
vt 0.486254 0.981847
vt 0.486171 0.981874
vt 0.486171 0.962245
vt 0.482266 0.981874
vt 0.482266 0.962245
vt 0.482222 0.981867
vt 0.482222 0.962259
vt 0.482182 0.981847
vt 0.482182 0.962298
vt 0.482150 0.981816
vt 0.482150 0.962360
vt 0.620272 0.906498
vt 0.600935 0.906402
vt 0.600857 0.906362
vt 0.620312 0.906459
vt 0.620228 0.906542
vt 0.601021 0.906446
vt 0.826343 0.921219
vt 0.826257 0.921263
vt 0.826421 0.921179
vt 0.826482 0.921147
vt 0.532972 0.962680
vt 0.532972 0.982127
vt 0.532933 0.982146
vt 0.532933 0.962699
vt 0.533015 0.962674
vt 0.533015 0.982121
vt 0.536919 0.962756
vt 0.536919 0.982203
vt 0.536963 0.962764
vt 0.536963 0.982211
vt 0.537003 0.962785
vt 0.537003 0.982233
vt 0.614938 0.925835
vt 0.614876 0.925804
vt 0.600795 0.906331
vt 0.615016 0.925875
vt 0.615102 0.925919
vt 0.840477 0.921149
vt 0.840434 0.921193
vt 0.840517 0.921109
vt 0.840548 0.921077
vt 0.905147 0.911501
vt 0.905147 0.897455
vt 0.905186 0.897476
vt 0.905186 0.911541
vt 0.905103 0.911488
vt 0.905103 0.897448
vt 0.901197 0.911488
vt 0.901197 0.897448
vt 0.901153 0.911501
vt 0.901153 0.897455
vt 0.901113 0.911541
vt 0.901113 0.897475
vt 0.901082 0.911603
vt 0.901082 0.897507
vt 0.600881 0.925805
vt 0.600842 0.925765
vt 0.600925 0.925849
vt 0.840492 0.924111
vt 0.840448 0.924067
vt 0.840532 0.924150
vt 0.840563 0.924182
vt 0.661004 0.297568
vt 0.664148 0.297568
vt 0.664128 0.297607
vt 0.661024 0.297607
vt 0.660997 0.297524
vt 0.664155 0.297524
vt 0.660997 0.293620
vt 0.664155 0.293620
vt 0.661004 0.293576
vt 0.664148 0.293576
vt 0.661024 0.293536
vt 0.664128 0.293536
vt 0.661055 0.293504
vt 0.664097 0.293504
vt 0.600867 0.928767
vt 0.600827 0.928806
vt 0.600911 0.928723
vt 0.820272 0.924211
vt 0.820359 0.924167
vt 0.820195 0.924251
vt 0.087765 0.961935
vt 0.087765 0.982366
vt 0.087734 0.982304
vt 0.087734 0.961966
vt 0.087805 0.961915
vt 0.087805 0.982405
vt 0.087849 0.961908
vt 0.087849 0.982419
vt 0.091754 0.961908
vt 0.091754 0.982419
vt 0.091798 0.961915
vt 0.091798 0.982405
vt 0.091838 0.961935
vt 0.091838 0.982366
vt 0.621164 0.928907
vt 0.621226 0.928939
vt 0.600795 0.928838
vt 0.621086 0.928867
vt 0.621000 0.928823
vt 0.834353 0.904738
vt 0.834439 0.904694
vt 0.834275 0.904778
vt 0.820133 0.924283
vt 0.834214 0.904809
vt 0.235044 0.982997
vt 0.235044 0.963686
vt 0.235084 0.963665
vt 0.235084 0.982976
vt 0.235000 0.983004
vt 0.235000 0.963694
vt 0.231096 0.983089
vt 0.231096 0.963778
vt 0.231053 0.983083
vt 0.231053 0.963772
vt 0.231014 0.983064
vt 0.231014 0.963753
vt 0.607083 0.909435
vt 0.607145 0.909467
vt 0.607005 0.909394
vt 0.606919 0.909350
vt 0.821101 0.904803
vt 0.821144 0.904759
vt 0.821061 0.904843
vt 0.416767 0.972437
vt 0.416767 0.985620
vt 0.416735 0.985589
vt 0.416735 0.972375
vt 0.416807 0.972476
vt 0.416807 0.985641
vt 0.416851 0.972490
vt 0.416851 0.985648
vt 0.420756 0.972490
vt 0.420756 0.985648
vt 0.420800 0.972476
vt 0.420800 0.985641
vt 0.420839 0.972437
vt 0.420839 0.985620
vt 0.620297 0.909500
vt 0.620328 0.909532
vt 0.620258 0.909460
vt 0.620214 0.909416
vt 0.635749 0.293536
vt 0.632645 0.293536
vt 0.632677 0.293504
vt 0.635718 0.293504
vt 0.635769 0.293577
vt 0.632625 0.293576
vt 0.635776 0.293621
vt 0.632618 0.293620
vt 0.635776 0.297525
vt 0.632618 0.297524
vt 0.635769 0.297568
vt 0.632625 0.297568
vt 0.635749 0.297607
vt 0.632645 0.297607
vt 0.620344 0.906428
vt 0.148037 0.915411
vt 0.145065 0.908845
vt 0.145093 0.908801
vt 0.148066 0.915367
vt 0.148012 0.915450
vt 0.145039 0.908884
vt 0.147992 0.915481
vt 0.145019 0.908916
vt 0.915171 0.986625
vt 0.915171 0.980038
vt 0.915212 0.980019
vt 0.915212 0.986605
vt 0.915127 0.986631
vt 0.915127 0.980045
vt 0.911224 0.986581
vt 0.911224 0.979994
vt 0.911180 0.986573
vt 0.911180 0.979987
vt 0.911141 0.986553
vt 0.911141 0.979966
vt 0.790075 0.918118
vt 0.793048 0.911553
vt 0.793068 0.911584
vt 0.790095 0.918150
vt 0.790049 0.918078
vt 0.793022 0.911513
vt 0.790021 0.918034
vt 0.792994 0.911469
vt 0.135649 0.908845
vt 0.135620 0.908801
vt 0.135675 0.908884
vt 0.697790 0.972792
vt 0.697790 0.982115
vt 0.697759 0.982135
vt 0.697759 0.972771
vt 0.697830 0.972805
vt 0.697830 0.982101
vt 0.697874 0.972809
vt 0.697874 0.982097
vt 0.701780 0.972809
vt 0.701780 0.982097
vt 0.701824 0.972805
vt 0.701824 0.982101
vt 0.701863 0.972792
vt 0.701863 0.982115
vt 0.802412 0.911553
vt 0.802391 0.911584
vt 0.802438 0.911513
vt 0.802467 0.911469
vt 0.132840 0.915411
vt 0.132811 0.915367
vt 0.132866 0.915450
vt 0.135696 0.908916
vt 0.132887 0.915481
vt 0.632409 0.980044
vt 0.632409 0.986618
vt 0.632370 0.986598
vt 0.632370 0.980023
vt 0.632453 0.980052
vt 0.632453 0.986626
vt 0.636357 0.980100
vt 0.636357 0.986674
vt 0.636401 0.980094
vt 0.636401 0.986668
vt 0.636441 0.980074
vt 0.636441 0.986648
vt 0.805221 0.918118
vt 0.805200 0.918150
vt 0.805247 0.918078
vt 0.805276 0.918034
vt 0.129478 0.915411
vt 0.129544 0.915367
vt 0.129418 0.915450
vt 0.557927 0.293535
vt 0.554411 0.293535
vt 0.554458 0.293503
vt 0.557906 0.293503
vt 0.557940 0.293575
vt 0.554380 0.293575
vt 0.557945 0.293619
vt 0.554369 0.293619
vt 0.557945 0.297524
vt 0.554369 0.297524
vt 0.557940 0.297568
vt 0.554380 0.297568
vt 0.557927 0.297608
vt 0.554411 0.297608
vt 0.808669 0.918118
vt 0.808717 0.918150
vt 0.808609 0.918078
vt 0.808543 0.918034
vt 0.139086 0.892914
vt 0.139115 0.892958
vt 0.139060 0.892874
vt 0.129370 0.915481
vt 0.139039 0.892843
vt 0.203814 0.983750
vt 0.203814 0.961136
vt 0.203854 0.961156
vt 0.203854 0.983729
vt 0.203770 0.983757
vt 0.203770 0.961129
vt 0.199866 0.983806
vt 0.199866 0.961179
vt 0.199823 0.983800
vt 0.199823 0.961186
vt 0.199784 0.983781
vt 0.199784 0.961207
vt 0.799026 0.895543
vt 0.799047 0.895512
vt 0.799000 0.895583
vt 0.798971 0.895627
vt 0.141398 0.892914
vt 0.141369 0.892958
vt 0.141423 0.892874
vt 0.141444 0.892843
vt 0.713598 0.293543
vt 0.711168 0.293543
vt 0.711181 0.293504
vt 0.713585 0.293504
vt 0.713603 0.293587
vt 0.711163 0.293587
vt 0.713603 0.297493
vt 0.711163 0.297493
vt 0.713598 0.297537
vt 0.711168 0.297537
vt 0.713585 0.297577
vt 0.711181 0.297577
vt 0.713564 0.297608
vt 0.711201 0.297608
vt 0.796689 0.895583
vt 0.796663 0.895543
vt 0.796717 0.895627
vt 0.151400 0.915411
vt 0.151332 0.915367
vt 0.151461 0.915450
vt 0.151509 0.915481
vt 0.974663 0.622202
vt 0.974663 0.644855
vt 0.974624 0.644835
vt 0.974624 0.622222
vt 0.974706 0.622194
vt 0.974706 0.644861
vt 0.978610 0.622143
vt 0.978610 0.644810
vt 0.978654 0.622150
vt 0.978654 0.644802
vt 0.978694 0.622169
vt 0.978694 0.644782
vt 0.786626 0.918118
vt 0.786578 0.918150
vt 0.796643 0.895512
vt 0.786687 0.918078
vt 0.786755 0.918034
vt 0.548027 0.293535
vt 0.544509 0.293535
vt 0.544529 0.293503
vt 0.547978 0.293504
vt 0.548058 0.293575
vt 0.544496 0.293575
vt 0.548068 0.293619
vt 0.544492 0.293619
vt 0.548068 0.297524
vt 0.544492 0.297524
vt 0.548058 0.297568
vt 0.544496 0.297568
vt 0.548027 0.297608
vt 0.544509 0.297608
vt 0.963924 0.644382
vt 0.960400 0.636469
vt 0.960398 0.636357
vt 0.963991 0.644426
vt 0.963863 0.644342
vt 0.960401 0.636569
vt 0.963814 0.644311
vt 0.960402 0.636649
vt 0.178488 0.804784
vt 0.178488 0.797169
vt 0.178528 0.797119
vt 0.178528 0.804805
vt 0.178444 0.804776
vt 0.178444 0.797186
vt 0.174540 0.804726
vt 0.174540 0.797137
vt 0.174497 0.804733
vt 0.174497 0.797118
vt 0.174458 0.804753
vt 0.174458 0.797067
vt 0.932396 0.294400
vt 0.932396 0.285891
vt 0.932427 0.285965
vt 0.932427 0.294352
vt 0.932356 0.294461
vt 0.932356 0.285799
vt 0.932312 0.294529
vt 0.932312 0.285697
vt 0.957132 0.644382
vt 0.957066 0.644426
vt 0.957191 0.644342
vt 0.957238 0.644311
vt 0.174736 0.975726
vt 0.174736 0.983326
vt 0.174697 0.983346
vt 0.174697 0.975674
vt 0.174779 0.975744
vt 0.174779 0.983320
vt 0.178683 0.975791
vt 0.178683 0.983366
vt 0.178727 0.975774
vt 0.178727 0.983374
vt 0.178767 0.975723
vt 0.178767 0.983395
vt 0.938490 0.291686
vt 0.938435 0.291677
vt 0.938560 0.291698
vt 0.938638 0.291711
vt 0.604860 0.986393
vt 0.604860 0.979877
vt 0.604900 0.979846
vt 0.604900 0.986423
vt 0.604816 0.986382
vt 0.604816 0.979888
vt 0.600911 0.986382
vt 0.600911 0.979888
vt 0.600867 0.986393
vt 0.600867 0.979877
vt 0.600827 0.986423
vt 0.600827 0.979846
vt 0.600795 0.986470
vt 0.600795 0.979798
vt 0.626069 0.853592
vt 0.600795 0.827040
vt 0.626069 0.813769
vt 0.003151 0.806922
vt 0.028425 0.820193
vt 0.003151 0.846746
vt 0.983610 0.139429
vt 0.983610 0.113403
vt 0.986450 0.113394
vt 0.986450 0.139420
vt 0.915903 0.453318
vt 0.915903 0.489569
vt 0.913064 0.489582
vt 0.913064 0.453331
vt 0.408246 0.945279
vt 0.408246 0.976644
vt 0.405406 0.976659
vt 0.405406 0.945294
vt 0.482150 0.992812
vt 0.482150 0.988175
vt 0.485699 0.988248
vt 0.485699 0.992885
vt 0.703440 0.966470
vt 0.697759 0.966470
vt 0.697759 0.935225
vt 0.703440 0.935225
vt 0.985386 0.201161
vt 0.985386 0.196556
vt 0.988934 0.196481
vt 0.988934 0.201086
vt 0.566348 0.940150
vt 0.572029 0.940150
vt 0.572029 0.971396
vt 0.566348 0.971396
vt 0.142062 0.976431
vt 0.142062 0.951046
vt 0.145613 0.951063
vt 0.145613 0.976447
vt 0.757552 0.961110
vt 0.757552 0.986494
vt 0.754001 0.986511
vt 0.754001 0.961127
vt 0.951628 0.995151
vt 0.950563 0.995152
vt 0.950564 0.994037
vt 0.951629 0.994036
vt 0.950563 0.992862
vt 0.951628 0.992861
vt 0.950558 0.991806
vt 0.951623 0.991805
vt 0.976233 0.990546
vt 0.977297 0.990542
vt 0.977278 0.991425
vt 0.976213 0.991429
vt 0.977271 0.992539
vt 0.976206 0.992543
vt 0.977278 0.993714
vt 0.976213 0.993718
vt 0.977297 0.994772
vt 0.976233 0.994776
vt 0.416735 0.991949
vt 0.417800 0.991950
vt 0.417805 0.992835
vt 0.416740 0.992834
vt 0.417806 0.993951
vt 0.416741 0.993950
vt 0.417805 0.995126
vt 0.416740 0.995125
vt 0.417800 0.996181
vt 0.416735 0.996181
vt 0.742726 0.818008
vt 0.741662 0.818004
vt 0.741642 0.817113
vt 0.742707 0.817117
vt 0.741636 0.815995
vt 0.742700 0.815999
vt 0.741642 0.814821
vt 0.742707 0.814825
vt 0.392713 0.978451
vt 0.393164 0.977363
vt 0.393997 0.976530
vt 0.395085 0.976080
vt 0.396262 0.976080
vt 0.397350 0.976530
vt 0.398183 0.977363
vt 0.398633 0.978451
vt 0.398633 0.979629
vt 0.398183 0.980716
vt 0.397350 0.981549
vt 0.396262 0.982000
vt 0.395085 0.982000
vt 0.393997 0.981549
vt 0.393164 0.980716
vt 0.392713 0.979629
vt 0.741662 0.813769
vt 0.742726 0.813772
vt 0.951623 0.996037
vt 0.950558 0.996038
vt 0.934648 0.975087
vt 0.935481 0.975919
vt 0.935931 0.977007
vt 0.935931 0.978185
vt 0.935481 0.979273
vt 0.934648 0.980105
vt 0.933560 0.980556
vt 0.932382 0.980556
vt 0.931294 0.980105
vt 0.930462 0.979273
vt 0.930011 0.978185
vt 0.930011 0.977007
vt 0.930462 0.975919
vt 0.931294 0.975087
vt 0.932382 0.974636
vt 0.933560 0.974636
vt 0.428210 0.994592
vt 0.427145 0.994592
vt 0.427146 0.993477
vt 0.428212 0.993476
vt 0.427145 0.992302
vt 0.428210 0.992301
vt 0.427141 0.991246
vt 0.428206 0.991245
vt 0.022260 0.991044
vt 0.023325 0.991040
vt 0.023306 0.991923
vt 0.022241 0.991928
vt 0.023299 0.993037
vt 0.022234 0.993042
vt 0.023306 0.994213
vt 0.022241 0.994217
vt 0.023325 0.995270
vt 0.022260 0.995274
vt 0.957930 0.991805
vt 0.958996 0.991806
vt 0.959000 0.992692
vt 0.957935 0.992691
vt 0.959001 0.993807
vt 0.957936 0.993806
vt 0.959000 0.994982
vt 0.957935 0.994981
vt 0.958996 0.996038
vt 0.957930 0.996037
vt 0.824305 0.297743
vt 0.823241 0.297739
vt 0.823221 0.296849
vt 0.824286 0.296852
vt 0.823215 0.295731
vt 0.824279 0.295735
vt 0.823221 0.294556
vt 0.824286 0.294560
vt 0.162476 0.978046
vt 0.162926 0.976958
vt 0.163759 0.976125
vt 0.164847 0.975674
vt 0.166025 0.975674
vt 0.167112 0.976125
vt 0.167945 0.976958
vt 0.168396 0.978046
vt 0.168396 0.979223
vt 0.167945 0.980311
vt 0.167112 0.981144
vt 0.166024 0.981595
vt 0.164847 0.981595
vt 0.163759 0.981144
vt 0.162926 0.980311
vt 0.162476 0.979223
vt 0.823241 0.293504
vt 0.824305 0.293508
vt 0.428206 0.995477
vt 0.427141 0.995478
vt 0.444483 0.975739
vt 0.444934 0.976827
vt 0.444934 0.978004
vt 0.444483 0.979092
vt 0.443651 0.979925
vt 0.442563 0.980376
vt 0.441385 0.980376
vt 0.440297 0.979925
vt 0.439464 0.979092
vt 0.439014 0.978004
vt 0.439014 0.976827
vt 0.439465 0.975739
vt 0.440297 0.974906
vt 0.441385 0.974455
vt 0.442563 0.974455
vt 0.443651 0.974906
vt 0.274012 0.994536
vt 0.272947 0.994537
vt 0.272948 0.993422
vt 0.274013 0.993421
vt 0.272947 0.992247
vt 0.274012 0.992246
vt 0.272942 0.991191
vt 0.274008 0.991190
vt 0.210791 0.990934
vt 0.211855 0.990930
vt 0.211836 0.991813
vt 0.210771 0.991817
vt 0.211829 0.992927
vt 0.210765 0.992931
vt 0.211836 0.994102
vt 0.210771 0.994107
vt 0.211855 0.995160
vt 0.210791 0.995164
vt 0.544874 0.991875
vt 0.545939 0.991876
vt 0.545943 0.992762
vt 0.544878 0.992761
vt 0.545945 0.993877
vt 0.544879 0.993876
vt 0.545943 0.995052
vt 0.544878 0.995051
vt 0.545939 0.996108
vt 0.544874 0.996107
vt 0.933049 0.176218
vt 0.931984 0.176215
vt 0.931965 0.175324
vt 0.933030 0.175328
vt 0.931958 0.174206
vt 0.933023 0.174210
vt 0.931965 0.173032
vt 0.933030 0.173036
vt 0.712345 0.977424
vt 0.712795 0.976336
vt 0.713628 0.975503
vt 0.714716 0.975052
vt 0.715894 0.975052
vt 0.716981 0.975503
vt 0.717814 0.976336
vt 0.718265 0.977424
vt 0.718265 0.978601
vt 0.717814 0.979689
vt 0.716981 0.980522
vt 0.715893 0.980973
vt 0.714716 0.980973
vt 0.713628 0.980522
vt 0.712795 0.979689
vt 0.712345 0.978601
vt 0.931984 0.171979
vt 0.933049 0.171983
vt 0.274008 0.995422
vt 0.272942 0.995423
vt 0.937828 0.640357
vt 0.938661 0.641190
vt 0.939111 0.642278
vt 0.939111 0.643455
vt 0.938661 0.644543
vt 0.937828 0.645376
vt 0.936740 0.645826
vt 0.935562 0.645826
vt 0.934475 0.645376
vt 0.933642 0.644543
vt 0.933191 0.643455
vt 0.933191 0.642277
vt 0.933642 0.641190
vt 0.934475 0.640357
vt 0.935562 0.639906
vt 0.936740 0.639906
vt 0.810203 0.994859
vt 0.809138 0.994860
vt 0.809140 0.993745
vt 0.810205 0.993744
vt 0.809138 0.992570
vt 0.810203 0.992569
vt 0.809134 0.991514
vt 0.810199 0.991513
vt 0.283053 0.990697
vt 0.284117 0.990693
vt 0.284098 0.991576
vt 0.283033 0.991580
vt 0.284091 0.992690
vt 0.283027 0.992694
vt 0.284098 0.993865
vt 0.283033 0.993869
vt 0.284117 0.994923
vt 0.283053 0.994927
vt 0.965302 0.991805
vt 0.966368 0.991806
vt 0.966372 0.992692
vt 0.965307 0.992691
vt 0.966373 0.993807
vt 0.965308 0.993806
vt 0.966372 0.994982
vt 0.965307 0.994981
vt 0.966368 0.996038
vt 0.965302 0.996037
vt 0.445915 0.917675
vt 0.444850 0.917671
vt 0.444831 0.916781
vt 0.445896 0.916784
vt 0.444824 0.915663
vt 0.445889 0.915667
vt 0.444831 0.914488
vt 0.445896 0.914492
vt 0.370277 0.979105
vt 0.370727 0.978017
vt 0.371560 0.977185
vt 0.372648 0.976734
vt 0.373825 0.976734
vt 0.374913 0.977185
vt 0.375746 0.978017
vt 0.376197 0.979105
vt 0.376197 0.980283
vt 0.375746 0.981371
vt 0.374913 0.982203
vt 0.373825 0.982654
vt 0.372648 0.982654
vt 0.371560 0.982203
vt 0.370727 0.981371
vt 0.370277 0.980283
vt 0.444850 0.913436
vt 0.445915 0.913440
vt 0.810199 0.995745
vt 0.809134 0.995746
vt 0.825602 0.975372
vt 0.826053 0.976460
vt 0.826053 0.977637
vt 0.825602 0.978725
vt 0.824770 0.979558
vt 0.823682 0.980009
vt 0.822504 0.980009
vt 0.821416 0.979558
vt 0.820584 0.978725
vt 0.820133 0.977637
vt 0.820133 0.976460
vt 0.820584 0.975372
vt 0.821416 0.974539
vt 0.822504 0.974088
vt 0.823682 0.974088
vt 0.824770 0.974539
vt 0.977804 0.857585
vt 0.976207 0.857584
vt 0.976207 0.814990
vt 0.977804 0.814991
vt 0.987980 0.653261
vt 0.989483 0.653262
vt 0.989483 0.677761
vt 0.987980 0.677760
vt 0.982513 0.495883
vt 0.984110 0.495883
vt 0.984110 0.538473
vt 0.982513 0.538474
vt 0.942703 0.943835
vt 0.944210 0.943836
vt 0.944210 0.968335
vt 0.942703 0.968335
vt 0.087733 0.852288
vt 0.112233 0.852283
vt 0.112233 0.892415
vt 0.087733 0.892420
vt 0.663171 0.813768
vt 0.687670 0.813773
vt 0.687670 0.853907
vt 0.663171 0.853902
vt 0.981479 0.262770
vt 0.981479 0.256379
vt 0.982899 0.256379
vt 0.982899 0.262770
vt 0.712345 0.944252
vt 0.718736 0.944252
vt 0.718736 0.968751
vt 0.712345 0.968751
vt 0.370277 0.995346
vt 0.370277 0.988955
vt 0.371696 0.988955
vt 0.371696 0.995346
vt 0.786578 0.950434
vt 0.792969 0.950434
vt 0.792969 0.974934
vt 0.786578 0.974934
vt 0.989625 0.480420
vt 0.989625 0.455920
vt 0.991045 0.455920
vt 0.991045 0.480420
vt 0.992138 0.365756
vt 0.992138 0.390256
vt 0.990718 0.390256
vt 0.990718 0.365756
vt 0.844287 0.973179
vt 0.842689 0.973178
vt 0.842689 0.930584
vt 0.844287 0.930584
vt 0.986611 0.961678
vt 0.988114 0.961679
vt 0.988114 0.986178
vt 0.986611 0.986178
vt 0.982522 0.573247
vt 0.984120 0.573247
vt 0.984120 0.615838
vt 0.982522 0.615838
vt 0.984327 0.748328
vt 0.985834 0.748329
vt 0.985834 0.772828
vt 0.984327 0.772828
vt 0.283027 0.852285
vt 0.307526 0.852280
vt 0.307526 0.892412
vt 0.283027 0.892417
vt 0.514073 0.813786
vt 0.538572 0.813790
vt 0.538572 0.853924
vt 0.514073 0.853919
vt 0.774617 0.994811
vt 0.774617 0.988420
vt 0.776036 0.988420
vt 0.776036 0.994811
vt 0.392713 0.945279
vt 0.399105 0.945279
vt 0.399105 0.969779
vt 0.392713 0.969779
vt 0.053034 0.995546
vt 0.053034 0.989154
vt 0.054453 0.989154
vt 0.054453 0.995546
vt 0.963250 0.948312
vt 0.969641 0.948312
vt 0.969641 0.972812
vt 0.963250 0.972812
vt 0.990412 0.520382
vt 0.990412 0.495883
vt 0.991832 0.495883
vt 0.991832 0.520382
vt 0.992531 0.715037
vt 0.992531 0.739537
vt 0.991110 0.739537
vt 0.991110 0.715037
vt 0.976518 0.346750
vt 0.974921 0.346750
vt 0.974921 0.304155
vt 0.976518 0.304156
vt 0.003151 0.964678
vt 0.004654 0.964679
vt 0.004654 0.989178
vt 0.003151 0.989177
vt 0.976428 0.748329
vt 0.978026 0.748328
vt 0.978026 0.790919
vt 0.976428 0.790919
vt 0.523226 0.962054
vt 0.524732 0.962055
vt 0.524732 0.986554
vt 0.523226 0.986554
vt 0.600795 0.859898
vt 0.625295 0.859893
vt 0.625295 0.900025
vt 0.600795 0.900030
vt 0.737049 0.824405
vt 0.761549 0.824410
vt 0.761549 0.864543
vt 0.737049 0.864539
vt 0.697759 0.994828
vt 0.697759 0.988437
vt 0.699178 0.988437
vt 0.699178 0.994828
vt 0.964617 0.176687
vt 0.971009 0.176687
vt 0.971009 0.201186
vt 0.964617 0.201186
vt 0.087734 0.995111
vt 0.087734 0.988720
vt 0.089153 0.988720
vt 0.089153 0.995111
vt 0.968353 0.717528
vt 0.974744 0.717528
vt 0.974744 0.742027
vt 0.968353 0.742027
vt 0.991153 0.027650
vt 0.991153 0.003151
vt 0.992573 0.003151
vt 0.992573 0.027650
vt 0.993555 0.779129
vt 0.993555 0.803629
vt 0.992135 0.803629
vt 0.992135 0.779129
vt 0.976221 0.615842
vt 0.974624 0.615841
vt 0.974624 0.573247
vt 0.976221 0.573248
vt 0.010955 0.964678
vt 0.012458 0.964679
vt 0.012458 0.989178
vt 0.010955 0.989177
vt 0.983254 0.003151
vt 0.984852 0.003151
vt 0.984852 0.045741
vt 0.983254 0.045741
vt 0.492556 0.962245
vt 0.494062 0.962245
vt 0.494062 0.986745
vt 0.492556 0.986744
vt 0.452472 0.860230
vt 0.476971 0.860225
vt 0.476971 0.900357
vt 0.452472 0.900362
vt 0.544873 0.813786
vt 0.569373 0.813790
vt 0.569373 0.853924
vt 0.544873 0.853919
vt 0.764211 0.994882
vt 0.764211 0.988491
vt 0.765631 0.988490
vt 0.765631 0.994881
vt 0.950558 0.948312
vt 0.956949 0.948312
vt 0.956949 0.972811
vt 0.950558 0.972811
vt 0.174697 0.996087
vt 0.174697 0.989696
vt 0.176116 0.989696
vt 0.176116 0.996087
vt 0.063529 0.951489
vt 0.069920 0.951489
vt 0.069920 0.975989
vt 0.063529 0.975989
vt 0.992181 0.901801
vt 0.992181 0.877302
vt 0.993601 0.877302
vt 0.993601 0.901801
vt 0.994300 0.846146
vt 0.994300 0.870645
vt 0.992880 0.870645
vt 0.992880 0.846146
vt 0.976518 0.395646
vt 0.974921 0.395646
vt 0.974921 0.353051
vt 0.976518 0.353052
vt 0.989378 0.238288
vt 0.990882 0.238289
vt 0.990882 0.262789
vt 0.989378 0.262788
vt 0.980081 0.653261
vt 0.981679 0.653261
vt 0.981679 0.695852
vt 0.980081 0.695852
vt 0.985386 0.165680
vt 0.986893 0.165680
vt 0.986893 0.190180
vt 0.985386 0.190179
vt 0.693972 0.860213
vt 0.718471 0.860208
vt 0.718471 0.900340
vt 0.693972 0.900345
vt 0.043182 0.850510
vt 0.067681 0.850515
vt 0.067681 0.890648
vt 0.043182 0.890644
vt 0.185380 0.995064
vt 0.185380 0.988673
vt 0.186800 0.988673
vt 0.186800 0.995064
vt 0.347549 0.947373
vt 0.353940 0.947373
vt 0.353940 0.971872
vt 0.347549 0.971872
vt 0.649323 0.995636
vt 0.649323 0.989245
vt 0.650743 0.989245
vt 0.650743 0.995636
vt 0.579582 0.950834
vt 0.585972 0.950834
vt 0.585972 0.975333
vt 0.579582 0.975333
vt 0.992135 0.772828
vt 0.992135 0.748328
vt 0.993555 0.748328
vt 0.993555 0.772828
vt 0.993601 0.908457
vt 0.993601 0.932956
vt 0.992181 0.932956
vt 0.992181 0.908457
vt 0.977804 0.906481
vt 0.976207 0.906480
vt 0.976207 0.863886
vt 0.977804 0.863887
vt 0.249195 0.964848
vt 0.250698 0.964849
vt 0.250698 0.989348
vt 0.249195 0.989348
vt 0.982819 0.353048
vt 0.984417 0.353047
vt 0.984417 0.395638
vt 0.982819 0.395638
vt 0.984327 0.779129
vt 0.985834 0.779130
vt 0.985834 0.803629
vt 0.984327 0.803629
vt 0.241390 0.854062
vt 0.265890 0.854057
vt 0.265890 0.894189
vt 0.241390 0.894194
vt 0.693972 0.813769
vt 0.718471 0.813773
vt 0.718471 0.853907
vt 0.693972 0.853902
vt 0.502132 0.994895
vt 0.502132 0.988504
vt 0.503552 0.988503
vt 0.503552 0.994894
vt 0.370277 0.945934
vt 0.376668 0.945933
vt 0.376668 0.970433
vt 0.370277 0.970433
vt 0.231014 0.995781
vt 0.231014 0.989390
vt 0.232434 0.989390
vt 0.232434 0.995781
vt 0.966844 0.273355
vt 0.973235 0.273355
vt 0.973235 0.297854
vt 0.966844 0.297854
vt 0.990421 0.597746
vt 0.990421 0.573247
vt 0.991841 0.573247
vt 0.991841 0.597746
vt 0.994172 0.113394
vt 0.994172 0.137894
vt 0.992752 0.137894
vt 0.992752 0.113394
vt 0.977804 0.955377
vt 0.976207 0.955376
vt 0.976207 0.912782
vt 0.977804 0.912783
vt 0.987980 0.684062
vt 0.989483 0.684063
vt 0.989483 0.708562
vt 0.987980 0.708561
vt 0.981726 0.425120
vt 0.983324 0.425120
vt 0.983324 0.467710
vt 0.981726 0.467711
vt 0.984995 0.622143
vt 0.986502 0.622144
vt 0.986502 0.646643
vt 0.984995 0.646643
vt 0.003151 0.853052
vt 0.027650 0.853047
vt 0.027650 0.893179
vt 0.003151 0.893184
vt 0.483273 0.813786
vt 0.507772 0.813790
vt 0.507772 0.853924
vt 0.483273 0.853919
vt 0.799270 0.995069
vt 0.799270 0.988678
vt 0.800689 0.988677
vt 0.800689 0.995068
vt 0.325005 0.942646
vt 0.331396 0.942646
vt 0.331396 0.967145
vt 0.325005 0.967145
vt 0.512820 0.995258
vt 0.512820 0.988867
vt 0.514240 0.988867
vt 0.514240 0.995258
vt 0.108156 0.950097
vt 0.114547 0.950097
vt 0.114547 0.974596
vt 0.108156 0.974596
vt 0.990718 0.359455
vt 0.990718 0.334956
vt 0.992138 0.334956
vt 0.992138 0.359455
vt 0.994223 0.622143
vt 0.994223 0.646643
vt 0.992803 0.646643
vt 0.992803 0.622143
vt 0.274540 0.984889
vt 0.272942 0.984888
vt 0.272942 0.942302
vt 0.274540 0.942303
vt 0.994374 0.190179
vt 0.993194 0.190179
vt 0.993194 0.165680
vt 0.994374 0.165680
vt 0.983254 0.052044
vt 0.984851 0.052043
vt 0.984851 0.094637
vt 0.983254 0.094638
vt 0.992881 0.814990
vt 0.994062 0.814990
vt 0.994062 0.839489
vt 0.992881 0.839490
vt 0.483272 0.861738
vt 0.507668 0.860225
vt 0.507668 0.891853
vt 0.483272 0.893367
vt 0.514073 0.860225
vt 0.538460 0.861807
vt 0.538460 0.893261
vt 0.514073 0.891679
vt 0.532933 0.994925
vt 0.532933 0.988534
vt 0.534353 0.988534
vt 0.534353 0.994925
vt 0.185380 0.941876
vt 0.191771 0.941876
vt 0.191771 0.966375
vt 0.185380 0.966375
vt 0.851288 0.996223
vt 0.851288 0.989832
vt 0.852708 0.989832
vt 0.852708 0.996223
vt 0.129370 0.951046
vt 0.135761 0.951046
vt 0.135761 0.975546
vt 0.129370 0.975546
vt 0.152088 0.993770
vt 0.152088 0.969271
vt 0.153508 0.969271
vt 0.153508 0.993770
vt 0.992138 0.304155
vt 0.992138 0.328655
vt 0.990718 0.328655
vt 0.990718 0.304155
vt 0.875165 0.975084
vt 0.873567 0.975083
vt 0.873567 0.932489
vt 0.875165 0.932489
vt 0.241390 0.964848
vt 0.242893 0.964849
vt 0.242893 0.989348
vt 0.241390 0.989348
vt 0.982819 0.304156
vt 0.984417 0.304155
vt 0.984417 0.346746
vt 0.982819 0.346746
vt 0.892239 0.961410
vt 0.893745 0.961411
vt 0.893745 0.985910
vt 0.892239 0.985910
vt 0.632370 0.860212
vt 0.656870 0.860208
vt 0.656870 0.900340
vt 0.632370 0.900344
vt 0.632371 0.813769
vt 0.656870 0.813773
vt 0.656870 0.853907
vt 0.632371 0.853902
vt 0.980081 0.708544
vt 0.980081 0.702153
vt 0.981500 0.702153
vt 0.981500 0.708544
vt 0.260250 0.942302
vt 0.266641 0.942302
vt 0.266641 0.966802
vt 0.260250 0.966802
vt 0.566348 0.996070
vt 0.566348 0.989679
vt 0.567768 0.989679
vt 0.567768 0.996070
vt 0.900732 0.949165
vt 0.907123 0.949165
vt 0.907123 0.973665
vt 0.900732 0.973665
vt 0.989603 0.295366
vt 0.989603 0.270867
vt 0.991023 0.270867
vt 0.991023 0.295366
vt 0.991832 0.526683
vt 0.991832 0.551183
vt 0.990412 0.551183
vt 0.990412 0.526683
vt 0.976212 0.538478
vt 0.974614 0.538477
vt 0.974614 0.495883
vt 0.976212 0.495884
vt 0.989378 0.207487
vt 0.990882 0.207488
vt 0.990882 0.231987
vt 0.989378 0.231987
vt 0.981479 0.207488
vt 0.983077 0.207487
vt 0.983077 0.250078
vt 0.981479 0.250078
vt 0.669506 0.961457
vt 0.671013 0.961458
vt 0.671013 0.985957
vt 0.669506 0.985957
vt 0.663171 0.860213
vt 0.687670 0.860208
vt 0.687670 0.900340
vt 0.663171 0.900344
vt 0.452472 0.813786
vt 0.476971 0.813790
vt 0.476971 0.853924
vt 0.452472 0.853919
vt 0.260250 0.994957
vt 0.260250 0.988566
vt 0.261670 0.988566
vt 0.261670 0.994957
vt 0.930011 0.943835
vt 0.936402 0.943835
vt 0.936402 0.968335
vt 0.930011 0.968335
vt 0.325005 0.996081
vt 0.325005 0.989689
vt 0.326425 0.989689
vt 0.326425 0.996080
vt 0.913424 0.949165
vt 0.919815 0.949165
vt 0.919815 0.973665
vt 0.913424 0.973665
vt 0.989625 0.449619
vt 0.989625 0.425120
vt 0.991045 0.425120
vt 0.991045 0.449619
vt 0.992572 0.052042
vt 0.992572 0.076542
vt 0.991152 0.076542
vt 0.991152 0.052042
vt 0.973404 0.264297
vt 0.973404 0.207488
vt 0.975178 0.207487
vt 0.975178 0.264296
vt 0.003151 0.599835
vt 0.059960 0.599834
vt 0.059960 0.692151
vt 0.003151 0.692151
vt 0.972005 0.710071
vt 0.972005 0.653261
vt 0.973780 0.653261
vt 0.973780 0.710071
vt 0.066262 0.599835
vt 0.123069 0.599834
vt 0.123069 0.692151
vt 0.066262 0.692151
vt 0.034726 0.899239
vt 0.034726 0.806922
vt 0.036501 0.806922
vt 0.036502 0.899239
vt 0.235084 0.797068
vt 0.235084 0.889385
vt 0.233309 0.889385
vt 0.233309 0.797068
vt 0.677966 0.994950
vt 0.677966 0.992464
vt 0.680450 0.992464
vt 0.680450 0.994949
vt 0.274240 0.794496
vt 0.276726 0.794496
vt 0.276726 0.890363
vt 0.274240 0.890363
vt 0.754001 0.995297
vt 0.754001 0.992812
vt 0.756486 0.992812
vt 0.756486 0.995297
vt 0.914030 0.105319
vt 0.916515 0.105319
vt 0.916515 0.201186
vt 0.914030 0.201186
vt 0.724772 0.909636
vt 0.724772 0.813769
vt 0.727257 0.813769
vt 0.727257 0.909636
vt 0.076899 0.799827
vt 0.076899 0.895694
vt 0.074413 0.895694
vt 0.074413 0.799827
vt 0.986611 0.994965
vt 0.986611 0.992479
vt 0.989096 0.992479
vt 0.989095 0.994965
vt 0.314272 0.792719
vt 0.316757 0.792719
vt 0.316757 0.888586
vt 0.314272 0.888586
vt 0.314092 0.995279
vt 0.314092 0.992793
vt 0.316577 0.992793
vt 0.316576 0.995279
vt 0.920871 0.653261
vt 0.923356 0.653261
vt 0.923356 0.749128
vt 0.920871 0.749128
vt 0.914030 0.099018
vt 0.914030 0.003151
vt 0.916515 0.003151
vt 0.916515 0.099018
vt 0.121450 0.801600
vt 0.121450 0.897468
vt 0.118965 0.897468
vt 0.118965 0.801600
vt 0.950558 0.875350
vt 0.950558 0.814991
vt 0.953043 0.814990
vt 0.953043 0.875349
vt 0.940034 0.063511
vt 0.940034 0.003151
vt 0.942519 0.003151
vt 0.942519 0.063511
vt 0.949272 0.364516
vt 0.949272 0.304156
vt 0.951757 0.304155
vt 0.951757 0.364516
vt 0.946001 0.713619
vt 0.946001 0.653261
vt 0.948486 0.653261
vt 0.948486 0.713619
vt 0.711883 0.909131
vt 0.711883 0.906646
vt 0.714369 0.906646
vt 0.714369 0.909131
vt 0.992110 0.486721
vt 0.992110 0.489206
vt 0.989625 0.489206
vt 0.989625 0.486721
vt 0.950558 0.942011
vt 0.950558 0.881652
vt 0.953043 0.881651
vt 0.953043 0.942010
vt 0.941994 0.808689
vt 0.941994 0.748328
vt 0.944480 0.748328
vt 0.944480 0.808689
vt 0.949272 0.431178
vt 0.949272 0.370818
vt 0.951757 0.370817
vt 0.951757 0.431178
vt 0.948280 0.633605
vt 0.948280 0.573247
vt 0.950765 0.573247
vt 0.950765 0.633605
vt 0.891260 0.994697
vt 0.891260 0.992211
vt 0.893745 0.992211
vt 0.893745 0.994697
vt 0.305305 0.992457
vt 0.305305 0.994942
vt 0.302820 0.994942
vt 0.302820 0.992457
vt 0.957055 0.552692
vt 0.957055 0.495883
vt 0.959184 0.495883
vt 0.959184 0.552692
vt 0.966844 0.360965
vt 0.966844 0.304155
vt 0.968619 0.304155
vt 0.968619 0.360965
vt 0.532933 0.956372
vt 0.532933 0.899562
vt 0.535062 0.899562
vt 0.535062 0.956372
vt 0.966036 0.059958
vt 0.966036 0.003151
vt 0.967812 0.003151
vt 0.967812 0.059958
vt 0.911141 0.992932
vt 0.912916 0.992932
vt 0.912916 0.995062
vt 0.911141 0.995062
vt 0.579582 0.993159
vt 0.581357 0.993159
vt 0.581357 0.995289
vt 0.579582 0.995289
vt 0.957066 0.630056
vt 0.957066 0.573248
vt 0.959196 0.573247
vt 0.959196 0.630056
vt 0.966392 0.170204
vt 0.966392 0.113394
vt 0.968168 0.113394
vt 0.968168 0.170204
vt 0.502132 0.956478
vt 0.502132 0.899668
vt 0.504262 0.899668
vt 0.504262 0.956478
vt 0.968130 0.871798
vt 0.968130 0.814990
vt 0.969905 0.814990
vt 0.969905 0.871798
vt 0.632371 0.992975
vt 0.634146 0.992975
vt 0.634146 0.995106
vt 0.632371 0.995106
vt 0.129370 0.993371
vt 0.131146 0.993371
vt 0.131146 0.995502
vt 0.129370 0.995502
vt 0.973650 0.481929
vt 0.973650 0.425120
vt 0.975425 0.425120
vt 0.975425 0.481929
vt 0.129370 0.656644
vt 0.129370 0.599834
vt 0.179079 0.599835
vt 0.179079 0.656645
vt 0.968353 0.805139
vt 0.968353 0.748329
vt 0.970127 0.748328
vt 0.970127 0.805138
vt 0.185380 0.656642
vt 0.185380 0.599834
vt 0.235089 0.599835
vt 0.235089 0.656642
vt 0.941993 0.894879
vt 0.941993 0.845170
vt 0.943768 0.845170
vt 0.943768 0.894879
vt 0.968619 0.367266
vt 0.968619 0.416975
vt 0.966844 0.416975
vt 0.966844 0.367266
vt 0.452472 0.995070
vt 0.452472 0.992584
vt 0.454956 0.992584
vt 0.454956 0.995069
vt 0.958058 0.304155
vt 0.960543 0.304155
vt 0.960543 0.357415
vt 0.958058 0.357415
vt 0.786578 0.995245
vt 0.786578 0.992760
vt 0.789062 0.992759
vt 0.789062 0.995245
vt 0.963219 0.653261
vt 0.965704 0.653261
vt 0.965704 0.706521
vt 0.963219 0.706521
vt 0.958058 0.416976
vt 0.958058 0.363716
vt 0.960543 0.363716
vt 0.960543 0.416976
vt 0.961829 0.874551
vt 0.961829 0.927810
vt 0.959344 0.927810
vt 0.959344 0.874551
vt 0.461258 0.995069
vt 0.461258 0.992584
vt 0.463742 0.992584
vt 0.463742 0.995069
vt 0.957606 0.113394
vt 0.960091 0.113394
vt 0.960091 0.166654
vt 0.957606 0.166654
vt 0.600795 0.995256
vt 0.600795 0.992771
vt 0.603280 0.992771
vt 0.603280 0.995256
vt 0.964617 0.207487
vt 0.967103 0.207487
vt 0.967103 0.260747
vt 0.964617 0.260747
vt 0.959344 0.868250
vt 0.959344 0.814990
vt 0.961829 0.814990
vt 0.961829 0.868250
vt 0.962052 0.748328
vt 0.962052 0.801588
vt 0.959566 0.801588
vt 0.959566 0.748328
vt 0.948820 0.130173
vt 0.948820 0.069813
vt 0.951305 0.069813
vt 0.951305 0.130172
vt 0.940034 0.130173
vt 0.940034 0.069812
vt 0.942519 0.069812
vt 0.942519 0.130173
vt 0.948820 0.063511
vt 0.948820 0.003151
vt 0.951305 0.003151
vt 0.951305 0.063511
vt 0.947400 0.267845
vt 0.947400 0.207487
vt 0.949886 0.207487
vt 0.949886 0.267845
vt 0.839316 0.994656
vt 0.839316 0.992170
vt 0.841801 0.992170
vt 0.841801 0.994656
vt 0.671013 0.992258
vt 0.671013 0.994744
vt 0.668528 0.994744
vt 0.668528 0.992258
vt 0.950781 0.808688
vt 0.950781 0.748329
vt 0.953265 0.748328
vt 0.953265 0.808688
vt 0.940034 0.196834
vt 0.940034 0.136474
vt 0.942519 0.136474
vt 0.942519 0.196834
vt 0.948820 0.196835
vt 0.948820 0.136474
vt 0.951305 0.136474
vt 0.951305 0.196834
vt 0.948268 0.556241
vt 0.948268 0.495883
vt 0.950754 0.495883
vt 0.950754 0.556241
vt 0.737049 0.994922
vt 0.737049 0.992437
vt 0.739535 0.992437
vt 0.739535 0.994922
vt 0.943674 0.991984
vt 0.943674 0.994470
vt 0.941188 0.994470
vt 0.941188 0.991984
vt 0.957606 0.059960
vt 0.957606 0.003151
vt 0.959735 0.003151
vt 0.959735 0.059959
vt 0.965574 0.481930
vt 0.965574 0.425120
vt 0.967349 0.425120
vt 0.967349 0.481930
vt 0.956187 0.264297
vt 0.956187 0.207487
vt 0.958316 0.207487
vt 0.958316 0.264297
vt 0.968130 0.934906
vt 0.968130 0.878099
vt 0.969905 0.878099
vt 0.969905 0.934906
vt 0.640447 0.992975
vt 0.642222 0.992975
vt 0.642222 0.995106
vt 0.640447 0.995106
vt 0.492555 0.993046
vt 0.494331 0.993046
vt 0.494331 0.995176
vt 0.492555 0.995176
vt 0.931958 0.165678
vt 0.931958 0.087566
vt 0.933733 0.087566
vt 0.933733 0.165678
vt 0.241390 0.677948
vt 0.241390 0.599834
vt 0.276897 0.599835
vt 0.276897 0.677948
vt 0.931958 0.081264
vt 0.931958 0.003151
vt 0.933733 0.003151
vt 0.933733 0.081264
vt 0.283198 0.677945
vt 0.283198 0.599834
vt 0.318704 0.599835
vt 0.318704 0.677945
vt 0.382969 0.981440
vt 0.382969 0.945934
vt 0.384744 0.945933
vt 0.384744 0.981440
vt 0.979085 0.165680
vt 0.979085 0.201186
vt 0.977310 0.201186
vt 0.977310 0.165680
vt 0.925044 0.477335
vt 0.925044 0.393897
vt 0.927883 0.393896
vt 0.927883 0.477335
vt 0.914030 0.290927
vt 0.914030 0.207487
vt 0.916870 0.207487
vt 0.916870 0.290927
vt 0.923172 0.290927
vt 0.923172 0.207487
vt 0.926011 0.207487
vt 0.926011 0.290927
vt 0.922817 0.086587
vt 0.922817 0.003151
vt 0.925657 0.003151
vt 0.925657 0.086587
vt 0.719904 0.296344
vt 0.719904 0.293504
vt 0.722745 0.293504
vt 0.722745 0.296344
vt 0.731886 0.293504
vt 0.731886 0.296344
vt 0.729046 0.296344
vt 0.729046 0.293504
vt 0.920871 0.928609
vt 0.920871 0.845171
vt 0.923710 0.845170
vt 0.923710 0.928608
vt 0.920871 0.838869
vt 0.920871 0.755429
vt 0.923711 0.755429
vt 0.923711 0.838869
vt 0.925044 0.387595
vt 0.925044 0.304156
vt 0.927883 0.304155
vt 0.927883 0.387595
vt 0.922816 0.176324
vt 0.922816 0.092888
vt 0.925657 0.092888
vt 0.925657 0.176324
vt 0.738187 0.296344
vt 0.738187 0.293504
vt 0.741028 0.293504
vt 0.741028 0.296344
vt 0.750169 0.293504
vt 0.750169 0.296344
vt 0.747329 0.296344
vt 0.747329 0.293504
vt 0.756470 0.296345
vt 0.756470 0.293505
vt 0.759310 0.293504
vt 0.759310 0.296344
vt 0.152088 0.921782
vt 0.154929 0.921782
vt 0.154929 0.962970
vt 0.152088 0.962970
vt 0.765611 0.296345
vt 0.765611 0.293504
vt 0.768450 0.293504
vt 0.768450 0.296344
vt 0.974469 0.113394
vt 0.977309 0.113394
vt 0.977309 0.154582
vt 0.974469 0.154582
vt 0.472975 0.976429
vt 0.472975 0.935241
vt 0.475816 0.935241
vt 0.475816 0.976429
vt 0.976953 0.050639
vt 0.976953 0.091826
vt 0.974113 0.091826
vt 0.974113 0.050639
vt 0.670456 0.297765
vt 0.670456 0.293504
vt 0.673296 0.293504
vt 0.673296 0.297764
vt 0.809134 0.924451
vt 0.813394 0.924451
vt 0.813394 0.965638
vt 0.809134 0.965638
vt 0.682459 0.297765
vt 0.682459 0.293504
vt 0.685298 0.293504
vt 0.685298 0.297765
vt 0.439014 0.926967
vt 0.443274 0.926967
vt 0.443274 0.968154
vt 0.439014 0.968154
vt 0.621299 0.976428
vt 0.621299 0.935240
vt 0.624139 0.935240
vt 0.624139 0.976428
vt 0.976953 0.003151
vt 0.976953 0.044338
vt 0.974113 0.044338
vt 0.974113 0.003151
vt 0.984105 0.933311
vt 0.984105 0.908458
vt 0.985880 0.908457
vt 0.985880 0.933311
vt 0.120848 0.974951
vt 0.120848 0.950097
vt 0.122624 0.950097
vt 0.122624 0.974951
vt 0.984105 0.902156
vt 0.984105 0.877302
vt 0.985880 0.877302
vt 0.985880 0.902156
vt 0.592273 0.975687
vt 0.592273 0.950834
vt 0.594049 0.950834
vt 0.594049 0.975687
vt 0.611201 0.995348
vt 0.611201 0.993572
vt 0.612976 0.993572
vt 0.612976 0.995348
vt 0.109932 0.993772
vt 0.109932 0.995547
vt 0.108156 0.995547
vt 0.108156 0.993772
vt 0.994415 0.986028
vt 0.994415 0.977152
vt 0.995480 0.977152
vt 0.995480 0.986028
vt 0.563743 0.898343
vt 0.572620 0.898343
vt 0.572620 0.933849
vt 0.563743 0.933849
vt 0.831307 0.995186
vt 0.831307 0.986310
vt 0.832372 0.986310
vt 0.832372 0.995186
vt 0.929657 0.702207
vt 0.938533 0.702207
vt 0.938533 0.737713
vt 0.929657 0.737713
vt 0.444824 0.907135
vt 0.444824 0.871628
vt 0.445890 0.871628
vt 0.445890 0.907135
vt 0.445890 0.829821
vt 0.445890 0.865327
vt 0.444824 0.865327
vt 0.444824 0.829821
vt 0.267219 0.829202
vt 0.267219 0.815000
vt 0.267929 0.815000
vt 0.267929 0.829202
vt 0.071271 0.919358
vt 0.071271 0.905156
vt 0.081213 0.905156
vt 0.081213 0.919358
vt 0.267219 0.808699
vt 0.267219 0.794496
vt 0.267929 0.794496
vt 0.267929 0.808699
vt 0.600795 0.973497
vt 0.600795 0.959295
vt 0.610737 0.959295
vt 0.610737 0.973497
vt 0.267219 0.845445
vt 0.267219 0.835503
vt 0.267930 0.835503
vt 0.267930 0.845445
vt 0.958316 0.172955
vt 0.958316 0.182897
vt 0.957606 0.182897
vt 0.957606 0.172955
vt 0.745836 0.995988
vt 0.745836 0.992437
vt 0.746617 0.992437
vt 0.746617 0.995987
vt 0.325005 0.973446
vt 0.328556 0.973446
vt 0.328556 0.983388
vt 0.325005 0.983388
vt 0.995235 0.200031
vt 0.995235 0.196481
vt 0.996016 0.196481
vt 0.996016 0.200031
vt 0.043182 0.973816
vt 0.046732 0.973816
vt 0.046732 0.983758
vt 0.043182 0.983758
vt 0.689238 0.989716
vt 0.689238 0.979774
vt 0.690019 0.979774
vt 0.690019 0.989715
vt 0.922294 0.979966
vt 0.922294 0.989908
vt 0.921513 0.989908
vt 0.921513 0.979966
vt 0.938861 0.593614
vt 0.933180 0.593612
vt 0.933180 0.574092
vt 0.938861 0.574093
vt 0.930012 0.755429
vt 0.935693 0.755429
vt 0.935693 0.808689
vt 0.930012 0.808689
vt 0.980295 0.564300
vt 0.974614 0.564299
vt 0.974614 0.544779
vt 0.980295 0.544779
vt 0.930011 0.845170
vt 0.935692 0.845170
vt 0.935692 0.898430
vt 0.930011 0.898430
vt 0.283027 0.845978
vt 0.283027 0.792719
vt 0.302555 0.792719
vt 0.302555 0.845978
vt 0.260918 0.794496
vt 0.260918 0.847756
vt 0.241390 0.847756
vt 0.241390 0.794496
vt 0.992493 0.417852
vt 0.990718 0.417852
vt 0.990718 0.396557
vt 0.992493 0.396557
vt 0.892650 0.863556
vt 0.894426 0.863556
vt 0.894426 0.875983
vt 0.892650 0.875983
vt 0.992928 0.104138
vt 0.991152 0.104138
vt 0.991152 0.082843
vt 0.992928 0.082843
vt 0.893619 0.282851
vt 0.895394 0.282851
vt 0.895394 0.295278
vt 0.893619 0.295278
vt 0.210765 0.932871
vt 0.223192 0.932871
vt 0.223192 0.954175
vt 0.210765 0.954175
vt 0.881834 0.933806
vt 0.894261 0.933806
vt 0.894261 0.955109
vt 0.881834 0.955109
vt 0.943058 0.980175
vt 0.943058 0.979155
vt 0.943413 0.979166
vt 0.943413 0.980174
vt 0.943673 0.979199
vt 0.943673 0.980172
vt 0.744502 0.954548
vt 0.743529 0.954485
vt 0.743573 0.954132
vt 0.744499 0.954193
vt 0.743622 0.953780
vt 0.744502 0.953838
vt 0.222747 0.983548
vt 0.222747 0.982667
vt 0.223006 0.982700
vt 0.223007 0.983547
vt 0.223361 0.982711
vt 0.223362 0.983546
vt 0.223717 0.982700
vt 0.223717 0.983547
vt 0.223977 0.982667
vt 0.223977 0.983548
vt 0.552325 0.954545
vt 0.553205 0.954487
vt 0.553249 0.954838
vt 0.552323 0.954899
vt 0.553298 0.955191
vt 0.552325 0.955255
vt 0.553339 0.955450
vt 0.552333 0.955516
vt 0.942703 0.980174
vt 0.942703 0.979166
vt 0.943058 0.978151
vt 0.943413 0.978175
vt 0.743503 0.954743
vt 0.742513 0.954546
vt 0.742573 0.954294
vt 0.742662 0.953951
vt 0.742757 0.953608
vt 0.742831 0.953358
vt 0.743663 0.953523
vt 0.223006 0.981866
vt 0.223361 0.981890
vt 0.223717 0.981866
vt 0.553179 0.954231
vt 0.554011 0.954065
vt 0.554071 0.954315
vt 0.554160 0.954657
vt 0.554254 0.955001
vt 0.554329 0.955253
vt 0.942703 0.978175
vt 0.943059 0.977181
vt 0.943414 0.977217
vt 0.741558 0.954222
vt 0.741650 0.953981
vt 0.741783 0.953652
vt 0.741921 0.953325
vt 0.742028 0.953085
vt 0.223006 0.981061
vt 0.223361 0.981097
vt 0.223716 0.981061
vt 0.554814 0.953793
vt 0.554906 0.954031
vt 0.555039 0.954358
vt 0.555178 0.954687
vt 0.555284 0.954929
vt 0.942703 0.977217
vt 0.943059 0.976262
vt 0.943414 0.976309
vt 0.740653 0.953775
vt 0.740775 0.953549
vt 0.740950 0.953242
vt 0.741130 0.952934
vt 0.741268 0.952710
vt 0.223006 0.980298
vt 0.223361 0.980345
vt 0.223716 0.980298
vt 0.555575 0.953417
vt 0.555697 0.953641
vt 0.555872 0.953948
vt 0.556052 0.954256
vt 0.556189 0.954483
vt 0.942704 0.976309
vt 0.943059 0.975409
vt 0.943414 0.975466
vt 0.739814 0.953214
vt 0.739965 0.953008
vt 0.740178 0.952726
vt 0.740397 0.952444
vt 0.740563 0.952239
vt 0.223006 0.979589
vt 0.223361 0.979647
vt 0.223716 0.979589
vt 0.556280 0.952946
vt 0.556431 0.953151
vt 0.556644 0.953432
vt 0.556863 0.953714
vt 0.557028 0.953922
vt 0.942704 0.975466
vt 0.943059 0.974636
vt 0.943414 0.974703
vt 0.739056 0.952549
vt 0.739232 0.952364
vt 0.739480 0.952113
vt 0.739734 0.951862
vt 0.739925 0.951679
vt 0.223006 0.978948
vt 0.223361 0.979014
vt 0.223716 0.978948
vt 0.556918 0.952387
vt 0.557094 0.952569
vt 0.557342 0.952819
vt 0.557596 0.953071
vt 0.557787 0.953256
vt 0.942704 0.974703
vt 0.982084 0.485059
vt 0.982083 0.484293
vt 0.982438 0.484235
vt 0.982439 0.484991
vt 0.738391 0.951790
vt 0.738589 0.951631
vt 0.738868 0.951415
vt 0.739152 0.951199
vt 0.739366 0.951041
vt 0.994417 0.970851
vt 0.994416 0.970218
vt 0.994772 0.970160
vt 0.994772 0.970783
vt 0.995127 0.970218
vt 0.995127 0.970851
vt 0.557477 0.951749
vt 0.557676 0.951905
vt 0.557954 0.952121
vt 0.558239 0.952338
vt 0.558452 0.952498
vt 0.981729 0.484991
vt 0.981728 0.484235
vt 0.982082 0.483445
vt 0.982437 0.483397
vt 0.737830 0.950951
vt 0.738047 0.950820
vt 0.738352 0.950642
vt 0.738662 0.950465
vt 0.738895 0.950336
vt 0.994416 0.969517
vt 0.994771 0.969469
vt 0.995126 0.969517
vt 0.557949 0.951043
vt 0.558166 0.951172
vt 0.558470 0.951348
vt 0.558781 0.951527
vt 0.559013 0.951658
vt 0.981727 0.483397
vt 0.982082 0.482530
vt 0.982437 0.482493
vt 0.737384 0.950046
vt 0.737616 0.949945
vt 0.737942 0.949809
vt 0.738272 0.949674
vt 0.738520 0.949575
vt 0.994416 0.968760
vt 0.994771 0.968723
vt 0.995126 0.968760
vt 0.558324 0.950282
vt 0.558556 0.950380
vt 0.558881 0.950515
vt 0.559212 0.950652
vt 0.559460 0.950753
vt 0.981727 0.482493
vt 0.982081 0.481564
vt 0.982436 0.481539
vt 0.737060 0.949090
vt 0.737303 0.949022
vt 0.737643 0.948930
vt 0.737989 0.948838
vt 0.738247 0.948771
vt 0.994415 0.967959
vt 0.994771 0.967934
vt 0.995126 0.967959
vt 0.558597 0.949479
vt 0.558840 0.949544
vt 0.559180 0.949636
vt 0.559525 0.949728
vt 0.559784 0.949797
vt 0.981726 0.481539
vt 0.982081 0.480562
vt 0.982436 0.480549
vt 0.982696 0.480515
vt 0.982697 0.481471
vt 0.737113 0.948065
vt 0.737462 0.948019
vt 0.737817 0.947973
vt 0.738082 0.947939
vt 0.994415 0.967129
vt 0.994770 0.967115
vt 0.995125 0.967129
vt 0.995385 0.967165
vt 0.995385 0.968029
vt 0.559012 0.948679
vt 0.559361 0.948725
vt 0.559716 0.948772
vt 0.559981 0.948807
vt 0.981726 0.480549
vt 0.982081 0.479543
vt 0.982436 0.479543
vt 0.982696 0.479542
vt 0.737049 0.947092
vt 0.737401 0.947092
vt 0.737759 0.947092
vt 0.738026 0.947093
vt 0.994415 0.966283
vt 0.994770 0.966282
vt 0.995125 0.966283
vt 0.995385 0.966285
vt 0.559070 0.947798
vt 0.559422 0.947798
vt 0.559780 0.947798
vt 0.560047 0.947800
vt 0.981726 0.479543
vt 0.982081 0.478523
vt 0.982436 0.478535
vt 0.982696 0.478568
vt 0.737113 0.946119
vt 0.737462 0.946165
vt 0.737817 0.946211
vt 0.738082 0.946246
vt 0.994415 0.965436
vt 0.994770 0.965447
vt 0.995125 0.965436
vt 0.995385 0.965404
vt 0.559013 0.946918
vt 0.559362 0.946871
vt 0.559716 0.946825
vt 0.559981 0.946793
vt 0.981726 0.478535
vt 0.982081 0.477520
vt 0.982436 0.477545
vt 0.982697 0.477611
vt 0.737303 0.945162
vt 0.737643 0.945254
vt 0.737989 0.945346
vt 0.738248 0.945414
vt 0.994415 0.964602
vt 0.994771 0.964626
vt 0.995126 0.964602
vt 0.995385 0.964537
vt 0.558841 0.946052
vt 0.559181 0.945960
vt 0.559526 0.945869
vt 0.559785 0.945803
vt 0.981726 0.477545
vt 0.982082 0.476552
vt 0.982437 0.476588
vt 0.737060 0.945096
vt 0.737384 0.944140
vt 0.737617 0.944239
vt 0.737942 0.944374
vt 0.738273 0.944510
vt 0.738520 0.944611
vt 0.994416 0.963796
vt 0.994771 0.963831
vt 0.995126 0.963796
vt 0.558597 0.946122
vt 0.558325 0.945318
vt 0.558557 0.945217
vt 0.558882 0.945080
vt 0.559213 0.944945
vt 0.559461 0.944847
vt 0.981727 0.476588
vt 0.982082 0.475634
vt 0.982437 0.475681
vt 0.737831 0.943235
vt 0.738048 0.943364
vt 0.738353 0.943541
vt 0.738663 0.943719
vt 0.738895 0.943850
vt 0.994416 0.963031
vt 0.994771 0.963078
vt 0.995126 0.963031
vt 0.557950 0.944557
vt 0.558167 0.944425
vt 0.558472 0.944247
vt 0.558782 0.944070
vt 0.559015 0.943942
vt 0.981727 0.475681
vt 0.982083 0.474782
vt 0.982438 0.474840
vt 0.738391 0.942395
vt 0.738590 0.942553
vt 0.738869 0.942769
vt 0.739153 0.942985
vt 0.739367 0.943144
vt 0.994416 0.962321
vt 0.994772 0.962379
vt 0.995127 0.962321
vt 0.557479 0.943852
vt 0.557677 0.943692
vt 0.557956 0.943475
vt 0.558241 0.943259
vt 0.558454 0.943103
vt 0.981728 0.474840
vt 0.982084 0.474012
vt 0.982439 0.474079
vt 0.739057 0.941637
vt 0.739233 0.941820
vt 0.739481 0.942070
vt 0.739735 0.942322
vt 0.739926 0.942506
vt 0.994417 0.961678
vt 0.994772 0.961745
vt 0.995127 0.961678
vt 0.556920 0.943214
vt 0.557096 0.943028
vt 0.557344 0.942777
vt 0.557598 0.942526
vt 0.557789 0.942344
vt 0.981729 0.474079
vt 0.977044 0.797220
vt 0.977044 0.797984
vt 0.976689 0.798042
vt 0.976689 0.797288
vt 0.739815 0.940971
vt 0.739966 0.941176
vt 0.740179 0.941458
vt 0.740398 0.941740
vt 0.740564 0.941947
vt 0.993246 0.939613
vt 0.993246 0.940247
vt 0.992891 0.940305
vt 0.992891 0.939680
vt 0.992536 0.940247
vt 0.992536 0.939613
vt 0.556282 0.942654
vt 0.556433 0.942446
vt 0.556646 0.942164
vt 0.556865 0.941883
vt 0.557031 0.941679
vt 0.977400 0.797288
vt 0.977399 0.798042
vt 0.977044 0.798830
vt 0.976689 0.798878
vt 0.740654 0.940410
vt 0.740776 0.940635
vt 0.740951 0.940942
vt 0.741131 0.941250
vt 0.741269 0.941475
vt 0.993247 0.940949
vt 0.992891 0.940997
vt 0.992536 0.940949
vt 0.555577 0.942183
vt 0.555700 0.941956
vt 0.555874 0.941648
vt 0.556055 0.941341
vt 0.556192 0.941118
vt 0.977399 0.798878
vt 0.977044 0.799743
vt 0.976689 0.799780
vt 0.741559 0.939964
vt 0.741651 0.940203
vt 0.741784 0.940531
vt 0.741922 0.940859
vt 0.742029 0.941100
vt 0.993247 0.941708
vt 0.992892 0.941745
vt 0.992537 0.941708
vt 0.554817 0.941808
vt 0.554909 0.941566
vt 0.555042 0.941237
vt 0.555180 0.940910
vt 0.555287 0.940672
vt 0.977399 0.799780
vt 0.977043 0.800709
vt 0.976688 0.800734
vt 0.742514 0.939639
vt 0.742574 0.939890
vt 0.742663 0.940232
vt 0.742758 0.940576
vt 0.742832 0.940827
vt 0.993247 0.942509
vt 0.992892 0.942535
vt 0.992537 0.942509
vt 0.554014 0.941535
vt 0.554073 0.941282
vt 0.554162 0.940939
vt 0.554257 0.940596
vt 0.554332 0.940347
vt 0.977399 0.800734
vt 0.977043 0.801709
vt 0.976688 0.801722
vt 0.743504 0.939443
vt 0.743530 0.939699
vt 0.743574 0.940051
vt 0.743623 0.940404
vt 0.743664 0.940662
vt 0.993247 0.943340
vt 0.992892 0.943353
vt 0.992537 0.943340
vt 0.553182 0.941370
vt 0.553208 0.941110
vt 0.553252 0.940757
vt 0.553301 0.940406
vt 0.553343 0.940150
vt 0.977398 0.801722
vt 0.977043 0.802729
vt 0.976688 0.802729
vt 0.976428 0.802731
vt 0.976429 0.801758
vt 0.744503 0.939636
vt 0.744500 0.939990
vt 0.744503 0.940346
vt 0.744511 0.940606
vt 0.993247 0.944187
vt 0.992892 0.944187
vt 0.992537 0.944187
vt 0.552336 0.941314
vt 0.552328 0.941052
vt 0.552325 0.940697
vt 0.552328 0.940342
vt 0.977658 0.801758
vt 0.977658 0.802731
vt 0.977398 0.802729
vt 0.977043 0.803749
vt 0.976688 0.803737
vt 0.976429 0.803705
vt 0.745476 0.939699
vt 0.745427 0.940051
vt 0.745383 0.940404
vt 0.993507 0.944185
vt 0.993507 0.945066
vt 0.993247 0.945034
vt 0.992892 0.945022
vt 0.992537 0.945034
vt 0.551489 0.941370
vt 0.551448 0.941110
vt 0.551399 0.940757
vt 0.551355 0.940406
vt 0.977658 0.803705
vt 0.977398 0.803737
vt 0.977043 0.804752
vt 0.976688 0.804728
vt 0.745517 0.939443
vt 0.746507 0.939639
vt 0.746432 0.939890
vt 0.746337 0.940232
vt 0.746248 0.940576
vt 0.746189 0.940827
vt 0.745357 0.940662
vt 0.993247 0.945867
vt 0.992892 0.945843
vt 0.992537 0.945867
vt 0.550657 0.941535
vt 0.550583 0.941282
vt 0.550488 0.940939
vt 0.550399 0.940596
vt 0.550340 0.940347
vt 0.551329 0.940150
vt 0.977399 0.804728
vt 0.977044 0.805722
vt 0.976689 0.805686
vt 0.747462 0.939964
vt 0.747355 0.940203
vt 0.747217 0.940531
vt 0.747083 0.940859
vt 0.746992 0.941100
vt 0.993247 0.946672
vt 0.992892 0.946636
vt 0.992537 0.946672
vt 0.549854 0.941808
vt 0.549747 0.941566
vt 0.549609 0.941237
vt 0.549476 0.940910
vt 0.549384 0.940672
vt 0.977399 0.805686
vt 0.977044 0.806641
vt 0.976689 0.806594
vt 0.748367 0.940410
vt 0.748230 0.940635
vt 0.748049 0.940942
vt 0.747875 0.941250
vt 0.747752 0.941475
vt 0.993247 0.947435
vt 0.992891 0.947388
vt 0.992536 0.947435
vt 0.549094 0.942183
vt 0.548956 0.941956
vt 0.548776 0.941648
vt 0.548601 0.941341
vt 0.548479 0.941118
vt 0.977399 0.806594
vt 0.977044 0.807494
vt 0.976689 0.807437
vt 0.749206 0.940971
vt 0.749040 0.941176
vt 0.748821 0.941458
vt 0.748608 0.941740
vt 0.748457 0.941947
vt 0.993246 0.948144
vt 0.992891 0.948086
vt 0.992536 0.948144
vt 0.548388 0.942654
vt 0.548223 0.942446
vt 0.548004 0.942164
vt 0.547791 0.941883
vt 0.547640 0.941679
vt 0.977399 0.807437
vt 0.977044 0.808267
vt 0.976689 0.808200
vt 0.749964 0.941637
vt 0.749773 0.941820
vt 0.749519 0.942070
vt 0.749271 0.942322
vt 0.749095 0.942506
vt 0.993246 0.948785
vt 0.992891 0.948719
vt 0.992536 0.948785
vt 0.547751 0.943214
vt 0.547559 0.943028
vt 0.547306 0.942777
vt 0.547058 0.942526
vt 0.546881 0.942344
vt 0.977400 0.808200
vt 0.958413 0.423277
vt 0.958413 0.424038
vt 0.958058 0.424097
vt 0.958058 0.423345
vt 0.750629 0.942395
vt 0.750416 0.942553
vt 0.750131 0.942769
vt 0.749853 0.942985
vt 0.749654 0.943144
vt 0.992751 0.145730
vt 0.992751 0.146366
vt 0.992396 0.146424
vt 0.992396 0.145798
vt 0.992041 0.146366
vt 0.992041 0.145730
vt 0.547191 0.943852
vt 0.546978 0.943692
vt 0.546693 0.943475
vt 0.546415 0.943259
vt 0.546216 0.943103
vt 0.958768 0.423345
vt 0.958768 0.424097
vt 0.958414 0.424883
vt 0.958059 0.424931
vt 0.751190 0.943235
vt 0.750957 0.943364
vt 0.750647 0.943541
vt 0.750343 0.943719
vt 0.750125 0.943850
vt 0.992752 0.147070
vt 0.992397 0.147118
vt 0.992042 0.147070
vt 0.546720 0.944557
vt 0.546487 0.944425
vt 0.546177 0.944247
vt 0.545873 0.944070
vt 0.545655 0.943942
vt 0.958769 0.424931
vt 0.958414 0.425795
vt 0.958059 0.425832
vt 0.751636 0.944140
vt 0.751388 0.944239
vt 0.751058 0.944374
vt 0.750733 0.944510
vt 0.750500 0.944611
vt 0.992753 0.147830
vt 0.992397 0.147866
vt 0.992042 0.147830
vt 0.546345 0.945318
vt 0.546097 0.945217
vt 0.545767 0.945080
vt 0.545441 0.944945
vt 0.545209 0.944847
vt 0.958769 0.425832
vt 0.958415 0.426759
vt 0.958060 0.426784
vt 0.751960 0.945096
vt 0.751702 0.945162
vt 0.751356 0.945254
vt 0.751016 0.945346
vt 0.750773 0.945414
vt 0.992753 0.148632
vt 0.992398 0.148657
vt 0.992043 0.148632
vt 0.546072 0.946122
vt 0.545813 0.946052
vt 0.545468 0.945960
vt 0.545128 0.945869
vt 0.544885 0.945803
vt 0.958770 0.426784
vt 0.958415 0.427759
vt 0.958060 0.427772
vt 0.752157 0.946086
vt 0.751892 0.946119
vt 0.751537 0.946165
vt 0.751188 0.946211
vt 0.993013 0.148564
vt 0.993014 0.149429
vt 0.992753 0.149464
vt 0.992398 0.149476
vt 0.992043 0.149464
vt 0.545906 0.946954
vt 0.545641 0.946918
vt 0.545287 0.946871
vt 0.544937 0.946825
vt 0.959029 0.426854
vt 0.959030 0.427809
vt 0.958770 0.427772
vt 0.958415 0.428778
vt 0.958060 0.428779
vt 0.752223 0.947093
vt 0.751956 0.947092
vt 0.751598 0.947092
vt 0.751246 0.947092
vt 0.993014 0.150309
vt 0.992753 0.150310
vt 0.992398 0.150310
vt 0.992043 0.150310
vt 0.545851 0.947800
vt 0.545583 0.947798
vt 0.545226 0.947798
vt 0.544873 0.947798
vt 0.959030 0.428782
vt 0.958770 0.428779
vt 0.958415 0.429798
vt 0.958060 0.429787
vt 0.752157 0.948100
vt 0.751892 0.948065
vt 0.751537 0.948019
vt 0.751188 0.947973
vt 0.993014 0.151190
vt 0.992753 0.151157
vt 0.992398 0.151145
vt 0.992043 0.151157
vt 0.545906 0.948647
vt 0.545641 0.948679
vt 0.545286 0.948725
vt 0.544937 0.948772
vt 0.959030 0.429755
vt 0.958770 0.429787
vt 0.958415 0.430802
vt 0.958060 0.430779
vt 0.751960 0.949090
vt 0.751701 0.949022
vt 0.751356 0.948930
vt 0.751016 0.948838
vt 0.993013 0.152056
vt 0.992753 0.151990
vt 0.992398 0.151965
vt 0.992043 0.151990
vt 0.546071 0.949479
vt 0.545813 0.949544
vt 0.545467 0.949636
vt 0.545127 0.949728
vt 0.959029 0.430714
vt 0.958770 0.430779
vt 0.958414 0.431773
vt 0.958059 0.431737
vt 0.751636 0.950046
vt 0.751388 0.949945
vt 0.751057 0.949809
vt 0.750732 0.949674
vt 0.750500 0.949575
vt 0.750772 0.948771
vt 0.992753 0.152794
vt 0.992397 0.152758
vt 0.992042 0.152794
vt 0.546344 0.950282
vt 0.546096 0.950380
vt 0.545765 0.950515
vt 0.545440 0.950652
vt 0.545208 0.950753
vt 0.544884 0.949797
vt 0.958769 0.431737
vt 0.958414 0.432694
vt 0.958059 0.432647
vt 0.751189 0.950951
vt 0.750957 0.950820
vt 0.750647 0.950642
vt 0.750342 0.950465
vt 0.750125 0.950336
vt 0.992752 0.153556
vt 0.992397 0.153509
vt 0.992042 0.153556
vt 0.546719 0.951043
vt 0.546486 0.951172
vt 0.546176 0.951348
vt 0.545871 0.951527
vt 0.545654 0.951658
vt 0.958769 0.432647
vt 0.958413 0.433549
vt 0.958058 0.433491
vt 0.750629 0.951790
vt 0.750415 0.951631
vt 0.750131 0.951415
vt 0.749852 0.951199
vt 0.749653 0.951041
vt 0.992751 0.154263
vt 0.992396 0.154206
vt 0.992041 0.154263
vt 0.547190 0.951749
vt 0.546976 0.951905
vt 0.546692 0.952121
vt 0.546413 0.952338
vt 0.546214 0.952497
vt 0.958768 0.433491
vt 0.958413 0.434323
vt 0.958058 0.434257
vt 0.749963 0.952549
vt 0.749772 0.952364
vt 0.749518 0.952113
vt 0.749270 0.951862
vt 0.749094 0.951679
vt 0.992751 0.154903
vt 0.992396 0.154836
vt 0.992041 0.154903
vt 0.547749 0.952387
vt 0.547557 0.952569
vt 0.547304 0.952819
vt 0.547055 0.953071
vt 0.546879 0.953256
vt 0.958768 0.434257
vt 0.943060 0.985683
vt 0.943059 0.984919
vt 0.943414 0.984861
vt 0.943415 0.985615
vt 0.749205 0.953214
vt 0.749039 0.953007
vt 0.748820 0.952726
vt 0.748607 0.952444
vt 0.748457 0.952239
vt 0.223006 0.988120
vt 0.223006 0.987486
vt 0.223361 0.987428
vt 0.223361 0.988053
vt 0.223716 0.987486
vt 0.223716 0.988120
vt 0.548386 0.952946
vt 0.548221 0.953151
vt 0.548002 0.953431
vt 0.547788 0.953714
vt 0.547638 0.953922
vt 0.942705 0.985615
vt 0.942704 0.984861
vt 0.943059 0.984073
vt 0.943414 0.984025
vt 0.748366 0.953775
vt 0.748228 0.953549
vt 0.748048 0.953242
vt 0.747874 0.952934
vt 0.747751 0.952710
vt 0.223006 0.986784
vt 0.223361 0.986736
vt 0.223716 0.986784
vt 0.549091 0.953417
vt 0.548954 0.953641
vt 0.548774 0.953948
vt 0.548599 0.954256
vt 0.548476 0.954483
vt 0.942704 0.984025
vt 0.943059 0.983160
vt 0.943414 0.983123
vt 0.747461 0.954222
vt 0.747354 0.953981
vt 0.747216 0.953652
vt 0.747082 0.953325
vt 0.746991 0.953085
vt 0.223006 0.986025
vt 0.223361 0.985988
vt 0.223716 0.986025
vt 0.549852 0.953793
vt 0.549745 0.954031
vt 0.549606 0.954358
vt 0.549473 0.954687
vt 0.549381 0.954929
vt 0.942704 0.983123
vt 0.943059 0.982195
vt 0.943414 0.982169
vt 0.746506 0.954546
vt 0.746431 0.954294
vt 0.746336 0.953951
vt 0.746247 0.953608
vt 0.746188 0.953358
vt 0.223006 0.985224
vt 0.223361 0.985199
vt 0.223717 0.985224
vt 0.550655 0.954065
vt 0.550580 0.954315
vt 0.550485 0.954657
vt 0.550396 0.955001
vt 0.550336 0.955253
vt 0.942703 0.982169
vt 0.943058 0.981194
vt 0.943413 0.981181
vt 0.745516 0.954743
vt 0.745475 0.954485
vt 0.745426 0.954132
vt 0.745382 0.953780
vt 0.745356 0.953523
vt 0.223006 0.984393
vt 0.223361 0.984380
vt 0.223717 0.984393
vt 0.551487 0.954231
vt 0.551445 0.954487
vt 0.551396 0.954838
vt 0.551352 0.955191
vt 0.551326 0.955450
vt 0.942703 0.981181
vt 0.744509 0.954809
vt 0.222747 0.984428
vt 0.223977 0.984428
vt 0.995397 0.993736
vt 0.996462 0.993736
vt 0.996462 0.994415
vt 0.995397 0.994415
vt 0.996463 0.994990
vt 0.995398 0.994990
vt 0.995784 0.653261
vt 0.996849 0.653261
vt 0.996849 0.653839
vt 0.995784 0.653839
vt 0.996849 0.654520
vt 0.995784 0.654520
vt 0.996849 0.655198
vt 0.995784 0.655198
vt 0.996849 0.655771
vt 0.995784 0.655771
vt 0.406471 0.996647
vt 0.405406 0.996647
vt 0.405406 0.996067
vt 0.406471 0.996067
vt 0.405406 0.995386
vt 0.406471 0.995386
vt 0.405406 0.994708
vt 0.406471 0.994708
vt 0.405406 0.994136
vt 0.406471 0.994136
vt 0.996849 0.664583
vt 0.995784 0.664583
vt 0.995784 0.664005
vt 0.996849 0.664005
vt 0.995784 0.663325
vt 0.996849 0.663325
vt 0.995784 0.662646
vt 0.996849 0.662646
vt 0.995784 0.662073
vt 0.996849 0.662073
vt 0.691864 0.296231
vt 0.691599 0.295591
vt 0.691599 0.294899
vt 0.691864 0.294259
vt 0.692353 0.293769
vt 0.692993 0.293504
vt 0.693686 0.293504
vt 0.694325 0.293769
vt 0.694815 0.294259
vt 0.695080 0.294899
vt 0.695080 0.295592
vt 0.694815 0.296232
vt 0.694325 0.296721
vt 0.693686 0.296986
vt 0.692993 0.296986
vt 0.692353 0.296721
vt 0.995398 0.992479
vt 0.996463 0.992479
vt 0.996462 0.993057
vt 0.995397 0.993057
vt 0.704862 0.294899
vt 0.704862 0.295592
vt 0.704597 0.296231
vt 0.704107 0.296721
vt 0.703467 0.296986
vt 0.702775 0.296986
vt 0.702135 0.296721
vt 0.701646 0.296231
vt 0.701381 0.295591
vt 0.701381 0.294899
vt 0.701646 0.294259
vt 0.702136 0.293769
vt 0.702775 0.293504
vt 0.703468 0.293504
vt 0.704107 0.293769
vt 0.704597 0.294259
vt 0.234061 0.790767
vt 0.234061 0.662945
vt 0.234469 0.662944
vt 0.234469 0.790767
vt 0.234815 0.662944
vt 0.234815 0.790766
vt 0.913064 0.781084
vt 0.913064 0.653262
vt 0.913403 0.653261
vt 0.913403 0.781084
vt 0.913808 0.653261
vt 0.913808 0.781084
vt 0.914218 0.653261
vt 0.914218 0.781084
vt 0.914570 0.653262
vt 0.914570 0.781084
vt 0.174458 0.790766
vt 0.174458 0.662948
vt 0.174804 0.662946
vt 0.174804 0.790763
vt 0.175211 0.662946
vt 0.175211 0.790763
vt 0.175619 0.662946
vt 0.175619 0.790763
vt 0.175964 0.662949
vt 0.175964 0.790766
vt 0.913064 0.915208
vt 0.913064 0.787388
vt 0.913403 0.787386
vt 0.913403 0.915206
vt 0.913808 0.787385
vt 0.913808 0.915205
vt 0.914218 0.787386
vt 0.914218 0.915206
vt 0.914570 0.787387
vt 0.914570 0.915207
vt 0.902368 0.993051
vt 0.902662 0.993345
vt 0.902821 0.993729
vt 0.902821 0.994144
vt 0.902662 0.994528
vt 0.902369 0.994822
vt 0.901985 0.994981
vt 0.901569 0.994981
vt 0.901185 0.994822
vt 0.900891 0.994528
vt 0.900732 0.994144
vt 0.900732 0.993729
vt 0.900891 0.993345
vt 0.901185 0.993051
vt 0.901569 0.992892
vt 0.901985 0.992892
vt 0.233309 0.790766
vt 0.233309 0.662944
vt 0.233654 0.662944
vt 0.233654 0.790767
vt 0.525156 0.993308
vt 0.525315 0.993692
vt 0.525315 0.994108
vt 0.525156 0.994492
vt 0.524862 0.994786
vt 0.524478 0.994945
vt 0.524063 0.994945
vt 0.523679 0.994786
vt 0.523385 0.994492
vt 0.523226 0.994108
vt 0.523226 0.993692
vt 0.523385 0.993308
vt 0.523679 0.993014
vt 0.524063 0.992855
vt 0.524478 0.992855
vt 0.524862 0.993014
vt 0.043182 0.793525
vt 0.043182 0.752694
vt 0.076899 0.752687
vt 0.076899 0.793519
vt 0.241390 0.684249
vt 0.282222 0.684249
vt 0.282222 0.732183
vt 0.241390 0.732183
vt 0.087734 0.795299
vt 0.087734 0.754467
vt 0.121450 0.754464
vt 0.121450 0.795297
vt 0.003151 0.698453
vt 0.043981 0.698452
vt 0.043981 0.746386
vt 0.003151 0.746386
vt 0.283027 0.786418
vt 0.283027 0.738484
vt 0.316757 0.738484
vt 0.316757 0.786418
vt 0.036881 0.752687
vt 0.036881 0.800621
vt 0.003151 0.800621
vt 0.003151 0.752687
vt 0.340538 0.978139
vt 0.337697 0.978138
vt 0.337697 0.942646
vt 0.340538 0.942647
vt 0.965497 0.573247
vt 0.968323 0.573247
vt 0.968323 0.622956
vt 0.965497 0.622956
vt 0.725037 0.944252
vt 0.727878 0.944252
vt 0.727878 0.979743
vt 0.725037 0.979743
vt 0.965485 0.495883
vt 0.968313 0.495883
vt 0.968313 0.545592
vt 0.965485 0.545592
vt 0.241390 0.788193
vt 0.241390 0.738484
vt 0.276726 0.738486
vt 0.276726 0.788195
vt 0.123069 0.698452
vt 0.123069 0.748161
vt 0.087734 0.748163
vt 0.087734 0.698454
vt 0.798983 0.295264
vt 0.800758 0.295264
vt 0.800759 0.296214
vt 0.798983 0.296214
vt 0.800759 0.297019
vt 0.798984 0.297019
vt 0.861356 0.989834
vt 0.863131 0.989834
vt 0.863131 0.990644
vt 0.861356 0.990644
vt 0.863131 0.991596
vt 0.861356 0.991596
vt 0.863131 0.992546
vt 0.861356 0.992546
vt 0.863131 0.993349
vt 0.861356 0.993349
vt 0.808836 0.297019
vt 0.807060 0.297019
vt 0.807061 0.296207
vt 0.808836 0.296207
vt 0.807061 0.295254
vt 0.808836 0.295254
vt 0.807061 0.294305
vt 0.808836 0.294305
vt 0.807060 0.293504
vt 0.808836 0.293504
vt 0.294534 0.993979
vt 0.292759 0.993979
vt 0.292759 0.993169
vt 0.294534 0.993169
vt 0.292759 0.992216
vt 0.294534 0.992216
vt 0.292759 0.991266
vt 0.294534 0.991266
vt 0.292759 0.990464
vt 0.294534 0.990464
vt 0.930028 0.747833
vt 0.929657 0.746937
vt 0.929657 0.745967
vt 0.930028 0.745071
vt 0.930714 0.744385
vt 0.931609 0.744014
vt 0.932579 0.744014
vt 0.933474 0.744386
vt 0.934160 0.745071
vt 0.934530 0.745967
vt 0.934530 0.746937
vt 0.934160 0.747833
vt 0.933474 0.748519
vt 0.932579 0.748890
vt 0.931609 0.748890
vt 0.930714 0.748518
vt 0.798984 0.293504
vt 0.800759 0.293504
vt 0.800759 0.294312
vt 0.798983 0.294312
vt 0.443887 0.988629
vt 0.443887 0.989599
vt 0.443516 0.990495
vt 0.442831 0.991181
vt 0.441935 0.991552
vt 0.440966 0.991552
vt 0.440070 0.991181
vt 0.439385 0.990495
vt 0.439014 0.989599
vt 0.439014 0.988629
vt 0.439385 0.987734
vt 0.440070 0.987048
vt 0.440966 0.986677
vt 0.441935 0.986677
vt 0.442831 0.987048
vt 0.443516 0.987733
vt 0.790906 0.295264
vt 0.792681 0.295264
vt 0.792681 0.296214
vt 0.790906 0.296214
vt 0.792682 0.297019
vt 0.790907 0.297019
vt 0.043182 0.990059
vt 0.044958 0.990059
vt 0.044957 0.990869
vt 0.043182 0.990869
vt 0.044957 0.991821
vt 0.043182 0.991821
vt 0.044957 0.992771
vt 0.043182 0.992771
vt 0.044958 0.993574
vt 0.043182 0.993574
vt 0.816913 0.297019
vt 0.815138 0.297019
vt 0.815138 0.296207
vt 0.816913 0.296207
vt 0.815138 0.295254
vt 0.816914 0.295254
vt 0.815138 0.294305
vt 0.816913 0.294305
vt 0.815138 0.293504
vt 0.816913 0.293504
vt 0.099915 0.994001
vt 0.098139 0.994001
vt 0.098139 0.993191
vt 0.099914 0.993191
vt 0.098139 0.992239
vt 0.099914 0.992239
vt 0.098139 0.991289
vt 0.099914 0.991289
vt 0.098139 0.990486
vt 0.099915 0.990486
vt 0.405777 0.986778
vt 0.405406 0.985882
vt 0.405406 0.984912
vt 0.405776 0.984016
vt 0.406462 0.983331
vt 0.407357 0.982960
vt 0.408327 0.982960
vt 0.409222 0.983331
vt 0.409908 0.984016
vt 0.410279 0.984912
vt 0.410279 0.985882
vt 0.409908 0.986778
vt 0.409223 0.987464
vt 0.408327 0.987835
vt 0.407358 0.987835
vt 0.406462 0.987464
vt 0.790907 0.293504
vt 0.792682 0.293504
vt 0.792681 0.294312
vt 0.790906 0.294312
vt 0.729910 0.987997
vt 0.729910 0.988967
vt 0.729539 0.989863
vt 0.728854 0.990548
vt 0.727958 0.990920
vt 0.726989 0.990920
vt 0.726093 0.990548
vt 0.725408 0.989863
vt 0.725037 0.988967
vt 0.725037 0.987997
vt 0.725408 0.987101
vt 0.726093 0.986415
vt 0.726989 0.986044
vt 0.727958 0.986044
vt 0.728854 0.986415
vt 0.729539 0.987101
vt 0.774751 0.295264
vt 0.776526 0.295264
vt 0.776527 0.296214
vt 0.774751 0.296214
vt 0.776527 0.297019
vt 0.774752 0.297019
vt 0.659102 0.990321
vt 0.660878 0.990321
vt 0.660877 0.991131
vt 0.659102 0.991131
vt 0.660877 0.992083
vt 0.659102 0.992083
vt 0.660877 0.993033
vt 0.659102 0.993033
vt 0.660878 0.993836
vt 0.659102 0.993836
vt 0.950044 0.566057
vt 0.948268 0.566057
vt 0.948269 0.565245
vt 0.950044 0.565245
vt 0.948269 0.564292
vt 0.950044 0.564292
vt 0.948269 0.563343
vt 0.950044 0.563343
vt 0.948268 0.562542
vt 0.950044 0.562542
vt 0.201559 0.993622
vt 0.199784 0.993622
vt 0.199784 0.992813
vt 0.201559 0.992813
vt 0.199784 0.991860
vt 0.201559 0.991860
vt 0.199784 0.990910
vt 0.201559 0.990910
vt 0.199784 0.990108
vt 0.201559 0.990108
vt 0.336035 0.988258
vt 0.335664 0.987363
vt 0.335664 0.986393
vt 0.336035 0.985497
vt 0.336721 0.984811
vt 0.337616 0.984440
vt 0.338586 0.984440
vt 0.339481 0.984811
vt 0.340167 0.985497
vt 0.340538 0.986393
vt 0.340538 0.987363
vt 0.340167 0.988258
vt 0.339481 0.988944
vt 0.338586 0.989315
vt 0.337617 0.989315
vt 0.336721 0.988944
vt 0.774752 0.293504
vt 0.776527 0.293504
vt 0.776527 0.294312
vt 0.774751 0.294312
vt 0.825006 0.988262
vt 0.825006 0.989232
vt 0.824635 0.990128
vt 0.823950 0.990814
vt 0.823054 0.991185
vt 0.822085 0.991185
vt 0.821189 0.990814
vt 0.820504 0.990128
vt 0.820133 0.989232
vt 0.820133 0.988263
vt 0.820504 0.987367
vt 0.821189 0.986681
vt 0.822085 0.986310
vt 0.823054 0.986310
vt 0.823950 0.986681
vt 0.824635 0.987366
vt 0.782828 0.295264
vt 0.784604 0.295264
vt 0.784604 0.296214
vt 0.782829 0.296214
vt 0.784605 0.297019
vt 0.782829 0.297019
vt 0.881835 0.990274
vt 0.883610 0.990274
vt 0.883610 0.991083
vt 0.881834 0.991083
vt 0.883610 0.992036
vt 0.881834 0.992036
vt 0.883610 0.992986
vt 0.881834 0.992986
vt 0.883610 0.993788
vt 0.881835 0.993788
vt 0.735334 0.817283
vt 0.733559 0.817283
vt 0.733559 0.816472
vt 0.735334 0.816472
vt 0.733559 0.815519
vt 0.735335 0.815519
vt 0.733559 0.814570
vt 0.735334 0.814570
vt 0.733559 0.813769
vt 0.735334 0.813769
vt 0.349324 0.993670
vt 0.347549 0.993670
vt 0.347549 0.992860
vt 0.349324 0.992860
vt 0.347549 0.991908
vt 0.349324 0.991908
vt 0.347549 0.990958
vt 0.349324 0.990958
vt 0.347549 0.990155
vt 0.349324 0.990155
vt 0.076592 0.988600
vt 0.076221 0.987704
vt 0.076221 0.986734
vt 0.076592 0.985838
vt 0.077278 0.985153
vt 0.078173 0.984781
vt 0.079142 0.984781
vt 0.080038 0.985153
vt 0.080724 0.985838
vt 0.081095 0.986734
vt 0.081095 0.987704
vt 0.080724 0.988600
vt 0.080038 0.989286
vt 0.079143 0.989657
vt 0.078174 0.989657
vt 0.077278 0.989286
vt 0.782829 0.293504
vt 0.784605 0.293504
vt 0.784604 0.294312
vt 0.782829 0.294312
vt 0.991469 0.561377
vt 0.991469 0.562347
vt 0.991098 0.563242
vt 0.990413 0.563928
vt 0.989517 0.564299
vt 0.988548 0.564299
vt 0.987653 0.563928
vt 0.986967 0.563243
vt 0.986596 0.562347
vt 0.986596 0.561377
vt 0.986967 0.560481
vt 0.987653 0.559795
vt 0.988548 0.559424
vt 0.989518 0.559424
vt 0.990413 0.559795
vt 0.991098 0.560481
vt 0.288536 0.728634
vt 0.288536 0.684252
vt 0.318704 0.684246
vt 0.318704 0.728628
vt 0.043182 0.844209
vt 0.043182 0.799827
vt 0.066261 0.799827
vt 0.066261 0.844209
vt 0.051265 0.742838
vt 0.051265 0.698455
vt 0.081432 0.698453
vt 0.081432 0.742835
vt 0.087734 0.845981
vt 0.087734 0.801600
vt 0.110813 0.801601
vt 0.110813 0.845982
vt 0.347549 0.879535
vt 0.370628 0.879535
vt 0.370628 0.909715
vt 0.347549 0.909714
vt 0.376929 0.879535
vt 0.400008 0.879535
vt 0.400008 0.909714
vt 0.376929 0.909715
vt 0.799270 0.950434
vt 0.801755 0.950435
vt 0.801755 0.982376
vt 0.799270 0.982376
vt 0.984105 0.814990
vt 0.986580 0.814990
vt 0.986580 0.839844
vt 0.984105 0.839845
vt 0.362726 0.979316
vt 0.360241 0.979315
vt 0.360241 0.947373
vt 0.362726 0.947373
vt 0.984105 0.846146
vt 0.986579 0.846146
vt 0.986579 0.871000
vt 0.984105 0.871001
vt 0.544873 0.860225
vt 0.569728 0.860226
vt 0.569728 0.892042
vt 0.544873 0.892040
vt 0.820133 0.863558
vt 0.844987 0.863556
vt 0.844987 0.895371
vt 0.820133 0.895373
vt 0.853170 0.983530
vt 0.853170 0.956546
vt 0.854190 0.956545
vt 0.854190 0.983530
vt 0.855054 0.956543
vt 0.855054 0.983528
vt 0.452472 0.986283
vt 0.452472 0.959298
vt 0.453319 0.959296
vt 0.453319 0.986281
vt 0.454331 0.959296
vt 0.454331 0.986280
vt 0.455356 0.959296
vt 0.455356 0.986281
vt 0.456236 0.959298
vt 0.456236 0.986282
vt 0.076221 0.978480
vt 0.076221 0.951497
vt 0.077086 0.951491
vt 0.077086 0.978475
vt 0.078105 0.951489
vt 0.078105 0.978473
vt 0.079124 0.951491
vt 0.079124 0.978475
vt 0.079987 0.951497
vt 0.079987 0.978480
vt 0.861356 0.983533
vt 0.861356 0.956549
vt 0.862202 0.956545
vt 0.862202 0.983529
vt 0.863215 0.956543
vt 0.863215 0.983527
vt 0.864240 0.956544
vt 0.864240 0.983528
vt 0.865120 0.956548
vt 0.865120 0.983532
vt 0.583673 0.982032
vt 0.584408 0.982767
vt 0.584805 0.983727
vt 0.584805 0.984766
vt 0.584408 0.985725
vt 0.583673 0.986460
vt 0.582713 0.986858
vt 0.581674 0.986858
vt 0.580714 0.986460
vt 0.579979 0.985725
vt 0.579582 0.984765
vt 0.579582 0.983726
vt 0.579979 0.982767
vt 0.580714 0.982032
vt 0.581674 0.981634
vt 0.582713 0.981634
vt 0.851288 0.983528
vt 0.851288 0.956543
vt 0.852152 0.956545
vt 0.852152 0.983530
vt 0.133462 0.982244
vt 0.134196 0.982979
vt 0.134594 0.983939
vt 0.134594 0.984978
vt 0.134196 0.985938
vt 0.133461 0.986673
vt 0.132502 0.987070
vt 0.131463 0.987070
vt 0.130503 0.986672
vt 0.129768 0.985938
vt 0.129370 0.984978
vt 0.129370 0.983939
vt 0.129768 0.982979
vt 0.130503 0.982244
vt 0.131463 0.981847
vt 0.132502 0.981847
vt 0.516042 0.295467
vt 0.516042 0.294406
vt 0.516502 0.294511
vt 0.493793 0.295668
vt 0.494690 0.295668
vt 0.494690 0.296778
vt 0.493794 0.296518
vt 0.495749 0.295667
vt 0.496809 0.295668
vt 0.496810 0.296778
vt 0.495750 0.296869
vt 0.536281 0.293503
vt 0.536281 0.294398
vt 0.535821 0.294503
vt 0.535432 0.293697
vt 0.516042 0.293503
vt 0.516892 0.293697
vt 0.497710 0.295668
vt 0.497710 0.296518
vt 0.536281 0.295456
vt 0.535452 0.294797
vt 0.534750 0.294241
vt 0.517573 0.294241
vt 0.516870 0.294805
vt 0.495752 0.297834
vt 0.494693 0.297669
vt 0.497712 0.297201
vt 0.496813 0.297669
vt 0.493796 0.297201
vt 0.517951 0.295026
vt 0.517075 0.295230
vt 0.613247 0.296521
vt 0.613111 0.295461
vt 0.614206 0.295460
vt 0.614259 0.296520
vt 0.613248 0.294402
vt 0.613636 0.293505
vt 0.614409 0.293504
vt 0.614259 0.294400
vt 0.535248 0.295222
vt 0.613635 0.297421
vt 0.614409 0.297420
vt 0.534372 0.295026
vt 0.535248 0.295694
vt 0.517075 0.295702
vt 0.615397 0.296520
vt 0.615280 0.297420
vt 0.615397 0.294400
vt 0.615438 0.295460
vt 0.534372 0.295898
vt 0.517951 0.295898
vt 0.615281 0.293504
vt 0.616437 0.296521
vt 0.616076 0.297421
vt 0.616437 0.294402
vt 0.616563 0.295461
vt 0.535452 0.296119
vt 0.534750 0.296683
vt 0.517573 0.296683
vt 0.516870 0.296126
vt 0.616077 0.293505
vt 0.516892 0.297226
vt 0.516502 0.296421
vt 0.474250 0.293668
vt 0.475311 0.293503
vt 0.475319 0.294468
vt 0.474257 0.294559
vt 0.476370 0.293668
vt 0.477265 0.294137
vt 0.477270 0.294819
vt 0.476377 0.294559
vt 0.535821 0.296413
vt 0.473348 0.294137
vt 0.473354 0.294819
vt 0.535432 0.297226
vt 0.475322 0.295670
vt 0.474260 0.295670
vt 0.477272 0.295669
vt 0.476379 0.295670
vt 0.536281 0.296518
vt 0.516042 0.296526
vt 0.473355 0.295669
vt 0.536281 0.297420
vt 0.516042 0.297420
vt 0.515582 0.296421
vt 0.474257 0.296779
vt 0.473354 0.296519
vt 0.476377 0.296779
vt 0.475319 0.296871
vt 0.536741 0.296413
vt 0.537131 0.297226
vt 0.515192 0.297226
vt 0.477270 0.296519
vt 0.476370 0.297669
vt 0.475311 0.297834
vt 0.537110 0.296119
vt 0.537812 0.296683
vt 0.514511 0.296683
vt 0.515213 0.296126
vt 0.474250 0.297669
vt 0.477265 0.297199
vt 0.473348 0.297199
vt 0.514133 0.295898
vt 0.515009 0.295702
vt 0.593741 0.296521
vt 0.593605 0.295460
vt 0.594700 0.295456
vt 0.594752 0.296518
vt 0.593741 0.294401
vt 0.594130 0.293506
vt 0.594903 0.293504
vt 0.594753 0.294398
vt 0.537314 0.295694
vt 0.594129 0.297423
vt 0.594903 0.297420
vt 0.538190 0.295898
vt 0.595775 0.293504
vt 0.595891 0.294398
vt 0.537314 0.295222
vt 0.515009 0.295230
vt 0.595890 0.296518
vt 0.595774 0.297420
vt 0.595932 0.295456
vt 0.538190 0.295026
vt 0.514133 0.295026
vt 0.515213 0.294805
vt 0.596930 0.296521
vt 0.596570 0.297423
vt 0.596931 0.294401
vt 0.597057 0.295460
vt 0.537110 0.294797
vt 0.537812 0.294241
vt 0.514511 0.294241
vt 0.596570 0.293506
vt 0.536741 0.294503
vt 0.537131 0.293697
vt 0.515192 0.293697
vt 0.515582 0.294511
vt 0.494693 0.293669
vt 0.495752 0.293503
vt 0.495750 0.294466
vt 0.494690 0.294558
vt 0.496813 0.293668
vt 0.497712 0.294138
vt 0.497710 0.294819
vt 0.496810 0.294558
vt 0.493796 0.294138
vt 0.493794 0.294819
vt 0.981418 0.297854
vt 0.981418 0.270870
vt 0.982437 0.270869
vt 0.982437 0.297854
vt 0.983302 0.270867
vt 0.983302 0.297852
vt 0.462537 0.986283
vt 0.462537 0.959298
vt 0.463384 0.959296
vt 0.463384 0.986281
vt 0.464397 0.959296
vt 0.464397 0.986280
vt 0.465421 0.959296
vt 0.465421 0.986281
vt 0.466302 0.959298
vt 0.466302 0.986282
vt 0.406309 0.906526
vt 0.406309 0.879542
vt 0.407174 0.879537
vt 0.407174 0.906520
vt 0.408193 0.879535
vt 0.408193 0.906518
vt 0.409212 0.879537
vt 0.409212 0.906520
vt 0.410075 0.879542
vt 0.410075 0.906526
vt 0.981045 0.742027
vt 0.981045 0.715043
vt 0.981892 0.715039
vt 0.981892 0.742023
vt 0.982904 0.715037
vt 0.982904 0.742022
vt 0.983929 0.715039
vt 0.983929 0.742023
vt 0.984809 0.715042
vt 0.984809 0.742027
vt 0.922204 0.487489
vt 0.922204 0.486450
vt 0.922602 0.485490
vt 0.923337 0.484756
vt 0.924297 0.484358
vt 0.925336 0.484358
vt 0.926296 0.484756
vt 0.927030 0.485490
vt 0.927428 0.486450
vt 0.927428 0.487489
vt 0.927030 0.488449
vt 0.926295 0.489184
vt 0.925336 0.489582
vt 0.924296 0.489582
vt 0.923337 0.489184
vt 0.922602 0.488449
vt 0.979536 0.297852
vt 0.979536 0.270867
vt 0.980399 0.270869
vt 0.980399 0.297854
vt 0.791404 0.982367
vt 0.791801 0.983327
vt 0.791801 0.984366
vt 0.791404 0.985326
vt 0.790669 0.986061
vt 0.789709 0.986458
vt 0.788670 0.986458
vt 0.787710 0.986061
vt 0.786975 0.985326
vt 0.786578 0.984366
vt 0.786578 0.983327
vt 0.786975 0.982367
vt 0.787710 0.981632
vt 0.788670 0.981235
vt 0.789709 0.981235
vt 0.790669 0.981632
vt 0.483573 0.295668
vt 0.484469 0.295668
vt 0.484470 0.296778
vt 0.483574 0.296518
vt 0.485529 0.295667
vt 0.486589 0.295668
vt 0.486590 0.296778
vt 0.485530 0.296869
vt 0.526162 0.293503
vt 0.526161 0.294398
vt 0.525702 0.294503
vt 0.525312 0.293697
vt 0.506380 0.294510
vt 0.506772 0.293697
vt 0.507454 0.294241
vt 0.506749 0.294804
vt 0.487490 0.295668
vt 0.487490 0.296518
vt 0.526161 0.295456
vt 0.505920 0.295466
vt 0.507832 0.295026
vt 0.506954 0.295229
vt 0.485532 0.297834
vt 0.484473 0.297669
vt 0.487492 0.297201
vt 0.486592 0.297669
vt 0.525333 0.294797
vt 0.483575 0.297201
vt 0.524631 0.294241
vt 0.623001 0.294402
vt 0.623389 0.293505
vt 0.624163 0.293503
vt 0.624012 0.294400
vt 0.525128 0.295222
vt 0.506954 0.295701
vt 0.623388 0.297421
vt 0.623001 0.296521
vt 0.624012 0.296520
vt 0.624162 0.297420
vt 0.622865 0.295461
vt 0.623959 0.295460
vt 0.524252 0.295026
vt 0.507832 0.295898
vt 0.506749 0.296126
vt 0.625150 0.296520
vt 0.625033 0.297420
vt 0.625150 0.294400
vt 0.625191 0.295460
vt 0.525128 0.295694
vt 0.524252 0.295898
vt 0.507454 0.296683
vt 0.625034 0.293503
vt 0.525333 0.296119
vt 0.524631 0.296683
vt 0.506772 0.297226
vt 0.506380 0.296420
vt 0.626317 0.295461
vt 0.626190 0.296521
vt 0.625830 0.293505
vt 0.626190 0.294402
vt 0.625829 0.297421
vt 0.505923 0.297420
vt 0.505921 0.296525
vt 0.464026 0.293668
vt 0.465087 0.293503
vt 0.465094 0.294468
vt 0.464033 0.294559
vt 0.466145 0.293668
vt 0.467040 0.294137
vt 0.467045 0.294819
vt 0.466152 0.294559
vt 0.525702 0.296413
vt 0.463124 0.294137
vt 0.463129 0.294819
vt 0.525312 0.297226
vt 0.526161 0.296518
vt 0.505461 0.296420
vt 0.464035 0.295670
vt 0.463131 0.295669
vt 0.466155 0.295670
vt 0.465097 0.295670
vt 0.526162 0.297420
vt 0.505073 0.297226
vt 0.467047 0.295669
vt 0.464033 0.296779
vt 0.463129 0.296519
vt 0.466152 0.296779
vt 0.465094 0.296871
vt 0.526621 0.296413
vt 0.527011 0.297226
vt 0.504392 0.296683
vt 0.505092 0.296126
vt 0.467045 0.296518
vt 0.504013 0.295897
vt 0.504887 0.295701
vt 0.465087 0.297834
vt 0.464026 0.297669
vt 0.467040 0.297199
vt 0.466145 0.297669
vt 0.526990 0.296119
vt 0.463124 0.297199
vt 0.527693 0.296683
vt 0.603494 0.296521
vt 0.603358 0.295460
vt 0.604453 0.295456
vt 0.604505 0.296518
vt 0.603495 0.294401
vt 0.603883 0.293506
vt 0.604657 0.293503
vt 0.604506 0.294398
vt 0.527195 0.295694
vt 0.504887 0.295229
vt 0.603882 0.297423
vt 0.604656 0.297420
vt 0.528071 0.295898
vt 0.504013 0.295026
vt 0.505092 0.294804
vt 0.605644 0.296518
vt 0.605527 0.297420
vt 0.605644 0.294398
vt 0.605685 0.295456
vt 0.527195 0.295222
vt 0.528071 0.295026
vt 0.504392 0.294241
vt 0.605528 0.293503
vt 0.606684 0.294401
vt 0.606810 0.295460
vt 0.526990 0.294797
vt 0.527693 0.294241
vt 0.505073 0.293697
vt 0.505461 0.294510
vt 0.606683 0.296521
vt 0.606324 0.293506
vt 0.606323 0.297423
vt 0.505923 0.293503
vt 0.505921 0.294405
vt 0.484473 0.293669
vt 0.485532 0.293503
vt 0.485530 0.294466
vt 0.484470 0.294558
vt 0.486592 0.293668
vt 0.487492 0.294138
vt 0.487490 0.294819
vt 0.486590 0.294558
vt 0.526621 0.294503
vt 0.483575 0.294138
vt 0.483574 0.294819
vt 0.527011 0.293697
vt 0.932039 0.921135
vt 0.930011 0.921134
vt 0.930446 0.915547
vt 0.932275 0.918112
vt 0.516948 0.917310
vt 0.520344 0.917309
vt 0.520346 0.925211
vt 0.516950 0.924610
vt 0.523742 0.917310
vt 0.526626 0.917311
vt 0.526628 0.922899
vt 0.523744 0.924610
vt 0.939964 0.512282
vt 0.937591 0.512282
vt 0.939729 0.509259
vt 0.934422 0.921136
vt 0.514073 0.917312
vt 0.514075 0.922899
vt 0.941967 0.512283
vt 0.941532 0.506696
vt 0.939069 0.506834
vt 0.932935 0.915687
vt 0.516955 0.930466
vt 0.514079 0.927381
vt 0.523749 0.930466
vt 0.520351 0.931549
vt 0.940313 0.502216
vt 0.931665 0.911067
vt 0.526632 0.927381
vt 0.930807 0.907979
vt 0.933109 0.904731
vt 0.933427 0.908581
vt 0.523757 0.933717
vt 0.520360 0.935069
vt 0.938115 0.505488
vt 0.938551 0.499730
vt 0.933888 0.914341
vt 0.516963 0.933717
vt 0.941134 0.499131
vt 0.938832 0.495883
vt 0.935382 0.908581
vt 0.934946 0.914341
vt 0.921015 0.941703
vt 0.920871 0.938303
vt 0.923635 0.938303
vt 0.923569 0.941703
vt 0.936596 0.499730
vt 0.936277 0.495883
vt 0.937057 0.505488
vt 0.935664 0.904731
vt 0.921016 0.934910
vt 0.923569 0.934910
vt 0.006016 0.900837
vt 0.009414 0.899485
vt 0.009438 0.903004
vt 0.006038 0.904087
vt 0.934834 0.502216
vt 0.933975 0.499131
vt 0.936104 0.506834
vt 0.935900 0.915687
vt 0.937965 0.907979
vt 0.937144 0.911067
vt 0.012810 0.900836
vt 0.012832 0.904087
vt 0.936560 0.918112
vt 0.003151 0.907173
vt 0.006054 0.909942
vt 0.003162 0.911654
vt 0.012847 0.909942
vt 0.009454 0.909341
vt 0.935444 0.509259
vt 0.933615 0.506696
vt 0.938363 0.915547
vt 0.015703 0.907173
vt 0.015715 0.911654
vt 0.012853 0.917242
vt 0.009460 0.917243
vt 0.935209 0.512282
vt 0.933180 0.512283
vt 0.938798 0.921134
vt 0.936795 0.921135
vt 0.006059 0.917242
vt 0.015719 0.917241
vt 0.003166 0.917241
vt 0.938363 0.926721
vt 0.936560 0.924159
vt 0.009454 0.925143
vt 0.006054 0.924541
vt 0.015715 0.922828
vt 0.012847 0.924541
vt 0.935444 0.515306
vt 0.003162 0.922828
vt 0.933615 0.517870
vt 0.015703 0.927307
vt 0.012832 0.930394
vt 0.936104 0.517730
vt 0.935900 0.926583
vt 0.006038 0.930394
vt 0.003151 0.927307
vt 0.009438 0.931478
vt 0.934834 0.522350
vt 0.937144 0.931201
vt 0.934946 0.927929
vt 0.937965 0.934286
vt 0.935663 0.937534
vt 0.935382 0.933688
vt 0.012810 0.933640
vt 0.009414 0.934992
vt 0.937057 0.519076
vt 0.936596 0.524837
vt 0.006016 0.933640
vt 0.933976 0.525438
vt 0.936277 0.528686
vt 0.938116 0.519076
vt 0.938551 0.524837
vt 0.933427 0.933688
vt 0.933888 0.927929
vt 0.990565 0.610841
vt 0.990421 0.607435
vt 0.993185 0.607435
vt 0.993119 0.610841
vt 0.938832 0.528686
vt 0.933109 0.937534
vt 0.990566 0.604048
vt 0.993120 0.604048
vt 0.931665 0.931201
vt 0.932935 0.926583
vt 0.516963 0.900914
vt 0.520360 0.899562
vt 0.520351 0.903075
vt 0.516955 0.904159
vt 0.940313 0.522350
vt 0.941134 0.525438
vt 0.939069 0.517730
vt 0.930807 0.934286
vt 0.523757 0.900914
vt 0.523749 0.904159
vt 0.939729 0.515306
vt 0.932275 0.924159
vt 0.514079 0.907247
vt 0.516950 0.910011
vt 0.514075 0.911725
vt 0.523744 0.910011
vt 0.520346 0.909409
vt 0.941532 0.517870
vt 0.930446 0.926721
vt 0.526632 0.907247
vt 0.526628 0.911725
vt 0.934340 0.223892
vt 0.932312 0.223891
vt 0.932747 0.218304
vt 0.934576 0.220868
vt 0.486148 0.917415
vt 0.489543 0.917414
vt 0.489545 0.925316
vt 0.486150 0.924715
vt 0.492942 0.917415
vt 0.495826 0.917417
vt 0.495827 0.923004
vt 0.492943 0.924715
vt 0.940968 0.320555
vt 0.938595 0.320554
vt 0.940733 0.317531
vt 0.936723 0.223892
vt 0.483273 0.917417
vt 0.483274 0.923004
vt 0.942971 0.320556
vt 0.942536 0.314969
vt 0.940073 0.315107
vt 0.935236 0.218443
vt 0.486155 0.930571
vt 0.483278 0.927486
vt 0.492949 0.930571
vt 0.489551 0.931655
vt 0.941317 0.310489
vt 0.933966 0.213824
vt 0.495831 0.927486
vt 0.933108 0.210736
vt 0.935410 0.207487
vt 0.935728 0.211337
vt 0.492957 0.933823
vt 0.489559 0.935174
vt 0.939119 0.313761
vt 0.939555 0.308002
vt 0.936189 0.217098
vt 0.486163 0.933823
vt 0.942138 0.307404
vt 0.939836 0.304155
vt 0.937683 0.211337
vt 0.937247 0.217098
vt 0.591429 0.988782
vt 0.591285 0.985381
vt 0.594049 0.985381
vt 0.593983 0.988782
vt 0.937600 0.308002
vt 0.937281 0.304155
vt 0.938061 0.313761
vt 0.937964 0.207487
vt 0.591430 0.981988
vt 0.593983 0.981988
vt 0.547739 0.899694
vt 0.551137 0.898343
vt 0.551161 0.901861
vt 0.547761 0.902945
vt 0.935838 0.310489
vt 0.934979 0.307404
vt 0.937108 0.315107
vt 0.938201 0.218443
vt 0.940266 0.210736
vt 0.939445 0.213824
vt 0.554533 0.899694
vt 0.554555 0.902945
vt 0.938860 0.220868
vt 0.544873 0.906030
vt 0.547776 0.908800
vt 0.544885 0.910512
vt 0.554570 0.908800
vt 0.551177 0.908199
vt 0.936448 0.317531
vt 0.934619 0.314969
vt 0.940664 0.218304
vt 0.557426 0.906030
vt 0.557438 0.910511
vt 0.554575 0.916100
vt 0.551183 0.916100
vt 0.936212 0.320555
vt 0.934184 0.320556
vt 0.941099 0.223891
vt 0.939096 0.223892
vt 0.547782 0.916100
vt 0.557442 0.916099
vt 0.544889 0.916099
vt 0.940664 0.229477
vt 0.938860 0.226915
vt 0.551177 0.924001
vt 0.547776 0.923399
vt 0.557438 0.921685
vt 0.554570 0.923399
vt 0.936448 0.323578
vt 0.544885 0.921685
vt 0.934619 0.326143
vt 0.557426 0.926164
vt 0.554555 0.929251
vt 0.937108 0.326003
vt 0.938201 0.229340
vt 0.547761 0.929251
vt 0.544873 0.926164
vt 0.551161 0.930335
vt 0.935838 0.330623
vt 0.939445 0.233958
vt 0.937247 0.230686
vt 0.940266 0.237042
vt 0.937964 0.240291
vt 0.937683 0.236444
vt 0.554533 0.932498
vt 0.551137 0.933849
vt 0.938061 0.327349
vt 0.937600 0.333109
vt 0.547739 0.932498
vt 0.934979 0.333710
vt 0.937281 0.336959
vt 0.939119 0.327349
vt 0.939555 0.333109
vt 0.935728 0.236444
vt 0.936189 0.230686
vt 0.930155 0.993651
vt 0.930011 0.990245
vt 0.932775 0.990245
vt 0.932709 0.993651
vt 0.939836 0.336959
vt 0.935409 0.240291
vt 0.930156 0.986857
vt 0.932710 0.986857
vt 0.933966 0.233958
vt 0.935236 0.229340
vt 0.486163 0.901019
vt 0.489559 0.899668
vt 0.489551 0.903181
vt 0.486155 0.904265
vt 0.941317 0.330623
vt 0.942138 0.333711
vt 0.940073 0.326003
vt 0.933108 0.237042
vt 0.492957 0.901019
vt 0.492949 0.904265
vt 0.940733 0.323578
vt 0.934576 0.226915
vt 0.483278 0.907352
vt 0.486150 0.910116
vt 0.483274 0.911831
vt 0.492943 0.910116
vt 0.489545 0.909514
vt 0.942536 0.326143
vt 0.932747 0.229477
vt 0.495831 0.907352
vt 0.495827 0.911831
vt 0.934340 0.262996
vt 0.932312 0.262995
vt 0.932747 0.257409
vt 0.934576 0.259973
vt 0.244266 0.918242
vt 0.247661 0.918241
vt 0.247663 0.926143
vt 0.244267 0.925542
vt 0.251059 0.918242
vt 0.253944 0.918244
vt 0.253945 0.923831
vt 0.251061 0.925542
vt 0.940968 0.437869
vt 0.938595 0.437869
vt 0.940733 0.434845
vt 0.936723 0.262997
vt 0.241390 0.918244
vt 0.241392 0.923831
vt 0.942971 0.437870
vt 0.942536 0.432283
vt 0.935236 0.257548
vt 0.244273 0.931398
vt 0.241396 0.928313
vt 0.251067 0.931398
vt 0.247669 0.932482
vt 0.940073 0.432421
vt 0.941317 0.427803
vt 0.933966 0.252928
vt 0.253949 0.928313
vt 0.251074 0.934650
vt 0.247677 0.936001
vt 0.939119 0.431075
vt 0.939555 0.425317
vt 0.935728 0.250442
vt 0.936189 0.256203
vt 0.244280 0.934650
vt 0.942138 0.424718
vt 0.939836 0.421470
vt 0.933108 0.249841
vt 0.935410 0.246592
vt 0.937683 0.250442
vt 0.937247 0.256203
vt 0.473120 0.989524
vt 0.472975 0.986123
vt 0.475740 0.986123
vt 0.475674 0.989524
vt 0.937600 0.425316
vt 0.937281 0.421470
vt 0.938061 0.431075
vt 0.937964 0.246592
vt 0.473120 0.982730
vt 0.475674 0.982730
vt 0.935838 0.427803
vt 0.934979 0.424718
vt 0.937108 0.432421
vt 0.938201 0.257548
vt 0.940266 0.249841
vt 0.939445 0.252928
vt 0.308160 0.898718
vt 0.311556 0.900069
vt 0.311578 0.903319
vt 0.308184 0.902236
vt 0.304762 0.900069
vt 0.304784 0.903320
vt 0.938860 0.259973
vt 0.301896 0.906405
vt 0.304799 0.909175
vt 0.301908 0.910886
vt 0.311593 0.909175
vt 0.308200 0.908574
vt 0.936448 0.434845
vt 0.934619 0.432283
vt 0.940664 0.257409
vt 0.314449 0.906405
vt 0.314461 0.910886
vt 0.936212 0.437869
vt 0.934184 0.437870
vt 0.941099 0.262995
vt 0.939096 0.262996
vt 0.308206 0.916475
vt 0.304805 0.916475
vt 0.314465 0.916473
vt 0.311598 0.916475
vt 0.301912 0.916474
vt 0.940664 0.268582
vt 0.938860 0.266020
vt 0.308200 0.924376
vt 0.304799 0.923774
vt 0.314461 0.922060
vt 0.311593 0.923774
vt 0.936448 0.440892
vt 0.301908 0.922060
vt 0.934619 0.443457
vt 0.937108 0.443317
vt 0.938201 0.268445
vt 0.304784 0.929626
vt 0.301896 0.926539
vt 0.311578 0.929626
vt 0.308184 0.930710
vt 0.935838 0.447937
vt 0.939445 0.273062
vt 0.314449 0.926539
vt 0.940266 0.276147
vt 0.937964 0.279396
vt 0.937683 0.275549
vt 0.311556 0.932872
vt 0.308160 0.934224
vt 0.938061 0.444663
vt 0.937600 0.450423
vt 0.937247 0.269790
vt 0.304762 0.932872
vt 0.934979 0.451025
vt 0.937281 0.454273
vt 0.935728 0.275549
vt 0.936189 0.269790
vt 0.991297 0.040745
vt 0.991153 0.037339
vt 0.993917 0.037339
vt 0.993851 0.040745
vt 0.939555 0.450423
vt 0.939836 0.454273
vt 0.939119 0.444663
vt 0.935409 0.279396
vt 0.991298 0.033951
vt 0.993852 0.033951
vt 0.244280 0.901846
vt 0.247677 0.900495
vt 0.247669 0.904008
vt 0.244273 0.905092
vt 0.941317 0.447937
vt 0.942138 0.451025
vt 0.940073 0.443317
vt 0.935236 0.268445
vt 0.933108 0.276147
vt 0.933966 0.273062
vt 0.251074 0.901846
vt 0.251067 0.905092
vt 0.934576 0.266020
vt 0.241396 0.908179
vt 0.244267 0.910943
vt 0.241392 0.912658
vt 0.251061 0.910943
vt 0.247663 0.910341
vt 0.940733 0.440892
vt 0.942536 0.443457
vt 0.932747 0.268582
vt 0.253949 0.908179
vt 0.253945 0.912658
vt 0.942971 0.359661
vt 0.940968 0.359659
vt 0.940733 0.356636
vt 0.942536 0.354074
vt 0.935220 0.617206
vt 0.933191 0.617205
vt 0.933626 0.611618
vt 0.935455 0.614182
vt 0.327880 0.918586
vt 0.331276 0.918585
vt 0.331278 0.926487
vt 0.327882 0.925886
vt 0.334674 0.918586
vt 0.337559 0.918588
vt 0.337560 0.924175
vt 0.334676 0.925886
vt 0.938595 0.359659
vt 0.937602 0.617206
vt 0.325005 0.918588
vt 0.325007 0.924175
vt 0.331284 0.932825
vt 0.327888 0.931742
vt 0.337564 0.928657
vt 0.334681 0.931742
vt 0.940073 0.354211
vt 0.936115 0.611758
vt 0.325011 0.928657
vt 0.941317 0.349593
vt 0.934846 0.607138
vt 0.937068 0.610412
vt 0.933987 0.604050
vt 0.936289 0.600802
vt 0.936607 0.604652
vt 0.334689 0.934994
vt 0.331292 0.936345
vt 0.939119 0.352866
vt 0.939555 0.347107
vt 0.327895 0.934994
vt 0.942138 0.346509
vt 0.939836 0.343260
vt 0.621299 0.986122
vt 0.621444 0.982729
vt 0.623997 0.982729
vt 0.624063 0.986122
vt 0.938061 0.352866
vt 0.937600 0.347107
vt 0.938563 0.604652
vt 0.938127 0.610412
vt 0.621443 0.989523
vt 0.623997 0.989523
vt 0.937281 0.343260
vt 0.938844 0.600802
vt 0.940324 0.607138
vt 0.939080 0.611758
vt 0.285892 0.900069
vt 0.289290 0.898718
vt 0.289314 0.902236
vt 0.285914 0.903320
vt 0.935838 0.349593
vt 0.934979 0.346509
vt 0.937108 0.354211
vt 0.941145 0.604050
vt 0.292686 0.900069
vt 0.292708 0.903319
vt 0.295579 0.906405
vt 0.295591 0.910886
vt 0.292723 0.909175
vt 0.936448 0.356636
vt 0.939740 0.614182
vt 0.283027 0.906405
vt 0.285930 0.909175
vt 0.283038 0.910886
vt 0.289330 0.908574
vt 0.934619 0.354074
vt 0.941543 0.611618
vt 0.939975 0.617206
vt 0.285935 0.916475
vt 0.283042 0.916474
vt 0.292729 0.916475
vt 0.289336 0.916475
vt 0.936212 0.359659
vt 0.934184 0.359661
vt 0.941978 0.617205
vt 0.295595 0.916473
vt 0.936448 0.362683
vt 0.934619 0.365247
vt 0.941543 0.622792
vt 0.939740 0.620230
vt 0.289330 0.924376
vt 0.285930 0.923774
vt 0.295591 0.922060
vt 0.292723 0.923774
vt 0.283038 0.922060
vt 0.940324 0.627272
vt 0.939080 0.622654
vt 0.289314 0.930710
vt 0.285914 0.929626
vt 0.295579 0.926539
vt 0.292708 0.929626
vt 0.937108 0.365108
vt 0.283027 0.926539
vt 0.935838 0.369728
vt 0.938061 0.366453
vt 0.938126 0.624000
vt 0.941145 0.630357
vt 0.938843 0.633605
vt 0.938562 0.629758
vt 0.292686 0.932872
vt 0.289290 0.934224
vt 0.937600 0.372214
vt 0.285892 0.932872
vt 0.934979 0.372815
vt 0.937281 0.376064
vt 0.936289 0.633605
vt 0.936607 0.629758
vt 0.360241 0.989004
vt 0.360386 0.985617
vt 0.362940 0.985617
vt 0.363005 0.989004
vt 0.939119 0.366453
vt 0.939555 0.372214
vt 0.937068 0.624000
vt 0.360385 0.992410
vt 0.362938 0.992410
vt 0.939836 0.376064
vt 0.934845 0.627272
vt 0.936115 0.622654
vt 0.327895 0.902190
vt 0.331292 0.900838
vt 0.331284 0.904351
vt 0.327888 0.905435
vt 0.941317 0.369728
vt 0.942138 0.372815
vt 0.940073 0.365108
vt 0.933987 0.630357
vt 0.334689 0.902190
vt 0.334681 0.905435
vt 0.331278 0.910685
vt 0.327882 0.911287
vt 0.337564 0.908523
vt 0.337560 0.913001
vt 0.334676 0.911287
vt 0.940733 0.362683
vt 0.935455 0.620230
vt 0.325011 0.908523
vt 0.325007 0.913001
vt 0.942536 0.365247
vt 0.933626 0.622792
vt 0.935208 0.551392
vt 0.933180 0.551391
vt 0.933615 0.545804
vt 0.935444 0.548369
vt 0.263125 0.918242
vt 0.266521 0.918241
vt 0.266523 0.926143
vt 0.263127 0.925542
vt 0.269919 0.918242
vt 0.272804 0.918244
vt 0.272805 0.923831
vt 0.269921 0.925542
vt 0.940968 0.398764
vt 0.938595 0.398764
vt 0.940732 0.395741
vt 0.937590 0.551392
vt 0.260250 0.918244
vt 0.260252 0.923831
vt 0.942971 0.398765
vt 0.942536 0.393178
vt 0.936104 0.545944
vt 0.263133 0.931398
vt 0.260256 0.928313
vt 0.269927 0.931398
vt 0.266529 0.932481
vt 0.940073 0.393316
vt 0.941317 0.388698
vt 0.934834 0.541324
vt 0.272809 0.928313
vt 0.269934 0.934650
vt 0.266537 0.936001
vt 0.939119 0.391970
vt 0.939555 0.386212
vt 0.936596 0.538838
vt 0.937057 0.544598
vt 0.263140 0.934650
vt 0.942138 0.385614
vt 0.939836 0.382365
vt 0.933976 0.538236
vt 0.936278 0.534988
vt 0.938551 0.538838
vt 0.938115 0.544598
vt 0.142207 0.989542
vt 0.142062 0.986141
vt 0.144826 0.986141
vt 0.144760 0.989542
vt 0.937600 0.386212
vt 0.937281 0.382365
vt 0.938061 0.391970
vt 0.938832 0.534988
vt 0.142207 0.982748
vt 0.144761 0.982748
vt 0.935838 0.388698
vt 0.934979 0.385614
vt 0.937108 0.393316
vt 0.939069 0.545944
vt 0.941134 0.538236
vt 0.940313 0.541324
vt 0.093997 0.898721
vt 0.097393 0.900072
vt 0.097415 0.903323
vt 0.094021 0.902239
vt 0.090599 0.900072
vt 0.090621 0.903323
vt 0.939728 0.548369
vt 0.087734 0.906408
vt 0.090637 0.909178
vt 0.087745 0.910889
vt 0.097430 0.909178
vt 0.094037 0.908577
vt 0.936448 0.395741
vt 0.934619 0.393178
vt 0.941532 0.545804
vt 0.100286 0.906408
vt 0.100298 0.910889
vt 0.936212 0.398764
vt 0.934184 0.398765
vt 0.941967 0.551391
vt 0.939964 0.551392
vt 0.094043 0.916478
vt 0.090642 0.916478
vt 0.100302 0.916477
vt 0.097435 0.916478
vt 0.087749 0.916477
vt 0.941532 0.556978
vt 0.939728 0.554416
vt 0.094037 0.924379
vt 0.090637 0.923777
vt 0.100298 0.922063
vt 0.097430 0.923777
vt 0.936448 0.401788
vt 0.087745 0.922063
vt 0.934619 0.404352
vt 0.937108 0.404212
vt 0.939069 0.556840
vt 0.090621 0.929629
vt 0.087734 0.926542
vt 0.097415 0.929629
vt 0.094021 0.930713
vt 0.935838 0.408832
vt 0.940313 0.561458
vt 0.100286 0.926542
vt 0.941134 0.564543
vt 0.938832 0.567791
vt 0.938551 0.563944
vt 0.097393 0.932875
vt 0.093997 0.934227
vt 0.938061 0.405558
vt 0.937600 0.411319
vt 0.938115 0.558186
vt 0.090599 0.932876
vt 0.934979 0.411920
vt 0.937281 0.415169
vt 0.936596 0.563944
vt 0.937057 0.558186
vt 0.712489 0.994067
vt 0.712345 0.990661
vt 0.715109 0.990661
vt 0.715042 0.994067
vt 0.939555 0.411319
vt 0.939836 0.415169
vt 0.939119 0.405558
vt 0.936277 0.567791
vt 0.712490 0.987274
vt 0.715044 0.987274
vt 0.263140 0.901846
vt 0.266537 0.900495
vt 0.266529 0.904008
vt 0.263133 0.905092
vt 0.941317 0.408832
vt 0.942138 0.411920
vt 0.940073 0.404212
vt 0.936104 0.556840
vt 0.933976 0.564543
vt 0.934834 0.561458
vt 0.269934 0.901846
vt 0.269927 0.905092
vt 0.935444 0.554416
vt 0.260256 0.908179
vt 0.263127 0.910943
vt 0.260252 0.912658
vt 0.269921 0.910943
vt 0.266523 0.910341
vt 0.940733 0.401788
vt 0.942536 0.404352
vt 0.933615 0.556978
vt 0.272809 0.908179
vt 0.272805 0.912658
vt 0.382697 0.927166
vt 0.386412 0.926605
vt 0.386240 0.930869
vt 0.382604 0.929474
vt 0.937343 0.471247
vt 0.941077 0.471246
vt 0.941081 0.477173
vt 0.937347 0.476723
vt 0.944816 0.471247
vt 0.947993 0.471251
vt 0.947995 0.475442
vt 0.944820 0.476723
vt 0.360313 0.927698
vt 0.355982 0.928533
vt 0.359454 0.925554
vt 0.378326 0.927827
vt 0.934184 0.471251
vt 0.934187 0.475442
vt 0.363976 0.926993
vt 0.362389 0.923032
vt 0.357907 0.924001
vt 0.381664 0.931455
vt 0.937357 0.481118
vt 0.934194 0.478805
vt 0.944830 0.481118
vt 0.941091 0.481930
vt 0.359529 0.920161
vt 0.384504 0.934530
vt 0.948003 0.478805
vt 0.386412 0.936584
vt 0.382550 0.939632
vt 0.381547 0.936863
vt 0.519724 0.941370
vt 0.523459 0.941938
vt 0.523469 0.946140
vt 0.519735 0.945918
vt 0.355977 0.923345
vt 0.355964 0.918950
vt 0.380064 0.932717
vt 0.515986 0.941943
vt 0.515996 0.946145
vt 0.360602 0.917599
vt 0.355943 0.916016
vt 0.377957 0.937406
vt 0.378121 0.933011
vt 0.519739 0.951051
vt 0.515999 0.950888
vt 0.526629 0.946779
vt 0.526632 0.950409
vt 0.523472 0.950883
vt 0.354048 0.923717
vt 0.512820 0.946788
vt 0.512823 0.950418
vt 0.352398 0.919637
vt 0.519735 0.955753
vt 0.515996 0.955232
vt 0.351285 0.916914
vt 0.349539 0.922088
vt 0.347549 0.920116
vt 0.352500 0.925043
vt 0.376219 0.932278
vt 0.512820 0.953743
vt 0.523469 0.955227
vt 0.374443 0.936051
vt 0.374736 0.930663
vt 0.900732 0.924634
vt 0.903915 0.922321
vt 0.903943 0.926714
vt 0.900754 0.927997
vt 0.907656 0.921509
vt 0.911388 0.922321
vt 0.911416 0.926714
vt 0.907687 0.926264
vt 0.351641 0.927061
vt 0.347952 0.925816
vt 0.371702 0.933068
vt 0.914540 0.924634
vt 0.914562 0.927997
vt 0.911426 0.932190
vt 0.907698 0.932191
vt 0.351641 0.929371
vt 0.347952 0.930083
vt 0.370277 0.929045
vt 0.373964 0.928487
vt 0.903953 0.932190
vt 0.914570 0.932187
vt 0.900762 0.932187
vt 0.370449 0.924782
vt 0.374058 0.926179
vt 0.907687 0.938115
vt 0.903943 0.937663
vt 0.914562 0.936377
vt 0.911416 0.937663
vt 0.352500 0.931514
vt 0.900754 0.936377
vt 0.349539 0.934044
vt 0.347549 0.935738
vt 0.352398 0.936915
vt 0.351285 0.939489
vt 0.354048 0.933068
vt 0.374997 0.924198
vt 0.903915 0.942051
vt 0.900732 0.939735
vt 0.911388 0.942051
vt 0.907656 0.942864
vt 0.372185 0.921121
vt 0.376597 0.922935
vt 0.370318 0.919064
vt 0.374180 0.916016
vt 0.375142 0.918788
vt 0.309723 0.940525
vt 0.313455 0.941090
vt 0.313479 0.945292
vt 0.309749 0.945073
vt 0.355977 0.933724
vt 0.355964 0.938127
vt 0.305982 0.941102
vt 0.306006 0.945304
vt 0.355943 0.941072
vt 0.357907 0.933352
vt 0.359529 0.937439
vt 0.378732 0.918245
vt 0.378540 0.922641
vt 0.309759 0.950207
vt 0.306015 0.950047
vt 0.316628 0.945927
vt 0.316635 0.949557
vt 0.313488 0.950035
vt 0.302820 0.945950
vt 0.302827 0.949580
vt 0.382246 0.919599
vt 0.380442 0.923374
vt 0.309749 0.954908
vt 0.306006 0.954391
vt 0.316628 0.952882
vt 0.313479 0.954379
vt 0.359454 0.932025
vt 0.302820 0.952905
vt 0.362389 0.934988
vt 0.360313 0.930008
vt 0.381926 0.924989
vt 0.934194 0.463705
vt 0.937357 0.461388
vt 0.937347 0.465774
vt 0.934187 0.467062
vt 0.941091 0.460574
vt 0.944830 0.461388
vt 0.944820 0.465774
vt 0.941081 0.465322
vt 0.363976 0.931260
vt 0.384987 0.922583
vt 0.948003 0.463704
vt 0.947995 0.467062
vt 0.949985 0.282685
vt 0.953040 0.282684
vt 0.953043 0.287426
vt 0.949988 0.287066
vt 0.956099 0.282685
vt 0.958698 0.282687
vt 0.958701 0.286040
vt 0.956102 0.287066
vt 0.798470 0.934290
vt 0.794738 0.934289
vt 0.798100 0.932476
vt 0.828292 0.940428
vt 0.824552 0.940427
vt 0.824922 0.938613
vt 0.947400 0.282688
vt 0.947403 0.286041
vt 0.801627 0.934291
vt 0.800943 0.930939
vt 0.821373 0.940426
vt 0.822057 0.937074
vt 0.825959 0.937158
vt 0.820133 0.936045
vt 0.822636 0.932533
vt 0.823972 0.934386
vt 0.956111 0.290581
vt 0.953052 0.291231
vt 0.797063 0.931021
vt 0.799027 0.928250
vt 0.949996 0.290581
vt 0.802833 0.929912
vt 0.800330 0.926400
vt 0.795565 0.930213
vt 0.796259 0.926759
vt 0.826741 0.932894
vt 0.827457 0.936351
vt 0.024824 0.961070
vt 0.027883 0.960586
vt 0.027891 0.964438
vt 0.024832 0.964629
vt 0.796713 0.924451
vt 0.826253 0.930584
vt 0.030939 0.961067
vt 0.030947 0.964625
vt 0.829813 0.932894
vt 0.829120 0.936351
vt 0.027895 0.968782
vt 0.024835 0.968642
vt 0.033532 0.965162
vt 0.033535 0.968233
vt 0.030949 0.968638
vt 0.793902 0.930213
vt 0.022234 0.965169
vt 0.022236 0.968240
vt 0.793186 0.926759
vt 0.792404 0.931021
vt 0.830618 0.937158
vt 0.024832 0.972315
vt 0.022234 0.971051
vt 0.030947 0.972311
vt 0.027891 0.972757
vt 0.790418 0.928250
vt 0.832582 0.934386
vt 0.033532 0.971044
vt 0.833885 0.932533
vt 0.836388 0.936045
vt 0.834498 0.937074
vt 0.008798 0.941293
vt 0.011851 0.941942
vt 0.011875 0.945457
vt 0.008824 0.945097
vt 0.791367 0.932476
vt 0.788502 0.930939
vt 0.831655 0.938613
vt 0.005737 0.941943
vt 0.005761 0.945457
vt 0.789081 0.926400
vt 0.786578 0.929912
vt 0.835181 0.940426
vt 0.832025 0.940427
vt 0.008833 0.949838
vt 0.005769 0.949838
vt 0.014448 0.946483
vt 0.014455 0.949836
vt 0.011883 0.949838
vt 0.790997 0.934290
vt 0.003151 0.946483
vt 0.003157 0.949836
vt 0.787818 0.934291
vt 0.008824 0.954578
vt 0.005761 0.954216
vt 0.014448 0.953187
vt 0.011875 0.954216
vt 0.791367 0.936104
vt 0.831655 0.942241
vt 0.003151 0.953187
vt 0.788502 0.937643
vt 0.834498 0.943778
vt 0.830618 0.943696
vt 0.836388 0.944804
vt 0.833885 0.948317
vt 0.832582 0.946467
vt 0.011851 0.957726
vt 0.008798 0.958377
vt 0.792404 0.937559
vt 0.790418 0.940331
vt 0.005737 0.957726
vt 0.786578 0.938672
vt 0.789081 0.942184
vt 0.216407 0.972647
vt 0.213354 0.972164
vt 0.213341 0.968605
vt 0.216392 0.968795
vt 0.793902 0.938366
vt 0.793186 0.941823
vt 0.829813 0.947958
vt 0.829120 0.944504
vt 0.219468 0.972165
vt 0.219455 0.968606
vt 0.792698 0.944133
vt 0.222073 0.970792
vt 0.222062 0.968069
vt 0.826741 0.947958
vt 0.827457 0.944504
vt 0.216392 0.964451
vt 0.219455 0.964593
vt 0.210765 0.968066
vt 0.210765 0.964995
vt 0.213341 0.964592
vt 0.795565 0.938366
vt 0.222062 0.964997
vt 0.796259 0.941823
vt 0.210775 0.962184
vt 0.213354 0.960920
vt 0.797063 0.937559
vt 0.825959 0.943696
vt 0.219468 0.960921
vt 0.222073 0.962186
vt 0.216407 0.960476
vt 0.799027 0.940331
vt 0.823972 0.946467
vt 0.824922 0.942241
vt 0.822636 0.948317
vt 0.820133 0.944805
vt 0.822057 0.943778
vt 0.953052 0.274146
vt 0.956111 0.274797
vt 0.956102 0.278306
vt 0.953043 0.277944
vt 0.798100 0.936104
vt 0.800943 0.937643
vt 0.949996 0.274797
vt 0.949988 0.278306
vt 0.800330 0.942184
vt 0.802833 0.938672
vt 0.958701 0.279336
vt 0.947403 0.279336
vt 0.101226 0.955607
vt 0.087734 0.955574
vt 0.087734 0.940528
vt 0.101226 0.940561
vt 0.632370 0.935570
vt 0.645863 0.935555
vt 0.645863 0.954120
vt 0.632370 0.954135
vt 0.296519 0.955584
vt 0.283027 0.955570
vt 0.283027 0.940525
vt 0.296519 0.940538
vt 0.691458 0.953845
vt 0.677966 0.953803
vt 0.677966 0.935225
vt 0.691458 0.935267
vt 0.063529 0.945188
vt 0.063529 0.925660
vt 0.079507 0.925659
vt 0.079507 0.945188
vt 0.432713 0.926967
vt 0.432713 0.946496
vt 0.416735 0.946495
vt 0.416735 0.926967
vt 0.661974 0.945186
vt 0.665368 0.945185
vt 0.665372 0.950717
vt 0.661977 0.950297
vt 0.668768 0.945186
vt 0.671655 0.945189
vt 0.671658 0.949101
vt 0.668771 0.950297
vt 0.405688 0.927494
vt 0.401616 0.927494
vt 0.405284 0.925378
vt 0.138272 0.933267
vt 0.134192 0.933266
vt 0.134595 0.931150
vt 0.659102 0.945189
vt 0.659105 0.949101
vt 0.409131 0.927495
vt 0.408385 0.923585
vt 0.130723 0.933265
vt 0.131469 0.929355
vt 0.135726 0.929453
vt 0.129370 0.928154
vt 0.132101 0.924057
vt 0.133559 0.926218
vt 0.668780 0.954398
vt 0.665382 0.955156
vt 0.404153 0.923681
vt 0.406295 0.920448
vt 0.661987 0.954398
vt 0.671665 0.952240
vt 0.402518 0.922739
vt 0.403275 0.918708
vt 0.136579 0.924478
vt 0.137361 0.928511
vt 0.426408 0.965547
vt 0.423009 0.966074
vt 0.423002 0.961877
vt 0.426401 0.961669
vt 0.407715 0.918290
vt 0.403769 0.916016
vt 0.136047 0.921782
vt 0.419614 0.965546
vt 0.419608 0.961668
vt 0.139931 0.924478
vt 0.139175 0.928511
vt 0.423002 0.957138
vt 0.426401 0.957291
vt 0.416735 0.961076
vt 0.416735 0.957725
vt 0.419608 0.957290
vt 0.400704 0.922739
vt 0.429289 0.961077
vt 0.429289 0.957726
vt 0.399923 0.918708
vt 0.399070 0.923681
vt 0.140809 0.929453
vt 0.140426 0.921782
vt 0.144372 0.924056
vt 0.142951 0.926218
vt 0.419614 0.953280
vt 0.423009 0.952797
vt 0.396903 0.920449
vt 0.426408 0.953280
vt 0.399390 0.916016
vt 0.395444 0.918290
vt 0.022234 0.937271
vt 0.025128 0.935112
vt 0.025154 0.939212
vt 0.022254 0.940409
vt 0.028529 0.934353
vt 0.031921 0.935112
vt 0.031948 0.939212
vt 0.028558 0.938791
vt 0.397939 0.925378
vt 0.394813 0.923585
vt 0.145041 0.929355
vt 0.141940 0.931150
vt 0.392713 0.922387
vt 0.145787 0.933265
vt 0.142344 0.933266
vt 0.028568 0.944323
vt 0.025163 0.944322
vt 0.034807 0.940409
vt 0.034814 0.944320
vt 0.031957 0.944322
vt 0.397535 0.927494
vt 0.022262 0.944320
vt 0.394067 0.927495
vt 0.028558 0.949853
vt 0.025154 0.949431
vt 0.034807 0.948230
vt 0.031948 0.949431
vt 0.397939 0.929611
vt 0.141940 0.935383
vt 0.022254 0.948230
vt 0.394813 0.931406
vt 0.145041 0.937176
vt 0.140809 0.937080
vt 0.025128 0.953526
vt 0.022234 0.951365
vt 0.031921 0.953526
vt 0.028529 0.954285
vt 0.399070 0.931308
vt 0.396903 0.934542
vt 0.142951 0.940312
vt 0.392713 0.932607
vt 0.395444 0.936704
vt 0.049450 0.967515
vt 0.046059 0.966987
vt 0.046043 0.963109
vt 0.049434 0.963317
vt 0.400704 0.932250
vt 0.399923 0.936283
vt 0.139931 0.942053
vt 0.139175 0.938022
vt 0.052852 0.966988
vt 0.052837 0.963110
vt 0.399390 0.938978
vt 0.144372 0.942471
vt 0.140426 0.944745
vt 0.136579 0.942053
vt 0.137361 0.938022
vt 0.049434 0.958579
vt 0.052837 0.958732
vt 0.043182 0.962516
vt 0.043182 0.959165
vt 0.046043 0.958731
vt 0.402519 0.932250
vt 0.055735 0.962518
vt 0.055735 0.959168
vt 0.403275 0.936283
vt 0.403770 0.938978
vt 0.406295 0.934542
vt 0.407715 0.936704
vt 0.404153 0.931308
vt 0.135726 0.937080
vt 0.136047 0.944745
vt 0.132101 0.942471
vt 0.133559 0.940312
vt 0.046059 0.954720
vt 0.049450 0.954238
vt 0.052852 0.954722
vt 0.134595 0.935383
vt 0.129370 0.938373
vt 0.131469 0.937176
vt 0.665382 0.935225
vt 0.668780 0.935984
vt 0.668771 0.940078
vt 0.665372 0.939656
vt 0.405284 0.929611
vt 0.408385 0.931406
vt 0.661987 0.935984
vt 0.661977 0.940078
vt 0.671665 0.938146
vt 0.671658 0.941280
vt 0.659105 0.941280
vt 0.768229 0.949027
vt 0.765339 0.949026
vt 0.765961 0.945953
vt 0.768566 0.947364
vt 0.925229 0.190452
vt 0.928080 0.190451
vt 0.928083 0.194798
vt 0.925232 0.194468
vt 0.930936 0.190452
vt 0.933361 0.190454
vt 0.933363 0.193528
vt 0.930939 0.194468
vt 0.492962 0.948707
vt 0.489569 0.948707
vt 0.492626 0.947044
vt 0.771630 0.949027
vt 0.922817 0.190454
vt 0.922819 0.193528
vt 0.495831 0.948708
vt 0.495210 0.945635
vt 0.769508 0.946030
vt 0.764211 0.945010
vt 0.766487 0.941790
vt 0.767702 0.943489
vt 0.930946 0.197690
vt 0.928091 0.198286
vt 0.491683 0.945711
vt 0.493468 0.943171
vt 0.925240 0.197690
vt 0.933369 0.195994
vt 0.550143 0.972882
vt 0.547292 0.972443
vt 0.547287 0.969208
vt 0.550138 0.969380
vt 0.490321 0.944971
vt 0.490951 0.941804
vt 0.770219 0.942122
vt 0.770870 0.945290
vt 0.552998 0.972443
vt 0.552993 0.969209
vt 0.544877 0.971194
vt 0.544873 0.968718
vt 0.555422 0.971195
vt 0.555418 0.968719
vt 0.773012 0.942121
vt 0.772382 0.945290
vt 0.550138 0.965432
vt 0.552993 0.965560
vt 0.544873 0.965926
vt 0.547287 0.965560
vt 0.488810 0.944971
vt 0.555418 0.965927
vt 0.488158 0.941804
vt 0.544877 0.963370
vt 0.547292 0.962221
vt 0.487448 0.945711
vt 0.773744 0.946030
vt 0.552998 0.962221
vt 0.555422 0.963371
vt 0.550143 0.961817
vt 0.485641 0.943171
vt 0.775529 0.943489
vt 0.774687 0.947364
vt 0.867266 0.837438
vt 0.869696 0.835742
vt 0.869718 0.838964
vt 0.867283 0.839904
vt 0.872554 0.835146
vt 0.875403 0.835742
vt 0.875425 0.838964
vt 0.872577 0.838633
vt 0.486505 0.947044
vt 0.483900 0.945635
vt 0.777271 0.945953
vt 0.484426 0.941475
vt 0.482150 0.944695
vt 0.486169 0.948707
vt 0.483278 0.948708
vt 0.777892 0.949026
vt 0.775023 0.949027
vt 0.872586 0.842980
vt 0.869726 0.842979
vt 0.877827 0.839904
vt 0.877833 0.842977
vt 0.875433 0.842979
vt 0.867289 0.842977
vt 0.777271 0.952099
vt 0.774687 0.950690
vt 0.872577 0.847324
vt 0.869718 0.846993
vt 0.877827 0.846049
vt 0.875425 0.846993
vt 0.486505 0.950370
vt 0.867283 0.846050
vt 0.483900 0.951781
vt 0.487448 0.951704
vt 0.773744 0.952023
vt 0.869696 0.850211
vt 0.867266 0.848512
vt 0.875403 0.850211
vt 0.872554 0.850807
vt 0.485641 0.954245
vt 0.775529 0.954563
vt 0.482150 0.952724
vt 0.484426 0.955944
vt 0.121450 0.913147
vt 0.119020 0.914395
vt 0.119007 0.911160
vt 0.121441 0.910671
vt 0.116162 0.914833
vt 0.113313 0.914394
vt 0.113301 0.911159
vt 0.116149 0.911332
vt 0.488810 0.952444
vt 0.488158 0.955612
vt 0.773012 0.955930
vt 0.772382 0.952763
vt 0.110906 0.913145
vt 0.110896 0.910669
vt 0.770219 0.955930
vt 0.770870 0.952763
vt 0.116149 0.907383
vt 0.119007 0.907512
vt 0.110896 0.907877
vt 0.113301 0.907511
vt 0.490321 0.952444
vt 0.121441 0.907879
vt 0.490951 0.955612
vt 0.116162 0.903769
vt 0.119020 0.904173
vt 0.110906 0.905321
vt 0.113313 0.904172
vt 0.491683 0.951704
vt 0.769508 0.952023
vt 0.121450 0.905323
vt 0.493468 0.954245
vt 0.767702 0.954563
vt 0.768566 0.950690
vt 0.766487 0.956259
vt 0.764211 0.953039
vt 0.765961 0.952099
vt 0.928091 0.182625
vt 0.930946 0.183222
vt 0.930939 0.186438
vt 0.928083 0.186107
vt 0.492626 0.950370
vt 0.495210 0.951781
vt 0.925240 0.183222
vt 0.925232 0.186438
vt 0.933369 0.184921
vt 0.933363 0.187383
vt 0.922819 0.187383
vt 0.820133 0.954650
vt 0.831495 0.954618
vt 0.831495 0.967755
vt 0.820133 0.967787
vt 0.252752 0.958547
vt 0.241390 0.958530
vt 0.241390 0.942302
vt 0.252752 0.942319
vt 0.162476 0.956235
vt 0.173838 0.956222
vt 0.173838 0.969360
vt 0.162476 0.969373
vt 0.944834 0.721501
vt 0.956196 0.721453
vt 0.956196 0.737665
vt 0.944834 0.737713
vt 0.466674 0.935241
vt 0.466674 0.952995
vt 0.452472 0.952994
vt 0.452472 0.935241
vt 0.600795 0.952994
vt 0.600795 0.935241
vt 0.614998 0.935240
vt 0.614998 0.952993
vt 0.688617 0.973473
vt 0.677966 0.973408
vt 0.677966 0.960146
vt 0.688617 0.960211
vt 0.302820 0.961240
vt 0.313472 0.961210
vt 0.313472 0.973436
vt 0.302820 0.973466
vt 0.643022 0.973722
vt 0.632371 0.973696
vt 0.632371 0.960436
vt 0.643022 0.960462
vt 0.747700 0.973445
vt 0.737049 0.973360
vt 0.737049 0.961110
vt 0.747700 0.961196
vt 0.851289 0.932489
vt 0.867266 0.932489
vt 0.867266 0.950242
vt 0.851289 0.950242
vt 0.162476 0.932168
vt 0.178454 0.932168
vt 0.178453 0.949921
vt 0.162476 0.949921
vt 0.195423 0.914251
vt 0.193133 0.914250
vt 0.192864 0.910319
vt 0.194925 0.906988
vt 0.770167 0.914170
vt 0.767850 0.914169
vt 0.768347 0.906906
vt 0.770436 0.910239
vt 0.916226 0.518955
vt 0.919961 0.518955
vt 0.919964 0.529227
vt 0.916229 0.528446
vt 0.923700 0.518955
vt 0.926873 0.518957
vt 0.926874 0.526221
vt 0.923702 0.528445
vt 0.190420 0.914249
vt 0.772890 0.914170
vt 0.913064 0.518957
vt 0.913066 0.526221
vt 0.919970 0.537466
vt 0.916235 0.536058
vt 0.926879 0.532047
vt 0.923708 0.536058
vt 0.192110 0.907167
vt 0.771190 0.907087
vt 0.913070 0.532047
vt 0.193532 0.901164
vt 0.769740 0.901082
vt 0.772280 0.905338
vt 0.768760 0.897068
vt 0.771391 0.892845
vt 0.771754 0.897849
vt 0.923717 0.540284
vt 0.919980 0.542041
vt 0.191020 0.905418
vt 0.191519 0.897932
vt 0.916244 0.540284
vt 0.194471 0.897153
vt 0.191840 0.892930
vt 0.119465 0.984984
vt 0.119637 0.981252
vt 0.122555 0.981252
vt 0.122624 0.984984
vt 0.189811 0.905418
vt 0.189284 0.897932
vt 0.773988 0.897849
vt 0.773489 0.905338
vt 0.119636 0.988725
vt 0.122555 0.988725
vt 0.188921 0.892930
vt 0.774310 0.892845
vt 0.776002 0.901082
vt 0.774579 0.907087
vt 0.916215 0.602558
vt 0.919953 0.600802
vt 0.919980 0.605375
vt 0.916241 0.606784
vt 0.187271 0.901164
vt 0.186290 0.897153
vt 0.188721 0.907167
vt 0.776941 0.897068
vt 0.923688 0.602558
vt 0.923714 0.606784
vt 0.926872 0.610795
vt 0.926885 0.616621
vt 0.923731 0.614395
vt 0.187967 0.910319
vt 0.775333 0.910239
vt 0.913064 0.610795
vt 0.916258 0.614395
vt 0.913077 0.616621
vt 0.919999 0.613614
vt 0.185877 0.906988
vt 0.777395 0.906906
vt 0.775602 0.914170
vt 0.916264 0.623885
vt 0.913082 0.623884
vt 0.923737 0.623885
vt 0.920006 0.623886
vt 0.187698 0.914250
vt 0.185380 0.914251
vt 0.777892 0.914169
vt 0.926890 0.623884
vt 0.187967 0.918180
vt 0.185878 0.921514
vt 0.777395 0.921431
vt 0.775333 0.918100
vt 0.919999 0.634156
vt 0.916258 0.633374
vt 0.926885 0.631146
vt 0.923731 0.633374
vt 0.913077 0.631146
vt 0.776002 0.927256
vt 0.774579 0.921253
vt 0.919980 0.642391
vt 0.916241 0.640982
vt 0.926872 0.636969
vt 0.923714 0.640982
vt 0.188721 0.921333
vt 0.913064 0.636969
vt 0.187271 0.927338
vt 0.189811 0.923082
vt 0.773489 0.923002
vt 0.776941 0.931266
vt 0.774310 0.935489
vt 0.773988 0.930488
vt 0.923688 0.645203
vt 0.919953 0.646960
vt 0.189284 0.930570
vt 0.916215 0.645203
vt 0.186290 0.931352
vt 0.188921 0.935575
vt 0.771390 0.935489
vt 0.771754 0.930488
vt 0.872006 0.985109
vt 0.872178 0.981385
vt 0.875097 0.981385
vt 0.875165 0.985109
vt 0.191020 0.923082
vt 0.191519 0.930570
vt 0.772280 0.923002
vt 0.872177 0.988858
vt 0.875095 0.988858
vt 0.191840 0.935575
vt 0.769740 0.927256
vt 0.771190 0.921253
vt 0.916244 0.497640
vt 0.919980 0.495883
vt 0.919970 0.500450
vt 0.916235 0.501859
vt 0.193532 0.927338
vt 0.194471 0.931352
vt 0.192110 0.921333
vt 0.768760 0.931266
vt 0.923717 0.497640
vt 0.923708 0.501859
vt 0.919964 0.508684
vt 0.916229 0.509467
vt 0.926879 0.505873
vt 0.926874 0.511695
vt 0.923702 0.509467
vt 0.192864 0.918180
vt 0.770436 0.918100
vt 0.913070 0.505873
vt 0.913066 0.511695
vt 0.194925 0.921514
vt 0.768347 0.921431
vt 0.919961 0.571414
vt 0.923700 0.571415
vt 0.923702 0.580905
vt 0.919964 0.581686
vt 0.894261 0.906180
vt 0.891972 0.906179
vt 0.891703 0.902249
vt 0.893764 0.898918
vt 0.931975 0.674586
vt 0.929657 0.674585
vt 0.930154 0.667322
vt 0.932244 0.670656
vt 0.916226 0.571415
vt 0.916229 0.580905
vt 0.926872 0.571417
vt 0.926874 0.578680
vt 0.889259 0.906179
vt 0.934697 0.674587
vt 0.913064 0.571417
vt 0.913066 0.578680
vt 0.931548 0.661498
vt 0.932998 0.667504
vt 0.919970 0.589926
vt 0.916235 0.588517
vt 0.926879 0.584506
vt 0.923708 0.588517
vt 0.890949 0.899097
vt 0.913070 0.584506
vt 0.892371 0.893093
vt 0.889859 0.897347
vt 0.934087 0.665754
vt 0.930567 0.657484
vt 0.933198 0.653261
vt 0.933561 0.658266
vt 0.923717 0.592744
vt 0.919980 0.594500
vt 0.890358 0.889861
vt 0.916243 0.592744
vt 0.893310 0.889083
vt 0.890679 0.884860
vt 0.936118 0.653261
vt 0.935796 0.658266
vt 0.611201 0.983530
vt 0.611372 0.979798
vt 0.614291 0.979798
vt 0.614360 0.983530
vt 0.888650 0.897347
vt 0.888123 0.889861
vt 0.935297 0.665754
vt 0.611372 0.987271
vt 0.614290 0.987271
vt 0.887759 0.884860
vt 0.937809 0.661498
vt 0.936386 0.667504
vt 0.165627 0.881465
vt 0.169365 0.879709
vt 0.169392 0.884282
vt 0.165653 0.885691
vt 0.886110 0.893093
vt 0.885129 0.889083
vt 0.887560 0.899097
vt 0.938748 0.657484
vt 0.173100 0.881465
vt 0.173125 0.885691
vt 0.169411 0.892521
vt 0.165670 0.893303
vt 0.176284 0.889702
vt 0.176297 0.895528
vt 0.173143 0.893302
vt 0.886806 0.902249
vt 0.937141 0.670656
vt 0.162476 0.889702
vt 0.162489 0.895528
vt 0.884716 0.898918
vt 0.939202 0.667322
vt 0.937410 0.674586
vt 0.165676 0.902792
vt 0.162494 0.902791
vt 0.173149 0.902792
vt 0.169418 0.902793
vt 0.886537 0.906179
vt 0.884219 0.906180
vt 0.939700 0.674585
vt 0.176302 0.902791
vt 0.173143 0.912281
vt 0.169411 0.913063
vt 0.886806 0.910110
vt 0.884716 0.913443
vt 0.939202 0.681848
vt 0.937141 0.678517
vt 0.165670 0.912281
vt 0.176297 0.910053
vt 0.162489 0.910053
vt 0.937809 0.687672
vt 0.936386 0.681669
vt 0.169392 0.921298
vt 0.165653 0.919889
vt 0.176284 0.915876
vt 0.173125 0.919889
vt 0.887560 0.913262
vt 0.162476 0.915876
vt 0.886110 0.919268
vt 0.885129 0.923281
vt 0.888123 0.922500
vt 0.887759 0.927504
vt 0.888650 0.915011
vt 0.935297 0.683418
vt 0.938748 0.691683
vt 0.936118 0.695906
vt 0.935796 0.690904
vt 0.173100 0.924110
vt 0.169365 0.925867
vt 0.165627 0.924110
vt 0.934087 0.683418
vt 0.933198 0.695906
vt 0.933561 0.690904
vt 0.063529 0.986014
vt 0.063702 0.982290
vt 0.066620 0.982290
vt 0.066688 0.986014
vt 0.889859 0.915011
vt 0.890358 0.922500
vt 0.063700 0.989763
vt 0.066619 0.989763
vt 0.890679 0.927504
vt 0.890949 0.913262
vt 0.892371 0.919268
vt 0.931548 0.687672
vt 0.932998 0.681669
vt 0.916243 0.550099
vt 0.919980 0.548342
vt 0.919970 0.552910
vt 0.916235 0.554319
vt 0.893310 0.923281
vt 0.930567 0.691683
vt 0.923717 0.550099
vt 0.923708 0.554319
vt 0.930154 0.681848
vt 0.932244 0.678517
vt 0.919964 0.561144
vt 0.916229 0.561926
vt 0.926879 0.558332
vt 0.926874 0.564155
vt 0.923702 0.561926
vt 0.891703 0.910110
vt 0.913070 0.558332
vt 0.913066 0.564155
vt 0.893764 0.913443
vt 0.034216 0.988934
vt 0.034216 0.979058
vt 0.036346 0.979065
vt 0.036346 0.988941
vt 0.172418 0.873408
vt 0.162476 0.873408
vt 0.162476 0.811271
vt 0.172418 0.811271
vt 0.556145 0.989055
vt 0.556145 0.979191
vt 0.558275 0.979183
vt 0.558275 0.989047
vt 0.428582 0.829821
vt 0.438523 0.829821
vt 0.438523 0.891957
vt 0.428582 0.891957
vt 0.954787 0.714938
vt 0.954787 0.653261
vt 0.956918 0.653263
vt 0.956918 0.714940
vt 0.235084 0.895686
vt 0.235084 0.957363
vt 0.232954 0.957364
vt 0.232954 0.895687
vt 0.984105 0.949516
vt 0.984105 0.939618
vt 0.986235 0.939613
vt 0.986235 0.949510
vt 0.584552 0.813786
vt 0.594494 0.813786
vt 0.594494 0.875922
vt 0.584552 0.875922
vt 0.983610 0.155636
vt 0.983610 0.145730
vt 0.985740 0.145735
vt 0.985740 0.155642
vt 0.777791 0.886543
vt 0.767850 0.886544
vt 0.767850 0.824407
vt 0.777791 0.824407
vt 0.201724 0.954828
vt 0.201724 0.892932
vt 0.203854 0.892930
vt 0.203854 0.954827
vt 0.578251 0.813787
vt 0.578251 0.875684
vt 0.576121 0.875683
vt 0.576121 0.813786
s 0
usemtl PizzaShopBaked_lvl1
f 1/1/1 2/2/1 4/3/1 3/4/1
f 3/5/2 4/6/2 8/7/2 7/8/2
f 7/9/3 8/10/3 6/11/3 5/12/3
f 5/13/4 6/14/4 2/15/4 1/16/4
f 3/17/5 7/18/5 5/19/5 1/20/5
f 8/21/6 4/22/6 2/23/6 6/24/6
f 9/25/1 10/26/1 12/27/1 11/28/1
f 11/29/2 12/30/2 16/31/2 15/32/2
f 15/33/3 16/34/3 14/35/3 13/36/3
f 13/37/4 14/38/4 10/39/4 9/40/4
f 11/41/5 15/42/5 13/43/5 9/44/5
f 16/45/6 12/46/6 10/47/6 14/48/6
f 17/49/1 18/50/1 20/51/1 19/52/1
f 19/53/2 20/54/2 24/55/2 23/56/2
f 23/57/3 24/58/3 22/59/3 21/60/3
f 21/61/4 22/62/4 18/63/4 17/64/4
f 19/65/5 23/66/5 21/67/5 17/68/5
f 24/69/6 20/70/6 18/71/6 22/72/6
f 25/73/1 26/74/1 28/75/1 27/76/1
f 27/77/2 28/78/2 32/79/2 31/80/2
f 31/81/3 32/82/3 30/83/3 29/84/3
f 29/85/4 30/86/4 26/87/4 25/88/4
f 27/89/5 31/90/5 29/91/5 25/92/5
f 32/93/6 28/94/6 26/95/6 30/96/6
f 33/97/1 34/98/1 36/99/1 35/100/1
f 35/101/2 36/102/2 40/103/2 39/104/2
f 39/105/3 40/106/3 38/107/3 37/108/3
f 37/109/4 38/110/4 34/111/4 33/112/4
f 35/113/5 39/114/5 37/115/5 33/116/5
f 40/117/6 36/118/6 34/119/6 38/120/6
f 41/121/1 42/122/1 44/123/1 43/124/1
f 43/125/2 44/126/2 48/127/2 47/128/2
f 47/129/3 48/130/3 46/131/3 45/132/3
f 45/133/4 46/134/4 42/135/4 41/136/4
f 43/137/5 47/138/5 45/139/5 41/140/5
f 48/141/6 44/142/6 42/143/6 46/144/6
f 49/145/1 50/146/1 52/147/1 51/148/1
f 51/149/2 52/150/2 56/151/2 55/152/2
f 55/153/3 56/154/3 54/155/3 53/156/3
f 53/157/4 54/158/4 50/159/4 49/160/4
f 51/161/5 55/162/5 53/163/5 49/164/5
f 56/165/6 52/166/6 50/167/6 54/168/6
f 57/169/1 58/170/1 60/171/1 59/172/1
f 59/173/2 60/174/2 64/175/2 63/176/2
f 63/177/3 64/178/3 62/179/3 61/180/3
f 61/181/4 62/182/4 58/183/4 57/184/4
f 59/185/5 63/186/5 61/187/5 57/188/5
f 64/189/6 60/190/6 58/191/6 62/192/6
f 65/193/1 66/194/1 68/195/1 67/196/1
f 67/197/2 68/198/2 72/199/2 71/200/2
f 71/201/3 72/202/3 70/203/3 69/204/3
f 69/205/4 70/206/4 66/207/4 65/208/4
f 67/209/5 71/210/5 69/211/5 65/212/5
f 72/213/6 68/214/6 66/215/6 70/216/6
f 73/217/1 74/218/1 76/219/1 75/220/1
f 75/221/2 76/222/2 80/223/2 79/224/2
f 79/225/3 80/226/3 78/227/3 77/228/3
f 77/229/4 78/230/4 74/231/4 73/232/4
f 75/233/5 79/234/5 77/235/5 73/236/5
f 80/237/6 76/238/6 74/239/6 78/240/6
f 81/241/1 82/242/1 84/243/1 83/244/1
f 83/245/2 84/246/2 88/247/2 87/248/2
f 87/249/3 88/250/3 86/251/3 85/252/3
f 85/253/4 86/254/4 82/255/4 81/256/4
f 83/257/5 87/258/5 85/259/5 81/260/5
f 88/261/6 84/262/6 82/263/6 86/264/6
f 89/265/1 90/266/1 92/267/1 91/268/1
f 91/269/2 92/270/2 96/271/2 95/272/2
f 95/273/3 96/274/3 94/275/3 93/276/3
f 93/277/4 94/278/4 90/279/4 89/280/4
f 91/281/5 95/282/5 93/283/5 89/284/5
f 96/285/6 92/286/6 90/287/6 94/288/6
f 97/289/1 98/290/1 100/291/1 99/292/1
f 99/293/2 100/294/2 104/295/2 103/296/2
f 103/297/3 104/298/3 102/299/3 101/300/3
f 101/301/4 102/302/4 98/303/4 97/304/4
f 99/305/5 103/306/5 101/307/5 97/308/5
f 104/309/6 100/310/6 98/311/6 102/312/6
f 109/313/4 111/314/4 110/315/4
f 109/313/4 114/316/4 111/314/4
f 114/316/4 112/317/4 111/314/4
f 109/313/4 115/318/4 114/316/4
f 113/319/4 112/317/4 114/316/4
f 109/313/4 107/320/4 115/318/4
f 107/320/4 113/319/4 115/318/4
f 107/320/4 106/321/4 113/319/4
f 106/321/4 112/317/4 113/319/4
f 109/313/4 108/322/4 107/320/4
f 105/323/4 112/317/4 106/321/4
f 123/324/4 117/325/4 116/326/4
f 123/324/4 122/327/4 117/325/4
f 122/327/4 118/328/4 117/325/4
f 121/329/4 118/328/4 122/327/4
f 121/329/4 119/330/4 118/328/4
f 121/329/4 120/331/4 119/330/4
f 131/332/4 125/333/4 124/334/4
f 131/332/4 130/335/4 125/333/4
f 130/335/4 126/336/4 125/333/4
f 129/337/4 126/336/4 130/335/4
f 129/337/4 127/338/4 126/336/4
f 129/337/4 128/339/4 127/338/4
f 132/340/4 134/341/4 133/342/4
f 132/340/4 135/343/4 134/341/4
f 162/344/4 190/345/4 163/346/4
f 190/345/4 164/347/4 163/346/4
f 190/345/4 136/348/4 164/347/4
f 190/345/4 137/349/4 136/348/4
f 190/345/4 138/350/4 137/349/4
f 190/345/4 139/351/4 138/350/4
f 190/345/4 140/352/4 139/351/4
f 190/345/4 141/353/4 140/352/4
f 190/345/4 142/354/4 141/353/4
f 190/345/7 189/355/7 142/354/7
f 189/355/4 143/356/4 142/354/4
f 162/344/4 191/357/4 190/345/4
f 188/358/4 143/356/4 189/355/4
f 187/359/4 143/356/4 188/358/4
f 186/360/4 143/356/4 187/359/4
f 186/360/4 144/361/4 143/356/4
f 185/362/7 144/361/7 186/360/7
f 184/363/8 144/361/8 185/362/8
f 183/364/4 144/361/4 184/363/4
f 183/364/4 145/365/4 144/361/4
f 182/366/7 145/365/7 183/364/7
f 181/367/4 145/365/4 182/366/4
f 180/368/4 145/365/4 181/367/4
f 180/368/4 146/369/4 145/365/4
f 179/370/4 146/369/4 180/368/4
f 178/371/4 146/369/4 179/370/4
f 178/371/4 147/372/4 146/369/4
f 177/373/4 147/372/4 178/371/4
f 176/374/4 147/372/4 177/373/4
f 176/374/4 148/375/4 147/372/4
f 175/376/4 148/375/4 176/374/4
f 175/376/4 149/377/4 148/375/4
f 174/378/4 149/377/4 175/376/4
f 173/379/8 149/377/8 174/378/8
f 173/379/4 150/380/4 149/377/4
f 172/381/4 150/380/4 173/379/4
f 171/382/4 150/380/4 172/381/4
f 171/382/4 151/383/4 150/380/4
f 170/384/4 151/383/4 171/382/4
f 169/385/7 151/383/7 170/384/7
f 168/386/8 151/383/8 169/385/8
f 167/387/7 151/383/7 168/386/7
f 167/387/4 152/388/4 151/383/4
f 166/389/4 152/388/4 167/387/4
f 165/390/4 152/388/4 166/389/4
f 162/344/4 160/391/4 191/357/4
f 160/391/4 165/390/4 191/357/4
f 160/391/4 152/388/4 165/390/4
f 160/391/4 153/392/4 152/388/4
f 160/391/4 154/393/4 153/392/4
f 160/391/4 155/394/4 154/393/4
f 160/391/4 156/395/4 155/394/4
f 160/391/4 157/396/4 156/395/4
f 160/391/7 158/397/7 157/396/7
f 160/391/9 159/398/9 158/397/9
f 162/344/4 161/399/4 160/391/4
f 196/400/2 197/401/2 198/402/2
f 196/400/2 198/402/2 201/403/2
f 201/403/2 198/402/2 199/404/2
f 196/400/2 201/403/2 202/405/2
f 200/406/2 201/403/2 199/404/2
f 196/400/2 202/405/2 194/407/2
f 194/407/2 202/405/2 200/406/2
f 194/407/2 200/406/2 193/408/2
f 193/408/2 200/406/2 199/404/2
f 196/400/2 194/407/2 195/409/2
f 192/410/2 193/408/2 199/404/2
f 210/411/2 203/412/2 204/413/2
f 210/411/2 204/413/2 209/414/2
f 209/414/2 204/413/2 205/415/2
f 208/416/2 209/414/2 205/415/2
f 208/416/2 205/415/2 206/417/2
f 208/416/2 206/417/2 207/418/2
f 218/419/2 211/420/2 212/421/2
f 218/419/2 212/421/2 217/422/2
f 217/422/2 212/421/2 213/423/2
f 216/424/2 217/422/2 213/423/2
f 216/424/2 213/423/2 214/425/2
f 216/424/2 214/425/2 215/426/2
f 219/427/2 220/428/2 221/429/2
f 219/427/2 221/429/2 222/430/2
f 249/431/2 250/432/2 277/433/2
f 277/433/2 250/432/2 251/434/2
f 277/433/2 251/434/2 223/435/2
f 277/433/2 223/435/2 224/436/2
f 277/433/2 224/436/2 225/437/2
f 277/433/2 225/437/2 226/438/2
f 277/433/2 226/438/2 227/439/2
f 277/433/2 227/439/2 228/440/2
f 277/433/2 228/440/2 229/441/2
f 277/433/2 229/441/2 276/442/2
f 276/442/2 229/441/2 230/443/2
f 249/431/2 277/433/2 278/444/2
f 275/445/2 276/442/2 230/443/2
f 274/446/2 275/445/2 230/443/2
f 273/447/2 274/446/2 230/443/2
f 273/447/2 230/443/2 231/448/2
f 272/449/2 273/447/2 231/448/2
f 271/450/2 272/449/2 231/448/2
f 270/451/2 271/450/2 231/448/2
f 270/451/2 231/448/2 232/452/2
f 269/453/2 270/451/2 232/452/2
f 268/454/10 269/453/10 232/452/10
f 267/455/2 268/454/2 232/452/2
f 267/455/2 232/452/2 233/456/2
f 266/457/10 267/455/10 233/456/10
f 265/458/2 266/457/2 233/456/2
f 265/458/2 233/456/2 234/459/2
f 264/460/2 265/458/2 234/459/2
f 263/461/2 264/460/2 234/459/2
f 263/461/2 234/459/2 235/462/2
f 262/463/2 263/461/2 235/462/2
f 262/463/2 235/462/2 236/464/2
f 261/465/2 262/463/2 236/464/2
f 260/466/2 261/465/2 236/464/2
f 260/466/2 236/464/2 237/467/2
f 259/468/2 260/466/2 237/467/2
f 258/469/2 259/468/2 237/467/2
f 258/469/2 237/467/2 238/470/2
f 257/471/2 258/469/2 238/470/2
f 256/472/2 257/471/2 238/470/2
f 255/473/2 256/472/2 238/470/2
f 254/474/2 255/473/2 238/470/2
f 254/474/2 238/470/2 239/475/2
f 253/476/2 254/474/2 239/475/2
f 252/477/2 253/476/2 239/475/2
f 249/431/2 278/444/2 247/478/2
f 247/478/2 278/444/2 252/477/2
f 247/478/2 252/477/2 239/475/2
f 247/478/2 239/475/2 240/479/2
f 247/478/2 240/479/2 241/480/2
f 247/478/2 241/480/2 242/481/2
f 247/478/2 242/481/2 243/482/2
f 247/478/2 243/482/2 244/483/2
f 247/478/2 244/483/2 245/484/2
f 247/478/2 245/484/2 246/485/2
f 249/431/2 247/478/2 248/486/2
s 1
f 280/487/11 292/488/12 291/489/13 279/490/14
f 281/491/15 293/492/16 292/488/12 280/487/11
f 282/493/17 294/494/18 293/492/16 281/491/15
f 283/495/19 295/496/20 294/497/18 282/498/17
f 284/499/21 296/500/22 295/496/20 283/495/19
f 285/501/23 297/502/24 296/500/22 284/499/21
f 286/503/25 298/504/26 297/502/24 285/501/23
f 287/505/27 299/506/28 298/504/26 286/503/25
f 288/507/29 300/508/30 299/506/28 287/505/27
f 289/509/31 301/510/32 300/511/30 288/512/29
f 290/513/33 302/514/34 301/510/32 289/509/31
f 292/488/12 304/515/35 303/516/36 291/489/13
f 293/492/16 305/517/37 304/515/35 292/488/12
f 294/494/18 306/518/38 305/517/37 293/492/16
f 295/496/20 307/519/39 306/520/38 294/497/18
f 296/500/22 308/521/40 307/519/39 295/496/20
f 297/502/24 309/522/41 308/521/40 296/500/22
f 298/504/26 310/523/42 309/522/41 297/502/24
f 299/506/28 311/524/43 310/523/42 298/504/26
f 300/511/30 312/525/44 311/526/43 299/527/28
f 301/510/32 313/528/45 312/525/44 300/511/30
f 302/514/34 314/529/46 313/528/45 301/510/32
f 304/515/35 316/530/47 315/531/48 303/516/36
f 305/517/37 317/532/49 316/530/47 304/515/35
f 306/518/38 318/533/50 317/532/49 305/517/37
f 307/519/39 319/534/51 318/535/50 306/520/38
f 308/521/40 320/536/52 319/534/51 307/519/39
f 309/522/41 321/537/53 320/536/52 308/521/40
f 310/523/42 322/538/54 321/537/53 309/522/41
f 311/524/43 323/539/55 322/538/54 310/523/42
f 312/525/44 324/540/56 323/541/55 311/526/43
f 313/528/45 325/542/57 324/540/56 312/525/44
f 314/529/46 326/543/58 325/542/57 313/528/45
f 316/530/47 328/544/59 327/545/60 315/531/48
f 317/532/49 329/546/61 328/544/59 316/530/47
f 318/533/50 330/547/62 329/546/61 317/532/49
f 319/534/51 331/548/63 330/549/62 318/535/50
f 320/536/52 332/550/64 331/548/63 319/534/51
f 321/537/53 333/551/65 332/550/64 320/536/52
f 322/538/54 334/552/66 333/551/65 321/537/53
f 323/539/55 335/553/67 334/552/66 322/538/54
f 324/540/56 336/554/68 335/555/67 323/541/55
f 325/542/57 337/556/69 336/554/68 324/540/56
f 326/543/58 338/557/70 337/556/69 325/542/57
f 328/544/59 340/558/71 339/559/72 327/545/60
f 329/546/61 341/560/73 340/558/71 328/544/59
f 330/547/62 342/561/74 341/560/73 329/546/61
f 331/548/63 343/562/75 342/563/74 330/549/62
f 332/550/64 344/564/76 343/562/75 331/548/63
f 333/551/65 345/565/77 344/564/76 332/550/64
f 334/552/66 346/566/78 345/565/77 333/551/65
f 335/553/67 347/567/79 346/566/78 334/552/66
f 336/554/68 348/568/80 347/569/79 335/555/67
f 337/556/69 349/570/81 348/568/80 336/554/68
f 338/557/70 350/571/82 349/570/81 337/556/69
f 340/558/71 352/572/83 351/573/84 339/559/72
f 341/560/73 353/574/85 352/572/83 340/558/71
f 342/561/74 354/575/86 353/574/85 341/560/73
f 343/576/75 355/577/87 354/578/86 342/579/74
f 344/580/76 356/581/88 355/577/87 343/576/75
f 345/582/77 357/583/89 356/581/88 344/580/76
f 346/584/78 358/585/90 357/583/89 345/582/77
f 347/586/79 359/587/91 358/585/90 346/584/78
f 348/568/80 360/588/92 359/589/91 347/569/79
f 349/570/81 361/590/93 360/588/92 348/568/80
f 350/571/82 362/591/94 361/590/93 349/570/81
f 352/572/83 364/592/95 363/593/96 351/573/84
f 353/574/85 365/594/97 364/592/95 352/572/83
f 354/575/86 366/595/98 365/594/97 353/574/85
f 355/577/87 367/596/99 366/597/98 354/578/86
f 356/581/88 368/598/100 367/596/99 355/577/87
f 357/583/89 369/599/101 368/598/100 356/581/88
f 358/585/90 370/600/102 369/599/101 357/583/89
f 359/587/91 371/601/103 370/600/102 358/585/90
f 360/588/92 372/602/104 371/603/103 359/589/91
f 361/590/93 373/604/105 372/602/104 360/588/92
f 362/591/94 374/605/106 373/604/105 361/590/93
f 364/592/95 376/606/107 375/607/108 363/593/96
f 365/594/97 377/608/109 376/606/107 364/592/95
f 366/595/98 378/609/110 377/608/109 365/594/97
f 367/596/99 379/610/111 378/611/110 366/597/98
f 368/598/100 380/612/112 379/610/111 367/596/99
f 369/599/101 381/613/113 380/612/112 368/598/100
f 370/600/102 382/614/114 381/613/113 369/599/101
f 371/601/103 383/615/115 382/614/114 370/600/102
f 372/602/104 384/616/116 383/617/115 371/603/103
f 373/604/105 385/618/117 384/616/116 372/602/104
f 374/605/106 386/619/118 385/618/117 373/604/105
f 376/606/107 388/620/119 387/621/120 375/607/108
f 377/608/109 389/622/121 388/620/119 376/606/107
f 378/609/110 390/623/122 389/622/121 377/608/109
f 379/610/111 391/624/123 390/625/122 378/611/110
f 380/612/112 392/626/124 391/624/123 379/610/111
f 381/613/113 393/627/125 392/626/124 380/612/112
f 382/614/114 394/628/126 393/627/125 381/613/113
f 383/615/115 395/629/127 394/628/126 382/614/114
f 384/616/116 396/630/128 395/631/127 383/617/115
f 385/618/117 397/632/129 396/630/128 384/616/116
f 386/619/118 398/633/130 397/632/129 385/618/117
f 388/620/119 400/634/131 399/635/132 387/621/120
f 389/622/121 401/636/133 400/634/131 388/620/119
f 390/623/122 402/637/134 401/636/133 389/622/121
f 391/624/123 403/638/135 402/639/134 390/625/122
f 392/626/124 404/640/136 403/638/135 391/624/123
f 393/627/125 405/641/137 404/640/136 392/626/124
f 394/628/126 406/642/138 405/641/137 393/627/125
f 395/629/127 407/643/139 406/642/138 394/628/126
f 396/644/128 408/645/140 407/643/139 395/629/127
f 397/632/129 409/646/141 408/647/140 396/630/128
f 398/633/130 410/648/142 409/646/141 397/632/129
f 400/634/131 412/649/143 411/650/144 399/635/132
f 401/636/133 413/651/145 412/649/143 400/634/131
f 402/637/134 414/652/146 413/651/145 401/636/133
f 403/638/135 415/653/147 414/654/146 402/639/134
f 404/640/136 416/655/148 415/653/147 403/638/135
f 405/641/137 417/656/149 416/655/148 404/640/136
f 406/642/138 418/657/150 417/656/149 405/641/137
f 407/643/139 419/658/151 418/657/150 406/642/138
f 408/645/140 420/659/152 419/658/151 407/643/139
f 409/646/141 421/660/153 420/661/152 408/647/140
f 410/648/142 422/662/154 421/660/153 409/646/141
f 412/649/143 424/663/155 423/664/156 411/650/144
f 413/651/145 425/665/157 424/663/155 412/649/143
f 414/652/146 426/666/158 425/665/157 413/651/145
f 415/653/147 427/667/159 426/668/158 414/654/146
f 416/655/148 428/669/160 427/667/159 415/653/147
f 417/656/149 429/670/161 428/669/160 416/655/148
f 418/657/150 430/671/162 429/670/161 417/656/149
f 419/658/151 431/672/163 430/671/162 418/657/150
f 420/659/152 432/673/164 431/672/163 419/658/151
f 421/660/153 433/674/165 432/675/164 420/661/152
f 422/662/154 434/676/166 433/674/165 421/660/153
f 424/663/155 436/677/167 435/678/168 423/664/156
f 425/665/157 437/679/169 436/677/167 424/663/155
f 426/666/158 438/680/170 437/679/169 425/665/157
f 427/667/159 439/681/171 438/682/170 426/668/158
f 428/669/160 440/683/172 439/681/171 427/667/159
f 429/670/161 441/684/173 440/683/172 428/669/160
f 430/671/162 442/685/174 441/684/173 429/670/161
f 431/672/163 443/686/175 442/685/174 430/671/162
f 432/673/164 444/687/176 443/686/175 431/672/163
f 433/674/165 445/688/177 444/689/176 432/675/164
f 434/676/166 446/690/178 445/688/177 433/674/165
f 436/677/167 448/691/179 447/692/180 435/678/168
f 437/679/169 449/693/181 448/691/179 436/677/167
f 438/680/170 450/694/182 449/693/181 437/679/169
f 439/681/171 451/695/183 450/696/182 438/682/170
f 440/683/172 452/697/184 451/695/183 439/681/171
f 441/684/173 453/698/185 452/697/184 440/683/172
f 442/685/174 454/699/186 453/698/185 441/684/173
f 443/686/175 455/700/187 454/699/186 442/685/174
f 444/689/176 456/701/188 455/702/187 443/703/175
f 445/688/177 457/704/189 456/701/188 444/689/176
f 446/690/178 458/705/190 457/704/189 445/688/177
f 448/691/179 460/706/191 459/707/192 447/692/180
f 449/693/181 461/708/193 460/706/191 448/691/179
f 450/694/182 462/709/194 461/708/193 449/693/181
f 451/695/183 463/710/195 462/711/194 450/696/182
f 452/697/184 464/712/196 463/710/195 451/695/183
f 453/698/185 465/713/197 464/712/196 452/697/184
f 454/699/186 466/714/198 465/713/197 453/698/185
f 455/700/187 467/715/199 466/714/198 454/699/186
f 456/701/188 468/716/200 467/717/199 455/702/187
f 457/704/189 469/718/201 468/716/200 456/701/188
f 458/705/190 470/719/202 469/718/201 457/704/189
f 460/706/191 472/720/203 471/721/204 459/707/192
f 461/708/193 473/722/205 472/720/203 460/706/191
f 462/709/194 474/723/206 473/722/205 461/708/193
f 463/710/195 475/724/207 474/725/206 462/711/194
f 464/712/196 476/726/208 475/724/207 463/710/195
f 465/713/197 477/727/209 476/726/208 464/712/196
f 466/714/198 478/728/210 477/727/209 465/713/197
f 467/715/199 479/729/211 478/728/210 466/714/198
f 468/716/200 480/730/212 479/731/211 467/717/199
f 469/718/201 481/732/213 480/730/212 468/716/200
f 470/719/202 482/733/214 481/732/213 469/718/201
f 472/720/203 484/734/215 483/735/216 471/721/204
f 473/722/205 485/736/217 484/734/215 472/720/203
f 474/723/206 486/737/218 485/736/217 473/722/205
f 475/724/207 487/738/219 486/739/218 474/725/206
f 476/726/208 488/740/220 487/738/219 475/724/207
f 477/727/209 489/741/221 488/740/220 476/726/208
f 478/728/210 490/742/222 489/741/221 477/727/209
f 479/729/211 491/743/223 490/742/222 478/728/210
f 480/730/212 492/744/224 491/745/223 479/731/211
f 481/732/213 493/746/225 492/744/224 480/730/212
f 482/733/214 494/747/226 493/746/225 481/732/213
f 484/734/215 496/748/227 495/749/228 483/735/216
f 485/736/217 497/750/229 496/748/227 484/734/215
f 486/737/218 498/751/230 497/750/229 485/736/217
f 487/752/219 499/753/231 498/754/230 486/755/218
f 488/756/220 500/757/232 499/753/231 487/752/219
f 489/758/221 501/759/233 500/757/232 488/756/220
f 490/760/222 502/761/234 501/759/233 489/758/221
f 491/762/223 503/763/235 502/761/234 490/760/222
f 492/744/224 504/764/236 503/765/235 491/745/223
f 493/746/225 505/766/237 504/764/236 492/744/224
f 494/747/226 506/767/238 505/766/237 493/746/225
f 496/748/227 508/768/239 507/769/240 495/749/228
f 497/750/229 509/770/241 508/768/239 496/748/227
f 498/751/230 510/771/242 509/770/241 497/750/229
f 499/753/231 511/772/243 510/773/242 498/754/230
f 500/757/232 512/774/244 511/772/243 499/753/231
f 501/759/233 513/775/245 512/774/244 500/757/232
f 502/761/234 514/776/246 513/775/245 501/759/233
f 503/763/235 515/777/247 514/776/246 502/761/234
f 504/764/236 516/778/248 515/779/247 503/765/235
f 505/766/237 517/780/249 516/778/248 504/764/236
f 506/767/238 518/781/250 517/780/249 505/766/237
f 508/768/239 520/782/251 519/783/252 507/769/240
f 509/770/241 521/784/253 520/782/251 508/768/239
f 510/771/242 522/785/254 521/784/253 509/770/241
f 511/772/243 523/786/255 522/787/254 510/773/242
f 512/774/244 524/788/256 523/786/255 511/772/243
f 513/775/245 525/789/257 524/788/256 512/774/244
f 514/776/246 526/790/258 525/789/257 513/775/245
f 515/777/247 527/791/259 526/790/258 514/776/246
f 516/778/248 528/792/260 527/793/259 515/779/247
f 517/780/249 529/794/261 528/792/260 516/778/248
f 518/781/250 530/795/262 529/794/261 517/780/249
f 520/782/251 532/796/263 531/797/264 519/783/252
f 521/784/253 533/798/265 532/796/263 520/782/251
f 522/785/254 534/799/266 533/798/265 521/784/253
f 523/786/255 535/800/267 534/801/266 522/787/254
f 524/788/256 536/802/268 535/800/267 523/786/255
f 525/789/257 537/803/269 536/802/268 524/788/256
f 526/790/258 538/804/270 537/803/269 525/789/257
f 527/791/259 539/805/271 538/804/270 526/790/258
f 528/792/260 540/806/272 539/807/271 527/793/259
f 529/794/261 541/808/273 540/806/272 528/792/260
f 530/795/262 542/809/274 541/808/273 529/794/261
f 532/796/263 544/810/275 543/811/276 531/797/264
f 533/798/265 545/812/277 544/810/275 532/796/263
f 534/799/266 546/813/278 545/812/277 533/798/265
f 535/800/267 547/814/279 546/815/278 534/801/266
f 536/802/268 548/816/280 547/814/279 535/800/267
f 537/803/269 549/817/281 548/816/280 536/802/268
f 538/804/270 550/818/282 549/817/281 537/803/269
f 539/805/271 551/819/283 550/818/282 538/804/270
f 540/806/272 552/820/284 551/821/283 539/807/271
f 541/808/273 553/822/285 552/820/284 540/806/272
f 542/809/274 554/823/286 553/822/285 541/808/273
f 544/810/275 556/824/287 555/825/288 543/811/276
f 545/812/277 557/826/289 556/824/287 544/810/275
f 546/815/278 558/827/290 557/828/289 545/829/277
f 547/814/279 559/830/291 558/827/290 546/815/278
f 548/816/280 560/831/292 559/830/291 547/814/279
f 549/817/281 561/832/293 560/831/292 548/816/280
f 550/818/282 562/833/294 561/832/293 549/817/281
f 551/819/283 563/834/295 562/833/294 550/818/282
f 552/820/284 564/835/296 563/836/295 551/821/283
f 553/822/285 565/837/297 564/835/296 552/820/284
f 554/823/286 566/838/298 565/837/297 553/822/285
f 556/824/287 568/839/299 567/840/300 555/825/288
f 557/826/289 569/841/301 568/839/299 556/824/287
f 558/827/290 570/842/302 569/843/301 557/828/289
f 559/830/291 571/844/303 570/842/302 558/827/290
f 560/831/292 572/845/304 571/844/303 559/830/291
f 561/832/293 573/846/305 572/845/304 560/831/292
f 562/833/294 574/847/306 573/846/305 561/832/293
f 563/834/295 575/848/307 574/847/306 562/833/294
f 564/835/296 576/849/308 575/850/307 563/836/295
f 565/837/297 577/851/309 576/849/308 564/835/296
f 566/838/298 578/852/310 577/851/309 565/837/297
f 568/839/299 580/853/311 579/854/300 567/840/300
f 569/841/301 581/855/312 580/853/311 568/839/299
f 570/856/302 582/857/313 581/855/312 569/841/301
f 571/858/303 583/859/314 582/860/313 570/861/302
f 572/862/304 584/863/315 583/859/314 571/858/303
f 573/864/305 585/865/316 584/863/315 572/862/304
f 574/866/306 586/867/317 585/865/316 573/864/305
f 575/868/307 587/869/318 586/867/317 574/866/306
f 576/870/308 588/871/319 587/869/318 575/868/307
f 577/851/309 589/872/320 588/873/319 576/849/308
f 578/852/310 590/874/310 589/872/320 577/851/309
f 580/853/311 592/875/321 591/876/322 579/854/300
f 581/855/312 593/877/323 592/875/321 580/853/311
f 582/878/313 594/879/324 593/880/323 581/881/312
f 583/882/314 595/883/325 594/879/324 582/878/313
f 584/884/315 596/885/326 595/883/325 583/882/314
f 585/886/316 597/887/327 596/885/326 584/884/315
f 586/888/317 598/889/328 597/887/327 585/886/316
f 587/890/318 599/891/329 598/889/328 586/888/317
f 588/873/319 600/892/330 599/893/329 587/894/318
f 589/872/320 601/895/331 600/892/330 588/873/319
f 590/874/310 602/896/332 601/895/331 589/872/320
f 592/875/321 604/897/333 603/898/334 591/876/322
f 593/877/323 605/899/335 604/897/333 592/875/321
f 594/900/324 606/901/336 605/902/335 593/903/323
f 595/904/325 607/905/337 606/901/336 594/900/324
f 596/906/326 608/907/338 607/905/337 595/904/325
f 597/908/327 609/909/339 608/907/338 596/906/326
f 598/910/328 610/911/340 609/909/339 597/908/327
f 599/912/329 611/913/341 610/911/340 598/910/328
f 600/892/330 612/914/342 611/915/341 599/893/329
f 601/895/331 613/916/343 612/914/342 600/892/330
f 602/896/332 614/917/344 613/916/343 601/895/331
f 604/897/333 616/918/345 615/919/346 603/898/334
f 605/899/335 617/920/347 616/918/345 604/897/333
f 606/921/336 618/922/348 617/920/347 605/899/335
f 607/923/337 619/924/349 618/925/348 606/926/336
f 608/927/338 620/928/350 619/924/349 607/923/337
f 609/929/339 621/930/351 620/928/350 608/927/338
f 610/931/340 622/932/352 621/930/351 609/929/339
f 611/933/341 623/934/353 622/932/352 610/931/340
f 612/935/342 624/936/354 623/934/353 611/933/341
f 613/916/343 625/937/355 624/938/354 612/914/342
f 614/917/344 626/939/356 625/937/355 613/916/343
f 616/918/345 280/487/11 279/490/14 615/919/346
f 617/920/347 281/491/15 280/487/11 616/918/345
f 618/922/348 282/493/17 281/491/15 617/920/347
f 619/924/349 283/495/19 282/498/17 618/925/348
f 620/928/350 284/499/21 283/495/19 619/924/349
f 621/930/351 285/501/23 284/499/21 620/928/350
f 622/932/352 286/503/25 285/501/23 621/930/351
f 623/934/353 287/505/27 286/503/25 622/932/352
f 624/936/354 288/507/29 287/505/27 623/934/353
f 625/937/355 289/509/31 288/512/29 624/938/354
f 626/939/356 290/513/33 289/509/31 625/937/355
f 628/940/357 640/941/358 639/942/359 627/943/360
f 629/944/361 641/945/362 640/941/358 628/940/357
f 630/946/363 642/947/364 641/945/362 629/944/361
f 631/948/365 643/949/366 642/950/364 630/951/363
f 632/952/367 644/953/368 643/949/366 631/948/365
f 633/954/369 645/955/370 644/953/368 632/952/367
f 634/956/371 646/957/372 645/955/370 633/954/369
f 635/958/373 647/959/374 646/957/372 634/956/371
f 636/960/375 648/961/376 647/959/374 635/958/373
f 637/962/377 649/963/378 648/964/376 636/965/375
f 638/966/379 650/967/380 649/963/378 637/962/377
f 640/941/358 652/968/381 651/969/382 639/942/359
f 641/945/362 653/970/383 652/968/381 640/941/358
f 642/947/364 654/971/384 653/970/383 641/945/362
f 643/949/366 655/972/385 654/973/384 642/950/364
f 644/953/368 656/974/386 655/972/385 643/949/366
f 645/955/370 657/975/387 656/974/386 644/953/368
f 646/957/372 658/976/388 657/975/387 645/955/370
f 647/959/374 659/977/389 658/976/388 646/957/372
f 648/961/376 660/978/390 659/977/389 647/959/374
f 649/963/378 661/979/391 660/980/390 648/964/376
f 650/967/380 662/981/392 661/979/391 649/963/378
f 652/968/381 664/982/393 663/983/394 651/969/382
f 653/970/383 665/984/395 664/982/393 652/968/381
f 654/971/384 666/985/396 665/984/395 653/970/383
f 655/972/385 667/986/397 666/987/396 654/973/384
f 656/974/386 668/988/398 667/986/397 655/972/385
f 657/975/387 669/989/399 668/988/398 656/974/386
f 658/976/388 670/990/400 669/989/399 657/975/387
f 659/977/389 671/991/401 670/990/400 658/976/388
f 660/980/390 672/992/402 671/993/401 659/994/389
f 661/979/391 673/995/403 672/992/402 660/980/390
f 662/981/392 674/996/404 673/995/403 661/979/391
f 664/982/393 676/997/405 675/998/406 663/983/394
f 665/984/395 677/999/407 676/997/405 664/982/393
f 666/985/396 678/1000/408 677/999/407 665/984/395
f 667/986/397 679/1001/409 678/1002/408 666/987/396
f 668/988/398 680/1003/410 679/1001/409 667/986/397
f 669/989/399 681/1004/411 680/1003/410 668/988/398
f 670/990/400 682/1005/412 681/1004/411 669/989/399
f 671/991/401 683/1006/413 682/1005/412 670/990/400
f 672/992/402 684/1007/414 683/1008/413 671/993/401
f 673/995/403 685/1009/415 684/1007/414 672/992/402
f 674/996/404 686/1010/416 685/1009/415 673/995/403
f 676/997/405 688/1011/417 687/1012/418 675/998/406
f 677/999/407 689/1013/419 688/1011/417 676/997/405
f 678/1000/408 690/1014/420 689/1013/419 677/999/407
f 679/1001/409 691/1015/421 690/1016/420 678/1002/408
f 680/1003/410 692/1017/422 691/1015/421 679/1001/409
f 681/1004/411 693/1018/423 692/1017/422 680/1003/410
f 682/1005/412 694/1019/424 693/1018/423 681/1004/411
f 683/1006/413 695/1020/425 694/1019/424 682/1005/412
f 684/1007/414 696/1021/426 695/1022/425 683/1008/413
f 685/1009/415 697/1023/427 696/1021/426 684/1007/414
f 686/1010/416 698/1024/428 697/1023/427 685/1009/415
f 688/1011/417 700/1025/429 699/1026/430 687/1012/418
f 689/1013/419 701/1027/431 700/1025/429 688/1011/417
f 690/1014/420 702/1028/432 701/1027/431 689/1013/419
f 691/1015/421 703/1029/433 702/1030/432 690/1016/420
f 692/1017/422 704/1031/434 703/1029/433 691/1015/421
f 693/1018/423 705/1032/435 704/1031/434 692/1017/422
f 694/1019/424 706/1033/436 705/1032/435 693/1018/423
f 695/1020/425 707/1034/437 706/1033/436 694/1019/424
f 696/1021/426 708/1035/438 707/1036/437 695/1022/425
f 697/1023/427 709/1037/439 708/1035/438 696/1021/426
f 698/1024/428 710/1038/440 709/1037/439 697/1023/427
f 700/1025/429 712/1039/441 711/1040/442 699/1026/430
f 701/1027/431 713/1041/443 712/1039/441 700/1025/429
f 702/1028/432 714/1042/444 713/1041/443 701/1027/431
f 703/1043/433 715/1044/445 714/1045/444 702/1046/432
f 704/1047/434 716/1048/446 715/1044/445 703/1043/433
f 705/1049/435 717/1050/447 716/1048/446 704/1047/434
f 706/1051/436 718/1052/448 717/1050/447 705/1049/435
f 707/1034/437 719/1053/449 718/1054/448 706/1033/436
f 708/1035/438 720/1055/450 719/1056/449 707/1036/437
f 709/1037/439 721/1057/451 720/1055/450 708/1035/438
f 710/1038/440 722/1058/452 721/1057/451 709/1037/439
f 712/1039/441 724/1059/453 723/1060/454 711/1040/442
f 713/1041/443 725/1061/455 724/1059/453 712/1039/441
f 714/1042/444 726/1062/456 725/1061/455 713/1041/443
f 715/1044/445 727/1063/457 726/1064/456 714/1045/444
f 716/1048/446 728/1065/458 727/1063/457 715/1044/445
f 717/1050/447 729/1066/459 728/1065/458 716/1048/446
f 718/1052/448 730/1067/460 729/1066/459 717/1050/447
f 719/1068/449 731/1069/461 730/1067/460 718/1052/448
f 720/1055/450 732/1070/462 731/1071/461 719/1056/449
f 721/1057/451 733/1072/463 732/1070/462 720/1055/450
f 722/1058/452 734/1073/464 733/1072/463 721/1057/451
f 724/1059/453 736/1074/465 735/1075/466 723/1060/454
f 725/1061/455 737/1076/467 736/1074/465 724/1059/453
f 726/1062/456 738/1077/468 737/1076/467 725/1061/455
f 727/1063/457 739/1078/469 738/1079/468 726/1064/456
f 728/1065/458 740/1080/470 739/1078/469 727/1063/457
f 729/1066/459 741/1081/471 740/1080/470 728/1065/458
f 730/1067/460 742/1082/472 741/1081/471 729/1066/459
f 731/1069/461 743/1083/473 742/1082/472 730/1067/460
f 732/1070/462 744/1084/474 743/1085/473 731/1071/461
f 733/1072/463 745/1086/475 744/1084/474 732/1070/462
f 734/1073/464 746/1087/476 745/1086/475 733/1072/463
f 736/1074/465 748/1088/477 747/1089/478 735/1075/466
f 737/1076/467 749/1090/479 748/1088/477 736/1074/465
f 738/1077/468 750/1091/480 749/1090/479 737/1076/467
f 739/1078/469 751/1092/481 750/1093/480 738/1079/468
f 740/1080/470 752/1094/482 751/1092/481 739/1078/469
f 741/1081/471 753/1095/483 752/1094/482 740/1080/470
f 742/1082/472 754/1096/484 753/1095/483 741/1081/471
f 743/1083/473 755/1097/485 754/1096/484 742/1082/472
f 744/1084/474 756/1098/486 755/1099/485 743/1085/473
f 745/1086/475 757/1100/487 756/1098/486 744/1084/474
f 746/1087/476 758/1101/488 757/1100/487 745/1086/475
f 748/1088/477 760/1102/489 759/1103/490 747/1089/478
f 749/1090/479 761/1104/491 760/1102/489 748/1088/477
f 750/1093/480 762/1105/492 761/1106/491 749/1107/479
f 751/1092/481 763/1108/493 762/1105/492 750/1093/480
f 752/1094/482 764/1109/494 763/1108/493 751/1092/481
f 753/1095/483 765/1110/495 764/1109/494 752/1094/482
f 754/1096/484 766/1111/496 765/1110/495 753/1095/483
f 755/1097/485 767/1112/497 766/1111/496 754/1096/484
f 756/1098/486 768/1113/498 767/1114/497 755/1099/485
f 757/1100/487 769/1115/499 768/1113/498 756/1098/486
f 758/1101/488 770/1116/500 769/1115/499 757/1100/487
f 760/1102/489 772/1117/501 771/1118/502 759/1103/490
f 761/1104/491 773/1119/503 772/1117/501 760/1102/489
f 762/1105/492 774/1120/504 773/1121/503 761/1106/491
f 763/1108/493 775/1122/505 774/1120/504 762/1105/492
f 764/1109/494 776/1123/506 775/1122/505 763/1108/493
f 765/1110/495 777/1124/507 776/1123/506 764/1109/494
f 766/1111/496 778/1125/508 777/1124/507 765/1110/495
f 767/1112/497 779/1126/509 778/1125/508 766/1111/496
f 768/1113/498 780/1127/510 779/1128/509 767/1114/497
f 769/1115/499 781/1129/511 780/1127/510 768/1113/498
f 770/1116/500 782/1130/512 781/1129/511 769/1115/499
f 772/1117/501 784/1131/513 783/1132/514 771/1118/502
f 773/1119/503 785/1133/515 784/1131/513 772/1117/501
f 774/1120/504 786/1134/516 785/1135/515 773/1121/503
f 775/1122/505 787/1136/517 786/1134/516 774/1120/504
f 776/1123/506 788/1137/518 787/1136/517 775/1122/505
f 777/1124/507 789/1138/519 788/1137/518 776/1123/506
f 778/1125/508 790/1139/520 789/1138/519 777/1124/507
f 779/1126/509 791/1140/521 790/1139/520 778/1125/508
f 780/1127/510 792/1141/522 791/1142/521 779/1128/509
f 781/1129/511 793/1143/523 792/1141/522 780/1127/510
f 782/1130/512 794/1144/524 793/1143/523 781/1129/511
f 784/1131/513 796/1145/525 795/1146/526 783/1132/514
f 785/1133/515 797/1147/527 796/1145/525 784/1131/513
f 786/1134/516 798/1148/528 797/1149/527 785/1135/515
f 787/1136/517 799/1150/529 798/1148/528 786/1134/516
f 788/1137/518 800/1151/530 799/1150/529 787/1136/517
f 789/1138/519 801/1152/531 800/1151/530 788/1137/518
f 790/1139/520 802/1153/532 801/1152/531 789/1138/519
f 791/1140/521 803/1154/533 802/1153/532 790/1139/520
f 792/1141/522 804/1155/534 803/1156/533 791/1142/521
f 793/1143/523 805/1157/535 804/1155/534 792/1141/522
f 794/1144/524 806/1158/536 805/1157/535 793/1143/523
f 796/1145/525 808/1159/537 807/1160/538 795/1146/526
f 797/1147/527 809/1161/539 808/1159/537 796/1145/525
f 798/1148/528 810/1162/540 809/1163/539 797/1149/527
f 799/1150/529 811/1164/541 810/1162/540 798/1148/528
f 800/1151/530 812/1165/542 811/1164/541 799/1150/529
f 801/1152/531 813/1166/543 812/1165/542 800/1151/530
f 802/1153/532 814/1167/544 813/1166/543 801/1152/531
f 803/1154/533 815/1168/545 814/1167/544 802/1153/532
f 804/1155/534 816/1169/546 815/1170/545 803/1156/533
f 805/1157/535 817/1171/547 816/1169/546 804/1155/534
f 806/1158/536 818/1172/548 817/1171/547 805/1157/535
f 808/1159/537 820/1173/549 819/1174/550 807/1160/538
f 809/1161/539 821/1175/551 820/1173/549 808/1159/537
f 810/1176/540 822/1177/552 821/1175/551 809/1161/539
f 811/1164/541 823/1178/553 822/1179/552 810/1162/540
f 812/1165/542 824/1180/554 823/1178/553 811/1164/541
f 813/1166/543 825/1181/555 824/1180/554 812/1165/542
f 814/1167/544 826/1182/556 825/1181/555 813/1166/543
f 815/1168/545 827/1183/557 826/1182/556 814/1167/544
f 816/1169/546 828/1184/558 827/1185/557 815/1170/545
f 817/1171/547 829/1186/559 828/1184/558 816/1169/546
f 818/1172/548 830/1187/560 829/1186/559 817/1171/547
f 820/1173/549 832/1188/561 831/1189/562 819/1174/550
f 821/1175/551 833/1190/563 832/1188/561 820/1173/549
f 822/1177/552 834/1191/564 833/1190/563 821/1175/551
f 823/1178/553 835/1192/565 834/1193/564 822/1179/552
f 824/1180/554 836/1194/566 835/1192/565 823/1178/553
f 825/1181/555 837/1195/567 836/1194/566 824/1180/554
f 826/1182/556 838/1196/568 837/1195/567 825/1181/555
f 827/1183/557 839/1197/569 838/1196/568 826/1182/556
f 828/1184/558 840/1198/570 839/1199/569 827/1185/557
f 829/1186/559 841/1200/571 840/1198/570 828/1184/558
f 830/1187/560 842/1201/572 841/1200/571 829/1186/559
f 832/1188/561 844/1202/573 843/1203/574 831/1189/562
f 833/1190/563 845/1204/575 844/1202/573 832/1188/561
f 834/1191/564 846/1205/576 845/1204/575 833/1190/563
f 835/1192/565 847/1206/577 846/1207/576 834/1193/564
f 836/1194/566 848/1208/578 847/1206/577 835/1192/565
f 837/1195/567 849/1209/579 848/1208/578 836/1194/566
f 838/1196/568 850/1210/580 849/1209/579 837/1195/567
f 839/1197/569 851/1211/581 850/1210/580 838/1196/568
f 840/1198/570 852/1212/582 851/1213/581 839/1199/569
f 841/1200/571 853/1214/583 852/1212/582 840/1198/570
f 842/1201/572 854/1215/584 853/1214/583 841/1200/571
f 844/1202/573 856/1216/585 855/1217/586 843/1203/574
f 845/1204/575 857/1218/587 856/1216/585 844/1202/573
f 846/1205/576 858/1219/588 857/1218/587 845/1204/575
f 847/1220/577 859/1221/589 858/1222/588 846/1223/576
f 848/1224/578 860/1225/590 859/1221/589 847/1220/577
f 849/1226/579 861/1227/591 860/1225/590 848/1224/578
f 850/1228/580 862/1229/592 861/1227/591 849/1226/579
f 851/1230/581 863/1231/593 862/1229/592 850/1228/580
f 852/1212/582 864/1232/594 863/1233/593 851/1213/581
f 853/1214/583 865/1234/595 864/1232/594 852/1212/582
f 854/1215/584 866/1235/596 865/1234/595 853/1214/583
f 856/1216/585 868/1236/597 867/1237/598 855/1217/586
f 857/1218/587 869/1238/599 868/1236/597 856/1216/585
f 858/1219/588 870/1239/600 869/1238/599 857/1218/587
f 859/1221/589 871/1240/601 870/1241/600 858/1222/588
f 860/1225/590 872/1242/602 871/1240/601 859/1221/589
f 861/1227/591 873/1243/603 872/1242/602 860/1225/590
f 862/1229/592 874/1244/604 873/1243/603 861/1227/591
f 863/1231/593 875/1245/605 874/1244/604 862/1229/592
f 864/1232/594 876/1246/606 875/1247/605 863/1233/593
f 865/1234/595 877/1248/607 876/1246/606 864/1232/594
f 866/1235/596 878/1249/608 877/1248/607 865/1234/595
f 868/1236/597 880/1250/609 879/1251/610 867/1237/598
f 869/1238/599 881/1252/611 880/1250/609 868/1236/597
f 870/1239/600 882/1253/612 881/1252/611 869/1238/599
f 871/1240/601 883/1254/613 882/1255/612 870/1241/600
f 872/1242/602 884/1256/614 883/1254/613 871/1240/601
f 873/1243/603 885/1257/615 884/1256/614 872/1242/602
f 874/1244/604 886/1258/616 885/1257/615 873/1243/603
f 875/1245/605 887/1259/617 886/1258/616 874/1244/604
f 876/1246/606 888/1260/618 887/1261/617 875/1247/605
f 877/1248/607 889/1262/619 888/1260/618 876/1246/606
f 878/1249/608 890/1263/620 889/1262/619 877/1248/607
f 880/1250/609 892/1264/621 891/1265/622 879/1251/610
f 881/1252/611 893/1266/623 892/1264/621 880/1250/609
f 882/1253/612 894/1267/624 893/1266/623 881/1252/611
f 883/1254/613 895/1268/625 894/1269/624 882/1255/612
f 884/1256/614 896/1270/626 895/1268/625 883/1254/613
f 885/1257/615 897/1271/627 896/1270/626 884/1256/614
f 886/1258/616 898/1272/628 897/1271/627 885/1257/615
f 887/1259/617 899/1273/629 898/1272/628 886/1258/616
f 888/1260/618 900/1274/630 899/1275/629 887/1261/617
f 889/1262/619 901/1276/631 900/1274/630 888/1260/618
f 890/1263/620 902/1277/632 901/1276/631 889/1262/619
f 892/1264/621 904/1278/633 903/1279/634 891/1265/622
f 893/1266/623 905/1280/635 904/1278/633 892/1264/621
f 894/1267/624 906/1281/636 905/1280/635 893/1266/623
f 895/1268/625 907/1282/637 906/1283/636 894/1269/624
f 896/1270/626 908/1284/638 907/1282/637 895/1268/625
f 897/1271/627 909/1285/639 908/1284/638 896/1270/626
f 898/1272/628 910/1286/640 909/1285/639 897/1271/627
f 899/1273/629 911/1287/641 910/1286/640 898/1272/628
f 900/1274/630 912/1288/642 911/1289/641 899/1275/629
f 901/1276/631 913/1290/643 912/1288/642 900/1274/630
f 902/1277/632 914/1291/644 913/1290/643 901/1276/631
f 904/1278/633 916/1292/645 915/1293/646 903/1279/634
f 905/1280/635 917/1294/647 916/1292/645 904/1278/633
f 906/1283/636 918/1295/648 917/1296/647 905/1297/635
f 907/1282/637 919/1298/649 918/1295/648 906/1283/636
f 908/1284/638 920/1299/650 919/1298/649 907/1282/637
f 909/1285/639 921/1300/651 920/1299/650 908/1284/638
f 910/1286/640 922/1301/652 921/1300/651 909/1285/639
f 911/1287/641 923/1302/653 922/1301/652 910/1286/640
f 912/1288/642 924/1303/654 923/1304/653 911/1289/641
f 913/1290/643 925/1305/655 924/1303/654 912/1288/642
f 914/1291/644 926/1306/656 925/1305/655 913/1290/643
f 916/1292/645 928/1307/657 927/1308/300 915/1293/646
f 917/1294/647 929/1309/301 928/1307/657 916/1292/645
f 918/1295/648 930/1310/302 929/1311/301 917/1296/647
f 919/1298/649 931/1312/303 930/1310/302 918/1295/648
f 920/1299/650 932/1313/304 931/1312/303 919/1298/649
f 921/1300/651 933/1314/305 932/1313/304 920/1299/650
f 922/1301/652 934/1315/658 933/1314/305 921/1300/651
f 923/1302/653 935/1316/659 934/1315/658 922/1301/652
f 924/1303/654 936/1317/660 935/1318/659 923/1304/653
f 925/1305/655 937/1319/661 936/1317/660 924/1303/654
f 926/1306/656 938/1320/662 937/1319/661 925/1305/655
f 928/1307/657 940/1321/663 939/1322/664 927/1308/300
f 929/1309/301 941/1323/665 940/1321/663 928/1307/657
f 930/1324/302 942/1325/666 941/1323/665 929/1309/301
f 931/1326/303 943/1327/667 942/1328/666 930/1329/302
f 932/1330/304 944/1331/668 943/1327/667 931/1326/303
f 933/1332/305 945/1333/669 944/1331/668 932/1330/304
f 934/1334/658 946/1335/670 945/1333/669 933/1332/305
f 935/1336/659 947/1337/671 946/1335/670 934/1334/658
f 936/1338/660 948/1339/672 947/1337/671 935/1336/659
f 937/1319/661 949/1340/673 948/1341/672 936/1317/660
f 938/1320/662 950/1342/674 949/1340/673 937/1319/661
f 940/1321/663 628/940/357 627/943/360 939/1322/664
f 941/1323/665 629/944/361 628/940/357 940/1321/663
f 942/1325/666 630/946/363 629/944/361 941/1323/665
f 943/1343/667 631/948/365 630/951/363 942/1344/666
f 944/1345/668 632/952/367 631/948/365 943/1343/667
f 945/1346/669 633/954/369 632/952/367 944/1345/668
f 946/1347/670 634/956/371 633/954/369 945/1346/669
f 947/1348/671 635/958/373 634/956/371 946/1347/670
f 948/1349/672 636/960/375 635/958/373 947/1348/671
f 949/1340/673 637/962/377 636/965/375 948/1341/672
f 950/1342/674 638/966/379 637/962/377 949/1340/673
f 952/1350/675 964/1351/333 963/1352/676 951/1353/677
f 953/1354/678 965/1355/679 964/1351/333 952/1350/675
f 954/1356/680 966/1357/681 965/1358/679 953/1359/678
f 955/1360/325 967/1361/337 966/1357/681 954/1356/680
f 956/1362/682 968/1363/683 967/1361/337 955/1360/325
f 957/1364/684 969/1365/685 968/1363/683 956/1362/682
f 958/1366/686 970/1367/687 969/1365/685 957/1364/684
f 959/1368/688 971/1369/689 970/1367/687 958/1366/686
f 960/1370/690 972/1371/691 971/1372/689 959/1373/688
f 961/1374/692 973/1375/693 972/1371/691 960/1370/690
f 962/1376/332 974/1377/344 973/1375/693 961/1374/692
f 964/1351/333 976/1378/694 975/1379/695 963/1352/676
f 965/1355/679 977/1380/696 976/1378/694 964/1351/333
f 966/1381/681 978/1382/697 977/1380/696 965/1355/679
f 967/1383/337 979/1384/698 978/1385/697 966/1386/681
f 968/1387/683 980/1388/699 979/1384/698 967/1383/337
f 969/1389/685 981/1390/700 980/1388/699 968/1387/683
f 970/1391/687 982/1392/701 981/1390/700 969/1389/685
f 971/1393/689 983/1394/702 982/1392/701 970/1391/687
f 972/1395/691 984/1396/703 983/1394/702 971/1393/689
f 973/1375/693 985/1397/704 984/1398/703 972/1371/691
f 974/1377/344 986/1399/674 985/1397/704 973/1375/693
f 976/1378/694 988/1400/705 987/1401/706 975/1379/695
f 977/1380/696 989/1402/707 988/1400/705 976/1378/694
f 978/1382/697 990/1403/708 989/1402/707 977/1380/696
f 979/1404/698 991/1405/709 990/1406/708 978/1407/697
f 980/1408/699 992/1409/710 991/1405/709 979/1404/698
f 981/1410/700 993/1411/711 992/1409/710 980/1408/699
f 982/1412/701 994/1413/712 993/1411/711 981/1410/700
f 983/1414/702 995/1415/713 994/1413/712 982/1412/701
f 984/1416/703 996/1417/714 995/1415/713 983/1414/702
f 985/1397/704 997/1418/715 996/1419/714 984/1398/703
f 986/1399/674 998/1420/310 997/1418/715 985/1397/704
f 988/1400/705 952/1350/675 951/1353/677 987/1401/706
f 989/1402/707 953/1354/678 952/1350/675 988/1400/705
f 990/1421/708 954/1422/680 953/1423/678 989/1424/707
f 991/1425/709 955/1426/325 954/1422/680 990/1421/708
f 992/1427/710 956/1428/682 955/1426/325 991/1425/709
f 993/1429/711 957/1430/684 956/1428/682 992/1427/710
f 994/1431/712 958/1432/686 957/1430/684 993/1429/711
f 995/1433/713 959/1434/688 958/1432/686 994/1431/712
f 996/1419/714 960/1370/690 959/1373/688 995/1435/713
f 997/1418/715 961/1374/692 960/1370/690 996/1419/714
f 998/1420/310 962/1376/332 961/1374/692 997/1418/715
f 1000/1436/333 1012/1437/716 1011/1438/717 999/1439/718
f 1001/1440/719 1013/1441/720 1012/1437/716 1000/1436/333
f 1002/1442/336 1014/1443/721 1013/1441/720 1001/1440/719
f 1003/1444/722 1015/1445/723 1014/1446/721 1002/1447/336
f 1004/1448/683 1016/1449/724 1015/1445/723 1003/1444/722
f 1005/1450/685 1017/1451/725 1016/1449/724 1004/1448/683
f 1006/1452/687 1018/1453/726 1017/1451/725 1005/1450/685
f 1007/1454/727 1019/1455/728 1018/1453/726 1006/1452/687
f 1008/1456/729 1020/1457/730 1019/1455/728 1007/1454/727
f 1009/1458/731 1021/1459/732 1020/1460/730 1008/1461/729
f 1010/1462/733 1022/1463/734 1021/1459/732 1009/1458/731
f 1012/1437/716 1024/1464/735 1023/1465/717 1011/1438/717
f 1013/1441/720 1025/1466/736 1024/1464/735 1012/1437/716
f 1014/1443/721 1026/1467/737 1025/1466/736 1013/1441/720
f 1015/1468/723 1027/1469/738 1026/1470/737 1014/1471/721
f 1016/1472/724 1028/1473/739 1027/1469/738 1015/1468/723
f 1017/1474/725 1029/1475/740 1028/1473/739 1016/1472/724
f 1018/1476/726 1030/1477/741 1029/1475/740 1017/1474/725
f 1019/1478/728 1031/1479/742 1030/1477/741 1018/1476/726
f 1020/1460/730 1032/1480/743 1031/1481/742 1019/1482/728
f 1021/1459/732 1033/1483/744 1032/1480/743 1020/1460/730
f 1022/1463/734 1034/1484/734 1033/1483/744 1021/1459/732
f 1024/1464/735 1036/1485/694 1035/1486/745 1023/1465/717
f 1025/1466/736 1037/1487/746 1036/1485/694 1024/1464/735
f 1026/1467/737 1038/1488/747 1037/1487/746 1025/1466/736
f 1027/1489/738 1039/1490/748 1038/1491/747 1026/1492/737
f 1028/1493/739 1040/1494/749 1039/1490/748 1027/1489/738
f 1029/1495/740 1041/1496/750 1040/1494/749 1028/1493/739
f 1030/1497/741 1042/1498/751 1041/1496/750 1029/1495/740
f 1031/1499/742 1043/1500/702 1042/1498/751 1030/1497/741
f 1032/1501/743 1044/1502/703 1043/1500/702 1031/1499/742
f 1033/1483/744 1045/1503/752 1044/1504/703 1032/1480/743
f 1034/1484/734 1046/1505/674 1045/1503/752 1033/1483/744
f 1036/1485/694 1048/1506/311 1047/1507/300 1035/1486/745
f 1037/1487/746 1049/1508/753 1048/1506/311 1036/1485/694
f 1038/1488/747 1050/1509/754 1049/1508/753 1037/1487/746
f 1039/1510/748 1051/1511/709 1050/1512/754 1038/1513/747
f 1040/1514/749 1052/1515/710 1051/1511/709 1039/1510/748
f 1041/1516/750 1053/1517/711 1052/1515/710 1040/1514/749
f 1042/1518/751 1054/1519/755 1053/1517/711 1041/1516/750
f 1043/1520/702 1055/1521/756 1054/1519/755 1042/1518/751
f 1044/1522/703 1056/1523/757 1055/1521/756 1043/1520/702
f 1045/1503/752 1057/1524/320 1056/1525/757 1044/1504/703
f 1046/1505/674 1058/1526/662 1057/1524/320 1045/1503/752
f 1048/1506/311 1060/1527/758 1059/1528/759 1047/1507/300
f 1049/1508/753 1061/1529/760 1060/1527/758 1048/1506/311
f 1050/1530/754 1062/1531/761 1061/1532/760 1049/1533/753
f 1051/1534/709 1063/1535/762 1062/1531/761 1050/1530/754
f 1052/1536/710 1064/1537/763 1063/1535/762 1051/1534/709
f 1053/1538/711 1065/1539/764 1064/1537/763 1052/1536/710
f 1054/1540/755 1066/1541/765 1065/1539/764 1053/1538/711
f 1055/1542/756 1067/1543/766 1066/1541/765 1054/1540/755
f 1056/1525/757 1068/1544/767 1067/1545/766 1055/1546/756
f 1057/1524/320 1069/1547/768 1068/1544/767 1056/1525/757
f 1058/1526/662 1070/1548/769 1069/1547/768 1057/1524/320
f 1060/1527/758 1072/1549/770 1071/1550/771 1059/1528/759
f 1061/1529/760 1073/1551/772 1072/1549/770 1060/1527/758
f 1062/1552/761 1074/1553/773 1073/1551/772 1061/1529/760
f 1063/1554/762 1075/1555/774 1074/1556/773 1062/1557/761
f 1064/1558/763 1076/1559/775 1075/1555/774 1063/1554/762
f 1065/1560/764 1077/1561/776 1076/1559/775 1064/1558/763
f 1066/1562/765 1078/1563/777 1077/1561/776 1065/1560/764
f 1067/1564/766 1079/1565/778 1078/1563/777 1066/1562/765
f 1068/1544/767 1080/1566/779 1079/1567/778 1067/1545/766
f 1069/1547/768 1081/1568/780 1080/1566/779 1068/1544/767
f 1070/1548/769 1082/1569/781 1081/1568/780 1069/1547/768
f 1072/1549/770 1084/1570/782 1083/1571/322 1071/1550/771
f 1073/1551/772 1085/1572/783 1084/1570/782 1072/1549/770
f 1074/1573/773 1086/1574/784 1085/1575/783 1073/1576/772
f 1075/1577/774 1087/1578/785 1086/1574/784 1074/1573/773
f 1076/1579/775 1088/1580/682 1087/1578/785 1075/1577/774
f 1077/1581/776 1089/1582/684 1088/1580/682 1076/1579/775
f 1078/1583/777 1090/1584/686 1089/1582/684 1077/1581/776
f 1079/1585/778 1091/1586/688 1090/1584/686 1078/1583/777
f 1080/1566/779 1092/1587/786 1091/1588/688 1079/1567/778
f 1081/1568/780 1093/1589/787 1092/1587/786 1080/1566/779
f 1082/1569/781 1094/1590/788 1093/1589/787 1081/1568/780
f 1084/1570/782 1000/1436/333 999/1439/718 1083/1571/322
f 1085/1572/783 1001/1440/719 1000/1436/333 1084/1570/782
f 1086/1591/784 1002/1592/336 1001/1593/719 1085/1594/783
f 1087/1595/785 1003/1596/722 1002/1592/336 1086/1591/784
f 1088/1597/682 1004/1598/683 1003/1596/722 1087/1595/785
f 1089/1599/684 1005/1600/685 1004/1598/683 1088/1597/682
f 1090/1601/686 1006/1602/687 1005/1600/685 1089/1599/684
f 1091/1603/688 1007/1604/727 1006/1602/687 1090/1601/686
f 1092/1587/786 1008/1461/729 1007/1605/727 1091/1588/688
f 1093/1589/787 1009/1458/731 1008/1461/729 1092/1587/786
f 1094/1590/788 1010/1462/733 1009/1458/731 1093/1589/787
f 1096/1606/789 1108/1607/790 1107/1608/717 1095/1609/791
f 1097/1610/335 1109/1611/720 1108/1607/790 1096/1606/789
f 1098/1612/336 1110/1613/792 1109/1611/720 1097/1610/335
f 1099/1614/793 1111/1615/723 1110/1616/792 1098/1617/336
f 1100/1618/338 1112/1619/794 1111/1615/723 1099/1614/793
f 1101/1620/339 1113/1621/725 1112/1619/794 1100/1618/338
f 1102/1622/795 1114/1623/726 1113/1621/725 1101/1620/339
f 1103/1624/689 1115/1625/796 1114/1623/726 1102/1622/795
f 1104/1626/797 1116/1627/798 1115/1625/796 1103/1624/689
f 1105/1628/799 1117/1629/732 1116/1630/798 1104/1631/797
f 1106/1632/733 1118/1633/734 1117/1629/732 1105/1628/799
f 1108/1607/790 1120/1634/735 1119/1635/717 1107/1608/717
f 1109/1611/720 1121/1636/800 1120/1634/735 1108/1607/790
f 1110/1613/792 1122/1637/801 1121/1636/800 1109/1611/720
f 1111/1638/723 1123/1639/738 1122/1640/801 1110/1641/792
f 1112/1642/794 1124/1643/739 1123/1639/738 1111/1638/723
f 1113/1644/725 1125/1645/740 1124/1643/739 1112/1642/794
f 1114/1646/726 1126/1647/802 1125/1645/740 1113/1644/725
f 1115/1648/796 1127/1649/742 1126/1647/802 1114/1646/726
f 1116/1630/798 1128/1650/743 1127/1651/742 1115/1652/796
f 1117/1629/732 1129/1653/744 1128/1650/743 1116/1630/798
f 1118/1633/734 1130/1654/734 1129/1653/744 1117/1629/732
f 1120/1634/735 1132/1655/694 1131/1656/745 1119/1635/717
f 1121/1636/800 1133/1657/803 1132/1655/694 1120/1634/735
f 1122/1637/801 1134/1658/804 1133/1657/803 1121/1636/800
f 1123/1659/738 1135/1660/805 1134/1661/804 1122/1662/801
f 1124/1663/739 1136/1664/806 1135/1660/805 1123/1659/738
f 1125/1665/740 1137/1666/807 1136/1664/806 1124/1663/739
f 1126/1667/802 1138/1668/808 1137/1666/807 1125/1665/740
f 1127/1669/742 1139/1670/702 1138/1668/808 1126/1667/802
f 1128/1671/743 1140/1672/809 1139/1670/702 1127/1669/742
f 1129/1653/744 1141/1673/810 1140/1674/809 1128/1650/743
f 1130/1654/734 1142/1675/674 1141/1673/810 1129/1653/744
f 1132/1655/694 1144/1676/311 1143/1677/300 1131/1656/745
f 1133/1657/803 1145/1678/707 1144/1676/311 1132/1655/694
f 1134/1658/804 1146/1679/708 1145/1678/707 1133/1657/803
f 1135/1680/805 1147/1681/811 1146/1682/708 1134/1683/804
f 1136/1684/806 1148/1685/812 1147/1681/811 1135/1680/805
f 1137/1686/807 1149/1687/813 1148/1685/812 1136/1684/806
f 1138/1688/808 1150/1689/814 1149/1687/813 1137/1686/807
f 1139/1690/702 1151/1691/815 1150/1689/814 1138/1688/808
f 1140/1692/809 1152/1693/816 1151/1691/815 1139/1690/702
f 1141/1673/810 1153/1694/817 1152/1695/816 1140/1674/809
f 1142/1675/674 1154/1696/662 1153/1694/817 1141/1673/810
f 1144/1676/311 1156/1697/758 1155/1698/771 1143/1677/300
f 1145/1678/707 1157/1699/760 1156/1697/758 1144/1676/311
f 1146/1700/708 1158/1701/818 1157/1702/760 1145/1703/707
f 1147/1704/811 1159/1705/819 1158/1701/818 1146/1700/708
f 1148/1706/812 1160/1707/820 1159/1705/819 1147/1704/811
f 1149/1708/813 1161/1709/764 1160/1707/820 1148/1706/812
f 1150/1710/814 1162/1711/821 1161/1709/764 1149/1708/813
f 1151/1712/815 1163/1713/822 1162/1711/821 1150/1710/814
f 1152/1695/816 1164/1714/823 1163/1715/822 1151/1716/815
f 1153/1694/817 1165/1717/768 1164/1714/823 1152/1695/816
f 1154/1696/662 1166/1718/769 1165/1717/768 1153/1694/817
f 1156/1697/758 1168/1719/824 1167/1720/759 1155/1698/771
f 1157/1699/760 1169/1721/825 1168/1719/824 1156/1697/758
f 1158/1722/818 1170/1723/826 1169/1721/825 1157/1699/760
f 1159/1724/819 1171/1725/827 1170/1726/826 1158/1727/818
f 1160/1728/820 1172/1729/828 1171/1725/827 1159/1724/819
f 1161/1730/764 1173/1731/829 1172/1729/828 1160/1728/820
f 1162/1732/821 1174/1733/777 1173/1731/829 1161/1730/764
f 1163/1734/822 1175/1735/778 1174/1733/777 1162/1732/821
f 1164/1714/823 1176/1736/779 1175/1737/778 1163/1715/822
f 1165/1717/768 1177/1738/780 1176/1736/779 1164/1714/823
f 1166/1718/769 1178/1739/769 1177/1738/780 1165/1717/768
f 1168/1719/824 1180/1740/830 1179/1741/322 1167/1720/759
f 1169/1721/825 1181/1742/323 1180/1740/830 1168/1719/824
f 1170/1743/826 1182/1744/831 1181/1745/323 1169/1746/825
f 1171/1747/827 1183/1748/832 1182/1744/831 1170/1743/826
f 1172/1749/828 1184/1750/326 1183/1748/832 1171/1747/827
f 1173/1751/829 1185/1752/327 1184/1750/326 1172/1749/828
f 1174/1753/777 1186/1754/833 1185/1752/327 1173/1751/829
f 1175/1755/778 1187/1756/688 1186/1754/833 1174/1753/777
f 1176/1736/779 1188/1757/834 1187/1758/688 1175/1737/778
f 1177/1738/780 1189/1759/835 1188/1757/834 1176/1736/779
f 1178/1739/769 1190/1760/788 1189/1759/835 1177/1738/780
f 1180/1740/830 1096/1606/789 1095/1609/791 1179/1741/322
f 1181/1742/323 1097/1610/335 1096/1606/789 1180/1740/830
f 1182/1761/831 1098/1762/336 1097/1763/335 1181/1764/323
f 1183/1765/832 1099/1766/793 1098/1762/336 1182/1761/831
f 1184/1767/326 1100/1768/338 1099/1766/793 1183/1765/832
f 1185/1769/327 1101/1770/339 1100/1768/338 1184/1767/326
f 1186/1771/833 1102/1772/795 1101/1770/339 1185/1769/327
f 1187/1773/688 1103/1774/689 1102/1772/795 1186/1771/833
f 1188/1757/834 1104/1631/797 1103/1775/689 1187/1758/688
f 1189/1759/835 1105/1628/799 1104/1631/797 1188/1757/834
f 1190/1760/788 1106/1632/733 1105/1628/799 1189/1759/835
f 1192/1776/836 1204/1777/837 1203/1778/838 1191/1779/839
f 1193/1780/840 1205/1781/841 1204/1777/837 1192/1776/836
f 1194/1782/842 1206/1783/843 1205/1781/841 1193/1780/840
f 1195/1784/844 1207/1785/845 1206/1786/843 1194/1787/842
f 1196/1788/846 1208/1789/847 1207/1785/845 1195/1784/844
f 1197/1790/848 1209/1791/849 1208/1789/847 1196/1788/846
f 1198/1792/850 1210/1793/851 1209/1791/849 1197/1790/848
f 1199/1794/852 1211/1795/853 1210/1793/851 1198/1792/850
f 1200/1796/854 1212/1797/855 1211/1798/853 1199/1799/852
f 1201/1800/856 1213/1801/857 1212/1797/855 1200/1796/854
f 1202/1802/858 1214/1803/858 1213/1801/857 1201/1800/856
f 1204/1777/837 1216/1804/859 1215/1805/860 1203/1778/838
f 1205/1781/841 1217/1806/861 1216/1804/859 1204/1777/837
f 1206/1807/843 1218/1808/862 1217/1809/861 1205/1810/841
f 1207/1811/845 1219/1812/863 1218/1808/862 1206/1807/843
f 1208/1813/847 1220/1814/864 1219/1812/863 1207/1811/845
f 1209/1815/849 1221/1816/865 1220/1814/864 1208/1813/847
f 1210/1817/851 1222/1818/866 1221/1816/865 1209/1815/849
f 1211/1819/853 1223/1820/867 1222/1818/866 1210/1817/851
f 1212/1797/855 1224/1821/868 1223/1822/867 1211/1798/853
f 1213/1801/857 1225/1823/869 1224/1821/868 1212/1797/855
f 1214/1803/858 1226/1824/870 1225/1823/869 1213/1801/857
f 1216/1804/859 1228/1825/871 1227/1826/860 1215/1805/860
f 1217/1806/861 1229/1827/872 1228/1825/871 1216/1804/859
f 1218/1828/862 1230/1829/873 1229/1827/872 1217/1806/861
f 1219/1830/863 1231/1831/874 1230/1832/873 1218/1833/862
f 1220/1834/864 1232/1835/875 1231/1831/874 1219/1830/863
f 1221/1836/865 1233/1837/876 1232/1835/875 1220/1834/864
f 1222/1838/866 1234/1839/877 1233/1837/876 1221/1836/865
f 1223/1840/867 1235/1841/878 1234/1839/877 1222/1838/866
f 1224/1821/868 1236/1842/879 1235/1843/878 1223/1822/867
f 1225/1823/869 1237/1844/880 1236/1842/879 1224/1821/868
f 1226/1824/870 1238/1845/881 1237/1844/880 1225/1823/869
f 1228/1825/871 1240/1846/882 1239/1847/883 1227/1826/860
f 1229/1827/872 1241/1848/884 1240/1846/882 1228/1825/871
f 1230/1849/873 1242/1850/885 1241/1851/884 1229/1852/872
f 1231/1853/874 1243/1854/886 1242/1850/885 1230/1849/873
f 1232/1855/875 1244/1856/887 1243/1854/886 1231/1853/874
f 1233/1857/876 1245/1858/888 1244/1856/887 1232/1855/875
f 1234/1859/877 1246/1860/889 1245/1858/888 1233/1857/876
f 1235/1861/878 1247/1862/890 1246/1860/889 1234/1859/877
f 1236/1842/879 1248/1863/891 1247/1864/890 1235/1843/878
f 1237/1844/880 1249/1865/892 1248/1863/891 1236/1842/879
f 1238/1845/881 1250/1866/893 1249/1865/892 1237/1844/880
f 1240/1846/882 1252/1867/894 1251/1868/895 1239/1847/883
f 1241/1848/884 1253/1869/896 1252/1867/894 1240/1846/882
f 1242/1870/885 1254/1871/897 1253/1869/896 1241/1848/884
f 1243/1872/886 1255/1873/898 1254/1874/897 1242/1875/885
f 1244/1876/887 1256/1877/899 1255/1873/898 1243/1872/886
f 1245/1878/888 1257/1879/900 1256/1877/899 1244/1876/887
f 1246/1880/889 1258/1881/901 1257/1879/900 1245/1878/888
f 1247/1882/890 1259/1883/902 1258/1881/901 1246/1880/889
f 1248/1863/891 1260/1884/903 1259/1885/902 1247/1864/890
f 1249/1865/892 1261/1886/904 1260/1884/903 1248/1863/891
f 1250/1866/893 1262/1887/905 1261/1886/904 1249/1865/892
f 1252/1867/894 1264/1888/906 1263/1889/907 1251/1868/895
f 1253/1869/896 1265/1890/908 1264/1888/906 1252/1867/894
f 1254/1871/897 1266/1891/909 1265/1890/908 1253/1869/896
f 1255/1892/898 1267/1893/910 1266/1894/909 1254/1895/897
f 1256/1896/899 1268/1897/911 1267/1893/910 1255/1892/898
f 1257/1898/900 1269/1899/912 1268/1897/911 1256/1896/899
f 1258/1900/901 1270/1901/913 1269/1899/912 1257/1898/900
f 1259/1902/902 1271/1903/914 1270/1901/913 1258/1900/901
f 1260/1904/903 1272/1905/915 1271/1903/914 1259/1902/902
f 1261/1886/904 1273/1906/916 1272/1907/915 1260/1884/903
f 1262/1887/905 1274/1908/917 1273/1906/916 1261/1886/904
f 1264/1888/906 1276/1909/918 1275/1910/919 1263/1889/907
f 1265/1890/908 1277/1911/920 1276/1909/918 1264/1888/906
f 1266/1891/909 1278/1912/921 1277/1911/920 1265/1890/908
f 1267/1913/910 1279/1914/922 1278/1915/921 1266/1916/909
f 1268/1917/911 1280/1918/923 1279/1914/922 1267/1913/910
f 1269/1919/912 1281/1920/924 1280/1918/923 1268/1917/911
f 1270/1921/913 1282/1922/925 1281/1920/924 1269/1919/912
f 1271/1923/914 1283/1924/926 1282/1922/925 1270/1921/913
f 1272/1907/915 1284/1925/927 1283/1926/926 1271/1927/914
f 1273/1906/916 1285/1928/928 1284/1925/927 1272/1907/915
f 1274/1908/917 1286/1929/929 1285/1928/928 1273/1906/916
f 1276/1909/918 1192/1776/836 1191/1779/839 1275/1910/919
f 1277/1911/920 1193/1780/840 1192/1776/836 1276/1909/918
f 1278/1930/921 1194/1931/842 1193/1932/840 1277/1933/920
f 1279/1934/922 1195/1935/844 1194/1931/842 1278/1930/921
f 1280/1936/923 1196/1937/846 1195/1935/844 1279/1934/922
f 1281/1938/924 1197/1939/848 1196/1937/846 1280/1936/923
f 1282/1940/925 1198/1941/850 1197/1939/848 1281/1938/924
f 1283/1942/926 1199/1943/852 1198/1941/850 1282/1940/925
f 1284/1925/927 1200/1796/854 1199/1799/852 1283/1926/926
f 1285/1928/928 1201/1800/856 1200/1796/854 1284/1925/927
f 1286/1929/929 1202/1802/858 1201/1800/856 1285/1928/928
f 1288/1944/930 1300/1945/931 1299/1946/932 1287/1947/933
f 1289/1948/934 1301/1949/935 1300/1945/931 1288/1944/930
f 1290/1950/936 1302/1951/937 1301/1949/935 1289/1948/934
f 1291/1952/938 1303/1953/939 1302/1954/937 1290/1955/936
f 1292/1956/940 1304/1957/941 1303/1953/939 1291/1952/938
f 1293/1958/942 1305/1959/943 1304/1957/941 1292/1956/940
f 1294/1960/944 1306/1961/945 1305/1959/943 1293/1958/942
f 1295/1962/946 1307/1963/947 1306/1961/945 1294/1960/944
f 1296/1964/948 1308/1965/949 1307/1966/947 1295/1967/946
f 1297/1968/950 1309/1969/951 1308/1965/949 1296/1964/948
f 1298/1970/952 1310/1971/953 1309/1969/951 1297/1968/950
f 1300/1945/931 1312/1972/954 1311/1973/955 1299/1946/932
f 1301/1949/935 1313/1974/956 1312/1972/954 1300/1945/931
f 1302/1951/937 1314/1975/957 1313/1974/956 1301/1949/935
f 1303/1976/939 1315/1977/958 1314/1978/957 1302/1979/937
f 1304/1980/941 1316/1981/959 1315/1977/958 1303/1976/939
f 1305/1982/943 1317/1983/960 1316/1981/959 1304/1980/941
f 1306/1984/945 1318/1985/961 1317/1983/960 1305/1982/943
f 1307/1986/947 1319/1987/962 1318/1985/961 1306/1984/945
f 1308/1965/949 1320/1988/963 1319/1989/962 1307/1966/947
f 1309/1969/951 1321/1990/964 1320/1988/963 1308/1965/949
f 1310/1971/953 1322/1991/965 1321/1990/964 1309/1969/951
f 1312/1972/954 1288/1944/930 1287/1947/933 1311/1973/955
f 1313/1974/956 1289/1948/934 1288/1944/930 1312/1972/954
f 1314/1975/957 1290/1950/936 1289/1948/934 1313/1974/956
f 1315/1992/958 1291/1993/938 1290/1994/936 1314/1995/957
f 1316/1996/959 1292/1997/940 1291/1993/938 1315/1992/958
f 1317/1998/960 1293/1999/942 1292/1997/940 1316/1996/959
f 1318/2000/961 1294/2001/944 1293/1999/942 1317/1998/960
f 1319/2002/962 1295/2003/946 1294/2001/944 1318/2000/961
f 1320/2004/963 1296/2005/948 1295/2003/946 1319/2002/962
f 1321/1990/964 1297/1968/950 1296/1964/948 1320/1988/963
f 1322/1991/965 1298/1970/952 1297/1968/950 1321/1990/964
s 0
f 1325/2006/4 1324/2007/4 1323/2008/4
f 1326/2009/2 1327/2010/2 1328/2011/2
f 1323/2012/966 1324/2013/966 1327/2014/966 1326/2015/966
f 1324/2016/967 1325/2017/967 1328/2018/967 1327/2019/967
f 1325/2020/968 1323/2021/968 1326/2022/968 1328/2023/968
f 1329/2024/969 1330/2025/969 1332/2026/969 1331/2027/969
f 1331/2028/2 1332/2029/2 1336/2030/2 1335/2031/2
f 1335/2032/970 1336/2033/970 1334/2034/970 1333/2035/970
f 1333/2036/4 1334/2037/4 1330/2038/4 1329/2039/4
f 1331/2040/971 1335/2041/971 1333/2042/971 1329/2043/971
f 1336/2044/972 1332/2045/972 1330/2046/972 1334/2047/972
s 1
f 1337/2048/973 1338/2049/974 1340/2050/975 1339/2051/976
f 1339/2051/976 1340/2050/975 1342/2052/977 1341/2053/978
f 1341/2053/978 1342/2052/977 1344/2054/979 1343/2055/980
f 1343/2056/980 1344/2057/979 1346/2058/981 1345/2059/982
f 1345/2059/982 1346/2058/981 1348/2060/983 1347/2061/984
f 1347/2061/984 1348/2060/983 1350/2062/985 1349/2063/986
f 1349/2063/986 1350/2062/985 1352/2064/987 1351/2065/988
f 1351/2066/988 1352/2067/987 1354/2068/989 1353/2069/990
f 1353/2069/990 1354/2068/989 1356/2070/991 1355/2071/992
f 1355/2071/992 1356/2070/991 1358/2072/993 1357/2073/994
f 1357/2073/994 1358/2072/993 1360/2074/995 1359/2075/996
f 1359/2076/996 1360/2077/995 1362/2078/997 1361/2079/998
f 1361/2079/998 1362/2078/997 1364/2080/999 1363/2081/1000
f 1363/2081/1000 1364/2080/999 1366/2082/1001 1365/2083/1002
f 1340/2084/975 1338/2085/974 1368/2086/1003 1366/2087/1001 1364/2088/999 1362/2089/997 1360/2090/995 1358/2091/993 1356/2092/991 1354/2093/989 1352/2094/987 1350/2095/985 1348/2096/983 1346/2097/981 1344/2098/979 1342/2099/977
f 1365/2083/1002 1366/2082/1001 1368/2100/1003 1367/2101/1004
f 1367/2102/1004 1368/2103/1003 1338/2049/974 1337/2048/973
f 1337/2104/973 1339/2105/976 1341/2106/978 1343/2107/980 1345/2108/982 1347/2109/984 1349/2110/986 1351/2111/988 1353/2112/990 1355/2113/992 1357/2114/994 1359/2115/996 1361/2116/998 1363/2117/1000 1365/2118/1002 1367/2119/1004
f 1369/2120/973 1370/2121/974 1372/2122/975 1371/2123/976
f 1371/2123/976 1372/2122/975 1374/2124/977 1373/2125/978
f 1373/2125/978 1374/2124/977 1376/2126/979 1375/2127/980
f 1375/2128/980 1376/2129/979 1378/2130/981 1377/2131/982
f 1377/2131/982 1378/2130/981 1380/2132/983 1379/2133/984
f 1379/2133/984 1380/2132/983 1382/2134/985 1381/2135/986
f 1381/2135/986 1382/2134/985 1384/2136/987 1383/2137/988
f 1383/2138/988 1384/2139/987 1386/2140/989 1385/2141/990
f 1385/2141/990 1386/2140/989 1388/2142/991 1387/2143/992
f 1387/2143/992 1388/2142/991 1390/2144/993 1389/2145/994
f 1389/2145/994 1390/2144/993 1392/2146/995 1391/2147/996
f 1391/2148/996 1392/2149/995 1394/2150/997 1393/2151/998
f 1393/2151/998 1394/2150/997 1396/2152/999 1395/2153/1000
f 1395/2153/1000 1396/2152/999 1398/2154/1001 1397/2155/1002
f 1372/2156/975 1370/2157/974 1400/2158/1003 1398/2159/1001 1396/2160/999 1394/2161/997 1392/2162/995 1390/2163/993 1388/2164/991 1386/2165/989 1384/2166/987 1382/2167/985 1380/2168/983 1378/2169/981 1376/2170/979 1374/2171/977
f 1397/2155/1002 1398/2154/1001 1400/2172/1003 1399/2173/1004
f 1399/2174/1004 1400/2175/1003 1370/2121/974 1369/2120/973
f 1369/2176/973 1371/2177/976 1373/2178/978 1375/2179/980 1377/2180/982 1379/2181/984 1381/2182/986 1383/2183/988 1385/2184/990 1387/2185/992 1389/2186/994 1391/2187/996 1393/2188/998 1395/2189/1000 1397/2190/1002 1399/2191/1004
f 1401/2192/973 1402/2193/974 1404/2194/975 1403/2195/976
f 1403/2195/976 1404/2194/975 1406/2196/977 1405/2197/978
f 1405/2197/978 1406/2196/977 1408/2198/979 1407/2199/980
f 1407/2200/980 1408/2201/979 1410/2202/981 1409/2203/982
f 1409/2203/982 1410/2202/981 1412/2204/983 1411/2205/984
f 1411/2205/984 1412/2204/983 1414/2206/985 1413/2207/986
f 1413/2207/986 1414/2206/985 1416/2208/987 1415/2209/988
f 1415/2210/988 1416/2211/987 1418/2212/989 1417/2213/990
f 1417/2213/990 1418/2212/989 1420/2214/991 1419/2215/992
f 1419/2215/992 1420/2214/991 1422/2216/993 1421/2217/994
f 1421/2217/994 1422/2216/993 1424/2218/995 1423/2219/996
f 1423/2220/996 1424/2221/995 1426/2222/997 1425/2223/998
f 1425/2223/998 1426/2222/997 1428/2224/999 1427/2225/1000
f 1427/2225/1000 1428/2224/999 1430/2226/1001 1429/2227/1002
f 1404/2228/975 1402/2229/974 1432/2230/1003 1430/2231/1001 1428/2232/999 1426/2233/997 1424/2234/995 1422/2235/993 1420/2236/991 1418/2237/989 1416/2238/987 1414/2239/985 1412/2240/983 1410/2241/981 1408/2242/979 1406/2243/977
f 1429/2227/1002 1430/2226/1001 1432/2244/1003 1431/2245/1004
f 1431/2246/1004 1432/2247/1003 1402/2193/974 1401/2192/973
f 1401/2248/973 1403/2249/976 1405/2250/978 1407/2251/980 1409/2252/982 1411/2253/984 1413/2254/986 1415/2255/988 1417/2256/990 1419/2257/992 1421/2258/994 1423/2259/996 1425/2260/998 1427/2261/1000 1429/2262/1002 1431/2263/1004
f 1433/2264/973 1434/2265/974 1436/2266/975 1435/2267/976
f 1435/2267/976 1436/2266/975 1438/2268/977 1437/2269/978
f 1437/2269/978 1438/2268/977 1440/2270/979 1439/2271/980
f 1439/2272/980 1440/2273/979 1442/2274/981 1441/2275/982
f 1441/2275/982 1442/2274/981 1444/2276/983 1443/2277/984
f 1443/2277/984 1444/2276/983 1446/2278/985 1445/2279/986
f 1445/2279/986 1446/2278/985 1448/2280/987 1447/2281/988
f 1447/2282/988 1448/2283/987 1450/2284/989 1449/2285/990
f 1449/2285/990 1450/2284/989 1452/2286/991 1451/2287/992
f 1451/2287/992 1452/2286/991 1454/2288/993 1453/2289/994
f 1453/2289/994 1454/2288/993 1456/2290/995 1455/2291/996
f 1455/2292/996 1456/2293/995 1458/2294/997 1457/2295/998
f 1457/2295/998 1458/2294/997 1460/2296/999 1459/2297/1000
f 1459/2297/1000 1460/2296/999 1462/2298/1001 1461/2299/1002
f 1436/2300/975 1434/2301/974 1464/2302/1003 1462/2303/1001 1460/2304/999 1458/2305/997 1456/2306/995 1454/2307/993 1452/2308/991 1450/2309/989 1448/2310/987 1446/2311/985 1444/2312/983 1442/2313/981 1440/2314/979 1438/2315/977
f 1461/2299/1002 1462/2298/1001 1464/2316/1003 1463/2317/1004
f 1463/2318/1004 1464/2319/1003 1434/2265/974 1433/2264/973
f 1433/2320/973 1435/2321/976 1437/2322/978 1439/2323/980 1441/2324/982 1443/2325/984 1445/2326/986 1447/2327/988 1449/2328/990 1451/2329/992 1453/2330/994 1455/2331/996 1457/2332/998 1459/2333/1000 1461/2334/1002 1463/2335/1004
s 0
f 1465/2336/1 1466/2337/1 1468/2338/1 1467/2339/1
f 1467/2340/1005 1468/2341/1005 1472/2342/1005 1471/2343/1005
f 1471/2344/3 1472/2345/3 1470/2346/3 1469/2347/3
f 1469/2348/1006 1470/2349/1006 1466/2350/1006 1465/2351/1006
f 1467/2352/1007 1471/2353/1007 1469/2354/1007 1465/2355/1007
f 1472/2356/1008 1468/2357/1008 1466/2358/1008 1470/2359/1008
f 1473/2360/1 1474/2361/1 1476/2362/1 1475/2363/1
f 1475/2364/2 1476/2365/2 1480/2366/2 1479/2367/2
f 1479/2368/3 1480/2369/3 1478/2370/3 1477/2371/3
f 1477/2372/4 1478/2373/4 1474/2374/4 1473/2375/4
f 1475/2376/5 1479/2377/5 1477/2378/5 1473/2379/5
f 1480/2380/6 1476/2381/6 1474/2382/6 1478/2383/6
f 1481/2384/1 1482/2385/1 1484/2386/1 1483/2387/1
f 1483/2388/1005 1484/2389/1005 1488/2390/1005 1487/2391/1005
f 1487/2392/3 1488/2393/3 1486/2394/3 1485/2395/3
f 1485/2396/1006 1486/2397/1006 1482/2398/1006 1481/2399/1006
f 1483/2400/1007 1487/2401/1007 1485/2402/1007 1481/2403/1007
f 1488/2404/1008 1484/2405/1008 1482/2406/1008 1486/2407/1008
f 1489/2408/1 1490/2409/1 1492/2410/1 1491/2411/1
f 1491/2412/2 1492/2413/2 1496/2414/2 1495/2415/2
f 1495/2416/3 1496/2417/3 1494/2418/3 1493/2419/3
f 1493/2420/4 1494/2421/4 1490/2422/4 1489/2423/4
f 1491/2424/5 1495/2425/5 1493/2426/5 1489/2427/5
f 1496/2428/6 1492/2429/6 1490/2430/6 1494/2431/6
f 1497/2432/1 1498/2433/1 1500/2434/1 1499/2435/1
f 1499/2436/1005 1500/2437/1005 1504/2438/1005 1503/2439/1005
f 1503/2440/3 1504/2441/3 1502/2442/3 1501/2443/3
f 1501/2444/1006 1502/2445/1006 1498/2446/1006 1497/2447/1006
f 1499/2448/1007 1503/2449/1007 1501/2450/1007 1497/2451/1007
f 1504/2452/1008 1500/2453/1008 1498/2454/1008 1502/2455/1008
f 1505/2456/1 1506/2457/1 1508/2458/1 1507/2459/1
f 1507/2460/2 1508/2461/2 1512/2462/2 1511/2463/2
f 1511/2464/3 1512/2465/3 1510/2466/3 1509/2467/3
f 1509/2468/4 1510/2469/4 1506/2470/4 1505/2471/4
f 1507/2472/5 1511/2473/5 1509/2474/5 1505/2475/5
f 1512/2476/6 1508/2477/6 1506/2478/6 1510/2479/6
f 1513/2480/1 1514/2481/1 1516/2482/1 1515/2483/1
f 1515/2484/1005 1516/2485/1005 1520/2486/1005 1519/2487/1005
f 1519/2488/3 1520/2489/3 1518/2490/3 1517/2491/3
f 1517/2492/1006 1518/2493/1006 1514/2494/1006 1513/2495/1006
f 1515/2496/1007 1519/2497/1007 1517/2498/1007 1513/2499/1007
f 1520/2500/1008 1516/2501/1008 1514/2502/1008 1518/2503/1008
f 1521/2504/1 1522/2505/1 1524/2506/1 1523/2507/1
f 1523/2508/2 1524/2509/2 1528/2510/2 1527/2511/2
f 1527/2512/3 1528/2513/3 1526/2514/3 1525/2515/3
f 1525/2516/4 1526/2517/4 1522/2518/4 1521/2519/4
f 1523/2520/5 1527/2521/5 1525/2522/5 1521/2523/5
f 1528/2524/6 1524/2525/6 1522/2526/6 1526/2527/6
f 1529/2528/1 1530/2529/1 1532/2530/1 1531/2531/1
f 1531/2532/1005 1532/2533/1005 1536/2534/1005 1535/2535/1005
f 1535/2536/3 1536/2537/3 1534/2538/3 1533/2539/3
f 1533/2540/1006 1534/2541/1006 1530/2542/1006 1529/2543/1006
f 1531/2544/1007 1535/2545/1007 1533/2546/1007 1529/2547/1007
f 1536/2548/1008 1532/2549/1008 1530/2550/1008 1534/2551/1008
f 1537/2552/1 1538/2553/1 1540/2554/1 1539/2555/1
f 1539/2556/2 1540/2557/2 1544/2558/2 1543/2559/2
f 1543/2560/3 1544/2561/3 1542/2562/3 1541/2563/3
f 1541/2564/4 1542/2565/4 1538/2566/4 1537/2567/4
f 1539/2568/5 1543/2569/5 1541/2570/5 1537/2571/5
f 1544/2572/6 1540/2573/6 1538/2574/6 1542/2575/6
f 1545/2576/1 1546/2577/1 1548/2578/1 1547/2579/1
f 1547/2580/1005 1548/2581/1005 1552/2582/1005 1551/2583/1005
f 1551/2584/3 1552/2585/3 1550/2586/3 1549/2587/3
f 1549/2588/1006 1550/2589/1006 1546/2590/1006 1545/2591/1006
f 1547/2592/1007 1551/2593/1007 1549/2594/1007 1545/2595/1007
f 1552/2596/1008 1548/2597/1008 1546/2598/1008 1550/2599/1008
f 1553/2600/1 1554/2601/1 1556/2602/1 1555/2603/1
f 1555/2604/2 1556/2605/2 1560/2606/2 1559/2607/2
f 1559/2608/3 1560/2609/3 1558/2610/3 1557/2611/3
f 1557/2612/4 1558/2613/4 1554/2614/4 1553/2615/4
f 1555/2616/5 1559/2617/5 1557/2618/5 1553/2619/5
f 1560/2620/6 1556/2621/6 1554/2622/6 1558/2623/6
f 1561/2624/1 1562/2625/1 1564/2626/1 1563/2627/1
f 1563/2628/1005 1564/2629/1005 1568/2630/1005 1567/2631/1005
f 1567/2632/3 1568/2633/3 1566/2634/3 1565/2635/3
f 1565/2636/1006 1566/2637/1006 1562/2638/1006 1561/2639/1006
f 1563/2640/1007 1567/2641/1007 1565/2642/1007 1561/2643/1007
f 1568/2644/1008 1564/2645/1008 1562/2646/1008 1566/2647/1008
f 1569/2648/1 1570/2649/1 1572/2650/1 1571/2651/1
f 1571/2652/2 1572/2653/2 1576/2654/2 1575/2655/2
f 1575/2656/3 1576/2657/3 1574/2658/3 1573/2659/3
f 1573/2660/4 1574/2661/4 1570/2662/4 1569/2663/4
f 1571/2664/5 1575/2665/5 1573/2666/5 1569/2667/5
f 1576/2668/6 1572/2669/6 1570/2670/6 1574/2671/6
f 1577/2672/1009 1578/2673/1009 1580/2674/1009 1579/2675/1009
f 1579/2676/1010 1580/2677/1010 1584/2678/1010 1583/2679/1010
f 1583/2680/1011 1584/2681/1011 1582/2682/1011 1581/2683/1011
f 1581/2684/1012 1582/2685/1012 1578/2686/1012 1577/2687/1012
f 1579/2688/1013 1583/2689/1013 1581/2690/1013 1577/2691/1013
f 1584/2692/1014 1580/2693/1014 1578/2694/1014 1582/2695/1014
f 1585/2696/1 1586/2697/1 1588/2698/1 1587/2699/1
f 1587/2700/2 1588/2701/2 1592/2702/2 1591/2703/2
f 1591/2704/3 1592/2705/3 1590/2706/3 1589/2707/3
f 1589/2708/4 1590/2709/4 1586/2710/4 1585/2711/4
f 1587/2712/5 1591/2713/5 1589/2714/5 1585/2715/5
f 1592/2716/6 1588/2717/6 1586/2718/6 1590/2719/6
f 1593/2720/1 1594/2721/1 1596/2722/1 1595/2723/1
f 1595/2724/1005 1596/2725/1005 1600/2726/1005 1599/2727/1005
f 1599/2728/3 1600/2729/3 1598/2730/3 1597/2731/3
f 1597/2732/1006 1598/2733/1006 1594/2734/1006 1593/2735/1006
f 1595/2736/1007 1599/2737/1007 1597/2738/1007 1593/2739/1007
f 1600/2740/1008 1596/2741/1008 1594/2742/1008 1598/2743/1008
f 1601/2744/1 1602/2745/1 1604/2746/1 1603/2747/1
f 1603/2748/2 1604/2749/2 1608/2750/2 1607/2751/2
f 1607/2752/3 1608/2753/3 1606/2754/3 1605/2755/3
f 1605/2756/4 1606/2757/4 1602/2758/4 1601/2759/4
f 1603/2760/5 1607/2761/5 1605/2762/5 1601/2763/5
f 1608/2764/6 1604/2765/6 1602/2766/6 1606/2767/6
f 1609/2768/1 1610/2769/1 1612/2770/1 1611/2771/1
f 1611/2772/1005 1612/2773/1005 1616/2774/1005 1615/2775/1005
f 1615/2776/3 1616/2777/3 1614/2778/3 1613/2779/3
f 1613/2780/1006 1614/2781/1006 1610/2782/1006 1609/2783/1006
f 1611/2784/1007 1615/2785/1007 1613/2786/1007 1609/2787/1007
f 1616/2788/1008 1612/2789/1008 1610/2790/1008 1614/2791/1008
f 1617/2792/1 1618/2793/1 1620/2794/1 1619/2795/1
f 1619/2796/2 1620/2797/2 1624/2798/2 1623/2799/2
f 1623/2800/3 1624/2801/3 1622/2802/3 1621/2803/3
f 1621/2804/4 1622/2805/4 1618/2806/4 1617/2807/4
f 1619/2808/5 1623/2809/5 1621/2810/5 1617/2811/5
f 1624/2812/6 1620/2813/6 1618/2814/6 1622/2815/6
f 1625/2816/1 1626/2817/1 1628/2818/1 1627/2819/1
f 1627/2820/2 1628/2821/2 1632/2822/2 1631/2823/2
f 1631/2824/3 1632/2825/3 1630/2826/3 1629/2827/3
f 1629/2828/4 1630/2829/4 1626/2830/4 1625/2831/4
f 1627/2832/5 1631/2833/5 1629/2834/5 1625/2835/5
f 1632/2836/6 1628/2837/6 1626/2838/6 1630/2839/6
f 1633/2840/1 1634/2841/1 1636/2842/1 1635/2843/1
f 1635/2844/2 1636/2845/2 1640/2846/2 1639/2847/2
f 1639/2848/3 1640/2849/3 1638/2850/3 1637/2851/3
f 1637/2852/4 1638/2853/4 1634/2854/4 1633/2855/4
f 1635/2856/5 1639/2857/5 1637/2858/5 1633/2859/5
f 1640/2860/6 1636/2861/6 1634/2862/6 1638/2863/6
f 1641/2864/1 1642/2865/1 1644/2866/1 1643/2867/1
f 1643/2868/2 1644/2869/2 1648/2870/2 1647/2871/2
f 1647/2872/3 1648/2873/3 1646/2874/3 1645/2875/3
f 1645/2876/4 1646/2877/4 1642/2878/4 1641/2879/4
f 1643/2880/5 1647/2881/5 1645/2882/5 1641/2883/5
f 1648/2884/6 1644/2885/6 1642/2886/6 1646/2887/6
f 1649/2888/1 1650/2889/1 1652/2890/1 1651/2891/1
f 1651/2892/2 1652/2893/2 1656/2894/2 1655/2895/2
f 1655/2896/3 1656/2897/3 1654/2898/3 1653/2899/3
f 1653/2900/4 1654/2901/4 1650/2902/4 1649/2903/4
f 1651/2904/5 1655/2905/5 1653/2906/5 1649/2907/5
f 1656/2908/6 1652/2909/6 1650/2910/6 1654/2911/6
f 1657/2912/1 1658/2913/1 1660/2914/1 1659/2915/1
f 1659/2916/2 1660/2917/2 1664/2918/2 1663/2919/2
f 1663/2920/3 1664/2921/3 1662/2922/3 1661/2923/3
f 1661/2924/4 1662/2925/4 1658/2926/4 1657/2927/4
f 1659/2928/5 1663/2929/5 1661/2930/5 1657/2931/5
f 1664/2932/6 1660/2933/6 1658/2934/6 1662/2935/6
f 1665/2936/1 1666/2937/1 1668/2938/1 1667/2939/1
f 1667/2940/2 1668/2941/2 1672/2942/2 1671/2943/2
f 1671/2944/3 1672/2945/3 1670/2946/3 1669/2947/3
f 1669/2948/4 1670/2949/4 1666/2950/4 1665/2951/4
f 1667/2952/5 1671/2953/5 1669/2954/5 1665/2955/5
f 1672/2956/6 1668/2957/6 1666/2958/6 1670/2959/6
f 1673/2960/1 1674/2961/1 1676/2962/1 1675/2963/1
f 1675/2964/2 1676/2965/2 1680/2966/2 1679/2967/2
f 1679/2968/3 1680/2969/3 1678/2970/3 1677/2971/3
f 1677/2972/4 1678/2973/4 1674/2974/4 1673/2975/4
f 1675/2976/5 1679/2977/5 1677/2978/5 1673/2979/5
f 1680/2980/6 1676/2981/6 1674/2982/6 1678/2983/6
f 1681/2984/1 1682/2985/1 1684/2986/1 1683/2987/1
f 1683/2988/2 1684/2989/2 1688/2990/2 1687/2991/2
f 1687/2992/3 1688/2993/3 1686/2994/3 1685/2995/3
f 1685/2996/4 1686/2997/4 1682/2998/4 1681/2999/4
f 1683/3000/5 1687/3001/5 1685/3002/5 1681/3003/5
f 1688/3004/6 1684/3005/6 1682/3006/6 1686/3007/6
f 1689/3008/1 1690/3009/1 1692/3010/1 1691/3011/1
f 1691/3012/2 1692/3013/2 1696/3014/2 1695/3015/2
f 1695/3016/3 1696/3017/3 1694/3018/3 1693/3019/3
f 1693/3020/4 1694/3021/4 1690/3022/4 1689/3023/4
f 1691/3024/5 1695/3025/5 1693/3026/5 1689/3027/5
f 1696/3028/6 1692/3029/6 1690/3030/6 1694/3031/6
f 1697/3032/1 1698/3033/1 1700/3034/1 1699/3035/1
f 1699/3036/2 1700/3037/2 1704/3038/2 1703/3039/2
f 1703/3040/3 1704/3041/3 1702/3042/3 1701/3043/3
f 1701/3044/4 1702/3045/4 1698/3046/4 1697/3047/4
f 1699/3048/5 1703/3049/5 1701/3050/5 1697/3051/5
f 1704/3052/6 1700/3053/6 1698/3054/6 1702/3055/6
f 1705/3056/1 1706/3057/1 1708/3058/1 1707/3059/1
f 1707/3060/2 1708/3061/2 1712/3062/2 1711/3063/2
f 1711/3064/3 1712/3065/3 1710/3066/3 1709/3067/3
f 1709/3068/4 1710/3069/4 1706/3070/4 1705/3071/4
f 1707/3072/5 1711/3073/5 1709/3074/5 1705/3075/5
f 1712/3076/6 1708/3077/6 1706/3078/6 1710/3079/6
f 1713/3080/1 1714/3081/1 1716/3082/1 1715/3083/1
f 1715/3084/2 1716/3085/2 1720/3086/2 1719/3087/2
f 1719/3088/3 1720/3089/3 1718/3090/3 1717/3091/3
f 1717/3092/4 1718/3093/4 1714/3094/4 1713/3095/4
f 1715/3096/5 1719/3097/5 1717/3098/5 1713/3099/5
f 1720/3100/6 1716/3101/6 1714/3102/6 1718/3103/6
f 1721/3104/1 1722/3105/1 1724/3106/1 1723/3107/1
f 1723/3108/2 1724/3109/2 1728/3110/2 1727/3111/2
f 1727/3112/3 1728/3113/3 1726/3114/3 1725/3115/3
f 1725/3116/4 1726/3117/4 1722/3118/4 1721/3119/4
f 1723/3120/5 1727/3121/5 1725/3122/5 1721/3123/5
f 1728/3124/6 1724/3125/6 1722/3126/6 1726/3127/6
f 1729/3128/1 1730/3129/1 1732/3130/1 1731/3131/1
f 1731/3132/2 1732/3133/2 1736/3134/2 1735/3135/2
f 1735/3136/3 1736/3137/3 1734/3138/3 1733/3139/3
f 1733/3140/4 1734/3141/4 1730/3142/4 1729/3143/4
f 1731/3144/5 1735/3145/5 1733/3146/5 1729/3147/5
f 1736/3148/6 1732/3149/6 1730/3150/6 1734/3151/6
f 1737/3152/1 1738/3153/1 1740/3154/1 1739/3155/1
f 1739/3156/2 1740/3157/2 1744/3158/2 1743/3159/2
f 1743/3160/3 1744/3161/3 1742/3162/3 1741/3163/3
f 1741/3164/4 1742/3165/4 1738/3166/4 1737/3167/4
f 1739/3168/5 1743/3169/5 1741/3170/5 1737/3171/5
f 1744/3172/6 1740/3173/6 1738/3174/6 1742/3175/6
f 1745/3176/1 1746/3177/1 1748/3178/1 1747/3179/1
f 1747/3180/2 1748/3181/2 1752/3182/2 1751/3183/2
f 1751/3184/3 1752/3185/3 1750/3186/3 1749/3187/3
f 1749/3188/4 1750/3189/4 1746/3190/4 1745/3191/4
f 1747/3192/5 1751/3193/5 1749/3194/5 1745/3195/5
f 1752/3196/6 1748/3197/6 1746/3198/6 1750/3199/6
f 1753/3200/1 1754/3201/1 1756/3202/1 1755/3203/1
f 1755/3204/2 1756/3205/2 1760/3206/2 1759/3207/2
f 1759/3208/3 1760/3209/3 1758/3210/3 1757/3211/3
f 1757/3212/4 1758/3213/4 1754/3214/4 1753/3215/4
f 1755/3216/5 1759/3217/5 1757/3218/5 1753/3219/5
f 1760/3220/6 1756/3221/6 1754/3222/6 1758/3223/6
f 1761/3224/1 1762/3225/1 1764/3226/1 1763/3227/1
f 1763/3228/2 1764/3229/2 1768/3230/2 1767/3231/2
f 1767/3232/3 1768/3233/3 1766/3234/3 1765/3235/3
f 1765/3236/4 1766/3237/4 1762/3238/4 1761/3239/4
f 1763/3240/5 1767/3241/5 1765/3242/5 1761/3243/5
f 1768/3244/6 1764/3245/6 1762/3246/6 1766/3247/6
f 1769/3248/1 1770/3249/1 1772/3250/1 1771/3251/1
f 1771/3252/2 1772/3253/2 1776/3254/2 1775/3255/2
f 1775/3256/3 1776/3257/3 1774/3258/3 1773/3259/3
f 1773/3260/4 1774/3261/4 1770/3262/4 1769/3263/4
f 1771/3264/5 1775/3265/5 1773/3266/5 1769/3267/5
f 1776/3268/6 1772/3269/6 1770/3270/6 1774/3271/6
f 1777/3272/1 1778/3273/1 1780/3274/1 1779/3275/1
f 1779/3276/2 1780/3277/2 1784/3278/2 1783/3279/2
f 1783/3280/3 1784/3281/3 1782/3282/3 1781/3283/3
f 1781/3284/4 1782/3285/4 1778/3286/4 1777/3287/4
f 1779/3288/5 1783/3289/5 1781/3290/5 1777/3291/5
f 1784/3292/6 1780/3293/6 1778/3294/6 1782/3295/6
f 1785/3296/1 1786/3297/1 1788/3298/1 1787/3299/1
f 1787/3300/2 1788/3301/2 1792/3302/2 1791/3303/2
f 1791/3304/3 1792/3305/3 1790/3306/3 1789/3307/3
f 1789/3308/4 1790/3309/4 1786/3310/4 1785/3311/4
f 1787/3312/5 1791/3313/5 1789/3314/5 1785/3315/5
f 1792/3316/6 1788/3317/6 1786/3318/6 1790/3319/6
f 1793/3320/1 1794/3321/1 1796/3322/1 1795/3323/1
f 1795/3324/2 1796/3325/2 1800/3326/2 1799/3327/2
f 1799/3328/3 1800/3329/3 1798/3330/3 1797/3331/3
f 1797/3332/4 1798/3333/4 1794/3334/4 1793/3335/4
f 1795/3336/5 1799/3337/5 1797/3338/5 1793/3339/5
f 1800/3340/6 1796/3341/6 1794/3342/6 1798/3343/6
f 1801/3344/1 1802/3345/1 1804/3346/1 1803/3347/1
f 1803/3348/2 1804/3349/2 1808/3350/2 1807/3351/2
f 1807/3352/3 1808/3353/3 1806/3354/3 1805/3355/3
f 1805/3356/4 1806/3357/4 1802/3358/4 1801/3359/4
f 1803/3360/5 1807/3361/5 1805/3362/5 1801/3363/5
f 1808/3364/6 1804/3365/6 1802/3366/6 1806/3367/6
f 1809/3368/1 1810/3369/1 1812/3370/1 1811/3371/1
f 1811/3372/2 1812/3373/2 1816/3374/2 1815/3375/2
f 1815/3376/3 1816/3377/3 1814/3378/3 1813/3379/3
f 1813/3380/4 1814/3381/4 1810/3382/4 1809/3383/4
f 1811/3384/5 1815/3385/5 1813/3386/5 1809/3387/5
f 1816/3388/6 1812/3389/6 1810/3390/6 1814/3391/6
s 1
f 1817/3392/5 1829/3393/1015 1830/3394/1016 1818/3395/1017
f 1818/3395/1017 1830/3394/1016 1831/3396/1018 1819/3397/1019
f 1819/3398/1019 1831/3399/1018 1832/3400/1020 1820/3401/1021
f 1820/3401/1021 1832/3400/1020 1833/3402/1022 1821/3403/1023
f 1821/3404/1023 1833/3405/1022 1834/3406/1024 1822/3407/1025
f 1822/3407/1025 1834/3406/1024 1835/3408/1026 1823/3409/6
f 1823/3409/6 1835/3408/1026 1836/3410/1027 1824/3411/1028
f 1824/3411/1028 1836/3410/1027 1837/3412/1029 1825/3413/1030
f 1825/3414/1030 1837/3415/1029 1838/3416/1031 1826/3417/1032
f 1826/3417/1032 1838/3416/1031 1839/3418/1033 1827/3419/1034
f 1827/3419/1034 1839/3418/1033 1840/3420/1035 1828/3421/1036
f 1828/3422/1036 1840/3423/1035 1829/3393/1015 1817/3392/5
f 1829/3393/1015 1841/3424/1037 1842/3425/1038 1830/3394/1016
f 1830/3426/1016 1842/3427/1038 1843/3428/1039 1831/3399/1018
f 1831/3399/1018 1843/3428/1039 1844/3429/1040 1832/3400/1020
f 1832/3400/1020 1844/3429/1040 1845/3430/1041 1833/3402/1022
f 1833/3402/1022 1845/3430/1041 1846/3431/1042 1834/3432/1024
f 1834/3406/1024 1846/3433/1042 1847/3434/1043 1835/3408/1026
f 1835/3408/1026 1847/3434/1043 1848/3435/1044 1836/3410/1027
f 1836/3436/1027 1848/3437/1044 1849/3438/1045 1837/3415/1029
f 1837/3415/1029 1849/3438/1045 1850/3439/1046 1838/3416/1031
f 1838/3416/1031 1850/3439/1046 1851/3440/1047 1839/3418/1033
f 1839/3418/1033 1851/3440/1047 1852/3441/1048 1840/3420/1035
f 1840/3423/1035 1852/3442/1048 1841/3424/1037 1829/3393/1015
f 1841/3424/1037 1853/3443/1049 1854/3444/1050 1842/3425/1038
f 1842/3427/1038 1854/3445/1050 1855/3446/1051 1843/3428/1039
f 1843/3428/1039 1855/3446/1051 1856/3447/1052 1844/3429/1040
f 1844/3429/1040 1856/3447/1052 1857/3448/1053 1845/3430/1041
f 1845/3430/1041 1857/3448/1053 1858/3449/1054 1846/3431/1042
f 1846/3433/1042 1858/3450/1054 1859/3451/1055 1847/3434/1043
f 1847/3434/1043 1859/3451/1055 1860/3452/1056 1848/3435/1044
f 1848/3437/1044 1860/3453/1056 1861/3454/1057 1849/3438/1045
f 1849/3438/1045 1861/3454/1057 1862/3455/1058 1850/3439/1046
f 1850/3439/1046 1862/3455/1058 1863/3456/1059 1851/3440/1047
f 1851/3440/1047 1863/3456/1059 1864/3457/1060 1852/3441/1048
f 1852/3442/1048 1864/3458/1060 1853/3443/1049 1841/3424/1037
f 1853/3443/1049 1865/3459/1061 1866/3460/1062 1854/3444/1050
f 1854/3445/1050 1866/3461/1062 1867/3462/1063 1855/3446/1051
f 1855/3446/1051 1867/3462/1063 1868/3463/1064 1856/3447/1052
f 1856/3447/1052 1868/3463/1064 1869/3464/1065 1857/3448/1053
f 1857/3448/1053 1869/3464/1065 1870/3465/1066 1858/3449/1054
f 1858/3450/1054 1870/3466/1066 1871/3467/1067 1859/3451/1055
f 1859/3451/1055 1871/3467/1067 1872/3468/1068 1860/3452/1056
f 1860/3453/1056 1872/3469/1068 1873/3470/1069 1861/3454/1057
f 1861/3454/1057 1873/3470/1069 1874/3471/1070 1862/3455/1058
f 1862/3455/1058 1874/3471/1070 1875/3472/1071 1863/3456/1059
f 1863/3456/1059 1875/3472/1071 1876/3473/1072 1864/3457/1060
f 1864/3458/1060 1876/3474/1072 1865/3459/1061 1853/3443/1049
f 1865/3459/1061 1877/3475/1073 1878/3476/1074 1866/3460/1062
f 1866/3461/1062 1878/3477/1074 1879/3478/1075 1867/3462/1063
f 1867/3462/1063 1879/3478/1075 1880/3479/1076 1868/3463/1064
f 1868/3463/1064 1880/3479/1076 1881/3480/1077 1869/3464/1065
f 1869/3464/1065 1881/3480/1077 1882/3481/1078 1870/3465/1066
f 1870/3466/1066 1882/3482/1078 1883/3483/1079 1871/3467/1067
f 1871/3467/1067 1883/3483/1079 1884/3484/1080 1872/3468/1068
f 1872/3469/1068 1884/3485/1080 1885/3486/1081 1873/3470/1069
f 1873/3470/1069 1885/3486/1081 1886/3487/1082 1874/3471/1070
f 1874/3471/1070 1886/3487/1082 1887/3488/1083 1875/3472/1071
f 1875/3472/1071 1887/3488/1083 1888/3489/1084 1876/3473/1072
f 1876/3474/1072 1888/3490/1084 1877/3475/1073 1865/3459/1061
f 1877/3475/1073 1889/3491/1085 1890/3492/1086 1878/3476/1074
f 1878/3477/1074 1890/3493/1086 1891/3494/1087 1879/3478/1075
f 1879/3478/1075 1891/3494/1087 1892/3495/1088 1880/3479/1076
f 1880/3479/1076 1892/3495/1088 1893/3496/1089 1881/3480/1077
f 1881/3480/1077 1893/3496/1089 1894/3497/1090 1882/3481/1078
f 1882/3482/1078 1894/3498/1090 1895/3499/1091 1883/3483/1079
f 1883/3483/1079 1895/3499/1091 1896/3500/1092 1884/3484/1080
f 1884/3485/1080 1896/3501/1092 1897/3502/1093 1885/3486/1081
f 1885/3486/1081 1897/3502/1093 1898/3503/1094 1886/3487/1082
f 1886/3487/1082 1898/3503/1094 1899/3504/1095 1887/3488/1083
f 1887/3488/1083 1899/3504/1095 1900/3505/1096 1888/3489/1084
f 1888/3490/1084 1900/3506/1096 1889/3491/1085 1877/3475/1073
f 1889/3507/1085 1901/3508/1097 1902/3509/1098 1890/3510/1086
f 1890/3493/1086 1902/3511/1098 1903/3512/1099 1891/3494/1087
f 1891/3494/1087 1903/3512/1099 1904/3513/1100 1892/3495/1088
f 1892/3495/1088 1904/3513/1100 1905/3514/1101 1893/3496/1089
f 1893/3496/1089 1905/3514/1101 1906/3515/1102 1894/3497/1090
f 1894/3516/1090 1906/3517/1102 1907/3518/1103 1895/3519/1091
f 1895/3519/1091 1907/3518/1103 1908/3520/1104 1896/3521/1092
f 1896/3501/1092 1908/3522/1104 1909/3523/1105 1897/3502/1093
f 1897/3502/1093 1909/3523/1105 1910/3524/1106 1898/3503/1094
f 1898/3503/1094 1910/3524/1106 1911/3525/1107 1899/3504/1095
f 1899/3504/1095 1911/3525/1107 1912/3526/1108 1900/3505/1096
f 1900/3527/1096 1912/3528/1108 1901/3508/1097 1889/3507/1085
f 1901/3508/1097 1913/3529/1109 1914/3530/1110 1902/3509/1098
f 1902/3511/1098 1914/3531/1110 1915/3532/1111 1903/3512/1099
f 1903/3512/1099 1915/3532/1111 1916/3533/1112 1904/3513/1100
f 1904/3513/1100 1916/3533/1112 1917/3534/1113 1905/3514/1101
f 1905/3514/1101 1917/3534/1113 1918/3535/1114 1906/3515/1102
f 1906/3517/1102 1918/3536/1114 1919/3537/1115 1907/3518/1103
f 1907/3518/1103 1919/3537/1115 1920/3538/1116 1908/3520/1104
f 1908/3522/1104 1920/3539/1116 1921/3540/1117 1909/3523/1105
f 1909/3523/1105 1921/3540/1117 1922/3541/1118 1910/3524/1106
f 1910/3524/1106 1922/3541/1118 1923/3542/1119 1911/3525/1107
f 1911/3525/1107 1923/3542/1119 1924/3543/1120 1912/3526/1108
f 1912/3528/1108 1924/3544/1120 1913/3529/1109 1901/3508/1097
f 1913/3529/1109 1925/3545/1121 1926/3546/1122 1914/3530/1110
f 1914/3531/1110 1926/3547/1122 1927/3548/1123 1915/3532/1111
f 1915/3532/1111 1927/3548/1123 1928/3549/1124 1916/3533/1112
f 1916/3533/1112 1928/3549/1124 1929/3550/1125 1917/3534/1113
f 1917/3534/1113 1929/3550/1125 1930/3551/1126 1918/3535/1114
f 1918/3536/1114 1930/3552/1126 1931/3553/1127 1919/3537/1115
f 1919/3537/1115 1931/3553/1127 1932/3554/1128 1920/3538/1116
f 1920/3539/1116 1932/3555/1128 1933/3556/1129 1921/3540/1117
f 1921/3540/1117 1933/3556/1129 1934/3557/1130 1922/3541/1118
f 1922/3541/1118 1934/3557/1130 1935/3558/1131 1923/3542/1119
f 1923/3542/1119 1935/3558/1131 1936/3559/1132 1924/3543/1120
f 1924/3544/1120 1936/3560/1132 1925/3545/1121 1913/3529/1109
f 1925/3545/1121 1937/3561/1133 1938/3562/1134 1926/3546/1122
f 1926/3547/1122 1938/3563/1134 1939/3564/1135 1927/3548/1123
f 1927/3548/1123 1939/3564/1135 1940/3565/1136 1928/3549/1124
f 1928/3549/1124 1940/3565/1136 1941/3566/1137 1929/3550/1125
f 1929/3550/1125 1941/3566/1137 1942/3567/1138 1930/3551/1126
f 1930/3552/1126 1942/3568/1138 1943/3569/1139 1931/3553/1127
f 1931/3553/1127 1943/3569/1139 1944/3570/1140 1932/3554/1128
f 1932/3555/1128 1944/3571/1140 1945/3572/1141 1933/3556/1129
f 1933/3556/1129 1945/3572/1141 1946/3573/1142 1934/3557/1130
f 1934/3557/1130 1946/3573/1142 1947/3574/1143 1935/3558/1131
f 1935/3558/1131 1947/3574/1143 1948/3575/1144 1936/3559/1132
f 1936/3560/1132 1948/3576/1144 1937/3561/1133 1925/3545/1121
f 1937/3561/1133 1949/3577/1145 1950/3578/1146 1938/3562/1134
f 1938/3562/1134 1950/3578/1146 1951/3579/1147 1939/3580/1135
f 1939/3564/1135 1951/3581/1147 1952/3582/1148 1940/3565/1136
f 1940/3565/1136 1952/3582/1148 1953/3583/1149 1941/3566/1137
f 1941/3566/1137 1953/3583/1149 1954/3584/1150 1942/3567/1138
f 1942/3568/1138 1954/3585/1150 1955/3586/1151 1943/3569/1139
f 1943/3569/1139 1955/3586/1151 1956/3587/1152 1944/3570/1140
f 1944/3570/1140 1956/3587/1152 1957/3588/1153 1945/3589/1141
f 1945/3572/1141 1957/3590/1153 1958/3591/1154 1946/3573/1142
f 1946/3573/1142 1958/3591/1154 1959/3592/1155 1947/3574/1143
f 1947/3574/1143 1959/3592/1155 1960/3593/1156 1948/3575/1144
f 1948/3576/1144 1960/3594/1156 1949/3577/1145 1937/3561/1133
f 1949/3577/1145 1961/3595/2 1962/3596/1157 1950/3578/1146
f 1950/3578/1146 1962/3596/1157 1963/3597/1158 1951/3579/1147
f 1951/3581/1147 1963/3598/1158 1964/3599/1159 1952/3582/1148
f 1952/3582/1148 1964/3599/1159 1965/3600/1160 1953/3583/1149
f 1953/3583/1149 1965/3600/1160 1966/3601/1161 1954/3584/1150
f 1954/3585/1150 1966/3602/1161 1967/3603/4 1955/3586/1151
f 1955/3586/1151 1967/3603/4 1968/3604/1162 1956/3587/1152
f 1956/3587/1152 1968/3604/1162 1969/3605/1163 1957/3588/1153
f 1957/3590/1153 1969/3606/1163 1970/3607/1164 1958/3591/1154
f 1958/3591/1154 1970/3607/1164 1971/3608/1165 1959/3592/1155
f 1959/3592/1155 1971/3608/1165 1972/3609/1166 1960/3593/1156
f 1960/3594/1156 1972/3610/1166 1961/3595/2 1949/3577/1145
f 1961/3595/2 1973/3611/1167 1974/3612/1168 1962/3596/1157
f 1962/3596/1157 1974/3612/1168 1975/3613/1169 1963/3597/1158
f 1963/3598/1158 1975/3614/1169 1976/3615/1170 1964/3599/1159
f 1964/3599/1159 1976/3615/1170 1977/3616/1171 1965/3600/1160
f 1965/3600/1160 1977/3616/1171 1978/3617/1172 1966/3601/1161
f 1966/3602/1161 1978/3618/1172 1979/3619/1173 1967/3603/4
f 1967/3603/4 1979/3619/1173 1980/3620/1174 1968/3604/1162
f 1968/3604/1162 1980/3620/1174 1981/3621/1175 1969/3605/1163
f 1969/3606/1163 1981/3622/1175 1982/3623/1176 1970/3607/1164
f 1970/3607/1164 1982/3623/1176 1983/3624/1177 1971/3608/1165
f 1971/3608/1165 1983/3624/1177 1984/3625/1178 1972/3609/1166
f 1972/3610/1166 1984/3626/1178 1973/3611/1167 1961/3595/2
f 1973/3611/1167 1985/3627/1179 1986/3628/1180 1974/3612/1168
f 1974/3612/1168 1986/3628/1180 1987/3629/1181 1975/3613/1169
f 1975/3614/1169 1987/3630/1181 1988/3631/1182 1976/3615/1170
f 1976/3615/1170 1988/3631/1182 1989/3632/1183 1977/3616/1171
f 1977/3616/1171 1989/3632/1183 1990/3633/1184 1978/3617/1172
f 1978/3618/1172 1990/3634/1184 1991/3635/1185 1979/3619/1173
f 1979/3619/1173 1991/3635/1185 1992/3636/1186 1980/3620/1174
f 1980/3620/1174 1992/3636/1186 1993/3637/1187 1981/3621/1175
f 1981/3622/1175 1993/3638/1187 1994/3639/1188 1982/3623/1176
f 1982/3623/1176 1994/3639/1188 1995/3640/1189 1983/3624/1177
f 1983/3624/1177 1995/3640/1189 1996/3641/1190 1984/3625/1178
f 1984/3626/1178 1996/3642/1190 1985/3627/1179 1973/3611/1167
f 1985/3627/1179 1997/3643/1191 1998/3644/1192 1986/3628/1180
f 1986/3645/1180 1998/3646/1192 1999/3647/1193 1987/3630/1181
f 1987/3630/1181 1999/3647/1193 2000/3648/1194 1988/3631/1182
f 1988/3631/1182 2000/3648/1194 2001/3649/1195 1989/3632/1183
f 1989/3632/1183 2001/3649/1195 2002/3650/1196 1990/3633/1184
f 1990/3634/1184 2002/3651/1196 2003/3652/1197 1991/3635/1185
f 1991/3635/1185 2003/3652/1197 2004/3653/1198 1992/3636/1186
f 1992/3654/1186 2004/3655/1198 2005/3656/1199 1993/3638/1187
f 1993/3638/1187 2005/3656/1199 2006/3657/1200 1994/3639/1188
f 1994/3639/1188 2006/3657/1200 2007/3658/1201 1995/3640/1189
f 1995/3640/1189 2007/3658/1201 2008/3659/1202 1996/3641/1190
f 1996/3642/1190 2008/3660/1202 1997/3643/1191 1985/3627/1179
f 1997/3643/1191 2009/3661/1203 2010/3662/1204 1998/3644/1192
f 1998/3646/1192 2010/3663/1204 2011/3664/1205 1999/3647/1193
f 1999/3647/1193 2011/3664/1205 2012/3665/1206 2000/3648/1194
f 2000/3648/1194 2012/3665/1206 2013/3666/1207 2001/3649/1195
f 2001/3649/1195 2013/3666/1207 2014/3667/1208 2002/3650/1196
f 2002/3651/1196 2014/3668/1208 2015/3669/1209 2003/3652/1197
f 2003/3652/1197 2015/3669/1209 2016/3670/1210 2004/3653/1198
f 2004/3655/1198 2016/3671/1210 2017/3672/1211 2005/3656/1199
f 2005/3656/1199 2017/3672/1211 2018/3673/1212 2006/3657/1200
f 2006/3657/1200 2018/3673/1212 2019/3674/1213 2007/3658/1201
f 2007/3658/1201 2019/3674/1213 2020/3675/1214 2008/3659/1202
f 2008/3660/1202 2020/3676/1214 2009/3661/1203 1997/3643/1191
f 2009/3661/1203 2021/3677/1215 2022/3678/1216 2010/3662/1204
f 2010/3663/1204 2022/3679/1216 2023/3680/1217 2011/3664/1205
f 2011/3664/1205 2023/3680/1217 2024/3681/1218 2012/3665/1206
f 2012/3665/1206 2024/3681/1218 2025/3682/1219 2013/3666/1207
f 2013/3666/1207 2025/3682/1219 2026/3683/1220 2014/3667/1208
f 2014/3668/1208 2026/3684/1220 2027/3685/1221 2015/3669/1209
f 2015/3669/1209 2027/3685/1221 2028/3686/1222 2016/3670/1210
f 2016/3671/1210 2028/3687/1222 2029/3688/1223 2017/3672/1211
f 2017/3672/1211 2029/3688/1223 2030/3689/1224 2018/3673/1212
f 2018/3673/1212 2030/3689/1224 2031/3690/1225 2019/3674/1213
f 2019/3674/1213 2031/3690/1225 2032/3691/1226 2020/3675/1214
f 2020/3676/1214 2032/3692/1226 2021/3677/1215 2009/3661/1203
f 2021/3677/1215 2033/3693/1227 2034/3694/1228 2022/3678/1216
f 2022/3679/1216 2034/3695/1228 2035/3696/1229 2023/3680/1217
f 2023/3680/1217 2035/3696/1229 2036/3697/1230 2024/3681/1218
f 2024/3681/1218 2036/3697/1230 2037/3698/1231 2025/3682/1219
f 2025/3682/1219 2037/3698/1231 2038/3699/1232 2026/3683/1220
f 2026/3684/1220 2038/3700/1232 2039/3701/1233 2027/3685/1221
f 2027/3685/1221 2039/3701/1233 2040/3702/1234 2028/3686/1222
f 2028/3687/1222 2040/3703/1234 2041/3704/1235 2029/3688/1223
f 2029/3688/1223 2041/3704/1235 2042/3705/1236 2030/3689/1224
f 2030/3689/1224 2042/3705/1236 2043/3706/1237 2031/3690/1225
f 2031/3690/1225 2043/3706/1237 2044/3707/1238 2032/3691/1226
f 2032/3692/1226 2044/3708/1238 2033/3693/1227 2021/3677/1215
f 2033/3709/1227 2045/3710/1239 2046/3711/1240 2034/3712/1228
f 2034/3695/1228 2046/3713/1240 2047/3714/1241 2035/3696/1229
f 2035/3696/1229 2047/3714/1241 2048/3715/1242 2036/3697/1230
f 2036/3697/1230 2048/3715/1242 2049/3716/1243 2037/3698/1231
f 2037/3698/1231 2049/3716/1243 2050/3717/1244 2038/3699/1232
f 2038/3718/1232 2050/3719/1244 2051/3720/1245 2039/3721/1233
f 2039/3721/1233 2051/3720/1245 2052/3722/1246 2040/3723/1234
f 2040/3703/1234 2052/3724/1246 2053/3725/1247 2041/3704/1235
f 2041/3704/1235 2053/3725/1247 2054/3726/1248 2042/3705/1236
f 2042/3705/1236 2054/3726/1248 2055/3727/1249 2043/3706/1237
f 2043/3706/1237 2055/3727/1249 2056/3728/1250 2044/3707/1238
f 2044/3729/1238 2056/3730/1250 2045/3710/1239 2033/3709/1227
f 2045/3710/1239 2057/3731/1251 2058/3732/1252 2046/3711/1240
f 2046/3713/1240 2058/3733/1252 2059/3734/1253 2047/3714/1241
f 2047/3714/1241 2059/3734/1253 2060/3735/1254 2048/3715/1242
f 2048/3715/1242 2060/3735/1254 2061/3736/1255 2049/3716/1243
f 2049/3716/1243 2061/3736/1255 2062/3737/1256 2050/3717/1244
f 2050/3719/1244 2062/3738/1256 2063/3739/1257 2051/3720/1245
f 2051/3720/1245 2063/3739/1257 2064/3740/1258 2052/3722/1246
f 2052/3724/1246 2064/3741/1258 2065/3742/1259 2053/3725/1247
f 2053/3725/1247 2065/3742/1259 2066/3743/1260 2054/3726/1248
f 2054/3726/1248 2066/3743/1260 2067/3744/1261 2055/3727/1249
f 2055/3727/1249 2067/3744/1261 2068/3745/1262 2056/3728/1250
f 2056/3730/1250 2068/3746/1262 2057/3731/1251 2045/3710/1239
f 2057/3731/1251 2069/3747/1263 2070/3748/1264 2058/3732/1252
f 2058/3733/1252 2070/3749/1264 2071/3750/1265 2059/3734/1253
f 2059/3734/1253 2071/3750/1265 2072/3751/1266 2060/3735/1254
f 2060/3735/1254 2072/3751/1266 2073/3752/1267 2061/3736/1255
f 2061/3736/1255 2073/3752/1267 2074/3753/1268 2062/3737/1256
f 2062/3738/1256 2074/3754/1268 2075/3755/1269 2063/3739/1257
f 2063/3739/1257 2075/3755/1269 2076/3756/1270 2064/3740/1258
f 2064/3741/1258 2076/3757/1270 2077/3758/1271 2065/3742/1259
f 2065/3742/1259 2077/3758/1271 2078/3759/1272 2066/3743/1260
f 2066/3743/1260 2078/3759/1272 2079/3760/1273 2067/3744/1261
f 2067/3744/1261 2079/3760/1273 2080/3761/1274 2068/3745/1262
f 2068/3746/1262 2080/3762/1274 2069/3747/1263 2057/3731/1251
f 2069/3747/1263 2081/3763/1275 2082/3764/1276 2070/3748/1264
f 2070/3749/1264 2082/3765/1276 2083/3766/1277 2071/3750/1265
f 2071/3750/1265 2083/3766/1277 2084/3767/1278 2072/3751/1266
f 2072/3751/1266 2084/3767/1278 2085/3768/1279 2073/3752/1267
f 2073/3752/1267 2085/3768/1279 2086/3769/1280 2074/3753/1268
f 2074/3754/1268 2086/3770/1280 2087/3771/1281 2075/3755/1269
f 2075/3755/1269 2087/3771/1281 2088/3772/1282 2076/3756/1270
f 2076/3757/1270 2088/3773/1282 2089/3774/1283 2077/3758/1271
f 2077/3758/1271 2089/3774/1283 2090/3775/1284 2078/3759/1272
f 2078/3759/1272 2090/3775/1284 2091/3776/1285 2079/3760/1273
f 2079/3760/1273 2091/3776/1285 2092/3777/1286 2080/3761/1274
f 2080/3762/1274 2092/3778/1286 2081/3763/1275 2069/3747/1263
f 2081/3763/1275 2093/3779/1287 2094/3780/1288 2082/3764/1276
f 2082/3765/1276 2094/3781/1288 2095/3782/1289 2083/3766/1277
f 2083/3766/1277 2095/3782/1289 2096/3783/1290 2084/3767/1278
f 2084/3767/1278 2096/3783/1290 2097/3784/1291 2085/3768/1279
f 2085/3768/1279 2097/3784/1291 2098/3785/1292 2086/3769/1280
f 2086/3770/1280 2098/3786/1292 2099/3787/1293 2087/3771/1281
f 2087/3771/1281 2099/3787/1293 2100/3788/1294 2088/3772/1282
f 2088/3773/1282 2100/3789/1294 2101/3790/1295 2089/3774/1283
f 2089/3774/1283 2101/3790/1295 2102/3791/1296 2090/3775/1284
f 2090/3775/1284 2102/3791/1296 2103/3792/1297 2091/3776/1285
f 2091/3776/1285 2103/3792/1297 2104/3793/1298 2092/3777/1286
f 2092/3778/1286 2104/3794/1298 2093/3779/1287 2081/3763/1275
f 2093/3779/1287 2105/3795/6 2106/3796/1299 2094/3780/1288
f 2094/3780/1288 2106/3796/1299 2107/3797/1300 2095/3798/1289
f 2095/3782/1289 2107/3799/1300 2108/3800/1301 2096/3783/1290
f 2096/3783/1290 2108/3800/1301 2109/3801/1302 2097/3784/1291
f 2097/3784/1291 2109/3801/1302 2110/3802/1303 2098/3785/1292
f 2098/3786/1292 2110/3803/1303 2111/3804/5 2099/3787/1293
f 2099/3787/1293 2111/3804/5 2112/3805/1304 2100/3788/1294
f 2100/3789/1294 2112/3806/1304 2113/3807/1305 2101/3790/1295
f 2101/3790/1295 2113/3807/1305 2114/3808/1306 2102/3791/1296
f 2102/3791/1296 2114/3808/1306 2115/3809/1307 2103/3792/1297
f 2103/3810/1297 2115/3811/1307 2116/3812/1308 2104/3794/1298
f 2104/3794/1298 2116/3812/1308 2105/3795/6 2093/3779/1287
f 2105/3795/6 2117/3813/1026 2118/3814/1309 2106/3796/1299
f 2106/3796/1299 2118/3814/1309 2119/3815/1310 2107/3797/1300
f 2107/3799/1300 2119/3816/1310 2120/3817/1311 2108/3800/1301
f 2108/3800/1301 2120/3817/1311 2121/3818/1312 2109/3801/1302
f 2109/3819/1302 2121/3820/1312 2122/3821/1313 2110/3803/1303
f 2110/3803/1303 2122/3821/1313 2123/3822/1015 2111/3804/5
f 2111/3804/5 2123/3822/1015 2124/3823/1314 2112/3805/1304
f 2112/3806/1304 2124/3824/1314 2125/3825/1315 2113/3807/1305
f 2113/3807/1305 2125/3825/1315 2126/3826/1316 2114/3808/1306
f 2114/3808/1306 2126/3826/1316 2127/3827/1317 2115/3809/1307
f 2115/3811/1307 2127/3828/1317 2128/3829/1318 2116/3812/1308
f 2116/3812/1308 2128/3829/1318 2117/3813/1026 2105/3795/6
f 2117/3813/1026 2129/3830/1043 2130/3831/1319 2118/3814/1309
f 2118/3832/1309 2130/3833/1319 2131/3834/1320 2119/3816/1310
f 2119/3816/1310 2131/3834/1320 2132/3835/1321 2120/3817/1311
f 2120/3817/1311 2132/3835/1321 2133/3836/1322 2121/3818/1312
f 2121/3818/1312 2133/3836/1322 2134/3837/1323 2122/3838/1313
f 2122/3821/1313 2134/3839/1323 2135/3840/1037 2123/3822/1015
f 2123/3822/1015 2135/3840/1037 2136/3841/1324 2124/3823/1314
f 2124/3824/1314 2136/3842/1324 2137/3843/1325 2125/3825/1315
f 2125/3825/1315 2137/3843/1325 2138/3844/1326 2126/3826/1316
f 2126/3826/1316 2138/3844/1326 2139/3845/1327 2127/3827/1317
f 2127/3827/1317 2139/3845/1327 2140/3846/1328 2128/3847/1318
f 2128/3829/1318 2140/3848/1328 2129/3830/1043 2117/3813/1026
f 2129/3830/1043 2141/3849/1055 2142/3850/1329 2130/3831/1319
f 2130/3833/1319 2142/3851/1329 2143/3852/1330 2131/3834/1320
f 2131/3834/1320 2143/3852/1330 2144/3853/1331 2132/3835/1321
f 2132/3835/1321 2144/3853/1331 2145/3854/1332 2133/3836/1322
f 2133/3836/1322 2145/3854/1332 2146/3855/1333 2134/3837/1323
f 2134/3839/1323 2146/3856/1333 2147/3857/1049 2135/3840/1037
f 2135/3840/1037 2147/3857/1049 2148/3858/1334 2136/3841/1324
f 2136/3842/1324 2148/3859/1334 2149/3860/1335 2137/3843/1325
f 2137/3843/1325 2149/3860/1335 2150/3861/1336 2138/3844/1326
f 2138/3844/1326 2150/3861/1336 2151/3862/1337 2139/3845/1327
f 2139/3845/1327 2151/3862/1337 2152/3863/1338 2140/3846/1328
f 2140/3848/1328 2152/3864/1338 2141/3849/1055 2129/3830/1043
f 2141/3849/1055 2153/3865/1067 2154/3866/1339 2142/3850/1329
f 2142/3851/1329 2154/3867/1339 2155/3868/1340 2143/3852/1330
f 2143/3852/1330 2155/3868/1340 2156/3869/1341 2144/3853/1331
f 2144/3853/1331 2156/3869/1341 2157/3870/1342 2145/3854/1332
f 2145/3854/1332 2157/3870/1342 2158/3871/1343 2146/3855/1333
f 2146/3856/1333 2158/3872/1343 2159/3873/1061 2147/3857/1049
f 2147/3857/1049 2159/3873/1061 2160/3874/1344 2148/3858/1334
f 2148/3859/1334 2160/3875/1344 2161/3876/1345 2149/3860/1335
f 2149/3860/1335 2161/3876/1345 2162/3877/1346 2150/3861/1336
f 2150/3861/1336 2162/3877/1346 2163/3878/1347 2151/3862/1337
f 2151/3862/1337 2163/3878/1347 2164/3879/1348 2152/3863/1338
f 2152/3864/1338 2164/3880/1348 2153/3865/1067 2141/3849/1055
f 2153/3865/1067 2165/3881/1079 2166/3882/1349 2154/3866/1339
f 2154/3867/1339 2166/3883/1349 2167/3884/1350 2155/3868/1340
f 2155/3868/1340 2167/3884/1350 2168/3885/1351 2156/3869/1341
f 2156/3869/1341 2168/3885/1351 2169/3886/1352 2157/3870/1342
f 2157/3870/1342 2169/3886/1352 2170/3887/1353 2158/3871/1343
f 2158/3872/1343 2170/3888/1353 2171/3889/1073 2159/3873/1061
f 2159/3873/1061 2171/3889/1073 2172/3890/1354 2160/3874/1344
f 2160/3875/1344 2172/3891/1354 2173/3892/1355 2161/3876/1345
f 2161/3876/1345 2173/3892/1355 2174/3893/1356 2162/3877/1346
f 2162/3877/1346 2174/3893/1356 2175/3894/1357 2163/3878/1347
f 2163/3878/1347 2175/3894/1357 2176/3895/1358 2164/3879/1348
f 2164/3880/1348 2176/3896/1358 2165/3881/1079 2153/3865/1067
f 2165/3881/1079 2177/3897/1091 2178/3898/1359 2166/3882/1349
f 2166/3883/1349 2178/3899/1359 2179/3900/1360 2167/3884/1350
f 2167/3884/1350 2179/3900/1360 2180/3901/1361 2168/3885/1351
f 2168/3885/1351 2180/3901/1361 2181/3902/1362 2169/3886/1352
f 2169/3886/1352 2181/3902/1362 2182/3903/1363 2170/3887/1353
f 2170/3888/1353 2182/3904/1363 2183/3905/1085 2171/3889/1073
f 2171/3889/1073 2183/3905/1085 2184/3906/1364 2172/3890/1354
f 2172/3891/1354 2184/3907/1364 2185/3908/1365 2173/3892/1355
f 2173/3892/1355 2185/3908/1365 2186/3909/1366 2174/3893/1356
f 2174/3893/1356 2186/3909/1366 2187/3910/1367 2175/3894/1357
f 2175/3894/1357 2187/3910/1367 2188/3911/1368 2176/3895/1358
f 2176/3896/1358 2188/3912/1368 2177/3897/1091 2165/3881/1079
f 2177/3913/1091 2189/3914/1103 2190/3915/1369 2178/3916/1359
f 2178/3899/1359 2190/3917/1369 2191/3918/1370 2179/3900/1360
f 2179/3900/1360 2191/3918/1370 2192/3919/1371 2180/3901/1361
f 2180/3901/1361 2192/3919/1371 2193/3920/1372 2181/3902/1362
f 2181/3902/1362 2193/3920/1372 2194/3921/1373 2182/3903/1363
f 2182/3922/1363 2194/3923/1373 2195/3924/1097 2183/3925/1085
f 2183/3925/1085 2195/3924/1097 2196/3926/1374 2184/3927/1364
f 2184/3907/1364 2196/3928/1374 2197/3929/1375 2185/3908/1365
f 2185/3908/1365 2197/3929/1375 2198/3930/1376 2186/3909/1366
f 2186/3909/1366 2198/3930/1376 2199/3931/1377 2187/3910/1367
f 2187/3910/1367 2199/3931/1377 2200/3932/1378 2188/3911/1368
f 2188/3933/1368 2200/3934/1378 2189/3914/1103 2177/3913/1091
f 2189/3914/1103 2201/3935/1115 2202/3936/1379 2190/3915/1369
f 2190/3917/1369 2202/3937/1379 2203/3938/1380 2191/3918/1370
f 2191/3918/1370 2203/3938/1380 2204/3939/1381 2192/3919/1371
f 2192/3919/1371 2204/3939/1381 2205/3940/1382 2193/3920/1372
f 2193/3920/1372 2205/3940/1382 2206/3941/1383 2194/3921/1373
f 2194/3923/1373 2206/3942/1383 2207/3943/1109 2195/3924/1097
f 2195/3924/1097 2207/3943/1109 2208/3944/1384 2196/3926/1374
f 2196/3928/1374 2208/3945/1384 2209/3946/1385 2197/3929/1375
f 2197/3929/1375 2209/3946/1385 2210/3947/1386 2198/3930/1376
f 2198/3930/1376 2210/3947/1386 2211/3948/1387 2199/3931/1377
f 2199/3931/1377 2211/3948/1387 2212/3949/1388 2200/3932/1378
f 2200/3934/1378 2212/3950/1388 2201/3935/1115 2189/3914/1103
f 2201/3935/1115 2213/3951/1127 2214/3952/1389 2202/3936/1379
f 2202/3937/1379 2214/3953/1389 2215/3954/1390 2203/3938/1380
f 2203/3938/1380 2215/3954/1390 2216/3955/1391 2204/3939/1381
f 2204/3939/1381 2216/3955/1391 2217/3956/1392 2205/3940/1382
f 2205/3940/1382 2217/3956/1392 2218/3957/1393 2206/3941/1383
f 2206/3942/1383 2218/3958/1393 2219/3959/1121 2207/3943/1109
f 2207/3943/1109 2219/3959/1121 2220/3960/1394 2208/3944/1384
f 2208/3945/1384 2220/3961/1394 2221/3962/1395 2209/3946/1385
f 2209/3946/1385 2221/3962/1395 2222/3963/1396 2210/3947/1386
f 2210/3947/1386 2222/3963/1396 2223/3964/1397 2211/3948/1387
f 2211/3948/1387 2223/3964/1397 2224/3965/1398 2212/3949/1388
f 2212/3950/1388 2224/3966/1398 2213/3951/1127 2201/3935/1115
f 2213/3951/1127 2225/3967/1139 2226/3968/1399 2214/3952/1389
f 2214/3953/1389 2226/3969/1399 2227/3970/1400 2215/3954/1390
f 2215/3954/1390 2227/3970/1400 2228/3971/1401 2216/3955/1391
f 2216/3955/1391 2228/3971/1401 2229/3972/1402 2217/3956/1392
f 2217/3956/1392 2229/3972/1402 2230/3973/1403 2218/3957/1393
f 2218/3958/1393 2230/3974/1403 2231/3975/1133 2219/3959/1121
f 2219/3959/1121 2231/3975/1133 2232/3976/1404 2220/3960/1394
f 2220/3961/1394 2232/3977/1404 2233/3978/1405 2221/3962/1395
f 2221/3962/1395 2233/3978/1405 2234/3979/1406 2222/3963/1396
f 2222/3963/1396 2234/3979/1406 2235/3980/1407 2223/3964/1397
f 2223/3964/1397 2235/3980/1407 2236/3981/1408 2224/3965/1398
f 2224/3966/1398 2236/3982/1408 2225/3967/1139 2213/3951/1127
f 2225/3967/1139 2237/3983/1151 2238/3984/1409 2226/3968/1399
f 2226/3969/1399 2238/3985/1409 2239/3986/1410 2227/3970/1400
f 2227/3970/1400 2239/3986/1410 2240/3987/1411 2228/3971/1401
f 2228/3971/1401 2240/3987/1411 2241/3988/1412 2229/3972/1402
f 2229/3989/1402 2241/3990/1412 2242/3991/1413 2230/3974/1403
f 2230/3974/1403 2242/3991/1413 2243/3992/1145 2231/3975/1133
f 2231/3975/1133 2243/3992/1145 2244/3993/1414 2232/3976/1404
f 2232/3977/1404 2244/3994/1414 2245/3995/1415 2233/3978/1405
f 2233/3978/1405 2245/3995/1415 2246/3996/1416 2234/3979/1406
f 2234/3979/1406 2246/3996/1416 2247/3997/1417 2235/3980/1407
f 2235/3998/1407 2247/3999/1417 2248/4000/1418 2236/3982/1408
f 2236/3982/1408 2248/4000/1418 2237/3983/1151 2225/3967/1139
f 2237/3983/1151 2249/4001/4 2250/4002/1419 2238/3984/1409
f 2238/3985/1409 2250/4003/1419 2251/4004/1420 2239/3986/1410
f 2239/3986/1410 2251/4004/1420 2252/4005/1421 2240/3987/1411
f 2240/3987/1411 2252/4005/1421 2253/4006/1422 2241/3988/1412
f 2241/3990/1412 2253/4007/1422 2254/4008/1423 2242/3991/1413
f 2242/3991/1413 2254/4008/1423 2255/4009/2 2243/3992/1145
f 2243/3992/1145 2255/4009/2 2256/4010/1424 2244/3993/1414
f 2244/3994/1414 2256/4011/1424 2257/4012/1425 2245/3995/1415
f 2245/3995/1415 2257/4012/1425 2258/4013/1426 2246/3996/1416
f 2246/3996/1416 2258/4013/1426 2259/4014/1427 2247/3997/1417
f 2247/3999/1417 2259/4015/1427 2260/4016/1428 2248/4000/1418
f 2248/4000/1418 2260/4016/1428 2249/4001/4 2237/3983/1151
f 2249/4001/4 2261/4017/1173 2262/4018/1429 2250/4002/1419
f 2250/4003/1419 2262/4019/1429 2263/4020/1430 2251/4004/1420
f 2251/4004/1420 2263/4020/1430 2264/4021/1431 2252/4005/1421
f 2252/4005/1421 2264/4021/1431 2265/4022/1432 2253/4006/1422
f 2253/4007/1422 2265/4023/1432 2266/4024/1433 2254/4008/1423
f 2254/4008/1423 2266/4024/1433 2267/4025/1167 2255/4009/2
f 2255/4009/2 2267/4025/1167 2268/4026/1434 2256/4010/1424
f 2256/4011/1424 2268/4027/1434 2269/4028/1435 2257/4012/1425
f 2257/4012/1425 2269/4028/1435 2270/4029/1436 2258/4013/1426
f 2258/4013/1426 2270/4029/1436 2271/4030/1437 2259/4014/1427
f 2259/4015/1427 2271/4031/1437 2272/4032/1438 2260/4016/1428
f 2260/4016/1428 2272/4032/1438 2261/4017/1173 2249/4001/4
f 2261/4017/1173 2273/4033/1185 2274/4034/1439 2262/4018/1429
f 2262/4019/1429 2274/4035/1439 2275/4036/1440 2263/4020/1430
f 2263/4020/1430 2275/4036/1440 2276/4037/1441 2264/4021/1431
f 2264/4021/1431 2276/4037/1441 2277/4038/1442 2265/4022/1432
f 2265/4023/1432 2277/4039/1442 2278/4040/1443 2266/4024/1433
f 2266/4024/1433 2278/4040/1443 2279/4041/1179 2267/4025/1167
f 2267/4025/1167 2279/4041/1179 2280/4042/1444 2268/4026/1434
f 2268/4027/1434 2280/4043/1444 2281/4044/1445 2269/4028/1435
f 2269/4028/1435 2281/4044/1445 2282/4045/1446 2270/4029/1436
f 2270/4029/1436 2282/4045/1446 2283/4046/1447 2271/4030/1437
f 2271/4031/1437 2283/4047/1447 2284/4048/1448 2272/4032/1438
f 2272/4032/1438 2284/4048/1448 2273/4033/1185 2261/4017/1173
f 2273/4033/1185 2285/4049/1197 2286/4050/1449 2274/4034/1439
f 2274/4035/1439 2286/4051/1449 2287/4052/1450 2275/4036/1440
f 2275/4036/1440 2287/4052/1450 2288/4053/1451 2276/4037/1441
f 2276/4037/1441 2288/4053/1451 2289/4054/1452 2277/4038/1442
f 2277/4038/1442 2289/4054/1452 2290/4055/1453 2278/4056/1443
f 2278/4040/1443 2290/4057/1453 2291/4058/1191 2279/4041/1179
f 2279/4041/1179 2291/4058/1191 2292/4059/1454 2280/4042/1444
f 2280/4043/1444 2292/4060/1454 2293/4061/1455 2281/4044/1445
f 2281/4044/1445 2293/4061/1455 2294/4062/1456 2282/4045/1446
f 2282/4045/1446 2294/4062/1456 2295/4063/1457 2283/4046/1447
f 2283/4046/1447 2295/4063/1457 2296/4064/1458 2284/4065/1448
f 2284/4048/1448 2296/4066/1458 2285/4049/1197 2273/4033/1185
f 2285/4049/1197 2297/4067/1209 2298/4068/1459 2286/4050/1449
f 2286/4051/1449 2298/4069/1459 2299/4070/1460 2287/4052/1450
f 2287/4052/1450 2299/4070/1460 2300/4071/1461 2288/4053/1451
f 2288/4053/1451 2300/4071/1461 2301/4072/1462 2289/4054/1452
f 2289/4054/1452 2301/4072/1462 2302/4073/1463 2290/4055/1453
f 2290/4057/1453 2302/4074/1463 2303/4075/1203 2291/4058/1191
f 2291/4058/1191 2303/4075/1203 2304/4076/1464 2292/4059/1454
f 2292/4060/1454 2304/4077/1464 2305/4078/1465 2293/4061/1455
f 2293/4061/1455 2305/4078/1465 2306/4079/1466 2294/4062/1456
f 2294/4062/1456 2306/4079/1466 2307/4080/1467 2295/4063/1457
f 2295/4063/1457 2307/4080/1467 2308/4081/1468 2296/4064/1458
f 2296/4066/1458 2308/4082/1468 2297/4067/1209 2285/4049/1197
f 2297/4067/1209 2309/4083/1221 2310/4084/1469 2298/4068/1459
f 2298/4069/1459 2310/4085/1469 2311/4086/1470 2299/4070/1460
f 2299/4070/1460 2311/4086/1470 2312/4087/1471 2300/4071/1461
f 2300/4071/1461 2312/4087/1471 2313/4088/1472 2301/4072/1462
f 2301/4072/1462 2313/4088/1472 2314/4089/1473 2302/4073/1463
f 2302/4074/1463 2314/4090/1473 2315/4091/1474 2303/4075/1203
f 2303/4075/1203 2315/4091/1474 2316/4092/1475 2304/4076/1464
f 2304/4077/1464 2316/4093/1475 2317/4094/1476 2305/4078/1465
f 2305/4078/1465 2317/4094/1476 2318/4095/1477 2306/4079/1466
f 2306/4079/1466 2318/4095/1477 2319/4096/1478 2307/4080/1467
f 2307/4080/1467 2319/4096/1478 2320/4097/1479 2308/4081/1468
f 2308/4082/1468 2320/4098/1479 2309/4083/1221 2297/4067/1209
f 2309/4083/1221 2321/4099/1233 2322/4100/1480 2310/4084/1469
f 2310/4085/1469 2322/4101/1480 2323/4102/1481 2311/4086/1470
f 2311/4086/1470 2323/4102/1481 2324/4103/1482 2312/4087/1471
f 2312/4087/1471 2324/4103/1482 2325/4104/1483 2313/4088/1472
f 2313/4088/1472 2325/4104/1483 2326/4105/1484 2314/4089/1473
f 2314/4090/1473 2326/4106/1484 2327/4107/1227 2315/4091/1474
f 2315/4091/1474 2327/4107/1227 2328/4108/1485 2316/4092/1475
f 2316/4093/1475 2328/4109/1485 2329/4110/1486 2317/4094/1476
f 2317/4094/1476 2329/4110/1486 2330/4111/1487 2318/4095/1477
f 2318/4095/1477 2330/4111/1487 2331/4112/1488 2319/4096/1478
f 2319/4096/1478 2331/4112/1488 2332/4113/1489 2320/4097/1479
f 2320/4098/1479 2332/4114/1489 2321/4099/1233 2309/4083/1221
f 2321/4115/1233 2333/4116/1245 2334/4117/1490 2322/4118/1480
f 2322/4101/1480 2334/4119/1490 2335/4120/1491 2323/4102/1481
f 2323/4102/1481 2335/4120/1491 2336/4121/1492 2324/4103/1482
f 2324/4103/1482 2336/4121/1492 2337/4122/1493 2325/4104/1483
f 2325/4104/1483 2337/4122/1493 2338/4123/1494 2326/4105/1484
f 2326/4124/1484 2338/4125/1494 2339/4126/1239 2327/4127/1227
f 2327/4127/1227 2339/4126/1239 2340/4128/1495 2328/4129/1485
f 2328/4109/1485 2340/4130/1495 2341/4131/1496 2329/4110/1486
f 2329/4110/1486 2341/4131/1496 2342/4132/1497 2330/4111/1487
f 2330/4111/1487 2342/4132/1497 2343/4133/1498 2331/4112/1488
f 2331/4112/1488 2343/4133/1498 2344/4134/1499 2332/4113/1489
f 2332/4135/1489 2344/4136/1499 2333/4116/1245 2321/4115/1233
f 2333/4116/1245 2345/4137/1257 2346/4138/1500 2334/4117/1490
f 2334/4119/1490 2346/4139/1500 2347/4140/1501 2335/4120/1491
f 2335/4120/1491 2347/4140/1501 2348/4141/1502 2336/4121/1492
f 2336/4121/1492 2348/4141/1502 2349/4142/1503 2337/4122/1493
f 2337/4122/1493 2349/4142/1503 2350/4143/1504 2338/4123/1494
f 2338/4125/1494 2350/4144/1504 2351/4145/1251 2339/4126/1239
f 2339/4126/1239 2351/4145/1251 2352/4146/1505 2340/4128/1495
f 2340/4130/1495 2352/4147/1505 2353/4148/1506 2341/4131/1496
f 2341/4131/1496 2353/4148/1506 2354/4149/1507 2342/4132/1497
f 2342/4132/1497 2354/4149/1507 2355/4150/1508 2343/4133/1498
f 2343/4133/1498 2355/4150/1508 2356/4151/1509 2344/4134/1499
f 2344/4136/1499 2356/4152/1509 2345/4137/1257 2333/4116/1245
f 2345/4137/1257 2357/4153/1269 2358/4154/1510 2346/4138/1500
f 2346/4139/1500 2358/4155/1510 2359/4156/1511 2347/4140/1501
f 2347/4140/1501 2359/4156/1511 2360/4157/1512 2348/4141/1502
f 2348/4141/1502 2360/4157/1512 2361/4158/1513 2349/4142/1503
f 2349/4142/1503 2361/4158/1513 2362/4159/1514 2350/4143/1504
f 2350/4144/1504 2362/4160/1514 2363/4161/1263 2351/4145/1251
f 2351/4145/1251 2363/4161/1263 2364/4162/1515 2352/4146/1505
f 2352/4147/1505 2364/4163/1515 2365/4164/1516 2353/4148/1506
f 2353/4148/1506 2365/4164/1516 2366/4165/1517 2354/4149/1507
f 2354/4149/1507 2366/4165/1517 2367/4166/1518 2355/4150/1508
f 2355/4150/1508 2367/4166/1518 2368/4167/1519 2356/4151/1509
f 2356/4152/1509 2368/4168/1519 2357/4153/1269 2345/4137/1257
f 2357/4153/1269 2369/4169/1281 2370/4170/1520 2358/4154/1510
f 2358/4155/1510 2370/4171/1520 2371/4172/1521 2359/4156/1511
f 2359/4156/1511 2371/4172/1521 2372/4173/1522 2360/4157/1512
f 2360/4157/1512 2372/4173/1522 2373/4174/1523 2361/4158/1513
f 2361/4158/1513 2373/4174/1523 2374/4175/1524 2362/4159/1514
f 2362/4160/1514 2374/4176/1524 2375/4177/1275 2363/4161/1263
f 2363/4161/1263 2375/4177/1275 2376/4178/1525 2364/4162/1515
f 2364/4163/1515 2376/4179/1525 2377/4180/1526 2365/4164/1516
f 2365/4164/1516 2377/4180/1526 2378/4181/1527 2366/4165/1517
f 2366/4165/1517 2378/4181/1527 2379/4182/1528 2367/4166/1518
f 2367/4166/1518 2379/4182/1528 2380/4183/1529 2368/4167/1519
f 2368/4168/1519 2380/4184/1529 2369/4169/1281 2357/4153/1269
f 2369/4169/1281 2381/4185/1293 2382/4186/1530 2370/4170/1520
f 2370/4171/1520 2382/4187/1530 2383/4188/1531 2371/4172/1521
f 2371/4172/1521 2383/4188/1531 2384/4189/1532 2372/4173/1522
f 2372/4173/1522 2384/4189/1532 2385/4190/1533 2373/4174/1523
f 2373/4174/1523 2385/4190/1533 2386/4191/1534 2374/4175/1524
f 2374/4176/1524 2386/4192/1534 2387/4193/1287 2375/4177/1275
f 2375/4177/1275 2387/4193/1287 2388/4194/1535 2376/4178/1525
f 2376/4179/1525 2388/4195/1535 2389/4196/1536 2377/4180/1526
f 2377/4180/1526 2389/4196/1536 2390/4197/1537 2378/4181/1527
f 2378/4181/1527 2390/4197/1537 2391/4198/1538 2379/4182/1528
f 2379/4182/1528 2391/4198/1538 2392/4199/1539 2380/4183/1529
f 2380/4184/1529 2392/4200/1539 2381/4185/1293 2369/4169/1281
f 2381/4185/1293 1817/3392/5 1818/3395/1017 2382/4186/1530
f 2382/4187/1530 1818/4201/1017 1819/3398/1019 2383/4188/1531
f 2383/4188/1531 1819/3398/1019 1820/3401/1021 2384/4189/1532
f 2384/4189/1532 1820/3401/1021 1821/3403/1023 2385/4190/1533
f 2385/4202/1533 1821/3404/1023 1822/3407/1025 2386/4192/1534
f 2386/4192/1534 1822/3407/1025 1823/3409/6 2387/4193/1287
f 2387/4193/1287 1823/3409/6 1824/3411/1028 2388/4194/1535
f 2388/4194/1535 1824/3411/1028 1825/3413/1030 2389/4203/1536
f 2389/4196/1536 1825/3414/1030 1826/3417/1032 2390/4197/1537
f 2390/4197/1537 1826/3417/1032 1827/3419/1034 2391/4198/1538
f 2391/4198/1538 1827/3419/1034 1828/3421/1036 2392/4199/1539
f 2392/4200/1539 1828/3422/1036 1817/3392/5 2381/4185/1293
f 2393/4204/1540 2394/4205/1541 2396/4206/1542 2395/4207/1543
f 2395/4207/1543 2396/4206/1542 2398/4208/1544 2397/4209/1545
f 2397/4210/1545 2398/4211/1544 2400/4212/1546 2399/4213/1547
f 2399/4213/1547 2400/4212/1546 2402/4214/1548 2401/4215/1549
f 2401/4215/1549 2402/4214/1548 2404/4216/1550 2403/4217/1551
f 2403/4217/1551 2404/4216/1550 2406/4218/1552 2405/4219/1553
f 2405/4220/1553 2406/4221/1552 2408/4222/1554 2407/4223/1555
f 2407/4223/1555 2408/4222/1554 2410/4224/1556 2409/4225/1557
f 2409/4225/1557 2410/4224/1556 2412/4226/1558 2411/4227/1559
f 2411/4227/1559 2412/4226/1558 2414/4228/1560 2413/4229/1561
f 2413/4230/1561 2414/4231/1560 2416/4232/1562 2415/4233/1563
f 2415/4233/1563 2416/4232/1562 2418/4234/1564 2417/4235/1565
f 2417/4235/1565 2418/4234/1564 2420/4236/1566 2419/4237/1567
f 2419/4237/1567 2420/4236/1566 2422/4238/1568 2421/4239/1569
f 2396/4240/1542 2394/4241/1541 2424/4242/1570 2422/4243/1568 2420/4244/1566 2418/4245/1564 2416/4246/1562 2414/4247/1560 2412/4248/1558 2410/4249/1556 2408/4250/1554 2406/4251/1552 2404/4252/1550 2402/4253/1548 2400/4254/1546 2398/4255/1544
f 2421/4256/1569 2422/4257/1568 2424/4258/1570 2423/4259/1571
f 2423/4259/1571 2424/4258/1570 2394/4205/1541 2393/4204/1540
f 2393/4260/1540 2395/4261/1543 2397/4262/1545 2399/4263/1547 2401/4264/1549 2403/4265/1551 2405/4266/1553 2407/4267/1555 2409/4268/1557 2411/4269/1559 2413/4270/1561 2415/4271/1563 2417/4272/1565 2419/4273/1567 2421/4274/1569 2423/4275/1571
f 2425/4276/1572 2426/4277/1573 2428/4278/1574 2427/4279/1575
f 2427/4279/1575 2428/4278/1574 2430/4280/1576 2429/4281/1577
f 2429/4282/1577 2430/4283/1576 2432/4284/1578 2431/4285/1579
f 2431/4285/1579 2432/4284/1578 2434/4286/1580 2433/4287/1581
f 2433/4287/1581 2434/4286/1580 2436/4288/1582 2435/4289/1583
f 2435/4289/1583 2436/4288/1582 2438/4290/1584 2437/4291/1585
f 2437/4292/1585 2438/4293/1584 2440/4294/1586 2439/4295/1587
f 2439/4295/1587 2440/4294/1586 2442/4296/1588 2441/4297/1589
f 2441/4297/1589 2442/4296/1588 2444/4298/1590 2443/4299/1591
f 2443/4299/1591 2444/4298/1590 2446/4300/1592 2445/4301/1593
f 2445/4302/1593 2446/4303/1592 2448/4304/1594 2447/4305/1595
f 2447/4305/1595 2448/4304/1594 2450/4306/1596 2449/4307/1597
f 2449/4307/1597 2450/4306/1596 2452/4308/1598 2451/4309/1599
f 2451/4309/1599 2452/4308/1598 2454/4310/1600 2453/4311/1601
f 2428/4312/1574 2426/4313/1573 2456/4314/1602 2454/4315/1600 2452/4316/1598 2450/4317/1596 2448/4318/1594 2446/4319/1592 2444/4320/1590 2442/4321/1588 2440/4322/1586 2438/4323/1584 2436/4324/1582 2434/4325/1580 2432/4326/1578 2430/4327/1576
f 2453/4328/1601 2454/4329/1600 2456/4330/1602 2455/4331/1603
f 2455/4331/1603 2456/4330/1602 2426/4277/1573 2425/4276/1572
f 2425/4332/1572 2427/4333/1575 2429/4334/1577 2431/4335/1579 2433/4336/1581 2435/4337/1583 2437/4338/1585 2439/4339/1587 2441/4340/1589 2443/4341/1591 2445/4342/1593 2447/4343/1595 2449/4344/1597 2451/4345/1599 2453/4346/1601 2455/4347/1603
s 0
f 2457/4348/1 2458/4349/1 2460/4350/1 2459/4351/1
f 2459/4352/2 2460/4353/2 2464/4354/2 2463/4355/2
f 2463/4356/3 2464/4357/3 2462/4358/3 2461/4359/3
f 2461/4360/4 2462/4361/4 2458/4362/4 2457/4363/4
f 2459/4364/5 2463/4365/5 2461/4366/5 2457/4367/5
f 2464/4368/6 2460/4369/6 2458/4370/6 2462/4371/6
f 2465/4372/1 2466/4373/1 2468/4374/1 2467/4375/1
f 2467/4376/1604 2468/4377/1604 2472/4378/1604 2471/4379/1604
f 2471/4380/3 2472/4381/3 2470/4382/3 2469/4383/3
f 2469/4384/1605 2470/4385/1605 2466/4386/1605 2465/4387/1605
f 2467/4388/1606 2471/4389/1606 2469/4390/1606 2465/4391/1606
f 2472/4392/1607 2468/4393/1607 2466/4394/1607 2470/4395/1607
s 1
f 2473/4396/1540 2474/4397/1541 2476/4398/1542 2475/4399/1543
f 2475/4399/1543 2476/4398/1542 2478/4400/1544 2477/4401/1545
f 2477/4402/1545 2478/4403/1544 2480/4404/1546 2479/4405/1547
f 2479/4405/1547 2480/4404/1546 2482/4406/1548 2481/4407/1549
f 2481/4407/1549 2482/4406/1548 2484/4408/1550 2483/4409/1551
f 2483/4409/1551 2484/4408/1550 2486/4410/1552 2485/4411/1553
f 2485/4412/1553 2486/4413/1552 2488/4414/1554 2487/4415/1555
f 2487/4415/1555 2488/4414/1554 2490/4416/1556 2489/4417/1557
f 2489/4417/1557 2490/4416/1556 2492/4418/1558 2491/4419/1559
f 2491/4419/1559 2492/4418/1558 2494/4420/1560 2493/4421/1561
f 2493/4422/1561 2494/4423/1560 2496/4424/1562 2495/4425/1563
f 2495/4425/1563 2496/4424/1562 2498/4426/1564 2497/4427/1565
f 2497/4427/1565 2498/4426/1564 2500/4428/1566 2499/4429/1567
f 2499/4429/1567 2500/4428/1566 2502/4430/1568 2501/4431/1569
f 2476/4432/1542 2474/4433/1541 2504/4434/1570 2502/4435/1568 2500/4436/1566 2498/4437/1564 2496/4438/1562 2494/4439/1560 2492/4440/1558 2490/4441/1556 2488/4442/1554 2486/4443/1552 2484/4444/1550 2482/4445/1548 2480/4446/1546 2478/4447/1544
f 2501/4448/1569 2502/4449/1568 2504/4450/1570 2503/4451/1571
f 2503/4451/1571 2504/4450/1570 2474/4397/1541 2473/4396/1540
f 2473/4452/1540 2475/4453/1543 2477/4454/1545 2479/4455/1547 2481/4456/1549 2483/4457/1551 2485/4458/1553 2487/4459/1555 2489/4460/1557 2491/4461/1559 2493/4462/1561 2495/4463/1563 2497/4464/1565 2499/4465/1567 2501/4466/1569 2503/4467/1571
f 2505/4468/1540 2506/4469/1541 2508/4470/1542 2507/4471/1543
f 2507/4471/1543 2508/4470/1542 2510/4472/1544 2509/4473/1545
f 2509/4474/1545 2510/4475/1544 2512/4476/1546 2511/4477/1547
f 2511/4477/1547 2512/4476/1546 2514/4478/1548 2513/4479/1549
f 2513/4479/1549 2514/4478/1548 2516/4480/1550 2515/4481/1551
f 2515/4481/1551 2516/4480/1550 2518/4482/1552 2517/4483/1553
f 2517/4484/1553 2518/4485/1552 2520/4486/1554 2519/4487/1555
f 2519/4487/1555 2520/4486/1554 2522/4488/1556 2521/4489/1557
f 2521/4489/1557 2522/4488/1556 2524/4490/1558 2523/4491/1559
f 2523/4491/1559 2524/4490/1558 2526/4492/1560 2525/4493/1561
f 2525/4494/1561 2526/4495/1560 2528/4496/1562 2527/4497/1563
f 2527/4497/1563 2528/4496/1562 2530/4498/1564 2529/4499/1565
f 2529/4499/1565 2530/4498/1564 2532/4500/1566 2531/4501/1567
f 2531/4501/1567 2532/4500/1566 2534/4502/1568 2533/4503/1569
f 2508/4504/1542 2506/4505/1541 2536/4506/1570 2534/4507/1568 2532/4508/1566 2530/4509/1564 2528/4510/1562 2526/4511/1560 2524/4512/1558 2522/4513/1556 2520/4514/1554 2518/4515/1552 2516/4516/1550 2514/4517/1548 2512/4518/1546 2510/4519/1544
f 2533/4520/1569 2534/4521/1568 2536/4522/1570 2535/4523/1571
f 2535/4523/1571 2536/4522/1570 2506/4469/1541 2505/4468/1540
f 2505/4524/1540 2507/4525/1543 2509/4526/1545 2511/4527/1547 2513/4528/1549 2515/4529/1551 2517/4530/1553 2519/4531/1555 2521/4532/1557 2523/4533/1559 2525/4534/1561 2527/4535/1563 2529/4536/1565 2531/4537/1567 2533/4538/1569 2535/4539/1571
f 2537/4540/1540 2538/4541/1541 2540/4542/1542 2539/4543/1543
f 2539/4543/1543 2540/4542/1542 2542/4544/1544 2541/4545/1545
f 2541/4546/1545 2542/4547/1544 2544/4548/1546 2543/4549/1547
f 2543/4549/1547 2544/4548/1546 2546/4550/1548 2545/4551/1549
f 2545/4551/1549 2546/4550/1548 2548/4552/1550 2547/4553/1551
f 2547/4553/1551 2548/4552/1550 2550/4554/1552 2549/4555/1553
f 2549/4556/1553 2550/4557/1552 2552/4558/1554 2551/4559/1555
f 2551/4559/1555 2552/4558/1554 2554/4560/1556 2553/4561/1557
f 2553/4561/1557 2554/4560/1556 2556/4562/1558 2555/4563/1559
f 2555/4563/1559 2556/4562/1558 2558/4564/1560 2557/4565/1561
f 2557/4566/1561 2558/4567/1560 2560/4568/1562 2559/4569/1563
f 2559/4569/1563 2560/4568/1562 2562/4570/1564 2561/4571/1565
f 2561/4571/1565 2562/4570/1564 2564/4572/1566 2563/4573/1567
f 2563/4573/1567 2564/4572/1566 2566/4574/1568 2565/4575/1569
f 2540/4576/1542 2538/4577/1541 2568/4578/1570 2566/4579/1568 2564/4580/1566 2562/4581/1564 2560/4582/1562 2558/4583/1560 2556/4584/1558 2554/4585/1556 2552/4586/1554 2550/4587/1552 2548/4588/1550 2546/4589/1548 2544/4590/1546 2542/4591/1544
f 2565/4592/1569 2566/4593/1568 2568/4594/1570 2567/4595/1571
f 2567/4595/1571 2568/4594/1570 2538/4541/1541 2537/4540/1540
f 2537/4596/1540 2539/4597/1543 2541/4598/1545 2543/4599/1547 2545/4600/1549 2547/4601/1551 2549/4602/1553 2551/4603/1555 2553/4604/1557 2555/4605/1559 2557/4606/1561 2559/4607/1563 2561/4608/1565 2563/4609/1567 2565/4610/1569 2567/4611/1571
f 2569/4612/1540 2570/4613/1541 2572/4614/1542 2571/4615/1543
f 2571/4615/1543 2572/4614/1542 2574/4616/1544 2573/4617/1545
f 2573/4618/1545 2574/4619/1544 2576/4620/1546 2575/4621/1547
f 2575/4621/1547 2576/4620/1546 2578/4622/1548 2577/4623/1549
f 2577/4623/1549 2578/4622/1548 2580/4624/1550 2579/4625/1551
f 2579/4625/1551 2580/4624/1550 2582/4626/1552 2581/4627/1553
f 2581/4628/1553 2582/4629/1552 2584/4630/1554 2583/4631/1555
f 2583/4631/1555 2584/4630/1554 2586/4632/1556 2585/4633/1557
f 2585/4633/1557 2586/4632/1556 2588/4634/1558 2587/4635/1559
f 2587/4635/1559 2588/4634/1558 2590/4636/1560 2589/4637/1561
f 2589/4638/1561 2590/4639/1560 2592/4640/1562 2591/4641/1563
f 2591/4641/1563 2592/4640/1562 2594/4642/1564 2593/4643/1565
f 2593/4643/1565 2594/4642/1564 2596/4644/1566 2595/4645/1567
f 2595/4645/1567 2596/4644/1566 2598/4646/1568 2597/4647/1569
f 2572/4648/1542 2570/4649/1541 2600/4650/1570 2598/4651/1568 2596/4652/1566 2594/4653/1564 2592/4654/1562 2590/4655/1560 2588/4656/1558 2586/4657/1556 2584/4658/1554 2582/4659/1552 2580/4660/1550 2578/4661/1548 2576/4662/1546 2574/4663/1544
f 2597/4664/1569 2598/4665/1568 2600/4666/1570 2599/4667/1571
f 2599/4667/1571 2600/4666/1570 2570/4613/1541 2569/4612/1540
f 2569/4668/1540 2571/4669/1543 2573/4670/1545 2575/4671/1547 2577/4672/1549 2579/4673/1551 2581/4674/1553 2583/4675/1555 2585/4676/1557 2587/4677/1559 2589/4678/1561 2591/4679/1563 2593/4680/1565 2595/4681/1567 2597/4682/1569 2599/4683/1571
s 0
f 2601/4684/1 2602/4685/1 2604/4686/1 2603/4687/1
f 2603/4688/2 2604/4689/2 2608/4690/2 2607/4691/2
f 2607/4692/3 2608/4693/3 2606/4694/3 2605/4695/3
f 2605/4696/4 2606/4697/4 2602/4698/4 2601/4699/4
f 2603/4700/5 2607/4701/5 2605/4702/5 2601/4703/5
f 2608/4704/6 2604/4705/6 2602/4706/6 2606/4707/6
f 2609/4708/1 2610/4709/1 2612/4710/1 2611/4711/1
f 2611/4712/1608 2612/4713/1608 2616/4714/1608 2615/4715/1608
f 2615/4716/3 2616/4717/3 2614/4718/3 2613/4719/3
f 2613/4720/1609 2614/4721/1609 2610/4722/1609 2609/4723/1609
f 2611/4724/1610 2615/4725/1610 2613/4726/1610 2609/4727/1610
f 2616/4728/1611 2612/4729/1611 2610/4730/1611 2614/4731/1611
s 1
f 2617/4732/1572 2618/4733/1573 2620/4734/1574 2619/4735/1575
f 2619/4735/1575 2620/4734/1574 2622/4736/1612 2621/4737/1613
f 2621/4738/1613 2622/4739/1612 2624/4740/1578 2623/4741/1579
f 2623/4741/1579 2624/4740/1578 2626/4742/1580 2625/4743/1581
f 2625/4743/1581 2626/4742/1580 2628/4744/1582 2627/4745/1583
f 2627/4745/1583 2628/4744/1582 2630/4746/1584 2629/4747/1585
f 2629/4748/1585 2630/4749/1584 2632/4750/1586 2631/4751/1587
f 2631/4751/1587 2632/4750/1586 2634/4752/1588 2633/4753/1589
f 2633/4753/1589 2634/4752/1588 2636/4754/1590 2635/4755/1591
f 2635/4755/1591 2636/4754/1590 2638/4756/1592 2637/4757/1593
f 2637/4758/1593 2638/4759/1592 2640/4760/1594 2639/4761/1595
f 2639/4761/1595 2640/4760/1594 2642/4762/1596 2641/4763/1597
f 2641/4763/1597 2642/4762/1596 2644/4764/1598 2643/4765/1599
f 2643/4765/1599 2644/4764/1598 2646/4766/1600 2645/4767/1601
f 2620/4768/1574 2618/4769/1573 2648/4770/1602 2646/4771/1600 2644/4772/1598 2642/4773/1596 2640/4774/1594 2638/4775/1592 2636/4776/1590 2634/4777/1588 2632/4778/1586 2630/4779/1584 2628/4780/1582 2626/4781/1580 2624/4782/1578 2622/4783/1612
f 2645/4784/1601 2646/4785/1600 2648/4786/1602 2647/4787/1603
f 2647/4787/1603 2648/4786/1602 2618/4733/1573 2617/4732/1572
f 2617/4788/1572 2619/4789/1575 2621/4790/1613 2623/4791/1579 2625/4792/1581 2627/4793/1583 2629/4794/1585 2631/4795/1587 2633/4796/1589 2635/4797/1591 2637/4798/1593 2639/4799/1595 2641/4800/1597 2643/4801/1599 2645/4802/1601 2647/4803/1603
f 2748/4804/5 2653/4805/1614 2661/4806/1615
f 2747/4807/1616 2652/4808/1617 2659/4809/1618 2660/4810/1619
f 2651/4811/2 2650/4812/1620 2657/4813/1621 2658/4814/1622
f 2746/4815/1623 2649/4816/1624 2655/4817/1625 2656/4818/1626
f 2653/4805/1614 2747/4819/1616 2660/4820/1619 2661/4806/1615
f 2652/4808/1617 2651/4811/2 2658/4814/1622 2659/4809/1618
f 2650/4812/1620 2746/4821/1623 2656/4822/1626 2657/4813/1621
f 2649/4816/1624 2654/4823/6 2655/4817/1625
f 2656/4818/1626 2655/4817/1625 2662/4824/1627 2663/4825/1628
f 2661/4806/1615 2660/4820/1619 2667/4826/1629 2668/4827/1630
f 2659/4809/1618 2658/4814/1622 2665/4828/1631 2666/4829/1632
f 2657/4813/1621 2656/4822/1626 2663/4830/1628 2664/4831/1633
f 2655/4817/1625 2654/4823/6 2662/4824/1627
f 2748/4804/5 2661/4806/1615 2668/4827/1630
f 2660/4810/1619 2659/4809/1618 2666/4829/1632 2667/4832/1629
f 2658/4814/1622 2657/4813/1621 2664/4831/1633 2665/4828/1631
f 2668/4827/1630 2667/4826/1629 2674/4833/1634 2675/4834/1635
f 2666/4835/1632 2665/4836/1631 2672/4837/1636 2673/4838/1637
f 2664/4839/1633 2663/4840/1628 2670/4841/1638 2671/4842/1639
f 2662/4824/1627 2654/4823/6 2669/4843/1640
f 2748/4804/5 2668/4827/1630 2675/4834/1635
f 2667/4844/1629 2666/4835/1632 2673/4838/1637 2674/4845/1634
f 2665/4836/1631 2664/4839/1633 2671/4842/1639 2672/4837/1636
f 2663/4825/1628 2662/4824/1627 2669/4843/1640 2670/4846/1638
f 2669/4843/1640 2654/4823/6 2676/4847/1641
f 2748/4804/5 2675/4834/1635 2682/4848/1642
f 2674/4845/1634 2673/4838/1637 2680/4849/1643 2681/4850/1644
f 2672/4837/1636 2671/4842/1639 2678/4851/1645 2679/4852/1646
f 2670/4846/1638 2669/4843/1640 2676/4847/1641 2677/4853/1647
f 2675/4834/1635 2674/4833/1634 2681/4854/1644 2682/4848/1642
f 2673/4838/1637 2672/4837/1636 2679/4852/1646 2680/4849/1643
f 2671/4842/1639 2670/4841/1638 2677/4855/1647 2678/4851/1645
f 2681/4850/1644 2680/4849/1643 2687/4856/1648 2688/4857/1649
f 2679/4852/1646 2678/4851/1645 2685/4858/1650 2686/4859/1651
f 2677/4853/1647 2676/4847/1641 2683/4860/1652 2684/4861/1653
f 2682/4848/1642 2681/4854/1644 2688/4862/1649 2689/4863/1654
f 2680/4849/1643 2679/4852/1646 2686/4859/1651 2687/4856/1648
f 2678/4851/1645 2677/4855/1647 2684/4864/1653 2685/4858/1650
f 2676/4847/1641 2654/4823/6 2683/4860/1652
f 2748/4804/5 2682/4848/1642 2689/4863/1654
f 2689/4863/1654 2688/4862/1649 2695/4865/1655 2696/4866/1656
f 2687/4867/1648 2686/4868/1651 2693/4869/1657 2694/4870/1658
f 2685/4871/1650 2684/4872/1653 2691/4873/1659 2692/4874/1660
f 2683/4860/1652 2654/4823/6 2690/4875/1661
f 2748/4804/5 2689/4863/1654 2696/4866/1656
f 2688/4876/1649 2687/4867/1648 2694/4870/1658 2695/4877/1655
f 2686/4868/1651 2685/4871/1650 2692/4874/1660 2693/4869/1657
f 2684/4861/1653 2683/4860/1652 2690/4875/1661 2691/4878/1659
f 2694/4870/1658 2693/4869/1657 2700/4879/4 2701/4880/1662
f 2692/4874/1660 2691/4873/1659 2698/4881/1663 2699/4882/1664
f 2690/4875/1661 2654/4823/6 2697/4883/1665
f 2748/4804/5 2696/4866/1656 2703/4884/1666
f 2695/4877/1655 2694/4870/1658 2701/4880/1662 2702/4885/1667
f 2693/4869/1657 2692/4874/1660 2699/4882/1664 2700/4879/4
f 2691/4878/1659 2690/4875/1661 2697/4883/1665 2698/4886/1663
f 2696/4866/1656 2695/4865/1655 2702/4887/1667 2703/4884/1666
f 2748/4804/5 2703/4884/1666 2710/4888/1668
f 2702/4885/1667 2701/4880/1662 2708/4889/1669 2709/4890/1670
f 2700/4879/4 2699/4882/1664 2706/4891/1671 2707/4892/1672
f 2698/4886/1663 2697/4883/1665 2704/4893/1673 2705/4894/1674
f 2703/4884/1666 2702/4887/1667 2709/4895/1670 2710/4888/1668
f 2701/4880/1662 2700/4879/4 2707/4892/1672 2708/4889/1669
f 2699/4882/1664 2698/4881/1663 2705/4896/1674 2706/4891/1671
f 2697/4883/1665 2654/4823/6 2704/4893/1673
f 2707/4892/1672 2706/4891/1671 2713/4897/1675 2714/4898/1676
f 2705/4894/1674 2704/4893/1673 2711/4899/1677 2712/4900/1678
f 2710/4888/1668 2709/4895/1670 2716/4901/1679 2717/4902/1680
f 2708/4889/1669 2707/4892/1672 2714/4898/1676 2715/4903/1681
f 2706/4891/1671 2705/4896/1674 2712/4904/1678 2713/4897/1675
f 2704/4893/1673 2654/4823/6 2711/4899/1677
f 2748/4804/5 2710/4888/1668 2717/4902/1680
f 2709/4890/1670 2708/4889/1669 2715/4903/1681 2716/4905/1679
f 2717/4902/1680 2716/4901/1679 2723/4906/1682 2724/4907/1683
f 2715/4908/1681 2714/4909/1676 2721/4910/1684 2722/4911/1685
f 2713/4912/1675 2712/4913/1678 2719/4914/1686 2720/4915/1687
f 2711/4899/1677 2654/4823/6 2718/4916/1688
f 2748/4804/5 2717/4902/1680 2724/4907/1683
f 2716/4917/1679 2715/4908/1681 2722/4911/1685 2723/4918/1682
f 2714/4909/1676 2713/4912/1675 2720/4915/1687 2721/4910/1684
f 2712/4900/1678 2711/4899/1677 2718/4916/1688 2719/4919/1686
f 2720/4915/1687 2719/4914/1686 2726/4920/1689 2727/4921/1690
f 2718/4916/1688 2654/4823/6 2725/4922/1691
f 2748/4804/5 2724/4907/1683 2731/4923/1692
f 2723/4918/1682 2722/4911/1685 2729/4924/1693 2730/4925/1694
f 2721/4910/1684 2720/4915/1687 2727/4921/1690 2728/4926/1695
f 2719/4919/1686 2718/4916/1688 2725/4922/1691 2726/4927/1689
f 2724/4907/1683 2723/4906/1682 2730/4928/1694 2731/4923/1692
f 2722/4911/1685 2721/4910/1684 2728/4926/1695 2729/4924/1693
f 2748/4804/5 2731/4923/1692 2738/4929/1696
f 2730/4925/1694 2729/4924/1693 2736/4930/1697 2737/4931/1698
f 2728/4926/1695 2727/4921/1690 2734/4932/1699 2735/4933/1700
f 2726/4927/1689 2725/4922/1691 2732/4934/1701 2733/4935/1702
f 2731/4923/1692 2730/4928/1694 2737/4936/1698 2738/4929/1696
f 2729/4924/1693 2728/4926/1695 2735/4933/1700 2736/4930/1697
f 2727/4921/1690 2726/4920/1689 2733/4937/1702 2734/4932/1699
f 2725/4922/1691 2654/4823/6 2732/4934/1701
f 2733/4935/1702 2732/4934/1701 2739/4938/1703 2740/4939/1704
f 2738/4929/1696 2737/4936/1698 2744/4940/1705 2745/4941/1706
f 2736/4942/1697 2735/4943/1700 2742/4944/1707 2743/4945/1708
f 2734/4946/1699 2733/4947/1702 2740/4948/1704 2741/4949/1709
f 2732/4934/1701 2654/4823/6 2739/4938/1703
f 2748/4804/5 2738/4929/1696 2745/4941/1706
f 2737/4950/1698 2736/4942/1697 2743/4945/1708 2744/4951/1705
f 2735/4943/1700 2734/4946/1699 2741/4949/1709 2742/4944/1707
f 2745/4941/1706 2744/4940/1705 2747/4819/1616 2653/4805/1614
f 2743/4945/1708 2742/4944/1707 2651/4811/2 2652/4808/1617
f 2741/4949/1709 2740/4948/1704 2746/4821/1623 2650/4812/1620
f 2739/4938/1703 2654/4823/6 2649/4816/1624
f 2748/4804/5 2745/4941/1706 2653/4805/1614
f 2744/4951/1705 2743/4945/1708 2652/4808/1617 2747/4807/1616
f 2742/4944/1707 2741/4949/1709 2650/4812/1620 2651/4811/2
f 2740/4939/1704 2739/4938/1703 2649/4816/1624 2746/4815/1623
f 2749/4952/1572 2750/4953/1573 2752/4954/1574 2751/4955/1575
f 2751/4955/1575 2752/4954/1574 2754/4956/1612 2753/4957/1613
f 2753/4958/1613 2754/4959/1612 2756/4960/1578 2755/4961/1579
f 2755/4961/1579 2756/4960/1578 2758/4962/1580 2757/4963/1581
f 2757/4963/1581 2758/4962/1580 2760/4964/1582 2759/4965/1583
f 2759/4965/1583 2760/4964/1582 2762/4966/1584 2761/4967/1585
f 2761/4968/1585 2762/4969/1584 2764/4970/1586 2763/4971/1587
f 2763/4971/1587 2764/4970/1586 2766/4972/1588 2765/4973/1589
f 2765/4973/1589 2766/4972/1588 2768/4974/1590 2767/4975/1591
f 2767/4975/1591 2768/4974/1590 2770/4976/1592 2769/4977/1593
f 2769/4978/1593 2770/4979/1592 2772/4980/1594 2771/4981/1595
f 2771/4981/1595 2772/4980/1594 2774/4982/1596 2773/4983/1597
f 2773/4983/1597 2774/4982/1596 2776/4984/1598 2775/4985/1599
f 2775/4985/1599 2776/4984/1598 2778/4986/1600 2777/4987/1601
f 2752/4988/1574 2750/4989/1573 2780/4990/1602 2778/4991/1600 2776/4992/1598 2774/4993/1596 2772/4994/1594 2770/4995/1592 2768/4996/1590 2766/4997/1588 2764/4998/1586 2762/4999/1584 2760/5000/1582 2758/5001/1580 2756/5002/1578 2754/5003/1612
f 2777/5004/1601 2778/5005/1600 2780/5006/1602 2779/5007/1603
f 2779/5007/1603 2780/5006/1602 2750/4953/1573 2749/4952/1572
f 2749/5008/1572 2751/5009/1575 2753/5010/1613 2755/5011/1579 2757/5012/1581 2759/5013/1583 2761/5014/1585 2763/5015/1587 2765/5016/1589 2767/5017/1591 2769/5018/1593 2771/5019/1595 2773/5020/1597 2775/5021/1599 2777/5022/1601 2779/5023/1603
f 2879/5024/1616 2784/5025/1617 2791/5026/1618 2792/5027/1619
f 2783/5028/2 2782/5029/1620 2789/5030/1621 2790/5031/1622
f 2878/5032/1623 2781/5033/1624 2787/5034/1625 2788/5035/1626
f 2785/5036/1614 2879/5037/1616 2792/5038/1619 2793/5039/1615
f 2784/5025/1617 2783/5028/2 2790/5031/1622 2791/5026/1618
f 2782/5029/1620 2878/5040/1623 2788/5041/1626 2789/5030/1621
f 2781/5033/1624 2786/5042/6 2787/5034/1625
f 2880/5043/5 2785/5036/1614 2793/5039/1615
f 2793/5039/1615 2792/5038/1619 2799/5044/1629 2800/5045/1630
f 2791/5026/1618 2790/5031/1622 2797/5046/1631 2798/5047/1632
f 2789/5030/1621 2788/5041/1626 2795/5048/1628 2796/5049/1633
f 2787/5034/1625 2786/5042/6 2794/5050/1627
f 2880/5043/5 2793/5039/1615 2800/5045/1630
f 2792/5027/1619 2791/5026/1618 2798/5047/1632 2799/5051/1629
f 2790/5031/1622 2789/5030/1621 2796/5049/1633 2797/5046/1631
f 2788/5035/1626 2787/5034/1625 2794/5050/1627 2795/5052/1628
f 2796/5053/1633 2795/5054/1628 2802/5055/1638 2803/5056/1639
f 2794/5050/1627 2786/5042/6 2801/5057/1640
f 2880/5043/5 2800/5045/1630 2807/5058/1635
f 2799/5059/1629 2798/5060/1632 2805/5061/1637 2806/5062/1634
f 2797/5063/1631 2796/5053/1633 2803/5056/1639 2804/5064/1636
f 2795/5052/1628 2794/5050/1627 2801/5057/1640 2802/5065/1638
f 2800/5045/1630 2799/5044/1629 2806/5066/1634 2807/5058/1635
f 2798/5060/1632 2797/5063/1631 2804/5064/1636 2805/5061/1637
f 2880/5043/5 2807/5058/1635 2814/5067/1642
f 2806/5062/1634 2805/5061/1637 2812/5068/1643 2813/5069/1644
f 2804/5064/1636 2803/5056/1639 2810/5070/1645 2811/5071/1646
f 2802/5065/1638 2801/5057/1640 2808/5072/1641 2809/5073/1647
f 2807/5058/1635 2806/5066/1634 2813/5074/1644 2814/5067/1642
f 2805/5061/1637 2804/5064/1636 2811/5071/1646 2812/5068/1643
f 2803/5056/1639 2802/5055/1638 2809/5075/1647 2810/5070/1645
f 2801/5057/1640 2786/5042/6 2808/5072/1641
f 2809/5073/1647 2808/5072/1641 2815/5076/1652 2816/5077/1653
f 2814/5067/1642 2813/5074/1644 2820/5078/1649 2821/5079/1654
f 2812/5068/1643 2811/5071/1646 2818/5080/1651 2819/5081/1648
f 2810/5070/1645 2809/5075/1647 2816/5082/1653 2817/5083/1650
f 2808/5072/1641 2786/5042/6 2815/5076/1652
f 2880/5043/5 2814/5067/1642 2821/5079/1654
f 2813/5069/1644 2812/5068/1643 2819/5081/1648 2820/5084/1649
f 2811/5071/1646 2810/5070/1645 2817/5083/1650 2818/5080/1651
f 2821/5079/1654 2820/5078/1649 2827/5085/1655 2828/5086/1656
f 2819/5087/1648 2818/5088/1651 2825/5089/1657 2826/5090/1658
f 2817/5091/1650 2816/5092/1653 2823/5093/1659 2824/5094/1660
f 2815/5076/1652 2786/5042/6 2822/5095/1661
f 2880/5043/5 2821/5079/1654 2828/5086/1656
f 2820/5096/1649 2819/5087/1648 2826/5090/1658 2827/5097/1655
f 2818/5088/1651 2817/5091/1650 2824/5094/1660 2825/5089/1657
f 2816/5077/1653 2815/5076/1652 2822/5095/1661 2823/5098/1659
f 2822/5095/1661 2786/5042/6 2829/5099/1665
f 2880/5043/5 2828/5086/1656 2835/5100/1666
f 2827/5097/1655 2826/5090/1658 2833/5101/1662 2834/5102/1667
f 2825/5089/1657 2824/5094/1660 2831/5103/1664 2832/5104/4
f 2823/5098/1659 2822/5095/1661 2829/5099/1665 2830/5105/1663
f 2828/5086/1656 2827/5085/1655 2834/5106/1667 2835/5100/1666
f 2826/5090/1658 2825/5089/1657 2832/5104/4 2833/5101/1662
f 2824/5094/1660 2823/5093/1659 2830/5107/1663 2831/5103/1664
f 2834/5102/1667 2833/5101/1662 2840/5108/1669 2841/5109/1670
f 2832/5104/4 2831/5103/1664 2838/5110/1671 2839/5111/1672
f 2830/5105/1663 2829/5099/1665 2836/5112/1673 2837/5113/1674
f 2835/5100/1666 2834/5106/1667 2841/5114/1670 2842/5115/1668
f 2833/5101/1662 2832/5104/4 2839/5111/1672 2840/5108/1669
f 2831/5103/1664 2830/5107/1663 2837/5116/1674 2838/5110/1671
f 2829/5099/1665 2786/5042/6 2836/5112/1673
f 2880/5043/5 2835/5100/1666 2842/5115/1668
f 2842/5115/1668 2841/5114/1670 2848/5117/1679 2849/5118/1680
f 2840/5108/1669 2839/5111/1672 2846/5119/1676 2847/5120/1681
f 2838/5110/1671 2837/5116/1674 2844/5121/1678 2845/5122/1675
f 2836/5112/1673 2786/5042/6 2843/5123/1677
f 2880/5043/5 2842/5115/1668 2849/5118/1680
f 2841/5109/1670 2840/5108/1669 2847/5120/1681 2848/5124/1679
f 2839/5111/1672 2838/5110/1671 2845/5122/1675 2846/5119/1676
f 2837/5113/1674 2836/5112/1673 2843/5123/1677 2844/5125/1678
f 2847/5126/1681 2846/5127/1676 2853/5128/1684 2854/5129/1685
f 2845/5130/1675 2844/5131/1678 2851/5132/1686 2852/5133/1687
f 2843/5123/1677 2786/5042/6 2850/5134/1688
f 2880/5043/5 2849/5118/1680 2856/5135/1683
f 2848/5136/1679 2847/5126/1681 2854/5129/1685 2855/5137/1682
f 2846/5127/1676 2845/5130/1675 2852/5133/1687 2853/5128/1684
f 2844/5125/1678 2843/5123/1677 2850/5134/1688 2851/5138/1686
f 2849/5118/1680 2848/5117/1679 2855/5139/1682 2856/5135/1683
f 2880/5043/5 2856/5135/1683 2863/5140/1692
f 2855/5137/1682 2854/5129/1685 2861/5141/1693 2862/5142/1694
f 2853/5128/1684 2852/5133/1687 2859/5143/1690 2860/5144/1695
f 2851/5138/1686 2850/5134/1688 2857/5145/1691 2858/5146/1689
f 2856/5135/1683 2855/5139/1682 2862/5147/1694 2863/5140/1692
f 2854/5129/1685 2853/5128/1684 2860/5144/1695 2861/5141/1693
f 2852/5133/1687 2851/5132/1686 2858/5148/1689 2859/5143/1690
f 2850/5134/1688 2786/5042/6 2857/5145/1691
f 2860/5144/1695 2859/5143/1690 2866/5149/1699 2867/5150/1700
f 2858/5146/1689 2857/5145/1691 2864/5151/1701 2865/5152/1702
f 2863/5140/1692 2862/5147/1694 2869/5153/1698 2870/5154/1696
f 2861/5141/1693 2860/5144/1695 2867/5150/1700 2868/5155/1697
f 2859/5143/1690 2858/5148/1689 2865/5156/1702 2866/5149/1699
f 2857/5145/1691 2786/5042/6 2864/5151/1701
f 2880/5043/5 2863/5140/1692 2870/5154/1696
f 2862/5142/1694 2861/5141/1693 2868/5155/1697 2869/5157/1698
f 2870/5154/1696 2869/5153/1698 2876/5158/1705 2877/5159/1706
f 2868/5160/1697 2867/5161/1700 2874/5162/1707 2875/5163/1708
f 2866/5164/1699 2865/5165/1702 2872/5166/1704 2873/5167/1709
f 2864/5151/1701 2786/5042/6 2871/5168/1703
f 2880/5043/5 2870/5154/1696 2877/5159/1706
f 2869/5169/1698 2868/5160/1697 2875/5163/1708 2876/5170/1705
f 2867/5161/1700 2866/5164/1699 2873/5167/1709 2874/5162/1707
f 2865/5152/1702 2864/5151/1701 2871/5168/1703 2872/5171/1704
f 2873/5167/1709 2872/5166/1704 2878/5040/1623 2782/5029/1620
f 2871/5168/1703 2786/5042/6 2781/5033/1624
f 2880/5043/5 2877/5159/1706 2785/5036/1614
f 2876/5170/1705 2875/5163/1708 2784/5025/1617 2879/5024/1616
f 2874/5162/1707 2873/5167/1709 2782/5029/1620 2783/5028/2
f 2872/5171/1704 2871/5168/1703 2781/5033/1624 2878/5032/1623
f 2877/5159/1706 2876/5158/1705 2879/5037/1616 2785/5036/1614
f 2875/5163/1708 2874/5162/1707 2783/5028/2 2784/5025/1617
f 2883/5172/1710 2979/5173/1711 2890/5174/1712 2891/5175/1713
f 2882/5176/1714 2881/5177/2 2888/5178/1715 2889/5179/1716
f 2978/5180/1717 2977/5181/1718 2886/5182/1719 2887/5183/1720
f 2976/5184/1721 2884/5185/6 2885/5186/1722
f 2980/5187/5 2883/5172/1710 2891/5175/1713
f 2979/5188/1711 2882/5176/1714 2889/5179/1716 2890/5189/1712
f 2881/5177/2 2978/5180/1717 2887/5183/1720 2888/5178/1715
f 2977/5190/1718 2976/5184/1721 2885/5186/1722 2886/5191/1719
f 2885/5186/1722 2884/5185/6 2892/5192/1723
f 2980/5187/5 2891/5175/1713 2898/5193/1724
f 2890/5189/1712 2889/5179/1716 2896/5194/1725 2897/5195/1726
f 2888/5178/1715 2887/5183/1720 2894/5196/1727 2895/5197/1728
f 2886/5191/1719 2885/5186/1722 2892/5192/1723 2893/5198/1729
f 2891/5175/1713 2890/5174/1712 2897/5199/1726 2898/5193/1724
f 2889/5179/1716 2888/5178/1715 2895/5197/1728 2896/5194/1725
f 2887/5183/1720 2886/5182/1719 2893/5200/1729 2894/5196/1727
f 2897/5199/1726 2896/5201/1725 2903/5202/1730 2904/5203/1731
f 2895/5197/1728 2894/5196/1727 2901/5204/1732 2902/5205/1733
f 2893/5198/1729 2892/5192/1723 2899/5206/1734 2900/5207/1735
f 2898/5193/1724 2897/5199/1726 2904/5203/1731 2905/5208/1736
f 2896/5194/1725 2895/5197/1728 2902/5205/1733 2903/5209/1730
f 2894/5210/1727 2893/5198/1729 2900/5207/1735 2901/5211/1732
f 2892/5192/1723 2884/5185/6 2899/5206/1734
f 2980/5187/5 2898/5193/1724 2905/5208/1736
f 2905/5208/1736 2904/5203/1731 2911/5212/1737 2912/5213/1738
f 2903/5214/1730 2902/5215/1733 2909/5216/1739 2910/5217/1740
f 2901/5211/1732 2900/5207/1735 2907/5218/1741 2908/5219/1742
f 2899/5206/1734 2884/5185/6 2906/5220/1743
f 2980/5187/5 2905/5208/1736 2912/5213/1738
f 2904/5203/1731 2903/5202/1730 2910/5221/1740 2911/5212/1737
f 2902/5215/1733 2901/5222/1732 2908/5223/1742 2909/5216/1739
f 2900/5207/1735 2899/5206/1734 2906/5220/1743 2907/5218/1741
f 2910/5224/1740 2909/5225/1739 2916/5226/1744 2917/5227/1745
f 2908/5219/1742 2907/5218/1741 2914/5228/1746 2915/5229/1747
f 2906/5220/1743 2884/5185/6 2913/5230/1748
f 2980/5187/5 2912/5213/1738 2919/5231/1749
f 2911/5212/1737 2910/5221/1740 2917/5232/1745 2918/5233/1750
f 2909/5225/1739 2908/5234/1742 2915/5235/1747 2916/5226/1744
f 2907/5218/1741 2906/5220/1743 2913/5230/1748 2914/5228/1746
f 2912/5213/1738 2911/5212/1737 2918/5233/1750 2919/5231/1749
f 2980/5187/5 2919/5231/1749 2926/5236/1751
f 2918/5237/1750 2917/5227/1745 2924/5238/1752 2925/5239/1753
f 2916/5226/1744 2915/5235/1747 2922/5240/1754 2923/5241/1755
f 2914/5228/1746 2913/5230/1748 2920/5242/1756 2921/5243/1757
f 2919/5231/1749 2918/5233/1750 2925/5244/1753 2926/5236/1751
f 2917/5227/1745 2916/5226/1744 2923/5241/1755 2924/5238/1752
f 2915/5235/1747 2914/5245/1746 2921/5246/1757 2922/5240/1754
f 2913/5230/1748 2884/5185/6 2920/5242/1756
f 2923/5241/1755 2922/5240/1754 2929/5247/1758 2930/5248/4
f 2921/5243/1757 2920/5242/1756 2927/5249/1759 2928/5250/1760
f 2926/5236/1751 2925/5244/1753 2932/5251/1761 2933/5252/1762
f 2924/5238/1752 2923/5241/1755 2930/5248/4 2931/5253/1763
f 2922/5240/1754 2921/5246/1757 2928/5254/1760 2929/5247/1758
f 2920/5242/1756 2884/5185/6 2927/5249/1759
f 2980/5187/5 2926/5236/1751 2933/5252/1762
f 2925/5239/1753 2924/5238/1752 2931/5253/1763 2932/5255/1761
f 2933/5252/1762 2932/5251/1761 2939/5256/1764 2940/5257/1765
f 2931/5253/1763 2930/5248/4 2937/5258/1766 2938/5259/1767
f 2929/5247/1758 2928/5254/1760 2935/5260/1768 2936/5261/1769
f 2927/5249/1759 2884/5185/6 2934/5262/1770
f 2980/5187/5 2933/5252/1762 2940/5257/1765
f 2932/5255/1761 2931/5253/1763 2938/5259/1767 2939/5263/1764
f 2930/5248/4 2929/5247/1758 2936/5261/1769 2937/5258/1766
f 2928/5250/1760 2927/5249/1759 2934/5262/1770 2935/5264/1768
f 2936/5261/1769 2935/5260/1768 2942/5265/1771 2943/5266/1772
f 2934/5262/1770 2884/5185/6 2941/5267/1773
f 2980/5187/5 2940/5257/1765 2947/5268/1774
f 2939/5263/1764 2938/5259/1767 2945/5269/1775 2946/5270/1776
f 2937/5258/1766 2936/5261/1769 2943/5266/1772 2944/5271/1777
f 2935/5264/1768 2934/5262/1770 2941/5267/1773 2942/5272/1771
f 2940/5257/1765 2939/5256/1764 2946/5273/1776 2947/5268/1774
f 2938/5259/1767 2937/5258/1766 2944/5271/1777 2945/5269/1775
f 2980/5187/5 2947/5268/1774 2954/5274/1778
f 2946/5273/1776 2945/5275/1775 2952/5276/1779 2953/5277/1780
f 2944/5271/1777 2943/5266/1772 2950/5278/1781 2951/5279/1782
f 2942/5272/1771 2941/5267/1773 2948/5280/1783 2949/5281/1784
f 2947/5268/1774 2946/5273/1776 2953/5277/1780 2954/5274/1778
f 2945/5269/1775 2944/5271/1777 2951/5279/1782 2952/5282/1779
f 2943/5283/1772 2942/5272/1771 2949/5281/1784 2950/5284/1781
f 2941/5267/1773 2884/5185/6 2948/5280/1783
f 2949/5281/1784 2948/5280/1783 2955/5285/1785 2956/5286/1786
f 2954/5274/1778 2953/5277/1780 2960/5287/1787 2961/5288/1788
f 2952/5289/1779 2951/5290/1782 2958/5291/1789 2959/5292/1790
f 2950/5284/1781 2949/5281/1784 2956/5286/1786 2957/5293/1791
f 2948/5280/1783 2884/5185/6 2955/5285/1785
f 2980/5187/5 2954/5274/1778 2961/5288/1788
f 2953/5277/1780 2952/5276/1779 2959/5294/1790 2960/5287/1787
f 2951/5290/1782 2950/5295/1781 2957/5296/1791 2958/5291/1789
f 2961/5288/1788 2960/5287/1787 2967/5297/1792 2968/5298/1793
f 2959/5299/1790 2958/5300/1789 2965/5301/1794 2966/5302/1795
f 2957/5293/1791 2956/5286/1786 2963/5303/1796 2964/5304/1797
f 2955/5285/1785 2884/5185/6 2962/5305/1798
f 2980/5187/5 2961/5288/1788 2968/5298/1793
f 2960/5287/1787 2959/5294/1790 2966/5306/1795 2967/5297/1792
f 2958/5300/1789 2957/5307/1791 2964/5308/1797 2965/5301/1794
f 2956/5286/1786 2955/5285/1785 2962/5305/1798 2963/5303/1796
f 2962/5305/1798 2884/5185/6 2969/5309/1799
f 2980/5187/5 2968/5298/1793 2975/5310/1800
f 2967/5311/1792 2966/5302/1795 2973/5312/1801 2974/5313/1802
f 2965/5301/1794 2964/5308/1797 2971/5314/1803 2972/5315/1804
f 2963/5303/1796 2962/5305/1798 2969/5309/1799 2970/5316/1805
f 2968/5298/1793 2967/5297/1792 2974/5317/1802 2975/5310/1800
f 2966/5302/1795 2965/5301/1794 2972/5315/1804 2973/5312/1801
f 2964/5308/1797 2963/5318/1796 2970/5319/1805 2971/5314/1803
f 2974/5313/1802 2973/5312/1801 2882/5176/1714 2979/5188/1711
f 2972/5315/1804 2971/5314/1803 2978/5180/1717 2881/5177/2
f 2970/5316/1805 2969/5309/1799 2976/5184/1721 2977/5190/1718
f 2975/5310/1800 2974/5317/1802 2979/5173/1711 2883/5172/1710
f 2973/5312/1801 2972/5315/1804 2881/5177/2 2882/5176/1714
f 2971/5314/1803 2970/5319/1805 2977/5181/1718 2978/5180/1717
f 2969/5309/1799 2884/5185/6 2976/5184/1721
f 2980/5187/5 2975/5310/1800 2883/5172/1710
f 2983/5320/1710 3079/5321/1711 2990/5322/1712 2991/5323/1713
f 2982/5324/1714 2981/5325/2 2988/5326/1715 2989/5327/1716
f 3078/5328/1717 3077/5329/1718 2986/5330/1719 2987/5331/1720
f 3076/5332/1721 2984/5333/6 2985/5334/1722
f 3080/5335/5 2983/5320/1710 2991/5323/1713
f 3079/5336/1711 2982/5324/1714 2989/5327/1716 2990/5337/1712
f 2981/5325/2 3078/5328/1717 2987/5331/1720 2988/5326/1715
f 3077/5338/1718 3076/5332/1721 2985/5334/1722 2986/5339/1719
f 2985/5334/1722 2984/5333/6 2992/5340/1723
f 3080/5335/5 2991/5323/1713 2998/5341/1724
f 2990/5337/1712 2989/5327/1716 2996/5342/1725 2997/5343/1726
f 2988/5326/1715 2987/5331/1720 2994/5344/1727 2995/5345/1728
f 2986/5339/1719 2985/5334/1722 2992/5340/1723 2993/5346/1729
f 2991/5323/1713 2990/5322/1712 2997/5347/1726 2998/5341/1724
f 2989/5327/1716 2988/5326/1715 2995/5345/1728 2996/5342/1725
f 2987/5331/1720 2986/5330/1719 2993/5348/1729 2994/5344/1727
f 2997/5347/1726 2996/5349/1725 3003/5350/1730 3004/5351/1731
f 2995/5345/1728 2994/5344/1727 3001/5352/1732 3002/5353/1733
f 2993/5346/1729 2992/5340/1723 2999/5354/1734 3000/5355/1735
f 2998/5341/1724 2997/5347/1726 3004/5351/1731 3005/5356/1736
f 2996/5342/1725 2995/5345/1728 3002/5353/1733 3003/5357/1730
f 2994/5358/1727 2993/5346/1729 3000/5355/1735 3001/5359/1732
f 2992/5340/1723 2984/5333/6 2999/5354/1734
f 3080/5335/5 2998/5341/1724 3005/5356/1736
f 3005/5356/1736 3004/5351/1731 3011/5360/1737 3012/5361/1738
f 3003/5362/1730 3002/5363/1733 3009/5364/1739 3010/5365/1740
f 3001/5359/1732 3000/5355/1735 3007/5366/1741 3008/5367/1742
f 2999/5354/1734 2984/5333/6 3006/5368/1743
f 3080/5335/5 3005/5356/1736 3012/5361/1738
f 3004/5351/1731 3003/5350/1730 3010/5369/1740 3011/5360/1737
f 3002/5363/1733 3001/5370/1732 3008/5371/1742 3009/5364/1739
f 3000/5355/1735 2999/5354/1734 3006/5368/1743 3007/5366/1741
f 3010/5372/1740 3009/5373/1739 3016/5374/1744 3017/5375/1745
f 3008/5367/1742 3007/5366/1741 3014/5376/1746 3015/5377/1747
f 3006/5368/1743 2984/5333/6 3013/5378/1748
f 3080/5335/5 3012/5361/1738 3019/5379/1749
f 3011/5360/1737 3010/5369/1740 3017/5380/1745 3018/5381/1750
f 3009/5373/1739 3008/5382/1742 3015/5383/1747 3016/5374/1744
f 3007/5366/1741 3006/5368/1743 3013/5378/1748 3014/5376/1746
f 3012/5361/1738 3011/5360/1737 3018/5381/1750 3019/5379/1749
f 3080/5335/5 3019/5379/1749 3026/5384/1751
f 3018/5385/1750 3017/5375/1745 3024/5386/1752 3025/5387/1753
f 3016/5374/1744 3015/5383/1747 3022/5388/1754 3023/5389/1755
f 3014/5376/1746 3013/5378/1748 3020/5390/1756 3021/5391/1757
f 3019/5379/1749 3018/5381/1750 3025/5392/1753 3026/5384/1751
f 3017/5375/1745 3016/5374/1744 3023/5389/1755 3024/5386/1752
f 3015/5383/1747 3014/5393/1746 3021/5394/1757 3022/5388/1754
f 3013/5378/1748 2984/5333/6 3020/5390/1756
f 3023/5389/1755 3022/5388/1754 3029/5395/1758 3030/5396/4
f 3021/5391/1757 3020/5390/1756 3027/5397/1759 3028/5398/1760
f 3026/5384/1751 3025/5392/1753 3032/5399/1761 3033/5400/1762
f 3024/5386/1752 3023/5389/1755 3030/5396/4 3031/5401/1763
f 3022/5388/1754 3021/5394/1757 3028/5402/1760 3029/5395/1758
f 3020/5390/1756 2984/5333/6 3027/5397/1759
f 3080/5335/5 3026/5384/1751 3033/5400/1762
f 3025/5387/1753 3024/5386/1752 3031/5401/1763 3032/5403/1761
f 3033/5400/1762 3032/5399/1761 3039/5404/1764 3040/5405/1765
f 3031/5401/1763 3030/5396/4 3037/5406/1766 3038/5407/1767
f 3029/5395/1758 3028/5402/1760 3035/5408/1768 3036/5409/1769
f 3027/5397/1759 2984/5333/6 3034/5410/1770
f 3080/5335/5 3033/5400/1762 3040/5405/1765
f 3032/5403/1761 3031/5401/1763 3038/5407/1767 3039/5411/1764
f 3030/5396/4 3029/5395/1758 3036/5409/1769 3037/5406/1766
f 3028/5398/1760 3027/5397/1759 3034/5410/1770 3035/5412/1768
f 3036/5409/1769 3035/5408/1768 3042/5413/1771 3043/5414/1772
f 3034/5410/1770 2984/5333/6 3041/5415/1773
f 3080/5335/5 3040/5405/1765 3047/5416/1774
f 3039/5411/1764 3038/5407/1767 3045/5417/1775 3046/5418/1776
f 3037/5406/1766 3036/5409/1769 3043/5414/1772 3044/5419/1777
f 3035/5412/1768 3034/5410/1770 3041/5415/1773 3042/5420/1771
f 3040/5405/1765 3039/5404/1764 3046/5421/1776 3047/5416/1774
f 3038/5407/1767 3037/5406/1766 3044/5419/1777 3045/5417/1775
f 3080/5335/5 3047/5416/1774 3054/5422/1778
f 3046/5421/1776 3045/5423/1775 3052/5424/1779 3053/5425/1780
f 3044/5419/1777 3043/5414/1772 3050/5426/1781 3051/5427/1782
f 3042/5420/1771 3041/5415/1773 3048/5428/1783 3049/5429/1784
f 3047/5416/1774 3046/5421/1776 3053/5425/1780 3054/5422/1778
f 3045/5417/1775 3044/5419/1777 3051/5427/1782 3052/5430/1779
f 3043/5431/1772 3042/5420/1771 3049/5429/1784 3050/5432/1781
f 3041/5415/1773 2984/5333/6 3048/5428/1783
f 3049/5429/1784 3048/5428/1783 3055/5433/1785 3056/5434/1786
f 3054/5422/1778 3053/5425/1780 3060/5435/1787 3061/5436/1788
f 3052/5437/1779 3051/5438/1782 3058/5439/1789 3059/5440/1790
f 3050/5432/1781 3049/5429/1784 3056/5434/1786 3057/5441/1791
f 3048/5428/1783 2984/5333/6 3055/5433/1785
f 3080/5335/5 3054/5422/1778 3061/5436/1788
f 3053/5425/1780 3052/5424/1779 3059/5442/1790 3060/5435/1787
f 3051/5438/1782 3050/5443/1781 3057/5444/1791 3058/5439/1789
f 3061/5436/1788 3060/5435/1787 3067/5445/1792 3068/5446/1793
f 3059/5447/1790 3058/5448/1789 3065/5449/1794 3066/5450/1795
f 3057/5441/1791 3056/5434/1786 3063/5451/1796 3064/5452/1797
f 3055/5433/1785 2984/5333/6 3062/5453/1798
f 3080/5335/5 3061/5436/1788 3068/5446/1793
f 3060/5435/1787 3059/5442/1790 3066/5454/1795 3067/5445/1792
f 3058/5448/1789 3057/5455/1791 3064/5456/1797 3065/5449/1794
f 3056/5434/1786 3055/5433/1785 3062/5453/1798 3063/5451/1796
f 3062/5453/1798 2984/5333/6 3069/5457/1799
f 3080/5335/5 3068/5446/1793 3075/5458/1800
f 3067/5459/1792 3066/5450/1795 3073/5460/1801 3074/5461/1802
f 3065/5449/1794 3064/5456/1797 3071/5462/1803 3072/5463/1804
f 3063/5451/1796 3062/5453/1798 3069/5457/1799 3070/5464/1805
f 3068/5446/1793 3067/5445/1792 3074/5465/1802 3075/5458/1800
f 3066/5450/1795 3065/5449/1794 3072/5463/1804 3073/5460/1801
f 3064/5456/1797 3063/5466/1796 3070/5467/1805 3071/5462/1803
f 3074/5461/1802 3073/5460/1801 2982/5324/1714 3079/5336/1711
f 3072/5463/1804 3071/5462/1803 3078/5328/1717 2981/5325/2
f 3070/5464/1805 3069/5457/1799 3076/5332/1721 3077/5338/1718
f 3075/5458/1800 3074/5465/1802 3079/5321/1711 2983/5320/1710
f 3073/5460/1801 3072/5463/1804 2981/5325/2 2982/5324/1714
f 3071/5462/1803 3070/5467/1805 3077/5329/1718 3078/5328/1717
f 3069/5457/1799 2984/5333/6 3076/5332/1721
f 3080/5335/5 3075/5458/1800 2983/5320/1710
f 3083/5468/1710 3179/5469/1711 3090/5470/1712 3091/5471/1713
f 3082/5472/1714 3081/5473/2 3088/5474/1715 3089/5475/1716
f 3178/5476/1717 3177/5477/1718 3086/5478/1719 3087/5479/1720
f 3176/5480/1721 3084/5481/6 3085/5482/1722
f 3180/5483/5 3083/5468/1710 3091/5471/1713
f 3179/5484/1711 3082/5472/1714 3089/5475/1716 3090/5485/1712
f 3081/5473/2 3178/5476/1717 3087/5479/1720 3088/5474/1715
f 3177/5486/1718 3176/5480/1721 3085/5482/1722 3086/5487/1719
f 3180/5483/5 3091/5471/1713 3098/5488/1724
f 3090/5485/1712 3089/5475/1716 3096/5489/1725 3097/5490/1726
f 3088/5474/1715 3087/5479/1720 3094/5491/1727 3095/5492/1728
f 3086/5487/1719 3085/5482/1722 3092/5493/1723 3093/5494/1729
f 3091/5471/1713 3090/5470/1712 3097/5495/1726 3098/5488/1724
f 3089/5475/1716 3088/5474/1715 3095/5492/1728 3096/5489/1725
f 3087/5479/1720 3086/5478/1719 3093/5496/1729 3094/5491/1727
f 3085/5482/1722 3084/5481/6 3092/5493/1723
f 3095/5492/1728 3094/5491/1727 3101/5497/1732 3102/5498/1733
f 3093/5494/1729 3092/5493/1723 3099/5499/1734 3100/5500/1735
f 3098/5488/1724 3097/5495/1726 3104/5501/1731 3105/5502/1736
f 3096/5489/1725 3095/5492/1728 3102/5498/1733 3103/5503/1730
f 3094/5504/1727 3093/5494/1729 3100/5500/1735 3101/5505/1732
f 3092/5493/1723 3084/5481/6 3099/5499/1734
f 3180/5483/5 3098/5488/1724 3105/5502/1736
f 3097/5495/1726 3096/5506/1725 3103/5507/1730 3104/5501/1731
f 3105/5502/1736 3104/5501/1731 3111/5508/1737 3112/5509/1738
f 3103/5510/1730 3102/5511/1733 3109/5512/1739 3110/5513/1740
f 3101/5505/1732 3100/5500/1735 3107/5514/1741 3108/5515/1742
f 3099/5499/1734 3084/5481/6 3106/5516/1743
f 3180/5483/5 3105/5502/1736 3112/5509/1738
f 3104/5501/1731 3103/5507/1730 3110/5517/1740 3111/5508/1737
f 3102/5511/1733 3101/5518/1732 3108/5519/1742 3109/5512/1739
f 3100/5500/1735 3099/5499/1734 3106/5516/1743 3107/5514/1741
f 3108/5515/1742 3107/5514/1741 3114/5520/1746 3115/5521/1747
f 3106/5516/1743 3084/5481/6 3113/5522/1748
f 3180/5483/5 3112/5509/1738 3119/5523/1749
f 3111/5508/1737 3110/5517/1740 3117/5524/1745 3118/5525/1750
f 3109/5526/1739 3108/5527/1742 3115/5528/1747 3116/5529/1744
f 3107/5514/1741 3106/5516/1743 3113/5522/1748 3114/5520/1746
f 3112/5509/1738 3111/5508/1737 3118/5525/1750 3119/5523/1749
f 3110/5530/1740 3109/5526/1739 3116/5529/1744 3117/5531/1745
f 3180/5483/5 3119/5523/1749 3126/5532/1751
f 3118/5533/1750 3117/5531/1745 3124/5534/1752 3125/5535/1753
f 3116/5529/1744 3115/5528/1747 3122/5536/1754 3123/5537/1755
f 3114/5520/1746 3113/5522/1748 3120/5538/1756 3121/5539/1757
f 3119/5523/1749 3118/5525/1750 3125/5540/1753 3126/5532/1751
f 3117/5531/1745 3116/5529/1744 3123/5537/1755 3124/5534/1752
f 3115/5528/1747 3114/5541/1746 3121/5542/1757 3122/5536/1754
f 3113/5522/1748 3084/5481/6 3120/5538/1756
f 3121/5539/1757 3120/5538/1756 3127/5543/1759 3128/5544/1760
f 3126/5532/1751 3125/5540/1753 3132/5545/1761 3133/5546/1762
f 3124/5534/1752 3123/5537/1755 3130/5547/4 3131/5548/1763
f 3122/5536/1754 3121/5542/1757 3128/5549/1760 3129/5550/1758
f 3120/5538/1756 3084/5481/6 3127/5543/1759
f 3180/5483/5 3126/5532/1751 3133/5546/1762
f 3125/5535/1753 3124/5534/1752 3131/5548/1763 3132/5551/1761
f 3123/5537/1755 3122/5536/1754 3129/5550/1758 3130/5547/4
f 3133/5546/1762 3132/5545/1761 3139/5552/1764 3140/5553/1765
f 3131/5548/1763 3130/5547/4 3137/5554/1766 3138/5555/1767
f 3129/5550/1758 3128/5549/1760 3135/5556/1768 3136/5557/1769
f 3127/5543/1759 3084/5481/6 3134/5558/1770
f 3180/5483/5 3133/5546/1762 3140/5553/1765
f 3132/5551/1761 3131/5548/1763 3138/5555/1767 3139/5559/1764
f 3130/5547/4 3129/5550/1758 3136/5557/1769 3137/5554/1766
f 3128/5544/1760 3127/5543/1759 3134/5558/1770 3135/5560/1768
f 3134/5558/1770 3084/5481/6 3141/5561/1773
f 3180/5483/5 3140/5553/1765 3147/5562/1774
f 3139/5559/1764 3138/5555/1767 3145/5563/1775 3146/5564/1776
f 3137/5554/1766 3136/5557/1769 3143/5565/1772 3144/5566/1777
f 3135/5560/1768 3134/5558/1770 3141/5561/1773 3142/5567/1771
f 3140/5553/1765 3139/5552/1764 3146/5568/1776 3147/5562/1774
f 3138/5555/1767 3137/5554/1766 3144/5566/1777 3145/5563/1775
f 3136/5557/1769 3135/5556/1768 3142/5569/1771 3143/5565/1772
f 3146/5568/1776 3145/5570/1775 3152/5571/1779 3153/5572/1780
f 3144/5566/1777 3143/5565/1772 3150/5573/1781 3151/5574/1782
f 3142/5567/1771 3141/5561/1773 3148/5575/1783 3149/5576/1784
f 3147/5562/1774 3146/5568/1776 3153/5572/1780 3154/5577/1778
f 3145/5563/1775 3144/5566/1777 3151/5574/1782 3152/5578/1779
f 3143/5579/1772 3142/5567/1771 3149/5576/1784 3150/5580/1781
f 3141/5561/1773 3084/5481/6 3148/5575/1783
f 3180/5483/5 3147/5562/1774 3154/5577/1778
f 3154/5577/1778 3153/5572/1780 3160/5581/1787 3161/5582/1788
f 3152/5583/1779 3151/5584/1782 3158/5585/1789 3159/5586/1790
f 3150/5580/1781 3149/5576/1784 3156/5587/1786 3157/5588/1791
f 3148/5575/1783 3084/5481/6 3155/5589/1785
f 3180/5483/5 3154/5577/1778 3161/5582/1788
f 3153/5572/1780 3152/5571/1779 3159/5590/1790 3160/5581/1787
f 3151/5584/1782 3150/5591/1781 3157/5592/1791 3158/5585/1789
f 3149/5576/1784 3148/5575/1783 3155/5589/1785 3156/5587/1786
f 3159/5593/1790 3158/5594/1789 3165/5595/1794 3166/5596/1795
f 3157/5588/1791 3156/5587/1786 3163/5597/1796 3164/5598/1797
f 3155/5589/1785 3084/5481/6 3162/5599/1798
f 3180/5483/5 3161/5582/1788 3168/5600/1793
f 3160/5581/1787 3159/5590/1790 3166/5601/1795 3167/5602/1792
f 3158/5594/1789 3157/5603/1791 3164/5604/1797 3165/5595/1794
f 3156/5587/1786 3155/5589/1785 3162/5599/1798 3163/5597/1796
f 3161/5582/1788 3160/5581/1787 3167/5602/1792 3168/5600/1793
f 3180/5483/5 3168/5600/1793 3175/5605/1800
f 3167/5606/1792 3166/5596/1795 3173/5607/1801 3174/5608/1802
f 3165/5595/1794 3164/5604/1797 3171/5609/1803 3172/5610/1804
f 3163/5597/1796 3162/5599/1798 3169/5611/1799 3170/5612/1805
f 3168/5600/1793 3167/5602/1792 3174/5613/1802 3175/5605/1800
f 3166/5596/1795 3165/5595/1794 3172/5610/1804 3173/5607/1801
f 3164/5604/1797 3163/5614/1796 3170/5615/1805 3171/5609/1803
f 3162/5599/1798 3084/5481/6 3169/5611/1799
f 3172/5610/1804 3171/5609/1803 3178/5476/1717 3081/5473/2
f 3170/5612/1805 3169/5611/1799 3176/5480/1721 3177/5486/1718
f 3175/5605/1800 3174/5613/1802 3179/5469/1711 3083/5468/1710
f 3173/5607/1801 3172/5610/1804 3081/5473/2 3082/5472/1714
f 3171/5609/1803 3170/5615/1805 3177/5477/1718 3178/5476/1717
f 3169/5611/1799 3084/5481/6 3176/5480/1721
f 3180/5483/5 3175/5605/1800 3083/5468/1710
f 3174/5608/1802 3173/5607/1801 3082/5472/1714 3179/5484/1711
f 3277/5616/1718 3276/5617/1721 3185/5618/1722 3186/5619/1719
f 3183/5620/1710 3279/5621/1711 3190/5622/1712 3191/5623/1713
f 3182/5624/1714 3181/5625/2 3188/5626/1715 3189/5627/1716
f 3278/5628/1717 3277/5629/1718 3186/5630/1719 3187/5631/1720
f 3276/5617/1721 3184/5632/6 3185/5618/1722
f 3280/5633/5 3183/5620/1710 3191/5623/1713
f 3279/5634/1711 3182/5624/1714 3189/5627/1716 3190/5635/1712
f 3181/5625/2 3278/5628/1717 3187/5631/1720 3188/5626/1715
f 3189/5627/1716 3188/5626/1715 3195/5636/1728 3196/5637/1725
f 3187/5631/1720 3186/5630/1719 3193/5638/1729 3194/5639/1727
f 3185/5618/1722 3184/5632/6 3192/5640/1723
f 3280/5633/5 3191/5623/1713 3198/5641/1724
f 3190/5635/1712 3189/5627/1716 3196/5637/1725 3197/5642/1726
f 3188/5626/1715 3187/5631/1720 3194/5639/1727 3195/5636/1728
f 3186/5619/1719 3185/5618/1722 3192/5640/1723 3193/5643/1729
f 3191/5623/1713 3190/5622/1712 3197/5644/1726 3198/5641/1724
f 3280/5633/5 3198/5641/1724 3205/5645/1736
f 3197/5644/1726 3196/5646/1725 3203/5647/1730 3204/5648/1731
f 3195/5636/1728 3194/5639/1727 3201/5649/1732 3202/5650/1733
f 3193/5643/1729 3192/5640/1723 3199/5651/1734 3200/5652/1735
f 3198/5641/1724 3197/5644/1726 3204/5648/1731 3205/5645/1736
f 3196/5637/1725 3195/5636/1728 3202/5650/1733 3203/5653/1730
f 3194/5654/1727 3193/5643/1729 3200/5652/1735 3201/5655/1732
f 3192/5640/1723 3184/5632/6 3199/5651/1734
f 3202/5656/1733 3201/5657/1732 3208/5658/1742 3209/5659/1739
f 3200/5652/1735 3199/5651/1734 3206/5660/1743 3207/5661/1741
f 3205/5645/1736 3204/5648/1731 3211/5662/1737 3212/5663/1738
f 3203/5664/1730 3202/5656/1733 3209/5659/1739 3210/5665/1740
f 3201/5655/1732 3200/5652/1735 3207/5661/1741 3208/5666/1742
f 3199/5651/1734 3184/5632/6 3206/5660/1743
f 3280/5633/5 3205/5645/1736 3212/5663/1738
f 3204/5648/1731 3203/5647/1730 3210/5667/1740 3211/5662/1737
f 3212/5663/1738 3211/5662/1737 3218/5668/1750 3219/5669/1749
f 3210/5670/1740 3209/5671/1739 3216/5672/1744 3217/5673/1745
f 3208/5666/1742 3207/5661/1741 3214/5674/1746 3215/5675/1747
f 3206/5660/1743 3184/5632/6 3213/5676/1748
f 3280/5633/5 3212/5663/1738 3219/5669/1749
f 3211/5662/1737 3210/5667/1740 3217/5677/1745 3218/5668/1750
f 3209/5671/1739 3208/5678/1742 3215/5679/1747 3216/5672/1744
f 3207/5661/1741 3206/5660/1743 3213/5676/1748 3214/5674/1746
f 3215/5679/1747 3214/5680/1746 3221/5681/1757 3222/5682/1754
f 3213/5676/1748 3184/5632/6 3220/5683/1756
f 3280/5633/5 3219/5669/1749 3226/5684/1751
f 3218/5685/1750 3217/5673/1745 3224/5686/1752 3225/5687/1753
f 3216/5672/1744 3215/5679/1747 3222/5682/1754 3223/5688/1755
f 3214/5674/1746 3213/5676/1748 3220/5683/1756 3221/5689/1757
f 3219/5669/1749 3218/5668/1750 3225/5690/1753 3226/5684/1751
f 3217/5673/1745 3216/5672/1744 3223/5688/1755 3224/5686/1752
f 3280/5633/5 3226/5684/1751 3233/5691/1762
f 3225/5687/1753 3224/5686/1752 3231/5692/1763 3232/5693/1761
f 3223/5688/1755 3222/5682/1754 3229/5694/1758 3230/5695/4
f 3221/5689/1757 3220/5683/1756 3227/5696/1759 3228/5697/1760
f 3226/5684/1751 3225/5690/1753 3232/5698/1761 3233/5691/1762
f 3224/5686/1752 3223/5688/1755 3230/5695/4 3231/5692/1763
f 3222/5682/1754 3221/5681/1757 3228/5699/1760 3229/5694/1758
f 3220/5683/1756 3184/5632/6 3227/5696/1759
f 3228/5697/1760 3227/5696/1759 3234/5700/1770 3235/5701/1768
f 3233/5691/1762 3232/5698/1761 3239/5702/1764 3240/5703/1765
f 3231/5692/1763 3230/5695/4 3237/5704/1766 3238/5705/1767
f 3229/5694/1758 3228/5699/1760 3235/5706/1768 3236/5707/1769
f 3227/5696/1759 3184/5632/6 3234/5700/1770
f 3280/5633/5 3233/5691/1762 3240/5703/1765
f 3232/5693/1761 3231/5692/1763 3238/5705/1767 3239/5708/1764
f 3230/5695/4 3229/5694/1758 3236/5707/1769 3237/5704/1766
f 3240/5703/1765 3239/5702/1764 3246/5709/1776 3247/5710/1774
f 3238/5705/1767 3237/5704/1766 3244/5711/1777 3245/5712/1775
f 3236/5707/1769 3235/5706/1768 3242/5713/1771 3243/5714/1772
f 3234/5700/1770 3184/5632/6 3241/5715/1773
f 3280/5633/5 3240/5703/1765 3247/5710/1774
f 3239/5708/1764 3238/5705/1767 3245/5712/1775 3246/5716/1776
f 3237/5704/1766 3236/5707/1769 3243/5714/1772 3244/5711/1777
f 3235/5701/1768 3234/5700/1770 3241/5715/1773 3242/5717/1771
f 3241/5715/1773 3184/5632/6 3248/5718/1783
f 3280/5633/5 3247/5710/1774 3254/5719/1778
f 3246/5709/1776 3245/5720/1775 3252/5721/1779 3253/5722/1780
f 3244/5711/1777 3243/5714/1772 3250/5723/1781 3251/5724/1782
f 3242/5717/1771 3241/5715/1773 3248/5718/1783 3249/5725/1784
f 3247/5710/1774 3246/5709/1776 3253/5722/1780 3254/5719/1778
f 3245/5712/1775 3244/5711/1777 3251/5724/1782 3252/5726/1779
f 3243/5727/1772 3242/5717/1771 3249/5725/1784 3250/5728/1781
f 3253/5722/1780 3252/5721/1779 3259/5729/1790 3260/5730/1787
f 3251/5731/1782 3250/5732/1781 3257/5733/1791 3258/5734/1789
f 3249/5725/1784 3248/5718/1783 3255/5735/1785 3256/5736/1786
f 3254/5719/1778 3253/5722/1780 3260/5730/1787 3261/5737/1788
f 3252/5738/1779 3251/5731/1782 3258/5734/1789 3259/5739/1790
f 3250/5728/1781 3249/5725/1784 3256/5736/1786 3257/5740/1791
f 3248/5718/1783 3184/5632/6 3255/5735/1785
f 3280/5633/5 3254/5719/1778 3261/5737/1788
f 3261/5737/1788 3260/5730/1787 3267/5741/1792 3268/5742/1793
f 3259/5743/1790 3258/5744/1789 3265/5745/1794 3266/5746/1795
f 3257/5740/1791 3256/5736/1786 3263/5747/1796 3264/5748/1797
f 3255/5735/1785 3184/5632/6 3262/5749/1798
f 3280/5633/5 3261/5737/1788 3268/5742/1793
f 3260/5730/1787 3259/5729/1790 3266/5750/1795 3267/5741/1792
f 3258/5744/1789 3257/5751/1791 3264/5752/1797 3265/5745/1794
f 3256/5736/1786 3255/5735/1785 3262/5749/1798 3263/5747/1796
f 3266/5746/1795 3265/5745/1794 3272/5753/1804 3273/5754/1801
f 3264/5752/1797 3263/5755/1796 3270/5756/1805 3271/5757/1803
f 3262/5749/1798 3184/5632/6 3269/5758/1799
f 3280/5633/5 3268/5742/1793 3275/5759/1800
f 3267/5760/1792 3266/5746/1795 3273/5754/1801 3274/5761/1802
f 3265/5745/1794 3264/5752/1797 3271/5757/1803 3272/5753/1804
f 3263/5747/1796 3262/5749/1798 3269/5758/1799 3270/5762/1805
f 3268/5742/1793 3267/5741/1792 3274/5763/1802 3275/5759/1800
f 3280/5633/5 3275/5759/1800 3183/5620/1710
f 3274/5761/1802 3273/5754/1801 3182/5624/1714 3279/5634/1711
f 3272/5753/1804 3271/5757/1803 3278/5628/1717 3181/5625/2
f 3270/5762/1805 3269/5758/1799 3276/5617/1721 3277/5616/1718
f 3275/5759/1800 3274/5763/1802 3279/5621/1711 3183/5620/1710
f 3273/5754/1801 3272/5753/1804 3181/5625/2 3182/5624/1714
f 3271/5757/1803 3270/5756/1805 3277/5629/1718 3278/5628/1717
f 3269/5758/1799 3184/5632/6 3276/5617/1721
f 3283/5764/1710 3379/5765/1711 3290/5766/1712 3291/5767/1713
f 3282/5768/1714 3281/5769/2 3288/5770/1715 3289/5771/1716
f 3378/5772/1717 3377/5773/1718 3286/5774/1719 3287/5775/1720
f 3376/5776/1721 3284/5777/6 3285/5778/1722
f 3380/5779/5 3283/5764/1710 3291/5767/1713
f 3379/5780/1711 3282/5768/1714 3289/5771/1716 3290/5781/1712
f 3281/5769/2 3378/5772/1717 3287/5775/1720 3288/5770/1715
f 3377/5782/1718 3376/5776/1721 3285/5778/1722 3286/5783/1719
f 3380/5779/5 3291/5767/1713 3298/5784/1724
f 3290/5781/1712 3289/5771/1716 3296/5785/1725 3297/5786/1726
f 3288/5770/1715 3287/5775/1720 3294/5787/1727 3295/5788/1728
f 3286/5783/1719 3285/5778/1722 3292/5789/1723 3293/5790/1729
f 3291/5767/1713 3290/5766/1712 3297/5791/1726 3298/5784/1724
f 3289/5771/1716 3288/5770/1715 3295/5788/1728 3296/5785/1725
f 3287/5775/1720 3286/5774/1719 3293/5792/1729 3294/5787/1727
f 3285/5778/1722 3284/5777/6 3292/5789/1723
f 3295/5788/1728 3294/5787/1727 3301/5793/1732 3302/5794/1733
f 3293/5790/1729 3292/5789/1723 3299/5795/1734 3300/5796/1735
f 3298/5784/1724 3297/5791/1726 3304/5797/1731 3305/5798/1736
f 3296/5785/1725 3295/5788/1728 3302/5794/1733 3303/5799/1730
f 3294/5800/1727 3293/5790/1729 3300/5796/1735 3301/5801/1732
f 3292/5789/1723 3284/5777/6 3299/5795/1734
f 3380/5779/5 3298/5784/1724 3305/5798/1736
f 3297/5791/1726 3296/5802/1725 3303/5803/1730 3304/5797/1731
f 3305/5798/1736 3304/5797/1731 3311/5804/1737 3312/5805/1738
f 3303/5806/1730 3302/5807/1733 3309/5808/1739 3310/5809/1740
f 3301/5801/1732 3300/5796/1735 3307/5810/1741 3308/5811/1742
f 3299/5795/1734 3284/5777/6 3306/5812/1743
f 3380/5779/5 3305/5798/1736 3312/5805/1738
f 3304/5797/1731 3303/5803/1730 3310/5813/1740 3311/5804/1737
f 3302/5807/1733 3301/5814/1732 3308/5815/1742 3309/5808/1739
f 3300/5796/1735 3299/5795/1734 3306/5812/1743 3307/5810/1741
f 3308/5811/1742 3307/5810/1741 3314/5816/1746 3315/5817/1747
f 3306/5812/1743 3284/5777/6 3313/5818/1748
f 3380/5779/5 3312/5805/1738 3319/5819/1749
f 3311/5804/1737 3310/5813/1740 3317/5820/1745 3318/5821/1750
f 3309/5822/1739 3308/5823/1742 3315/5824/1747 3316/5825/1744
f 3307/5810/1741 3306/5812/1743 3313/5818/1748 3314/5816/1746
f 3312/5805/1738 3311/5804/1737 3318/5821/1750 3319/5819/1749
f 3310/5826/1740 3309/5822/1739 3316/5825/1744 3317/5827/1745
f 3380/5779/5 3319/5819/1749 3326/5828/1751
f 3318/5829/1750 3317/5827/1745 3324/5830/1752 3325/5831/1753
f 3316/5825/1744 3315/5824/1747 3322/5832/1754 3323/5833/1755
f 3314/5816/1746 3313/5818/1748 3320/5834/1756 3321/5835/1757
f 3319/5819/1749 3318/5821/1750 3325/5836/1753 3326/5828/1751
f 3317/5827/1745 3316/5825/1744 3323/5833/1755 3324/5830/1752
f 3315/5824/1747 3314/5837/1746 3321/5838/1757 3322/5832/1754
f 3313/5818/1748 3284/5777/6 3320/5834/1756
f 3321/5835/1757 3320/5834/1756 3327/5839/1759 3328/5840/1760
f 3326/5828/1751 3325/5836/1753 3332/5841/1761 3333/5842/1762
f 3324/5830/1752 3323/5833/1755 3330/5843/4 3331/5844/1763
f 3322/5832/1754 3321/5838/1757 3328/5845/1760 3329/5846/1758
f 3320/5834/1756 3284/5777/6 3327/5839/1759
f 3380/5779/5 3326/5828/1751 3333/5842/1762
f 3325/5831/1753 3324/5830/1752 3331/5844/1763 3332/5847/1761
f 3323/5833/1755 3322/5832/1754 3329/5846/1758 3330/5843/4
f 3333/5842/1762 3332/5841/1761 3339/5848/1764 3340/5849/1765
f 3331/5844/1763 3330/5843/4 3337/5850/1766 3338/5851/1767
f 3329/5846/1758 3328/5845/1760 3335/5852/1768 3336/5853/1769
f 3327/5839/1759 3284/5777/6 3334/5854/1770
f 3380/5779/5 3333/5842/1762 3340/5849/1765
f 3332/5847/1761 3331/5844/1763 3338/5851/1767 3339/5855/1764
f 3330/5843/4 3329/5846/1758 3336/5853/1769 3337/5850/1766
f 3328/5840/1760 3327/5839/1759 3334/5854/1770 3335/5856/1768
f 3334/5854/1770 3284/5777/6 3341/5857/1773
f 3380/5779/5 3340/5849/1765 3347/5858/1774
f 3339/5855/1764 3338/5851/1767 3345/5859/1775 3346/5860/1776
f 3337/5850/1766 3336/5853/1769 3343/5861/1772 3344/5862/1777
f 3335/5856/1768 3334/5854/1770 3341/5857/1773 3342/5863/1771
f 3340/5849/1765 3339/5848/1764 3346/5864/1776 3347/5858/1774
f 3338/5851/1767 3337/5850/1766 3344/5862/1777 3345/5859/1775
f 3336/5853/1769 3335/5852/1768 3342/5865/1771 3343/5861/1772
f 3346/5864/1776 3345/5866/1775 3352/5867/1779 3353/5868/1780
f 3344/5862/1777 3343/5861/1772 3350/5869/1781 3351/5870/1782
f 3342/5863/1771 3341/5857/1773 3348/5871/1783 3349/5872/1784
f 3347/5858/1774 3346/5864/1776 3353/5868/1780 3354/5873/1778
f 3345/5859/1775 3344/5862/1777 3351/5870/1782 3352/5874/1779
f 3343/5875/1772 3342/5863/1771 3349/5872/1784 3350/5876/1781
f 3341/5857/1773 3284/5777/6 3348/5871/1783
f 3380/5779/5 3347/5858/1774 3354/5873/1778
f 3354/5873/1778 3353/5868/1780 3360/5877/1787 3361/5878/1788
f 3352/5879/1779 3351/5880/1782 3358/5881/1789 3359/5882/1790
f 3350/5876/1781 3349/5872/1784 3356/5883/1786 3357/5884/1791
f 3348/5871/1783 3284/5777/6 3355/5885/1785
f 3380/5779/5 3354/5873/1778 3361/5878/1788
f 3353/5868/1780 3352/5867/1779 3359/5886/1790 3360/5877/1787
f 3351/5880/1782 3350/5887/1781 3357/5888/1791 3358/5881/1789
f 3349/5872/1784 3348/5871/1783 3355/5885/1785 3356/5883/1786
f 3359/5889/1790 3358/5890/1789 3365/5891/1794 3366/5892/1795
f 3357/5884/1791 3356/5883/1786 3363/5893/1796 3364/5894/1797
f 3355/5885/1785 3284/5777/6 3362/5895/1798
f 3380/5779/5 3361/5878/1788 3368/5896/1793
f 3360/5877/1787 3359/5886/1790 3366/5897/1795 3367/5898/1792
f 3358/5890/1789 3357/5899/1791 3364/5900/1797 3365/5891/1794
f 3356/5883/1786 3355/5885/1785 3362/5895/1798 3363/5893/1796
f 3361/5878/1788 3360/5877/1787 3367/5898/1792 3368/5896/1793
f 3380/5779/5 3368/5896/1793 3375/5901/1800
f 3367/5902/1792 3366/5892/1795 3373/5903/1801 3374/5904/1802
f 3365/5891/1794 3364/5900/1797 3371/5905/1803 3372/5906/1804
f 3363/5893/1796 3362/5895/1798 3369/5907/1799 3370/5908/1805
f 3368/5896/1793 3367/5898/1792 3374/5909/1802 3375/5901/1800
f 3366/5892/1795 3365/5891/1794 3372/5906/1804 3373/5903/1801
f 3364/5900/1797 3363/5910/1796 3370/5911/1805 3371/5905/1803
f 3362/5895/1798 3284/5777/6 3369/5907/1799
f 3372/5906/1804 3371/5905/1803 3378/5772/1717 3281/5769/2
f 3370/5908/1805 3369/5907/1799 3376/5776/1721 3377/5782/1718
f 3375/5901/1800 3374/5909/1802 3379/5765/1711 3283/5764/1710
f 3373/5903/1801 3372/5906/1804 3281/5769/2 3282/5768/1714
f 3371/5905/1803 3370/5911/1805 3377/5773/1718 3378/5772/1717
f 3369/5907/1799 3284/5777/6 3376/5776/1721
f 3380/5779/5 3375/5901/1800 3283/5764/1710
f 3374/5904/1802 3373/5903/1801 3282/5768/1714 3379/5780/1711
f 3383/5912/1806 3479/5913/1807 3390/5914/1808 3391/5915/1809
f 3382/5916/1810 3381/5917/2 3388/5918/1811 3389/5919/1812
f 3478/5920/1813 3477/5921/1814 3386/5922/1815 3387/5923/1816
f 3476/5924/1817 3384/5925/6 3385/5926/1818
f 3480/5927/5 3383/5912/1806 3391/5915/1809
f 3479/5928/1807 3382/5916/1810 3389/5919/1812 3390/5929/1808
f 3381/5917/2 3478/5920/1813 3387/5923/1816 3388/5918/1811
f 3477/5930/1814 3476/5924/1817 3385/5926/1818 3386/5931/1815
f 3385/5926/1818 3384/5925/6 3392/5932/1819
f 3480/5927/5 3391/5915/1809 3398/5933/1820
f 3390/5929/1808 3389/5919/1812 3396/5934/1821 3397/5935/1822
f 3388/5918/1811 3387/5923/1816 3394/5936/1823 3395/5937/1824
f 3386/5931/1815 3385/5926/1818 3392/5932/1819 3393/5938/1825
f 3391/5915/1809 3390/5914/1808 3397/5939/1822 3398/5933/1820
f 3389/5919/1812 3388/5918/1811 3395/5937/1824 3396/5934/1821
f 3387/5923/1816 3386/5922/1815 3393/5940/1825 3394/5936/1823
f 3397/5939/1822 3396/5941/1821 3403/5942/1826 3404/5943/1827
f 3395/5944/1824 3394/5945/1823 3401/5946/1828 3402/5947/1829
f 3393/5938/1825 3392/5932/1819 3399/5948/1830 3400/5949/1831
f 3398/5933/1820 3397/5939/1822 3404/5943/1827 3405/5950/1832
f 3396/5951/1821 3395/5944/1824 3402/5947/1829 3403/5952/1826
f 3394/5953/1823 3393/5938/1825 3400/5949/1831 3401/5954/1828
f 3392/5932/1819 3384/5925/6 3399/5948/1830
f 3480/5927/5 3398/5933/1820 3405/5950/1832
f 3405/5950/1832 3404/5943/1827 3411/5955/1833 3412/5956/1834
f 3403/5952/1826 3402/5947/1829 3409/5957/1835 3410/5958/1836
f 3401/5946/1828 3400/5959/1831 3407/5960/1837 3408/5961/1838
f 3399/5948/1830 3384/5925/6 3406/5962/1839
f 3480/5927/5 3405/5950/1832 3412/5956/1834
f 3404/5963/1827 3403/5952/1826 3410/5958/1836 3411/5964/1833
f 3402/5947/1829 3401/5946/1828 3408/5961/1838 3409/5957/1835
f 3400/5949/1831 3399/5948/1830 3406/5962/1839 3407/5965/1837
f 3410/5958/1836 3409/5957/1835 3416/5966/1840 3417/5967/1841
f 3408/5968/1838 3407/5965/1837 3414/5969/1842 3415/5970/1843
f 3406/5962/1839 3384/5925/6 3413/5971/1844
f 3480/5927/5 3412/5956/1834 3419/5972/1845
f 3411/5964/1833 3410/5958/1836 3417/5967/1841 3418/5973/1846
f 3409/5957/1835 3408/5961/1838 3415/5974/1843 3416/5966/1840
f 3407/5965/1837 3406/5962/1839 3413/5971/1844 3414/5969/1842
f 3412/5956/1834 3411/5955/1833 3418/5975/1846 3419/5972/1845
f 3480/5927/5 3419/5972/1845 3426/5976/1847
f 3418/5977/1846 3417/5978/1841 3424/5979/1848 3425/5980/1849
f 3416/5981/1840 3415/5982/1843 3422/5983/1850 3423/5984/1851
f 3414/5969/1842 3413/5971/1844 3420/5985/1852 3421/5986/1853
f 3419/5972/1845 3418/5975/1846 3425/5987/1849 3426/5976/1847
f 3417/5978/1841 3416/5981/1840 3423/5984/1851 3424/5979/1848
f 3415/5982/1843 3414/5988/1842 3421/5989/1853 3422/5983/1850
f 3413/5971/1844 3384/5925/6 3420/5985/1852
f 3423/5984/1851 3422/5983/1850 3429/5990/1854 3430/5991/4
f 3421/5986/1853 3420/5985/1852 3427/5992/1855 3428/5993/1856
f 3426/5976/1847 3425/5987/1849 3432/5994/1857 3433/5995/1858
f 3424/5979/1848 3423/5984/1851 3430/5991/4 3431/5996/1859
f 3422/5983/1850 3421/5989/1853 3428/5997/1856 3429/5990/1854
f 3420/5985/1852 3384/5925/6 3427/5992/1855
f 3480/5927/5 3426/5976/1847 3433/5995/1858
f 3425/5980/1849 3424/5979/1848 3431/5996/1859 3432/5998/1857
f 3433/5995/1858 3432/5994/1857 3439/5999/1860 3440/6000/1861
f 3431/5996/1859 3430/5991/4 3437/6001/1862 3438/6002/1863
f 3429/5990/1854 3428/5997/1856 3435/6003/1864 3436/6004/1865
f 3427/5992/1855 3384/5925/6 3434/6005/1866
f 3480/5927/5 3433/5995/1858 3440/6000/1861
f 3432/5998/1857 3431/5996/1859 3438/6002/1863 3439/6006/1860
f 3430/5991/4 3429/5990/1854 3436/6004/1865 3437/6001/1862
f 3428/5993/1856 3427/5992/1855 3434/6005/1866 3435/6007/1864
f 3436/6008/1865 3435/6007/1864 3442/6009/1867 3443/6010/1868
f 3434/6005/1866 3384/5925/6 3441/6011/1869
f 3480/5927/5 3440/6000/1861 3447/6012/1870
f 3439/6006/1860 3438/6002/1863 3445/6013/1871 3446/6014/1872
f 3437/6001/1862 3436/6004/1865 3443/6015/1868 3444/6016/1873
f 3435/6007/1864 3434/6005/1866 3441/6011/1869 3442/6009/1867
f 3440/6000/1861 3439/5999/1860 3446/6017/1872 3447/6012/1870
f 3438/6002/1863 3437/6001/1862 3444/6016/1873 3445/6013/1871
f 3480/5927/5 3447/6012/1870 3454/6018/1874
f 3446/6017/1872 3445/6019/1871 3452/6020/1875 3453/6021/1876
f 3444/6022/1873 3443/6023/1868 3450/6024/1877 3451/6025/1878
f 3442/6009/1867 3441/6011/1869 3448/6026/1879 3449/6027/1880
f 3447/6012/1870 3446/6017/1872 3453/6021/1876 3454/6018/1874
f 3445/6028/1871 3444/6022/1873 3451/6025/1878 3452/6029/1875
f 3443/6010/1868 3442/6009/1867 3449/6027/1880 3450/6030/1877
f 3441/6011/1869 3384/5925/6 3448/6026/1879
f 3449/6027/1880 3448/6026/1879 3455/6031/1881 3456/6032/1882
f 3454/6018/1874 3453/6021/1876 3460/6033/1883 3461/6034/1884
f 3452/6029/1875 3451/6025/1878 3458/6035/1885 3459/6036/1886
f 3450/6024/1877 3449/6037/1880 3456/6038/1882 3457/6039/1887
f 3448/6026/1879 3384/5925/6 3455/6031/1881
f 3480/5927/5 3454/6018/1874 3461/6034/1884
f 3453/6040/1876 3452/6029/1875 3459/6036/1886 3460/6041/1883
f 3451/6025/1878 3450/6024/1877 3457/6039/1887 3458/6035/1885
f 3461/6034/1884 3460/6033/1883 3467/6042/1888 3468/6043/1889
f 3459/6036/1886 3458/6035/1885 3465/6044/1890 3466/6045/1891
f 3457/6039/1887 3456/6038/1882 3463/6046/1892 3464/6047/1893
f 3455/6031/1881 3384/5925/6 3462/6048/1894
f 3480/5927/5 3461/6034/1884 3468/6043/1889
f 3460/6041/1883 3459/6036/1886 3466/6045/1891 3467/6049/1888
f 3458/6035/1885 3457/6039/1887 3464/6047/1893 3465/6044/1890
f 3456/6032/1882 3455/6031/1881 3462/6048/1894 3463/6050/1892
f 3462/6048/1894 3384/5925/6 3469/6051/1895
f 3480/5927/5 3468/6043/1889 3475/6052/1896
f 3467/6053/1888 3466/6054/1891 3473/6055/1897 3474/6056/1898
f 3465/6057/1890 3464/6058/1893 3471/6059/1899 3472/6060/1900
f 3463/6050/1892 3462/6048/1894 3469/6051/1895 3470/6061/1901
f 3468/6043/1889 3467/6042/1888 3474/6062/1898 3475/6052/1896
f 3466/6054/1891 3465/6057/1890 3472/6060/1900 3473/6055/1897
f 3464/6058/1893 3463/6063/1892 3470/6064/1901 3471/6059/1899
f 3474/6056/1898 3473/6055/1897 3382/5916/1810 3479/5928/1807
f 3472/6060/1900 3471/6059/1899 3478/5920/1813 3381/5917/2
f 3470/6061/1901 3469/6051/1895 3476/5924/1817 3477/5930/1814
f 3475/6052/1896 3474/6062/1898 3479/5913/1807 3383/5912/1806
f 3473/6055/1897 3472/6060/1900 3381/5917/2 3382/5916/1810
f 3471/6059/1899 3470/6064/1901 3477/5921/1814 3478/5920/1813
f 3469/6051/1895 3384/5925/6 3476/5924/1817
f 3480/5927/5 3475/6052/1896 3383/5912/1806
f 3482/6065/1902 3481/6066/2 3488/6067/1903 3489/6068/1904
f 3578/6069/1905 3577/6070/1906 3486/6071/1907 3487/6072/1908
f 3576/6073/1909 3484/6074/6 3485/6075/1910
f 3580/6076/5 3483/6077/1911 3491/6078/1912
f 3579/6079/1913 3482/6065/1902 3489/6068/1904 3490/6080/1914
f 3481/6066/2 3578/6069/1905 3487/6072/1908 3488/6067/1903
f 3577/6081/1906 3576/6073/1909 3485/6075/1910 3486/6082/1907
f 3483/6077/1911 3579/6083/1913 3490/6084/1914 3491/6078/1912
f 3580/6076/5 3491/6078/1912 3498/6085/1915
f 3490/6084/1914 3489/6086/1904 3496/6087/1916 3497/6088/1917
f 3488/6067/1903 3487/6072/1908 3494/6089/1918 3495/6090/1919
f 3486/6082/1907 3485/6075/1910 3492/6091/1920 3493/6092/1921
f 3491/6078/1912 3490/6084/1914 3497/6088/1917 3498/6085/1915
f 3489/6068/1904 3488/6067/1903 3495/6090/1919 3496/6093/1916
f 3487/6094/1908 3486/6082/1907 3493/6092/1921 3494/6095/1918
f 3485/6075/1910 3484/6074/6 3492/6091/1920
f 3493/6092/1921 3492/6091/1920 3499/6096/1922 3500/6097/1923
f 3498/6085/1915 3497/6088/1917 3504/6098/1924 3505/6099/1925
f 3496/6100/1916 3495/6101/1919 3502/6102/1926 3503/6103/1927
f 3494/6095/1918 3493/6092/1921 3500/6097/1923 3501/6104/1928
f 3492/6091/1920 3484/6074/6 3499/6096/1922
f 3580/6076/5 3498/6085/1915 3505/6099/1925
f 3497/6088/1917 3496/6087/1916 3503/6105/1927 3504/6098/1924
f 3495/6101/1919 3494/6106/1918 3501/6107/1928 3502/6102/1926
f 3505/6099/1925 3504/6098/1924 3511/6108/1929 3512/6109/1930
f 3503/6103/1927 3502/6102/1926 3509/6110/1931 3510/6111/1932
f 3501/6107/1928 3500/6112/1923 3507/6113/1933 3508/6114/1934
f 3499/6096/1922 3484/6074/6 3506/6115/1935
f 3580/6076/5 3505/6099/1925 3512/6109/1930
f 3504/6116/1924 3503/6103/1927 3510/6111/1932 3511/6117/1929
f 3502/6102/1926 3501/6107/1928 3508/6114/1934 3509/6110/1931
f 3500/6097/1923 3499/6096/1922 3506/6115/1935 3507/6118/1933
f 3506/6115/1935 3484/6074/6 3513/6119/1936
f 3580/6076/5 3512/6109/1930 3519/6120/1937
f 3511/6117/1929 3510/6111/1932 3517/6121/1938 3518/6122/1939
f 3509/6110/1931 3508/6114/1934 3515/6123/1940 3516/6124/1941
f 3507/6118/1933 3506/6115/1935 3513/6119/1936 3514/6125/1942
f 3512/6109/1930 3511/6108/1929 3518/6126/1939 3519/6120/1937
f 3510/6111/1932 3509/6110/1931 3516/6124/1941 3517/6121/1938
f 3508/6114/1934 3507/6113/1933 3514/6127/1942 3515/6123/1940
f 3518/6126/1939 3517/6128/1938 3524/6129/1943 3525/6130/1944
f 3516/6131/1941 3515/6132/1940 3522/6133/1945 3523/6134/1946
f 3514/6125/1942 3513/6119/1936 3520/6135/1947 3521/6136/1948
f 3519/6120/1937 3518/6126/1939 3525/6130/1944 3526/6137/1949
f 3517/6138/1938 3516/6131/1941 3523/6134/1946 3524/6139/1943
f 3515/6140/1940 3514/6125/1942 3521/6136/1948 3522/6141/1945
f 3513/6119/1936 3484/6074/6 3520/6135/1947
f 3580/6076/5 3519/6120/1937 3526/6137/1949
f 3526/6137/1949 3525/6130/1944 3532/6142/1950 3533/6143/1951
f 3524/6139/1943 3523/6134/1946 3530/6144/4 3531/6145/1952
f 3522/6133/1945 3521/6146/1948 3528/6147/1953 3529/6148/1954
f 3520/6135/1947 3484/6074/6 3527/6149/1955
f 3580/6076/5 3526/6137/1949 3533/6143/1951
f 3525/6150/1944 3524/6139/1943 3531/6145/1952 3532/6151/1950
f 3523/6134/1946 3522/6133/1945 3529/6148/1954 3530/6144/4
f 3521/6136/1948 3520/6135/1947 3527/6149/1955 3528/6152/1953
f 3531/6145/1952 3530/6144/4 3537/6153/1956 3538/6154/1957
f 3529/6148/1954 3528/6147/1953 3535/6155/1958 3536/6156/1959
f 3527/6149/1955 3484/6074/6 3534/6157/1960
f 3580/6076/5 3533/6143/1951 3540/6158/1961
f 3532/6151/1950 3531/6145/1952 3538/6154/1957 3539/6159/1962
f 3530/6144/4 3529/6148/1954 3536/6156/1959 3537/6153/1956
f 3528/6152/1953 3527/6149/1955 3534/6157/1960 3535/6160/1958
f 3533/6143/1951 3532/6142/1950 3539/6161/1962 3540/6158/1961
f 3580/6076/5 3540/6158/1961 3547/6162/1963
f 3539/6161/1962 3538/6163/1957 3545/6164/1964 3546/6165/1965
f 3537/6153/1956 3536/6156/1959 3543/6166/1966 3544/6167/1967
f 3535/6160/1958 3534/6157/1960 3541/6168/1968 3542/6169/1969
f 3540/6158/1961 3539/6161/1962 3546/6165/1965 3547/6162/1963
f 3538/6154/1957 3537/6153/1956 3544/6167/1967 3545/6170/1964
f 3536/6171/1959 3535/6160/1958 3542/6169/1969 3543/6172/1966
f 3534/6157/1960 3484/6074/6 3541/6168/1968
f 3544/6173/1967 3543/6174/1966 3550/6175/1970 3551/6176/1971
f 3542/6169/1969 3541/6168/1968 3548/6177/1972 3549/6178/1973
f 3547/6162/1963 3546/6165/1965 3553/6179/1974 3554/6180/1975
f 3545/6181/1964 3544/6173/1967 3551/6176/1971 3552/6182/1976
f 3543/6172/1966 3542/6169/1969 3549/6178/1973 3550/6183/1970
f 3541/6168/1968 3484/6074/6 3548/6177/1972
f 3580/6076/5 3547/6162/1963 3554/6180/1975
f 3546/6184/1965 3545/6181/1964 3552/6182/1976 3553/6185/1974
f 3554/6180/1975 3553/6179/1974 3560/6186/1977 3561/6187/1978
f 3552/6182/1976 3551/6176/1971 3558/6188/1979 3559/6189/1980
f 3550/6175/1970 3549/6190/1973 3556/6191/1981 3557/6192/1982
f 3548/6177/1972 3484/6074/6 3555/6193/1983
f 3580/6076/5 3554/6180/1975 3561/6187/1978
f 3553/6185/1974 3552/6182/1976 3559/6189/1980 3560/6194/1977
f 3551/6176/1971 3550/6175/1970 3557/6192/1982 3558/6188/1979
f 3549/6178/1973 3548/6177/1972 3555/6193/1983 3556/6195/1981
f 3557/6192/1982 3556/6191/1981 3563/6196/1984 3564/6197/1985
f 3555/6193/1983 3484/6074/6 3562/6198/1986
f 3580/6076/5 3561/6187/1978 3568/6199/1987
f 3560/6194/1977 3559/6189/1980 3566/6200/1988 3567/6201/1989
f 3558/6188/1979 3557/6192/1982 3564/6197/1985 3565/6202/1990
f 3556/6195/1981 3555/6193/1983 3562/6198/1986 3563/6203/1984
f 3561/6187/1978 3560/6186/1977 3567/6204/1989 3568/6199/1987
f 3559/6189/1980 3558/6188/1979 3565/6202/1990 3566/6200/1988
f 3580/6076/5 3568/6199/1987 3575/6205/1991
f 3567/6204/1989 3566/6206/1988 3573/6207/1992 3574/6208/1993
f 3565/6209/1990 3564/6210/1985 3571/6211/1994 3572/6212/1995
f 3563/6203/1984 3562/6198/1986 3569/6213/1996 3570/6214/1997
f 3568/6199/1987 3567/6204/1989 3574/6208/1993 3575/6205/1991
f 3566/6215/1988 3565/6209/1990 3572/6212/1995 3573/6216/1992
f 3564/6217/1985 3563/6203/1984 3570/6214/1997 3571/6218/1994
f 3562/6198/1986 3484/6074/6 3569/6213/1996
f 3570/6214/1997 3569/6213/1996 3576/6073/1909 3577/6081/1906
f 3575/6205/1991 3574/6208/1993 3579/6083/1913 3483/6077/1911
f 3573/6216/1992 3572/6212/1995 3481/6066/2 3482/6065/1902
f 3571/6211/1994 3570/6219/1997 3577/6070/1906 3578/6069/1905
f 3569/6213/1996 3484/6074/6 3576/6073/1909
f 3580/6076/5 3575/6205/1991 3483/6077/1911
f 3574/6220/1993 3573/6216/1992 3482/6065/1902 3579/6079/1913
f 3572/6212/1995 3571/6211/1994 3578/6069/1905 3481/6066/2
s 0
f 3581/6221/1998 3582/6222/1998 3584/6223/1998 3583/6224/1998
f 3583/6225/1999 3584/6226/1999 3588/6227/1999 3587/6228/1999
f 3587/6229/2000 3588/6230/2000 3586/6231/2000 3585/6232/2000
f 3585/6233/2001 3586/6234/2001 3582/6235/2001 3581/6236/2001
f 3583/6237/5 3587/6238/5 3585/6239/5 3581/6240/5
f 3588/6241/6 3584/6242/6 3582/6243/6 3586/6244/6
s 1
f 3590/6245/2002 3589/6246/2 3596/6247/2003 3597/6248/2004
f 3686/6249/2005 3685/6250/2006 3594/6251/2007 3595/6252/2008
f 3684/6253/2009 3592/6254/6 3593/6255/2010
f 3688/6256/5 3591/6257/2011 3599/6258/2012
f 3687/6259/2013 3590/6245/2002 3597/6248/2004 3598/6260/2014
f 3589/6246/2 3686/6249/2005 3595/6252/2008 3596/6247/2003
f 3685/6261/2006 3684/6253/2009 3593/6255/2010 3594/6262/2007
f 3591/6257/2011 3687/6263/2013 3598/6264/2014 3599/6258/2012
f 3688/6256/5 3599/6258/2012 3606/6265/2015
f 3598/6264/2014 3597/6266/2004 3604/6267/2016 3605/6268/2017
f 3596/6247/2003 3595/6252/2008 3602/6269/2018 3603/6270/2019
f 3594/6262/2007 3593/6255/2010 3600/6271/2020 3601/6272/2021
f 3599/6258/2012 3598/6264/2014 3605/6268/2017 3606/6265/2015
f 3597/6248/2004 3596/6247/2003 3603/6270/2019 3604/6273/2016
f 3595/6252/2008 3594/6251/2007 3601/6274/2021 3602/6269/2018
f 3593/6255/2010 3592/6254/6 3600/6271/2020
f 3601/6272/2021 3600/6271/2020 3607/6275/2022 3608/6276/2023
f 3606/6265/2015 3605/6268/2017 3612/6277/2024 3613/6278/2025
f 3604/6279/2016 3603/6280/2019 3610/6281/2026 3611/6282/2027
f 3602/6283/2018 3601/6272/2021 3608/6276/2023 3609/6284/2028
f 3600/6271/2020 3592/6254/6 3607/6275/2022
f 3688/6256/5 3606/6265/2015 3613/6278/2025
f 3605/6268/2017 3604/6267/2016 3611/6285/2027 3612/6277/2024
f 3603/6280/2019 3602/6286/2018 3609/6287/2028 3610/6281/2026
f 3613/6278/2025 3612/6277/2024 3619/6288/2029 3620/6289/2030
f 3611/6282/2027 3610/6281/2026 3617/6290/2031 3618/6291/2032
f 3609/6287/2028 3608/6292/2023 3615/6293/2033 3616/6294/2034
f 3607/6275/2022 3592/6254/6 3614/6295/2035
f 3688/6256/5 3613/6278/2025 3620/6289/2030
f 3612/6296/2024 3611/6282/2027 3618/6291/2032 3619/6297/2029
f 3610/6281/2026 3609/6287/2028 3616/6294/2034 3617/6290/2031
f 3608/6276/2023 3607/6275/2022 3614/6295/2035 3615/6298/2033
f 3614/6295/2035 3592/6254/6 3621/6299/2036
f 3688/6256/5 3620/6289/2030 3627/6300/2037
f 3619/6288/2029 3618/6301/2032 3625/6302/2038 3626/6303/2039
f 3617/6290/2031 3616/6294/2034 3623/6304/2040 3624/6305/2041
f 3615/6298/2033 3614/6295/2035 3621/6299/2036 3622/6306/2042
f 3620/6289/2030 3619/6288/2029 3626/6303/2039 3627/6300/2037
f 3618/6291/2032 3617/6290/2031 3624/6305/2041 3625/6307/2038
f 3616/6308/2034 3615/6298/2033 3622/6306/2042 3623/6309/2040
f 3626/6310/2039 3625/6311/2038 3632/6312/2043 3633/6313/2044
f 3624/6314/2041 3623/6315/2040 3630/6316/2045 3631/6317/2046
f 3622/6306/2042 3621/6299/2036 3628/6318/2047 3629/6319/2048
f 3627/6300/2037 3626/6303/2039 3633/6320/2044 3634/6321/2049
f 3625/6311/2038 3624/6314/2041 3631/6317/2046 3632/6312/2043
f 3623/6309/2040 3622/6306/2042 3629/6319/2048 3630/6322/2045
f 3621/6299/2036 3592/6254/6 3628/6318/2047
f 3688/6256/5 3627/6300/2037 3634/6321/2049
f 3634/6321/2049 3633/6320/2044 3640/6323/2050 3641/6324/2051
f 3632/6312/2043 3631/6317/2046 3638/6325/4 3639/6326/2052
f 3630/6316/2045 3629/6327/2048 3636/6328/2053 3637/6329/2054
f 3628/6318/2047 3592/6254/6 3635/6330/2055
f 3688/6256/5 3634/6321/2049 3641/6324/2051
f 3633/6313/2044 3632/6312/2043 3639/6326/2052 3640/6331/2050
f 3631/6317/2046 3630/6316/2045 3637/6329/2054 3638/6325/4
f 3629/6319/2048 3628/6318/2047 3635/6330/2055 3636/6332/2053
f 3639/6326/2052 3638/6325/4 3645/6333/2056 3646/6334/2057
f 3637/6329/2054 3636/6328/2053 3643/6335/2058 3644/6336/2059
f 3635/6330/2055 3592/6254/6 3642/6337/2060
f 3688/6256/5 3641/6324/2051 3648/6338/2061
f 3640/6331/2050 3639/6326/2052 3646/6334/2057 3647/6339/2062
f 3638/6325/4 3637/6329/2054 3644/6336/2059 3645/6333/2056
f 3636/6332/2053 3635/6330/2055 3642/6337/2060 3643/6340/2058
f 3641/6324/2051 3640/6323/2050 3647/6341/2062 3648/6338/2061
f 3688/6256/5 3648/6338/2061 3655/6342/2063
f 3647/6339/2062 3646/6334/2057 3653/6343/2064 3654/6344/2065
f 3645/6333/2056 3644/6336/2059 3651/6345/2066 3652/6346/2067
f 3643/6340/2058 3642/6337/2060 3649/6347/2068 3650/6348/2069
f 3648/6338/2061 3647/6341/2062 3654/6349/2065 3655/6342/2063
f 3646/6334/2057 3645/6333/2056 3652/6346/2067 3653/6343/2064
f 3644/6350/2059 3643/6340/2058 3650/6348/2069 3651/6351/2066
f 3642/6337/2060 3592/6254/6 3649/6347/2068
f 3652/6352/2067 3651/6353/2066 3658/6354/2070 3659/6355/2071
f 3650/6348/2069 3649/6347/2068 3656/6356/2072 3657/6357/2073
f 3655/6342/2063 3654/6349/2065 3661/6358/2074 3662/6359/2075
f 3653/6360/2064 3652/6352/2067 3659/6355/2071 3660/6361/2076
f 3651/6351/2066 3650/6348/2069 3657/6357/2073 3658/6362/2070
f 3649/6347/2068 3592/6254/6 3656/6356/2072
f 3688/6256/5 3655/6342/2063 3662/6359/2075
f 3654/6349/2065 3653/6363/2064 3660/6364/2076 3661/6358/2074
f 3662/6359/2075 3661/6358/2074 3668/6365/2077 3669/6366/2078
f 3660/6361/2076 3659/6355/2071 3666/6367/2079 3667/6368/2080
f 3658/6354/2070 3657/6369/2073 3664/6370/2081 3665/6371/2082
f 3656/6356/2072 3592/6254/6 3663/6372/2083
f 3688/6256/5 3662/6359/2075 3669/6366/2078
f 3661/6373/2074 3660/6361/2076 3667/6368/2080 3668/6374/2077
f 3659/6355/2071 3658/6354/2070 3665/6371/2082 3666/6367/2079
f 3657/6357/2073 3656/6356/2072 3663/6372/2083 3664/6375/2081
f 3665/6376/2082 3664/6375/2081 3671/6377/2084 3672/6378/2085
f 3663/6372/2083 3592/6254/6 3670/6379/2086
f 3688/6256/5 3669/6366/2078 3676/6380/2087
f 3668/6365/2077 3667/6381/2080 3674/6382/2088 3675/6383/2089
f 3666/6367/2079 3665/6371/2082 3672/6384/2085 3673/6385/2090
f 3664/6375/2081 3663/6372/2083 3670/6379/2086 3671/6377/2084
f 3669/6366/2078 3668/6365/2077 3675/6383/2089 3676/6380/2087
f 3667/6368/2080 3666/6367/2079 3673/6385/2090 3674/6386/2088
f 3688/6256/5 3676/6380/2087 3683/6387/2091
f 3675/6383/2089 3674/6382/2088 3681/6388/2092 3682/6389/2093
f 3673/6390/2090 3672/6391/2085 3679/6392/2094 3680/6393/2095
f 3671/6377/2084 3670/6379/2086 3677/6394/2096 3678/6395/2097
f 3676/6380/2087 3675/6383/2089 3682/6389/2093 3683/6387/2091
f 3674/6396/2088 3673/6390/2090 3680/6393/2095 3681/6397/2092
f 3672/6391/2085 3671/6398/2084 3678/6399/2097 3679/6392/2094
f 3670/6379/2086 3592/6254/6 3677/6394/2096
f 3678/6395/2097 3677/6394/2096 3684/6253/2009 3685/6261/2006
f 3683/6387/2091 3682/6389/2093 3687/6263/2013 3591/6257/2011
f 3681/6397/2092 3680/6393/2095 3589/6246/2 3590/6245/2002
f 3679/6392/2094 3678/6399/2097 3685/6250/2006 3686/6249/2005
f 3677/6394/2096 3592/6254/6 3684/6253/2009
f 3688/6256/5 3683/6387/2091 3591/6257/2011
f 3682/6400/2093 3681/6397/2092 3590/6245/2002 3687/6259/2013
f 3680/6393/2095 3679/6392/2094 3686/6249/2005 3589/6246/2
f 3691/6401/2098 3787/6402/2099 3698/6403/2100 3699/6404/2101
f 3690/6405/2102 3689/6406/2 3696/6407/2103 3697/6408/2104
f 3786/6409/2105 3785/6410/2106 3694/6411/2107 3695/6412/2108
f 3784/6413/2109 3692/6414/6 3693/6415/2110
f 3788/6416/5 3691/6401/2098 3699/6404/2101
f 3787/6417/2099 3690/6405/2102 3697/6408/2104 3698/6418/2100
f 3689/6406/2 3786/6409/2105 3695/6412/2108 3696/6407/2103
f 3785/6419/2106 3784/6413/2109 3693/6415/2110 3694/6420/2107
f 3788/6416/5 3699/6404/2101 3706/6421/2111
f 3698/6403/2100 3697/6422/2104 3704/6423/2112 3705/6424/2113
f 3696/6407/2103 3695/6412/2108 3702/6425/2114 3703/6426/2115
f 3694/6420/2107 3693/6415/2110 3700/6427/2116 3701/6428/2117
f 3699/6404/2101 3698/6403/2100 3705/6424/2113 3706/6421/2111
f 3697/6408/2104 3696/6407/2103 3703/6426/2115 3704/6429/2112
f 3695/6412/2108 3694/6411/2107 3701/6430/2117 3702/6425/2114
f 3693/6415/2110 3692/6414/6 3700/6427/2116
f 3703/6431/2115 3702/6432/2114 3709/6433/2118 3710/6434/2119
f 3701/6428/2117 3700/6427/2116 3707/6435/2120 3708/6436/2121
f 3706/6421/2111 3705/6424/2113 3712/6437/2122 3713/6438/2123
f 3704/6439/2112 3703/6431/2115 3710/6434/2119 3711/6440/2124
f 3702/6432/2114 3701/6441/2117 3708/6442/2121 3709/6433/2118
f 3700/6427/2116 3692/6414/6 3707/6435/2120
f 3788/6416/5 3706/6421/2111 3713/6438/2123
f 3705/6443/2113 3704/6439/2112 3711/6440/2124 3712/6444/2122
f 3713/6438/2123 3712/6437/2122 3719/6445/2125 3720/6446/2126
f 3711/6440/2124 3710/6434/2119 3717/6447/2127 3718/6448/2128
f 3709/6433/2118 3708/6442/2121 3715/6449/2129 3716/6450/2130
f 3707/6435/2120 3692/6414/6 3714/6451/2131
f 3788/6416/5 3713/6438/2123 3720/6446/2126
f 3712/6444/2122 3711/6440/2124 3718/6448/2128 3719/6452/2125
f 3710/6434/2119 3709/6433/2118 3716/6450/2130 3717/6447/2127
f 3708/6436/2121 3707/6435/2120 3714/6451/2131 3715/6453/2129
f 3716/6450/2130 3715/6449/2129 3722/6454/2132 3723/6455/2133
f 3714/6451/2131 3692/6414/6 3721/6456/2134
f 3788/6416/5 3720/6446/2126 3727/6457/2135
f 3719/6452/2125 3718/6448/2128 3725/6458/2136 3726/6459/2137
f 3717/6447/2127 3716/6450/2130 3723/6455/2133 3724/6460/2138
f 3715/6453/2129 3714/6451/2131 3721/6456/2134 3722/6461/2132
f 3720/6446/2126 3719/6445/2125 3726/6462/2137 3727/6457/2135
f 3718/6448/2128 3717/6447/2127 3724/6460/2138 3725/6458/2136
f 3788/6416/5 3727/6457/2135 3734/6463/2139
f 3726/6464/2137 3725/6465/2136 3732/6466/2140 3733/6467/2141
f 3724/6468/2138 3723/6469/2133 3730/6470/2142 3731/6471/2143
f 3722/6461/2132 3721/6456/2134 3728/6472/2144 3729/6473/2145
f 3727/6457/2135 3726/6462/2137 3733/6474/2141 3734/6463/2139
f 3725/6465/2136 3724/6468/2138 3731/6471/2143 3732/6466/2140
f 3723/6475/2133 3722/6461/2132 3729/6473/2145 3730/6476/2142
f 3721/6456/2134 3692/6414/6 3728/6472/2144
f 3729/6473/2145 3728/6472/2144 3735/6477/2146 3736/6478/2147
f 3734/6463/2139 3733/6474/2141 3740/6479/2148 3741/6480/2149
f 3732/6466/2140 3731/6471/2143 3738/6481/4 3739/6482/2150
f 3730/6470/2142 3729/6483/2145 3736/6484/2147 3737/6485/2151
f 3728/6472/2144 3692/6414/6 3735/6477/2146
f 3788/6416/5 3734/6463/2139 3741/6480/2149
f 3733/6467/2141 3732/6466/2140 3739/6482/2150 3740/6486/2148
f 3731/6471/2143 3730/6470/2142 3737/6485/2151 3738/6481/4
f 3741/6480/2149 3740/6479/2148 3747/6487/2152 3748/6488/2153
f 3739/6482/2150 3738/6481/4 3745/6489/2154 3746/6490/2155
f 3737/6485/2151 3736/6484/2147 3743/6491/2156 3744/6492/2157
f 3735/6477/2146 3692/6414/6 3742/6493/2158
f 3788/6416/5 3741/6480/2149 3748/6488/2153
f 3740/6486/2148 3739/6482/2150 3746/6490/2155 3747/6494/2152
f 3738/6481/4 3737/6485/2151 3744/6492/2157 3745/6489/2154
f 3736/6478/2147 3735/6477/2146 3742/6493/2158 3743/6495/2156
f 3742/6493/2158 3692/6414/6 3749/6496/2159
f 3788/6416/5 3748/6488/2153 3755/6497/2160
f 3747/6494/2152 3746/6490/2155 3753/6498/2161 3754/6499/2162
f 3745/6489/2154 3744/6492/2157 3751/6500/2163 3752/6501/2164
f 3743/6495/2156 3742/6493/2158 3749/6496/2159 3750/6502/2165
f 3748/6488/2153 3747/6487/2152 3754/6503/2162 3755/6497/2160
f 3746/6490/2155 3745/6489/2154 3752/6501/2164 3753/6498/2161
f 3744/6504/2157 3743/6495/2156 3750/6502/2165 3751/6505/2163
f 3754/6506/2162 3753/6507/2161 3760/6508/2166 3761/6509/2167
f 3752/6510/2164 3751/6511/2163 3758/6512/2168 3759/6513/2169
f 3750/6502/2165 3749/6496/2159 3756/6514/2170 3757/6515/2171
f 3755/6497/2160 3754/6503/2162 3761/6516/2167 3762/6517/2172
f 3753/6507/2161 3752/6510/2164 3759/6513/2169 3760/6508/2166
f 3751/6511/2163 3750/6518/2165 3757/6519/2171 3758/6512/2168
f 3749/6496/2159 3692/6414/6 3756/6514/2170
f 3788/6416/5 3755/6497/2160 3762/6517/2172
f 3762/6517/2172 3761/6516/2167 3768/6520/2173 3769/6521/2174
f 3760/6508/2166 3759/6513/2169 3766/6522/2175 3767/6523/2176
f 3758/6512/2168 3757/6519/2171 3764/6524/2177 3765/6525/2178
f 3756/6514/2170 3692/6414/6 3763/6526/2179
f 3788/6416/5 3762/6517/2172 3769/6521/2174
f 3761/6509/2167 3760/6508/2166 3767/6523/2176 3768/6527/2173
f 3759/6513/2169 3758/6512/2168 3765/6525/2178 3766/6522/2175
f 3757/6515/2171 3756/6514/2170 3763/6526/2179 3764/6528/2177
f 3767/6523/2176 3766/6522/2175 3773/6529/2180 3774/6530/2181
f 3765/6525/2178 3764/6524/2177 3771/6531/2182 3772/6532/2183
f 3763/6526/2179 3692/6414/6 3770/6533/2184
f 3788/6416/5 3769/6521/2174 3776/6534/2185
f 3768/6527/2173 3767/6523/2176 3774/6530/2181 3775/6535/2186
f 3766/6522/2175 3765/6525/2178 3772/6532/2183 3773/6529/2180
f 3764/6528/2177 3763/6526/2179 3770/6533/2184 3771/6536/2182
f 3769/6521/2174 3768/6520/2173 3775/6537/2186 3776/6534/2185
f 3788/6416/5 3776/6534/2185 3783/6538/2187
f 3775/6537/2186 3774/6539/2181 3781/6540/2188 3782/6541/2189
f 3773/6542/2180 3772/6543/2183 3779/6544/2190 3780/6545/2191
f 3771/6536/2182 3770/6533/2184 3777/6546/2192 3778/6547/2193
f 3776/6534/2185 3775/6537/2186 3782/6541/2189 3783/6538/2187
f 3774/6548/2181 3773/6542/2180 3780/6545/2191 3781/6549/2188
f 3772/6543/2183 3771/6550/2182 3778/6551/2193 3779/6544/2190
f 3770/6533/2184 3692/6414/6 3777/6546/2192
f 3780/6545/2191 3779/6544/2190 3786/6409/2105 3689/6406/2
f 3778/6547/2193 3777/6546/2192 3784/6413/2109 3785/6419/2106
f 3783/6538/2187 3782/6541/2189 3787/6402/2099 3691/6401/2098
f 3781/6549/2188 3780/6545/2191 3689/6406/2 3690/6405/2102
f 3779/6544/2190 3778/6551/2193 3785/6410/2106 3786/6409/2105
f 3777/6546/2192 3692/6414/6 3784/6413/2109
f 3788/6416/5 3783/6538/2187 3691/6401/2098
f 3782/6552/2189 3781/6549/2188 3690/6405/2102 3787/6417/2099
s 0
f 3789/6553/2194 3790/6554/2194 3792/6555/2194 3791/6556/2194
f 3791/6557/2195 3792/6558/2195 3796/6559/2195 3795/6560/2195
f 3795/6561/2196 3796/6562/2196 3794/6563/2196 3793/6564/2196
f 3793/6565/2197 3794/6566/2197 3790/6567/2197 3789/6568/2197
f 3791/6569/5 3795/6570/5 3793/6571/5 3789/6572/5
f 3796/6573/6 3792/6574/6 3790/6575/6 3794/6576/6
f 3797/6577/2198 3798/6578/2198 3800/6579/2198 3799/6580/2198
f 3799/6581/2199 3800/6582/2199 3804/6583/2199 3803/6584/2199
f 3803/6585/2200 3804/6586/2200 3802/6587/2200 3801/6588/2200
f 3801/6589/2201 3802/6590/2201 3798/6591/2201 3797/6592/2201
f 3799/6593/5 3803/6594/5 3801/6595/5 3797/6596/5
f 3804/6597/6 3800/6598/6 3798/6599/6 3802/6600/6
s 1
f 3901/6601/2202 3900/6602/2203 3809/6603/2204 3810/6604/2205
f 3807/6605/2206 3903/6606/2207 3814/6607/2208 3815/6608/2209
f 3806/6609/2210 3805/6610/2 3812/6611/2211 3813/6612/2212
f 3902/6613/2213 3901/6614/2202 3810/6615/2205 3811/6616/2214
f 3900/6602/2203 3808/6617/6 3809/6603/2204
f 3904/6618/5 3807/6605/2206 3815/6608/2209
f 3903/6619/2207 3806/6609/2210 3813/6612/2212 3814/6620/2208
f 3805/6610/2 3902/6613/2213 3811/6616/2214 3812/6611/2211
f 3813/6612/2212 3812/6611/2211 3819/6621/2215 3820/6622/2216
f 3811/6616/2214 3810/6615/2205 3817/6623/2217 3818/6624/2218
f 3809/6603/2204 3808/6617/6 3816/6625/2219
f 3904/6618/5 3815/6608/2209 3822/6626/2220
f 3814/6620/2208 3813/6612/2212 3820/6622/2216 3821/6627/2221
f 3812/6611/2211 3811/6616/2214 3818/6624/2218 3819/6621/2215
f 3810/6604/2205 3809/6603/2204 3816/6625/2219 3817/6628/2217
f 3815/6608/2209 3814/6607/2208 3821/6629/2221 3822/6626/2220
f 3904/6618/5 3822/6626/2220 3829/6630/2222
f 3821/6629/2221 3820/6631/2216 3827/6632/2223 3828/6633/2224
f 3819/6621/2215 3818/6624/2218 3825/6634/2225 3826/6635/2226
f 3817/6628/2217 3816/6625/2219 3823/6636/2227 3824/6637/2228
f 3822/6626/2220 3821/6629/2221 3828/6633/2224 3829/6630/2222
f 3820/6622/2216 3819/6621/2215 3826/6635/2226 3827/6638/2223
f 3818/6639/2218 3817/6628/2217 3824/6637/2228 3825/6640/2225
f 3816/6625/2219 3808/6617/6 3823/6636/2227
f 3826/6641/2226 3825/6642/2225 3832/6643/2229 3833/6644/2230
f 3824/6637/2228 3823/6636/2227 3830/6645/2231 3831/6646/2232
f 3829/6630/2222 3828/6633/2224 3835/6647/2233 3836/6648/2234
f 3827/6649/2223 3826/6641/2226 3833/6644/2230 3834/6650/2235
f 3825/6640/2225 3824/6637/2228 3831/6646/2232 3832/6651/2229
f 3823/6636/2227 3808/6617/6 3830/6645/2231
f 3904/6618/5 3829/6630/2222 3836/6648/2234
f 3828/6633/2224 3827/6632/2223 3834/6652/2235 3835/6647/2233
f 3836/6648/2234 3835/6647/2233 3842/6653/2236 3843/6654/2237
f 3834/6655/2235 3833/6656/2230 3840/6657/2238 3841/6658/2239
f 3832/6651/2229 3831/6646/2232 3838/6659/2240 3839/6660/2241
f 3830/6645/2231 3808/6617/6 3837/6661/2242
f 3904/6618/5 3836/6648/2234 3843/6654/2237
f 3835/6647/2233 3834/6652/2235 3841/6662/2239 3842/6653/2236
f 3833/6656/2230 3832/6663/2229 3839/6664/2241 3840/6657/2238
f 3831/6646/2232 3830/6645/2231 3837/6661/2242 3838/6659/2240
f 3839/6664/2241 3838/6665/2240 3845/6666/2243 3846/6667/2244
f 3837/6661/2242 3808/6617/6 3844/6668/2245
f 3904/6618/5 3843/6654/2237 3850/6669/2246
f 3842/6670/2236 3841/6658/2239 3848/6671/2247 3849/6672/2248
f 3840/6657/2238 3839/6664/2241 3846/6667/2244 3847/6673/2249
f 3838/6659/2240 3837/6661/2242 3844/6668/2245 3845/6674/2243
f 3843/6654/2237 3842/6653/2236 3849/6675/2248 3850/6669/2246
f 3841/6658/2239 3840/6657/2238 3847/6673/2249 3848/6671/2247
f 3904/6618/5 3850/6669/2246 3857/6676/2250
f 3849/6672/2248 3848/6671/2247 3855/6677/2251 3856/6678/2252
f 3847/6673/2249 3846/6667/2244 3853/6679/2253 3854/6680/4
f 3845/6674/2243 3844/6668/2245 3851/6681/2254 3852/6682/2255
f 3850/6669/2246 3849/6675/2248 3856/6683/2252 3857/6676/2250
f 3848/6671/2247 3847/6673/2249 3854/6680/4 3855/6677/2251
f 3846/6667/2244 3845/6666/2243 3852/6684/2255 3853/6679/2253
f 3844/6668/2245 3808/6617/6 3851/6681/2254
f 3852/6682/2255 3851/6681/2254 3858/6685/2256 3859/6686/2257
f 3857/6676/2250 3856/6683/2252 3863/6687/2258 3864/6688/2259
f 3855/6677/2251 3854/6680/4 3861/6689/2260 3862/6690/2261
f 3853/6679/2253 3852/6684/2255 3859/6691/2257 3860/6692/2262
f 3851/6681/2254 3808/6617/6 3858/6685/2256
f 3904/6618/5 3857/6676/2250 3864/6688/2259
f 3856/6678/2252 3855/6677/2251 3862/6690/2261 3863/6693/2258
f 3854/6680/4 3853/6679/2253 3860/6692/2262 3861/6689/2260
f 3864/6688/2259 3863/6687/2258 3870/6694/2263 3871/6695/2264
f 3862/6690/2261 3861/6689/2260 3868/6696/2265 3869/6697/2266
f 3860/6692/2262 3859/6691/2257 3866/6698/2267 3867/6699/2268
f 3858/6685/2256 3808/6617/6 3865/6700/2269
f 3904/6618/5 3864/6688/2259 3871/6695/2264
f 3863/6693/2258 3862/6690/2261 3869/6697/2266 3870/6701/2263
f 3861/6689/2260 3860/6692/2262 3867/6699/2268 3868/6696/2265
f 3859/6686/2257 3858/6685/2256 3865/6700/2269 3866/6702/2267
f 3865/6700/2269 3808/6617/6 3872/6703/2270
f 3904/6618/5 3871/6695/2264 3878/6704/2271
f 3870/6694/2263 3869/6705/2266 3876/6706/2272 3877/6707/2273
f 3868/6696/2265 3867/6699/2268 3874/6708/2274 3875/6709/2275
f 3866/6702/2267 3865/6700/2269 3872/6703/2270 3873/6710/2276
f 3871/6695/2264 3870/6694/2263 3877/6707/2273 3878/6704/2271
f 3869/6697/2266 3868/6696/2265 3875/6709/2275 3876/6711/2272
f 3867/6712/2268 3866/6702/2267 3873/6710/2276 3874/6713/2274
f 3877/6707/2273 3876/6706/2272 3883/6714/2277 3884/6715/2278
f 3875/6716/2275 3874/6717/2274 3881/6718/2279 3882/6719/2280
f 3873/6710/2276 3872/6703/2270 3879/6720/2281 3880/6721/2282
f 3878/6704/2271 3877/6707/2273 3884/6715/2278 3885/6722/2283
f 3876/6723/2272 3875/6716/2275 3882/6719/2280 3883/6724/2277
f 3874/6713/2274 3873/6710/2276 3880/6721/2282 3881/6725/2279
f 3872/6703/2270 3808/6617/6 3879/6720/2281
f 3904/6618/5 3878/6704/2271 3885/6722/2283
f 3885/6722/2283 3884/6715/2278 3891/6726/2284 3892/6727/2285
f 3883/6728/2277 3882/6729/2280 3889/6730/2286 3890/6731/2287
f 3881/6725/2279 3880/6721/2282 3887/6732/2288 3888/6733/2289
f 3879/6720/2281 3808/6617/6 3886/6734/2290
f 3904/6618/5 3885/6722/2283 3892/6727/2285
f 3884/6715/2278 3883/6714/2277 3890/6735/2287 3891/6726/2284
f 3882/6729/2280 3881/6736/2279 3888/6737/2289 3889/6730/2286
f 3880/6721/2282 3879/6720/2281 3886/6734/2290 3887/6732/2288
f 3890/6731/2287 3889/6730/2286 3896/6738/2291 3897/6739/2292
f 3888/6737/2289 3887/6740/2288 3894/6741/2293 3895/6742/2294
f 3886/6734/2290 3808/6617/6 3893/6743/2295
f 3904/6618/5 3892/6727/2285 3899/6744/2296
f 3891/6745/2284 3890/6731/2287 3897/6739/2292 3898/6746/2297
f 3889/6730/2286 3888/6737/2289 3895/6742/2294 3896/6738/2291
f 3887/6732/2288 3886/6734/2290 3893/6743/2295 3894/6747/2293
f 3892/6727/2285 3891/6726/2284 3898/6748/2297 3899/6744/2296
f 3904/6618/5 3899/6744/2296 3807/6605/2206
f 3898/6746/2297 3897/6739/2292 3806/6609/2210 3903/6619/2207
f 3896/6738/2291 3895/6742/2294 3902/6613/2213 3805/6610/2
f 3894/6747/2293 3893/6743/2295 3900/6602/2203 3901/6601/2202
f 3899/6744/2296 3898/6748/2297 3903/6606/2207 3807/6605/2206
f 3897/6739/2292 3896/6738/2291 3805/6610/2 3806/6609/2210
f 3895/6742/2294 3894/6741/2293 3901/6614/2202 3902/6613/2213
f 3893/6743/2295 3808/6617/6 3900/6602/2203
f 3905/6749/2 4002/6750/2213 3911/6751/2214 3912/6752/2211
f 4001/6753/2202 4000/6754/2203 3909/6755/2204 3910/6756/2205
f 3907/6757/2206 4003/6758/2207 3914/6759/2208 3915/6760/2209
f 3906/6761/2210 3905/6749/2 3912/6752/2211 3913/6762/2212
f 4002/6750/2213 4001/6763/2202 3910/6764/2205 3911/6751/2214
f 4000/6754/2203 3908/6765/6 3909/6755/2204
f 4004/6766/5 3907/6757/2206 3915/6760/2209
f 4003/6767/2207 3906/6761/2210 3913/6762/2212 3914/6768/2208
f 3915/6760/2209 3914/6759/2208 3921/6769/2221 3922/6770/2220
f 3913/6762/2212 3912/6752/2211 3919/6771/2215 3920/6772/2216
f 3911/6751/2214 3910/6764/2205 3917/6773/2217 3918/6774/2218
f 3909/6755/2204 3908/6765/6 3916/6775/2219
f 4004/6766/5 3915/6760/2209 3922/6770/2220
f 3914/6768/2208 3913/6762/2212 3920/6772/2216 3921/6776/2221
f 3912/6752/2211 3911/6751/2214 3918/6774/2218 3919/6771/2215
f 3910/6756/2205 3909/6755/2204 3916/6775/2219 3917/6777/2217
f 3916/6775/2219 3908/6765/6 3923/6778/2227
f 4004/6766/5 3922/6770/2220 3929/6779/2222
f 3921/6769/2221 3920/6780/2216 3927/6781/2223 3928/6782/2224
f 3919/6771/2215 3918/6774/2218 3925/6783/2225 3926/6784/2226
f 3917/6777/2217 3916/6775/2219 3923/6778/2227 3924/6785/2228
f 3922/6770/2220 3921/6769/2221 3928/6782/2224 3929/6779/2222
f 3920/6772/2216 3919/6771/2215 3926/6784/2226 3927/6786/2223
f 3918/6787/2218 3917/6777/2217 3924/6785/2228 3925/6788/2225
f 3928/6782/2224 3927/6781/2223 3934/6789/2235 3935/6790/2233
f 3926/6791/2226 3925/6792/2225 3932/6793/2229 3933/6794/2230
f 3924/6785/2228 3923/6778/2227 3930/6795/2231 3931/6796/2232
f 3929/6779/2222 3928/6782/2224 3935/6790/2233 3936/6797/2234
f 3927/6798/2223 3926/6791/2226 3933/6794/2230 3934/6799/2235
f 3925/6788/2225 3924/6785/2228 3931/6796/2232 3932/6800/2229
f 3923/6778/2227 3908/6765/6 3930/6795/2231
f 4004/6766/5 3929/6779/2222 3936/6797/2234
f 3936/6797/2234 3935/6790/2233 3942/6801/2236 3943/6802/2237
f 3934/6803/2235 3933/6804/2230 3940/6805/2238 3941/6806/2239
f 3932/6800/2229 3931/6796/2232 3938/6807/2240 3939/6808/2241
f 3930/6795/2231 3908/6765/6 3937/6809/2242
f 4004/6766/5 3936/6797/2234 3943/6802/2237
f 3935/6790/2233 3934/6789/2235 3941/6810/2239 3942/6801/2236
f 3933/6804/2230 3932/6811/2229 3939/6812/2241 3940/6805/2238
f 3931/6796/2232 3930/6795/2231 3937/6809/2242 3938/6807/2240
f 3941/6806/2239 3940/6805/2238 3947/6813/2249 3948/6814/2247
f 3939/6812/2241 3938/6815/2240 3945/6816/2243 3946/6817/2244
f 3937/6809/2242 3908/6765/6 3944/6818/2245
f 4004/6766/5 3943/6802/2237 3950/6819/2246
f 3942/6820/2236 3941/6806/2239 3948/6814/2247 3949/6821/2248
f 3940/6805/2238 3939/6812/2241 3946/6817/2244 3947/6813/2249
f 3938/6807/2240 3937/6809/2242 3944/6818/2245 3945/6822/2243
f 3943/6802/2237 3942/6801/2236 3949/6823/2248 3950/6819/2246
f 4004/6766/5 3950/6819/2246 3957/6824/2250
f 3949/6821/2248 3948/6814/2247 3955/6825/2251 3956/6826/2252
f 3947/6813/2249 3946/6817/2244 3953/6827/2253 3954/6828/4
f 3945/6822/2243 3944/6818/2245 3951/6829/2254 3952/6830/2255
f 3950/6819/2246 3949/6823/2248 3956/6831/2252 3957/6824/2250
f 3948/6814/2247 3947/6813/2249 3954/6828/4 3955/6825/2251
f 3946/6817/2244 3945/6816/2243 3952/6832/2255 3953/6827/2253
f 3944/6818/2245 3908/6765/6 3951/6829/2254
f 3954/6828/4 3953/6827/2253 3960/6833/2262 3961/6834/2260
f 3952/6830/2255 3951/6829/2254 3958/6835/2256 3959/6836/2257
f 3957/6824/2250 3956/6831/2252 3963/6837/2258 3964/6838/2259
f 3955/6825/2251 3954/6828/4 3961/6834/2260 3962/6839/2261
f 3953/6827/2253 3952/6832/2255 3959/6840/2257 3960/6833/2262
f 3951/6829/2254 3908/6765/6 3958/6835/2256
f 4004/6766/5 3957/6824/2250 3964/6838/2259
f 3956/6826/2252 3955/6825/2251 3962/6839/2261 3963/6841/2258
f 3964/6838/2259 3963/6837/2258 3970/6842/2263 3971/6843/2264
f 3962/6839/2261 3961/6834/2260 3968/6844/2265 3969/6845/2266
f 3960/6833/2262 3959/6840/2257 3966/6846/2267 3967/6847/2268
f 3958/6835/2256 3908/6765/6 3965/6848/2269
f 4004/6766/5 3964/6838/2259 3971/6843/2264
f 3963/6841/2258 3962/6839/2261 3969/6845/2266 3970/6849/2263
f 3961/6834/2260 3960/6833/2262 3967/6847/2268 3968/6844/2265
f 3959/6836/2257 3958/6835/2256 3965/6848/2269 3966/6850/2267
f 3967/6851/2268 3966/6850/2267 3973/6852/2276 3974/6853/2274
f 3965/6848/2269 3908/6765/6 3972/6854/2270
f 4004/6766/5 3971/6843/2264 3978/6855/2271
f 3970/6842/2263 3969/6856/2266 3976/6857/2272 3977/6858/2273
f 3968/6844/2265 3967/6847/2268 3974/6859/2274 3975/6860/2275
f 3966/6850/2267 3965/6848/2269 3972/6854/2270 3973/6852/2276
f 3971/6843/2264 3970/6842/2263 3977/6858/2273 3978/6855/2271
f 3969/6845/2266 3968/6844/2265 3975/6860/2275 3976/6861/2272
f 4004/6766/5 3978/6855/2271 3985/6862/2283
f 3977/6858/2273 3976/6857/2272 3983/6863/2277 3984/6864/2278
f 3975/6865/2275 3974/6866/2274 3981/6867/2279 3982/6868/2280
f 3973/6852/2276 3972/6854/2270 3979/6869/2281 3980/6870/2282
f 3978/6855/2271 3977/6858/2273 3984/6864/2278 3985/6862/2283
f 3976/6871/2272 3975/6865/2275 3982/6868/2280 3983/6872/2277
f 3974/6853/2274 3973/6852/2276 3980/6870/2282 3981/6873/2279
f 3972/6854/2270 3908/6765/6 3979/6869/2281
f 3980/6870/2282 3979/6869/2281 3986/6874/2290 3987/6875/2288
f 3985/6862/2283 3984/6864/2278 3991/6876/2284 3992/6877/2285
f 3983/6878/2277 3982/6879/2280 3989/6880/2286 3990/6881/2287
f 3981/6873/2279 3980/6870/2282 3987/6875/2288 3988/6882/2289
f 3979/6869/2281 3908/6765/6 3986/6874/2290
f 4004/6766/5 3985/6862/2283 3992/6877/2285
f 3984/6864/2278 3983/6863/2277 3990/6883/2287 3991/6876/2284
f 3982/6879/2280 3981/6884/2279 3988/6885/2289 3989/6880/2286
f 3992/6877/2285 3991/6876/2284 3998/6886/2297 3999/6887/2296
f 3990/6881/2287 3989/6880/2286 3996/6888/2291 3997/6889/2292
f 3988/6885/2289 3987/6890/2288 3994/6891/2293 3995/6892/2294
f 3986/6874/2290 3908/6765/6 3993/6893/2295
f 4004/6766/5 3992/6877/2285 3999/6887/2296
f 3991/6894/2284 3990/6881/2287 3997/6889/2292 3998/6895/2297
f 3989/6880/2286 3988/6885/2289 3995/6892/2294 3996/6888/2291
f 3987/6875/2288 3986/6874/2290 3993/6893/2295 3994/6896/2293
f 3993/6893/2295 3908/6765/6 4000/6754/2203
f 4004/6766/5 3999/6887/2296 3907/6757/2206
f 3998/6895/2297 3997/6889/2292 3906/6761/2210 4003/6767/2207
f 3996/6888/2291 3995/6892/2294 4002/6750/2213 3905/6749/2
f 3994/6896/2293 3993/6893/2295 4000/6754/2203 4001/6753/2202
f 3999/6887/2296 3998/6886/2297 4003/6758/2207 3907/6757/2206
f 3997/6889/2292 3996/6888/2291 3905/6749/2 3906/6761/2210
f 3995/6892/2294 3994/6891/2293 4001/6763/2202 4002/6750/2213
s 0
f 4005/6897/2298 4006/6898/2298 4008/6899/2298 4007/6900/2298
f 4007/6901/2 4008/6902/2 4012/6903/2 4011/6904/2
f 4011/6905/2299 4012/6906/2299 4010/6907/2299 4009/6908/2299
f 4009/6909/4 4010/6910/4 4006/6911/4 4005/6912/4
f 4007/6913/2300 4011/6914/2300 4009/6915/2300 4005/6916/2300
f 4012/6917/2301 4008/6918/2301 4006/6919/2301 4010/6920/2301
f 4013/6921/2302 4014/6922/2302 4016/6923/2302 4015/6924/2302
f 4015/6925/2 4016/6926/2 4020/6927/2 4019/6928/2
f 4019/6929/2303 4020/6930/2303 4018/6931/2303 4017/6932/2303
f 4017/6933/4 4018/6934/4 4014/6935/4 4013/6936/4
f 4015/6937/2304 4019/6938/2304 4017/6939/2304 4013/6940/2304
f 4020/6941/2305 4016/6942/2305 4014/6943/2305 4018/6944/2305
