# Blender 4.2.3 LTS
# www.blender.org
mtllib pizza_shop_lvl3.mtl
o PizzaShop
v 2.875000 2.695000 1.504244
v 2.875000 3.315000 1.504244
v 2.875000 2.695000 0.554244
v 2.875000 3.315000 0.554244
v 3.295000 2.695000 1.504244
v 3.295000 3.315000 1.504244
v 3.295000 2.695000 0.554244
v 3.295000 3.315000 0.554244
v -5.125000 0.005000 2.529244
v -5.125000 4.005000 2.529244
v -5.125000 0.005000 -3.470756
v -5.125000 4.005000 -3.470756
v 2.875000 0.005000 2.529244
v 2.875000 4.005000 2.529244
v 2.875000 0.005000 -3.470756
v 2.875000 4.005000 -3.470756
v -5.275000 0.000000 2.679245
v -5.275000 0.350000 2.679245
v -5.275000 0.000000 -3.620756
v -5.275000 0.350000 -3.620756
v 3.025000 0.000000 2.679245
v 3.025000 0.350000 2.679245
v 3.025000 0.000000 -3.620756
v 3.025000 0.350000 -3.620756
v -5.199999 3.995000 2.604244
v -5.199999 4.115000 2.604244
v -5.199999 3.995000 -3.545756
v -5.199999 4.115000 -3.545756
v 2.950000 3.995000 2.604244
v 2.950000 4.115000 2.604244
v 2.950000 3.995000 -3.545756
v 2.950000 4.115000 -3.545756
v -5.275000 4.054999 2.639245
v -5.275000 4.195000 2.639245
v -5.275000 4.054999 2.459244
v -5.275000 4.195000 2.459244
v 3.025000 4.054999 2.639245
v 3.025000 4.195000 2.639245
v 3.025000 4.054999 2.459244
v 3.025000 4.195000 2.459244
v -5.275000 4.054999 -3.400755
v -5.275000 4.195000 -3.400755
v -5.275000 4.054999 -3.580756
v -5.275000 4.195000 -3.580756
v 3.025000 4.054999 -3.400755
v 3.025000 4.195000 -3.400755
v 3.025000 4.054999 -3.580756
v 3.025000 4.195000 -3.580756
v -5.235000 4.054999 2.679245
v -5.235000 4.195000 2.679245
v -5.235000 4.054999 -3.620756
v -5.235000 4.195000 -3.620756
v -5.055000 4.054999 2.679245
v -5.055000 4.195000 2.679245
v -5.055000 4.054999 -3.620756
v -5.055000 4.195000 -3.620756
v 2.805000 4.054999 2.679245
v 2.805000 4.195000 2.679245
v 2.805000 4.054999 -3.620756
v 2.805000 4.195000 -3.620756
v 2.985000 4.054999 2.679245
v 2.985000 4.195000 2.679245
v 2.985000 4.054999 -3.620756
v 2.985000 4.195000 -3.620756
v -5.204999 0.005000 2.609244
v -5.204999 4.005000 2.609244
v -5.204999 0.005000 2.449244
v -5.204999 4.005000 2.449244
v -5.045000 0.005000 2.609244
v -5.045000 4.005000 2.609244
v -5.045000 0.005000 2.449244
v -5.045000 4.005000 2.449244
v 2.795000 0.005000 2.609244
v 2.795000 4.005000 2.609244
v 2.795000 0.005000 2.449244
v 2.795000 4.005000 2.449244
v 2.955000 0.005000 2.609244
v 2.955000 4.005000 2.609244
v 2.955000 0.005000 2.449244
v 2.955000 4.005000 2.449244
v -4.974999 2.680000 2.659245
v -4.974999 3.830000 2.659245
v -4.974999 2.680000 2.519244
v -4.974999 3.830000 2.519244
v 2.725000 2.680000 2.659245
v 2.725000 3.830000 2.659245
v 2.725000 2.680000 2.519244
v 2.725000 3.830000 2.519244
v -4.974999 3.825000 2.679245
v -4.974999 3.885000 2.679245
v -4.974999 3.825000 2.519244
v -4.974999 3.885000 2.519244
v 2.725000 3.825000 2.679245
v 2.725000 3.885000 2.679245
v 2.725000 3.825000 2.519244
v 2.725000 3.885000 2.519244
v -4.974999 2.625000 2.679245
v -4.974999 2.685000 2.679245
v -4.974999 2.625000 2.519244
v -4.974999 2.685000 2.519244
v 2.725000 2.625000 2.679245
v 2.725000 2.685000 2.679245
v 2.725000 2.625000 2.519244
v 2.725000 2.685000 2.519244
v -1.016260 2.835000 2.748245
v -1.099980 3.019920 2.748245
v -1.366780 3.019920 2.748245
v -1.445900 2.835000 2.748245
v -1.537900 2.835000 2.748245
v -1.268340 3.466120 2.748245
v -1.204860 3.466120 2.748245
v -0.924260 2.835000 2.748245
v -1.136780 3.100880 2.748245
v -1.237980 3.328120 2.748245
v -1.331820 3.100880 2.748245
v -2.092660 3.462440 2.748245
v -1.551700 3.462440 2.748245
v -1.950980 2.915960 2.748245
v -1.551700 2.915960 2.748245
v -1.551700 2.835000 2.748245
v -2.117500 2.835000 2.748245
v -1.718220 3.381480 2.748245
v -2.092660 3.381480 2.748245
v -2.686980 3.462440 2.748245
v -2.146020 3.462440 2.748245
v -2.545300 2.915960 2.748245
v -2.146020 2.915960 2.748245
v -2.146020 2.835000 2.748245
v -2.711820 2.835000 2.748245
v -2.312540 3.381480 2.748245
v -2.686980 3.381480 2.748245
v -2.886620 2.835000 2.748245
v -2.886620 3.462440 2.748245
v -2.796460 3.462440 2.748245
v -2.796460 2.835000 2.748245
v -3.132655 3.460789 2.748245
v -3.102995 3.455983 2.748245
v -3.076356 3.448237 2.748245
v -3.052697 3.437770 2.748245
v -3.031977 3.424798 2.748245
v -3.014155 3.409540 2.748245
v -2.999189 3.392211 2.748245
v -2.987036 3.373029 2.748245
v -2.977657 3.352212 2.748245
v -2.971009 3.329977 2.748245
v -2.967050 3.306540 2.748245
v -2.965740 3.282120 2.748245
v -2.967128 3.257983 2.748245
v -2.971319 3.234923 2.748245
v -2.978361 3.213134 2.748245
v -2.988297 3.192811 2.748245
v -3.001172 3.174150 2.748245
v -3.017030 3.157345 2.748245
v -3.035917 3.142590 2.748245
v -3.057876 3.130081 2.748245
v -3.082954 3.120013 2.748245
v -3.111193 3.112580 2.748245
v -3.142641 3.107977 2.748245
v -3.177340 3.106400 2.748245
v -3.271180 3.106400 2.748245
v -3.271180 2.835000 2.748245
v -3.361340 2.835000 2.748245
v -3.361340 3.462440 2.748245
v -3.165380 3.462440 2.748245
v -3.169060 3.187360 2.748245
v -3.152780 3.188102 2.748245
v -3.137563 3.190307 2.748245
v -3.123477 3.193944 2.748245
v -3.110589 3.198979 2.748245
v -3.098966 3.205382 2.748245
v -3.088675 3.213120 2.748245
v -3.079783 3.222161 2.748245
v -3.072358 3.232474 2.748245
v -3.066466 3.244026 2.748245
v -3.062174 3.256786 2.748245
v -3.059550 3.270721 2.748245
v -3.058660 3.285800 2.748245
v -3.059196 3.297346 2.748245
v -3.060879 3.308859 2.748245
v -3.063821 3.320156 2.748245
v -3.068133 3.331050 2.748245
v -3.073927 3.341357 2.748245
v -3.081315 3.350890 2.748245
v -3.090409 3.359465 2.748245
v -3.101321 3.366896 2.748245
v -3.114162 3.372998 2.748245
v -3.129044 3.377587 2.748245
v -3.146080 3.380476 2.748245
v -3.165380 3.381480 2.748245
v -3.271180 3.381480 2.748245
v -3.271180 3.187360 2.748245
v -1.016260 2.835000 2.630244
v -1.099980 3.019920 2.630244
v -1.366780 3.019920 2.630244
v -1.445900 2.835000 2.630244
v -1.537900 2.835000 2.630244
v -1.268340 3.466120 2.630244
v -1.204860 3.466120 2.630244
v -0.924260 2.835000 2.630244
v -1.136780 3.100880 2.630244
v -1.237980 3.328120 2.630244
v -1.331820 3.100880 2.630244
v -2.092660 3.462440 2.630244
v -1.551700 3.462440 2.630244
v -1.950980 2.915960 2.630244
v -1.551700 2.915960 2.630244
v -1.551700 2.835000 2.630244
v -2.117500 2.835000 2.630244
v -1.718220 3.381480 2.630244
v -2.092660 3.381480 2.630244
v -2.686980 3.462440 2.630244
v -2.146020 3.462440 2.630244
v -2.545300 2.915960 2.630244
v -2.146020 2.915960 2.630244
v -2.146020 2.835000 2.630244
v -2.711820 2.835000 2.630244
v -2.312540 3.381480 2.630244
v -2.686980 3.381480 2.630244
v -2.886620 2.835000 2.630244
v -2.886620 3.462440 2.630244
v -2.796460 3.462440 2.630244
v -2.796460 2.835000 2.630244
v -3.132655 3.460789 2.630244
v -3.102995 3.455983 2.630244
v -3.076356 3.448237 2.630244
v -3.052697 3.437770 2.630244
v -3.031977 3.424798 2.630244
v -3.014155 3.409540 2.630244
v -2.999189 3.392211 2.630244
v -2.987036 3.373029 2.630244
v -2.977657 3.352212 2.630244
v -2.971009 3.329977 2.630244
v -2.967050 3.306540 2.630244
v -2.965740 3.282120 2.630244
v -2.967128 3.257983 2.630244
v -2.971319 3.234923 2.630244
v -2.978361 3.213134 2.630244
v -2.988297 3.192811 2.630244
v -3.001172 3.174150 2.630244
v -3.017030 3.157345 2.630244
v -3.035917 3.142590 2.630244
v -3.057876 3.130081 2.630244
v -3.082954 3.120013 2.630244
v -3.111193 3.112580 2.630244
v -3.142641 3.107977 2.630244
v -3.177340 3.106400 2.630244
v -3.271180 3.106400 2.630244
v -3.271180 2.835000 2.630244
v -3.361340 2.835000 2.630244
v -3.361340 3.462440 2.630244
v -3.165380 3.462440 2.630244
v -3.169060 3.187360 2.630244
v -3.152780 3.188102 2.630244
v -3.137563 3.190307 2.630244
v -3.123477 3.193944 2.630244
v -3.110589 3.198979 2.630244
v -3.098966 3.205382 2.630244
v -3.088675 3.213120 2.630244
v -3.079783 3.222161 2.630244
v -3.072358 3.232474 2.630244
v -3.066466 3.244026 2.630244
v -3.062174 3.256786 2.630244
v -3.059550 3.270721 2.630244
v -3.058660 3.285800 2.630244
v -3.059196 3.297346 2.630244
v -3.060879 3.308859 2.630244
v -3.063821 3.320156 2.630244
v -3.068133 3.331050 2.630244
v -3.073927 3.341357 2.630244
v -3.081315 3.350890 2.630244
v -3.090409 3.359465 2.630244
v -3.101321 3.366896 2.630244
v -3.114162 3.372998 2.630244
v -3.129044 3.377587 2.630244
v -3.146080 3.380476 2.630244
v -3.165380 3.381480 2.630244
v -3.271180 3.381480 2.630244
v -3.271180 3.187360 2.630244
v -3.132655 3.460789 2.630244
v -3.132525 3.462020 2.630440
v -3.132407 3.463131 2.631008
v -3.132314 3.464012 2.631893
v -3.132254 3.464578 2.633008
v -3.132234 3.464773 2.634244
v -3.132234 3.464773 2.744245
v -3.132254 3.464578 2.745481
v -3.132314 3.464012 2.746596
v -3.132407 3.463131 2.747480
v -3.132525 3.462020 2.748049
v -3.132655 3.460789 2.748245
v -3.102995 3.455983 2.630244
v -3.102722 3.457191 2.630440
v -3.102476 3.458281 2.631008
v -3.102281 3.459145 2.631893
v -3.102156 3.459701 2.633008
v -3.102113 3.459892 2.634244
v -3.102113 3.459892 2.744245
v -3.102156 3.459701 2.745481
v -3.102281 3.459145 2.746596
v -3.102476 3.458281 2.747480
v -3.102722 3.457191 2.748049
v -3.102995 3.455983 2.748245
v -3.076356 3.448237 2.630244
v -3.075931 3.449401 2.630440
v -3.075548 3.450451 2.631008
v -3.075244 3.451284 2.631893
v -3.075050 3.451819 2.633008
v -3.074982 3.452003 2.634244
v -3.074982 3.452003 2.744245
v -3.075050 3.451819 2.745481
v -3.075244 3.451284 2.746596
v -3.075548 3.450451 2.747480
v -3.075931 3.449401 2.748049
v -3.076356 3.448237 2.748245
v -3.052697 3.437770 2.630244
v -3.052116 3.438865 2.630440
v -3.051592 3.439852 2.631008
v -3.051176 3.440636 2.631893
v -3.050909 3.441139 2.633008
v -3.050817 3.441312 2.634244
v -3.050817 3.441312 2.744245
v -3.050909 3.441139 2.745481
v -3.051176 3.440636 2.746596
v -3.051592 3.439852 2.747480
v -3.052116 3.438865 2.748049
v -3.052697 3.437770 2.748245
v -3.031977 3.424798 2.630244
v -3.031244 3.425797 2.630440
v -3.030581 3.426698 2.631008
v -3.030056 3.427413 2.631893
v -3.029718 3.427873 2.633008
v -3.029602 3.428031 2.634244
v -3.029602 3.428031 2.744245
v -3.029718 3.427873 2.745481
v -3.030056 3.427413 2.746596
v -3.030581 3.426698 2.747480
v -3.031244 3.425797 2.748049
v -3.031977 3.424798 2.748245
v -3.014155 3.409540 2.630244
v -3.013281 3.410418 2.630440
v -3.012491 3.411211 2.631008
v -3.011865 3.411839 2.631893
v -3.011463 3.412243 2.633008
v -3.011325 3.412382 2.634244
v -3.011325 3.412382 2.744245
v -3.011463 3.412243 2.745481
v -3.011865 3.411839 2.746596
v -3.012491 3.411211 2.747480
v -3.013281 3.410418 2.748049
v -3.014155 3.409540 2.748245
v -2.999189 3.392211 2.630244
v -2.998193 3.392950 2.630440
v -2.997296 3.393616 2.631008
v -2.996583 3.394145 2.631893
v -2.996125 3.394485 2.633008
v -2.995968 3.394602 2.634244
v -2.995968 3.394602 2.744245
v -2.996125 3.394485 2.745481
v -2.996583 3.394145 2.746596
v -2.997296 3.393616 2.747480
v -2.998193 3.392950 2.748049
v -2.999189 3.392211 2.748245
v -2.987036 3.373029 2.630244
v -2.985945 3.373617 2.630440
v -2.984961 3.374147 2.631008
v -2.984180 3.374568 2.631893
v -2.983679 3.374838 2.633008
v -2.983505 3.374931 2.634244
v -2.983505 3.374931 2.744245
v -2.983679 3.374838 2.745481
v -2.984180 3.374568 2.746596
v -2.984961 3.374147 2.747480
v -2.985945 3.373617 2.748049
v -2.987036 3.373029 2.748245
v -2.977657 3.352212 2.630244
v -2.976496 3.352645 2.630440
v -2.975449 3.353036 2.631008
v -2.974618 3.353345 2.631893
v -2.974085 3.353544 2.633008
v -2.973901 3.353613 2.634244
v -2.973901 3.353613 2.744245
v -2.974085 3.353544 2.745481
v -2.974618 3.353345 2.746596
v -2.975449 3.353036 2.747480
v -2.976496 3.352645 2.748049
v -2.977657 3.352212 2.748245
v -2.971009 3.329977 2.630244
v -2.969803 3.330258 2.630440
v -2.968714 3.330511 2.631008
v -2.967851 3.330713 2.631893
v -2.967297 3.330842 2.633008
v -2.967106 3.330886 2.634244
v -2.967106 3.330886 2.744245
v -2.967297 3.330842 2.745481
v -2.967851 3.330713 2.746596
v -2.968714 3.330511 2.747480
v -2.969803 3.330258 2.748049
v -2.971009 3.329977 2.748245
v -2.967050 3.306540 2.630244
v -2.965820 3.306677 2.630440
v -2.964710 3.306800 2.631008
v -2.963829 3.306898 2.631893
v -2.963263 3.306960 2.633008
v -2.963068 3.306982 2.634244
v -2.963068 3.306982 2.744245
v -2.963263 3.306960 2.745481
v -2.963829 3.306898 2.746596
v -2.964710 3.306800 2.747480
v -2.965820 3.306677 2.748049
v -2.967050 3.306540 2.748245
v -2.965740 3.282120 2.630244
v -2.964502 3.282117 2.630440
v -2.963385 3.282115 2.631008
v -2.962499 3.282114 2.631893
v -2.961930 3.282113 2.633008
v -2.961734 3.282112 2.634244
v -2.961734 3.282112 2.744245
v -2.961930 3.282113 2.745481
v -2.962499 3.282114 2.746596
v -2.963385 3.282115 2.747480
v -2.964502 3.282117 2.748049
v -2.965740 3.282120 2.748245
v -2.967128 3.257983 2.630244
v -2.965898 3.257837 2.630440
v -2.964788 3.257704 2.631008
v -2.963908 3.257599 2.631893
v -2.963343 3.257532 2.633008
v -2.963148 3.257509 2.634244
v -2.963148 3.257509 2.744245
v -2.963343 3.257532 2.745481
v -2.963908 3.257599 2.746596
v -2.964788 3.257704 2.747480
v -2.965898 3.257837 2.748049
v -2.967128 3.257983 2.748245
v -2.971319 3.234923 2.630244
v -2.970118 3.234621 2.630440
v -2.969034 3.234349 2.631008
v -2.968174 3.234133 2.631893
v -2.967622 3.233994 2.633008
v -2.967431 3.233946 2.634244
v -2.967431 3.233946 2.744245
v -2.967622 3.233994 2.745481
v -2.968174 3.234133 2.746596
v -2.969034 3.234349 2.747480
v -2.970118 3.234621 2.748049
v -2.971319 3.234923 2.748245
v -2.978361 3.213134 2.630244
v -2.977212 3.212670 2.630440
v -2.976176 3.212252 2.631008
v -2.975353 3.211920 2.631893
v -2.974825 3.211707 2.633008
v -2.974643 3.211633 2.634244
v -2.974643 3.211633 2.744245
v -2.974825 3.211707 2.745481
v -2.975353 3.211920 2.746596
v -2.976176 3.212252 2.747480
v -2.977212 3.212670 2.748049
v -2.978361 3.213134 2.748245
v -2.988297 3.192811 2.630244
v -2.987227 3.192186 2.630440
v -2.986262 3.191621 2.631008
v -2.985496 3.191173 2.631893
v -2.985005 3.190885 2.633008
v -2.984835 3.190786 2.634244
v -2.984835 3.190786 2.744245
v -2.985005 3.190885 2.745481
v -2.985496 3.191173 2.746596
v -2.986262 3.191621 2.747480
v -2.987227 3.192186 2.748049
v -2.988297 3.192811 2.748245
v -3.001172 3.174150 2.630244
v -3.000208 3.173371 2.630440
v -2.999338 3.172667 2.631008
v -2.998648 3.172109 2.631893
v -2.998205 3.171751 2.633008
v -2.998053 3.171627 2.634244
v -2.998053 3.171627 2.744245
v -2.998205 3.171751 2.745481
v -2.998648 3.172109 2.746596
v -2.999338 3.172667 2.747480
v -3.000208 3.173371 2.748049
v -3.001172 3.174150 2.748245
v -3.017030 3.157345 2.630244
v -3.016195 3.156428 2.630440
v -3.015442 3.155602 2.631008
v -3.014845 3.154946 2.631893
v -3.014461 3.154524 2.633008
v -3.014329 3.154379 2.634244
v -3.014329 3.154379 2.744245
v -3.014461 3.154524 2.745481
v -3.014845 3.154946 2.746596
v -3.015442 3.155602 2.747480
v -3.016195 3.156428 2.748049
v -3.017030 3.157345 2.748245
v -3.035917 3.142590 2.630244
v -3.035227 3.141561 2.630440
v -3.034604 3.140632 2.631008
v -3.034110 3.139895 2.631893
v -3.033793 3.139422 2.633008
v -3.033684 3.139259 2.634244
v -3.033684 3.139259 2.744245
v -3.033793 3.139422 2.745481
v -3.034110 3.139895 2.746596
v -3.034604 3.140632 2.747480
v -3.035227 3.141561 2.748049
v -3.035917 3.142590 2.748245
v -3.057876 3.130081 2.630244
v -3.057338 3.128966 2.630440
v -3.056852 3.127959 2.631008
v -3.056466 3.127160 2.631893
v -3.056218 3.126647 2.633008
v -3.056134 3.126471 2.634244
v -3.056134 3.126471 2.744245
v -3.056218 3.126647 2.745481
v -3.056466 3.127160 2.746596
v -3.056852 3.127959 2.747480
v -3.057338 3.128966 2.748049
v -3.057876 3.130081 2.748245
v -3.082954 3.120013 2.630244
v -3.082565 3.118837 2.630440
v -3.082214 3.117776 2.631008
v -3.081935 3.116935 2.631893
v -3.081756 3.116394 2.633008
v -3.081695 3.116208 2.634244
v -3.081695 3.116208 2.744245
v -3.081756 3.116394 2.745481
v -3.081935 3.116935 2.746596
v -3.082214 3.117776 2.747480
v -3.082565 3.118837 2.748049
v -3.082954 3.120013 2.748245
v -3.111193 3.112580 2.630244
v -3.110946 3.111367 2.630440
v -3.110723 3.110273 2.631008
v -3.110545 3.109404 2.631893
v -3.110432 3.108847 2.633008
v -3.110392 3.108655 2.634244
v -3.110392 3.108655 2.744245
v -3.110432 3.108847 2.745481
v -3.110545 3.109404 2.746596
v -3.110723 3.110273 2.747480
v -3.110946 3.111367 2.748049
v -3.111193 3.112580 2.748245
v -3.142641 3.107977 2.630244
v -3.142523 3.106745 2.630440
v -3.142417 3.105634 2.631008
v -3.142332 3.104752 2.631893
v -3.142278 3.104186 2.633008
v -3.142259 3.103991 2.634244
v -3.142259 3.103991 2.744245
v -3.142278 3.104186 2.745481
v -3.142332 3.104752 2.746596
v -3.142417 3.105634 2.747480
v -3.142523 3.106745 2.748049
v -3.142641 3.107977 2.748245
v -3.177340 3.106400 2.630244
v -3.177312 3.105164 2.630440
v -3.177286 3.104049 2.631008
v -3.177266 3.103164 2.631893
v -3.177253 3.102596 2.633008
v -3.177249 3.102400 2.634244
v -3.177249 3.102400 2.744245
v -3.177253 3.102596 2.745481
v -3.177266 3.103164 2.746596
v -3.177286 3.104049 2.747480
v -3.177312 3.105164 2.748049
v -3.177340 3.106400 2.748245
v -3.271180 3.106400 2.630244
v -3.269944 3.105164 2.630440
v -3.268829 3.104049 2.631008
v -3.267944 3.103164 2.631893
v -3.267376 3.102596 2.633008
v -3.267180 3.102400 2.634244
v -3.267180 3.102400 2.744245
v -3.267376 3.102596 2.745481
v -3.267944 3.103164 2.746596
v -3.268829 3.104049 2.747480
v -3.269944 3.105164 2.748049
v -3.271180 3.106400 2.748245
v -3.271180 2.835000 2.630244
v -3.269944 2.833764 2.630440
v -3.268829 2.832649 2.631008
v -3.267944 2.831764 2.631893
v -3.267376 2.831196 2.633008
v -3.267180 2.831000 2.634244
v -3.267180 2.831000 2.744245
v -3.267376 2.831196 2.745481
v -3.267944 2.831764 2.746596
v -3.268829 2.832649 2.747480
v -3.269944 2.833764 2.748049
v -3.271180 2.835000 2.748245
v -3.361340 2.835000 2.630244
v -3.362576 2.833764 2.630440
v -3.363691 2.832649 2.631008
v -3.364576 2.831764 2.631893
v -3.365144 2.831196 2.633008
v -3.365340 2.831000 2.634244
v -3.365340 2.831000 2.744245
v -3.365144 2.831196 2.745481
v -3.364576 2.831764 2.746596
v -3.363691 2.832649 2.747480
v -3.362576 2.833764 2.748049
v -3.361340 2.835000 2.748245
v -3.361340 3.462440 2.630244
v -3.362576 3.463676 2.630440
v -3.363691 3.464791 2.631008
v -3.364576 3.465676 2.631893
v -3.365144 3.466244 2.633008
v -3.365340 3.466440 2.634244
v -3.365340 3.466440 2.744245
v -3.365144 3.466244 2.745481
v -3.364576 3.465676 2.746596
v -3.363691 3.464791 2.747480
v -3.362576 3.463676 2.748049
v -3.361340 3.462440 2.748245
v -3.165380 3.462440 2.630244
v -3.165349 3.463676 2.630440
v -3.165321 3.464791 2.631008
v -3.165299 3.465676 2.631893
v -3.165284 3.466244 2.633008
v -3.165279 3.466440 2.634244
v -3.165279 3.466440 2.744245
v -3.165284 3.466244 2.745481
v -3.165299 3.465676 2.746596
v -3.165321 3.464791 2.747480
v -3.165349 3.463676 2.748049
v -3.165380 3.462440 2.748245
v -3.169060 3.187360 2.630244
v -3.169088 3.188596 2.630440
v -3.169114 3.189711 2.631008
v -3.169134 3.190596 2.631893
v -3.169147 3.191164 2.633008
v -3.169151 3.191360 2.634244
v -3.169151 3.191360 2.744245
v -3.169147 3.191164 2.745481
v -3.169134 3.190596 2.746596
v -3.169114 3.189711 2.747480
v -3.169088 3.188596 2.748049
v -3.169060 3.187360 2.748245
v -3.152780 3.188102 2.630244
v -3.152897 3.189334 2.630440
v -3.153003 3.190445 2.631008
v -3.153086 3.191327 2.631893
v -3.153140 3.191894 2.633008
v -3.153158 3.192089 2.634244
v -3.153158 3.192089 2.744245
v -3.153140 3.191894 2.745481
v -3.153086 3.191327 2.746596
v -3.153003 3.190445 2.747480
v -3.152897 3.189334 2.748049
v -3.152780 3.188102 2.748245
v -3.137563 3.190307 2.630244
v -3.137807 3.191521 2.630440
v -3.138027 3.192616 2.631008
v -3.138201 3.193485 2.631893
v -3.138313 3.194042 2.633008
v -3.138352 3.194235 2.634244
v -3.138352 3.194235 2.744245
v -3.138313 3.194042 2.745481
v -3.138201 3.193485 2.746596
v -3.138027 3.192616 2.747480
v -3.137807 3.191521 2.748049
v -3.137563 3.190307 2.748245
v -3.123477 3.193944 2.630244
v -3.123858 3.195122 2.630440
v -3.124201 3.196185 2.631008
v -3.124474 3.197028 2.631893
v -3.124649 3.197570 2.633008
v -3.124709 3.197757 2.634244
v -3.124709 3.197757 2.744245
v -3.124649 3.197570 2.745481
v -3.124474 3.197028 2.746596
v -3.124201 3.196185 2.747480
v -3.123858 3.195122 2.748049
v -3.123477 3.193944 2.748245
v -3.110589 3.198979 2.630244
v -3.111114 3.200101 2.630440
v -3.111588 3.201113 2.631008
v -3.111964 3.201916 2.631893
v -3.112206 3.202431 2.633008
v -3.112289 3.202609 2.634244
v -3.112289 3.202609 2.744245
v -3.112206 3.202431 2.745481
v -3.111964 3.201916 2.746596
v -3.111588 3.201113 2.747480
v -3.111114 3.200101 2.748049
v -3.110589 3.198979 2.748245
v -3.098966 3.205382 2.630244
v -3.099639 3.206422 2.630440
v -3.100246 3.207361 2.631008
v -3.100728 3.208106 2.631893
v -3.101037 3.208584 2.633008
v -3.101144 3.208749 2.634244
v -3.101144 3.208749 2.744245
v -3.101037 3.208584 2.745481
v -3.100728 3.208106 2.746596
v -3.100246 3.207361 2.747480
v -3.099639 3.206422 2.748049
v -3.098966 3.205382 2.748245
v -3.088675 3.213120 2.630244
v -3.089492 3.214052 2.630440
v -3.090228 3.214894 2.631008
v -3.090813 3.215561 2.631893
v -3.091188 3.215990 2.633008
v -3.091317 3.216137 2.634244
v -3.091317 3.216137 2.744245
v -3.091188 3.215990 2.745481
v -3.090813 3.215561 2.746596
v -3.090228 3.214894 2.747480
v -3.089492 3.214052 2.748049
v -3.088675 3.213120 2.748245
v -3.079783 3.222161 2.630244
v -3.080731 3.222960 2.630440
v -3.081586 3.223681 2.631008
v -3.082264 3.224253 2.631893
v -3.082700 3.224621 2.633008
v -3.082850 3.224747 2.634244
v -3.082850 3.224747 2.744245
v -3.082700 3.224621 2.745481
v -3.082264 3.224253 2.746596
v -3.081586 3.223681 2.747480
v -3.080731 3.222960 2.748049
v -3.079783 3.222161 2.748245
v -3.072358 3.232474 2.630244
v -3.073416 3.233119 2.630440
v -3.074371 3.233702 2.631008
v -3.075128 3.234164 2.631893
v -3.075615 3.234461 2.633008
v -3.075783 3.234563 2.634244
v -3.075783 3.234563 2.744245
v -3.075615 3.234461 2.745481
v -3.075128 3.234164 2.746596
v -3.074371 3.233702 2.747480
v -3.073416 3.233119 2.748049
v -3.072358 3.232474 2.748245
v -3.066466 3.244026 2.630244
v -3.067608 3.244506 2.630440
v -3.068639 3.244940 2.631008
v -3.069457 3.245284 2.631893
v -3.069982 3.245505 2.633008
v -3.070163 3.245581 2.634244
v -3.070163 3.245581 2.744245
v -3.069982 3.245505 2.745481
v -3.069457 3.245284 2.746596
v -3.068639 3.244940 2.747480
v -3.067608 3.244506 2.748049
v -3.066466 3.244026 2.748245
v -3.062174 3.256786 2.630244
v -3.063373 3.257099 2.630440
v -3.064454 3.257381 2.631008
v -3.065313 3.257605 2.631893
v -3.065864 3.257749 2.633008
v -3.066054 3.257798 2.634244
v -3.066054 3.257798 2.744245
v -3.065864 3.257749 2.745481
v -3.065313 3.257605 2.746596
v -3.064454 3.257381 2.747480
v -3.063373 3.257099 2.748049
v -3.062174 3.256786 2.748245
v -3.059550 3.270721 2.630244
v -3.060779 3.270872 2.630440
v -3.061888 3.271009 2.631008
v -3.062768 3.271117 2.631893
v -3.063333 3.271187 2.633008
v -3.063528 3.271211 2.634244
v -3.063528 3.271211 2.744245
v -3.063333 3.271187 2.745481
v -3.062768 3.271117 2.746596
v -3.061888 3.271009 2.747480
v -3.060779 3.270872 2.748049
v -3.059550 3.270721 2.748245
v -3.058660 3.285800 2.630244
v -3.059898 3.285808 2.630440
v -3.061014 3.285815 2.631008
v -3.061900 3.285820 2.631893
v -3.062470 3.285824 2.633008
v -3.062665 3.285825 2.634244
v -3.062665 3.285825 2.744245
v -3.062470 3.285824 2.745481
v -3.061900 3.285820 2.746596
v -3.061014 3.285815 2.747480
v -3.059898 3.285808 2.748049
v -3.058660 3.285800 2.748245
v -3.059196 3.297346 2.630244
v -3.060428 3.297227 2.630440
v -3.061539 3.297120 2.631008
v -3.062421 3.297036 2.631893
v -3.062988 3.296981 2.633008
v -3.063183 3.296962 2.634244
v -3.063183 3.296962 2.744245
v -3.062988 3.296981 2.745481
v -3.062421 3.297036 2.746596
v -3.061539 3.297120 2.747480
v -3.060428 3.297227 2.748049
v -3.059196 3.297346 2.748245
v -3.060879 3.308859 2.630244
v -3.062092 3.308614 2.630440
v -3.063187 3.308392 2.631008
v -3.064055 3.308216 2.631893
v -3.064613 3.308103 2.633008
v -3.064805 3.308064 2.634244
v -3.064805 3.308064 2.744245
v -3.064613 3.308103 2.745481
v -3.064055 3.308216 2.746596
v -3.063187 3.308392 2.747480
v -3.062092 3.308614 2.748049
v -3.060879 3.308859 2.748245
v -3.063821 3.320156 2.630244
v -3.064998 3.319772 2.630440
v -3.066060 3.319424 2.631008
v -3.066902 3.319149 2.631893
v -3.067444 3.318972 2.633008
v -3.067630 3.318911 2.634244
v -3.067630 3.318911 2.744245
v -3.067444 3.318972 2.745481
v -3.066902 3.319149 2.746596
v -3.066060 3.319424 2.747480
v -3.064998 3.319772 2.748049
v -3.063821 3.320156 2.748245
v -3.068133 3.331050 2.630244
v -3.069251 3.330518 2.630440
v -3.070260 3.330037 2.631008
v -3.071061 3.329655 2.631893
v -3.071575 3.329411 2.633008
v -3.071752 3.329326 2.634244
v -3.071752 3.329326 2.744245
v -3.071575 3.329411 2.745481
v -3.071061 3.329655 2.746596
v -3.070260 3.330037 2.747480
v -3.069251 3.330518 2.748049
v -3.068133 3.331050 2.748245
v -3.073927 3.341357 2.630244
v -3.074960 3.340671 2.630440
v -3.075891 3.340053 2.631008
v -3.076631 3.339563 2.631893
v -3.077105 3.339248 2.633008
v -3.077269 3.339139 2.634244
v -3.077269 3.339139 2.744245
v -3.077105 3.339248 2.745481
v -3.076631 3.339563 2.746596
v -3.075891 3.340053 2.747480
v -3.074960 3.340671 2.748049
v -3.073927 3.341357 2.748245
v -3.081315 3.350890 2.630244
v -3.082233 3.350056 2.630440
v -3.083061 3.349305 2.631008
v -3.083719 3.348708 2.631893
v -3.084141 3.348325 2.633008
v -3.084286 3.348193 2.634244
v -3.084286 3.348193 2.744245
v -3.084141 3.348325 2.745481
v -3.083719 3.348708 2.746596
v -3.083061 3.349305 2.747480
v -3.082233 3.350056 2.748049
v -3.081315 3.350890 2.748245
v -3.090409 3.359465 2.630244
v -3.091186 3.358498 2.630440
v -3.091887 3.357626 2.631008
v -3.092443 3.356934 2.631893
v -3.092799 3.356490 2.633008
v -3.092922 3.356337 2.634244
v -3.092922 3.356337 2.744245
v -3.092799 3.356490 2.745481
v -3.092443 3.356934 2.746596
v -3.091887 3.357626 2.747480
v -3.091186 3.358498 2.748049
v -3.090409 3.359465 2.748245
v -3.101321 3.366896 2.630244
v -3.101938 3.365821 2.630440
v -3.102494 3.364851 2.631008
v -3.102936 3.364081 2.631893
v -3.103219 3.363586 2.633008
v -3.103317 3.363416 2.634244
v -3.103317 3.363416 2.744245
v -3.103219 3.363586 2.745481
v -3.102936 3.364081 2.746596
v -3.102494 3.364851 2.747480
v -3.101938 3.365821 2.748049
v -3.101321 3.366896 2.748245
v -3.114162 3.372998 2.630244
v -3.114612 3.371844 2.630440
v -3.115017 3.370802 2.631008
v -3.115339 3.369975 2.631893
v -3.115546 3.369444 2.633008
v -3.115617 3.369262 2.634244
v -3.115617 3.369262 2.744245
v -3.115546 3.369444 2.745481
v -3.115339 3.369975 2.746596
v -3.115017 3.370802 2.747480
v -3.114612 3.371844 2.748049
v -3.114162 3.372998 2.748245
v -3.129044 3.377587 2.630244
v -3.129331 3.376382 2.630440
v -3.129589 3.375294 2.631008
v -3.129795 3.374432 2.631893
v -3.129926 3.373878 2.633008
v -3.129972 3.373687 2.634244
v -3.129972 3.373687 2.744245
v -3.129926 3.373878 2.745481
v -3.129795 3.374432 2.746596
v -3.129589 3.375294 2.747480
v -3.129331 3.376382 2.748049
v -3.129044 3.377587 2.748245
v -3.146080 3.380476 2.630244
v -3.146216 3.379245 2.630440
v -3.146338 3.378135 2.631008
v -3.146435 3.377254 2.631893
v -3.146498 3.376688 2.633008
v -3.146519 3.376493 2.634244
v -3.146519 3.376493 2.744245
v -3.146498 3.376688 2.745481
v -3.146435 3.377254 2.746596
v -3.146338 3.378135 2.747480
v -3.146216 3.379245 2.748049
v -3.146080 3.380476 2.748245
v -3.165380 3.381480 2.630244
v -3.165412 3.380244 2.630440
v -3.165441 3.379129 2.631008
v -3.165464 3.378244 2.631893
v -3.165479 3.377676 2.633008
v -3.165484 3.377480 2.634244
v -3.165484 3.377480 2.744245
v -3.165479 3.377676 2.745481
v -3.165464 3.378244 2.746596
v -3.165441 3.379129 2.747480
v -3.165412 3.380244 2.748049
v -3.165380 3.381480 2.748245
v -3.271180 3.381480 2.630244
v -3.269944 3.380244 2.630440
v -3.268829 3.379129 2.631008
v -3.267944 3.378244 2.631893
v -3.267376 3.377676 2.633008
v -3.267180 3.377480 2.634244
v -3.267180 3.377480 2.744245
v -3.267376 3.377676 2.745481
v -3.267944 3.378244 2.746596
v -3.268829 3.379129 2.747480
v -3.269944 3.380244 2.748049
v -3.271180 3.381480 2.748245
v -3.271180 3.187360 2.630244
v -3.269944 3.188596 2.630440
v -3.268829 3.189711 2.631008
v -3.267944 3.190596 2.631893
v -3.267376 3.191164 2.633008
v -3.267180 3.191360 2.634244
v -3.267180 3.191360 2.744245
v -3.267376 3.191164 2.745481
v -3.267944 3.190596 2.746596
v -3.268829 3.189711 2.747480
v -3.269944 3.188596 2.748049
v -3.271180 3.187360 2.748245
v -2.886620 2.835000 2.630244
v -2.887856 2.833764 2.630440
v -2.888971 2.832649 2.631008
v -2.889856 2.831764 2.631893
v -2.890424 2.831196 2.633008
v -2.890620 2.831000 2.634244
v -2.890620 2.831000 2.744245
v -2.890424 2.831196 2.745481
v -2.889856 2.831764 2.746596
v -2.888971 2.832649 2.747480
v -2.887856 2.833764 2.748049
v -2.886620 2.835000 2.748245
v -2.886620 3.462440 2.630244
v -2.887856 3.463676 2.630440
v -2.888971 3.464791 2.631008
v -2.889856 3.465676 2.631893
v -2.890424 3.466244 2.633008
v -2.890620 3.466440 2.634244
v -2.890620 3.466440 2.744245
v -2.890424 3.466244 2.745481
v -2.889856 3.465676 2.746596
v -2.888971 3.464791 2.747480
v -2.887856 3.463676 2.748049
v -2.886620 3.462440 2.748245
v -2.796460 3.462440 2.630244
v -2.795224 3.463676 2.630440
v -2.794109 3.464791 2.631008
v -2.793224 3.465676 2.631893
v -2.792656 3.466244 2.633008
v -2.792460 3.466440 2.634244
v -2.792460 3.466440 2.744245
v -2.792656 3.466244 2.745481
v -2.793224 3.465676 2.746596
v -2.794109 3.464791 2.747480
v -2.795224 3.463676 2.748049
v -2.796460 3.462440 2.748245
v -2.796460 2.835000 2.630244
v -2.795224 2.833764 2.630440
v -2.794109 2.832649 2.631008
v -2.793224 2.831764 2.631893
v -2.792656 2.831196 2.633008
v -2.792460 2.831000 2.634244
v -2.792460 2.831000 2.744245
v -2.792656 2.831196 2.745481
v -2.793224 2.831764 2.746596
v -2.794109 2.832649 2.747480
v -2.795224 2.833764 2.748049
v -2.796460 2.835000 2.748245
v -2.686980 3.462440 2.630244
v -2.688216 3.463676 2.630440
v -2.689331 3.464791 2.631008
v -2.690216 3.465676 2.631893
v -2.690784 3.466244 2.633008
v -2.690980 3.466440 2.634244
v -2.690980 3.466440 2.744245
v -2.690784 3.466244 2.745481
v -2.690216 3.465676 2.746596
v -2.689331 3.464791 2.747480
v -2.688216 3.463676 2.748049
v -2.686980 3.462440 2.748245
v -2.146020 3.462440 2.630244
v -2.143586 3.463676 2.630440
v -2.141391 3.464791 2.631008
v -2.139648 3.465676 2.631893
v -2.138529 3.466244 2.633008
v -2.138144 3.466440 2.634244
v -2.138144 3.466440 2.744245
v -2.138529 3.466244 2.745481
v -2.139648 3.465676 2.746596
v -2.141391 3.464791 2.747480
v -2.143586 3.463676 2.748049
v -2.146020 3.462440 2.748245
v -2.545300 2.915960 2.630244
v -2.542866 2.917196 2.630440
v -2.540670 2.918311 2.631008
v -2.538928 2.919196 2.631893
v -2.537809 2.919764 2.633008
v -2.537423 2.919960 2.634244
v -2.537423 2.919960 2.744245
v -2.537809 2.919764 2.745481
v -2.538928 2.919196 2.746596
v -2.540670 2.918311 2.747480
v -2.542866 2.917196 2.748049
v -2.545300 2.915960 2.748245
v -2.146020 2.915960 2.630244
v -2.144784 2.917196 2.630440
v -2.143669 2.918311 2.631008
v -2.142784 2.919196 2.631893
v -2.142215 2.919764 2.633008
v -2.142020 2.919960 2.634244
v -2.142020 2.919960 2.744245
v -2.142215 2.919764 2.745481
v -2.142784 2.919196 2.746596
v -2.143669 2.918311 2.747480
v -2.144784 2.917196 2.748049
v -2.146020 2.915960 2.748245
v -2.146020 2.835000 2.630244
v -2.144784 2.833764 2.630440
v -2.143669 2.832649 2.631008
v -2.142784 2.831764 2.631893
v -2.142215 2.831196 2.633008
v -2.142020 2.831000 2.634244
v -2.142020 2.831000 2.744245
v -2.142215 2.831196 2.745481
v -2.142784 2.831764 2.746596
v -2.143669 2.832649 2.747480
v -2.144784 2.833764 2.748049
v -2.146020 2.835000 2.748245
v -2.711820 2.835000 2.630244
v -2.714254 2.833764 2.630440
v -2.716449 2.832649 2.631008
v -2.718192 2.831764 2.631893
v -2.719311 2.831196 2.633008
v -2.719696 2.831000 2.634244
v -2.719696 2.831000 2.744245
v -2.719311 2.831196 2.745481
v -2.718192 2.831764 2.746596
v -2.716449 2.832649 2.747480
v -2.714254 2.833764 2.748049
v -2.711820 2.835000 2.748245
v -2.312540 3.381480 2.630244
v -2.314974 3.380244 2.630440
v -2.317169 3.379129 2.631008
v -2.318912 3.378244 2.631893
v -2.320031 3.377676 2.633008
v -2.320416 3.377480 2.634244
v -2.320416 3.377480 2.744245
v -2.320031 3.377676 2.745481
v -2.318912 3.378244 2.746596
v -2.317169 3.379129 2.747480
v -2.314974 3.380244 2.748049
v -2.312540 3.381480 2.748245
v -2.686980 3.381480 2.630244
v -2.688216 3.380244 2.630440
v -2.689331 3.379129 2.631008
v -2.690216 3.378244 2.631893
v -2.690784 3.377676 2.633008
v -2.690980 3.377480 2.634244
v -2.690980 3.377480 2.744245
v -2.690784 3.377676 2.745481
v -2.690216 3.378244 2.746596
v -2.689331 3.379129 2.747480
v -2.688216 3.380244 2.748049
v -2.686980 3.381480 2.748245
v -2.092660 3.462440 2.630244
v -2.093896 3.463676 2.630440
v -2.095011 3.464791 2.631008
v -2.095896 3.465676 2.631893
v -2.096464 3.466244 2.633008
v -2.096660 3.466440 2.634244
v -2.096660 3.466440 2.744245
v -2.096464 3.466244 2.745481
v -2.095896 3.465676 2.746596
v -2.095011 3.464791 2.747480
v -2.093896 3.463676 2.748049
v -2.092660 3.462440 2.748245
v -1.551700 3.462440 2.630244
v -1.549266 3.463676 2.630440
v -1.547070 3.464791 2.631008
v -1.545327 3.465676 2.631893
v -1.544209 3.466244 2.633008
v -1.543823 3.466440 2.634244
v -1.543823 3.466440 2.744245
v -1.544209 3.466244 2.745481
v -1.545327 3.465676 2.746596
v -1.547070 3.464791 2.747480
v -1.549266 3.463676 2.748049
v -1.551700 3.462440 2.748245
v -1.950980 2.915960 2.630244
v -1.948546 2.917196 2.630440
v -1.946350 2.918311 2.631008
v -1.944607 2.919196 2.631893
v -1.943489 2.919764 2.633008
v -1.943104 2.919960 2.634244
v -1.943104 2.919960 2.744245
v -1.943489 2.919764 2.745481
v -1.944607 2.919196 2.746596
v -1.946350 2.918311 2.747480
v -1.948546 2.917196 2.748049
v -1.950980 2.915960 2.748245
v -1.551700 2.915960 2.630244
v -1.550464 2.917196 2.630440
v -1.549349 2.918311 2.631008
v -1.548464 2.919196 2.631893
v -1.547896 2.919764 2.633008
v -1.547700 2.919960 2.634244
v -1.547700 2.919960 2.744245
v -1.547896 2.919764 2.745481
v -1.548464 2.919196 2.746596
v -1.549349 2.918311 2.747480
v -1.550464 2.917196 2.748049
v -1.551700 2.915960 2.748245
v -1.551700 2.835000 2.630244
v -1.550464 2.833764 2.630440
v -1.549349 2.832649 2.631008
v -1.548464 2.831764 2.631893
v -1.547896 2.831196 2.633008
v -1.547700 2.831000 2.634244
v -1.547700 2.831000 2.744245
v -1.547896 2.831196 2.745481
v -1.548464 2.831764 2.746596
v -1.549349 2.832649 2.747480
v -1.550464 2.833764 2.748049
v -1.551700 2.835000 2.748245
v -2.117500 2.835000 2.630244
v -2.119934 2.833764 2.630440
v -2.122130 2.832649 2.631008
v -2.123872 2.831764 2.631893
v -2.124991 2.831196 2.633008
v -2.125376 2.831000 2.634244
v -2.125376 2.831000 2.744245
v -2.124991 2.831196 2.745481
v -2.123872 2.831764 2.746596
v -2.122130 2.832649 2.747480
v -2.119934 2.833764 2.748049
v -2.117500 2.835000 2.748245
v -1.718220 3.381480 2.630244
v -1.720654 3.380244 2.630440
v -1.722850 3.379129 2.631008
v -1.724592 3.378244 2.631893
v -1.725711 3.377676 2.633008
v -1.726096 3.377480 2.634244
v -1.726096 3.377480 2.744245
v -1.725711 3.377676 2.745481
v -1.724592 3.378244 2.746596
v -1.722850 3.379129 2.747480
v -1.720654 3.380244 2.748049
v -1.718220 3.381480 2.748245
v -2.092660 3.381480 2.630244
v -2.093896 3.380244 2.630440
v -2.095011 3.379129 2.631008
v -2.095896 3.378244 2.631893
v -2.096464 3.377676 2.633008
v -2.096660 3.377480 2.634244
v -2.096660 3.377480 2.744245
v -2.096464 3.377676 2.745481
v -2.095896 3.378244 2.746596
v -2.095011 3.379129 2.747480
v -2.093896 3.380244 2.748049
v -2.092660 3.381480 2.748245
v -1.016260 2.835000 2.630244
v -1.017057 2.833764 2.630440
v -1.017776 2.832649 2.631008
v -1.018348 2.831764 2.631893
v -1.018714 2.831196 2.633008
v -1.018840 2.831000 2.634244
v -1.018840 2.831000 2.744245
v -1.018714 2.831196 2.745481
v -1.018348 2.831764 2.746596
v -1.017776 2.832649 2.747480
v -1.017057 2.833764 2.748049
v -1.016260 2.835000 2.748245
v -1.099980 3.019920 2.630244
v -1.100777 3.018684 2.630440
v -1.101496 3.017569 2.631008
v -1.102067 3.016684 2.631893
v -1.102434 3.016115 2.633008
v -1.102560 3.015920 2.634244
v -1.102560 3.015920 2.744245
v -1.102434 3.016115 2.745481
v -1.102067 3.016684 2.746596
v -1.101496 3.017569 2.747480
v -1.100777 3.018684 2.748049
v -1.099980 3.019920 2.748245
v -1.366780 3.019920 2.630244
v -1.365965 3.018684 2.630440
v -1.365228 3.017569 2.631008
v -1.364645 3.016684 2.631893
v -1.364269 3.016115 2.633008
v -1.364141 3.015920 2.634244
v -1.364141 3.015920 2.744245
v -1.364269 3.016115 2.745481
v -1.364645 3.016684 2.746596
v -1.365228 3.017569 2.747480
v -1.365965 3.018684 2.748049
v -1.366780 3.019920 2.748245
v -1.445900 2.835000 2.630244
v -1.445084 2.833764 2.630440
v -1.444349 2.832649 2.631008
v -1.443765 2.831764 2.631893
v -1.443390 2.831196 2.633008
v -1.443261 2.831000 2.634244
v -1.443261 2.831000 2.744245
v -1.443390 2.831196 2.745481
v -1.443765 2.831764 2.746596
v -1.444349 2.832649 2.747480
v -1.445084 2.833764 2.748049
v -1.445900 2.835000 2.748245
v -1.537900 2.835000 2.630244
v -1.539772 2.833764 2.630440
v -1.541461 2.832649 2.631008
v -1.542801 2.831764 2.631893
v -1.543661 2.831196 2.633008
v -1.543958 2.831000 2.634244
v -1.543958 2.831000 2.744245
v -1.543661 2.831196 2.745481
v -1.542801 2.831764 2.746596
v -1.541461 2.832649 2.747480
v -1.539772 2.833764 2.748049
v -1.537900 2.835000 2.748245
v -1.268340 3.466120 2.630244
v -1.269156 3.467356 2.630440
v -1.269892 3.468471 2.631008
v -1.270477 3.469356 2.631893
v -1.270852 3.469924 2.633008
v -1.270981 3.470120 2.634244
v -1.270981 3.470120 2.744245
v -1.270852 3.469924 2.745481
v -1.270477 3.469356 2.746596
v -1.269892 3.468471 2.747480
v -1.269156 3.467356 2.748049
v -1.268340 3.466120 2.748245
v -1.204860 3.466120 2.630244
v -1.204057 3.467356 2.630440
v -1.203332 3.468471 2.631008
v -1.202758 3.469356 2.631893
v -1.202388 3.469924 2.633008
v -1.202261 3.470120 2.634244
v -1.202261 3.470120 2.744245
v -1.202388 3.469924 2.745481
v -1.202758 3.469356 2.746596
v -1.203332 3.468471 2.747480
v -1.204057 3.467356 2.748049
v -1.204860 3.466120 2.748245
v -0.924260 2.835000 2.630244
v -0.922358 2.833764 2.630440
v -0.920642 2.832649 2.631008
v -0.919279 2.831764 2.631893
v -0.918405 2.831196 2.633008
v -0.918104 2.831000 2.634244
v -0.918104 2.831000 2.744245
v -0.918405 2.831196 2.745481
v -0.919279 2.831764 2.746596
v -0.920642 2.832649 2.747480
v -0.922358 2.833764 2.748049
v -0.924260 2.835000 2.748245
v -1.136780 3.100880 2.630244
v -1.138684 3.102116 2.630440
v -1.140401 3.103231 2.631008
v -1.141763 3.104116 2.631893
v -1.142639 3.104684 2.633008
v -1.142940 3.104880 2.634244
v -1.142940 3.104880 2.744245
v -1.142639 3.104684 2.745481
v -1.141763 3.104116 2.746596
v -1.140401 3.103231 2.747480
v -1.138684 3.102116 2.748049
v -1.136780 3.100880 2.748245
v -1.237980 3.328120 2.630244
v -1.237937 3.324985 2.630440
v -1.237899 3.322157 2.631008
v -1.237868 3.319913 2.631893
v -1.237848 3.318473 2.633008
v -1.237841 3.317976 2.634244
v -1.237841 3.317976 2.744245
v -1.237848 3.318473 2.745481
v -1.237868 3.319913 2.746596
v -1.237899 3.322157 2.747480
v -1.237937 3.324985 2.748049
v -1.237980 3.328120 2.748245
v -1.331820 3.100880 2.630244
v -1.329973 3.102116 2.630440
v -1.328305 3.103231 2.631008
v -1.326983 3.104116 2.631893
v -1.326133 3.104684 2.633008
v -1.325840 3.104880 2.634244
v -1.325840 3.104880 2.744245
v -1.326133 3.104684 2.745481
v -1.326983 3.104116 2.746596
v -1.328305 3.103231 2.747480
v -1.329973 3.102116 2.748049
v -1.331820 3.100880 2.748245
v 0.368590 3.348731 2.739244
v 1.101410 3.679449 2.739244
v 1.252321 2.658064 2.739244
v 0.368590 3.348731 2.659245
v 1.101410 3.679449 2.659245
v 1.252321 2.658064 2.659245
v 0.404366 3.227006 2.749245
v 0.311000 3.356939 2.749245
v 0.404366 3.227006 2.649245
v 0.311000 3.356939 2.649245
v 1.119000 3.740522 2.749245
v 1.025633 3.870456 2.749245
v 1.119000 3.740522 2.649245
v 1.025633 3.870456 2.649245
v 0.704916 3.306195 2.734245
v 0.704916 3.306195 2.764245
v 0.736322 3.316856 2.734245
v 0.736322 3.316856 2.764245
v 0.769416 3.314687 2.734245
v 0.769416 3.314687 2.764245
v 0.799161 3.300018 2.734245
v 0.799161 3.300018 2.764245
v 0.821029 3.275083 2.734245
v 0.821029 3.275083 2.764245
v 0.831689 3.243678 2.734245
v 0.831689 3.243678 2.764245
v 0.829520 3.210583 2.734245
v 0.829520 3.210583 2.764245
v 0.814852 3.180838 2.734245
v 0.814852 3.180838 2.764245
v 0.789917 3.158971 2.734245
v 0.789917 3.158971 2.764245
v 0.758511 3.148310 2.734245
v 0.758511 3.148310 2.764245
v 0.725417 3.150479 2.734245
v 0.725417 3.150479 2.764245
v 0.695672 3.165148 2.734245
v 0.695672 3.165148 2.764245
v 0.673804 3.190083 2.734245
v 0.673804 3.190083 2.764245
v 0.663144 3.221488 2.734245
v 0.663144 3.221488 2.764245
v 0.665313 3.254583 2.734245
v 0.665313 3.254583 2.764245
v 0.679981 3.284328 2.734245
v 0.679981 3.284328 2.764245
v 0.857763 3.521458 2.734245
v 0.857763 3.521458 2.764245
v 0.889168 3.532119 2.734245
v 0.889168 3.532119 2.764245
v 0.922262 3.529950 2.734245
v 0.922262 3.529950 2.764245
v 0.952008 3.515281 2.734245
v 0.952008 3.515281 2.764245
v 0.973875 3.490346 2.734245
v 0.973875 3.490346 2.764245
v 0.984536 3.458941 2.734245
v 0.984536 3.458941 2.764245
v 0.982367 3.425847 2.734245
v 0.982367 3.425847 2.764245
v 0.967698 3.396101 2.734245
v 0.967698 3.396101 2.764245
v 0.942763 3.374234 2.734245
v 0.942763 3.374234 2.764245
v 0.911357 3.363573 2.734245
v 0.911357 3.363573 2.764245
v 0.878263 3.365742 2.734245
v 0.878263 3.365742 2.764245
v 0.848518 3.380411 2.734245
v 0.848518 3.380411 2.764245
v 0.826651 3.405346 2.734245
v 0.826651 3.405346 2.764245
v 0.815990 3.436751 2.734245
v 0.815990 3.436751 2.764245
v 0.818159 3.469846 2.734245
v 0.818159 3.469846 2.764245
v 0.832828 3.499591 2.734245
v 0.832828 3.499591 2.764245
v 0.949820 3.182009 2.734245
v 0.949820 3.182009 2.764245
v 0.981225 3.192670 2.734245
v 0.981225 3.192670 2.764245
v 1.014320 3.190501 2.734245
v 1.014320 3.190501 2.764245
v 1.044065 3.175832 2.734245
v 1.044065 3.175832 2.764245
v 1.065933 3.150897 2.734245
v 1.065933 3.150897 2.764245
v 1.076593 3.119492 2.734245
v 1.076593 3.119492 2.764245
v 1.074424 3.086398 2.734245
v 1.074424 3.086398 2.764245
v 1.059755 3.056653 2.734245
v 1.059755 3.056653 2.764245
v 1.034820 3.034785 2.734245
v 1.034820 3.034785 2.764245
v 1.003415 3.024124 2.734245
v 1.003415 3.024124 2.764245
v 0.970320 3.026294 2.734245
v 0.970320 3.026294 2.764245
v 0.940575 3.040962 2.734245
v 0.940575 3.040962 2.764245
v 0.918708 3.065897 2.734245
v 0.918708 3.065897 2.764245
v 0.908047 3.097302 2.734245
v 0.908047 3.097302 2.764245
v 0.910216 3.130397 2.734245
v 0.910216 3.130397 2.764245
v 0.924885 3.160142 2.734245
v 0.924885 3.160142 2.764245
v 0.700179 3.534400 2.734245
v 0.700179 3.534400 2.764245
v 0.731585 3.545061 2.734245
v 0.731585 3.545061 2.764245
v 0.764679 3.542892 2.734245
v 0.764679 3.542892 2.764245
v 0.794424 3.528223 2.734245
v 0.794424 3.528223 2.764245
v 0.816292 3.503288 2.734245
v 0.816292 3.503288 2.764245
v 0.826952 3.471883 2.734245
v 0.826952 3.471883 2.764245
v 0.824783 3.438788 2.734245
v 0.824783 3.438788 2.764245
v 0.810114 3.409043 2.734245
v 0.810114 3.409043 2.764245
v 0.785179 3.387176 2.734245
v 0.785179 3.387176 2.764245
v 0.753774 3.376515 2.734245
v 0.753774 3.376515 2.764245
v 0.720680 3.378684 2.734245
v 0.720680 3.378684 2.764245
v 0.690935 3.393353 2.734245
v 0.690935 3.393353 2.764245
v 0.669067 3.418288 2.734245
v 0.669067 3.418288 2.764245
v 0.658406 3.449693 2.734245
v 0.658406 3.449693 2.764245
v 0.660576 3.482788 2.734245
v 0.660576 3.482788 2.764245
v 0.675244 3.512533 2.734245
v 0.675244 3.512533 2.764245
v -4.575000 2.138644 3.605365
v -4.575000 2.180931 3.620756
v -4.575000 2.549069 2.477734
v -4.575000 2.591355 2.493124
v -3.885000 2.138644 3.605365
v -3.885000 2.180931 3.620756
v -3.885000 2.549069 2.477734
v -3.885000 2.591355 2.493124
v -4.575000 1.985000 3.609244
v -4.575000 2.165000 3.609244
v -4.575000 1.985000 3.569244
v -4.575000 2.165000 3.569244
v -3.885000 1.985000 3.609244
v -3.885000 2.165000 3.609244
v -3.885000 1.985000 3.569244
v -3.885000 2.165000 3.569244
v -3.885000 2.138644 3.605365
v -3.885000 2.180931 3.620756
v -3.885000 2.549069 2.477734
v -3.885000 2.591355 2.493124
v -3.195000 2.138644 3.605365
v -3.195000 2.180931 3.620756
v -3.195000 2.549069 2.477734
v -3.195000 2.591355 2.493124
v -3.885000 1.985000 3.609244
v -3.885000 2.165000 3.609244
v -3.885000 1.985000 3.569244
v -3.885000 2.165000 3.569244
v -3.195000 1.985000 3.609244
v -3.195000 2.165000 3.609244
v -3.195000 1.985000 3.569244
v -3.195000 2.165000 3.569244
v -3.195000 2.138644 3.605365
v -3.195000 2.180931 3.620756
v -3.195000 2.549069 2.477734
v -3.195000 2.591355 2.493124
v -2.505000 2.138644 3.605365
v -2.505000 2.180931 3.620756
v -2.505000 2.549069 2.477734
v -2.505000 2.591355 2.493124
v -3.195000 1.985000 3.609244
v -3.195000 2.165000 3.609244
v -3.195000 1.985000 3.569244
v -3.195000 2.165000 3.569244
v -2.505000 1.985000 3.609244
v -2.505000 2.165000 3.609244
v -2.505000 1.985000 3.569244
v -2.505000 2.165000 3.569244
v -2.505000 2.138644 3.605365
v -2.505000 2.180931 3.620756
v -2.505000 2.549069 2.477734
v -2.505000 2.591355 2.493124
v -1.815000 2.138644 3.605365
v -1.815000 2.180931 3.620756
v -1.815000 2.549069 2.477734
v -1.815000 2.591355 2.493124
v -2.505000 1.985000 3.609244
v -2.505000 2.165000 3.609244
v -2.505000 1.985000 3.569244
v -2.505000 2.165000 3.569244
v -1.815000 1.985000 3.609244
v -1.815000 2.165000 3.609244
v -1.815000 1.985000 3.569244
v -1.815000 2.165000 3.569244
v -1.815000 2.138644 3.605365
v -1.815000 2.180931 3.620756
v -1.815000 2.549069 2.477734
v -1.815000 2.591355 2.493124
v -1.125000 2.138644 3.605365
v -1.125000 2.180931 3.620756
v -1.125000 2.549069 2.477734
v -1.125000 2.591355 2.493124
v -1.815000 1.985000 3.609244
v -1.815000 2.165000 3.609244
v -1.815000 1.985000 3.569244
v -1.815000 2.165000 3.569244
v -1.125000 1.985000 3.609244
v -1.125000 2.165000 3.609244
v -1.125000 1.985000 3.569244
v -1.125000 2.165000 3.569244
v -1.125000 2.138644 3.605365
v -1.125000 2.180931 3.620756
v -1.125000 2.549069 2.477734
v -1.125000 2.591355 2.493124
v -0.435000 2.138644 3.605365
v -0.435000 2.180931 3.620756
v -0.435000 2.549069 2.477734
v -0.435000 2.591355 2.493124
v -1.125000 1.985000 3.609244
v -1.125000 2.165000 3.609244
v -1.125000 1.985000 3.569244
v -1.125000 2.165000 3.569244
v -0.435000 1.985000 3.609244
v -0.435000 2.165000 3.609244
v -0.435000 1.985000 3.569244
v -0.435000 2.165000 3.569244
v -0.435000 2.138644 3.605365
v -0.435000 2.180931 3.620756
v -0.435000 2.549069 2.477734
v -0.435000 2.591355 2.493124
v 0.255000 2.138644 3.605365
v 0.255000 2.180931 3.620756
v 0.255000 2.549069 2.477734
v 0.255000 2.591355 2.493124
v -0.435000 1.985000 3.609244
v -0.435000 2.165000 3.609244
v -0.435000 1.985000 3.569244
v -0.435000 2.165000 3.569244
v 0.255000 1.985000 3.609244
v 0.255000 2.165000 3.609244
v 0.255000 1.985000 3.569244
v 0.255000 2.165000 3.569244
v 0.255000 2.138644 3.605365
v 0.255000 2.180931 3.620756
v 0.255000 2.549069 2.477734
v 0.255000 2.591355 2.493124
v 0.945000 2.138644 3.605365
v 0.945000 2.180931 3.620756
v 0.945000 2.549069 2.477734
v 0.945000 2.591355 2.493124
v 0.255000 1.985000 3.609244
v 0.255000 2.165000 3.609244
v 0.255000 1.985000 3.569244
v 0.255000 2.165000 3.569244
v 0.945000 1.985000 3.609244
v 0.945000 2.165000 3.609244
v 0.945000 1.985000 3.569244
v 0.945000 2.165000 3.569244
v 0.945000 2.138644 3.605365
v 0.945000 2.180931 3.620756
v 0.945000 2.549069 2.477734
v 0.945000 2.591355 2.493124
v 1.635000 2.138644 3.605365
v 1.635000 2.180931 3.620756
v 1.635000 2.549069 2.477734
v 1.635000 2.591355 2.493124
v 0.945000 1.985000 3.609244
v 0.945000 2.165000 3.609244
v 0.945000 1.985000 3.569244
v 0.945000 2.165000 3.569244
v 1.635000 1.985000 3.609244
v 1.635000 2.165000 3.609244
v 1.635000 1.985000 3.569244
v 1.635000 2.165000 3.569244
v 1.635000 2.138644 3.605365
v 1.635000 2.180931 3.620756
v 1.635000 2.549069 2.477734
v 1.635000 2.591355 2.493124
v 2.325000 2.138644 3.605365
v 2.325000 2.180931 3.620756
v 2.325000 2.549069 2.477734
v 2.325000 2.591355 2.493124
v 1.635000 1.985000 3.609244
v 1.635000 2.165000 3.609244
v 1.635000 1.985000 3.569244
v 1.635000 2.165000 3.569244
v 2.325000 1.985000 3.609244
v 2.325000 2.165000 3.609244
v 2.325000 1.985000 3.569244
v 2.325000 2.165000 3.569244
v -4.425000 1.005000 2.584244
v -4.425000 2.605000 2.584244
v -4.425000 1.005000 2.534245
v -4.425000 2.605000 2.534245
v -1.825000 1.005000 2.584244
v -1.825000 2.605000 2.584244
v -1.825000 1.005000 2.534245
v -1.825000 2.605000 2.534245
v -4.475000 2.585000 2.624244
v -4.475000 2.655000 2.624244
v -4.475000 2.585000 2.554245
v -4.475000 2.655000 2.554245
v -1.775000 2.585000 2.624244
v -1.775000 2.655000 2.624244
v -1.775000 2.585000 2.554245
v -1.775000 2.655000 2.554245
v -4.475000 0.955000 2.624244
v -4.475000 1.025000 2.624244
v -4.475000 0.955000 2.554245
v -4.475000 1.025000 2.554245
v -1.775000 0.955000 2.624244
v -1.775000 1.025000 2.624244
v -1.775000 0.955000 2.554245
v -1.775000 1.025000 2.554245
v -4.475000 0.955000 2.624244
v -4.475000 2.655000 2.624244
v -4.475000 0.955000 2.554245
v -4.475000 2.655000 2.554245
v -4.405000 0.955000 2.624244
v -4.405000 2.655000 2.624244
v -4.405000 0.955000 2.554245
v -4.405000 2.655000 2.554245
v -1.845000 0.955000 2.624244
v -1.845000 2.655000 2.624244
v -1.845000 0.955000 2.554245
v -1.845000 2.655000 2.554245
v -1.775000 0.955000 2.624244
v -1.775000 2.655000 2.624244
v -1.775000 0.955000 2.554245
v -1.775000 2.655000 2.554245
v -3.600000 1.005000 2.609244
v -3.600000 2.605000 2.609244
v -3.600000 1.005000 2.549244
v -3.600000 2.605000 2.549244
v -3.550000 1.005000 2.609244
v -3.550000 2.605000 2.609244
v -3.550000 1.005000 2.549244
v -3.550000 2.605000 2.549244
v -2.700000 1.005000 2.609244
v -2.700000 2.605000 2.609244
v -2.700000 1.005000 2.549244
v -2.700000 2.605000 2.549244
v -2.650000 1.005000 2.609244
v -2.650000 2.605000 2.609244
v -2.650000 1.005000 2.549244
v -2.650000 2.605000 2.549244
v 0.275000 1.005000 2.584244
v 0.275000 2.605000 2.584244
v 0.275000 1.005000 2.534245
v 0.275000 2.605000 2.534245
v 1.674999 1.005000 2.584244
v 1.674999 2.605000 2.584244
v 1.674999 1.005000 2.534245
v 1.674999 2.605000 2.534245
v 0.225000 2.585000 2.624244
v 0.225000 2.655000 2.624244
v 0.225000 2.585000 2.554245
v 0.225000 2.655000 2.554245
v 1.725000 2.585000 2.624244
v 1.725000 2.655000 2.624244
v 1.725000 2.585000 2.554245
v 1.725000 2.655000 2.554245
v 0.225000 0.955000 2.624244
v 0.225000 1.025000 2.624244
v 0.225000 0.955000 2.554245
v 0.225000 1.025000 2.554245
v 1.725000 0.955000 2.624244
v 1.725000 1.025000 2.624244
v 1.725000 0.955000 2.554245
v 1.725000 1.025000 2.554245
v 0.225000 0.955000 2.624244
v 0.225000 2.655000 2.624244
v 0.225000 0.955000 2.554245
v 0.225000 2.655000 2.554245
v 0.295000 0.955000 2.624244
v 0.295000 2.655000 2.624244
v 0.295000 0.955000 2.554245
v 0.295000 2.655000 2.554245
v 1.655000 0.955000 2.624244
v 1.655000 2.655000 2.624244
v 1.655000 0.955000 2.554245
v 1.655000 2.655000 2.554245
v 1.725000 0.955000 2.624244
v 1.725000 2.655000 2.624244
v 1.725000 0.955000 2.554245
v 1.725000 2.655000 2.554245
v 0.950000 1.005000 2.609244
v 0.950000 2.605000 2.609244
v 0.950000 1.005000 2.549244
v 0.950000 2.605000 2.549244
v 1.000000 1.005000 2.609244
v 1.000000 2.605000 2.609244
v 1.000000 1.005000 2.549244
v 1.000000 2.605000 2.549244
v -1.525000 0.055000 2.584244
v -1.525000 2.255000 2.584244
v -1.525000 0.055000 2.534245
v -1.525000 2.255000 2.534245
v -0.525000 0.055000 2.584244
v -0.525000 2.255000 2.584244
v -0.525000 0.055000 2.534245
v -0.525000 2.255000 2.534245
v -1.605000 0.010000 2.629244
v -1.605000 2.360000 2.629244
v -1.605000 0.010000 2.549244
v -1.605000 2.360000 2.549244
v -1.525000 0.010000 2.629244
v -1.525000 2.360000 2.629244
v -1.525000 0.010000 2.549244
v -1.525000 2.360000 2.549244
v -0.525000 0.010000 2.629244
v -0.525000 2.360000 2.629244
v -0.525000 0.010000 2.549244
v -0.525000 2.360000 2.549244
v -0.445000 0.010000 2.629244
v -0.445000 2.360000 2.629244
v -0.445000 0.010000 2.549244
v -0.445000 2.360000 2.549244
v -1.605000 2.285000 2.629244
v -1.605000 2.365000 2.629244
v -1.605000 2.285000 2.549244
v -1.605000 2.365000 2.549244
v -0.445000 2.285000 2.629244
v -0.445000 2.365000 2.629244
v -0.445000 2.285000 2.549244
v -0.445000 2.365000 2.549244
v -1.605000 2.365000 2.629244
v -1.605000 2.485000 2.629244
v -1.605000 2.365000 2.549244
v -1.605000 2.485000 2.549244
v -0.445000 2.365000 2.629244
v -0.445000 2.485000 2.629244
v -0.445000 2.365000 2.549244
v -0.445000 2.485000 2.549244
v -0.700000 0.855000 2.654244
v -0.700000 1.555000 2.654244
v -0.700000 0.855000 2.604244
v -0.700000 1.555000 2.604244
v -0.650000 0.855000 2.654244
v -0.650000 1.555000 2.654244
v -0.650000 0.855000 2.604244
v -0.650000 1.555000 2.604244
v -1.525000 0.039999 2.604244
v -1.525000 0.290000 2.604244
v -1.525000 0.039999 2.574244
v -1.525000 0.290000 2.574244
v -0.525000 0.039999 2.604244
v -0.525000 0.290000 2.604244
v -0.525000 0.039999 2.574244
v -0.525000 0.290000 2.574244
v -0.985000 1.505000 2.609244
v -0.985000 1.905000 2.609244
v -0.985000 1.505000 2.589244
v -0.985000 1.905000 2.589244
v -0.705000 1.505000 2.609244
v -0.705000 1.905000 2.609244
v -0.705000 1.505000 2.589244
v -0.705000 1.905000 2.589244
v -0.985000 1.815000 2.611244
v -0.985000 1.915000 2.611244
v -0.985000 1.815000 2.589244
v -0.985000 1.915000 2.589244
v -0.705000 1.815000 2.611244
v -0.705000 1.915000 2.611244
v -0.705000 1.815000 2.589244
v -0.705000 1.915000 2.589244
v -1.775000 0.005000 3.084244
v -1.775000 0.165000 3.084244
v -1.775000 0.005000 2.534245
v -1.775000 0.165000 2.534245
v -0.275000 0.005000 3.084244
v -0.275000 0.165000 3.084244
v -0.275000 0.005000 2.534245
v -0.275000 0.165000 2.534245
v 2.879999 2.630000 1.329244
v 2.879999 2.680000 1.329244
v 2.879999 2.630000 0.729244
v 2.879999 2.680000 0.729244
v 3.229999 2.630000 1.329244
v 3.229999 2.680000 1.329244
v 3.229999 2.630000 0.729244
v 3.229999 2.680000 0.729244
v 3.315000 2.785000 1.029244
v 3.325000 2.787679 1.029244
v 3.332320 2.795000 1.029244
v 3.335000 2.805000 1.029244
v 3.332320 2.815000 1.029244
v 3.325000 2.822320 1.029244
v 3.315000 2.825000 1.029244
v 3.305000 2.822320 1.029244
v 3.297679 2.815000 1.029244
v 3.295000 2.805000 1.029244
v 3.297679 2.795000 1.029244
v 3.305000 2.787679 1.029244
v 3.315000 2.786882 1.000529
v 3.325000 2.789539 1.000878
v 3.332320 2.796796 1.001834
v 3.335000 2.806711 1.003139
v 3.332320 2.816625 1.004444
v 3.325000 2.823883 1.005400
v 3.315000 2.826540 1.005750
v 3.305000 2.823883 1.005400
v 3.297679 2.816625 1.004444
v 3.295000 2.806711 1.003139
v 3.297679 2.796796 1.001834
v 3.305000 2.789539 1.000878
v 3.315000 2.792496 0.972304
v 3.325000 2.795084 0.972998
v 3.332320 2.802155 0.974892
v 3.335000 2.811815 0.977481
v 3.332320 2.821474 0.980069
v 3.325000 2.828545 0.981964
v 3.315000 2.831133 0.982657
v 3.305000 2.828545 0.981964
v 3.297679 2.821474 0.980069
v 3.295000 2.811815 0.977481
v 3.297679 2.802155 0.974892
v 3.305000 2.795084 0.972998
v 3.315000 2.801746 0.945054
v 3.325000 2.804222 0.946079
v 3.332320 2.810985 0.948881
v 3.335000 2.820224 0.952708
v 3.332320 2.829463 0.956535
v 3.325000 2.836226 0.959336
v 3.315000 2.838701 0.960361
v 3.305000 2.836226 0.959336
v 3.297679 2.829463 0.956535
v 3.295000 2.820224 0.952708
v 3.297679 2.810985 0.948881
v 3.305000 2.804222 0.946079
v 3.315000 2.814474 0.919244
v 3.325000 2.816795 0.920584
v 3.332320 2.823135 0.924244
v 3.335000 2.831795 0.929244
v 3.332320 2.840455 0.934244
v 3.325000 2.846795 0.937905
v 3.315000 2.849115 0.939244
v 3.305000 2.846795 0.937905
v 3.297679 2.840455 0.934244
v 3.295000 2.831795 0.929244
v 3.297679 2.823135 0.924244
v 3.305000 2.816795 0.920584
v 3.315000 2.830462 0.895317
v 3.325000 2.832588 0.896948
v 3.332320 2.838396 0.901405
v 3.335000 2.846329 0.907492
v 3.332320 2.854263 0.913580
v 3.325000 2.860070 0.918036
v 3.315000 2.862196 0.919667
v 3.305000 2.860070 0.918036
v 3.297679 2.854263 0.913580
v 3.295000 2.846329 0.907492
v 3.297679 2.838396 0.901405
v 3.305000 2.832588 0.896948
v 3.315000 2.849437 0.873681
v 3.325000 2.851331 0.875576
v 3.332320 2.856508 0.880752
v 3.335000 2.863579 0.887823
v 3.332320 2.870650 0.894894
v 3.325000 2.875826 0.900071
v 3.315000 2.877721 0.901965
v 3.305000 2.875826 0.900071
v 3.297679 2.870650 0.894894
v 3.295000 2.863579 0.887823
v 3.297679 2.856508 0.880752
v 3.305000 2.851331 0.875576
v 3.315000 2.871072 0.854707
v 3.325000 2.872704 0.856833
v 3.332320 2.877160 0.862640
v 3.335000 2.883248 0.870574
v 3.332320 2.889335 0.878507
v 3.325000 2.893792 0.884315
v 3.315000 2.895423 0.886441
v 3.305000 2.893792 0.884315
v 3.297679 2.889335 0.878507
v 3.295000 2.883248 0.870574
v 3.297679 2.877160 0.862640
v 3.305000 2.872704 0.856833
v 3.315000 2.895000 0.838719
v 3.325000 2.896340 0.841039
v 3.332320 2.900000 0.847379
v 3.335000 2.905000 0.856039
v 3.332320 2.910000 0.864700
v 3.325000 2.913660 0.871039
v 3.315000 2.915000 0.873360
v 3.305000 2.913660 0.871039
v 3.297679 2.910000 0.864700
v 3.295000 2.905000 0.856039
v 3.297679 2.900000 0.847379
v 3.305000 2.896340 0.841039
v 3.315000 2.920810 0.825991
v 3.325000 2.921835 0.828466
v 3.332320 2.924636 0.835230
v 3.335000 2.928463 0.844469
v 3.332320 2.932290 0.853707
v 3.325000 2.935091 0.860471
v 3.315000 2.936117 0.862946
v 3.305000 2.935091 0.860471
v 3.297679 2.932290 0.853707
v 3.295000 2.928463 0.844469
v 3.297679 2.924636 0.835230
v 3.305000 2.921835 0.828466
v 3.315000 2.948060 0.816741
v 3.325000 2.948753 0.819329
v 3.332320 2.950648 0.826400
v 3.335000 2.953236 0.836059
v 3.332320 2.955824 0.845719
v 3.325000 2.957719 0.852790
v 3.315000 2.958412 0.855378
v 3.305000 2.957719 0.852790
v 3.297679 2.955824 0.845719
v 3.295000 2.953236 0.836059
v 3.297679 2.950648 0.826400
v 3.305000 2.948753 0.819329
v 3.315000 2.976284 0.811126
v 3.325000 2.976634 0.813783
v 3.332320 2.977589 0.821041
v 3.335000 2.978895 0.830956
v 3.332320 2.980200 0.840870
v 3.325000 2.981155 0.848128
v 3.315000 2.981505 0.850784
v 3.305000 2.981155 0.848128
v 3.297679 2.980200 0.840870
v 3.295000 2.978895 0.830956
v 3.297679 2.977589 0.821041
v 3.305000 2.976634 0.813783
v 3.315000 3.005000 0.809244
v 3.325000 3.005000 0.811924
v 3.332320 3.005000 0.819244
v 3.335000 3.005000 0.829244
v 3.332320 3.005000 0.839244
v 3.325000 3.005000 0.846565
v 3.315000 3.005000 0.849244
v 3.305000 3.005000 0.846565
v 3.297679 3.005000 0.839244
v 3.295000 3.005000 0.829244
v 3.297679 3.005000 0.819244
v 3.305000 3.005000 0.811924
v 3.315000 3.033716 0.811127
v 3.325000 3.033366 0.813783
v 3.332320 3.032410 0.821041
v 3.335000 3.031105 0.830956
v 3.332320 3.029800 0.840870
v 3.325000 3.028844 0.848128
v 3.315000 3.028495 0.850784
v 3.305000 3.028844 0.848128
v 3.297679 3.029800 0.840870
v 3.295000 3.031105 0.830956
v 3.297679 3.032410 0.821041
v 3.305000 3.033366 0.813783
v 3.315000 3.061940 0.816741
v 3.325000 3.061247 0.819329
v 3.332320 3.059352 0.826400
v 3.335000 3.056764 0.836059
v 3.332320 3.054175 0.845719
v 3.325000 3.052281 0.852790
v 3.315000 3.051587 0.855378
v 3.305000 3.052281 0.852790
v 3.297679 3.054175 0.845719
v 3.295000 3.056764 0.836059
v 3.297679 3.059352 0.826400
v 3.305000 3.061247 0.819329
v 3.315000 3.089190 0.825991
v 3.325000 3.088165 0.828466
v 3.332320 3.085363 0.835230
v 3.335000 3.081537 0.844468
v 3.332320 3.077710 0.853707
v 3.325000 3.074908 0.860471
v 3.315000 3.073883 0.862946
v 3.305000 3.074908 0.860471
v 3.297679 3.077710 0.853707
v 3.295000 3.081537 0.844468
v 3.297679 3.085363 0.835230
v 3.305000 3.088165 0.828466
v 3.315000 3.115000 0.838719
v 3.325000 3.113660 0.841039
v 3.332320 3.110000 0.847379
v 3.335000 3.105000 0.856039
v 3.332320 3.100000 0.864700
v 3.325000 3.096340 0.871039
v 3.315000 3.095000 0.873360
v 3.305000 3.096340 0.871039
v 3.297679 3.100000 0.864700
v 3.295000 3.105000 0.856039
v 3.297679 3.110000 0.847379
v 3.305000 3.113660 0.841039
v 3.315000 3.138927 0.854707
v 3.325000 3.137296 0.856833
v 3.332320 3.132840 0.862640
v 3.335000 3.126752 0.870574
v 3.332320 3.120665 0.878507
v 3.325000 3.116208 0.884315
v 3.315000 3.114577 0.886441
v 3.305000 3.116208 0.884315
v 3.297679 3.120665 0.878507
v 3.295000 3.126752 0.870574
v 3.297679 3.132840 0.862640
v 3.305000 3.137296 0.856833
v 3.315000 3.160563 0.873681
v 3.325000 3.158669 0.875576
v 3.332320 3.153492 0.880752
v 3.335000 3.146421 0.887823
v 3.332320 3.139350 0.894894
v 3.325000 3.134174 0.900071
v 3.315000 3.132279 0.901965
v 3.305000 3.134174 0.900071
v 3.297679 3.139350 0.894894
v 3.295000 3.146421 0.887823
v 3.297679 3.153492 0.880752
v 3.305000 3.158669 0.875576
v 3.315000 3.179538 0.895317
v 3.325000 3.177412 0.896948
v 3.332320 3.171604 0.901405
v 3.335000 3.163671 0.907492
v 3.332320 3.155737 0.913580
v 3.325000 3.149929 0.918036
v 3.315000 3.147804 0.919667
v 3.305000 3.149929 0.918036
v 3.297679 3.155737 0.913580
v 3.295000 3.163671 0.907492
v 3.297679 3.171604 0.901405
v 3.305000 3.177412 0.896948
v 3.315000 3.195525 0.919244
v 3.325000 3.193205 0.920584
v 3.332320 3.186865 0.924244
v 3.335000 3.178205 0.929244
v 3.332320 3.169545 0.934244
v 3.325000 3.163205 0.937905
v 3.315000 3.160884 0.939244
v 3.305000 3.163205 0.937905
v 3.297679 3.169545 0.934244
v 3.295000 3.178205 0.929244
v 3.297679 3.186865 0.924244
v 3.305000 3.193205 0.920584
v 3.315000 3.208253 0.945054
v 3.325000 3.205778 0.946079
v 3.332320 3.199015 0.948881
v 3.335000 3.189776 0.952708
v 3.332320 3.180537 0.956535
v 3.325000 3.173774 0.959336
v 3.315000 3.171298 0.960361
v 3.305000 3.173774 0.959336
v 3.297679 3.180537 0.956535
v 3.295000 3.189776 0.952708
v 3.297679 3.199015 0.948881
v 3.305000 3.205778 0.946079
v 3.315000 3.217504 0.972304
v 3.325000 3.214915 0.972998
v 3.332320 3.207844 0.974892
v 3.335000 3.198185 0.977481
v 3.332320 3.188526 0.980069
v 3.325000 3.181455 0.981964
v 3.315000 3.178867 0.982657
v 3.305000 3.181455 0.981964
v 3.297679 3.188526 0.980069
v 3.295000 3.198185 0.977481
v 3.297679 3.207844 0.974892
v 3.305000 3.214915 0.972998
v 3.315000 3.223118 1.000529
v 3.325000 3.220461 1.000878
v 3.332320 3.213203 1.001834
v 3.335000 3.203289 1.003139
v 3.332320 3.193374 1.004444
v 3.325000 3.186116 1.005400
v 3.315000 3.183460 1.005750
v 3.305000 3.186116 1.005400
v 3.297679 3.193374 1.004444
v 3.295000 3.203289 1.003139
v 3.297679 3.213203 1.001834
v 3.305000 3.220461 1.000878
v 3.315000 3.225000 1.029244
v 3.325000 3.222320 1.029244
v 3.332320 3.215000 1.029244
v 3.335000 3.205000 1.029244
v 3.332320 3.195000 1.029244
v 3.325000 3.187679 1.029244
v 3.315000 3.185000 1.029244
v 3.305000 3.187679 1.029244
v 3.297679 3.195000 1.029244
v 3.295000 3.205000 1.029244
v 3.297679 3.215000 1.029244
v 3.305000 3.222320 1.029244
v 3.315000 3.223118 1.057960
v 3.325000 3.220461 1.057611
v 3.332320 3.213203 1.056655
v 3.335000 3.203289 1.055350
v 3.332320 3.193374 1.054044
v 3.325000 3.186116 1.053089
v 3.315000 3.183460 1.052739
v 3.305000 3.186116 1.053089
v 3.297679 3.193374 1.054044
v 3.295000 3.203289 1.055350
v 3.297679 3.213203 1.056655
v 3.305000 3.220461 1.057611
v 3.315000 3.217504 1.086185
v 3.325000 3.214915 1.085491
v 3.332320 3.207844 1.083596
v 3.335000 3.198185 1.081008
v 3.332320 3.188526 1.078420
v 3.325000 3.181455 1.076525
v 3.315000 3.178867 1.075832
v 3.305000 3.181455 1.076525
v 3.297679 3.188526 1.078420
v 3.295000 3.198185 1.081008
v 3.297679 3.207844 1.083596
v 3.305000 3.214915 1.085491
v 3.315000 3.208253 1.113435
v 3.325000 3.205778 1.112409
v 3.332320 3.199015 1.109608
v 3.335000 3.189776 1.105781
v 3.332320 3.180537 1.101954
v 3.325000 3.173774 1.099153
v 3.315000 3.171298 1.098127
v 3.305000 3.173774 1.099153
v 3.297679 3.180537 1.101954
v 3.295000 3.189776 1.105781
v 3.297679 3.199015 1.109608
v 3.305000 3.205778 1.112409
v 3.315000 3.195525 1.139244
v 3.325000 3.193205 1.137905
v 3.332320 3.186865 1.134244
v 3.335000 3.178205 1.129244
v 3.332320 3.169545 1.124244
v 3.325000 3.163205 1.120584
v 3.315000 3.160884 1.119244
v 3.305000 3.163205 1.120584
v 3.297679 3.169545 1.124244
v 3.295000 3.178205 1.129244
v 3.297679 3.186865 1.134244
v 3.305000 3.193205 1.137905
v 3.315000 3.179538 1.163172
v 3.325000 3.177412 1.161541
v 3.332320 3.171604 1.157084
v 3.335000 3.163671 1.150997
v 3.332320 3.155737 1.144909
v 3.325000 3.149929 1.140453
v 3.315000 3.147804 1.138821
v 3.305000 3.149929 1.140453
v 3.297679 3.155737 1.144909
v 3.295000 3.163671 1.150997
v 3.297679 3.171604 1.157084
v 3.305000 3.177412 1.161541
v 3.315000 3.160563 1.184808
v 3.325000 3.158669 1.182913
v 3.332320 3.153492 1.177737
v 3.335000 3.146421 1.170666
v 3.332320 3.139350 1.163595
v 3.325000 3.134174 1.158418
v 3.315000 3.132279 1.156524
v 3.305000 3.134174 1.158418
v 3.297679 3.139350 1.163595
v 3.295000 3.146421 1.170666
v 3.297679 3.153492 1.177737
v 3.305000 3.158669 1.182913
v 3.315000 3.138927 1.203782
v 3.325000 3.137296 1.201656
v 3.332320 3.132840 1.195849
v 3.335000 3.126752 1.187915
v 3.332320 3.120665 1.179981
v 3.325000 3.116208 1.174174
v 3.315000 3.114577 1.172048
v 3.305000 3.116208 1.174174
v 3.297679 3.120665 1.179981
v 3.295000 3.126752 1.187915
v 3.297679 3.132840 1.195849
v 3.305000 3.137296 1.201656
v 3.315000 3.115000 1.219770
v 3.325000 3.113660 1.217450
v 3.332320 3.110000 1.211110
v 3.335000 3.105000 1.202450
v 3.332320 3.100000 1.193789
v 3.325000 3.096340 1.187449
v 3.315000 3.095000 1.185129
v 3.305000 3.096340 1.187449
v 3.297679 3.100000 1.193789
v 3.295000 3.105000 1.202450
v 3.297679 3.110000 1.211110
v 3.305000 3.113660 1.217450
v 3.315000 3.089190 1.232498
v 3.325000 3.088165 1.230022
v 3.332320 3.085363 1.223259
v 3.335000 3.081537 1.214020
v 3.332320 3.077710 1.204782
v 3.325000 3.074908 1.198018
v 3.315000 3.073883 1.195543
v 3.305000 3.074908 1.198018
v 3.297679 3.077710 1.204782
v 3.295000 3.081537 1.214020
v 3.297679 3.085363 1.223259
v 3.305000 3.088165 1.230022
v 3.315000 3.061940 1.241748
v 3.325000 3.061247 1.239160
v 3.332320 3.059352 1.232089
v 3.335000 3.056764 1.222430
v 3.332320 3.054176 1.212770
v 3.325000 3.052281 1.205699
v 3.315000 3.051587 1.203111
v 3.305000 3.052281 1.205699
v 3.297679 3.054176 1.212770
v 3.295000 3.056764 1.222430
v 3.297679 3.059352 1.232089
v 3.305000 3.061247 1.239160
v 3.315000 3.033716 1.247362
v 3.325000 3.033366 1.244706
v 3.332320 3.032411 1.237448
v 3.335000 3.031105 1.227533
v 3.332320 3.029800 1.217619
v 3.325000 3.028844 1.210361
v 3.315000 3.028495 1.207705
v 3.305000 3.028844 1.210361
v 3.297679 3.029800 1.217619
v 3.295000 3.031105 1.227533
v 3.297679 3.032410 1.237448
v 3.305000 3.033366 1.244706
v 3.315000 3.005000 1.249244
v 3.325000 3.005000 1.246565
v 3.332320 3.005000 1.239244
v 3.335000 3.005000 1.229244
v 3.332320 3.005000 1.219244
v 3.325000 3.005000 1.211924
v 3.315000 3.005000 1.209244
v 3.305000 3.005000 1.211924
v 3.297679 3.005000 1.219244
v 3.295000 3.005000 1.229244
v 3.297679 3.005000 1.239244
v 3.305000 3.005000 1.246565
v 3.315000 2.976284 1.247362
v 3.325000 2.976634 1.244706
v 3.332320 2.977589 1.237448
v 3.335000 2.978895 1.227533
v 3.332320 2.980200 1.217619
v 3.325000 2.981155 1.210361
v 3.315000 2.981505 1.207705
v 3.305000 2.981155 1.210361
v 3.297679 2.980200 1.217619
v 3.295000 2.978895 1.227533
v 3.297679 2.977589 1.237448
v 3.305000 2.976634 1.244706
v 3.315000 2.948060 1.241748
v 3.325000 2.948753 1.239160
v 3.332320 2.950648 1.232089
v 3.335000 2.953236 1.222430
v 3.332320 2.955824 1.212770
v 3.325000 2.957719 1.205699
v 3.315000 2.958412 1.203111
v 3.305000 2.957719 1.205699
v 3.297679 2.955824 1.212770
v 3.295000 2.953236 1.222430
v 3.297679 2.950648 1.232089
v 3.305000 2.948753 1.239160
v 3.315000 2.920810 1.232498
v 3.325000 2.921835 1.230022
v 3.332320 2.924636 1.223259
v 3.335000 2.928463 1.214020
v 3.332320 2.932290 1.204782
v 3.325000 2.935091 1.198018
v 3.315000 2.936117 1.195543
v 3.305000 2.935091 1.198018
v 3.297679 2.932290 1.204782
v 3.295000 2.928463 1.214020
v 3.297679 2.924636 1.223259
v 3.305000 2.921835 1.230022
v 3.315000 2.895000 1.219770
v 3.325000 2.896340 1.217450
v 3.332320 2.900000 1.211110
v 3.335000 2.905000 1.202450
v 3.332320 2.910000 1.193789
v 3.325000 2.913660 1.187449
v 3.315000 2.915000 1.185129
v 3.305000 2.913660 1.187449
v 3.297679 2.910000 1.193789
v 3.295000 2.905000 1.202450
v 3.297679 2.900000 1.211110
v 3.305000 2.896340 1.217450
v 3.315000 2.871073 1.203782
v 3.325000 2.872704 1.201656
v 3.332320 2.877160 1.195849
v 3.335000 2.883248 1.187915
v 3.332320 2.889335 1.179982
v 3.325000 2.893792 1.174174
v 3.315000 2.895423 1.172048
v 3.305000 2.893792 1.174174
v 3.297679 2.889335 1.179982
v 3.295000 2.883248 1.187915
v 3.297679 2.877160 1.195849
v 3.305000 2.872704 1.201656
v 3.315000 2.849437 1.184808
v 3.325000 2.851331 1.182913
v 3.332320 2.856508 1.177737
v 3.335000 2.863579 1.170666
v 3.332320 2.870650 1.163595
v 3.325000 2.875826 1.158418
v 3.315000 2.877721 1.156524
v 3.305000 2.875826 1.158418
v 3.297679 2.870650 1.163595
v 3.295000 2.863579 1.170666
v 3.297679 2.856508 1.177737
v 3.305000 2.851331 1.182913
v 3.315000 2.830462 1.163172
v 3.325000 2.832588 1.161541
v 3.332320 2.838396 1.157084
v 3.335000 2.846329 1.150997
v 3.332320 2.854263 1.144909
v 3.325000 2.860070 1.140453
v 3.315000 2.862196 1.138821
v 3.305000 2.860070 1.140453
v 3.297679 2.854263 1.144909
v 3.295000 2.846329 1.150997
v 3.297679 2.838396 1.157084
v 3.305000 2.832588 1.161541
v 3.315000 2.814474 1.139244
v 3.325000 2.816795 1.137905
v 3.332320 2.823135 1.134244
v 3.335000 2.831795 1.129244
v 3.332320 2.840455 1.124244
v 3.325000 2.846795 1.120584
v 3.315000 2.849115 1.119244
v 3.305000 2.846795 1.120584
v 3.297679 2.840455 1.124244
v 3.295000 2.831795 1.129244
v 3.297679 2.823135 1.134244
v 3.305000 2.816795 1.137905
v 3.315000 2.801746 1.113435
v 3.325000 2.804222 1.112409
v 3.332320 2.810985 1.109608
v 3.335000 2.820224 1.105781
v 3.332320 2.829463 1.101954
v 3.325000 2.836226 1.099153
v 3.315000 2.838701 1.098127
v 3.305000 2.836226 1.099153
v 3.297679 2.829463 1.101954
v 3.295000 2.820224 1.105781
v 3.297679 2.810985 1.109608
v 3.305000 2.804222 1.112409
v 3.315000 2.792496 1.086185
v 3.325000 2.795084 1.085491
v 3.332320 2.802155 1.083596
v 3.335000 2.811815 1.081008
v 3.332320 2.821474 1.078420
v 3.325000 2.828545 1.076525
v 3.315000 2.831133 1.075832
v 3.305000 2.828545 1.076525
v 3.297679 2.821474 1.078420
v 3.295000 2.811815 1.081008
v 3.297679 2.802155 1.083596
v 3.305000 2.795084 1.085491
v 3.315000 2.786882 1.057960
v 3.325000 2.789539 1.057610
v 3.332320 2.796796 1.056655
v 3.335000 2.806711 1.055350
v 3.332320 2.816625 1.054044
v 3.325000 2.823883 1.053089
v 3.315000 2.826540 1.052739
v 3.305000 2.823883 1.053089
v 3.297679 2.816625 1.054044
v 3.295000 2.806711 1.055350
v 3.297679 2.796796 1.056655
v 3.305000 2.789539 1.057610
v 3.300000 3.005000 0.979244
v 3.330000 3.005000 0.979244
v 3.300000 2.985866 0.983050
v 3.330000 2.985866 0.983050
v 3.300000 2.969645 0.993889
v 3.330000 2.969645 0.993889
v 3.300000 2.958806 1.010110
v 3.330000 2.958806 1.010110
v 3.300000 2.955000 1.029244
v 3.330000 2.955000 1.029244
v 3.300000 2.958806 1.048379
v 3.330000 2.958806 1.048379
v 3.300000 2.969645 1.064600
v 3.330000 2.969645 1.064600
v 3.300000 2.985866 1.075438
v 3.330000 2.985866 1.075438
v 3.300000 3.005000 1.079244
v 3.330000 3.005000 1.079244
v 3.300000 3.024134 1.075438
v 3.330000 3.024134 1.075438
v 3.300000 3.040355 1.064600
v 3.330000 3.040355 1.064600
v 3.300000 3.051194 1.048379
v 3.330000 3.051194 1.048379
v 3.300000 3.055000 1.029244
v 3.330000 3.055000 1.029244
v 3.300000 3.051194 1.010110
v 3.330000 3.051194 1.010110
v 3.300000 3.040355 0.993889
v 3.330000 3.040355 0.993889
v 3.300000 3.024134 0.983050
v 3.330000 3.024134 0.983050
v 2.925000 0.005000 -1.100756
v 2.925000 3.605000 -1.100756
v 2.936480 0.005000 -1.098472
v 2.936480 3.605000 -1.098472
v 2.946213 0.005000 -1.091969
v 2.946213 3.605000 -1.091969
v 2.952717 0.005000 -1.082236
v 2.952717 3.605000 -1.082236
v 2.955000 0.005000 -1.070756
v 2.955000 3.605000 -1.070756
v 2.952717 0.005000 -1.059275
v 2.952717 3.605000 -1.059275
v 2.946213 0.005000 -1.049543
v 2.946213 3.605000 -1.049543
v 2.936480 0.005000 -1.043039
v 2.936480 3.605000 -1.043039
v 2.925000 0.005000 -1.040756
v 2.925000 3.605000 -1.040756
v 2.913520 0.005000 -1.043039
v 2.913520 3.605000 -1.043039
v 2.903787 0.005000 -1.049543
v 2.903787 3.605000 -1.049543
v 2.897284 0.005000 -1.059275
v 2.897284 3.605000 -1.059275
v 2.895000 0.005000 -1.070756
v 2.895000 3.605000 -1.070756
v 2.897284 0.005000 -1.082236
v 2.897284 3.605000 -1.082236
v 2.903787 0.005000 -1.091969
v 2.903787 3.605000 -1.091969
v 2.913520 0.005000 -1.098472
v 2.913520 3.605000 -1.098472
v 3.200000 0.080000 0.904244
v 3.200000 1.230000 0.904244
v 3.200000 0.080000 -0.045756
v 3.200000 1.230000 -0.045756
v 4.550000 0.080000 0.904244
v 4.550000 1.230000 0.904244
v 4.550000 0.080000 -0.045756
v 4.550000 1.230000 -0.045756
v 3.175000 1.182955 0.902324
v 3.175000 1.262516 0.910686
v 3.175000 1.287483 -0.092198
v 3.175000 1.367045 -0.083835
v 4.575000 1.182955 0.902324
v 4.575000 1.262516 0.910686
v 4.575000 1.287483 -0.092198
v 4.575000 1.367045 -0.083835
v 3.299999 0.075000 0.709244
v 3.350000 0.075000 0.709244
v 3.299999 0.048212 0.714573
v 3.350000 0.048212 0.714573
v 3.299999 0.025502 0.729747
v 3.350000 0.025502 0.729747
v 3.299999 0.010328 0.752457
v 3.350000 0.010328 0.752457
v 3.299999 0.005000 0.779244
v 3.350000 0.005000 0.779244
v 3.299999 0.010328 0.806032
v 3.350000 0.010328 0.806032
v 3.299999 0.025502 0.828742
v 3.350000 0.025502 0.828742
v 3.299999 0.048212 0.843916
v 3.350000 0.048212 0.843916
v 3.299999 0.075000 0.849244
v 3.350000 0.075000 0.849244
v 3.299999 0.101788 0.843916
v 3.350000 0.101788 0.843916
v 3.299999 0.124497 0.828742
v 3.350000 0.124497 0.828742
v 3.299999 0.139671 0.806032
v 3.350000 0.139671 0.806032
v 3.299999 0.145000 0.779244
v 3.350000 0.145000 0.779244
v 3.299999 0.139671 0.752457
v 3.350000 0.139671 0.752457
v 3.299999 0.124497 0.729747
v 3.350000 0.124497 0.729747
v 3.299999 0.101788 0.714573
v 3.350000 0.101788 0.714573
v 3.299999 0.075000 0.009244
v 3.350000 0.075000 0.009244
v 3.299999 0.048212 0.014573
v 3.350000 0.048212 0.014573
v 3.299999 0.025502 0.029747
v 3.350000 0.025502 0.029747
v 3.299999 0.010328 0.052457
v 3.350000 0.010328 0.052457
v 3.299999 0.005000 0.079244
v 3.350000 0.005000 0.079244
v 3.299999 0.010328 0.106032
v 3.350000 0.010328 0.106032
v 3.299999 0.025502 0.128742
v 3.350000 0.025502 0.128742
v 3.299999 0.048212 0.143916
v 3.350000 0.048212 0.143916
v 3.299999 0.075000 0.149244
v 3.350000 0.075000 0.149244
v 3.299999 0.101788 0.143916
v 3.350000 0.101788 0.143916
v 3.299999 0.124497 0.128742
v 3.350000 0.124497 0.128742
v 3.299999 0.139671 0.106032
v 3.350000 0.139671 0.106032
v 3.299999 0.145000 0.079244
v 3.350000 0.145000 0.079244
v 3.299999 0.139671 0.052457
v 3.350000 0.139671 0.052457
v 3.299999 0.124497 0.029747
v 3.350000 0.124497 0.029747
v 3.299999 0.101788 0.014573
v 3.350000 0.101788 0.014573
v 4.400000 0.075000 0.709244
v 4.450000 0.075000 0.709244
v 4.400000 0.048212 0.714573
v 4.450000 0.048212 0.714573
v 4.400000 0.025502 0.729747
v 4.450000 0.025502 0.729747
v 4.400000 0.010328 0.752457
v 4.450000 0.010328 0.752457
v 4.400000 0.005000 0.779244
v 4.450000 0.005000 0.779244
v 4.400000 0.010328 0.806032
v 4.450000 0.010328 0.806032
v 4.400000 0.025502 0.828742
v 4.450000 0.025502 0.828742
v 4.400000 0.048212 0.843916
v 4.450000 0.048212 0.843916
v 4.400000 0.075000 0.849244
v 4.450000 0.075000 0.849244
v 4.400000 0.101788 0.843916
v 4.450000 0.101788 0.843916
v 4.400000 0.124497 0.828742
v 4.450000 0.124497 0.828742
v 4.400000 0.139671 0.806032
v 4.450000 0.139671 0.806032
v 4.400000 0.145000 0.779244
v 4.450000 0.145000 0.779244
v 4.400000 0.139671 0.752457
v 4.450000 0.139671 0.752457
v 4.400000 0.124497 0.729747
v 4.450000 0.124497 0.729747
v 4.400000 0.101788 0.714573
v 4.450000 0.101788 0.714573
v 4.400000 0.075000 0.009244
v 4.450000 0.075000 0.009244
v 4.400000 0.048212 0.014573
v 4.450000 0.048212 0.014573
v 4.400000 0.025502 0.029747
v 4.450000 0.025502 0.029747
v 4.400000 0.010328 0.052457
v 4.450000 0.010328 0.052457
v 4.400000 0.005000 0.079244
v 4.450000 0.005000 0.079244
v 4.400000 0.010328 0.106032
v 4.450000 0.010328 0.106032
v 4.400000 0.025502 0.128742
v 4.450000 0.025502 0.128742
v 4.400000 0.048212 0.143916
v 4.450000 0.048212 0.143916
v 4.400000 0.075000 0.149244
v 4.450000 0.075000 0.149244
v 4.400000 0.101788 0.143916
v 4.450000 0.101788 0.143916
v 4.400000 0.124497 0.128742
v 4.450000 0.124497 0.128742
v 4.400000 0.139671 0.106032
v 4.450000 0.139671 0.106032
v 4.400000 0.145000 0.079244
v 4.450000 0.145000 0.079244
v 4.400000 0.139671 0.052457
v 4.450000 0.139671 0.052457
v 4.400000 0.124497 0.029747
v 4.450000 0.124497 0.029747
v 4.400000 0.101788 0.014573
v 4.450000 0.101788 0.014573
v 4.550000 0.080000 0.704244
v 4.550000 1.330000 0.704244
v 4.550000 0.080000 -0.145756
v 4.550000 1.330000 -0.145756
v 5.200000 0.080000 0.704244
v 5.200000 1.330000 0.704244
v 5.200000 0.080000 -0.145756
v 5.200000 1.330000 -0.145756
v 4.525000 1.369353 0.710582
v 4.525000 1.439087 0.704482
v 4.525000 1.290913 -0.185993
v 4.525000 1.360646 -0.192094
v 5.224999 1.369353 0.710582
v 5.224999 1.439087 0.704482
v 5.224999 1.290913 -0.185993
v 5.224999 1.360646 -0.192094
v -3.725000 0.005000 3.454244
v -3.725000 0.765000 3.454244
v -3.696298 0.005000 3.459953
v -3.696298 0.765000 3.459953
v -3.671967 0.005000 3.476211
v -3.671967 0.765000 3.476211
v -3.655709 0.005000 3.500543
v -3.655709 0.765000 3.500543
v -3.649999 0.005000 3.529244
v -3.649999 0.765000 3.529244
v -3.655709 0.005000 3.557946
v -3.655709 0.765000 3.557946
v -3.671967 0.005000 3.582277
v -3.671967 0.765000 3.582277
v -3.696298 0.005000 3.598536
v -3.696298 0.765000 3.598536
v -3.725000 0.005000 3.604244
v -3.725000 0.765000 3.604244
v -3.753701 0.005000 3.598536
v -3.753701 0.765000 3.598536
v -3.778033 0.005000 3.582277
v -3.778033 0.765000 3.582277
v -3.794290 0.005000 3.557946
v -3.794290 0.765000 3.557946
v -3.800000 0.005000 3.529244
v -3.800000 0.765000 3.529244
v -3.794290 0.005000 3.500543
v -3.794290 0.765000 3.500543
v -3.778033 0.005000 3.476211
v -3.778033 0.765000 3.476211
v -3.753701 0.005000 3.459953
v -3.753701 0.765000 3.459953
v -3.725000 0.847062 3.499395
v -3.725000 0.804849 3.457182
v -3.725000 0.775000 3.451244
v -3.725000 0.745150 3.457182
v -3.725000 0.702937 3.499395
v -3.725000 0.853000 3.529244
v -3.712048 0.847062 3.502351
v -3.701069 0.830154 3.479552
v -3.693733 0.804849 3.464318
v -3.691157 0.775000 3.458969
v -3.693733 0.745150 3.464318
v -3.701069 0.719846 3.479552
v -3.712048 0.702937 3.502351
v -3.701662 0.847062 3.510634
v -3.681878 0.830154 3.494856
v -3.668658 0.804849 3.484314
v -3.664017 0.775000 3.480612
v -3.668658 0.745150 3.484314
v -3.681878 0.719846 3.494856
v -3.701662 0.702937 3.510634
v -3.695899 0.847062 3.522602
v -3.671228 0.830154 3.516971
v -3.654743 0.804849 3.513209
v -3.648955 0.775000 3.511888
v -3.654743 0.745150 3.513209
v -3.671228 0.719846 3.516971
v -3.695899 0.702937 3.522602
v -3.695899 0.847062 3.535887
v -3.671228 0.830154 3.541517
v -3.654743 0.804849 3.545280
v -3.648955 0.775000 3.546601
v -3.654743 0.745150 3.545280
v -3.671228 0.719846 3.541517
v -3.695899 0.702937 3.535887
v -3.701662 0.847062 3.547855
v -3.681878 0.830154 3.563632
v -3.668658 0.804849 3.574175
v -3.664017 0.775000 3.577877
v -3.668658 0.745150 3.574175
v -3.681878 0.719846 3.563632
v -3.701662 0.702937 3.547855
v -3.712048 0.847062 3.556138
v -3.701069 0.830154 3.578937
v -3.693733 0.804849 3.594171
v -3.691157 0.775000 3.599520
v -3.693733 0.745150 3.594171
v -3.701069 0.719846 3.578937
v -3.712048 0.702937 3.556138
v -3.725000 0.847062 3.559093
v -3.725000 0.830154 3.584398
v -3.725000 0.804849 3.601307
v -3.725000 0.775000 3.607244
v -3.725000 0.745150 3.601307
v -3.725000 0.719846 3.584398
v -3.725000 0.702937 3.559093
v -3.737951 0.847062 3.556138
v -3.748931 0.830154 3.578937
v -3.756266 0.804849 3.594171
v -3.758842 0.775000 3.599520
v -3.756266 0.745150 3.594171
v -3.748931 0.719846 3.578937
v -3.737951 0.702937 3.556138
v -3.748337 0.847062 3.547855
v -3.768121 0.830154 3.563632
v -3.781341 0.804849 3.574175
v -3.785982 0.775000 3.577877
v -3.781341 0.745150 3.574175
v -3.768121 0.719846 3.563632
v -3.748337 0.702937 3.547855
v -3.754101 0.847062 3.535887
v -3.778771 0.830154 3.541517
v -3.795256 0.804849 3.545280
v -3.801044 0.775000 3.546601
v -3.795256 0.745150 3.545280
v -3.778771 0.719846 3.541517
v -3.754101 0.702937 3.535887
v -3.754101 0.847062 3.522602
v -3.778771 0.830154 3.516971
v -3.795256 0.804849 3.513209
v -3.801044 0.775000 3.511888
v -3.795256 0.745150 3.513209
v -3.778771 0.719846 3.516971
v -3.754101 0.702937 3.522602
v -3.748337 0.847062 3.510633
v -3.768121 0.830154 3.494856
v -3.781340 0.804849 3.484314
v -3.785982 0.775000 3.480612
v -3.781340 0.745150 3.484314
v -3.768121 0.719846 3.494856
v -3.748337 0.702937 3.510633
v -3.737951 0.847062 3.502351
v -3.748931 0.830154 3.479552
v -3.756266 0.804849 3.464318
v -3.758842 0.775000 3.458969
v -3.756266 0.745150 3.464318
v -3.748931 0.719846 3.479552
v -3.737951 0.702937 3.502351
v -3.725000 0.830154 3.474090
v -3.725000 0.719846 3.474090
v -3.725000 0.697000 3.529244
v 1.775000 0.005000 3.454244
v 1.775000 0.765000 3.454244
v 1.803701 0.005000 3.459953
v 1.803701 0.765000 3.459953
v 1.828033 0.005000 3.476211
v 1.828033 0.765000 3.476211
v 1.844291 0.005000 3.500543
v 1.844291 0.765000 3.500543
v 1.850000 0.005000 3.529244
v 1.850000 0.765000 3.529244
v 1.844291 0.005000 3.557946
v 1.844291 0.765000 3.557946
v 1.828033 0.005000 3.582277
v 1.828033 0.765000 3.582277
v 1.803701 0.005000 3.598536
v 1.803701 0.765000 3.598536
v 1.775000 0.005000 3.604244
v 1.775000 0.765000 3.604244
v 1.746299 0.005000 3.598536
v 1.746299 0.765000 3.598536
v 1.721967 0.005000 3.582277
v 1.721967 0.765000 3.582277
v 1.705709 0.005000 3.557946
v 1.705709 0.765000 3.557946
v 1.700000 0.005000 3.529244
v 1.700000 0.765000 3.529244
v 1.705709 0.005000 3.500543
v 1.705709 0.765000 3.500543
v 1.721967 0.005000 3.476211
v 1.721967 0.765000 3.476211
v 1.746299 0.005000 3.459953
v 1.746299 0.765000 3.459953
v 1.775000 0.847062 3.499395
v 1.775000 0.804849 3.457182
v 1.775000 0.775000 3.451244
v 1.775000 0.745150 3.457182
v 1.775000 0.702937 3.499395
v 1.775000 0.853000 3.529244
v 1.787951 0.847062 3.502351
v 1.798930 0.830154 3.479552
v 1.806267 0.804849 3.464318
v 1.808843 0.775000 3.458969
v 1.806267 0.745150 3.464318
v 1.798930 0.719846 3.479552
v 1.787951 0.702937 3.502351
v 1.798337 0.847062 3.510634
v 1.818121 0.830154 3.494856
v 1.831341 0.804849 3.484314
v 1.835983 0.775000 3.480612
v 1.831341 0.745150 3.484314
v 1.818121 0.719846 3.494856
v 1.798337 0.702937 3.510634
v 1.804101 0.847062 3.522602
v 1.828772 0.830154 3.516971
v 1.845256 0.804849 3.513209
v 1.851044 0.775000 3.511888
v 1.845256 0.745150 3.513209
v 1.828772 0.719846 3.516971
v 1.804101 0.702937 3.522602
v 1.804101 0.847062 3.535887
v 1.828772 0.830154 3.541517
v 1.845256 0.804849 3.545280
v 1.851044 0.775000 3.546601
v 1.845256 0.745150 3.545280
v 1.828772 0.719846 3.541517
v 1.804101 0.702937 3.535887
v 1.798337 0.847062 3.547855
v 1.818121 0.830154 3.563632
v 1.831341 0.804849 3.574175
v 1.835983 0.775000 3.577877
v 1.831341 0.745150 3.574175
v 1.818121 0.719846 3.563632
v 1.798337 0.702937 3.547855
v 1.787951 0.847062 3.556138
v 1.798930 0.830154 3.578937
v 1.806267 0.804849 3.594171
v 1.808843 0.775000 3.599520
v 1.806267 0.745150 3.594171
v 1.798930 0.719846 3.578937
v 1.787951 0.702937 3.556138
v 1.775000 0.847062 3.559093
v 1.775000 0.830154 3.584398
v 1.775000 0.804849 3.601307
v 1.775000 0.775000 3.607244
v 1.775000 0.745150 3.601307
v 1.775000 0.719846 3.584398
v 1.775000 0.702937 3.559093
v 1.762049 0.847062 3.556138
v 1.751069 0.830154 3.578937
v 1.743733 0.804849 3.594171
v 1.741157 0.775000 3.599520
v 1.743733 0.745150 3.594171
v 1.751069 0.719846 3.578937
v 1.762049 0.702937 3.556138
v 1.751663 0.847062 3.547855
v 1.731879 0.830154 3.563632
v 1.718659 0.804849 3.574175
v 1.714017 0.775000 3.577877
v 1.718659 0.745150 3.574175
v 1.731879 0.719846 3.563632
v 1.751663 0.702937 3.547855
v 1.745899 0.847062 3.535887
v 1.721228 0.830154 3.541517
v 1.704744 0.804849 3.545280
v 1.698956 0.775000 3.546601
v 1.704744 0.745150 3.545280
v 1.721228 0.719846 3.541517
v 1.745899 0.702937 3.535887
v 1.745899 0.847062 3.522602
v 1.721228 0.830154 3.516971
v 1.704744 0.804849 3.513209
v 1.698956 0.775000 3.511888
v 1.704744 0.745150 3.513209
v 1.721228 0.719846 3.516971
v 1.745899 0.702937 3.522602
v 1.751663 0.847062 3.510633
v 1.731879 0.830154 3.494856
v 1.718659 0.804849 3.484314
v 1.714017 0.775000 3.480612
v 1.718659 0.745150 3.484314
v 1.731879 0.719846 3.494856
v 1.751663 0.702937 3.510633
v 1.762049 0.847062 3.502351
v 1.751069 0.830154 3.479552
v 1.743733 0.804849 3.464318
v 1.741157 0.775000 3.458969
v 1.743733 0.745150 3.464318
v 1.751069 0.719846 3.479552
v 1.762049 0.702937 3.502351
v 1.775000 0.830154 3.474090
v 1.775000 0.719846 3.474090
v 1.775000 0.697000 3.529244
v -4.325000 0.385000 2.374244
v -4.325000 0.289329 2.387566
v -4.325000 0.154030 2.482275
v -4.325000 0.635000 2.549244
v -4.239844 0.615970 2.488907
v -4.167653 0.561776 2.437755
v -4.119417 0.480670 2.403577
v -4.102479 0.385000 2.391575
v -4.119417 0.289329 2.403577
v -4.167653 0.208223 2.437755
v -4.239844 0.154030 2.488907
v -4.171556 0.615970 2.507490
v -4.041472 0.561776 2.472092
v -3.954552 0.480670 2.448439
v -3.924031 0.385000 2.440134
v -3.954552 0.289329 2.448439
v -4.041472 0.208223 2.472092
v -4.171556 0.154030 2.507490
v -4.133657 0.615970 2.534342
v -3.971447 0.561776 2.521709
v -3.863060 0.480670 2.513268
v -3.825000 0.385000 2.510303
v -3.863060 0.289329 2.513268
v -3.971447 0.208223 2.521709
v -4.133657 0.154030 2.534342
v -4.133657 0.615970 2.564147
v -3.971447 0.561776 2.576780
v -3.863060 0.480670 2.585221
v -3.825000 0.385000 2.588186
v -3.863060 0.289329 2.585221
v -3.971447 0.208223 2.576780
v -4.133657 0.154030 2.564147
v -4.171556 0.615970 2.590999
v -4.041472 0.561776 2.626397
v -3.954552 0.480670 2.650050
v -3.924031 0.385000 2.658355
v -3.954552 0.289329 2.650050
v -4.041472 0.208223 2.626397
v -4.171556 0.154030 2.590999
v -4.239845 0.615970 2.609582
v -4.167653 0.561776 2.660734
v -4.119417 0.480670 2.694912
v -4.102479 0.385000 2.706914
v -4.119417 0.289329 2.694912
v -4.167653 0.208223 2.660734
v -4.239845 0.154030 2.609582
v -4.325000 0.615970 2.616214
v -4.325000 0.561776 2.672988
v -4.325000 0.480670 2.710923
v -4.325000 0.385000 2.724245
v -4.325000 0.289329 2.710923
v -4.325000 0.208223 2.672988
v -4.325000 0.154030 2.616214
v -4.410155 0.615970 2.609582
v -4.482346 0.561776 2.660734
v -4.530582 0.480670 2.694912
v -4.547521 0.385000 2.706914
v -4.530582 0.289329 2.694912
v -4.482346 0.208223 2.660734
v -4.410155 0.154030 2.609582
v -4.478444 0.615970 2.590999
v -4.608527 0.561776 2.626397
v -4.695447 0.480670 2.650050
v -4.725968 0.385000 2.658355
v -4.695447 0.289329 2.650050
v -4.608527 0.208223 2.626397
v -4.478444 0.154030 2.590999
v -4.516341 0.615970 2.564147
v -4.678553 0.561776 2.576780
v -4.786940 0.480670 2.585221
v -4.825000 0.385000 2.588186
v -4.786940 0.289329 2.585221
v -4.678553 0.208223 2.576780
v -4.516341 0.154030 2.564147
v -4.516341 0.615970 2.534342
v -4.678553 0.561776 2.521709
v -4.786940 0.480670 2.513268
v -4.825000 0.385000 2.510303
v -4.786940 0.289329 2.513268
v -4.678553 0.208223 2.521709
v -4.516341 0.154030 2.534342
v -4.478444 0.615970 2.507490
v -4.608527 0.561776 2.472092
v -4.695447 0.480670 2.448439
v -4.725968 0.385000 2.440134
v -4.695447 0.289329 2.448439
v -4.608527 0.208223 2.472092
v -4.478444 0.154030 2.507490
v -4.410154 0.615970 2.488907
v -4.482346 0.561776 2.437755
v -4.530581 0.480670 2.403577
v -4.547521 0.385000 2.391575
v -4.530581 0.289329 2.403577
v -4.482346 0.208223 2.437755
v -4.410154 0.154030 2.488907
v -4.325000 0.615970 2.482275
v -4.325000 0.561776 2.425501
v -4.325000 0.480670 2.387566
v -4.325000 0.208223 2.425501
v -4.325000 0.135000 2.549244
v -2.025000 0.385000 2.374244
v -2.025000 0.289329 2.387566
v -2.025000 0.154030 2.482275
v -2.025000 0.635000 2.549244
v -1.939845 0.615970 2.488907
v -1.867654 0.561776 2.437755
v -1.819417 0.480670 2.403577
v -1.802479 0.385000 2.391575
v -1.819417 0.289329 2.403577
v -1.867654 0.208223 2.437755
v -1.939845 0.154030 2.488907
v -1.871556 0.615970 2.507490
v -1.741472 0.561776 2.472092
v -1.654553 0.480670 2.448439
v -1.624031 0.385000 2.440134
v -1.654553 0.289329 2.448439
v -1.741472 0.208223 2.472092
v -1.871556 0.154030 2.507490
v -1.833658 0.615970 2.534342
v -1.671446 0.561776 2.521709
v -1.563060 0.480670 2.513268
v -1.525000 0.385000 2.510303
v -1.563060 0.289329 2.513268
v -1.671446 0.208223 2.521709
v -1.833658 0.154030 2.534342
v -1.833658 0.615970 2.564147
v -1.671446 0.561776 2.576780
v -1.563060 0.480670 2.585221
v -1.525000 0.385000 2.588186
v -1.563060 0.289329 2.585221
v -1.671446 0.208223 2.576780
v -1.833658 0.154030 2.564147
v -1.871556 0.615970 2.590999
v -1.741472 0.561776 2.626397
v -1.654553 0.480670 2.650050
v -1.624031 0.385000 2.658355
v -1.654553 0.289329 2.650050
v -1.741472 0.208223 2.626397
v -1.871556 0.154030 2.590999
v -1.939845 0.615970 2.609582
v -1.867654 0.561776 2.660734
v -1.819417 0.480670 2.694912
v -1.802479 0.385000 2.706914
v -1.819417 0.289329 2.694912
v -1.867654 0.208223 2.660734
v -1.939845 0.154030 2.609582
v -2.025000 0.615970 2.616214
v -2.025000 0.561776 2.672988
v -2.025000 0.480670 2.710923
v -2.025000 0.385000 2.724245
v -2.025000 0.289329 2.710923
v -2.025000 0.208223 2.672988
v -2.025000 0.154030 2.616214
v -2.110155 0.615970 2.609582
v -2.182346 0.561776 2.660734
v -2.230582 0.480670 2.694912
v -2.247521 0.385000 2.706914
v -2.230582 0.289329 2.694912
v -2.182346 0.208223 2.660734
v -2.110155 0.154030 2.609582
v -2.178444 0.615970 2.590999
v -2.308528 0.561776 2.626397
v -2.395447 0.480670 2.650050
v -2.425969 0.385000 2.658355
v -2.395447 0.289329 2.650050
v -2.308528 0.208223 2.626397
v -2.178444 0.154030 2.590999
v -2.216342 0.615970 2.564147
v -2.378553 0.561776 2.576780
v -2.486940 0.480670 2.585221
v -2.525000 0.385000 2.588186
v -2.486940 0.289329 2.585221
v -2.378553 0.208223 2.576780
v -2.216342 0.154030 2.564147
v -2.216342 0.615970 2.534342
v -2.378553 0.561776 2.521709
v -2.486940 0.480670 2.513268
v -2.525000 0.385000 2.510303
v -2.486940 0.289329 2.513268
v -2.378553 0.208223 2.521709
v -2.216342 0.154030 2.534342
v -2.178444 0.615970 2.507490
v -2.308528 0.561776 2.472092
v -2.395447 0.480670 2.448439
v -2.425969 0.385000 2.440134
v -2.395447 0.289329 2.448439
v -2.308528 0.208223 2.472092
v -2.178444 0.154030 2.507490
v -2.110155 0.615970 2.488907
v -2.182346 0.561776 2.437755
v -2.230582 0.480670 2.403577
v -2.247521 0.385000 2.391575
v -2.230582 0.289329 2.403577
v -2.182346 0.208223 2.437755
v -2.110155 0.154030 2.488907
v -2.025000 0.615970 2.482275
v -2.025000 0.561776 2.425501
v -2.025000 0.480670 2.387566
v -2.025000 0.208223 2.425501
v -2.025000 0.135000 2.549244
v 1.375000 0.385000 2.374244
v 1.375000 0.289329 2.387566
v 1.375000 0.154030 2.482275
v 1.375000 0.635000 2.549244
v 1.460155 0.615970 2.488907
v 1.532346 0.561776 2.437755
v 1.580582 0.480670 2.403577
v 1.597521 0.385000 2.391575
v 1.580582 0.289329 2.403577
v 1.532346 0.208223 2.437755
v 1.460155 0.154030 2.488907
v 1.528444 0.615970 2.507490
v 1.658528 0.561776 2.472092
v 1.745447 0.480670 2.448439
v 1.775969 0.385000 2.440134
v 1.745447 0.289329 2.448439
v 1.658528 0.208223 2.472092
v 1.528444 0.154030 2.507490
v 1.566342 0.615970 2.534342
v 1.728553 0.561776 2.521709
v 1.836940 0.480670 2.513268
v 1.875000 0.385000 2.510303
v 1.836940 0.289329 2.513268
v 1.728553 0.208223 2.521709
v 1.566342 0.154030 2.534342
v 1.566342 0.615970 2.564147
v 1.728553 0.561776 2.576780
v 1.836940 0.480670 2.585221
v 1.875000 0.385000 2.588186
v 1.836940 0.289329 2.585221
v 1.728553 0.208223 2.576780
v 1.566342 0.154030 2.564147
v 1.528444 0.615970 2.590999
v 1.658528 0.561776 2.626397
v 1.745447 0.480670 2.650050
v 1.775969 0.385000 2.658355
v 1.745447 0.289329 2.650050
v 1.658528 0.208223 2.626397
v 1.528444 0.154030 2.590999
v 1.460155 0.615970 2.609582
v 1.532346 0.561776 2.660734
v 1.580582 0.480670 2.694912
v 1.597521 0.385000 2.706914
v 1.580582 0.289329 2.694912
v 1.532346 0.208223 2.660734
v 1.460155 0.154030 2.609582
v 1.375000 0.615970 2.616214
v 1.375000 0.561776 2.672988
v 1.375000 0.480670 2.710923
v 1.375000 0.385000 2.724245
v 1.375000 0.289329 2.710923
v 1.375000 0.208223 2.672988
v 1.375000 0.154030 2.616214
v 1.289845 0.615970 2.609582
v 1.217654 0.561776 2.660734
v 1.169417 0.480670 2.694912
v 1.152479 0.385000 2.706914
v 1.169417 0.289329 2.694912
v 1.217654 0.208223 2.660734
v 1.289845 0.154030 2.609582
v 1.221556 0.615970 2.590999
v 1.091472 0.561776 2.626397
v 1.004553 0.480670 2.650050
v 0.974031 0.385000 2.658355
v 1.004553 0.289329 2.650050
v 1.091472 0.208223 2.626397
v 1.221556 0.154030 2.590999
v 1.183658 0.615970 2.564147
v 1.021447 0.561776 2.576780
v 0.913060 0.480670 2.585221
v 0.875000 0.385000 2.588186
v 0.913060 0.289329 2.585221
v 1.021447 0.208223 2.576780
v 1.183658 0.154030 2.564147
v 1.183658 0.615970 2.534342
v 1.021447 0.561776 2.521709
v 0.913060 0.480670 2.513268
v 0.875000 0.385000 2.510303
v 0.913060 0.289329 2.513268
v 1.021447 0.208223 2.521709
v 1.183658 0.154030 2.534342
v 1.221556 0.615970 2.507490
v 1.091472 0.561776 2.472092
v 1.004553 0.480670 2.448439
v 0.974031 0.385000 2.440134
v 1.004553 0.289329 2.448439
v 1.091472 0.208223 2.472092
v 1.221556 0.154030 2.507490
v 1.289845 0.615970 2.488907
v 1.217654 0.561776 2.437755
v 1.169418 0.480670 2.403577
v 1.152479 0.385000 2.391575
v 1.169418 0.289329 2.403577
v 1.217654 0.208223 2.437755
v 1.289845 0.154030 2.488907
v 1.375000 0.615970 2.482275
v 1.375000 0.561776 2.425501
v 1.375000 0.480670 2.387566
v 1.375000 0.208223 2.425501
v 1.375000 0.135000 2.549244
v 2.895000 0.385000 -0.045756
v 2.895000 0.289329 -0.032435
v 2.895000 0.154030 0.062275
v 2.895000 0.635000 0.129244
v 2.980155 0.615970 0.068907
v 3.052346 0.561776 0.017755
v 3.100582 0.480670 -0.016423
v 3.117521 0.385000 -0.028425
v 3.100582 0.289329 -0.016423
v 3.052346 0.208223 0.017755
v 2.980155 0.154030 0.068907
v 3.048444 0.615970 0.087490
v 3.178528 0.561776 0.052091
v 3.265446 0.480670 0.028439
v 3.295969 0.385000 0.020134
v 3.265446 0.289329 0.028439
v 3.178528 0.208223 0.052091
v 3.048444 0.154030 0.087490
v 3.086342 0.615970 0.114342
v 3.248553 0.561776 0.101709
v 3.356940 0.480670 0.093267
v 3.395000 0.385000 0.090303
v 3.356940 0.289329 0.093267
v 3.248553 0.208223 0.101709
v 3.086342 0.154030 0.114342
v 3.086342 0.615970 0.144147
v 3.248553 0.561776 0.156780
v 3.356940 0.480670 0.165221
v 3.395000 0.385000 0.168186
v 3.356940 0.289329 0.165221
v 3.248553 0.208223 0.156780
v 3.086342 0.154030 0.144147
v 3.048444 0.615970 0.170999
v 3.178528 0.561776 0.206397
v 3.265446 0.480670 0.230050
v 3.295969 0.385000 0.238355
v 3.265446 0.289329 0.230050
v 3.178528 0.208223 0.206397
v 3.048444 0.154030 0.170999
v 2.980155 0.615970 0.189582
v 3.052346 0.561776 0.240734
v 3.100582 0.480670 0.274912
v 3.117521 0.385000 0.286914
v 3.100582 0.289329 0.274912
v 3.052346 0.208223 0.240734
v 2.980155 0.154030 0.189582
v 2.895000 0.615970 0.196214
v 2.895000 0.561776 0.252988
v 2.895000 0.480670 0.290923
v 2.895000 0.385000 0.304244
v 2.895000 0.289329 0.290923
v 2.895000 0.208223 0.252988
v 2.895000 0.154030 0.196214
v 2.809845 0.615970 0.189582
v 2.737654 0.561776 0.240734
v 2.689417 0.480670 0.274912
v 2.672479 0.385000 0.286914
v 2.689417 0.289329 0.274912
v 2.737654 0.208223 0.240734
v 2.809845 0.154030 0.189582
v 2.741555 0.615970 0.170999
v 2.611472 0.561776 0.206397
v 2.524553 0.480670 0.230049
v 2.494031 0.385000 0.238355
v 2.524553 0.289329 0.230049
v 2.611472 0.208223 0.206397
v 2.741555 0.154030 0.170999
v 2.703658 0.615970 0.144147
v 2.541446 0.561776 0.156780
v 2.433060 0.480670 0.165221
v 2.395000 0.385000 0.168186
v 2.433060 0.289329 0.165221
v 2.541446 0.208223 0.156780
v 2.703658 0.154030 0.144147
v 2.703658 0.615970 0.114342
v 2.541446 0.561776 0.101709
v 2.433060 0.480670 0.093267
v 2.395000 0.385000 0.090303
v 2.433060 0.289329 0.093267
v 2.541446 0.208223 0.101709
v 2.703658 0.154030 0.114342
v 2.741555 0.615970 0.087489
v 2.611472 0.561776 0.052091
v 2.524553 0.480670 0.028439
v 2.494031 0.385000 0.020134
v 2.524553 0.289329 0.028439
v 2.611472 0.208223 0.052091
v 2.741555 0.154030 0.087489
v 2.809845 0.615970 0.068907
v 2.737654 0.561776 0.017755
v 2.689417 0.480670 -0.016423
v 2.672479 0.385000 -0.028425
v 2.689417 0.289329 -0.016423
v 2.737654 0.208223 0.017755
v 2.809845 0.154030 0.068907
v 2.895000 0.615970 0.062275
v 2.895000 0.561776 0.005501
v 2.895000 0.480670 -0.032435
v 2.895000 0.208223 0.005501
v 2.895000 0.135000 0.129244
v 2.895000 0.385000 -2.445756
v 2.895000 0.289329 -2.432435
v 2.895000 0.154030 -2.337725
v 2.895000 0.635000 -2.270756
v 2.980155 0.615970 -2.331093
v 3.052346 0.561776 -2.382245
v 3.100582 0.480670 -2.416423
v 3.117521 0.385000 -2.428425
v 3.100582 0.289329 -2.416423
v 3.052346 0.208223 -2.382245
v 2.980155 0.154030 -2.331093
v 3.048444 0.615970 -2.312510
v 3.178528 0.561776 -2.347908
v 3.265446 0.480670 -2.371561
v 3.295969 0.385000 -2.379866
v 3.265446 0.289329 -2.371561
v 3.178528 0.208223 -2.347908
v 3.048444 0.154030 -2.312510
v 3.086342 0.615970 -2.285658
v 3.248553 0.561776 -2.298291
v 3.356940 0.480670 -2.306732
v 3.395000 0.385000 -2.309697
v 3.356940 0.289329 -2.306732
v 3.248553 0.208223 -2.298291
v 3.086342 0.154030 -2.285658
v 3.086342 0.615970 -2.255853
v 3.248553 0.561776 -2.243220
v 3.356940 0.480670 -2.234779
v 3.395000 0.385000 -2.231814
v 3.356940 0.289329 -2.234779
v 3.248553 0.208223 -2.243220
v 3.086342 0.154030 -2.255853
v 3.048444 0.615970 -2.229001
v 3.178528 0.561776 -2.193603
v 3.265446 0.480670 -2.169950
v 3.295969 0.385000 -2.161645
v 3.265446 0.289329 -2.169950
v 3.178528 0.208223 -2.193603
v 3.048444 0.154030 -2.229001
v 2.980155 0.615970 -2.210418
v 3.052346 0.561776 -2.159266
v 3.100582 0.480670 -2.125088
v 3.117521 0.385000 -2.113086
v 3.100582 0.289329 -2.125088
v 3.052346 0.208223 -2.159266
v 2.980155 0.154030 -2.210418
v 2.895000 0.615970 -2.203786
v 2.895000 0.561776 -2.147012
v 2.895000 0.480670 -2.109077
v 2.895000 0.385000 -2.095756
v 2.895000 0.289329 -2.109077
v 2.895000 0.208223 -2.147012
v 2.895000 0.154030 -2.203786
v 2.809845 0.615970 -2.210418
v 2.737654 0.561776 -2.159266
v 2.689417 0.480670 -2.125088
v 2.672479 0.385000 -2.113086
v 2.689417 0.289329 -2.125088
v 2.737654 0.208223 -2.159266
v 2.809845 0.154030 -2.210418
v 2.741555 0.615970 -2.229001
v 2.611472 0.561776 -2.193603
v 2.524553 0.480670 -2.169950
v 2.494031 0.385000 -2.161645
v 2.524553 0.289329 -2.169950
v 2.611472 0.208223 -2.193603
v 2.741555 0.154030 -2.229001
v 2.703658 0.615970 -2.255853
v 2.541446 0.561776 -2.243220
v 2.433060 0.480670 -2.234779
v 2.395000 0.385000 -2.231815
v 2.433060 0.289329 -2.234779
v 2.541446 0.208223 -2.243220
v 2.703658 0.154030 -2.255853
v 2.703658 0.615970 -2.285658
v 2.541446 0.561776 -2.298291
v 2.433060 0.480670 -2.306732
v 2.395000 0.385000 -2.309697
v 2.433060 0.289329 -2.306732
v 2.541446 0.208223 -2.298291
v 2.703658 0.154030 -2.285658
v 2.741555 0.615970 -2.312510
v 2.611472 0.561776 -2.347909
v 2.524553 0.480670 -2.371561
v 2.494031 0.385000 -2.379866
v 2.524553 0.289329 -2.371561
v 2.611472 0.208223 -2.347909
v 2.741555 0.154030 -2.312510
v 2.809845 0.615970 -2.331093
v 2.737654 0.561776 -2.382245
v 2.689417 0.480670 -2.416423
v 2.672479 0.385000 -2.428425
v 2.689417 0.289329 -2.416423
v 2.737654 0.208223 -2.382245
v 2.809845 0.154030 -2.331093
v 2.895000 0.615970 -2.337725
v 2.895000 0.561776 -2.394499
v 2.895000 0.480670 -2.432435
v 2.895000 0.208223 -2.394499
v 2.895000 0.135000 -2.270756
v 4.425000 0.285000 0.904244
v 4.425000 0.179762 0.928984
v 4.425000 0.030933 1.104872
v 4.425000 0.560000 1.229244
v 4.488866 0.539067 1.117189
v 4.543010 0.479454 1.022193
v 4.579186 0.390238 0.958719
v 4.591890 0.285000 0.936430
v 4.579186 0.179762 0.958719
v 4.543010 0.090545 1.022193
v 4.488866 0.030933 1.117189
v 4.540083 0.539067 1.151700
v 4.637646 0.479454 1.085961
v 4.702835 0.390238 1.042035
v 4.725726 0.285000 1.026610
v 4.702835 0.179762 1.042035
v 4.637646 0.090545 1.085961
v 4.540083 0.030933 1.151700
v 4.568506 0.539067 1.201569
v 4.690165 0.479454 1.178107
v 4.771455 0.390238 1.162430
v 4.800000 0.285000 1.156925
v 4.771455 0.179762 1.162430
v 4.690165 0.090545 1.178107
v 4.568506 0.030933 1.201569
v 4.568506 0.539067 1.256920
v 4.690165 0.479454 1.280382
v 4.771455 0.390238 1.296059
v 4.800000 0.285000 1.301564
v 4.771455 0.179762 1.296059
v 4.690165 0.090545 1.280382
v 4.568506 0.030933 1.256920
v 4.540083 0.539067 1.306789
v 4.637646 0.479454 1.372528
v 4.702835 0.390238 1.416454
v 4.725726 0.285000 1.431879
v 4.702835 0.179762 1.416454
v 4.637646 0.090545 1.372528
v 4.540083 0.030933 1.306789
v 4.488866 0.539067 1.341300
v 4.543010 0.479454 1.436296
v 4.579186 0.390238 1.499770
v 4.591890 0.285000 1.522059
v 4.579186 0.179762 1.499770
v 4.543010 0.090545 1.436296
v 4.488866 0.030933 1.341300
v 4.425000 0.539067 1.353617
v 4.425000 0.479454 1.459054
v 4.425000 0.390238 1.529505
v 4.425000 0.285000 1.554245
v 4.425000 0.179762 1.529505
v 4.425000 0.090545 1.459054
v 4.425000 0.030933 1.353617
v 4.361134 0.539067 1.341300
v 4.306991 0.479454 1.436296
v 4.270813 0.390238 1.499770
v 4.258109 0.285000 1.522059
v 4.270813 0.179762 1.499770
v 4.306991 0.090545 1.436296
v 4.361134 0.030933 1.341300
v 4.309916 0.539067 1.306789
v 4.212354 0.479454 1.372528
v 4.147164 0.390238 1.416454
v 4.124273 0.285000 1.431879
v 4.147164 0.179762 1.416454
v 4.212354 0.090545 1.372528
v 4.309916 0.030933 1.306789
v 4.281493 0.539067 1.256920
v 4.159835 0.479454 1.280382
v 4.078545 0.390238 1.296059
v 4.050000 0.285000 1.301564
v 4.078545 0.179762 1.296059
v 4.159835 0.090545 1.280382
v 4.281493 0.030933 1.256920
v 4.281493 0.539067 1.201569
v 4.159835 0.479454 1.178107
v 4.078546 0.390238 1.162430
v 4.050000 0.285000 1.156925
v 4.078546 0.179762 1.162430
v 4.159835 0.090545 1.178107
v 4.281493 0.030933 1.201569
v 4.309916 0.539067 1.151700
v 4.212354 0.479454 1.085960
v 4.147165 0.390238 1.042035
v 4.124273 0.285000 1.026610
v 4.147165 0.179762 1.042035
v 4.212354 0.090545 1.085960
v 4.309916 0.030933 1.151700
v 4.361134 0.539067 1.117189
v 4.306991 0.479454 1.022193
v 4.270813 0.390238 0.958719
v 4.258109 0.285000 0.936430
v 4.270813 0.179762 0.958719
v 4.306991 0.090545 1.022193
v 4.361134 0.030933 1.117189
v 4.425000 0.539067 1.104872
v 4.425000 0.479454 0.999435
v 4.425000 0.390238 0.928984
v 4.425000 0.090545 0.999435
v 4.425000 0.010000 1.229244
v 4.974999 0.245000 0.804244
v 4.974999 0.158896 0.825177
v 4.974999 0.037127 0.974006
v 4.974999 0.470000 1.079244
v 5.026093 0.452873 0.984428
v 5.069407 0.404099 0.904047
v 5.098350 0.331104 0.850338
v 5.108513 0.245000 0.831478
v 5.098350 0.158896 0.850338
v 5.069407 0.085901 0.904047
v 5.026093 0.037127 0.984428
v 5.067066 0.452873 1.013630
v 5.145117 0.404099 0.958004
v 5.197268 0.331104 0.920836
v 5.215581 0.245000 0.907785
v 5.197268 0.158896 0.920836
v 5.145117 0.085901 0.958004
v 5.067066 0.037127 1.013630
v 5.089805 0.452873 1.055827
v 5.187132 0.404099 1.035974
v 5.252164 0.331104 1.022709
v 5.275000 0.245000 1.018051
v 5.252164 0.158896 1.022709
v 5.187132 0.085901 1.035974
v 5.089805 0.037127 1.055827
v 5.089805 0.452873 1.102662
v 5.187132 0.404099 1.122514
v 5.252164 0.331104 1.135780
v 5.275000 0.245000 1.140438
v 5.252164 0.158896 1.135780
v 5.187132 0.085901 1.122514
v 5.089805 0.037127 1.102662
v 5.067066 0.452873 1.144859
v 5.145117 0.404099 1.200485
v 5.197268 0.331104 1.237653
v 5.215581 0.245000 1.250704
v 5.197268 0.158896 1.237653
v 5.145117 0.085901 1.200485
v 5.067066 0.037127 1.144859
v 5.026093 0.452873 1.174060
v 5.069407 0.404099 1.254442
v 5.098350 0.331104 1.308151
v 5.108512 0.245000 1.327011
v 5.098350 0.158896 1.308151
v 5.069407 0.085901 1.254442
v 5.026093 0.037127 1.174060
v 4.974999 0.452873 1.184482
v 4.974999 0.404099 1.273699
v 4.974999 0.331104 1.333311
v 4.974999 0.245000 1.354244
v 4.974999 0.158896 1.333311
v 4.974999 0.085901 1.273699
v 4.974999 0.037127 1.184482
v 4.923906 0.452873 1.174060
v 4.880592 0.404099 1.254442
v 4.851650 0.331104 1.308151
v 4.841487 0.245000 1.327011
v 4.851650 0.158896 1.308151
v 4.880592 0.085901 1.254442
v 4.923906 0.037127 1.174060
v 4.882934 0.452873 1.144859
v 4.804883 0.404099 1.200485
v 4.752731 0.331104 1.237652
v 4.734419 0.245000 1.250704
v 4.752731 0.158896 1.237652
v 4.804883 0.085901 1.200485
v 4.882934 0.037127 1.144859
v 4.860195 0.452873 1.102662
v 4.762868 0.404099 1.122514
v 4.697836 0.331104 1.135780
v 4.675000 0.245000 1.140438
v 4.697836 0.158896 1.135780
v 4.762868 0.085901 1.122514
v 4.860195 0.037127 1.102662
v 4.860195 0.452873 1.055827
v 4.762868 0.404099 1.035974
v 4.697836 0.331104 1.022709
v 4.675000 0.245000 1.018051
v 4.697836 0.158896 1.022709
v 4.762868 0.085901 1.035974
v 4.860195 0.037127 1.055827
v 4.882934 0.452873 1.013630
v 4.804883 0.404099 0.958004
v 4.752731 0.331104 0.920836
v 4.734419 0.245000 0.907785
v 4.752731 0.158896 0.920836
v 4.804883 0.085901 0.958004
v 4.882934 0.037127 1.013630
v 4.923906 0.452873 0.984428
v 4.880592 0.404099 0.904047
v 4.851650 0.331104 0.850338
v 4.841487 0.245000 0.831478
v 4.851650 0.158896 0.850338
v 4.880592 0.085901 0.904047
v 4.923906 0.037127 0.984428
v 4.974999 0.452873 0.974006
v 4.974999 0.404099 0.884790
v 4.975000 0.331104 0.825177
v 4.974999 0.085901 0.884790
v 4.974999 0.020000 1.079244
v 3.232989 0.005000 2.078212
v 3.232989 0.385000 2.078212
v 3.093931 0.005000 1.650236
v 3.093931 0.385000 1.650236
v 3.756069 0.005000 1.908252
v 3.756069 0.385000 1.908252
v 3.617012 0.005000 1.480277
v 3.617012 0.385000 1.480277
vn -1.0000 -0.0000 -0.0000
vn -0.0000 -0.0000 -1.0000
vn 1.0000 -0.0000 -0.0000
vn -0.0000 -0.0000 1.0000
vn -0.0000 -1.0000 -0.0000
vn -0.0000 1.0000 -0.0000
vn -0.0000 0.0001 1.0000
vn -0.0000 -0.0001 1.0000
vn -0.0000 -0.0004 1.0000
vn -0.0000 -0.0001 -1.0000
vn 0.0330 0.3117 -0.9496
vn 0.0691 0.3063 -0.9494
vn 0.0343 0.1523 -0.9877
vn 0.0164 0.1552 -0.9877
vn 0.0622 0.5875 -0.8068
vn 0.1300 0.5766 -0.8066
vn 0.0854 0.8060 -0.5857
vn 0.1783 0.7908 -0.5855
vn 0.1002 0.9462 -0.3078
vn 0.2093 0.9282 -0.3077
vn 0.1050 0.9914 -0.0783
vn 0.2193 0.9725 -0.0784
vn 0.1050 0.9914 0.0783
vn 0.2193 0.9725 0.0784
vn 0.1002 0.9462 0.3078
vn 0.2093 0.9282 0.3078
vn 0.0854 0.8060 0.5857
vn 0.1783 0.7907 0.5856
vn 0.0622 0.5875 0.8068
vn 0.1300 0.5766 0.8066
vn 0.0330 0.3118 0.9496
vn 0.0691 0.3064 0.9494
vn 0.0164 0.1553 0.9877
vn 0.0343 0.1522 0.9878
vn 0.1077 0.2955 -0.9493
vn 0.0535 0.1467 -0.9877
vn 0.2026 0.5555 -0.8064
vn 0.2778 0.7617 -0.5854
vn 0.3260 0.8939 -0.3076
vn 0.3416 0.9366 -0.0785
vn 0.3416 0.9366 0.0784
vn 0.3260 0.8939 0.3077
vn 0.2778 0.7616 0.5854
vn 0.2026 0.5556 0.8064
vn 0.1078 0.2955 0.9493
vn 0.0535 0.1466 0.9878
vn 0.1476 0.2781 -0.9491
vn 0.0732 0.1380 -0.9877
vn 0.2773 0.5224 -0.8063
vn 0.3801 0.7162 -0.5854
vn 0.4461 0.8405 -0.3076
vn 0.4674 0.8806 -0.0784
vn 0.4674 0.8806 0.0784
vn 0.4461 0.8405 0.3076
vn 0.3801 0.7162 0.5854
vn 0.2773 0.5225 0.8063
vn 0.1476 0.2781 0.9492
vn 0.0731 0.1378 0.9878
vn 0.1865 0.2539 -0.9491
vn 0.0925 0.1259 -0.9877
vn 0.3503 0.4767 -0.8063
vn 0.4801 0.6534 -0.5853
vn 0.5634 0.7668 -0.3076
vn 0.5903 0.8034 -0.0784
vn 0.5903 0.8034 0.0784
vn 0.5634 0.7668 0.3076
vn 0.4801 0.6533 0.5854
vn 0.3503 0.4767 0.8062
vn 0.1865 0.2538 0.9491
vn 0.0924 0.1256 0.9878
vn 0.2223 0.2233 -0.9491
vn 0.1102 0.1106 -0.9877
vn 0.4174 0.4193 -0.8062
vn 0.5721 0.5746 -0.5853
vn 0.6714 0.6743 -0.3076
vn 0.7034 0.7065 -0.0784
vn 0.7034 0.7064 0.0784
vn 0.6714 0.6743 0.3077
vn 0.5721 0.5746 0.5853
vn 0.4175 0.4192 0.8062
vn 0.2223 0.2233 0.9491
vn 0.1101 0.1106 0.9878
vn 0.2529 0.1878 -0.9491
vn 0.1254 0.0931 -0.9877
vn 0.4750 0.3526 -0.8062
vn 0.6510 0.4833 -0.5853
vn 0.7640 0.5671 -0.3077
vn 0.8005 0.5942 -0.0785
vn 0.8005 0.5942 0.0785
vn 0.7640 0.5671 0.3078
vn 0.6510 0.4833 0.5854
vn 0.4751 0.3526 0.8062
vn 0.2529 0.1878 0.9491
vn 0.1252 0.0931 0.9878
vn 0.2771 0.1493 -0.9492
vn 0.1375 0.0741 -0.9877
vn 0.5207 0.2805 -0.8064
vn 0.7138 0.3845 -0.5854
vn 0.8377 0.4512 -0.3077
vn 0.8777 0.4727 -0.0785
vn 0.8777 0.4727 0.0785
vn 0.8377 0.4511 0.3077
vn 0.7138 0.3844 0.5854
vn 0.5208 0.2805 0.8063
vn 0.2772 0.1493 0.9492
vn 0.1374 0.0740 0.9878
vn 0.2946 0.1099 -0.9493
vn 0.1464 0.0545 -0.9877
vn 0.5540 0.2066 -0.8065
vn 0.7596 0.2833 -0.5854
vn 0.8915 0.3325 -0.3077
vn 0.9341 0.3483 -0.0785
vn 0.9341 0.3483 0.0785
vn 0.8915 0.3324 0.3077
vn 0.7596 0.2832 0.5855
vn 0.5540 0.2066 0.8065
vn 0.2946 0.1099 0.9493
vn 0.1462 0.0546 0.9877
vn 0.3059 0.0713 -0.9494
vn 0.1522 0.0354 -0.9877
vn 0.5757 0.1341 -0.8066
vn 0.7894 0.1839 -0.5856
vn 0.9266 0.2159 -0.3078
vn 0.9709 0.2262 -0.0785
vn 0.9709 0.2262 0.0785
vn 0.9266 0.2159 0.3079
vn 0.7894 0.1840 0.5857
vn 0.5757 0.1341 0.8066
vn 0.3059 0.0713 0.9494
vn 0.1520 0.0355 0.9877
vn 0.3119 0.0346 -0.9495
vn 0.1554 0.0172 -0.9877
vn 0.5873 0.0651 -0.8067
vn 0.8055 0.0893 -0.5858
vn 0.9456 0.1049 -0.3080
vn 0.9908 0.1099 -0.0784
vn 0.9908 0.1099 0.0784
vn 0.9456 0.1049 0.3080
vn 0.8055 0.0893 0.5858
vn 0.5874 0.0651 0.8067
vn 0.3119 0.0346 0.9495
vn 0.1552 0.0172 0.9877
vn 0.3137 -0.0006 -0.9495
vn 0.1564 -0.0003 -0.9877
vn 0.5909 -0.0011 -0.8068
vn 0.8105 -0.0016 -0.5857
vn 0.9514 -0.0018 -0.3080
vn 0.9969 -0.0019 -0.0785
vn 0.9969 -0.0019 0.0785
vn 0.9514 -0.0018 0.3081
vn 0.8105 -0.0016 0.5858
vn 0.5909 -0.0011 0.8067
vn 0.3137 -0.0006 0.9495
vn 0.1562 -0.0003 0.9877
vn 0.3118 -0.0372 -0.9494
vn 0.1552 -0.0185 -0.9877
vn 0.5870 -0.0700 -0.8066
vn 0.8050 -0.0959 -0.5855
vn 0.9447 -0.1126 -0.3079
vn 0.9899 -0.1180 -0.0785
vn 0.9899 -0.1180 0.0785
vn 0.9447 -0.1126 0.3080
vn 0.8049 -0.0959 0.5856
vn 0.5870 -0.0700 0.8065
vn 0.3118 -0.0372 0.9494
vn 0.1550 -0.0185 0.9877
vn 0.3050 -0.0766 -0.9493
vn 0.1515 -0.0381 -0.9877
vn 0.5735 -0.1441 -0.8065
vn 0.7863 -0.1976 -0.5854
vn 0.9228 -0.2319 -0.3077
vn 0.9669 -0.2430 -0.0785
vn 0.9669 -0.2430 0.0785
vn 0.9228 -0.2319 0.3078
vn 0.7863 -0.1976 0.5855
vn 0.5735 -0.1441 0.8064
vn 0.3050 -0.0766 0.9493
vn 0.1514 -0.0380 0.9877
vn 0.2920 -0.1178 -0.9491
vn 0.1449 -0.0585 -0.9877
vn 0.5485 -0.2214 -0.8063
vn 0.7518 -0.3035 -0.5853
vn 0.8823 -0.3562 -0.3076
vn 0.9244 -0.3732 -0.0784
vn 0.9244 -0.3732 0.0784
vn 0.8823 -0.3562 0.3076
vn 0.7518 -0.3035 0.5854
vn 0.5485 -0.2214 0.8063
vn 0.2919 -0.1178 0.9492
vn 0.1447 -0.0584 0.9878
vn 0.2719 -0.1591 -0.9491
vn 0.1348 -0.0788 -0.9877
vn 0.5106 -0.2987 -0.8063
vn 0.6999 -0.4094 -0.5853
vn 0.8213 -0.4805 -0.3075
vn 0.8605 -0.5034 -0.0784
vn 0.8605 -0.5034 0.0784
vn 0.8213 -0.4805 0.3075
vn 0.6998 -0.4094 0.5853
vn 0.5106 -0.2988 0.8062
vn 0.2719 -0.1591 0.9491
vn 0.1346 -0.0787 0.9878
vn 0.2450 -0.1982 -0.9491
vn 0.1214 -0.0982 -0.9877
vn 0.4599 -0.3720 -0.8062
vn 0.6304 -0.5100 -0.5852
vn 0.7398 -0.5985 -0.3075
vn 0.7751 -0.6270 -0.0784
vn 0.7751 -0.6270 0.0784
vn 0.7398 -0.5984 0.3075
vn 0.6304 -0.5100 0.5853
vn 0.4600 -0.3721 0.8062
vn 0.2450 -0.1982 0.9490
vn 0.1213 -0.0981 0.9878
vn 0.2122 -0.2329 -0.9491
vn 0.1051 -0.1155 -0.9877
vn 0.3984 -0.4373 -0.8063
vn 0.5460 -0.5994 -0.5853
vn 0.6407 -0.7034 -0.3076
vn 0.6713 -0.7370 -0.0784
vn 0.6713 -0.7370 0.0784
vn 0.6407 -0.7034 0.3076
vn 0.5460 -0.5994 0.5853
vn 0.3984 -0.4374 0.8062
vn 0.2122 -0.2329 0.9491
vn 0.1050 -0.1153 0.9878
vn 0.1753 -0.2616 -0.9491
vn 0.0870 -0.1298 -0.9877
vn 0.3293 -0.4913 -0.8063
vn 0.4514 -0.6735 -0.5854
vn 0.5298 -0.7904 -0.3076
vn 0.5551 -0.8281 -0.0784
vn 0.5551 -0.8281 0.0784
vn 0.5298 -0.7904 0.3076
vn 0.4514 -0.6735 0.5854
vn 0.3293 -0.4914 0.8063
vn 0.1753 -0.2616 0.9491
vn 0.0869 -0.1296 0.9878
vn 0.1368 -0.2833 -0.9492
vn 0.0679 -0.1407 -0.9877
vn 0.2571 -0.5325 -0.8064
vn 0.3525 -0.7301 -0.5854
vn 0.4137 -0.8569 -0.3076
vn 0.4334 -0.8978 -0.0783
vn 0.4334 -0.8978 0.0783
vn 0.4137 -0.8569 0.3076
vn 0.3525 -0.7300 0.5855
vn 0.2571 -0.5325 0.8064
vn 0.1368 -0.2833 0.9492
vn 0.0679 -0.1406 0.9877
vn 0.0987 -0.2982 -0.9494
vn 0.0491 -0.1484 -0.9877
vn 0.1857 -0.5612 -0.8066
vn 0.2547 -0.7696 -0.5855
vn 0.2989 -0.9033 -0.3077
vn 0.3132 -0.9465 -0.0783
vn 0.3132 -0.9464 0.0783
vn 0.2990 -0.9033 0.3077
vn 0.2547 -0.7696 0.5856
vn 0.1857 -0.5612 0.8066
vn 0.0987 -0.2982 0.9494
vn 0.0490 -0.1483 0.9877
vn 0.0627 -0.3074 -0.9495
vn 0.0313 -0.1532 -0.9877
vn 0.1181 -0.5789 -0.8068
vn 0.1621 -0.7941 -0.5857
vn 0.1903 -0.9323 -0.3077
vn 0.1994 -0.9768 -0.0783
vn 0.1994 -0.9768 0.0783
vn 0.1903 -0.9323 0.3077
vn 0.1621 -0.7941 0.5857
vn 0.1182 -0.5789 0.8068
vn 0.0627 -0.3073 0.9495
vn 0.0312 -0.1529 0.9877
vn 0.0298 -0.3119 -0.9497
vn 0.0149 -0.1557 -0.9877
vn 0.0562 -0.5878 -0.8070
vn 0.0772 -0.8067 -0.5859
vn 0.0906 -0.9471 -0.3078
vn 0.0949 -0.9924 -0.0783
vn 0.0949 -0.9924 0.0783
vn 0.0906 -0.9471 0.3078
vn 0.0772 -0.8067 0.5859
vn 0.0562 -0.5879 0.8070
vn 0.0298 -0.3118 0.9497
vn 0.0149 -0.1554 0.9877
vn 0.0071 -0.3109 -0.9504
vn 0.0036 -0.1564 -0.9877
vn 0.0134 -0.5889 -0.8081
vn 0.0184 -0.8095 -0.5868
vn 0.0216 -0.9510 -0.3084
vn 0.0226 -0.9967 -0.0784
vn 0.0226 -0.9967 0.0784
vn 0.0216 -0.9510 0.3084
vn 0.0184 -0.8095 0.5868
vn 0.0134 -0.5890 0.8080
vn 0.0071 -0.3109 0.9504
vn 0.0036 -0.1563 0.9877
vn 0.1204 -0.1204 -0.9854
vn 0.0788 -0.0788 -0.9938
vn 0.2882 -0.2881 -0.9132
vn 0.4665 -0.4667 -0.7514
vn 0.6320 -0.6320 -0.4485
vn 0.7024 -0.7023 -0.1157
vn 0.7024 -0.7023 0.1157
vn 0.6320 -0.6320 0.4485
vn 0.4665 -0.4666 0.7514
vn 0.2882 -0.2882 0.9132
vn 0.1203 -0.1203 0.9854
vn 0.0787 -0.0786 0.9938
vn 0.1980 -0.1980 -0.9600
vn 0.3608 -0.3610 -0.8599
vn 0.5227 -0.5226 -0.6736
vn 0.6543 -0.6543 -0.3791
vn 0.7032 -0.7032 -0.1048
vn 0.7032 -0.7032 0.1048
vn 0.6543 -0.6543 0.3791
vn 0.5226 -0.5225 0.6736
vn 0.3608 -0.3610 0.8599
vn 0.1981 -0.1980 0.9600
vn -0.1980 -0.1980 -0.9600
vn -0.0787 -0.0788 -0.9938
vn -0.3609 -0.3610 -0.8599
vn -0.5226 -0.5226 -0.6736
vn -0.6542 -0.6543 -0.3793
vn -0.7032 -0.7032 -0.1049
vn -0.7032 -0.7032 0.1049
vn -0.6542 -0.6543 0.3793
vn -0.5226 -0.5226 0.6737
vn -0.3609 -0.3610 0.8599
vn -0.1981 -0.1980 0.9600
vn -0.0787 -0.0786 0.9938
vn -0.1980 0.1980 -0.9600
vn -0.0787 0.0786 -0.9938
vn -0.3609 0.3610 -0.8599
vn -0.5226 0.5226 -0.6736
vn -0.6542 0.6543 -0.3793
vn -0.7032 0.7032 -0.1049
vn -0.7032 0.7032 0.1049
vn -0.6542 0.6543 0.3793
vn -0.5226 0.5225 0.6737
vn -0.3609 0.3610 0.8599
vn -0.1981 0.1981 0.9600
vn -0.0787 0.0787 0.9938
vn 0.0078 0.3110 -0.9504
vn 0.0039 0.1562 -0.9877
vn 0.0148 0.5891 -0.8079
vn 0.0204 0.8095 -0.5867
vn 0.0240 0.9510 -0.3083
vn 0.0251 0.9966 -0.0784
vn 0.0251 0.9966 0.0784
vn 0.0240 0.9510 0.3083
vn 0.0204 0.8095 0.5867
vn 0.0148 0.5892 0.8079
vn 0.0078 0.3112 0.9503
vn 0.0039 0.1564 0.9877
vn -0.0070 0.3069 -0.9517
vn -0.0288 0.3030 -0.9526
vn -0.0148 0.1558 -0.9877
vn -0.0036 0.1567 -0.9876
vn -0.0134 0.5860 -0.8102
vn -0.0552 0.5815 -0.8117
vn -0.0184 0.8079 -0.5890
vn -0.0764 0.8034 -0.5906
vn -0.0217 0.9506 -0.3097
vn -0.0899 0.9462 -0.3108
vn -0.0227 0.9966 -0.0786
vn -0.0943 0.9924 -0.0788
vn -0.0227 0.9966 0.0786
vn -0.0943 0.9924 0.0788
vn -0.0217 0.9506 0.3098
vn -0.0899 0.9462 0.3108
vn -0.0184 0.8079 0.5890
vn -0.0763 0.8034 0.5906
vn -0.0134 0.5861 0.8101
vn -0.0553 0.5815 0.8116
vn -0.0070 0.3069 0.9517
vn -0.0288 0.3029 0.9526
vn -0.0036 0.1564 0.9877
vn -0.0148 0.1555 0.9877
vn -0.0598 0.2978 -0.9527
vn -0.0308 0.1533 -0.9877
vn -0.1150 0.5722 -0.8120
vn -0.1589 0.7910 -0.5909
vn -0.1872 0.9318 -0.3110
vn -0.1964 0.9774 -0.0788
vn -0.1964 0.9774 0.0788
vn -0.1872 0.9318 0.3110
vn -0.1589 0.7909 0.5909
vn -0.1150 0.5723 0.8119
vn -0.0598 0.2978 0.9528
vn -0.0308 0.1532 0.9877
vn -0.0932 0.2885 -0.9529
vn -0.0481 0.1488 -0.9877
vn -0.1793 0.5549 -0.8124
vn -0.2480 0.7674 -0.5913
vn -0.2922 0.9043 -0.3112
vn -0.3066 0.9486 -0.0789
vn -0.3065 0.9486 0.0789
vn -0.2922 0.9043 0.3113
vn -0.2480 0.7674 0.5913
vn -0.1793 0.5550 0.8123
vn -0.0932 0.2885 0.9529
vn -0.0480 0.1486 0.9877
vn -0.1284 0.2741 -0.9531
vn -0.0663 0.1416 -0.9877
vn -0.2471 0.5276 -0.8128
vn -0.3419 0.7301 -0.5917
vn -0.4030 0.8606 -0.3115
vn -0.4228 0.9028 -0.0789
vn -0.4228 0.9028 0.0789
vn -0.4030 0.8605 0.3115
vn -0.3419 0.7301 0.5917
vn -0.2471 0.5277 0.8127
vn -0.1283 0.2741 0.9531
vn -0.0662 0.1414 0.9877
vn -0.1640 0.2536 -0.9533
vn -0.0848 0.1312 -0.9877
vn -0.3162 0.4888 -0.8131
vn -0.4377 0.6767 -0.5921
vn -0.5160 0.7978 -0.3117
vn -0.5414 0.8371 -0.0789
vn -0.5414 0.8371 0.0789
vn -0.5160 0.7978 0.3117
vn -0.4377 0.6767 0.5921
vn -0.3162 0.4889 0.8130
vn -0.1640 0.2536 0.9533
vn -0.0847 0.1311 0.9877
vn -0.1987 0.2269 -0.9534
vn -0.1029 0.1175 -0.9877
vn -0.3833 0.4377 -0.8133
vn -0.5308 0.6061 -0.5923
vn -0.6259 0.7148 -0.3119
vn -0.6567 0.7500 -0.0790
vn -0.6567 0.7500 0.0790
vn -0.6259 0.7148 0.3120
vn -0.5308 0.6061 0.5924
vn -0.3834 0.4378 0.8133
vn -0.1987 0.2269 0.9534
vn -0.1028 0.1175 0.9877
vn -0.2304 0.1943 -0.9535
vn -0.1194 0.1007 -0.9877
vn -0.4446 0.3749 -0.8135
vn -0.6159 0.5193 -0.5925
vn -0.7263 0.6124 -0.3121
vn -0.7621 0.6426 -0.0791
vn -0.7621 0.6426 0.0791
vn -0.7263 0.6125 0.3121
vn -0.6158 0.5193 0.5925
vn -0.4447 0.3750 0.8134
vn -0.2304 0.1943 0.9535
vn -0.1192 0.1007 0.9877
vn -0.2573 0.1570 -0.9535
vn -0.1333 0.0813 -0.9877
vn -0.4965 0.3029 -0.8135
vn -0.6877 0.4196 -0.5925
vn -0.8110 0.4948 -0.3120
vn -0.8510 0.5192 -0.0790
vn -0.8510 0.5192 0.0790
vn -0.8110 0.4949 0.3121
vn -0.6877 0.4196 0.5925
vn -0.4966 0.3030 0.8134
vn -0.2573 0.1570 0.9535
vn -0.1332 0.0813 0.9878
vn -0.2782 0.1169 -0.9534
vn -0.1440 0.0605 -0.9877
vn -0.5364 0.2255 -0.8133
vn -0.7427 0.3123 -0.5923
vn -0.8758 0.3683 -0.3119
vn -0.9189 0.3864 -0.0790
vn -0.9189 0.3864 0.0790
vn -0.8758 0.3683 0.3120
vn -0.7427 0.3123 0.5924
vn -0.5365 0.2256 0.8132
vn -0.2781 0.1170 0.9534
vn -0.1438 0.0605 0.9878
vn -0.2924 0.0763 -0.9532
vn -0.1512 0.0394 -0.9877
vn -0.5634 0.1470 -0.8130
vn -0.7798 0.2035 -0.5920
vn -0.9194 0.2399 -0.3117
vn -0.9646 0.2517 -0.0789
vn -0.9646 0.2517 0.0789
vn -0.9194 0.2399 0.3118
vn -0.7798 0.2035 0.5921
vn -0.5635 0.1471 0.8129
vn -0.2924 0.0763 0.9532
vn -0.1510 0.0394 0.9878
vn -0.3005 0.0370 -0.9531
vn -0.1551 0.0191 -0.9877
vn -0.5785 0.0712 -0.8126
vn -0.8002 0.0985 -0.5916
vn -0.9431 0.1161 -0.3114
vn -0.9894 0.1218 -0.0788
vn -0.9894 0.1219 0.0788
vn -0.9431 0.1161 0.3115
vn -0.8002 0.0985 0.5916
vn -0.5785 0.0712 0.8125
vn -0.3005 0.0370 0.9531
vn -0.1549 0.0191 0.9877
vn -0.3039 0.0019 -0.9527
vn -0.1564 0.0010 -0.9877
vn -0.5838 0.0037 -0.8119
vn -0.8068 0.0051 -0.5908
vn -0.9504 0.0060 -0.3109
vn -0.9969 0.0062 -0.0786
vn -0.9969 0.0062 0.0786
vn -0.9504 0.0060 0.3109
vn -0.8068 0.0051 0.5909
vn -0.5839 0.0037 0.8119
vn -0.3039 0.0019 0.9527
vn -0.1562 0.0010 0.9877
vn -0.3029 -0.0291 -0.9526
vn -0.1557 -0.0150 -0.9877
vn -0.5814 -0.0559 -0.8117
vn -0.8033 -0.0772 -0.5906
vn -0.9461 -0.0909 -0.3108
vn -0.9923 -0.0953 -0.0786
vn -0.9923 -0.0953 0.0786
vn -0.9461 -0.0909 0.3108
vn -0.8032 -0.0772 0.5907
vn -0.5815 -0.0559 0.8116
vn -0.3029 -0.0291 0.9526
vn -0.1555 -0.0149 0.9877
vn -0.2977 -0.0603 -0.9528
vn -0.1533 -0.0310 -0.9877
vn -0.5720 -0.1159 -0.8120
vn -0.7906 -0.1602 -0.5910
vn -0.9314 -0.1887 -0.3111
vn -0.9770 -0.1980 -0.0788
vn -0.9770 -0.1980 0.0788
vn -0.9314 -0.1888 0.3112
vn -0.7906 -0.1602 0.5910
vn -0.5721 -0.1160 0.8119
vn -0.2977 -0.0603 0.9528
vn -0.1531 -0.0310 0.9877
vn -0.2881 -0.0941 -0.9530
vn -0.1486 -0.0485 -0.9877
vn -0.5542 -0.1811 -0.8124
vn -0.7665 -0.2505 -0.5914
vn -0.9033 -0.2952 -0.3113
vn -0.9476 -0.3096 -0.0789
vn -0.9476 -0.3096 0.0788
vn -0.9033 -0.2952 0.3114
vn -0.7665 -0.2504 0.5914
vn -0.5543 -0.1811 0.8124
vn -0.2881 -0.0941 0.9530
vn -0.1484 -0.0485 0.9877
vn -0.2730 -0.1300 -0.9532
vn -0.1411 -0.0672 -0.9877
vn -0.5258 -0.2505 -0.8129
vn -0.7277 -0.3466 -0.5918
vn -0.8579 -0.4086 -0.3116
vn -0.9000 -0.4287 -0.0790
vn -0.9000 -0.4287 0.0790
vn -0.8578 -0.4086 0.3117
vn -0.7277 -0.3466 0.5919
vn -0.5259 -0.2505 0.8128
vn -0.2730 -0.1300 0.9532
vn -0.1409 -0.0671 0.9878
vn -0.2514 -0.1668 -0.9534
vn -0.1301 -0.0863 -0.9877
vn -0.4849 -0.3217 -0.8132
vn -0.6714 -0.4454 -0.5922
vn -0.7917 -0.5252 -0.3119
vn -0.8307 -0.5511 -0.0791
vn -0.8307 -0.5511 0.0791
vn -0.7917 -0.5252 0.3120
vn -0.6714 -0.4454 0.5923
vn -0.4850 -0.3217 0.8132
vn -0.2514 -0.1668 0.9534
vn -0.1300 -0.0863 0.9878
vn -0.2231 -0.2026 -0.9535
vn -0.1156 -0.1049 -0.9877
vn -0.4306 -0.3909 -0.8135
vn -0.5964 -0.5414 -0.5926
vn -0.7035 -0.6385 -0.3121
vn -0.7382 -0.6700 -0.0790
vn -0.7382 -0.6700 0.0790
vn -0.7035 -0.6385 0.3121
vn -0.5964 -0.5413 0.5926
vn -0.4306 -0.3909 0.8135
vn -0.2231 -0.2025 0.9535
vn -0.1155 -0.1048 0.9878
vn -0.1886 -0.2348 -0.9536
vn -0.0978 -0.1217 -0.9877
vn -0.3642 -0.4532 -0.8136
vn -0.5045 -0.6278 -0.5927
vn -0.5951 -0.7405 -0.3121
vn -0.6245 -0.7771 -0.0790
vn -0.6245 -0.7770 0.0790
vn -0.5951 -0.7405 0.3122
vn -0.5045 -0.6278 0.5927
vn -0.3642 -0.4533 0.8136
vn -0.1886 -0.2347 0.9536
vn -0.0977 -0.1214 0.9878
vn -0.1499 -0.2614 -0.9535
vn -0.0777 -0.1354 -0.9877
vn -0.2894 -0.5045 -0.8135
vn -0.4008 -0.6987 -0.5926
vn -0.4727 -0.8241 -0.3121
vn -0.4960 -0.8647 -0.0790
vn -0.4960 -0.8647 0.0790
vn -0.4727 -0.8241 0.3121
vn -0.4008 -0.6987 0.5926
vn -0.2894 -0.5045 0.8134
vn -0.1499 -0.2614 0.9535
vn -0.0776 -0.1353 0.9878
vn -0.1095 -0.2813 -0.9533
vn -0.0567 -0.1456 -0.9877
vn -0.2112 -0.5424 -0.8131
vn -0.2924 -0.7509 -0.5922
vn -0.3448 -0.8854 -0.3118
vn -0.3618 -0.9289 -0.0789
vn -0.3618 -0.9289 0.0789
vn -0.3448 -0.8854 0.3118
vn -0.2924 -0.7509 0.5922
vn -0.2112 -0.5425 0.8131
vn -0.1095 -0.2813 0.9533
vn -0.0566 -0.1454 0.9878
vn -0.0700 -0.2944 -0.9531
vn -0.0362 -0.1520 -0.9877
vn -0.1348 -0.5669 -0.8127
vn -0.1865 -0.7843 -0.5917
vn -0.2199 -0.9245 -0.3115
vn -0.2307 -0.9698 -0.0789
vn -0.2307 -0.9698 0.0789
vn -0.2199 -0.9244 0.3115
vn -0.1865 -0.7843 0.5917
vn -0.1349 -0.5669 0.8126
vn -0.0700 -0.2943 0.9531
vn -0.0361 -0.1518 0.9878
vn -0.0333 -0.3016 -0.9528
vn -0.0172 -0.1555 -0.9877
vn -0.0640 -0.5798 -0.8123
vn -0.0885 -0.8016 -0.5912
vn -0.1043 -0.9446 -0.3111
vn -0.1094 -0.9909 -0.0788
vn -0.1094 -0.9909 0.0788
vn -0.1043 -0.9446 0.3112
vn -0.0885 -0.8016 0.5912
vn -0.0640 -0.5798 0.8122
vn -0.0333 -0.3016 0.9529
vn -0.0171 -0.1552 0.9877
vn -0.0080 -0.3066 -0.9518
vn -0.0041 -0.1567 -0.9876
vn -0.0152 -0.5857 -0.8104
vn -0.0210 -0.8077 -0.5892
vn -0.0247 -0.9505 -0.3098
vn -0.0259 -0.9966 -0.0786
vn -0.0259 -0.9966 0.0786
vn -0.0247 -0.9505 0.3098
vn -0.0210 -0.8077 0.5892
vn -0.0152 -0.5858 0.8103
vn -0.0080 -0.3066 0.9518
vn -0.0041 -0.1564 0.9877
vn 0.1204 -0.1205 -0.9854
vn 0.6320 -0.6320 0.4486
vn 0.4665 -0.4666 0.7515
vn 0.2883 -0.2882 0.9132
vn 0.1203 -0.1204 0.9854
vn 0.0787 -0.0787 0.9938
vn 0.1204 0.1204 -0.9854
vn 0.0788 0.0788 -0.9938
vn 0.2882 0.2881 -0.9132
vn 0.4665 0.4666 -0.7514
vn 0.6320 0.6320 -0.4485
vn 0.7024 0.7023 -0.1157
vn 0.7024 0.7023 0.1157
vn 0.6320 0.6320 0.4486
vn 0.4665 0.4666 0.7514
vn 0.2883 0.2882 0.9131
vn 0.1203 0.1204 0.9854
vn 0.0787 0.0787 0.9938
vn -0.1980 -0.1981 -0.9600
vn -0.0788 0.0787 -0.9938
vn -0.0788 -0.0788 -0.9938
vn -0.3610 -0.3610 -0.8599
vn -0.3610 0.3610 -0.8599
vn -0.5225 -0.5227 -0.6736
vn -0.5225 0.5227 -0.6736
vn -0.7032 -0.7032 -0.1050
vn -0.7032 0.7032 -0.1050
vn -0.7032 -0.7032 0.1050
vn -0.7032 0.7032 0.1050
vn -0.6542 -0.6543 0.3794
vn -0.6542 0.6543 0.3794
vn -0.5225 -0.5226 0.6737
vn -0.5225 0.5226 0.6737
vn -0.3610 -0.3609 0.8599
vn -0.3610 0.3609 0.8599
vn -0.1980 -0.1980 0.9600
vn -0.1980 0.1979 0.9600
vn 0.1980 0.1980 -0.9600
vn 0.0787 0.0787 -0.9938
vn 0.3610 0.3610 -0.8599
vn 0.5226 0.5227 -0.6736
vn 0.6543 0.6543 -0.3792
vn 0.7032 0.7032 -0.1049
vn 0.7032 0.7032 0.1049
vn 0.6543 0.6543 0.3793
vn 0.5225 0.5226 0.6737
vn 0.3610 0.3609 0.8599
vn 0.1980 0.1979 0.9600
vn 0.1980 -0.1981 -0.9600
vn 0.0787 -0.0788 -0.9938
vn 0.3610 -0.3610 -0.8599
vn 0.5226 -0.5227 -0.6736
vn 0.6543 -0.6543 -0.3792
vn 0.7032 -0.7032 -0.1049
vn 0.7032 -0.7032 0.1049
vn 0.6543 -0.6543 0.3793
vn 0.5225 -0.5226 0.6737
vn 0.3610 -0.3609 0.8599
vn 0.1980 -0.1980 0.9600
vn 0.1784 0.0905 -0.9798
vn 0.0638 0.0324 -0.9974
vn -0.0787 0.0788 -0.9938
vn -0.3610 0.3610 -0.8598
vn 0.3361 0.1708 -0.9262
vn 0.5392 0.2738 -0.7964
vn -0.6542 0.6543 -0.3794
vn 0.7734 0.3928 -0.4976
vn 0.8810 0.4475 -0.1536
vn 0.8810 0.4474 0.1536
vn 0.7734 0.3928 0.4976
vn -0.5225 0.5226 0.6736
vn 0.5392 0.2739 0.7964
vn -0.3611 0.3610 0.8598
vn 0.3361 0.1708 0.9262
vn -0.1980 0.1980 0.9600
vn 0.1784 0.0905 0.9798
vn -0.0787 0.0788 0.9938
vn 0.0638 0.0325 0.9974
vn 0.0847 0.0430 -0.9955
vn 0.2292 0.1164 -0.9664
vn 0.4173 0.2119 -0.8837
vn 0.6859 0.3483 -0.6389
vn 0.8761 0.4449 -0.1857
vn 0.8761 0.4449 0.1857
vn 0.6859 0.3484 0.6389
vn 0.4173 0.2119 0.8837
vn 0.2292 0.1163 0.9664
vn 0.0847 0.0431 0.9955
vn 0.0788 0.0787 -0.9938
vn 0.3609 0.3609 -0.8599
vn 0.5226 0.5226 -0.6737
vn 0.6543 0.6542 -0.3792
vn 0.7032 0.7032 -0.1048
vn 0.7032 0.7032 0.1048
vn 0.6543 0.6543 0.3792
vn 0.1981 0.1980 0.9600
vn 0.3609 -0.3610 -0.8599
vn 0.5226 -0.5226 -0.6736
vn 0.6543 -0.6542 0.3792
vn 0.5226 -0.5226 0.6736
vn 0.3610 -0.3611 0.8599
vn -0.1783 -0.0906 -0.9798
vn -0.0639 -0.0324 -0.9974
vn -0.3361 -0.1708 -0.9262
vn -0.5393 -0.2738 -0.7964
vn -0.7734 -0.3927 -0.4976
vn -0.8810 -0.4474 -0.1536
vn -0.8810 -0.4475 0.1536
vn -0.7734 -0.3928 0.4976
vn -0.5392 -0.2738 0.7964
vn -0.3361 -0.1708 0.9262
vn -0.1784 -0.0906 0.9798
vn -0.0638 -0.0324 0.9974
vn -0.0848 -0.0430 -0.9955
vn -0.0638 -0.0324 -0.9974
vn -0.2291 -0.1163 -0.9664
vn -0.4173 -0.2120 -0.8837
vn -0.6860 -0.3483 -0.6388
vn -0.8761 -0.4449 -0.1857
vn -0.8761 -0.4449 0.1857
vn -0.6859 -0.3483 0.6389
vn -0.4173 -0.2119 0.8837
vn -0.2292 -0.1164 0.9664
vn -0.0847 -0.0431 0.9955
vn -0.0638 -0.0325 0.9974
vn -0.1979 -0.1980 -0.9600
vn -0.3611 -0.3609 -0.8599
vn -0.5226 -0.5227 -0.6736
vn -0.6542 -0.6543 -0.3794
vn -0.3611 -0.3609 0.8599
vn -0.1980 -0.1981 0.9600
vn -0.0787 -0.0787 0.9938
vn -0.1981 0.1979 -0.9600
vn 0.1783 0.0905 -0.9798
vn -0.0787 0.0787 -0.9938
vn 0.5393 0.2739 -0.7964
vn -0.6543 0.6543 -0.3792
vn 0.8811 0.4474 -0.1536
vn -0.6543 0.6542 0.3793
vn 0.5392 0.2738 0.7964
vn -0.3610 0.3610 0.8599
vn 0.3361 0.1707 0.9262
vn -0.1981 0.1980 0.9600
vn 0.2291 0.1164 -0.9664
vn 0.4174 0.2120 -0.8837
vn 0.6859 0.3483 0.6389
vn 0.3611 0.3610 -0.8599
vn 0.5226 0.5226 -0.6736
vn 0.6542 0.6543 -0.3794
vn 0.7032 0.7032 -0.1050
vn 0.7032 0.7032 0.1050
vn 0.6542 0.6543 0.3794
vn 0.3611 0.3609 0.8599
vn 0.1980 0.1980 0.9600
vn 0.6542 -0.6543 -0.3793
vn 0.7032 -0.7032 -0.1050
vn 0.7032 -0.7032 0.1050
vn 0.6542 -0.6543 0.3794
vn 0.5225 -0.5226 0.6736
vn 0.3611 -0.3610 0.8598
vn 0.1980 -0.1981 0.9600
vn -0.5392 -0.2738 -0.7964
vn -0.7734 -0.3927 -0.4975
vn -0.8810 -0.4475 -0.1536
vn -0.7734 -0.3927 0.4976
vn -0.5392 -0.2739 0.7964
vn -0.3362 -0.1708 0.9262
vn -0.0847 -0.0430 -0.9955
vn -0.2291 -0.1164 -0.9664
vn -0.4174 -0.2120 -0.8837
vn -0.6859 -0.3483 -0.6389
vn -0.8761 -0.4450 -0.1857
vn -0.8761 -0.4450 0.1857
vn -0.1981 -0.1980 -0.9600
vn -0.5225 -0.5226 -0.6737
vn -0.6543 -0.6542 -0.3793
vn -0.6543 -0.6542 0.3793
vn -0.3610 -0.3610 0.8599
vn -0.1981 -0.1981 0.9600
vn -0.1679 -0.2603 -0.9508
vn -0.1183 -0.1835 -0.9759
vn -0.0716 -0.1109 -0.9912
vn -0.0716 -0.1110 -0.9912
vn -0.3035 -0.4707 -0.8284
vn -0.2622 -0.4066 -0.8752
vn -0.4237 -0.6568 -0.6237
vn -0.3971 -0.6158 -0.6805
vn -0.5100 -0.7908 -0.3384
vn -0.5013 -0.7774 -0.3800
vn -0.5398 -0.8369 -0.0901
vn -0.5396 -0.8364 -0.0961
vn -0.5398 -0.8369 0.0901
vn -0.5395 -0.8365 0.0961
vn -0.5100 -0.7908 0.3384
vn -0.5013 -0.7773 0.3801
vn -0.4237 -0.6568 0.6237
vn -0.3971 -0.6157 0.6806
vn -0.3036 -0.4708 0.8284
vn -0.2623 -0.4066 0.8751
vn -0.1679 -0.2603 0.9508
vn -0.1183 -0.1834 0.9759
vn -0.0715 -0.1108 0.9913
vn 0.1190 -0.1803 -0.9764
vn 0.0722 -0.1095 -0.9914
vn 0.2646 -0.4011 -0.8770
vn 0.4021 -0.6092 -0.6835
vn 0.5087 -0.7712 -0.3827
vn 0.5482 -0.8307 -0.0968
vn 0.5482 -0.8307 0.0968
vn 0.5087 -0.7712 0.3827
vn 0.4021 -0.6092 0.6835
vn 0.2647 -0.4012 0.8769
vn 0.1190 -0.1803 0.9764
vn 0.0721 -0.1093 0.9914
vn 0.1700 -0.2577 -0.9511
vn 0.3075 -0.4661 -0.8296
vn 0.4296 -0.6512 -0.6256
vn 0.5180 -0.7849 -0.3399
vn 0.5484 -0.8313 -0.0906
vn 0.5484 -0.8313 0.0906
vn 0.5180 -0.7849 0.3399
vn 0.4296 -0.6512 0.6256
vn 0.3076 -0.4661 0.8296
vn 0.1700 -0.2577 0.9511
vn 0.0722 -0.1093 0.9914
vn -0.1953 -0.1290 -0.9722
vn -0.0726 -0.0479 -0.9962
vn -0.3629 -0.2397 -0.9005
vn -0.5569 -0.3676 -0.7448
vn -0.7477 -0.4938 -0.4439
vn -0.8274 -0.5463 -0.1303
vn -0.8274 -0.5463 0.1303
vn -0.7477 -0.4938 0.4439
vn -0.5568 -0.3676 0.7448
vn -0.3629 -0.2397 0.9005
vn -0.1954 -0.1290 0.9722
vn -0.0725 -0.0479 0.9962
vn -0.1701 0.2576 -0.9512
vn -0.0722 0.1093 -0.9914
vn -0.3076 0.4659 -0.8297
vn -0.4298 0.6510 -0.6257
vn -0.5182 0.7848 -0.3400
vn -0.5487 0.8311 -0.0908
vn -0.5487 0.8311 0.0908
vn -0.5182 0.7848 0.3400
vn -0.4298 0.6510 0.6257
vn -0.3076 0.4659 0.8296
vn -0.1701 0.2577 0.9511
vn -0.0722 0.1093 0.9914
vn 0.1686 0.2594 -0.9509
vn 0.0718 0.1104 -0.9913
vn 0.3049 0.4692 -0.8288
vn 0.4256 0.6551 -0.6243
vn 0.5127 0.7889 -0.3389
vn 0.5427 0.8351 -0.0903
vn 0.5427 0.8351 0.0903
vn 0.5126 0.7889 0.3389
vn 0.4256 0.6551 0.6243
vn 0.3049 0.4693 0.8287
vn 0.1686 0.2596 0.9509
vn 0.0717 0.1103 0.9913
vn 0.1945 -0.1264 -0.9727
vn 0.0721 -0.0469 -0.9963
vn 0.3618 -0.2351 -0.9021
vn 0.5567 -0.3616 -0.7479
vn 0.7501 -0.4874 -0.4469
vn 0.8312 -0.5402 -0.1315
vn 0.8312 -0.5402 0.1315
vn 0.7501 -0.4874 0.4469
vn 0.5566 -0.3616 0.7479
vn 0.3618 -0.2352 0.9021
vn 0.1946 -0.1264 0.9727
vn 0.0721 -0.0468 0.9963
vn -0.1008 0.0655 -0.9927
vn 0.0011 -0.0801 -0.9968
vn 0.0009 -0.0624 -0.9981
vn -0.0722 0.0470 -0.9963
vn -0.2615 0.1699 -0.9501
vn 0.0031 -0.2219 -0.9751
vn -0.4580 0.2973 -0.8378
vn 0.0057 -0.4135 -0.9105
vn -0.6952 0.4514 -0.5595
vn 0.0097 -0.7178 -0.6962
vn -0.8288 0.5382 -0.1528
vn 0.0134 -0.9766 -0.2147
vn -0.8288 0.5382 0.1528
vn 0.0133 -0.9766 0.2146
vn -0.6951 0.4513 0.5596
vn 0.0097 -0.7177 0.6962
vn -0.4580 0.2974 0.8377
vn 0.0057 -0.4134 0.9105
vn -0.2616 0.1699 0.9501
vn 0.0031 -0.2220 0.9750
vn -0.1007 0.0654 0.9928
vn 0.0011 -0.0800 0.9968
vn -0.0721 0.0468 0.9963
vn 0.0009 -0.0623 0.9981
vn 0.1026 0.0687 -0.9923
vn 0.0730 0.0489 -0.9961
vn 0.2649 0.1772 -0.9479
vn 0.4613 0.3086 -0.8318
vn 0.6938 0.4642 -0.5506
vn 0.8218 0.5498 -0.1496
vn 0.8218 0.5498 0.1496
vn 0.6938 0.4641 0.5507
vn 0.4613 0.3086 0.8318
vn 0.2650 0.1773 0.9478
vn 0.1026 0.0686 0.9924
vn 0.0729 0.0487 0.9961
vn -0.4113 0.9115 -0.0000
vn 0.9893 0.1462 -0.0000
vn -0.6158 -0.7879 -0.0000
vn -0.8121 -0.5835 -0.0000
vn 0.8121 0.5835 -0.0000
vn 0.5835 -0.8121 -0.0000
vn -0.5835 0.8121 -0.0000
vn -0.3731 0.6462 -0.6657
vn -0.3731 0.6462 0.6657
vn -0.0974 0.7398 0.6657
vn -0.0974 0.7398 -0.6657
vn 0.1931 0.7208 0.6657
vn 0.1931 0.7208 -0.6657
vn 0.4543 0.5920 0.6657
vn 0.4543 0.5920 -0.6657
vn 0.6462 0.3731 0.6657
vn 0.6462 0.3731 -0.6657
vn 0.7398 0.0974 0.6657
vn 0.7398 0.0974 -0.6657
vn 0.7208 -0.1931 0.6657
vn 0.7208 -0.1931 -0.6657
vn 0.5920 -0.4543 0.6657
vn 0.5920 -0.4543 -0.6657
vn 0.3731 -0.6462 0.6657
vn 0.3731 -0.6462 -0.6657
vn 0.0974 -0.7398 0.6657
vn 0.0974 -0.7398 -0.6657
vn -0.1931 -0.7208 0.6657
vn -0.1931 -0.7208 -0.6657
vn -0.4543 -0.5920 0.6657
vn -0.4543 -0.5920 -0.6657
vn -0.6462 -0.3731 0.6657
vn -0.6462 -0.3731 -0.6657
vn -0.7398 -0.0974 0.6657
vn -0.7398 -0.0974 -0.6657
vn -0.7208 0.1931 0.6657
vn -0.7208 0.1931 -0.6657
vn -0.5920 0.4543 0.6657
vn -0.5920 0.4543 -0.6657
vn -0.0000 0.3420 -0.9397
vn -0.0000 -0.3420 0.9397
vn -0.0000 -0.9397 -0.3420
vn -0.0000 0.9397 0.3420
vn -0.0000 -0.9914 -0.1305
vn 0.4954 -0.8612 -0.1134
vn 0.4954 -0.8687 -0.0000
vn 0.8613 -0.5037 -0.0663
vn 0.8614 -0.5080 -0.0000
vn 0.9999 -0.0107 -0.0014
vn 0.9999 -0.0108 -0.0000
vn 0.8707 0.4876 0.0642
vn 0.8707 0.4918 -0.0000
vn 0.5047 0.8559 0.1127
vn 0.5047 0.8633 -0.0000
vn -0.0000 0.9914 0.1305
vn -0.5047 0.8559 0.1127
vn -0.5047 0.8633 -0.0000
vn -0.8707 0.4876 0.0642
vn -0.8707 0.4918 -0.0000
vn -0.9999 -0.0107 -0.0014
vn -0.9999 -0.0108 -0.0000
vn -0.8614 -0.5037 -0.0663
vn -0.8614 -0.5080 -0.0000
vn -0.4954 -0.8612 -0.1134
vn -0.4954 -0.8687 -0.0000
vn -0.0000 -0.9659 -0.2588
vn 0.4954 -0.8391 -0.2248
vn 0.8614 -0.4907 -0.1315
vn 0.9999 -0.0104 -0.0028
vn 0.8707 0.4751 0.1273
vn 0.5047 0.8339 0.2234
vn -0.0000 0.9659 0.2588
vn -0.5047 0.8339 0.2234
vn -0.8707 0.4751 0.1273
vn -0.9999 -0.0104 -0.0028
vn -0.8614 -0.4907 -0.1315
vn -0.4954 -0.8391 -0.2248
vn -0.0000 -0.9239 -0.3827
vn 0.4954 -0.8025 -0.3324
vn 0.8614 -0.4693 -0.1944
vn 0.9999 -0.0100 -0.0041
vn 0.8707 0.4544 0.1882
vn 0.5047 0.7976 0.3304
vn -0.0000 0.9239 0.3827
vn -0.5047 0.7976 0.3304
vn -0.8707 0.4544 0.1882
vn -0.9999 -0.0100 -0.0041
vn -0.8614 -0.4693 -0.1944
vn -0.4954 -0.8025 -0.3324
vn -0.0000 -0.8660 -0.5000
vn 0.4954 -0.7523 -0.4343
vn 0.8614 -0.4399 -0.2540
vn 0.9999 -0.0093 -0.0054
vn 0.8707 0.4260 0.2459
vn 0.5047 0.7476 0.4316
vn -0.0000 0.8660 0.5000
vn -0.5047 0.7476 0.4316
vn -0.8707 0.4259 0.2459
vn -0.9999 -0.0093 -0.0054
vn -0.8614 -0.4399 -0.2540
vn -0.4954 -0.7523 -0.4343
vn -0.0000 -0.7934 -0.6088
vn 0.4954 -0.6892 -0.5288
vn 0.8614 -0.4030 -0.3092
vn 0.9999 -0.0086 -0.0066
vn 0.8707 0.3902 0.2994
vn 0.5047 0.6849 0.5255
vn -0.0000 0.7934 0.6088
vn -0.5047 0.6849 0.5255
vn -0.8707 0.3902 0.2994
vn -0.9999 -0.0086 -0.0066
vn -0.8614 -0.4030 -0.3092
vn -0.4954 -0.6892 -0.5288
vn -0.0000 -0.7071 -0.7071
vn 0.4954 -0.6142 -0.6142
vn 0.8614 -0.3592 -0.3592
vn 0.9999 -0.0076 -0.0076
vn 0.8707 0.3478 0.3478
vn 0.5047 0.6104 0.6104
vn -0.0000 0.7071 0.7071
vn -0.5047 0.6104 0.6104
vn -0.8707 0.3478 0.3478
vn -0.9999 -0.0076 -0.0076
vn -0.8614 -0.3592 -0.3592
vn -0.4954 -0.6142 -0.6142
vn -0.0000 -0.6088 -0.7934
vn 0.4954 -0.5288 -0.6892
vn 0.8614 -0.3092 -0.4030
vn 0.9999 -0.0066 -0.0085
vn 0.8707 0.2994 0.3902
vn 0.5047 0.5255 0.6849
vn -0.0000 0.6088 0.7934
vn -0.5047 0.5255 0.6849
vn -0.8707 0.2994 0.3902
vn -0.9999 -0.0066 -0.0086
vn -0.8614 -0.3092 -0.4030
vn -0.4954 -0.5288 -0.6892
vn -0.0000 -0.5000 -0.8660
vn 0.4954 -0.4343 -0.7523
vn 0.8614 -0.2540 -0.4399
vn 0.9999 -0.0054 -0.0093
vn 0.8707 0.2459 0.4259
vn 0.5047 0.4316 0.7476
vn -0.0000 0.5000 0.8660
vn -0.5047 0.4316 0.7476
vn -0.8707 0.2459 0.4259
vn -0.9999 -0.0054 -0.0093
vn -0.8614 -0.2540 -0.4399
vn -0.4954 -0.4343 -0.7523
vn -0.0000 -0.3827 -0.9239
vn 0.4954 -0.3324 -0.8025
vn 0.8614 -0.1944 -0.4693
vn 0.9999 -0.0041 -0.0100
vn 0.8707 0.1882 0.4544
vn 0.5047 0.3304 0.7976
vn -0.0000 0.3827 0.9239
vn -0.5047 0.3304 0.7976
vn -0.8707 0.1882 0.4544
vn -0.9999 -0.0041 -0.0100
vn -0.8614 -0.1944 -0.4693
vn -0.4954 -0.3324 -0.8025
vn -0.0000 -0.2588 -0.9659
vn 0.4954 -0.2248 -0.8391
vn 0.8614 -0.1315 -0.4907
vn 0.9999 -0.0028 -0.0104
vn 0.8707 0.1273 0.4751
vn 0.5047 0.2234 0.8339
vn -0.0000 0.2588 0.9659
vn -0.5047 0.2234 0.8339
vn -0.8707 0.1273 0.4751
vn -0.9999 -0.0028 -0.0104
vn -0.8614 -0.1315 -0.4907
vn -0.4954 -0.2248 -0.8391
vn -0.0000 -0.1305 -0.9914
vn 0.4954 -0.1134 -0.8612
vn 0.8614 -0.0663 -0.5037
vn 0.9999 -0.0014 -0.0107
vn 0.8707 0.0642 0.4876
vn 0.5047 0.1127 0.8559
vn -0.0000 0.1305 0.9914
vn -0.5047 0.1127 0.8559
vn -0.8707 0.0642 0.4876
vn -0.9999 -0.0014 -0.0107
vn -0.8614 -0.0663 -0.5036
vn -0.4954 -0.1134 -0.8612
vn 0.4954 -0.0000 -0.8687
vn 0.8614 -0.0000 -0.5080
vn 0.9999 -0.0000 -0.0108
vn 0.8707 -0.0000 0.4918
vn 0.5047 -0.0000 0.8633
vn -0.5047 -0.0000 0.8633
vn -0.8707 -0.0000 0.4918
vn -0.9999 -0.0000 -0.0108
vn -0.8614 -0.0000 -0.5080
vn -0.4954 -0.0000 -0.8687
vn -0.0000 0.1305 -0.9914
vn 0.4954 0.1134 -0.8612
vn 0.8614 0.0663 -0.5037
vn 0.9999 0.0014 -0.0107
vn 0.8707 -0.0642 0.4876
vn 0.5047 -0.1127 0.8559
vn -0.0000 -0.1305 0.9914
vn -0.5047 -0.1127 0.8559
vn -0.8707 -0.0642 0.4876
vn -0.9999 0.0014 -0.0107
vn -0.8614 0.0663 -0.5036
vn -0.4954 0.1134 -0.8612
vn -0.0000 0.2588 -0.9659
vn 0.4954 0.2248 -0.8391
vn 0.8614 0.1315 -0.4907
vn 0.9999 0.0028 -0.0104
vn 0.8707 -0.1273 0.4751
vn 0.5047 -0.2234 0.8339
vn -0.0000 -0.2588 0.9659
vn -0.5047 -0.2234 0.8339
vn -0.8707 -0.1273 0.4751
vn -0.9999 0.0028 -0.0104
vn -0.8614 0.1315 -0.4907
vn -0.4954 0.2248 -0.8391
vn -0.0000 0.3827 -0.9239
vn 0.4954 0.3324 -0.8025
vn 0.8614 0.1944 -0.4693
vn 0.9999 0.0041 -0.0100
vn 0.8707 -0.1882 0.4544
vn 0.5047 -0.3304 0.7976
vn -0.0000 -0.3827 0.9239
vn -0.5047 -0.3304 0.7976
vn -0.8707 -0.1882 0.4544
vn -0.9999 0.0041 -0.0100
vn -0.8614 0.1944 -0.4693
vn -0.4954 0.3324 -0.8025
vn -0.0000 0.5000 -0.8660
vn 0.4954 0.4343 -0.7523
vn 0.8614 0.2540 -0.4399
vn 0.9999 0.0054 -0.0093
vn 0.8707 -0.2459 0.4259
vn 0.5047 -0.4316 0.7476
vn -0.0000 -0.5000 0.8660
vn -0.5047 -0.4316 0.7476
vn -0.8707 -0.2459 0.4259
vn -0.9999 0.0054 -0.0093
vn -0.8614 0.2540 -0.4399
vn -0.4954 0.4343 -0.7523
vn -0.0000 0.6088 -0.7934
vn 0.4954 0.5288 -0.6892
vn 0.8614 0.3093 -0.4030
vn 0.9999 0.0066 -0.0086
vn 0.8707 -0.2994 0.3902
vn 0.5047 -0.5255 0.6849
vn -0.0000 -0.6088 0.7934
vn -0.5047 -0.5255 0.6849
vn -0.8707 -0.2994 0.3902
vn -0.9999 0.0066 -0.0086
vn -0.8614 0.3092 -0.4030
vn -0.4954 0.5288 -0.6892
vn -0.0000 0.7071 -0.7071
vn 0.4954 0.6142 -0.6142
vn 0.8614 0.3592 -0.3592
vn 0.9999 0.0076 -0.0076
vn 0.8707 -0.3478 0.3478
vn 0.5047 -0.6104 0.6104
vn -0.0000 -0.7071 0.7071
vn -0.5047 -0.6104 0.6104
vn -0.8707 -0.3478 0.3478
vn -0.9999 0.0076 -0.0076
vn -0.8614 0.3592 -0.3592
vn -0.4954 0.6142 -0.6142
vn -0.0000 0.7934 -0.6088
vn 0.4954 0.6892 -0.5288
vn 0.8614 0.4030 -0.3092
vn 0.9999 0.0086 -0.0066
vn 0.8707 -0.3902 0.2994
vn 0.5047 -0.6849 0.5255
vn -0.0000 -0.7934 0.6088
vn -0.5047 -0.6849 0.5255
vn -0.8707 -0.3902 0.2994
vn -0.9999 0.0086 -0.0066
vn -0.8614 0.4030 -0.3092
vn -0.4954 0.6892 -0.5288
vn -0.0000 0.8660 -0.5000
vn 0.4954 0.7523 -0.4343
vn 0.8614 0.4399 -0.2540
vn 0.9999 0.0093 -0.0054
vn 0.8707 -0.4260 0.2459
vn 0.5047 -0.7476 0.4316
vn -0.0000 -0.8660 0.5000
vn -0.5047 -0.7476 0.4316
vn -0.8707 -0.4259 0.2459
vn -0.9999 0.0093 -0.0054
vn -0.8614 0.4399 -0.2540
vn -0.4954 0.7523 -0.4343
vn -0.0000 0.9239 -0.3827
vn 0.4954 0.8025 -0.3324
vn 0.8614 0.4693 -0.1944
vn 0.9999 0.0100 -0.0041
vn 0.8707 -0.4544 0.1882
vn 0.5047 -0.7976 0.3304
vn -0.0000 -0.9239 0.3827
vn -0.5047 -0.7976 0.3304
vn -0.8707 -0.4544 0.1882
vn -0.9999 0.0100 -0.0041
vn -0.8614 0.4693 -0.1944
vn -0.4954 0.8025 -0.3324
vn -0.0000 0.9659 -0.2588
vn 0.4954 0.8391 -0.2248
vn 0.8614 0.4907 -0.1315
vn 0.9999 0.0104 -0.0028
vn 0.8707 -0.4751 0.1273
vn 0.5047 -0.8339 0.2234
vn -0.0000 -0.9659 0.2588
vn -0.5047 -0.8339 0.2234
vn -0.8707 -0.4751 0.1273
vn -0.9999 0.0104 -0.0028
vn -0.8614 0.4907 -0.1315
vn -0.4954 0.8391 -0.2248
vn -0.0000 0.9914 -0.1305
vn 0.4954 0.8612 -0.1134
vn 0.8614 0.5037 -0.0663
vn 0.9999 0.0107 -0.0014
vn 0.8707 -0.4876 0.0642
vn 0.5047 -0.8559 0.1127
vn -0.0000 -0.9914 0.1305
vn -0.5047 -0.8559 0.1127
vn -0.8707 -0.4876 0.0642
vn -0.9999 0.0107 -0.0014
vn -0.8614 0.5036 -0.0663
vn -0.4954 0.8612 -0.1134
vn 0.4954 0.8687 -0.0000
vn 0.8614 0.5080 -0.0000
vn 0.9999 0.0108 -0.0000
vn 0.8707 -0.4918 -0.0000
vn 0.5047 -0.8633 -0.0000
vn -0.5047 -0.8633 -0.0000
vn -0.8707 -0.4918 -0.0000
vn -0.9999 0.0108 -0.0000
vn -0.8614 0.5080 -0.0000
vn -0.4954 0.8687 -0.0000
vn 0.4954 0.8612 0.1134
vn 0.8614 0.5037 0.0663
vn 0.9999 0.0107 0.0014
vn 0.8707 -0.4876 -0.0642
vn 0.5047 -0.8559 -0.1127
vn -0.5047 -0.8559 -0.1127
vn -0.8707 -0.4876 -0.0642
vn -0.9999 0.0107 0.0014
vn -0.8614 0.5036 0.0663
vn -0.4954 0.8612 0.1134
vn 0.4954 0.8391 0.2248
vn 0.8614 0.4907 0.1315
vn 0.9999 0.0104 0.0028
vn 0.8707 -0.4751 -0.1273
vn 0.5047 -0.8339 -0.2234
vn -0.5047 -0.8339 -0.2234
vn -0.8707 -0.4751 -0.1273
vn -0.9999 0.0104 0.0028
vn -0.8614 0.4907 0.1315
vn -0.4954 0.8391 0.2248
vn 0.4954 0.8025 0.3324
vn 0.8614 0.4693 0.1944
vn 0.9999 0.0100 0.0041
vn 0.8707 -0.4544 -0.1882
vn 0.5047 -0.7976 -0.3304
vn -0.5047 -0.7976 -0.3304
vn -0.8707 -0.4544 -0.1882
vn -0.9999 0.0100 0.0041
vn -0.8614 0.4693 0.1944
vn -0.4954 0.8025 0.3324
vn 0.4954 0.7523 0.4343
vn 0.8614 0.4399 0.2540
vn 0.9999 0.0093 0.0054
vn 0.8707 -0.4260 -0.2459
vn 0.5047 -0.7476 -0.4316
vn -0.5047 -0.7476 -0.4316
vn -0.8707 -0.4259 -0.2459
vn -0.9999 0.0093 0.0054
vn -0.8614 0.4399 0.2540
vn -0.4954 0.7523 0.4343
vn 0.4954 0.6892 0.5288
vn 0.8614 0.4030 0.3093
vn 0.9999 0.0085 0.0066
vn 0.8707 -0.3902 -0.2994
vn 0.5047 -0.6849 -0.5255
vn -0.5047 -0.6849 -0.5255
vn -0.8707 -0.3902 -0.2994
vn -0.9999 0.0085 0.0066
vn -0.8614 0.4030 0.3092
vn -0.4954 0.6892 0.5288
vn 0.4954 0.6142 0.6142
vn 0.8614 0.3592 0.3592
vn 0.9999 0.0076 0.0076
vn 0.8707 -0.3478 -0.3478
vn 0.5047 -0.6104 -0.6104
vn -0.5047 -0.6104 -0.6104
vn -0.8707 -0.3478 -0.3478
vn -0.9999 0.0076 0.0076
vn -0.8614 0.3592 0.3592
vn -0.4954 0.6142 0.6142
vn 0.4954 0.5288 0.6892
vn 0.8614 0.3093 0.4030
vn 0.9999 0.0066 0.0085
vn 0.8707 -0.2994 -0.3902
vn 0.5047 -0.5255 -0.6849
vn -0.5047 -0.5255 -0.6849
vn -0.8707 -0.2994 -0.3902
vn -0.9999 0.0066 0.0086
vn -0.8614 0.3092 0.4030
vn -0.4954 0.5288 0.6892
vn 0.4954 0.4343 0.7523
vn 0.8614 0.2540 0.4399
vn 0.9999 0.0054 0.0093
vn 0.8707 -0.2459 -0.4259
vn 0.5047 -0.4316 -0.7476
vn -0.5047 -0.4316 -0.7476
vn -0.8707 -0.2459 -0.4259
vn -0.9999 0.0054 0.0093
vn -0.8614 0.2540 0.4399
vn -0.4954 0.4343 0.7523
vn 0.4954 0.3324 0.8025
vn 0.8614 0.1944 0.4693
vn 0.9999 0.0041 0.0100
vn 0.8707 -0.1882 -0.4544
vn 0.5047 -0.3304 -0.7976
vn -0.5047 -0.3304 -0.7976
vn -0.8707 -0.1882 -0.4544
vn -0.9999 0.0041 0.0100
vn -0.8614 0.1944 0.4693
vn -0.4954 0.3324 0.8025
vn 0.4954 0.2248 0.8391
vn 0.8614 0.1315 0.4907
vn 0.9999 0.0028 0.0104
vn 0.8707 -0.1273 -0.4751
vn 0.5047 -0.2234 -0.8339
vn -0.5047 -0.2234 -0.8339
vn -0.8707 -0.1273 -0.4751
vn -0.9999 0.0028 0.0104
vn -0.8614 0.1315 0.4907
vn -0.4954 0.2248 0.8391
vn 0.4954 0.1134 0.8612
vn 0.8614 0.0663 0.5037
vn 0.9999 0.0014 0.0107
vn 0.8707 -0.0642 -0.4876
vn 0.5047 -0.1127 -0.8559
vn -0.5047 -0.1127 -0.8559
vn -0.8707 -0.0642 -0.4876
vn -0.9999 0.0014 0.0107
vn -0.8614 0.0663 0.5036
vn -0.4954 0.1134 0.8612
vn 0.4954 -0.0000 0.8687
vn 0.8614 -0.0000 0.5080
vn 0.9999 -0.0000 0.0108
vn 0.8707 -0.0000 -0.4918
vn 0.5047 -0.0000 -0.8633
vn -0.5047 -0.0000 -0.8633
vn -0.8707 -0.0000 -0.4918
vn -0.9999 -0.0000 0.0108
vn -0.8614 -0.0000 0.5080
vn -0.4954 -0.0000 0.8687
vn 0.4954 -0.1134 0.8612
vn 0.8614 -0.0663 0.5037
vn 0.9999 -0.0014 0.0107
vn 0.8707 0.0642 -0.4876
vn 0.5047 0.1127 -0.8559
vn -0.5047 0.1127 -0.8559
vn -0.8707 0.0642 -0.4876
vn -0.9999 -0.0014 0.0107
vn -0.8614 -0.0663 0.5036
vn -0.4954 -0.1134 0.8612
vn 0.4954 -0.2248 0.8391
vn 0.8614 -0.1315 0.4907
vn 0.9999 -0.0028 0.0104
vn 0.8707 0.1273 -0.4751
vn 0.5047 0.2234 -0.8339
vn -0.5047 0.2234 -0.8339
vn -0.8707 0.1273 -0.4751
vn -0.9999 -0.0028 0.0104
vn -0.8614 -0.1315 0.4907
vn -0.4954 -0.2248 0.8391
vn 0.4954 -0.3324 0.8025
vn 0.8614 -0.1944 0.4693
vn 0.9999 -0.0041 0.0100
vn 0.8707 0.1882 -0.4544
vn 0.5047 0.3304 -0.7976
vn -0.5047 0.3304 -0.7976
vn -0.8707 0.1882 -0.4544
vn -0.9999 -0.0041 0.0100
vn -0.8614 -0.1944 0.4693
vn -0.4954 -0.3324 0.8025
vn 0.4954 -0.4343 0.7523
vn 0.8614 -0.2540 0.4399
vn 0.9999 -0.0054 0.0093
vn 0.8707 0.2459 -0.4259
vn 0.5047 0.4316 -0.7476
vn -0.5047 0.4316 -0.7476
vn -0.8707 0.2459 -0.4259
vn -0.9999 -0.0054 0.0093
vn -0.8614 -0.2540 0.4399
vn -0.4954 -0.4343 0.7523
vn 0.4954 -0.5288 0.6892
vn 0.8614 -0.3093 0.4030
vn 0.9999 -0.0066 0.0085
vn 0.8707 0.2994 -0.3902
vn 0.5047 0.5255 -0.6849
vn -0.0000 0.6088 -0.7933
vn -0.5047 0.5255 -0.6849
vn -0.8707 0.2994 -0.3902
vn -0.9999 -0.0066 0.0086
vn -0.8614 -0.3092 0.4030
vn -0.4954 -0.5288 0.6892
vn 0.4954 -0.6142 0.6142
vn 0.8614 -0.3592 0.3592
vn 0.9999 -0.0076 0.0076
vn 0.8707 0.3478 -0.3478
vn 0.5047 0.6104 -0.6104
vn -0.5047 0.6104 -0.6104
vn -0.8707 0.3478 -0.3478
vn -0.9999 -0.0076 0.0076
vn -0.8614 -0.3592 0.3592
vn -0.4954 -0.6142 0.6142
vn 0.4954 -0.6892 0.5288
vn 0.8614 -0.4030 0.3092
vn 0.9999 -0.0086 0.0066
vn 0.8707 0.3902 -0.2994
vn 0.5047 0.6849 -0.5255
vn -0.5047 0.6849 -0.5255
vn -0.8707 0.3902 -0.2994
vn -0.9999 -0.0086 0.0066
vn -0.8614 -0.4030 0.3092
vn -0.4954 -0.6892 0.5288
vn 0.4954 -0.7523 0.4343
vn 0.8614 -0.4399 0.2540
vn 0.9999 -0.0093 0.0054
vn 0.8707 0.4259 -0.2459
vn 0.5047 0.7476 -0.4316
vn -0.5047 0.7476 -0.4316
vn -0.8707 0.4259 -0.2459
vn -0.9999 -0.0093 0.0054
vn -0.8614 -0.4399 0.2540
vn -0.4954 -0.7523 0.4343
vn 0.4954 -0.8025 0.3324
vn 0.8614 -0.4693 0.1944
vn 0.9999 -0.0100 0.0041
vn 0.8707 0.4544 -0.1882
vn 0.5047 0.7976 -0.3304
vn -0.5047 0.7976 -0.3304
vn -0.8707 0.4544 -0.1882
vn -0.9999 -0.0100 0.0041
vn -0.8614 -0.4693 0.1944
vn -0.4954 -0.8025 0.3324
vn 0.4954 -0.8391 0.2248
vn 0.8614 -0.4907 0.1315
vn 0.9999 -0.0104 0.0028
vn 0.8707 0.4751 -0.1273
vn 0.5047 0.8339 -0.2234
vn -0.5047 0.8339 -0.2234
vn -0.8707 0.4751 -0.1273
vn -0.9999 -0.0104 0.0028
vn -0.8614 -0.4907 0.1315
vn -0.4954 -0.8391 0.2248
vn 0.4954 -0.8612 0.1134
vn 0.8613 -0.5037 0.0663
vn 0.9999 -0.0107 0.0014
vn 0.8707 0.4876 -0.0642
vn 0.5047 0.8559 -0.1127
vn -0.5047 0.8559 -0.1127
vn -0.8707 0.4876 -0.0642
vn -0.9999 -0.0107 0.0014
vn -0.8614 -0.5037 0.0663
vn -0.4954 -0.8612 0.1134
vn -0.6657 -0.0000 -0.7462
vn 0.6657 -0.0000 -0.7462
vn 0.6657 -0.2856 -0.6894
vn -0.6657 -0.2856 -0.6894
vn 0.6657 -0.5276 -0.5276
vn -0.6657 -0.5276 -0.5276
vn 0.6657 -0.6894 -0.2856
vn -0.6657 -0.6894 -0.2856
vn 0.6657 -0.7462 -0.0000
vn -0.6657 -0.7462 -0.0000
vn 0.6657 -0.6894 0.2856
vn -0.6657 -0.6894 0.2856
vn 0.6657 -0.5276 0.5276
vn -0.6657 -0.5276 0.5276
vn 0.6657 -0.2856 0.6894
vn -0.6657 -0.2856 0.6894
vn 0.6657 -0.0000 0.7462
vn -0.6657 -0.0000 0.7462
vn 0.6657 0.2856 0.6894
vn -0.6657 0.2856 0.6894
vn 0.6657 0.5276 0.5276
vn -0.6657 0.5276 0.5276
vn 0.6657 0.6894 0.2856
vn -0.6657 0.6894 0.2856
vn 0.6657 0.7462 -0.0000
vn -0.6657 0.7462 -0.0000
vn 0.6657 0.6894 -0.2856
vn -0.6657 0.6894 -0.2856
vn 0.6657 0.5276 -0.5276
vn -0.6657 0.5276 -0.5276
vn 0.6657 0.2856 -0.6894
vn -0.6657 0.2856 -0.6894
vn -0.0000 -0.6657 -0.7462
vn -0.0000 0.6657 -0.7462
vn 0.2856 0.6657 -0.6894
vn 0.2856 -0.6657 -0.6894
vn 0.5276 0.6657 -0.5277
vn 0.5276 -0.6657 -0.5277
vn 0.6894 0.6657 -0.2856
vn 0.6894 -0.6657 -0.2856
vn 0.7462 0.6657 -0.0000
vn 0.7462 -0.6657 -0.0000
vn 0.6894 0.6657 0.2856
vn 0.6894 -0.6657 0.2856
vn 0.5276 0.6657 0.5276
vn 0.5276 -0.6657 0.5276
vn 0.2856 0.6657 0.6894
vn 0.2856 -0.6657 0.6894
vn -0.0000 0.6657 0.7462
vn -0.0000 -0.6657 0.7462
vn -0.2856 0.6657 0.6894
vn -0.2856 -0.6657 0.6894
vn -0.5276 0.6657 0.5276
vn -0.5276 -0.6657 0.5276
vn -0.6894 0.6657 0.2856
vn -0.6894 -0.6657 0.2856
vn -0.7462 0.6657 -0.0000
vn -0.7462 -0.6657 -0.0000
vn -0.6894 0.6657 -0.2856
vn -0.6894 -0.6657 -0.2856
vn -0.5276 0.6657 -0.5276
vn -0.5276 -0.6657 -0.5276
vn -0.2856 0.6657 -0.6894
vn -0.2856 -0.6657 -0.6894
vn -0.0000 0.1045 -0.9945
vn -0.0000 -0.1045 0.9945
vn -0.0000 -0.9945 -0.1045
vn -0.0000 0.9945 0.1045
vn -0.0000 -0.0872 -0.9962
vn -0.0000 0.0872 0.9962
vn -0.0000 -0.9962 0.0872
vn -0.0000 0.9962 -0.0872
vn 0.5276 0.6657 -0.5276
vn 0.5276 -0.6657 -0.5276
vn -0.0000 0.3732 -0.9277
vn 0.4025 0.3732 -0.8359
vn 0.4339 -0.0000 -0.9010
vn -0.0000 0.6935 -0.7205
vn -0.0000 0.9139 -0.4059
vn 0.1761 0.9139 -0.3657
vn 0.3126 0.6935 -0.6491
vn -0.0000 -0.9139 -0.4059
vn -0.0000 -0.6935 -0.7205
vn 0.3126 -0.6935 -0.6491
vn 0.1761 -0.9139 -0.3657
vn -0.0000 -0.3732 -0.9277
vn 0.4025 -0.3732 -0.8359
vn 0.5633 -0.6935 -0.4492
vn 0.3174 -0.9139 -0.2531
vn 0.7818 -0.0000 -0.6235
vn 0.7253 -0.3732 -0.5784
vn 0.5633 0.6935 -0.4492
vn 0.7253 0.3732 -0.5784
vn 0.3174 0.9139 -0.2531
vn 0.3958 0.9139 -0.0903
vn 0.3958 -0.9139 -0.0903
vn 0.9045 -0.3732 -0.2064
vn 0.7024 -0.6935 -0.1603
vn 0.9045 0.3732 -0.2064
vn 0.9749 -0.0000 -0.2225
vn 0.7024 0.6935 -0.1603
vn 0.9045 -0.3732 0.2064
vn 0.7024 -0.6935 0.1603
vn 0.9045 0.3732 0.2064
vn 0.9749 -0.0000 0.2225
vn 0.3958 0.9139 0.0903
vn 0.7024 0.6935 0.1603
vn 0.3958 -0.9139 0.0903
vn 0.5633 -0.6935 0.4492
vn 0.3174 -0.9139 0.2531
vn 0.7818 -0.0000 0.6235
vn 0.7253 -0.3732 0.5784
vn 0.5633 0.6935 0.4492
vn 0.7253 0.3732 0.5784
vn 0.3174 0.9139 0.2531
vn 0.4339 -0.0000 0.9010
vn 0.4025 -0.3732 0.8359
vn 0.3126 0.6935 0.6491
vn 0.4025 0.3732 0.8359
vn 0.1761 0.9139 0.3657
vn 0.1761 -0.9139 0.3657
vn 0.3126 -0.6935 0.6491
vn -0.0000 -0.9139 0.4059
vn -0.0000 -0.3732 0.9277
vn -0.0000 -0.6935 0.7205
vn -0.0000 0.3732 0.9277
vn -0.0000 0.9139 0.4059
vn -0.0000 0.6935 0.7205
vn -0.4025 0.3732 0.8359
vn -0.4339 -0.0000 0.9010
vn -0.1761 0.9139 0.3657
vn -0.3126 0.6935 0.6491
vn -0.3126 -0.6935 0.6491
vn -0.1761 -0.9139 0.3657
vn -0.4025 -0.3732 0.8359
vn -0.5633 -0.6935 0.4492
vn -0.3174 -0.9139 0.2531
vn -0.7818 -0.0000 0.6235
vn -0.7253 -0.3732 0.5784
vn -0.5633 0.6935 0.4492
vn -0.7253 0.3732 0.5784
vn -0.3174 0.9139 0.2531
vn -0.7024 0.6935 0.1603
vn -0.9045 0.3732 0.2064
vn -0.3958 0.9139 0.0903
vn -0.3958 -0.9139 0.0903
vn -0.9045 -0.3732 0.2064
vn -0.7024 -0.6935 0.1603
vn -0.9749 -0.0000 0.2225
vn -0.3958 -0.9139 -0.0903
vn -0.9045 -0.3732 -0.2064
vn -0.7024 -0.6935 -0.1603
vn -0.9045 0.3732 -0.2064
vn -0.9749 -0.0000 -0.2225
vn -0.3958 0.9139 -0.0903
vn -0.7024 0.6935 -0.1603
vn -0.3174 0.9139 -0.2531
vn -0.5633 0.6935 -0.4492
vn -0.5633 -0.6935 -0.4492
vn -0.3174 -0.9139 -0.2531
vn -0.7818 -0.0000 -0.6235
vn -0.7253 -0.3732 -0.5784
vn -0.7253 0.3732 -0.5784
vn -0.3126 -0.6935 -0.6491
vn -0.1761 -0.9139 -0.3657
vn -0.4339 -0.0000 -0.9010
vn -0.4025 -0.3732 -0.8359
vn -0.3126 0.6935 -0.6491
vn -0.4025 0.3732 -0.8359
vn -0.1761 0.9139 -0.3657
vn -0.0000 -0.8629 -0.5053
vn -0.0000 -0.5793 -0.8151
vn 0.1335 -0.6159 -0.7764
vn 0.0722 -0.8774 -0.4743
vn -0.0000 -0.2820 -0.9594
vn 0.1796 -0.0000 -0.9837
vn 0.1685 -0.3108 -0.9354
vn -0.0000 0.2820 -0.9594
vn -0.0000 0.5793 -0.8151
vn 0.1335 0.6159 -0.7764
vn 0.1685 0.3108 -0.9354
vn -0.0000 0.8629 -0.5053
vn 0.0722 0.8774 -0.4743
vn 0.1472 0.9163 -0.3724
vn 0.1472 -0.9163 -0.3724
vn 0.3979 -0.4089 -0.8213
vn 0.2830 -0.7174 -0.6366
vn 0.3979 0.4089 -0.8213
vn 0.4502 -0.0000 -0.8929
vn 0.2830 0.7174 -0.6366
vn 0.7382 -0.5492 -0.3917
vn 0.4569 -0.8412 -0.2893
vn 0.7382 0.5492 -0.3917
vn 0.9046 -0.0000 -0.4262
vn 0.2246 0.9609 -0.1620
vn 0.4569 0.8412 -0.2893
vn 0.2246 -0.9609 -0.1620
vn 0.4569 -0.8412 0.2893
vn 0.2246 -0.9609 0.1620
vn 0.9046 -0.0000 0.4262
vn 0.7382 -0.5492 0.3917
vn 0.4569 0.8412 0.2893
vn 0.7382 0.5492 0.3917
vn 0.2246 0.9609 0.1620
vn 0.4502 -0.0000 0.8929
vn 0.3979 -0.4089 0.8213
vn 0.2830 0.7174 0.6366
vn 0.3979 0.4089 0.8213
vn 0.1472 0.9163 0.3724
vn 0.1472 -0.9163 0.3724
vn 0.2830 -0.7174 0.6366
vn 0.0722 -0.8774 0.4743
vn 0.1685 -0.3108 0.9354
vn 0.1335 -0.6159 0.7764
vn 0.1685 0.3108 0.9354
vn 0.1796 -0.0000 0.9837
vn 0.0722 0.8774 0.4743
vn 0.1335 0.6159 0.7764
vn -0.0000 0.2820 0.9594
vn -0.0000 0.8629 0.5053
vn -0.0000 0.5793 0.8151
vn -0.0000 -0.5793 0.8151
vn -0.0000 -0.8629 0.5053
vn -0.0000 -0.2820 0.9594
vn -0.1335 -0.6159 0.7764
vn -0.0722 -0.8774 0.4743
vn -0.1796 -0.0000 0.9837
vn -0.1685 -0.3108 0.9354
vn -0.1335 0.6159 0.7764
vn -0.1685 0.3108 0.9354
vn -0.0722 0.8774 0.4743
vn -0.2830 0.7174 0.6366
vn -0.3979 0.4089 0.8213
vn -0.1472 0.9163 0.3724
vn -0.1472 -0.9163 0.3724
vn -0.3979 -0.4089 0.8213
vn -0.2830 -0.7174 0.6366
vn -0.4502 -0.0000 0.8929
vn -0.2246 -0.9609 0.1620
vn -0.7382 -0.5492 0.3917
vn -0.4569 -0.8412 0.2893
vn -0.7382 0.5492 0.3917
vn -0.9046 -0.0000 0.4262
vn -0.2246 0.9609 0.1620
vn -0.4569 0.8412 0.2893
vn -0.2246 0.9609 -0.1620
vn -0.4569 0.8412 -0.2893
vn -0.4569 -0.8412 -0.2893
vn -0.2246 -0.9609 -0.1620
vn -0.9046 -0.0000 -0.4262
vn -0.7382 -0.5492 -0.3917
vn -0.7382 0.5492 -0.3917
vn -0.2830 -0.7174 -0.6366
vn -0.1472 -0.9163 -0.3724
vn -0.4502 -0.0000 -0.8929
vn -0.3979 -0.4089 -0.8213
vn -0.2830 0.7174 -0.6366
vn -0.3979 0.4089 -0.8213
vn -0.1472 0.9163 -0.3724
vn -0.0722 0.8774 -0.4743
vn -0.0722 -0.8774 -0.4743
vn -0.1685 -0.3108 -0.9354
vn -0.1335 -0.6159 -0.7764
vn -0.1685 0.3108 -0.9354
vn -0.1796 -0.0000 -0.9837
vn -0.1335 0.6159 -0.7764
vn -0.0000 -0.4247 -0.9053
vn 0.3851 -0.0000 -0.9229
vn 0.3454 -0.4331 -0.8326
vn -0.0000 0.4247 -0.9053
vn -0.0000 0.7480 -0.6637
vn 0.2479 0.7557 -0.6061
vn 0.3454 0.4331 -0.8326
vn -0.0000 0.9358 -0.3525
vn 0.1286 0.9383 -0.3209
vn -0.0000 -0.9358 -0.3525
vn 0.1286 -0.9383 -0.3209
vn -0.0000 -0.7480 -0.6637
vn 0.2479 -0.7557 -0.6061
vn 0.2377 -0.9442 -0.2278
vn 0.6545 -0.4532 -0.6051
vn 0.4615 -0.7740 -0.4335
vn 0.6545 0.4532 -0.6051
vn 0.7367 -0.0000 -0.6762
vn 0.2377 0.9442 -0.2278
vn 0.4615 0.7740 -0.4335
vn 0.3033 0.9493 -0.0832
vn 0.5926 0.7896 -0.1593
vn 0.5926 -0.7896 -0.1593
vn 0.3033 -0.9493 -0.0832
vn 0.9674 -0.0000 -0.2534
vn 0.8530 -0.4707 -0.2254
vn 0.8530 0.4707 -0.2254
vn 0.5926 -0.7896 0.1593
vn 0.3033 -0.9493 0.0832
vn 0.9674 -0.0000 0.2534
vn 0.8530 -0.4707 0.2254
vn 0.5926 0.7896 0.1593
vn 0.8530 0.4707 0.2254
vn 0.3033 0.9493 0.0832
vn 0.2377 0.9442 0.2278
vn 0.2377 -0.9442 0.2278
vn 0.6545 -0.4532 0.6051
vn 0.4615 -0.7740 0.4335
vn 0.6545 0.4532 0.6051
vn 0.7367 -0.0000 0.6762
vn 0.4615 0.7740 0.4335
vn 0.3454 -0.4331 0.8326
vn 0.2479 -0.7557 0.6061
vn 0.3454 0.4331 0.8326
vn 0.3851 -0.0000 0.9229
vn 0.1286 0.9383 0.3209
vn 0.2479 0.7557 0.6061
vn 0.1286 -0.9383 0.3209
vn -0.0000 -0.7480 0.6637
vn -0.0000 -0.9358 0.3525
vn -0.0000 -0.4247 0.9053
vn -0.0000 0.7480 0.6637
vn -0.0000 0.4247 0.9053
vn -0.0000 0.9358 0.3525
vn -0.3851 -0.0000 0.9229
vn -0.3454 -0.4331 0.8326
vn -0.2479 0.7557 0.6061
vn -0.3454 0.4331 0.8326
vn -0.1286 0.9383 0.3209
vn -0.1286 -0.9383 0.3209
vn -0.2479 -0.7557 0.6061
vn -0.2377 -0.9442 0.2278
vn -0.6545 -0.4532 0.6051
vn -0.4615 -0.7740 0.4335
vn -0.6545 0.4532 0.6051
vn -0.7367 -0.0000 0.6762
vn -0.2377 0.9442 0.2278
vn -0.4615 0.7740 0.4335
vn -0.8530 0.4707 0.2254
vn -0.9674 -0.0000 0.2534
vn -0.3033 0.9493 0.0832
vn -0.5926 0.7896 0.1593
vn -0.5926 -0.7896 0.1593
vn -0.3033 -0.9493 0.0832
vn -0.8530 -0.4707 0.2254
vn -0.5926 -0.7896 -0.1593
vn -0.3033 -0.9493 -0.0832
vn -0.9674 -0.0000 -0.2534
vn -0.8530 -0.4707 -0.2254
vn -0.5926 0.7896 -0.1593
vn -0.8530 0.4707 -0.2254
vn -0.3033 0.9493 -0.0832
vn -0.4615 0.7740 -0.4335
vn -0.6545 0.4532 -0.6051
vn -0.2377 0.9442 -0.2278
vn -0.2377 -0.9442 -0.2278
vn -0.6545 -0.4532 -0.6051
vn -0.4615 -0.7740 -0.4335
vn -0.7367 -0.0000 -0.6762
vn -0.1286 -0.9383 -0.3209
vn -0.3454 -0.4331 -0.8326
vn -0.2479 -0.7557 -0.6061
vn -0.3454 0.4331 -0.8326
vn -0.3851 -0.0000 -0.9229
vn -0.1286 0.9383 -0.3209
vn -0.2479 0.7557 -0.6061
vn -0.0000 0.9390 -0.3439
vn 0.1329 0.9407 -0.3121
vn -0.0000 -0.9390 -0.3439
vn 0.1329 -0.9407 -0.3121
vn -0.0000 -0.7574 -0.6530
vn -0.0000 -0.4346 -0.9006
vn 0.3589 -0.4403 -0.8230
vn 0.2564 -0.7626 -0.5938
vn -0.0000 0.4346 -0.9006
vn 0.3589 0.4403 -0.8230
vn 0.4011 -0.0000 -0.9160
vn -0.0000 0.7574 -0.6530
vn 0.2564 0.7626 -0.5938
vn 0.6689 0.4539 -0.5887
vn 0.7522 -0.0000 -0.6589
vn 0.2437 0.9446 -0.2197
vn 0.4723 0.7748 -0.4201
vn 0.4723 -0.7748 -0.4201
vn 0.2437 -0.9446 -0.2197
vn 0.6689 -0.4539 -0.5887
vn 0.6003 -0.7851 -0.1528
vn 0.3084 -0.9479 -0.0796
vn 0.9700 -0.0000 -0.2429
vn 0.8584 -0.4653 -0.2161
vn 0.6003 0.7851 -0.1528
vn 0.8584 0.4653 -0.2161
vn 0.3084 0.9479 -0.0796
vn 0.6003 0.7851 0.1528
vn 0.8584 0.4653 0.2161
vn 0.3084 0.9479 0.0796
vn 0.3084 -0.9479 0.0796
vn 0.8584 -0.4653 0.2161
vn 0.6003 -0.7851 0.1528
vn 0.9700 -0.0000 0.2429
vn 0.2437 -0.9446 0.2197
vn 0.6689 -0.4539 0.5887
vn 0.4723 -0.7748 0.4201
vn 0.6689 0.4539 0.5887
vn 0.7522 -0.0000 0.6589
vn 0.2437 0.9446 0.2197
vn 0.4723 0.7748 0.4201
vn 0.1329 0.9407 0.3121
vn 0.2564 0.7626 0.5938
vn 0.2564 -0.7626 0.5938
vn 0.1329 -0.9407 0.3121
vn 0.4011 -0.0000 0.9160
vn 0.3589 -0.4403 0.8230
vn 0.3589 0.4403 0.8230
vn -0.0000 -0.7574 0.6530
vn -0.0000 -0.9390 0.3439
vn -0.0000 -0.4346 0.9006
vn -0.0000 0.7574 0.6530
vn -0.0000 0.4346 0.9006
vn -0.0000 0.9390 0.3439
vn -0.1329 0.9407 0.3121
vn -0.1329 -0.9407 0.3121
vn -0.3589 -0.4403 0.8230
vn -0.2564 -0.7626 0.5938
vn -0.3589 0.4403 0.8230
vn -0.4011 -0.0000 0.9160
vn -0.2564 0.7626 0.5938
vn -0.6689 -0.4539 0.5887
vn -0.4723 -0.7748 0.4201
vn -0.6689 0.4539 0.5887
vn -0.7522 -0.0000 0.6589
vn -0.2437 0.9446 0.2197
vn -0.4723 0.7748 0.4201
vn -0.2437 -0.9446 0.2197
vn -0.6003 -0.7851 0.1528
vn -0.3084 -0.9479 0.0796
vn -0.9700 -0.0000 0.2429
vn -0.8584 -0.4653 0.2161
vn -0.6003 0.7851 0.1528
vn -0.8584 0.4653 0.2161
vn -0.3084 0.9479 0.0796
vn -0.9700 -0.0000 -0.2429
vn -0.8584 -0.4653 -0.2161
vn -0.6003 0.7851 -0.1528
vn -0.8584 0.4653 -0.2161
vn -0.3084 0.9479 -0.0796
vn -0.3084 -0.9479 -0.0796
vn -0.6003 -0.7851 -0.1528
vn -0.2437 -0.9446 -0.2197
vn -0.6689 -0.4539 -0.5887
vn -0.4723 -0.7748 -0.4201
vn -0.6689 0.4539 -0.5887
vn -0.7522 -0.0000 -0.6589
vn -0.2437 0.9446 -0.2197
vn -0.4723 0.7748 -0.4201
vn -0.3589 0.4403 -0.8230
vn -0.4011 -0.0000 -0.9160
vn -0.1329 0.9407 -0.3121
vn -0.2564 0.7626 -0.5938
vn -0.2564 -0.7626 -0.5938
vn -0.1329 -0.9407 -0.3121
vn -0.3589 -0.4403 -0.8230
vn -0.9511 -0.0000 0.3090
vn -0.3090 -0.0000 -0.9511
vn 0.9511 -0.0000 -0.3090
vn 0.3090 -0.0000 0.9511
vt 0.705665 0.876446
vt 0.728138 0.876445
vt 0.728138 0.910884
vt 0.705665 0.910884
vt 0.494875 0.945951
vt 0.494875 0.923476
vt 0.510074 0.923466
vt 0.510074 0.945940
vt 0.452372 0.880161
vt 0.429898 0.880161
vt 0.429898 0.845722
vt 0.452372 0.845722
vt 0.460882 0.942338
vt 0.460882 0.919865
vt 0.476080 0.919879
vt 0.476080 0.942352
vt 0.131006 0.883570
vt 0.146232 0.883570
vt 0.146232 0.918007
vt 0.131006 0.918007
vt 0.152237 0.883570
vt 0.167463 0.883570
vt 0.167463 0.918007
vt 0.152237 0.918007
vt 0.611884 0.605910
vt 0.756872 0.605907
vt 0.756872 0.823413
vt 0.611884 0.823415
vt 0.840254 0.292599
vt 0.695259 0.292502
vt 0.695259 0.003003
vt 0.840254 0.003100
vt 0.605878 0.823415
vt 0.460882 0.823413
vt 0.460882 0.605907
vt 0.605878 0.605909
vt 0.684385 0.310024
vt 0.829372 0.309893
vt 0.829372 0.599385
vt 0.684385 0.599516
vt 0.460882 0.599902
vt 0.460882 0.309894
vt 0.678379 0.309893
vt 0.678379 0.599901
vt 0.689254 0.003004
vt 0.689254 0.293012
vt 0.471757 0.293011
vt 0.471757 0.003003
vt 0.781570 0.605907
vt 0.794257 0.605907
vt 0.794257 0.834288
vt 0.781570 0.834289
vt 0.858946 0.303367
vt 0.846259 0.303358
vt 0.846259 0.003003
vt 0.858946 0.003011
vt 0.775565 0.834288
vt 0.762878 0.834288
vt 0.762878 0.605907
vt 0.775565 0.605907
vt 0.864952 0.003014
vt 0.877638 0.003003
vt 0.877638 0.303351
vt 0.864952 0.303362
vt 0.003003 0.303887
vt 0.003003 0.003004
vt 0.231375 0.003003
vt 0.231375 0.303886
vt 0.465752 0.003004
vt 0.465752 0.303887
vt 0.237380 0.303886
vt 0.237380 0.003003
vt 0.908129 0.544279
vt 0.912479 0.544279
vt 0.912479 0.767223
vt 0.908129 0.767223
vt 0.413538 0.906275
vt 0.409188 0.906272
vt 0.409188 0.611345
vt 0.413538 0.611348
vt 0.237794 0.898326
vt 0.233444 0.898326
vt 0.233444 0.675382
vt 0.237794 0.675382
vt 0.419543 0.611349
vt 0.423893 0.611345
vt 0.423893 0.906265
vt 0.419543 0.906269
vt 0.003003 0.605339
vt 0.003003 0.309894
vt 0.225937 0.309893
vt 0.225937 0.605338
vt 0.454877 0.309894
vt 0.454877 0.605339
vt 0.231943 0.605338
vt 0.231943 0.309893
vt 0.494875 0.982935
vt 0.499949 0.982935
vt 0.499949 0.989460
vt 0.494875 0.989460
vt 0.818292 0.905881
vt 0.813217 0.905877
vt 0.813217 0.605522
vt 0.818292 0.605525
vt 0.216359 0.989465
vt 0.211284 0.989465
vt 0.211284 0.982940
vt 0.216359 0.982940
vt 0.328726 0.611350
vt 0.333800 0.611345
vt 0.333800 0.911693
vt 0.328726 0.911698
vt 0.883644 0.303886
vt 0.883644 0.003003
vt 0.890169 0.003003
vt 0.890169 0.303886
vt 0.902699 0.003003
vt 0.902699 0.303886
vt 0.896174 0.303886
vt 0.896174 0.003003
vt 0.222364 0.982940
vt 0.227439 0.982940
vt 0.227439 0.989465
vt 0.222364 0.989465
vt 0.829372 0.905881
vt 0.824297 0.905877
vt 0.824297 0.605522
vt 0.829372 0.605525
vt 0.205278 0.989465
vt 0.200204 0.989465
vt 0.200204 0.982940
vt 0.205278 0.982940
vt 0.802137 0.605526
vt 0.807211 0.605522
vt 0.807211 0.905870
vt 0.802137 0.905874
vt 0.883069 0.610776
vt 0.883069 0.309893
vt 0.889594 0.309893
vt 0.889594 0.610776
vt 0.902124 0.309893
vt 0.902124 0.610776
vt 0.895599 0.610776
vt 0.895599 0.309893
vt 0.222364 0.675382
vt 0.227439 0.675382
vt 0.227439 0.903763
vt 0.222364 0.903763
vt 0.030238 0.989701
vt 0.025163 0.989698
vt 0.025163 0.983184
vt 0.030238 0.983187
vt 0.205278 0.903763
vt 0.200204 0.903763
vt 0.200204 0.675382
vt 0.205278 0.675382
vt 0.003003 0.983189
vt 0.008077 0.983184
vt 0.008077 0.989697
vt 0.003003 0.989702
vt 0.442429 0.611345
vt 0.448954 0.611345
vt 0.448954 0.839717
vt 0.442429 0.839717
vt 0.187673 0.675382
vt 0.194198 0.675382
vt 0.194198 0.903754
vt 0.187673 0.903754
vt 0.908130 0.309893
vt 0.913204 0.309893
vt 0.913204 0.538274
vt 0.908130 0.538274
vt 0.019158 0.989701
vt 0.014083 0.989698
vt 0.014083 0.983184
vt 0.019158 0.983187
vt 0.216359 0.903763
vt 0.211284 0.903763
vt 0.211284 0.675382
vt 0.216359 0.675382
vt 0.823412 0.983122
vt 0.828487 0.983117
vt 0.828487 0.989631
vt 0.823412 0.989635
vt 0.429898 0.611345
vt 0.436423 0.611345
vt 0.436423 0.839717
vt 0.429898 0.839717
vt 0.883069 0.616781
vt 0.889594 0.616781
vt 0.889594 0.845153
vt 0.883069 0.845153
vt 0.171449 0.875275
vt 0.171449 0.730286
vt 0.177249 0.730286
vt 0.177249 0.875275
vt 0.925065 0.299005
vt 0.925065 0.154011
vt 0.930855 0.154007
vt 0.930855 0.299002
vt 0.109094 0.856473
vt 0.109094 0.711476
vt 0.114895 0.711476
vt 0.114895 0.856472
vt 0.926665 0.840265
vt 0.926665 0.695277
vt 0.932455 0.695283
vt 0.932455 0.840270
vt 0.896812 0.988704
vt 0.896812 0.982904
vt 0.902612 0.982904
vt 0.902612 0.988704
vt 0.187145 0.982930
vt 0.187145 0.988730
vt 0.181345 0.988730
vt 0.181345 0.982930
vt 0.919209 0.454881
vt 0.919209 0.309893
vt 0.925010 0.309893
vt 0.925010 0.454881
vt 0.925065 0.148001
vt 0.925065 0.003007
vt 0.930855 0.003003
vt 0.930855 0.147998
vt 0.045093 0.856484
vt 0.045093 0.711488
vt 0.050894 0.711488
vt 0.050894 0.856484
vt 0.926665 0.689267
vt 0.926665 0.544279
vt 0.932455 0.544285
vt 0.932455 0.689272
vt 0.165738 0.986736
vt 0.165738 0.980936
vt 0.171538 0.980936
vt 0.171538 0.986736
vt 0.361739 0.982122
vt 0.361739 0.987923
vt 0.355939 0.987923
vt 0.355939 0.982122
vt 0.303641 0.948795
vt 0.303641 0.907111
vt 0.308717 0.907111
vt 0.308717 0.948795
vt 0.877063 0.588564
vt 0.835377 0.588536
vt 0.835377 0.309893
vt 0.877063 0.309921
vt 0.096530 0.857612
vt 0.096530 0.815925
vt 0.101605 0.815925
vt 0.101605 0.857612
vt 0.835377 0.594607
vt 0.877061 0.594569
vt 0.877061 0.873205
vt 0.835377 0.873243
vt 0.387027 0.890478
vt 0.387027 0.611345
vt 0.392102 0.611345
vt 0.392102 0.890477
vt 0.403182 0.611345
vt 0.403182 0.890477
vt 0.398107 0.890477
vt 0.398107 0.611345
vt 0.978268 0.985899
vt 0.980443 0.985899
vt 0.980443 0.991699
vt 0.978268 0.991699
vt 0.902124 0.895426
vt 0.899949 0.895424
vt 0.899949 0.616781
vt 0.902124 0.616783
vt 0.980093 0.900060
vt 0.977918 0.900060
vt 0.977918 0.894260
vt 0.980093 0.894260
vt 0.916885 0.003005
vt 0.919060 0.003003
vt 0.919060 0.281639
vt 0.916885 0.281641
vt 0.351611 0.890477
vt 0.351611 0.611345
vt 0.357411 0.611345
vt 0.357411 0.890477
vt 0.369216 0.611345
vt 0.369216 0.890477
vt 0.363416 0.890477
vt 0.363416 0.611345
vt 0.986798 0.985927
vt 0.988973 0.985927
vt 0.988973 0.991727
vt 0.986798 0.991727
vt 0.910879 0.281647
vt 0.908704 0.281646
vt 0.908704 0.003003
vt 0.910879 0.003004
vt 0.623909 0.991588
vt 0.621734 0.991588
vt 0.621734 0.985788
vt 0.623909 0.985788
vt 0.918485 0.544281
vt 0.920659 0.544279
vt 0.920659 0.822915
vt 0.918485 0.822917
vt 0.339806 0.890478
vt 0.339806 0.611345
vt 0.345605 0.611345
vt 0.345605 0.890477
vt 0.381022 0.611345
vt 0.381022 0.890478
vt 0.375222 0.890478
vt 0.375222 0.611345
vt 0.390222 0.919359
vt 0.378150 0.896483
vt 0.380447 0.896483
vt 0.379353 0.901485
vt 0.368017 0.919359
vt 0.382756 0.909722
vt 0.375699 0.909722
vt 0.384024 0.912656
vt 0.374370 0.912656
vt 0.386893 0.919359
vt 0.371346 0.919359
vt 0.693859 0.917878
vt 0.674284 0.914926
vt 0.693859 0.914944
vt 0.680309 0.917866
vt 0.688732 0.934747
vt 0.694758 0.937687
vt 0.674284 0.934734
vt 0.674284 0.937669
vt 0.449474 0.918236
vt 0.429898 0.915284
vt 0.449474 0.915302
vt 0.435924 0.918224
vt 0.444347 0.935105
vt 0.450372 0.938045
vt 0.429898 0.935092
vt 0.429898 0.938026
vt 0.957934 0.982529
vt 0.954672 0.959784
vt 0.957934 0.959787
vt 0.954672 0.982526
vt 0.571454 0.946215
vt 0.568191 0.926404
vt 0.571454 0.923473
vt 0.564362 0.923466
vt 0.563178 0.923525
vt 0.562105 0.923698
vt 0.561141 0.923978
vt 0.560285 0.924357
vt 0.559535 0.924826
vt 0.558890 0.925379
vt 0.558349 0.926006
vt 0.564362 0.926401
vt 0.557909 0.926701
vt 0.568191 0.933441
vt 0.563664 0.926437
vt 0.563048 0.926541
vt 0.562509 0.926707
vt 0.557569 0.927456
vt 0.562044 0.926927
vt 0.561650 0.927196
vt 0.561320 0.927507
vt 0.557329 0.928261
vt 0.561053 0.927852
vt 0.560843 0.928226
vt 0.560687 0.928620
vt 0.557186 0.929111
vt 0.560581 0.929030
vt 0.560520 0.929447
vt 0.557138 0.929996
vt 0.560501 0.929865
vt 0.560533 0.930412
vt 0.557188 0.930871
vt 0.560628 0.930917
vt 0.557340 0.931707
vt 0.560783 0.931380
vt 0.560996 0.931799
vt 0.557595 0.932497
vt 0.561265 0.932173
vt 0.561587 0.932501
vt 0.557954 0.933234
vt 0.561959 0.932782
vt 0.562380 0.933014
vt 0.562846 0.933197
vt 0.563356 0.933329
vt 0.558420 0.933910
vt 0.563906 0.933410
vt 0.564496 0.933437
vt 0.568191 0.936375
vt 0.558994 0.934520
vt 0.559678 0.935056
vt 0.560472 0.935510
vt 0.561380 0.935875
vt 0.562402 0.936146
vt 0.563540 0.936314
vt 0.564795 0.936372
vt 0.568191 0.946212
vt 0.339805 0.919360
vt 0.349575 0.896483
vt 0.351873 0.896483
vt 0.350671 0.901485
vt 0.362012 0.919360
vt 0.347269 0.909722
vt 0.354327 0.909722
vt 0.346002 0.912657
vt 0.355657 0.912657
vt 0.343135 0.919360
vt 0.358682 0.919360
vt 0.836276 0.919014
vt 0.836276 0.916079
vt 0.855852 0.916066
vt 0.849826 0.919005
vt 0.841403 0.935885
vt 0.835377 0.938824
vt 0.855852 0.935875
vt 0.855852 0.938810
vt 0.404317 0.918231
vt 0.404317 0.915297
vt 0.423893 0.915284
vt 0.417867 0.918222
vt 0.409444 0.935103
vt 0.403418 0.938041
vt 0.423893 0.935093
vt 0.423893 0.938028
vt 0.978478 0.166441
vt 0.978478 0.143697
vt 0.981741 0.143695
vt 0.981741 0.166439
vt 0.611884 0.946216
vt 0.611884 0.923472
vt 0.615146 0.926404
vt 0.618975 0.923467
vt 0.620159 0.923526
vt 0.621233 0.923700
vt 0.622197 0.923980
vt 0.623053 0.924358
vt 0.623803 0.924828
vt 0.624448 0.925381
vt 0.624989 0.926009
vt 0.618975 0.926402
vt 0.625429 0.926704
vt 0.615146 0.933441
vt 0.619673 0.926438
vt 0.620290 0.926542
vt 0.620829 0.926708
vt 0.625768 0.927458
vt 0.621293 0.926929
vt 0.621688 0.927198
vt 0.622017 0.927508
vt 0.626009 0.928264
vt 0.622284 0.927854
vt 0.622494 0.928227
vt 0.622650 0.928622
vt 0.626152 0.929113
vt 0.622757 0.929032
vt 0.622818 0.929449
vt 0.626199 0.929999
vt 0.622837 0.929867
vt 0.622805 0.930414
vt 0.626149 0.930874
vt 0.622710 0.930919
vt 0.625998 0.931709
vt 0.622554 0.931382
vt 0.622341 0.931801
vt 0.625743 0.932499
vt 0.622073 0.932175
vt 0.621751 0.932503
vt 0.625383 0.933236
vt 0.621378 0.932783
vt 0.620958 0.933016
vt 0.620491 0.933199
vt 0.619982 0.933331
vt 0.624917 0.933913
vt 0.619431 0.933411
vt 0.618842 0.933438
vt 0.615146 0.936376
vt 0.624343 0.934523
vt 0.623660 0.935058
vt 0.622865 0.935512
vt 0.621958 0.935878
vt 0.620936 0.936148
vt 0.619798 0.936315
vt 0.618542 0.936373
vt 0.615146 0.946213
vt 0.524480 0.923599
vt 0.525558 0.923773
vt 0.525549 0.923817
vt 0.524475 0.923643
vt 0.524483 0.923558
vt 0.525566 0.923733
vt 0.524484 0.923526
vt 0.525571 0.923701
vt 0.278375 0.979225
vt 0.278373 0.978134
vt 0.278414 0.978138
vt 0.278415 0.979227
vt 0.278330 0.979224
vt 0.278329 0.978132
vt 0.274343 0.979223
vt 0.274341 0.978131
vt 0.274298 0.979224
vt 0.274296 0.978133
vt 0.274257 0.979226
vt 0.274256 0.978137
vt 0.274225 0.979229
vt 0.274223 0.978144
vt 0.542769 0.923564
vt 0.541690 0.923737
vt 0.541680 0.923697
vt 0.542763 0.923524
vt 0.542774 0.923608
vt 0.541700 0.923780
vt 0.526527 0.924055
vt 0.526513 0.924097
vt 0.526540 0.924016
vt 0.526549 0.923986
vt 0.278371 0.977151
vt 0.278411 0.977158
vt 0.278326 0.977149
vt 0.274339 0.977148
vt 0.274294 0.977150
vt 0.274253 0.977157
vt 0.540705 0.923979
vt 0.540692 0.923949
vt 0.541671 0.923666
vt 0.540720 0.924017
vt 0.540736 0.924059
vt 0.527389 0.924436
vt 0.527369 0.924476
vt 0.527407 0.924400
vt 0.527420 0.924371
vt 0.278368 0.976276
vt 0.278408 0.976286
vt 0.278323 0.976273
vt 0.274335 0.976272
vt 0.274291 0.976275
vt 0.274250 0.976285
vt 0.539838 0.924361
vt 0.539821 0.924333
vt 0.539858 0.924397
vt 0.539879 0.924436
vt 0.528145 0.924909
vt 0.528118 0.924945
vt 0.528167 0.924876
vt 0.528184 0.924850
vt 0.278363 0.975508
vt 0.278404 0.975521
vt 0.278319 0.975504
vt 0.274331 0.975503
vt 0.274286 0.975507
vt 0.274246 0.975520
vt 0.539077 0.924836
vt 0.539056 0.924811
vt 0.539102 0.924869
vt 0.539129 0.924905
vt 0.528795 0.925466
vt 0.528763 0.925498
vt 0.528822 0.925437
vt 0.528843 0.925414
vt 0.278358 0.974847
vt 0.278399 0.974862
vt 0.278313 0.974842
vt 0.274326 0.974841
vt 0.274281 0.974846
vt 0.274241 0.974861
vt 0.538422 0.925396
vt 0.538397 0.925374
vt 0.538451 0.925425
vt 0.538483 0.925456
vt 0.529341 0.926099
vt 0.529305 0.926126
vt 0.529372 0.926075
vt 0.529396 0.926055
vt 0.885075 0.976453
vt 0.885076 0.977102
vt 0.885036 0.977115
vt 0.885035 0.976467
vt 0.885120 0.976448
vt 0.885121 0.977098
vt 0.889108 0.976448
vt 0.889108 0.977098
vt 0.889153 0.976453
vt 0.889153 0.977102
vt 0.889193 0.976467
vt 0.889194 0.977114
vt 0.537871 0.926033
vt 0.537843 0.926014
vt 0.537905 0.926057
vt 0.537941 0.926083
vt 0.529784 0.926800
vt 0.529745 0.926821
vt 0.529818 0.926780
vt 0.529845 0.926764
vt 0.885076 0.977819
vt 0.885036 0.977829
vt 0.885121 0.977816
vt 0.889109 0.977816
vt 0.889154 0.977819
vt 0.889194 0.977829
vt 0.537424 0.926737
vt 0.537393 0.926723
vt 0.537460 0.926756
vt 0.537500 0.926778
vt 0.530126 0.927559
vt 0.530084 0.927575
vt 0.530162 0.927545
vt 0.530191 0.927534
vt 0.885077 0.978595
vt 0.885036 0.978602
vt 0.885122 0.978592
vt 0.889109 0.978592
vt 0.889154 0.978595
vt 0.889194 0.978602
vt 0.537078 0.927502
vt 0.537046 0.927491
vt 0.537117 0.927516
vt 0.537160 0.927531
vt 0.530368 0.928371
vt 0.530325 0.928381
vt 0.530406 0.928361
vt 0.885037 0.979425
vt 0.885005 0.979432
vt 0.885004 0.978613
vt 0.885077 0.979420
vt 0.885122 0.979419
vt 0.889110 0.979419
vt 0.889154 0.979420
vt 0.889195 0.979425
vt 0.536834 0.928318
vt 0.536801 0.928311
vt 0.536874 0.928327
vt 0.536918 0.928337
vt 0.530512 0.929226
vt 0.530468 0.929231
vt 0.530551 0.929221
vt 0.885037 0.980290
vt 0.885005 0.980293
vt 0.885077 0.980288
vt 0.885122 0.980287
vt 0.889110 0.980287
vt 0.889154 0.980287
vt 0.889195 0.980290
vt 0.536688 0.929177
vt 0.536654 0.929174
vt 0.536729 0.929181
vt 0.536774 0.929186
vt 0.530560 0.930116
vt 0.530515 0.930116
vt 0.530599 0.930116
vt 0.885037 0.981189
vt 0.885005 0.981188
vt 0.885077 0.981189
vt 0.885122 0.981189
vt 0.889110 0.981189
vt 0.889155 0.981189
vt 0.889195 0.981188
vt 0.536638 0.930072
vt 0.536605 0.930072
vt 0.536680 0.930071
vt 0.536725 0.930071
vt 0.530509 0.930996
vt 0.530465 0.930991
vt 0.530548 0.931000
vt 0.885037 0.982077
vt 0.885005 0.982072
vt 0.885077 0.982079
vt 0.885122 0.982080
vt 0.889110 0.982080
vt 0.889155 0.982079
vt 0.889195 0.982077
vt 0.536688 0.930956
vt 0.536654 0.930961
vt 0.536729 0.930951
vt 0.536774 0.930946
vt 0.530357 0.931838
vt 0.530313 0.931827
vt 0.530395 0.931847
vt 0.885037 0.982926
vt 0.885005 0.982917
vt 0.885077 0.982931
vt 0.885122 0.982933
vt 0.889110 0.982933
vt 0.889154 0.982931
vt 0.889195 0.982926
vt 0.536841 0.931803
vt 0.536808 0.931812
vt 0.536881 0.931793
vt 0.536925 0.931782
vt 0.530100 0.932633
vt 0.530059 0.932617
vt 0.530136 0.932648
vt 0.885036 0.983728
vt 0.885004 0.983716
vt 0.885077 0.983736
vt 0.885122 0.983739
vt 0.889109 0.983739
vt 0.889154 0.983736
vt 0.889194 0.983728
vt 0.537098 0.932605
vt 0.537066 0.932617
vt 0.537137 0.932590
vt 0.537179 0.932573
vt 0.529737 0.933376
vt 0.529699 0.933354
vt 0.529771 0.933396
vt 0.530164 0.932660
vt 0.529797 0.933412
vt 0.885076 0.984487
vt 0.885036 0.984476
vt 0.885121 0.984491
vt 0.889109 0.984491
vt 0.889154 0.984487
vt 0.889194 0.984476
vt 0.537462 0.933354
vt 0.537432 0.933370
vt 0.537498 0.933333
vt 0.537537 0.933310
vt 0.529268 0.934059
vt 0.529233 0.934030
vt 0.529298 0.934084
vt 0.529321 0.934104
vt 0.885076 0.985176
vt 0.885035 0.985162
vt 0.885121 0.985180
vt 0.889108 0.985180
vt 0.889153 0.985175
vt 0.889194 0.985162
vt 0.537934 0.934042
vt 0.537907 0.934062
vt 0.537967 0.934016
vt 0.538002 0.933988
vt 0.528689 0.934673
vt 0.528659 0.934640
vt 0.528715 0.934703
vt 0.528735 0.934726
vt 0.885075 0.985794
vt 0.885035 0.985778
vt 0.885120 0.985799
vt 0.889108 0.985799
vt 0.889152 0.985794
vt 0.889193 0.985778
vt 0.538516 0.934661
vt 0.538493 0.934686
vt 0.538545 0.934631
vt 0.538575 0.934598
vt 0.528000 0.935212
vt 0.527976 0.935175
vt 0.528022 0.935246
vt 0.528038 0.935272
vt 0.482148 0.976552
vt 0.482152 0.977253
vt 0.482112 0.977265
vt 0.482107 0.976566
vt 0.482193 0.976547
vt 0.482197 0.977249
vt 0.486180 0.976550
vt 0.486185 0.977252
vt 0.486225 0.976555
vt 0.486230 0.977256
vt 0.486265 0.976569
vt 0.486270 0.977267
vt 0.539209 0.935206
vt 0.539189 0.935233
vt 0.539233 0.935172
vt 0.539258 0.935134
vt 0.527200 0.935670
vt 0.527181 0.935629
vt 0.527217 0.935706
vt 0.527229 0.935734
vt 0.482156 0.978066
vt 0.482116 0.978075
vt 0.482201 0.978063
vt 0.486188 0.978066
vt 0.486233 0.978069
vt 0.486273 0.978078
vt 0.540013 0.935667
vt 0.539997 0.935696
vt 0.540032 0.935630
vt 0.540052 0.935589
vt 0.526287 0.936037
vt 0.526274 0.935995
vt 0.526299 0.936076
vt 0.526307 0.936106
vt 0.482159 0.978992
vt 0.482118 0.978999
vt 0.482204 0.978990
vt 0.486191 0.978993
vt 0.486236 0.978995
vt 0.486276 0.979002
vt 0.540931 0.936038
vt 0.540919 0.936069
vt 0.540945 0.935999
vt 0.540959 0.935956
vt 0.525260 0.936309
vt 0.525252 0.936265
vt 0.525267 0.936348
vt 0.482120 0.980036
vt 0.482088 0.980042
vt 0.482086 0.979009
vt 0.482161 0.980032
vt 0.482206 0.980031
vt 0.486193 0.980033
vt 0.486238 0.980035
vt 0.486278 0.980039
vt 0.541962 0.936312
vt 0.541954 0.936344
vt 0.541971 0.936272
vt 0.541981 0.936228
vt 0.524118 0.936477
vt 0.524114 0.936432
vt 0.524120 0.936517
vt 0.482121 0.981188
vt 0.482088 0.981192
vt 0.482161 0.981187
vt 0.482206 0.981186
vt 0.486194 0.981189
vt 0.486239 0.981189
vt 0.486279 0.981191
vt 0.543109 0.936483
vt 0.543104 0.936515
vt 0.543114 0.936442
vt 0.543118 0.936397
vt 0.522859 0.936535
vt 0.522858 0.936491
vt 0.522859 0.936575
vt 0.482121 0.982455
vt 0.482088 0.982456
vt 0.482161 0.982454
vt 0.482206 0.982454
vt 0.486193 0.982457
vt 0.486238 0.982457
vt 0.486278 0.982458
vt 0.544370 0.936543
vt 0.544368 0.936576
vt 0.544373 0.936502
vt 0.544374 0.936457
vt 0.519507 0.936538
vt 0.519462 0.936493
vt 0.519546 0.936578
vt 0.482118 0.985742
vt 0.482086 0.985774
vt 0.482159 0.985722
vt 0.482204 0.985714
vt 0.486191 0.985717
vt 0.486236 0.985724
vt 0.486276 0.985745
vt 0.547683 0.936550
vt 0.547649 0.936583
vt 0.547725 0.936510
vt 0.547770 0.936465
vt 0.519507 0.946375
vt 0.519462 0.946331
vt 0.519546 0.946416
vt 0.966653 0.164067
vt 0.966653 0.173905
vt 0.966621 0.173872
vt 0.966621 0.164034
vt 0.966693 0.164087
vt 0.966693 0.173925
vt 0.966738 0.164095
vt 0.966738 0.173933
vt 0.970726 0.164094
vt 0.970726 0.173932
vt 0.970771 0.164087
vt 0.970771 0.173925
vt 0.970811 0.164066
vt 0.970811 0.173904
vt 0.547670 0.946388
vt 0.547636 0.946420
vt 0.547712 0.946347
vt 0.547757 0.946302
vt 0.516155 0.946378
vt 0.516200 0.946333
vt 0.516113 0.946418
vt 0.622858 0.299050
vt 0.619355 0.299050
vt 0.619387 0.299017
vt 0.622826 0.299017
vt 0.622878 0.299090
vt 0.619334 0.299090
vt 0.622885 0.299135
vt 0.619327 0.299135
vt 0.622885 0.303123
vt 0.619327 0.303123
vt 0.622878 0.303167
vt 0.619334 0.303167
vt 0.622858 0.303207
vt 0.619355 0.303207
vt 0.551103 0.946395
vt 0.551133 0.946428
vt 0.551064 0.946355
vt 0.551019 0.946310
vt 0.516155 0.923544
vt 0.516200 0.923589
vt 0.516113 0.923504
vt 0.516079 0.946450
vt 0.516079 0.923471
vt 0.827562 0.977105
vt 0.827562 0.954086
vt 0.827603 0.954107
vt 0.827603 0.977085
vt 0.827517 0.977112
vt 0.827517 0.954079
vt 0.823530 0.977112
vt 0.823530 0.954079
vt 0.823485 0.977105
vt 0.823485 0.954086
vt 0.823444 0.977084
vt 0.823444 0.954107
vt 0.823412 0.977053
vt 0.823412 0.954139
vt 0.551094 0.923522
vt 0.551133 0.923482
vt 0.551049 0.923567
vt 0.523292 0.923539
vt 0.523291 0.923584
vt 0.523291 0.923499
vt 0.523290 0.923466
vt 0.278373 0.987667
vt 0.278375 0.980422
vt 0.278415 0.980422
vt 0.278414 0.987647
vt 0.278329 0.987674
vt 0.278330 0.980422
vt 0.274341 0.987673
vt 0.274343 0.980421
vt 0.274296 0.987666
vt 0.274298 0.980421
vt 0.274256 0.987646
vt 0.274257 0.980422
vt 0.274223 0.987613
vt 0.274225 0.980422
vt 0.543957 0.923506
vt 0.543954 0.923466
vt 0.543958 0.923551
vt 0.960571 0.170238
vt 0.960544 0.169652
vt 0.960589 0.169648
vt 0.960615 0.170237
vt 0.960530 0.170241
vt 0.960503 0.169658
vt 0.960497 0.170243
vt 0.960471 0.169662
vt 0.817362 0.986263
vt 0.817362 0.985683
vt 0.817402 0.985681
vt 0.817402 0.986263
vt 0.817317 0.986264
vt 0.817317 0.985684
vt 0.813330 0.986269
vt 0.813329 0.985689
vt 0.813285 0.986269
vt 0.813284 0.985688
vt 0.813244 0.986268
vt 0.813244 0.985687
vt 0.813212 0.986268
vt 0.813212 0.985684
vt 0.952339 0.922328
vt 0.952365 0.921742
vt 0.952405 0.921745
vt 0.952379 0.922328
vt 0.952294 0.922328
vt 0.952321 0.921739
vt 0.960464 0.169106
vt 0.960509 0.169097
vt 0.960425 0.169116
vt 0.960393 0.169124
vt 0.817362 0.985146
vt 0.817402 0.985142
vt 0.817317 0.985147
vt 0.813329 0.985152
vt 0.813284 0.985151
vt 0.813244 0.985147
vt 0.813212 0.985141
vt 0.952445 0.921196
vt 0.952484 0.921203
vt 0.952401 0.921188
vt 0.960334 0.168602
vt 0.960377 0.168587
vt 0.960295 0.168615
vt 0.960264 0.168627
vt 0.817362 0.984650
vt 0.817402 0.984644
vt 0.817317 0.984652
vt 0.813330 0.984658
vt 0.813285 0.984655
vt 0.813244 0.984649
vt 0.813212 0.984639
vt 0.952575 0.920691
vt 0.952613 0.920702
vt 0.952533 0.920678
vt 0.960153 0.168140
vt 0.960194 0.168121
vt 0.960117 0.168159
vt 0.960087 0.168174
vt 0.817363 0.984199
vt 0.817403 0.984190
vt 0.817318 0.984202
vt 0.813331 0.984207
vt 0.813286 0.984204
vt 0.813245 0.984196
vt 0.952792 0.920246
vt 0.952821 0.920258
vt 0.952643 0.920710
vt 0.952756 0.920230
vt 0.952715 0.920211
vt 0.959924 0.167725
vt 0.959962 0.167700
vt 0.959890 0.167748
vt 0.959863 0.167767
vt 0.817365 0.983794
vt 0.817405 0.983783
vt 0.817320 0.983798
vt 0.813332 0.983803
vt 0.813288 0.983799
vt 0.813247 0.983788
vt 0.953018 0.919835
vt 0.953045 0.919851
vt 0.952985 0.919815
vt 0.952947 0.919791
vt 0.959648 0.167357
vt 0.959682 0.167327
vt 0.959617 0.167385
vt 0.959592 0.167408
vt 0.817367 0.983437
vt 0.817407 0.983423
vt 0.817322 0.983442
vt 0.813334 0.983447
vt 0.813290 0.983442
vt 0.813249 0.983429
vt 0.953291 0.919473
vt 0.953315 0.919492
vt 0.953261 0.919447
vt 0.953228 0.919418
vt 0.959325 0.167040
vt 0.959354 0.167005
vt 0.959298 0.167072
vt 0.959277 0.167099
vt 0.475908 0.303824
vt 0.475908 0.303516
vt 0.475948 0.303529
vt 0.475948 0.303840
vt 0.475863 0.303818
vt 0.475863 0.303511
vt 0.471876 0.303819
vt 0.471875 0.303511
vt 0.813292 0.983134
vt 0.813337 0.983140
vt 0.813252 0.983118
vt 0.953610 0.919159
vt 0.953630 0.919182
vt 0.953584 0.919130
vt 0.953555 0.919096
vt 0.958957 0.166775
vt 0.958980 0.166737
vt 0.958935 0.166811
vt 0.958918 0.166840
vt 0.475907 0.303163
vt 0.475948 0.303174
vt 0.475863 0.303159
vt 0.471875 0.303159
vt 0.471830 0.303516
vt 0.471830 0.303163
vt 0.471790 0.303529
vt 0.471790 0.303174
vt 0.953973 0.918898
vt 0.953990 0.918924
vt 0.953952 0.918865
vt 0.953929 0.918827
vt 0.958544 0.166565
vt 0.958561 0.166523
vt 0.958528 0.166603
vt 0.958515 0.166635
vt 0.475907 0.302765
vt 0.475947 0.302774
vt 0.475862 0.302763
vt 0.471875 0.302763
vt 0.471830 0.302765
vt 0.471789 0.302774
vt 0.954381 0.918690
vt 0.954393 0.918718
vt 0.954365 0.918654
vt 0.954348 0.918613
vt 0.958087 0.166411
vt 0.958099 0.166367
vt 0.958077 0.166452
vt 0.958068 0.166485
vt 0.475907 0.302324
vt 0.475947 0.302329
vt 0.475862 0.302322
vt 0.471875 0.302322
vt 0.471830 0.302324
vt 0.471789 0.302329
vt 0.471757 0.302787
vt 0.471757 0.302338
vt 0.954822 0.918501
vt 0.954832 0.918538
vt 0.954810 0.918458
vt 0.957588 0.166317
vt 0.957594 0.166272
vt 0.957583 0.166358
vt 0.957579 0.166392
vt 0.475907 0.301838
vt 0.475947 0.301841
vt 0.475862 0.301837
vt 0.471874 0.301837
vt 0.471830 0.301838
vt 0.471789 0.301841
vt 0.471757 0.301845
vt 0.955321 0.918406
vt 0.955325 0.918445
vt 0.955315 0.918362
vt 0.957047 0.166285
vt 0.957047 0.166240
vt 0.957046 0.166326
vt 0.957046 0.166360
vt 0.475907 0.301308
vt 0.475947 0.301308
vt 0.475862 0.301308
vt 0.471874 0.301308
vt 0.471830 0.301308
vt 0.471789 0.301308
vt 0.471757 0.301309
vt 0.955862 0.918374
vt 0.955862 0.918413
vt 0.955862 0.918329
vt 0.956633 0.166304
vt 0.956629 0.166259
vt 0.956636 0.166345
vt 0.956639 0.166379
vt 0.475907 0.300903
vt 0.475947 0.300902
vt 0.475862 0.300904
vt 0.471874 0.300904
vt 0.471830 0.300903
vt 0.471789 0.300902
vt 0.471757 0.300899
vt 0.956276 0.918393
vt 0.956272 0.918432
vt 0.956281 0.918348
vt 0.956220 0.166364
vt 0.956211 0.166319
vt 0.956228 0.166404
vt 0.956234 0.166438
vt 0.475907 0.300499
vt 0.475947 0.300495
vt 0.475862 0.300501
vt 0.471874 0.300501
vt 0.471830 0.300499
vt 0.471789 0.300495
vt 0.471757 0.300490
vt 0.956689 0.918453
vt 0.956681 0.918491
vt 0.956698 0.918409
vt 0.955816 0.166469
vt 0.955802 0.166425
vt 0.955828 0.166508
vt 0.955838 0.166541
vt 0.475907 0.300104
vt 0.475947 0.300098
vt 0.475862 0.300106
vt 0.471875 0.300106
vt 0.471830 0.300104
vt 0.471789 0.300098
vt 0.471757 0.300088
vt 0.957093 0.918557
vt 0.957080 0.918594
vt 0.957107 0.918515
vt 0.955426 0.166622
vt 0.955407 0.166581
vt 0.955443 0.166660
vt 0.955457 0.166691
vt 0.475907 0.299723
vt 0.475948 0.299715
vt 0.475862 0.299726
vt 0.471875 0.299726
vt 0.471830 0.299723
vt 0.471789 0.299715
vt 0.957465 0.918746
vt 0.957451 0.918773
vt 0.957070 0.918623
vt 0.957483 0.918711
vt 0.957502 0.918671
vt 0.955058 0.166828
vt 0.955033 0.166791
vt 0.955080 0.166863
vt 0.955098 0.166892
vt 0.475907 0.299364
vt 0.475948 0.299353
vt 0.475863 0.299368
vt 0.471875 0.299368
vt 0.471830 0.299364
vt 0.471790 0.299353
vt 0.957828 0.918950
vt 0.957810 0.918974
vt 0.957851 0.918917
vt 0.957876 0.918880
vt 0.954718 0.167091
vt 0.954688 0.167058
vt 0.954745 0.167123
vt 0.954766 0.167148
vt 0.475908 0.299031
vt 0.475948 0.299017
vt 0.475863 0.299036
vt 0.471875 0.299036
vt 0.471830 0.299031
vt 0.471790 0.299017
vt 0.958163 0.919209
vt 0.958141 0.919231
vt 0.958191 0.919180
vt 0.958221 0.919147
vt 0.954412 0.167415
vt 0.954377 0.167387
vt 0.954443 0.167442
vt 0.954468 0.167464
vt 0.303723 0.983856
vt 0.303720 0.984170
vt 0.303680 0.984157
vt 0.303682 0.983841
vt 0.303768 0.983861
vt 0.303765 0.984174
vt 0.307755 0.983860
vt 0.307752 0.984172
vt 0.307800 0.983854
vt 0.307797 0.984168
vt 0.307840 0.983839
vt 0.307837 0.984155
vt 0.958465 0.919528
vt 0.958440 0.919546
vt 0.958497 0.919504
vt 0.958532 0.919476
vt 0.954146 0.167804
vt 0.954107 0.167781
vt 0.954181 0.167826
vt 0.954209 0.167843
vt 0.303718 0.984547
vt 0.303677 0.984537
vt 0.303763 0.984551
vt 0.307750 0.984549
vt 0.307795 0.984546
vt 0.307835 0.984535
vt 0.958727 0.919911
vt 0.958699 0.919926
vt 0.958762 0.919892
vt 0.958802 0.919871
vt 0.953928 0.168263
vt 0.953886 0.168246
vt 0.953966 0.168279
vt 0.953995 0.168292
vt 0.303716 0.984994
vt 0.303676 0.984987
vt 0.303761 0.984997
vt 0.307749 0.984995
vt 0.307793 0.984992
vt 0.307834 0.984985
vt 0.958943 0.920364
vt 0.958912 0.920374
vt 0.958981 0.920351
vt 0.959023 0.920335
vt 0.953764 0.168795
vt 0.953720 0.168784
vt 0.953803 0.168806
vt 0.953834 0.168815
vt 0.303715 0.985515
vt 0.303674 0.985511
vt 0.303760 0.985517
vt 0.307747 0.985515
vt 0.307792 0.985513
vt 0.307832 0.985509
vt 0.959105 0.920892
vt 0.959074 0.920897
vt 0.959145 0.920883
vt 0.959189 0.920873
vt 0.953660 0.169406
vt 0.953615 0.169401
vt 0.953700 0.169412
vt 0.953731 0.169417
vt 0.303714 0.986116
vt 0.303674 0.986114
vt 0.303759 0.986117
vt 0.307747 0.986115
vt 0.307792 0.986114
vt 0.307832 0.986112
vt 0.959208 0.921498
vt 0.959176 0.921499
vt 0.959249 0.921494
vt 0.959294 0.921490
vt 0.953624 0.170101
vt 0.953579 0.170099
vt 0.953664 0.170103
vt 0.303674 0.986804
vt 0.303641 0.986803
vt 0.303641 0.986110
vt 0.303714 0.986804
vt 0.303759 0.986804
vt 0.307747 0.986802
vt 0.307791 0.986802
vt 0.307832 0.986802
vt 0.959244 0.922189
vt 0.959212 0.922188
vt 0.959285 0.922189
vt 0.959330 0.922188
vt 0.953624 0.173883
vt 0.953579 0.173928
vt 0.953664 0.173844
vt 0.303676 0.990519
vt 0.303643 0.990551
vt 0.303716 0.990498
vt 0.303761 0.990491
vt 0.307748 0.990489
vt 0.307793 0.990496
vt 0.307833 0.990517
vt 0.959244 0.925930
vt 0.959212 0.925896
vt 0.959285 0.925972
vt 0.959330 0.926017
vt 0.960571 0.173888
vt 0.960615 0.173933
vt 0.960530 0.173849
vt 0.985458 0.713816
vt 0.985458 0.720618
vt 0.985426 0.720650
vt 0.985426 0.713784
vt 0.985499 0.713837
vt 0.985499 0.720598
vt 0.985543 0.713844
vt 0.985543 0.720591
vt 0.989531 0.713844
vt 0.989531 0.720591
vt 0.989576 0.713837
vt 0.989576 0.720598
vt 0.989616 0.713816
vt 0.989616 0.720618
vt 0.952379 0.925936
vt 0.952410 0.925902
vt 0.952339 0.925978
vt 0.952294 0.926023
vt 0.960497 0.173819
vt 0.817367 0.989824
vt 0.817407 0.989845
vt 0.817322 0.989817
vt 0.813334 0.989822
vt 0.813290 0.989830
vt 0.813249 0.989850
vt 0.813217 0.989882
vt 0.588006 0.980323
vt 0.588006 0.957489
vt 0.588051 0.957534
vt 0.588051 0.980278
vt 0.587965 0.980363
vt 0.587965 0.957448
vt 0.587931 0.980394
vt 0.587931 0.957416
vt 0.307791 0.977826
vt 0.307791 0.954808
vt 0.307832 0.954829
vt 0.307832 0.977806
vt 0.307746 0.977834
vt 0.307746 0.954801
vt 0.303759 0.977833
vt 0.303759 0.954801
vt 0.303714 0.977826
vt 0.303714 0.954808
vt 0.303674 0.977806
vt 0.303674 0.954829
vt 0.303641 0.977775
vt 0.303641 0.954861
vt 0.600861 0.980321
vt 0.600861 0.957489
vt 0.600900 0.957448
vt 0.600900 0.980362
vt 0.600816 0.980276
vt 0.600816 0.957533
vt 0.591358 0.957487
vt 0.591314 0.957532
vt 0.591397 0.957446
vt 0.591428 0.957414
vt 0.613314 0.299057
vt 0.609770 0.299057
vt 0.609791 0.299017
vt 0.613294 0.299017
vt 0.613321 0.299102
vt 0.609763 0.299102
vt 0.613321 0.303090
vt 0.609763 0.303090
vt 0.613314 0.303135
vt 0.609770 0.303135
vt 0.613294 0.303175
vt 0.609791 0.303175
vt 0.613262 0.303207
vt 0.609823 0.303208
vt 0.597509 0.957485
vt 0.597467 0.957445
vt 0.597554 0.957530
vt 0.591358 0.980320
vt 0.591314 0.980276
vt 0.591397 0.980360
vt 0.813249 0.954106
vt 0.813249 0.977085
vt 0.813217 0.977053
vt 0.813217 0.954138
vt 0.813289 0.954086
vt 0.813289 0.977106
vt 0.813334 0.954079
vt 0.813334 0.977113
vt 0.817322 0.954079
vt 0.817322 0.977113
vt 0.817366 0.954086
vt 0.817366 0.977106
vt 0.817407 0.954106
vt 0.817407 0.977085
vt 0.597467 0.980358
vt 0.597433 0.980391
vt 0.597433 0.957414
vt 0.597509 0.980318
vt 0.597554 0.980273
vt 0.603730 0.299050
vt 0.600227 0.299050
vt 0.600259 0.299017
vt 0.603698 0.299017
vt 0.603750 0.299090
vt 0.600206 0.299090
vt 0.603758 0.299135
vt 0.600199 0.299135
vt 0.603758 0.303123
vt 0.600199 0.303123
vt 0.603750 0.303167
vt 0.600206 0.303167
vt 0.603730 0.303207
vt 0.600227 0.303207
vt 0.600930 0.980394
vt 0.245297 0.914561
vt 0.265006 0.914435
vt 0.264918 0.914480
vt 0.245343 0.914605
vt 0.245256 0.914521
vt 0.265084 0.914394
vt 0.245221 0.914488
vt 0.265145 0.914361
vt 0.321836 0.981696
vt 0.321836 0.961676
vt 0.321877 0.961717
vt 0.321877 0.981676
vt 0.321792 0.981703
vt 0.321792 0.961662
vt 0.317804 0.981703
vt 0.317804 0.961662
vt 0.317759 0.981696
vt 0.317759 0.961676
vt 0.317719 0.981676
vt 0.317719 0.961717
vt 0.317686 0.981643
vt 0.317686 0.961780
vt 0.086856 0.914467
vt 0.067148 0.914352
vt 0.067068 0.914311
vt 0.086896 0.914427
vt 0.086812 0.914511
vt 0.067237 0.914397
vt 0.250671 0.934336
vt 0.250583 0.934382
vt 0.250749 0.934295
vt 0.250810 0.934262
vt 0.915832 0.962832
vt 0.915832 0.982490
vt 0.915791 0.982510
vt 0.915791 0.962852
vt 0.915877 0.962825
vt 0.915877 0.982483
vt 0.919864 0.962822
vt 0.919864 0.982480
vt 0.919909 0.962829
vt 0.919909 0.982487
vt 0.919949 0.962849
vt 0.919949 0.982507
vt 0.081418 0.934204
vt 0.081354 0.934172
vt 0.067003 0.914279
vt 0.081499 0.934244
vt 0.081587 0.934289
vt 0.265076 0.934244
vt 0.265032 0.934289
vt 0.265115 0.934203
vt 0.265145 0.934170
vt 0.372167 0.985919
vt 0.372167 0.971578
vt 0.372207 0.971599
vt 0.372207 0.985959
vt 0.372122 0.985905
vt 0.372122 0.971571
vt 0.368135 0.985905
vt 0.368135 0.971571
vt 0.368090 0.985919
vt 0.368090 0.971578
vt 0.368049 0.985959
vt 0.368049 0.971599
vt 0.368017 0.986022
vt 0.368017 0.971631
vt 0.067094 0.934160
vt 0.067052 0.934120
vt 0.067139 0.934205
vt 0.265093 0.937268
vt 0.265049 0.937224
vt 0.265133 0.937308
vt 0.667044 0.303175
vt 0.670213 0.303175
vt 0.670181 0.303207
vt 0.667075 0.303207
vt 0.667023 0.303135
vt 0.670234 0.303135
vt 0.667016 0.303090
vt 0.670241 0.303090
vt 0.667016 0.299102
vt 0.670241 0.299102
vt 0.667023 0.299058
vt 0.670234 0.299058
vt 0.667044 0.299017
vt 0.670213 0.299017
vt 0.067037 0.937225
vt 0.067003 0.937257
vt 0.067019 0.934088
vt 0.067079 0.937184
vt 0.067124 0.937139
vt 0.244486 0.937400
vt 0.244574 0.937355
vt 0.244405 0.937441
vt 0.944508 0.959811
vt 0.944508 0.980670
vt 0.944476 0.980607
vt 0.944476 0.959843
vt 0.944549 0.959791
vt 0.944549 0.980711
vt 0.944594 0.959784
vt 0.944594 0.980725
vt 0.948581 0.959784
vt 0.948581 0.980725
vt 0.948626 0.959791
vt 0.948626 0.980711
vt 0.948666 0.959811
vt 0.948666 0.980670
vt 0.087764 0.937346
vt 0.087825 0.937379
vt 0.087686 0.937304
vt 0.087598 0.937259
vt 0.258821 0.917499
vt 0.258909 0.917453
vt 0.258741 0.917539
vt 0.244341 0.937473
vt 0.258676 0.917572
vt 0.392262 0.982873
vt 0.392262 0.963277
vt 0.392302 0.963257
vt 0.392302 0.982853
vt 0.392217 0.982880
vt 0.392217 0.963284
vt 0.388229 0.982877
vt 0.388229 0.963281
vt 0.388184 0.982870
vt 0.388184 0.963274
vt 0.388144 0.982850
vt 0.388144 0.963254
vt 0.073413 0.917453
vt 0.073474 0.917486
vt 0.073335 0.917412
vt 0.073248 0.917367
vt 0.245315 0.917585
vt 0.245360 0.917540
vt 0.245273 0.917626
vt 0.339838 0.971636
vt 0.339838 0.985096
vt 0.339805 0.985064
vt 0.339805 0.971573
vt 0.339878 0.971676
vt 0.339878 0.985117
vt 0.339923 0.971690
vt 0.339923 0.985124
vt 0.343911 0.971690
vt 0.343911 0.985124
vt 0.343956 0.971676
vt 0.343956 0.985117
vt 0.343996 0.971636
vt 0.343996 0.985096
vt 0.086880 0.917532
vt 0.086910 0.917565
vt 0.086841 0.917491
vt 0.086797 0.917446
vt 0.245240 0.917658
vt 0.783128 0.302754
vt 0.786338 0.302754
vt 0.786317 0.302795
vt 0.783148 0.302795
vt 0.783121 0.302709
vt 0.786345 0.302709
vt 0.783121 0.298722
vt 0.786345 0.298722
vt 0.783128 0.298677
vt 0.786338 0.298677
vt 0.783148 0.298637
vt 0.786317 0.298636
vt 0.783179 0.298604
vt 0.786284 0.298604
vt 0.643859 0.915127
vt 0.663567 0.915001
vt 0.663480 0.915046
vt 0.643904 0.915171
vt 0.643817 0.915086
vt 0.663645 0.914959
vt 0.643783 0.915054
vt 0.663706 0.914927
vt 0.740108 0.981093
vt 0.740108 0.961073
vt 0.740149 0.961114
vt 0.740149 0.981073
vt 0.740064 0.981100
vt 0.740064 0.961059
vt 0.736076 0.981100
vt 0.736076 0.961059
vt 0.736031 0.981093
vt 0.736031 0.961073
vt 0.735991 0.981072
vt 0.735991 0.961114
vt 0.735958 0.981040
vt 0.735958 0.961177
vt 0.113683 0.914467
vt 0.093975 0.914352
vt 0.093895 0.914311
vt 0.113723 0.914427
vt 0.113639 0.914512
vt 0.094064 0.914397
vt 0.649232 0.934902
vt 0.649145 0.934947
vt 0.649310 0.934861
vt 0.649371 0.934828
vt 0.327922 0.961673
vt 0.327922 0.981331
vt 0.327882 0.981351
vt 0.327882 0.961693
vt 0.327967 0.961666
vt 0.327967 0.981324
vt 0.331955 0.961663
vt 0.331955 0.981321
vt 0.332000 0.961669
vt 0.332000 0.981327
vt 0.332040 0.961690
vt 0.332040 0.981348
vt 0.108245 0.934204
vt 0.108181 0.934172
vt 0.093830 0.914279
vt 0.108326 0.934244
vt 0.108414 0.934289
vt 0.663637 0.934810
vt 0.663593 0.934855
vt 0.663676 0.934769
vt 0.663706 0.934736
vt 0.636355 0.985800
vt 0.636355 0.971460
vt 0.636395 0.971480
vt 0.636395 0.985841
vt 0.636310 0.985786
vt 0.636310 0.971453
vt 0.632323 0.985786
vt 0.632323 0.971453
vt 0.632278 0.985800
vt 0.632278 0.971460
vt 0.632237 0.985841
vt 0.632237 0.971480
vt 0.632205 0.985904
vt 0.632205 0.971512
vt 0.093921 0.934160
vt 0.093880 0.934120
vt 0.093966 0.934205
vt 0.663655 0.937834
vt 0.663610 0.937790
vt 0.663694 0.937874
vt 0.676274 0.303175
vt 0.679443 0.303175
vt 0.679411 0.303207
vt 0.676306 0.303207
vt 0.676254 0.303135
vt 0.679464 0.303135
vt 0.676247 0.303090
vt 0.679471 0.303090
vt 0.676247 0.299102
vt 0.679471 0.299102
vt 0.676254 0.299058
vt 0.679464 0.299058
vt 0.676274 0.299017
vt 0.679443 0.299017
vt 0.093864 0.937225
vt 0.093830 0.937257
vt 0.093846 0.934088
vt 0.093906 0.937184
vt 0.093951 0.937139
vt 0.643048 0.937966
vt 0.643136 0.937921
vt 0.642967 0.938007
vt 0.705697 0.959117
vt 0.705697 0.979976
vt 0.705665 0.979913
vt 0.705665 0.959149
vt 0.705738 0.959097
vt 0.705738 0.980017
vt 0.705783 0.959089
vt 0.705783 0.980031
vt 0.709770 0.959089
vt 0.709770 0.980031
vt 0.709815 0.959097
vt 0.709815 0.980017
vt 0.709855 0.959117
vt 0.709855 0.979976
vt 0.114591 0.937346
vt 0.114652 0.937379
vt 0.114513 0.937305
vt 0.114425 0.937259
vt 0.657383 0.918065
vt 0.657471 0.918019
vt 0.657302 0.918105
vt 0.642902 0.938039
vt 0.657237 0.918137
vt 0.972223 0.982866
vt 0.972223 0.963270
vt 0.972263 0.963250
vt 0.972263 0.982846
vt 0.972178 0.982873
vt 0.972178 0.963277
vt 0.968190 0.982870
vt 0.968190 0.963274
vt 0.968145 0.982863
vt 0.968145 0.963267
vt 0.968105 0.982843
vt 0.968105 0.963247
vt 0.100240 0.917453
vt 0.100301 0.917486
vt 0.100162 0.917412
vt 0.100075 0.917367
vt 0.643876 0.918151
vt 0.643921 0.918106
vt 0.643835 0.918191
vt 0.120690 0.974724
vt 0.120690 0.988185
vt 0.120657 0.988152
vt 0.120657 0.974661
vt 0.120730 0.974765
vt 0.120730 0.988205
vt 0.120775 0.974779
vt 0.120775 0.988212
vt 0.124763 0.974779
vt 0.124763 0.988212
vt 0.124807 0.974765
vt 0.124807 0.988205
vt 0.124848 0.974724
vt 0.124848 0.988184
vt 0.113707 0.917532
vt 0.113737 0.917565
vt 0.113668 0.917491
vt 0.113624 0.917446
vt 0.643801 0.918223
vt 0.685484 0.303167
vt 0.688694 0.303167
vt 0.688673 0.303207
vt 0.685504 0.303207
vt 0.685477 0.303122
vt 0.688701 0.303122
vt 0.685477 0.299135
vt 0.688701 0.299135
vt 0.685484 0.299090
vt 0.688694 0.299090
vt 0.685504 0.299049
vt 0.688673 0.299049
vt 0.685535 0.299017
vt 0.688640 0.299017
vt 0.448927 0.909206
vt 0.445901 0.902503
vt 0.445931 0.902459
vt 0.448956 0.909162
vt 0.448899 0.909247
vt 0.445874 0.902543
vt 0.448877 0.909278
vt 0.445852 0.902575
vt 0.040361 0.989952
vt 0.040361 0.983204
vt 0.040401 0.983184
vt 0.040401 0.989931
vt 0.040316 0.989959
vt 0.040316 0.983211
vt 0.036329 0.989961
vt 0.036329 0.983213
vt 0.036284 0.989954
vt 0.036284 0.983206
vt 0.036243 0.989933
vt 0.036243 0.983186
vt 0.766444 0.910396
vt 0.769467 0.903694
vt 0.769486 0.903726
vt 0.766463 0.910429
vt 0.766419 0.910356
vt 0.769442 0.903653
vt 0.766390 0.910311
vt 0.769414 0.903608
vt 0.436305 0.902503
vt 0.436276 0.902459
vt 0.436330 0.902543
vt 0.447491 0.975051
vt 0.447491 0.984570
vt 0.447458 0.984591
vt 0.447458 0.975031
vt 0.447531 0.975065
vt 0.447531 0.984556
vt 0.447576 0.975069
vt 0.447576 0.984552
vt 0.451564 0.975069
vt 0.451564 0.984552
vt 0.451608 0.975065
vt 0.451608 0.984556
vt 0.451648 0.975051
vt 0.451648 0.984570
vt 0.779011 0.903693
vt 0.778988 0.903726
vt 0.779039 0.903653
vt 0.779068 0.903608
vt 0.433437 0.909206
vt 0.433408 0.909162
vt 0.433463 0.909247
vt 0.436350 0.902575
vt 0.433482 0.909278
vt 0.525963 0.984425
vt 0.525963 0.991098
vt 0.525923 0.991077
vt 0.525923 0.984404
vt 0.526008 0.984432
vt 0.526008 0.991105
vt 0.529996 0.984430
vt 0.529996 0.991103
vt 0.530040 0.984423
vt 0.530040 0.991096
vt 0.530081 0.984402
vt 0.530081 0.991075
vt 0.781880 0.910396
vt 0.781857 0.910429
vt 0.781908 0.910356
vt 0.781938 0.910311
vt 0.430011 0.909206
vt 0.430079 0.909162
vt 0.429949 0.909247
vt 0.594176 0.299050
vt 0.590585 0.299050
vt 0.590634 0.299017
vt 0.594154 0.299017
vt 0.594189 0.299090
vt 0.590554 0.299090
vt 0.594194 0.299135
vt 0.590543 0.299135
vt 0.594194 0.303122
vt 0.590543 0.303122
vt 0.594189 0.303167
vt 0.590554 0.303167
vt 0.594176 0.303207
vt 0.590585 0.303207
vt 0.785394 0.910396
vt 0.785441 0.910429
vt 0.785334 0.910356
vt 0.785267 0.910311
vt 0.439819 0.886240
vt 0.439849 0.886284
vt 0.439791 0.886199
vt 0.429898 0.909278
vt 0.439768 0.886166
vt 0.724850 0.979403
vt 0.724850 0.956396
vt 0.724890 0.956416
vt 0.724890 0.979382
vt 0.724805 0.979410
vt 0.724805 0.956388
vt 0.720817 0.979407
vt 0.720817 0.956386
vt 0.720772 0.979401
vt 0.720772 0.956394
vt 0.720732 0.979380
vt 0.720732 0.956414
vt 0.775546 0.887350
vt 0.775565 0.887318
vt 0.775521 0.887390
vt 0.775492 0.887435
vt 0.442175 0.886240
vt 0.442146 0.886284
vt 0.442200 0.886199
vt 0.442219 0.886166
vt 0.831769 0.298645
vt 0.829287 0.298645
vt 0.829301 0.298604
vt 0.831756 0.298604
vt 0.831774 0.298689
vt 0.829283 0.298689
vt 0.831774 0.302677
vt 0.829283 0.302677
vt 0.831769 0.302722
vt 0.829287 0.302722
vt 0.831756 0.302762
vt 0.829301 0.302762
vt 0.831735 0.302795
vt 0.829322 0.302795
vt 0.773165 0.887390
vt 0.773137 0.887350
vt 0.773194 0.887435
vt 0.452354 0.909206
vt 0.452285 0.909162
vt 0.452414 0.909247
vt 0.452462 0.909278
vt 0.969322 0.063298
vt 0.969322 0.086559
vt 0.969281 0.086538
vt 0.969281 0.063318
vt 0.969366 0.063291
vt 0.969366 0.086566
vt 0.973354 0.063293
vt 0.973354 0.086568
vt 0.973399 0.063300
vt 0.973399 0.086561
vt 0.973439 0.063320
vt 0.973439 0.086540
vt 0.762929 0.910396
vt 0.762878 0.910429
vt 0.773115 0.887318
vt 0.762992 0.910356
vt 0.763061 0.910311
vt 0.584495 0.299050
vt 0.580904 0.299050
vt 0.580925 0.299017
vt 0.584446 0.299017
vt 0.584527 0.299090
vt 0.580891 0.299090
vt 0.584538 0.299135
vt 0.580886 0.299135
vt 0.584538 0.303123
vt 0.580886 0.303122
vt 0.584527 0.303167
vt 0.580891 0.303167
vt 0.584495 0.303207
vt 0.580904 0.303207
vt 0.402670 0.902686
vt 0.396272 0.896588
vt 0.396228 0.896483
vt 0.402752 0.902701
vt 0.402596 0.902673
vt 0.396311 0.896682
vt 0.402537 0.902662
vt 0.396341 0.896757
vt 0.965373 0.840027
vt 0.965373 0.832227
vt 0.965413 0.832175
vt 0.965413 0.840048
vt 0.965328 0.840020
vt 0.965328 0.832245
vt 0.961340 0.840022
vt 0.961340 0.832247
vt 0.961295 0.840029
vt 0.961295 0.832229
vt 0.961255 0.840050
vt 0.961255 0.832177
vt 0.326872 0.925855
vt 0.330392 0.917919
vt 0.330389 0.918001
vt 0.326919 0.925823
vt 0.326811 0.925895
vt 0.330395 0.917817
vt 0.326742 0.925940
vt 0.330397 0.917703
vt 0.396272 0.905328
vt 0.396228 0.905395
vt 0.396311 0.905268
vt 0.396341 0.905220
vt 0.155615 0.980990
vt 0.155615 0.988707
vt 0.155575 0.988727
vt 0.155575 0.980938
vt 0.155660 0.981008
vt 0.155660 0.988700
vt 0.159648 0.981007
vt 0.159648 0.988698
vt 0.159693 0.980989
vt 0.159693 0.988705
vt 0.159733 0.980936
vt 0.159733 0.988725
vt 0.333671 0.925855
vt 0.333621 0.925823
vt 0.333733 0.925895
vt 0.333800 0.925940
vt 0.237594 0.989673
vt 0.237594 0.983021
vt 0.237634 0.982989
vt 0.237634 0.989703
vt 0.237549 0.989662
vt 0.237549 0.983032
vt 0.233562 0.989662
vt 0.233562 0.983032
vt 0.233517 0.989673
vt 0.233517 0.983021
vt 0.233477 0.989703
vt 0.233477 0.982989
vt 0.233444 0.989751
vt 0.233444 0.982940
vt 0.460882 0.866838
vt 0.460882 0.829420
vt 0.488869 0.837433
vt 0.003003 0.827571
vt 0.030990 0.819564
vt 0.030990 0.856985
vt 0.803998 0.980657
vt 0.803998 0.954085
vt 0.806898 0.954073
vt 0.806898 0.980645
vt 0.164925 0.836546
vt 0.164925 0.873627
vt 0.162025 0.873627
vt 0.162025 0.836546
vt 0.984237 0.368217
vt 0.984237 0.400239
vt 0.981337 0.400259
vt 0.981337 0.368237
vt 0.522009 0.303779
vt 0.522009 0.299020
vt 0.525634 0.299017
vt 0.525634 0.303777
vt 0.393939 0.957248
vt 0.388144 0.957238
vt 0.388144 0.925364
vt 0.393939 0.925375
vt 0.531640 0.303763
vt 0.531640 0.299017
vt 0.535265 0.299020
vt 0.535265 0.303765
vt 0.961255 0.794294
vt 0.967049 0.794283
vt 0.967049 0.826159
vt 0.961255 0.826170
vt 0.525923 0.978373
vt 0.525923 0.952455
vt 0.529548 0.952479
vt 0.529548 0.978397
vt 0.797992 0.954073
vt 0.797992 0.979990
vt 0.794367 0.980014
vt 0.794367 0.954097
vt 0.995554 0.849692
vt 0.994466 0.849693
vt 0.994468 0.848554
vt 0.995556 0.848553
vt 0.994466 0.847355
vt 0.995554 0.847353
vt 0.994460 0.846277
vt 0.995547 0.846275
vt 0.994713 0.567820
vt 0.995801 0.567820
vt 0.995801 0.568733
vt 0.994714 0.568732
vt 0.995802 0.569875
vt 0.994714 0.569875
vt 0.995801 0.571074
vt 0.994714 0.571074
vt 0.995801 0.572146
vt 0.994713 0.572146
vt 0.994460 0.866930
vt 0.995547 0.866932
vt 0.995554 0.867836
vt 0.994466 0.867835
vt 0.995556 0.868975
vt 0.994468 0.868973
vt 0.995554 0.870174
vt 0.994466 0.870173
vt 0.995547 0.871252
vt 0.994460 0.871251
vt 0.995700 0.979537
vt 0.994613 0.979537
vt 0.994614 0.978621
vt 0.995701 0.978621
vt 0.994614 0.977477
vt 0.995701 0.977477
vt 0.994614 0.976279
vt 0.995701 0.976279
vt 0.984069 0.297843
vt 0.985178 0.298304
vt 0.986027 0.299155
vt 0.986486 0.300266
vt 0.986486 0.301468
vt 0.986027 0.302578
vt 0.985178 0.303428
vt 0.984069 0.303887
vt 0.982869 0.303886
vt 0.981760 0.303426
vt 0.980912 0.302575
vt 0.980453 0.301464
vt 0.980453 0.300262
vt 0.980912 0.299151
vt 0.981760 0.298302
vt 0.982869 0.297843
vt 0.994613 0.975209
vt 0.995700 0.975209
vt 0.995547 0.850596
vt 0.994460 0.850597
vt 0.462190 0.979798
vt 0.463299 0.979338
vt 0.464499 0.979337
vt 0.465608 0.979797
vt 0.466456 0.980647
vt 0.466916 0.981757
vt 0.466916 0.982960
vt 0.466456 0.984070
vt 0.465608 0.984921
vt 0.464499 0.985381
vt 0.463299 0.985382
vt 0.462190 0.984922
vt 0.461341 0.984073
vt 0.460882 0.982962
vt 0.460882 0.981760
vt 0.461341 0.980649
vt 0.397322 0.914817
vt 0.396234 0.914818
vt 0.396236 0.913679
vt 0.397324 0.913678
vt 0.396234 0.912480
vt 0.397322 0.912478
vt 0.396228 0.911402
vt 0.397315 0.911400
vt 0.994713 0.547157
vt 0.995801 0.547157
vt 0.995801 0.548069
vt 0.994714 0.548069
vt 0.995802 0.549212
vt 0.994714 0.549212
vt 0.995801 0.550410
vt 0.994714 0.550410
vt 0.995801 0.551483
vt 0.994713 0.551483
vt 0.994613 0.954547
vt 0.995700 0.954548
vt 0.995706 0.955453
vt 0.994619 0.955451
vt 0.995708 0.956592
vt 0.994621 0.956590
vt 0.995706 0.957791
vt 0.994619 0.957790
vt 0.995700 0.958869
vt 0.994613 0.958868
vt 0.995801 0.520479
vt 0.994713 0.520479
vt 0.994714 0.519564
vt 0.995801 0.519564
vt 0.994714 0.518420
vt 0.995802 0.518420
vt 0.994714 0.517221
vt 0.995801 0.517221
vt 0.134623 0.980937
vt 0.135732 0.981398
vt 0.136580 0.982249
vt 0.137040 0.983360
vt 0.137040 0.984562
vt 0.136580 0.985672
vt 0.135732 0.986522
vt 0.134623 0.986981
vt 0.133423 0.986980
vt 0.132314 0.986519
vt 0.131466 0.985669
vt 0.131006 0.984558
vt 0.131006 0.983355
vt 0.131466 0.982245
vt 0.132314 0.981396
vt 0.133423 0.980936
vt 0.994713 0.516151
vt 0.995801 0.516151
vt 0.397315 0.915721
vt 0.396228 0.915722
vt 0.764185 0.978545
vt 0.765294 0.978085
vt 0.766494 0.978084
vt 0.767603 0.978544
vt 0.768452 0.979393
vt 0.768911 0.980504
vt 0.768911 0.981706
vt 0.768452 0.982817
vt 0.767603 0.983667
vt 0.766494 0.984128
vt 0.765294 0.984129
vt 0.764185 0.983669
vt 0.763337 0.982819
vt 0.762878 0.981709
vt 0.762878 0.980506
vt 0.763337 0.979396
vt 0.293191 0.742794
vt 0.292104 0.742796
vt 0.292106 0.741657
vt 0.293193 0.741656
vt 0.292104 0.740457
vt 0.293191 0.740456
vt 0.292097 0.739379
vt 0.293185 0.739378
vt 0.994713 0.557489
vt 0.995801 0.557489
vt 0.995801 0.558401
vt 0.994714 0.558401
vt 0.995802 0.559543
vt 0.994714 0.559543
vt 0.995801 0.560742
vt 0.994714 0.560742
vt 0.995801 0.561815
vt 0.994713 0.561815
vt 0.994460 0.856603
vt 0.995548 0.856604
vt 0.995554 0.857508
vt 0.994466 0.857507
vt 0.995556 0.858647
vt 0.994468 0.858646
vt 0.995554 0.859847
vt 0.994466 0.859845
vt 0.995548 0.860925
vt 0.994460 0.860923
vt 0.995801 0.530813
vt 0.994713 0.530813
vt 0.994714 0.529898
vt 0.995801 0.529898
vt 0.994714 0.528754
vt 0.995802 0.528754
vt 0.994714 0.527555
vt 0.995801 0.527555
vt 0.288400 0.980284
vt 0.289508 0.980744
vt 0.290357 0.981595
vt 0.290816 0.982706
vt 0.290816 0.983908
vt 0.290357 0.985019
vt 0.289508 0.985868
vt 0.288400 0.986328
vt 0.287200 0.986327
vt 0.286091 0.985866
vt 0.285242 0.985015
vt 0.284783 0.983904
vt 0.284783 0.982702
vt 0.285242 0.981592
vt 0.286091 0.980742
vt 0.287200 0.980283
vt 0.994713 0.526485
vt 0.995801 0.526485
vt 0.293185 0.743699
vt 0.292097 0.743700
vt 0.947074 0.082458
vt 0.948183 0.081997
vt 0.949383 0.081997
vt 0.950492 0.082456
vt 0.951340 0.083306
vt 0.951799 0.084417
vt 0.951799 0.085619
vt 0.951340 0.086730
vt 0.950492 0.087580
vt 0.949383 0.088041
vt 0.948183 0.088041
vt 0.947074 0.087582
vt 0.946225 0.086732
vt 0.945766 0.085621
vt 0.945766 0.084419
vt 0.946225 0.083308
vt 0.995353 0.508329
vt 0.994266 0.508331
vt 0.994268 0.507192
vt 0.995355 0.507191
vt 0.994266 0.505992
vt 0.995353 0.505991
vt 0.994259 0.504914
vt 0.995347 0.504913
vt 0.994713 0.536819
vt 0.995801 0.536819
vt 0.995801 0.537731
vt 0.994714 0.537731
vt 0.995802 0.538873
vt 0.994714 0.538873
vt 0.995801 0.540072
vt 0.994714 0.540072
vt 0.995801 0.541145
vt 0.994713 0.541145
vt 0.994460 0.877258
vt 0.995547 0.877259
vt 0.995554 0.878163
vt 0.994466 0.878162
vt 0.995556 0.879302
vt 0.994468 0.879301
vt 0.995554 0.880502
vt 0.994466 0.880500
vt 0.995547 0.881580
vt 0.994460 0.881578
vt 0.995700 0.969203
vt 0.994613 0.969203
vt 0.994614 0.968288
vt 0.995701 0.968287
vt 0.994614 0.967144
vt 0.995701 0.967143
vt 0.994614 0.965945
vt 0.995701 0.965945
vt 0.147153 0.980937
vt 0.148262 0.981398
vt 0.149110 0.982248
vt 0.149569 0.983360
vt 0.149569 0.984562
vt 0.149110 0.985672
vt 0.148262 0.986522
vt 0.147153 0.986981
vt 0.145953 0.986980
vt 0.144844 0.986519
vt 0.143996 0.985669
vt 0.143536 0.984558
vt 0.143536 0.983355
vt 0.143996 0.982245
vt 0.144844 0.981395
vt 0.145953 0.980936
vt 0.994613 0.964875
vt 0.995700 0.964875
vt 0.995347 0.509234
vt 0.994259 0.509235
vt 0.863165 0.978177
vt 0.864274 0.977716
vt 0.865474 0.977716
vt 0.866583 0.978175
vt 0.867432 0.979025
vt 0.867891 0.980136
vt 0.867891 0.981338
vt 0.867432 0.982449
vt 0.866583 0.983299
vt 0.865474 0.983760
vt 0.864274 0.983760
vt 0.863165 0.983301
vt 0.862317 0.982451
vt 0.861858 0.981340
vt 0.861858 0.980138
vt 0.862317 0.979027
vt 0.987057 0.770156
vt 0.985426 0.770156
vt 0.985426 0.726656
vt 0.987057 0.726656
vt 0.420046 0.989713
vt 0.418507 0.989745
vt 0.418507 0.964775
vt 0.420046 0.964743
vt 0.980453 0.309893
vt 0.982084 0.309893
vt 0.982084 0.353393
vt 0.980453 0.353393
vt 0.987174 0.906563
vt 0.988715 0.906595
vt 0.988715 0.931563
vt 0.987174 0.931531
vt 0.244341 0.867344
vt 0.269354 0.867339
vt 0.269354 0.908350
vt 0.244341 0.908355
vt 0.673921 0.829421
vt 0.698934 0.829426
vt 0.698934 0.870440
vt 0.673921 0.870435
vt 0.944476 0.993255
vt 0.944476 0.986731
vt 0.945926 0.986731
vt 0.945926 0.993255
vt 0.022058 0.977178
vt 0.015533 0.977174
vt 0.015533 0.952205
vt 0.022058 0.952209
vt 0.980437 0.707436
vt 0.980437 0.700911
vt 0.981887 0.700911
vt 0.981887 0.707436
vt 0.163112 0.949962
vt 0.169637 0.949956
vt 0.169637 0.974925
vt 0.163112 0.974931
vt 0.993063 0.782687
vt 0.993063 0.757674
vt 0.994513 0.757674
vt 0.994513 0.782687
vt 0.683278 0.965265
vt 0.683278 0.990278
vt 0.681828 0.990278
vt 0.681828 0.965265
vt 0.987265 0.223438
vt 0.985634 0.223439
vt 0.985634 0.179938
vt 0.987265 0.179938
vt 0.253424 0.990039
vt 0.251885 0.990071
vt 0.251885 0.965102
vt 0.253424 0.965070
vt 0.981959 0.794283
vt 0.983591 0.794283
vt 0.983591 0.837784
vt 0.981959 0.837784
vt 0.988079 0.583776
vt 0.989620 0.583808
vt 0.989620 0.608777
vt 0.988079 0.608745
vt 0.003003 0.862996
vt 0.028016 0.862990
vt 0.028016 0.904001
vt 0.003003 0.904007
vt 0.494875 0.829420
vt 0.519888 0.829425
vt 0.519888 0.870439
vt 0.494875 0.870434
vt 0.473412 0.993513
vt 0.473412 0.986989
vt 0.474862 0.986989
vt 0.474862 0.993513
vt 0.034588 0.977178
vt 0.028063 0.977174
vt 0.028063 0.952205
vt 0.034588 0.952209
vt 0.546448 0.992523
vt 0.546448 0.985998
vt 0.547898 0.985998
vt 0.547898 0.992523
vt 0.460882 0.948363
vt 0.467407 0.948357
vt 0.467407 0.973326
vt 0.460882 0.973332
vt 0.989596 0.819296
vt 0.989596 0.794283
vt 0.991046 0.794283
vt 0.991046 0.819296
vt 0.994720 0.210957
vt 0.994720 0.235970
vt 0.993270 0.235970
vt 0.993270 0.210957
vt 0.664647 0.987545
vt 0.663016 0.987545
vt 0.663016 0.944044
vt 0.664647 0.944044
vt 0.245880 0.990039
vt 0.244341 0.990071
vt 0.244341 0.965102
vt 0.245880 0.965070
vt 0.754652 0.933304
vt 0.756283 0.933304
vt 0.756283 0.976805
vt 0.754652 0.976805
vt 0.987263 0.061194
vt 0.988804 0.061226
vt 0.988804 0.086194
vt 0.987263 0.086162
vt 0.494875 0.876450
vt 0.519888 0.876444
vt 0.519888 0.917455
vt 0.494875 0.917461
vt 0.704940 0.829421
vt 0.729953 0.829426
vt 0.729953 0.870440
vt 0.704940 0.870435
vt 0.915791 0.995040
vt 0.915791 0.988516
vt 0.917241 0.988516
vt 0.917241 0.995040
vt 0.231789 0.976934
vt 0.225264 0.976930
vt 0.225264 0.951961
vt 0.231789 0.951965
vt 0.536604 0.992525
vt 0.536604 0.986000
vt 0.538054 0.986000
vt 0.538054 0.992525
vt 0.150582 0.949962
vt 0.157107 0.949956
vt 0.157107 0.974925
vt 0.150582 0.974931
vt 0.993270 0.204951
vt 0.993270 0.179938
vt 0.994720 0.179938
vt 0.994720 0.204951
vt 0.995815 0.278586
vt 0.995815 0.303600
vt 0.994365 0.303600
vt 0.994365 0.278586
vt 0.265751 0.986979
vt 0.264120 0.986979
vt 0.264120 0.943479
vt 0.265751 0.943478
vt 0.088322 0.990046
vt 0.086783 0.990078
vt 0.086783 0.965109
vt 0.088322 0.965077
vt 0.985165 0.406265
vt 0.986796 0.406265
vt 0.986796 0.449765
vt 0.985165 0.449765
vt 0.988078 0.614782
vt 0.989620 0.614814
vt 0.989620 0.639783
vt 0.988078 0.639751
vt 0.611884 0.876450
vt 0.636897 0.876445
vt 0.636897 0.917456
vt 0.611884 0.917461
vt 0.131006 0.836546
vt 0.156020 0.836551
vt 0.156020 0.877564
vt 0.131006 0.877559
vt 0.954672 0.995059
vt 0.954672 0.988535
vt 0.956122 0.988535
vt 0.956122 0.995059
vt 0.501400 0.976930
vt 0.494875 0.976925
vt 0.494875 0.951956
vt 0.501400 0.951960
vt 0.516079 0.992545
vt 0.516079 0.986020
vt 0.517529 0.986020
vt 0.517529 0.992545
vt 0.447458 0.944056
vt 0.453983 0.944050
vt 0.453983 0.969019
vt 0.447458 0.969025
vt 0.990242 0.393230
vt 0.990242 0.368217
vt 0.991692 0.368217
vt 0.991692 0.393230
vt 0.995815 0.247568
vt 0.995815 0.272581
vt 0.994365 0.272581
vt 0.994365 0.247568
vt 0.854564 0.988329
vt 0.852933 0.988329
vt 0.852933 0.944829
vt 0.854564 0.944829
vt 0.412502 0.989713
vt 0.410962 0.989745
vt 0.410962 0.964775
vt 0.412502 0.964743
vt 0.978478 0.094189
vt 0.980110 0.094189
vt 0.980110 0.137690
vt 0.978478 0.137690
vt 0.988089 0.309893
vt 0.989631 0.309925
vt 0.989631 0.334893
vt 0.988089 0.334861
vt 0.525894 0.876450
vt 0.550907 0.876444
vt 0.550907 0.917455
vt 0.525894 0.917461
vt 0.284783 0.860087
vt 0.309796 0.860092
vt 0.309796 0.901105
vt 0.284783 0.901100
vt 0.993752 0.131732
vt 0.993752 0.125207
vt 0.995202 0.125208
vt 0.995202 0.131732
vt 0.903337 0.976899
vt 0.896812 0.976894
vt 0.896812 0.951925
vt 0.903337 0.951929
vt 0.794367 0.992544
vt 0.794367 0.986019
vt 0.795817 0.986019
vt 0.795817 0.992544
vt 0.968807 0.375290
vt 0.975332 0.375285
vt 0.975332 0.400253
vt 0.968807 0.400259
vt 0.429898 0.992481
vt 0.429898 0.967467
vt 0.431348 0.967467
vt 0.431348 0.992481
vt 0.995709 0.473894
vt 0.995709 0.498908
vt 0.994259 0.498908
vt 0.994259 0.473894
vt 0.988455 0.889776
vt 0.986823 0.889776
vt 0.986823 0.846275
vt 0.988455 0.846275
vt 0.404957 0.989713
vt 0.403418 0.989745
vt 0.403418 0.964775
vt 0.404957 0.964743
vt 0.979530 0.473894
vt 0.981161 0.473895
vt 0.981161 0.517395
vt 0.979530 0.517395
vt 0.987166 0.547157
vt 0.988708 0.547189
vt 0.988708 0.572158
vt 0.987166 0.572126
vt 0.034021 0.862996
vt 0.059035 0.862990
vt 0.059035 0.904001
vt 0.034021 0.904007
vt 0.525894 0.829420
vt 0.550907 0.829425
vt 0.550907 0.870439
vt 0.525894 0.870434
vt 0.388144 0.995410
vt 0.388144 0.988886
vt 0.389594 0.988886
vt 0.389594 0.995410
vt 0.187870 0.976925
vt 0.181345 0.976920
vt 0.181345 0.951951
vt 0.187870 0.951955
vt 0.705665 0.992561
vt 0.705665 0.986036
vt 0.707115 0.986036
vt 0.707115 0.992561
vt 0.861858 0.946742
vt 0.868382 0.946736
vt 0.868382 0.971704
vt 0.861858 0.971710
vt 0.835377 0.993259
vt 0.835377 0.968246
vt 0.836827 0.968246
vt 0.836827 0.993259
vt 0.994728 0.003003
vt 0.994728 0.028016
vt 0.993278 0.028016
vt 0.993278 0.003003
vt 0.988360 0.291068
vt 0.986728 0.291068
vt 0.986728 0.247568
vt 0.988360 0.247568
vt 0.651986 0.989710
vt 0.650447 0.989742
vt 0.650447 0.964773
vt 0.651986 0.964741
vt 0.979530 0.523401
vt 0.981161 0.523401
vt 0.981161 0.566902
vt 0.979530 0.566901
vt 0.988074 0.651405
vt 0.989615 0.651437
vt 0.989615 0.676406
vt 0.988074 0.676374
vt 0.098022 0.867263
vt 0.123035 0.867257
vt 0.123035 0.908269
vt 0.098022 0.908274
vt 0.762878 0.840294
vt 0.787891 0.840299
vt 0.787891 0.881313
vt 0.762878 0.881308
vt 0.735958 0.993630
vt 0.735958 0.987106
vt 0.737408 0.987106
vt 0.737408 0.993630
vt 0.219258 0.976934
vt 0.212734 0.976930
vt 0.212734 0.951961
vt 0.219258 0.951965
vt 0.713120 0.992561
vt 0.713120 0.986036
vt 0.714570 0.986036
vt 0.714570 0.992561
vt 0.284783 0.949309
vt 0.291308 0.949303
vt 0.291308 0.974271
vt 0.284783 0.974277
vt 0.992801 0.431278
vt 0.992801 0.406265
vt 0.994251 0.406265
vt 0.994251 0.431278
vt 0.995202 0.094189
vt 0.995202 0.119202
vt 0.993752 0.119202
vt 0.993752 0.094189
vt 0.987273 0.046503
vt 0.985642 0.046503
vt 0.985642 0.003003
vt 0.987273 0.003003
vt 0.095867 0.990046
vt 0.094327 0.990078
vt 0.094327 0.965109
vt 0.095867 0.965077
vt 0.980437 0.651405
vt 0.982069 0.651405
vt 0.982069 0.694906
vt 0.980437 0.694906
vt 0.987166 0.516151
vt 0.988708 0.516183
vt 0.988708 0.541151
vt 0.987166 0.541120
vt 0.460882 0.872849
vt 0.485895 0.872843
vt 0.485895 0.913854
vt 0.460882 0.913860
vt 0.556912 0.829420
vt 0.581925 0.829425
vt 0.581925 0.870439
vt 0.556912 0.870434
vt 0.327882 0.993881
vt 0.327882 0.987357
vt 0.329332 0.987357
vt 0.329332 0.993881
vt 0.206728 0.976934
vt 0.200204 0.976930
vt 0.200204 0.951961
vt 0.206728 0.951965
vt 0.587931 0.992925
vt 0.587931 0.986400
vt 0.589381 0.986400
vt 0.589381 0.992925
vt 0.962337 0.544285
vt 0.968862 0.544279
vt 0.968862 0.569248
vt 0.962337 0.569254
vt 0.842833 0.993260
vt 0.842833 0.968246
vt 0.844283 0.968246
vt 0.844283 0.993260
vt 0.068453 0.968724
vt 0.068453 0.993737
vt 0.067003 0.993737
vt 0.067003 0.968724
vt 0.695695 0.987193
vt 0.694063 0.987193
vt 0.694063 0.943693
vt 0.695695 0.943693
vt 0.675823 0.990234
vt 0.674283 0.990266
vt 0.674283 0.965297
vt 0.675823 0.965265
vt 0.980442 0.583776
vt 0.982073 0.583777
vt 0.982073 0.627277
vt 0.980442 0.627277
vt 0.987746 0.143695
vt 0.989288 0.143727
vt 0.989288 0.168696
vt 0.987746 0.168664
vt 0.067003 0.867263
vt 0.092016 0.867258
vt 0.092016 0.908269
vt 0.067003 0.908274
vt 0.611884 0.829421
vt 0.636897 0.829426
vt 0.636897 0.870440
vt 0.611884 0.870435
vt 0.317686 0.994233
vt 0.317686 0.987709
vt 0.319136 0.987709
vt 0.319136 0.994233
vt 0.009527 0.977178
vt 0.003003 0.977174
vt 0.003003 0.952205
vt 0.009527 0.952209
vt 0.599480 0.992924
vt 0.599480 0.986400
vt 0.600930 0.986400
vt 0.600930 0.992924
vt 0.762878 0.947110
vt 0.769402 0.947104
vt 0.769402 0.972073
vt 0.762878 0.972079
vt 0.074458 0.993737
vt 0.074458 0.968724
vt 0.075908 0.968724
vt 0.075908 0.993737
vt 0.438804 0.967467
vt 0.438804 0.992481
vt 0.437354 0.992481
vt 0.437354 0.967467
vt 0.987746 0.137689
vt 0.986115 0.137689
vt 0.986115 0.094189
vt 0.987746 0.094189
vt 0.644441 0.989710
vt 0.642902 0.989742
vt 0.642902 0.964773
vt 0.644441 0.964741
vt 0.108279 0.943384
vt 0.109911 0.943384
vt 0.109911 0.986885
vt 0.108279 0.986885
vt 0.988074 0.682411
vt 0.989615 0.682443
vt 0.989615 0.707412
vt 0.988074 0.707380
vt 0.556912 0.876450
vt 0.581925 0.876444
vt 0.581925 0.917455
vt 0.556912 0.917461
vt 0.642902 0.829421
vt 0.667916 0.829426
vt 0.667916 0.870440
vt 0.642902 0.870435
vt 0.378213 0.994236
vt 0.378213 0.987711
vt 0.379663 0.987711
vt 0.379663 0.994236
vt 0.047226 0.977178
vt 0.040701 0.977174
vt 0.040701 0.952205
vt 0.047226 0.952209
vt 0.803998 0.993187
vt 0.803998 0.986662
vt 0.805448 0.986662
vt 0.805448 0.993187
vt 0.131006 0.949962
vt 0.137531 0.949956
vt 0.137531 0.974925
vt 0.131006 0.974931
vt 0.992801 0.462296
vt 0.992801 0.437283
vt 0.994251 0.437283
vt 0.994251 0.462296
vt 0.994513 0.726656
vt 0.994513 0.751669
vt 0.993063 0.751669
vt 0.993063 0.726656
vt 0.971712 0.531890
vt 0.971712 0.473894
vt 0.973524 0.473894
vt 0.973524 0.531890
vt 0.125001 0.705471
vt 0.067003 0.705432
vt 0.067003 0.611345
vt 0.125001 0.611384
vt 0.970660 0.152187
vt 0.970660 0.094189
vt 0.972473 0.094189
vt 0.972473 0.152187
vt 0.003003 0.611398
vt 0.060998 0.611345
vt 0.060998 0.705430
vt 0.003003 0.705482
vt 0.938460 0.820908
vt 0.938460 0.726655
vt 0.940273 0.726655
vt 0.940273 0.820908
vt 0.941370 0.309893
vt 0.941370 0.404145
vt 0.939558 0.404145
vt 0.939558 0.309893
vt 0.925955 0.994203
vt 0.928492 0.994203
vt 0.928492 0.996740
vt 0.925955 0.996740
vt 0.747038 0.927129
vt 0.744501 0.927127
vt 0.744501 0.829421
vt 0.747038 0.829423
vt 0.663016 0.993550
vt 0.665553 0.993550
vt 0.665553 0.996088
vt 0.663016 0.996088
vt 0.931015 0.309895
vt 0.933552 0.309893
vt 0.933552 0.407596
vt 0.931015 0.407599
vt 0.596474 0.927298
vt 0.596474 0.829420
vt 0.599011 0.829420
vt 0.599011 0.927298
vt 0.278778 0.806957
vt 0.278778 0.904835
vt 0.276240 0.904835
vt 0.276240 0.806957
vt 0.994460 0.887585
vt 0.996997 0.887585
vt 0.996997 0.890123
vt 0.994460 0.890123
vt 0.755581 0.927129
vt 0.753044 0.927127
vt 0.753044 0.829421
vt 0.755581 0.829423
vt 0.787551 0.995914
vt 0.785013 0.995914
vt 0.785013 0.993377
vt 0.787551 0.993377
vt 0.918122 0.828925
vt 0.920659 0.828923
vt 0.920659 0.926626
vt 0.918122 0.926629
vt 0.735958 0.927298
vt 0.735958 0.829421
vt 0.738496 0.829421
vt 0.738496 0.927298
vt 0.590468 0.829420
vt 0.590468 0.927298
vt 0.587931 0.927298
vt 0.587931 0.829420
vt 0.952294 0.907895
vt 0.952294 0.846275
vt 0.954831 0.846275
vt 0.954831 0.907895
vt 0.955904 0.713030
vt 0.955904 0.651407
vt 0.958437 0.651405
vt 0.958437 0.713028
vt 0.947376 0.371516
vt 0.947376 0.309893
vt 0.949913 0.309893
vt 0.949913 0.371516
vt 0.960743 0.064622
vt 0.960743 0.003003
vt 0.963276 0.003005
vt 0.963276 0.064625
vt 0.292602 0.994871
vt 0.292602 0.992333
vt 0.295139 0.992333
vt 0.295139 0.994871
vt 0.747967 0.992438
vt 0.747967 0.994975
vt 0.745429 0.994975
vt 0.745429 0.992438
vt 0.953579 0.155809
vt 0.953579 0.094189
vt 0.956116 0.094189
vt 0.956116 0.155809
vt 0.960737 0.241562
vt 0.960737 0.179940
vt 0.963271 0.179938
vt 0.963271 0.241561
vt 0.947361 0.645400
vt 0.947361 0.583776
vt 0.949898 0.583776
vt 0.949898 0.645400
vt 0.962122 0.155808
vt 0.962122 0.094189
vt 0.964655 0.094191
vt 0.964655 0.155811
vt 0.139549 0.995524
vt 0.139549 0.992986
vt 0.142087 0.992986
vt 0.142087 0.995524
vt 0.696601 0.993199
vt 0.696601 0.995736
vt 0.694064 0.995736
vt 0.694064 0.993199
vt 0.964447 0.641772
vt 0.964447 0.583776
vt 0.966622 0.583776
vt 0.966622 0.641772
vt 0.972627 0.641775
vt 0.972627 0.583778
vt 0.974436 0.583776
vt 0.974436 0.641774
vt 0.793896 0.898292
vt 0.793896 0.840294
vt 0.796071 0.840294
vt 0.796071 0.898292
vt 0.977819 0.237933
vt 0.977819 0.179938
vt 0.979628 0.179940
vt 0.979628 0.237934
vt 0.994809 0.077555
vt 0.996622 0.077555
vt 0.996622 0.079730
vt 0.994809 0.079730
vt 0.994809 0.061194
vt 0.996622 0.061194
vt 0.996622 0.063369
vt 0.994809 0.063369
vt 0.276240 0.968835
vt 0.276240 0.910840
vt 0.278415 0.910840
vt 0.278415 0.968835
vt 0.972623 0.709404
vt 0.972623 0.651406
vt 0.974432 0.651405
vt 0.974432 0.709403
vt 0.963531 0.531893
vt 0.963531 0.473894
vt 0.965706 0.473894
vt 0.965706 0.531893
vt 0.977611 0.784650
vt 0.977611 0.726655
vt 0.979421 0.726657
vt 0.979421 0.784652
vt 0.994720 0.914743
vt 0.996533 0.914743
vt 0.996533 0.916918
vt 0.994720 0.916918
vt 0.994720 0.906563
vt 0.996533 0.906563
vt 0.996533 0.908738
vt 0.994720 0.908738
vt 0.786024 0.974430
vt 0.786024 0.916434
vt 0.787837 0.916434
vt 0.787837 0.974430
vt 0.187673 0.669377
vt 0.187673 0.611379
vt 0.238335 0.611345
vt 0.238335 0.669343
vt 0.969793 0.784654
vt 0.969793 0.726656
vt 0.971606 0.726655
vt 0.971606 0.784654
vt 0.131006 0.669340
vt 0.131006 0.611345
vt 0.181667 0.611391
vt 0.181667 0.669386
vt 0.359927 0.976117
vt 0.359927 0.925366
vt 0.361739 0.925366
vt 0.361739 0.976117
vt 0.979636 0.003003
vt 0.979636 0.053754
vt 0.977824 0.053754
vt 0.977824 0.003003
vt 0.852933 0.994335
vt 0.855470 0.994335
vt 0.855470 0.996872
vt 0.852933 0.996873
vt 0.971813 0.234221
vt 0.969276 0.234219
vt 0.969276 0.179938
vt 0.971813 0.179940
vt 0.274223 0.993680
vt 0.276761 0.993680
vt 0.276761 0.996217
vt 0.274223 0.996217
vt 0.969280 0.247570
vt 0.971818 0.247568
vt 0.971818 0.301848
vt 0.969280 0.301850
vt 0.960738 0.301944
vt 0.960738 0.247568
vt 0.963275 0.247568
vt 0.963275 0.301944
vt 0.971345 0.406265
vt 0.971345 0.460641
vt 0.968807 0.460641
vt 0.968807 0.406265
vt 0.120657 0.994218
vt 0.123195 0.994218
vt 0.123195 0.996755
vt 0.120657 0.996755
vt 0.971819 0.057286
vt 0.969281 0.057284
vt 0.969281 0.003003
vt 0.971819 0.003004
vt 0.358477 0.996466
vt 0.355939 0.996466
vt 0.355939 0.993928
vt 0.358477 0.993928
vt 0.969375 0.846278
vt 0.971913 0.846275
vt 0.971913 0.900555
vt 0.969375 0.900557
vt 0.120657 0.968656
vt 0.120657 0.914279
vt 0.123195 0.914279
vt 0.123195 0.968656
vt 0.887542 0.916066
vt 0.887542 0.970442
vt 0.885004 0.970442
vt 0.885004 0.916066
vt 0.954988 0.535514
vt 0.954988 0.473894
vt 0.957526 0.473894
vt 0.957526 0.535515
vt 0.955919 0.371517
vt 0.955919 0.309894
vt 0.958452 0.309893
vt 0.958452 0.371515
vt 0.947361 0.713028
vt 0.947361 0.651405
vt 0.949898 0.651405
vt 0.949898 0.713028
vt 0.960837 0.907895
vt 0.960837 0.846275
vt 0.963370 0.846278
vt 0.963370 0.907897
vt 0.165738 0.995279
vt 0.165738 0.992742
vt 0.168276 0.992742
vt 0.168276 0.995279
vt 0.110817 0.992890
vt 0.110817 0.995428
vt 0.108279 0.995428
vt 0.108279 0.992890
vt 0.955904 0.645396
vt 0.955904 0.583776
vt 0.958441 0.583776
vt 0.958441 0.645396
vt 0.960268 0.467889
vt 0.960268 0.406266
vt 0.962802 0.406265
vt 0.962802 0.467887
vt 0.951726 0.467889
vt 0.951726 0.406266
vt 0.954263 0.406266
vt 0.954263 0.467889
vt 0.961255 0.788275
vt 0.961255 0.726656
vt 0.963788 0.726658
vt 0.963788 0.788277
vt 0.131006 0.995524
vt 0.131006 0.992986
vt 0.133544 0.992986
vt 0.133544 0.995524
vt 0.266657 0.992984
vt 0.266657 0.995522
vt 0.264120 0.995522
vt 0.264120 0.992984
vt 0.964457 0.367888
vt 0.964457 0.309893
vt 0.966632 0.309893
vt 0.966632 0.367888
vt 0.972638 0.367892
vt 0.972638 0.309894
vt 0.974447 0.309893
vt 0.974447 0.367891
vt 0.964442 0.709404
vt 0.964442 0.651405
vt 0.966617 0.651405
vt 0.966617 0.709404
vt 0.977350 0.464259
vt 0.977350 0.406265
vt 0.979159 0.406266
vt 0.979159 0.464261
vt 0.994720 0.922924
vt 0.996533 0.922924
vt 0.996533 0.925098
vt 0.994720 0.925098
vt 0.994809 0.069374
vt 0.996622 0.069374
vt 0.996622 0.071549
vt 0.994809 0.071549
vt 0.945761 0.173932
vt 0.945761 0.094189
vt 0.947573 0.094189
vt 0.947573 0.173933
vt 0.286533 0.691116
vt 0.286533 0.611369
vt 0.322720 0.611345
vt 0.322720 0.691092
vt 0.944476 0.926023
vt 0.944476 0.846275
vt 0.946289 0.846275
vt 0.946289 0.926023
vt 0.244341 0.691088
vt 0.244341 0.611345
vt 0.280527 0.611378
vt 0.280527 0.691121
vt 0.173468 0.918007
vt 0.173468 0.881756
vt 0.175281 0.881756
vt 0.175281 0.918007
vt 0.038808 0.819564
vt 0.038808 0.855815
vt 0.036995 0.855815
vt 0.036995 0.819564
vt 0.935570 0.931456
vt 0.935570 0.846275
vt 0.938470 0.846275
vt 0.938470 0.931456
vt 0.936860 0.179375
vt 0.936860 0.094191
vt 0.939755 0.094189
vt 0.939755 0.179373
vt 0.931015 0.498789
vt 0.931015 0.413604
vt 0.933915 0.413604
vt 0.933915 0.498789
vt 0.938460 0.629459
vt 0.938460 0.544279
vt 0.941355 0.544282
vt 0.941355 0.629462
vt 0.969793 0.720650
vt 0.969793 0.717750
vt 0.972693 0.717750
vt 0.972693 0.720650
vt 0.988998 0.897160
vt 0.988998 0.900060
vt 0.986098 0.900060
vt 0.986098 0.897160
vt 0.936860 0.088183
vt 0.936860 0.003003
vt 0.939761 0.003003
vt 0.939761 0.088183
vt 0.936860 0.270567
vt 0.936860 0.185383
vt 0.939755 0.185381
vt 0.939755 0.270565
vt 0.926665 0.931460
vt 0.926665 0.846275
vt 0.929565 0.846275
vt 0.929565 0.931460
vt 0.938460 0.720647
vt 0.938460 0.635467
vt 0.941355 0.635470
vt 0.941355 0.720650
vt 0.968105 0.991778
vt 0.968105 0.988878
vt 0.971005 0.988878
vt 0.971005 0.991778
vt 0.352901 0.971573
vt 0.352901 0.974473
vt 0.350001 0.974473
vt 0.350001 0.971573
vt 0.874388 0.988992
vt 0.877287 0.988992
vt 0.877287 0.991892
vt 0.874388 0.991892
vt 0.980818 0.888255
vt 0.977918 0.888253
vt 0.977918 0.846275
vt 0.980818 0.846277
vt 0.978261 0.572907
vt 0.981161 0.572907
vt 0.981161 0.575807
vt 0.978261 0.575807
vt 0.978268 0.906565
vt 0.981168 0.906563
vt 0.981168 0.948539
vt 0.978268 0.948542
vt 0.973054 0.836334
vt 0.973054 0.794283
vt 0.975954 0.794283
vt 0.975954 0.836334
vt 0.980723 0.247568
vt 0.980723 0.289619
vt 0.977823 0.289619
vt 0.977823 0.247568
vt 0.801256 0.302954
vt 0.801256 0.298604
vt 0.804156 0.298604
vt 0.804156 0.302954
vt 0.581809 0.965447
vt 0.577459 0.965444
vt 0.577459 0.923466
vt 0.581809 0.923469
vt 0.792351 0.302954
vt 0.792351 0.298604
vt 0.795251 0.298604
vt 0.795251 0.302954
vt 0.632205 0.923471
vt 0.636555 0.923467
vt 0.636555 0.965443
vt 0.632205 0.965447
vt 0.178696 0.717442
vt 0.178696 0.675391
vt 0.181596 0.675391
vt 0.181596 0.717442
vt 0.938470 0.937461
vt 0.938470 0.979513
vt 0.935570 0.979513
vt 0.935570 0.937461
vt 0.746154 0.986432
vt 0.746154 0.961059
vt 0.747967 0.961059
vt 0.747967 0.986432
vt 0.925955 0.988197
vt 0.925955 0.962823
vt 0.927764 0.962822
vt 0.927764 0.988196
vt 0.979445 0.086568
vt 0.979445 0.061194
vt 0.981257 0.061194
vt 0.981257 0.086568
vt 0.986798 0.979920
vt 0.986798 0.954547
vt 0.988607 0.954549
vt 0.988607 0.979922
vt 0.989596 0.840055
vt 0.989596 0.838242
vt 0.991408 0.838242
vt 0.991408 0.840055
vt 0.898624 0.994710
vt 0.898624 0.996522
vt 0.896812 0.996522
vt 0.896812 0.994710
vt 0.993279 0.043083
vt 0.993279 0.034021
vt 0.994366 0.034021
vt 0.994366 0.043083
vt 0.948983 0.510088
vt 0.939921 0.510082
vt 0.939921 0.473894
vt 0.948983 0.473901
vt 0.908617 0.991966
vt 0.908617 0.982904
vt 0.909705 0.982904
vt 0.909705 0.991966
vt 0.705665 0.916898
vt 0.714726 0.916889
vt 0.714726 0.953076
vt 0.705665 0.953084
vt 0.987166 0.510145
vt 0.987166 0.473894
vt 0.988254 0.473894
vt 0.988254 0.510145
vt 0.293193 0.697122
vt 0.293193 0.733373
vt 0.292106 0.733373
vt 0.292106 0.697122
vt 0.310726 0.834709
vt 0.310726 0.820210
vt 0.311451 0.820210
vt 0.311451 0.834709
vt 0.908704 0.302159
vt 0.908704 0.287659
vt 0.918837 0.287653
vt 0.918837 0.302152
vt 0.310726 0.814204
vt 0.310726 0.799705
vt 0.311451 0.799705
vt 0.311451 0.814204
vt 0.883069 0.865657
vt 0.883069 0.851158
vt 0.893201 0.851167
vt 0.893201 0.865666
vt 0.605017 0.855726
vt 0.605017 0.845576
vt 0.605742 0.845576
vt 0.605742 0.855726
vt 0.605741 0.861732
vt 0.605741 0.871882
vt 0.605016 0.871882
vt 0.605016 0.861732
vt 0.605017 0.891142
vt 0.605017 0.887518
vt 0.605814 0.887518
vt 0.605814 0.891142
vt 0.381838 0.981706
vt 0.378213 0.981703
vt 0.378213 0.971571
vt 0.381838 0.971573
vt 0.605017 0.881512
vt 0.605017 0.877887
vt 0.605814 0.877887
vt 0.605814 0.881512
vt 0.120900 0.847985
vt 0.124525 0.847982
vt 0.124525 0.858114
vt 0.120900 0.858117
vt 0.605017 0.839570
vt 0.605017 0.829420
vt 0.605814 0.829420
vt 0.605814 0.839570
vt 0.311523 0.840714
vt 0.311523 0.850864
vt 0.310726 0.850864
vt 0.310726 0.840714
vt 0.955919 0.377523
vt 0.961718 0.377523
vt 0.961718 0.397461
vt 0.955919 0.397461
vt 0.925009 0.515172
vt 0.919210 0.515168
vt 0.919210 0.460887
vt 0.925009 0.460891
vt 0.946506 0.536865
vt 0.940706 0.536865
vt 0.940706 0.516927
vt 0.946506 0.516927
vt 0.939921 0.413609
vt 0.945720 0.413604
vt 0.945720 0.467884
vt 0.939921 0.467889
vt 0.284783 0.854081
vt 0.284783 0.799705
vt 0.304720 0.799705
vt 0.304720 0.854081
vt 0.264278 0.806957
vt 0.264278 0.861333
vt 0.244341 0.861333
vt 0.244341 0.806957
vt 0.577459 0.971452
vt 0.579271 0.971452
vt 0.579271 0.993203
vt 0.577459 0.993203
vt 0.940273 0.839580
vt 0.938460 0.839579
vt 0.938460 0.826914
vt 0.940273 0.826915
vt 0.949188 0.399272
vt 0.947376 0.399272
vt 0.947376 0.377521
vt 0.949188 0.377521
vt 0.960743 0.070632
vt 0.962555 0.070630
vt 0.962555 0.083295
vt 0.960743 0.083297
vt 0.735958 0.933304
vt 0.748646 0.933304
vt 0.748646 0.955054
vt 0.735958 0.955054
vt 0.944476 0.932029
vt 0.957164 0.932029
vt 0.957164 0.953778
vt 0.944476 0.953778
vt 0.143899 0.955616
vt 0.143899 0.954575
vt 0.144261 0.954587
vt 0.144261 0.955615
vt 0.144527 0.954619
vt 0.144527 0.955613
vt 0.927088 0.536670
vt 0.926094 0.536605
vt 0.926142 0.536246
vt 0.927088 0.536308
vt 0.926189 0.535886
vt 0.927088 0.535945
vt 0.926223 0.535620
vt 0.927088 0.535677
vt 0.754653 0.987511
vt 0.754653 0.986646
vt 0.755015 0.986658
vt 0.755015 0.987510
vt 0.755378 0.986646
vt 0.755378 0.987511
vt 0.755643 0.986614
vt 0.755643 0.987513
vt 0.094661 0.958077
vt 0.095560 0.958018
vt 0.095608 0.958376
vt 0.094662 0.958438
vt 0.095655 0.958737
vt 0.094661 0.958802
vt 0.095689 0.959004
vt 0.094661 0.959071
vt 0.143536 0.955615
vt 0.143536 0.954587
vt 0.143899 0.953550
vt 0.144261 0.953574
vt 0.926059 0.536865
vt 0.925049 0.536664
vt 0.925117 0.536410
vt 0.925211 0.536061
vt 0.925305 0.535710
vt 0.925374 0.535451
vt 0.754652 0.985795
vt 0.755015 0.985819
vt 0.755377 0.985795
vt 0.095526 0.957759
vt 0.096375 0.957590
vt 0.096444 0.957842
vt 0.096538 0.958191
vt 0.096632 0.958542
vt 0.096700 0.958803
vt 0.143536 0.953574
vt 0.143899 0.952559
vt 0.144262 0.952595
vt 0.924073 0.536333
vt 0.924175 0.536090
vt 0.924313 0.535756
vt 0.924452 0.535421
vt 0.924553 0.535173
vt 0.754652 0.984972
vt 0.755015 0.985008
vt 0.755377 0.984972
vt 0.097195 0.957311
vt 0.097297 0.957553
vt 0.097436 0.957886
vt 0.097575 0.958222
vt 0.097676 0.958471
vt 0.143537 0.952595
vt 0.143899 0.951619
vt 0.144262 0.951667
vt 0.923149 0.535877
vt 0.923281 0.535650
vt 0.923463 0.535337
vt 0.923644 0.535022
vt 0.923776 0.534790
vt 0.754652 0.984192
vt 0.755014 0.984239
vt 0.755377 0.984192
vt 0.097972 0.956928
vt 0.098105 0.957154
vt 0.098287 0.957467
vt 0.098468 0.957782
vt 0.098600 0.958016
vt 0.143537 0.951667
vt 0.143900 0.950747
vt 0.144262 0.950805
vt 0.922292 0.535304
vt 0.922454 0.535097
vt 0.922674 0.534810
vt 0.922895 0.534522
vt 0.923056 0.534308
vt 0.754652 0.983467
vt 0.755014 0.983525
vt 0.755377 0.983467
vt 0.098693 0.956447
vt 0.098854 0.956654
vt 0.099075 0.956940
vt 0.099296 0.957229
vt 0.099457 0.957443
vt 0.143537 0.950805
vt 0.143900 0.949956
vt 0.144263 0.950024
vt 0.921517 0.534625
vt 0.921705 0.534440
vt 0.921961 0.534185
vt 0.922217 0.533928
vt 0.922405 0.533737
vt 0.754651 0.982810
vt 0.755014 0.982878
vt 0.755376 0.982810
vt 0.099344 0.955876
vt 0.099532 0.956060
vt 0.099788 0.956315
vt 0.100044 0.956572
vt 0.100232 0.956764
vt 0.143538 0.950024
vt 0.060062 0.938573
vt 0.060105 0.937796
vt 0.060463 0.937737
vt 0.060420 0.938504
vt 0.920837 0.533850
vt 0.921048 0.533692
vt 0.921336 0.533472
vt 0.921623 0.533250
vt 0.921834 0.533086
vt 0.985561 0.465135
vt 0.985527 0.464493
vt 0.985894 0.464433
vt 0.985927 0.465066
vt 0.986251 0.464493
vt 0.986285 0.465136
vt 0.099915 0.955225
vt 0.100126 0.955382
vt 0.100413 0.955602
vt 0.100701 0.955824
vt 0.100911 0.955989
vt 0.059696 0.938502
vt 0.059739 0.937735
vt 0.060143 0.936935
vt 0.060500 0.936887
vt 0.920265 0.532994
vt 0.920495 0.532864
vt 0.920809 0.532683
vt 0.921123 0.532501
vt 0.921352 0.532366
vt 0.985498 0.463780
vt 0.985865 0.463730
vt 0.986222 0.463780
vt 0.100396 0.954505
vt 0.100626 0.954633
vt 0.100940 0.954813
vt 0.101254 0.954996
vt 0.101484 0.955132
vt 0.059776 0.936885
vt 0.060174 0.936005
vt 0.060531 0.935968
vt 0.919809 0.532069
vt 0.920055 0.531971
vt 0.920390 0.531833
vt 0.920724 0.531693
vt 0.920969 0.531589
vt 0.985476 0.463009
vt 0.985843 0.462970
vt 0.986199 0.463009
vt 0.100779 0.953728
vt 0.101025 0.953825
vt 0.101360 0.953963
vt 0.101695 0.954103
vt 0.101939 0.954208
vt 0.059807 0.935966
vt 0.060198 0.935021
vt 0.060554 0.934996
vt 0.919478 0.531094
vt 0.919735 0.531028
vt 0.920085 0.530935
vt 0.920435 0.530840
vt 0.920691 0.530769
vt 0.985459 0.462193
vt 0.985826 0.462166
vt 0.986183 0.462193
vt 0.101058 0.952908
vt 0.101314 0.952972
vt 0.101665 0.953065
vt 0.102015 0.953160
vt 0.102271 0.953233
vt 0.059830 0.934994
vt 0.060214 0.934001
vt 0.060570 0.933988
vt 0.919277 0.530083
vt 0.919540 0.530051
vt 0.919900 0.530005
vt 0.920259 0.529956
vt 0.985179 0.462265
vt 0.985168 0.461384
vt 0.985449 0.461346
vt 0.985817 0.461332
vt 0.986173 0.461346
vt 0.101227 0.952058
vt 0.101490 0.952089
vt 0.101850 0.952135
vt 0.102209 0.952184
vt 0.059551 0.934921
vt 0.059566 0.933947
vt 0.059846 0.933986
vt 0.060222 0.932960
vt 0.060578 0.932961
vt 0.919209 0.529055
vt 0.919475 0.529058
vt 0.919838 0.529059
vt 0.920200 0.529058
vt 0.985165 0.460486
vt 0.985446 0.460482
vt 0.985813 0.460481
vt 0.986169 0.460483
vt 0.101283 0.951194
vt 0.101549 0.951190
vt 0.101912 0.951189
vt 0.102274 0.951190
vt 0.059574 0.932954
vt 0.059854 0.932958
vt 0.060222 0.931919
vt 0.060578 0.931931
vt 0.919277 0.528027
vt 0.919540 0.528064
vt 0.919900 0.528112
vt 0.920259 0.528159
vt 0.985168 0.459586
vt 0.985449 0.459617
vt 0.985817 0.459629
vt 0.986173 0.459618
vt 0.101227 0.950330
vt 0.101490 0.950291
vt 0.101850 0.950242
vt 0.102209 0.950196
vt 0.059574 0.931960
vt 0.059854 0.931929
vt 0.060214 0.930893
vt 0.060570 0.930919
vt 0.919478 0.527016
vt 0.919735 0.527087
vt 0.920085 0.527182
vt 0.920435 0.527275
vt 0.985179 0.458700
vt 0.985459 0.458765
vt 0.985826 0.458789
vt 0.986183 0.458766
vt 0.101058 0.949480
vt 0.101314 0.949408
vt 0.101665 0.949312
vt 0.102015 0.949220
vt 0.059566 0.930981
vt 0.059846 0.930916
vt 0.060198 0.929902
vt 0.060554 0.929939
vt 0.919809 0.526040
vt 0.920055 0.526144
vt 0.920390 0.526284
vt 0.920725 0.526422
vt 0.985196 0.457843
vt 0.985476 0.457941
vt 0.985843 0.457977
vt 0.986199 0.457941
vt 0.100779 0.948660
vt 0.101025 0.948554
vt 0.101360 0.948414
vt 0.101694 0.948277
vt 0.059551 0.930035
vt 0.059830 0.929937
vt 0.060174 0.928961
vt 0.060531 0.929010
vt 0.920265 0.525116
vt 0.920495 0.525251
vt 0.920809 0.525434
vt 0.921123 0.525614
vt 0.921353 0.525744
vt 0.920969 0.526521
vt 0.985498 0.457158
vt 0.985865 0.457206
vt 0.986222 0.457159
vt 0.100396 0.947883
vt 0.100626 0.947747
vt 0.100940 0.947564
vt 0.101254 0.947384
vt 0.101484 0.947255
vt 0.101939 0.948179
vt 0.059807 0.929007
vt 0.060143 0.928087
vt 0.060500 0.928146
vt 0.920838 0.524259
vt 0.921048 0.524423
vt 0.921336 0.524645
vt 0.921624 0.524865
vt 0.921834 0.525024
vt 0.985527 0.456431
vt 0.985894 0.456489
vt 0.986251 0.456431
vt 0.099915 0.947163
vt 0.100126 0.946997
vt 0.100413 0.946775
vt 0.100701 0.946556
vt 0.100911 0.946398
vt 0.059776 0.928144
vt 0.060105 0.927295
vt 0.060463 0.927364
vt 0.921517 0.523484
vt 0.921705 0.523675
vt 0.921961 0.523932
vt 0.922218 0.524187
vt 0.922405 0.524372
vt 0.985561 0.455771
vt 0.985927 0.455839
vt 0.986285 0.455771
vt 0.099344 0.946512
vt 0.099532 0.946320
vt 0.099788 0.946062
vt 0.100044 0.945808
vt 0.100232 0.945624
vt 0.059739 0.927361
vt 0.980805 0.633283
vt 0.980805 0.634061
vt 0.980443 0.634120
vt 0.980443 0.633352
vt 0.922292 0.522805
vt 0.922454 0.523018
vt 0.922674 0.523307
vt 0.922895 0.523593
vt 0.923056 0.523801
vt 0.986359 0.229444
vt 0.986359 0.230090
vt 0.985996 0.230150
vt 0.985996 0.229513
vt 0.985634 0.230090
vt 0.985634 0.229444
vt 0.098692 0.945941
vt 0.098854 0.945726
vt 0.099075 0.945437
vt 0.099296 0.945151
vt 0.099457 0.944944
vt 0.981168 0.633352
vt 0.981168 0.634120
vt 0.980805 0.634922
vt 0.980442 0.634972
vt 0.923149 0.522232
vt 0.923282 0.522465
vt 0.923463 0.522780
vt 0.923644 0.523093
vt 0.923776 0.523320
vt 0.986359 0.230806
vt 0.985997 0.230855
vt 0.985634 0.230806
vt 0.097972 0.945459
vt 0.098105 0.945226
vt 0.098286 0.944910
vt 0.098468 0.944598
vt 0.098600 0.944372
vt 0.981167 0.634972
vt 0.980805 0.635854
vt 0.980442 0.635892
vt 0.924073 0.521777
vt 0.924175 0.522025
vt 0.924314 0.522361
vt 0.924452 0.522694
vt 0.924553 0.522937
vt 0.986360 0.231579
vt 0.985997 0.231617
vt 0.985635 0.231579
vt 0.097195 0.945076
vt 0.097297 0.944827
vt 0.097436 0.944491
vt 0.097574 0.944157
vt 0.097676 0.943916
vt 0.981167 0.635892
vt 0.980804 0.636838
vt 0.980442 0.636864
vt 0.925049 0.521446
vt 0.925118 0.521705
vt 0.925212 0.522056
vt 0.925305 0.522405
vt 0.925374 0.522658
vt 0.986360 0.232397
vt 0.985997 0.232423
vt 0.985635 0.232397
vt 0.096375 0.944798
vt 0.096444 0.944538
vt 0.096538 0.944186
vt 0.096632 0.943837
vt 0.096700 0.943585
vt 0.981167 0.636864
vt 0.980804 0.637860
vt 0.980442 0.637873
vt 0.926059 0.521244
vt 0.926094 0.521510
vt 0.926142 0.521871
vt 0.926189 0.522229
vt 0.926223 0.522489
vt 0.986360 0.233245
vt 0.985997 0.233259
vt 0.985635 0.233245
vt 0.095525 0.944629
vt 0.095560 0.944362
vt 0.095608 0.944001
vt 0.095655 0.943643
vt 0.095689 0.943384
vt 0.981167 0.637873
vt 0.980804 0.638900
vt 0.980442 0.638901
vt 0.927088 0.521177
vt 0.927088 0.521445
vt 0.927088 0.521809
vt 0.927088 0.522170
vt 0.986625 0.233208
vt 0.986625 0.234106
vt 0.986360 0.234109
vt 0.985997 0.234110
vt 0.985635 0.234109
vt 0.094661 0.944572
vt 0.094661 0.944303
vt 0.094661 0.943939
vt 0.094661 0.943578
vt 0.981432 0.637910
vt 0.981432 0.638903
vt 0.981167 0.638901
vt 0.980804 0.639942
vt 0.980442 0.639930
vt 0.928116 0.521244
vt 0.928082 0.521510
vt 0.928034 0.521871
vt 0.927987 0.522229
vt 0.986625 0.235006
vt 0.986360 0.234974
vt 0.985997 0.234962
vt 0.985635 0.234974
vt 0.093797 0.944629
vt 0.093762 0.944362
vt 0.093715 0.944001
vt 0.093668 0.943643
vt 0.981432 0.639898
vt 0.981167 0.639930
vt 0.980804 0.640967
vt 0.980442 0.640942
vt 0.929127 0.521445
vt 0.929058 0.521705
vt 0.928965 0.522056
vt 0.928871 0.522405
vt 0.928802 0.522658
vt 0.927952 0.522489
vt 0.986360 0.235825
vt 0.985997 0.235800
vt 0.985635 0.235825
vt 0.092947 0.944798
vt 0.092879 0.944538
vt 0.092785 0.944186
vt 0.092691 0.943837
vt 0.092622 0.943585
vt 0.093633 0.943384
vt 0.981167 0.640942
vt 0.980805 0.641957
vt 0.980442 0.641921
vt 0.930102 0.521777
vt 0.930001 0.522025
vt 0.929863 0.522361
vt 0.929724 0.522694
vt 0.929622 0.522937
vt 0.986360 0.236648
vt 0.985997 0.236611
vt 0.985635 0.236648
vt 0.092127 0.945076
vt 0.092025 0.944827
vt 0.091887 0.944491
vt 0.091748 0.944157
vt 0.091646 0.943916
vt 0.981167 0.641921
vt 0.980805 0.642897
vt 0.980442 0.642850
vt 0.931027 0.522232
vt 0.930894 0.522465
vt 0.930713 0.522780
vt 0.930532 0.523093
vt 0.930399 0.523320
vt 0.986359 0.237428
vt 0.985997 0.237380
vt 0.985634 0.237428
vt 0.091350 0.945459
vt 0.091217 0.945226
vt 0.091036 0.944910
vt 0.090855 0.944598
vt 0.090722 0.944372
vt 0.981167 0.642850
vt 0.980805 0.643770
vt 0.980443 0.643712
vt 0.931884 0.522805
vt 0.931722 0.523018
vt 0.931502 0.523307
vt 0.931281 0.523593
vt 0.931119 0.523801
vt 0.986359 0.238152
vt 0.985996 0.238094
vt 0.985634 0.238152
vt 0.090630 0.945941
vt 0.090468 0.945726
vt 0.090248 0.945437
vt 0.090027 0.945151
vt 0.089865 0.944944
vt 0.981168 0.643712
vt 0.980805 0.644561
vt 0.980443 0.644493
vt 0.932658 0.523484
vt 0.932471 0.523675
vt 0.932215 0.523932
vt 0.931958 0.524187
vt 0.931770 0.524372
vt 0.986359 0.238809
vt 0.985996 0.238741
vt 0.985634 0.238809
vt 0.089978 0.946512
vt 0.089791 0.946320
vt 0.089535 0.946062
vt 0.089278 0.945808
vt 0.089090 0.945624
vt 0.981168 0.644493
vt 0.060061 0.910012
vt 0.060105 0.910786
vt 0.059739 0.910847
vt 0.059695 0.910083
vt 0.933338 0.524259
vt 0.933127 0.524423
vt 0.932840 0.524645
vt 0.932552 0.524865
vt 0.932341 0.525024
vt 0.986545 0.776161
vt 0.986511 0.776806
vt 0.986154 0.776866
vt 0.986188 0.776231
vt 0.985788 0.776807
vt 0.985822 0.776162
vt 0.089407 0.947163
vt 0.089197 0.946997
vt 0.088909 0.946775
vt 0.088622 0.946556
vt 0.088411 0.946398
vt 0.060419 0.910081
vt 0.060462 0.910845
vt 0.060143 0.911644
vt 0.059776 0.911695
vt 0.933910 0.525116
vt 0.933681 0.525251
vt 0.933367 0.525434
vt 0.933053 0.525614
vt 0.932823 0.525744
vt 0.986483 0.777521
vt 0.986126 0.777571
vt 0.985759 0.777522
vt 0.088926 0.947883
vt 0.088696 0.947747
vt 0.088383 0.947564
vt 0.088068 0.947384
vt 0.087838 0.947255
vt 0.060500 0.911693
vt 0.060174 0.912572
vt 0.059807 0.912612
vt 0.934366 0.526040
vt 0.934121 0.526144
vt 0.933786 0.526284
vt 0.933451 0.526422
vt 0.933206 0.526521
vt 0.986460 0.778294
vt 0.986104 0.778332
vt 0.985737 0.778294
vt 0.088543 0.948660
vt 0.088298 0.948554
vt 0.087963 0.948414
vt 0.087628 0.948277
vt 0.087383 0.948179
vt 0.060531 0.912610
vt 0.060198 0.913555
vt 0.059830 0.913583
vt 0.934697 0.527016
vt 0.934441 0.527087
vt 0.934091 0.527182
vt 0.933741 0.527275
vt 0.933484 0.527341
vt 0.986444 0.779111
vt 0.986088 0.779137
vt 0.985720 0.779111
vt 0.088264 0.949480
vt 0.088008 0.949408
vt 0.087658 0.949312
vt 0.087308 0.949220
vt 0.087051 0.949155
vt 0.060554 0.913580
vt 0.060214 0.914575
vt 0.059846 0.914590
vt 0.059566 0.914630
vt 0.059551 0.913656
vt 0.934635 0.528064
vt 0.934276 0.528112
vt 0.933917 0.528158
vt 0.933653 0.528190
vt 0.986434 0.779958
vt 0.986078 0.779972
vt 0.985710 0.779959
vt 0.985430 0.779921
vt 0.985440 0.779040
vt 0.087833 0.950291
vt 0.087473 0.950242
vt 0.087114 0.950196
vt 0.086850 0.950166
vt 0.060570 0.914588
vt 0.060222 0.915615
vt 0.059854 0.915617
vt 0.059574 0.915622
vt 0.934701 0.529057
vt 0.934338 0.529058
vt 0.933976 0.529057
vt 0.933710 0.529055
vt 0.986430 0.780822
vt 0.986074 0.780823
vt 0.985707 0.780823
vt 0.985426 0.780820
vt 0.087774 0.951190
vt 0.087411 0.951189
vt 0.087049 0.951190
vt 0.086783 0.951194
vt 0.060578 0.915615
vt 0.060222 0.916657
vt 0.059854 0.916646
vt 0.059574 0.916617
vt 0.934635 0.530051
vt 0.934276 0.530005
vt 0.933917 0.529956
vt 0.933653 0.529919
vt 0.986434 0.781687
vt 0.986078 0.781676
vt 0.985710 0.781687
vt 0.985430 0.781719
vt 0.087833 0.952089
vt 0.087473 0.952135
vt 0.087114 0.952184
vt 0.086850 0.952222
vt 0.060578 0.916644
vt 0.060214 0.917683
vt 0.059846 0.917660
vt 0.059566 0.917596
vt 0.934441 0.531028
vt 0.934091 0.530935
vt 0.933741 0.530840
vt 0.933484 0.530769
vt 0.986444 0.782538
vt 0.986088 0.782515
vt 0.985720 0.782539
vt 0.985440 0.782605
vt 0.088008 0.952972
vt 0.087658 0.953065
vt 0.087308 0.953160
vt 0.087051 0.953233
vt 0.060570 0.917658
vt 0.060198 0.918676
vt 0.059830 0.918641
vt 0.059551 0.918544
vt 0.934121 0.531971
vt 0.933786 0.531833
vt 0.933451 0.531693
vt 0.933206 0.531589
vt 0.986460 0.783362
vt 0.986104 0.783326
vt 0.985737 0.783362
vt 0.985457 0.783461
vt 0.088298 0.953825
vt 0.087963 0.953963
vt 0.087628 0.954103
vt 0.087383 0.954208
vt 0.060554 0.918639
vt 0.060174 0.919618
vt 0.059807 0.919572
vt 0.934366 0.532069
vt 0.933910 0.532993
vt 0.933681 0.532864
vt 0.933367 0.532683
vt 0.933053 0.532501
vt 0.932823 0.532366
vt 0.986483 0.784143
vt 0.986126 0.784096
vt 0.985759 0.784143
vt 0.088543 0.953728
vt 0.088926 0.954505
vt 0.088696 0.954633
vt 0.088383 0.954813
vt 0.088069 0.954996
vt 0.087838 0.955132
vt 0.060531 0.919570
vt 0.060143 0.920494
vt 0.059776 0.920438
vt 0.933338 0.533850
vt 0.933127 0.533692
vt 0.932840 0.533472
vt 0.932552 0.533250
vt 0.932341 0.533086
vt 0.986511 0.784869
vt 0.986154 0.784811
vt 0.985788 0.784869
vt 0.089407 0.955225
vt 0.089197 0.955382
vt 0.088910 0.955602
vt 0.088622 0.955824
vt 0.088411 0.955989
vt 0.060500 0.920435
vt 0.060105 0.921289
vt 0.059739 0.921223
vt 0.932658 0.534625
vt 0.932471 0.534440
vt 0.932215 0.534185
vt 0.931958 0.533928
vt 0.931770 0.533737
vt 0.986545 0.785526
vt 0.986188 0.785459
vt 0.985822 0.785527
vt 0.089978 0.955876
vt 0.089791 0.956060
vt 0.089535 0.956315
vt 0.089278 0.956572
vt 0.089090 0.956764
vt 0.060462 0.921221
vt 0.143900 0.961234
vt 0.143900 0.960456
vt 0.144262 0.960396
vt 0.144263 0.961165
vt 0.931883 0.535304
vt 0.931722 0.535097
vt 0.931502 0.534810
vt 0.931281 0.534522
vt 0.931119 0.534308
vt 0.754651 0.992175
vt 0.754652 0.991529
vt 0.755014 0.991469
vt 0.755014 0.992106
vt 0.755377 0.991529
vt 0.755376 0.992175
vt 0.090630 0.956447
vt 0.090468 0.956654
vt 0.090248 0.956940
vt 0.090027 0.957229
vt 0.089865 0.957443
vt 0.143538 0.961165
vt 0.143537 0.960396
vt 0.143899 0.959594
vt 0.144262 0.959545
vt 0.931027 0.535877
vt 0.930894 0.535650
vt 0.930713 0.535337
vt 0.930532 0.535022
vt 0.930399 0.534790
vt 0.754652 0.990814
vt 0.755014 0.990764
vt 0.755377 0.990814
vt 0.091350 0.956928
vt 0.091218 0.957154
vt 0.091036 0.957467
vt 0.090855 0.957782
vt 0.090722 0.958016
vt 0.143537 0.959545
vt 0.143899 0.958663
vt 0.144262 0.958625
vt 0.930102 0.536333
vt 0.930001 0.536090
vt 0.929862 0.535756
vt 0.929724 0.535421
vt 0.929622 0.535173
vt 0.754652 0.990040
vt 0.755015 0.990002
vt 0.755377 0.990040
vt 0.092127 0.957311
vt 0.092026 0.957553
vt 0.091887 0.957886
vt 0.091748 0.958222
vt 0.091646 0.958471
vt 0.143537 0.958625
vt 0.143899 0.957678
vt 0.144261 0.957652
vt 0.929127 0.536664
vt 0.929058 0.536410
vt 0.928964 0.536061
vt 0.928870 0.535710
vt 0.928802 0.535451
vt 0.754652 0.989223
vt 0.755015 0.989197
vt 0.755377 0.989223
vt 0.092947 0.957590
vt 0.092879 0.957842
vt 0.092785 0.958191
vt 0.092691 0.958543
vt 0.092622 0.958803
vt 0.143536 0.957652
vt 0.143899 0.956657
vt 0.144261 0.956643
vt 0.928116 0.536865
vt 0.928081 0.536605
vt 0.928034 0.536246
vt 0.927987 0.535886
vt 0.927952 0.535620
vt 0.754653 0.988375
vt 0.755015 0.988361
vt 0.755378 0.988375
vt 0.093797 0.957759
vt 0.093762 0.958018
vt 0.093715 0.958376
vt 0.093668 0.958737
vt 0.093633 0.959004
vt 0.143536 0.956643
vt 0.144527 0.956606
vt 0.755643 0.988412
vt 0.985673 0.053797
vt 0.986759 0.053796
vt 0.986751 0.054488
vt 0.985665 0.054489
vt 0.986727 0.055072
vt 0.985642 0.055073
vt 0.148093 0.992986
vt 0.149180 0.992986
vt 0.149180 0.993578
vt 0.148092 0.993578
vt 0.149180 0.994273
vt 0.148092 0.994273
vt 0.149180 0.994965
vt 0.148092 0.994965
vt 0.149180 0.995550
vt 0.148093 0.995550
vt 0.981538 0.361963
vt 0.980453 0.361962
vt 0.980476 0.361368
vt 0.981562 0.361369
vt 0.980484 0.360672
vt 0.981570 0.360673
vt 0.980476 0.359981
vt 0.981562 0.359982
vt 0.980453 0.359399
vt 0.981538 0.359400
vt 0.996066 0.988490
vt 0.994978 0.988490
vt 0.994978 0.987899
vt 0.996066 0.987899
vt 0.994978 0.987204
vt 0.996066 0.987204
vt 0.994978 0.986511
vt 0.996066 0.986511
vt 0.994978 0.985927
vt 0.996066 0.985927
vt 0.812293 0.302160
vt 0.811586 0.302160
vt 0.810932 0.301889
vt 0.810432 0.301389
vt 0.810162 0.300736
vt 0.810162 0.300029
vt 0.810432 0.299375
vt 0.810932 0.298875
vt 0.811586 0.298604
vt 0.812293 0.298604
vt 0.812946 0.298875
vt 0.813446 0.299375
vt 0.813717 0.300028
vt 0.813717 0.300736
vt 0.813446 0.301389
vt 0.812946 0.301889
vt 0.985642 0.052509
vt 0.986727 0.052509
vt 0.986751 0.053101
vt 0.985665 0.053102
vt 0.821853 0.302160
vt 0.821146 0.302160
vt 0.820493 0.301889
vt 0.819993 0.301389
vt 0.819722 0.300736
vt 0.819722 0.300029
vt 0.819993 0.299375
vt 0.820493 0.298875
vt 0.821146 0.298604
vt 0.821853 0.298604
vt 0.822507 0.298875
vt 0.823007 0.299375
vt 0.823277 0.300029
vt 0.823277 0.300736
vt 0.823007 0.301389
vt 0.822507 0.301889
vt 0.908916 0.903728
vt 0.908916 0.773232
vt 0.909327 0.773231
vt 0.909327 0.903727
vt 0.909665 0.773228
vt 0.909665 0.903724
vt 0.120900 0.841973
vt 0.120900 0.711476
vt 0.121253 0.711479
vt 0.121253 0.841975
vt 0.121669 0.711480
vt 0.121669 0.841976
vt 0.122085 0.711479
vt 0.122085 0.841975
vt 0.122438 0.711476
vt 0.122438 0.841973
vt 0.317686 0.930197
vt 0.317686 0.799709
vt 0.318053 0.799706
vt 0.318053 0.930194
vt 0.318473 0.799705
vt 0.318473 0.930193
vt 0.318883 0.799706
vt 0.318883 0.930195
vt 0.319222 0.799710
vt 0.319222 0.930199
vt 0.056899 0.841982
vt 0.056899 0.711493
vt 0.057252 0.711489
vt 0.057252 0.841979
vt 0.057668 0.711488
vt 0.057668 0.841977
vt 0.058084 0.711489
vt 0.058084 0.841979
vt 0.058437 0.711493
vt 0.058437 0.841982
vt 0.964308 0.575722
vt 0.964470 0.576114
vt 0.964470 0.576538
vt 0.964308 0.576930
vt 0.964008 0.577230
vt 0.963616 0.577393
vt 0.963192 0.577393
vt 0.962800 0.577230
vt 0.962500 0.576930
vt 0.962337 0.576538
vt 0.962337 0.576114
vt 0.962500 0.575722
vt 0.962800 0.575422
vt 0.963192 0.575259
vt 0.963616 0.575259
vt 0.964008 0.575422
vt 0.908130 0.903725
vt 0.908130 0.773229
vt 0.908496 0.773232
vt 0.908496 0.903727
vt 0.900111 0.901894
vt 0.900412 0.901594
vt 0.900804 0.901431
vt 0.901228 0.901431
vt 0.901620 0.901594
vt 0.901920 0.901894
vt 0.902082 0.902286
vt 0.902082 0.902710
vt 0.901920 0.903102
vt 0.901620 0.903402
vt 0.901228 0.903565
vt 0.900804 0.903565
vt 0.900412 0.903402
vt 0.900111 0.903102
vt 0.899949 0.902710
vt 0.899949 0.902286
vt 0.067003 0.809919
vt 0.067003 0.768235
vt 0.101441 0.768236
vt 0.101441 0.809920
vt 0.286027 0.746007
vt 0.244341 0.745979
vt 0.244341 0.697126
vt 0.286027 0.697154
vt 0.284783 0.793699
vt 0.284783 0.752013
vt 0.319222 0.752012
vt 0.319222 0.793699
vt 0.131006 0.675429
vt 0.172690 0.675391
vt 0.172690 0.724243
vt 0.131006 0.724281
vt 0.131006 0.779225
vt 0.131006 0.730286
vt 0.165443 0.730286
vt 0.165443 0.779225
vt 0.278778 0.752013
vt 0.278778 0.800951
vt 0.244341 0.800951
vt 0.244341 0.752012
vt 0.778307 0.983355
vt 0.775407 0.983355
vt 0.775407 0.947104
vt 0.778307 0.947104
vt 0.972263 0.957225
vt 0.969375 0.957241
vt 0.969375 0.906579
vt 0.972263 0.906563
vt 0.874388 0.946736
vt 0.877287 0.946736
vt 0.877287 0.982987
vt 0.874388 0.982987
vt 0.482086 0.919865
vt 0.484974 0.919881
vt 0.484974 0.970542
vt 0.482086 0.970526
vt 0.003003 0.762239
vt 0.003003 0.711488
vt 0.039088 0.711490
vt 0.039088 0.762241
vt 0.103089 0.711476
vt 0.103089 0.762228
vt 0.067003 0.762230
vt 0.067003 0.711478
vt 0.507449 0.992391
vt 0.509259 0.992390
vt 0.509247 0.993359
vt 0.507438 0.993360
vt 0.509215 0.994176
vt 0.507405 0.994177
vt 0.482086 0.991779
vt 0.483899 0.991779
vt 0.483899 0.992607
vt 0.482086 0.992607
vt 0.483898 0.993580
vt 0.482086 0.993580
vt 0.483899 0.994550
vt 0.482086 0.994550
vt 0.483899 0.995368
vt 0.482086 0.995368
vt 0.777217 0.992950
vt 0.775407 0.992949
vt 0.775440 0.992117
vt 0.777250 0.992119
vt 0.775452 0.991143
vt 0.777261 0.991145
vt 0.775440 0.990175
vt 0.777250 0.990177
vt 0.775407 0.989360
vt 0.777217 0.989362
vt 0.369830 0.995616
vt 0.368017 0.995616
vt 0.368017 0.994788
vt 0.369830 0.994788
vt 0.368017 0.993815
vt 0.369830 0.993815
vt 0.368017 0.992846
vt 0.369830 0.992846
vt 0.368017 0.992028
vt 0.369830 0.992028
vt 0.698243 0.303582
vt 0.697253 0.303582
vt 0.696338 0.303203
vt 0.695638 0.302503
vt 0.695259 0.301588
vt 0.695259 0.300598
vt 0.695638 0.299683
vt 0.696338 0.298983
vt 0.697253 0.298604
vt 0.698243 0.298604
vt 0.699158 0.298983
vt 0.699858 0.299683
vt 0.700237 0.300598
vt 0.700236 0.301588
vt 0.699858 0.302503
vt 0.699158 0.303203
vt 0.507405 0.990589
vt 0.509215 0.990587
vt 0.509247 0.991417
vt 0.507438 0.991418
vt 0.753156 0.303582
vt 0.752166 0.303582
vt 0.751252 0.303203
vt 0.750552 0.302503
vt 0.750173 0.301588
vt 0.750173 0.300598
vt 0.750552 0.299683
vt 0.751252 0.298983
vt 0.752166 0.298604
vt 0.753156 0.298604
vt 0.754071 0.298983
vt 0.754771 0.299683
vt 0.755150 0.300598
vt 0.755150 0.301588
vt 0.754771 0.302503
vt 0.754071 0.303203
vt 0.347708 0.992933
vt 0.349518 0.992932
vt 0.349506 0.993901
vt 0.347697 0.993902
vt 0.349474 0.994718
vt 0.347664 0.994719
vt 0.993279 0.049089
vt 0.995091 0.049089
vt 0.995091 0.049917
vt 0.993279 0.049917
vt 0.995091 0.050890
vt 0.993279 0.050890
vt 0.995091 0.051859
vt 0.993279 0.051859
vt 0.995091 0.052677
vt 0.993279 0.052677
vt 0.863667 0.993356
vt 0.861858 0.993354
vt 0.861890 0.992522
vt 0.863700 0.992524
vt 0.861902 0.991549
vt 0.863711 0.991550
vt 0.861890 0.990581
vt 0.863700 0.990582
vt 0.861858 0.989766
vt 0.863667 0.989767
vt 0.634018 0.995498
vt 0.632205 0.995498
vt 0.632205 0.994670
vt 0.634018 0.994670
vt 0.632205 0.993697
vt 0.634018 0.993697
vt 0.632205 0.992728
vt 0.634018 0.992728
vt 0.632205 0.991910
vt 0.634018 0.991910
vt 0.709226 0.303582
vt 0.708236 0.303582
vt 0.707321 0.303203
vt 0.706621 0.302503
vt 0.706242 0.301588
vt 0.706242 0.300598
vt 0.706621 0.299683
vt 0.707321 0.298983
vt 0.708236 0.298604
vt 0.709226 0.298604
vt 0.710140 0.298983
vt 0.710840 0.299683
vt 0.711219 0.300598
vt 0.711219 0.301588
vt 0.710840 0.302503
vt 0.710140 0.303203
vt 0.347664 0.991130
vt 0.349474 0.991129
vt 0.349506 0.991959
vt 0.347697 0.991960
vt 0.764139 0.303582
vt 0.763149 0.303582
vt 0.762234 0.303203
vt 0.761534 0.302503
vt 0.761155 0.301588
vt 0.761155 0.300598
vt 0.761534 0.299683
vt 0.762234 0.298983
vt 0.763149 0.298604
vt 0.764139 0.298604
vt 0.765053 0.298983
vt 0.765754 0.299683
vt 0.766132 0.300598
vt 0.766132 0.301588
vt 0.765754 0.302503
vt 0.765054 0.303203
vt 0.447502 0.992400
vt 0.449312 0.992399
vt 0.449300 0.993368
vt 0.447491 0.993369
vt 0.449268 0.994185
vt 0.447458 0.994186
vt 0.460883 0.991387
vt 0.462695 0.991387
vt 0.462695 0.992216
vt 0.460882 0.992216
vt 0.462695 0.993189
vt 0.460882 0.993189
vt 0.462695 0.994158
vt 0.460882 0.994158
vt 0.462695 0.994976
vt 0.460883 0.994976
vt 0.764687 0.993724
vt 0.762877 0.993722
vt 0.762910 0.992891
vt 0.764720 0.992892
vt 0.762922 0.991917
vt 0.764731 0.991919
vt 0.762910 0.990949
vt 0.764720 0.990950
vt 0.762877 0.990134
vt 0.764687 0.990136
vt 0.286596 0.995921
vt 0.284784 0.995921
vt 0.284783 0.995093
vt 0.286596 0.995093
vt 0.284783 0.994120
vt 0.286596 0.994120
vt 0.284783 0.993151
vt 0.286596 0.993151
vt 0.284784 0.992333
vt 0.286596 0.992333
vt 0.731191 0.303582
vt 0.730201 0.303582
vt 0.729286 0.303203
vt 0.728586 0.302503
vt 0.728208 0.301588
vt 0.728208 0.300598
vt 0.728586 0.299683
vt 0.729286 0.298983
vt 0.730201 0.298604
vt 0.731191 0.298604
vt 0.732106 0.298983
vt 0.732806 0.299683
vt 0.733185 0.300598
vt 0.733185 0.301588
vt 0.732806 0.302503
vt 0.732106 0.303203
vt 0.447458 0.990598
vt 0.449268 0.990597
vt 0.449300 0.991426
vt 0.447491 0.991427
vt 0.742174 0.303582
vt 0.741184 0.303582
vt 0.740269 0.303203
vt 0.739569 0.302503
vt 0.739190 0.301588
vt 0.739190 0.300598
vt 0.739569 0.299683
vt 0.740269 0.298983
vt 0.741184 0.298604
vt 0.742174 0.298604
vt 0.743088 0.298983
vt 0.743788 0.299683
vt 0.744167 0.300598
vt 0.744167 0.301588
vt 0.743789 0.302503
vt 0.743088 0.303203
vt 0.339850 0.992933
vt 0.341659 0.992932
vt 0.341647 0.993901
vt 0.339838 0.993902
vt 0.341615 0.994718
vt 0.339805 0.994719
vt 0.885005 0.991805
vt 0.886817 0.991805
vt 0.886817 0.992633
vt 0.885004 0.992633
vt 0.886817 0.993606
vt 0.885004 0.993606
vt 0.886817 0.994575
vt 0.885004 0.994575
vt 0.886817 0.995393
vt 0.885005 0.995393
vt 0.839589 0.302194
vt 0.837779 0.302193
vt 0.837812 0.301361
vt 0.839622 0.301363
vt 0.837824 0.300387
vt 0.839633 0.300389
vt 0.837812 0.299419
vt 0.839622 0.299421
vt 0.837779 0.298604
vt 0.839589 0.298606
vt 0.397412 0.992474
vt 0.395600 0.992474
vt 0.395600 0.991646
vt 0.397412 0.991646
vt 0.395599 0.990673
vt 0.397412 0.990673
vt 0.395600 0.989704
vt 0.397412 0.989704
vt 0.395600 0.988886
vt 0.397412 0.988886
vt 0.720208 0.303582
vt 0.719218 0.303582
vt 0.718304 0.303203
vt 0.717604 0.302503
vt 0.717225 0.301588
vt 0.717225 0.300598
vt 0.717604 0.299683
vt 0.718304 0.298983
vt 0.719218 0.298604
vt 0.720208 0.298604
vt 0.721123 0.298983
vt 0.721823 0.299683
vt 0.722202 0.300598
vt 0.722202 0.301588
vt 0.721823 0.302503
vt 0.721123 0.303203
vt 0.339805 0.991130
vt 0.341615 0.991129
vt 0.341647 0.991959
vt 0.339838 0.991960
vt 0.775122 0.303582
vt 0.774132 0.303582
vt 0.773217 0.303203
vt 0.772517 0.302503
vt 0.772138 0.301588
vt 0.772138 0.300598
vt 0.772517 0.299683
vt 0.773217 0.298983
vt 0.774131 0.298604
vt 0.775121 0.298604
vt 0.776036 0.298983
vt 0.776736 0.299683
vt 0.777115 0.300598
vt 0.777115 0.301588
vt 0.776736 0.302503
vt 0.776036 0.303203
vt 0.131006 0.830540
vt 0.131006 0.785231
vt 0.161820 0.785231
vt 0.161820 0.830540
vt 0.067003 0.861252
vt 0.067003 0.815941
vt 0.090525 0.815925
vt 0.090525 0.861236
vt 0.003003 0.813559
vt 0.003003 0.768247
vt 0.033816 0.768247
vt 0.033816 0.813558
vt 0.299199 0.742430
vt 0.299199 0.697122
vt 0.322720 0.697143
vt 0.322720 0.742451
vt 0.835377 0.879248
vt 0.858940 0.879248
vt 0.858940 0.910061
vt 0.835377 0.910060
vt 0.864946 0.879248
vt 0.888509 0.879248
vt 0.888509 0.910060
vt 0.864946 0.910060
vt 0.507405 0.951956
vt 0.509942 0.951956
vt 0.509942 0.984582
vt 0.507405 0.984582
vt 0.939386 0.301918
vt 0.936860 0.301904
vt 0.936860 0.276572
vt 0.939386 0.276587
vt 0.475949 0.980983
vt 0.473412 0.980983
vt 0.473412 0.948357
vt 0.475949 0.948357
vt 0.978268 0.954563
vt 0.980792 0.954547
vt 0.980792 0.979878
vt 0.978268 0.979893
vt 0.642902 0.876445
vt 0.668278 0.876447
vt 0.668278 0.908921
vt 0.642902 0.908920
vt 0.674283 0.876446
vt 0.699659 0.876445
vt 0.699659 0.908919
vt 0.674283 0.908920
vt 0.518045 0.980014
vt 0.518045 0.952465
vt 0.519072 0.952462
vt 0.519072 0.980011
vt 0.519917 0.952455
vt 0.519917 0.980004
vt 0.566989 0.979770
vt 0.566989 0.952221
vt 0.567871 0.952227
vt 0.567871 0.979776
vt 0.568912 0.952229
vt 0.568912 0.979778
vt 0.569952 0.952227
vt 0.569952 0.979776
vt 0.570834 0.952221
vt 0.570834 0.979770
vt 0.536604 0.979991
vt 0.536604 0.952444
vt 0.537520 0.952436
vt 0.537520 0.979983
vt 0.538571 0.952433
vt 0.538571 0.979981
vt 0.539597 0.952438
vt 0.539597 0.979985
vt 0.540443 0.952447
vt 0.540443 0.979995
vt 0.053231 0.979764
vt 0.053231 0.952216
vt 0.054114 0.952208
vt 0.054114 0.979756
vt 0.055155 0.952205
vt 0.055155 0.979753
vt 0.056195 0.952208
vt 0.056195 0.979756
vt 0.057076 0.952216
vt 0.057076 0.979764
vt 0.053231 0.987906
vt 0.053637 0.986926
vt 0.054388 0.986176
vt 0.055368 0.985770
vt 0.056428 0.985770
vt 0.057408 0.986176
vt 0.058158 0.986926
vt 0.058564 0.987906
vt 0.058564 0.988967
vt 0.058158 0.989947
vt 0.057408 0.990697
vt 0.056428 0.991103
vt 0.055367 0.991103
vt 0.054387 0.990697
vt 0.053637 0.989947
vt 0.053231 0.988967
vt 0.516079 0.980007
vt 0.516079 0.952458
vt 0.516994 0.952464
vt 0.516994 0.980013
vt 0.561315 0.986192
vt 0.562065 0.986942
vt 0.562471 0.987922
vt 0.562471 0.988983
vt 0.562065 0.989963
vt 0.561315 0.990713
vt 0.560335 0.991119
vt 0.559274 0.991119
vt 0.558294 0.990713
vt 0.557544 0.989963
vt 0.557138 0.988983
vt 0.557138 0.987922
vt 0.557544 0.986942
vt 0.558294 0.986192
vt 0.559274 0.985786
vt 0.560335 0.985786
vt 0.514014 0.301161
vt 0.512929 0.301173
vt 0.512927 0.300057
vt 0.514011 0.299953
vt 0.572931 0.299017
vt 0.572931 0.299929
vt 0.572462 0.300036
vt 0.572064 0.299215
vt 0.542170 0.300777
vt 0.541270 0.300572
vt 0.541656 0.299770
vt 0.542379 0.300344
vt 0.515094 0.301174
vt 0.515091 0.300058
vt 0.512005 0.301209
vt 0.512003 0.300354
vt 0.572931 0.301009
vt 0.543227 0.301019
vt 0.516004 0.301211
vt 0.516002 0.300357
vt 0.542352 0.299215
vt 0.542755 0.300043
vt 0.514002 0.299017
vt 0.515082 0.299194
vt 0.511997 0.299693
vt 0.512918 0.299192
vt 0.572085 0.300336
vt 0.515995 0.299695
vt 0.571368 0.299770
vt 0.571876 0.300770
vt 0.543225 0.299936
vt 0.648469 0.303016
vt 0.648088 0.302104
vt 0.649136 0.302109
vt 0.649271 0.303020
vt 0.647954 0.301023
vt 0.648088 0.299939
vt 0.649136 0.299945
vt 0.649088 0.301029
vt 0.570982 0.300572
vt 0.543220 0.299017
vt 0.648469 0.299017
vt 0.649271 0.299021
vt 0.650298 0.302109
vt 0.650161 0.303020
vt 0.650298 0.299945
vt 0.650346 0.301029
vt 0.571876 0.301252
vt 0.570982 0.301461
vt 0.544087 0.299215
vt 0.543694 0.300043
vt 0.650161 0.299021
vt 0.544783 0.299770
vt 0.544071 0.300344
vt 0.651479 0.301023
vt 0.651345 0.302104
vt 0.650962 0.299017
vt 0.651345 0.299939
vt 0.572085 0.301685
vt 0.650962 0.303016
vt 0.571368 0.302263
vt 0.492892 0.299178
vt 0.493976 0.299017
vt 0.493988 0.300046
vt 0.492903 0.300129
vt 0.495056 0.299176
vt 0.495967 0.299631
vt 0.495976 0.300358
vt 0.495067 0.300127
vt 0.572462 0.301986
vt 0.544280 0.300777
vt 0.491969 0.299635
vt 0.491978 0.300362
vt 0.572064 0.302818
vt 0.545169 0.300572
vt 0.544280 0.301259
vt 0.492907 0.301276
vt 0.491981 0.301240
vt 0.495071 0.301274
vt 0.493992 0.301287
vt 0.572931 0.302093
vt 0.572931 0.303016
vt 0.545169 0.301461
vt 0.495979 0.301236
vt 0.495067 0.302390
vt 0.493988 0.302495
vt 0.573401 0.301986
vt 0.573799 0.302818
vt 0.544783 0.302263
vt 0.544071 0.301693
vt 0.492903 0.302392
vt 0.495976 0.302090
vt 0.491978 0.302094
vt 0.544087 0.302818
vt 0.543694 0.301993
vt 0.493976 0.303431
vt 0.492892 0.303256
vt 0.495967 0.302752
vt 0.495056 0.303254
vt 0.573777 0.301685
vt 0.491969 0.302755
vt 0.574495 0.302263
vt 0.638556 0.299933
vt 0.638938 0.299023
vt 0.639740 0.299017
vt 0.639604 0.299926
vt 0.573986 0.301252
vt 0.543225 0.302100
vt 0.638938 0.303021
vt 0.638556 0.302097
vt 0.639604 0.302090
vt 0.639740 0.303016
vt 0.638422 0.301013
vt 0.639556 0.301005
vt 0.574881 0.301461
vt 0.543220 0.303016
vt 0.542755 0.301993
vt 0.640767 0.302090
vt 0.640630 0.303016
vt 0.640767 0.299926
vt 0.640815 0.301005
vt 0.573986 0.300770
vt 0.574881 0.300572
vt 0.542352 0.302818
vt 0.640630 0.299017
vt 0.573777 0.300336
vt 0.574495 0.299770
vt 0.541656 0.302263
vt 0.542379 0.301693
vt 0.641948 0.301013
vt 0.641814 0.302097
vt 0.641431 0.299023
vt 0.641814 0.299933
vt 0.641431 0.303021
vt 0.541270 0.301462
vt 0.542170 0.301259
vt 0.515082 0.303272
vt 0.514002 0.303431
vt 0.514011 0.302402
vt 0.515091 0.302321
vt 0.512918 0.303270
vt 0.511997 0.302814
vt 0.512003 0.302086
vt 0.512927 0.302320
vt 0.573401 0.300036
vt 0.515995 0.302816
vt 0.516002 0.302089
vt 0.573799 0.299215
vt 0.548414 0.979993
vt 0.548414 0.952444
vt 0.549441 0.952441
vt 0.549441 0.979990
vt 0.550286 0.952433
vt 0.550286 0.979982
vt 0.611884 0.979770
vt 0.611884 0.952221
vt 0.612766 0.952227
vt 0.612766 0.979776
vt 0.613807 0.952229
vt 0.613807 0.979779
vt 0.614847 0.952227
vt 0.614847 0.979776
vt 0.615729 0.952221
vt 0.615729 0.979770
vt 0.621734 0.979779
vt 0.621734 0.952231
vt 0.622650 0.952223
vt 0.622650 0.979771
vt 0.623701 0.952221
vt 0.623701 0.979769
vt 0.624727 0.952225
vt 0.624727 0.979773
vt 0.625572 0.952235
vt 0.625572 0.979782
vt 0.557138 0.979780
vt 0.557138 0.952232
vt 0.558021 0.952224
vt 0.558021 0.979772
vt 0.559062 0.952221
vt 0.559062 0.979769
vt 0.560102 0.952224
vt 0.560102 0.979772
vt 0.560983 0.952233
vt 0.560983 0.979780
vt 0.720732 0.987551
vt 0.721138 0.986571
vt 0.721888 0.985821
vt 0.722868 0.985415
vt 0.723929 0.985415
vt 0.724909 0.985821
vt 0.725659 0.986571
vt 0.726065 0.987551
vt 0.726065 0.988612
vt 0.725659 0.989592
vt 0.724909 0.990342
vt 0.723929 0.990748
vt 0.722868 0.990748
vt 0.721888 0.990342
vt 0.721138 0.989592
vt 0.720732 0.988612
vt 0.546448 0.979985
vt 0.546448 0.952436
vt 0.547363 0.952442
vt 0.547363 0.979991
vt 0.950688 0.299585
vt 0.951094 0.300565
vt 0.951094 0.301626
vt 0.950688 0.302606
vt 0.949938 0.303356
vt 0.948958 0.303762
vt 0.947897 0.303762
vt 0.946917 0.303356
vt 0.946167 0.302606
vt 0.945761 0.301626
vt 0.945761 0.300565
vt 0.946167 0.299585
vt 0.946917 0.298835
vt 0.947897 0.298429
vt 0.948958 0.298429
vt 0.949938 0.298835
vt 0.553123 0.299940
vt 0.553123 0.299017
vt 0.553991 0.299215
vt 0.553593 0.300047
vt 0.505081 0.301174
vt 0.504001 0.301161
vt 0.503998 0.299953
vt 0.505078 0.300058
vt 0.502917 0.301173
vt 0.501993 0.301209
vt 0.501991 0.300354
vt 0.502914 0.300057
vt 0.562555 0.300037
vt 0.563024 0.301010
vt 0.562179 0.300337
vt 0.553123 0.301024
vt 0.505991 0.301211
vt 0.505989 0.300357
vt 0.562160 0.299215
vt 0.561464 0.299770
vt 0.561970 0.300771
vt 0.553969 0.300347
vt 0.505070 0.299194
vt 0.505983 0.299696
vt 0.502906 0.299192
vt 0.503989 0.299017
vt 0.561078 0.300572
vt 0.554687 0.299770
vt 0.501984 0.299693
vt 0.658000 0.303016
vt 0.657619 0.302104
vt 0.658667 0.302109
vt 0.658803 0.303020
vt 0.657485 0.301023
vt 0.657619 0.299939
vt 0.658667 0.299945
vt 0.658619 0.301029
vt 0.561970 0.301252
vt 0.561078 0.301461
vt 0.555073 0.300572
vt 0.554178 0.300781
vt 0.658001 0.299017
vt 0.658803 0.299021
vt 0.555073 0.301461
vt 0.554178 0.301263
vt 0.659878 0.301029
vt 0.659829 0.302109
vt 0.659692 0.299021
vt 0.659830 0.299945
vt 0.562179 0.301686
vt 0.659692 0.303020
vt 0.561464 0.302263
vt 0.661011 0.301023
vt 0.660876 0.302104
vt 0.660494 0.299017
vt 0.660876 0.299939
vt 0.562555 0.301986
vt 0.553969 0.301697
vt 0.660494 0.303016
vt 0.562160 0.302818
vt 0.554687 0.302263
vt 0.553593 0.301997
vt 0.481954 0.299635
vt 0.482877 0.299178
vt 0.482888 0.300129
vt 0.481962 0.300362
vt 0.483961 0.299017
vt 0.485041 0.299176
vt 0.485052 0.300127
vt 0.483973 0.300046
vt 0.563025 0.302094
vt 0.563027 0.303016
vt 0.553991 0.302818
vt 0.485952 0.299631
vt 0.485961 0.300359
vt 0.485056 0.301274
vt 0.483977 0.301287
vt 0.563494 0.301986
vt 0.563895 0.302818
vt 0.553123 0.303016
vt 0.553123 0.302104
vt 0.482892 0.301276
vt 0.485964 0.301236
vt 0.481965 0.301240
vt 0.552256 0.302818
vt 0.552654 0.301997
vt 0.483973 0.302495
vt 0.482888 0.302392
vt 0.485961 0.302090
vt 0.485052 0.302390
vt 0.563871 0.301686
vt 0.481962 0.302094
vt 0.564591 0.302263
vt 0.485952 0.302752
vt 0.485041 0.303254
vt 0.564080 0.301252
vt 0.552277 0.301697
vt 0.482877 0.303256
vt 0.481954 0.302755
vt 0.483961 0.303431
vt 0.564977 0.301461
vt 0.551560 0.302263
vt 0.552068 0.301263
vt 0.629406 0.303021
vt 0.629025 0.302097
vt 0.630073 0.302090
vt 0.630208 0.303016
vt 0.628891 0.301013
vt 0.629025 0.299933
vt 0.630073 0.299926
vt 0.630025 0.301005
vt 0.564080 0.300771
vt 0.564977 0.300572
vt 0.551174 0.301461
vt 0.629406 0.299023
vt 0.630208 0.299017
vt 0.563871 0.300337
vt 0.564591 0.299770
vt 0.551174 0.300572
vt 0.552068 0.300781
vt 0.631284 0.301005
vt 0.631235 0.302090
vt 0.631098 0.299017
vt 0.631235 0.299926
vt 0.631098 0.303016
vt 0.551560 0.299770
vt 0.552277 0.300347
vt 0.632417 0.301013
vt 0.632282 0.302097
vt 0.631899 0.299023
vt 0.632282 0.299933
vt 0.563494 0.300037
vt 0.631900 0.303021
vt 0.563895 0.299215
vt 0.563025 0.299930
vt 0.552654 0.300047
vt 0.505983 0.302816
vt 0.505070 0.303272
vt 0.505078 0.302321
vt 0.505989 0.302089
vt 0.503989 0.303431
vt 0.502906 0.303270
vt 0.502914 0.302320
vt 0.503998 0.302402
vt 0.563027 0.299017
vt 0.552256 0.299215
vt 0.501984 0.302814
vt 0.501991 0.302086
vt 0.722808 0.933638
vt 0.720732 0.933637
vt 0.721176 0.927933
vt 0.723048 0.930551
vt 0.816141 0.930244
vt 0.819604 0.930272
vt 0.819618 0.938287
vt 0.816154 0.937649
vt 0.823077 0.930243
vt 0.826033 0.930161
vt 0.826043 0.935828
vt 0.823090 0.937648
vt 0.952692 0.275675
vt 0.950271 0.275675
vt 0.952452 0.272588
vt 0.725242 0.933639
vt 0.813217 0.930163
vt 0.813227 0.935831
vt 0.954732 0.275676
vt 0.954288 0.269972
vt 0.951778 0.270112
vt 0.723722 0.928076
vt 0.816178 0.943519
vt 0.813245 0.940323
vt 0.823114 0.943517
vt 0.819643 0.944640
vt 0.953043 0.265398
vt 0.722421 0.923359
vt 0.826061 0.940321
vt 0.721537 0.920206
vt 0.723887 0.916889
vt 0.724220 0.920820
vt 0.823143 0.946689
vt 0.819675 0.948074
vt 0.950805 0.268739
vt 0.951245 0.262859
vt 0.724695 0.926702
vt 0.816207 0.946691
vt 0.953873 0.262249
vt 0.951523 0.258932
vt 0.726216 0.920820
vt 0.725776 0.926702
vt 0.931121 0.511731
vt 0.931015 0.508277
vt 0.933838 0.508277
vt 0.933729 0.511731
vt 0.949248 0.262859
vt 0.948915 0.258932
vt 0.949724 0.268739
vt 0.726495 0.916889
vt 0.931121 0.504795
vt 0.933729 0.504795
vt 0.228966 0.944585
vt 0.225495 0.945955
vt 0.225460 0.942220
vt 0.228934 0.941134
vt 0.947450 0.265398
vt 0.946565 0.262249
vt 0.948751 0.270112
vt 0.726749 0.928076
vt 0.231915 0.940682
vt 0.231890 0.938041
vt 0.222030 0.944583
vt 0.221998 0.941132
vt 0.728014 0.923359
vt 0.727423 0.930551
vt 0.228916 0.935071
vt 0.231877 0.933401
vt 0.221981 0.935070
vt 0.225441 0.935658
vt 0.948077 0.272588
vt 0.946205 0.269972
vt 0.729259 0.927933
vt 0.219075 0.938037
vt 0.219062 0.933397
vt 0.221981 0.927596
vt 0.225441 0.927568
vt 0.947837 0.275675
vt 0.945761 0.275676
vt 0.729703 0.933637
vt 0.727663 0.933638
vt 0.228916 0.927598
vt 0.219062 0.927677
vt 0.231877 0.927680
vt 0.729259 0.939341
vt 0.727423 0.936725
vt 0.225460 0.919553
vt 0.228934 0.920193
vt 0.219075 0.922010
vt 0.221998 0.920191
vt 0.948077 0.278762
vt 0.231890 0.922013
vt 0.946205 0.281380
vt 0.219100 0.917518
vt 0.222030 0.914322
vt 0.948751 0.281237
vt 0.726749 0.939201
vt 0.228966 0.914324
vt 0.231915 0.917521
vt 0.225495 0.913201
vt 0.947450 0.285954
vt 0.728014 0.943915
vt 0.725776 0.940574
vt 0.728845 0.947064
vt 0.726495 0.950381
vt 0.726216 0.946454
vt 0.222070 0.911151
vt 0.225537 0.909769
vt 0.949725 0.282611
vt 0.949248 0.288493
vt 0.229005 0.911153
vt 0.946565 0.289107
vt 0.948915 0.292424
vt 0.950805 0.282611
vt 0.951245 0.288493
vt 0.724219 0.946454
vt 0.724695 0.940574
vt 0.988195 0.360776
vt 0.988089 0.357288
vt 0.990913 0.357288
vt 0.990804 0.360776
vt 0.951523 0.292424
vt 0.723887 0.950381
vt 0.988195 0.353840
vt 0.990803 0.353840
vt 0.722421 0.943915
vt 0.723722 0.939201
vt 0.816178 0.913258
vt 0.819643 0.911886
vt 0.819618 0.915620
vt 0.816154 0.916708
vt 0.823114 0.913256
vt 0.826061 0.917160
vt 0.826043 0.919800
vt 0.823090 0.916706
vt 0.951778 0.281237
vt 0.721537 0.947064
vt 0.953043 0.285954
vt 0.952452 0.278762
vt 0.723048 0.936725
vt 0.813227 0.919803
vt 0.816141 0.922770
vt 0.813217 0.924443
vt 0.823077 0.922769
vt 0.819604 0.922182
vt 0.954288 0.281380
vt 0.721176 0.939341
vt 0.826033 0.924440
vt 0.953210 0.743399
vt 0.950788 0.743398
vt 0.952969 0.740312
vt 0.950271 0.196687
vt 0.947837 0.196687
vt 0.948077 0.193600
vt 0.021852 0.928289
vt 0.024777 0.928370
vt 0.024790 0.935775
vt 0.021862 0.933957
vt 0.028239 0.928398
vt 0.031712 0.928368
vt 0.031725 0.935774
vt 0.028253 0.936413
vt 0.955249 0.743400
vt 0.954805 0.737696
vt 0.945761 0.196686
vt 0.946205 0.190982
vt 0.034668 0.928286
vt 0.034678 0.933954
vt 0.031749 0.941643
vt 0.028279 0.942766
vt 0.952295 0.737836
vt 0.953560 0.733121
vt 0.947450 0.186407
vt 0.948751 0.191124
vt 0.024813 0.941645
vt 0.034696 0.938446
vt 0.021880 0.938449
vt 0.949248 0.183869
vt 0.949724 0.189750
vt 0.028310 0.946199
vt 0.024842 0.944816
vt 0.954391 0.729972
vt 0.951762 0.730583
vt 0.952041 0.726656
vt 0.951322 0.736462
vt 0.946566 0.183255
vt 0.948916 0.179938
vt 0.031778 0.944815
vt 0.949766 0.730583
vt 0.949432 0.726656
vt 0.950242 0.736462
vt 0.950804 0.189750
vt 0.951524 0.179938
vt 0.951245 0.183869
vt 0.785013 0.983917
vt 0.785119 0.980435
vt 0.787728 0.980435
vt 0.787837 0.983917
vt 0.785119 0.987371
vt 0.787728 0.987371
vt 0.951778 0.191124
vt 0.297636 0.938024
vt 0.294687 0.941927
vt 0.294655 0.938477
vt 0.297612 0.935383
vt 0.291216 0.943297
vt 0.287751 0.941926
vt 0.287720 0.938475
vt 0.291182 0.939562
vt 0.949268 0.737836
vt 0.947967 0.733121
vt 0.953043 0.186407
vt 0.947082 0.729972
vt 0.948595 0.740312
vt 0.946722 0.737696
vt 0.954288 0.190982
vt 0.952451 0.193600
vt 0.291163 0.933000
vt 0.294638 0.932414
vt 0.284797 0.935380
vt 0.284783 0.930739
vt 0.287702 0.932412
vt 0.297598 0.930743
vt 0.954732 0.196686
vt 0.952692 0.196687
vt 0.291163 0.924910
vt 0.294638 0.924940
vt 0.284783 0.925019
vt 0.287702 0.924938
vt 0.948354 0.743399
vt 0.297598 0.925023
vt 0.946278 0.743400
vt 0.948595 0.746485
vt 0.952451 0.199774
vt 0.294655 0.917535
vt 0.297612 0.919355
vt 0.287720 0.917533
vt 0.291182 0.916895
vt 0.946722 0.749104
vt 0.954288 0.202389
vt 0.284797 0.919352
vt 0.294687 0.911666
vt 0.297636 0.914863
vt 0.287751 0.911664
vt 0.291216 0.910543
vt 0.949268 0.748961
vt 0.947967 0.753678
vt 0.953043 0.206964
vt 0.951778 0.202249
vt 0.284821 0.914860
vt 0.951245 0.209502
vt 0.950804 0.203623
vt 0.291259 0.907111
vt 0.294726 0.908495
vt 0.947082 0.756830
vt 0.949766 0.756216
vt 0.949432 0.760147
vt 0.950242 0.750335
vt 0.953874 0.210113
vt 0.951524 0.213429
vt 0.287791 0.908494
vt 0.989702 0.832237
vt 0.989596 0.828749
vt 0.992419 0.828749
vt 0.992310 0.832237
vt 0.951762 0.756216
vt 0.952041 0.760147
vt 0.951322 0.750335
vt 0.949724 0.203623
vt 0.948916 0.213429
vt 0.949248 0.209502
vt 0.989702 0.825302
vt 0.992310 0.825302
vt 0.948751 0.202249
vt 0.946566 0.210113
vt 0.947450 0.206964
vt 0.028279 0.910012
vt 0.031749 0.911382
vt 0.031725 0.914832
vt 0.028253 0.913746
vt 0.952296 0.748961
vt 0.953561 0.753678
vt 0.024813 0.911384
vt 0.024790 0.914834
vt 0.034696 0.915286
vt 0.034678 0.917926
vt 0.031712 0.920895
vt 0.028239 0.920308
vt 0.952969 0.746485
vt 0.954805 0.749104
vt 0.946205 0.202389
vt 0.948077 0.199774
vt 0.024777 0.920896
vt 0.034668 0.922566
vt 0.021862 0.917929
vt 0.021852 0.922569
vt 0.947837 0.236184
vt 0.945761 0.236182
vt 0.946205 0.230479
vt 0.948077 0.233097
vt 0.043626 0.928370
vt 0.047088 0.928398
vt 0.047102 0.936413
vt 0.043639 0.935775
vt 0.050562 0.928368
vt 0.053517 0.928286
vt 0.053527 0.933954
vt 0.050575 0.935774
vt 0.953210 0.782895
vt 0.950788 0.782895
vt 0.952969 0.779808
vt 0.950271 0.236184
vt 0.040701 0.928289
vt 0.040711 0.933957
vt 0.955249 0.782897
vt 0.954805 0.777193
vt 0.948751 0.230621
vt 0.043662 0.941645
vt 0.040729 0.938449
vt 0.050598 0.941643
vt 0.047128 0.942766
vt 0.952295 0.777333
vt 0.953560 0.772618
vt 0.947450 0.225904
vt 0.053545 0.938447
vt 0.050628 0.944815
vt 0.047160 0.946199
vt 0.951322 0.775959
vt 0.951762 0.770080
vt 0.949248 0.223366
vt 0.949724 0.229247
vt 0.043692 0.944816
vt 0.954391 0.769469
vt 0.952041 0.766152
vt 0.946566 0.222752
vt 0.948916 0.219435
vt 0.951245 0.223366
vt 0.950804 0.229247
vt 0.987279 0.944505
vt 0.987173 0.941051
vt 0.989997 0.941051
vt 0.989888 0.944505
vt 0.949766 0.770080
vt 0.949432 0.766152
vt 0.950242 0.775959
vt 0.951524 0.219435
vt 0.987279 0.937569
vt 0.989888 0.937569
vt 0.947967 0.772618
vt 0.947082 0.769469
vt 0.949268 0.777333
vt 0.951778 0.230621
vt 0.909665 0.940647
vt 0.906716 0.944550
vt 0.906684 0.941099
vt 0.909641 0.938005
vt 0.903245 0.945920
vt 0.899780 0.944548
vt 0.899749 0.941097
vt 0.903210 0.942184
vt 0.953043 0.225904
vt 0.952451 0.233097
vt 0.906666 0.935036
vt 0.909627 0.933365
vt 0.899731 0.935034
vt 0.903191 0.935622
vt 0.948595 0.779808
vt 0.946722 0.777193
vt 0.954288 0.230479
vt 0.896825 0.938002
vt 0.896812 0.933362
vt 0.948354 0.782895
vt 0.946278 0.782897
vt 0.954732 0.236182
vt 0.952692 0.236184
vt 0.903191 0.927532
vt 0.906666 0.927562
vt 0.896812 0.927641
vt 0.899731 0.927560
vt 0.909627 0.927645
vt 0.954288 0.241886
vt 0.952451 0.239271
vt 0.903210 0.919517
vt 0.906684 0.920157
vt 0.896825 0.921974
vt 0.899749 0.920155
vt 0.948595 0.785982
vt 0.909641 0.921977
vt 0.946722 0.788601
vt 0.949268 0.788458
vt 0.951778 0.241746
vt 0.906716 0.914288
vt 0.909665 0.917486
vt 0.899780 0.914286
vt 0.903245 0.913165
vt 0.947967 0.793175
vt 0.953043 0.246461
vt 0.896850 0.917482
vt 0.953874 0.249610
vt 0.951524 0.252926
vt 0.951245 0.248999
vt 0.899820 0.911116
vt 0.903287 0.909733
vt 0.950242 0.789832
vt 0.949766 0.795713
vt 0.950804 0.243120
vt 0.906755 0.911118
vt 0.947082 0.796327
vt 0.949432 0.799644
vt 0.949248 0.248999
vt 0.949724 0.243120
vt 0.935676 0.992454
vt 0.935570 0.988966
vt 0.938394 0.988966
vt 0.938285 0.992454
vt 0.951762 0.795713
vt 0.952041 0.799644
vt 0.951322 0.789832
vt 0.948916 0.252926
vt 0.935676 0.985518
vt 0.938285 0.985518
vt 0.043662 0.911384
vt 0.047128 0.910012
vt 0.047102 0.913746
vt 0.043639 0.914834
vt 0.050598 0.911382
vt 0.053545 0.915286
vt 0.053527 0.917926
vt 0.050575 0.914832
vt 0.952296 0.788458
vt 0.948751 0.241746
vt 0.946566 0.249610
vt 0.947450 0.246461
vt 0.953561 0.793175
vt 0.948077 0.239271
vt 0.040711 0.917929
vt 0.043626 0.920896
vt 0.040701 0.922569
vt 0.050562 0.920895
vt 0.047088 0.920308
vt 0.952969 0.785982
vt 0.954805 0.788601
vt 0.946205 0.241886
vt 0.053517 0.922566
vt 0.947842 0.059248
vt 0.945766 0.059247
vt 0.946210 0.053543
vt 0.948082 0.056162
vt 0.005927 0.928370
vt 0.009390 0.928398
vt 0.009404 0.936413
vt 0.005940 0.935775
vt 0.012863 0.928368
vt 0.015819 0.928286
vt 0.015829 0.933954
vt 0.012876 0.935774
vt 0.953210 0.822392
vt 0.950788 0.822392
vt 0.952969 0.819306
vt 0.950276 0.059249
vt 0.003003 0.928289
vt 0.003013 0.933957
vt 0.955249 0.822394
vt 0.954805 0.816690
vt 0.952295 0.816830
vt 0.948756 0.053686
vt 0.005964 0.941645
vt 0.003031 0.938449
vt 0.012900 0.941643
vt 0.009429 0.942766
vt 0.953560 0.812115
vt 0.947455 0.048969
vt 0.015847 0.938447
vt 0.946571 0.045816
vt 0.948921 0.042500
vt 0.949253 0.046431
vt 0.012929 0.944815
vt 0.009461 0.946199
vt 0.951322 0.815456
vt 0.951762 0.809577
vt 0.949729 0.052312
vt 0.005993 0.944816
vt 0.954391 0.808966
vt 0.952040 0.805649
vt 0.951250 0.046431
vt 0.950810 0.052312
vt 0.057005 0.854923
vt 0.056899 0.851470
vt 0.059722 0.851470
vt 0.059613 0.854923
vt 0.949765 0.809577
vt 0.949432 0.805649
vt 0.950242 0.815456
vt 0.951529 0.042500
vt 0.057005 0.847988
vt 0.059613 0.847988
vt 0.210107 0.944585
vt 0.206636 0.945955
vt 0.206602 0.942220
vt 0.210076 0.941134
vt 0.947967 0.812115
vt 0.947082 0.808966
vt 0.949268 0.816830
vt 0.951783 0.053686
vt 0.213056 0.940682
vt 0.213032 0.938041
vt 0.203172 0.944583
vt 0.203140 0.941132
vt 0.953048 0.048969
vt 0.952457 0.056162
vt 0.210058 0.935071
vt 0.213019 0.933401
vt 0.203123 0.935070
vt 0.206583 0.935658
vt 0.948595 0.819306
vt 0.946722 0.816690
vt 0.954293 0.053543
vt 0.200217 0.938037
vt 0.200204 0.933397
vt 0.203123 0.927596
vt 0.206583 0.927568
vt 0.948354 0.822392
vt 0.946278 0.822394
vt 0.954737 0.059247
vt 0.952697 0.059248
vt 0.210058 0.927598
vt 0.200204 0.927677
vt 0.213019 0.927680
vt 0.954293 0.064951
vt 0.952457 0.062335
vt 0.206602 0.919553
vt 0.210076 0.920193
vt 0.200217 0.922010
vt 0.203140 0.920191
vt 0.948595 0.825479
vt 0.213032 0.922013
vt 0.946722 0.828098
vt 0.200241 0.917518
vt 0.203172 0.914322
vt 0.949268 0.827955
vt 0.951783 0.064811
vt 0.210107 0.914324
vt 0.213056 0.917521
vt 0.206636 0.913201
vt 0.947967 0.832672
vt 0.953048 0.069525
vt 0.950810 0.066185
vt 0.953879 0.072675
vt 0.951529 0.075991
vt 0.951250 0.072064
vt 0.203211 0.911151
vt 0.206679 0.909769
vt 0.950242 0.829329
vt 0.949766 0.835210
vt 0.210147 0.911153
vt 0.947082 0.835824
vt 0.949432 0.839141
vt 0.951322 0.829329
vt 0.951762 0.835210
vt 0.949253 0.072064
vt 0.949729 0.066185
vt 0.568583 0.992721
vt 0.568477 0.989233
vt 0.571300 0.989233
vt 0.571191 0.992721
vt 0.952041 0.839141
vt 0.948921 0.075991
vt 0.568582 0.985786
vt 0.571191 0.985786
vt 0.947455 0.069525
vt 0.948756 0.064811
vt 0.005964 0.911384
vt 0.009429 0.910012
vt 0.009404 0.913746
vt 0.005940 0.914834
vt 0.012900 0.911382
vt 0.015847 0.915286
vt 0.015829 0.917926
vt 0.012876 0.914832
vt 0.952296 0.827955
vt 0.946571 0.072675
vt 0.953561 0.832672
vt 0.952969 0.825479
vt 0.948082 0.062335
vt 0.003013 0.917929
vt 0.005927 0.920896
vt 0.003003 0.922569
vt 0.012863 0.920895
vt 0.009390 0.920308
vt 0.954805 0.828098
vt 0.946210 0.064951
vt 0.015819 0.922566
vt 0.947842 0.019751
vt 0.945766 0.019750
vt 0.946210 0.014046
vt 0.948082 0.016665
vt 0.797292 0.930238
vt 0.800755 0.930265
vt 0.800769 0.938281
vt 0.797305 0.937643
vt 0.804228 0.930236
vt 0.807183 0.930154
vt 0.807193 0.935822
vt 0.804241 0.937641
vt 0.954292 0.561022
vt 0.951871 0.561022
vt 0.954052 0.557935
vt 0.950276 0.019752
vt 0.794367 0.930157
vt 0.794378 0.935824
vt 0.956332 0.561024
vt 0.955888 0.555320
vt 0.807211 0.940314
vt 0.804264 0.943511
vt 0.953378 0.555460
vt 0.948756 0.014189
vt 0.797329 0.943512
vt 0.794396 0.940317
vt 0.800794 0.944634
vt 0.954643 0.550745
vt 0.947455 0.009472
vt 0.949729 0.012815
vt 0.946571 0.006319
vt 0.948921 0.003003
vt 0.949254 0.006934
vt 0.804294 0.946683
vt 0.800826 0.948067
vt 0.952405 0.554086
vt 0.952844 0.548207
vt 0.797358 0.946684
vt 0.955473 0.547596
vt 0.953123 0.544279
vt 0.951324 0.554086
vt 0.950848 0.548207
vt 0.951250 0.006934
vt 0.950810 0.012815
vt 0.988195 0.347835
vt 0.988089 0.344381
vt 0.990913 0.344381
vt 0.990803 0.347835
vt 0.950515 0.544279
vt 0.951529 0.003003
vt 0.988195 0.340899
vt 0.990804 0.340899
vt 0.953048 0.009472
vt 0.951783 0.014189
vt 0.191249 0.944576
vt 0.187778 0.945946
vt 0.187744 0.942210
vt 0.191217 0.941125
vt 0.949049 0.550745
vt 0.948165 0.547596
vt 0.950351 0.555460
vt 0.194198 0.940673
vt 0.194174 0.938031
vt 0.184313 0.944574
vt 0.184282 0.941123
vt 0.949677 0.557935
vt 0.952457 0.016665
vt 0.191200 0.935062
vt 0.194160 0.933391
vt 0.184264 0.935060
vt 0.187725 0.935648
vt 0.947805 0.555320
vt 0.954293 0.014046
vt 0.181359 0.938028
vt 0.181345 0.933387
vt 0.191200 0.927588
vt 0.194160 0.927671
vt 0.184264 0.927586
vt 0.187725 0.927558
vt 0.949437 0.561022
vt 0.947361 0.561023
vt 0.954737 0.019750
vt 0.952697 0.019751
vt 0.181345 0.927667
vt 0.954293 0.025454
vt 0.952457 0.022838
vt 0.187744 0.919543
vt 0.191217 0.920183
vt 0.181359 0.922000
vt 0.184282 0.920181
vt 0.949677 0.564109
vt 0.194174 0.922003
vt 0.947805 0.566727
vt 0.187778 0.913191
vt 0.191249 0.914314
vt 0.181383 0.917508
vt 0.184313 0.914312
vt 0.950351 0.566585
vt 0.951783 0.025314
vt 0.194198 0.917512
vt 0.949050 0.571302
vt 0.953048 0.030028
vt 0.950810 0.026688
vt 0.953879 0.033178
vt 0.951529 0.036494
vt 0.951250 0.032567
vt 0.184353 0.911142
vt 0.187821 0.909759
vt 0.951324 0.567959
vt 0.950848 0.573840
vt 0.191288 0.911144
vt 0.948165 0.574454
vt 0.950515 0.577771
vt 0.611884 0.989232
vt 0.611990 0.985784
vt 0.614598 0.985784
vt 0.614707 0.989232
vt 0.952405 0.567959
vt 0.952844 0.573840
vt 0.949253 0.032567
vt 0.949729 0.026688
vt 0.611990 0.992720
vt 0.614598 0.992720
vt 0.953123 0.577771
vt 0.948921 0.036494
vt 0.947455 0.030028
vt 0.948756 0.025314
vt 0.797329 0.913251
vt 0.800794 0.911880
vt 0.800769 0.915614
vt 0.797305 0.916701
vt 0.804264 0.913250
vt 0.807211 0.917153
vt 0.807193 0.919794
vt 0.804241 0.916700
vt 0.953378 0.566585
vt 0.946571 0.033178
vt 0.954643 0.571302
vt 0.807183 0.924434
vt 0.804228 0.922762
vt 0.954052 0.564109
vt 0.948082 0.022838
vt 0.794378 0.919797
vt 0.797292 0.922764
vt 0.794367 0.924437
vt 0.800755 0.922176
vt 0.955888 0.566727
vt 0.946210 0.025454
vt 0.343011 0.936463
vt 0.346816 0.936511
vt 0.346842 0.942481
vt 0.343035 0.941979
vt 0.350640 0.936452
vt 0.353903 0.936296
vt 0.353921 0.940518
vt 0.350664 0.941968
vt 0.874904 0.927073
vt 0.870484 0.927925
vt 0.874027 0.924885
vt 0.771502 0.929239
vt 0.767069 0.928384
vt 0.767945 0.926195
vt 0.339805 0.936317
vt 0.339824 0.940539
vt 0.878637 0.926355
vt 0.877017 0.922310
vt 0.763297 0.927655
vt 0.764917 0.923611
vt 0.769525 0.924609
vt 0.762877 0.921880
vt 0.766692 0.918050
vt 0.767836 0.920680
vt 0.350708 0.946263
vt 0.346889 0.947131
vt 0.872447 0.923298
vt 0.874098 0.919379
vt 0.343078 0.946275
vt 0.878999 0.920594
vt 0.875185 0.916765
vt 0.870477 0.922629
vt 0.870457 0.918142
vt 0.771477 0.919443
vt 0.771496 0.923939
vt 0.646118 0.944613
vt 0.649922 0.944044
vt 0.649907 0.948771
vt 0.646104 0.948980
vt 0.653747 0.944592
vt 0.657010 0.946172
vt 0.657000 0.949515
vt 0.653734 0.948959
vt 0.771448 0.916434
vt 0.775117 0.920145
vt 0.773466 0.924319
vt 0.649922 0.954015
vt 0.646118 0.953825
vt 0.657010 0.953222
vt 0.653747 0.953803
vt 0.868507 0.923009
vt 0.642902 0.949554
vt 0.642913 0.953262
vt 0.866817 0.918844
vt 0.866927 0.924363
vt 0.775046 0.925673
vt 0.776204 0.917351
vt 0.780019 0.920620
vt 0.778036 0.922647
vt 0.653786 0.958165
vt 0.649964 0.958736
vt 0.863898 0.921346
vt 0.646156 0.958186
vt 0.865672 0.916066
vt 0.861858 0.919335
vt 0.382138 0.944084
vt 0.378874 0.946341
vt 0.378841 0.941687
vt 0.382114 0.940522
vt 0.375049 0.947129
vt 0.371245 0.946326
vt 0.371212 0.941672
vt 0.375013 0.942091
vt 0.866050 0.926423
vt 0.862278 0.925153
vt 0.779656 0.926453
vt 0.775922 0.927733
vt 0.368042 0.944056
vt 0.368017 0.940493
vt 0.779656 0.930810
vt 0.775922 0.930091
vt 0.375013 0.935982
vt 0.378841 0.936043
vt 0.368017 0.936174
vt 0.371212 0.936028
vt 0.866050 0.928781
vt 0.382114 0.936202
vt 0.862278 0.929509
vt 0.375049 0.930012
vt 0.378874 0.930528
vt 0.368042 0.931953
vt 0.371245 0.930513
vt 0.866927 0.930969
vt 0.775046 0.932280
vt 0.382138 0.931981
vt 0.863898 0.933554
vt 0.778036 0.934854
vt 0.773466 0.933866
vt 0.780019 0.936570
vt 0.776204 0.940399
vt 0.775117 0.937785
vt 0.371303 0.926219
vt 0.375112 0.925364
vt 0.868507 0.932556
vt 0.866817 0.936485
vt 0.378932 0.926234
vt 0.861858 0.935285
vt 0.865672 0.939114
vt 0.410425 0.958738
vt 0.406625 0.958165
vt 0.406606 0.953797
vt 0.410405 0.954011
vt 0.870477 0.933225
vt 0.870457 0.937722
vt 0.771477 0.939022
vt 0.771496 0.934536
vt 0.414254 0.958195
vt 0.414235 0.953827
vt 0.870428 0.940730
vt 0.417529 0.956618
vt 0.417515 0.953275
vt 0.767836 0.938320
vt 0.769525 0.934156
vt 0.410425 0.948767
vt 0.414254 0.948983
vt 0.403418 0.953220
vt 0.403432 0.949512
vt 0.406625 0.948953
vt 0.872447 0.932845
vt 0.417529 0.949568
vt 0.874098 0.937020
vt 0.875185 0.939813
vt 0.877017 0.934518
vt 0.878999 0.936544
vt 0.874027 0.931491
vt 0.767945 0.932802
vt 0.766692 0.941098
vt 0.762877 0.937829
vt 0.764917 0.935818
vt 0.406679 0.944592
vt 0.410484 0.944047
vt 0.414308 0.944622
vt 0.767069 0.930742
vt 0.339824 0.928436
vt 0.343035 0.926167
vt 0.343011 0.930820
vt 0.339805 0.931998
vt 0.346842 0.925366
vt 0.350664 0.926155
vt 0.350640 0.930809
vt 0.346816 0.930402
vt 0.874904 0.929431
vt 0.878637 0.930711
vt 0.763297 0.932012
vt 0.353921 0.928415
vt 0.353903 0.931977
vt 0.600084 0.941358
vt 0.596275 0.941358
vt 0.599706 0.939506
vt 0.324698 0.946463
vt 0.320991 0.945537
vt 0.321806 0.943832
vt 0.835377 0.953593
vt 0.837999 0.953717
vt 0.838019 0.958127
vt 0.835393 0.956968
vt 0.841112 0.953757
vt 0.844241 0.953707
vt 0.844262 0.958117
vt 0.841134 0.958530
vt 0.603302 0.941359
vt 0.602604 0.937937
vt 0.317838 0.944749
vt 0.319344 0.941598
vt 0.846911 0.953575
vt 0.846927 0.956950
vt 0.844298 0.961545
vt 0.841174 0.962241
vt 0.598648 0.938021
vt 0.600648 0.935192
vt 0.321906 0.939408
vt 0.323193 0.942647
vt 0.838056 0.961555
vt 0.604526 0.936889
vt 0.601971 0.933303
vt 0.317686 0.940101
vt 0.321034 0.937240
vt 0.325018 0.938615
vt 0.324877 0.942218
vt 0.348714 0.965095
vt 0.345599 0.965567
vt 0.345622 0.961568
vt 0.348734 0.961400
vt 0.342471 0.965095
vt 0.339806 0.963750
vt 0.339821 0.960921
vt 0.342492 0.961400
vt 0.597118 0.937197
vt 0.325099 0.936204
vt 0.597822 0.933669
vt 0.339821 0.957784
vt 0.342492 0.957301
vt 0.595420 0.937197
vt 0.326524 0.942629
vt 0.351356 0.960922
vt 0.348734 0.957301
vt 0.351356 0.957784
vt 0.345622 0.957131
vt 0.594684 0.933669
vt 0.328061 0.939375
vt 0.327808 0.943799
vt 0.348714 0.953610
vt 0.351340 0.954960
vt 0.342471 0.953610
vt 0.345599 0.953136
vt 0.593891 0.938021
vt 0.591858 0.935192
vt 0.330435 0.941537
vt 0.339806 0.954959
vt 0.592832 0.939506
vt 0.589902 0.937937
vt 0.331668 0.944674
vt 0.328475 0.945496
vt 0.438781 0.960834
vt 0.435651 0.961462
vt 0.435621 0.957422
vt 0.438753 0.957102
vt 0.590486 0.933303
vt 0.587931 0.936889
vt 0.441453 0.959033
vt 0.441432 0.956177
vt 0.432539 0.960821
vt 0.432511 0.957089
vt 0.331516 0.948163
vt 0.328393 0.947385
vt 0.435621 0.952532
vt 0.438753 0.952584
vt 0.429898 0.956152
vt 0.429898 0.952694
vt 0.432511 0.952571
vt 0.592455 0.941358
vt 0.441432 0.952719
vt 0.589204 0.941359
vt 0.592832 0.943210
vt 0.327578 0.949091
vt 0.438781 0.948175
vt 0.441453 0.949344
vt 0.432539 0.948162
vt 0.435651 0.947760
vt 0.589902 0.944782
vt 0.330010 0.951315
vt 0.429919 0.949319
vt 0.331622 0.952797
vt 0.328274 0.955657
vt 0.327447 0.953504
vt 0.432588 0.944735
vt 0.435704 0.944050
vt 0.593891 0.944696
vt 0.591858 0.947526
vt 0.326192 0.950275
vt 0.438830 0.944748
vt 0.587931 0.945832
vt 0.590486 0.949418
vt 0.324336 0.954297
vt 0.324508 0.950705
vt 0.370691 0.953607
vt 0.373821 0.953134
vt 0.373853 0.957134
vt 0.370720 0.957302
vt 0.594684 0.949049
vt 0.594179 0.951408
vt 0.595420 0.945520
vt 0.368017 0.954952
vt 0.368039 0.957780
vt 0.376933 0.953607
vt 0.376962 0.957302
vt 0.373853 0.961571
vt 0.370720 0.961401
vt 0.379573 0.957780
vt 0.379573 0.960917
vt 0.376962 0.961401
vt 0.597118 0.945520
vt 0.322861 0.950293
vt 0.368039 0.960917
vt 0.597822 0.949049
vt 0.321293 0.953537
vt 0.321576 0.949123
vt 0.370691 0.965092
vt 0.368017 0.963742
vt 0.376933 0.965092
vt 0.373821 0.965566
vt 0.598648 0.944696
vt 0.600648 0.947526
vt 0.318919 0.951375
vt 0.379551 0.963742
vt 0.841134 0.944829
vt 0.844262 0.945458
vt 0.844241 0.949189
vt 0.841112 0.948867
vt 0.599706 0.943211
vt 0.602604 0.944782
vt 0.317686 0.948238
vt 0.320909 0.947426
vt 0.838019 0.945469
vt 0.837999 0.949199
vt 0.846927 0.947262
vt 0.846911 0.950117
vt 0.835393 0.947280
vt 0.835377 0.950136
vt 0.258114 0.959064
vt 0.244341 0.958999
vt 0.244341 0.943478
vt 0.258114 0.943544
vt 0.067003 0.943425
vt 0.080777 0.943384
vt 0.080777 0.962678
vt 0.067003 0.962718
vt 0.674284 0.943739
vt 0.688058 0.943693
vt 0.688058 0.959213
vt 0.674284 0.959260
vt 0.929565 0.956816
vt 0.915791 0.956762
vt 0.915791 0.937466
vt 0.929565 0.937520
vt 0.131006 0.943951
vt 0.131006 0.924013
vt 0.147319 0.924012
vt 0.147319 0.943950
vt 0.169637 0.924013
vt 0.169637 0.943951
vt 0.153324 0.943950
vt 0.153324 0.924012
s 0
usemtl PizzaShopBaked_lvl3
f 1/1/1 2/2/1 4/3/1 3/4/1
f 3/5/2 4/6/2 8/7/2 7/8/2
f 7/9/3 8/10/3 6/11/3 5/12/3
f 5/13/4 6/14/4 2/15/4 1/16/4
f 3/17/5 7/18/5 5/19/5 1/20/5
f 8/21/6 4/22/6 2/23/6 6/24/6
f 9/25/1 10/26/1 12/27/1 11/28/1
f 11/29/2 12/30/2 16/31/2 15/32/2
f 15/33/3 16/34/3 14/35/3 13/36/3
f 13/37/4 14/38/4 10/39/4 9/40/4
f 11/41/5 15/42/5 13/43/5 9/44/5
f 16/45/6 12/46/6 10/47/6 14/48/6
f 17/49/1 18/50/1 20/51/1 19/52/1
f 19/53/2 20/54/2 24/55/2 23/56/2
f 23/57/3 24/58/3 22/59/3 21/60/3
f 21/61/4 22/62/4 18/63/4 17/64/4
f 19/65/5 23/66/5 21/67/5 17/68/5
f 24/69/6 20/70/6 18/71/6 22/72/6
f 25/73/1 26/74/1 28/75/1 27/76/1
f 27/77/2 28/78/2 32/79/2 31/80/2
f 31/81/3 32/82/3 30/83/3 29/84/3
f 29/85/4 30/86/4 26/87/4 25/88/4
f 27/89/5 31/90/5 29/91/5 25/92/5
f 32/93/6 28/94/6 26/95/6 30/96/6
f 33/97/1 34/98/1 36/99/1 35/100/1
f 35/101/2 36/102/2 40/103/2 39/104/2
f 39/105/3 40/106/3 38/107/3 37/108/3
f 37/109/4 38/110/4 34/111/4 33/112/4
f 35/113/5 39/114/5 37/115/5 33/116/5
f 40/117/6 36/118/6 34/119/6 38/120/6
f 41/121/1 42/122/1 44/123/1 43/124/1
f 43/125/2 44/126/2 48/127/2 47/128/2
f 47/129/3 48/130/3 46/131/3 45/132/3
f 45/133/4 46/134/4 42/135/4 41/136/4
f 43/137/5 47/138/5 45/139/5 41/140/5
f 48/141/6 44/142/6 42/143/6 46/144/6
f 49/145/1 50/146/1 52/147/1 51/148/1
f 51/149/2 52/150/2 56/151/2 55/152/2
f 55/153/3 56/154/3 54/155/3 53/156/3
f 53/157/4 54/158/4 50/159/4 49/160/4
f 51/161/5 55/162/5 53/163/5 49/164/5
f 56/165/6 52/166/6 50/167/6 54/168/6
f 57/169/1 58/170/1 60/171/1 59/172/1
f 59/173/2 60/174/2 64/175/2 63/176/2
f 63/177/3 64/178/3 62/179/3 61/180/3
f 61/181/4 62/182/4 58/183/4 57/184/4
f 59/185/5 63/186/5 61/187/5 57/188/5
f 64/189/6 60/190/6 58/191/6 62/192/6
f 65/193/1 66/194/1 68/195/1 67/196/1
f 67/197/2 68/198/2 72/199/2 71/200/2
f 71/201/3 72/202/3 70/203/3 69/204/3
f 69/205/4 70/206/4 66/207/4 65/208/4
f 67/209/5 71/210/5 69/211/5 65/212/5
f 72/213/6 68/214/6 66/215/6 70/216/6
f 73/217/1 74/218/1 76/219/1 75/220/1
f 75/221/2 76/222/2 80/223/2 79/224/2
f 79/225/3 80/226/3 78/227/3 77/228/3
f 77/229/4 78/230/4 74/231/4 73/232/4
f 75/233/5 79/234/5 77/235/5 73/236/5
f 80/237/6 76/238/6 74/239/6 78/240/6
f 81/241/1 82/242/1 84/243/1 83/244/1
f 83/245/2 84/246/2 88/247/2 87/248/2
f 87/249/3 88/250/3 86/251/3 85/252/3
f 85/253/4 86/254/4 82/255/4 81/256/4
f 83/257/5 87/258/5 85/259/5 81/260/5
f 88/261/6 84/262/6 82/263/6 86/264/6
f 89/265/1 90/266/1 92/267/1 91/268/1
f 91/269/2 92/270/2 96/271/2 95/272/2
f 95/273/3 96/274/3 94/275/3 93/276/3
f 93/277/4 94/278/4 90/279/4 89/280/4
f 91/281/5 95/282/5 93/283/5 89/284/5
f 96/285/6 92/286/6 90/287/6 94/288/6
f 97/289/1 98/290/1 100/291/1 99/292/1
f 99/293/2 100/294/2 104/295/2 103/296/2
f 103/297/3 104/298/3 102/299/3 101/300/3
f 101/301/4 102/302/4 98/303/4 97/304/4
f 99/305/5 103/306/5 101/307/5 97/308/5
f 104/309/6 100/310/6 98/311/6 102/312/6
f 109/313/4 111/314/4 110/315/4
f 109/313/4 114/316/4 111/314/4
f 114/316/4 112/317/4 111/314/4
f 109/313/4 115/318/4 114/316/4
f 113/319/4 112/317/4 114/316/4
f 109/313/4 107/320/4 115/318/4
f 107/320/4 113/319/4 115/318/4
f 107/320/4 106/321/4 113/319/4
f 106/321/4 112/317/4 113/319/4
f 109/313/4 108/322/4 107/320/4
f 105/323/4 112/317/4 106/321/4
f 123/324/4 117/325/4 116/326/4
f 123/324/4 122/327/4 117/325/4
f 122/327/4 118/328/4 117/325/4
f 121/329/4 118/328/4 122/327/4
f 121/329/4 119/330/4 118/328/4
f 121/329/4 120/331/4 119/330/4
f 131/332/4 125/333/4 124/334/4
f 131/332/4 130/335/4 125/333/4
f 130/335/4 126/336/4 125/333/4
f 129/337/4 126/336/4 130/335/4
f 129/337/4 127/338/4 126/336/4
f 129/337/4 128/339/4 127/338/4
f 132/340/4 134/341/4 133/342/4
f 132/340/4 135/343/4 134/341/4
f 162/344/4 190/345/4 163/346/4
f 190/345/4 164/347/4 163/346/4
f 190/345/4 136/348/4 164/347/4
f 190/345/4 137/349/4 136/348/4
f 190/345/4 138/350/4 137/349/4
f 190/345/4 139/351/4 138/350/4
f 190/345/4 140/352/4 139/351/4
f 190/345/4 141/353/4 140/352/4
f 190/345/4 142/354/4 141/353/4
f 190/345/7 189/355/7 142/354/7
f 189/355/4 143/356/4 142/354/4
f 162/344/4 191/357/4 190/345/4
f 188/358/4 143/356/4 189/355/4
f 187/359/4 143/356/4 188/358/4
f 186/360/4 143/356/4 187/359/4
f 186/360/4 144/361/4 143/356/4
f 185/362/7 144/361/7 186/360/7
f 184/363/8 144/361/8 185/362/8
f 183/364/4 144/361/4 184/363/4
f 183/364/4 145/365/4 144/361/4
f 182/366/7 145/365/7 183/364/7
f 181/367/4 145/365/4 182/366/4
f 180/368/4 145/365/4 181/367/4
f 180/368/4 146/369/4 145/365/4
f 179/370/4 146/369/4 180/368/4
f 178/371/4 146/369/4 179/370/4
f 178/371/4 147/372/4 146/369/4
f 177/373/4 147/372/4 178/371/4
f 176/374/4 147/372/4 177/373/4
f 176/374/4 148/375/4 147/372/4
f 175/376/4 148/375/4 176/374/4
f 175/376/4 149/377/4 148/375/4
f 174/378/4 149/377/4 175/376/4
f 173/379/8 149/377/8 174/378/8
f 173/379/4 150/380/4 149/377/4
f 172/381/4 150/380/4 173/379/4
f 171/382/4 150/380/4 172/381/4
f 171/382/4 151/383/4 150/380/4
f 170/384/4 151/383/4 171/382/4
f 169/385/7 151/383/7 170/384/7
f 168/386/8 151/383/8 169/385/8
f 167/387/7 151/383/7 168/386/7
f 167/387/4 152/388/4 151/383/4
f 166/389/4 152/388/4 167/387/4
f 165/390/4 152/388/4 166/389/4
f 162/344/4 160/391/4 191/357/4
f 160/391/4 165/390/4 191/357/4
f 160/391/4 152/388/4 165/390/4
f 160/391/4 153/392/4 152/388/4
f 160/391/4 154/393/4 153/392/4
f 160/391/4 155/394/4 154/393/4
f 160/391/4 156/395/4 155/394/4
f 160/391/4 157/396/4 156/395/4
f 160/391/7 158/397/7 157/396/7
f 160/391/9 159/398/9 158/397/9
f 162/344/4 161/399/4 160/391/4
f 196/400/2 197/401/2 198/402/2
f 196/400/2 198/402/2 201/403/2
f 201/403/2 198/402/2 199/404/2
f 196/400/2 201/403/2 202/405/2
f 200/406/2 201/403/2 199/404/2
f 196/400/2 202/405/2 194/407/2
f 194/407/2 202/405/2 200/406/2
f 194/407/2 200/406/2 193/408/2
f 193/408/2 200/406/2 199/404/2
f 196/400/2 194/407/2 195/409/2
f 192/410/2 193/408/2 199/404/2
f 210/411/2 203/412/2 204/413/2
f 210/411/2 204/413/2 209/414/2
f 209/414/2 204/413/2 205/415/2
f 208/416/2 209/414/2 205/415/2
f 208/416/2 205/415/2 206/417/2
f 208/416/2 206/417/2 207/418/2
f 218/419/2 211/420/2 212/421/2
f 218/419/2 212/421/2 217/422/2
f 217/422/2 212/421/2 213/423/2
f 216/424/2 217/422/2 213/423/2
f 216/424/2 213/423/2 214/425/2
f 216/424/2 214/425/2 215/426/2
f 219/427/2 220/428/2 221/429/2
f 219/427/2 221/429/2 222/430/2
f 249/431/2 250/432/2 277/433/2
f 277/433/2 250/432/2 251/434/2
f 277/433/2 251/434/2 223/435/2
f 277/433/2 223/435/2 224/436/2
f 277/433/2 224/436/2 225/437/2
f 277/433/2 225/437/2 226/438/2
f 277/433/2 226/438/2 227/439/2
f 277/433/2 227/439/2 228/440/2
f 277/433/2 228/440/2 229/441/2
f 277/433/2 229/441/2 276/442/2
f 276/442/2 229/441/2 230/443/2
f 249/431/2 277/433/2 278/444/2
f 275/445/2 276/442/2 230/443/2
f 274/446/2 275/445/2 230/443/2
f 273/447/2 274/446/2 230/443/2
f 273/447/2 230/443/2 231/448/2
f 272/449/2 273/447/2 231/448/2
f 271/450/2 272/449/2 231/448/2
f 270/451/2 271/450/2 231/448/2
f 270/451/2 231/448/2 232/452/2
f 269/453/2 270/451/2 232/452/2
f 268/454/10 269/453/10 232/452/10
f 267/455/2 268/454/2 232/452/2
f 267/455/2 232/452/2 233/456/2
f 266/457/10 267/455/10 233/456/10
f 265/458/2 266/457/2 233/456/2
f 265/458/2 233/456/2 234/459/2
f 264/460/2 265/458/2 234/459/2
f 263/461/2 264/460/2 234/459/2
f 263/461/2 234/459/2 235/462/2
f 262/463/2 263/461/2 235/462/2
f 262/463/2 235/462/2 236/464/2
f 261/465/2 262/463/2 236/464/2
f 260/466/2 261/465/2 236/464/2
f 260/466/2 236/464/2 237/467/2
f 259/468/2 260/466/2 237/467/2
f 258/469/2 259/468/2 237/467/2
f 258/469/2 237/467/2 238/470/2
f 257/471/2 258/469/2 238/470/2
f 256/472/2 257/471/2 238/470/2
f 255/473/2 256/472/2 238/470/2
f 254/474/2 255/473/2 238/470/2
f 254/474/2 238/470/2 239/475/2
f 253/476/2 254/474/2 239/475/2
f 252/477/2 253/476/2 239/475/2
f 249/431/2 278/444/2 247/478/2
f 247/478/2 278/444/2 252/477/2
f 247/478/2 252/477/2 239/475/2
f 247/478/2 239/475/2 240/479/2
f 247/478/2 240/479/2 241/480/2
f 247/478/2 241/480/2 242/481/2
f 247/478/2 242/481/2 243/482/2
f 247/478/2 243/482/2 244/483/2
f 247/478/2 244/483/2 245/484/2
f 247/478/2 245/484/2 246/485/2
f 249/431/2 247/478/2 248/486/2
s 1
f 280/487/11 292/488/12 291/489/13 279/490/14
f 281/491/15 293/492/16 292/488/12 280/487/11
f 282/493/17 294/494/18 293/492/16 281/491/15
f 283/495/19 295/496/20 294/497/18 282/498/17
f 284/499/21 296/500/22 295/496/20 283/495/19
f 285/501/23 297/502/24 296/500/22 284/499/21
f 286/503/25 298/504/26 297/502/24 285/501/23
f 287/505/27 299/506/28 298/504/26 286/503/25
f 288/507/29 300/508/30 299/506/28 287/505/27
f 289/509/31 301/510/32 300/511/30 288/512/29
f 290/513/33 302/514/34 301/510/32 289/509/31
f 292/488/12 304/515/35 303/516/36 291/489/13
f 293/492/16 305/517/37 304/515/35 292/488/12
f 294/494/18 306/518/38 305/517/37 293/492/16
f 295/496/20 307/519/39 306/520/38 294/497/18
f 296/500/22 308/521/40 307/519/39 295/496/20
f 297/502/24 309/522/41 308/521/40 296/500/22
f 298/504/26 310/523/42 309/522/41 297/502/24
f 299/506/28 311/524/43 310/523/42 298/504/26
f 300/511/30 312/525/44 311/526/43 299/527/28
f 301/510/32 313/528/45 312/525/44 300/511/30
f 302/514/34 314/529/46 313/528/45 301/510/32
f 304/515/35 316/530/47 315/531/48 303/516/36
f 305/517/37 317/532/49 316/530/47 304/515/35
f 306/518/38 318/533/50 317/532/49 305/517/37
f 307/519/39 319/534/51 318/535/50 306/520/38
f 308/521/40 320/536/52 319/534/51 307/519/39
f 309/522/41 321/537/53 320/536/52 308/521/40
f 310/523/42 322/538/54 321/537/53 309/522/41
f 311/524/43 323/539/55 322/538/54 310/523/42
f 312/525/44 324/540/56 323/541/55 311/526/43
f 313/528/45 325/542/57 324/540/56 312/525/44
f 314/529/46 326/543/58 325/542/57 313/528/45
f 316/530/47 328/544/59 327/545/60 315/531/48
f 317/532/49 329/546/61 328/544/59 316/530/47
f 318/533/50 330/547/62 329/546/61 317/532/49
f 319/534/51 331/548/63 330/549/62 318/535/50
f 320/536/52 332/550/64 331/548/63 319/534/51
f 321/537/53 333/551/65 332/550/64 320/536/52
f 322/538/54 334/552/66 333/551/65 321/537/53
f 323/539/55 335/553/67 334/552/66 322/538/54
f 324/540/56 336/554/68 335/555/67 323/541/55
f 325/542/57 337/556/69 336/554/68 324/540/56
f 326/543/58 338/557/70 337/556/69 325/542/57
f 328/544/59 340/558/71 339/559/72 327/545/60
f 329/546/61 341/560/73 340/558/71 328/544/59
f 330/547/62 342/561/74 341/560/73 329/546/61
f 331/548/63 343/562/75 342/563/74 330/549/62
f 332/550/64 344/564/76 343/562/75 331/548/63
f 333/551/65 345/565/77 344/564/76 332/550/64
f 334/552/66 346/566/78 345/565/77 333/551/65
f 335/553/67 347/567/79 346/566/78 334/552/66
f 336/554/68 348/568/80 347/569/79 335/555/67
f 337/556/69 349/570/81 348/568/80 336/554/68
f 338/557/70 350/571/82 349/570/81 337/556/69
f 340/558/71 352/572/83 351/573/84 339/559/72
f 341/560/73 353/574/85 352/572/83 340/558/71
f 342/561/74 354/575/86 353/574/85 341/560/73
f 343/576/75 355/577/87 354/578/86 342/579/74
f 344/580/76 356/581/88 355/577/87 343/576/75
f 345/582/77 357/583/89 356/581/88 344/580/76
f 346/584/78 358/585/90 357/583/89 345/582/77
f 347/586/79 359/587/91 358/585/90 346/584/78
f 348/568/80 360/588/92 359/589/91 347/569/79
f 349/570/81 361/590/93 360/588/92 348/568/80
f 350/571/82 362/591/94 361/590/93 349/570/81
f 352/572/83 364/592/95 363/593/96 351/573/84
f 353/574/85 365/594/97 364/592/95 352/572/83
f 354/575/86 366/595/98 365/594/97 353/574/85
f 355/577/87 367/596/99 366/597/98 354/578/86
f 356/581/88 368/598/100 367/596/99 355/577/87
f 357/583/89 369/599/101 368/598/100 356/581/88
f 358/585/90 370/600/102 369/599/101 357/583/89
f 359/587/91 371/601/103 370/600/102 358/585/90
f 360/588/92 372/602/104 371/603/103 359/589/91
f 361/590/93 373/604/105 372/602/104 360/588/92
f 362/591/94 374/605/106 373/604/105 361/590/93
f 364/592/95 376/606/107 375/607/108 363/593/96
f 365/594/97 377/608/109 376/606/107 364/592/95
f 366/595/98 378/609/110 377/608/109 365/594/97
f 367/596/99 379/610/111 378/611/110 366/597/98
f 368/598/100 380/612/112 379/610/111 367/596/99
f 369/599/101 381/613/113 380/612/112 368/598/100
f 370/600/102 382/614/114 381/613/113 369/599/101
f 371/601/103 383/615/115 382/614/114 370/600/102
f 372/602/104 384/616/116 383/617/115 371/603/103
f 373/604/105 385/618/117 384/616/116 372/602/104
f 374/605/106 386/619/118 385/618/117 373/604/105
f 376/606/107 388/620/119 387/621/120 375/607/108
f 377/608/109 389/622/121 388/620/119 376/606/107
f 378/611/110 390/623/122 389/624/121 377/625/109
f 379/610/111 391/626/123 390/623/122 378/611/110
f 380/612/112 392/627/124 391/626/123 379/610/111
f 381/613/113 393/628/125 392/627/124 380/612/112
f 382/614/114 394/629/126 393/628/125 381/613/113
f 383/615/115 395/630/127 394/629/126 382/614/114
f 384/616/116 396/631/128 395/632/127 383/617/115
f 385/618/117 397/633/129 396/631/128 384/616/116
f 386/619/118 398/634/130 397/633/129 385/618/117
f 388/620/119 400/635/131 399/636/132 387/621/120
f 389/622/121 401/637/133 400/635/131 388/620/119
f 390/623/122 402/638/134 401/639/133 389/624/121
f 391/626/123 403/640/135 402/638/134 390/623/122
f 392/627/124 404/641/136 403/640/135 391/626/123
f 393/628/125 405/642/137 404/641/136 392/627/124
f 394/629/126 406/643/138 405/642/137 393/628/125
f 395/630/127 407/644/139 406/643/138 394/629/126
f 396/631/128 408/645/140 407/646/139 395/632/127
f 397/633/129 409/647/141 408/645/140 396/631/128
f 398/634/130 410/648/142 409/647/141 397/633/129
f 400/635/131 412/649/143 411/650/144 399/636/132
f 401/637/133 413/651/145 412/649/143 400/635/131
f 402/638/134 414/652/146 413/653/145 401/639/133
f 403/640/135 415/654/147 414/652/146 402/638/134
f 404/641/136 416/655/148 415/654/147 403/640/135
f 405/642/137 417/656/149 416/655/148 404/641/136
f 406/643/138 418/657/150 417/656/149 405/642/137
f 407/644/139 419/658/151 418/657/150 406/643/138
f 408/645/140 420/659/152 419/660/151 407/646/139
f 409/647/141 421/661/153 420/659/152 408/645/140
f 410/648/142 422/662/154 421/661/153 409/647/141
f 412/649/143 424/663/155 423/664/156 411/650/144
f 413/651/145 425/665/157 424/663/155 412/649/143
f 414/652/146 426/666/158 425/667/157 413/653/145
f 415/654/147 427/668/159 426/666/158 414/652/146
f 416/655/148 428/669/160 427/668/159 415/654/147
f 417/656/149 429/670/161 428/669/160 416/655/148
f 418/657/150 430/671/162 429/670/161 417/656/149
f 419/658/151 431/672/163 430/671/162 418/657/150
f 420/659/152 432/673/164 431/674/163 419/660/151
f 421/661/153 433/675/165 432/673/164 420/659/152
f 422/662/154 434/676/166 433/675/165 421/661/153
f 424/663/155 436/677/167 435/678/168 423/664/156
f 425/665/157 437/679/169 436/677/167 424/663/155
f 426/666/158 438/680/170 437/681/169 425/667/157
f 427/668/159 439/682/171 438/680/170 426/666/158
f 428/669/160 440/683/172 439/682/171 427/668/159
f 429/670/161 441/684/173 440/683/172 428/669/160
f 430/671/162 442/685/174 441/684/173 429/670/161
f 431/672/163 443/686/175 442/685/174 430/671/162
f 432/673/164 444/687/176 443/688/175 431/674/163
f 433/675/165 445/689/177 444/687/176 432/673/164
f 434/676/166 446/690/178 445/689/177 433/675/165
f 436/677/167 448/691/179 447/692/180 435/678/168
f 437/679/169 449/693/181 448/691/179 436/677/167
f 438/680/170 450/694/182 449/695/181 437/681/169
f 439/682/171 451/696/183 450/694/182 438/680/170
f 440/683/172 452/697/184 451/696/183 439/682/171
f 441/684/173 453/698/185 452/697/184 440/683/172
f 442/685/174 454/699/186 453/698/185 441/684/173
f 443/686/175 455/700/187 454/699/186 442/685/174
f 444/687/176 456/701/188 455/702/187 443/688/175
f 445/689/177 457/703/189 456/701/188 444/687/176
f 446/690/178 458/704/190 457/703/189 445/689/177
f 448/691/179 460/705/191 459/706/192 447/692/180
f 449/693/181 461/707/193 460/705/191 448/691/179
f 450/708/182 462/709/194 461/707/193 449/693/181
f 451/696/183 463/710/195 462/711/194 450/694/182
f 452/697/184 464/712/196 463/710/195 451/696/183
f 453/698/185 465/713/197 464/712/196 452/697/184
f 454/699/186 466/714/198 465/713/197 453/698/185
f 455/700/187 467/715/199 466/714/198 454/699/186
f 456/701/188 468/716/200 467/717/199 455/702/187
f 457/703/189 469/718/201 468/716/200 456/701/188
f 458/704/190 470/719/202 469/718/201 457/703/189
f 460/705/191 472/720/203 471/721/204 459/706/192
f 461/707/193 473/722/205 472/720/203 460/705/191
f 462/709/194 474/723/206 473/722/205 461/707/193
f 463/710/195 475/724/207 474/725/206 462/711/194
f 464/712/196 476/726/208 475/724/207 463/710/195
f 465/713/197 477/727/209 476/726/208 464/712/196
f 466/714/198 478/728/210 477/727/209 465/713/197
f 467/715/199 479/729/211 478/728/210 466/714/198
f 468/716/200 480/730/212 479/731/211 467/717/199
f 469/718/201 481/732/213 480/730/212 468/716/200
f 470/719/202 482/733/214 481/732/213 469/718/201
f 472/720/203 484/734/215 483/735/216 471/721/204
f 473/722/205 485/736/217 484/734/215 472/720/203
f 474/723/206 486/737/218 485/736/217 473/722/205
f 475/724/207 487/738/219 486/739/218 474/725/206
f 476/726/208 488/740/220 487/738/219 475/724/207
f 477/727/209 489/741/221 488/740/220 476/726/208
f 478/728/210 490/742/222 489/741/221 477/727/209
f 479/729/211 491/743/223 490/742/222 478/728/210
f 480/730/212 492/744/224 491/745/223 479/731/211
f 481/732/213 493/746/225 492/744/224 480/730/212
f 482/733/214 494/747/226 493/746/225 481/732/213
f 484/734/215 496/748/227 495/749/228 483/735/216
f 485/736/217 497/750/229 496/748/227 484/734/215
f 486/737/218 498/751/230 497/750/229 485/736/217
f 487/752/219 499/753/231 498/754/230 486/755/218
f 488/756/220 500/757/232 499/753/231 487/752/219
f 489/758/221 501/759/233 500/757/232 488/756/220
f 490/760/222 502/761/234 501/759/233 489/758/221
f 491/762/223 503/763/235 502/761/234 490/760/222
f 492/744/224 504/764/236 503/765/235 491/745/223
f 493/746/225 505/766/237 504/764/236 492/744/224
f 494/747/226 506/767/238 505/766/237 493/746/225
f 496/748/227 508/768/239 507/769/240 495/749/228
f 497/750/229 509/770/241 508/768/239 496/748/227
f 498/751/230 510/771/242 509/770/241 497/750/229
f 499/753/231 511/772/243 510/773/242 498/754/230
f 500/757/232 512/774/244 511/772/243 499/753/231
f 501/759/233 513/775/245 512/774/244 500/757/232
f 502/761/234 514/776/246 513/775/245 501/759/233
f 503/763/235 515/777/247 514/776/246 502/761/234
f 504/764/236 516/778/248 515/779/247 503/765/235
f 505/766/237 517/780/249 516/778/248 504/764/236
f 506/767/238 518/781/250 517/780/249 505/766/237
f 508/768/239 520/782/251 519/783/252 507/769/240
f 509/770/241 521/784/253 520/782/251 508/768/239
f 510/771/242 522/785/254 521/784/253 509/770/241
f 511/772/243 523/786/255 522/787/254 510/773/242
f 512/774/244 524/788/256 523/786/255 511/772/243
f 513/775/245 525/789/257 524/788/256 512/774/244
f 514/776/246 526/790/258 525/789/257 513/775/245
f 515/777/247 527/791/259 526/790/258 514/776/246
f 516/778/248 528/792/260 527/793/259 515/779/247
f 517/780/249 529/794/261 528/792/260 516/778/248
f 518/781/250 530/795/262 529/794/261 517/780/249
f 520/782/251 532/796/263 531/797/264 519/783/252
f 521/784/253 533/798/265 532/796/263 520/782/251
f 522/787/254 534/799/266 533/800/265 521/801/253
f 523/786/255 535/802/267 534/799/266 522/787/254
f 524/788/256 536/803/268 535/802/267 523/786/255
f 525/789/257 537/804/269 536/803/268 524/788/256
f 526/790/258 538/805/270 537/804/269 525/789/257
f 527/791/259 539/806/271 538/805/270 526/790/258
f 528/792/260 540/807/272 539/808/271 527/793/259
f 529/794/261 541/809/273 540/807/272 528/792/260
f 530/795/262 542/810/274 541/809/273 529/794/261
f 532/796/263 544/811/275 543/812/276 531/797/264
f 533/798/265 545/813/277 544/811/275 532/796/263
f 534/799/266 546/814/278 545/815/277 533/800/265
f 535/802/267 547/816/279 546/814/278 534/799/266
f 536/803/268 548/817/280 547/816/279 535/802/267
f 537/804/269 549/818/281 548/817/280 536/803/268
f 538/805/270 550/819/282 549/818/281 537/804/269
f 539/806/271 551/820/283 550/819/282 538/805/270
f 540/807/272 552/821/284 551/822/283 539/808/271
f 541/809/273 553/823/285 552/821/284 540/807/272
f 542/810/274 554/824/286 553/823/285 541/809/273
f 544/811/275 556/825/287 555/826/288 543/812/276
f 545/813/277 557/827/289 556/825/287 544/811/275
f 546/814/278 558/828/290 557/829/289 545/815/277
f 547/816/279 559/830/291 558/828/290 546/814/278
f 548/817/280 560/831/292 559/830/291 547/816/279
f 549/818/281 561/832/293 560/831/292 548/817/280
f 550/819/282 562/833/294 561/832/293 549/818/281
f 551/820/283 563/834/295 562/833/294 550/819/282
f 552/821/284 564/835/296 563/836/295 551/822/283
f 553/823/285 565/837/297 564/835/296 552/821/284
f 554/824/286 566/838/298 565/837/297 553/823/285
f 556/825/287 568/839/299 567/840/300 555/826/288
f 557/827/289 569/841/301 568/839/299 556/825/287
f 558/828/290 570/842/302 569/843/301 557/829/289
f 559/830/291 571/844/303 570/842/302 558/828/290
f 560/831/292 572/845/304 571/844/303 559/830/291
f 561/832/293 573/846/305 572/845/304 560/831/292
f 562/833/294 574/847/306 573/846/305 561/832/293
f 563/834/295 575/848/307 574/847/306 562/833/294
f 564/835/296 576/849/308 575/850/307 563/836/295
f 565/837/297 577/851/309 576/849/308 564/835/296
f 566/838/298 578/852/310 577/851/309 565/837/297
f 568/839/299 580/853/311 579/854/300 567/840/300
f 569/841/301 581/855/312 580/853/311 568/839/299
f 570/856/302 582/857/313 581/858/312 569/859/301
f 571/860/303 583/861/314 582/857/313 570/856/302
f 572/862/304 584/863/315 583/861/314 571/860/303
f 573/864/305 585/865/316 584/863/315 572/862/304
f 574/866/306 586/867/317 585/865/316 573/864/305
f 575/868/307 587/869/318 586/867/317 574/866/306
f 576/849/308 588/870/319 587/871/318 575/850/307
f 577/851/309 589/872/320 588/870/319 576/849/308
f 578/852/310 590/873/310 589/872/320 577/851/309
f 580/853/311 592/874/321 591/875/322 579/854/300
f 581/855/312 593/876/323 592/874/321 580/853/311
f 582/877/313 594/878/324 593/879/323 581/880/312
f 583/881/314 595/882/325 594/878/324 582/877/313
f 584/883/315 596/884/326 595/882/325 583/881/314
f 585/885/316 597/886/327 596/884/326 584/883/315
f 586/887/317 598/888/328 597/886/327 585/885/316
f 587/889/318 599/890/329 598/888/328 586/887/317
f 588/870/319 600/891/330 599/892/329 587/871/318
f 589/872/320 601/893/331 600/891/330 588/870/319
f 590/873/310 602/894/332 601/893/331 589/872/320
f 592/874/321 604/895/333 603/896/334 591/875/322
f 593/876/323 605/897/335 604/895/333 592/874/321
f 594/898/324 606/899/336 605/897/335 593/876/323
f 595/900/325 607/901/337 606/902/336 594/903/324
f 596/904/326 608/905/338 607/901/337 595/900/325
f 597/906/327 609/907/339 608/905/338 596/904/326
f 598/908/328 610/909/340 609/907/339 597/906/327
f 599/910/329 611/911/341 610/909/340 598/908/328
f 600/912/330 612/913/342 611/911/341 599/910/329
f 601/893/331 613/914/343 612/915/342 600/891/330
f 602/894/332 614/916/344 613/914/343 601/893/331
f 604/895/333 616/917/345 615/918/346 603/896/334
f 605/897/335 617/919/347 616/917/345 604/895/333
f 606/899/336 618/920/348 617/919/347 605/897/335
f 607/921/337 619/922/349 618/923/348 606/924/336
f 608/925/338 620/926/350 619/922/349 607/921/337
f 609/927/339 621/928/351 620/926/350 608/925/338
f 610/929/340 622/930/352 621/928/351 609/927/339
f 611/931/341 623/932/353 622/930/352 610/929/340
f 612/933/342 624/934/354 623/932/353 611/931/341
f 613/914/343 625/935/355 624/936/354 612/915/342
f 614/916/344 626/937/356 625/935/355 613/914/343
f 616/917/345 280/487/11 279/490/14 615/918/346
f 617/919/347 281/491/15 280/487/11 616/917/345
f 618/920/348 282/493/17 281/491/15 617/919/347
f 619/922/349 283/495/19 282/498/17 618/923/348
f 620/926/350 284/499/21 283/495/19 619/922/349
f 621/928/351 285/501/23 284/499/21 620/926/350
f 622/930/352 286/503/25 285/501/23 621/928/351
f 623/932/353 287/505/27 286/503/25 622/930/352
f 624/934/354 288/507/29 287/505/27 623/932/353
f 625/935/355 289/509/31 288/512/29 624/936/354
f 626/937/356 290/513/33 289/509/31 625/935/355
f 628/938/357 640/939/358 639/940/359 627/941/360
f 629/942/361 641/943/362 640/939/358 628/938/357
f 630/944/363 642/945/364 641/943/362 629/942/361
f 631/946/365 643/947/366 642/948/364 630/949/363
f 632/950/367 644/951/368 643/947/366 631/946/365
f 633/952/369 645/953/370 644/951/368 632/950/367
f 634/954/371 646/955/372 645/953/370 633/952/369
f 635/956/373 647/957/374 646/955/372 634/954/371
f 636/958/375 648/959/376 647/957/374 635/956/373
f 637/960/377 649/961/378 648/962/376 636/963/375
f 638/964/379 650/965/380 649/961/378 637/960/377
f 640/939/358 652/966/381 651/967/382 639/940/359
f 641/943/362 653/968/383 652/966/381 640/939/358
f 642/945/364 654/969/384 653/968/383 641/943/362
f 643/947/366 655/970/385 654/971/384 642/948/364
f 644/951/368 656/972/386 655/970/385 643/947/366
f 645/953/370 657/973/387 656/972/386 644/951/368
f 646/955/372 658/974/388 657/973/387 645/953/370
f 647/957/374 659/975/389 658/974/388 646/955/372
f 648/959/376 660/976/390 659/975/389 647/957/374
f 649/961/378 661/977/391 660/978/390 648/962/376
f 650/965/380 662/979/392 661/977/391 649/961/378
f 652/966/381 664/980/393 663/981/394 651/967/382
f 653/968/383 665/982/395 664/980/393 652/966/381
f 654/969/384 666/983/396 665/982/395 653/968/383
f 655/970/385 667/984/397 666/985/396 654/971/384
f 656/972/386 668/986/398 667/984/397 655/970/385
f 657/973/387 669/987/399 668/986/398 656/972/386
f 658/974/388 670/988/400 669/987/399 657/973/387
f 659/975/389 671/989/401 670/988/400 658/974/388
f 660/976/390 672/990/402 671/989/401 659/975/389
f 661/977/391 673/991/403 672/992/402 660/978/390
f 662/979/392 674/993/404 673/991/403 661/977/391
f 664/980/393 676/994/405 675/995/406 663/981/394
f 665/982/395 677/996/407 676/994/405 664/980/393
f 666/983/396 678/997/408 677/996/407 665/982/395
f 667/984/397 679/998/409 678/999/408 666/985/396
f 668/986/398 680/1000/410 679/998/409 667/984/397
f 669/987/399 681/1001/411 680/1000/410 668/986/398
f 670/988/400 682/1002/412 681/1001/411 669/987/399
f 671/989/401 683/1003/413 682/1002/412 670/988/400
f 672/992/402 684/1004/414 683/1005/413 671/1006/401
f 673/991/403 685/1007/415 684/1004/414 672/992/402
f 674/993/404 686/1008/416 685/1007/415 673/991/403
f 676/994/405 688/1009/417 687/1010/418 675/995/406
f 677/996/407 689/1011/419 688/1009/417 676/994/405
f 678/997/408 690/1012/420 689/1011/419 677/996/407
f 679/998/409 691/1013/421 690/1014/420 678/999/408
f 680/1000/410 692/1015/422 691/1013/421 679/998/409
f 681/1001/411 693/1016/423 692/1015/422 680/1000/410
f 682/1002/412 694/1017/424 693/1016/423 681/1001/411
f 683/1003/413 695/1018/425 694/1017/424 682/1002/412
f 684/1004/414 696/1019/426 695/1020/425 683/1005/413
f 685/1007/415 697/1021/427 696/1019/426 684/1004/414
f 686/1008/416 698/1022/428 697/1021/427 685/1007/415
f 688/1009/417 700/1023/429 699/1024/430 687/1010/418
f 689/1011/419 701/1025/431 700/1023/429 688/1009/417
f 690/1012/420 702/1026/432 701/1025/431 689/1011/419
f 691/1013/421 703/1027/433 702/1028/432 690/1014/420
f 692/1015/422 704/1029/434 703/1027/433 691/1013/421
f 693/1016/423 705/1030/435 704/1029/434 692/1015/422
f 694/1017/424 706/1031/436 705/1030/435 693/1016/423
f 695/1018/425 707/1032/437 706/1031/436 694/1017/424
f 696/1019/426 708/1033/438 707/1034/437 695/1020/425
f 697/1021/427 709/1035/439 708/1033/438 696/1019/426
f 698/1022/428 710/1036/440 709/1035/439 697/1021/427
f 700/1023/429 712/1037/441 711/1038/442 699/1024/430
f 701/1025/431 713/1039/443 712/1037/441 700/1023/429
f 702/1026/432 714/1040/444 713/1039/443 701/1025/431
f 703/1041/433 715/1042/445 714/1043/444 702/1044/432
f 704/1045/434 716/1046/446 715/1042/445 703/1041/433
f 705/1047/435 717/1048/447 716/1046/446 704/1045/434
f 706/1031/436 718/1049/448 717/1050/447 705/1030/435
f 707/1032/437 719/1051/449 718/1049/448 706/1031/436
f 708/1033/438 720/1052/450 719/1053/449 707/1034/437
f 709/1035/439 721/1054/451 720/1052/450 708/1033/438
f 710/1036/440 722/1055/452 721/1054/451 709/1035/439
f 712/1037/441 724/1056/453 723/1057/454 711/1038/442
f 713/1039/443 725/1058/455 724/1056/453 712/1037/441
f 714/1040/444 726/1059/456 725/1058/455 713/1039/443
f 715/1042/445 727/1060/457 726/1061/456 714/1043/444
f 716/1046/446 728/1062/458 727/1060/457 715/1042/445
f 717/1048/447 729/1063/459 728/1062/458 716/1046/446
f 718/1064/448 730/1065/460 729/1063/459 717/1048/447
f 719/1066/449 731/1067/461 730/1065/460 718/1064/448
f 720/1052/450 732/1068/462 731/1069/461 719/1053/449
f 721/1054/451 733/1070/463 732/1068/462 720/1052/450
f 722/1055/452 734/1071/464 733/1070/463 721/1054/451
f 724/1056/453 736/1072/465 735/1073/466 723/1057/454
f 725/1058/455 737/1074/467 736/1072/465 724/1056/453
f 726/1059/456 738/1075/468 737/1074/467 725/1058/455
f 727/1060/457 739/1076/469 738/1077/468 726/1061/456
f 728/1062/458 740/1078/470 739/1076/469 727/1060/457
f 729/1063/459 741/1079/471 740/1078/470 728/1062/458
f 730/1065/460 742/1080/472 741/1079/471 729/1063/459
f 731/1067/461 743/1081/473 742/1080/472 730/1065/460
f 732/1068/462 744/1082/474 743/1083/473 731/1069/461
f 733/1070/463 745/1084/475 744/1082/474 732/1068/462
f 734/1071/464 746/1085/476 745/1084/475 733/1070/463
f 736/1072/465 748/1086/477 747/1087/478 735/1073/466
f 737/1074/467 749/1088/479 748/1086/477 736/1072/465
f 738/1075/468 750/1089/480 749/1088/479 737/1074/467
f 739/1076/469 751/1090/481 750/1091/480 738/1077/468
f 740/1078/470 752/1092/482 751/1090/481 739/1076/469
f 741/1079/471 753/1093/483 752/1092/482 740/1078/470
f 742/1080/472 754/1094/484 753/1093/483 741/1079/471
f 743/1081/473 755/1095/485 754/1094/484 742/1080/472
f 744/1096/474 756/1097/486 755/1095/485 743/1081/473
f 745/1084/475 757/1098/487 756/1099/486 744/1082/474
f 746/1085/476 758/1100/488 757/1098/487 745/1084/475
f 748/1086/477 760/1101/489 759/1102/490 747/1087/478
f 749/1088/479 761/1103/491 760/1101/489 748/1086/477
f 750/1089/480 762/1104/492 761/1103/491 749/1088/479
f 751/1090/481 763/1105/493 762/1106/492 750/1091/480
f 752/1092/482 764/1107/494 763/1105/493 751/1090/481
f 753/1093/483 765/1108/495 764/1107/494 752/1092/482
f 754/1094/484 766/1109/496 765/1108/495 753/1093/483
f 755/1095/485 767/1110/497 766/1109/496 754/1094/484
f 756/1097/486 768/1111/498 767/1110/497 755/1095/485
f 757/1098/487 769/1112/499 768/1113/498 756/1099/486
f 758/1100/488 770/1114/500 769/1112/499 757/1098/487
f 760/1101/489 772/1115/501 771/1116/502 759/1102/490
f 761/1103/491 773/1117/503 772/1115/501 760/1101/489
f 762/1104/492 774/1118/504 773/1117/503 761/1103/491
f 763/1105/493 775/1119/505 774/1120/504 762/1106/492
f 764/1107/494 776/1121/506 775/1119/505 763/1105/493
f 765/1108/495 777/1122/507 776/1121/506 764/1107/494
f 766/1109/496 778/1123/508 777/1122/507 765/1108/495
f 767/1110/497 779/1124/509 778/1123/508 766/1109/496
f 768/1111/498 780/1125/510 779/1124/509 767/1110/497
f 769/1112/499 781/1126/511 780/1127/510 768/1113/498
f 770/1114/500 782/1128/512 781/1126/511 769/1112/499
f 772/1115/501 784/1129/513 783/1130/514 771/1116/502
f 773/1117/503 785/1131/515 784/1129/513 772/1115/501
f 774/1118/504 786/1132/516 785/1131/515 773/1117/503
f 775/1119/505 787/1133/517 786/1134/516 774/1120/504
f 776/1121/506 788/1135/518 787/1133/517 775/1119/505
f 777/1122/507 789/1136/519 788/1135/518 776/1121/506
f 778/1123/508 790/1137/520 789/1136/519 777/1122/507
f 779/1124/509 791/1138/521 790/1137/520 778/1123/508
f 780/1125/510 792/1139/522 791/1138/521 779/1124/509
f 781/1126/511 793/1140/523 792/1141/522 780/1127/510
f 782/1128/512 794/1142/524 793/1140/523 781/1126/511
f 784/1129/513 796/1143/525 795/1144/526 783/1130/514
f 785/1131/515 797/1145/527 796/1143/525 784/1129/513
f 786/1132/516 798/1146/528 797/1145/527 785/1131/515
f 787/1133/517 799/1147/529 798/1148/528 786/1134/516
f 788/1135/518 800/1149/530 799/1147/529 787/1133/517
f 789/1136/519 801/1150/531 800/1149/530 788/1135/518
f 790/1137/520 802/1151/532 801/1150/531 789/1136/519
f 791/1138/521 803/1152/533 802/1151/532 790/1137/520
f 792/1139/522 804/1153/534 803/1152/533 791/1138/521
f 793/1140/523 805/1154/535 804/1155/534 792/1141/522
f 794/1142/524 806/1156/536 805/1154/535 793/1140/523
f 796/1143/525 808/1157/537 807/1158/538 795/1144/526
f 797/1145/527 809/1159/539 808/1157/537 796/1143/525
f 798/1146/528 810/1160/540 809/1159/539 797/1145/527
f 799/1147/529 811/1161/541 810/1162/540 798/1148/528
f 800/1149/530 812/1163/542 811/1161/541 799/1147/529
f 801/1150/531 813/1164/543 812/1163/542 800/1149/530
f 802/1151/532 814/1165/544 813/1164/543 801/1150/531
f 803/1152/533 815/1166/545 814/1165/544 802/1151/532
f 804/1153/534 816/1167/546 815/1166/545 803/1152/533
f 805/1154/535 817/1168/547 816/1169/546 804/1155/534
f 806/1156/536 818/1170/548 817/1168/547 805/1154/535
f 808/1157/537 820/1171/549 819/1172/550 807/1158/538
f 809/1159/539 821/1173/551 820/1171/549 808/1157/537
f 810/1160/540 822/1174/552 821/1173/551 809/1159/539
f 811/1161/541 823/1175/553 822/1176/552 810/1162/540
f 812/1163/542 824/1177/554 823/1175/553 811/1161/541
f 813/1164/543 825/1178/555 824/1177/554 812/1163/542
f 814/1165/544 826/1179/556 825/1178/555 813/1164/543
f 815/1166/545 827/1180/557 826/1179/556 814/1165/544
f 816/1169/546 828/1181/558 827/1182/557 815/1183/545
f 817/1168/547 829/1184/559 828/1181/558 816/1169/546
f 818/1170/548 830/1185/560 829/1184/559 817/1168/547
f 820/1171/549 832/1186/561 831/1187/562 819/1172/550
f 821/1173/551 833/1188/563 832/1186/561 820/1171/549
f 822/1174/552 834/1189/564 833/1188/563 821/1173/551
f 823/1175/553 835/1190/565 834/1191/564 822/1176/552
f 824/1177/554 836/1192/566 835/1190/565 823/1175/553
f 825/1178/555 837/1193/567 836/1192/566 824/1177/554
f 826/1179/556 838/1194/568 837/1193/567 825/1178/555
f 827/1180/557 839/1195/569 838/1194/568 826/1179/556
f 828/1181/558 840/1196/570 839/1197/569 827/1182/557
f 829/1184/559 841/1198/571 840/1196/570 828/1181/558
f 830/1185/560 842/1199/572 841/1198/571 829/1184/559
f 832/1186/561 844/1200/573 843/1201/574 831/1187/562
f 833/1188/563 845/1202/575 844/1200/573 832/1186/561
f 834/1189/564 846/1203/576 845/1202/575 833/1188/563
f 835/1190/565 847/1204/577 846/1205/576 834/1191/564
f 836/1192/566 848/1206/578 847/1204/577 835/1190/565
f 837/1193/567 849/1207/579 848/1206/578 836/1192/566
f 838/1194/568 850/1208/580 849/1207/579 837/1193/567
f 839/1195/569 851/1209/581 850/1208/580 838/1194/568
f 840/1196/570 852/1210/582 851/1211/581 839/1197/569
f 841/1198/571 853/1212/583 852/1210/582 840/1196/570
f 842/1199/572 854/1213/584 853/1212/583 841/1198/571
f 844/1200/573 856/1214/585 855/1215/586 843/1201/574
f 845/1202/575 857/1216/587 856/1214/585 844/1200/573
f 846/1203/576 858/1217/588 857/1216/587 845/1202/575
f 847/1218/577 859/1219/589 858/1220/588 846/1221/576
f 848/1222/578 860/1223/590 859/1219/589 847/1218/577
f 849/1224/579 861/1225/591 860/1223/590 848/1222/578
f 850/1226/580 862/1227/592 861/1225/591 849/1224/579
f 851/1228/581 863/1229/593 862/1227/592 850/1226/580
f 852/1210/582 864/1230/594 863/1231/593 851/1211/581
f 853/1212/583 865/1232/595 864/1230/594 852/1210/582
f 854/1213/584 866/1233/596 865/1232/595 853/1212/583
f 856/1214/585 868/1234/597 867/1235/598 855/1215/586
f 857/1216/587 869/1236/599 868/1234/597 856/1214/585
f 858/1217/588 870/1237/600 869/1236/599 857/1216/587
f 859/1219/589 871/1238/601 870/1239/600 858/1220/588
f 860/1223/590 872/1240/602 871/1238/601 859/1219/589
f 861/1225/591 873/1241/603 872/1240/602 860/1223/590
f 862/1227/592 874/1242/604 873/1241/603 861/1225/591
f 863/1229/593 875/1243/605 874/1242/604 862/1227/592
f 864/1230/594 876/1244/606 875/1245/605 863/1231/593
f 865/1232/595 877/1246/607 876/1244/606 864/1230/594
f 866/1233/596 878/1247/608 877/1246/607 865/1232/595
f 868/1234/597 880/1248/609 879/1249/610 867/1235/598
f 869/1236/599 881/1250/611 880/1248/609 868/1234/597
f 870/1237/600 882/1251/612 881/1250/611 869/1236/599
f 871/1238/601 883/1252/613 882/1253/612 870/1239/600
f 872/1240/602 884/1254/614 883/1252/613 871/1238/601
f 873/1241/603 885/1255/615 884/1254/614 872/1240/602
f 874/1242/604 886/1256/616 885/1255/615 873/1241/603
f 875/1243/605 887/1257/617 886/1256/616 874/1242/604
f 876/1244/606 888/1258/618 887/1259/617 875/1245/605
f 877/1246/607 889/1260/619 888/1258/618 876/1244/606
f 878/1247/608 890/1261/620 889/1260/619 877/1246/607
f 880/1248/609 892/1262/621 891/1263/622 879/1249/610
f 881/1250/611 893/1264/623 892/1262/621 880/1248/609
f 882/1251/612 894/1265/624 893/1264/623 881/1250/611
f 883/1252/613 895/1266/625 894/1267/624 882/1253/612
f 884/1254/614 896/1268/626 895/1266/625 883/1252/613
f 885/1255/615 897/1269/627 896/1268/626 884/1254/614
f 886/1256/616 898/1270/628 897/1269/627 885/1255/615
f 887/1257/617 899/1271/629 898/1270/628 886/1256/616
f 888/1258/618 900/1272/630 899/1273/629 887/1259/617
f 889/1260/619 901/1274/631 900/1272/630 888/1258/618
f 890/1261/620 902/1275/632 901/1274/631 889/1260/619
f 892/1262/621 904/1276/633 903/1277/634 891/1263/622
f 893/1264/623 905/1278/635 904/1276/633 892/1262/621
f 894/1265/624 906/1279/636 905/1278/635 893/1264/623
f 895/1266/625 907/1280/637 906/1281/636 894/1267/624
f 896/1268/626 908/1282/638 907/1280/637 895/1266/625
f 897/1269/627 909/1283/639 908/1282/638 896/1268/626
f 898/1270/628 910/1284/640 909/1283/639 897/1269/627
f 899/1271/629 911/1285/641 910/1284/640 898/1270/628
f 900/1272/630 912/1286/642 911/1287/641 899/1273/629
f 901/1274/631 913/1288/643 912/1286/642 900/1272/630
f 902/1275/632 914/1289/644 913/1288/643 901/1274/631
f 904/1276/633 916/1290/645 915/1291/646 903/1277/634
f 905/1278/635 917/1292/647 916/1290/645 904/1276/633
f 906/1281/636 918/1293/648 917/1294/647 905/1295/635
f 907/1280/637 919/1296/649 918/1293/648 906/1281/636
f 908/1282/638 920/1297/650 919/1296/649 907/1280/637
f 909/1283/639 921/1298/651 920/1297/650 908/1282/638
f 910/1284/640 922/1299/652 921/1298/651 909/1283/639
f 911/1285/641 923/1300/653 922/1299/652 910/1284/640
f 912/1286/642 924/1301/654 923/1302/653 911/1287/641
f 913/1288/643 925/1303/655 924/1301/654 912/1286/642
f 914/1289/644 926/1304/656 925/1303/655 913/1288/643
f 916/1290/645 928/1305/657 927/1306/300 915/1291/646
f 917/1292/647 929/1307/301 928/1305/657 916/1290/645
f 918/1293/648 930/1308/302 929/1309/301 917/1294/647
f 919/1296/649 931/1310/303 930/1308/302 918/1293/648
f 920/1297/650 932/1311/304 931/1310/303 919/1296/649
f 921/1298/651 933/1312/305 932/1311/304 920/1297/650
f 922/1299/652 934/1313/658 933/1312/305 921/1298/651
f 923/1300/653 935/1314/659 934/1313/658 922/1299/652
f 924/1301/654 936/1315/660 935/1316/659 923/1302/653
f 925/1303/655 937/1317/661 936/1315/660 924/1301/654
f 926/1304/656 938/1318/662 937/1317/661 925/1303/655
f 928/1305/657 940/1319/663 939/1320/664 927/1306/300
f 929/1307/301 941/1321/665 940/1319/663 928/1305/657
f 930/1322/302 942/1323/666 941/1324/665 929/1325/301
f 931/1326/303 943/1327/667 942/1323/666 930/1322/302
f 932/1328/304 944/1329/668 943/1327/667 931/1326/303
f 933/1330/305 945/1331/669 944/1329/668 932/1328/304
f 934/1332/658 946/1333/670 945/1331/669 933/1330/305
f 935/1334/659 947/1335/671 946/1333/670 934/1332/658
f 936/1315/660 948/1336/672 947/1337/671 935/1316/659
f 937/1317/661 949/1338/673 948/1336/672 936/1315/660
f 938/1318/662 950/1339/674 949/1338/673 937/1317/661
f 940/1319/663 628/938/357 627/941/360 939/1320/664
f 941/1321/665 629/942/361 628/938/357 940/1319/663
f 942/1340/666 630/944/363 629/942/361 941/1321/665
f 943/1341/667 631/946/365 630/949/363 942/1342/666
f 944/1343/668 632/950/367 631/946/365 943/1341/667
f 945/1344/669 633/952/369 632/950/367 944/1343/668
f 946/1345/670 634/954/371 633/952/369 945/1344/669
f 947/1346/671 635/956/373 634/954/371 946/1345/670
f 948/1347/672 636/958/375 635/956/373 947/1346/671
f 949/1338/673 637/960/377 636/963/375 948/1336/672
f 950/1339/674 638/964/379 637/960/377 949/1338/673
f 952/1348/675 964/1349/333 963/1350/676 951/1351/677
f 953/1352/678 965/1353/679 964/1349/333 952/1348/675
f 954/1354/680 966/1355/681 965/1353/679 953/1352/678
f 955/1356/325 967/1357/337 966/1358/681 954/1359/680
f 956/1360/682 968/1361/683 967/1357/337 955/1356/325
f 957/1362/684 969/1363/685 968/1361/683 956/1360/682
f 958/1364/686 970/1365/687 969/1363/685 957/1362/684
f 959/1366/688 971/1367/689 970/1365/687 958/1364/686
f 960/1368/690 972/1369/691 971/1367/689 959/1366/688
f 961/1370/692 973/1371/693 972/1372/691 960/1373/690
f 962/1374/332 974/1375/344 973/1371/693 961/1370/692
f 964/1349/333 976/1376/694 975/1377/695 963/1350/676
f 965/1353/679 977/1378/696 976/1376/694 964/1349/333
f 966/1355/681 978/1379/697 977/1378/696 965/1353/679
f 967/1380/337 979/1381/698 978/1382/697 966/1383/681
f 968/1384/683 980/1385/699 979/1381/698 967/1380/337
f 969/1386/685 981/1387/700 980/1385/699 968/1384/683
f 970/1388/687 982/1389/701 981/1387/700 969/1386/685
f 971/1390/689 983/1391/702 982/1389/701 970/1388/687
f 972/1392/691 984/1393/703 983/1391/702 971/1390/689
f 973/1371/693 985/1394/704 984/1395/703 972/1372/691
f 974/1375/344 986/1396/674 985/1394/704 973/1371/693
f 976/1376/694 988/1397/705 987/1398/706 975/1377/695
f 977/1378/696 989/1399/707 988/1397/705 976/1376/694
f 978/1400/697 990/1401/708 989/1402/707 977/1403/696
f 979/1404/698 991/1405/709 990/1401/708 978/1400/697
f 980/1406/699 992/1407/710 991/1405/709 979/1404/698
f 981/1408/700 993/1409/711 992/1407/710 980/1406/699
f 982/1410/701 994/1411/712 993/1409/711 981/1408/700
f 983/1412/702 995/1413/713 994/1411/712 982/1410/701
f 984/1395/703 996/1414/714 995/1415/713 983/1416/702
f 985/1394/704 997/1417/715 996/1414/714 984/1395/703
f 986/1396/674 998/1418/310 997/1417/715 985/1394/704
f 988/1397/705 952/1348/675 951/1351/677 987/1398/706
f 989/1399/707 953/1352/678 952/1348/675 988/1397/705
f 990/1419/708 954/1420/680 953/1421/678 989/1422/707
f 991/1423/709 955/1424/325 954/1420/680 990/1419/708
f 992/1425/710 956/1426/682 955/1424/325 991/1423/709
f 993/1427/711 957/1428/684 956/1426/682 992/1425/710
f 994/1429/712 958/1430/686 957/1428/684 993/1427/711
f 995/1431/713 959/1432/688 958/1430/686 994/1429/712
f 996/1414/714 960/1373/690 959/1433/688 995/1415/713
f 997/1417/715 961/1370/692 960/1373/690 996/1414/714
f 998/1418/310 962/1374/332 961/1370/692 997/1417/715
f 1000/1434/333 1012/1435/716 1011/1436/717 999/1437/718
f 1001/1438/719 1013/1439/720 1012/1435/716 1000/1434/333
f 1002/1440/336 1014/1441/721 1013/1439/720 1001/1438/719
f 1003/1442/722 1015/1443/723 1014/1444/721 1002/1445/336
f 1004/1446/683 1016/1447/724 1015/1443/723 1003/1442/722
f 1005/1448/685 1017/1449/725 1016/1447/724 1004/1446/683
f 1006/1450/687 1018/1451/726 1017/1449/725 1005/1448/685
f 1007/1452/727 1019/1453/728 1018/1451/726 1006/1450/687
f 1008/1454/729 1020/1455/730 1019/1453/728 1007/1452/727
f 1009/1456/731 1021/1457/732 1020/1458/730 1008/1459/729
f 1010/1460/733 1022/1461/734 1021/1457/732 1009/1456/731
f 1012/1435/716 1024/1462/735 1023/1463/717 1011/1436/717
f 1013/1439/720 1025/1464/736 1024/1462/735 1012/1435/716
f 1014/1441/721 1026/1465/737 1025/1464/736 1013/1439/720
f 1015/1466/723 1027/1467/738 1026/1468/737 1014/1469/721
f 1016/1470/724 1028/1471/739 1027/1467/738 1015/1466/723
f 1017/1472/725 1029/1473/740 1028/1471/739 1016/1470/724
f 1018/1474/726 1030/1475/741 1029/1473/740 1017/1472/725
f 1019/1476/728 1031/1477/742 1030/1475/741 1018/1474/726
f 1020/1458/730 1032/1478/743 1031/1479/742 1019/1480/728
f 1021/1457/732 1033/1481/744 1032/1478/743 1020/1458/730
f 1022/1461/734 1034/1482/734 1033/1481/744 1021/1457/732
f 1024/1462/735 1036/1483/694 1035/1484/745 1023/1463/717
f 1025/1464/736 1037/1485/746 1036/1483/694 1024/1462/735
f 1026/1465/737 1038/1486/747 1037/1485/746 1025/1464/736
f 1027/1487/738 1039/1488/748 1038/1489/747 1026/1490/737
f 1028/1491/739 1040/1492/749 1039/1488/748 1027/1487/738
f 1029/1493/740 1041/1494/750 1040/1492/749 1028/1491/739
f 1030/1495/741 1042/1496/751 1041/1494/750 1029/1493/740
f 1031/1497/742 1043/1498/702 1042/1496/751 1030/1495/741
f 1032/1499/743 1044/1500/703 1043/1498/702 1031/1497/742
f 1033/1481/744 1045/1501/752 1044/1502/703 1032/1478/743
f 1034/1482/734 1046/1503/674 1045/1501/752 1033/1481/744
f 1036/1483/694 1048/1504/311 1047/1505/300 1035/1484/745
f 1037/1485/746 1049/1506/753 1048/1504/311 1036/1483/694
f 1038/1507/747 1050/1508/754 1049/1509/753 1037/1510/746
f 1039/1511/748 1051/1512/709 1050/1508/754 1038/1507/747
f 1040/1513/749 1052/1514/710 1051/1512/709 1039/1511/748
f 1041/1515/750 1053/1516/711 1052/1514/710 1040/1513/749
f 1042/1517/751 1054/1518/755 1053/1516/711 1041/1515/750
f 1043/1519/702 1055/1520/756 1054/1518/755 1042/1517/751
f 1044/1502/703 1056/1521/757 1055/1522/756 1043/1523/702
f 1045/1501/752 1057/1524/320 1056/1521/757 1044/1502/703
f 1046/1503/674 1058/1525/662 1057/1524/320 1045/1501/752
f 1048/1504/311 1060/1526/758 1059/1527/759 1047/1505/300
f 1049/1506/753 1061/1528/760 1060/1526/758 1048/1504/311
f 1050/1529/754 1062/1530/761 1061/1531/760 1049/1532/753
f 1051/1533/709 1063/1534/762 1062/1530/761 1050/1529/754
f 1052/1535/710 1064/1536/763 1063/1534/762 1051/1533/709
f 1053/1537/711 1065/1538/764 1064/1536/763 1052/1535/710
f 1054/1539/755 1066/1540/765 1065/1538/764 1053/1537/711
f 1055/1541/756 1067/1542/766 1066/1540/765 1054/1539/755
f 1056/1521/757 1068/1543/767 1067/1544/766 1055/1522/756
f 1057/1524/320 1069/1545/768 1068/1543/767 1056/1521/757
f 1058/1525/662 1070/1546/769 1069/1545/768 1057/1524/320
f 1060/1526/758 1072/1547/770 1071/1548/771 1059/1527/759
f 1061/1528/760 1073/1549/772 1072/1547/770 1060/1526/758
f 1062/1550/761 1074/1551/773 1073/1549/772 1061/1528/760
f 1063/1552/762 1075/1553/774 1074/1554/773 1062/1555/761
f 1064/1556/763 1076/1557/775 1075/1553/774 1063/1552/762
f 1065/1558/764 1077/1559/776 1076/1557/775 1064/1556/763
f 1066/1560/765 1078/1561/777 1077/1559/776 1065/1558/764
f 1067/1562/766 1079/1563/778 1078/1561/777 1066/1560/765
f 1068/1543/767 1080/1564/779 1079/1565/778 1067/1544/766
f 1069/1545/768 1081/1566/780 1080/1564/779 1068/1543/767
f 1070/1546/769 1082/1567/781 1081/1566/780 1069/1545/768
f 1072/1547/770 1084/1568/782 1083/1569/322 1071/1548/771
f 1073/1549/772 1085/1570/783 1084/1568/782 1072/1547/770
f 1074/1571/773 1086/1572/784 1085/1573/783 1073/1574/772
f 1075/1575/774 1087/1576/785 1086/1572/784 1074/1571/773
f 1076/1577/775 1088/1578/682 1087/1576/785 1075/1575/774
f 1077/1579/776 1089/1580/684 1088/1578/682 1076/1577/775
f 1078/1581/777 1090/1582/686 1089/1580/684 1077/1579/776
f 1079/1583/778 1091/1584/688 1090/1582/686 1078/1581/777
f 1080/1564/779 1092/1585/786 1091/1586/688 1079/1565/778
f 1081/1566/780 1093/1587/787 1092/1585/786 1080/1564/779
f 1082/1567/781 1094/1588/788 1093/1587/787 1081/1566/780
f 1084/1568/782 1000/1434/333 999/1437/718 1083/1569/322
f 1085/1570/783 1001/1438/719 1000/1434/333 1084/1568/782
f 1086/1589/784 1002/1440/336 1001/1438/719 1085/1570/783
f 1087/1590/785 1003/1591/722 1002/1592/336 1086/1593/784
f 1088/1594/682 1004/1595/683 1003/1591/722 1087/1590/785
f 1089/1596/684 1005/1597/685 1004/1595/683 1088/1594/682
f 1090/1598/686 1006/1599/687 1005/1597/685 1089/1596/684
f 1091/1600/688 1007/1601/727 1006/1599/687 1090/1598/686
f 1092/1602/786 1008/1603/729 1007/1601/727 1091/1600/688
f 1093/1587/787 1009/1456/731 1008/1459/729 1092/1585/786
f 1094/1588/788 1010/1460/733 1009/1456/731 1093/1587/787
f 1096/1604/789 1108/1605/790 1107/1606/717 1095/1607/791
f 1097/1608/335 1109/1609/720 1108/1605/790 1096/1604/789
f 1098/1610/336 1110/1611/792 1109/1609/720 1097/1608/335
f 1099/1612/793 1111/1613/723 1110/1614/792 1098/1615/336
f 1100/1616/338 1112/1617/794 1111/1613/723 1099/1612/793
f 1101/1618/339 1113/1619/725 1112/1617/794 1100/1616/338
f 1102/1620/795 1114/1621/726 1113/1619/725 1101/1618/339
f 1103/1622/689 1115/1623/796 1114/1621/726 1102/1620/795
f 1104/1624/797 1116/1625/798 1115/1623/796 1103/1622/689
f 1105/1626/799 1117/1627/732 1116/1628/798 1104/1629/797
f 1106/1630/733 1118/1631/734 1117/1627/732 1105/1626/799
f 1108/1605/790 1120/1632/735 1119/1633/717 1107/1606/717
f 1109/1609/720 1121/1634/800 1120/1632/735 1108/1605/790
f 1110/1611/792 1122/1635/801 1121/1634/800 1109/1609/720
f 1111/1636/723 1123/1637/738 1122/1638/801 1110/1639/792
f 1112/1640/794 1124/1641/739 1123/1637/738 1111/1636/723
f 1113/1642/725 1125/1643/740 1124/1641/739 1112/1640/794
f 1114/1644/726 1126/1645/802 1125/1643/740 1113/1642/725
f 1115/1646/796 1127/1647/742 1126/1645/802 1114/1644/726
f 1116/1628/798 1128/1648/743 1127/1649/742 1115/1650/796
f 1117/1627/732 1129/1651/744 1128/1648/743 1116/1628/798
f 1118/1631/734 1130/1652/734 1129/1651/744 1117/1627/732
f 1120/1632/735 1132/1653/694 1131/1654/745 1119/1633/717
f 1121/1634/800 1133/1655/803 1132/1653/694 1120/1632/735
f 1122/1635/801 1134/1656/804 1133/1655/803 1121/1634/800
f 1123/1657/738 1135/1658/805 1134/1659/804 1122/1660/801
f 1124/1661/739 1136/1662/806 1135/1658/805 1123/1657/738
f 1125/1663/740 1137/1664/807 1136/1662/806 1124/1661/739
f 1126/1665/802 1138/1666/808 1137/1664/807 1125/1663/740
f 1127/1667/742 1139/1668/702 1138/1666/808 1126/1665/802
f 1128/1669/743 1140/1670/809 1139/1668/702 1127/1667/742
f 1129/1651/744 1141/1671/810 1140/1672/809 1128/1648/743
f 1130/1652/734 1142/1673/674 1141/1671/810 1129/1651/744
f 1132/1653/694 1144/1674/311 1143/1675/300 1131/1654/745
f 1133/1655/803 1145/1676/707 1144/1674/311 1132/1653/694
f 1134/1677/804 1146/1678/708 1145/1679/707 1133/1680/803
f 1135/1681/805 1147/1682/811 1146/1678/708 1134/1677/804
f 1136/1683/806 1148/1684/812 1147/1682/811 1135/1681/805
f 1137/1685/807 1149/1686/813 1148/1684/812 1136/1683/806
f 1138/1687/808 1150/1688/814 1149/1686/813 1137/1685/807
f 1139/1689/702 1151/1690/815 1150/1688/814 1138/1687/808
f 1140/1672/809 1152/1691/816 1151/1692/815 1139/1693/702
f 1141/1671/810 1153/1694/817 1152/1691/816 1140/1672/809
f 1142/1673/674 1154/1695/662 1153/1694/817 1141/1671/810
f 1144/1674/311 1156/1696/758 1155/1697/771 1143/1675/300
f 1145/1676/707 1157/1698/760 1156/1696/758 1144/1674/311
f 1146/1699/708 1158/1700/818 1157/1701/760 1145/1702/707
f 1147/1703/811 1159/1704/819 1158/1700/818 1146/1699/708
f 1148/1705/812 1160/1706/820 1159/1704/819 1147/1703/811
f 1149/1707/813 1161/1708/764 1160/1706/820 1148/1705/812
f 1150/1709/814 1162/1710/821 1161/1708/764 1149/1707/813
f 1151/1711/815 1163/1712/822 1162/1710/821 1150/1709/814
f 1152/1691/816 1164/1713/823 1163/1714/822 1151/1692/815
f 1153/1694/817 1165/1715/768 1164/1713/823 1152/1691/816
f 1154/1695/662 1166/1716/769 1165/1715/768 1153/1694/817
f 1156/1696/758 1168/1717/824 1167/1718/759 1155/1697/771
f 1157/1698/760 1169/1719/825 1168/1717/824 1156/1696/758
f 1158/1720/818 1170/1721/826 1169/1719/825 1157/1698/760
f 1159/1722/819 1171/1723/827 1170/1724/826 1158/1725/818
f 1160/1726/820 1172/1727/828 1171/1723/827 1159/1722/819
f 1161/1728/764 1173/1729/829 1172/1727/828 1160/1726/820
f 1162/1730/821 1174/1731/777 1173/1729/829 1161/1728/764
f 1163/1732/822 1175/1733/778 1174/1731/777 1162/1730/821
f 1164/1713/823 1176/1734/779 1175/1735/778 1163/1714/822
f 1165/1715/768 1177/1736/780 1176/1734/779 1164/1713/823
f 1166/1716/769 1178/1737/769 1177/1736/780 1165/1715/768
f 1168/1717/824 1180/1738/830 1179/1739/322 1167/1718/759
f 1169/1719/825 1181/1740/323 1180/1738/830 1168/1717/824
f 1170/1741/826 1182/1742/831 1181/1743/323 1169/1744/825
f 1171/1745/827 1183/1746/832 1182/1742/831 1170/1741/826
f 1172/1747/828 1184/1748/326 1183/1746/832 1171/1745/827
f 1173/1749/829 1185/1750/327 1184/1748/326 1172/1747/828
f 1174/1751/777 1186/1752/833 1185/1750/327 1173/1749/829
f 1175/1753/778 1187/1754/688 1186/1752/833 1174/1751/777
f 1176/1734/779 1188/1755/834 1187/1756/688 1175/1735/778
f 1177/1736/780 1189/1757/835 1188/1755/834 1176/1734/779
f 1178/1737/769 1190/1758/788 1189/1757/835 1177/1736/780
f 1180/1738/830 1096/1604/789 1095/1607/791 1179/1739/322
f 1181/1740/323 1097/1608/335 1096/1604/789 1180/1738/830
f 1182/1759/831 1098/1610/336 1097/1608/335 1181/1740/323
f 1183/1760/832 1099/1761/793 1098/1762/336 1182/1763/831
f 1184/1764/326 1100/1765/338 1099/1761/793 1183/1760/832
f 1185/1766/327 1101/1767/339 1100/1765/338 1184/1764/326
f 1186/1768/833 1102/1769/795 1101/1767/339 1185/1766/327
f 1187/1770/688 1103/1771/689 1102/1769/795 1186/1768/833
f 1188/1772/834 1104/1773/797 1103/1771/689 1187/1770/688
f 1189/1757/835 1105/1626/799 1104/1629/797 1188/1755/834
f 1190/1758/788 1106/1630/733 1105/1626/799 1189/1757/835
f 1192/1774/836 1204/1775/837 1203/1776/838 1191/1777/839
f 1193/1778/840 1205/1779/841 1204/1775/837 1192/1774/836
f 1194/1780/842 1206/1781/843 1205/1779/841 1193/1778/840
f 1195/1782/844 1207/1783/845 1206/1784/843 1194/1785/842
f 1196/1786/846 1208/1787/847 1207/1783/845 1195/1782/844
f 1197/1788/848 1209/1789/849 1208/1787/847 1196/1786/846
f 1198/1790/850 1210/1791/851 1209/1789/849 1197/1788/848
f 1199/1792/852 1211/1793/853 1210/1791/851 1198/1790/850
f 1200/1794/854 1212/1795/855 1211/1796/853 1199/1797/852
f 1201/1798/856 1213/1799/857 1212/1795/855 1200/1794/854
f 1202/1800/858 1214/1801/858 1213/1799/857 1201/1798/856
f 1204/1775/837 1216/1802/859 1215/1803/860 1203/1776/838
f 1205/1779/841 1217/1804/861 1216/1802/859 1204/1775/837
f 1206/1805/843 1218/1806/862 1217/1807/861 1205/1808/841
f 1207/1809/845 1219/1810/863 1218/1806/862 1206/1805/843
f 1208/1811/847 1220/1812/864 1219/1810/863 1207/1809/845
f 1209/1813/849 1221/1814/865 1220/1812/864 1208/1811/847
f 1210/1815/851 1222/1816/866 1221/1814/865 1209/1813/849
f 1211/1817/853 1223/1818/867 1222/1816/866 1210/1815/851
f 1212/1795/855 1224/1819/868 1223/1820/867 1211/1796/853
f 1213/1799/857 1225/1821/869 1224/1819/868 1212/1795/855
f 1214/1801/858 1226/1822/870 1225/1821/869 1213/1799/857
f 1216/1802/859 1228/1823/871 1227/1824/860 1215/1803/860
f 1217/1804/861 1229/1825/872 1228/1823/871 1216/1802/859
f 1218/1826/862 1230/1827/873 1229/1825/872 1217/1804/861
f 1219/1828/863 1231/1829/874 1230/1830/873 1218/1831/862
f 1220/1832/864 1232/1833/875 1231/1829/874 1219/1828/863
f 1221/1834/865 1233/1835/876 1232/1833/875 1220/1832/864
f 1222/1836/866 1234/1837/877 1233/1835/876 1221/1834/865
f 1223/1838/867 1235/1839/878 1234/1837/877 1222/1836/866
f 1224/1819/868 1236/1840/879 1235/1841/878 1223/1820/867
f 1225/1821/869 1237/1842/880 1236/1840/879 1224/1819/868
f 1226/1822/870 1238/1843/881 1237/1842/880 1225/1821/869
f 1228/1823/871 1240/1844/882 1239/1845/883 1227/1824/860
f 1229/1825/872 1241/1846/884 1240/1844/882 1228/1823/871
f 1230/1847/873 1242/1848/885 1241/1849/884 1229/1850/872
f 1231/1851/874 1243/1852/886 1242/1848/885 1230/1847/873
f 1232/1853/875 1244/1854/887 1243/1852/886 1231/1851/874
f 1233/1855/876 1245/1856/888 1244/1854/887 1232/1853/875
f 1234/1857/877 1246/1858/889 1245/1856/888 1233/1855/876
f 1235/1859/878 1247/1860/890 1246/1858/889 1234/1857/877
f 1236/1840/879 1248/1861/891 1247/1862/890 1235/1841/878
f 1237/1842/880 1249/1863/892 1248/1861/891 1236/1840/879
f 1238/1843/881 1250/1864/893 1249/1863/892 1237/1842/880
f 1240/1844/882 1252/1865/894 1251/1866/895 1239/1845/883
f 1241/1846/884 1253/1867/896 1252/1865/894 1240/1844/882
f 1242/1868/885 1254/1869/897 1253/1867/896 1241/1846/884
f 1243/1870/886 1255/1871/898 1254/1872/897 1242/1873/885
f 1244/1874/887 1256/1875/899 1255/1871/898 1243/1870/886
f 1245/1876/888 1257/1877/900 1256/1875/899 1244/1874/887
f 1246/1878/889 1258/1879/901 1257/1877/900 1245/1876/888
f 1247/1880/890 1259/1881/902 1258/1879/901 1246/1878/889
f 1248/1861/891 1260/1882/903 1259/1883/902 1247/1862/890
f 1249/1863/892 1261/1884/904 1260/1882/903 1248/1861/891
f 1250/1864/893 1262/1885/905 1261/1884/904 1249/1863/892
f 1252/1865/894 1264/1886/906 1263/1887/907 1251/1866/895
f 1253/1867/896 1265/1888/908 1264/1886/906 1252/1865/894
f 1254/1869/897 1266/1889/909 1265/1888/908 1253/1867/896
f 1255/1890/898 1267/1891/910 1266/1892/909 1254/1893/897
f 1256/1894/899 1268/1895/911 1267/1891/910 1255/1890/898
f 1257/1896/900 1269/1897/912 1268/1895/911 1256/1894/899
f 1258/1898/901 1270/1899/913 1269/1897/912 1257/1896/900
f 1259/1900/902 1271/1901/914 1270/1899/913 1258/1898/901
f 1260/1902/903 1272/1903/915 1271/1901/914 1259/1900/902
f 1261/1884/904 1273/1904/916 1272/1905/915 1260/1882/903
f 1262/1885/905 1274/1906/917 1273/1904/916 1261/1884/904
f 1264/1886/906 1276/1907/918 1275/1908/919 1263/1887/907
f 1265/1888/908 1277/1909/920 1276/1907/918 1264/1886/906
f 1266/1889/909 1278/1910/921 1277/1909/920 1265/1888/908
f 1267/1911/910 1279/1912/922 1278/1913/921 1266/1914/909
f 1268/1915/911 1280/1916/923 1279/1912/922 1267/1911/910
f 1269/1917/912 1281/1918/924 1280/1916/923 1268/1915/911
f 1270/1919/913 1282/1920/925 1281/1918/924 1269/1917/912
f 1271/1921/914 1283/1922/926 1282/1920/925 1270/1919/913
f 1272/1905/915 1284/1923/927 1283/1924/926 1271/1925/914
f 1273/1904/916 1285/1926/928 1284/1923/927 1272/1905/915
f 1274/1906/917 1286/1927/929 1285/1926/928 1273/1904/916
f 1276/1907/918 1192/1774/836 1191/1777/839 1275/1908/919
f 1277/1909/920 1193/1778/840 1192/1774/836 1276/1907/918
f 1278/1928/921 1194/1929/842 1193/1930/840 1277/1931/920
f 1279/1932/922 1195/1933/844 1194/1929/842 1278/1928/921
f 1280/1934/923 1196/1935/846 1195/1933/844 1279/1932/922
f 1281/1936/924 1197/1937/848 1196/1935/846 1280/1934/923
f 1282/1938/925 1198/1939/850 1197/1937/848 1281/1936/924
f 1283/1940/926 1199/1941/852 1198/1939/850 1282/1938/925
f 1284/1923/927 1200/1794/854 1199/1797/852 1283/1924/926
f 1285/1926/928 1201/1798/856 1200/1794/854 1284/1923/927
f 1286/1927/929 1202/1800/858 1201/1798/856 1285/1926/928
f 1288/1942/930 1300/1943/931 1299/1944/932 1287/1945/933
f 1289/1946/934 1301/1947/935 1300/1943/931 1288/1942/930
f 1290/1948/936 1302/1949/937 1301/1947/935 1289/1946/934
f 1291/1950/938 1303/1951/939 1302/1952/937 1290/1953/936
f 1292/1954/940 1304/1955/941 1303/1951/939 1291/1950/938
f 1293/1956/942 1305/1957/943 1304/1955/941 1292/1954/940
f 1294/1958/944 1306/1959/945 1305/1957/943 1293/1956/942
f 1295/1960/946 1307/1961/947 1306/1959/945 1294/1958/944
f 1296/1962/948 1308/1963/949 1307/1964/947 1295/1965/946
f 1297/1966/950 1309/1967/951 1308/1963/949 1296/1962/948
f 1298/1968/952 1310/1969/953 1309/1967/951 1297/1966/950
f 1300/1943/931 1312/1970/954 1311/1971/955 1299/1944/932
f 1301/1947/935 1313/1972/956 1312/1970/954 1300/1943/931
f 1302/1949/937 1314/1973/957 1313/1972/956 1301/1947/935
f 1303/1974/939 1315/1975/958 1314/1976/957 1302/1977/937
f 1304/1978/941 1316/1979/959 1315/1975/958 1303/1974/939
f 1305/1980/943 1317/1981/960 1316/1979/959 1304/1978/941
f 1306/1982/945 1318/1983/961 1317/1981/960 1305/1980/943
f 1307/1984/947 1319/1985/962 1318/1983/961 1306/1982/945
f 1308/1963/949 1320/1986/963 1319/1987/962 1307/1964/947
f 1309/1967/951 1321/1988/964 1320/1986/963 1308/1963/949
f 1310/1969/953 1322/1989/965 1321/1988/964 1309/1967/951
f 1312/1970/954 1288/1942/930 1287/1945/933 1311/1971/955
f 1313/1972/956 1289/1946/934 1288/1942/930 1312/1970/954
f 1314/1973/957 1290/1948/936 1289/1946/934 1313/1972/956
f 1315/1990/958 1291/1991/938 1290/1992/936 1314/1993/957
f 1316/1994/959 1292/1995/940 1291/1991/938 1315/1990/958
f 1317/1996/960 1293/1997/942 1292/1995/940 1316/1994/959
f 1318/1998/961 1294/1999/944 1293/1997/942 1317/1996/960
f 1319/2000/962 1295/2001/946 1294/1999/944 1318/1998/961
f 1320/2002/963 1296/2003/948 1295/2001/946 1319/2000/962
f 1321/1988/964 1297/1966/950 1296/1962/948 1320/1986/963
f 1322/1989/965 1298/1968/952 1297/1966/950 1321/1988/964
s 0
f 1325/2004/4 1324/2005/4 1323/2006/4
f 1326/2007/2 1327/2008/2 1328/2009/2
f 1323/2010/966 1324/2011/966 1327/2012/966 1326/2013/966
f 1324/2014/967 1325/2015/967 1328/2016/967 1327/2017/967
f 1325/2018/968 1323/2019/968 1326/2020/968 1328/2021/968
f 1329/2022/969 1330/2023/969 1332/2024/969 1331/2025/969
f 1331/2026/2 1332/2027/2 1336/2028/2 1335/2029/2
f 1335/2030/970 1336/2031/970 1334/2032/970 1333/2033/970
f 1333/2034/4 1334/2035/4 1330/2036/4 1329/2037/4
f 1331/2038/971 1335/2039/971 1333/2040/971 1329/2041/971
f 1336/2042/972 1332/2043/972 1330/2044/972 1334/2045/972
s 1
f 1337/2046/973 1338/2047/974 1340/2048/975 1339/2049/976
f 1339/2049/976 1340/2048/975 1342/2050/977 1341/2051/978
f 1341/2051/978 1342/2050/977 1344/2052/979 1343/2053/980
f 1343/2054/980 1344/2055/979 1346/2056/981 1345/2057/982
f 1345/2057/982 1346/2056/981 1348/2058/983 1347/2059/984
f 1347/2059/984 1348/2058/983 1350/2060/985 1349/2061/986
f 1349/2061/986 1350/2060/985 1352/2062/987 1351/2063/988
f 1351/2064/988 1352/2065/987 1354/2066/989 1353/2067/990
f 1353/2067/990 1354/2066/989 1356/2068/991 1355/2069/992
f 1355/2069/992 1356/2068/991 1358/2070/993 1357/2071/994
f 1357/2071/994 1358/2070/993 1360/2072/995 1359/2073/996
f 1359/2074/996 1360/2075/995 1362/2076/997 1361/2077/998
f 1361/2077/998 1362/2076/997 1364/2078/999 1363/2079/1000
f 1363/2079/1000 1364/2078/999 1366/2080/1001 1365/2081/1002
f 1340/2082/975 1338/2083/974 1368/2084/1003 1366/2085/1001 1364/2086/999 1362/2087/997 1360/2088/995 1358/2089/993 1356/2090/991 1354/2091/989 1352/2092/987 1350/2093/985 1348/2094/983 1346/2095/981 1344/2096/979 1342/2097/977
f 1365/2081/1002 1366/2080/1001 1368/2098/1003 1367/2099/1004
f 1367/2100/1004 1368/2101/1003 1338/2047/974 1337/2046/973
f 1337/2102/973 1339/2103/976 1341/2104/978 1343/2105/980 1345/2106/982 1347/2107/984 1349/2108/986 1351/2109/988 1353/2110/990 1355/2111/992 1357/2112/994 1359/2113/996 1361/2114/998 1363/2115/1000 1365/2116/1002 1367/2117/1004
f 1369/2118/973 1370/2119/974 1372/2120/975 1371/2121/976
f 1371/2121/976 1372/2120/975 1374/2122/977 1373/2123/978
f 1373/2123/978 1374/2122/977 1376/2124/979 1375/2125/980
f 1375/2126/980 1376/2127/979 1378/2128/981 1377/2129/982
f 1377/2129/982 1378/2128/981 1380/2130/983 1379/2131/984
f 1379/2131/984 1380/2130/983 1382/2132/985 1381/2133/986
f 1381/2133/986 1382/2132/985 1384/2134/987 1383/2135/988
f 1383/2136/988 1384/2137/987 1386/2138/989 1385/2139/990
f 1385/2139/990 1386/2138/989 1388/2140/991 1387/2141/992
f 1387/2141/992 1388/2140/991 1390/2142/993 1389/2143/994
f 1389/2143/994 1390/2142/993 1392/2144/995 1391/2145/996
f 1391/2146/996 1392/2147/995 1394/2148/997 1393/2149/998
f 1393/2149/998 1394/2148/997 1396/2150/999 1395/2151/1000
f 1395/2151/1000 1396/2150/999 1398/2152/1001 1397/2153/1002
f 1372/2154/975 1370/2155/974 1400/2156/1003 1398/2157/1001 1396/2158/999 1394/2159/997 1392/2160/995 1390/2161/993 1388/2162/991 1386/2163/989 1384/2164/987 1382/2165/985 1380/2166/983 1378/2167/981 1376/2168/979 1374/2169/977
f 1397/2153/1002 1398/2152/1001 1400/2170/1003 1399/2171/1004
f 1399/2172/1004 1400/2173/1003 1370/2119/974 1369/2118/973
f 1369/2174/973 1371/2175/976 1373/2176/978 1375/2177/980 1377/2178/982 1379/2179/984 1381/2180/986 1383/2181/988 1385/2182/990 1387/2183/992 1389/2184/994 1391/2185/996 1393/2186/998 1395/2187/1000 1397/2188/1002 1399/2189/1004
f 1401/2190/973 1402/2191/974 1404/2192/975 1403/2193/976
f 1403/2193/976 1404/2192/975 1406/2194/977 1405/2195/978
f 1405/2195/978 1406/2194/977 1408/2196/979 1407/2197/980
f 1407/2198/980 1408/2199/979 1410/2200/981 1409/2201/982
f 1409/2201/982 1410/2200/981 1412/2202/983 1411/2203/984
f 1411/2203/984 1412/2202/983 1414/2204/985 1413/2205/986
f 1413/2205/986 1414/2204/985 1416/2206/987 1415/2207/988
f 1415/2208/988 1416/2209/987 1418/2210/989 1417/2211/990
f 1417/2211/990 1418/2210/989 1420/2212/991 1419/2213/992
f 1419/2213/992 1420/2212/991 1422/2214/993 1421/2215/994
f 1421/2215/994 1422/2214/993 1424/2216/995 1423/2217/996
f 1423/2218/996 1424/2219/995 1426/2220/997 1425/2221/998
f 1425/2221/998 1426/2220/997 1428/2222/999 1427/2223/1000
f 1427/2223/1000 1428/2222/999 1430/2224/1001 1429/2225/1002
f 1404/2226/975 1402/2227/974 1432/2228/1003 1430/2229/1001 1428/2230/999 1426/2231/997 1424/2232/995 1422/2233/993 1420/2234/991 1418/2235/989 1416/2236/987 1414/2237/985 1412/2238/983 1410/2239/981 1408/2240/979 1406/2241/977
f 1429/2225/1002 1430/2224/1001 1432/2242/1003 1431/2243/1004
f 1431/2244/1004 1432/2245/1003 1402/2191/974 1401/2190/973
f 1401/2246/973 1403/2247/976 1405/2248/978 1407/2249/980 1409/2250/982 1411/2251/984 1413/2252/986 1415/2253/988 1417/2254/990 1419/2255/992 1421/2256/994 1423/2257/996 1425/2258/998 1427/2259/1000 1429/2260/1002 1431/2261/1004
f 1433/2262/973 1434/2263/974 1436/2264/975 1435/2265/976
f 1435/2265/976 1436/2264/975 1438/2266/977 1437/2267/978
f 1437/2267/978 1438/2266/977 1440/2268/979 1439/2269/980
f 1439/2270/980 1440/2271/979 1442/2272/981 1441/2273/982
f 1441/2273/982 1442/2272/981 1444/2274/983 1443/2275/984
f 1443/2275/984 1444/2274/983 1446/2276/985 1445/2277/986
f 1445/2277/986 1446/2276/985 1448/2278/987 1447/2279/988
f 1447/2280/988 1448/2281/987 1450/2282/989 1449/2283/990
f 1449/2283/990 1450/2282/989 1452/2284/991 1451/2285/992
f 1451/2285/992 1452/2284/991 1454/2286/993 1453/2287/994
f 1453/2287/994 1454/2286/993 1456/2288/995 1455/2289/996
f 1455/2290/996 1456/2291/995 1458/2292/997 1457/2293/998
f 1457/2293/998 1458/2292/997 1460/2294/999 1459/2295/1000
f 1459/2295/1000 1460/2294/999 1462/2296/1001 1461/2297/1002
f 1436/2298/975 1434/2299/974 1464/2300/1003 1462/2301/1001 1460/2302/999 1458/2303/997 1456/2304/995 1454/2305/993 1452/2306/991 1450/2307/989 1448/2308/987 1446/2309/985 1444/2310/983 1442/2311/981 1440/2312/979 1438/2313/977
f 1461/2297/1002 1462/2296/1001 1464/2314/1003 1463/2315/1004
f 1463/2316/1004 1464/2317/1003 1434/2263/974 1433/2262/973
f 1433/2318/973 1435/2319/976 1437/2320/978 1439/2321/980 1441/2322/982 1443/2323/984 1445/2324/986 1447/2325/988 1449/2326/990 1451/2327/992 1453/2328/994 1455/2329/996 1457/2330/998 1459/2331/1000 1461/2332/1002 1463/2333/1004
s 0
f 1465/2334/1 1466/2335/1 1468/2336/1 1467/2337/1
f 1467/2338/1005 1468/2339/1005 1472/2340/1005 1471/2341/1005
f 1471/2342/3 1472/2343/3 1470/2344/3 1469/2345/3
f 1469/2346/1006 1470/2347/1006 1466/2348/1006 1465/2349/1006
f 1467/2350/1007 1471/2351/1007 1469/2352/1007 1465/2353/1007
f 1472/2354/1008 1468/2355/1008 1466/2356/1008 1470/2357/1008
f 1473/2358/1 1474/2359/1 1476/2360/1 1475/2361/1
f 1475/2362/2 1476/2363/2 1480/2364/2 1479/2365/2
f 1479/2366/3 1480/2367/3 1478/2368/3 1477/2369/3
f 1477/2370/4 1478/2371/4 1474/2372/4 1473/2373/4
f 1475/2374/5 1479/2375/5 1477/2376/5 1473/2377/5
f 1480/2378/6 1476/2379/6 1474/2380/6 1478/2381/6
f 1481/2382/1 1482/2383/1 1484/2384/1 1483/2385/1
f 1483/2386/1005 1484/2387/1005 1488/2388/1005 1487/2389/1005
f 1487/2390/3 1488/2391/3 1486/2392/3 1485/2393/3
f 1485/2394/1006 1486/2395/1006 1482/2396/1006 1481/2397/1006
f 1483/2398/1007 1487/2399/1007 1485/2400/1007 1481/2401/1007
f 1488/2402/1008 1484/2403/1008 1482/2404/1008 1486/2405/1008
f 1489/2406/1 1490/2407/1 1492/2408/1 1491/2409/1
f 1491/2410/2 1492/2411/2 1496/2412/2 1495/2413/2
f 1495/2414/3 1496/2415/3 1494/2416/3 1493/2417/3
f 1493/2418/4 1494/2419/4 1490/2420/4 1489/2421/4
f 1491/2422/5 1495/2423/5 1493/2424/5 1489/2425/5
f 1496/2426/6 1492/2427/6 1490/2428/6 1494/2429/6
f 1497/2430/1 1498/2431/1 1500/2432/1 1499/2433/1
f 1499/2434/1005 1500/2435/1005 1504/2436/1005 1503/2437/1005
f 1503/2438/3 1504/2439/3 1502/2440/3 1501/2441/3
f 1501/2442/1006 1502/2443/1006 1498/2444/1006 1497/2445/1006
f 1499/2446/1007 1503/2447/1007 1501/2448/1007 1497/2449/1007
f 1504/2450/1008 1500/2451/1008 1498/2452/1008 1502/2453/1008
f 1505/2454/1 1506/2455/1 1508/2456/1 1507/2457/1
f 1507/2458/2 1508/2459/2 1512/2460/2 1511/2461/2
f 1511/2462/3 1512/2463/3 1510/2464/3 1509/2465/3
f 1509/2466/4 1510/2467/4 1506/2468/4 1505/2469/4
f 1507/2470/5 1511/2471/5 1509/2472/5 1505/2473/5
f 1512/2474/6 1508/2475/6 1506/2476/6 1510/2477/6
f 1513/2478/1 1514/2479/1 1516/2480/1 1515/2481/1
f 1515/2482/1005 1516/2483/1005 1520/2484/1005 1519/2485/1005
f 1519/2486/3 1520/2487/3 1518/2488/3 1517/2489/3
f 1517/2490/1006 1518/2491/1006 1514/2492/1006 1513/2493/1006
f 1515/2494/1007 1519/2495/1007 1517/2496/1007 1513/2497/1007
f 1520/2498/1008 1516/2499/1008 1514/2500/1008 1518/2501/1008
f 1521/2502/1 1522/2503/1 1524/2504/1 1523/2505/1
f 1523/2506/2 1524/2507/2 1528/2508/2 1527/2509/2
f 1527/2510/3 1528/2511/3 1526/2512/3 1525/2513/3
f 1525/2514/4 1526/2515/4 1522/2516/4 1521/2517/4
f 1523/2518/5 1527/2519/5 1525/2520/5 1521/2521/5
f 1528/2522/6 1524/2523/6 1522/2524/6 1526/2525/6
f 1529/2526/1 1530/2527/1 1532/2528/1 1531/2529/1
f 1531/2530/1005 1532/2531/1005 1536/2532/1005 1535/2533/1005
f 1535/2534/3 1536/2535/3 1534/2536/3 1533/2537/3
f 1533/2538/1006 1534/2539/1006 1530/2540/1006 1529/2541/1006
f 1531/2542/1007 1535/2543/1007 1533/2544/1007 1529/2545/1007
f 1536/2546/1008 1532/2547/1008 1530/2548/1008 1534/2549/1008
f 1537/2550/1 1538/2551/1 1540/2552/1 1539/2553/1
f 1539/2554/2 1540/2555/2 1544/2556/2 1543/2557/2
f 1543/2558/3 1544/2559/3 1542/2560/3 1541/2561/3
f 1541/2562/4 1542/2563/4 1538/2564/4 1537/2565/4
f 1539/2566/5 1543/2567/5 1541/2568/5 1537/2569/5
f 1544/2570/6 1540/2571/6 1538/2572/6 1542/2573/6
f 1545/2574/1 1546/2575/1 1548/2576/1 1547/2577/1
f 1547/2578/1005 1548/2579/1005 1552/2580/1005 1551/2581/1005
f 1551/2582/3 1552/2583/3 1550/2584/3 1549/2585/3
f 1549/2586/1006 1550/2587/1006 1546/2588/1006 1545/2589/1006
f 1547/2590/1007 1551/2591/1007 1549/2592/1007 1545/2593/1007
f 1552/2594/1008 1548/2595/1008 1546/2596/1008 1550/2597/1008
f 1553/2598/1 1554/2599/1 1556/2600/1 1555/2601/1
f 1555/2602/2 1556/2603/2 1560/2604/2 1559/2605/2
f 1559/2606/3 1560/2607/3 1558/2608/3 1557/2609/3
f 1557/2610/4 1558/2611/4 1554/2612/4 1553/2613/4
f 1555/2614/5 1559/2615/5 1557/2616/5 1553/2617/5
f 1560/2618/6 1556/2619/6 1554/2620/6 1558/2621/6
f 1561/2622/1 1562/2623/1 1564/2624/1 1563/2625/1
f 1563/2626/1005 1564/2627/1005 1568/2628/1005 1567/2629/1005
f 1567/2630/3 1568/2631/3 1566/2632/3 1565/2633/3
f 1565/2634/1006 1566/2635/1006 1562/2636/1006 1561/2637/1006
f 1563/2638/1007 1567/2639/1007 1565/2640/1007 1561/2641/1007
f 1568/2642/1008 1564/2643/1008 1562/2644/1008 1566/2645/1008
f 1569/2646/1 1570/2647/1 1572/2648/1 1571/2649/1
f 1571/2650/2 1572/2651/2 1576/2652/2 1575/2653/2
f 1575/2654/3 1576/2655/3 1574/2656/3 1573/2657/3
f 1573/2658/4 1574/2659/4 1570/2660/4 1569/2661/4
f 1571/2662/5 1575/2663/5 1573/2664/5 1569/2665/5
f 1576/2666/6 1572/2667/6 1570/2668/6 1574/2669/6
f 1577/2670/1 1578/2671/1 1580/2672/1 1579/2673/1
f 1579/2674/1005 1580/2675/1005 1584/2676/1005 1583/2677/1005
f 1583/2678/3 1584/2679/3 1582/2680/3 1581/2681/3
f 1581/2682/1006 1582/2683/1006 1578/2684/1006 1577/2685/1006
f 1579/2686/1007 1583/2687/1007 1581/2688/1007 1577/2689/1007
f 1584/2690/1008 1580/2691/1008 1578/2692/1008 1582/2693/1008
f 1585/2694/1 1586/2695/1 1588/2696/1 1587/2697/1
f 1587/2698/2 1588/2699/2 1592/2700/2 1591/2701/2
f 1591/2702/3 1592/2703/3 1590/2704/3 1589/2705/3
f 1589/2706/4 1590/2707/4 1586/2708/4 1585/2709/4
f 1587/2710/5 1591/2711/5 1589/2712/5 1585/2713/5
f 1592/2714/6 1588/2715/6 1586/2716/6 1590/2717/6
f 1593/2718/1 1594/2719/1 1596/2720/1 1595/2721/1
f 1595/2722/1005 1596/2723/1005 1600/2724/1005 1599/2725/1005
f 1599/2726/3 1600/2727/3 1598/2728/3 1597/2729/3
f 1597/2730/1006 1598/2731/1006 1594/2732/1006 1593/2733/1006
f 1595/2734/1007 1599/2735/1007 1597/2736/1007 1593/2737/1007
f 1600/2738/1008 1596/2739/1008 1594/2740/1008 1598/2741/1008
f 1601/2742/1 1602/2743/1 1604/2744/1 1603/2745/1
f 1603/2746/2 1604/2747/2 1608/2748/2 1607/2749/2
f 1607/2750/3 1608/2751/3 1606/2752/3 1605/2753/3
f 1605/2754/4 1606/2755/4 1602/2756/4 1601/2757/4
f 1603/2758/5 1607/2759/5 1605/2760/5 1601/2761/5
f 1608/2762/6 1604/2763/6 1602/2764/6 1606/2765/6
f 1609/2766/1 1610/2767/1 1612/2768/1 1611/2769/1
f 1611/2770/1005 1612/2771/1005 1616/2772/1005 1615/2773/1005
f 1615/2774/3 1616/2775/3 1614/2776/3 1613/2777/3
f 1613/2778/1006 1614/2779/1006 1610/2780/1006 1609/2781/1006
f 1611/2782/1007 1615/2783/1007 1613/2784/1007 1609/2785/1007
f 1616/2786/1008 1612/2787/1008 1610/2788/1008 1614/2789/1008
f 1617/2790/1 1618/2791/1 1620/2792/1 1619/2793/1
f 1619/2794/2 1620/2795/2 1624/2796/2 1623/2797/2
f 1623/2798/3 1624/2799/3 1622/2800/3 1621/2801/3
f 1621/2802/4 1622/2803/4 1618/2804/4 1617/2805/4
f 1619/2806/5 1623/2807/5 1621/2808/5 1617/2809/5
f 1624/2810/6 1620/2811/6 1618/2812/6 1622/2813/6
f 1625/2814/1 1626/2815/1 1628/2816/1 1627/2817/1
f 1627/2818/2 1628/2819/2 1632/2820/2 1631/2821/2
f 1631/2822/3 1632/2823/3 1630/2824/3 1629/2825/3
f 1629/2826/4 1630/2827/4 1626/2828/4 1625/2829/4
f 1627/2830/5 1631/2831/5 1629/2832/5 1625/2833/5
f 1632/2834/6 1628/2835/6 1626/2836/6 1630/2837/6
f 1633/2838/1 1634/2839/1 1636/2840/1 1635/2841/1
f 1635/2842/2 1636/2843/2 1640/2844/2 1639/2845/2
f 1639/2846/3 1640/2847/3 1638/2848/3 1637/2849/3
f 1637/2850/4 1638/2851/4 1634/2852/4 1633/2853/4
f 1635/2854/5 1639/2855/5 1637/2856/5 1633/2857/5
f 1640/2858/6 1636/2859/6 1634/2860/6 1638/2861/6
f 1641/2862/1 1642/2863/1 1644/2864/1 1643/2865/1
f 1643/2866/2 1644/2867/2 1648/2868/2 1647/2869/2
f 1647/2870/3 1648/2871/3 1646/2872/3 1645/2873/3
f 1645/2874/4 1646/2875/4 1642/2876/4 1641/2877/4
f 1643/2878/5 1647/2879/5 1645/2880/5 1641/2881/5
f 1648/2882/6 1644/2883/6 1642/2884/6 1646/2885/6
f 1649/2886/1 1650/2887/1 1652/2888/1 1651/2889/1
f 1651/2890/2 1652/2891/2 1656/2892/2 1655/2893/2
f 1655/2894/3 1656/2895/3 1654/2896/3 1653/2897/3
f 1653/2898/4 1654/2899/4 1650/2900/4 1649/2901/4
f 1651/2902/5 1655/2903/5 1653/2904/5 1649/2905/5
f 1656/2906/6 1652/2907/6 1650/2908/6 1654/2909/6
f 1657/2910/1 1658/2911/1 1660/2912/1 1659/2913/1
f 1659/2914/2 1660/2915/2 1664/2916/2 1663/2917/2
f 1663/2918/3 1664/2919/3 1662/2920/3 1661/2921/3
f 1661/2922/4 1662/2923/4 1658/2924/4 1657/2925/4
f 1659/2926/5 1663/2927/5 1661/2928/5 1657/2929/5
f 1664/2930/6 1660/2931/6 1658/2932/6 1662/2933/6
f 1665/2934/1 1666/2935/1 1668/2936/1 1667/2937/1
f 1667/2938/2 1668/2939/2 1672/2940/2 1671/2941/2
f 1671/2942/3 1672/2943/3 1670/2944/3 1669/2945/3
f 1669/2946/4 1670/2947/4 1666/2948/4 1665/2949/4
f 1667/2950/5 1671/2951/5 1669/2952/5 1665/2953/5
f 1672/2954/6 1668/2955/6 1666/2956/6 1670/2957/6
f 1673/2958/1 1674/2959/1 1676/2960/1 1675/2961/1
f 1675/2962/2 1676/2963/2 1680/2964/2 1679/2965/2
f 1679/2966/3 1680/2967/3 1678/2968/3 1677/2969/3
f 1677/2970/4 1678/2971/4 1674/2972/4 1673/2973/4
f 1675/2974/5 1679/2975/5 1677/2976/5 1673/2977/5
f 1680/2978/6 1676/2979/6 1674/2980/6 1678/2981/6
f 1681/2982/1 1682/2983/1 1684/2984/1 1683/2985/1
f 1683/2986/2 1684/2987/2 1688/2988/2 1687/2989/2
f 1687/2990/3 1688/2991/3 1686/2992/3 1685/2993/3
f 1685/2994/4 1686/2995/4 1682/2996/4 1681/2997/4
f 1683/2998/5 1687/2999/5 1685/3000/5 1681/3001/5
f 1688/3002/6 1684/3003/6 1682/3004/6 1686/3005/6
f 1689/3006/1 1690/3007/1 1692/3008/1 1691/3009/1
f 1691/3010/2 1692/3011/2 1696/3012/2 1695/3013/2
f 1695/3014/3 1696/3015/3 1694/3016/3 1693/3017/3
f 1693/3018/4 1694/3019/4 1690/3020/4 1689/3021/4
f 1691/3022/5 1695/3023/5 1693/3024/5 1689/3025/5
f 1696/3026/6 1692/3027/6 1690/3028/6 1694/3029/6
f 1697/3030/1 1698/3031/1 1700/3032/1 1699/3033/1
f 1699/3034/2 1700/3035/2 1704/3036/2 1703/3037/2
f 1703/3038/3 1704/3039/3 1702/3040/3 1701/3041/3
f 1701/3042/4 1702/3043/4 1698/3044/4 1697/3045/4
f 1699/3046/5 1703/3047/5 1701/3048/5 1697/3049/5
f 1704/3050/6 1700/3051/6 1698/3052/6 1702/3053/6
f 1705/3054/1 1706/3055/1 1708/3056/1 1707/3057/1
f 1707/3058/2 1708/3059/2 1712/3060/2 1711/3061/2
f 1711/3062/3 1712/3063/3 1710/3064/3 1709/3065/3
f 1709/3066/4 1710/3067/4 1706/3068/4 1705/3069/4
f 1707/3070/5 1711/3071/5 1709/3072/5 1705/3073/5
f 1712/3074/6 1708/3075/6 1706/3076/6 1710/3077/6
f 1713/3078/1 1714/3079/1 1716/3080/1 1715/3081/1
f 1715/3082/2 1716/3083/2 1720/3084/2 1719/3085/2
f 1719/3086/3 1720/3087/3 1718/3088/3 1717/3089/3
f 1717/3090/4 1718/3091/4 1714/3092/4 1713/3093/4
f 1715/3094/5 1719/3095/5 1717/3096/5 1713/3097/5
f 1720/3098/6 1716/3099/6 1714/3100/6 1718/3101/6
f 1721/3102/1 1722/3103/1 1724/3104/1 1723/3105/1
f 1723/3106/2 1724/3107/2 1728/3108/2 1727/3109/2
f 1727/3110/3 1728/3111/3 1726/3112/3 1725/3113/3
f 1725/3114/4 1726/3115/4 1722/3116/4 1721/3117/4
f 1723/3118/5 1727/3119/5 1725/3120/5 1721/3121/5
f 1728/3122/6 1724/3123/6 1722/3124/6 1726/3125/6
f 1729/3126/1 1730/3127/1 1732/3128/1 1731/3129/1
f 1731/3130/2 1732/3131/2 1736/3132/2 1735/3133/2
f 1735/3134/3 1736/3135/3 1734/3136/3 1733/3137/3
f 1733/3138/4 1734/3139/4 1730/3140/4 1729/3141/4
f 1731/3142/5 1735/3143/5 1733/3144/5 1729/3145/5
f 1736/3146/6 1732/3147/6 1730/3148/6 1734/3149/6
f 1737/3150/1 1738/3151/1 1740/3152/1 1739/3153/1
f 1739/3154/2 1740/3155/2 1744/3156/2 1743/3157/2
f 1743/3158/3 1744/3159/3 1742/3160/3 1741/3161/3
f 1741/3162/4 1742/3163/4 1738/3164/4 1737/3165/4
f 1739/3166/5 1743/3167/5 1741/3168/5 1737/3169/5
f 1744/3170/6 1740/3171/6 1738/3172/6 1742/3173/6
f 1745/3174/1 1746/3175/1 1748/3176/1 1747/3177/1
f 1747/3178/2 1748/3179/2 1752/3180/2 1751/3181/2
f 1751/3182/3 1752/3183/3 1750/3184/3 1749/3185/3
f 1749/3186/4 1750/3187/4 1746/3188/4 1745/3189/4
f 1747/3190/5 1751/3191/5 1749/3192/5 1745/3193/5
f 1752/3194/6 1748/3195/6 1746/3196/6 1750/3197/6
f 1753/3198/1 1754/3199/1 1756/3200/1 1755/3201/1
f 1755/3202/2 1756/3203/2 1760/3204/2 1759/3205/2
f 1759/3206/3 1760/3207/3 1758/3208/3 1757/3209/3
f 1757/3210/4 1758/3211/4 1754/3212/4 1753/3213/4
f 1755/3214/5 1759/3215/5 1757/3216/5 1753/3217/5
f 1760/3218/6 1756/3219/6 1754/3220/6 1758/3221/6
f 1761/3222/1 1762/3223/1 1764/3224/1 1763/3225/1
f 1763/3226/2 1764/3227/2 1768/3228/2 1767/3229/2
f 1767/3230/3 1768/3231/3 1766/3232/3 1765/3233/3
f 1765/3234/4 1766/3235/4 1762/3236/4 1761/3237/4
f 1763/3238/5 1767/3239/5 1765/3240/5 1761/3241/5
f 1768/3242/6 1764/3243/6 1762/3244/6 1766/3245/6
f 1769/3246/1 1770/3247/1 1772/3248/1 1771/3249/1
f 1771/3250/2 1772/3251/2 1776/3252/2 1775/3253/2
f 1775/3254/3 1776/3255/3 1774/3256/3 1773/3257/3
f 1773/3258/4 1774/3259/4 1770/3260/4 1769/3261/4
f 1771/3262/5 1775/3263/5 1773/3264/5 1769/3265/5
f 1776/3266/6 1772/3267/6 1770/3268/6 1774/3269/6
f 1777/3270/1 1778/3271/1 1780/3272/1 1779/3273/1
f 1779/3274/2 1780/3275/2 1784/3276/2 1783/3277/2
f 1783/3278/3 1784/3279/3 1782/3280/3 1781/3281/3
f 1781/3282/4 1782/3283/4 1778/3284/4 1777/3285/4
f 1779/3286/5 1783/3287/5 1781/3288/5 1777/3289/5
f 1784/3290/6 1780/3291/6 1778/3292/6 1782/3293/6
f 1785/3294/1 1786/3295/1 1788/3296/1 1787/3297/1
f 1787/3298/2 1788/3299/2 1792/3300/2 1791/3301/2
f 1791/3302/3 1792/3303/3 1790/3304/3 1789/3305/3
f 1789/3306/4 1790/3307/4 1786/3308/4 1785/3309/4
f 1787/3310/5 1791/3311/5 1789/3312/5 1785/3313/5
f 1792/3314/6 1788/3315/6 1786/3316/6 1790/3317/6
f 1793/3318/1 1794/3319/1 1796/3320/1 1795/3321/1
f 1795/3322/2 1796/3323/2 1800/3324/2 1799/3325/2
f 1799/3326/3 1800/3327/3 1798/3328/3 1797/3329/3
f 1797/3330/4 1798/3331/4 1794/3332/4 1793/3333/4
f 1795/3334/5 1799/3335/5 1797/3336/5 1793/3337/5
f 1800/3338/6 1796/3339/6 1794/3340/6 1798/3341/6
f 1801/3342/1 1802/3343/1 1804/3344/1 1803/3345/1
f 1803/3346/2 1804/3347/2 1808/3348/2 1807/3349/2
f 1807/3350/3 1808/3351/3 1806/3352/3 1805/3353/3
f 1805/3354/4 1806/3355/4 1802/3356/4 1801/3357/4
f 1803/3358/5 1807/3359/5 1805/3360/5 1801/3361/5
f 1808/3362/6 1804/3363/6 1802/3364/6 1806/3365/6
f 1809/3366/1 1810/3367/1 1812/3368/1 1811/3369/1
f 1811/3370/2 1812/3371/2 1816/3372/2 1815/3373/2
f 1815/3374/3 1816/3375/3 1814/3376/3 1813/3377/3
f 1813/3378/4 1814/3379/4 1810/3380/4 1809/3381/4
f 1811/3382/5 1815/3383/5 1813/3384/5 1809/3385/5
f 1816/3386/6 1812/3387/6 1810/3388/6 1814/3389/6
s 1
f 1817/3390/5 1829/3391/1009 1830/3392/1010 1818/3393/1011
f 1818/3393/1011 1830/3392/1010 1831/3394/1012 1819/3395/1013
f 1819/3396/1013 1831/3397/1012 1832/3398/1014 1820/3399/1015
f 1820/3399/1015 1832/3398/1014 1833/3400/1016 1821/3401/1017
f 1821/3401/1017 1833/3400/1016 1834/3402/1018 1822/3403/1019
f 1822/3404/1019 1834/3405/1018 1835/3406/1020 1823/3407/6
f 1823/3407/6 1835/3406/1020 1836/3408/1021 1824/3409/1022
f 1824/3409/1022 1836/3408/1021 1837/3410/1023 1825/3411/1024
f 1825/3412/1024 1837/3413/1023 1838/3414/1025 1826/3415/1026
f 1826/3415/1026 1838/3414/1025 1839/3416/1027 1827/3417/1028
f 1827/3417/1028 1839/3416/1027 1840/3418/1029 1828/3419/1030
f 1828/3420/1030 1840/3421/1029 1829/3391/1009 1817/3390/5
f 1829/3391/1009 1841/3422/1031 1842/3423/1032 1830/3392/1010
f 1830/3424/1010 1842/3425/1032 1843/3426/1033 1831/3397/1012
f 1831/3397/1012 1843/3426/1033 1844/3427/1034 1832/3398/1014
f 1832/3398/1014 1844/3427/1034 1845/3428/1035 1833/3400/1016
f 1833/3400/1016 1845/3428/1035 1846/3429/1036 1834/3402/1018
f 1834/3405/1018 1846/3430/1036 1847/3431/1037 1835/3406/1020
f 1835/3406/1020 1847/3431/1037 1848/3432/1038 1836/3408/1021
f 1836/3433/1021 1848/3434/1038 1849/3435/1039 1837/3413/1023
f 1837/3413/1023 1849/3435/1039 1850/3436/1040 1838/3414/1025
f 1838/3414/1025 1850/3436/1040 1851/3437/1041 1839/3416/1027
f 1839/3416/1027 1851/3437/1041 1852/3438/1042 1840/3418/1029
f 1840/3421/1029 1852/3439/1042 1841/3422/1031 1829/3391/1009
f 1841/3422/1031 1853/3440/1043 1854/3441/1044 1842/3423/1032
f 1842/3425/1032 1854/3442/1044 1855/3443/1045 1843/3426/1033
f 1843/3426/1033 1855/3443/1045 1856/3444/1046 1844/3427/1034
f 1844/3427/1034 1856/3444/1046 1857/3445/1047 1845/3428/1035
f 1845/3428/1035 1857/3445/1047 1858/3446/1048 1846/3429/1036
f 1846/3430/1036 1858/3447/1048 1859/3448/1049 1847/3431/1037
f 1847/3431/1037 1859/3448/1049 1860/3449/1050 1848/3432/1038
f 1848/3434/1038 1860/3450/1050 1861/3451/1051 1849/3435/1039
f 1849/3435/1039 1861/3451/1051 1862/3452/1052 1850/3436/1040
f 1850/3436/1040 1862/3452/1052 1863/3453/1053 1851/3437/1041
f 1851/3437/1041 1863/3453/1053 1864/3454/1054 1852/3438/1042
f 1852/3439/1042 1864/3455/1054 1853/3440/1043 1841/3422/1031
f 1853/3440/1043 1865/3456/1055 1866/3457/1056 1854/3441/1044
f 1854/3442/1044 1866/3458/1056 1867/3459/1057 1855/3443/1045
f 1855/3443/1045 1867/3459/1057 1868/3460/1058 1856/3444/1046
f 1856/3444/1046 1868/3460/1058 1869/3461/1059 1857/3445/1047
f 1857/3445/1047 1869/3461/1059 1870/3462/1060 1858/3446/1048
f 1858/3447/1048 1870/3463/1060 1871/3464/1061 1859/3448/1049
f 1859/3448/1049 1871/3464/1061 1872/3465/1062 1860/3449/1050
f 1860/3450/1050 1872/3466/1062 1873/3467/1063 1861/3451/1051
f 1861/3451/1051 1873/3467/1063 1874/3468/1064 1862/3452/1052
f 1862/3452/1052 1874/3468/1064 1875/3469/1065 1863/3453/1053
f 1863/3453/1053 1875/3469/1065 1876/3470/1066 1864/3454/1054
f 1864/3455/1054 1876/3471/1066 1865/3456/1055 1853/3440/1043
f 1865/3456/1055 1877/3472/1067 1878/3473/1068 1866/3457/1056
f 1866/3458/1056 1878/3474/1068 1879/3475/1069 1867/3459/1057
f 1867/3459/1057 1879/3475/1069 1880/3476/1070 1868/3460/1058
f 1868/3460/1058 1880/3476/1070 1881/3477/1071 1869/3461/1059
f 1869/3461/1059 1881/3477/1071 1882/3478/1072 1870/3462/1060
f 1870/3463/1060 1882/3479/1072 1883/3480/1073 1871/3464/1061
f 1871/3464/1061 1883/3480/1073 1884/3481/1074 1872/3465/1062
f 1872/3466/1062 1884/3482/1074 1885/3483/1075 1873/3467/1063
f 1873/3467/1063 1885/3483/1075 1886/3484/1076 1874/3468/1064
f 1874/3468/1064 1886/3484/1076 1887/3485/1077 1875/3469/1065
f 1875/3469/1065 1887/3485/1077 1888/3486/1078 1876/3470/1066
f 1876/3471/1066 1888/3487/1078 1877/3472/1067 1865/3456/1055
f 1877/3472/1067 1889/3488/1079 1890/3489/1080 1878/3473/1068
f 1878/3474/1068 1890/3490/1080 1891/3491/1081 1879/3475/1069
f 1879/3475/1069 1891/3491/1081 1892/3492/1082 1880/3476/1070
f 1880/3476/1070 1892/3492/1082 1893/3493/1083 1881/3477/1071
f 1881/3477/1071 1893/3493/1083 1894/3494/1084 1882/3478/1072
f 1882/3479/1072 1894/3495/1084 1895/3496/1085 1883/3480/1073
f 1883/3480/1073 1895/3496/1085 1896/3497/1086 1884/3481/1074
f 1884/3482/1074 1896/3498/1086 1897/3499/1087 1885/3483/1075
f 1885/3483/1075 1897/3499/1087 1898/3500/1088 1886/3484/1076
f 1886/3484/1076 1898/3500/1088 1899/3501/1089 1887/3485/1077
f 1887/3485/1077 1899/3501/1089 1900/3502/1090 1888/3486/1078
f 1888/3487/1078 1900/3503/1090 1889/3488/1079 1877/3472/1067
f 1889/3504/1079 1901/3505/1091 1902/3506/1092 1890/3507/1080
f 1890/3490/1080 1902/3508/1092 1903/3509/1093 1891/3491/1081
f 1891/3491/1081 1903/3509/1093 1904/3510/1094 1892/3492/1082
f 1892/3492/1082 1904/3510/1094 1905/3511/1095 1893/3493/1083
f 1893/3493/1083 1905/3511/1095 1906/3512/1096 1894/3494/1084
f 1894/3513/1084 1906/3514/1096 1907/3515/1097 1895/3516/1085
f 1895/3516/1085 1907/3515/1097 1908/3517/1098 1896/3518/1086
f 1896/3498/1086 1908/3519/1098 1909/3520/1099 1897/3499/1087
f 1897/3499/1087 1909/3520/1099 1910/3521/1100 1898/3500/1088
f 1898/3500/1088 1910/3521/1100 1911/3522/1101 1899/3501/1089
f 1899/3501/1089 1911/3522/1101 1912/3523/1102 1900/3502/1090
f 1900/3524/1090 1912/3525/1102 1901/3505/1091 1889/3504/1079
f 1901/3505/1091 1913/3526/1103 1914/3527/1104 1902/3506/1092
f 1902/3508/1092 1914/3528/1104 1915/3529/1105 1903/3509/1093
f 1903/3509/1093 1915/3529/1105 1916/3530/1106 1904/3510/1094
f 1904/3510/1094 1916/3530/1106 1917/3531/1107 1905/3511/1095
f 1905/3511/1095 1917/3531/1107 1918/3532/1108 1906/3512/1096
f 1906/3514/1096 1918/3533/1108 1919/3534/1109 1907/3515/1097
f 1907/3515/1097 1919/3534/1109 1920/3535/1110 1908/3517/1098
f 1908/3519/1098 1920/3536/1110 1921/3537/1111 1909/3520/1099
f 1909/3520/1099 1921/3537/1111 1922/3538/1112 1910/3521/1100
f 1910/3521/1100 1922/3538/1112 1923/3539/1113 1911/3522/1101
f 1911/3522/1101 1923/3539/1113 1924/3540/1114 1912/3523/1102
f 1912/3525/1102 1924/3541/1114 1913/3526/1103 1901/3505/1091
f 1913/3526/1103 1925/3542/1115 1926/3543/1116 1914/3527/1104
f 1914/3528/1104 1926/3544/1116 1927/3545/1117 1915/3529/1105
f 1915/3529/1105 1927/3545/1117 1928/3546/1118 1916/3530/1106
f 1916/3530/1106 1928/3546/1118 1929/3547/1119 1917/3531/1107
f 1917/3531/1107 1929/3547/1119 1930/3548/1120 1918/3532/1108
f 1918/3533/1108 1930/3549/1120 1931/3550/1121 1919/3534/1109
f 1919/3534/1109 1931/3550/1121 1932/3551/1122 1920/3535/1110
f 1920/3536/1110 1932/3552/1122 1933/3553/1123 1921/3537/1111
f 1921/3537/1111 1933/3553/1123 1934/3554/1124 1922/3538/1112
f 1922/3538/1112 1934/3554/1124 1935/3555/1125 1923/3539/1113
f 1923/3539/1113 1935/3555/1125 1936/3556/1126 1924/3540/1114
f 1924/3541/1114 1936/3557/1126 1925/3542/1115 1913/3526/1103
f 1925/3542/1115 1937/3558/1127 1938/3559/1128 1926/3543/1116
f 1926/3544/1116 1938/3560/1128 1939/3561/1129 1927/3545/1117
f 1927/3545/1117 1939/3561/1129 1940/3562/1130 1928/3546/1118
f 1928/3546/1118 1940/3562/1130 1941/3563/1131 1929/3547/1119
f 1929/3547/1119 1941/3563/1131 1942/3564/1132 1930/3548/1120
f 1930/3549/1120 1942/3565/1132 1943/3566/1133 1931/3550/1121
f 1931/3550/1121 1943/3566/1133 1944/3567/1134 1932/3551/1122
f 1932/3552/1122 1944/3568/1134 1945/3569/1135 1933/3553/1123
f 1933/3553/1123 1945/3569/1135 1946/3570/1136 1934/3554/1124
f 1934/3554/1124 1946/3570/1136 1947/3571/1137 1935/3555/1125
f 1935/3555/1125 1947/3571/1137 1948/3572/1138 1936/3556/1126
f 1936/3557/1126 1948/3573/1138 1937/3558/1127 1925/3542/1115
f 1937/3558/1127 1949/3574/1139 1950/3575/1140 1938/3559/1128
f 1938/3560/1128 1950/3576/1140 1951/3577/1141 1939/3561/1129
f 1939/3561/1129 1951/3577/1141 1952/3578/1142 1940/3562/1130
f 1940/3562/1130 1952/3578/1142 1953/3579/1143 1941/3563/1131
f 1941/3580/1131 1953/3581/1143 1954/3582/1144 1942/3565/1132
f 1942/3565/1132 1954/3582/1144 1955/3583/1145 1943/3566/1133
f 1943/3566/1133 1955/3583/1145 1956/3584/1146 1944/3567/1134
f 1944/3568/1134 1956/3585/1146 1957/3586/1147 1945/3569/1135
f 1945/3569/1135 1957/3586/1147 1958/3587/1148 1946/3570/1136
f 1946/3570/1136 1958/3587/1148 1959/3588/1149 1947/3571/1137
f 1947/3589/1137 1959/3590/1149 1960/3591/1150 1948/3573/1138
f 1948/3573/1138 1960/3591/1150 1949/3574/1139 1937/3558/1127
f 1949/3574/1139 1961/3592/2 1962/3593/1151 1950/3575/1140
f 1950/3576/1140 1962/3594/1151 1963/3595/1152 1951/3577/1141
f 1951/3577/1141 1963/3595/1152 1964/3596/1153 1952/3578/1142
f 1952/3578/1142 1964/3596/1153 1965/3597/1154 1953/3579/1143
f 1953/3581/1143 1965/3598/1154 1966/3599/1155 1954/3582/1144
f 1954/3582/1144 1966/3599/1155 1967/3600/4 1955/3583/1145
f 1955/3583/1145 1967/3600/4 1968/3601/1156 1956/3584/1146
f 1956/3585/1146 1968/3602/1156 1969/3603/1157 1957/3586/1147
f 1957/3586/1147 1969/3603/1157 1970/3604/1158 1958/3587/1148
f 1958/3587/1148 1970/3604/1158 1971/3605/1159 1959/3588/1149
f 1959/3590/1149 1971/3606/1159 1972/3607/1160 1960/3591/1150
f 1960/3591/1150 1972/3607/1160 1961/3592/2 1949/3574/1139
f 1961/3592/2 1973/3608/1161 1974/3609/1162 1962/3593/1151
f 1962/3594/1151 1974/3610/1162 1975/3611/1163 1963/3595/1152
f 1963/3595/1152 1975/3611/1163 1976/3612/1164 1964/3596/1153
f 1964/3596/1153 1976/3612/1164 1977/3613/1165 1965/3597/1154
f 1965/3598/1154 1977/3614/1165 1978/3615/1166 1966/3599/1155
f 1966/3599/1155 1978/3615/1166 1979/3616/1167 1967/3600/4
f 1967/3600/4 1979/3616/1167 1980/3617/1168 1968/3601/1156
f 1968/3602/1156 1980/3618/1168 1981/3619/1169 1969/3603/1157
f 1969/3603/1157 1981/3619/1169 1982/3620/1170 1970/3604/1158
f 1970/3604/1158 1982/3620/1170 1983/3621/1171 1971/3605/1159
f 1971/3606/1159 1983/3622/1171 1984/3623/1172 1972/3607/1160
f 1972/3607/1160 1984/3623/1172 1973/3608/1161 1961/3592/2
f 1973/3608/1161 1985/3624/1173 1986/3625/1174 1974/3609/1162
f 1974/3610/1162 1986/3626/1174 1987/3627/1175 1975/3611/1163
f 1975/3611/1163 1987/3627/1175 1988/3628/1176 1976/3612/1164
f 1976/3612/1164 1988/3628/1176 1989/3629/1177 1977/3613/1165
f 1977/3614/1165 1989/3630/1177 1990/3631/1178 1978/3615/1166
f 1978/3615/1166 1990/3631/1178 1991/3632/1179 1979/3616/1167
f 1979/3616/1167 1991/3632/1179 1992/3633/1180 1980/3617/1168
f 1980/3618/1168 1992/3634/1180 1993/3635/1181 1981/3619/1169
f 1981/3619/1169 1993/3635/1181 1994/3636/1182 1982/3620/1170
f 1982/3620/1170 1994/3636/1182 1995/3637/1183 1983/3621/1171
f 1983/3622/1171 1995/3638/1183 1996/3639/1184 1984/3623/1172
f 1984/3623/1172 1996/3639/1184 1985/3624/1173 1973/3608/1161
f 1985/3624/1173 1997/3640/1185 1998/3641/1186 1986/3625/1174
f 1986/3626/1174 1998/3642/1186 1999/3643/1187 1987/3627/1175
f 1987/3627/1175 1999/3643/1187 2000/3644/1188 1988/3628/1176
f 1988/3628/1176 2000/3644/1188 2001/3645/1189 1989/3629/1177
f 1989/3630/1177 2001/3646/1189 2002/3647/1190 1990/3631/1178
f 1990/3631/1178 2002/3647/1190 2003/3648/1191 1991/3632/1179
f 1991/3632/1179 2003/3648/1191 2004/3649/1192 1992/3633/1180
f 1992/3634/1180 2004/3650/1192 2005/3651/1193 1993/3635/1181
f 1993/3635/1181 2005/3651/1193 2006/3652/1194 1994/3636/1182
f 1994/3636/1182 2006/3652/1194 2007/3653/1195 1995/3637/1183
f 1995/3638/1183 2007/3654/1195 2008/3655/1196 1996/3639/1184
f 1996/3639/1184 2008/3655/1196 1997/3640/1185 1985/3624/1173
f 1997/3640/1185 2009/3656/1197 2010/3657/1198 1998/3641/1186
f 1998/3642/1186 2010/3658/1198 2011/3659/1199 1999/3643/1187
f 1999/3643/1187 2011/3659/1199 2012/3660/1200 2000/3644/1188
f 2000/3644/1188 2012/3660/1200 2013/3661/1201 2001/3645/1189
f 2001/3645/1189 2013/3661/1201 2014/3662/1202 2002/3663/1190
f 2002/3647/1190 2014/3664/1202 2015/3665/1203 2003/3648/1191
f 2003/3648/1191 2015/3665/1203 2016/3666/1204 2004/3649/1192
f 2004/3650/1192 2016/3667/1204 2017/3668/1205 2005/3651/1193
f 2005/3651/1193 2017/3668/1205 2018/3669/1206 2006/3652/1194
f 2006/3652/1194 2018/3669/1206 2019/3670/1207 2007/3653/1195
f 2007/3653/1195 2019/3670/1207 2020/3671/1208 2008/3672/1196
f 2008/3655/1196 2020/3673/1208 2009/3656/1197 1997/3640/1185
f 2009/3656/1197 2021/3674/1209 2022/3675/1210 2010/3657/1198
f 2010/3658/1198 2022/3676/1210 2023/3677/1211 2011/3659/1199
f 2011/3659/1199 2023/3677/1211 2024/3678/1212 2012/3660/1200
f 2012/3660/1200 2024/3678/1212 2025/3679/1213 2013/3661/1201
f 2013/3661/1201 2025/3679/1213 2026/3680/1214 2014/3662/1202
f 2014/3664/1202 2026/3681/1214 2027/3682/1215 2015/3665/1203
f 2015/3665/1203 2027/3682/1215 2028/3683/1216 2016/3666/1204
f 2016/3667/1204 2028/3684/1216 2029/3685/1217 2017/3668/1205
f 2017/3668/1205 2029/3685/1217 2030/3686/1218 2018/3669/1206
f 2018/3669/1206 2030/3686/1218 2031/3687/1219 2019/3670/1207
f 2019/3670/1207 2031/3687/1219 2032/3688/1220 2020/3671/1208
f 2020/3673/1208 2032/3689/1220 2021/3674/1209 2009/3656/1197
f 2021/3674/1209 2033/3690/1221 2034/3691/1222 2022/3675/1210
f 2022/3676/1210 2034/3692/1222 2035/3693/1223 2023/3677/1211
f 2023/3677/1211 2035/3693/1223 2036/3694/1224 2024/3678/1212
f 2024/3678/1212 2036/3694/1224 2037/3695/1225 2025/3679/1213
f 2025/3679/1213 2037/3695/1225 2038/3696/1226 2026/3680/1214
f 2026/3681/1214 2038/3697/1226 2039/3698/1227 2027/3682/1215
f 2027/3682/1215 2039/3698/1227 2040/3699/1228 2028/3683/1216
f 2028/3684/1216 2040/3700/1228 2041/3701/1229 2029/3685/1217
f 2029/3685/1217 2041/3701/1229 2042/3702/1230 2030/3686/1218
f 2030/3686/1218 2042/3702/1230 2043/3703/1231 2031/3687/1219
f 2031/3687/1219 2043/3703/1231 2044/3704/1232 2032/3688/1220
f 2032/3689/1220 2044/3705/1232 2033/3690/1221 2021/3674/1209
f 2033/3706/1221 2045/3707/1233 2046/3708/1234 2034/3709/1222
f 2034/3692/1222 2046/3710/1234 2047/3711/1235 2035/3693/1223
f 2035/3693/1223 2047/3711/1235 2048/3712/1236 2036/3694/1224
f 2036/3694/1224 2048/3712/1236 2049/3713/1237 2037/3695/1225
f 2037/3695/1225 2049/3713/1237 2050/3714/1238 2038/3696/1226
f 2038/3715/1226 2050/3716/1238 2051/3717/1239 2039/3718/1227
f 2039/3718/1227 2051/3717/1239 2052/3719/1240 2040/3720/1228
f 2040/3700/1228 2052/3721/1240 2053/3722/1241 2041/3701/1229
f 2041/3701/1229 2053/3722/1241 2054/3723/1242 2042/3702/1230
f 2042/3702/1230 2054/3723/1242 2055/3724/1243 2043/3703/1231
f 2043/3703/1231 2055/3724/1243 2056/3725/1244 2044/3704/1232
f 2044/3726/1232 2056/3727/1244 2045/3707/1233 2033/3706/1221
f 2045/3707/1233 2057/3728/1245 2058/3729/1246 2046/3708/1234
f 2046/3710/1234 2058/3730/1246 2059/3731/1247 2047/3711/1235
f 2047/3711/1235 2059/3731/1247 2060/3732/1248 2048/3712/1236
f 2048/3712/1236 2060/3732/1248 2061/3733/1249 2049/3713/1237
f 2049/3713/1237 2061/3733/1249 2062/3734/1250 2050/3714/1238
f 2050/3716/1238 2062/3735/1250 2063/3736/1251 2051/3717/1239
f 2051/3717/1239 2063/3736/1251 2064/3737/1252 2052/3719/1240
f 2052/3721/1240 2064/3738/1252 2065/3739/1253 2053/3722/1241
f 2053/3722/1241 2065/3739/1253 2066/3740/1254 2054/3723/1242
f 2054/3723/1242 2066/3740/1254 2067/3741/1255 2055/3724/1243
f 2055/3724/1243 2067/3741/1255 2068/3742/1256 2056/3725/1244
f 2056/3727/1244 2068/3743/1256 2057/3728/1245 2045/3707/1233
f 2057/3728/1245 2069/3744/1257 2070/3745/1258 2058/3729/1246
f 2058/3730/1246 2070/3746/1258 2071/3747/1259 2059/3731/1247
f 2059/3731/1247 2071/3747/1259 2072/3748/1260 2060/3732/1248
f 2060/3732/1248 2072/3748/1260 2073/3749/1261 2061/3733/1249
f 2061/3733/1249 2073/3749/1261 2074/3750/1262 2062/3734/1250
f 2062/3735/1250 2074/3751/1262 2075/3752/1263 2063/3736/1251
f 2063/3736/1251 2075/3752/1263 2076/3753/1264 2064/3737/1252
f 2064/3738/1252 2076/3754/1264 2077/3755/1265 2065/3739/1253
f 2065/3739/1253 2077/3755/1265 2078/3756/1266 2066/3740/1254
f 2066/3740/1254 2078/3756/1266 2079/3757/1267 2067/3741/1255
f 2067/3741/1255 2079/3757/1267 2080/3758/1268 2068/3742/1256
f 2068/3743/1256 2080/3759/1268 2069/3744/1257 2057/3728/1245
f 2069/3744/1257 2081/3760/1269 2082/3761/1270 2070/3745/1258
f 2070/3746/1258 2082/3762/1270 2083/3763/1271 2071/3747/1259
f 2071/3747/1259 2083/3763/1271 2084/3764/1272 2072/3748/1260
f 2072/3748/1260 2084/3764/1272 2085/3765/1273 2073/3749/1261
f 2073/3749/1261 2085/3765/1273 2086/3766/1274 2074/3750/1262
f 2074/3751/1262 2086/3767/1274 2087/3768/1275 2075/3752/1263
f 2075/3752/1263 2087/3768/1275 2088/3769/1276 2076/3753/1264
f 2076/3754/1264 2088/3770/1276 2089/3771/1277 2077/3755/1265
f 2077/3755/1265 2089/3771/1277 2090/3772/1278 2078/3756/1266
f 2078/3756/1266 2090/3772/1278 2091/3773/1279 2079/3757/1267
f 2079/3757/1267 2091/3773/1279 2092/3774/1280 2080/3758/1268
f 2080/3759/1268 2092/3775/1280 2081/3760/1269 2069/3744/1257
f 2081/3760/1269 2093/3776/1281 2094/3777/1282 2082/3761/1270
f 2082/3762/1270 2094/3778/1282 2095/3779/1283 2083/3763/1271
f 2083/3763/1271 2095/3779/1283 2096/3780/1284 2084/3764/1272
f 2084/3764/1272 2096/3780/1284 2097/3781/1285 2085/3765/1273
f 2085/3765/1273 2097/3781/1285 2098/3782/1286 2086/3766/1274
f 2086/3767/1274 2098/3783/1286 2099/3784/1287 2087/3768/1275
f 2087/3768/1275 2099/3784/1287 2100/3785/1288 2088/3769/1276
f 2088/3770/1276 2100/3786/1288 2101/3787/1289 2089/3771/1277
f 2089/3771/1277 2101/3787/1289 2102/3788/1290 2090/3772/1278
f 2090/3772/1278 2102/3788/1290 2103/3789/1291 2091/3773/1279
f 2091/3773/1279 2103/3789/1291 2104/3790/1292 2092/3774/1280
f 2092/3775/1280 2104/3791/1292 2093/3776/1281 2081/3760/1269
f 2093/3776/1281 2105/3792/6 2106/3793/1293 2094/3777/1282
f 2094/3778/1282 2106/3794/1293 2107/3795/1294 2095/3779/1283
f 2095/3779/1283 2107/3795/1294 2108/3796/1295 2096/3780/1284
f 2096/3780/1284 2108/3796/1295 2109/3797/1296 2097/3781/1285
f 2097/3798/1285 2109/3799/1296 2110/3800/1297 2098/3783/1286
f 2098/3783/1286 2110/3800/1297 2111/3801/5 2099/3784/1287
f 2099/3784/1287 2111/3801/5 2112/3802/1298 2100/3785/1288
f 2100/3786/1288 2112/3803/1298 2113/3804/1299 2101/3787/1289
f 2101/3787/1289 2113/3804/1299 2114/3805/1300 2102/3788/1290
f 2102/3788/1290 2114/3805/1300 2115/3806/1301 2103/3789/1291
f 2103/3807/1291 2115/3808/1301 2116/3809/1302 2104/3791/1292
f 2104/3791/1292 2116/3809/1302 2105/3792/6 2093/3776/1281
f 2105/3792/6 2117/3810/1020 2118/3811/1303 2106/3793/1293
f 2106/3794/1293 2118/3812/1303 2119/3813/1304 2107/3795/1294
f 2107/3795/1294 2119/3813/1304 2120/3814/1305 2108/3796/1295
f 2108/3796/1295 2120/3814/1305 2121/3815/1306 2109/3797/1296
f 2109/3799/1296 2121/3816/1306 2122/3817/1307 2110/3800/1297
f 2110/3800/1297 2122/3817/1307 2123/3818/1009 2111/3801/5
f 2111/3801/5 2123/3818/1009 2124/3819/1308 2112/3802/1298
f 2112/3803/1298 2124/3820/1308 2125/3821/1309 2113/3804/1299
f 2113/3804/1299 2125/3821/1309 2126/3822/1310 2114/3805/1300
f 2114/3805/1300 2126/3822/1310 2127/3823/1311 2115/3806/1301
f 2115/3808/1301 2127/3824/1311 2128/3825/1312 2116/3809/1302
f 2116/3809/1302 2128/3825/1312 2117/3810/1020 2105/3792/6
f 2117/3810/1020 2129/3826/1037 2130/3827/1313 2118/3811/1303
f 2118/3812/1303 2130/3828/1313 2131/3829/1314 2119/3813/1304
f 2119/3813/1304 2131/3829/1314 2132/3830/1315 2120/3814/1305
f 2120/3814/1305 2132/3830/1315 2133/3831/1316 2121/3815/1306
f 2121/3815/1306 2133/3831/1316 2134/3832/1317 2122/3833/1307
f 2122/3817/1307 2134/3834/1317 2135/3835/1031 2123/3818/1009
f 2123/3818/1009 2135/3835/1031 2136/3836/1318 2124/3819/1308
f 2124/3820/1308 2136/3837/1318 2137/3838/1319 2125/3821/1309
f 2125/3821/1309 2137/3838/1319 2138/3839/1320 2126/3822/1310
f 2126/3822/1310 2138/3839/1320 2139/3840/1321 2127/3823/1311
f 2127/3823/1311 2139/3840/1321 2140/3841/1322 2128/3842/1312
f 2128/3825/1312 2140/3843/1322 2129/3826/1037 2117/3810/1020
f 2129/3826/1037 2141/3844/1049 2142/3845/1323 2130/3827/1313
f 2130/3828/1313 2142/3846/1323 2143/3847/1324 2131/3829/1314
f 2131/3829/1314 2143/3847/1324 2144/3848/1325 2132/3830/1315
f 2132/3830/1315 2144/3848/1325 2145/3849/1326 2133/3831/1316
f 2133/3831/1316 2145/3849/1326 2146/3850/1327 2134/3832/1317
f 2134/3834/1317 2146/3851/1327 2147/3852/1043 2135/3835/1031
f 2135/3835/1031 2147/3852/1043 2148/3853/1328 2136/3836/1318
f 2136/3837/1318 2148/3854/1328 2149/3855/1329 2137/3838/1319
f 2137/3838/1319 2149/3855/1329 2150/3856/1330 2138/3839/1320
f 2138/3839/1320 2150/3856/1330 2151/3857/1331 2139/3840/1321
f 2139/3840/1321 2151/3857/1331 2152/3858/1332 2140/3841/1322
f 2140/3843/1322 2152/3859/1332 2141/3844/1049 2129/3826/1037
f 2141/3844/1049 2153/3860/1061 2154/3861/1333 2142/3845/1323
f 2142/3846/1323 2154/3862/1333 2155/3863/1334 2143/3847/1324
f 2143/3847/1324 2155/3863/1334 2156/3864/1335 2144/3848/1325
f 2144/3848/1325 2156/3864/1335 2157/3865/1336 2145/3849/1326
f 2145/3849/1326 2157/3865/1336 2158/3866/1337 2146/3850/1327
f 2146/3851/1327 2158/3867/1337 2159/3868/1055 2147/3852/1043
f 2147/3852/1043 2159/3868/1055 2160/3869/1338 2148/3853/1328
f 2148/3854/1328 2160/3870/1338 2161/3871/1339 2149/3855/1329
f 2149/3855/1329 2161/3871/1339 2162/3872/1340 2150/3856/1330
f 2150/3856/1330 2162/3872/1340 2163/3873/1341 2151/3857/1331
f 2151/3857/1331 2163/3873/1341 2164/3874/1342 2152/3858/1332
f 2152/3859/1332 2164/3875/1342 2153/3860/1061 2141/3844/1049
f 2153/3860/1061 2165/3876/1073 2166/3877/1343 2154/3861/1333
f 2154/3862/1333 2166/3878/1343 2167/3879/1344 2155/3863/1334
f 2155/3863/1334 2167/3879/1344 2168/3880/1345 2156/3864/1335
f 2156/3864/1335 2168/3880/1345 2169/3881/1346 2157/3865/1336
f 2157/3865/1336 2169/3881/1346 2170/3882/1347 2158/3866/1337
f 2158/3867/1337 2170/3883/1347 2171/3884/1067 2159/3868/1055
f 2159/3868/1055 2171/3884/1067 2172/3885/1348 2160/3869/1338
f 2160/3870/1338 2172/3886/1348 2173/3887/1349 2161/3871/1339
f 2161/3871/1339 2173/3887/1349 2174/3888/1350 2162/3872/1340
f 2162/3872/1340 2174/3888/1350 2175/3889/1351 2163/3873/1341
f 2163/3873/1341 2175/3889/1351 2176/3890/1352 2164/3874/1342
f 2164/3875/1342 2176/3891/1352 2165/3876/1073 2153/3860/1061
f 2165/3876/1073 2177/3892/1085 2178/3893/1353 2166/3877/1343
f 2166/3878/1343 2178/3894/1353 2179/3895/1354 2167/3879/1344
f 2167/3879/1344 2179/3895/1354 2180/3896/1355 2168/3880/1345
f 2168/3880/1345 2180/3896/1355 2181/3897/1356 2169/3881/1346
f 2169/3881/1346 2181/3897/1356 2182/3898/1357 2170/3882/1347
f 2170/3883/1347 2182/3899/1357 2183/3900/1079 2171/3884/1067
f 2171/3884/1067 2183/3900/1079 2184/3901/1358 2172/3885/1348
f 2172/3886/1348 2184/3902/1358 2185/3903/1359 2173/3887/1349
f 2173/3887/1349 2185/3903/1359 2186/3904/1360 2174/3888/1350
f 2174/3888/1350 2186/3904/1360 2187/3905/1361 2175/3889/1351
f 2175/3889/1351 2187/3905/1361 2188/3906/1362 2176/3890/1352
f 2176/3891/1352 2188/3907/1362 2177/3892/1085 2165/3876/1073
f 2177/3908/1085 2189/3909/1097 2190/3910/1363 2178/3911/1353
f 2178/3894/1353 2190/3912/1363 2191/3913/1364 2179/3895/1354
f 2179/3895/1354 2191/3913/1364 2192/3914/1365 2180/3896/1355
f 2180/3896/1355 2192/3914/1365 2193/3915/1366 2181/3897/1356
f 2181/3897/1356 2193/3915/1366 2194/3916/1367 2182/3898/1357
f 2182/3917/1357 2194/3918/1367 2195/3919/1091 2183/3920/1079
f 2183/3920/1079 2195/3919/1091 2196/3921/1368 2184/3922/1358
f 2184/3902/1358 2196/3923/1368 2197/3924/1369 2185/3903/1359
f 2185/3903/1359 2197/3924/1369 2198/3925/1370 2186/3904/1360
f 2186/3904/1360 2198/3925/1370 2199/3926/1371 2187/3905/1361
f 2187/3905/1361 2199/3926/1371 2200/3927/1372 2188/3906/1362
f 2188/3928/1362 2200/3929/1372 2189/3909/1097 2177/3908/1085
f 2189/3909/1097 2201/3930/1109 2202/3931/1373 2190/3910/1363
f 2190/3912/1363 2202/3932/1373 2203/3933/1374 2191/3913/1364
f 2191/3913/1364 2203/3933/1374 2204/3934/1375 2192/3914/1365
f 2192/3914/1365 2204/3934/1375 2205/3935/1376 2193/3915/1366
f 2193/3915/1366 2205/3935/1376 2206/3936/1377 2194/3916/1367
f 2194/3918/1367 2206/3937/1377 2207/3938/1103 2195/3919/1091
f 2195/3919/1091 2207/3938/1103 2208/3939/1378 2196/3921/1368
f 2196/3923/1368 2208/3940/1378 2209/3941/1379 2197/3924/1369
f 2197/3924/1369 2209/3941/1379 2210/3942/1380 2198/3925/1370
f 2198/3925/1370 2210/3942/1380 2211/3943/1381 2199/3926/1371
f 2199/3926/1371 2211/3943/1381 2212/3944/1382 2200/3927/1372
f 2200/3929/1372 2212/3945/1382 2201/3930/1109 2189/3909/1097
f 2201/3930/1109 2213/3946/1121 2214/3947/1383 2202/3931/1373
f 2202/3932/1373 2214/3948/1383 2215/3949/1384 2203/3933/1374
f 2203/3933/1374 2215/3949/1384 2216/3950/1385 2204/3934/1375
f 2204/3934/1375 2216/3950/1385 2217/3951/1386 2205/3935/1376
f 2205/3935/1376 2217/3951/1386 2218/3952/1387 2206/3936/1377
f 2206/3937/1377 2218/3953/1387 2219/3954/1115 2207/3938/1103
f 2207/3938/1103 2219/3954/1115 2220/3955/1388 2208/3939/1378
f 2208/3940/1378 2220/3956/1388 2221/3957/1389 2209/3941/1379
f 2209/3941/1379 2221/3957/1389 2222/3958/1390 2210/3942/1380
f 2210/3942/1380 2222/3958/1390 2223/3959/1391 2211/3943/1381
f 2211/3943/1381 2223/3959/1391 2224/3960/1392 2212/3944/1382
f 2212/3945/1382 2224/3961/1392 2213/3946/1121 2201/3930/1109
f 2213/3946/1121 2225/3962/1133 2226/3963/1393 2214/3947/1383
f 2214/3948/1383 2226/3964/1393 2227/3965/1394 2215/3949/1384
f 2215/3949/1384 2227/3965/1394 2228/3966/1395 2216/3950/1385
f 2216/3950/1385 2228/3966/1395 2229/3967/1396 2217/3951/1386
f 2217/3951/1386 2229/3967/1396 2230/3968/1397 2218/3952/1387
f 2218/3953/1387 2230/3969/1397 2231/3970/1127 2219/3954/1115
f 2219/3954/1115 2231/3970/1127 2232/3971/1398 2220/3955/1388
f 2220/3956/1388 2232/3972/1398 2233/3973/1399 2221/3957/1389
f 2221/3957/1389 2233/3973/1399 2234/3974/1400 2222/3958/1390
f 2222/3958/1390 2234/3974/1400 2235/3975/1401 2223/3959/1391
f 2223/3959/1391 2235/3975/1401 2236/3976/1402 2224/3960/1392
f 2224/3961/1392 2236/3977/1402 2225/3962/1133 2213/3946/1121
f 2225/3962/1133 2237/3978/1145 2238/3979/1403 2226/3963/1393
f 2226/3963/1393 2238/3979/1403 2239/3980/1404 2227/3981/1394
f 2227/3965/1394 2239/3982/1404 2240/3983/1405 2228/3966/1395
f 2228/3966/1395 2240/3983/1405 2241/3984/1406 2229/3967/1396
f 2229/3967/1396 2241/3984/1406 2242/3985/1407 2230/3968/1397
f 2230/3969/1397 2242/3986/1407 2243/3987/1139 2231/3970/1127
f 2231/3970/1127 2243/3987/1139 2244/3988/1408 2232/3971/1398
f 2232/3971/1398 2244/3988/1408 2245/3989/1409 2233/3990/1399
f 2233/3973/1399 2245/3991/1409 2246/3992/1410 2234/3974/1400
f 2234/3974/1400 2246/3992/1410 2247/3993/1411 2235/3975/1401
f 2235/3975/1401 2247/3993/1411 2248/3994/1412 2236/3976/1402
f 2236/3977/1402 2248/3995/1412 2237/3978/1145 2225/3962/1133
f 2237/3978/1145 2249/3996/4 2250/3997/1413 2238/3979/1403
f 2238/3979/1403 2250/3997/1413 2251/3998/1414 2239/3980/1404
f 2239/3982/1404 2251/3999/1414 2252/4000/1415 2240/3983/1405
f 2240/3983/1405 2252/4000/1415 2253/4001/1416 2241/3984/1406
f 2241/3984/1406 2253/4001/1416 2254/4002/1417 2242/3985/1407
f 2242/3986/1407 2254/4003/1417 2255/4004/2 2243/3987/1139
f 2243/3987/1139 2255/4004/2 2256/4005/1418 2244/3988/1408
f 2244/3988/1408 2256/4005/1418 2257/4006/1419 2245/3989/1409
f 2245/3991/1409 2257/4007/1419 2258/4008/1420 2246/3992/1410
f 2246/3992/1410 2258/4008/1420 2259/4009/1421 2247/3993/1411
f 2247/3993/1411 2259/4009/1421 2260/4010/1422 2248/3994/1412
f 2248/3995/1412 2260/4011/1422 2249/3996/4 2237/3978/1145
f 2249/3996/4 2261/4012/1167 2262/4013/1423 2250/3997/1413
f 2250/3997/1413 2262/4013/1423 2263/4014/1424 2251/3998/1414
f 2251/3999/1414 2263/4015/1424 2264/4016/1425 2252/4000/1415
f 2252/4000/1415 2264/4016/1425 2265/4017/1426 2253/4001/1416
f 2253/4001/1416 2265/4017/1426 2266/4018/1427 2254/4002/1417
f 2254/4003/1417 2266/4019/1427 2267/4020/1161 2255/4004/2
f 2255/4004/2 2267/4020/1161 2268/4021/1428 2256/4005/1418
f 2256/4005/1418 2268/4021/1428 2269/4022/1429 2257/4006/1419
f 2257/4007/1419 2269/4023/1429 2270/4024/1430 2258/4008/1420
f 2258/4008/1420 2270/4024/1430 2271/4025/1431 2259/4009/1421
f 2259/4009/1421 2271/4025/1431 2272/4026/1432 2260/4010/1422
f 2260/4011/1422 2272/4027/1432 2261/4012/1167 2249/3996/4
f 2261/4012/1167 2273/4028/1179 2274/4029/1433 2262/4013/1423
f 2262/4013/1423 2274/4029/1433 2275/4030/1434 2263/4014/1424
f 2263/4015/1424 2275/4031/1434 2276/4032/1435 2264/4016/1425
f 2264/4016/1425 2276/4032/1435 2277/4033/1436 2265/4017/1426
f 2265/4017/1426 2277/4033/1436 2278/4034/1437 2266/4018/1427
f 2266/4019/1427 2278/4035/1437 2279/4036/1173 2267/4020/1161
f 2267/4020/1161 2279/4036/1173 2280/4037/1438 2268/4021/1428
f 2268/4021/1428 2280/4037/1438 2281/4038/1439 2269/4022/1429
f 2269/4023/1429 2281/4039/1439 2282/4040/1440 2270/4024/1430
f 2270/4024/1430 2282/4040/1440 2283/4041/1441 2271/4025/1431
f 2271/4025/1431 2283/4041/1441 2284/4042/1442 2272/4026/1432
f 2272/4027/1432 2284/4043/1442 2273/4028/1179 2261/4012/1167
f 2273/4028/1179 2285/4044/1191 2286/4045/1443 2274/4029/1433
f 2274/4029/1433 2286/4045/1443 2287/4046/1444 2275/4030/1434
f 2275/4031/1434 2287/4047/1444 2288/4048/1445 2276/4032/1435
f 2276/4032/1435 2288/4048/1445 2289/4049/1446 2277/4033/1436
f 2277/4033/1436 2289/4049/1446 2290/4050/1447 2278/4034/1437
f 2278/4035/1437 2290/4051/1447 2291/4052/1185 2279/4036/1173
f 2279/4036/1173 2291/4052/1185 2292/4053/1448 2280/4037/1438
f 2280/4037/1438 2292/4053/1448 2293/4054/1449 2281/4038/1439
f 2281/4039/1439 2293/4055/1449 2294/4056/1450 2282/4040/1440
f 2282/4040/1440 2294/4056/1450 2295/4057/1451 2283/4041/1441
f 2283/4041/1441 2295/4057/1451 2296/4058/1452 2284/4042/1442
f 2284/4043/1442 2296/4059/1452 2285/4044/1191 2273/4028/1179
f 2285/4044/1191 2297/4060/1203 2298/4061/1453 2286/4045/1443
f 2286/4062/1443 2298/4063/1453 2299/4064/1454 2287/4047/1444
f 2287/4047/1444 2299/4064/1454 2300/4065/1455 2288/4048/1445
f 2288/4048/1445 2300/4065/1455 2301/4066/1456 2289/4049/1446
f 2289/4049/1446 2301/4066/1456 2302/4067/1457 2290/4050/1447
f 2290/4051/1447 2302/4068/1457 2303/4069/1197 2291/4052/1185
f 2291/4052/1185 2303/4069/1197 2304/4070/1458 2292/4053/1448
f 2292/4071/1448 2304/4072/1458 2305/4073/1459 2293/4055/1449
f 2293/4055/1449 2305/4073/1459 2306/4074/1460 2294/4056/1450
f 2294/4056/1450 2306/4074/1460 2307/4075/1461 2295/4057/1451
f 2295/4057/1451 2307/4075/1461 2308/4076/1462 2296/4058/1452
f 2296/4059/1452 2308/4077/1462 2297/4060/1203 2285/4044/1191
f 2297/4060/1203 2309/4078/1215 2310/4079/1463 2298/4061/1453
f 2298/4063/1453 2310/4080/1463 2311/4081/1464 2299/4064/1454
f 2299/4064/1454 2311/4081/1464 2312/4082/1465 2300/4065/1455
f 2300/4065/1455 2312/4082/1465 2313/4083/1466 2301/4066/1456
f 2301/4066/1456 2313/4083/1466 2314/4084/1467 2302/4067/1457
f 2302/4068/1457 2314/4085/1467 2315/4086/1468 2303/4069/1197
f 2303/4069/1197 2315/4086/1468 2316/4087/1469 2304/4070/1458
f 2304/4072/1458 2316/4088/1469 2317/4089/1470 2305/4073/1459
f 2305/4073/1459 2317/4089/1470 2318/4090/1471 2306/4074/1460
f 2306/4074/1460 2318/4090/1471 2319/4091/1472 2307/4075/1461
f 2307/4075/1461 2319/4091/1472 2320/4092/1473 2308/4076/1462
f 2308/4077/1462 2320/4093/1473 2309/4078/1215 2297/4060/1203
f 2309/4078/1215 2321/4094/1227 2322/4095/1474 2310/4079/1463
f 2310/4080/1463 2322/4096/1474 2323/4097/1475 2311/4081/1464
f 2311/4081/1464 2323/4097/1475 2324/4098/1476 2312/4082/1465
f 2312/4082/1465 2324/4098/1476 2325/4099/1477 2313/4083/1466
f 2313/4083/1466 2325/4099/1477 2326/4100/1478 2314/4084/1467
f 2314/4085/1467 2326/4101/1478 2327/4102/1221 2315/4086/1468
f 2315/4086/1468 2327/4102/1221 2328/4103/1479 2316/4087/1469
f 2316/4088/1469 2328/4104/1479 2329/4105/1480 2317/4089/1470
f 2317/4089/1470 2329/4105/1480 2330/4106/1481 2318/4090/1471
f 2318/4090/1471 2330/4106/1481 2331/4107/1482 2319/4091/1472
f 2319/4091/1472 2331/4107/1482 2332/4108/1483 2320/4092/1473
f 2320/4093/1473 2332/4109/1483 2321/4094/1227 2309/4078/1215
f 2321/4110/1227 2333/4111/1239 2334/4112/1484 2322/4113/1474
f 2322/4096/1474 2334/4114/1484 2335/4115/1485 2323/4097/1475
f 2323/4097/1475 2335/4115/1485 2336/4116/1486 2324/4098/1476
f 2324/4098/1476 2336/4116/1486 2337/4117/1487 2325/4099/1477
f 2325/4099/1477 2337/4117/1487 2338/4118/1488 2326/4100/1478
f 2326/4119/1478 2338/4120/1488 2339/4121/1233 2327/4122/1221
f 2327/4122/1221 2339/4121/1233 2340/4123/1489 2328/4124/1479
f 2328/4104/1479 2340/4125/1489 2341/4126/1490 2329/4105/1480
f 2329/4105/1480 2341/4126/1490 2342/4127/1491 2330/4106/1481
f 2330/4106/1481 2342/4127/1491 2343/4128/1492 2331/4107/1482
f 2331/4107/1482 2343/4128/1492 2344/4129/1493 2332/4108/1483
f 2332/4130/1483 2344/4131/1493 2333/4111/1239 2321/4110/1227
f 2333/4111/1239 2345/4132/1251 2346/4133/1494 2334/4112/1484
f 2334/4114/1484 2346/4134/1494 2347/4135/1495 2335/4115/1485
f 2335/4115/1485 2347/4135/1495 2348/4136/1496 2336/4116/1486
f 2336/4116/1486 2348/4136/1496 2349/4137/1497 2337/4117/1487
f 2337/4117/1487 2349/4137/1497 2350/4138/1498 2338/4118/1488
f 2338/4120/1488 2350/4139/1498 2351/4140/1245 2339/4121/1233
f 2339/4121/1233 2351/4140/1245 2352/4141/1499 2340/4123/1489
f 2340/4125/1489 2352/4142/1499 2353/4143/1500 2341/4126/1490
f 2341/4126/1490 2353/4143/1500 2354/4144/1501 2342/4127/1491
f 2342/4127/1491 2354/4144/1501 2355/4145/1502 2343/4128/1492
f 2343/4128/1492 2355/4145/1502 2356/4146/1503 2344/4129/1493
f 2344/4131/1493 2356/4147/1503 2345/4132/1251 2333/4111/1239
f 2345/4132/1251 2357/4148/1263 2358/4149/1504 2346/4133/1494
f 2346/4134/1494 2358/4150/1504 2359/4151/1505 2347/4135/1495
f 2347/4135/1495 2359/4151/1505 2360/4152/1506 2348/4136/1496
f 2348/4136/1496 2360/4152/1506 2361/4153/1507 2349/4137/1497
f 2349/4137/1497 2361/4153/1507 2362/4154/1508 2350/4138/1498
f 2350/4139/1498 2362/4155/1508 2363/4156/1257 2351/4140/1245
f 2351/4140/1245 2363/4156/1257 2364/4157/1509 2352/4141/1499
f 2352/4142/1499 2364/4158/1509 2365/4159/1510 2353/4143/1500
f 2353/4143/1500 2365/4159/1510 2366/4160/1511 2354/4144/1501
f 2354/4144/1501 2366/4160/1511 2367/4161/1512 2355/4145/1502
f 2355/4145/1502 2367/4161/1512 2368/4162/1513 2356/4146/1503
f 2356/4147/1503 2368/4163/1513 2357/4148/1263 2345/4132/1251
f 2357/4148/1263 2369/4164/1275 2370/4165/1514 2358/4149/1504
f 2358/4150/1504 2370/4166/1514 2371/4167/1515 2359/4151/1505
f 2359/4151/1505 2371/4167/1515 2372/4168/1516 2360/4152/1506
f 2360/4152/1506 2372/4168/1516 2373/4169/1517 2361/4153/1507
f 2361/4153/1507 2373/4169/1517 2374/4170/1518 2362/4154/1508
f 2362/4155/1508 2374/4171/1518 2375/4172/1269 2363/4156/1257
f 2363/4156/1257 2375/4172/1269 2376/4173/1519 2364/4157/1509
f 2364/4158/1509 2376/4174/1519 2377/4175/1520 2365/4159/1510
f 2365/4159/1510 2377/4175/1520 2378/4176/1521 2366/4160/1511
f 2366/4160/1511 2378/4176/1521 2379/4177/1522 2367/4161/1512
f 2367/4161/1512 2379/4177/1522 2380/4178/1523 2368/4162/1513
f 2368/4163/1513 2380/4179/1523 2369/4164/1275 2357/4148/1263
f 2369/4164/1275 2381/4180/1287 2382/4181/1524 2370/4165/1514
f 2370/4166/1514 2382/4182/1524 2383/4183/1525 2371/4167/1515
f 2371/4167/1515 2383/4183/1525 2384/4184/1526 2372/4168/1516
f 2372/4168/1516 2384/4184/1526 2385/4185/1527 2373/4169/1517
f 2373/4169/1517 2385/4185/1527 2386/4186/1528 2374/4170/1518
f 2374/4171/1518 2386/4187/1528 2387/4188/1281 2375/4172/1269
f 2375/4172/1269 2387/4188/1281 2388/4189/1529 2376/4173/1519
f 2376/4174/1519 2388/4190/1529 2389/4191/1530 2377/4175/1520
f 2377/4175/1520 2389/4191/1530 2390/4192/1531 2378/4176/1521
f 2378/4176/1521 2390/4192/1531 2391/4193/1532 2379/4177/1522
f 2379/4177/1522 2391/4193/1532 2392/4194/1533 2380/4178/1523
f 2380/4179/1523 2392/4195/1533 2381/4180/1287 2369/4164/1275
f 2381/4180/1287 1817/3390/5 1818/3393/1011 2382/4181/1524
f 2382/4181/1524 1818/3393/1011 1819/3395/1013 2383/4196/1525
f 2383/4183/1525 1819/3396/1013 1820/3399/1015 2384/4184/1526
f 2384/4184/1526 1820/3399/1015 1821/3401/1017 2385/4185/1527
f 2385/4185/1527 1821/3401/1017 1822/3403/1019 2386/4186/1528
f 2386/4187/1528 1822/3404/1019 1823/3407/6 2387/4188/1281
f 2387/4188/1281 1823/3407/6 1824/3409/1022 2388/4189/1529
f 2388/4189/1529 1824/3409/1022 1825/3411/1024 2389/4197/1530
f 2389/4191/1530 1825/3412/1024 1826/3415/1026 2390/4192/1531
f 2390/4192/1531 1826/3415/1026 1827/3417/1028 2391/4193/1532
f 2391/4193/1532 1827/3417/1028 1828/3419/1030 2392/4194/1533
f 2392/4195/1533 1828/3420/1030 1817/3390/5 2381/4180/1287
f 2393/4198/1534 2394/4199/1535 2396/4200/1536 2395/4201/1537
f 2395/4201/1537 2396/4200/1536 2398/4202/1538 2397/4203/1539
f 2397/4204/1539 2398/4205/1538 2400/4206/1540 2399/4207/1541
f 2399/4207/1541 2400/4206/1540 2402/4208/1542 2401/4209/1543
f 2401/4209/1543 2402/4208/1542 2404/4210/1544 2403/4211/1545
f 2403/4211/1545 2404/4210/1544 2406/4212/1546 2405/4213/1547
f 2405/4214/1547 2406/4215/1546 2408/4216/1548 2407/4217/1549
f 2407/4217/1549 2408/4216/1548 2410/4218/1550 2409/4219/1551
f 2409/4219/1551 2410/4218/1550 2412/4220/1552 2411/4221/1553
f 2411/4221/1553 2412/4220/1552 2414/4222/1554 2413/4223/1555
f 2413/4224/1555 2414/4225/1554 2416/4226/1556 2415/4227/1557
f 2415/4227/1557 2416/4226/1556 2418/4228/1558 2417/4229/1559
f 2417/4229/1559 2418/4228/1558 2420/4230/1560 2419/4231/1561
f 2419/4231/1561 2420/4230/1560 2422/4232/1562 2421/4233/1563
f 2396/4234/1536 2394/4235/1535 2424/4236/1564 2422/4237/1562 2420/4238/1560 2418/4239/1558 2416/4240/1556 2414/4241/1554 2412/4242/1552 2410/4243/1550 2408/4244/1548 2406/4245/1546 2404/4246/1544 2402/4247/1542 2400/4248/1540 2398/4249/1538
f 2421/4250/1563 2422/4251/1562 2424/4252/1564 2423/4253/1565
f 2423/4253/1565 2424/4252/1564 2394/4199/1535 2393/4198/1534
f 2393/4254/1534 2395/4255/1537 2397/4256/1539 2399/4257/1541 2401/4258/1543 2403/4259/1545 2405/4260/1547 2407/4261/1549 2409/4262/1551 2411/4263/1553 2413/4264/1555 2415/4265/1557 2417/4266/1559 2419/4267/1561 2421/4268/1563 2423/4269/1565
f 2425/4270/1566 2426/4271/1567 2428/4272/1568 2427/4273/1569
f 2427/4273/1569 2428/4272/1568 2430/4274/1570 2429/4275/1571
f 2429/4276/1571 2430/4277/1570 2432/4278/1572 2431/4279/1573
f 2431/4279/1573 2432/4278/1572 2434/4280/1574 2433/4281/1575
f 2433/4281/1575 2434/4280/1574 2436/4282/1576 2435/4283/1577
f 2435/4283/1577 2436/4282/1576 2438/4284/1578 2437/4285/1579
f 2437/4286/1579 2438/4287/1578 2440/4288/1580 2439/4289/1581
f 2439/4289/1581 2440/4288/1580 2442/4290/1582 2441/4291/1583
f 2441/4291/1583 2442/4290/1582 2444/4292/1584 2443/4293/1585
f 2443/4293/1585 2444/4292/1584 2446/4294/1586 2445/4295/1587
f 2445/4296/1587 2446/4297/1586 2448/4298/1588 2447/4299/1589
f 2447/4299/1589 2448/4298/1588 2450/4300/1590 2449/4301/1591
f 2449/4301/1591 2450/4300/1590 2452/4302/1592 2451/4303/1593
f 2451/4303/1593 2452/4302/1592 2454/4304/1594 2453/4305/1595
f 2428/4306/1568 2426/4307/1567 2456/4308/1596 2454/4309/1594 2452/4310/1592 2450/4311/1590 2448/4312/1588 2446/4313/1586 2444/4314/1584 2442/4315/1582 2440/4316/1580 2438/4317/1578 2436/4318/1576 2434/4319/1574 2432/4320/1572 2430/4321/1570
f 2453/4322/1595 2454/4323/1594 2456/4324/1596 2455/4325/1597
f 2455/4325/1597 2456/4324/1596 2426/4271/1567 2425/4270/1566
f 2425/4326/1566 2427/4327/1569 2429/4328/1571 2431/4329/1573 2433/4330/1575 2435/4331/1577 2437/4332/1579 2439/4333/1581 2441/4334/1583 2443/4335/1585 2445/4336/1587 2447/4337/1589 2449/4338/1591 2451/4339/1593 2453/4340/1595 2455/4341/1597
s 0
f 2457/4342/1 2458/4343/1 2460/4344/1 2459/4345/1
f 2459/4346/2 2460/4347/2 2464/4348/2 2463/4349/2
f 2463/4350/3 2464/4351/3 2462/4352/3 2461/4353/3
f 2461/4354/4 2462/4355/4 2458/4356/4 2457/4357/4
f 2459/4358/5 2463/4359/5 2461/4360/5 2457/4361/5
f 2464/4362/6 2460/4363/6 2458/4364/6 2462/4365/6
f 2465/4366/1 2466/4367/1 2468/4368/1 2467/4369/1
f 2467/4370/1598 2468/4371/1598 2472/4372/1598 2471/4373/1598
f 2471/4374/3 2472/4375/3 2470/4376/3 2469/4377/3
f 2469/4378/1599 2470/4379/1599 2466/4380/1599 2465/4381/1599
f 2467/4382/1600 2471/4383/1600 2469/4384/1600 2465/4385/1600
f 2472/4386/1601 2468/4387/1601 2466/4388/1601 2470/4389/1601
s 1
f 2473/4390/1534 2474/4391/1535 2476/4392/1536 2475/4393/1537
f 2475/4393/1537 2476/4392/1536 2478/4394/1538 2477/4395/1539
f 2477/4396/1539 2478/4397/1538 2480/4398/1540 2479/4399/1541
f 2479/4399/1541 2480/4398/1540 2482/4400/1542 2481/4401/1543
f 2481/4401/1543 2482/4400/1542 2484/4402/1544 2483/4403/1545
f 2483/4403/1545 2484/4402/1544 2486/4404/1546 2485/4405/1547
f 2485/4406/1547 2486/4407/1546 2488/4408/1548 2487/4409/1549
f 2487/4409/1549 2488/4408/1548 2490/4410/1550 2489/4411/1551
f 2489/4411/1551 2490/4410/1550 2492/4412/1552 2491/4413/1553
f 2491/4413/1553 2492/4412/1552 2494/4414/1554 2493/4415/1555
f 2493/4416/1555 2494/4417/1554 2496/4418/1556 2495/4419/1557
f 2495/4419/1557 2496/4418/1556 2498/4420/1558 2497/4421/1559
f 2497/4421/1559 2498/4420/1558 2500/4422/1560 2499/4423/1561
f 2499/4423/1561 2500/4422/1560 2502/4424/1562 2501/4425/1563
f 2476/4426/1536 2474/4427/1535 2504/4428/1564 2502/4429/1562 2500/4430/1560 2498/4431/1558 2496/4432/1556 2494/4433/1554 2492/4434/1552 2490/4435/1550 2488/4436/1548 2486/4437/1546 2484/4438/1544 2482/4439/1542 2480/4440/1540 2478/4441/1538
f 2501/4442/1563 2502/4443/1562 2504/4444/1564 2503/4445/1565
f 2503/4445/1565 2504/4444/1564 2474/4391/1535 2473/4390/1534
f 2473/4446/1534 2475/4447/1537 2477/4448/1539 2479/4449/1541 2481/4450/1543 2483/4451/1545 2485/4452/1547 2487/4453/1549 2489/4454/1551 2491/4455/1553 2493/4456/1555 2495/4457/1557 2497/4458/1559 2499/4459/1561 2501/4460/1563 2503/4461/1565
f 2505/4462/1534 2506/4463/1535 2508/4464/1536 2507/4465/1537
f 2507/4465/1537 2508/4464/1536 2510/4466/1538 2509/4467/1539
f 2509/4468/1539 2510/4469/1538 2512/4470/1540 2511/4471/1541
f 2511/4471/1541 2512/4470/1540 2514/4472/1542 2513/4473/1543
f 2513/4473/1543 2514/4472/1542 2516/4474/1544 2515/4475/1545
f 2515/4475/1545 2516/4474/1544 2518/4476/1546 2517/4477/1547
f 2517/4478/1547 2518/4479/1546 2520/4480/1548 2519/4481/1549
f 2519/4481/1549 2520/4480/1548 2522/4482/1550 2521/4483/1551
f 2521/4483/1551 2522/4482/1550 2524/4484/1552 2523/4485/1553
f 2523/4485/1553 2524/4484/1552 2526/4486/1554 2525/4487/1555
f 2525/4488/1555 2526/4489/1554 2528/4490/1556 2527/4491/1557
f 2527/4491/1557 2528/4490/1556 2530/4492/1558 2529/4493/1559
f 2529/4493/1559 2530/4492/1558 2532/4494/1560 2531/4495/1561
f 2531/4495/1561 2532/4494/1560 2534/4496/1562 2533/4497/1563
f 2508/4498/1536 2506/4499/1535 2536/4500/1564 2534/4501/1562 2532/4502/1560 2530/4503/1558 2528/4504/1556 2526/4505/1554 2524/4506/1552 2522/4507/1550 2520/4508/1548 2518/4509/1546 2516/4510/1544 2514/4511/1542 2512/4512/1540 2510/4513/1538
f 2533/4514/1563 2534/4515/1562 2536/4516/1564 2535/4517/1565
f 2535/4517/1565 2536/4516/1564 2506/4463/1535 2505/4462/1534
f 2505/4518/1534 2507/4519/1537 2509/4520/1539 2511/4521/1541 2513/4522/1543 2515/4523/1545 2517/4524/1547 2519/4525/1549 2521/4526/1551 2523/4527/1553 2525/4528/1555 2527/4529/1557 2529/4530/1559 2531/4531/1561 2533/4532/1563 2535/4533/1565
f 2537/4534/1534 2538/4535/1535 2540/4536/1536 2539/4537/1537
f 2539/4537/1537 2540/4536/1536 2542/4538/1538 2541/4539/1539
f 2541/4540/1539 2542/4541/1538 2544/4542/1540 2543/4543/1541
f 2543/4543/1541 2544/4542/1540 2546/4544/1542 2545/4545/1543
f 2545/4545/1543 2546/4544/1542 2548/4546/1544 2547/4547/1545
f 2547/4547/1545 2548/4546/1544 2550/4548/1546 2549/4549/1547
f 2549/4550/1547 2550/4551/1546 2552/4552/1548 2551/4553/1549
f 2551/4553/1549 2552/4552/1548 2554/4554/1550 2553/4555/1551
f 2553/4555/1551 2554/4554/1550 2556/4556/1552 2555/4557/1553
f 2555/4557/1553 2556/4556/1552 2558/4558/1554 2557/4559/1555
f 2557/4560/1555 2558/4561/1554 2560/4562/1556 2559/4563/1557
f 2559/4563/1557 2560/4562/1556 2562/4564/1558 2561/4565/1559
f 2561/4565/1559 2562/4564/1558 2564/4566/1560 2563/4567/1561
f 2563/4567/1561 2564/4566/1560 2566/4568/1562 2565/4569/1563
f 2540/4570/1536 2538/4571/1535 2568/4572/1564 2566/4573/1562 2564/4574/1560 2562/4575/1558 2560/4576/1556 2558/4577/1554 2556/4578/1552 2554/4579/1550 2552/4580/1548 2550/4581/1546 2548/4582/1544 2546/4583/1542 2544/4584/1540 2542/4585/1538
f 2565/4586/1563 2566/4587/1562 2568/4588/1564 2567/4589/1565
f 2567/4589/1565 2568/4588/1564 2538/4535/1535 2537/4534/1534
f 2537/4590/1534 2539/4591/1537 2541/4592/1539 2543/4593/1541 2545/4594/1543 2547/4595/1545 2549/4596/1547 2551/4597/1549 2553/4598/1551 2555/4599/1553 2557/4600/1555 2559/4601/1557 2561/4602/1559 2563/4603/1561 2565/4604/1563 2567/4605/1565
f 2569/4606/1534 2570/4607/1535 2572/4608/1536 2571/4609/1537
f 2571/4609/1537 2572/4608/1536 2574/4610/1538 2573/4611/1539
f 2573/4612/1539 2574/4613/1538 2576/4614/1540 2575/4615/1541
f 2575/4615/1541 2576/4614/1540 2578/4616/1542 2577/4617/1543
f 2577/4617/1543 2578/4616/1542 2580/4618/1544 2579/4619/1545
f 2579/4619/1545 2580/4618/1544 2582/4620/1546 2581/4621/1547
f 2581/4622/1547 2582/4623/1546 2584/4624/1548 2583/4625/1549
f 2583/4625/1549 2584/4624/1548 2586/4626/1550 2585/4627/1551
f 2585/4627/1551 2586/4626/1550 2588/4628/1552 2587/4629/1553
f 2587/4629/1553 2588/4628/1552 2590/4630/1554 2589/4631/1555
f 2589/4632/1555 2590/4633/1554 2592/4634/1556 2591/4635/1557
f 2591/4635/1557 2592/4634/1556 2594/4636/1558 2593/4637/1559
f 2593/4637/1559 2594/4636/1558 2596/4638/1560 2595/4639/1561
f 2595/4639/1561 2596/4638/1560 2598/4640/1562 2597/4641/1563
f 2572/4642/1536 2570/4643/1535 2600/4644/1564 2598/4645/1562 2596/4646/1560 2594/4647/1558 2592/4648/1556 2590/4649/1554 2588/4650/1552 2586/4651/1550 2584/4652/1548 2582/4653/1546 2580/4654/1544 2578/4655/1542 2576/4656/1540 2574/4657/1538
f 2597/4658/1563 2598/4659/1562 2600/4660/1564 2599/4661/1565
f 2599/4661/1565 2600/4660/1564 2570/4607/1535 2569/4606/1534
f 2569/4662/1534 2571/4663/1537 2573/4664/1539 2575/4665/1541 2577/4666/1543 2579/4667/1545 2581/4668/1547 2583/4669/1549 2585/4670/1551 2587/4671/1553 2589/4672/1555 2591/4673/1557 2593/4674/1559 2595/4675/1561 2597/4676/1563 2599/4677/1565
s 0
f 2601/4678/1 2602/4679/1 2604/4680/1 2603/4681/1
f 2603/4682/2 2604/4683/2 2608/4684/2 2607/4685/2
f 2607/4686/3 2608/4687/3 2606/4688/3 2605/4689/3
f 2605/4690/4 2606/4691/4 2602/4692/4 2601/4693/4
f 2603/4694/5 2607/4695/5 2605/4696/5 2601/4697/5
f 2608/4698/6 2604/4699/6 2602/4700/6 2606/4701/6
f 2609/4702/1 2610/4703/1 2612/4704/1 2611/4705/1
f 2611/4706/1602 2612/4707/1602 2616/4708/1602 2615/4709/1602
f 2615/4710/3 2616/4711/3 2614/4712/3 2613/4713/3
f 2613/4714/1603 2614/4715/1603 2610/4716/1603 2609/4717/1603
f 2611/4718/1604 2615/4719/1604 2613/4720/1604 2609/4721/1604
f 2616/4722/1605 2612/4723/1605 2610/4724/1605 2614/4725/1605
s 1
f 2617/4726/1566 2618/4727/1567 2620/4728/1568 2619/4729/1569
f 2619/4729/1569 2620/4728/1568 2622/4730/1606 2621/4731/1607
f 2621/4732/1607 2622/4733/1606 2624/4734/1572 2623/4735/1573
f 2623/4735/1573 2624/4734/1572 2626/4736/1574 2625/4737/1575
f 2625/4737/1575 2626/4736/1574 2628/4738/1576 2627/4739/1577
f 2627/4739/1577 2628/4738/1576 2630/4740/1578 2629/4741/1579
f 2629/4742/1579 2630/4743/1578 2632/4744/1580 2631/4745/1581
f 2631/4745/1581 2632/4744/1580 2634/4746/1582 2633/4747/1583
f 2633/4747/1583 2634/4746/1582 2636/4748/1584 2635/4749/1585
f 2635/4749/1585 2636/4748/1584 2638/4750/1586 2637/4751/1587
f 2637/4752/1587 2638/4753/1586 2640/4754/1588 2639/4755/1589
f 2639/4755/1589 2640/4754/1588 2642/4756/1590 2641/4757/1591
f 2641/4757/1591 2642/4756/1590 2644/4758/1592 2643/4759/1593
f 2643/4759/1593 2644/4758/1592 2646/4760/1594 2645/4761/1595
f 2620/4762/1568 2618/4763/1567 2648/4764/1596 2646/4765/1594 2644/4766/1592 2642/4767/1590 2640/4768/1588 2638/4769/1586 2636/4770/1584 2634/4771/1582 2632/4772/1580 2630/4773/1578 2628/4774/1576 2626/4775/1574 2624/4776/1572 2622/4777/1606
f 2645/4778/1595 2646/4779/1594 2648/4780/1596 2647/4781/1597
f 2647/4781/1597 2648/4780/1596 2618/4727/1567 2617/4726/1566
f 2617/4782/1566 2619/4783/1569 2621/4784/1607 2623/4785/1573 2625/4786/1575 2627/4787/1577 2629/4788/1579 2631/4789/1581 2633/4790/1583 2635/4791/1585 2637/4792/1587 2639/4793/1589 2641/4794/1591 2643/4795/1593 2645/4796/1595 2647/4797/1597
f 2651/4798/2 2650/4799/1608 2657/4800/1609 2658/4801/1610
f 2746/4802/1611 2649/4803/1612 2655/4804/1613 2656/4805/1614
f 2653/4806/1615 2747/4807/1616 2660/4808/1617 2661/4809/1618
f 2652/4810/1619 2651/4798/2 2658/4801/1610 2659/4811/1620
f 2650/4799/1608 2746/4812/1611 2656/4813/1614 2657/4800/1609
f 2649/4803/1612 2654/4814/6 2655/4804/1613
f 2748/4815/5 2653/4806/1615 2661/4809/1618
f 2747/4816/1616 2652/4810/1619 2659/4811/1620 2660/4817/1617
f 2661/4809/1618 2660/4808/1617 2667/4818/1621 2668/4819/1622
f 2659/4811/1620 2658/4801/1610 2665/4820/1623 2666/4821/1624
f 2657/4800/1609 2656/4813/1614 2663/4822/1625 2664/4823/1626
f 2655/4804/1613 2654/4814/6 2662/4824/1627
f 2748/4815/5 2661/4809/1618 2668/4819/1622
f 2660/4817/1617 2659/4811/1620 2666/4821/1624 2667/4825/1621
f 2658/4801/1610 2657/4800/1609 2664/4823/1626 2665/4820/1623
f 2656/4805/1614 2655/4804/1613 2662/4824/1627 2663/4826/1625
f 2662/4824/1627 2654/4814/6 2669/4827/1628
f 2748/4815/5 2668/4819/1622 2675/4828/1629
f 2667/4829/1621 2666/4830/1624 2673/4831/1630 2674/4832/1631
f 2665/4833/1623 2664/4834/1626 2671/4835/1632 2672/4836/1633
f 2663/4826/1625 2662/4824/1627 2669/4827/1628 2670/4837/1634
f 2668/4819/1622 2667/4818/1621 2674/4838/1631 2675/4828/1629
f 2666/4830/1624 2665/4833/1623 2672/4836/1633 2673/4831/1630
f 2664/4834/1626 2663/4839/1625 2670/4840/1634 2671/4835/1632
f 2674/4832/1631 2673/4831/1630 2680/4841/1635 2681/4842/1636
f 2672/4836/1633 2671/4835/1632 2678/4843/1637 2679/4844/1638
f 2670/4837/1634 2669/4827/1628 2676/4845/1639 2677/4846/1640
f 2675/4828/1629 2674/4838/1631 2681/4847/1636 2682/4848/1641
f 2673/4831/1630 2672/4836/1633 2679/4844/1638 2680/4841/1635
f 2671/4835/1632 2670/4840/1634 2677/4849/1640 2678/4843/1637
f 2669/4827/1628 2654/4814/6 2676/4845/1639
f 2748/4815/5 2675/4828/1629 2682/4848/1641
f 2682/4848/1641 2681/4847/1636 2688/4850/1642 2689/4851/1643
f 2680/4841/1635 2679/4844/1638 2686/4852/1644 2687/4853/1645
f 2678/4843/1637 2677/4849/1640 2684/4854/1646 2685/4855/1647
f 2676/4845/1639 2654/4814/6 2683/4856/1648
f 2748/4815/5 2682/4848/1641 2689/4851/1643
f 2681/4842/1636 2680/4841/1635 2687/4853/1645 2688/4857/1642
f 2679/4844/1638 2678/4843/1637 2685/4855/1647 2686/4852/1644
f 2677/4846/1640 2676/4845/1639 2683/4856/1648 2684/4858/1646
f 2687/4859/1645 2686/4860/1644 2693/4861/1649 2694/4862/1650
f 2685/4863/1647 2684/4864/1646 2691/4865/1651 2692/4866/1652
f 2683/4856/1648 2654/4814/6 2690/4867/1653
f 2748/4815/5 2689/4851/1643 2696/4868/1654
f 2688/4869/1642 2687/4859/1645 2694/4862/1650 2695/4870/1655
f 2686/4860/1644 2685/4863/1647 2692/4866/1652 2693/4861/1649
f 2684/4858/1646 2683/4856/1648 2690/4867/1653 2691/4871/1651
f 2689/4851/1643 2688/4850/1642 2695/4872/1655 2696/4868/1654
f 2748/4815/5 2696/4868/1654 2703/4873/1656
f 2695/4870/1655 2694/4862/1650 2701/4874/1657 2702/4875/1658
f 2693/4861/1649 2692/4866/1652 2699/4876/1659 2700/4877/4
f 2691/4871/1651 2690/4867/1653 2697/4878/1660 2698/4879/1661
f 2696/4868/1654 2695/4872/1655 2702/4880/1658 2703/4873/1656
f 2694/4862/1650 2693/4861/1649 2700/4877/4 2701/4874/1657
f 2692/4866/1652 2691/4865/1651 2698/4881/1661 2699/4876/1659
f 2690/4867/1653 2654/4814/6 2697/4878/1660
f 2700/4877/4 2699/4876/1659 2706/4882/1662 2707/4883/1663
f 2698/4879/1661 2697/4878/1660 2704/4884/1664 2705/4885/1665
f 2703/4873/1656 2702/4880/1658 2709/4886/1666 2710/4887/1667
f 2701/4874/1657 2700/4877/4 2707/4883/1663 2708/4888/1668
f 2699/4876/1659 2698/4881/1661 2705/4889/1665 2706/4882/1662
f 2697/4878/1660 2654/4814/6 2704/4884/1664
f 2748/4815/5 2703/4873/1656 2710/4887/1667
f 2702/4875/1658 2701/4874/1657 2708/4888/1668 2709/4890/1666
f 2710/4887/1667 2709/4886/1666 2716/4891/1669 2717/4892/1670
f 2708/4888/1668 2707/4883/1663 2714/4893/1671 2715/4894/1672
f 2706/4882/1662 2705/4889/1665 2712/4895/1673 2713/4896/1674
f 2704/4884/1664 2654/4814/6 2711/4897/1675
f 2748/4815/5 2710/4887/1667 2717/4892/1670
f 2709/4890/1666 2708/4888/1668 2715/4894/1672 2716/4898/1669
f 2707/4883/1663 2706/4882/1662 2713/4896/1674 2714/4893/1671
f 2705/4885/1665 2704/4884/1664 2711/4897/1675 2712/4899/1673
f 2713/4900/1674 2712/4901/1673 2719/4902/1676 2720/4903/1677
f 2711/4897/1675 2654/4814/6 2718/4904/1678
f 2748/4815/5 2717/4892/1670 2724/4905/1679
f 2716/4906/1669 2715/4907/1672 2722/4908/1680 2723/4909/1681
f 2714/4910/1671 2713/4900/1674 2720/4903/1677 2721/4911/1682
f 2712/4899/1673 2711/4897/1675 2718/4904/1678 2719/4912/1676
f 2717/4892/1670 2716/4891/1669 2723/4913/1681 2724/4905/1679
f 2715/4907/1672 2714/4910/1671 2721/4911/1682 2722/4908/1680
f 2748/4815/5 2724/4905/1679 2731/4914/1683
f 2723/4909/1681 2722/4908/1680 2729/4915/1684 2730/4916/1685
f 2721/4911/1682 2720/4903/1677 2727/4917/1686 2728/4918/1687
f 2719/4912/1676 2718/4904/1678 2725/4919/1688 2726/4920/1689
f 2724/4905/1679 2723/4913/1681 2730/4921/1685 2731/4914/1683
f 2722/4908/1680 2721/4911/1682 2728/4918/1687 2729/4915/1684
f 2720/4903/1677 2719/4902/1676 2726/4922/1689 2727/4917/1686
f 2718/4904/1678 2654/4814/6 2725/4919/1688
f 2726/4920/1689 2725/4919/1688 2732/4923/1690 2733/4924/1691
f 2731/4914/1683 2730/4921/1685 2737/4925/1692 2738/4926/1693
f 2729/4915/1684 2728/4918/1687 2735/4927/1694 2736/4928/1695
f 2727/4917/1686 2726/4922/1689 2733/4929/1691 2734/4930/1696
f 2725/4919/1688 2654/4814/6 2732/4923/1690
f 2748/4815/5 2731/4914/1683 2738/4926/1693
f 2730/4916/1685 2729/4915/1684 2736/4928/1695 2737/4931/1692
f 2728/4918/1687 2727/4917/1686 2734/4930/1696 2735/4927/1694
f 2738/4926/1693 2737/4925/1692 2744/4932/1697 2745/4933/1698
f 2736/4934/1695 2735/4935/1694 2742/4936/1699 2743/4937/1700
f 2734/4938/1696 2733/4939/1691 2740/4940/1701 2741/4941/1702
f 2732/4923/1690 2654/4814/6 2739/4942/1703
f 2748/4815/5 2738/4926/1693 2745/4933/1698
f 2737/4943/1692 2736/4934/1695 2743/4937/1700 2744/4944/1697
f 2735/4935/1694 2734/4938/1696 2741/4941/1702 2742/4936/1699
f 2733/4924/1691 2732/4923/1690 2739/4942/1703 2740/4945/1701
f 2739/4942/1703 2654/4814/6 2649/4803/1612
f 2748/4815/5 2745/4933/1698 2653/4806/1615
f 2744/4944/1697 2743/4937/1700 2652/4810/1619 2747/4816/1616
f 2742/4936/1699 2741/4941/1702 2650/4799/1608 2651/4798/2
f 2740/4945/1701 2739/4942/1703 2649/4803/1612 2746/4802/1611
f 2745/4933/1698 2744/4932/1697 2747/4807/1616 2653/4806/1615
f 2743/4937/1700 2742/4936/1699 2651/4798/2 2652/4810/1619
f 2741/4941/1702 2740/4940/1701 2746/4812/1611 2650/4799/1608
f 2749/4946/1566 2750/4947/1567 2752/4948/1568 2751/4949/1569
f 2751/4949/1569 2752/4948/1568 2754/4950/1606 2753/4951/1607
f 2753/4952/1607 2754/4953/1606 2756/4954/1572 2755/4955/1573
f 2755/4955/1573 2756/4954/1572 2758/4956/1574 2757/4957/1575
f 2757/4957/1575 2758/4956/1574 2760/4958/1576 2759/4959/1577
f 2759/4959/1577 2760/4958/1576 2762/4960/1578 2761/4961/1579
f 2761/4962/1579 2762/4963/1578 2764/4964/1580 2763/4965/1581
f 2763/4965/1581 2764/4964/1580 2766/4966/1582 2765/4967/1583
f 2765/4967/1583 2766/4966/1582 2768/4968/1584 2767/4969/1585
f 2767/4969/1585 2768/4968/1584 2770/4970/1586 2769/4971/1587
f 2769/4972/1587 2770/4973/1586 2772/4974/1588 2771/4975/1589
f 2771/4975/1589 2772/4974/1588 2774/4976/1590 2773/4977/1591
f 2773/4977/1591 2774/4976/1590 2776/4978/1592 2775/4979/1593
f 2775/4979/1593 2776/4978/1592 2778/4980/1594 2777/4981/1595
f 2752/4982/1568 2750/4983/1567 2780/4984/1596 2778/4985/1594 2776/4986/1592 2774/4987/1590 2772/4988/1588 2770/4989/1586 2768/4990/1584 2766/4991/1582 2764/4992/1580 2762/4993/1578 2760/4994/1576 2758/4995/1574 2756/4996/1572 2754/4997/1606
f 2777/4998/1595 2778/4999/1594 2780/5000/1596 2779/5001/1597
f 2779/5001/1597 2780/5000/1596 2750/4947/1567 2749/4946/1566
f 2749/5002/1566 2751/5003/1569 2753/5004/1607 2755/5005/1573 2757/5006/1575 2759/5007/1577 2761/5008/1579 2763/5009/1581 2765/5010/1583 2767/5011/1585 2769/5012/1587 2771/5013/1589 2773/5014/1591 2775/5015/1593 2777/5016/1595 2779/5017/1597
f 2785/5018/1615 2879/5019/1616 2792/5020/1617 2793/5021/1618
f 2784/5022/1619 2783/5023/2 2790/5024/1610 2791/5025/1620
f 2782/5026/1608 2878/5027/1611 2788/5028/1614 2789/5029/1609
f 2781/5030/1612 2786/5031/6 2787/5032/1613
f 2880/5033/5 2785/5018/1615 2793/5021/1618
f 2879/5034/1616 2784/5022/1619 2791/5025/1620 2792/5035/1617
f 2783/5023/2 2782/5026/1608 2789/5029/1609 2790/5024/1610
f 2878/5036/1611 2781/5030/1612 2787/5032/1613 2788/5037/1614
f 2787/5032/1613 2786/5031/6 2794/5038/1627
f 2880/5033/5 2793/5021/1618 2800/5039/1622
f 2792/5035/1617 2791/5025/1620 2798/5040/1624 2799/5041/1621
f 2790/5024/1610 2789/5029/1609 2796/5042/1626 2797/5043/1623
f 2788/5037/1614 2787/5032/1613 2794/5038/1627 2795/5044/1625
f 2793/5021/1618 2792/5020/1617 2799/5045/1621 2800/5039/1622
f 2791/5025/1620 2790/5024/1610 2797/5043/1623 2798/5040/1624
f 2789/5029/1609 2788/5028/1614 2795/5046/1625 2796/5042/1626
f 2799/5047/1621 2798/5048/1624 2805/5049/1630 2806/5050/1631
f 2797/5051/1623 2796/5052/1626 2803/5053/1632 2804/5054/1633
f 2795/5044/1625 2794/5038/1627 2801/5055/1628 2802/5056/1634
f 2800/5039/1622 2799/5045/1621 2806/5057/1631 2807/5058/1629
f 2798/5048/1624 2797/5051/1623 2804/5054/1633 2805/5049/1630
f 2796/5052/1626 2795/5059/1625 2802/5060/1634 2803/5053/1632
f 2794/5038/1627 2786/5031/6 2801/5055/1628
f 2880/5033/5 2800/5039/1622 2807/5058/1629
f 2807/5058/1629 2806/5057/1631 2813/5061/1636 2814/5062/1641
f 2805/5049/1630 2804/5054/1633 2811/5063/1638 2812/5064/1635
f 2803/5053/1632 2802/5060/1634 2809/5065/1640 2810/5066/1637
f 2801/5055/1628 2786/5031/6 2808/5067/1639
f 2880/5033/5 2807/5058/1629 2814/5062/1641
f 2806/5050/1631 2805/5049/1630 2812/5064/1635 2813/5068/1636
f 2804/5054/1633 2803/5053/1632 2810/5066/1637 2811/5063/1638
f 2802/5056/1634 2801/5055/1628 2808/5067/1639 2809/5069/1640
f 2812/5064/1635 2811/5063/1638 2818/5070/1644 2819/5071/1645
f 2810/5066/1637 2809/5065/1640 2816/5072/1646 2817/5073/1647
f 2808/5067/1639 2786/5031/6 2815/5074/1648
f 2880/5033/5 2814/5062/1641 2821/5075/1643
f 2813/5068/1636 2812/5064/1635 2819/5071/1645 2820/5076/1642
f 2811/5063/1638 2810/5066/1637 2817/5073/1647 2818/5070/1644
f 2809/5069/1640 2808/5067/1639 2815/5074/1648 2816/5077/1646
f 2814/5062/1641 2813/5061/1636 2820/5078/1642 2821/5075/1643
f 2880/5033/5 2821/5075/1643 2828/5079/1654
f 2820/5080/1642 2819/5081/1645 2826/5082/1650 2827/5083/1655
f 2818/5084/1644 2817/5085/1647 2824/5086/1652 2825/5087/1649
f 2816/5077/1646 2815/5074/1648 2822/5088/1653 2823/5089/1651
f 2821/5075/1643 2820/5078/1642 2827/5090/1655 2828/5079/1654
f 2819/5081/1645 2818/5084/1644 2825/5087/1649 2826/5082/1650
f 2817/5085/1647 2816/5091/1646 2823/5092/1651 2824/5086/1652
f 2815/5074/1648 2786/5031/6 2822/5088/1653
f 2825/5087/1649 2824/5086/1652 2831/5093/1659 2832/5094/4
f 2823/5089/1651 2822/5088/1653 2829/5095/1660 2830/5096/1661
f 2828/5079/1654 2827/5090/1655 2834/5097/1658 2835/5098/1656
f 2826/5082/1650 2825/5087/1649 2832/5094/4 2833/5099/1657
f 2824/5086/1652 2823/5092/1651 2830/5100/1661 2831/5093/1659
f 2822/5088/1653 2786/5031/6 2829/5095/1660
f 2880/5033/5 2828/5079/1654 2835/5098/1656
f 2827/5083/1655 2826/5082/1650 2833/5099/1657 2834/5101/1658
f 2835/5098/1656 2834/5097/1658 2841/5102/1666 2842/5103/1667
f 2833/5099/1657 2832/5094/4 2839/5104/1663 2840/5105/1668
f 2831/5093/1659 2830/5100/1661 2837/5106/1665 2838/5107/1662
f 2829/5095/1660 2786/5031/6 2836/5108/1664
f 2880/5033/5 2835/5098/1656 2842/5103/1667
f 2834/5101/1658 2833/5099/1657 2840/5105/1668 2841/5109/1666
f 2832/5094/4 2831/5093/1659 2838/5107/1662 2839/5104/1663
f 2830/5096/1661 2829/5095/1660 2836/5108/1664 2837/5110/1665
f 2838/5107/1662 2837/5106/1665 2844/5111/1673 2845/5112/1674
f 2836/5108/1664 2786/5031/6 2843/5113/1675
f 2880/5033/5 2842/5103/1667 2849/5114/1670
f 2841/5109/1666 2840/5105/1668 2847/5115/1672 2848/5116/1669
f 2839/5104/1663 2838/5107/1662 2845/5112/1674 2846/5117/1671
f 2837/5110/1665 2836/5108/1664 2843/5113/1675 2844/5118/1673
f 2842/5103/1667 2841/5102/1666 2848/5119/1669 2849/5114/1670
f 2840/5105/1668 2839/5104/1663 2846/5117/1671 2847/5115/1672
f 2880/5033/5 2849/5114/1670 2856/5120/1679
f 2848/5121/1669 2847/5122/1672 2854/5123/1680 2855/5124/1681
f 2846/5125/1671 2845/5126/1674 2852/5127/1677 2853/5128/1682
f 2844/5118/1673 2843/5113/1675 2850/5129/1678 2851/5130/1676
f 2849/5114/1670 2848/5119/1669 2855/5131/1681 2856/5120/1679
f 2847/5122/1672 2846/5125/1671 2853/5128/1682 2854/5123/1680
f 2845/5126/1674 2844/5132/1673 2851/5133/1676 2852/5127/1677
f 2843/5113/1675 2786/5031/6 2850/5129/1678
f 2851/5130/1676 2850/5129/1678 2857/5134/1688 2858/5135/1689
f 2856/5120/1679 2855/5131/1681 2862/5136/1685 2863/5137/1683
f 2854/5123/1680 2853/5128/1682 2860/5138/1687 2861/5139/1684
f 2852/5127/1677 2851/5133/1676 2858/5140/1689 2859/5141/1686
f 2850/5129/1678 2786/5031/6 2857/5134/1688
f 2880/5033/5 2856/5120/1679 2863/5137/1683
f 2855/5124/1681 2854/5123/1680 2861/5139/1684 2862/5142/1685
f 2853/5128/1682 2852/5127/1677 2859/5141/1686 2860/5138/1687
f 2863/5137/1683 2862/5136/1685 2869/5143/1692 2870/5144/1693
f 2861/5139/1684 2860/5138/1687 2867/5145/1694 2868/5146/1695
f 2859/5141/1686 2858/5140/1689 2865/5147/1691 2866/5148/1696
f 2857/5134/1688 2786/5031/6 2864/5149/1690
f 2880/5033/5 2863/5137/1683 2870/5144/1693
f 2862/5142/1685 2861/5139/1684 2868/5146/1695 2869/5150/1692
f 2860/5138/1687 2859/5141/1686 2866/5148/1696 2867/5145/1694
f 2858/5135/1689 2857/5134/1688 2864/5149/1690 2865/5151/1691
f 2864/5149/1690 2786/5031/6 2871/5152/1703
f 2880/5033/5 2870/5144/1693 2877/5153/1698
f 2869/5154/1692 2868/5155/1695 2875/5156/1700 2876/5157/1697
f 2867/5158/1694 2866/5159/1696 2873/5160/1702 2874/5161/1699
f 2865/5151/1691 2864/5149/1690 2871/5152/1703 2872/5162/1701
f 2870/5144/1693 2869/5143/1692 2876/5163/1697 2877/5153/1698
f 2868/5155/1695 2867/5158/1694 2874/5161/1699 2875/5156/1700
f 2866/5159/1696 2865/5164/1691 2872/5165/1701 2873/5160/1702
f 2876/5157/1697 2875/5156/1700 2784/5022/1619 2879/5034/1616
f 2874/5161/1699 2873/5160/1702 2782/5026/1608 2783/5023/2
f 2872/5162/1701 2871/5152/1703 2781/5030/1612 2878/5036/1611
f 2877/5153/1698 2876/5163/1697 2879/5019/1616 2785/5018/1615
f 2875/5156/1700 2874/5161/1699 2783/5023/2 2784/5022/1619
f 2873/5160/1702 2872/5165/1701 2878/5027/1611 2782/5026/1608
f 2871/5152/1703 2786/5031/6 2781/5030/1612
f 2880/5033/5 2877/5153/1698 2785/5018/1615
f 2883/5166/1704 2979/5167/1705 2890/5168/1706 2891/5169/1707
f 2882/5170/1708 2881/5171/2 2888/5172/1709 2889/5173/1710
f 2978/5174/1711 2977/5175/1712 2886/5176/1713 2887/5177/1714
f 2976/5178/1715 2884/5179/6 2885/5180/1716
f 2980/5181/5 2883/5166/1704 2891/5169/1707
f 2979/5182/1705 2882/5170/1708 2889/5173/1710 2890/5183/1706
f 2881/5171/2 2978/5174/1711 2887/5177/1714 2888/5172/1709
f 2977/5184/1712 2976/5178/1715 2885/5180/1716 2886/5185/1713
f 2885/5180/1716 2884/5179/6 2892/5186/1717
f 2980/5181/5 2891/5169/1707 2898/5187/1718
f 2890/5183/1706 2889/5173/1710 2896/5188/1719 2897/5189/1720
f 2888/5172/1709 2887/5177/1714 2894/5190/1721 2895/5191/1722
f 2886/5185/1713 2885/5180/1716 2892/5186/1717 2893/5192/1723
f 2891/5169/1707 2890/5168/1706 2897/5193/1720 2898/5187/1718
f 2889/5173/1710 2888/5172/1709 2895/5191/1722 2896/5188/1719
f 2887/5177/1714 2886/5176/1713 2893/5194/1723 2894/5190/1721
f 2897/5193/1720 2896/5195/1719 2903/5196/1724 2904/5197/1725
f 2895/5191/1722 2894/5190/1721 2901/5198/1726 2902/5199/1727
f 2893/5192/1723 2892/5186/1717 2899/5200/1728 2900/5201/1729
f 2898/5187/1718 2897/5193/1720 2904/5197/1725 2905/5202/1730
f 2896/5188/1719 2895/5191/1722 2902/5199/1727 2903/5203/1724
f 2894/5204/1721 2893/5192/1723 2900/5201/1729 2901/5205/1726
f 2892/5186/1717 2884/5179/6 2899/5200/1728
f 2980/5181/5 2898/5187/1718 2905/5202/1730
f 2905/5202/1730 2904/5197/1725 2911/5206/1731 2912/5207/1732
f 2903/5208/1724 2902/5209/1727 2909/5210/1733 2910/5211/1734
f 2901/5205/1726 2900/5201/1729 2907/5212/1735 2908/5213/1736
f 2899/5200/1728 2884/5179/6 2906/5214/1737
f 2980/5181/5 2905/5202/1730 2912/5207/1732
f 2904/5197/1725 2903/5196/1724 2910/5215/1734 2911/5206/1731
f 2902/5209/1727 2901/5216/1726 2908/5217/1736 2909/5210/1733
f 2900/5201/1729 2899/5200/1728 2906/5214/1737 2907/5212/1735
f 2910/5218/1734 2909/5219/1733 2916/5220/1738 2917/5221/1739
f 2908/5213/1736 2907/5212/1735 2914/5222/1740 2915/5223/1741
f 2906/5214/1737 2884/5179/6 2913/5224/1742
f 2980/5181/5 2912/5207/1732 2919/5225/1743
f 2911/5226/1731 2910/5218/1734 2917/5221/1739 2918/5227/1744
f 2909/5219/1733 2908/5228/1736 2915/5229/1741 2916/5220/1738
f 2907/5212/1735 2906/5214/1737 2913/5224/1742 2914/5222/1740
f 2912/5207/1732 2911/5206/1731 2918/5230/1744 2919/5225/1743
f 2980/5181/5 2919/5225/1743 2926/5231/1745
f 2918/5227/1744 2917/5221/1739 2924/5232/1746 2925/5233/1747
f 2916/5220/1738 2915/5229/1741 2922/5234/1748 2923/5235/1749
f 2914/5222/1740 2913/5224/1742 2920/5236/1750 2921/5237/1751
f 2919/5225/1743 2918/5230/1744 2925/5238/1747 2926/5231/1745
f 2917/5221/1739 2916/5220/1738 2923/5235/1749 2924/5232/1746
f 2915/5229/1741 2914/5239/1740 2921/5240/1751 2922/5234/1748
f 2913/5224/1742 2884/5179/6 2920/5236/1750
f 2923/5235/1749 2922/5234/1748 2929/5241/1752 2930/5242/4
f 2921/5237/1751 2920/5236/1750 2927/5243/1753 2928/5244/1754
f 2926/5231/1745 2925/5238/1747 2932/5245/1755 2933/5246/1756
f 2924/5232/1746 2923/5235/1749 2930/5242/4 2931/5247/1757
f 2922/5234/1748 2921/5240/1751 2928/5248/1754 2929/5241/1752
f 2920/5236/1750 2884/5179/6 2927/5243/1753
f 2980/5181/5 2926/5231/1745 2933/5246/1756
f 2925/5233/1747 2924/5232/1746 2931/5247/1757 2932/5249/1755
f 2933/5246/1756 2932/5245/1755 2939/5250/1758 2940/5251/1759
f 2931/5247/1757 2930/5242/4 2937/5252/1760 2938/5253/1761
f 2929/5241/1752 2928/5248/1754 2935/5254/1762 2936/5255/1763
f 2927/5243/1753 2884/5179/6 2934/5256/1764
f 2980/5181/5 2933/5246/1756 2940/5251/1759
f 2932/5249/1755 2931/5247/1757 2938/5253/1761 2939/5257/1758
f 2930/5242/4 2929/5241/1752 2936/5255/1763 2937/5252/1760
f 2928/5244/1754 2927/5243/1753 2934/5256/1764 2935/5258/1762
f 2936/5255/1763 2935/5254/1762 2942/5259/1765 2943/5260/1766
f 2934/5256/1764 2884/5179/6 2941/5261/1767
f 2980/5181/5 2940/5251/1759 2947/5262/1768
f 2939/5257/1758 2938/5253/1761 2945/5263/1769 2946/5264/1770
f 2937/5252/1760 2936/5255/1763 2943/5260/1766 2944/5265/1771
f 2935/5258/1762 2934/5256/1764 2941/5261/1767 2942/5266/1765
f 2940/5251/1759 2939/5250/1758 2946/5267/1770 2947/5262/1768
f 2938/5253/1761 2937/5252/1760 2944/5265/1771 2945/5263/1769
f 2980/5181/5 2947/5262/1768 2954/5268/1772
f 2946/5267/1770 2945/5269/1769 2952/5270/1773 2953/5271/1774
f 2944/5265/1771 2943/5260/1766 2950/5272/1775 2951/5273/1776
f 2942/5266/1765 2941/5261/1767 2948/5274/1777 2949/5275/1778
f 2947/5262/1768 2946/5267/1770 2953/5271/1774 2954/5268/1772
f 2945/5263/1769 2944/5265/1771 2951/5273/1776 2952/5276/1773
f 2943/5277/1766 2942/5266/1765 2949/5275/1778 2950/5278/1775
f 2941/5261/1767 2884/5179/6 2948/5274/1777
f 2949/5275/1778 2948/5274/1777 2955/5279/1779 2956/5280/1780
f 2954/5268/1772 2953/5271/1774 2960/5281/1781 2961/5282/1782
f 2952/5283/1773 2951/5284/1776 2958/5285/1783 2959/5286/1784
f 2950/5278/1775 2949/5275/1778 2956/5280/1780 2957/5287/1785
f 2948/5274/1777 2884/5179/6 2955/5279/1779
f 2980/5181/5 2954/5268/1772 2961/5282/1782
f 2953/5271/1774 2952/5270/1773 2959/5288/1784 2960/5281/1781
f 2951/5284/1776 2950/5289/1775 2957/5290/1785 2958/5285/1783
f 2961/5282/1782 2960/5281/1781 2967/5291/1786 2968/5292/1787
f 2959/5293/1784 2958/5294/1783 2965/5295/1788 2966/5296/1789
f 2957/5297/1785 2956/5298/1780 2963/5299/1790 2964/5300/1791
f 2955/5279/1779 2884/5179/6 2962/5301/1792
f 2980/5181/5 2961/5282/1782 2968/5292/1787
f 2960/5281/1781 2959/5288/1784 2966/5302/1789 2967/5291/1786
f 2958/5294/1783 2957/5297/1785 2964/5300/1791 2965/5295/1788
f 2956/5280/1780 2955/5279/1779 2962/5301/1792 2963/5303/1790
f 2962/5301/1792 2884/5179/6 2969/5304/1793
f 2980/5181/5 2968/5292/1787 2975/5305/1794
f 2967/5306/1786 2966/5296/1789 2973/5307/1795 2974/5308/1796
f 2965/5295/1788 2964/5300/1791 2971/5309/1797 2972/5310/1798
f 2963/5303/1790 2962/5301/1792 2969/5304/1793 2970/5311/1799
f 2968/5292/1787 2967/5291/1786 2974/5312/1796 2975/5305/1794
f 2966/5296/1789 2965/5295/1788 2972/5310/1798 2973/5307/1795
f 2964/5300/1791 2963/5299/1790 2970/5313/1799 2971/5309/1797
f 2974/5308/1796 2973/5307/1795 2882/5170/1708 2979/5182/1705
f 2972/5310/1798 2971/5309/1797 2978/5174/1711 2881/5171/2
f 2970/5311/1799 2969/5304/1793 2976/5178/1715 2977/5184/1712
f 2975/5305/1794 2974/5312/1796 2979/5167/1705 2883/5166/1704
f 2973/5307/1795 2972/5310/1798 2881/5171/2 2882/5170/1708
f 2971/5309/1797 2970/5313/1799 2977/5175/1712 2978/5174/1711
f 2969/5304/1793 2884/5179/6 2976/5178/1715
f 2980/5181/5 2975/5305/1794 2883/5166/1704
f 3076/5314/1715 2984/5315/6 2985/5316/1716
f 3080/5317/5 2983/5318/1704 2991/5319/1707
f 3079/5320/1705 2982/5321/1708 2989/5322/1710 2990/5323/1706
f 2981/5324/2 3078/5325/1711 2987/5326/1714 2988/5327/1709
f 3077/5328/1712 3076/5314/1715 2985/5316/1716 2986/5329/1713
f 2983/5318/1704 3079/5330/1705 2990/5331/1706 2991/5319/1707
f 2982/5321/1708 2981/5324/2 2988/5327/1709 2989/5322/1710
f 3078/5325/1711 3077/5332/1712 2986/5333/1713 2987/5326/1714
f 2988/5327/1709 2987/5326/1714 2994/5334/1721 2995/5335/1722
f 2986/5329/1713 2985/5316/1716 2992/5336/1717 2993/5337/1723
f 2991/5319/1707 2990/5331/1706 2997/5338/1720 2998/5339/1718
f 2989/5322/1710 2988/5327/1709 2995/5335/1722 2996/5340/1719
f 2987/5326/1714 2986/5333/1713 2993/5341/1723 2994/5334/1721
f 2985/5316/1716 2984/5315/6 2992/5336/1717
f 3080/5317/5 2991/5319/1707 2998/5339/1718
f 2990/5323/1706 2989/5322/1710 2996/5340/1719 2997/5342/1720
f 2998/5339/1718 2997/5338/1720 3004/5343/1725 3005/5344/1730
f 2996/5340/1719 2995/5335/1722 3002/5345/1727 3003/5346/1724
f 2994/5347/1721 2993/5337/1723 3000/5348/1729 3001/5349/1726
f 2992/5336/1717 2984/5315/6 2999/5350/1728
f 3080/5317/5 2998/5339/1718 3005/5344/1730
f 2997/5338/1720 2996/5351/1719 3003/5352/1724 3004/5343/1725
f 2995/5335/1722 2994/5334/1721 3001/5353/1726 3002/5345/1727
f 2993/5337/1723 2992/5336/1717 2999/5350/1728 3000/5348/1729
f 3001/5349/1726 3000/5348/1729 3007/5354/1735 3008/5355/1736
f 2999/5350/1728 2984/5315/6 3006/5356/1737
f 3080/5317/5 3005/5344/1730 3012/5357/1732
f 3004/5343/1725 3003/5352/1724 3010/5358/1734 3011/5359/1731
f 3002/5360/1727 3001/5361/1726 3008/5362/1736 3009/5363/1733
f 3000/5348/1729 2999/5350/1728 3006/5356/1737 3007/5354/1735
f 3005/5344/1730 3004/5343/1725 3011/5359/1731 3012/5357/1732
f 3003/5364/1724 3002/5360/1727 3009/5363/1733 3010/5365/1734
f 3080/5317/5 3012/5357/1732 3019/5366/1743
f 3011/5367/1731 3010/5368/1734 3017/5369/1739 3018/5370/1744
f 3009/5371/1733 3008/5372/1736 3015/5373/1741 3016/5374/1738
f 3007/5354/1735 3006/5356/1737 3013/5375/1742 3014/5376/1740
f 3012/5357/1732 3011/5359/1731 3018/5377/1744 3019/5366/1743
f 3010/5368/1734 3009/5371/1733 3016/5374/1738 3017/5369/1739
f 3008/5355/1736 3007/5354/1735 3014/5376/1740 3015/5378/1741
f 3006/5356/1737 2984/5315/6 3013/5375/1742
f 3014/5376/1740 3013/5375/1742 3020/5379/1750 3021/5380/1751
f 3019/5366/1743 3018/5377/1744 3025/5381/1747 3026/5382/1745
f 3017/5369/1739 3016/5374/1738 3023/5383/1749 3024/5384/1746
f 3015/5373/1741 3014/5385/1740 3021/5386/1751 3022/5387/1748
f 3013/5375/1742 2984/5315/6 3020/5379/1750
f 3080/5317/5 3019/5366/1743 3026/5382/1745
f 3018/5370/1744 3017/5369/1739 3024/5384/1746 3025/5388/1747
f 3016/5374/1738 3015/5373/1741 3022/5387/1748 3023/5383/1749
f 3026/5382/1745 3025/5381/1747 3032/5389/1755 3033/5390/1756
f 3024/5384/1746 3023/5383/1749 3030/5391/4 3031/5392/1757
f 3022/5387/1748 3021/5386/1751 3028/5393/1754 3029/5394/1752
f 3020/5379/1750 2984/5315/6 3027/5395/1753
f 3080/5317/5 3026/5382/1745 3033/5390/1756
f 3025/5388/1747 3024/5384/1746 3031/5392/1757 3032/5396/1755
f 3023/5383/1749 3022/5387/1748 3029/5394/1752 3030/5391/4
f 3021/5380/1751 3020/5379/1750 3027/5395/1753 3028/5397/1754
f 3027/5395/1753 2984/5315/6 3034/5398/1764
f 3080/5317/5 3033/5390/1756 3040/5399/1759
f 3032/5396/1755 3031/5392/1757 3038/5400/1761 3039/5401/1758
f 3030/5391/4 3029/5394/1752 3036/5402/1763 3037/5403/1760
f 3028/5397/1754 3027/5395/1753 3034/5398/1764 3035/5404/1762
f 3033/5390/1756 3032/5389/1755 3039/5405/1758 3040/5399/1759
f 3031/5392/1757 3030/5391/4 3037/5403/1760 3038/5400/1761
f 3029/5394/1752 3028/5393/1754 3035/5406/1762 3036/5402/1763
f 3039/5401/1758 3038/5400/1761 3045/5407/1769 3046/5408/1770
f 3037/5403/1760 3036/5402/1763 3043/5409/1766 3044/5410/1771
f 3035/5404/1762 3034/5398/1764 3041/5411/1767 3042/5412/1765
f 3040/5399/1759 3039/5405/1758 3046/5413/1770 3047/5414/1768
f 3038/5400/1761 3037/5403/1760 3044/5410/1771 3045/5407/1769
f 3036/5402/1763 3035/5406/1762 3042/5415/1765 3043/5409/1766
f 3034/5398/1764 2984/5315/6 3041/5411/1767
f 3080/5317/5 3040/5399/1759 3047/5414/1768
f 3047/5414/1768 3046/5413/1770 3053/5416/1774 3054/5417/1772
f 3045/5407/1769 3044/5410/1771 3051/5418/1776 3052/5419/1773
f 3043/5420/1766 3042/5412/1765 3049/5421/1778 3050/5422/1775
f 3041/5411/1767 2984/5315/6 3048/5423/1777
f 3080/5317/5 3047/5414/1768 3054/5417/1772
f 3046/5413/1770 3045/5424/1769 3052/5425/1773 3053/5416/1774
f 3044/5410/1771 3043/5409/1766 3050/5426/1775 3051/5418/1776
f 3042/5412/1765 3041/5411/1767 3048/5423/1777 3049/5421/1778
f 3052/5427/1773 3051/5428/1776 3058/5429/1783 3059/5430/1784
f 3050/5422/1775 3049/5421/1778 3056/5431/1780 3057/5432/1785
f 3048/5423/1777 2984/5315/6 3055/5433/1779
f 3080/5317/5 3054/5417/1772 3061/5434/1782
f 3053/5416/1774 3052/5425/1773 3059/5435/1784 3060/5436/1781
f 3051/5428/1776 3050/5437/1775 3057/5438/1785 3058/5429/1783
f 3049/5421/1778 3048/5423/1777 3055/5433/1779 3056/5431/1780
f 3054/5417/1772 3053/5416/1774 3060/5436/1781 3061/5434/1782
f 3080/5317/5 3061/5434/1782 3068/5439/1787
f 3060/5436/1781 3059/5435/1784 3066/5440/1789 3067/5441/1786
f 3058/5442/1783 3057/5443/1785 3064/5444/1791 3065/5445/1788
f 3056/5431/1780 3055/5433/1779 3062/5446/1792 3063/5447/1790
f 3061/5434/1782 3060/5436/1781 3067/5441/1786 3068/5439/1787
f 3059/5448/1784 3058/5442/1783 3065/5445/1788 3066/5449/1789
f 3057/5443/1785 3056/5450/1780 3063/5451/1790 3064/5444/1791
f 3055/5433/1779 2984/5315/6 3062/5446/1792
f 3065/5445/1788 3064/5444/1791 3071/5452/1797 3072/5453/1798
f 3063/5447/1790 3062/5446/1792 3069/5454/1793 3070/5455/1799
f 3068/5439/1787 3067/5441/1786 3074/5456/1796 3075/5457/1794
f 3066/5449/1789 3065/5445/1788 3072/5453/1798 3073/5458/1795
f 3064/5444/1791 3063/5451/1790 3070/5459/1799 3071/5452/1797
f 3062/5446/1792 2984/5315/6 3069/5454/1793
f 3080/5317/5 3068/5439/1787 3075/5457/1794
f 3067/5460/1786 3066/5449/1789 3073/5458/1795 3074/5461/1796
f 3075/5457/1794 3074/5456/1796 3079/5330/1705 2983/5318/1704
f 3073/5458/1795 3072/5453/1798 2981/5324/2 2982/5321/1708
f 3071/5452/1797 3070/5459/1799 3077/5332/1712 3078/5325/1711
f 3069/5454/1793 2984/5315/6 3076/5314/1715
f 3080/5317/5 3075/5457/1794 2983/5318/1704
f 3074/5461/1796 3073/5458/1795 2982/5321/1708 3079/5320/1705
f 3072/5453/1798 3071/5452/1797 3078/5325/1711 2981/5324/2
f 3070/5455/1799 3069/5454/1793 3076/5314/1715 3077/5328/1712
f 3083/5462/1704 3179/5463/1705 3090/5464/1706 3091/5465/1707
f 3082/5466/1708 3081/5467/2 3088/5468/1709 3089/5469/1710
f 3178/5470/1711 3177/5471/1712 3086/5472/1713 3087/5473/1714
f 3176/5474/1715 3084/5475/6 3085/5476/1716
f 3180/5477/5 3083/5462/1704 3091/5465/1707
f 3179/5478/1705 3082/5466/1708 3089/5469/1710 3090/5479/1706
f 3081/5467/2 3178/5470/1711 3087/5473/1714 3088/5468/1709
f 3177/5480/1712 3176/5474/1715 3085/5476/1716 3086/5481/1713
f 3180/5477/5 3091/5465/1707 3098/5482/1718
f 3090/5479/1706 3089/5469/1710 3096/5483/1719 3097/5484/1720
f 3088/5468/1709 3087/5473/1714 3094/5485/1721 3095/5486/1722
f 3086/5481/1713 3085/5476/1716 3092/5487/1717 3093/5488/1723
f 3091/5465/1707 3090/5464/1706 3097/5489/1720 3098/5482/1718
f 3089/5469/1710 3088/5468/1709 3095/5486/1722 3096/5483/1719
f 3087/5473/1714 3086/5472/1713 3093/5490/1723 3094/5485/1721
f 3085/5476/1716 3084/5475/6 3092/5487/1717
f 3095/5486/1722 3094/5485/1721 3101/5491/1726 3102/5492/1727
f 3093/5488/1723 3092/5487/1717 3099/5493/1728 3100/5494/1729
f 3098/5482/1718 3097/5489/1720 3104/5495/1725 3105/5496/1730
f 3096/5483/1719 3095/5486/1722 3102/5492/1727 3103/5497/1724
f 3094/5498/1721 3093/5488/1723 3100/5494/1729 3101/5499/1726
f 3092/5487/1717 3084/5475/6 3099/5493/1728
f 3180/5477/5 3098/5482/1718 3105/5496/1730
f 3097/5489/1720 3096/5500/1719 3103/5501/1724 3104/5495/1725
f 3105/5496/1730 3104/5495/1725 3111/5502/1731 3112/5503/1732
f 3103/5504/1724 3102/5505/1727 3109/5506/1733 3110/5507/1734
f 3101/5499/1726 3100/5494/1729 3107/5508/1735 3108/5509/1736
f 3099/5493/1728 3084/5475/6 3106/5510/1737
f 3180/5477/5 3105/5496/1730 3112/5503/1732
f 3104/5495/1725 3103/5501/1724 3110/5511/1734 3111/5502/1731
f 3102/5505/1727 3101/5512/1726 3108/5513/1736 3109/5506/1733
f 3100/5494/1729 3099/5493/1728 3106/5510/1737 3107/5508/1735
f 3108/5509/1736 3107/5508/1735 3114/5514/1740 3115/5515/1741
f 3106/5510/1737 3084/5475/6 3113/5516/1742
f 3180/5477/5 3112/5503/1732 3119/5517/1743
f 3111/5518/1731 3110/5519/1734 3117/5520/1739 3118/5521/1744
f 3109/5522/1733 3108/5523/1736 3115/5524/1741 3116/5525/1738
f 3107/5508/1735 3106/5510/1737 3113/5516/1742 3114/5514/1740
f 3112/5503/1732 3111/5502/1731 3118/5526/1744 3119/5517/1743
f 3110/5519/1734 3109/5522/1733 3116/5525/1738 3117/5520/1739
f 3180/5477/5 3119/5517/1743 3126/5527/1745
f 3118/5521/1744 3117/5520/1739 3124/5528/1746 3125/5529/1747
f 3116/5525/1738 3115/5524/1741 3122/5530/1748 3123/5531/1749
f 3114/5514/1740 3113/5516/1742 3120/5532/1750 3121/5533/1751
f 3119/5517/1743 3118/5526/1744 3125/5534/1747 3126/5527/1745
f 3117/5520/1739 3116/5525/1738 3123/5531/1749 3124/5528/1746
f 3115/5524/1741 3114/5535/1740 3121/5536/1751 3122/5530/1748
f 3113/5516/1742 3084/5475/6 3120/5532/1750
f 3121/5533/1751 3120/5532/1750 3127/5537/1753 3128/5538/1754
f 3126/5527/1745 3125/5534/1747 3132/5539/1755 3133/5540/1756
f 3124/5528/1746 3123/5531/1749 3130/5541/4 3131/5542/1757
f 3122/5530/1748 3121/5536/1751 3128/5543/1754 3129/5544/1752
f 3120/5532/1750 3084/5475/6 3127/5537/1753
f 3180/5477/5 3126/5527/1745 3133/5540/1756
f 3125/5529/1747 3124/5528/1746 3131/5542/1757 3132/5545/1755
f 3123/5531/1749 3122/5530/1748 3129/5544/1752 3130/5541/4
f 3133/5540/1756 3132/5539/1755 3139/5546/1758 3140/5547/1759
f 3131/5542/1757 3130/5541/4 3137/5548/1760 3138/5549/1761
f 3129/5544/1752 3128/5543/1754 3135/5550/1762 3136/5551/1763
f 3127/5537/1753 3084/5475/6 3134/5552/1764
f 3180/5477/5 3133/5540/1756 3140/5547/1759
f 3132/5545/1755 3131/5542/1757 3138/5549/1761 3139/5553/1758
f 3130/5541/4 3129/5544/1752 3136/5551/1763 3137/5548/1760
f 3128/5538/1754 3127/5537/1753 3134/5552/1764 3135/5554/1762
f 3134/5552/1764 3084/5475/6 3141/5555/1767
f 3180/5477/5 3140/5547/1759 3147/5556/1768
f 3139/5553/1758 3138/5549/1761 3145/5557/1769 3146/5558/1770
f 3137/5548/1760 3136/5551/1763 3143/5559/1766 3144/5560/1771
f 3135/5554/1762 3134/5552/1764 3141/5555/1767 3142/5561/1765
f 3140/5547/1759 3139/5546/1758 3146/5562/1770 3147/5556/1768
f 3138/5549/1761 3137/5548/1760 3144/5560/1771 3145/5557/1769
f 3136/5551/1763 3135/5550/1762 3142/5563/1765 3143/5559/1766
f 3146/5562/1770 3145/5564/1769 3152/5565/1773 3153/5566/1774
f 3144/5560/1771 3143/5559/1766 3150/5567/1775 3151/5568/1776
f 3142/5561/1765 3141/5555/1767 3148/5569/1777 3149/5570/1778
f 3147/5556/1768 3146/5562/1770 3153/5566/1774 3154/5571/1772
f 3145/5557/1769 3144/5560/1771 3151/5568/1776 3152/5572/1773
f 3143/5573/1766 3142/5561/1765 3149/5570/1778 3150/5574/1775
f 3141/5555/1767 3084/5475/6 3148/5569/1777
f 3180/5477/5 3147/5556/1768 3154/5571/1772
f 3154/5571/1772 3153/5566/1774 3160/5575/1781 3161/5576/1782
f 3152/5577/1773 3151/5578/1776 3158/5579/1783 3159/5580/1784
f 3150/5574/1775 3149/5570/1778 3156/5581/1780 3157/5582/1785
f 3148/5569/1777 3084/5475/6 3155/5583/1779
f 3180/5477/5 3154/5571/1772 3161/5576/1782
f 3153/5566/1774 3152/5565/1773 3159/5584/1784 3160/5575/1781
f 3151/5578/1776 3150/5585/1775 3157/5586/1785 3158/5579/1783
f 3149/5570/1778 3148/5569/1777 3155/5583/1779 3156/5581/1780
f 3159/5587/1784 3158/5588/1783 3165/5589/1788 3166/5590/1789
f 3157/5591/1785 3156/5592/1780 3163/5593/1790 3164/5594/1791
f 3155/5583/1779 3084/5475/6 3162/5595/1792
f 3180/5477/5 3161/5576/1782 3168/5596/1787
f 3160/5575/1781 3159/5584/1784 3166/5597/1789 3167/5598/1786
f 3158/5588/1783 3157/5591/1785 3164/5594/1791 3165/5589/1788
f 3156/5581/1780 3155/5583/1779 3162/5595/1792 3163/5599/1790
f 3161/5576/1782 3160/5575/1781 3167/5598/1786 3168/5596/1787
f 3180/5477/5 3168/5596/1787 3175/5600/1794
f 3167/5601/1786 3166/5590/1789 3173/5602/1795 3174/5603/1796
f 3165/5589/1788 3164/5594/1791 3171/5604/1797 3172/5605/1798
f 3163/5599/1790 3162/5595/1792 3169/5606/1793 3170/5607/1799
f 3168/5596/1787 3167/5598/1786 3174/5608/1796 3175/5600/1794
f 3166/5590/1789 3165/5589/1788 3172/5605/1798 3173/5602/1795
f 3164/5594/1791 3163/5593/1790 3170/5609/1799 3171/5604/1797
f 3162/5595/1792 3084/5475/6 3169/5606/1793
f 3172/5605/1798 3171/5604/1797 3178/5470/1711 3081/5467/2
f 3170/5607/1799 3169/5606/1793 3176/5474/1715 3177/5480/1712
f 3175/5600/1794 3174/5608/1796 3179/5463/1705 3083/5462/1704
f 3173/5602/1795 3172/5605/1798 3081/5467/2 3082/5466/1708
f 3171/5604/1797 3170/5609/1799 3177/5471/1712 3178/5470/1711
f 3169/5606/1793 3084/5475/6 3176/5474/1715
f 3180/5477/5 3175/5600/1794 3083/5462/1704
f 3174/5603/1796 3173/5602/1795 3082/5466/1708 3179/5478/1705
f 3183/5610/1704 3279/5611/1705 3190/5612/1706 3191/5613/1707
f 3182/5614/1708 3181/5615/2 3188/5616/1709 3189/5617/1710
f 3278/5618/1711 3277/5619/1712 3186/5620/1713 3187/5621/1714
f 3276/5622/1715 3184/5623/6 3185/5624/1716
f 3280/5625/5 3183/5610/1704 3191/5613/1707
f 3279/5626/1705 3182/5614/1708 3189/5617/1710 3190/5627/1706
f 3181/5615/2 3278/5618/1711 3187/5621/1714 3188/5616/1709
f 3277/5628/1712 3276/5622/1715 3185/5624/1716 3186/5629/1713
f 3185/5624/1716 3184/5623/6 3192/5630/1717
f 3280/5625/5 3191/5613/1707 3198/5631/1718
f 3190/5627/1706 3189/5617/1710 3196/5632/1719 3197/5633/1720
f 3188/5616/1709 3187/5621/1714 3194/5634/1721 3195/5635/1722
f 3186/5629/1713 3185/5624/1716 3192/5630/1717 3193/5636/1723
f 3191/5613/1707 3190/5612/1706 3197/5637/1720 3198/5631/1718
f 3189/5617/1710 3188/5616/1709 3195/5635/1722 3196/5632/1719
f 3187/5621/1714 3186/5620/1713 3193/5638/1723 3194/5634/1721
f 3197/5637/1720 3196/5639/1719 3203/5640/1724 3204/5641/1725
f 3195/5635/1722 3194/5634/1721 3201/5642/1726 3202/5643/1727
f 3193/5636/1723 3192/5630/1717 3199/5644/1728 3200/5645/1729
f 3198/5631/1718 3197/5637/1720 3204/5641/1725 3205/5646/1730
f 3196/5632/1719 3195/5635/1722 3202/5643/1727 3203/5647/1724
f 3194/5648/1721 3193/5636/1723 3200/5645/1729 3201/5649/1726
f 3192/5630/1717 3184/5623/6 3199/5644/1728
f 3280/5625/5 3198/5631/1718 3205/5646/1730
f 3205/5646/1730 3204/5641/1725 3211/5650/1731 3212/5651/1732
f 3203/5652/1724 3202/5653/1727 3209/5654/1733 3210/5655/1734
f 3201/5649/1726 3200/5645/1729 3207/5656/1735 3208/5657/1736
f 3199/5644/1728 3184/5623/6 3206/5658/1737
f 3280/5625/5 3205/5646/1730 3212/5651/1732
f 3204/5641/1725 3203/5640/1724 3210/5659/1734 3211/5650/1731
f 3202/5653/1727 3201/5660/1726 3208/5661/1736 3209/5654/1733
f 3200/5645/1729 3199/5644/1728 3206/5658/1737 3207/5656/1735
f 3210/5662/1734 3209/5663/1733 3216/5664/1738 3217/5665/1739
f 3208/5657/1736 3207/5656/1735 3214/5666/1740 3215/5667/1741
f 3206/5658/1737 3184/5623/6 3213/5668/1742
f 3280/5625/5 3212/5651/1732 3219/5669/1743
f 3211/5670/1731 3210/5662/1734 3217/5665/1739 3218/5671/1744
f 3209/5663/1733 3208/5672/1736 3215/5673/1741 3216/5664/1738
f 3207/5656/1735 3206/5658/1737 3213/5668/1742 3214/5666/1740
f 3212/5651/1732 3211/5650/1731 3218/5674/1744 3219/5669/1743
f 3280/5625/5 3219/5669/1743 3226/5675/1745
f 3218/5671/1744 3217/5665/1739 3224/5676/1746 3225/5677/1747
f 3216/5664/1738 3215/5673/1741 3222/5678/1748 3223/5679/1749
f 3214/5666/1740 3213/5668/1742 3220/5680/1750 3221/5681/1751
f 3219/5669/1743 3218/5674/1744 3225/5682/1747 3226/5675/1745
f 3217/5665/1739 3216/5664/1738 3223/5679/1749 3224/5676/1746
f 3215/5673/1741 3214/5683/1740 3221/5684/1751 3222/5678/1748
f 3213/5668/1742 3184/5623/6 3220/5680/1750
f 3223/5679/1749 3222/5678/1748 3229/5685/1752 3230/5686/4
f 3221/5681/1751 3220/5680/1750 3227/5687/1753 3228/5688/1754
f 3226/5675/1745 3225/5682/1747 3232/5689/1755 3233/5690/1756
f 3224/5676/1746 3223/5679/1749 3230/5686/4 3231/5691/1757
f 3222/5678/1748 3221/5684/1751 3228/5692/1754 3229/5685/1752
f 3220/5680/1750 3184/5623/6 3227/5687/1753
f 3280/5625/5 3226/5675/1745 3233/5690/1756
f 3225/5677/1747 3224/5676/1746 3231/5691/1757 3232/5693/1755
f 3233/5690/1756 3232/5689/1755 3239/5694/1758 3240/5695/1759
f 3231/5691/1757 3230/5686/4 3237/5696/1760 3238/5697/1761
f 3229/5685/1752 3228/5692/1754 3235/5698/1762 3236/5699/1763
f 3227/5687/1753 3184/5623/6 3234/5700/1764
f 3280/5625/5 3233/5690/1756 3240/5695/1759
f 3232/5693/1755 3231/5691/1757 3238/5697/1761 3239/5701/1758
f 3230/5686/4 3229/5685/1752 3236/5699/1763 3237/5696/1760
f 3228/5688/1754 3227/5687/1753 3234/5700/1764 3235/5702/1762
f 3236/5699/1763 3235/5698/1762 3242/5703/1765 3243/5704/1766
f 3234/5700/1764 3184/5623/6 3241/5705/1767
f 3280/5625/5 3240/5695/1759 3247/5706/1768
f 3239/5701/1758 3238/5697/1761 3245/5707/1769 3246/5708/1770
f 3237/5696/1760 3236/5699/1763 3243/5704/1766 3244/5709/1771
f 3235/5702/1762 3234/5700/1764 3241/5705/1767 3242/5710/1765
f 3240/5695/1759 3239/5694/1758 3246/5711/1770 3247/5706/1768
f 3238/5697/1761 3237/5696/1760 3244/5709/1771 3245/5707/1769
f 3280/5625/5 3247/5706/1768 3254/5712/1772
f 3246/5711/1770 3245/5713/1769 3252/5714/1773 3253/5715/1774
f 3244/5709/1771 3243/5704/1766 3250/5716/1775 3251/5717/1776
f 3242/5710/1765 3241/5705/1767 3248/5718/1777 3249/5719/1778
f 3247/5706/1768 3246/5711/1770 3253/5715/1774 3254/5712/1772
f 3245/5707/1769 3244/5709/1771 3251/5717/1776 3252/5720/1773
f 3243/5721/1766 3242/5710/1765 3249/5719/1778 3250/5722/1775
f 3241/5705/1767 3184/5623/6 3248/5718/1777
f 3249/5719/1778 3248/5718/1777 3255/5723/1779 3256/5724/1780
f 3254/5712/1772 3253/5715/1774 3260/5725/1781 3261/5726/1782
f 3252/5727/1773 3251/5728/1776 3258/5729/1783 3259/5730/1784
f 3250/5722/1775 3249/5719/1778 3256/5724/1780 3257/5731/1785
f 3248/5718/1777 3184/5623/6 3255/5723/1779
f 3280/5625/5 3254/5712/1772 3261/5726/1782
f 3253/5715/1774 3252/5714/1773 3259/5732/1784 3260/5725/1781
f 3251/5728/1776 3250/5733/1775 3257/5734/1785 3258/5729/1783
f 3261/5726/1782 3260/5725/1781 3267/5735/1786 3268/5736/1787
f 3259/5737/1784 3258/5738/1783 3265/5739/1788 3266/5740/1789
f 3257/5741/1785 3256/5742/1780 3263/5743/1790 3264/5744/1791
f 3255/5723/1779 3184/5623/6 3262/5745/1792
f 3280/5625/5 3261/5726/1782 3268/5736/1787
f 3260/5725/1781 3259/5732/1784 3266/5746/1789 3267/5735/1786
f 3258/5738/1783 3257/5741/1785 3264/5744/1791 3265/5739/1788
f 3256/5724/1780 3255/5723/1779 3262/5745/1792 3263/5747/1790
f 3262/5745/1792 3184/5623/6 3269/5748/1793
f 3280/5625/5 3268/5736/1787 3275/5749/1794
f 3267/5750/1786 3266/5740/1789 3273/5751/1795 3274/5752/1796
f 3265/5739/1788 3264/5744/1791 3271/5753/1797 3272/5754/1798
f 3263/5747/1790 3262/5745/1792 3269/5748/1793 3270/5755/1799
f 3268/5736/1787 3267/5735/1786 3274/5756/1796 3275/5749/1794
f 3266/5740/1789 3265/5739/1788 3272/5754/1798 3273/5751/1795
f 3264/5744/1791 3263/5743/1790 3270/5757/1799 3271/5753/1797
f 3274/5752/1796 3273/5751/1795 3182/5614/1708 3279/5626/1705
f 3272/5754/1798 3271/5753/1797 3278/5618/1711 3181/5615/2
f 3270/5755/1799 3269/5748/1793 3276/5622/1715 3277/5628/1712
f 3275/5749/1794 3274/5756/1796 3279/5611/1705 3183/5610/1704
f 3273/5751/1795 3272/5754/1798 3181/5615/2 3182/5614/1708
f 3271/5753/1797 3270/5757/1799 3277/5619/1712 3278/5618/1711
f 3269/5748/1793 3184/5623/6 3276/5622/1715
f 3280/5625/5 3275/5749/1794 3183/5610/1704
f 3283/5758/1704 3379/5759/1705 3290/5760/1706 3291/5761/1707
f 3282/5762/1708 3281/5763/2 3288/5764/1709 3289/5765/1710
f 3378/5766/1711 3377/5767/1712 3286/5768/1713 3287/5769/1714
f 3376/5770/1715 3284/5771/6 3285/5772/1716
f 3380/5773/5 3283/5758/1704 3291/5761/1707
f 3379/5774/1705 3282/5762/1708 3289/5765/1710 3290/5775/1706
f 3281/5763/2 3378/5766/1711 3287/5769/1714 3288/5764/1709
f 3377/5776/1712 3376/5770/1715 3285/5772/1716 3286/5777/1713
f 3287/5769/1714 3286/5768/1713 3293/5778/1723 3294/5779/1721
f 3285/5772/1716 3284/5771/6 3292/5780/1717
f 3380/5773/5 3291/5761/1707 3298/5781/1718
f 3290/5775/1706 3289/5765/1710 3296/5782/1719 3297/5783/1720
f 3288/5764/1709 3287/5769/1714 3294/5779/1721 3295/5784/1722
f 3286/5777/1713 3285/5772/1716 3292/5780/1717 3293/5785/1723
f 3291/5761/1707 3290/5760/1706 3297/5786/1720 3298/5781/1718
f 3289/5765/1710 3288/5764/1709 3295/5784/1722 3296/5782/1719
f 3380/5773/5 3298/5781/1718 3305/5787/1730
f 3297/5786/1720 3296/5788/1719 3303/5789/1724 3304/5790/1725
f 3295/5784/1722 3294/5779/1721 3301/5791/1726 3302/5792/1727
f 3293/5785/1723 3292/5780/1717 3299/5793/1728 3300/5794/1729
f 3298/5781/1718 3297/5786/1720 3304/5790/1725 3305/5787/1730
f 3296/5782/1719 3295/5784/1722 3302/5792/1727 3303/5795/1724
f 3294/5796/1721 3293/5785/1723 3300/5794/1729 3301/5797/1726
f 3292/5780/1717 3284/5771/6 3299/5793/1728
f 3300/5794/1729 3299/5793/1728 3306/5798/1737 3307/5799/1735
f 3305/5787/1730 3304/5790/1725 3311/5800/1731 3312/5801/1732
f 3303/5802/1724 3302/5803/1727 3309/5804/1733 3310/5805/1734
f 3301/5797/1726 3300/5794/1729 3307/5799/1735 3308/5806/1736
f 3299/5793/1728 3284/5771/6 3306/5798/1737
f 3380/5773/5 3305/5787/1730 3312/5801/1732
f 3304/5790/1725 3303/5789/1724 3310/5807/1734 3311/5800/1731
f 3302/5803/1727 3301/5808/1726 3308/5809/1736 3309/5804/1733
f 3312/5801/1732 3311/5800/1731 3318/5810/1744 3319/5811/1743
f 3310/5812/1734 3309/5813/1733 3316/5814/1738 3317/5815/1739
f 3308/5806/1736 3307/5799/1735 3314/5816/1740 3315/5817/1741
f 3306/5798/1737 3284/5771/6 3313/5818/1742
f 3380/5773/5 3312/5801/1732 3319/5811/1743
f 3311/5819/1731 3310/5812/1734 3317/5815/1739 3318/5820/1744
f 3309/5813/1733 3308/5821/1736 3315/5822/1741 3316/5814/1738
f 3307/5799/1735 3306/5798/1737 3313/5818/1742 3314/5816/1740
f 3313/5818/1742 3284/5771/6 3320/5823/1750
f 3380/5773/5 3319/5811/1743 3326/5824/1745
f 3318/5820/1744 3317/5815/1739 3324/5825/1746 3325/5826/1747
f 3316/5814/1738 3315/5822/1741 3322/5827/1748 3323/5828/1749
f 3314/5816/1740 3313/5818/1742 3320/5823/1750 3321/5829/1751
f 3319/5811/1743 3318/5810/1744 3325/5830/1747 3326/5824/1745
f 3317/5815/1739 3316/5814/1738 3323/5828/1749 3324/5825/1746
f 3315/5822/1741 3314/5831/1740 3321/5832/1751 3322/5827/1748
f 3325/5826/1747 3324/5825/1746 3331/5833/1757 3332/5834/1755
f 3323/5828/1749 3322/5827/1748 3329/5835/1752 3330/5836/4
f 3321/5829/1751 3320/5823/1750 3327/5837/1753 3328/5838/1754
f 3326/5824/1745 3325/5830/1747 3332/5839/1755 3333/5840/1756
f 3324/5825/1746 3323/5828/1749 3330/5836/4 3331/5833/1757
f 3322/5827/1748 3321/5832/1751 3328/5841/1754 3329/5835/1752
f 3320/5823/1750 3284/5771/6 3327/5837/1753
f 3380/5773/5 3326/5824/1745 3333/5840/1756
f 3333/5840/1756 3332/5839/1755 3339/5842/1758 3340/5843/1759
f 3331/5833/1757 3330/5836/4 3337/5844/1760 3338/5845/1761
f 3329/5835/1752 3328/5841/1754 3335/5846/1762 3336/5847/1763
f 3327/5837/1753 3284/5771/6 3334/5848/1764
f 3380/5773/5 3333/5840/1756 3340/5843/1759
f 3332/5834/1755 3331/5833/1757 3338/5845/1761 3339/5849/1758
f 3330/5836/4 3329/5835/1752 3336/5847/1763 3337/5844/1760
f 3328/5838/1754 3327/5837/1753 3334/5848/1764 3335/5850/1762
f 3338/5845/1761 3337/5844/1760 3344/5851/1771 3345/5852/1769
f 3336/5847/1763 3335/5846/1762 3342/5853/1765 3343/5854/1766
f 3334/5848/1764 3284/5771/6 3341/5855/1767
f 3380/5773/5 3340/5843/1759 3347/5856/1768
f 3339/5849/1758 3338/5845/1761 3345/5852/1769 3346/5857/1770
f 3337/5844/1760 3336/5847/1763 3343/5854/1766 3344/5851/1771
f 3335/5850/1762 3334/5848/1764 3341/5855/1767 3342/5858/1765
f 3340/5843/1759 3339/5842/1758 3346/5859/1770 3347/5856/1768
f 3380/5773/5 3347/5856/1768 3354/5860/1772
f 3346/5859/1770 3345/5861/1769 3352/5862/1773 3353/5863/1774
f 3344/5851/1771 3343/5854/1766 3350/5864/1775 3351/5865/1776
f 3342/5858/1765 3341/5855/1767 3348/5866/1777 3349/5867/1778
f 3347/5856/1768 3346/5859/1770 3353/5863/1774 3354/5860/1772
f 3345/5852/1769 3344/5851/1771 3351/5865/1776 3352/5868/1773
f 3343/5869/1766 3342/5858/1765 3349/5867/1778 3350/5870/1775
f 3341/5855/1767 3284/5771/6 3348/5866/1777
f 3351/5871/1776 3350/5872/1775 3357/5873/1785 3358/5874/1783
f 3349/5867/1778 3348/5866/1777 3355/5875/1779 3356/5876/1780
f 3354/5860/1772 3353/5863/1774 3360/5877/1781 3361/5878/1782
f 3352/5879/1773 3351/5871/1776 3358/5874/1783 3359/5880/1784
f 3350/5870/1775 3349/5867/1778 3356/5876/1780 3357/5881/1785
f 3348/5866/1777 3284/5771/6 3355/5875/1779
f 3380/5773/5 3354/5860/1772 3361/5878/1782
f 3353/5863/1774 3352/5862/1773 3359/5882/1784 3360/5877/1781
f 3361/5878/1782 3360/5877/1781 3367/5883/1786 3368/5884/1787
f 3359/5885/1784 3358/5886/1783 3365/5887/1788 3366/5888/1789
f 3357/5889/1785 3356/5890/1780 3363/5891/1790 3364/5892/1791
f 3355/5875/1779 3284/5771/6 3362/5893/1792
f 3380/5773/5 3361/5878/1782 3368/5884/1787
f 3360/5877/1781 3359/5882/1784 3366/5894/1789 3367/5883/1786
f 3358/5886/1783 3357/5889/1785 3364/5892/1791 3365/5887/1788
f 3356/5876/1780 3355/5875/1779 3362/5893/1792 3363/5895/1790
f 3364/5892/1791 3363/5891/1790 3370/5896/1799 3371/5897/1797
f 3362/5893/1792 3284/5771/6 3369/5898/1793
f 3380/5773/5 3368/5884/1787 3375/5899/1794
f 3367/5900/1786 3366/5888/1789 3373/5901/1795 3374/5902/1796
f 3365/5887/1788 3364/5892/1791 3371/5897/1797 3372/5903/1798
f 3363/5895/1790 3362/5893/1792 3369/5898/1793 3370/5904/1799
f 3368/5884/1787 3367/5883/1786 3374/5905/1796 3375/5899/1794
f 3366/5888/1789 3365/5887/1788 3372/5903/1798 3373/5901/1795
f 3380/5773/5 3375/5899/1794 3283/5758/1704
f 3374/5902/1796 3373/5901/1795 3282/5762/1708 3379/5774/1705
f 3372/5903/1798 3371/5897/1797 3378/5766/1711 3281/5763/2
f 3370/5904/1799 3369/5898/1793 3376/5770/1715 3377/5776/1712
f 3375/5899/1794 3374/5905/1796 3379/5759/1705 3283/5758/1704
f 3373/5901/1795 3372/5903/1798 3281/5763/2 3282/5762/1708
f 3371/5897/1797 3370/5896/1799 3377/5767/1712 3378/5766/1711
f 3369/5898/1793 3284/5771/6 3376/5770/1715
f 3382/5906/1800 3381/5907/2 3388/5908/1801 3389/5909/1802
f 3478/5910/1803 3477/5911/1804 3386/5912/1805 3387/5913/1806
f 3476/5914/1807 3384/5915/6 3385/5916/1808
f 3480/5917/5 3383/5918/1809 3391/5919/1810
f 3479/5920/1811 3382/5906/1800 3389/5909/1802 3390/5921/1812
f 3381/5907/2 3478/5910/1803 3387/5913/1806 3388/5908/1801
f 3477/5922/1804 3476/5914/1807 3385/5916/1808 3386/5923/1805
f 3383/5918/1809 3479/5924/1811 3390/5925/1812 3391/5919/1810
f 3480/5917/5 3391/5919/1810 3398/5926/1813
f 3390/5925/1812 3389/5927/1802 3396/5928/1814 3397/5929/1815
f 3388/5908/1801 3387/5913/1806 3394/5930/1816 3395/5931/1817
f 3386/5923/1805 3385/5916/1808 3392/5932/1818 3393/5933/1819
f 3391/5919/1810 3390/5925/1812 3397/5929/1815 3398/5926/1813
f 3389/5909/1802 3388/5908/1801 3395/5931/1817 3396/5934/1814
f 3387/5935/1806 3386/5923/1805 3393/5933/1819 3394/5936/1816
f 3385/5916/1808 3384/5915/6 3392/5932/1818
f 3393/5933/1819 3392/5932/1818 3399/5937/1820 3400/5938/1821
f 3398/5926/1813 3397/5929/1815 3404/5939/1822 3405/5940/1823
f 3396/5941/1814 3395/5942/1817 3402/5943/1824 3403/5944/1825
f 3394/5945/1816 3393/5946/1819 3400/5947/1821 3401/5948/1826
f 3392/5932/1818 3384/5915/6 3399/5937/1820
f 3480/5917/5 3398/5926/1813 3405/5940/1823
f 3397/5929/1815 3396/5928/1814 3403/5949/1825 3404/5939/1822
f 3395/5942/1817 3394/5945/1816 3401/5948/1826 3402/5943/1824
f 3405/5940/1823 3404/5939/1822 3411/5950/1827 3412/5951/1828
f 3403/5944/1825 3402/5943/1824 3409/5952/1829 3410/5953/1830
f 3401/5948/1826 3400/5947/1821 3407/5954/1831 3408/5955/1832
f 3399/5937/1820 3384/5915/6 3406/5956/1833
f 3480/5917/5 3405/5940/1823 3412/5951/1828
f 3404/5957/1822 3403/5944/1825 3410/5953/1830 3411/5958/1827
f 3402/5943/1824 3401/5948/1826 3408/5955/1832 3409/5952/1829
f 3400/5938/1821 3399/5937/1820 3406/5956/1833 3407/5959/1831
f 3406/5956/1833 3384/5915/6 3413/5960/1834
f 3480/5917/5 3412/5951/1828 3419/5961/1835
f 3411/5950/1827 3410/5962/1830 3417/5963/1836 3418/5964/1837
f 3409/5952/1829 3408/5955/1832 3415/5965/1838 3416/5966/1839
f 3407/5959/1831 3406/5956/1833 3413/5960/1834 3414/5967/1840
f 3412/5951/1828 3411/5950/1827 3418/5964/1837 3419/5961/1835
f 3410/5953/1830 3409/5952/1829 3416/5966/1839 3417/5968/1836
f 3408/5969/1832 3407/5959/1831 3414/5967/1840 3415/5970/1838
f 3418/5971/1837 3417/5972/1836 3424/5973/1841 3425/5974/1842
f 3416/5975/1839 3415/5976/1838 3422/5977/1843 3423/5978/1844
f 3414/5967/1840 3413/5960/1834 3420/5979/1845 3421/5980/1846
f 3419/5961/1835 3418/5964/1837 3425/5981/1842 3426/5982/1847
f 3417/5972/1836 3416/5975/1839 3423/5978/1844 3424/5973/1841
f 3415/5976/1838 3414/5983/1840 3421/5984/1846 3422/5977/1843
f 3413/5960/1834 3384/5915/6 3420/5979/1845
f 3480/5917/5 3419/5961/1835 3426/5982/1847
f 3426/5982/1847 3425/5981/1842 3432/5985/1848 3433/5986/1849
f 3424/5973/1841 3423/5978/1844 3430/5987/4 3431/5988/1850
f 3422/5977/1843 3421/5984/1846 3428/5989/1851 3429/5990/1852
f 3420/5979/1845 3384/5915/6 3427/5991/1853
f 3480/5917/5 3426/5982/1847 3433/5986/1849
f 3425/5974/1842 3424/5973/1841 3431/5988/1850 3432/5992/1848
f 3423/5978/1844 3422/5977/1843 3429/5990/1852 3430/5987/4
f 3421/5980/1846 3420/5979/1845 3427/5991/1853 3428/5993/1851
f 3431/5988/1850 3430/5987/4 3437/5994/1854 3438/5995/1855
f 3429/5990/1852 3428/5989/1851 3435/5996/1856 3436/5997/1857
f 3427/5991/1853 3384/5915/6 3434/5998/1858
f 3480/5917/5 3433/5986/1849 3440/5999/1859
f 3432/5992/1848 3431/5988/1850 3438/5995/1855 3439/6000/1860
f 3430/5987/4 3429/5990/1852 3436/5997/1857 3437/5994/1854
f 3428/5993/1851 3427/5991/1853 3434/5998/1858 3435/6001/1856
f 3433/5986/1849 3432/5985/1848 3439/6002/1860 3440/5999/1859
f 3480/5917/5 3440/5999/1859 3447/6003/1861
f 3439/6002/1860 3438/6004/1855 3445/6005/1862 3446/6006/1863
f 3437/5994/1854 3436/5997/1857 3443/6007/1864 3444/6008/1865
f 3435/6001/1856 3434/5998/1858 3441/6009/1866 3442/6010/1867
f 3440/5999/1859 3439/6002/1860 3446/6006/1863 3447/6003/1861
f 3438/5995/1855 3437/5994/1854 3444/6008/1865 3445/6011/1862
f 3436/6012/1857 3435/6001/1856 3442/6010/1867 3443/6013/1864
f 3434/5998/1858 3384/5915/6 3441/6009/1866
f 3444/6014/1865 3443/6015/1864 3450/6016/1868 3451/6017/1869
f 3442/6010/1867 3441/6009/1866 3448/6018/1870 3449/6019/1871
f 3447/6003/1861 3446/6006/1863 3453/6020/1872 3454/6021/1873
f 3445/6022/1862 3444/6014/1865 3451/6017/1869 3452/6023/1874
f 3443/6013/1864 3442/6010/1867 3449/6019/1871 3450/6024/1868
f 3441/6009/1866 3384/5915/6 3448/6018/1870
f 3480/5917/5 3447/6003/1861 3454/6021/1873
f 3446/6025/1863 3445/6022/1862 3452/6023/1874 3453/6026/1872
f 3454/6021/1873 3453/6020/1872 3460/6027/1875 3461/6028/1876
f 3452/6023/1874 3451/6017/1869 3458/6029/1877 3459/6030/1878
f 3450/6016/1868 3449/6031/1871 3456/6032/1879 3457/6033/1880
f 3448/6018/1870 3384/5915/6 3455/6034/1881
f 3480/5917/5 3454/6021/1873 3461/6028/1876
f 3453/6026/1872 3452/6023/1874 3459/6030/1878 3460/6035/1875
f 3451/6017/1869 3450/6016/1868 3457/6033/1880 3458/6029/1877
f 3449/6019/1871 3448/6018/1870 3455/6034/1881 3456/6036/1879
f 3457/6037/1880 3456/6036/1879 3463/6038/1882 3464/6039/1883
f 3455/6034/1881 3384/5915/6 3462/6040/1884
f 3480/5917/5 3461/6028/1876 3468/6041/1885
f 3460/6027/1875 3459/6042/1878 3466/6043/1886 3467/6044/1887
f 3458/6029/1877 3457/6033/1880 3464/6045/1883 3465/6046/1888
f 3456/6036/1879 3455/6034/1881 3462/6040/1884 3463/6038/1882
f 3461/6028/1876 3460/6027/1875 3467/6044/1887 3468/6041/1885
f 3459/6030/1878 3458/6029/1877 3465/6046/1888 3466/6047/1886
f 3480/5917/5 3468/6041/1885 3475/6048/1889
f 3467/6049/1887 3466/6050/1886 3473/6051/1890 3474/6052/1891
f 3465/6053/1888 3464/6054/1883 3471/6055/1892 3472/6056/1893
f 3463/6038/1882 3462/6040/1884 3469/6057/1894 3470/6058/1895
f 3468/6041/1885 3467/6044/1887 3474/6059/1891 3475/6048/1889
f 3466/6050/1886 3465/6053/1888 3472/6056/1893 3473/6051/1890
f 3464/6054/1883 3463/6060/1882 3470/6061/1895 3471/6055/1892
f 3462/6040/1884 3384/5915/6 3469/6057/1894
f 3470/6058/1895 3469/6057/1894 3476/5914/1807 3477/5922/1804
f 3475/6048/1889 3474/6059/1891 3479/5924/1811 3383/5918/1809
f 3473/6051/1890 3472/6056/1893 3381/5907/2 3382/5906/1800
f 3471/6055/1892 3470/6061/1895 3477/5911/1804 3478/5910/1803
f 3469/6057/1894 3384/5915/6 3476/5914/1807
f 3480/5917/5 3475/6048/1889 3383/5918/1809
f 3474/6052/1891 3473/6051/1890 3382/5906/1800 3479/5920/1811
f 3472/6056/1893 3471/6055/1892 3478/5910/1803 3381/5907/2
f 3576/6062/1896 3484/6063/6 3485/6064/1897
f 3580/6065/5 3483/6066/1898 3491/6067/1899
f 3579/6068/1900 3482/6069/1901 3489/6070/1902 3490/6071/1903
f 3481/6072/2 3578/6073/1904 3487/6074/1905 3488/6075/1906
f 3577/6076/1907 3576/6062/1896 3485/6064/1897 3486/6077/1908
f 3483/6066/1898 3579/6078/1900 3490/6079/1903 3491/6067/1899
f 3482/6069/1901 3481/6072/2 3488/6075/1906 3489/6070/1902
f 3578/6073/1904 3577/6080/1907 3486/6081/1908 3487/6074/1905
f 3488/6075/1906 3487/6074/1905 3494/6082/1909 3495/6083/1910
f 3486/6077/1908 3485/6064/1897 3492/6084/1911 3493/6085/1912
f 3491/6067/1899 3490/6079/1903 3497/6086/1913 3498/6087/1914
f 3489/6070/1902 3488/6075/1906 3495/6083/1910 3496/6088/1915
f 3487/6089/1905 3486/6077/1908 3493/6085/1912 3494/6090/1909
f 3485/6064/1897 3484/6063/6 3492/6084/1911
f 3580/6065/5 3491/6067/1899 3498/6087/1914
f 3490/6079/1903 3489/6091/1902 3496/6092/1915 3497/6086/1913
f 3498/6087/1914 3497/6086/1913 3504/6093/1916 3505/6094/1917
f 3496/6095/1915 3495/6096/1910 3502/6097/1918 3503/6098/1919
f 3494/6099/1909 3493/6100/1912 3500/6101/1920 3501/6102/1921
f 3492/6084/1911 3484/6063/6 3499/6103/1922
f 3580/6065/5 3498/6087/1914 3505/6094/1917
f 3497/6086/1913 3496/6092/1915 3503/6104/1919 3504/6093/1916
f 3495/6096/1910 3494/6099/1909 3501/6102/1921 3502/6097/1918
f 3493/6085/1912 3492/6084/1911 3499/6103/1922 3500/6105/1920
f 3501/6102/1921 3500/6101/1920 3507/6106/1923 3508/6107/1924
f 3499/6103/1922 3484/6063/6 3506/6108/1925
f 3580/6065/5 3505/6094/1917 3512/6109/1926
f 3504/6110/1916 3503/6098/1919 3510/6111/1927 3511/6112/1928
f 3502/6097/1918 3501/6102/1921 3508/6107/1924 3509/6113/1929
f 3500/6105/1920 3499/6103/1922 3506/6108/1925 3507/6114/1923
f 3505/6094/1917 3504/6093/1916 3511/6115/1928 3512/6109/1926
f 3503/6098/1919 3502/6097/1918 3509/6113/1929 3510/6111/1927
f 3580/6065/5 3512/6109/1926 3519/6116/1930
f 3511/6112/1928 3510/6111/1927 3517/6117/1931 3518/6118/1932
f 3509/6113/1929 3508/6107/1924 3515/6119/1933 3516/6120/1934
f 3507/6114/1923 3506/6108/1925 3513/6121/1935 3514/6122/1936
f 3512/6109/1926 3511/6115/1928 3518/6123/1932 3519/6116/1930
f 3510/6111/1927 3509/6113/1929 3516/6120/1934 3517/6117/1931
f 3508/6107/1924 3507/6106/1923 3514/6124/1936 3515/6119/1933
f 3506/6108/1925 3484/6063/6 3513/6121/1935
f 3514/6122/1936 3513/6121/1935 3520/6125/1937 3521/6126/1938
f 3519/6116/1930 3518/6123/1932 3525/6127/1939 3526/6128/1940
f 3517/6129/1931 3516/6130/1934 3523/6131/1941 3524/6132/1942
f 3515/6133/1933 3514/6122/1936 3521/6126/1938 3522/6134/1943
f 3513/6121/1935 3484/6063/6 3520/6125/1937
f 3580/6065/5 3519/6116/1930 3526/6128/1940
f 3518/6135/1932 3517/6129/1931 3524/6132/1942 3525/6136/1939
f 3516/6130/1934 3515/6137/1933 3522/6138/1943 3523/6131/1941
f 3526/6128/1940 3525/6127/1939 3532/6139/1944 3533/6140/1945
f 3524/6132/1942 3523/6131/1941 3530/6141/4 3531/6142/1946
f 3522/6138/1943 3521/6143/1938 3528/6144/1947 3529/6145/1948
f 3520/6125/1937 3484/6063/6 3527/6146/1949
f 3580/6065/5 3526/6128/1940 3533/6140/1945
f 3525/6136/1939 3524/6132/1942 3531/6142/1946 3532/6147/1944
f 3523/6131/1941 3522/6138/1943 3529/6145/1948 3530/6141/4
f 3521/6126/1938 3520/6125/1937 3527/6146/1949 3528/6148/1947
f 3527/6146/1949 3484/6063/6 3534/6149/1950
f 3580/6065/5 3533/6140/1945 3540/6150/1951
f 3532/6147/1944 3531/6142/1946 3538/6151/1952 3539/6152/1953
f 3530/6141/4 3529/6145/1948 3536/6153/1954 3537/6154/1955
f 3528/6148/1947 3527/6146/1949 3534/6149/1950 3535/6155/1956
f 3533/6140/1945 3532/6139/1944 3539/6156/1953 3540/6150/1951
f 3531/6142/1946 3530/6141/4 3537/6154/1955 3538/6151/1952
f 3529/6145/1948 3528/6144/1947 3535/6157/1956 3536/6153/1954
f 3539/6156/1953 3538/6158/1952 3545/6159/1957 3546/6160/1958
f 3537/6154/1955 3536/6153/1954 3543/6161/1959 3544/6162/1960
f 3535/6155/1956 3534/6149/1950 3541/6163/1961 3542/6164/1962
f 3540/6150/1951 3539/6156/1953 3546/6160/1958 3547/6165/1963
f 3538/6151/1952 3537/6154/1955 3544/6162/1960 3545/6166/1957
f 3536/6167/1954 3535/6155/1956 3542/6164/1962 3543/6168/1959
f 3534/6149/1950 3484/6063/6 3541/6163/1961
f 3580/6065/5 3540/6150/1951 3547/6165/1963
f 3547/6165/1963 3546/6160/1958 3553/6169/1964 3554/6170/1965
f 3545/6171/1957 3544/6172/1960 3551/6173/1966 3552/6174/1967
f 3543/6168/1959 3542/6164/1962 3549/6175/1968 3550/6176/1969
f 3541/6163/1961 3484/6063/6 3548/6177/1970
f 3580/6065/5 3547/6165/1963 3554/6170/1965
f 3546/6178/1958 3545/6171/1957 3552/6174/1967 3553/6179/1964
f 3544/6172/1960 3543/6180/1959 3550/6181/1969 3551/6173/1966
f 3542/6164/1962 3541/6163/1961 3548/6177/1970 3549/6175/1968
f 3552/6174/1967 3551/6173/1966 3558/6182/1971 3559/6183/1972
f 3550/6181/1969 3549/6184/1968 3556/6185/1973 3557/6186/1974
f 3548/6177/1970 3484/6063/6 3555/6187/1975
f 3580/6065/5 3554/6170/1965 3561/6188/1976
f 3553/6179/1964 3552/6174/1967 3559/6183/1972 3560/6189/1977
f 3551/6173/1966 3550/6181/1969 3557/6186/1974 3558/6182/1971
f 3549/6175/1968 3548/6177/1970 3555/6187/1975 3556/6190/1973
f 3554/6170/1965 3553/6169/1964 3560/6191/1977 3561/6188/1976
f 3580/6065/5 3561/6188/1976 3568/6192/1978
f 3560/6189/1977 3559/6183/1972 3566/6193/1979 3567/6194/1980
f 3558/6182/1971 3557/6186/1974 3564/6195/1981 3565/6196/1982
f 3556/6190/1973 3555/6187/1975 3562/6197/1983 3563/6198/1984
f 3561/6188/1976 3560/6191/1977 3567/6199/1980 3568/6192/1978
f 3559/6183/1972 3558/6182/1971 3565/6196/1982 3566/6193/1979
f 3557/6186/1974 3556/6185/1973 3563/6200/1984 3564/6195/1981
f 3555/6187/1975 3484/6063/6 3562/6197/1983
f 3565/6201/1982 3564/6202/1981 3571/6203/1985 3572/6204/1986
f 3563/6198/1984 3562/6197/1983 3569/6205/1987 3570/6206/1988
f 3568/6192/1978 3567/6199/1980 3574/6207/1989 3575/6208/1990
f 3566/6209/1979 3565/6201/1982 3572/6204/1986 3573/6210/1991
f 3564/6202/1981 3563/6211/1984 3570/6212/1988 3571/6203/1985
f 3562/6197/1983 3484/6063/6 3569/6205/1987
f 3580/6065/5 3568/6192/1978 3575/6208/1990
f 3567/6213/1980 3566/6209/1979 3573/6210/1991 3574/6214/1989
f 3575/6208/1990 3574/6207/1989 3579/6078/1900 3483/6066/1898
f 3573/6210/1991 3572/6204/1986 3481/6072/2 3482/6069/1901
f 3571/6203/1985 3570/6212/1988 3577/6080/1907 3578/6073/1904
f 3569/6205/1987 3484/6063/6 3576/6062/1896
f 3580/6065/5 3575/6208/1990 3483/6066/1898
f 3574/6214/1989 3573/6210/1991 3482/6069/1901 3579/6068/1900
f 3572/6204/1986 3571/6203/1985 3578/6073/1904 3481/6072/2
f 3570/6206/1988 3569/6205/1987 3576/6062/1896 3577/6076/1907
s 0
f 3581/6215/1992 3582/6216/1992 3584/6217/1992 3583/6218/1992
f 3583/6219/1993 3584/6220/1993 3588/6221/1993 3587/6222/1993
f 3587/6223/1994 3588/6224/1994 3586/6225/1994 3585/6226/1994
f 3585/6227/1995 3586/6228/1995 3582/6229/1995 3581/6230/1995
f 3583/6231/5 3587/6232/5 3585/6233/5 3581/6234/5
f 3588/6235/6 3584/6236/6 3582/6237/6 3586/6238/6
